# This file uses feet as units for non-parametric coordinates.

g default
v 46.616642 105.007050 37.143890
v 45.386066 105.007050 30.165253
v 41.842976 105.007050 24.028381
v 36.414509 105.007050 19.473389
v 29.755650 105.007050 17.049774
v 22.669315 105.007050 17.049774
v 16.010471 105.007050 19.473389
v 10.581974 105.007050 24.028381
v 7.038929 105.007050 30.165253
v 5.808308 105.007050 37.143890
v 7.038929 105.007050 44.122528
v 10.581974 105.007050 50.259430
v 16.010471 105.007050 54.814331
v 22.669315 105.007050 57.238007
v 29.755650 105.007050 57.238007
v 36.414509 105.007050 54.814423
v 41.842976 105.007050 50.259430
v 45.386066 105.007050 44.122528
v 44.071262 107.540085 37.143890
v 42.994282 107.540085 31.035828
v 39.893085 107.540085 25.664520
v 35.141911 107.540085 21.677704
v 29.313663 107.540085 19.556396
v 23.111301 107.540085 19.556396
v 17.283161 107.540085 21.677704
v 12.531879 107.540085 25.664520
v 9.430805 107.540085 31.035828
v 8.353718 107.540085 37.143890
v 9.430805 107.540085 43.251923
v 12.531879 107.540085 48.623230
v 17.283161 107.540085 52.610016
v 42.994282 107.540085 43.251984
v 45.548649 106.906830 37.143890
v 44.382557 106.906830 30.530548
v 41.024860 106.906830 24.714874
v 35.880527 106.906830 20.398346
v 29.570210 106.906830 18.101440
v 22.854755 106.906830 18.101440
v 16.544453 106.906830 20.398346
v 11.400211 106.906830 24.714874
v 8.042484 106.906830 30.530548
v 6.876438 106.906830 37.143890
v 8.042484 106.906830 43.757294
v 11.400105 106.906830 49.572845
v 16.544453 106.906830 53.889496
v 22.854755 106.906830 56.186279
v 29.570210 106.906830 56.186279
v 35.880527 106.906830 53.889496
v 41.024860 106.906830 49.572845
v 44.382557 106.906830 43.757294
v 39.893085 107.540085 48.623230
v 35.141819 107.540085 52.610016
v 29.313663 107.540085 54.731323
v 23.111301 107.540085 54.731323
v 45.386066 92.666687 30.165253
v 44.382557 90.766891 30.530548
v 45.548649 90.766891 37.143890
v 46.616642 92.666687 37.143890
v 41.842976 92.666687 24.028381
v 41.024860 90.766891 24.714874
v 36.414509 92.666687 19.473389
v 35.880527 90.766891 20.398346
v 29.755650 92.666687 17.049774
v 29.570210 90.766891 18.101440
v 22.669315 92.666687 17.049774
v 22.854755 90.766891 18.101440
v 16.010471 92.666687 19.473389
v 16.544453 90.766891 20.398346
v 10.581974 92.666687 24.028381
v 11.400211 90.766891 24.714874
v 7.038929 92.666687 30.165253
v 8.042484 90.766891 30.530548
v 5.808308 92.666687 37.143890
v 6.876438 90.766891 37.143890
v 7.038929 92.666687 44.122528
v 8.042484 90.766891 43.757294
v 10.581974 92.666687 50.259430
v 11.400105 90.766891 49.572845
v 16.010471 92.666687 54.814331
v 16.544453 90.766891 53.889496
v 22.669315 92.666687 57.238007
v 22.854755 90.766891 56.186279
v 29.755650 92.666687 57.238007
v 29.570210 90.766891 56.186279
v 36.414509 92.666687 54.814423
v 35.880527 90.766891 53.889496
v 41.842976 92.666687 50.259430
v 41.024860 90.766891 49.572845
v 45.386066 92.666687 44.122528
v 44.382557 90.766891 43.757294
v 42.994282 90.133636 31.035828
v 44.071262 90.133636 37.143890
v 39.893085 90.133636 25.664520
v 35.141911 90.133636 21.677704
v 12.531879 90.133636 25.664520
v 9.430805 90.133636 31.035828
v 8.353718 90.133636 37.143890
v 9.430805 90.133636 43.251923
v 12.531879 90.133636 48.623230
v 17.283161 90.133636 52.610016
v 23.111301 90.133636 54.731323
v 29.313663 90.133636 54.731323
v 35.141819 90.133636 52.610016
v 39.893085 90.133636 48.623230
v 42.994282 90.133636 43.251984
v 29.313663 90.133636 19.556396
v 23.111301 90.133636 19.556396
v 17.283161 90.133636 21.677704
v 6.149021 0.977383 46.264069
v 5.591770 0.977383 46.821259
v 10.075901 92.349991 42.594849
v 11.232487 92.349991 41.438263
v 5.387821 0.977383 47.582489
v 9.652622 92.349991 44.174835
v 5.591801 0.977383 48.343689
v 10.075916 92.349991 45.754791
v 6.148975 0.977383 48.900879
v 11.232517 92.349991 46.911285
v 6.910191 0.977383 49.104828
v 12.812397 92.349991 47.334595
v 7.671391 0.977383 48.900879
v 14.392323 92.349991 46.911285
v 8.228642 0.977383 48.343628
v 15.548862 92.349991 45.754700
v 8.432529 0.977383 47.582458
v 15.972248 92.349991 44.174774
v 8.228580 0.977383 46.821350
v 15.548908 92.349991 42.594940
v 7.671360 0.977383 46.264069
v 14.392368 92.349991 41.438324
v 6.910252 0.977383 46.060089
v 12.812397 92.349991 41.014893
v 7.398502 12.398960 45.573456
v 8.849140 23.820534 44.531250
v 9.943760 35.242111 43.694580
v 10.682301 46.663681 43.063507
v 11.064793 58.085258 42.637970
v 11.091206 69.506836 42.417999
v 10.761570 80.928421 42.403625
v 11.843266 80.928421 41.322021
v 12.097965 69.506851 41.411285
v 11.996616 58.085274 41.706177
v 11.539219 46.663681 42.206635
v 10.725742 35.242111 42.912628
v 9.556232 23.820541 43.824188
v 8.030643 12.398956 44.941345
v 7.167133 12.398960 46.437042
v 8.590366 23.820534 45.497162
v 9.657551 35.242104 44.762848
v 10.368656 46.663681 44.234100
v 10.723743 58.085258 43.910919
v 10.722767 69.506851 43.793335
v 10.365696 80.928421 43.881256
v 7.398502 12.398960 47.300568
v 8.849171 23.820541 46.463043
v 9.943760 35.242111 45.831085
v 10.682301 46.663696 45.404694
v 11.064823 58.085258 45.183838
v 11.091206 69.506851 45.168579
v 10.761600 80.928436 45.358887
v 8.030613 12.398960 47.932648
v 9.556202 23.820534 47.170074
v 10.725727 35.242111 46.613007
v 11.539219 46.663681 46.261505
v 11.996616 58.085258 46.115601
v 12.097965 69.506859 46.175262
v 11.843266 80.928421 46.440491
v 8.894199 12.398960 48.164093
v 10.522099 23.820526 47.428864
v 11.793980 35.242111 46.899231
v 12.709782 46.663681 46.575165
v 13.269505 58.085258 46.456665
v 13.473209 69.506836 46.543762
v 13.320820 80.928406 46.836426
v 9.757694 12.398960 47.932678
v 11.487965 23.820534 47.170074
v 12.862171 35.242111 46.613007
v 13.880314 46.663681 46.261505
v 14.542393 58.085258 46.115601
v 14.848438 69.506851 46.175262
v 14.798405 80.928421 46.440491
v 10.389881 12.398960 47.300537
v 12.195042 23.820534 46.462982
v 13.644154 35.242111 45.831024
v 14.737232 46.663681 45.404633
v 15.474216 58.085251 45.183777
v 15.855137 69.506851 45.168549
v 15.880039 80.928406 45.358856
v 10.621204 12.398960 46.436981
v 12.453815 23.820534 45.497131
v 13.930363 35.242111 44.762817
v 15.050861 46.663681 44.234070
v 15.815311 58.085266 43.910889
v 16.223667 69.506851 43.793274
v 16.275990 80.928436 43.881256
v 10.389820 12.398960 45.573547
v 12.194996 23.820534 44.531311
v 13.644138 35.242111 43.694672
v 14.737202 46.663681 43.063568
v 15.474216 58.085258 42.638092
v 15.855198 69.506836 42.418121
v 15.880070 80.928421 42.403748
v 9.757694 12.398960 44.941376
v 11.487965 23.820534 43.824219
v 12.862171 35.242111 42.912659
v 13.880329 46.663681 42.206635
v 14.542423 58.085258 41.706238
v 14.848469 69.506859 41.411346
v 14.798435 80.928436 41.322052
v 8.894199 12.398960 44.709930
v 10.522114 23.820534 43.565338
v 11.793995 35.242104 42.626343
v 12.709782 46.663696 41.892914
v 13.269535 58.085258 41.365082
v 13.473209 69.506828 41.042755
v 13.320850 80.928421 40.926056
v 43.009113 44.620605 37.098434
v 42.405231 45.710129 37.098434
v 41.197346 45.710129 37.098434
v 40.593418 44.620605 37.098434
v 41.197346 43.531097 37.098434
v 42.405231 43.531097 37.098434
v 41.299992 44.620605 29.715622
v 40.757717 45.710129 29.981094
v 39.673260 45.710129 30.511719
v 39.130985 44.620605 30.777176
v 39.673260 43.531097 30.511719
v 40.757717 43.531097 29.981094
v 36.714527 44.620605 23.995209
v 36.336765 45.710129 24.466064
v 35.581554 45.710129 25.407776
v 35.203915 44.620605 25.878571
v 35.581554 43.531097 25.407776
v 36.336765 43.531097 24.466064
v 30.058910 44.620605 20.745712
v 29.921680 45.710129 21.333710
v 29.647167 45.710129 22.509964
v 29.509945 44.620605 23.098083
v 29.647167 43.531097 22.509964
v 29.921680 43.531097 21.333710
v 22.366116 44.620605 20.745712
v 22.503330 45.710129 21.333710
v 22.777729 45.710129 22.509964
v 22.915066 44.620605 23.098083
v 22.777729 43.531097 22.509964
v 22.503330 43.531097 21.333710
v 15.710514 44.620605 23.995209
v 16.088184 45.710129 24.466064
v 16.843372 45.710129 25.407776
v 17.220997 44.620605 25.878571
v 16.843372 43.531097 25.407776
v 16.088184 43.531097 24.466064
v 11.125050 44.620605 29.715622
v 11.667316 45.710129 29.981094
v 12.751759 45.710129 30.511719
v 13.294056 44.620605 30.777176
v 12.751759 43.531097 30.511719
v 11.667316 43.531097 29.981094
v 9.415920 44.620605 37.098434
v 10.019802 45.710129 37.098434
v 11.227711 45.710129 37.098434
v 11.831585 44.620605 37.098434
v 11.227711 43.531097 37.098434
v 10.019802 43.531097 37.098434
v 11.125050 44.620605 44.481491
v 11.667316 45.710129 44.216003
v 12.751759 45.710129 43.685272
v 13.294056 44.620605 43.419952
v 12.751759 43.531097 43.685272
v 11.667316 43.531097 44.216003
v 15.710514 44.620605 50.201874
v 16.088184 45.710129 49.731018
v 16.843372 45.710129 48.789383
v 17.220997 44.620605 48.318497
v 16.843372 43.531097 48.789383
v 16.088184 43.531097 49.731018
v 22.366116 44.620605 53.451355
v 22.503330 45.710129 52.863220
v 22.777729 45.710129 51.687103
v 22.915066 44.620605 51.098953
v 22.777729 43.531097 51.687103
v 22.503330 43.531097 52.863220
v 30.058910 44.620605 53.451355
v 29.921680 45.710129 52.863220
v 29.647167 45.710129 51.687103
v 29.509945 44.620605 51.098953
v 29.647167 43.531097 51.687103
v 29.921680 43.531097 52.863220
v 36.714527 44.620605 50.201874
v 36.336765 45.710129 49.731018
v 35.581554 45.710129 48.789383
v 35.204037 44.620605 48.318497
v 35.581554 43.531097 48.789383
v 36.336765 43.531097 49.731018
v 41.299992 44.620605 44.481339
v 40.757717 45.710129 44.216003
v 39.673260 45.710129 43.685272
v 39.130985 44.620605 43.419952
v 39.673260 43.531097 43.685272
v 40.757717 43.531097 44.216003
v 26.212490 44.620605 54.042053
v 26.212490 45.710129 53.432770
v 26.212452 45.710129 52.214584
v 26.212490 44.620605 51.605362
v 26.212452 43.531097 52.214584
v 26.212490 43.531097 53.432770
v 33.621929 44.620605 52.233932
v 33.355961 45.710129 51.689713
v 32.824100 45.710129 50.601410
v 32.558224 44.620605 50.057175
v 32.824100 43.531097 50.601410
v 33.355961 43.531097 51.689713
v 42.718845 44.620605 40.918533
v 42.125454 45.710129 40.781219
v 40.938694 45.710129 40.506607
v 40.345280 44.620605 40.369354
v 40.938694 43.531097 40.506607
v 42.125454 43.531097 40.781219
v 40.850063 45.710129 33.676773
v 42.029713 45.710129 33.401123
v 42.619549 44.620605 33.263260
v 42.029713 43.531097 33.401123
v 40.850063 43.531097 33.676773
v 40.260242 44.620605 33.814682
v 33.363178 45.710129 22.412506
v 33.629452 44.620605 21.864777
v 33.363178 43.531097 22.412506
v 32.830799 43.531097 23.507996
v 32.564594 44.620605 24.055725
v 32.830799 45.710129 23.507996
v 26.176411 45.710129 20.854767
v 26.175091 44.620605 20.249054
v 26.176411 43.531097 20.854767
v 26.179020 43.531097 22.066391
v 26.180416 44.620605 22.672256
v 26.179020 45.710129 22.066391
v 19.598965 45.710129 23.582748
v 19.067013 45.710129 22.493286
v 18.801052 44.620605 21.948593
v 19.067013 43.531097 22.493286
v 19.598965 43.531097 23.582748
v 19.865017 44.620605 24.127411
v 10.299595 45.710129 33.415756
v 9.706192 44.620605 33.278397
v 10.299595 43.531097 33.415756
v 11.486401 43.531097 33.690292
v 12.079792 44.620605 33.827637
v 11.486401 45.710129 33.690292
v 10.395298 45.710129 40.795868
v 9.805435 44.620605 40.933762
v 10.395298 43.531097 40.795868
v 11.574947 43.531097 40.520157
v 12.164722 44.620605 40.382324
v 11.574947 45.710129 40.520157
v 37.894054 45.710129 46.454773
v 38.835316 45.710129 47.208481
v 39.306026 44.620605 47.585297
v 38.835316 43.531097 47.208481
v 37.894054 43.531097 46.454773
v 37.423420 44.620605 46.077972
v 14.532063 45.710129 27.743973
v 13.590908 45.710129 26.990479
v 13.120205 44.620605 26.613647
v 13.590908 43.531097 26.990479
v 14.532063 43.531097 27.743973
v 15.002674 44.620605 28.120789
v 18.803089 44.620605 52.233932
v 19.069012 45.710129 51.689713
v 19.600834 45.710129 50.601410
v 19.866787 44.620605 50.057175
v 19.600834 43.531097 50.601410
v 19.069012 43.531097 51.689713
v 14.518719 45.710129 46.459457
v 13.576435 45.710129 47.213562
v 13.105213 44.620605 47.590622
v 13.576435 43.531097 47.213562
v 14.518719 43.531097 46.459457
v 14.989819 44.620605 46.082474
v 37.898952 45.710129 27.748520
v 38.840557 45.710129 26.995331
v 39.311504 44.620605 26.618683
v 38.840557 43.531097 26.995331
v 37.898952 43.531097 27.748520
v 37.428028 44.620605 28.125107
v 28.868336 0.977383 15.535522
v 28.664387 0.977383 14.774323
v 30.082539 92.349991 20.770905
v 30.505833 92.349991 22.350800
v 28.107136 0.977383 14.217072
v 28.925861 92.349991 19.614319
v 27.345936 0.977383 14.013123
v 27.345936 92.349991 19.190948
v 26.584812 0.977383 14.217072
v 25.766087 92.349991 19.614319
v 26.027561 0.977383 14.774323
v 24.609516 92.349991 20.770905
v 25.823612 0.977383 15.535522
v 24.186161 92.349991 22.350800
v 26.027561 0.977383 16.296722
v 24.609516 92.349991 23.930695
v 26.584812 0.977383 16.853912
v 25.766087 92.349991 25.087311
v 27.345936 0.977383 17.057831
v 27.345936 92.349991 25.510620
v 28.107136 0.977383 16.853912
v 28.925861 92.349991 25.087311
v 28.664387 0.977383 16.296722
v 30.082539 92.349991 23.930756
v 28.841663 12.398960 16.962891
v 29.018925 23.820534 18.740326
v 29.196186 35.242107 20.106567
v 29.373447 46.663681 21.061737
v 29.550724 58.085258 21.605743
v 29.728016 69.506836 21.738586
v 29.905277 80.928421 21.460297
v 30.301151 80.928421 22.937897
v 30.096470 69.506851 23.113831
v 29.891773 58.085274 22.878632
v 29.687092 46.663681 22.232269
v 29.482395 35.242111 21.174805
v 29.277699 23.820541 19.706177
v 29.073017 12.398956 17.826416
v 28.209461 12.398960 16.330719
v 28.311832 23.820534 18.033234
v 28.414158 35.242104 19.324585
v 28.516514 46.663681 20.204803
v 28.618839 58.085258 20.673920
v 28.721180 69.506851 20.731842
v 28.823536 80.928421 20.378662
v 27.345936 12.398960 16.099335
v 27.345936 23.820541 17.774414
v 27.345936 35.242107 19.038361
v 27.345936 46.663696 19.891144
v 27.345936 58.085258 20.332825
v 27.345936 69.506851 20.363312
v 27.345936 80.928436 19.982697
v 26.482471 12.398960 16.330719
v 26.380116 23.820534 18.033234
v 26.277790 35.242107 19.324585
v 26.175434 46.663681 20.204803
v 26.073093 58.085258 20.673920
v 25.970768 69.506859 20.731842
v 25.868412 80.928421 20.378662
v 25.850285 12.398960 16.962891
v 25.673054 23.820530 18.740326
v 25.495792 35.242111 20.106598
v 25.318531 46.663681 21.061737
v 25.141285 58.085258 21.605743
v 24.964024 69.506836 21.738586
v 24.786762 80.928406 21.460297
v 25.618931 12.398960 17.826416
v 25.414234 23.820538 19.706177
v 25.209553 35.242107 21.174805
v 25.004887 46.663681 22.232269
v 24.800190 58.085258 22.878632
v 24.595509 69.506851 23.113831
v 24.390842 80.928421 22.937897
v 25.850285 12.398960 18.689972
v 25.673054 23.820534 20.672058
v 25.495792 35.242107 22.243011
v 25.318531 46.663681 23.402832
v 25.141285 58.085251 24.151520
v 24.964024 69.506851 24.489014
v 24.786762 80.928406 24.415436
v 26.482471 12.398960 19.322052
v 26.380116 23.820538 21.379089
v 26.277760 35.242111 23.024994
v 26.175434 46.663681 24.259735
v 26.073093 58.085266 25.083344
v 25.970768 69.506851 25.495819
v 25.868412 80.928436 25.497131
v 27.345936 12.398960 19.553436
v 27.345936 23.820534 21.637848
v 27.345936 35.242111 23.311188
v 27.345936 46.663681 24.573334
v 27.345936 58.085258 25.424347
v 27.345936 69.506836 25.864288
v 27.345936 80.928421 25.893005
v 28.209461 12.398960 19.322052
v 28.311832 23.820538 21.379089
v 28.414158 35.242111 23.024994
v 28.516514 46.663681 24.259735
v 28.618839 58.085258 25.083344
v 28.721180 69.506859 25.495819
v 28.823536 80.928436 25.497131
v 28.841663 12.398960 18.689972
v 29.018925 23.820534 20.672089
v 29.196186 35.242104 22.243042
v 29.373447 46.663696 23.402863
v 29.550724 58.085258 24.151520
v 29.728016 69.506828 24.489105
v 29.905277 80.928421 24.415497
v 43.280315 0.977383 50.864136
v 44.041500 0.977383 51.068115
v 38.139248 92.349991 49.298004
v 36.559338 92.349991 48.874634
v 44.802715 0.977383 50.864166
v 39.719204 92.349991 48.874542
v 45.359936 0.977383 50.306915
v 40.875820 92.349991 47.717987
v 45.563885 0.977383 49.545776
v 41.299099 92.349991 46.138123
v 45.359905 0.977383 48.784576
v 40.875759 92.349991 44.558228
v 44.802685 0.977383 48.227325
v 39.719173 92.349991 43.401611
v 44.041470 0.977383 48.023346
v 38.139309 92.349991 42.978333
v 43.280315 0.977383 48.227356
v 36.559338 92.349991 43.401611
v 42.723171 0.977383 48.784546
v 35.402828 92.349991 44.558167
v 42.519161 0.977383 49.545746
v 34.979443 92.349991 46.138062
v 42.723049 0.977383 50.306915
v 35.402721 92.349991 47.718048
v 42.057522 12.398960 50.127350
v 40.429592 23.820534 49.392151
v 39.157742 35.242104 48.862549
v 38.241924 46.663681 48.538483
v 37.682156 58.085258 48.420013
v 37.478451 69.506836 48.507111
v 37.630840 80.928421 48.799774
v 36.153271 80.928421 48.403809
v 36.103252 69.506851 48.138580
v 36.409283 58.085274 48.078918
v 37.071377 46.663681 48.224823
v 38.089520 35.242111 48.576294
v 39.463741 23.820541 49.133362
v 41.193996 12.398956 49.895966
v 42.921093 12.398960 49.895966
v 41.395489 23.820534 49.133362
v 40.225964 35.242104 48.576294
v 39.412487 46.663681 48.224823
v 38.955105 58.085258 48.078888
v 38.853756 69.506851 48.138519
v 39.108425 80.928421 48.403778
v 43.553234 12.398960 49.263794
v 42.102566 23.820541 48.426270
v 41.007977 35.242111 47.794281
v 40.269421 46.663696 47.367889
v 39.886929 58.085258 47.147064
v 39.860516 69.506851 47.131805
v 40.190136 80.928436 47.322113
v 43.784573 12.398960 48.400330
v 42.361340 23.820534 47.460419
v 41.294155 35.242111 46.726135
v 40.583019 46.663681 46.197357
v 40.227962 58.085258 45.874237
v 40.228954 69.506859 45.756622
v 40.585979 80.928421 45.844574
v 43.553204 12.398960 47.536743
v 42.102520 23.820526 46.494568
v 41.007931 35.242111 45.657898
v 40.269390 46.663681 45.026825
v 39.886868 58.085258 44.601318
v 39.860455 69.506836 44.381378
v 40.190090 80.928406 44.367004
v 42.921047 12.398960 46.904633
v 41.395489 23.820534 45.787476
v 40.225933 35.242111 44.875916
v 39.412472 46.663681 44.169922
v 38.955074 58.085258 43.669464
v 38.853725 69.506851 43.374603
v 39.108425 80.928421 43.285339
v 42.057491 12.398960 46.673218
v 40.429577 23.820534 45.528656
v 39.157726 35.242111 44.589691
v 38.241940 46.663681 43.856262
v 37.682186 58.085251 43.328430
v 37.478512 69.506851 43.006165
v 37.630886 80.928406 42.889435
v 41.193996 12.398960 46.904663
v 39.463741 23.820534 45.787506
v 38.089535 35.242111 44.875916
v 37.071377 46.663681 44.169922
v 36.409267 58.085266 43.669495
v 36.103252 69.506851 43.374634
v 36.153255 80.928436 43.285339
v 40.561916 12.398960 47.536774
v 38.756741 23.820534 46.494537
v 37.307598 35.242111 45.657867
v 36.214520 46.663681 45.026794
v 35.477520 58.085258 44.601288
v 35.096539 69.506836 44.381317
v 35.071682 80.928421 44.366974
v 40.330517 12.398960 48.400269
v 38.497890 23.820534 47.460419
v 37.021343 35.242111 46.726105
v 35.900829 46.663681 46.197357
v 35.136410 58.085258 45.874176
v 34.728039 69.506859 45.756561
v 34.675701 80.928436 45.844543
v 40.561810 12.398960 49.263824
v 38.756618 23.820534 48.426270
v 37.307491 35.242104 47.794281
v 36.214428 46.663696 47.367920
v 35.477444 58.085258 47.147125
v 35.096447 69.506828 47.131866
v 35.071560 80.928421 47.322174
v 94.975235 91.394020 -38.604454
v 91.138382 91.394020 -38.604454
v 91.138382 91.394020 -35.615326
v 94.975235 91.394020 -35.615326
v 94.975235 86.361115 -35.615326
v 94.975235 86.361115 -38.604462
v 91.138382 90.692764 -35.615326
v 91.138382 90.692764 -38.604462
v 94.355820 90.692764 -38.604462
v 94.355820 90.692764 -35.615326
v 94.355820 86.361115 -35.615326
v 94.355820 86.361115 -38.604462
v 94.975235 91.394020 -73.865715
v 91.138382 91.394020 -73.865715
v 91.138382 91.394020 -70.876579
v 94.975235 91.394020 -70.876579
v 94.975235 86.361115 -70.876587
v 94.975235 86.361115 -73.865723
v 91.138382 90.692764 -70.876587
v 91.138382 90.692764 -73.865723
v 94.355820 90.692764 -73.865723
v 94.355820 90.692764 -70.876587
v 94.355820 86.361115 -70.876587
v 94.355820 86.361115 -73.865723
v -34.201633 91.394020 -38.604454
v -30.364765 91.394020 -38.604454
v -30.364765 91.394020 -35.615326
v -34.201633 91.394020 -35.615326
v -34.201633 86.361115 -35.615326
v -34.201633 86.361115 -38.604462
v -30.364765 90.692764 -35.615326
v -30.364765 90.692764 -38.604462
v -33.582218 90.692764 -38.604462
v -33.582218 90.692764 -35.615326
v -33.582218 86.361115 -35.615326
v -33.582218 86.361115 -38.604462
v -34.201633 91.394020 -73.865715
v -30.364765 91.394020 -73.865715
v -30.364765 91.394020 -70.876579
v -34.201633 91.394020 -70.876579
v -34.201633 86.361115 -70.876587
v -34.201633 86.361115 -73.865723
v -30.364765 90.692764 -70.876587
v -30.364765 90.692764 -73.865723
v -33.582218 90.692764 -73.865723
v -33.582218 90.692764 -70.876587
v -33.582218 86.361115 -70.876587
v -33.582218 86.361115 -73.865723
v -34.202602 91.381378 -77.563690
v 94.997360 91.381470 -77.563690
v 94.997360 91.381470 -32.345917
v -34.202602 91.381378 -32.345917
v 94.997360 95.608490 -32.345917
v 94.997360 95.608490 -77.563690
v -34.202602 95.608490 -77.563690
v -34.202602 95.608490 -32.345917
v 94.975235 46.716724 -38.604458
v 91.138382 46.716724 -38.604458
v 91.138382 46.716724 -35.615322
v 94.975235 46.716724 -35.615322
v 94.975235 41.683819 -35.615330
v 94.975235 41.683819 -38.604465
v 91.138382 46.015465 -35.615326
v 91.138382 46.015465 -38.604462
v 94.355820 46.015465 -38.604462
v 94.355820 46.015465 -35.615326
v 94.355820 41.683819 -35.615330
v 94.355820 41.683819 -38.604465
v 94.975235 46.716724 -73.865723
v 91.138382 46.716724 -73.865723
v 91.138382 46.716724 -70.876587
v 94.975235 46.716724 -70.876587
v 94.975235 41.683819 -70.876587
v 94.975235 41.683819 -73.865723
v 91.138382 46.015465 -70.876587
v 91.138382 46.015465 -73.865723
v 94.355820 46.015465 -73.865723
v 94.355820 46.015465 -70.876587
v 94.355820 41.683819 -70.876587
v 94.355820 41.683819 -73.865723
v -34.201633 46.716724 -38.604458
v -30.364765 46.716724 -38.604458
v -30.364765 46.716724 -35.615322
v -34.201633 46.716724 -35.615322
v -34.201633 41.683819 -35.615330
v -34.201633 41.683819 -38.604465
v -30.364765 46.015465 -35.615326
v -30.364765 46.015465 -38.604462
v -33.582218 46.015465 -38.604462
v -33.582218 46.015465 -35.615326
v -33.582218 41.683819 -35.615330
v -33.582218 41.683819 -38.604465
v -34.201633 46.716724 -73.865723
v -30.364765 46.716724 -73.865723
v -30.364765 46.716724 -70.876587
v -34.201633 46.716724 -70.876587
v -34.201633 41.683819 -70.876587
v -34.201633 41.683819 -73.865723
v -30.364765 46.015465 -70.876587
v -30.364765 46.015465 -73.865723
v -33.582218 46.015465 -73.865723
v -33.582218 46.015465 -70.876587
v -33.582218 41.683819 -70.876587
v -33.582218 41.683819 -73.865723
v -34.202602 46.704086 -77.563690
v 94.997360 46.704178 -77.563690
v 94.997360 46.704178 -32.345917
v -34.202602 46.704086 -32.345917
v 94.997360 50.931198 -32.345917
v 94.997360 50.931198 -77.563690
v -34.202602 50.931198 -77.563690
v -34.202602 50.931198 -32.345917
v -38.260120 124.172989 -77.563690
v -38.259953 14.215836 -77.563690
v -38.259953 14.215836 -32.345917
v -38.260120 124.172989 -32.345917
v -34.032932 14.215851 -32.345917
v -34.032932 14.215851 -77.563690
v -34.033009 124.172989 -77.563690
v -34.033009 124.172989 -32.345917
v 65.206390 129.585434 -14.712311
v 99.712601 129.585434 -49.218475
v 76.851593 129.585434 -16.058014
v 64.899323 0.000771 -20.257111
v 75.435944 0.000771 -21.427795
v 95.494431 0.000771 -77.587311
v 83.631195 0.000771 -24.940033
v 92.997086 0.000771 -38.988922
v 94.167801 0.000771 -49.525604
v 64.899323 8.944271 -20.257111
v 75.435944 8.944271 -21.427795
v 83.631195 8.944271 -24.940033
v 89.484894 8.944271 -30.793732
v 92.997086 8.944271 -38.988922
v 94.167801 8.944271 -49.525604
v 95.494431 8.944275 -77.587311
v 98.366776 129.585434 -37.573212
v 94.083328 129.585434 -27.680389
v 86.744537 129.585434 -20.341583
v 99.712601 9.627171 -49.218475
v 65.206390 9.627171 -14.712311
v 76.851593 9.627171 -16.058014
v 86.744598 9.627171 -20.341583
v 94.083328 9.627171 -27.680389
v 98.366776 9.627171 -37.573212
v 99.620529 9.627174 -77.587311
v 53.357204 129.585434 -77.587311
v 89.484894 0.000771 -30.793732
v 53.357204 0.000771 -20.257111
v 53.357204 129.585434 -14.712311
v 53.357204 8.944271 -20.257111
v 53.357204 9.627171 -14.712311
v 53.357204 0.000771 -14.712311
v 95.494431 124.100433 -77.587311
v 99.590622 129.585434 -77.587311
v 95.494431 14.369972 -77.587311
v 94.167801 14.369972 -32.721710
v -99.703079 129.585434 -49.218475
v -99.713364 9.627174 -77.587311
v -99.683456 129.585434 -77.587311
v -76.842178 129.585434 -16.058014
v -65.196854 129.585434 -14.712311
v -86.735062 129.585434 -20.341583
v -98.357254 129.585434 -37.573212
v -53.347858 129.585434 -77.587311
v -53.347858 129.585434 -14.712311
v -64.889847 0.000771 -20.257111
v -89.475357 0.000771 -30.793732
v -75.426468 0.000771 -21.427795
v -94.073746 129.585434 -27.680389
v -83.621658 0.000771 -24.940033
v -94.158279 8.944271 -49.525604
v -94.158279 0.000771 -49.525604
v -95.587265 0.000771 -77.587311
v -95.587265 8.944275 -77.587311
v -64.889847 8.944271 -20.257111
v -75.426468 8.944271 -21.427795
v -83.621658 8.944271 -24.940033
v -92.987564 8.944271 -38.988922
v -92.987564 0.000771 -38.988922
v -89.475357 8.944271 -30.793732
v -99.703079 9.627171 -49.218475
v -76.842056 9.627171 -16.058014
v -65.196854 9.627171 -14.712311
v -86.735062 9.627171 -20.341583
v -94.073746 9.627171 -27.680389
v -98.357254 9.627171 -37.573212
v -95.587265 14.369972 -77.587311
v -53.347858 0.000771 -20.257111
v -53.347858 8.944271 -20.257111
v -53.347858 9.627171 -14.712311
v -53.347858 0.000771 -14.712311
v -95.587265 124.100433 -77.587311
v -94.158279 14.369972 -32.721710
v 51.729916 131.551346 -11.125000
v 52.848003 10.136452 -12.037018
v 51.729916 10.310070 -11.125000
v 51.729916 133.582932 -76.904388
v 52.831219 132.664856 -77.061249
v 51.729916 133.582932 -13.156586
v 94.167801 123.628189 -33.193939
v 94.167801 123.155945 -32.721710
v 94.167801 124.100433 -33.666168
v -94.158279 123.628189 -33.193939
v -94.158279 124.100433 -33.666168
v -94.158279 123.155945 -32.721710
v -52.821735 132.664856 -77.061249
v -51.720387 133.582932 -76.904388
v -51.720387 133.582932 -13.156586
v -51.720387 131.551346 -11.125000
v -51.720387 10.310070 -11.125000
v -52.838520 10.136452 -12.037018
v -52.811543 132.153931 -12.465912
v -51.720387 132.856247 -11.851685
v 51.729916 132.856247 -11.851685
v 52.821026 132.153915 -12.465912
v 52.850857 131.309875 -12.052856
v 52.833309 132.651901 -13.398773
v -52.841389 131.309891 -12.052856
v -52.823811 132.651917 -13.398773
v -20.213634 106.906830 50.879852
v -19.047543 106.906830 57.493195
v -17.979549 105.007050 57.493195
v -19.210125 105.007050 50.514557
v -23.571331 106.906830 45.064178
v -22.753216 105.007050 44.377686
v -28.715664 106.906830 40.747650
v -28.181683 105.007050 39.822693
v -35.025982 106.906830 38.450745
v -34.840542 105.007050 37.399078
v -41.741436 106.906830 38.450745
v -41.926876 105.007050 37.399078
v -48.051739 106.906830 40.747650
v -48.585720 105.007050 39.822693
v -53.195980 106.906830 45.064178
v -54.014217 105.007050 44.377686
v -56.553707 106.906830 50.879852
v -57.557262 105.007050 50.514557
v -57.719753 106.906830 57.493195
v -58.787884 105.007050 57.493195
v -56.553707 106.906830 64.106598
v -57.557262 105.007050 64.471832
v -53.196087 106.906830 69.922150
v -54.014217 105.007050 70.608734
v -48.051739 106.906830 74.238800
v -48.585720 105.007050 75.163635
v -41.741436 106.906830 76.535583
v -41.926876 105.007050 77.587311
v -35.025982 106.906830 76.535583
v -34.840542 105.007050 77.587311
v -28.715664 106.906830 74.238800
v -28.181683 105.007050 75.163727
v -23.571331 106.906830 69.922150
v -22.753216 105.007050 70.608734
v -20.213634 106.906830 64.106598
v -19.210125 105.007050 64.471832
v -20.524929 107.540085 57.493195
v -21.601910 107.540085 51.385132
v -24.703106 107.540085 46.013824
v -29.454281 107.540085 42.027008
v -35.282528 107.540085 39.905701
v -41.484890 107.540085 39.905701
v -47.313030 107.540085 42.027008
v -52.064312 107.540085 46.013824
v -55.165386 107.540085 51.385132
v -56.242474 107.540085 57.493195
v -55.165386 107.540085 63.601227
v -52.064312 107.540085 68.972534
v -47.313030 107.540085 72.959320
v -41.484890 107.540085 75.080627
v -35.282528 107.540085 75.080627
v -29.454372 107.540085 72.959320
v -24.703106 107.540085 68.972534
v -21.601910 107.540085 63.601288
v -34.840542 92.666687 37.399078
v -41.926876 92.666687 37.399078
v -48.585720 92.666687 39.822693
v -54.014217 92.666687 44.377686
v -57.557262 92.666687 50.514557
v -41.926876 92.666687 77.587311
v -34.840542 92.666687 77.587311
v -19.047543 90.766891 57.493195
v -20.213634 90.766891 50.879852
v -19.210125 92.666687 50.514557
v -17.979549 92.666687 57.493195
v -23.571331 90.766891 45.064178
v -22.753216 92.666687 44.377686
v -28.715664 90.766891 40.747650
v -28.181683 92.666687 39.822693
v -35.025982 90.766891 38.450745
v -41.741436 90.766891 38.450745
v -48.051739 90.766891 40.747650
v -53.195980 90.766891 45.064178
v -56.553707 90.766891 50.879852
v -57.719753 90.766891 57.493195
v -58.787884 92.666687 57.493195
v -56.553707 90.766891 64.106598
v -57.557262 92.666687 64.471832
v -53.196087 90.766891 69.922150
v -54.014217 92.666687 70.608734
v -48.051739 90.766891 74.238800
v -48.585720 92.666687 75.163635
v -41.741436 90.766891 76.535583
v -35.025982 90.766891 76.535583
v -28.715664 90.766891 74.238800
v -28.181683 92.666687 75.163727
v -23.571331 90.766891 69.922150
v -22.753216 92.666687 70.608734
v -20.213634 90.766891 64.106598
v -19.210125 92.666687 64.471832
v -20.524929 90.133636 57.493195
v -21.601910 90.133636 51.385132
v -24.703106 90.133636 46.013824
v -29.454281 90.133636 42.027008
v -35.282528 90.133636 39.905701
v -41.484890 90.133636 39.905701
v -47.313030 90.133636 42.027008
v -52.064312 90.133636 46.013824
v -55.165386 90.133636 51.385132
v -56.242474 90.133636 57.493195
v -55.165386 90.133636 63.601227
v -52.064312 90.133636 68.972534
v -47.313030 90.133636 72.959320
v -41.484890 90.133636 75.080627
v -35.282528 90.133636 75.080627
v -29.454372 90.133636 72.959320
v -24.703106 90.133636 68.972534
v -21.601910 90.133636 63.601288
v -54.652431 35.242104 64.043884
v -53.913891 46.663681 63.412811
v -53.056973 46.663681 62.555939
v -53.870449 35.242111 63.261932
v -54.938641 35.242104 65.112152
v -54.227535 46.663681 64.583405
v -54.652431 35.242104 66.180389
v -53.913891 46.663696 65.753998
v -53.870464 35.242104 66.962311
v -53.056973 46.663681 66.610809
v -52.802212 35.242111 67.248535
v -51.886410 46.663681 66.924469
v -51.734020 35.242104 66.962311
v -50.715878 46.663681 66.610809
v -50.952038 35.242104 66.180328
v -49.858959 46.663681 65.753937
v -50.665829 35.242111 65.112122
v -49.545330 46.663681 64.583374
v -50.952053 35.242111 64.043976
v -49.858990 46.663681 63.412872
v -51.734020 35.242111 63.261963
v -50.715862 46.663681 62.555939
v -52.802197 35.242104 62.975647
v -51.886410 46.663689 62.242218
v -56.924831 0.977379 66.613373
v -56.367611 0.977379 67.170654
v -56.163662 0.977379 67.931763
v -58.447170 0.977379 66.613373
v -56.367550 0.977379 68.692932
v -56.924801 0.977379 69.250183
v -58.447216 0.977379 69.250183
v -57.686001 0.977379 69.454132
v -59.004391 0.977379 68.692993
v -59.208370 0.977379 67.931793
v -59.004421 0.977379 67.170563
v -57.685940 0.977379 66.409393
v -54.520290 92.349991 62.944153
v -54.943569 92.349991 64.524139
v -54.520275 92.349991 66.104095
v -51.783794 92.349991 61.364197
v -53.363674 92.349991 67.260590
v -51.783794 92.349991 67.683899
v -49.047329 92.349991 66.104004
v -50.203869 92.349991 67.260590
v -48.623943 92.349991 64.524078
v -49.047283 92.349991 62.944244
v -50.203823 92.349991 61.787628
v -53.363705 92.349991 61.787567
v -53.834621 80.928421 62.752930
v -52.752926 80.928421 61.671326
v -53.504986 69.506836 62.767303
v -52.498226 69.506851 61.760590
v -53.531399 58.085258 62.987274
v -52.599575 58.085274 62.055481
v -56.565548 12.398956 65.290649
v -57.197689 12.398956 65.922760
v -55.039959 23.820541 64.173492
v -55.747051 23.820534 64.880554
v -54.230495 80.928421 64.230560
v -53.873425 69.506851 64.142639
v -53.872448 58.085258 64.260223
v -57.429058 12.398956 66.786346
v -56.005825 23.820534 65.846466
v -53.834591 80.928436 65.708191
v -53.504986 69.506851 65.517883
v -53.531368 58.085258 65.533142
v -57.197689 12.398956 67.649872
v -55.747021 23.820541 66.812347
v -52.752926 80.928421 66.789795
v -52.498226 69.506866 66.524567
v -52.599575 58.085258 66.464905
v -56.565578 12.398956 68.281952
v -55.039989 23.820534 67.519379
v -51.275372 80.928406 67.185730
v -51.122982 69.506836 66.893066
v -51.326687 58.085258 66.805969
v -55.701992 12.398956 68.513397
v -54.074093 23.820526 67.778168
v -49.797787 80.928421 66.789795
v -49.747753 69.506851 66.524567
v -50.053799 58.085258 66.464905
v -54.838497 12.398956 68.281982
v -53.108227 23.820534 67.519379
v -48.716152 80.928406 65.708160
v -48.741055 69.506851 65.517853
v -49.121975 58.085251 65.533081
v -54.206310 12.398956 67.649841
v -52.401150 23.820534 66.812286
v -48.320202 80.928436 64.230560
v -48.372524 69.506851 64.142578
v -48.780880 58.085266 64.260193
v -53.974987 12.398956 66.786285
v -52.142376 23.820534 65.846436
v -48.716122 80.928421 62.753052
v -48.740993 69.506836 62.767426
v -49.121975 58.085258 62.987396
v -54.206371 12.398956 65.922852
v -52.401196 23.820534 64.880615
v -49.797756 80.928436 61.671356
v -49.747723 69.506866 61.760651
v -50.053768 58.085258 62.055542
v -54.838497 12.398956 65.290680
v -53.108227 23.820534 64.173523
v -51.275341 80.928421 61.275360
v -51.122982 69.506836 61.392059
v -51.326656 58.085258 61.714386
v -55.701992 12.398956 65.059235
v -54.074078 23.820534 63.914642
v -21.587069 44.620605 57.447662
v -21.976639 44.620605 53.612488
v -22.566465 45.710129 53.750366
v -22.190954 45.710129 57.447662
v -23.746126 45.710129 54.026016
v -23.398848 45.710129 57.447662
v -24.335951 44.620605 54.163910
v -24.002760 44.620605 57.447662
v -23.746126 43.531097 54.026016
v -23.398848 43.531097 57.447662
v -22.566465 43.531097 53.750366
v -22.190954 43.531097 57.447662
v -23.296200 44.620605 50.064835
v -25.284685 44.620605 46.967896
v -25.755617 45.710129 47.344543
v -23.838470 45.710129 50.330322
v -26.697247 45.710129 48.097748
v -24.922915 45.710129 50.860947
v -27.168152 44.620605 48.474335
v -25.465195 44.620605 51.126373
v -26.697247 43.531097 48.097748
v -24.922915 43.531097 50.860947
v -25.755617 43.531097 47.344543
v -23.838470 43.531097 50.330322
v -27.881657 44.620605 44.344437
v -30.966743 44.620605 42.214005
v -31.233009 45.710129 42.761734
v -28.259413 45.710129 44.815292
v -31.765387 45.710129 43.857224
v -29.014616 45.710129 45.757004
v -32.031601 44.620605 44.404953
v -29.392267 44.620605 46.227783
v -31.765387 43.531097 43.857224
v -29.014616 43.531097 45.757004
v -31.233009 43.531097 42.761734
v -28.259413 43.531097 44.815292
v -34.537273 44.620605 41.094940
v -38.421104 44.620605 40.598282
v -38.419777 45.710129 41.203979
v -34.674503 45.710129 41.682922
v -38.417168 45.710129 42.415619
v -34.949024 45.710129 42.859192
v -38.415764 44.620605 43.021484
v -35.086243 44.620605 43.447311
v -38.417168 43.531097 42.415619
v -34.949024 43.531097 42.859192
v -38.419777 43.531097 41.203979
v -34.674503 43.531097 41.682922
v -42.230076 44.620605 41.094940
v -45.795135 44.620605 42.297836
v -45.529171 45.710129 42.842484
v -42.092861 45.710129 41.682922
v -44.997227 45.710129 43.931976
v -41.818462 45.710129 42.859192
v -44.731174 44.620605 44.476624
v -41.681122 44.620605 43.447311
v -44.997227 43.531097 43.931976
v -41.818462 43.531097 42.859192
v -45.529171 43.531097 42.842484
v -42.092861 43.531097 41.682922
v -48.885674 44.620605 44.344437
v -51.475979 44.620605 46.962875
v -51.005287 45.710129 47.339706
v -48.508003 45.710129 44.815292
v -50.064125 45.710129 48.093231
v -47.752815 45.710129 45.757004
v -49.593506 44.620605 48.470032
v -47.375191 44.620605 46.227783
v -50.064125 43.531097 48.093231
v -47.752815 43.531097 45.757004
v -51.005287 43.531097 47.339706
v -48.508003 43.531097 44.815292
v -53.471138 44.620605 50.064835
v -54.889992 44.620605 53.627625
v -54.296593 45.710129 53.764984
v -52.928867 45.710129 50.330322
v -53.109787 45.710129 54.039551
v -51.844425 45.710129 50.860947
v -52.516396 44.620605 54.176880
v -51.302128 44.620605 51.126373
v -53.109787 43.531097 54.039551
v -51.844425 43.531097 50.860947
v -54.296593 43.531097 53.764984
v -52.928867 43.531097 50.330322
v -55.180267 44.620605 57.447662
v -54.790752 44.620605 61.282974
v -54.200890 45.710129 61.145081
v -54.576385 45.710129 57.447662
v -53.021240 45.710129 60.869400
v -53.368477 45.710129 57.447662
v -52.431465 44.620605 60.731552
v -52.764595 44.620605 57.447662
v -53.021240 43.531097 60.869400
v -53.368477 43.531097 57.447662
v -54.200890 43.531097 61.145081
v -54.576385 43.531097 57.447662
v -53.471138 44.620605 64.830704
v -51.490974 44.620605 67.939850
v -51.019753 45.710129 67.562790
v -52.928867 45.710129 64.565231
v -50.077477 45.710129 66.808685
v -51.844425 45.710129 64.034515
v -49.606369 44.620605 66.431702
v -51.302128 44.620605 63.769180
v -50.077477 43.531097 66.808685
v -51.844425 43.531097 64.034515
v -51.019753 43.531097 67.562790
v -52.928867 43.531097 64.565231
v -48.885674 44.620605 70.551102
v -45.793098 44.620605 72.583145
v -45.527184 45.710129 72.038925
v -48.508003 45.710129 70.080246
v -44.995354 45.710129 70.950623
v -47.752815 45.710129 69.138611
v -44.729404 44.620605 70.406403
v -47.375191 44.620605 68.667725
v -44.995354 43.531097 70.950623
v -47.752815 43.531097 69.138611
v -45.527184 43.531097 72.038925
v -48.508003 43.531097 70.080246
v -42.230076 44.620605 73.800583
v -38.383698 44.620605 74.391251
v -38.383698 45.710129 73.782013
v -42.092861 45.710129 73.212463
v -38.383736 45.710129 72.563828
v -41.818462 45.710129 72.036331
v -38.383698 44.620605 71.954590
v -41.681122 44.620605 71.448181
v -38.383736 43.531097 72.563828
v -41.818462 43.531097 72.036331
v -38.383698 43.531097 73.782013
v -42.092861 43.531097 73.212463
v -34.537273 44.620605 73.800583
v -30.974251 44.620605 72.583145
v -31.240234 45.710129 72.038925
v -34.674503 45.710129 73.212463
v -31.772076 45.710129 70.950623
v -34.949024 45.710129 72.036331
v -32.037975 44.620605 70.406403
v -35.086243 44.620605 71.448181
v -31.772076 43.531097 70.950623
v -34.949024 43.531097 72.036331
v -31.240234 43.531097 72.038925
v -34.674503 43.531097 73.212463
v -27.881657 44.620605 70.551102
v -25.290159 44.620605 67.934509
v -25.760855 45.710129 67.557678
v -28.259413 45.710129 70.080246
v -26.702126 45.710129 66.804001
v -29.014616 45.710129 69.138611
v -27.172760 44.620605 66.427170
v -29.392159 44.620605 68.667725
v -26.702126 43.531097 66.804001
v -29.014616 43.531097 69.138611
v -25.760855 43.531097 67.557678
v -28.259413 43.531097 70.080246
v -23.296200 44.620605 64.830566
v -21.877348 44.620605 61.267746
v -22.470718 45.710129 61.130447
v -23.838470 45.710129 64.565231
v -23.657503 45.710129 60.855881
v -24.922915 45.710129 64.034515
v -24.250908 44.620605 60.718582
v -25.465195 44.620605 63.769180
v -23.657503 43.531097 60.855881
v -24.922915 43.531097 64.034515
v -22.470718 43.531097 61.130447
v -23.838470 43.531097 64.565231
v -35.400005 35.242111 40.455872
v -35.222744 46.663681 41.411041
v -34.909100 46.663681 42.581573
v -35.113796 35.242111 41.524109
v -36.182034 35.242104 39.673889
v -36.079678 46.663681 40.554108
v -37.250256 35.242111 39.387665
v -37.250256 46.663696 40.240448
v -38.318401 35.242111 39.673889
v -38.420757 46.663681 40.554108
v -39.100399 35.242111 40.455902
v -39.277660 46.663681 41.411041
v -39.386639 35.242111 41.524109
v -39.591305 46.663681 42.581573
v -39.100399 35.242111 42.592316
v -39.277660 46.663681 43.752136
v -38.318432 35.242111 43.374298
v -38.420757 46.663681 44.609039
v -37.250256 35.242111 43.660492
v -37.250256 46.663681 44.922638
v -36.182034 35.242111 43.374298
v -36.079678 46.663681 44.609039
v -35.400005 35.242104 42.592346
v -35.222744 46.663696 43.752167
v -36.489056 0.977383 37.203217
v -37.250256 0.977383 37.407135
v -38.011379 0.977383 37.203217
v -35.727856 0.977383 35.884827
v -38.568630 0.977383 36.646027
v -38.772579 0.977383 35.884827
v -38.011379 0.977383 34.566376
v -38.568630 0.977383 35.123627
v -37.250256 0.977383 34.362427
v -36.489056 0.977383 34.566376
v -35.931805 0.977383 35.123627
v -35.931805 0.977383 36.646027
v -34.513653 92.349991 41.120209
v -35.670330 92.349991 39.963623
v -37.250256 92.349991 39.540253
v -34.513653 92.349991 44.280060
v -38.830105 92.349991 39.963623
v -39.986675 92.349991 41.120209
v -39.986675 92.349991 44.279999
v -40.410030 92.349991 42.700104
v -38.830105 92.349991 45.436615
v -37.250256 92.349991 45.859924
v -35.670330 92.349991 45.436615
v -34.090359 92.349991 42.700104
v -34.690914 80.928421 41.809601
v -34.295040 80.928421 43.287201
v -34.868176 69.506836 42.087891
v -34.499722 69.506851 43.463135
v -35.045467 58.085258 41.955048
v -34.704418 58.085274 43.227936
v -35.523174 12.398956 38.175720
v -35.754528 12.398960 37.312195
v -35.318493 23.820541 40.055481
v -35.577267 23.820534 39.089630
v -35.772655 80.928421 40.727966
v -35.875011 69.506851 41.081146
v -35.977352 58.085258 41.023224
v -36.386730 12.398960 36.680023
v -36.284359 23.820534 38.382538
v -37.250256 80.928436 40.332001
v -37.250256 69.506851 40.712616
v -37.250256 58.085258 40.682129
v -37.250256 12.398960 36.448639
v -37.250256 23.820541 38.123718
v -38.727779 80.928421 40.727966
v -38.625423 69.506859 41.081146
v -38.523098 58.085258 41.023224
v -38.113720 12.398960 36.680023
v -38.216076 23.820534 38.382538
v -39.809429 80.928406 41.809601
v -39.632168 69.506836 42.087891
v -39.454906 58.085258 41.955048
v -38.745907 12.398960 37.312195
v -38.923138 23.820530 39.089630
v -40.205349 80.928421 43.287201
v -40.000683 69.506851 43.463135
v -39.796001 58.085258 43.227936
v -38.977261 12.398960 38.175720
v -39.181957 23.820538 40.055481
v -39.809429 80.928406 44.764740
v -39.632168 69.506851 44.838318
v -39.454906 58.085251 44.500824
v -38.745907 12.398960 39.039276
v -38.923138 23.820534 41.021362
v -38.727779 80.928436 45.846436
v -38.625423 69.506851 45.845123
v -38.523098 58.085266 45.432648
v -38.113720 12.398960 39.671356
v -38.216076 23.820534 41.728394
v -37.250256 80.928421 46.242310
v -37.250256 69.506836 46.213593
v -37.250256 58.085258 45.773651
v -37.250256 12.398960 39.902740
v -37.250256 23.820534 41.987152
v -35.772655 80.928436 45.846436
v -35.875011 69.506859 45.845123
v -35.977352 58.085258 45.432648
v -36.386730 12.398960 39.671356
v -36.284359 23.820534 41.728394
v -34.690914 80.928421 44.764801
v -34.868176 69.506828 44.838409
v -35.045467 58.085258 44.500824
v -35.754528 12.398960 39.039276
v -35.577267 23.820534 41.021393
v -25.438450 35.242104 69.211853
v -26.354267 46.663681 68.887787
v -27.524815 46.663681 68.574127
v -26.506672 35.242111 68.925598
v -24.370228 35.242104 68.925598
v -25.183704 46.663681 68.574127
v -23.588215 35.242104 68.143585
v -24.326771 46.663696 67.717194
v -23.302036 35.242104 67.075439
v -24.013172 46.663681 66.546661
v -23.588261 35.242111 66.007202
v -24.326801 46.663681 65.376129
v -24.370258 35.242104 65.225220
v -25.183720 46.663681 64.519226
v -25.438465 35.242104 64.938995
v -26.354252 46.663681 64.205566
v -26.506657 35.242111 65.225220
v -27.524815 46.663681 64.519226
v -27.288593 35.242111 66.007172
v -28.381672 46.663681 65.376099
v -27.574848 35.242111 67.075409
v -28.695362 46.663681 66.546661
v -27.288700 35.242104 68.143585
v -28.381763 46.663689 67.717224
v -22.077030 0.977379 69.895050
v -21.873020 0.977379 69.133850
v -21.315876 0.977379 68.576660
v -21.315876 0.977379 71.213440
v -20.554722 0.977379 68.372650
v -19.793507 0.977379 68.576630
v -19.032307 0.977379 69.895081
v -19.236286 0.977379 69.133881
v -19.236256 0.977379 70.656219
v -19.793476 0.977379 71.213470
v -20.554691 0.977379 71.417419
v -21.873142 0.977379 70.656219
v -26.456944 92.349991 69.647308
v -24.876987 92.349991 69.223846
v -23.720371 92.349991 68.067291
v -29.193470 92.349991 68.067352
v -23.297092 92.349991 66.487427
v -23.720432 92.349991 64.907532
v -26.456882 92.349991 63.327637
v -24.877018 92.349991 63.750916
v -28.036854 92.349991 63.750916
v -29.193363 92.349991 64.907471
v -29.616749 92.349991 66.487366
v -28.036854 92.349991 69.223938
v -26.965351 80.928421 69.149078
v -28.442921 80.928421 68.753113
v -27.117741 69.506836 68.856415
v -28.492939 69.506851 68.487885
v -26.914036 58.085258 68.769318
v -28.186909 58.085274 68.428223
v -23.402195 12.398956 70.245270
v -22.538670 12.398956 70.476654
v -25.132450 23.820541 69.482666
v -24.166599 23.820534 69.741455
v -25.487766 80.928421 68.753082
v -25.742435 69.506851 68.487823
v -25.641087 58.085258 68.428192
v -21.675098 12.398956 70.245270
v -23.200703 23.820534 69.482666
v -24.406055 80.928436 67.671417
v -24.735676 69.506851 67.481110
v -24.709263 58.085258 67.496368
v -21.042957 12.398956 69.613098
v -22.493626 23.820541 68.775574
v -24.010212 80.928421 66.193878
v -24.367237 69.506866 66.105927
v -24.368229 58.085258 66.223541
v -20.811619 12.398956 68.749634
v -22.234852 23.820534 67.809723
v -24.406101 80.928406 64.716309
v -24.735737 69.506836 64.730682
v -24.709324 58.085258 64.950623
v -21.042988 12.398956 67.886047
v -22.493671 23.820526 66.843872
v -25.487766 80.928421 63.634644
v -25.742466 69.506851 63.723907
v -25.641117 58.085258 64.018768
v -21.675144 12.398956 67.253937
v -23.200703 23.820534 66.136780
v -26.965305 80.928406 63.238739
v -27.117680 69.506851 63.355469
v -26.914005 58.085251 63.677734
v -22.538700 12.398956 67.022522
v -24.166615 23.820534 65.877960
v -28.442936 80.928436 63.634644
v -28.492939 69.506851 63.723938
v -28.186924 58.085266 64.018799
v -23.402195 12.398956 67.253967
v -25.132450 23.820534 66.136810
v -29.524509 80.928421 64.716278
v -29.499653 69.506836 64.730621
v -29.118671 58.085258 64.950592
v -24.034275 12.398956 67.886078
v -25.839451 23.820534 66.843842
v -29.920490 80.928436 66.193848
v -29.868153 69.506866 66.105865
v -29.459782 58.085258 66.223480
v -24.265675 12.398956 68.749573
v -26.098301 23.820534 67.809723
v -29.524632 80.928421 67.671478
v -29.499744 69.506836 67.481171
v -29.118748 58.085258 67.496429
v -24.034382 12.398956 69.613129
v -25.839573 23.820534 68.775574
vt 0.036494 0.526825
vt 0.036494 0.535767
vt 0.000608 0.535767
vt 0.000137 0.526825
vt 0.072733 0.527060
vt 0.072733 0.535885
vt 0.109090 0.527178
vt 0.108972 0.536120
vt 0.145329 0.527413
vt 0.145329 0.536355
vt 0.181803 0.527649
vt 0.181685 0.536591
vt 0.218278 0.527766
vt 0.218278 0.536826
vt 0.254987 0.528001
vt 0.254870 0.536944
vt 0.291579 0.528001
vt 0.291579 0.537061
vt 0.328289 0.528119
vt 0.328289 0.537061
vt 0.364881 0.528001
vt 0.364881 0.537061
vt 0.401591 0.528001
vt 0.401591 0.536944
vt 0.438183 0.527766
vt 0.438183 0.536826
vt 0.474775 0.527649
vt 0.474775 0.536591
vt 0.511132 0.527413
vt 0.511249 0.536355
vt 0.547489 0.527178
vt 0.547489 0.536120
vt 0.583845 0.527060
vt 0.583845 0.535885
vt 0.620084 0.526825
vt 0.620084 0.535767
vt 0.014256 0.109453
vt 0.008491 0.141809
vt 0.030729 0.080979
vt 0.055908 0.059801
vt 0.086852 0.048505
vt 0.119679 0.048505
vt 0.150623 0.059801
vt 0.175920 0.080979
vt 0.192275 0.109453
vt 0.198040 0.141809
vt 0.192275 0.174283
vt 0.175920 0.202757
vt 0.150623 0.223936
vt 0.119679 0.235231
vt 0.086852 0.235231
vt 0.055908 0.223936
vt 0.030729 0.202757
vt 0.014256 0.174283
vt 0.145564 0.472466
vt 0.182038 0.472584
vt 0.218513 0.472584
vt 0.255105 0.472702
vt 0.291697 0.472702
vt 0.474540 0.472466
vt 0.510896 0.472466
vt 0.036729 0.471996
vt 0.000372 0.471760
vt 0.000961 0.462818
vt 0.036847 0.463171
vt 0.072968 0.472231
vt 0.073086 0.463289
vt 0.109325 0.472349
vt 0.109325 0.463406
vt 0.145682 0.463524
vt 0.182038 0.463524
vt 0.218513 0.463642
vt 0.255105 0.463642
vt 0.291697 0.463759
vt 0.328289 0.472702
vt 0.328289 0.463759
vt 0.364881 0.472702
vt 0.364881 0.463642
vt 0.401473 0.472702
vt 0.401473 0.463642
vt 0.438065 0.472584
vt 0.437948 0.463642
vt 0.474540 0.463524
vt 0.510896 0.463524
vt 0.547253 0.472349
vt 0.547253 0.463406
vt 0.583610 0.472113
vt 0.583492 0.463289
vt 0.619849 0.471996
vt 0.619731 0.463171
vt 0.407443 0.141927
vt 0.401678 0.109453
vt 0.385205 0.080979
vt 0.360026 0.059801
vt 0.329082 0.048623
vt 0.296255 0.048623
vt 0.265310 0.059801
vt 0.240013 0.080979
vt 0.223659 0.109453
vt 0.217893 0.141927
vt 0.223659 0.174283
vt 0.240013 0.202757
vt 0.265310 0.223936
vt 0.296255 0.235231
vt 0.329082 0.235231
vt 0.360026 0.223936
vt 0.385205 0.202757
vt 0.401678 0.174283
vt 0.006373 0.106629
vt 0.000137 0.141809
vt 0.024257 0.075567
vt 0.051672 0.052506
vt 0.085322 0.040269
vt 0.121209 0.040269
vt 0.154859 0.052506
vt 0.182274 0.075567
vt 0.200158 0.106629
vt 0.206394 0.141809
vt 0.200158 0.177107
vt 0.182274 0.208169
vt 0.154859 0.231113
vt 0.121209 0.243467
vt 0.085322 0.243467
vt 0.051672 0.231113
vt 0.024257 0.208169
vt 0.006373 0.177107
vt 0.415797 0.141927
vt 0.409561 0.106629
vt 0.391677 0.075567
vt 0.364262 0.052623
vt 0.330611 0.040387
vt 0.294725 0.040387
vt 0.261075 0.052623
vt 0.233660 0.075567
vt 0.215776 0.106629
vt 0.209540 0.141927
vt 0.215776 0.177107
vt 0.233660 0.208169
vt 0.261075 0.231230
vt 0.294725 0.243467
vt 0.330611 0.243467
vt 0.364262 0.231230
vt 0.391677 0.208169
vt 0.409561 0.177107
vt 0.655971 0.535767
vt 0.656441 0.526825
vt 0.656206 0.471760
vt 0.655618 0.462818
vt 0.674555 0.139660
vt 0.674586 0.137000
vt 0.674586 0.134246
vt 0.993858 0.132766
vt 0.993858 0.138480
vt 0.674555 0.131586
vt 0.993778 0.127247
vt 0.673484 0.161185
vt 0.673713 0.158441
vt 0.992040 0.182983
vt 0.991579 0.188678
vt 0.673898 0.155788
vt 0.674077 0.153134
vt 0.674228 0.150385
vt 0.993097 0.166262
vt 0.992787 0.171968
vt 0.674340 0.147728
vt 0.674445 0.145071
vt 0.674518 0.142319
vt 0.993704 0.149519
vt 0.993546 0.155232
vt 0.155944 0.798194
vt 0.157826 0.798665
vt 0.159827 0.798194
vt 0.153944 0.794782
vt 0.161238 0.796782
vt 0.161827 0.794782
vt 0.159827 0.791370
vt 0.161238 0.792782
vt 0.157826 0.790900
vt 0.155944 0.791370
vt 0.154414 0.792782
vt 0.154414 0.796782
vt 0.159944 0.824104
vt 0.163003 0.820927
vt 0.167239 0.819868
vt 0.159944 0.832458
vt 0.171475 0.820927
vt 0.174652 0.824104
vt 0.174652 0.832458
vt 0.175711 0.828340
vt 0.171475 0.835634
vt 0.167239 0.836693
vt 0.163003 0.835634
vt 0.158768 0.828340
vt 0.993778 0.143999
vt 0.992410 0.177475
vt 0.674519 0.128927
vt 0.993703 0.121727
vt 0.993318 0.160747
vt 0.714495 0.137185
vt 0.754404 0.137370
vt 0.794313 0.137555
vt 0.834222 0.137740
vt 0.874131 0.137925
vt 0.914040 0.138110
vt 0.953949 0.138295
vt 0.953875 0.143457
vt 0.913972 0.142914
vt 0.874069 0.142372
vt 0.834166 0.141830
vt 0.794264 0.141287
vt 0.754361 0.140745
vt 0.714458 0.140202
vt 0.714495 0.134061
vt 0.754404 0.133876
vt 0.794313 0.133691
vt 0.834222 0.133506
vt 0.874131 0.133321
vt 0.914040 0.133136
vt 0.953949 0.132951
vt 0.714458 0.131044
vt 0.754361 0.130501
vt 0.794264 0.129959
vt 0.834166 0.129416
vt 0.874069 0.128874
vt 0.913972 0.128332
vt 0.953875 0.127789
vt 0.714417 0.128027
vt 0.754315 0.127127
vt 0.794213 0.126227
vt 0.834111 0.125327
vt 0.874009 0.124427
vt 0.913907 0.123527
vt 0.953805 0.122627
vt 0.713246 0.164622
vt 0.753008 0.168059
vt 0.792769 0.171495
vt 0.832531 0.174932
vt 0.872293 0.178368
vt 0.912055 0.181805
vt 0.951817 0.185242
vt 0.713504 0.161509
vt 0.753295 0.164577
vt 0.793086 0.167644
vt 0.832876 0.170712
vt 0.872667 0.173780
vt 0.912458 0.176847
vt 0.952249 0.179915
vt 0.713712 0.158499
vt 0.753526 0.161210
vt 0.793340 0.163921
vt 0.833154 0.166632
vt 0.872968 0.169343
vt 0.912782 0.172054
vt 0.952596 0.174765
vt 0.713915 0.155488
vt 0.753754 0.157843
vt 0.793593 0.160197
vt 0.833432 0.162551
vt 0.873271 0.164906
vt 0.913110 0.167260
vt 0.952948 0.169614
vt 0.714086 0.152370
vt 0.753945 0.154355
vt 0.793804 0.156339
vt 0.833662 0.158324
vt 0.873521 0.160308
vt 0.913380 0.162293
vt 0.953238 0.164278
vt 0.714212 0.149356
vt 0.754084 0.150983
vt 0.793957 0.152610
vt 0.833829 0.154238
vt 0.873701 0.155865
vt 0.913574 0.157492
vt 0.953446 0.159120
vt 0.714333 0.146341
vt 0.754220 0.147611
vt 0.794108 0.148881
vt 0.833996 0.150151
vt 0.873883 0.151421
vt 0.913771 0.152691
vt 0.953659 0.153961
vt 0.714416 0.143219
vt 0.754314 0.144119
vt 0.794213 0.145019
vt 0.834111 0.145919
vt 0.874009 0.146819
vt 0.913907 0.147719
vt 0.953806 0.148619
vt 0.099592 0.823797
vt 0.099592 0.838386
vt 0.096885 0.823797
vt 0.096885 0.838386
vt 0.094297 0.823797
vt 0.094297 0.838386
vt 0.091708 0.823797
vt 0.089002 0.794852
vt 0.102180 0.823797
vt 0.102180 0.838386
vt 0.091708 0.838386
vt 0.102180 0.809207
vt 0.099592 0.809207
vt 0.096885 0.809207
vt 0.089002 0.636954
vt 0.102180 0.795088
vt 0.099592 0.795088
vt 0.096885 0.795088
vt 0.089002 0.651073
vt 0.102180 0.780851
vt 0.099592 0.780851
vt 0.094297 0.809207
vt 0.089002 0.665309
vt 0.102180 0.766026
vt 0.099592 0.766026
vt 0.096885 0.780851
vt 0.089002 0.680135
vt 0.102180 0.751789
vt 0.099592 0.751789
vt 0.096885 0.766026
vt 0.094297 0.795088
vt 0.089002 0.694371
vt 0.102180 0.737670
vt 0.099592 0.737670
vt 0.096885 0.751789
vt 0.089002 0.708373
vt 0.102180 0.723080
vt 0.099592 0.723080
vt 0.094297 0.780851
vt 0.089002 0.722963
vt 0.102180 0.708490
vt 0.096885 0.737670
vt 0.099592 0.708490
vt 0.089002 0.737552
vt 0.102180 0.694371
vt 0.096885 0.723080
vt 0.094297 0.766026
vt 0.089002 0.751554
vt 0.099592 0.694371
vt 0.102180 0.680135
vt 0.096885 0.708490
vt 0.089002 0.765791
vt 0.099592 0.680135
vt 0.102180 0.665309
vt 0.094297 0.751789
vt 0.089002 0.780616
vt 0.102180 0.636954
vt 0.099592 0.665309
vt 0.096885 0.694371
vt 0.099592 0.636954
vt 0.086414 0.765791
vt 0.102180 0.651073
vt 0.089002 0.823444
vt 0.089002 0.838386
vt 0.086414 0.838386
vt 0.086414 0.823444
vt 0.089002 0.808854
vt 0.086414 0.808854
vt 0.086414 0.794852
vt 0.086414 0.780616
vt 0.086414 0.751554
vt 0.086414 0.737552
vt 0.086414 0.722963
vt 0.086414 0.708373
vt 0.086414 0.694371
vt 0.086414 0.680135
vt 0.086414 0.665309
vt 0.086414 0.651073
vt 0.086414 0.636954
vt 0.094297 0.737670
vt 0.096885 0.680135
vt 0.094297 0.723080
vt 0.091708 0.809207
vt 0.099592 0.651073
vt 0.091708 0.795088
vt 0.094297 0.708490
vt 0.091708 0.780851
vt 0.096885 0.665309
vt 0.091708 0.766026
vt 0.094297 0.694371
vt 0.091708 0.751789
vt 0.096885 0.636954
vt 0.091708 0.737670
vt 0.094297 0.680135
vt 0.091708 0.723080
vt 0.096885 0.651073
vt 0.091708 0.708490
vt 0.094297 0.665427
vt 0.091708 0.694371
vt 0.094297 0.636954
vt 0.091708 0.680135
vt 0.094297 0.651073
vt 0.091708 0.665309
vt 0.091708 0.636954
vt 0.091708 0.651073
vt 0.094297 0.774230
vt 0.091708 0.774230
vt 0.089002 0.773994
vt 0.086414 0.773994
vt 0.102180 0.774230
vt 0.099592 0.774230
vt 0.096885 0.774230
vt 0.094297 0.786934
vt 0.091708 0.786934
vt 0.089002 0.786699
vt 0.086414 0.786699
vt 0.102180 0.786934
vt 0.099592 0.786934
vt 0.096885 0.786934
vt 0.094297 0.814342
vt 0.091708 0.814342
vt 0.089002 0.813989
vt 0.086414 0.813989
vt 0.102180 0.814342
vt 0.099592 0.814342
vt 0.096885 0.814342
vt 0.089002 0.829798
vt 0.091708 0.830001
vt 0.094297 0.830001
vt 0.096885 0.830001
vt 0.099592 0.830001
vt 0.086414 0.829798
vt 0.102180 0.830001
vt 0.091708 0.658669
vt 0.094297 0.658731
vt 0.096885 0.658669
vt 0.099592 0.658669
vt 0.086414 0.658669
vt 0.102180 0.658669
vt 0.089002 0.658669
vt 0.091708 0.673305
vt 0.094297 0.673359
vt 0.096885 0.673305
vt 0.099592 0.673305
vt 0.086414 0.673305
vt 0.102180 0.673305
vt 0.089002 0.673305
vt 0.089002 0.686585
vt 0.091708 0.686585
vt 0.094297 0.686585
vt 0.096885 0.686585
vt 0.099592 0.686585
vt 0.086414 0.686585
vt 0.102180 0.686585
vt 0.091708 0.716990
vt 0.094297 0.716990
vt 0.096885 0.716990
vt 0.099592 0.716990
vt 0.086414 0.716873
vt 0.102180 0.716990
vt 0.089002 0.716873
vt 0.091708 0.726337
vt 0.094297 0.726337
vt 0.096885 0.726337
vt 0.099592 0.726337
vt 0.086414 0.726219
vt 0.102180 0.726337
vt 0.089002 0.726219
vt 0.089002 0.804811
vt 0.091708 0.805130
vt 0.094297 0.805130
vt 0.096885 0.805130
vt 0.099592 0.805130
vt 0.086414 0.804811
vt 0.102180 0.805130
vt 0.089002 0.701325
vt 0.091708 0.701384
vt 0.094297 0.701384
vt 0.096885 0.701384
vt 0.099592 0.701384
vt 0.086414 0.701325
vt 0.102180 0.701384
vt 0.094297 0.759091
vt 0.091708 0.759091
vt 0.089002 0.758856
vt 0.086414 0.758856
vt 0.102180 0.759091
vt 0.099592 0.759091
vt 0.096885 0.759091
vt 0.089002 0.745220
vt 0.091708 0.745402
vt 0.094297 0.745402
vt 0.096885 0.745402
vt 0.099592 0.745402
vt 0.086414 0.745220
vt 0.102180 0.745402
vt 0.089002 0.644227
vt 0.091708 0.644227
vt 0.094297 0.644227
vt 0.096885 0.644227
vt 0.099592 0.644227
vt 0.086414 0.644227
vt 0.102180 0.644227
vt 0.674555 0.139660
vt 0.674586 0.137000
vt 0.674586 0.134246
vt 0.993858 0.132766
vt 0.993858 0.138480
vt 0.674555 0.131586
vt 0.993778 0.127247
vt 0.673484 0.161185
vt 0.673713 0.158441
vt 0.992040 0.182983
vt 0.991579 0.188678
vt 0.673898 0.155788
vt 0.674077 0.153134
vt 0.674228 0.150385
vt 0.993097 0.166262
vt 0.992787 0.171968
vt 0.674340 0.147728
vt 0.674445 0.145071
vt 0.674518 0.142319
vt 0.993704 0.149519
vt 0.993546 0.155232
vt 0.155944 0.798194
vt 0.157826 0.798665
vt 0.159827 0.798194
vt 0.153944 0.794782
vt 0.161238 0.796782
vt 0.161827 0.794782
vt 0.159827 0.791370
vt 0.161238 0.792782
vt 0.157826 0.790900
vt 0.155944 0.791370
vt 0.154414 0.792782
vt 0.154414 0.796782
vt 0.159944 0.824104
vt 0.163003 0.820927
vt 0.167239 0.819868
vt 0.159944 0.832458
vt 0.171475 0.820927
vt 0.174652 0.824104
vt 0.174652 0.832458
vt 0.175711 0.828340
vt 0.171475 0.835634
vt 0.167239 0.836693
vt 0.163003 0.835634
vt 0.158768 0.828340
vt 0.993778 0.143999
vt 0.992410 0.177475
vt 0.674519 0.128927
vt 0.993703 0.121727
vt 0.993318 0.160747
vt 0.714495 0.137185
vt 0.754404 0.137370
vt 0.794313 0.137555
vt 0.834222 0.137740
vt 0.874131 0.137925
vt 0.914040 0.138110
vt 0.953949 0.138295
vt 0.953875 0.143457
vt 0.913972 0.142914
vt 0.874069 0.142372
vt 0.834166 0.141830
vt 0.794264 0.141287
vt 0.754361 0.140745
vt 0.714458 0.140202
vt 0.714495 0.134061
vt 0.754404 0.133876
vt 0.794313 0.133691
vt 0.834222 0.133506
vt 0.874131 0.133321
vt 0.914040 0.133136
vt 0.953949 0.132951
vt 0.714458 0.131044
vt 0.754361 0.130501
vt 0.794264 0.129959
vt 0.834166 0.129416
vt 0.874069 0.128874
vt 0.913972 0.128332
vt 0.953875 0.127789
vt 0.714417 0.128027
vt 0.754315 0.127127
vt 0.794213 0.126227
vt 0.834111 0.125327
vt 0.874009 0.124427
vt 0.913907 0.123527
vt 0.953805 0.122627
vt 0.713246 0.164622
vt 0.753008 0.168059
vt 0.792769 0.171495
vt 0.832531 0.174932
vt 0.872293 0.178368
vt 0.912055 0.181805
vt 0.951817 0.185242
vt 0.713504 0.161509
vt 0.753295 0.164577
vt 0.793086 0.167644
vt 0.832876 0.170712
vt 0.872667 0.173780
vt 0.912458 0.176847
vt 0.952249 0.179915
vt 0.713712 0.158499
vt 0.753526 0.161210
vt 0.793340 0.163921
vt 0.833154 0.166632
vt 0.872968 0.169343
vt 0.912782 0.172054
vt 0.952596 0.174765
vt 0.713915 0.155488
vt 0.753754 0.157843
vt 0.793593 0.160197
vt 0.833432 0.162551
vt 0.873271 0.164906
vt 0.913110 0.167260
vt 0.952948 0.169614
vt 0.714086 0.152370
vt 0.753945 0.154355
vt 0.793804 0.156339
vt 0.833662 0.158324
vt 0.873521 0.160308
vt 0.913380 0.162293
vt 0.953238 0.164278
vt 0.714212 0.149356
vt 0.754084 0.150983
vt 0.793957 0.152610
vt 0.833829 0.154238
vt 0.873701 0.155865
vt 0.913574 0.157492
vt 0.953446 0.159120
vt 0.714333 0.146341
vt 0.754220 0.147611
vt 0.794108 0.148881
vt 0.833996 0.150151
vt 0.873883 0.151421
vt 0.913771 0.152691
vt 0.953659 0.153961
vt 0.714416 0.143219
vt 0.754314 0.144119
vt 0.794213 0.145019
vt 0.834111 0.145919
vt 0.874009 0.146819
vt 0.913907 0.147719
vt 0.953806 0.148619
vt 0.674555 0.139660
vt 0.674586 0.137000
vt 0.674586 0.134246
vt 0.993858 0.132766
vt 0.993858 0.138480
vt 0.674555 0.131586
vt 0.993778 0.127247
vt 0.673484 0.161185
vt 0.673713 0.158441
vt 0.992040 0.182983
vt 0.991579 0.188678
vt 0.673898 0.155788
vt 0.674077 0.153134
vt 0.674228 0.150385
vt 0.993097 0.166262
vt 0.992787 0.171968
vt 0.674340 0.147728
vt 0.674445 0.145071
vt 0.674518 0.142319
vt 0.993704 0.149519
vt 0.993546 0.155232
vt 0.155944 0.798194
vt 0.157826 0.798665
vt 0.159827 0.798194
vt 0.153944 0.794782
vt 0.161238 0.796782
vt 0.161827 0.794782
vt 0.159827 0.791370
vt 0.161238 0.792782
vt 0.157826 0.790900
vt 0.155944 0.791370
vt 0.154414 0.792782
vt 0.154414 0.796782
vt 0.159944 0.824104
vt 0.163003 0.820927
vt 0.167239 0.819868
vt 0.159944 0.832458
vt 0.171475 0.820927
vt 0.174652 0.824104
vt 0.174652 0.832458
vt 0.175711 0.828340
vt 0.171475 0.835634
vt 0.167239 0.836693
vt 0.163003 0.835634
vt 0.158768 0.828340
vt 0.993778 0.143999
vt 0.992410 0.177475
vt 0.674519 0.128927
vt 0.993703 0.121727
vt 0.993318 0.160747
vt 0.714495 0.137185
vt 0.754404 0.137370
vt 0.794313 0.137555
vt 0.834222 0.137740
vt 0.874131 0.137925
vt 0.914040 0.138110
vt 0.953949 0.138295
vt 0.953875 0.143457
vt 0.913972 0.142914
vt 0.874069 0.142372
vt 0.834166 0.141830
vt 0.794264 0.141287
vt 0.754361 0.140745
vt 0.714458 0.140202
vt 0.714495 0.134061
vt 0.754404 0.133876
vt 0.794313 0.133691
vt 0.834222 0.133506
vt 0.874131 0.133321
vt 0.914040 0.133136
vt 0.953949 0.132951
vt 0.714458 0.131044
vt 0.754361 0.130501
vt 0.794264 0.129959
vt 0.834166 0.129416
vt 0.874069 0.128874
vt 0.913972 0.128332
vt 0.953875 0.127789
vt 0.714417 0.128027
vt 0.754315 0.127127
vt 0.794213 0.126227
vt 0.834111 0.125327
vt 0.874009 0.124427
vt 0.913907 0.123527
vt 0.953805 0.122627
vt 0.713246 0.164622
vt 0.753008 0.168059
vt 0.792769 0.171495
vt 0.832531 0.174932
vt 0.872293 0.178368
vt 0.912055 0.181805
vt 0.951817 0.185242
vt 0.713504 0.161509
vt 0.753295 0.164577
vt 0.793086 0.167644
vt 0.832876 0.170712
vt 0.872667 0.173780
vt 0.912458 0.176847
vt 0.952249 0.179915
vt 0.713712 0.158499
vt 0.753526 0.161210
vt 0.793340 0.163921
vt 0.833154 0.166632
vt 0.872968 0.169343
vt 0.912782 0.172054
vt 0.952596 0.174765
vt 0.713915 0.155488
vt 0.753754 0.157843
vt 0.793593 0.160197
vt 0.833432 0.162551
vt 0.873271 0.164906
vt 0.913110 0.167260
vt 0.952948 0.169614
vt 0.714086 0.152370
vt 0.753945 0.154355
vt 0.793804 0.156339
vt 0.833662 0.158324
vt 0.873521 0.160308
vt 0.913380 0.162293
vt 0.953238 0.164278
vt 0.714212 0.149356
vt 0.754084 0.150983
vt 0.793957 0.152610
vt 0.833829 0.154238
vt 0.873701 0.155865
vt 0.913574 0.157492
vt 0.953446 0.159120
vt 0.714333 0.146341
vt 0.754220 0.147611
vt 0.794108 0.148881
vt 0.833996 0.150151
vt 0.873883 0.151421
vt 0.913771 0.152691
vt 0.953659 0.153961
vt 0.714416 0.143219
vt 0.754314 0.144119
vt 0.794213 0.145019
vt 0.834111 0.145919
vt 0.874009 0.146819
vt 0.913907 0.147719
vt 0.953806 0.148619
vt 0.180586 0.799928
vt 0.180586 0.811106
vt 0.164114 0.811106
vt 0.164114 0.799928
vt 0.150798 0.798665
vt 0.133149 0.798665
vt 0.133149 0.786075
vt 0.150798 0.786075
vt 0.149621 0.782930
vt 0.133149 0.782930
vt 0.133149 0.773517
vt 0.149621 0.773517
vt 0.195299 0.837602
vt 0.184592 0.837602
vt 0.184592 0.819953
vt 0.195299 0.819953
vt 0.158497 0.818165
vt 0.158497 0.804399
vt 0.160968 0.801811
vt 0.160968 0.818165
vt 0.178857 0.816722
vt 0.165091 0.816722
vt 0.165091 0.814252
vt 0.181446 0.814252
vt 0.257727 0.986796
vt 0.257727 0.969029
vt 0.259609 0.969029
vt 0.259609 0.986796
vt 0.037207 0.888628
vt 0.037207 0.872156
vt 0.038854 0.872156
vt 0.038854 0.888628
vt 0.178857 0.831430
vt 0.181446 0.831430
vt 0.143790 0.804399
vt 0.143790 0.801811
vt 0.180586 0.799928
vt 0.180586 0.811106
vt 0.164114 0.811106
vt 0.164114 0.799928
vt 0.150798 0.798665
vt 0.133149 0.798665
vt 0.133149 0.786075
vt 0.150798 0.786075
vt 0.149621 0.782930
vt 0.133149 0.782930
vt 0.133149 0.773517
vt 0.149621 0.773517
vt 0.195299 0.837602
vt 0.184592 0.837602
vt 0.184592 0.819953
vt 0.195299 0.819953
vt 0.158497 0.818165
vt 0.158497 0.804399
vt 0.160968 0.801811
vt 0.160968 0.818165
vt 0.178857 0.816722
vt 0.165091 0.816722
vt 0.165091 0.814252
vt 0.181446 0.814252
vt 0.257727 0.986796
vt 0.257727 0.969029
vt 0.259609 0.969029
vt 0.259609 0.986796
vt 0.037207 0.888628
vt 0.037207 0.872156
vt 0.038854 0.872156
vt 0.038854 0.888628
vt 0.178857 0.831430
vt 0.181446 0.831430
vt 0.143790 0.804399
vt 0.143790 0.801811
vt 0.180586 0.799928
vt 0.180586 0.811106
vt 0.164114 0.811106
vt 0.164114 0.799928
vt 0.150798 0.798665
vt 0.133149 0.798665
vt 0.133149 0.786075
vt 0.150798 0.786075
vt 0.149621 0.782930
vt 0.133149 0.782930
vt 0.133149 0.773517
vt 0.149621 0.773517
vt 0.195299 0.837602
vt 0.184592 0.837602
vt 0.184592 0.819953
vt 0.195299 0.819953
vt 0.158497 0.818165
vt 0.158497 0.804399
vt 0.160968 0.801811
vt 0.160968 0.818165
vt 0.178857 0.816722
vt 0.165091 0.816722
vt 0.165091 0.814252
vt 0.181446 0.814252
vt 0.257727 0.986796
vt 0.257727 0.969029
vt 0.259609 0.969029
vt 0.259609 0.986796
vt 0.037207 0.888628
vt 0.037207 0.872156
vt 0.038854 0.872156
vt 0.038854 0.888628
vt 0.178857 0.831430
vt 0.181446 0.831430
vt 0.143790 0.804399
vt 0.143790 0.801811
vt 0.180586 0.799928
vt 0.180586 0.811106
vt 0.164114 0.811106
vt 0.164114 0.799928
vt 0.150798 0.798665
vt 0.133149 0.798665
vt 0.133149 0.786075
vt 0.150798 0.786075
vt 0.149621 0.782930
vt 0.133149 0.782930
vt 0.133149 0.773517
vt 0.149621 0.773517
vt 0.195299 0.837602
vt 0.184592 0.837602
vt 0.184592 0.819953
vt 0.195299 0.819953
vt 0.158497 0.818165
vt 0.158497 0.804399
vt 0.160968 0.801811
vt 0.160968 0.818165
vt 0.178857 0.816722
vt 0.165091 0.816722
vt 0.165091 0.814252
vt 0.181446 0.814252
vt 0.257727 0.986796
vt 0.257727 0.969029
vt 0.259609 0.969029
vt 0.259609 0.986796
vt 0.037207 0.888628
vt 0.037207 0.872156
vt 0.038854 0.872156
vt 0.038854 0.888628
vt 0.178857 0.831430
vt 0.181446 0.831430
vt 0.143790 0.804399
vt 0.143790 0.801811
vt 0.420103 0.112008
vt 0.420103 0.007056
vt 0.698250 0.007056
vt 0.698250 0.112008
vt 0.119296 0.836582
vt 0.119296 0.740454
vt 0.130003 0.740454
vt 0.130003 0.836582
vt 0.116151 0.740515
vt 0.116151 0.836761
vt 0.105326 0.836761
vt 0.105326 0.740515
vt 0.254987 0.026299
vt 0.254987 0.037124
vt 0.000137 0.037124
vt 0.000137 0.026299
vt 0.254987 0.023153
vt 0.000137 0.023153
vt 0.000137 0.012328
vt 0.254987 0.012328
vt 0.989364 0.114887
vt 0.711217 0.114887
vt 0.711217 0.009935
vt 0.989364 0.009935
vt 0.180586 0.799928
vt 0.180586 0.811106
vt 0.164114 0.811106
vt 0.164114 0.799928
vt 0.150798 0.798665
vt 0.133149 0.798665
vt 0.133149 0.786075
vt 0.150798 0.786075
vt 0.149621 0.782930
vt 0.133149 0.782930
vt 0.133149 0.773517
vt 0.149621 0.773517
vt 0.195299 0.837602
vt 0.184592 0.837602
vt 0.184592 0.819953
vt 0.195299 0.819953
vt 0.158497 0.818165
vt 0.158497 0.804399
vt 0.160968 0.801811
vt 0.160968 0.818165
vt 0.178857 0.816722
vt 0.165091 0.816722
vt 0.165091 0.814252
vt 0.181446 0.814252
vt 0.257727 0.986796
vt 0.257727 0.969029
vt 0.259609 0.969029
vt 0.259609 0.986796
vt 0.037207 0.888628
vt 0.037207 0.872156
vt 0.038854 0.872156
vt 0.038854 0.888628
vt 0.178857 0.831430
vt 0.181446 0.831430
vt 0.143790 0.804399
vt 0.143790 0.801811
vt 0.180586 0.799928
vt 0.180586 0.811106
vt 0.164114 0.811106
vt 0.164114 0.799928
vt 0.150798 0.798665
vt 0.133149 0.798665
vt 0.133149 0.786075
vt 0.150798 0.786075
vt 0.149621 0.782930
vt 0.133149 0.782930
vt 0.133149 0.773517
vt 0.149621 0.773517
vt 0.195299 0.837602
vt 0.184592 0.837602
vt 0.184592 0.819953
vt 0.195299 0.819953
vt 0.158497 0.818165
vt 0.158497 0.804399
vt 0.160968 0.801811
vt 0.160968 0.818165
vt 0.178857 0.816722
vt 0.165091 0.816722
vt 0.165091 0.814252
vt 0.181446 0.814252
vt 0.257727 0.986796
vt 0.257727 0.969029
vt 0.259609 0.969029
vt 0.259609 0.986796
vt 0.037207 0.888628
vt 0.037207 0.872156
vt 0.038854 0.872156
vt 0.038854 0.888628
vt 0.178857 0.831430
vt 0.181446 0.831430
vt 0.143790 0.804399
vt 0.143790 0.801811
vt 0.180586 0.799928
vt 0.180586 0.811106
vt 0.164114 0.811106
vt 0.164114 0.799928
vt 0.150798 0.798665
vt 0.133149 0.798665
vt 0.133149 0.786075
vt 0.150798 0.786075
vt 0.149621 0.782930
vt 0.133149 0.782930
vt 0.133149 0.773517
vt 0.149621 0.773517
vt 0.195299 0.837602
vt 0.184592 0.837602
vt 0.184592 0.819953
vt 0.195299 0.819953
vt 0.158497 0.818165
vt 0.158497 0.804399
vt 0.160968 0.801811
vt 0.160968 0.818165
vt 0.178857 0.816722
vt 0.165091 0.816722
vt 0.165091 0.814252
vt 0.181446 0.814252
vt 0.257727 0.986796
vt 0.257727 0.969029
vt 0.259609 0.969029
vt 0.259609 0.986796
vt 0.037207 0.888628
vt 0.037207 0.872156
vt 0.038854 0.872156
vt 0.038854 0.888628
vt 0.178857 0.831430
vt 0.181446 0.831430
vt 0.143790 0.804399
vt 0.143790 0.801811
vt 0.180586 0.799928
vt 0.180586 0.811106
vt 0.164114 0.811106
vt 0.164114 0.799928
vt 0.150798 0.798665
vt 0.133149 0.798665
vt 0.133149 0.786075
vt 0.150798 0.786075
vt 0.149621 0.782930
vt 0.133149 0.782930
vt 0.133149 0.773517
vt 0.149621 0.773517
vt 0.195299 0.837602
vt 0.184592 0.837602
vt 0.184592 0.819953
vt 0.195299 0.819953
vt 0.158497 0.818165
vt 0.158497 0.804399
vt 0.160968 0.801811
vt 0.160968 0.818165
vt 0.178857 0.816722
vt 0.165091 0.816722
vt 0.165091 0.814252
vt 0.181446 0.814252
vt 0.257727 0.986796
vt 0.257727 0.969029
vt 0.259609 0.969029
vt 0.259609 0.986796
vt 0.037207 0.888628
vt 0.037207 0.872156
vt 0.038854 0.872156
vt 0.038854 0.888628
vt 0.178857 0.831430
vt 0.181446 0.831430
vt 0.143790 0.804399
vt 0.143790 0.801811
vt 0.420103 0.112008
vt 0.420103 0.007056
vt 0.698250 0.007056
vt 0.698250 0.112008
vt 0.119296 0.836582
vt 0.119296 0.740454
vt 0.130003 0.740454
vt 0.130003 0.836582
vt 0.116151 0.740515
vt 0.116151 0.836761
vt 0.105326 0.836761
vt 0.105326 0.740515
vt 0.254987 0.026299
vt 0.254987 0.037124
vt 0.000137 0.037124
vt 0.000137 0.026299
vt 0.254987 0.023153
vt 0.000137 0.023153
vt 0.000137 0.012328
vt 0.254987 0.012328
vt 0.989364 0.114887
vt 0.711217 0.114887
vt 0.711217 0.009935
vt 0.989364 0.009935
vt 0.989364 0.114887
vt 0.711217 0.114887
vt 0.711217 0.009935
vt 0.989364 0.009935
vt 0.420103 0.112008
vt 0.420103 0.007056
vt 0.698250 0.007056
vt 0.698250 0.112008
vt 0.254987 0.037124
vt 0.000137 0.037124
vt 0.000137 0.026299
vt 0.254987 0.026299
vt 0.254987 0.023153
vt 0.000137 0.023153
vt 0.000137 0.012328
vt 0.254987 0.012328
vt 0.130003 0.740454
vt 0.130003 0.836582
vt 0.119296 0.836582
vt 0.119296 0.740454
vt 0.105326 0.836761
vt 0.105326 0.740515
vt 0.116151 0.740515
vt 0.116151 0.836761
vt 0.176367 0.839839
vt 0.820130 0.741043
vt 0.257081 0.920436
vt 0.820247 0.485487
vt 0.886607 0.485487
vt 0.253669 0.986796
vt 0.148717 0.986796
vt 0.525777 0.931385
vt 0.950991 0.862201
vt 0.550368 0.988921
vt 0.930048 0.862201
vt 0.930048 0.796665
vt 0.950991 0.796665
vt 0.022728 0.999863
vt 0.950991 0.972919
vt 0.930048 0.972919
vt 0.930048 0.948093
vt 0.950991 0.948093
vt 0.930048 0.927267
vt 0.528483 0.955976
vt 0.536719 0.975154
vt 0.902813 0.750307
vt 0.902813 0.999863
vt 0.021080 0.990215
vt 0.033788 0.990215
vt 0.128827 0.598557
vt 0.063290 0.598321
vt 0.063290 0.588556
vt 0.129650 0.585497
vt 0.197657 0.667035
vt 0.194716 0.642326
vt 0.207423 0.638914
vt 0.210718 0.666093
vt 0.265459 0.990215
vt 0.153975 0.807545
vt 0.886607 0.741043
vt 0.718119 0.741043
vt 0.690704 0.741043
vt 0.690704 0.485487
vt 0.718119 0.485487
vt 0.186362 0.623265
vt 0.197187 0.615853
vt 0.172714 0.609617
vt 0.743298 0.741043
vt 0.743298 0.485487
vt 0.792715 0.741043
vt 0.792715 0.485487
vt 0.889753 0.999863
vt 0.881780 0.188101
vt 0.278284 0.999745
vt 0.950991 0.927267
vt 0.950991 0.887028
vt 0.889753 0.750307
vt 0.525777 0.904324
vt 0.930048 0.887028
vt 0.930048 0.907853
vt 0.950991 0.907853
vt 0.930048 0.999863
vt 0.994705 0.511244
vt 0.180008 0.598674
vt 0.059680 0.856334
vt 0.262040 0.886184
vt 0.037207 0.856334
vt 0.000137 0.459663
vt 0.994705 0.742916
vt 0.662937 0.741043
vt 0.021080 0.549698
vt 0.000137 0.351565
vt 0.889753 0.742916
vt 0.889753 0.511244
vt 0.000137 0.990215
vt 0.000137 0.549698
vt 0.033788 0.549698
vt 0.022728 0.540050
vt 0.278284 0.645120
vt 0.278284 0.894675
vt 0.265459 0.549698
vt 0.278284 0.540168
vt 0.662937 0.485487
vt 0.000137 0.354711
vt 0.000137 0.246613
vt 0.767536 0.741043
vt 0.148717 0.839839
vt 0.203664 0.842898
vt 0.253904 0.893256
vt 0.243903 0.870078
vt 0.226725 0.852899
vt 0.882747 0.190075
vt 0.767536 0.485487
vt 0.525777 0.654768
vt 0.550368 0.570289
vt 0.594137 0.999863
vt 0.569546 0.997039
vt 0.569546 0.562052
vt 0.594137 0.559346
vt 0.659791 0.999863
vt 0.659791 0.559346
vt 0.525777 0.627824
vt 0.528483 0.603115
vt 0.536719 0.583937
vt 0.155622 0.820487
vt 0.133149 0.820487
vt 0.133149 0.807545
vt 0.905959 0.862201
vt 0.905959 0.796548
vt 0.926902 0.796548
vt 0.926902 0.862201
vt 0.905959 0.972801
vt 0.905959 0.948093
vt 0.926902 0.948093
vt 0.926902 0.972801
vt 0.729414 0.999863
vt 0.522631 0.999863
vt 0.200748 0.773780
vt 0.662937 0.999863
vt 0.662937 0.744189
vt 0.729414 0.744189
vt 0.290960 0.999863
vt 0.290960 0.559346
vt 0.831543 0.999863
vt 0.522631 0.559346
vt 0.831543 0.744189
vt 0.950991 0.999863
vt 0.117921 0.839721
vt 0.145571 0.839721
vt 0.145571 0.986796
vt 0.586256 0.204961
vt 0.040619 0.986796
vt 0.037207 0.920436
vt 0.858957 0.744189
vt 0.090624 0.842898
vt 0.040266 0.893256
vt 0.858957 0.999863
vt 0.050385 0.870078
vt 0.067563 0.852899
vt 0.213808 0.773074
vt 0.440654 0.354711
vt 0.440654 0.459663
vt 0.210749 0.839434
vt 0.200983 0.839434
vt 0.905959 0.927149
vt 0.926902 0.927149
vt 0.132388 0.705067
vt 0.905959 0.887028
vt 0.133211 0.692006
vt 0.160391 0.695301
vt 0.994478 0.483957
vt 0.889526 0.483957
vt 0.889526 0.252286
vt 0.994478 0.252286
vt 0.134678 0.823633
vt 0.926902 0.887028
vt 0.156978 0.708008
vt 0.155622 0.823633
vt 0.155622 0.836576
vt 0.133149 0.836576
vt 0.806364 0.999863
vt 0.806364 0.744189
vt 0.756829 0.744189
vt 0.183452 0.705419
vt 0.176157 0.716244
vt 0.200630 0.722715
vt 0.189805 0.730010
vt 0.210631 0.745777
vt 0.197924 0.749189
vt 0.756829 0.999863
vt 0.886607 0.744189
vt 0.440654 0.246613
vt 0.153535 0.601381
vt 0.156830 0.588673
vt 0.197893 0.693979
vt 0.210953 0.693861
vt 0.886607 0.999863
vt 0.782008 0.999863
vt 0.782008 0.744189
vt 0.905959 0.907853
vt 0.926902 0.907853
vt 0.105326 0.704831
vt 0.105444 0.691771
vt 0.876526 0.194108
vt 0.037207 0.606778
vt 0.926902 0.999863
vt 0.905959 0.999863
vt 0.440654 0.351565
vt 0.587447 0.198704
vt 0.870865 0.198741
vt 0.866832 0.204961
vt 0.262040 0.636629
vt 0.059680 0.606778
vt 0.705992 0.211585
vt 0.255722 0.884956
vt 0.729465 0.194108
vt 0.446894 0.211585
vt 0.253568 0.882328
vt 0.287814 0.890937
vt 0.864114 0.211585
vt 0.730696 0.186906
vt 0.285625 0.893497
vt 0.715083 0.211585
vt 0.889753 0.513238
vt 0.292954 0.559346
vt 0.000137 0.356920
vt 0.891962 0.511244
vt 0.891736 0.483957
vt 0.440654 0.356920
vt 0.292954 0.999863
vt 0.889526 0.481963
vt 0.285625 0.646389
vt 0.872839 0.199707
vt 0.864114 0.453546
vt 0.287814 0.648976
vt 0.715083 0.453546
vt 0.705992 0.453546
vt 0.253568 0.640367
vt 0.446894 0.453546
vt 0.874004 0.201889
vt 0.255722 0.637770
vt 0.874034 0.350792
vt 0.710333 0.453546
vt 0.879598 0.186936
vt 0.710333 0.211585
vt 0.882784 0.473493
vt 0.876526 0.474684
vt 0.866832 0.352022
vt 0.864016 0.457949
vt 0.714673 0.457984
vt 0.705956 0.457974
vt 0.446894 0.457965
vt 0.709848 0.457913
vt 0.706500 0.207115
vt 0.710735 0.207186
vt 0.446964 0.207186
vt 0.715132 0.207160
vt 0.864114 0.207168
vt 0.036494 0.535767
vt 0.000608 0.535767
vt 0.000137 0.526825
vt 0.036494 0.526825
vt 0.072733 0.535885
vt 0.072733 0.527060
vt 0.108972 0.536120
vt 0.109090 0.527178
vt 0.145329 0.536355
vt 0.145329 0.527413
vt 0.181685 0.536591
vt 0.181803 0.527649
vt 0.218278 0.536826
vt 0.218278 0.527766
vt 0.254870 0.536944
vt 0.254987 0.528001
vt 0.291579 0.537061
vt 0.291579 0.528001
vt 0.328289 0.537061
vt 0.328289 0.528119
vt 0.364881 0.537061
vt 0.364881 0.528001
vt 0.401591 0.536944
vt 0.401591 0.528001
vt 0.438183 0.536826
vt 0.438183 0.527766
vt 0.474775 0.536591
vt 0.474775 0.527649
vt 0.511249 0.536355
vt 0.511132 0.527413
vt 0.547489 0.536120
vt 0.547489 0.527178
vt 0.583845 0.535885
vt 0.583845 0.527060
vt 0.620084 0.535767
vt 0.620084 0.526825
vt 0.655971 0.535767
vt 0.656441 0.526825
vt 0.008491 0.141809
vt 0.000137 0.141809
vt 0.006373 0.106629
vt 0.014256 0.109453
vt 0.024257 0.075567
vt 0.030729 0.080979
vt 0.051672 0.052506
vt 0.055908 0.059801
vt 0.085322 0.040269
vt 0.086852 0.048505
vt 0.121209 0.040269
vt 0.119679 0.048505
vt 0.154859 0.052506
vt 0.150623 0.059801
vt 0.182274 0.075567
vt 0.175920 0.080979
vt 0.200158 0.106629
vt 0.192275 0.109453
vt 0.206394 0.141809
vt 0.198040 0.141809
vt 0.200158 0.177107
vt 0.192275 0.174283
vt 0.182274 0.208169
vt 0.175920 0.202757
vt 0.154859 0.231113
vt 0.150623 0.223936
vt 0.121209 0.243467
vt 0.119679 0.235231
vt 0.085322 0.243467
vt 0.086852 0.235231
vt 0.051672 0.231113
vt 0.055908 0.223936
vt 0.024257 0.208169
vt 0.030729 0.202757
vt 0.006373 0.177107
vt 0.014256 0.174283
vt 0.145564 0.472466
vt 0.182038 0.472584
vt 0.218513 0.472584
vt 0.255105 0.472702
vt 0.291697 0.472702
vt 0.474540 0.472466
vt 0.510896 0.472466
vt 0.000961 0.462818
vt 0.036847 0.463171
vt 0.036729 0.471996
vt 0.000372 0.471760
vt 0.073086 0.463289
vt 0.072968 0.472231
vt 0.109325 0.463406
vt 0.109325 0.472349
vt 0.145682 0.463524
vt 0.182038 0.463524
vt 0.218513 0.463642
vt 0.255105 0.463642
vt 0.291697 0.463759
vt 0.328289 0.463759
vt 0.328289 0.472702
vt 0.364881 0.463642
vt 0.364881 0.472702
vt 0.401473 0.463642
vt 0.401473 0.472702
vt 0.437948 0.463642
vt 0.438065 0.472584
vt 0.474540 0.463524
vt 0.510896 0.463524
vt 0.547253 0.463406
vt 0.547253 0.472349
vt 0.583492 0.463289
vt 0.583610 0.472113
vt 0.619731 0.463171
vt 0.619849 0.471996
vt 0.655618 0.462818
vt 0.656206 0.471760
vt 0.407443 0.141927
vt 0.401678 0.109453
vt 0.409561 0.106629
vt 0.415797 0.141927
vt 0.385205 0.080979
vt 0.391677 0.075567
vt 0.360026 0.059801
vt 0.364262 0.052623
vt 0.329082 0.048623
vt 0.330611 0.040387
vt 0.296255 0.048623
vt 0.294725 0.040387
vt 0.265310 0.059801
vt 0.261075 0.052623
vt 0.240013 0.080979
vt 0.233660 0.075567
vt 0.223659 0.109453
vt 0.215776 0.106629
vt 0.217893 0.141927
vt 0.209540 0.141927
vt 0.223659 0.174283
vt 0.215776 0.177107
vt 0.240013 0.202757
vt 0.233660 0.208169
vt 0.265310 0.223936
vt 0.261075 0.231230
vt 0.296255 0.235231
vt 0.294725 0.243467
vt 0.329082 0.235231
vt 0.330611 0.243467
vt 0.360026 0.223936
vt 0.364262 0.231230
vt 0.385205 0.202757
vt 0.391677 0.208169
vt 0.401678 0.174283
vt 0.409561 0.177107
vt 0.794313 0.137555
vt 0.834222 0.137740
vt 0.834166 0.141830
vt 0.794264 0.141287
vt 0.794313 0.133691
vt 0.834222 0.133506
vt 0.794264 0.129959
vt 0.834166 0.129416
vt 0.794213 0.126227
vt 0.834111 0.125327
vt 0.793086 0.167644
vt 0.832876 0.170712
vt 0.832531 0.174932
vt 0.792769 0.171495
vt 0.793340 0.163921
vt 0.833154 0.166632
vt 0.793593 0.160197
vt 0.833432 0.162551
vt 0.793804 0.156339
vt 0.833662 0.158324
vt 0.793957 0.152610
vt 0.833829 0.154238
vt 0.794108 0.148881
vt 0.833996 0.150151
vt 0.794213 0.145019
vt 0.834111 0.145919
vt 0.155944 0.798194
vt 0.157826 0.798665
vt 0.159827 0.798194
vt 0.153944 0.794782
vt 0.161238 0.796782
vt 0.161827 0.794782
vt 0.159827 0.791370
vt 0.161238 0.792782
vt 0.157826 0.790900
vt 0.155944 0.791370
vt 0.154414 0.792782
vt 0.154414 0.796782
vt 0.159944 0.824104
vt 0.163003 0.820927
vt 0.167239 0.819868
vt 0.159944 0.832458
vt 0.171475 0.820927
vt 0.174652 0.824104
vt 0.174652 0.832458
vt 0.175711 0.828340
vt 0.171475 0.835634
vt 0.167239 0.836693
vt 0.163003 0.835634
vt 0.158768 0.828340
vt 0.953949 0.138295
vt 0.993858 0.138480
vt 0.993778 0.143999
vt 0.953875 0.143457
vt 0.914040 0.138110
vt 0.913972 0.142914
vt 0.874131 0.137925
vt 0.874069 0.142372
vt 0.714458 0.140202
vt 0.674555 0.139660
vt 0.674586 0.137000
vt 0.714495 0.137185
vt 0.754361 0.140745
vt 0.754404 0.137370
vt 0.953949 0.132951
vt 0.993858 0.132766
vt 0.914040 0.133136
vt 0.874131 0.133321
vt 0.674586 0.134246
vt 0.714495 0.134061
vt 0.754404 0.133876
vt 0.953875 0.127789
vt 0.993778 0.127247
vt 0.913972 0.128332
vt 0.874069 0.128874
vt 0.674555 0.131586
vt 0.714458 0.131044
vt 0.754361 0.130501
vt 0.953805 0.122627
vt 0.993703 0.121727
vt 0.913907 0.123527
vt 0.874009 0.124427
vt 0.674519 0.128927
vt 0.714417 0.128027
vt 0.754315 0.127127
vt 0.952249 0.179915
vt 0.992040 0.182983
vt 0.991579 0.188678
vt 0.951817 0.185242
vt 0.912458 0.176847
vt 0.912055 0.181805
vt 0.872667 0.173780
vt 0.872293 0.178368
vt 0.713246 0.164622
vt 0.673484 0.161185
vt 0.673713 0.158441
vt 0.713504 0.161509
vt 0.753008 0.168059
vt 0.753295 0.164577
vt 0.952596 0.174765
vt 0.992410 0.177475
vt 0.912782 0.172054
vt 0.872968 0.169343
vt 0.673898 0.155788
vt 0.713712 0.158499
vt 0.753526 0.161210
vt 0.952948 0.169614
vt 0.992787 0.171968
vt 0.913110 0.167260
vt 0.873271 0.164906
vt 0.674077 0.153134
vt 0.713915 0.155488
vt 0.753754 0.157843
vt 0.953238 0.164278
vt 0.993097 0.166262
vt 0.913380 0.162293
vt 0.873521 0.160308
vt 0.674228 0.150385
vt 0.714086 0.152370
vt 0.753945 0.154355
vt 0.953446 0.159120
vt 0.993318 0.160747
vt 0.913574 0.157492
vt 0.873701 0.155865
vt 0.674340 0.147728
vt 0.714212 0.149356
vt 0.754084 0.150983
vt 0.953659 0.153961
vt 0.993546 0.155232
vt 0.913771 0.152691
vt 0.873883 0.151421
vt 0.674445 0.145071
vt 0.714333 0.146341
vt 0.754220 0.147611
vt 0.953806 0.148619
vt 0.993704 0.149519
vt 0.913907 0.147719
vt 0.874009 0.146819
vt 0.674518 0.142319
vt 0.714416 0.143219
vt 0.754314 0.144119
vt 0.094297 0.823797
vt 0.094297 0.830001
vt 0.091708 0.830001
vt 0.091708 0.823797
vt 0.089002 0.829798
vt 0.089002 0.823444
vt 0.086414 0.829798
vt 0.086414 0.823444
vt 0.102180 0.823797
vt 0.102180 0.830001
vt 0.099592 0.830001
vt 0.099592 0.823797
vt 0.096885 0.830001
vt 0.096885 0.823797
vt 0.094297 0.636954
vt 0.094297 0.644227
vt 0.091708 0.644227
vt 0.091708 0.636954
vt 0.089002 0.644227
vt 0.089002 0.636954
vt 0.086414 0.644227
vt 0.086414 0.636954
vt 0.102180 0.636954
vt 0.102180 0.644227
vt 0.099592 0.644227
vt 0.099592 0.636954
vt 0.096885 0.644227
vt 0.096885 0.636954
vt 0.094297 0.651073
vt 0.094297 0.658731
vt 0.091708 0.658669
vt 0.091708 0.651073
vt 0.089002 0.658669
vt 0.089002 0.651073
vt 0.086414 0.658669
vt 0.086414 0.651073
vt 0.102180 0.651073
vt 0.102180 0.658669
vt 0.099592 0.658669
vt 0.099592 0.651073
vt 0.096885 0.658669
vt 0.096885 0.651073
vt 0.094297 0.665427
vt 0.094297 0.673359
vt 0.091708 0.673305
vt 0.091708 0.665309
vt 0.089002 0.673305
vt 0.089002 0.665309
vt 0.086414 0.673305
vt 0.086414 0.665309
vt 0.102180 0.665309
vt 0.102180 0.673305
vt 0.099592 0.673305
vt 0.099592 0.665309
vt 0.096885 0.673305
vt 0.096885 0.665309
vt 0.094297 0.680135
vt 0.094297 0.686585
vt 0.091708 0.686585
vt 0.091708 0.680135
vt 0.089002 0.686585
vt 0.089002 0.680135
vt 0.086414 0.686585
vt 0.086414 0.680135
vt 0.102180 0.680135
vt 0.102180 0.686585
vt 0.099592 0.686585
vt 0.099592 0.680135
vt 0.096885 0.686585
vt 0.096885 0.680135
vt 0.094297 0.694371
vt 0.094297 0.701384
vt 0.091708 0.701384
vt 0.091708 0.694371
vt 0.089002 0.701325
vt 0.089002 0.694371
vt 0.086414 0.701325
vt 0.086414 0.694371
vt 0.102180 0.694371
vt 0.102180 0.701384
vt 0.099592 0.701384
vt 0.099592 0.694371
vt 0.096885 0.701384
vt 0.096885 0.694371
vt 0.094297 0.708490
vt 0.094297 0.716990
vt 0.091708 0.716990
vt 0.091708 0.708490
vt 0.089002 0.716873
vt 0.089002 0.708373
vt 0.086414 0.716873
vt 0.086414 0.708373
vt 0.102180 0.708490
vt 0.102180 0.716990
vt 0.099592 0.716990
vt 0.099592 0.708490
vt 0.096885 0.716990
vt 0.096885 0.708490
vt 0.094297 0.723080
vt 0.094297 0.726337
vt 0.091708 0.726337
vt 0.091708 0.723080
vt 0.089002 0.726219
vt 0.089002 0.722963
vt 0.086414 0.726219
vt 0.086414 0.722963
vt 0.102180 0.723080
vt 0.102180 0.726337
vt 0.099592 0.726337
vt 0.099592 0.723080
vt 0.096885 0.726337
vt 0.096885 0.723080
vt 0.094297 0.737670
vt 0.094297 0.745402
vt 0.091708 0.745402
vt 0.091708 0.737670
vt 0.089002 0.745220
vt 0.089002 0.737552
vt 0.086414 0.745220
vt 0.086414 0.737552
vt 0.102180 0.737670
vt 0.102180 0.745402
vt 0.099592 0.745402
vt 0.099592 0.737670
vt 0.096885 0.745402
vt 0.096885 0.737670
vt 0.094297 0.751789
vt 0.094297 0.759091
vt 0.091708 0.759091
vt 0.091708 0.751789
vt 0.089002 0.758856
vt 0.089002 0.751554
vt 0.086414 0.758856
vt 0.086414 0.751554
vt 0.102180 0.751789
vt 0.102180 0.759091
vt 0.099592 0.759091
vt 0.099592 0.751789
vt 0.096885 0.759091
vt 0.096885 0.751789
vt 0.094297 0.766026
vt 0.094297 0.774230
vt 0.091708 0.774230
vt 0.091708 0.766026
vt 0.089002 0.773994
vt 0.089002 0.765791
vt 0.086414 0.773994
vt 0.086414 0.765791
vt 0.102180 0.766026
vt 0.102180 0.774230
vt 0.099592 0.774230
vt 0.099592 0.766026
vt 0.096885 0.774230
vt 0.096885 0.766026
vt 0.094297 0.780851
vt 0.094297 0.786934
vt 0.091708 0.786934
vt 0.091708 0.780851
vt 0.089002 0.786699
vt 0.089002 0.780616
vt 0.086414 0.786699
vt 0.086414 0.780616
vt 0.102180 0.780851
vt 0.102180 0.786934
vt 0.099592 0.786934
vt 0.099592 0.780851
vt 0.096885 0.786934
vt 0.096885 0.780851
vt 0.094297 0.795088
vt 0.094297 0.805130
vt 0.091708 0.805130
vt 0.091708 0.795088
vt 0.089002 0.804811
vt 0.089002 0.794852
vt 0.086414 0.804811
vt 0.086414 0.794852
vt 0.102180 0.795088
vt 0.102180 0.805130
vt 0.099592 0.805130
vt 0.099592 0.795088
vt 0.096885 0.805130
vt 0.096885 0.795088
vt 0.094297 0.809207
vt 0.094297 0.814342
vt 0.091708 0.814342
vt 0.091708 0.809207
vt 0.089002 0.813989
vt 0.089002 0.808854
vt 0.086414 0.813989
vt 0.086414 0.808854
vt 0.102180 0.809207
vt 0.102180 0.814342
vt 0.099592 0.814342
vt 0.099592 0.809207
vt 0.096885 0.814342
vt 0.096885 0.809207
vt 0.094297 0.838386
vt 0.091708 0.838386
vt 0.089002 0.838386
vt 0.086414 0.838386
vt 0.102180 0.838386
vt 0.099592 0.838386
vt 0.096885 0.838386
vt 0.794313 0.137555
vt 0.834222 0.137740
vt 0.834166 0.141830
vt 0.794264 0.141287
vt 0.794313 0.133691
vt 0.834222 0.133506
vt 0.794264 0.129959
vt 0.834166 0.129416
vt 0.794213 0.126227
vt 0.834111 0.125327
vt 0.793086 0.167644
vt 0.832876 0.170712
vt 0.832531 0.174932
vt 0.792769 0.171495
vt 0.793340 0.163921
vt 0.833154 0.166632
vt 0.793593 0.160197
vt 0.833432 0.162551
vt 0.793804 0.156339
vt 0.833662 0.158324
vt 0.793957 0.152610
vt 0.833829 0.154238
vt 0.794108 0.148881
vt 0.833996 0.150151
vt 0.794213 0.145019
vt 0.834111 0.145919
vt 0.155944 0.798194
vt 0.157826 0.798665
vt 0.159827 0.798194
vt 0.153944 0.794782
vt 0.161238 0.796782
vt 0.161827 0.794782
vt 0.159827 0.791370
vt 0.161238 0.792782
vt 0.157826 0.790900
vt 0.155944 0.791370
vt 0.154414 0.792782
vt 0.154414 0.796782
vt 0.159944 0.824104
vt 0.163003 0.820927
vt 0.167239 0.819868
vt 0.159944 0.832458
vt 0.171475 0.820927
vt 0.174652 0.824104
vt 0.174652 0.832458
vt 0.175711 0.828340
vt 0.171475 0.835634
vt 0.167239 0.836693
vt 0.163003 0.835634
vt 0.158768 0.828340
vt 0.953949 0.138295
vt 0.993858 0.138480
vt 0.993778 0.143999
vt 0.953875 0.143457
vt 0.914040 0.138110
vt 0.913972 0.142914
vt 0.874131 0.137925
vt 0.874069 0.142372
vt 0.714458 0.140202
vt 0.674555 0.139660
vt 0.674586 0.137000
vt 0.714495 0.137185
vt 0.754361 0.140745
vt 0.754404 0.137370
vt 0.953949 0.132951
vt 0.993858 0.132766
vt 0.914040 0.133136
vt 0.874131 0.133321
vt 0.674586 0.134246
vt 0.714495 0.134061
vt 0.754404 0.133876
vt 0.953875 0.127789
vt 0.993778 0.127247
vt 0.913972 0.128332
vt 0.874069 0.128874
vt 0.674555 0.131586
vt 0.714458 0.131044
vt 0.754361 0.130501
vt 0.953805 0.122627
vt 0.993703 0.121727
vt 0.913907 0.123527
vt 0.874009 0.124427
vt 0.674519 0.128927
vt 0.714417 0.128027
vt 0.754315 0.127127
vt 0.952249 0.179915
vt 0.992040 0.182983
vt 0.991579 0.188678
vt 0.951817 0.185242
vt 0.912458 0.176847
vt 0.912055 0.181805
vt 0.872667 0.173780
vt 0.872293 0.178368
vt 0.713246 0.164622
vt 0.673484 0.161185
vt 0.673713 0.158441
vt 0.713504 0.161509
vt 0.753008 0.168059
vt 0.753295 0.164577
vt 0.952596 0.174765
vt 0.992410 0.177475
vt 0.912782 0.172054
vt 0.872968 0.169343
vt 0.673898 0.155788
vt 0.713712 0.158499
vt 0.753526 0.161210
vt 0.952948 0.169614
vt 0.992787 0.171968
vt 0.913110 0.167260
vt 0.873271 0.164906
vt 0.674077 0.153134
vt 0.713915 0.155488
vt 0.753754 0.157843
vt 0.953238 0.164278
vt 0.993097 0.166262
vt 0.913380 0.162293
vt 0.873521 0.160308
vt 0.674228 0.150385
vt 0.714086 0.152370
vt 0.753945 0.154355
vt 0.953446 0.159120
vt 0.993318 0.160747
vt 0.913574 0.157492
vt 0.873701 0.155865
vt 0.674340 0.147728
vt 0.714212 0.149356
vt 0.754084 0.150983
vt 0.953659 0.153961
vt 0.993546 0.155232
vt 0.913771 0.152691
vt 0.873883 0.151421
vt 0.674445 0.145071
vt 0.714333 0.146341
vt 0.754220 0.147611
vt 0.953806 0.148619
vt 0.993704 0.149519
vt 0.913907 0.147719
vt 0.874009 0.146819
vt 0.674518 0.142319
vt 0.714416 0.143219
vt 0.754314 0.144119
vt 0.794313 0.137555
vt 0.834222 0.137740
vt 0.834166 0.141830
vt 0.794264 0.141287
vt 0.794313 0.133691
vt 0.834222 0.133506
vt 0.794264 0.129959
vt 0.834166 0.129416
vt 0.794213 0.126227
vt 0.834111 0.125327
vt 0.793086 0.167644
vt 0.832876 0.170712
vt 0.832531 0.174932
vt 0.792769 0.171495
vt 0.793340 0.163921
vt 0.833154 0.166632
vt 0.793593 0.160197
vt 0.833432 0.162551
vt 0.793804 0.156339
vt 0.833662 0.158324
vt 0.793957 0.152610
vt 0.833829 0.154238
vt 0.794108 0.148881
vt 0.833996 0.150151
vt 0.794213 0.145019
vt 0.834111 0.145919
vt 0.155944 0.798194
vt 0.157826 0.798665
vt 0.159827 0.798194
vt 0.153944 0.794782
vt 0.161238 0.796782
vt 0.161827 0.794782
vt 0.159827 0.791370
vt 0.161238 0.792782
vt 0.157826 0.790900
vt 0.155944 0.791370
vt 0.154414 0.792782
vt 0.154414 0.796782
vt 0.159944 0.824104
vt 0.163003 0.820927
vt 0.167239 0.819868
vt 0.159944 0.832458
vt 0.171475 0.820927
vt 0.174652 0.824104
vt 0.174652 0.832458
vt 0.175711 0.828340
vt 0.171475 0.835634
vt 0.167239 0.836693
vt 0.163003 0.835634
vt 0.158768 0.828340
vt 0.953949 0.138295
vt 0.993858 0.138480
vt 0.993778 0.143999
vt 0.953875 0.143457
vt 0.914040 0.138110
vt 0.913972 0.142914
vt 0.874131 0.137925
vt 0.874069 0.142372
vt 0.714458 0.140202
vt 0.674555 0.139660
vt 0.674586 0.137000
vt 0.714495 0.137185
vt 0.754361 0.140745
vt 0.754404 0.137370
vt 0.953949 0.132951
vt 0.993858 0.132766
vt 0.914040 0.133136
vt 0.874131 0.133321
vt 0.674586 0.134246
vt 0.714495 0.134061
vt 0.754404 0.133876
vt 0.953875 0.127789
vt 0.993778 0.127247
vt 0.913972 0.128332
vt 0.874069 0.128874
vt 0.674555 0.131586
vt 0.714458 0.131044
vt 0.754361 0.130501
vt 0.953805 0.122627
vt 0.993703 0.121727
vt 0.913907 0.123527
vt 0.874009 0.124427
vt 0.674519 0.128927
vt 0.714417 0.128027
vt 0.754315 0.127127
vt 0.952249 0.179915
vt 0.992040 0.182983
vt 0.991579 0.188678
vt 0.951817 0.185242
vt 0.912458 0.176847
vt 0.912055 0.181805
vt 0.872667 0.173780
vt 0.872293 0.178368
vt 0.713246 0.164622
vt 0.673484 0.161185
vt 0.673713 0.158441
vt 0.713504 0.161509
vt 0.753008 0.168059
vt 0.753295 0.164577
vt 0.952596 0.174765
vt 0.992410 0.177475
vt 0.912782 0.172054
vt 0.872968 0.169343
vt 0.673898 0.155788
vt 0.713712 0.158499
vt 0.753526 0.161210
vt 0.952948 0.169614
vt 0.992787 0.171968
vt 0.913110 0.167260
vt 0.873271 0.164906
vt 0.674077 0.153134
vt 0.713915 0.155488
vt 0.753754 0.157843
vt 0.953238 0.164278
vt 0.993097 0.166262
vt 0.913380 0.162293
vt 0.873521 0.160308
vt 0.674228 0.150385
vt 0.714086 0.152370
vt 0.753945 0.154355
vt 0.953446 0.159120
vt 0.993318 0.160747
vt 0.913574 0.157492
vt 0.873701 0.155865
vt 0.674340 0.147728
vt 0.714212 0.149356
vt 0.754084 0.150983
vt 0.953659 0.153961
vt 0.993546 0.155232
vt 0.913771 0.152691
vt 0.873883 0.151421
vt 0.674445 0.145071
vt 0.714333 0.146341
vt 0.754220 0.147611
vt 0.953806 0.148619
vt 0.993704 0.149519
vt 0.913907 0.147719
vt 0.874009 0.146819
vt 0.674518 0.142319
vt 0.714416 0.143219
vt 0.754314 0.144119
vn 0.969099 0.246670 0.000002
vn 0.910657 0.246661 -0.331456
vn 0.819141 0.490019 -0.298144
vn 0.819141 0.490019 -0.298144
vn 0.871702 0.490036 0.000004
vn 0.969099 0.246670 0.000002
vn 0.910657 0.246661 -0.331456
vn 0.742373 0.246670 -0.622926
vn 0.667762 0.490034 -0.560322
vn 0.667762 0.490034 -0.560322
vn 0.819141 0.490019 -0.298144
vn 0.910657 0.246661 -0.331456
vn 0.742373 0.246670 -0.622926
vn 0.484549 0.246676 -0.839263
vn 0.435855 0.490050 -0.754905
vn 0.435855 0.490050 -0.754905
vn 0.667762 0.490034 -0.560322
vn 0.742373 0.246670 -0.622926
vn 0.484549 0.246676 -0.839263
vn 0.168282 0.246653 -0.954381
vn 0.151373 0.490008 -0.858474
vn 0.151373 0.490008 -0.858474
vn 0.435855 0.490050 -0.754905
vn 0.484549 0.246676 -0.839263
vn 0.168282 0.246653 -0.954381
vn -0.168286 0.246656 -0.954380
vn -0.151382 0.490003 -0.858476
vn -0.151382 0.490003 -0.858476
vn 0.151373 0.490008 -0.858474
vn 0.168282 0.246653 -0.954381
vn -0.168286 0.246656 -0.954380
vn -0.484546 0.246679 -0.839264
vn -0.435851 0.490046 -0.754910
vn -0.435851 0.490046 -0.754910
vn -0.151382 0.490003 -0.858476
vn -0.168286 0.246656 -0.954380
vn -0.484546 0.246679 -0.839264
vn -0.742371 0.246685 -0.622922
vn -0.667744 0.490066 -0.560315
vn -0.667744 0.490066 -0.560315
vn -0.435851 0.490046 -0.754910
vn -0.484546 0.246679 -0.839264
vn -0.742371 0.246685 -0.622922
vn -0.910656 0.246671 -0.331450
vn -0.819136 0.490035 -0.298131
vn -0.819136 0.490035 -0.298131
vn -0.667744 0.490066 -0.560315
vn -0.742371 0.246685 -0.622922
vn -0.910656 0.246671 -0.331450
vn -0.969094 0.246694 -0.000004
vn -0.871677 0.490082 -0.000010
vn -0.871677 0.490082 -0.000010
vn -0.819136 0.490035 -0.298131
vn -0.910656 0.246671 -0.331450
vn -0.969094 0.246694 -0.000004
vn -0.910656 0.246666 0.331454
vn -0.819133 0.490030 0.298147
vn -0.819133 0.490030 0.298147
vn -0.871677 0.490082 -0.000010
vn -0.969094 0.246694 -0.000004
vn -0.910656 0.246666 0.331454
vn -0.742371 0.246680 0.622924
vn -0.667760 0.490057 0.560305
vn -0.667760 0.490057 0.560305
vn -0.819133 0.490030 0.298147
vn -0.910656 0.246666 0.331454
vn -0.742371 0.246680 0.622924
vn -0.484547 0.246660 0.839269
vn -0.435851 0.490018 0.754928
vn -0.435851 0.490018 0.754928
vn -0.667760 0.490057 0.560305
vn -0.742371 0.246680 0.622924
vn -0.484547 0.246660 0.839269
vn -0.168286 0.246664 0.954378
vn -0.151374 0.490023 0.858466
vn -0.151374 0.490023 0.858466
vn -0.435851 0.490018 0.754928
vn -0.484547 0.246660 0.839269
vn -0.168286 0.246664 0.954378
vn 0.168281 0.246665 0.954378
vn 0.151372 0.490024 0.858465
vn 0.151372 0.490024 0.858465
vn -0.151374 0.490023 0.858466
vn -0.168286 0.246664 0.954378
vn 0.168281 0.246665 0.954378
vn 0.484546 0.246674 0.839266
vn 0.435851 0.490040 0.754914
vn 0.435851 0.490040 0.754914
vn 0.151372 0.490024 0.858465
vn 0.168281 0.246665 0.954378
vn 0.484546 0.246674 0.839266
vn 0.742370 0.246678 0.622926
vn 0.667754 0.490054 0.560315
vn 0.667754 0.490054 0.560315
vn 0.435851 0.490040 0.754914
vn 0.484546 0.246674 0.839266
vn 0.742370 0.246678 0.622926
vn 0.910659 0.246658 0.331451
vn 0.819145 0.490013 0.298141
vn 0.819145 0.490013 0.298141
vn 0.667754 0.490054 0.560315
vn 0.742370 0.246678 0.622926
vn 0.910659 0.246658 0.331451
vn 0.969099 0.246670 0.000002
vn 0.871702 0.490036 0.000004
vn 0.871702 0.490036 0.000004
vn 0.819145 0.490013 0.298141
vn 0.910659 0.246658 0.331451
vn 0.370211 0.919123 -0.134745
vn 0.208923 0.974971 -0.076042
vn 0.222328 0.974972 -0.000000
vn 0.222328 0.974972 -0.000000
vn 0.393967 0.919125 -0.000001
vn 0.370211 0.919123 -0.134745
vn 0.301791 0.919127 -0.253236
vn 0.170310 0.974973 -0.142910
vn 0.208923 0.974971 -0.076042
vn 0.208923 0.974971 -0.076042
vn 0.370211 0.919123 -0.134745
vn 0.301791 0.919127 -0.253236
vn 0.197000 0.919114 -0.341204
vn 0.111176 0.974968 -0.192554
vn 0.170310 0.974973 -0.142910
vn 0.170310 0.974973 -0.142910
vn 0.301791 0.919127 -0.253236
vn 0.197000 0.919114 -0.341204
vn 0.068412 0.919125 -0.387980
vn 0.038607 0.974972 -0.218949
vn 0.111176 0.974968 -0.192554
vn 0.111176 0.974968 -0.192554
vn 0.197000 0.919114 -0.341204
vn 0.068412 0.919125 -0.387980
vn -0.068414 0.919126 -0.387977
vn -0.038609 0.974972 -0.218950
vn 0.038607 0.974972 -0.218949
vn 0.038607 0.974972 -0.218949
vn 0.068412 0.919125 -0.387980
vn -0.068414 0.919126 -0.387977
vn -0.196993 0.919118 -0.341197
vn -0.111169 0.974970 -0.192551
vn -0.038609 0.974972 -0.218950
vn -0.038609 0.974972 -0.218950
vn -0.068414 0.919126 -0.387977
vn -0.196993 0.919118 -0.341197
vn -0.301805 0.919119 -0.253247
vn -0.170319 0.974970 -0.142914
vn -0.111169 0.974970 -0.192551
vn -0.111169 0.974970 -0.192551
vn -0.196993 0.919118 -0.341197
vn -0.301805 0.919119 -0.253247
vn -0.370205 0.919127 -0.134740
vn -0.208918 0.974973 -0.076039
vn -0.170319 0.974970 -0.142914
vn -0.170319 0.974970 -0.142914
vn -0.301805 0.919119 -0.253247
vn -0.370205 0.919127 -0.134740
vn -0.393988 0.919116 -0.000003
vn -0.222342 0.974969 -0.000002
vn -0.208918 0.974973 -0.076039
vn -0.208918 0.974973 -0.076039
vn -0.370205 0.919127 -0.134740
vn -0.393988 0.919116 -0.000003
vn -0.370197 0.919129 0.134744
vn -0.208913 0.974974 0.076039
vn -0.222342 0.974969 -0.000002
vn -0.222342 0.974969 -0.000002
vn -0.393988 0.919116 -0.000003
vn -0.370197 0.919129 0.134744
vn -0.301796 0.919126 0.253233
vn -0.170313 0.974972 0.142909
vn -0.208913 0.974974 0.076039
vn -0.208913 0.974974 0.076039
vn -0.370197 0.919129 0.134744
vn -0.301796 0.919126 0.253233
vn -0.196980 0.919128 0.341179
vn -0.111162 0.974973 0.192538
vn -0.170313 0.974972 0.142909
vn -0.170313 0.974972 0.142909
vn -0.301796 0.919126 0.253233
vn -0.196980 0.919128 0.341179
vn -0.068412 0.919126 0.387977
vn -0.038607 0.974972 0.218949
vn -0.111162 0.974973 0.192538
vn -0.111162 0.974973 0.192538
vn -0.196980 0.919128 0.341179
vn -0.068412 0.919126 0.387977
vn 0.068411 0.919126 0.387978
vn 0.038607 0.974972 0.218949
vn -0.038607 0.974972 0.218949
vn -0.038607 0.974972 0.218949
vn -0.068412 0.919126 0.387977
vn 0.068411 0.919126 0.387978
vn 0.196981 0.919128 0.341178
vn 0.111163 0.974973 0.192538
vn 0.038607 0.974972 0.218949
vn 0.038607 0.974972 0.218949
vn 0.068411 0.919126 0.387978
vn 0.196981 0.919128 0.341178
vn 0.301794 0.919126 0.253236
vn 0.170311 0.974972 0.142911
vn 0.111163 0.974973 0.192538
vn 0.111163 0.974973 0.192538
vn 0.196981 0.919128 0.341178
vn 0.301794 0.919126 0.253236
vn 0.370208 0.919124 0.134747
vn 0.208922 0.974971 0.076042
vn 0.170311 0.974972 0.142911
vn 0.170311 0.974972 0.142911
vn 0.301794 0.919126 0.253236
vn 0.370208 0.919124 0.134747
vn 0.393967 0.919125 -0.000001
vn 0.222328 0.974972 -0.000000
vn 0.208922 0.974971 0.076042
vn 0.208922 0.974971 0.076042
vn 0.370208 0.919124 0.134747
vn 0.393967 0.919125 -0.000001
vn 0.170310 0.974973 -0.142910
vn 0.111176 0.974968 -0.192554
vn 0.038607 0.974972 -0.218949
vn -0.170319 0.974970 -0.142914
vn -0.208918 0.974973 -0.076039
vn -0.222342 0.974969 -0.000002
vn 0.170310 0.974973 -0.142910
vn 0.038607 0.974972 -0.218949
vn 0.170311 0.974972 0.142911
vn 0.170311 0.974972 0.142911
vn 0.208923 0.974971 -0.076042
vn 0.170310 0.974973 -0.142910
vn 0.111163 0.974973 0.192538
vn 0.170311 0.974972 0.142911
vn 0.038607 0.974972 -0.218949
vn 0.038607 0.974972 -0.218949
vn -0.038609 0.974972 -0.218950
vn 0.111163 0.974973 0.192538
vn 0.111163 0.974973 0.192538
vn -0.038609 0.974972 -0.218950
vn -0.111169 0.974970 -0.192551
vn -0.111169 0.974970 -0.192551
vn 0.038607 0.974972 0.218949
vn 0.111163 0.974973 0.192538
vn -0.222342 0.974969 -0.000002
vn -0.208913 0.974974 0.076039
vn -0.038607 0.974972 0.218949
vn -0.038607 0.974972 0.218949
vn -0.170319 0.974970 -0.142914
vn -0.222342 0.974969 -0.000002
vn 0.038607 0.974972 0.218949
vn -0.111169 0.974970 -0.192551
vn -0.170319 0.974970 -0.142914
vn -0.170319 0.974970 -0.142914
vn -0.038607 0.974972 0.218949
vn 0.038607 0.974972 0.218949
vn 0.170311 0.974972 0.142911
vn 0.222328 0.974972 -0.000000
vn 0.208923 0.974971 -0.076042
vn 0.170311 0.974972 0.142911
vn 0.208922 0.974971 0.076042
vn 0.222328 0.974972 -0.000000
vn -0.038607 0.974972 0.218949
vn -0.208913 0.974974 0.076039
vn -0.170313 0.974972 0.142909
vn -0.170313 0.974972 0.142909
vn -0.111162 0.974973 0.192538
vn -0.038607 0.974972 0.218949
vn -0.168286 0.246656 -0.954380
vn 0.168282 0.246653 -0.954381
vn 0.168286 -0.246655 -0.954380
vn 0.168286 -0.246655 -0.954380
vn -0.168283 -0.246652 -0.954381
vn -0.168286 0.246656 -0.954380
vn -0.484546 0.246679 -0.839264
vn -0.168286 0.246656 -0.954380
vn -0.168283 -0.246652 -0.954381
vn -0.168283 -0.246652 -0.954381
vn -0.484549 -0.246675 -0.839264
vn -0.484546 0.246679 -0.839264
vn -0.742371 0.246685 -0.622922
vn -0.484546 0.246679 -0.839264
vn -0.484549 -0.246675 -0.839264
vn -0.484549 -0.246675 -0.839264
vn -0.742373 -0.246685 -0.622920
vn -0.742371 0.246685 -0.622922
vn -0.910656 0.246671 -0.331450
vn -0.742371 0.246685 -0.622922
vn -0.742373 -0.246685 -0.622920
vn -0.742373 -0.246685 -0.622920
vn -0.910654 -0.246670 -0.331456
vn -0.910656 0.246671 -0.331450
vn 0.168281 0.246665 0.954378
vn -0.168286 0.246664 0.954378
vn -0.168285 -0.246663 0.954378
vn -0.168285 -0.246663 0.954378
vn 0.168280 -0.246663 0.954379
vn 0.168281 0.246665 0.954378
vn 0.910658 -0.246661 -0.331453
vn 0.969100 -0.246669 -0.000002
vn 0.871703 -0.490035 -0.000005
vn 0.871703 -0.490035 -0.000005
vn 0.819144 -0.490016 -0.298139
vn 0.910658 -0.246661 -0.331453
vn 0.742373 -0.246668 -0.622926
vn 0.910658 -0.246661 -0.331453
vn 0.819144 -0.490016 -0.298139
vn 0.819144 -0.490016 -0.298139
vn 0.667762 -0.490035 -0.560322
vn 0.742373 -0.246668 -0.622926
vn 0.484545 -0.246677 -0.839265
vn 0.742373 -0.246668 -0.622926
vn 0.667762 -0.490035 -0.560322
vn 0.667762 -0.490035 -0.560322
vn 0.435847 -0.490045 -0.754913
vn 0.484545 -0.246677 -0.839265
vn 0.168286 -0.246655 -0.954380
vn 0.484545 -0.246677 -0.839265
vn 0.435847 -0.490045 -0.754913
vn 0.435847 -0.490045 -0.754913
vn 0.151381 -0.490002 -0.858477
vn 0.168286 -0.246655 -0.954380
vn -0.168283 -0.246652 -0.954381
vn 0.168286 -0.246655 -0.954380
vn 0.151381 -0.490002 -0.858477
vn 0.151381 -0.490002 -0.858477
vn -0.151374 -0.490007 -0.858475
vn -0.168283 -0.246652 -0.954381
vn -0.484549 -0.246675 -0.839264
vn -0.168283 -0.246652 -0.954381
vn -0.151374 -0.490007 -0.858475
vn -0.151374 -0.490007 -0.858475
vn -0.435854 -0.490051 -0.754905
vn -0.484549 -0.246675 -0.839264
vn -0.742373 -0.246685 -0.622920
vn -0.484549 -0.246675 -0.839264
vn -0.435854 -0.490051 -0.754905
vn -0.435854 -0.490051 -0.754905
vn -0.667751 -0.490063 -0.560310
vn -0.742373 -0.246685 -0.622920
vn -0.910654 -0.246670 -0.331456
vn -0.742373 -0.246685 -0.622920
vn -0.667751 -0.490063 -0.560310
vn -0.667751 -0.490063 -0.560310
vn -0.819130 -0.490035 -0.298145
vn -0.910654 -0.246670 -0.331456
vn -0.969094 -0.246693 0.000004
vn -0.910654 -0.246670 -0.331456
vn -0.819130 -0.490035 -0.298145
vn -0.819130 -0.490035 -0.298145
vn -0.871678 -0.490080 0.000009
vn -0.969094 -0.246693 0.000004
vn -0.910658 -0.246667 0.331448
vn -0.969094 -0.246693 0.000004
vn -0.871678 -0.490080 0.000009
vn -0.871678 -0.490080 0.000009
vn -0.819140 -0.490026 0.298134
vn -0.910658 -0.246667 0.331448
vn -0.742368 -0.246680 0.622928
vn -0.910658 -0.246667 0.331448
vn -0.819140 -0.490026 0.298134
vn -0.819140 -0.490026 0.298134
vn -0.667753 -0.490054 0.560315
vn -0.742368 -0.246680 0.622928
vn -0.484551 -0.246661 0.839267
vn -0.742368 -0.246680 0.622928
vn -0.667753 -0.490054 0.560315
vn -0.667753 -0.490054 0.560315
vn -0.435860 -0.490013 0.754925
vn -0.484551 -0.246661 0.839267
vn -0.168285 -0.246663 0.954378
vn -0.484551 -0.246661 0.839267
vn -0.435860 -0.490013 0.754925
vn -0.435860 -0.490013 0.754925
vn -0.151373 -0.490023 0.858466
vn -0.168285 -0.246663 0.954378
vn 0.168280 -0.246663 0.954379
vn -0.168285 -0.246663 0.954378
vn -0.151373 -0.490023 0.858466
vn -0.151373 -0.490023 0.858466
vn 0.151369 -0.490025 0.858466
vn 0.168280 -0.246663 0.954379
vn 0.484547 -0.246671 0.839266
vn 0.168280 -0.246663 0.954379
vn 0.151369 -0.490025 0.858466
vn 0.151369 -0.490025 0.858466
vn 0.435850 -0.490042 0.754913
vn 0.484547 -0.246671 0.839266
vn 0.742372 -0.246679 0.622923
vn 0.484547 -0.246671 0.839266
vn 0.435850 -0.490042 0.754913
vn 0.435850 -0.490042 0.754913
vn 0.667761 -0.490050 0.560309
vn 0.742372 -0.246679 0.622923
vn 0.910657 -0.246658 0.331456
vn 0.742372 -0.246679 0.622923
vn 0.667761 -0.490050 0.560309
vn 0.667761 -0.490050 0.560309
vn 0.819143 -0.490011 0.298152
vn 0.910657 -0.246658 0.331456
vn 0.969100 -0.246669 -0.000002
vn 0.910657 -0.246658 0.331456
vn 0.819143 -0.490011 0.298152
vn 0.819143 -0.490011 0.298152
vn 0.871703 -0.490035 -0.000005
vn 0.969100 -0.246669 -0.000002
vn 0.370215 -0.919122 -0.134746
vn 0.393970 -0.919123 -0.000001
vn 0.222330 -0.974971 -0.000000
vn 0.222330 -0.974971 -0.000000
vn 0.208925 -0.974971 -0.076042
vn 0.370215 -0.919122 -0.134746
vn 0.301794 -0.919125 -0.253238
vn 0.370215 -0.919122 -0.134746
vn 0.208925 -0.974971 -0.076042
vn 0.208925 -0.974971 -0.076042
vn 0.170311 -0.974972 -0.142911
vn 0.301794 -0.919125 -0.253238
vn 0.197002 -0.919113 -0.341207
vn 0.301794 -0.919125 -0.253238
vn 0.170311 -0.974972 -0.142911
vn 0.170311 -0.974972 -0.142911
vn 0.111177 -0.974968 -0.192556
vn 0.197002 -0.919113 -0.341207
vn 0.068413 -0.919124 -0.387984
vn 0.197002 -0.919113 -0.341207
vn 0.111177 -0.974968 -0.192556
vn 0.111177 -0.974968 -0.192556
vn 0.038607 -0.974972 -0.218951
vn 0.068413 -0.919124 -0.387984
vn -0.068415 -0.919125 -0.387981
vn 0.068413 -0.919124 -0.387984
vn 0.038607 -0.974972 -0.218951
vn 0.038607 -0.974972 -0.218951
vn -0.038610 -0.974971 -0.218952
vn -0.068415 -0.919125 -0.387981
vn -0.196995 -0.919117 -0.341200
vn -0.068415 -0.919125 -0.387981
vn -0.038610 -0.974971 -0.218952
vn -0.038610 -0.974971 -0.218952
vn -0.111170 -0.974969 -0.192553
vn -0.196995 -0.919117 -0.341200
vn -0.301808 -0.919118 -0.253249
vn -0.196995 -0.919117 -0.341200
vn -0.111170 -0.974969 -0.192553
vn -0.111170 -0.974969 -0.192553
vn -0.170321 -0.974970 -0.142916
vn -0.301808 -0.919118 -0.253249
vn -0.370208 -0.919125 -0.134741
vn -0.301808 -0.919118 -0.253249
vn -0.170321 -0.974970 -0.142916
vn -0.170321 -0.974970 -0.142916
vn -0.208920 -0.974972 -0.076039
vn -0.370208 -0.919125 -0.134741
vn -0.393992 -0.919114 -0.000003
vn -0.370208 -0.919125 -0.134741
vn -0.208920 -0.974972 -0.076039
vn -0.208920 -0.974972 -0.076039
vn -0.222345 -0.974968 -0.000002
vn -0.393992 -0.919114 -0.000003
vn -0.370201 -0.919127 0.134745
vn -0.393992 -0.919114 -0.000003
vn -0.222345 -0.974968 -0.000002
vn -0.222345 -0.974968 -0.000002
vn -0.208915 -0.974973 0.076039
vn -0.370201 -0.919127 0.134745
vn -0.301799 -0.919124 0.253236
vn -0.370201 -0.919127 0.134745
vn -0.208915 -0.974973 0.076039
vn -0.208915 -0.974973 0.076039
vn -0.170315 -0.974971 0.142911
vn -0.301799 -0.919124 0.253236
vn -0.196982 -0.919126 0.341183
vn -0.301799 -0.919124 0.253236
vn -0.170315 -0.974971 0.142911
vn -0.170315 -0.974971 0.142911
vn -0.111164 -0.974972 0.192540
vn -0.196982 -0.919126 0.341183
vn -0.068412 -0.919125 0.387981
vn -0.196982 -0.919126 0.341183
vn -0.111164 -0.974972 0.192540
vn -0.111164 -0.974972 0.192540
vn -0.038608 -0.974972 0.218951
vn -0.068412 -0.919125 0.387981
vn 0.068412 -0.919125 0.387982
vn -0.068412 -0.919125 0.387981
vn -0.038608 -0.974972 0.218951
vn -0.038608 -0.974972 0.218951
vn 0.038607 -0.974972 0.218951
vn 0.068412 -0.919125 0.387982
vn 0.196983 -0.919126 0.341182
vn 0.068412 -0.919125 0.387982
vn 0.038607 -0.974972 0.218951
vn 0.038607 -0.974972 0.218951
vn 0.111164 -0.974972 0.192540
vn 0.196983 -0.919126 0.341182
vn 0.301797 -0.919124 0.253239
vn 0.196983 -0.919126 0.341182
vn 0.111164 -0.974972 0.192540
vn 0.111164 -0.974972 0.192540
vn 0.170313 -0.974972 0.142912
vn 0.301797 -0.919124 0.253239
vn 0.370212 -0.919123 0.134748
vn 0.301797 -0.919124 0.253239
vn 0.170313 -0.974972 0.142912
vn 0.170313 -0.974972 0.142912
vn 0.208924 -0.974971 0.076043
vn 0.370212 -0.919123 0.134748
vn 0.393970 -0.919123 -0.000001
vn 0.370212 -0.919123 0.134748
vn 0.208924 -0.974971 0.076043
vn 0.208924 -0.974971 0.076043
vn 0.222330 -0.974971 -0.000000
vn 0.393970 -0.919123 -0.000001
vn 0.111177 -0.974968 -0.192556
vn 0.170311 -0.974972 -0.142911
vn 0.038607 -0.974972 -0.218951
vn -0.222345 -0.974968 -0.000002
vn -0.208920 -0.974972 -0.076039
vn -0.170321 -0.974970 -0.142916
vn 0.170313 -0.974972 0.142912
vn 0.038607 -0.974972 -0.218951
vn 0.170311 -0.974972 -0.142911
vn 0.170311 -0.974972 -0.142911
vn 0.208925 -0.974971 -0.076042
vn 0.170313 -0.974972 0.142912
vn 0.111164 -0.974972 0.192540
vn -0.038610 -0.974971 -0.218952
vn 0.038607 -0.974972 -0.218951
vn 0.038607 -0.974972 -0.218951
vn 0.170313 -0.974972 0.142912
vn 0.111164 -0.974972 0.192540
vn 0.111164 -0.974972 0.192540
vn 0.038607 -0.974972 0.218951
vn -0.111170 -0.974969 -0.192553
vn -0.111170 -0.974969 -0.192553
vn -0.038610 -0.974971 -0.218952
vn 0.111164 -0.974972 0.192540
vn -0.222345 -0.974968 -0.000002
vn -0.170321 -0.974970 -0.142916
vn -0.038608 -0.974972 0.218951
vn -0.038608 -0.974972 0.218951
vn -0.208915 -0.974973 0.076039
vn -0.222345 -0.974968 -0.000002
vn 0.038607 -0.974972 0.218951
vn -0.038608 -0.974972 0.218951
vn -0.170321 -0.974970 -0.142916
vn -0.170321 -0.974970 -0.142916
vn -0.111170 -0.974969 -0.192553
vn 0.038607 -0.974972 0.218951
vn 0.208925 -0.974971 -0.076042
vn 0.222330 -0.974971 -0.000000
vn 0.170313 -0.974972 0.142912
vn 0.222330 -0.974971 -0.000000
vn 0.208924 -0.974971 0.076043
vn 0.170313 -0.974972 0.142912
vn -0.038608 -0.974972 0.218951
vn -0.170315 -0.974971 0.142911
vn -0.208915 -0.974973 0.076039
vn -0.038608 -0.974972 0.218951
vn -0.111164 -0.974972 0.192540
vn -0.170315 -0.974971 0.142911
vn 0.969099 0.246670 0.000002
vn 0.969100 -0.246669 -0.000002
vn 0.910658 -0.246661 -0.331453
vn 0.910658 -0.246661 -0.331453
vn 0.910657 0.246661 -0.331456
vn 0.969099 0.246670 0.000002
vn 0.742373 0.246670 -0.622926
vn 0.910657 0.246661 -0.331456
vn 0.910658 -0.246661 -0.331453
vn 0.910658 -0.246661 -0.331453
vn 0.742373 -0.246668 -0.622926
vn 0.742373 0.246670 -0.622926
vn 0.484549 0.246676 -0.839263
vn 0.742373 0.246670 -0.622926
vn 0.742373 -0.246668 -0.622926
vn 0.742373 -0.246668 -0.622926
vn 0.484545 -0.246677 -0.839265
vn 0.484549 0.246676 -0.839263
vn 0.168282 0.246653 -0.954381
vn 0.484549 0.246676 -0.839263
vn 0.484545 -0.246677 -0.839265
vn 0.484545 -0.246677 -0.839265
vn 0.168286 -0.246655 -0.954380
vn 0.168282 0.246653 -0.954381
vn -0.969094 0.246694 -0.000004
vn -0.910656 0.246671 -0.331450
vn -0.910654 -0.246670 -0.331456
vn -0.910654 -0.246670 -0.331456
vn -0.969094 -0.246693 0.000004
vn -0.969094 0.246694 -0.000004
vn -0.910656 0.246666 0.331454
vn -0.969094 0.246694 -0.000004
vn -0.969094 -0.246693 0.000004
vn -0.969094 -0.246693 0.000004
vn -0.910658 -0.246667 0.331448
vn -0.910656 0.246666 0.331454
vn -0.742371 0.246680 0.622924
vn -0.910656 0.246666 0.331454
vn -0.910658 -0.246667 0.331448
vn -0.910658 -0.246667 0.331448
vn -0.742368 -0.246680 0.622928
vn -0.742371 0.246680 0.622924
vn -0.484547 0.246660 0.839269
vn -0.742371 0.246680 0.622924
vn -0.742368 -0.246680 0.622928
vn -0.742368 -0.246680 0.622928
vn -0.484551 -0.246661 0.839267
vn -0.484547 0.246660 0.839269
vn -0.168286 0.246664 0.954378
vn -0.484547 0.246660 0.839269
vn -0.484551 -0.246661 0.839267
vn -0.484551 -0.246661 0.839267
vn -0.168285 -0.246663 0.954378
vn -0.168286 0.246664 0.954378
vn 0.484546 0.246674 0.839266
vn 0.168281 0.246665 0.954378
vn 0.168280 -0.246663 0.954379
vn 0.168280 -0.246663 0.954379
vn 0.484547 -0.246671 0.839266
vn 0.484546 0.246674 0.839266
vn 0.742370 0.246678 0.622926
vn 0.484546 0.246674 0.839266
vn 0.484547 -0.246671 0.839266
vn 0.484547 -0.246671 0.839266
vn 0.742372 -0.246679 0.622923
vn 0.742370 0.246678 0.622926
vn 0.910659 0.246658 0.331451
vn 0.742370 0.246678 0.622926
vn 0.742372 -0.246679 0.622923
vn 0.742372 -0.246679 0.622923
vn 0.910657 -0.246658 0.331456
vn 0.910659 0.246658 0.331451
vn 0.969099 0.246670 0.000002
vn 0.910659 0.246658 0.331451
vn 0.910657 -0.246658 0.331456
vn 0.910657 -0.246658 0.331456
vn 0.969100 -0.246669 -0.000002
vn 0.969099 0.246670 0.000002
vn -0.864541 0.019059 -0.502201
vn -0.497452 -0.018351 -0.867297
vn -0.497504 -0.018550 -0.867263
vn -0.497504 -0.018550 -0.867263
vn -0.864047 0.036887 -0.502057
vn -0.864541 0.019059 -0.502201
vn -0.998911 0.046618 -0.001591
vn -0.864541 0.019059 -0.502201
vn -0.864047 0.036887 -0.502057
vn -0.864047 0.036887 -0.502057
vn -0.996982 0.077616 -0.001737
vn -0.998911 0.046618 -0.001591
vn -0.864619 0.056726 0.499216
vn -0.998911 0.046618 -0.001591
vn -0.996982 0.077616 -0.001737
vn -0.996982 0.077616 -0.001737
vn -0.862309 0.092511 0.497860
vn -0.864619 0.056726 0.499216
vn -0.498054 0.046617 0.865892
vn -0.864619 0.056726 0.499216
vn -0.862309 0.092511 0.497860
vn -0.862309 0.092511 0.497860
vn -0.496966 0.077616 0.864292
vn -0.498054 0.046617 0.865892
vn 0.002645 0.019060 0.999815
vn -0.498054 0.046617 0.865892
vn -0.496966 0.077616 0.864292
vn -0.496966 0.077616 0.864292
vn 0.002782 0.036887 0.999316
vn 0.002645 0.019060 0.999815
vn 0.502382 -0.018349 0.864451
vn 0.002645 0.019060 0.999815
vn 0.002782 0.036887 0.999316
vn 0.002782 0.036887 0.999316
vn 0.502331 -0.018552 0.864476
vn 0.502382 -0.018349 0.864451
vn 0.865841 -0.055354 0.497247
vn 0.502382 -0.018349 0.864451
vn 0.502331 -0.018552 0.864476
vn 0.502331 -0.018552 0.864476
vn 0.864716 -0.073339 0.496879
vn 0.865841 -0.055354 0.497247
vn 0.996623 -0.082109 -0.001267
vn 0.865841 -0.055354 0.497247
vn 0.864716 -0.073339 0.496879
vn 0.864716 -0.073339 0.496879
vn 0.993619 -0.112786 -0.001028
vn 0.996623 -0.082109 -0.001267
vn 0.862371 -0.091817 -0.497881
vn 0.996623 -0.082109 -0.001267
vn 0.993619 -0.112786 -0.001028
vn 0.993619 -0.112786 -0.001028
vn 0.859011 -0.127051 -0.495941
vn 0.862371 -0.091817 -0.497881
vn 0.499432 -0.082109 -0.862453
vn 0.862371 -0.091817 -0.497881
vn 0.859011 -0.127051 -0.495941
vn 0.859011 -0.127051 -0.495941
vn 0.497737 -0.112788 -0.859963
vn 0.499432 -0.082109 -0.862453
vn 0.002300 -0.055357 -0.998464
vn 0.499432 -0.082109 -0.862453
vn 0.497737 -0.112788 -0.859963
vn 0.497737 -0.112788 -0.859963
vn 0.002063 -0.073340 -0.997305
vn 0.002300 -0.055357 -0.998464
vn -0.497452 -0.018351 -0.867297
vn 0.002300 -0.055357 -0.998464
vn 0.002063 -0.073340 -0.997305
vn 0.002063 -0.073340 -0.997305
vn -0.497504 -0.018550 -0.867263
vn -0.497452 -0.018351 -0.867297
vn 0.000000 -1.000000 -0.000000
vn 0.000000 -1.000000 -0.000000
vn 0.000000 -1.000000 -0.000000
vn 0.000000 -1.000000 -0.000000
vn 0.000000 -1.000000 -0.000000
vn 0.000000 -1.000000 -0.000000
vn 0.000000 -1.000000 -0.000000
vn 0.000000 -1.000000 -0.000000
vn 0.000000 -1.000000 -0.000000
vn 0.000000 -1.000000 -0.000000
vn 0.000000 -1.000000 -0.000000
vn 0.000000 -1.000000 -0.000000
vn 0.000000 -1.000000 -0.000000
vn 0.000000 -1.000000 -0.000000
vn 0.000000 -1.000000 -0.000000
vn 0.000000 -1.000000 -0.000000
vn 0.000000 -1.000000 -0.000000
vn 0.000000 -1.000000 -0.000000
vn 0.000000 -1.000000 -0.000000
vn 0.000000 -1.000000 -0.000000
vn 0.000000 -1.000000 -0.000000
vn 0.000000 -1.000000 -0.000000
vn 0.000000 -1.000000 -0.000000
vn 0.000000 -1.000000 -0.000000
vn 0.000000 -1.000000 -0.000000
vn 0.000000 -1.000000 -0.000000
vn 0.000000 -1.000000 -0.000000
vn 0.000000 -1.000000 -0.000000
vn 0.000000 -1.000000 -0.000000
vn 0.000000 -1.000000 -0.000000
vn 0.000001 1.000000 -0.000000
vn 0.000000 1.000000 0.000001
vn 0.000000 1.000000 0.000000
vn 0.000000 1.000000 0.000000
vn 0.000000 1.000000 0.000000
vn 0.000001 1.000000 -0.000000
vn 0.000001 1.000000 -0.000003
vn -0.000001 1.000000 -0.000000
vn 0.000001 1.000000 -0.000000
vn 0.000001 1.000000 -0.000000
vn 0.000000 1.000000 0.000000
vn 0.000001 1.000000 -0.000003
vn 0.000001 1.000000 -0.000003
vn -0.000002 1.000000 -0.000009
vn -0.000001 1.000000 -0.000000
vn -0.000002 1.000000 0.000002
vn 0.000000 1.000000 0.000001
vn -0.000001 1.000000 -0.000000
vn -0.000001 1.000000 -0.000000
vn -0.000009 1.000000 0.000002
vn -0.000002 1.000000 0.000002
vn -0.000002 1.000000 0.000002
vn 0.000000 1.000000 0.000000
vn 0.000000 1.000000 0.000001
vn 0.000001 1.000000 -0.000000
vn -0.000001 1.000000 -0.000000
vn 0.000000 1.000000 0.000001
vn 0.000000 1.000000 0.000000
vn 0.000000 1.000000 0.000000
vn 0.000000 1.000000 0.000001
vn -0.868798 -0.043901 -0.493217
vn -0.507201 -0.018353 -0.861633
vn -0.497316 -0.017717 -0.867388
vn -0.497316 -0.017717 -0.867388
vn -0.864189 -0.034497 -0.501984
vn -0.868798 -0.043901 -0.493217
vn -0.864189 -0.034497 -0.501984
vn -0.497316 -0.017717 -0.867388
vn -0.497353 -0.017934 -0.867363
vn -0.497353 -0.017934 -0.867363
vn -0.864625 -0.016658 -0.502142
vn -0.864189 -0.034497 -0.501984
vn -0.864625 -0.016658 -0.502142
vn -0.497353 -0.017934 -0.867363
vn -0.497392 -0.018145 -0.867336
vn -0.497392 -0.018145 -0.867336
vn -0.864738 0.001204 -0.502222
vn -0.864625 -0.016658 -0.502142
vn -0.864738 0.001204 -0.502222
vn -0.497392 -0.018145 -0.867336
vn -0.497452 -0.018351 -0.867297
vn -0.497452 -0.018351 -0.867297
vn -0.864541 0.019059 -0.502201
vn -0.864738 0.001204 -0.502222
vn -0.528013 -0.011353 -0.849160
vn -0.876208 0.086814 -0.474050
vn -0.862135 0.072365 -0.501484
vn -0.862135 0.072365 -0.501484
vn -0.497624 -0.018935 -0.867186
vn -0.528013 -0.011353 -0.849160
vn -0.497624 -0.018935 -0.867186
vn -0.862135 0.072365 -0.501484
vn -0.863245 0.054663 -0.501816
vn -0.863245 0.054663 -0.501816
vn -0.497564 -0.018746 -0.867225
vn -0.497624 -0.018935 -0.867186
vn -0.497564 -0.018746 -0.867225
vn -0.863245 0.054663 -0.501816
vn -0.864047 0.036887 -0.502057
vn -0.864047 0.036887 -0.502057
vn -0.497504 -0.018550 -0.867263
vn -0.497564 -0.018746 -0.867225
vn -0.998041 -0.062417 0.004161
vn -0.868798 -0.043901 -0.493217
vn -0.864189 -0.034497 -0.501984
vn -0.864189 -0.034497 -0.501984
vn -0.998901 -0.046854 -0.001524
vn -0.998041 -0.062417 0.004161
vn -0.998901 -0.046854 -0.001524
vn -0.864189 -0.034497 -0.501984
vn -0.864625 -0.016658 -0.502142
vn -0.864625 -0.016658 -0.502142
vn -0.999875 -0.015713 -0.001477
vn -0.998901 -0.046854 -0.001524
vn -0.999875 -0.015713 -0.001477
vn -0.864625 -0.016658 -0.502142
vn -0.864738 0.001204 -0.502222
vn -0.864738 0.001204 -0.502222
vn -0.999879 0.015477 -0.001493
vn -0.999875 -0.015713 -0.001477
vn -0.999879 0.015477 -0.001493
vn -0.864738 0.001204 -0.502222
vn -0.864541 0.019059 -0.502201
vn -0.864541 0.019059 -0.502201
vn -0.998911 0.046618 -0.001591
vn -0.999879 0.015477 -0.001493
vn -0.876208 0.086814 -0.474050
vn -0.987725 0.155428 0.015519
vn -0.990314 0.138827 -0.002216
vn -0.990314 0.138827 -0.002216
vn -0.862135 0.072365 -0.501484
vn -0.876208 0.086814 -0.474050
vn -0.862135 0.072365 -0.501484
vn -0.990314 0.138827 -0.002216
vn -0.994107 0.108382 -0.001935
vn -0.994107 0.108382 -0.001935
vn -0.863245 0.054663 -0.501816
vn -0.862135 0.072365 -0.501484
vn -0.863245 0.054663 -0.501816
vn -0.994107 0.108382 -0.001935
vn -0.996982 0.077616 -0.001737
vn -0.996982 0.077616 -0.001737
vn -0.864047 0.036887 -0.502057
vn -0.863245 0.054663 -0.501816
vn -0.863948 -0.069156 0.498810
vn -0.998041 -0.062417 0.004161
vn -0.998901 -0.046854 -0.001524
vn -0.998901 -0.046854 -0.001524
vn -0.864878 -0.051391 0.499344
vn -0.863948 -0.069156 0.498810
vn -0.864878 -0.051391 0.499344
vn -0.998901 -0.046854 -0.001524
vn -0.999875 -0.015713 -0.001477
vn -0.999875 -0.015713 -0.001477
vn -0.865923 -0.015365 0.499941
vn -0.864878 -0.051391 0.499344
vn -0.865923 -0.015365 0.499941
vn -0.999875 -0.015713 -0.001477
vn -0.999879 0.015477 -0.001493
vn -0.999879 0.015477 -0.001493
vn -0.865835 0.020721 0.499901
vn -0.865923 -0.015365 0.499941
vn -0.865835 0.020721 0.499901
vn -0.999879 0.015477 -0.001493
vn -0.998911 0.046618 -0.001591
vn -0.998911 0.046618 -0.001591
vn -0.864619 0.056726 0.499216
vn -0.865835 0.020721 0.499901
vn -0.987725 0.155428 0.015519
vn -0.851928 0.179684 0.491866
vn -0.854457 0.162884 0.493327
vn -0.854457 0.162884 0.493327
vn -0.990314 0.138827 -0.002216
vn -0.987725 0.155428 0.015519
vn -0.990314 0.138827 -0.002216
vn -0.854457 0.162884 0.493327
vn -0.858909 0.127939 0.495890
vn -0.858909 0.127939 0.495890
vn -0.994107 0.108382 -0.001935
vn -0.990314 0.138827 -0.002216
vn -0.994107 0.108382 -0.001935
vn -0.858909 0.127939 0.495890
vn -0.862309 0.092511 0.497860
vn -0.862309 0.092511 0.497860
vn -0.996982 0.077616 -0.001737
vn -0.994107 0.108382 -0.001935
vn -0.502595 -0.062419 0.862266
vn -0.863948 -0.069156 0.498810
vn -0.864878 -0.051391 0.499344
vn -0.864878 -0.051391 0.499344
vn -0.498117 -0.046853 0.865843
vn -0.502595 -0.062419 0.862266
vn -0.498117 -0.046853 0.865843
vn -0.864878 -0.051391 0.499344
vn -0.865923 -0.015365 0.499941
vn -0.865923 -0.015365 0.499941
vn -0.498636 -0.015713 0.866669
vn -0.498117 -0.046853 0.865843
vn -0.498636 -0.015713 0.866669
vn -0.865923 -0.015365 0.499941
vn -0.865835 0.020721 0.499901
vn -0.865835 0.020721 0.499901
vn -0.498626 0.015477 0.866679
vn -0.498636 -0.015713 0.866669
vn -0.498626 0.015477 0.866679
vn -0.865835 0.020721 0.499901
vn -0.864619 0.056726 0.499216
vn -0.864619 0.056726 0.499216
vn -0.498054 0.046617 0.865892
vn -0.498626 0.015477 0.866679
vn -0.851928 0.179684 0.491866
vn -0.507283 0.155426 0.847648
vn -0.493243 0.138826 0.858742
vn -0.493243 0.138826 0.858742
vn -0.854457 0.162884 0.493327
vn -0.851928 0.179684 0.491866
vn -0.854457 0.162884 0.493327
vn -0.493243 0.138826 0.858742
vn -0.495353 0.108381 0.861905
vn -0.495353 0.108381 0.861905
vn -0.858909 0.127939 0.495890
vn -0.854457 0.162884 0.493327
vn -0.858909 0.127939 0.495890
vn -0.495353 0.108381 0.861905
vn -0.496966 0.077616 0.864292
vn -0.496966 0.077616 0.864292
vn -0.862309 0.092511 0.497860
vn -0.858909 0.127939 0.495890
vn -0.007244 -0.043897 0.999010
vn -0.502595 -0.062419 0.862266
vn -0.498117 -0.046853 0.865843
vn -0.498117 -0.046853 0.865843
vn 0.002630 -0.034497 0.999401
vn -0.007244 -0.043897 0.999010
vn 0.002630 -0.034497 0.999401
vn -0.498117 -0.046853 0.865843
vn -0.498636 -0.015713 0.866669
vn -0.498636 -0.015713 0.866669
vn 0.002572 -0.016657 0.999858
vn 0.002630 -0.034497 0.999401
vn 0.002572 -0.016657 0.999858
vn -0.498636 -0.015713 0.866669
vn -0.498626 0.015477 0.866679
vn -0.498626 0.015477 0.866679
vn 0.002573 0.001204 0.999996
vn 0.002572 -0.016657 0.999858
vn 0.002573 0.001204 0.999996
vn -0.498626 0.015477 0.866679
vn -0.498054 0.046617 0.865892
vn -0.498054 0.046617 0.865892
vn 0.002645 0.019060 0.999815
vn 0.002573 0.001204 0.999996
vn -0.507283 0.155426 0.847648
vn -0.027568 0.086813 0.995843
vn 0.003231 0.072364 0.997373
vn 0.003231 0.072364 0.997373
vn -0.493243 0.138826 0.858742
vn -0.507283 0.155426 0.847648
vn -0.495353 0.108381 0.861905
vn -0.493243 0.138826 0.858742
vn 0.003231 0.072364 0.997373
vn 0.003231 0.072364 0.997373
vn 0.002975 0.054664 0.998500
vn -0.495353 0.108381 0.861905
vn -0.495353 0.108381 0.861905
vn 0.002975 0.054664 0.998500
vn 0.002782 0.036887 0.999316
vn 0.002782 0.036887 0.999316
vn -0.496966 0.077616 0.864292
vn -0.495353 0.108381 0.861905
vn 0.492606 -0.018348 0.870059
vn -0.007244 -0.043897 0.999010
vn 0.002630 -0.034497 0.999401
vn 0.002630 -0.034497 0.999401
vn 0.502523 -0.017717 0.864382
vn 0.492606 -0.018348 0.870059
vn 0.502523 -0.017717 0.864382
vn 0.002630 -0.034497 0.999401
vn 0.002572 -0.016657 0.999858
vn 0.002572 -0.016657 0.999858
vn 0.502488 -0.017933 0.864399
vn 0.502523 -0.017717 0.864382
vn 0.502488 -0.017933 0.864399
vn 0.002572 -0.016657 0.999858
vn 0.002573 0.001204 0.999996
vn 0.002573 0.001204 0.999996
vn 0.502437 -0.018144 0.864423
vn 0.502488 -0.017933 0.864399
vn 0.502437 -0.018144 0.864423
vn 0.002573 0.001204 0.999996
vn 0.002645 0.019060 0.999815
vn 0.002645 0.019060 0.999815
vn 0.502382 -0.018349 0.864451
vn 0.502437 -0.018144 0.864423
vn -0.027568 0.086813 0.995843
vn 0.471356 -0.011345 0.881870
vn 0.502199 -0.018935 0.864545
vn 0.502199 -0.018935 0.864545
vn 0.003231 0.072364 0.997373
vn -0.027568 0.086813 0.995843
vn 0.003231 0.072364 0.997373
vn 0.502199 -0.018935 0.864545
vn 0.502265 -0.018746 0.864510
vn 0.502265 -0.018746 0.864510
vn 0.002975 0.054664 0.998500
vn 0.003231 0.072364 0.997373
vn 0.002975 0.054664 0.998500
vn 0.502265 -0.018746 0.864510
vn 0.502331 -0.018552 0.864476
vn 0.502331 -0.018552 0.864476
vn 0.002782 0.036887 0.999316
vn 0.002975 0.054664 0.998500
vn 0.862305 0.007454 0.506335
vn 0.492606 -0.018348 0.870059
vn 0.502523 -0.017717 0.864382
vn 0.502523 -0.017717 0.864382
vn 0.867299 -0.001069 0.497787
vn 0.862305 0.007454 0.506335
vn 0.867299 -0.001069 0.497787
vn 0.502523 -0.017717 0.864382
vn 0.502488 -0.017933 0.864399
vn 0.502488 -0.017933 0.864399
vn 0.867139 -0.019195 0.497696
vn 0.867299 -0.001069 0.497787
vn 0.867139 -0.019195 0.497696
vn 0.502488 -0.017933 0.864399
vn 0.502437 -0.018144 0.864423
vn 0.502437 -0.018144 0.864423
vn 0.866650 -0.037298 0.497520
vn 0.867139 -0.019195 0.497696
vn 0.866650 -0.037298 0.497520
vn 0.502437 -0.018144 0.864423
vn 0.502382 -0.018349 0.864451
vn 0.502382 -0.018349 0.864451
vn 0.865841 -0.055354 0.497247
vn 0.866650 -0.037298 0.497520
vn 0.471356 -0.011345 0.881870
vn 0.845814 -0.112422 0.521498
vn 0.861519 -0.108987 0.495890
vn 0.861519 -0.108987 0.495890
vn 0.502199 -0.018935 0.864545
vn 0.471356 -0.011345 0.881870
vn 0.502199 -0.018935 0.864545
vn 0.861519 -0.108987 0.495890
vn 0.863274 -0.091226 0.496423
vn 0.863274 -0.091226 0.496423
vn 0.502265 -0.018746 0.864510
vn 0.502199 -0.018935 0.864545
vn 0.502265 -0.018746 0.864510
vn 0.863274 -0.091226 0.496423
vn 0.864716 -0.073339 0.496879
vn 0.864716 -0.073339 0.496879
vn 0.502331 -0.018552 0.864476
vn 0.502265 -0.018746 0.864510
vn 0.999640 0.026475 0.004264
vn 0.862305 0.007454 0.506335
vn 0.867299 -0.001069 0.497787
vn 0.867299 -0.001069 0.497787
vn 0.999938 0.011024 -0.001461
vn 0.999640 0.026475 0.004264
vn 0.999938 0.011024 -0.001461
vn 0.867299 -0.001069 0.497787
vn 0.867139 -0.019195 0.497696
vn 0.867139 -0.019195 0.497696
vn 0.999797 -0.020110 -0.001465
vn 0.999938 0.011024 -0.001461
vn 0.999797 -0.020110 -0.001465
vn 0.867139 -0.019195 0.497696
vn 0.866650 -0.037298 0.497520
vn 0.866650 -0.037298 0.497520
vn 0.998688 -0.051186 -0.001411
vn 0.999797 -0.020110 -0.001465
vn 0.998688 -0.051186 -0.001411
vn 0.866650 -0.037298 0.497520
vn 0.865841 -0.055354 0.497247
vn 0.865841 -0.055354 0.497247
vn 0.996623 -0.082109 -0.001267
vn 0.998688 -0.051186 -0.001411
vn 0.845814 -0.112422 0.521498
vn 0.982302 -0.186570 0.016596
vn 0.984911 -0.173064 -0.000376
vn 0.984911 -0.173064 -0.000376
vn 0.861519 -0.108987 0.495890
vn 0.845814 -0.112422 0.521498
vn 0.863274 -0.091226 0.496423
vn 0.861519 -0.108987 0.495890
vn 0.984911 -0.173064 -0.000376
vn 0.984911 -0.173064 -0.000376
vn 0.989703 -0.143132 -0.000730
vn 0.863274 -0.091226 0.496423
vn 0.863274 -0.091226 0.496423
vn 0.989703 -0.143132 -0.000730
vn 0.993619 -0.112786 -0.001028
vn 0.993619 -0.112786 -0.001028
vn 0.864716 -0.073339 0.496879
vn 0.863274 -0.091226 0.496423
vn 0.865545 0.033461 -0.499712
vn 0.999640 0.026475 0.004264
vn 0.999938 0.011024 -0.001461
vn 0.999938 0.011024 -0.001461
vn 0.865926 0.015429 -0.499934
vn 0.865545 0.033461 -0.499712
vn 0.865926 0.015429 -0.499934
vn 0.999938 0.011024 -0.001461
vn 0.999797 -0.020110 -0.001465
vn 0.999797 -0.020110 -0.001465
vn 0.865850 -0.020444 -0.499886
vn 0.865926 0.015429 -0.499934
vn 0.865850 -0.020444 -0.499886
vn 0.999797 -0.020110 -0.001465
vn 0.998688 -0.051186 -0.001411
vn 0.998688 -0.051186 -0.001411
vn 0.864654 -0.056239 -0.499210
vn 0.865850 -0.020444 -0.499886
vn 0.864654 -0.056239 -0.499210
vn 0.998688 -0.051186 -0.001411
vn 0.996623 -0.082109 -0.001267
vn 0.996623 -0.082109 -0.001267
vn 0.862371 -0.091817 -0.497881
vn 0.864654 -0.056239 -0.499210
vn 0.982302 -0.186570 0.016596
vn 0.846075 -0.213461 -0.488458
vn 0.849233 -0.195981 -0.490301
vn 0.849233 -0.195981 -0.490301
vn 0.984911 -0.173064 -0.000376
vn 0.982302 -0.186570 0.016596
vn 0.989703 -0.143132 -0.000730
vn 0.984911 -0.173064 -0.000376
vn 0.849233 -0.195981 -0.490301
vn 0.849233 -0.195981 -0.490301
vn 0.854616 -0.161811 -0.493405
vn 0.989703 -0.143132 -0.000730
vn 0.989703 -0.143132 -0.000730
vn 0.854616 -0.161811 -0.493405
vn 0.859011 -0.127051 -0.495941
vn 0.859011 -0.127051 -0.495941
vn 0.993619 -0.112786 -0.001028
vn 0.989703 -0.143132 -0.000730
vn 0.496167 0.026475 -0.867823
vn 0.865545 0.033461 -0.499712
vn 0.865926 0.015429 -0.499934
vn 0.865926 0.015429 -0.499934
vn 0.501270 0.011024 -0.865221
vn 0.496167 0.026475 -0.867823
vn 0.501270 0.011024 -0.865221
vn 0.865926 0.015429 -0.499934
vn 0.865850 -0.020444 -0.499886
vn 0.865850 -0.020444 -0.499886
vn 0.501212 -0.020112 -0.865091
vn 0.501270 0.011024 -0.865221
vn 0.501212 -0.020112 -0.865091
vn 0.865850 -0.020444 -0.499886
vn 0.864654 -0.056239 -0.499210
vn 0.864654 -0.056239 -0.499210
vn 0.500600 -0.051187 -0.864164
vn 0.501212 -0.020112 -0.865091
vn 0.500600 -0.051187 -0.864164
vn 0.864654 -0.056239 -0.499210
vn 0.862371 -0.091817 -0.497881
vn 0.862371 -0.091817 -0.497881
vn 0.499432 -0.082109 -0.862453
vn 0.500600 -0.051187 -0.864164
vn 0.846075 -0.213461 -0.488458
vn 0.476781 -0.186570 -0.858995
vn 0.492787 -0.173066 -0.852766
vn 0.492787 -0.173066 -0.852766
vn 0.849233 -0.195981 -0.490301
vn 0.846075 -0.213461 -0.488458
vn 0.849233 -0.195981 -0.490301
vn 0.492787 -0.173066 -0.852766
vn 0.495514 -0.143135 -0.856725
vn 0.495514 -0.143135 -0.856725
vn 0.854616 -0.161811 -0.493405
vn 0.849233 -0.195981 -0.490301
vn 0.854616 -0.161811 -0.493405
vn 0.495514 -0.143135 -0.856725
vn 0.497737 -0.112788 -0.859963
vn 0.497737 -0.112788 -0.859963
vn 0.859011 -0.127051 -0.495941
vn 0.854616 -0.161811 -0.493405
vn -0.007331 0.007451 -0.999945
vn 0.496167 0.026475 -0.867823
vn 0.501270 0.011024 -0.865221
vn 0.501270 0.011024 -0.865221
vn 0.002573 -0.001070 -0.999996
vn -0.007331 0.007451 -0.999945
vn 0.002573 -0.001070 -0.999996
vn 0.501270 0.011024 -0.865221
vn 0.501212 -0.020112 -0.865091
vn 0.501212 -0.020112 -0.865091
vn 0.002578 -0.019197 -0.999812
vn 0.002573 -0.001070 -0.999996
vn 0.002578 -0.019197 -0.999812
vn 0.501212 -0.020112 -0.865091
vn 0.500600 -0.051187 -0.864164
vn 0.500600 -0.051187 -0.864164
vn 0.002495 -0.037301 -0.999301
vn 0.002578 -0.019197 -0.999812
vn 0.002495 -0.037301 -0.999301
vn 0.500600 -0.051187 -0.864164
vn 0.499432 -0.082109 -0.862453
vn 0.499432 -0.082109 -0.862453
vn 0.002300 -0.055357 -0.998464
vn 0.002495 -0.037301 -0.999301
vn 0.476781 -0.186570 -0.858995
vn -0.028744 -0.112419 -0.993245
vn 0.001314 -0.108991 -0.994042
vn 0.001314 -0.108991 -0.994042
vn 0.492787 -0.173066 -0.852766
vn 0.476781 -0.186570 -0.858995
vn 0.492787 -0.173066 -0.852766
vn 0.001314 -0.108991 -0.994042
vn 0.001723 -0.091226 -0.995829
vn 0.001723 -0.091226 -0.995829
vn 0.495514 -0.143135 -0.856725
vn 0.492787 -0.173066 -0.852766
vn 0.495514 -0.143135 -0.856725
vn 0.001723 -0.091226 -0.995829
vn 0.002063 -0.073340 -0.997305
vn 0.002063 -0.073340 -0.997305
vn 0.497737 -0.112788 -0.859963
vn 0.495514 -0.143135 -0.856725
vn -0.507201 -0.018353 -0.861633
vn -0.007331 0.007451 -0.999945
vn 0.002573 -0.001070 -0.999996
vn 0.002573 -0.001070 -0.999996
vn -0.497316 -0.017717 -0.867388
vn -0.507201 -0.018353 -0.861633
vn -0.497316 -0.017717 -0.867388
vn 0.002573 -0.001070 -0.999996
vn 0.002578 -0.019197 -0.999812
vn 0.002578 -0.019197 -0.999812
vn -0.497353 -0.017934 -0.867363
vn -0.497316 -0.017717 -0.867388
vn -0.497353 -0.017934 -0.867363
vn 0.002578 -0.019197 -0.999812
vn 0.002495 -0.037301 -0.999301
vn 0.002495 -0.037301 -0.999301
vn -0.497392 -0.018145 -0.867336
vn -0.497353 -0.017934 -0.867363
vn -0.497392 -0.018145 -0.867336
vn 0.002495 -0.037301 -0.999301
vn 0.002300 -0.055357 -0.998464
vn 0.002300 -0.055357 -0.998464
vn -0.497452 -0.018351 -0.867297
vn -0.497392 -0.018145 -0.867336
vn -0.028744 -0.112419 -0.993245
vn -0.528013 -0.011353 -0.849160
vn -0.497624 -0.018935 -0.867186
vn -0.497624 -0.018935 -0.867186
vn 0.001314 -0.108991 -0.994042
vn -0.028744 -0.112419 -0.993245
vn 0.001723 -0.091226 -0.995829
vn 0.001314 -0.108991 -0.994042
vn -0.497624 -0.018935 -0.867186
vn -0.497624 -0.018935 -0.867186
vn -0.497564 -0.018746 -0.867225
vn 0.001723 -0.091226 -0.995829
vn 0.001723 -0.091226 -0.995829
vn -0.497564 -0.018746 -0.867225
vn -0.497504 -0.018550 -0.867263
vn -0.497504 -0.018550 -0.867263
vn 0.002063 -0.073340 -0.997305
vn 0.001723 -0.091226 -0.995829
vn 0.973965 -0.000002 -0.226697
vn 0.522339 0.844033 -0.121534
vn 0.528153 0.849121 -0.006896
vn 0.528153 0.849121 -0.006896
vn 0.999924 -0.000002 -0.012362
vn 0.973965 -0.000002 -0.226697
vn 0.522339 0.844033 -0.121534
vn -0.462837 0.879879 0.107676
vn -0.485697 0.874107 0.006008
vn -0.485697 0.874107 0.006008
vn 0.528153 0.849121 -0.006896
vn 0.522339 0.844033 -0.121534
vn -0.462837 0.879879 0.107676
vn -0.974012 -0.000002 0.226495
vn -0.999915 -0.000002 0.013061
vn -0.999915 -0.000002 0.013061
vn -0.485697 0.874107 0.006008
vn -0.462837 0.879879 0.107676
vn -0.999915 -0.000002 0.013061
vn -0.974012 -0.000002 0.226495
vn -0.462836 -0.879880 0.107676
vn -0.462836 -0.879880 0.107676
vn -0.485695 -0.874108 0.006008
vn -0.999915 -0.000002 0.013061
vn -0.485695 -0.874108 0.006008
vn -0.462836 -0.879880 0.107676
vn 0.522337 -0.844034 -0.121533
vn 0.522337 -0.844034 -0.121533
vn 0.528151 -0.849123 -0.006896
vn -0.485695 -0.874108 0.006008
vn 0.528151 -0.849123 -0.006896
vn 0.522337 -0.844034 -0.121533
vn 0.973965 -0.000002 -0.226697
vn 0.973965 -0.000002 -0.226697
vn 0.999924 -0.000002 -0.012362
vn 0.528151 -0.849123 -0.006896
vn 0.780372 -0.000002 -0.625316
vn 0.415206 0.846687 -0.332752
vn 0.476218 0.846462 -0.238156
vn 0.476218 0.846462 -0.238156
vn 0.894634 -0.000002 -0.446800
vn 0.780372 -0.000002 -0.625316
vn 0.415206 0.846687 -0.332752
vn -0.376005 0.876259 0.301314
vn -0.430274 0.876755 0.214862
vn -0.430274 0.876755 0.214862
vn 0.476218 0.846462 -0.238156
vn 0.415206 0.846687 -0.332752
vn -0.376005 0.876259 0.301314
vn -0.780309 -0.000002 0.625394
vn -0.894415 -0.000002 0.447238
vn -0.894415 -0.000002 0.447238
vn -0.430274 0.876755 0.214862
vn -0.376005 0.876259 0.301314
vn -0.894415 -0.000002 0.447238
vn -0.780309 -0.000002 0.625394
vn -0.376003 -0.876260 0.301313
vn -0.376003 -0.876260 0.301313
vn -0.430272 -0.876756 0.214861
vn -0.894415 -0.000002 0.447238
vn -0.430272 -0.876756 0.214861
vn -0.376003 -0.876260 0.301313
vn 0.415205 -0.846689 -0.332751
vn 0.415205 -0.846689 -0.332751
vn 0.476217 -0.846463 -0.238155
vn -0.430272 -0.876756 0.214861
vn 0.476217 -0.846463 -0.238155
vn 0.415205 -0.846689 -0.332751
vn 0.780372 -0.000002 -0.625316
vn 0.780372 -0.000002 -0.625316
vn 0.894634 -0.000002 -0.446800
vn 0.476217 -0.846463 -0.238155
vn 0.438565 -0.000002 -0.898700
vn 0.237022 0.841487 -0.485511
vn 0.340206 0.848426 -0.405504
vn 0.340206 0.848426 -0.405504
vn 0.641792 -0.000002 -0.766879
vn 0.438565 -0.000002 -0.898700
vn 0.237022 0.841487 -0.485511
vn -0.205378 0.883588 0.420823
vn -0.311087 0.874670 0.371724
vn -0.311087 0.874670 0.371724
vn 0.340206 0.848426 -0.405504
vn 0.237022 0.841487 -0.485511
vn -0.205378 0.883588 0.420823
vn -0.438740 -0.000002 0.898614
vn -0.642728 -0.000002 0.766095
vn -0.642728 -0.000002 0.766095
vn -0.311087 0.874670 0.371724
vn -0.205378 0.883588 0.420823
vn -0.642728 -0.000002 0.766095
vn -0.438740 -0.000002 0.898614
vn -0.205377 -0.883589 0.420821
vn -0.205377 -0.883589 0.420821
vn -0.311085 -0.874671 0.371722
vn -0.642728 -0.000002 0.766095
vn -0.311085 -0.874671 0.371722
vn -0.205377 -0.883589 0.420821
vn 0.237021 -0.841488 -0.485509
vn 0.237021 -0.841488 -0.485509
vn 0.340205 -0.848427 -0.405502
vn -0.311085 -0.874671 0.371722
vn 0.340205 -0.848427 -0.405502
vn 0.237021 -0.841488 -0.485509
vn 0.438565 -0.000002 -0.898700
vn 0.438565 -0.000002 -0.898700
vn 0.641792 -0.000002 -0.766879
vn 0.340205 -0.848427 -0.405502
vn -0.001271 -0.000002 -0.999999
vn -0.000642 0.843890 -0.536516
vn 0.112717 0.849141 -0.515998
vn 0.112717 0.849141 -0.515998
vn 0.214144 -0.000002 -0.976802
vn -0.001271 -0.000002 -0.999999
vn -0.000642 0.843890 -0.536516
vn 0.000606 0.880045 0.474889
vn -0.104046 0.874081 0.474507
vn -0.104046 0.874081 0.474507
vn 0.112717 0.849141 -0.515998
vn -0.000642 0.843890 -0.536516
vn 0.000606 0.880045 0.474889
vn 0.001191 -0.000002 0.999999
vn -0.213454 -0.000002 0.976953
vn -0.213454 -0.000002 0.976953
vn -0.104046 0.874081 0.474507
vn 0.000606 0.880045 0.474889
vn -0.213454 -0.000002 0.976953
vn 0.001191 -0.000002 0.999999
vn 0.000606 -0.880046 0.474888
vn 0.000606 -0.880046 0.474888
vn -0.104046 -0.874082 0.474505
vn -0.213454 -0.000002 0.976953
vn -0.104046 -0.874082 0.474505
vn 0.000606 -0.880046 0.474888
vn -0.000642 -0.843891 -0.536514
vn -0.000642 -0.843891 -0.536514
vn 0.112717 -0.849143 -0.515996
vn -0.104046 -0.874082 0.474505
vn 0.112717 -0.849143 -0.515996
vn -0.000642 -0.843891 -0.536514
vn -0.001271 -0.000002 -0.999999
vn -0.001271 -0.000002 -0.999999
vn 0.214144 -0.000002 -0.976802
vn 0.112717 -0.849143 -0.515996
vn -0.439602 -0.000002 -0.898193
vn -0.235963 0.843791 -0.482015
vn -0.119601 0.847801 -0.516652
vn -0.119601 0.847801 -0.516652
vn -0.225627 -0.000002 -0.974214
vn -0.439602 -0.000002 -0.898193
vn -0.235963 0.843791 -0.482015
vn 0.208591 0.880277 0.426149
vn 0.109071 0.875448 0.470845
vn 0.109071 0.875448 0.470845
vn -0.119601 0.847801 -0.516652
vn -0.235963 0.843791 -0.482015
vn 0.208591 0.880277 0.426149
vn 0.439700 -0.000002 0.898145
vn 0.225565 -0.000002 0.974228
vn 0.225565 -0.000002 0.974228
vn 0.109071 0.875448 0.470845
vn 0.208591 0.880277 0.426149
vn 0.225565 -0.000002 0.974228
vn 0.439700 -0.000002 0.898145
vn 0.208590 -0.880278 0.426147
vn 0.208590 -0.880278 0.426147
vn 0.109071 -0.875448 0.470843
vn 0.225565 -0.000002 0.974228
vn 0.109071 -0.875448 0.470843
vn 0.208590 -0.880278 0.426147
vn -0.235963 -0.843792 -0.482014
vn -0.235963 -0.843792 -0.482014
vn -0.119601 -0.847802 -0.516650
vn 0.109071 -0.875448 0.470843
vn -0.119601 -0.847802 -0.516650
vn -0.235963 -0.843792 -0.482014
vn -0.439602 -0.000002 -0.898193
vn -0.439602 -0.000002 -0.898193
vn -0.225627 -0.000002 -0.974214
vn -0.119601 -0.847802 -0.516650
vn -0.780227 -0.000002 -0.625496
vn -0.415056 0.846752 -0.332776
vn -0.337618 0.847045 -0.410524
vn -0.337618 0.847045 -0.410524
vn -0.634607 -0.000002 -0.772835
vn -0.780227 -0.000002 -0.625496
vn -0.415056 0.846752 -0.332776
vn 0.376070 0.876164 0.301508
vn 0.305992 0.876076 0.372639
vn 0.305992 0.876076 0.372639
vn -0.337618 0.847045 -0.410524
vn -0.415056 0.846752 -0.332776
vn 0.376070 0.876164 0.301508
vn 0.780184 -0.000002 0.625550
vn 0.635192 -0.000002 0.772354
vn 0.635192 -0.000002 0.772354
vn 0.305992 0.876076 0.372639
vn 0.376070 0.876164 0.301508
vn 0.635192 -0.000002 0.772354
vn 0.780184 -0.000002 0.625550
vn 0.376069 -0.876165 0.301507
vn 0.376069 -0.876165 0.301507
vn 0.305991 -0.876077 0.372638
vn 0.635192 -0.000002 0.772354
vn 0.305991 -0.876077 0.372638
vn 0.376069 -0.876165 0.301507
vn -0.415054 -0.846753 -0.332774
vn -0.415054 -0.846753 -0.332774
vn -0.337617 -0.847046 -0.410522
vn 0.305991 -0.876077 0.372638
vn -0.337617 -0.847046 -0.410522
vn -0.415054 -0.846753 -0.332774
vn -0.780227 -0.000002 -0.625496
vn -0.780227 -0.000002 -0.625496
vn -0.634607 -0.000002 -0.772835
vn -0.337617 -0.847046 -0.410522
vn -0.974255 -0.000002 -0.225449
vn -0.526613 0.841326 -0.121856
vn -0.471113 0.847993 -0.242818
vn -0.471113 0.847993 -0.242818
vn -0.889424 -0.000002 -0.457083
vn -0.974255 -0.000002 -0.225449
vn -0.526613 0.841326 -0.121856
vn 0.455881 0.883773 0.105443
vn 0.430300 0.875188 0.221107
vn 0.430300 0.875188 0.221107
vn -0.471113 0.847993 -0.242818
vn -0.526613 0.841326 -0.121856
vn 0.455881 0.883773 0.105443
vn 0.974283 -0.000002 0.225326
vn 0.888905 -0.000002 0.458092
vn 0.888905 -0.000002 0.458092
vn 0.430300 0.875188 0.221107
vn 0.455881 0.883773 0.105443
vn 0.888905 -0.000002 0.458092
vn 0.974283 -0.000002 0.225326
vn 0.455879 -0.883774 0.105443
vn 0.455879 -0.883774 0.105443
vn 0.430299 -0.875189 0.221106
vn 0.888905 -0.000002 0.458092
vn 0.430299 -0.875189 0.221106
vn 0.455879 -0.883774 0.105443
vn -0.526611 -0.841328 -0.121855
vn -0.526611 -0.841328 -0.121855
vn -0.471111 -0.847994 -0.242817
vn 0.430299 -0.875189 0.221106
vn -0.471111 -0.847994 -0.242817
vn -0.526611 -0.841328 -0.121855
vn -0.974255 -0.000002 -0.225449
vn -0.974255 -0.000002 -0.225449
vn -0.889424 -0.000002 -0.457083
vn -0.471111 -0.847994 -0.242817
vn -0.973966 -0.000002 0.226692
vn -0.522331 0.844039 0.121527
vn -0.528151 0.849122 0.006891
vn -0.528151 0.849122 0.006891
vn -0.999924 -0.000002 0.012353
vn -0.973966 -0.000002 0.226692
vn -0.522331 0.844039 0.121527
vn 0.462853 0.879871 -0.107676
vn 0.485713 0.874098 -0.006001
vn 0.485713 0.874098 -0.006001
vn -0.528151 0.849122 0.006891
vn -0.522331 0.844039 0.121527
vn 0.462853 0.879871 -0.107676
vn 0.974012 -0.000002 -0.226496
vn 0.999915 -0.000002 -0.013046
vn 0.999915 -0.000002 -0.013046
vn 0.485713 0.874098 -0.006001
vn 0.462853 0.879871 -0.107676
vn 0.999915 -0.000002 -0.013046
vn 0.974012 -0.000002 -0.226496
vn 0.462851 -0.879872 -0.107675
vn 0.462851 -0.879872 -0.107675
vn 0.485711 -0.874099 -0.006001
vn 0.999915 -0.000002 -0.013046
vn 0.485711 -0.874099 -0.006001
vn 0.462851 -0.879872 -0.107675
vn -0.522329 -0.844040 0.121527
vn -0.522329 -0.844040 0.121527
vn -0.528149 -0.849124 0.006891
vn 0.485711 -0.874099 -0.006001
vn -0.528149 -0.849124 0.006891
vn -0.522329 -0.844040 0.121527
vn -0.973966 -0.000002 0.226692
vn -0.973966 -0.000002 0.226692
vn -0.999924 -0.000002 0.012353
vn -0.528149 -0.849124 0.006891
vn -0.780297 -0.000002 0.625410
vn -0.415721 0.846243 0.333240
vn -0.476301 0.846723 0.237060
vn -0.476301 0.846723 0.237060
vn -0.895427 -0.000002 0.445208
vn -0.780297 -0.000002 0.625410
vn -0.415721 0.846243 0.333240
vn 0.375118 0.876859 -0.300674
vn 0.431089 0.876490 -0.214306
vn 0.431089 0.876490 -0.214306
vn -0.476301 0.846723 0.237060
vn -0.415721 0.846243 0.333240
vn 0.375118 0.876859 -0.300674
vn 0.780243 -0.000002 -0.625476
vn 0.895266 -0.000002 -0.445532
vn 0.895266 -0.000002 -0.445532
vn 0.431089 0.876490 -0.214306
vn 0.375118 0.876859 -0.300674
vn 0.895266 -0.000002 -0.445532
vn 0.780243 -0.000002 -0.625476
vn 0.375117 -0.876860 -0.300673
vn 0.375117 -0.876860 -0.300673
vn 0.431087 -0.876492 -0.214305
vn 0.895266 -0.000002 -0.445532
vn 0.431087 -0.876492 -0.214305
vn 0.375117 -0.876860 -0.300673
vn -0.415719 -0.846244 0.333239
vn -0.415719 -0.846244 0.333239
vn -0.476300 -0.846724 0.237059
vn 0.431087 -0.876492 -0.214305
vn -0.476300 -0.846724 0.237059
vn -0.415719 -0.846244 0.333239
vn -0.780297 -0.000002 0.625410
vn -0.780297 -0.000002 0.625410
vn -0.895427 -0.000002 0.445208
vn -0.476300 -0.846724 0.237059
vn -0.439707 -0.000002 0.898141
vn -0.235711 0.844223 0.481381
vn -0.335897 0.847097 0.411825
vn -0.335897 0.847097 0.411825
vn -0.631664 -0.000002 0.775243
vn -0.439707 -0.000002 0.898141
vn -0.235711 0.844223 0.481381
vn 0.209122 0.879689 -0.427102
vn 0.304609 0.876047 -0.373838
vn 0.304609 0.876047 -0.373838
vn -0.335897 0.847097 0.411825
vn -0.235711 0.844223 0.481381
vn 0.209122 0.879689 -0.427102
vn 0.439806 -0.000002 -0.898093
vn 0.632065 -0.000002 -0.774916
vn 0.632065 -0.000002 -0.774916
vn 0.304609 0.876047 -0.373838
vn 0.209122 0.879689 -0.427102
vn 0.632065 -0.000002 -0.774916
vn 0.439806 -0.000002 -0.898093
vn 0.209121 -0.879690 -0.427100
vn 0.209121 -0.879690 -0.427100
vn 0.304608 -0.876048 -0.373836
vn 0.632065 -0.000002 -0.774916
vn 0.304608 -0.876048 -0.373836
vn 0.209121 -0.879690 -0.427100
vn -0.235710 -0.844224 0.481380
vn -0.235710 -0.844224 0.481380
vn -0.335896 -0.847098 0.411824
vn 0.304608 -0.876048 -0.373836
vn -0.335896 -0.847098 0.411824
vn -0.235710 -0.844224 0.481380
vn -0.439707 -0.000002 0.898141
vn -0.439707 -0.000002 0.898141
vn -0.631664 -0.000002 0.775243
vn -0.335896 -0.847098 0.411824
vn -0.000001 -0.000002 1.000000
vn -0.000000 0.841253 0.540641
vn -0.126131 0.849146 0.512876
vn -0.126131 0.849146 0.512876
vn -0.238198 -0.000002 0.971217
vn -0.000001 -0.000002 1.000000
vn -0.000000 0.841253 0.540641
vn 0.000002 0.883912 -0.467654
vn 0.115712 0.874117 -0.471731
vn 0.115712 0.874117 -0.471731
vn -0.126131 0.849146 0.512876
vn -0.000000 0.841253 0.540641
vn 0.000002 0.883912 -0.467654
vn -0.000002 -0.000002 -1.000000
vn 0.238839 -0.000002 -0.971059
vn 0.238839 -0.000002 -0.971059
vn 0.115712 0.874117 -0.471731
vn 0.000002 0.883912 -0.467654
vn 0.238839 -0.000002 -0.971059
vn -0.000002 -0.000002 -1.000000
vn 0.000002 -0.883913 -0.467652
vn 0.000002 -0.883913 -0.467652
vn 0.115711 -0.874118 -0.471729
vn 0.238839 -0.000002 -0.971059
vn 0.115711 -0.874118 -0.471729
vn 0.000002 -0.883913 -0.467652
vn -0.000000 -0.841255 0.540639
vn -0.000000 -0.841255 0.540639
vn -0.126130 -0.849147 0.512874
vn 0.115711 -0.874118 -0.471729
vn -0.126130 -0.849147 0.512874
vn -0.000000 -0.841255 0.540639
vn -0.000001 -0.000002 1.000000
vn -0.000001 -0.000002 1.000000
vn -0.238198 -0.000002 0.971217
vn -0.126130 -0.849147 0.512874
vn 0.439712 -0.000002 0.898139
vn 0.235709 0.844227 0.481376
vn 0.126130 0.849147 0.512875
vn 0.126130 0.849147 0.512875
vn 0.238198 -0.000002 0.971217
vn 0.439712 -0.000002 0.898139
vn 0.235709 0.844227 0.481376
vn -0.209124 0.879683 -0.427112
vn -0.115711 0.874112 -0.471740
vn -0.115711 0.874112 -0.471740
vn 0.126130 0.849147 0.512875
vn 0.235709 0.844227 0.481376
vn -0.209124 0.879683 -0.427112
vn -0.439808 -0.000002 -0.898092
vn -0.238842 -0.000002 -0.971058
vn -0.238842 -0.000002 -0.971058
vn -0.115711 0.874112 -0.471740
vn -0.209124 0.879683 -0.427112
vn -0.238842 -0.000002 -0.971058
vn -0.439808 -0.000002 -0.898092
vn -0.209123 -0.879684 -0.427111
vn -0.209123 -0.879684 -0.427111
vn -0.115710 -0.874114 -0.471738
vn -0.238842 -0.000002 -0.971058
vn -0.115710 -0.874114 -0.471738
vn -0.209123 -0.879684 -0.427111
vn 0.235708 -0.844228 0.481374
vn 0.235708 -0.844228 0.481374
vn 0.126130 -0.849148 0.512873
vn -0.115710 -0.874114 -0.471738
vn 0.126130 -0.849148 0.512873
vn 0.235708 -0.844228 0.481374
vn 0.439712 -0.000002 0.898139
vn 0.439712 -0.000002 0.898139
vn 0.238198 -0.000002 0.971217
vn 0.126130 -0.849148 0.512873
vn 0.780211 -0.000002 0.625516
vn 0.415150 0.846668 0.332873
vn 0.336929 0.846848 0.411495
vn 0.336929 0.846848 0.411495
vn 0.633041 -0.000002 0.774118
vn 0.780211 -0.000002 0.625516
vn 0.415150 0.846668 0.332873
vn -0.375944 0.876248 -0.301421
vn -0.304984 0.876289 -0.372963
vn -0.304984 0.876289 -0.372963
vn 0.336929 0.846848 0.411495
vn 0.415150 0.846668 0.332873
vn -0.375944 0.876248 -0.301421
vn -0.780165 -0.000002 -0.625574
vn -0.633526 -0.000002 -0.773722
vn -0.633526 -0.000002 -0.773722
vn -0.304984 0.876289 -0.372963
vn -0.375944 0.876248 -0.301421
vn -0.633526 -0.000002 -0.773722
vn -0.780165 -0.000002 -0.625574
vn -0.375943 -0.876249 -0.301420
vn -0.375943 -0.876249 -0.301420
vn -0.304983 -0.876291 -0.372962
vn -0.633526 -0.000002 -0.773722
vn -0.304983 -0.876291 -0.372962
vn -0.375943 -0.876249 -0.301420
vn 0.415148 -0.846669 0.332872
vn 0.415148 -0.846669 0.332872
vn 0.336928 -0.846849 0.411493
vn -0.304983 -0.876291 -0.372962
vn 0.336928 -0.846849 0.411493
vn 0.415148 -0.846669 0.332872
vn 0.780211 -0.000002 0.625516
vn 0.780211 -0.000002 0.625516
vn 0.633041 -0.000002 0.774118
vn 0.336928 -0.846849 0.411493
vn 0.974257 -0.000002 0.225440
vn 0.526620 0.841322 0.121855
vn 0.471141 0.848022 0.242661
vn 0.471141 0.848022 0.242661
vn 0.889552 -0.000002 0.456835
vn 0.974257 -0.000002 0.225440
vn 0.526620 0.841322 0.121855
vn -0.455880 0.883774 -0.105435
vn -0.430448 0.875134 -0.221033
vn -0.430448 0.875134 -0.221033
vn 0.471141 0.848022 0.242661
vn 0.526620 0.841322 0.121855
vn -0.455880 0.883774 -0.105435
vn -0.974285 -0.000002 -0.225318
vn -0.889035 -0.000002 -0.457839
vn -0.889035 -0.000002 -0.457839
vn -0.430448 0.875134 -0.221033
vn -0.455880 0.883774 -0.105435
vn -0.889035 -0.000002 -0.457839
vn -0.974285 -0.000002 -0.225318
vn -0.455878 -0.883775 -0.105434
vn -0.455878 -0.883775 -0.105434
vn -0.430446 -0.875135 -0.221033
vn -0.889035 -0.000002 -0.457839
vn -0.430446 -0.875135 -0.221033
vn -0.455878 -0.883775 -0.105434
vn 0.526618 -0.841324 0.121854
vn 0.526618 -0.841324 0.121854
vn 0.471139 -0.848024 0.242660
vn -0.430446 -0.875135 -0.221033
vn 0.471139 -0.848024 0.242660
vn 0.526618 -0.841324 0.121854
vn 0.974257 -0.000002 0.225440
vn 0.974257 -0.000002 0.225440
vn 0.889552 -0.000002 0.456835
vn 0.471139 -0.848024 0.242660
vn -0.000001 -0.000002 1.000000
vn 0.238198 -0.000002 0.971217
vn 0.126130 0.849147 0.512875
vn 0.126130 0.849147 0.512875
vn -0.000000 0.841253 0.540641
vn -0.000001 -0.000002 1.000000
vn -0.000000 0.841253 0.540641
vn 0.126130 0.849147 0.512875
vn -0.115711 0.874112 -0.471740
vn -0.115711 0.874112 -0.471740
vn 0.000002 0.883912 -0.467654
vn -0.000000 0.841253 0.540641
vn 0.000002 0.883912 -0.467654
vn -0.115711 0.874112 -0.471740
vn -0.238842 -0.000002 -0.971058
vn -0.238842 -0.000002 -0.971058
vn -0.000002 -0.000002 -1.000000
vn 0.000002 0.883912 -0.467654
vn -0.238842 -0.000002 -0.971058
vn -0.115710 -0.874114 -0.471738
vn 0.000002 -0.883913 -0.467652
vn 0.000002 -0.883913 -0.467652
vn -0.000002 -0.000002 -1.000000
vn -0.238842 -0.000002 -0.971058
vn -0.115710 -0.874114 -0.471738
vn 0.126130 -0.849148 0.512873
vn -0.000000 -0.841255 0.540639
vn -0.000000 -0.841255 0.540639
vn 0.000002 -0.883913 -0.467652
vn -0.115710 -0.874114 -0.471738
vn 0.126130 -0.849148 0.512873
vn 0.238198 -0.000002 0.971217
vn -0.000001 -0.000002 1.000000
vn -0.000001 -0.000002 1.000000
vn -0.000000 -0.841255 0.540639
vn 0.126130 -0.849148 0.512873
vn 0.439712 -0.000002 0.898139
vn 0.633041 -0.000002 0.774118
vn 0.336929 0.846848 0.411495
vn 0.336929 0.846848 0.411495
vn 0.235709 0.844227 0.481376
vn 0.439712 -0.000002 0.898139
vn 0.235709 0.844227 0.481376
vn 0.336929 0.846848 0.411495
vn -0.304984 0.876289 -0.372963
vn -0.304984 0.876289 -0.372963
vn -0.209124 0.879683 -0.427112
vn 0.235709 0.844227 0.481376
vn -0.209124 0.879683 -0.427112
vn -0.304984 0.876289 -0.372963
vn -0.633526 -0.000002 -0.773722
vn -0.633526 -0.000002 -0.773722
vn -0.439808 -0.000002 -0.898092
vn -0.209124 0.879683 -0.427112
vn -0.633526 -0.000002 -0.773722
vn -0.304983 -0.876291 -0.372962
vn -0.209123 -0.879684 -0.427111
vn -0.209123 -0.879684 -0.427111
vn -0.439808 -0.000002 -0.898092
vn -0.633526 -0.000002 -0.773722
vn -0.304983 -0.876291 -0.372962
vn 0.336928 -0.846849 0.411493
vn 0.235708 -0.844228 0.481374
vn 0.235708 -0.844228 0.481374
vn -0.209123 -0.879684 -0.427111
vn -0.304983 -0.876291 -0.372962
vn 0.336928 -0.846849 0.411493
vn 0.633041 -0.000002 0.774118
vn 0.439712 -0.000002 0.898139
vn 0.439712 -0.000002 0.898139
vn 0.235708 -0.844228 0.481374
vn 0.336928 -0.846849 0.411493
vn 0.974257 -0.000002 0.225440
vn 0.999924 -0.000002 -0.012362
vn 0.528153 0.849121 -0.006896
vn 0.528153 0.849121 -0.006896
vn 0.526620 0.841322 0.121855
vn 0.974257 -0.000002 0.225440
vn 0.526620 0.841322 0.121855
vn 0.528153 0.849121 -0.006896
vn -0.485697 0.874107 0.006008
vn -0.485697 0.874107 0.006008
vn -0.455880 0.883774 -0.105435
vn 0.526620 0.841322 0.121855
vn -0.455880 0.883774 -0.105435
vn -0.485697 0.874107 0.006008
vn -0.999915 -0.000002 0.013061
vn -0.999915 -0.000002 0.013061
vn -0.974285 -0.000002 -0.225318
vn -0.455880 0.883774 -0.105435
vn -0.999915 -0.000002 0.013061
vn -0.485695 -0.874108 0.006008
vn -0.455878 -0.883775 -0.105434
vn -0.455878 -0.883775 -0.105434
vn -0.974285 -0.000002 -0.225318
vn -0.999915 -0.000002 0.013061
vn -0.485695 -0.874108 0.006008
vn 0.528151 -0.849123 -0.006896
vn 0.526618 -0.841324 0.121854
vn 0.526618 -0.841324 0.121854
vn -0.455878 -0.883775 -0.105434
vn -0.485695 -0.874108 0.006008
vn 0.528151 -0.849123 -0.006896
vn 0.999924 -0.000002 -0.012362
vn 0.974257 -0.000002 0.225440
vn 0.974257 -0.000002 0.225440
vn 0.526618 -0.841324 0.121854
vn 0.528151 -0.849123 -0.006896
vn 0.973965 -0.000002 -0.226697
vn 0.894634 -0.000002 -0.446800
vn 0.476218 0.846462 -0.238156
vn 0.476218 0.846462 -0.238156
vn 0.522339 0.844033 -0.121534
vn 0.973965 -0.000002 -0.226697
vn 0.522339 0.844033 -0.121534
vn 0.476218 0.846462 -0.238156
vn -0.430274 0.876755 0.214862
vn -0.430274 0.876755 0.214862
vn -0.462837 0.879879 0.107676
vn 0.522339 0.844033 -0.121534
vn -0.462837 0.879879 0.107676
vn -0.430274 0.876755 0.214862
vn -0.894415 -0.000002 0.447238
vn -0.894415 -0.000002 0.447238
vn -0.974012 -0.000002 0.226495
vn -0.462837 0.879879 0.107676
vn -0.894415 -0.000002 0.447238
vn -0.430272 -0.876756 0.214861
vn -0.462836 -0.879880 0.107676
vn -0.462836 -0.879880 0.107676
vn -0.974012 -0.000002 0.226495
vn -0.894415 -0.000002 0.447238
vn -0.430272 -0.876756 0.214861
vn 0.476217 -0.846463 -0.238155
vn 0.522337 -0.844034 -0.121533
vn 0.522337 -0.844034 -0.121533
vn -0.462836 -0.879880 0.107676
vn -0.430272 -0.876756 0.214861
vn 0.476217 -0.846463 -0.238155
vn 0.894634 -0.000002 -0.446800
vn 0.973965 -0.000002 -0.226697
vn 0.973965 -0.000002 -0.226697
vn 0.522337 -0.844034 -0.121533
vn 0.476217 -0.846463 -0.238155
vn 0.438565 -0.000002 -0.898700
vn 0.214144 -0.000002 -0.976802
vn 0.112717 0.849141 -0.515998
vn 0.112717 0.849141 -0.515998
vn 0.237022 0.841487 -0.485511
vn 0.438565 -0.000002 -0.898700
vn 0.237022 0.841487 -0.485511
vn 0.112717 0.849141 -0.515998
vn -0.104046 0.874081 0.474507
vn -0.104046 0.874081 0.474507
vn -0.205378 0.883588 0.420823
vn 0.237022 0.841487 -0.485511
vn -0.205378 0.883588 0.420823
vn -0.104046 0.874081 0.474507
vn -0.213454 -0.000002 0.976953
vn -0.213454 -0.000002 0.976953
vn -0.438740 -0.000002 0.898614
vn -0.205378 0.883588 0.420823
vn -0.213454 -0.000002 0.976953
vn -0.104046 -0.874082 0.474505
vn -0.205377 -0.883589 0.420821
vn -0.205377 -0.883589 0.420821
vn -0.438740 -0.000002 0.898614
vn -0.213454 -0.000002 0.976953
vn -0.104046 -0.874082 0.474505
vn 0.112717 -0.849143 -0.515996
vn 0.237021 -0.841488 -0.485509
vn 0.237021 -0.841488 -0.485509
vn -0.205377 -0.883589 0.420821
vn -0.104046 -0.874082 0.474505
vn 0.112717 -0.849143 -0.515996
vn 0.214144 -0.000002 -0.976802
vn 0.438565 -0.000002 -0.898700
vn 0.438565 -0.000002 -0.898700
vn 0.237021 -0.841488 -0.485509
vn 0.112717 -0.849143 -0.515996
vn -0.001271 -0.000002 -0.999999
vn -0.225627 -0.000002 -0.974214
vn -0.119601 0.847801 -0.516652
vn -0.119601 0.847801 -0.516652
vn -0.000642 0.843890 -0.536516
vn -0.001271 -0.000002 -0.999999
vn -0.000642 0.843890 -0.536516
vn -0.119601 0.847801 -0.516652
vn 0.109071 0.875448 0.470845
vn 0.109071 0.875448 0.470845
vn 0.000606 0.880045 0.474889
vn -0.000642 0.843890 -0.536516
vn 0.000606 0.880045 0.474889
vn 0.109071 0.875448 0.470845
vn 0.225565 -0.000002 0.974228
vn 0.225565 -0.000002 0.974228
vn 0.001191 -0.000002 0.999999
vn 0.000606 0.880045 0.474889
vn 0.225565 -0.000002 0.974228
vn 0.109071 -0.875448 0.470843
vn 0.000606 -0.880046 0.474888
vn 0.000606 -0.880046 0.474888
vn 0.001191 -0.000002 0.999999
vn 0.225565 -0.000002 0.974228
vn 0.109071 -0.875448 0.470843
vn -0.119601 -0.847802 -0.516650
vn -0.000642 -0.843891 -0.536514
vn -0.000642 -0.843891 -0.536514
vn 0.000606 -0.880046 0.474888
vn 0.109071 -0.875448 0.470843
vn -0.119601 -0.847802 -0.516650
vn -0.225627 -0.000002 -0.974214
vn -0.001271 -0.000002 -0.999999
vn -0.001271 -0.000002 -0.999999
vn -0.000642 -0.843891 -0.536514
vn -0.119601 -0.847802 -0.516650
vn -0.439602 -0.000002 -0.898193
vn -0.634607 -0.000002 -0.772835
vn -0.337618 0.847045 -0.410524
vn -0.337618 0.847045 -0.410524
vn -0.235963 0.843791 -0.482015
vn -0.439602 -0.000002 -0.898193
vn -0.235963 0.843791 -0.482015
vn -0.337618 0.847045 -0.410524
vn 0.305992 0.876076 0.372639
vn 0.305992 0.876076 0.372639
vn 0.208591 0.880277 0.426149
vn -0.235963 0.843791 -0.482015
vn 0.208591 0.880277 0.426149
vn 0.305992 0.876076 0.372639
vn 0.635192 -0.000002 0.772354
vn 0.635192 -0.000002 0.772354
vn 0.439700 -0.000002 0.898145
vn 0.208591 0.880277 0.426149
vn 0.635192 -0.000002 0.772354
vn 0.305991 -0.876077 0.372638
vn 0.208590 -0.880278 0.426147
vn 0.208590 -0.880278 0.426147
vn 0.439700 -0.000002 0.898145
vn 0.635192 -0.000002 0.772354
vn 0.305991 -0.876077 0.372638
vn -0.337617 -0.847046 -0.410522
vn -0.235963 -0.843792 -0.482014
vn -0.235963 -0.843792 -0.482014
vn 0.208590 -0.880278 0.426147
vn 0.305991 -0.876077 0.372638
vn -0.337617 -0.847046 -0.410522
vn -0.634607 -0.000002 -0.772835
vn -0.439602 -0.000002 -0.898193
vn -0.439602 -0.000002 -0.898193
vn -0.235963 -0.843792 -0.482014
vn -0.337617 -0.847046 -0.410522
vn -0.974255 -0.000002 -0.225449
vn -0.999924 -0.000002 0.012353
vn -0.528151 0.849122 0.006891
vn -0.528151 0.849122 0.006891
vn -0.526613 0.841326 -0.121856
vn -0.974255 -0.000002 -0.225449
vn -0.526613 0.841326 -0.121856
vn -0.528151 0.849122 0.006891
vn 0.485713 0.874098 -0.006001
vn 0.485713 0.874098 -0.006001
vn 0.455881 0.883773 0.105443
vn -0.526613 0.841326 -0.121856
vn 0.455881 0.883773 0.105443
vn 0.485713 0.874098 -0.006001
vn 0.999915 -0.000002 -0.013046
vn 0.999915 -0.000002 -0.013046
vn 0.974283 -0.000002 0.225326
vn 0.455881 0.883773 0.105443
vn 0.999915 -0.000002 -0.013046
vn 0.485711 -0.874099 -0.006001
vn 0.455879 -0.883774 0.105443
vn 0.455879 -0.883774 0.105443
vn 0.974283 -0.000002 0.225326
vn 0.999915 -0.000002 -0.013046
vn 0.485711 -0.874099 -0.006001
vn -0.528149 -0.849124 0.006891
vn -0.526611 -0.841328 -0.121855
vn -0.526611 -0.841328 -0.121855
vn 0.455879 -0.883774 0.105443
vn 0.485711 -0.874099 -0.006001
vn -0.528149 -0.849124 0.006891
vn -0.999924 -0.000002 0.012353
vn -0.974255 -0.000002 -0.225449
vn -0.974255 -0.000002 -0.225449
vn -0.526611 -0.841328 -0.121855
vn -0.528149 -0.849124 0.006891
vn -0.973966 -0.000002 0.226692
vn -0.895427 -0.000002 0.445208
vn -0.476301 0.846723 0.237060
vn -0.476301 0.846723 0.237060
vn -0.522331 0.844039 0.121527
vn -0.973966 -0.000002 0.226692
vn -0.522331 0.844039 0.121527
vn -0.476301 0.846723 0.237060
vn 0.431089 0.876490 -0.214306
vn 0.431089 0.876490 -0.214306
vn 0.462853 0.879871 -0.107676
vn -0.522331 0.844039 0.121527
vn 0.462853 0.879871 -0.107676
vn 0.431089 0.876490 -0.214306
vn 0.895266 -0.000002 -0.445532
vn 0.895266 -0.000002 -0.445532
vn 0.974012 -0.000002 -0.226496
vn 0.462853 0.879871 -0.107676
vn 0.895266 -0.000002 -0.445532
vn 0.431087 -0.876492 -0.214305
vn 0.462851 -0.879872 -0.107675
vn 0.462851 -0.879872 -0.107675
vn 0.974012 -0.000002 -0.226496
vn 0.895266 -0.000002 -0.445532
vn 0.431087 -0.876492 -0.214305
vn -0.476300 -0.846724 0.237059
vn -0.522329 -0.844040 0.121527
vn -0.522329 -0.844040 0.121527
vn 0.462851 -0.879872 -0.107675
vn 0.431087 -0.876492 -0.214305
vn -0.476300 -0.846724 0.237059
vn -0.895427 -0.000002 0.445208
vn -0.973966 -0.000002 0.226692
vn -0.973966 -0.000002 0.226692
vn -0.522329 -0.844040 0.121527
vn -0.476300 -0.846724 0.237059
vn 0.780211 -0.000002 0.625516
vn 0.889552 -0.000002 0.456835
vn 0.471141 0.848022 0.242661
vn 0.471141 0.848022 0.242661
vn 0.415150 0.846668 0.332873
vn 0.780211 -0.000002 0.625516
vn 0.415150 0.846668 0.332873
vn 0.471141 0.848022 0.242661
vn -0.430448 0.875134 -0.221033
vn -0.430448 0.875134 -0.221033
vn -0.375944 0.876248 -0.301421
vn 0.415150 0.846668 0.332873
vn -0.375944 0.876248 -0.301421
vn -0.430448 0.875134 -0.221033
vn -0.889035 -0.000002 -0.457839
vn -0.889035 -0.000002 -0.457839
vn -0.780165 -0.000002 -0.625574
vn -0.375944 0.876248 -0.301421
vn -0.889035 -0.000002 -0.457839
vn -0.430446 -0.875135 -0.221033
vn -0.375943 -0.876249 -0.301420
vn -0.375943 -0.876249 -0.301420
vn -0.780165 -0.000002 -0.625574
vn -0.889035 -0.000002 -0.457839
vn -0.430446 -0.875135 -0.221033
vn 0.471139 -0.848024 0.242660
vn 0.415148 -0.846669 0.332872
vn 0.415148 -0.846669 0.332872
vn -0.375943 -0.876249 -0.301420
vn -0.430446 -0.875135 -0.221033
vn 0.471139 -0.848024 0.242660
vn 0.889552 -0.000002 0.456835
vn 0.780211 -0.000002 0.625516
vn 0.780211 -0.000002 0.625516
vn 0.415148 -0.846669 0.332872
vn 0.471139 -0.848024 0.242660
vn -0.780227 -0.000002 -0.625496
vn -0.889424 -0.000002 -0.457083
vn -0.471113 0.847993 -0.242818
vn -0.471113 0.847993 -0.242818
vn -0.415056 0.846752 -0.332776
vn -0.780227 -0.000002 -0.625496
vn -0.415056 0.846752 -0.332776
vn -0.471113 0.847993 -0.242818
vn 0.430300 0.875188 0.221107
vn 0.430300 0.875188 0.221107
vn 0.376070 0.876164 0.301508
vn -0.415056 0.846752 -0.332776
vn 0.376070 0.876164 0.301508
vn 0.430300 0.875188 0.221107
vn 0.888905 -0.000002 0.458092
vn 0.888905 -0.000002 0.458092
vn 0.780184 -0.000002 0.625550
vn 0.376070 0.876164 0.301508
vn 0.888905 -0.000002 0.458092
vn 0.430299 -0.875189 0.221106
vn 0.376069 -0.876165 0.301507
vn 0.376069 -0.876165 0.301507
vn 0.780184 -0.000002 0.625550
vn 0.888905 -0.000002 0.458092
vn 0.430299 -0.875189 0.221106
vn -0.471111 -0.847994 -0.242817
vn -0.415054 -0.846753 -0.332774
vn -0.415054 -0.846753 -0.332774
vn 0.376069 -0.876165 0.301507
vn 0.430299 -0.875189 0.221106
vn -0.471111 -0.847994 -0.242817
vn -0.889424 -0.000002 -0.457083
vn -0.780227 -0.000002 -0.625496
vn -0.780227 -0.000002 -0.625496
vn -0.415054 -0.846753 -0.332774
vn -0.471111 -0.847994 -0.242817
vn -0.439707 -0.000002 0.898141
vn -0.238198 -0.000002 0.971217
vn -0.126131 0.849146 0.512876
vn -0.126131 0.849146 0.512876
vn -0.235711 0.844223 0.481381
vn -0.439707 -0.000002 0.898141
vn -0.235711 0.844223 0.481381
vn -0.126131 0.849146 0.512876
vn 0.115712 0.874117 -0.471731
vn 0.115712 0.874117 -0.471731
vn 0.209122 0.879689 -0.427102
vn -0.235711 0.844223 0.481381
vn 0.209122 0.879689 -0.427102
vn 0.115712 0.874117 -0.471731
vn 0.238839 -0.000002 -0.971059
vn 0.238839 -0.000002 -0.971059
vn 0.439806 -0.000002 -0.898093
vn 0.209122 0.879689 -0.427102
vn 0.238839 -0.000002 -0.971059
vn 0.115711 -0.874118 -0.471729
vn 0.209121 -0.879690 -0.427100
vn 0.209121 -0.879690 -0.427100
vn 0.439806 -0.000002 -0.898093
vn 0.238839 -0.000002 -0.971059
vn 0.115711 -0.874118 -0.471729
vn -0.126130 -0.849147 0.512874
vn -0.235710 -0.844224 0.481380
vn -0.235710 -0.844224 0.481380
vn 0.209121 -0.879690 -0.427100
vn 0.115711 -0.874118 -0.471729
vn -0.126130 -0.849147 0.512874
vn -0.238198 -0.000002 0.971217
vn -0.439707 -0.000002 0.898141
vn -0.439707 -0.000002 0.898141
vn -0.235710 -0.844224 0.481380
vn -0.126130 -0.849147 0.512874
vn -0.780297 -0.000002 0.625410
vn -0.631664 -0.000002 0.775243
vn -0.335897 0.847097 0.411825
vn -0.335897 0.847097 0.411825
vn -0.415721 0.846243 0.333240
vn -0.780297 -0.000002 0.625410
vn -0.415721 0.846243 0.333240
vn -0.335897 0.847097 0.411825
vn 0.304609 0.876047 -0.373838
vn 0.304609 0.876047 -0.373838
vn 0.375118 0.876859 -0.300674
vn -0.415721 0.846243 0.333240
vn 0.375118 0.876859 -0.300674
vn 0.304609 0.876047 -0.373838
vn 0.632065 -0.000002 -0.774916
vn 0.632065 -0.000002 -0.774916
vn 0.780243 -0.000002 -0.625476
vn 0.375118 0.876859 -0.300674
vn 0.632065 -0.000002 -0.774916
vn 0.304608 -0.876048 -0.373836
vn 0.375117 -0.876860 -0.300673
vn 0.375117 -0.876860 -0.300673
vn 0.780243 -0.000002 -0.625476
vn 0.632065 -0.000002 -0.774916
vn 0.304608 -0.876048 -0.373836
vn -0.335896 -0.847098 0.411824
vn -0.415719 -0.846244 0.333239
vn -0.415719 -0.846244 0.333239
vn 0.375117 -0.876860 -0.300673
vn 0.304608 -0.876048 -0.373836
vn -0.335896 -0.847098 0.411824
vn -0.631664 -0.000002 0.775243
vn -0.780297 -0.000002 0.625410
vn -0.780297 -0.000002 0.625410
vn -0.415719 -0.846244 0.333239
vn -0.335896 -0.847098 0.411824
vn 0.780372 -0.000002 -0.625316
vn 0.641792 -0.000002 -0.766879
vn 0.340206 0.848426 -0.405504
vn 0.340206 0.848426 -0.405504
vn 0.415206 0.846687 -0.332752
vn 0.780372 -0.000002 -0.625316
vn 0.415206 0.846687 -0.332752
vn 0.340206 0.848426 -0.405504
vn -0.311087 0.874670 0.371724
vn -0.311087 0.874670 0.371724
vn -0.376005 0.876259 0.301314
vn 0.415206 0.846687 -0.332752
vn -0.376005 0.876259 0.301314
vn -0.311087 0.874670 0.371724
vn -0.642728 -0.000002 0.766095
vn -0.642728 -0.000002 0.766095
vn -0.780309 -0.000002 0.625394
vn -0.376005 0.876259 0.301314
vn -0.642728 -0.000002 0.766095
vn -0.311085 -0.874671 0.371722
vn -0.376003 -0.876260 0.301313
vn -0.376003 -0.876260 0.301313
vn -0.780309 -0.000002 0.625394
vn -0.642728 -0.000002 0.766095
vn -0.311085 -0.874671 0.371722
vn 0.340205 -0.848427 -0.405502
vn 0.415205 -0.846689 -0.332751
vn 0.415205 -0.846689 -0.332751
vn -0.376003 -0.876260 0.301313
vn -0.311085 -0.874671 0.371722
vn 0.340205 -0.848427 -0.405502
vn 0.641792 -0.000002 -0.766879
vn 0.780372 -0.000002 -0.625316
vn 0.780372 -0.000002 -0.625316
vn 0.415205 -0.846689 -0.332751
vn 0.340205 -0.848427 -0.405502
vn 0.867185 0.019060 -0.497621
vn 0.999828 -0.018351 0.002850
vn 0.999824 -0.018552 0.002792
vn 0.999824 -0.018552 0.002792
vn 0.866818 0.036886 -0.497259
vn 0.867185 0.019060 -0.497621
vn 0.500835 0.046619 -0.864286
vn 0.867185 0.019060 -0.497621
vn 0.866818 0.036886 -0.497259
vn 0.866818 0.036886 -0.497259
vn 0.499984 0.077616 -0.862549
vn 0.500835 0.046619 -0.864286
vn -0.000008 0.056726 -0.998390
vn 0.500835 0.046619 -0.864286
vn 0.499984 0.077616 -0.862549
vn 0.499984 0.077616 -0.862549
vn -0.000009 0.092510 -0.995712
vn -0.000008 0.056726 -0.998390
vn -0.500850 0.046617 -0.864278
vn -0.000008 0.056726 -0.998390
vn -0.000009 0.092510 -0.995712
vn -0.000009 0.092510 -0.995712
vn -0.500009 0.077615 -0.862535
vn -0.500850 0.046617 -0.864278
vn -0.867190 0.019059 -0.497613
vn -0.500850 0.046617 -0.864278
vn -0.500009 0.077615 -0.862535
vn -0.500009 0.077615 -0.862535
vn -0.866819 0.036887 -0.497256
vn -0.867190 0.019059 -0.497613
vn -0.999828 -0.018350 0.002854
vn -0.867190 0.019059 -0.497613
vn -0.866819 0.036887 -0.497256
vn -0.866819 0.036887 -0.497256
vn -0.999824 -0.018552 0.002792
vn -0.999828 -0.018350 0.002854
vn -0.863548 -0.055354 0.501219
vn -0.999828 -0.018350 0.002854
vn -0.999824 -0.018552 0.002792
vn -0.999824 -0.018552 0.002792
vn -0.862670 -0.073338 0.500421
vn -0.863548 -0.055354 0.501219
vn -0.497218 -0.082108 0.863732
vn -0.863548 -0.055354 0.501219
vn -0.862670 -0.073338 0.500421
vn -0.862670 -0.073338 0.500421
vn -0.495926 -0.112785 0.861009
vn -0.497218 -0.082108 0.863732
vn -0.000008 -0.091817 0.995776
vn -0.497218 -0.082108 0.863732
vn -0.495926 -0.112785 0.861009
vn -0.495926 -0.112785 0.861009
vn -0.000006 -0.127051 0.991896
vn -0.000008 -0.091817 0.995776
vn 0.497196 -0.082109 0.863744
vn -0.000008 -0.091817 0.995776
vn -0.000006 -0.127051 0.991896
vn -0.000006 -0.127051 0.991896
vn 0.495896 -0.112788 0.861026
vn 0.497196 -0.082109 0.863744
vn 0.863541 -0.055356 0.501231
vn 0.497196 -0.082109 0.863744
vn 0.495896 -0.112788 0.861026
vn 0.495896 -0.112788 0.861026
vn 0.862664 -0.073340 0.500432
vn 0.863541 -0.055356 0.501231
vn 0.999828 -0.018351 0.002850
vn 0.863541 -0.055356 0.501231
vn 0.862664 -0.073340 0.500432
vn 0.862664 -0.073340 0.500432
vn 0.999824 -0.018552 0.002792
vn 0.999828 -0.018351 0.002850
vn 0.000000 -1.000000 -0.000000
vn 0.000000 -1.000000 -0.000000
vn 0.000000 -1.000000 -0.000000
vn 0.000000 -1.000000 -0.000000
vn 0.000000 -1.000000 -0.000000
vn 0.000000 -1.000000 -0.000000
vn 0.000000 -1.000000 -0.000000
vn 0.000000 -1.000000 -0.000000
vn 0.000000 -1.000000 -0.000000
vn 0.000000 -1.000000 -0.000000
vn 0.000000 -1.000000 -0.000000
vn 0.000000 -1.000000 -0.000000
vn 0.000000 -1.000000 -0.000000
vn 0.000000 -1.000000 -0.000000
vn 0.000000 -1.000000 -0.000000
vn 0.000000 -1.000000 -0.000000
vn 0.000000 -1.000000 -0.000000
vn 0.000000 -1.000000 -0.000000
vn 0.000000 -1.000000 -0.000000
vn 0.000000 -1.000000 -0.000000
vn 0.000000 -1.000000 -0.000000
vn 0.000000 -1.000000 -0.000000
vn 0.000000 -1.000000 -0.000000
vn 0.000000 -1.000000 -0.000000
vn 0.000000 -1.000000 -0.000000
vn 0.000000 -1.000000 -0.000000
vn 0.000000 -1.000000 -0.000000
vn 0.000000 -1.000000 -0.000000
vn 0.000000 -1.000000 -0.000000
vn 0.000000 -1.000000 -0.000000
vn -0.000000 1.000000 0.000001
vn -0.000001 1.000000 -0.000000
vn 0.000000 1.000000 0.000000
vn 0.000000 1.000000 0.000000
vn 0.000000 1.000000 0.000000
vn -0.000000 1.000000 0.000001
vn 0.000002 1.000000 0.000002
vn 0.000001 1.000000 -0.000000
vn -0.000000 1.000000 0.000001
vn -0.000000 1.000000 0.000001
vn 0.000000 1.000000 0.000000
vn 0.000002 1.000000 0.000002
vn 0.000002 1.000000 0.000002
vn 0.000009 1.000000 0.000002
vn 0.000001 1.000000 -0.000000
vn -0.000001 1.000000 -0.000003
vn -0.000001 1.000000 -0.000000
vn 0.000001 1.000000 -0.000000
vn 0.000001 1.000000 -0.000000
vn 0.000002 1.000000 -0.000009
vn -0.000001 1.000000 -0.000003
vn -0.000001 1.000000 -0.000003
vn 0.000000 1.000000 0.000000
vn -0.000001 1.000000 -0.000000
vn -0.000000 1.000000 0.000001
vn 0.000001 1.000000 -0.000000
vn -0.000001 1.000000 -0.000000
vn 0.000000 1.000000 0.000000
vn 0.000000 1.000000 0.000000
vn -0.000001 1.000000 -0.000000
vn 0.861544 -0.043900 -0.505782
vn 0.999796 -0.018350 -0.008426
vn 0.999839 -0.017718 0.003000
vn 0.999839 -0.017718 0.003000
vn 0.866819 -0.034499 -0.497429
vn 0.861544 -0.043900 -0.505782
vn 0.866819 -0.034499 -0.497429
vn 0.999839 -0.017718 0.003000
vn 0.999835 -0.017934 0.002958
vn 0.999835 -0.017934 0.002958
vn 0.867183 -0.016657 -0.497710
vn 0.866819 -0.034499 -0.497429
vn 0.867183 -0.016657 -0.497710
vn 0.999835 -0.017934 0.002958
vn 0.999831 -0.018145 0.002913
vn 0.999831 -0.018145 0.002913
vn 0.867304 0.001204 -0.497777
vn 0.867183 -0.016657 -0.497710
vn 0.867304 0.001204 -0.497777
vn 0.999831 -0.018145 0.002913
vn 0.999828 -0.018351 0.002850
vn 0.999828 -0.018351 0.002850
vn 0.867185 0.019060 -0.497621
vn 0.867304 0.001204 -0.497777
vn 0.999400 -0.011348 -0.032716
vn 0.848642 0.086814 -0.521795
vn 0.865368 0.072365 -0.495884
vn 0.865368 0.072365 -0.495884
vn 0.999817 -0.018933 0.002636
vn 0.999400 -0.011348 -0.032716
vn 0.999817 -0.018933 0.002636
vn 0.865368 0.072365 -0.495884
vn 0.866219 0.054661 -0.496666
vn 0.866219 0.054661 -0.496666
vn 0.999821 -0.018746 0.002712
vn 0.999817 -0.018933 0.002636
vn 0.999821 -0.018746 0.002712
vn 0.866219 0.054661 -0.496666
vn 0.866818 0.036886 -0.497259
vn 0.866818 0.036886 -0.497259
vn 0.999824 -0.018552 0.002792
vn 0.999821 -0.018746 0.002712
vn 0.495413 -0.062419 -0.866412
vn 0.861544 -0.043900 -0.505782
vn 0.866819 -0.034499 -0.497429
vn 0.866819 -0.034499 -0.497429
vn 0.500768 -0.046854 -0.864312
vn 0.495413 -0.062419 -0.866412
vn 0.500768 -0.046854 -0.864312
vn 0.866819 -0.034499 -0.497429
vn 0.867183 -0.016657 -0.497710
vn 0.867183 -0.016657 -0.497710
vn 0.501215 -0.015713 -0.865180
vn 0.500768 -0.046854 -0.864312
vn 0.501215 -0.015713 -0.865180
vn 0.867183 -0.016657 -0.497710
vn 0.867304 0.001204 -0.497777
vn 0.867304 0.001204 -0.497777
vn 0.501237 0.015477 -0.865172
vn 0.501215 -0.015713 -0.865180
vn 0.501237 0.015477 -0.865172
vn 0.867304 0.001204 -0.497777
vn 0.867185 0.019060 -0.497621
vn 0.867185 0.019060 -0.497621
vn 0.500835 0.046619 -0.864286
vn 0.501237 0.015477 -0.865172
vn 0.848642 0.086814 -0.521795
vn 0.480434 0.155427 -0.863149
vn 0.497075 0.138826 -0.856530
vn 0.497075 0.138826 -0.856530
vn 0.865368 0.072365 -0.495884
vn 0.848642 0.086814 -0.521795
vn 0.865368 0.072365 -0.495884
vn 0.497075 0.138826 -0.856530
vn 0.498749 0.108382 -0.859943
vn 0.498749 0.108382 -0.859943
vn 0.866219 0.054661 -0.496666
vn 0.865368 0.072365 -0.495884
vn 0.866219 0.054661 -0.496666
vn 0.498749 0.108382 -0.859943
vn 0.499984 0.077616 -0.862549
vn 0.499984 0.077616 -0.862549
vn 0.866818 0.036886 -0.497259
vn 0.866219 0.054661 -0.496666
vn -0.000006 -0.069155 -0.997606
vn 0.495413 -0.062419 -0.866412
vn 0.500768 -0.046854 -0.864312
vn 0.500768 -0.046854 -0.864312
vn -0.000006 -0.051391 -0.998679
vn -0.000006 -0.069155 -0.997606
vn -0.000006 -0.051391 -0.998679
vn 0.500768 -0.046854 -0.864312
vn 0.501215 -0.015713 -0.865180
vn 0.501215 -0.015713 -0.865180
vn -0.000007 -0.015366 -0.999882
vn -0.000006 -0.051391 -0.998679
vn -0.000007 -0.015366 -0.999882
vn 0.501215 -0.015713 -0.865180
vn 0.501237 0.015477 -0.865172
vn 0.501237 0.015477 -0.865172
vn -0.000006 0.020721 -0.999785
vn -0.000007 -0.015366 -0.999882
vn -0.000006 0.020721 -0.999785
vn 0.501237 0.015477 -0.865172
vn 0.500835 0.046619 -0.864286
vn 0.500835 0.046619 -0.864286
vn -0.000008 0.056726 -0.998390
vn -0.000006 0.020721 -0.999785
vn 0.480434 0.155427 -0.863149
vn -0.000012 0.179683 -0.983725
vn -0.000009 0.162885 -0.986645
vn -0.000009 0.162885 -0.986645
vn 0.497075 0.138826 -0.856530
vn 0.480434 0.155427 -0.863149
vn 0.497075 0.138826 -0.856530
vn -0.000009 0.162885 -0.986645
vn -0.000010 0.127940 -0.991782
vn -0.000010 0.127940 -0.991782
vn 0.498749 0.108382 -0.859943
vn 0.497075 0.138826 -0.856530
vn 0.498749 0.108382 -0.859943
vn -0.000010 0.127940 -0.991782
vn -0.000009 0.092510 -0.995712
vn -0.000009 0.092510 -0.995712
vn 0.499984 0.077616 -0.862549
vn 0.498749 0.108382 -0.859943
vn -0.495439 -0.062418 -0.866397
vn -0.000006 -0.069155 -0.997606
vn -0.000006 -0.051391 -0.998679
vn -0.000006 -0.051391 -0.998679
vn -0.500793 -0.046854 -0.864298
vn -0.495439 -0.062418 -0.866397
vn -0.500793 -0.046854 -0.864298
vn -0.000006 -0.051391 -0.998679
vn -0.000007 -0.015366 -0.999882
vn -0.000007 -0.015366 -0.999882
vn -0.501241 -0.015713 -0.865165
vn -0.500793 -0.046854 -0.864298
vn -0.501241 -0.015713 -0.865165
vn -0.000007 -0.015366 -0.999882
vn -0.000006 0.020721 -0.999785
vn -0.000006 0.020721 -0.999785
vn -0.501259 0.015477 -0.865159
vn -0.501241 -0.015713 -0.865165
vn -0.501259 0.015477 -0.865159
vn -0.000006 0.020721 -0.999785
vn -0.000008 0.056726 -0.998390
vn -0.000008 0.056726 -0.998390
vn -0.500850 0.046617 -0.864278
vn -0.501259 0.015477 -0.865159
vn -0.000012 0.179683 -0.983725
vn -0.480445 0.155426 -0.863143
vn -0.497088 0.138825 -0.856523
vn -0.497088 0.138825 -0.856523
vn -0.000009 0.162885 -0.986645
vn -0.000012 0.179683 -0.983725
vn -0.000009 0.162885 -0.986645
vn -0.497088 0.138825 -0.856523
vn -0.498767 0.108380 -0.859933
vn -0.498767 0.108380 -0.859933
vn -0.000010 0.127940 -0.991782
vn -0.000009 0.162885 -0.986645
vn -0.000010 0.127940 -0.991782
vn -0.498767 0.108380 -0.859933
vn -0.500009 0.077615 -0.862535
vn -0.500009 0.077615 -0.862535
vn -0.000009 0.092510 -0.995712
vn -0.000010 0.127940 -0.991782
vn -0.861546 -0.043899 -0.505777
vn -0.495439 -0.062418 -0.866397
vn -0.500793 -0.046854 -0.864298
vn -0.500793 -0.046854 -0.864298
vn -0.866822 -0.034498 -0.497424
vn -0.861546 -0.043899 -0.505777
vn -0.866822 -0.034498 -0.497424
vn -0.500793 -0.046854 -0.864298
vn -0.501241 -0.015713 -0.865165
vn -0.501241 -0.015713 -0.865165
vn -0.867184 -0.016656 -0.497708
vn -0.866822 -0.034498 -0.497424
vn -0.867184 -0.016656 -0.497708
vn -0.501241 -0.015713 -0.865165
vn -0.501259 0.015477 -0.865159
vn -0.501259 0.015477 -0.865159
vn -0.867306 0.001205 -0.497774
vn -0.867184 -0.016656 -0.497708
vn -0.867306 0.001205 -0.497774
vn -0.501259 0.015477 -0.865159
vn -0.500850 0.046617 -0.864278
vn -0.500850 0.046617 -0.864278
vn -0.867190 0.019059 -0.497613
vn -0.867306 0.001205 -0.497774
vn -0.480445 0.155426 -0.863143
vn -0.848643 0.086813 -0.521794
vn -0.865371 0.072364 -0.495879
vn -0.865371 0.072364 -0.495879
vn -0.497088 0.138825 -0.856523
vn -0.480445 0.155426 -0.863143
vn -0.498767 0.108380 -0.859933
vn -0.497088 0.138825 -0.856523
vn -0.865371 0.072364 -0.495879
vn -0.865371 0.072364 -0.495879
vn -0.866213 0.054664 -0.496676
vn -0.498767 0.108380 -0.859933
vn -0.498767 0.108380 -0.859933
vn -0.866213 0.054664 -0.496676
vn -0.866819 0.036887 -0.497256
vn -0.866819 0.036887 -0.497256
vn -0.500009 0.077615 -0.862535
vn -0.498767 0.108380 -0.859933
vn -0.999796 -0.018349 -0.008423
vn -0.861546 -0.043899 -0.505777
vn -0.866822 -0.034498 -0.497424
vn -0.866822 -0.034498 -0.497424
vn -0.999839 -0.017718 0.003006
vn -0.999796 -0.018349 -0.008423
vn -0.999839 -0.017718 0.003006
vn -0.866822 -0.034498 -0.497424
vn -0.867184 -0.016656 -0.497708
vn -0.867184 -0.016656 -0.497708
vn -0.999835 -0.017933 0.002967
vn -0.999839 -0.017718 0.003006
vn -0.999835 -0.017933 0.002967
vn -0.867184 -0.016656 -0.497708
vn -0.867306 0.001205 -0.497774
vn -0.867306 0.001205 -0.497774
vn -0.999831 -0.018144 0.002914
vn -0.999835 -0.017933 0.002967
vn -0.999831 -0.018144 0.002914
vn -0.867306 0.001205 -0.497774
vn -0.867190 0.019059 -0.497613
vn -0.867190 0.019059 -0.497613
vn -0.999828 -0.018350 0.002854
vn -0.999831 -0.018144 0.002914
vn -0.848643 0.086813 -0.521794
vn -0.999400 -0.011348 -0.032716
vn -0.999817 -0.018933 0.002636
vn -0.999817 -0.018933 0.002636
vn -0.865371 0.072364 -0.495879
vn -0.848643 0.086813 -0.521794
vn -0.865371 0.072364 -0.495879
vn -0.999817 -0.018933 0.002636
vn -0.999821 -0.018746 0.002717
vn -0.999821 -0.018746 0.002717
vn -0.866213 0.054664 -0.496676
vn -0.865371 0.072364 -0.495879
vn -0.866213 0.054664 -0.496676
vn -0.999821 -0.018746 0.002717
vn -0.999824 -0.018552 0.002792
vn -0.999824 -0.018552 0.002792
vn -0.866819 0.036887 -0.497256
vn -0.866213 0.054664 -0.496676
vn -0.869651 0.007453 0.493611
vn -0.999796 -0.018349 -0.008423
vn -0.999839 -0.017718 0.003006
vn -0.999839 -0.017718 0.003006
vn -0.864744 -0.001069 0.502212
vn -0.869651 0.007453 0.493611
vn -0.864744 -0.001069 0.502212
vn -0.999839 -0.017718 0.003006
vn -0.999835 -0.017933 0.002967
vn -0.999835 -0.017933 0.002967
vn -0.864586 -0.019195 0.502119
vn -0.864744 -0.001069 0.502212
vn -0.864586 -0.019195 0.502119
vn -0.999835 -0.017933 0.002967
vn -0.999831 -0.018144 0.002914
vn -0.999831 -0.018144 0.002914
vn -0.864183 -0.037299 0.501794
vn -0.864586 -0.019195 0.502119
vn -0.864183 -0.037299 0.501794
vn -0.999831 -0.018144 0.002914
vn -0.999828 -0.018350 0.002854
vn -0.999828 -0.018350 0.002854
vn -0.863548 -0.055354 0.501219
vn -0.864183 -0.037299 0.501794
vn -0.999400 -0.011348 -0.032716
vn -0.874548 -0.112418 0.471729
vn -0.860210 -0.108988 0.498158
vn -0.860210 -0.108988 0.498158
vn -0.999817 -0.018933 0.002636
vn -0.999400 -0.011348 -0.032716
vn -0.999817 -0.018933 0.002636
vn -0.860210 -0.108988 0.498158
vn -0.861553 -0.091226 0.499405
vn -0.861553 -0.091226 0.499405
vn -0.999821 -0.018746 0.002717
vn -0.999817 -0.018933 0.002636
vn -0.999821 -0.018746 0.002717
vn -0.861553 -0.091226 0.499405
vn -0.862670 -0.073338 0.500421
vn -0.862670 -0.073338 0.500421
vn -0.999824 -0.018552 0.002792
vn -0.999821 -0.018746 0.002717
vn -0.503514 0.026475 0.863582
vn -0.869651 0.007453 0.493611
vn -0.864744 -0.001069 0.502212
vn -0.864744 -0.001069 0.502212
vn -0.498704 0.011024 0.866702
vn -0.503514 0.026475 0.863582
vn -0.498704 0.011024 0.866702
vn -0.864744 -0.001069 0.502212
vn -0.864586 -0.019195 0.502119
vn -0.864586 -0.019195 0.502119
vn -0.498632 -0.020110 0.866581
vn -0.498704 0.011024 0.866702
vn -0.498632 -0.020110 0.866581
vn -0.864586 -0.019195 0.502119
vn -0.864183 -0.037299 0.501794
vn -0.864183 -0.037299 0.501794
vn -0.498117 -0.051187 0.865598
vn -0.498632 -0.020110 0.866581
vn -0.498117 -0.051187 0.865598
vn -0.864183 -0.037299 0.501794
vn -0.863548 -0.055354 0.501219
vn -0.863548 -0.055354 0.501219
vn -0.497218 -0.082108 0.863732
vn -0.498117 -0.051187 0.865598
vn -0.874548 -0.112418 0.471729
vn -0.505531 -0.186569 0.842396
vn -0.492147 -0.173062 0.853136
vn -0.492147 -0.173062 0.853136
vn -0.860210 -0.108988 0.498158
vn -0.874548 -0.112418 0.471729
vn -0.861553 -0.091226 0.499405
vn -0.860210 -0.108988 0.498158
vn -0.492147 -0.173062 0.853136
vn -0.492147 -0.173062 0.853136
vn -0.494219 -0.143133 0.857473
vn -0.861553 -0.091226 0.499405
vn -0.861553 -0.091226 0.499405
vn -0.494219 -0.143133 0.857473
vn -0.495926 -0.112785 0.861009
vn -0.495926 -0.112785 0.861009
vn -0.862670 -0.073338 0.500421
vn -0.861553 -0.091226 0.499405
vn -0.000006 0.033461 0.999440
vn -0.503514 0.026475 0.863582
vn -0.498704 0.011024 0.866702
vn -0.498704 0.011024 0.866702
vn -0.000006 0.015430 0.999881
vn -0.000006 0.033461 0.999440
vn -0.000006 0.015430 0.999881
vn -0.498704 0.011024 0.866702
vn -0.498632 -0.020110 0.866581
vn -0.498632 -0.020110 0.866581
vn -0.000006 -0.020445 0.999791
vn -0.000006 0.015430 0.999881
vn -0.000006 -0.020445 0.999791
vn -0.498632 -0.020110 0.866581
vn -0.498117 -0.051187 0.865598
vn -0.498117 -0.051187 0.865598
vn -0.000006 -0.056239 0.998417
vn -0.000006 -0.020445 0.999791
vn -0.000006 -0.056239 0.998417
vn -0.498117 -0.051187 0.865598
vn -0.497218 -0.082108 0.863732
vn -0.497218 -0.082108 0.863732
vn -0.000008 -0.091817 0.995776
vn -0.000006 -0.056239 0.998417
vn -0.505531 -0.186569 0.842396
vn -0.000011 -0.213461 0.976952
vn -0.000008 -0.195981 0.980608
vn -0.000008 -0.195981 0.980608
vn -0.492147 -0.173062 0.853136
vn -0.505531 -0.186569 0.842396
vn -0.494219 -0.143133 0.857473
vn -0.492147 -0.173062 0.853136
vn -0.000008 -0.195981 0.980608
vn -0.000008 -0.195981 0.980608
vn -0.000009 -0.161810 0.986822
vn -0.494219 -0.143133 0.857473
vn -0.494219 -0.143133 0.857473
vn -0.000009 -0.161810 0.986822
vn -0.000006 -0.127051 0.991896
vn -0.000006 -0.127051 0.991896
vn -0.495926 -0.112785 0.861009
vn -0.494219 -0.143133 0.857473
vn 0.503476 0.026476 0.863603
vn -0.000006 0.033461 0.999440
vn -0.000006 0.015430 0.999881
vn -0.000006 0.015430 0.999881
vn 0.498668 0.011026 0.866723
vn 0.503476 0.026476 0.863603
vn 0.498668 0.011026 0.866723
vn -0.000006 0.015430 0.999881
vn -0.000006 -0.020445 0.999791
vn -0.000006 -0.020445 0.999791
vn 0.498587 -0.020111 0.866606
vn 0.498668 0.011026 0.866723
vn 0.498587 -0.020111 0.866606
vn -0.000006 -0.020445 0.999791
vn -0.000006 -0.056239 0.998417
vn -0.000006 -0.056239 0.998417
vn 0.498093 -0.051188 0.865612
vn 0.498587 -0.020111 0.866606
vn 0.498093 -0.051188 0.865612
vn -0.000006 -0.056239 0.998417
vn -0.000008 -0.091817 0.995776
vn -0.000008 -0.091817 0.995776
vn 0.497196 -0.082109 0.863744
vn 0.498093 -0.051188 0.865612
vn -0.000011 -0.213461 0.976952
vn 0.505518 -0.186569 0.842403
vn 0.492133 -0.173064 0.853144
vn 0.492133 -0.173064 0.853144
vn -0.000008 -0.195981 0.980608
vn -0.000011 -0.213461 0.976952
vn -0.000008 -0.195981 0.980608
vn 0.492133 -0.173064 0.853144
vn 0.494192 -0.143134 0.857489
vn 0.494192 -0.143134 0.857489
vn -0.000009 -0.161810 0.986822
vn -0.000008 -0.195981 0.980608
vn -0.000009 -0.161810 0.986822
vn 0.494192 -0.143134 0.857489
vn 0.495896 -0.112788 0.861026
vn 0.495896 -0.112788 0.861026
vn -0.000006 -0.127051 0.991896
vn -0.000009 -0.161810 0.986822
vn 0.869645 0.007453 0.493621
vn 0.503476 0.026476 0.863603
vn 0.498668 0.011026 0.866723
vn 0.498668 0.011026 0.866723
vn 0.864736 -0.001069 0.502226
vn 0.869645 0.007453 0.493621
vn 0.864736 -0.001069 0.502226
vn 0.498668 0.011026 0.866723
vn 0.498587 -0.020111 0.866606
vn 0.498587 -0.020111 0.866606
vn 0.864577 -0.019197 0.502134
vn 0.864736 -0.001069 0.502226
vn 0.864577 -0.019197 0.502134
vn 0.498587 -0.020111 0.866606
vn 0.498093 -0.051188 0.865612
vn 0.498093 -0.051188 0.865612
vn 0.864181 -0.037301 0.501797
vn 0.864577 -0.019197 0.502134
vn 0.864181 -0.037301 0.501797
vn 0.498093 -0.051188 0.865612
vn 0.497196 -0.082109 0.863744
vn 0.497196 -0.082109 0.863744
vn 0.863541 -0.055356 0.501231
vn 0.864181 -0.037301 0.501797
vn 0.505518 -0.186569 0.842403
vn 0.874548 -0.112418 0.471728
vn 0.860207 -0.108990 0.498162
vn 0.860207 -0.108990 0.498162
vn 0.492133 -0.173064 0.853144
vn 0.505518 -0.186569 0.842403
vn 0.492133 -0.173064 0.853144
vn 0.860207 -0.108990 0.498162
vn 0.861554 -0.091226 0.499402
vn 0.861554 -0.091226 0.499402
vn 0.494192 -0.143134 0.857489
vn 0.492133 -0.173064 0.853144
vn 0.494192 -0.143134 0.857489
vn 0.861554 -0.091226 0.499402
vn 0.862664 -0.073340 0.500432
vn 0.862664 -0.073340 0.500432
vn 0.495896 -0.112788 0.861026
vn 0.494192 -0.143134 0.857489
vn 0.999796 -0.018350 -0.008426
vn 0.869645 0.007453 0.493621
vn 0.864736 -0.001069 0.502226
vn 0.864736 -0.001069 0.502226
vn 0.999839 -0.017718 0.003000
vn 0.999796 -0.018350 -0.008426
vn 0.999839 -0.017718 0.003000
vn 0.864736 -0.001069 0.502226
vn 0.864577 -0.019197 0.502134
vn 0.864577 -0.019197 0.502134
vn 0.999835 -0.017934 0.002958
vn 0.999839 -0.017718 0.003000
vn 0.999835 -0.017934 0.002958
vn 0.864577 -0.019197 0.502134
vn 0.864181 -0.037301 0.501797
vn 0.864181 -0.037301 0.501797
vn 0.999831 -0.018145 0.002913
vn 0.999835 -0.017934 0.002958
vn 0.999831 -0.018145 0.002913
vn 0.864181 -0.037301 0.501797
vn 0.863541 -0.055356 0.501231
vn 0.863541 -0.055356 0.501231
vn 0.999828 -0.018351 0.002850
vn 0.999831 -0.018145 0.002913
vn 0.874548 -0.112418 0.471728
vn 0.999400 -0.011348 -0.032716
vn 0.999817 -0.018933 0.002636
vn 0.999817 -0.018933 0.002636
vn 0.860207 -0.108990 0.498162
vn 0.874548 -0.112418 0.471728
vn 0.861554 -0.091226 0.499402
vn 0.860207 -0.108990 0.498162
vn 0.999817 -0.018933 0.002636
vn 0.999817 -0.018933 0.002636
vn 0.999821 -0.018746 0.002712
vn 0.861554 -0.091226 0.499402
vn 0.861554 -0.091226 0.499402
vn 0.999821 -0.018746 0.002712
vn 0.999824 -0.018552 0.002792
vn 0.999824 -0.018552 0.002792
vn 0.862664 -0.073340 0.500432
vn 0.861554 -0.091226 0.499402
vn -0.002643 0.019059 0.999815
vn -0.502381 -0.018352 0.864452
vn -0.502335 -0.018552 0.864474
vn -0.502335 -0.018552 0.864474
vn -0.002774 0.036886 0.999316
vn -0.002643 0.019059 0.999815
vn 0.498080 0.046618 0.865877
vn -0.002643 0.019059 0.999815
vn -0.002774 0.036886 0.999316
vn -0.002774 0.036886 0.999316
vn 0.496992 0.077616 0.864277
vn 0.498080 0.046618 0.865877
vn 0.864640 0.056725 0.499180
vn 0.498080 0.046618 0.865877
vn 0.496992 0.077616 0.864277
vn 0.496992 0.077616 0.864277
vn 0.862318 0.092511 0.497844
vn 0.864640 0.056725 0.499180
vn 0.998912 0.046617 -0.001604
vn 0.864640 0.056725 0.499180
vn 0.862318 0.092511 0.497844
vn 0.862318 0.092511 0.497844
vn 0.996982 0.077616 -0.001750
vn 0.998912 0.046617 -0.001604
vn 0.864545 0.019060 -0.502193
vn 0.998912 0.046617 -0.001604
vn 0.996982 0.077616 -0.001750
vn 0.996982 0.077616 -0.001750
vn 0.864045 0.036886 -0.502062
vn 0.864545 0.019060 -0.502193
vn 0.497441 -0.018351 -0.867304
vn 0.864545 0.019060 -0.502193
vn 0.864045 0.036886 -0.502062
vn 0.864045 0.036886 -0.502062
vn 0.497490 -0.018553 -0.867271
vn 0.497441 -0.018351 -0.867304
vn -0.002293 -0.055354 -0.998464
vn 0.497441 -0.018351 -0.867304
vn 0.497490 -0.018553 -0.867271
vn 0.497490 -0.018553 -0.867271
vn -0.002043 -0.073337 -0.997305
vn -0.002293 -0.055354 -0.998464
vn -0.499399 -0.082108 -0.862473
vn -0.002293 -0.055354 -0.998464
vn -0.002043 -0.073337 -0.997305
vn -0.002043 -0.073337 -0.997305
vn -0.497694 -0.112785 -0.859989
vn -0.499399 -0.082108 -0.862473
vn -0.862362 -0.091817 -0.497897
vn -0.499399 -0.082108 -0.862473
vn -0.497694 -0.112785 -0.859989
vn -0.497694 -0.112785 -0.859989
vn -0.859005 -0.127052 -0.495952
vn -0.862362 -0.091817 -0.497897
vn -0.996623 -0.082109 -0.001284
vn -0.862362 -0.091817 -0.497897
vn -0.859005 -0.127052 -0.495952
vn -0.859005 -0.127052 -0.495952
vn -0.993619 -0.112788 -0.001054
vn -0.996623 -0.082109 -0.001284
vn -0.865848 -0.055357 0.497236
vn -0.996623 -0.082109 -0.001284
vn -0.993619 -0.112788 -0.001054
vn -0.993619 -0.112788 -0.001054
vn -0.864725 -0.073341 0.496863
vn -0.865848 -0.055357 0.497236
vn -0.502381 -0.018352 0.864452
vn -0.865848 -0.055357 0.497236
vn -0.864725 -0.073341 0.496863
vn -0.864725 -0.073341 0.496863
vn -0.502335 -0.018552 0.864474
vn -0.502381 -0.018352 0.864452
vn 0.000000 -1.000000 -0.000000
vn 0.000000 -1.000000 -0.000000
vn 0.000000 -1.000000 -0.000000
vn 0.000000 -1.000000 -0.000000
vn 0.000000 -1.000000 -0.000000
vn 0.000000 -1.000000 -0.000000
vn 0.000000 -1.000000 -0.000000
vn 0.000000 -1.000000 -0.000000
vn 0.000000 -1.000000 -0.000000
vn 0.000000 -1.000000 -0.000000
vn 0.000000 -1.000000 -0.000000
vn 0.000000 -1.000000 -0.000000
vn 0.000000 -1.000000 -0.000000
vn 0.000000 -1.000000 -0.000000
vn 0.000000 -1.000000 -0.000000
vn 0.000000 -1.000000 -0.000000
vn 0.000000 -1.000000 -0.000000
vn 0.000000 -1.000000 -0.000000
vn 0.000000 -1.000000 -0.000000
vn 0.000000 -1.000000 -0.000000
vn 0.000000 -1.000000 -0.000000
vn 0.000000 -1.000000 -0.000000
vn 0.000000 -1.000000 -0.000000
vn 0.000000 -1.000000 -0.000000
vn 0.000000 -1.000000 -0.000000
vn 0.000000 -1.000000 -0.000000
vn 0.000000 -1.000000 -0.000000
vn 0.000000 -1.000000 -0.000000
vn 0.000000 -1.000000 -0.000000
vn 0.000000 -1.000000 -0.000000
vn -0.000001 1.000000 -0.000001
vn 0.000001 1.000000 -0.000001
vn 0.000000 1.000000 0.000000
vn 0.000000 1.000000 0.000000
vn 0.000000 1.000000 0.000000
vn -0.000001 1.000000 -0.000001
vn -0.000003 1.000000 0.000001
vn -0.000000 1.000000 0.000001
vn -0.000001 1.000000 -0.000001
vn -0.000001 1.000000 -0.000001
vn 0.000000 1.000000 0.000000
vn -0.000003 1.000000 0.000001
vn -0.000003 1.000000 0.000001
vn -0.000007 1.000000 0.000007
vn -0.000000 1.000000 0.000001
vn 0.000003 1.000000 0.000001
vn 0.000001 1.000000 -0.000001
vn -0.000000 1.000000 0.000001
vn -0.000000 1.000000 0.000001
vn 0.000007 1.000000 0.000007
vn 0.000003 1.000000 0.000001
vn 0.000003 1.000000 0.000001
vn 0.000000 1.000000 0.000000
vn 0.000001 1.000000 -0.000001
vn -0.000001 1.000000 -0.000001
vn -0.000000 1.000000 0.000001
vn 0.000001 1.000000 -0.000001
vn 0.000000 1.000000 0.000000
vn 0.000000 1.000000 0.000000
vn 0.000001 1.000000 -0.000001
vn 0.007263 -0.043903 0.999009
vn -0.492607 -0.018351 0.870058
vn -0.502516 -0.017719 0.864386
vn -0.502516 -0.017719 0.864386
vn -0.002624 -0.034499 0.999401
vn 0.007263 -0.043903 0.999009
vn -0.002624 -0.034499 0.999401
vn -0.502516 -0.017719 0.864386
vn -0.502476 -0.017933 0.864405
vn -0.502476 -0.017933 0.864405
vn -0.002560 -0.016657 0.999858
vn -0.002624 -0.034499 0.999401
vn -0.002560 -0.016657 0.999858
vn -0.502476 -0.017933 0.864405
vn -0.502437 -0.018145 0.864423
vn -0.502437 -0.018145 0.864423
vn -0.002569 0.001204 0.999996
vn -0.002560 -0.016657 0.999858
vn -0.002569 0.001204 0.999996
vn -0.502437 -0.018145 0.864423
vn -0.502381 -0.018352 0.864452
vn -0.502381 -0.018352 0.864452
vn -0.002643 0.019059 0.999815
vn -0.002569 0.001204 0.999996
vn -0.471362 -0.011347 0.881867
vn 0.027551 0.086811 0.995844
vn -0.003239 0.072364 0.997373
vn -0.003239 0.072364 0.997373
vn -0.502181 -0.018932 0.864555
vn -0.471362 -0.011347 0.881867
vn -0.502181 -0.018932 0.864555
vn -0.003239 0.072364 0.997373
vn -0.002977 0.054662 0.998501
vn -0.002977 0.054662 0.998501
vn -0.502252 -0.018746 0.864518
vn -0.502181 -0.018932 0.864555
vn -0.502252 -0.018746 0.864518
vn -0.002977 0.054662 0.998501
vn -0.002774 0.036886 0.999316
vn -0.002774 0.036886 0.999316
vn -0.502335 -0.018552 0.864474
vn -0.502252 -0.018746 0.864518
vn 0.502635 -0.062419 0.862242
vn 0.007263 -0.043903 0.999009
vn -0.002624 -0.034499 0.999401
vn -0.002624 -0.034499 0.999401
vn 0.498135 -0.046854 0.865833
vn 0.502635 -0.062419 0.862242
vn 0.498135 -0.046854 0.865833
vn -0.002624 -0.034499 0.999401
vn -0.002560 -0.016657 0.999858
vn -0.002560 -0.016657 0.999858
vn 0.498664 -0.015712 0.866653
vn 0.498135 -0.046854 0.865833
vn 0.498664 -0.015712 0.866653
vn -0.002560 -0.016657 0.999858
vn -0.002569 0.001204 0.999996
vn -0.002569 0.001204 0.999996
vn 0.498648 0.015477 0.866667
vn 0.498664 -0.015712 0.866653
vn 0.498648 0.015477 0.866667
vn -0.002569 0.001204 0.999996
vn -0.002643 0.019059 0.999815
vn -0.002643 0.019059 0.999815
vn 0.498080 0.046618 0.865877
vn 0.498648 0.015477 0.866667
vn 0.027551 0.086811 0.995844
vn 0.507288 0.155426 0.847645
vn 0.493236 0.138825 0.858747
vn 0.493236 0.138825 0.858747
vn -0.003239 0.072364 0.997373
vn 0.027551 0.086811 0.995844
vn -0.003239 0.072364 0.997373
vn 0.493236 0.138825 0.858747
vn 0.495357 0.108381 0.861902
vn 0.495357 0.108381 0.861902
vn -0.002977 0.054662 0.998501
vn -0.003239 0.072364 0.997373
vn -0.002977 0.054662 0.998501
vn 0.495357 0.108381 0.861902
vn 0.496992 0.077616 0.864277
vn 0.496992 0.077616 0.864277
vn -0.002774 0.036886 0.999316
vn -0.002977 0.054662 0.998501
vn 0.863952 -0.069155 0.498803
vn 0.502635 -0.062419 0.862242
vn 0.498135 -0.046854 0.865833
vn 0.498135 -0.046854 0.865833
vn 0.864885 -0.051391 0.499332
vn 0.863952 -0.069155 0.498803
vn 0.864885 -0.051391 0.499332
vn 0.498135 -0.046854 0.865833
vn 0.498664 -0.015712 0.866653
vn 0.498664 -0.015712 0.866653
vn 0.865925 -0.015365 0.499938
vn 0.864885 -0.051391 0.499332
vn 0.865925 -0.015365 0.499938
vn 0.498664 -0.015712 0.866653
vn 0.498648 0.015477 0.866667
vn 0.498648 0.015477 0.866667
vn 0.865843 0.020721 0.499887
vn 0.865925 -0.015365 0.499938
vn 0.865843 0.020721 0.499887
vn 0.498648 0.015477 0.866667
vn 0.498080 0.046618 0.865877
vn 0.498080 0.046618 0.865877
vn 0.864640 0.056725 0.499180
vn 0.865843 0.020721 0.499887
vn 0.507288 0.155426 0.847645
vn 0.851937 0.179684 0.491852
vn 0.854473 0.162884 0.493300
vn 0.854473 0.162884 0.493300
vn 0.493236 0.138825 0.858747
vn 0.507288 0.155426 0.847645
vn 0.493236 0.138825 0.858747
vn 0.854473 0.162884 0.493300
vn 0.858917 0.127940 0.495876
vn 0.858917 0.127940 0.495876
vn 0.495357 0.108381 0.861902
vn 0.493236 0.138825 0.858747
vn 0.495357 0.108381 0.861902
vn 0.858917 0.127940 0.495876
vn 0.862318 0.092511 0.497844
vn 0.862318 0.092511 0.497844
vn 0.496992 0.077616 0.864277
vn 0.495357 0.108381 0.861902
vn 0.998042 -0.062420 0.004139
vn 0.863952 -0.069155 0.498803
vn 0.864885 -0.051391 0.499332
vn 0.864885 -0.051391 0.499332
vn 0.998901 -0.046854 -0.001545
vn 0.998042 -0.062420 0.004139
vn 0.998901 -0.046854 -0.001545
vn 0.864885 -0.051391 0.499332
vn 0.865925 -0.015365 0.499938
vn 0.865925 -0.015365 0.499938
vn 0.999875 -0.015712 -0.001501
vn 0.998901 -0.046854 -0.001545
vn 0.999875 -0.015712 -0.001501
vn 0.865925 -0.015365 0.499938
vn 0.865843 0.020721 0.499887
vn 0.865843 0.020721 0.499887
vn 0.999879 0.015476 -0.001519
vn 0.999875 -0.015712 -0.001501
vn 0.999879 0.015476 -0.001519
vn 0.865843 0.020721 0.499887
vn 0.864640 0.056725 0.499180
vn 0.864640 0.056725 0.499180
vn 0.998912 0.046617 -0.001604
vn 0.999879 0.015476 -0.001519
vn 0.851937 0.179684 0.491852
vn 0.987726 0.155425 0.015491
vn 0.990314 0.138825 -0.002223
vn 0.990314 0.138825 -0.002223
vn 0.854473 0.162884 0.493300
vn 0.851937 0.179684 0.491852
vn 0.854473 0.162884 0.493300
vn 0.990314 0.138825 -0.002223
vn 0.994108 0.108380 -0.001975
vn 0.994108 0.108380 -0.001975
vn 0.858917 0.127940 0.495876
vn 0.854473 0.162884 0.493300
vn 0.858917 0.127940 0.495876
vn 0.994108 0.108380 -0.001975
vn 0.996982 0.077616 -0.001750
vn 0.996982 0.077616 -0.001750
vn 0.862318 0.092511 0.497844
vn 0.858917 0.127940 0.495876
vn 0.868790 -0.043899 -0.493231
vn 0.998042 -0.062420 0.004139
vn 0.998901 -0.046854 -0.001545
vn 0.998901 -0.046854 -0.001545
vn 0.864194 -0.034498 -0.501974
vn 0.868790 -0.043899 -0.493231
vn 0.864194 -0.034498 -0.501974
vn 0.998901 -0.046854 -0.001545
vn 0.999875 -0.015712 -0.001501
vn 0.999875 -0.015712 -0.001501
vn 0.864622 -0.016656 -0.502147
vn 0.864194 -0.034498 -0.501974
vn 0.864622 -0.016656 -0.502147
vn 0.999875 -0.015712 -0.001501
vn 0.999879 0.015476 -0.001519
vn 0.999879 0.015476 -0.001519
vn 0.864740 0.001205 -0.502218
vn 0.864622 -0.016656 -0.502147
vn 0.864740 0.001205 -0.502218
vn 0.999879 0.015476 -0.001519
vn 0.998912 0.046617 -0.001604
vn 0.998912 0.046617 -0.001604
vn 0.864545 0.019060 -0.502193
vn 0.864740 0.001205 -0.502218
vn 0.987726 0.155425 0.015491
vn 0.876212 0.086814 -0.474042
vn 0.862132 0.072363 -0.501489
vn 0.862132 0.072363 -0.501489
vn 0.990314 0.138825 -0.002223
vn 0.987726 0.155425 0.015491
vn 0.994108 0.108380 -0.001975
vn 0.990314 0.138825 -0.002223
vn 0.862132 0.072363 -0.501489
vn 0.862132 0.072363 -0.501489
vn 0.863247 0.054666 -0.501814
vn 0.994108 0.108380 -0.001975
vn 0.994108 0.108380 -0.001975
vn 0.863247 0.054666 -0.501814
vn 0.864045 0.036886 -0.502062
vn 0.864045 0.036886 -0.502062
vn 0.996982 0.077616 -0.001750
vn 0.994108 0.108380 -0.001975
vn 0.507186 -0.018348 -0.861641
vn 0.868790 -0.043899 -0.493231
vn 0.864194 -0.034498 -0.501974
vn 0.864194 -0.034498 -0.501974
vn 0.497320 -0.017717 -0.867386
vn 0.507186 -0.018348 -0.861641
vn 0.497320 -0.017717 -0.867386
vn 0.864194 -0.034498 -0.501974
vn 0.864622 -0.016656 -0.502147
vn 0.864622 -0.016656 -0.502147
vn 0.497349 -0.017933 -0.867365
vn 0.497320 -0.017717 -0.867386
vn 0.497349 -0.017933 -0.867365
vn 0.864622 -0.016656 -0.502147
vn 0.864740 0.001205 -0.502218
vn 0.864740 0.001205 -0.502218
vn 0.497395 -0.018144 -0.867335
vn 0.497349 -0.017933 -0.867365
vn 0.497395 -0.018144 -0.867335
vn 0.864740 0.001205 -0.502218
vn 0.864545 0.019060 -0.502193
vn 0.864545 0.019060 -0.502193
vn 0.497441 -0.018351 -0.867304
vn 0.497395 -0.018144 -0.867335
vn 0.876212 0.086814 -0.474042
vn 0.528054 -0.011342 -0.849135
vn 0.497619 -0.018936 -0.867189
vn 0.497619 -0.018936 -0.867189
vn 0.862132 0.072363 -0.501489
vn 0.876212 0.086814 -0.474042
vn 0.862132 0.072363 -0.501489
vn 0.497619 -0.018936 -0.867189
vn 0.497574 -0.018742 -0.867219
vn 0.497574 -0.018742 -0.867219
vn 0.863247 0.054666 -0.501814
vn 0.862132 0.072363 -0.501489
vn 0.863247 0.054666 -0.501814
vn 0.497574 -0.018742 -0.867219
vn 0.497490 -0.018553 -0.867271
vn 0.497490 -0.018553 -0.867271
vn 0.864045 0.036886 -0.502062
vn 0.863247 0.054666 -0.501814
vn 0.007351 0.007454 -0.999945
vn 0.507186 -0.018348 -0.861641
vn 0.497320 -0.017717 -0.867386
vn 0.497320 -0.017717 -0.867386
vn -0.002555 -0.001069 -0.999996
vn 0.007351 0.007454 -0.999945
vn -0.002555 -0.001069 -0.999996
vn 0.497320 -0.017717 -0.867386
vn 0.497349 -0.017933 -0.867365
vn 0.497349 -0.017933 -0.867365
vn -0.002564 -0.019195 -0.999813
vn -0.002555 -0.001069 -0.999996
vn -0.002564 -0.019195 -0.999813
vn 0.497349 -0.017933 -0.867365
vn 0.497395 -0.018144 -0.867335
vn 0.497395 -0.018144 -0.867335
vn -0.002477 -0.037299 -0.999301
vn -0.002564 -0.019195 -0.999813
vn -0.002477 -0.037299 -0.999301
vn 0.497395 -0.018144 -0.867335
vn 0.497441 -0.018351 -0.867304
vn 0.497441 -0.018351 -0.867304
vn -0.002293 -0.055354 -0.998464
vn -0.002477 -0.037299 -0.999301
vn 0.528054 -0.011342 -0.849135
vn 0.028736 -0.112418 -0.993245
vn -0.001314 -0.108989 -0.994042
vn -0.001314 -0.108989 -0.994042
vn 0.497619 -0.018936 -0.867189
vn 0.528054 -0.011342 -0.849135
vn 0.497619 -0.018936 -0.867189
vn -0.001314 -0.108989 -0.994042
vn -0.001728 -0.091226 -0.995829
vn -0.001728 -0.091226 -0.995829
vn 0.497574 -0.018742 -0.867219
vn 0.497619 -0.018936 -0.867189
vn 0.497574 -0.018742 -0.867219
vn -0.001728 -0.091226 -0.995829
vn -0.002043 -0.073337 -0.997305
vn -0.002043 -0.073337 -0.997305
vn 0.497490 -0.018553 -0.867271
vn 0.497574 -0.018742 -0.867219
vn -0.496123 0.026476 -0.867848
vn 0.007351 0.007454 -0.999945
vn -0.002555 -0.001069 -0.999996
vn -0.002555 -0.001069 -0.999996
vn -0.501242 0.011023 -0.865237
vn -0.496123 0.026476 -0.867848
vn -0.501242 0.011023 -0.865237
vn -0.002555 -0.001069 -0.999996
vn -0.002564 -0.019195 -0.999813
vn -0.002564 -0.019195 -0.999813
vn -0.501161 -0.020109 -0.865121
vn -0.501242 0.011023 -0.865237
vn -0.501161 -0.020109 -0.865121
vn -0.002564 -0.019195 -0.999813
vn -0.002477 -0.037299 -0.999301
vn -0.002477 -0.037299 -0.999301
vn -0.500565 -0.051187 -0.864184
vn -0.501161 -0.020109 -0.865121
vn -0.500565 -0.051187 -0.864184
vn -0.002477 -0.037299 -0.999301
vn -0.002293 -0.055354 -0.998464
vn -0.002293 -0.055354 -0.998464
vn -0.499399 -0.082108 -0.862473
vn -0.500565 -0.051187 -0.864184
vn 0.028736 -0.112418 -0.993245
vn -0.476785 -0.186569 -0.858993
vn -0.492781 -0.173064 -0.852769
vn -0.492781 -0.173064 -0.852769
vn -0.001314 -0.108989 -0.994042
vn 0.028736 -0.112418 -0.993245
vn -0.001728 -0.091226 -0.995829
vn -0.001314 -0.108989 -0.994042
vn -0.492781 -0.173064 -0.852769
vn -0.492781 -0.173064 -0.852769
vn -0.495494 -0.143134 -0.856737
vn -0.001728 -0.091226 -0.995829
vn -0.001728 -0.091226 -0.995829
vn -0.495494 -0.143134 -0.856737
vn -0.497694 -0.112785 -0.859989
vn -0.497694 -0.112785 -0.859989
vn -0.002043 -0.073337 -0.997305
vn -0.001728 -0.091226 -0.995829
vn -0.865538 0.033460 -0.499725
vn -0.496123 0.026476 -0.867848
vn -0.501242 0.011023 -0.865237
vn -0.501242 0.011023 -0.865237
vn -0.865918 0.015429 -0.499947
vn -0.865538 0.033460 -0.499725
vn -0.865918 0.015429 -0.499947
vn -0.501242 0.011023 -0.865237
vn -0.501161 -0.020109 -0.865121
vn -0.501161 -0.020109 -0.865121
vn -0.865840 -0.020444 -0.499903
vn -0.865918 0.015429 -0.499947
vn -0.865840 -0.020444 -0.499903
vn -0.501161 -0.020109 -0.865121
vn -0.500565 -0.051187 -0.864184
vn -0.500565 -0.051187 -0.864184
vn -0.864654 -0.056239 -0.499211
vn -0.865840 -0.020444 -0.499903
vn -0.864654 -0.056239 -0.499211
vn -0.500565 -0.051187 -0.864184
vn -0.499399 -0.082108 -0.862473
vn -0.499399 -0.082108 -0.862473
vn -0.862362 -0.091817 -0.497897
vn -0.864654 -0.056239 -0.499211
vn -0.476785 -0.186569 -0.858993
vn -0.846061 -0.213461 -0.488483
vn -0.849230 -0.195981 -0.490306
vn -0.849230 -0.195981 -0.490306
vn -0.492781 -0.173064 -0.852769
vn -0.476785 -0.186569 -0.858993
vn -0.495494 -0.143134 -0.856737
vn -0.492781 -0.173064 -0.852769
vn -0.849230 -0.195981 -0.490306
vn -0.849230 -0.195981 -0.490306
vn -0.854608 -0.161811 -0.493419
vn -0.495494 -0.143134 -0.856737
vn -0.495494 -0.143134 -0.856737
vn -0.854608 -0.161811 -0.493419
vn -0.859005 -0.127052 -0.495952
vn -0.859005 -0.127052 -0.495952
vn -0.497694 -0.112785 -0.859989
vn -0.495494 -0.143134 -0.856737
vn -0.999641 0.026475 0.004218
vn -0.865538 0.033460 -0.499725
vn -0.865918 0.015429 -0.499947
vn -0.865918 0.015429 -0.499947
vn -0.999938 0.011025 -0.001506
vn -0.999641 0.026475 0.004218
vn -0.999938 0.011025 -0.001506
vn -0.865918 0.015429 -0.499947
vn -0.865840 -0.020444 -0.499903
vn -0.865840 -0.020444 -0.499903
vn -0.999797 -0.020111 -0.001511
vn -0.999938 0.011025 -0.001506
vn -0.999797 -0.020111 -0.001511
vn -0.865840 -0.020444 -0.499903
vn -0.864654 -0.056239 -0.499211
vn -0.864654 -0.056239 -0.499211
vn -0.998688 -0.051187 -0.001437
vn -0.999797 -0.020111 -0.001511
vn -0.998688 -0.051187 -0.001437
vn -0.864654 -0.056239 -0.499211
vn -0.862362 -0.091817 -0.497897
vn -0.862362 -0.091817 -0.497897
vn -0.996623 -0.082109 -0.001284
vn -0.998688 -0.051187 -0.001437
vn -0.846061 -0.213461 -0.488483
vn -0.982302 -0.186571 0.016575
vn -0.984910 -0.173066 -0.000392
vn -0.984910 -0.173066 -0.000392
vn -0.849230 -0.195981 -0.490306
vn -0.846061 -0.213461 -0.488483
vn -0.849230 -0.195981 -0.490306
vn -0.984910 -0.173066 -0.000392
vn -0.989703 -0.143134 -0.000759
vn -0.989703 -0.143134 -0.000759
vn -0.854608 -0.161811 -0.493419
vn -0.849230 -0.195981 -0.490306
vn -0.854608 -0.161811 -0.493419
vn -0.989703 -0.143134 -0.000759
vn -0.993619 -0.112788 -0.001054
vn -0.993619 -0.112788 -0.001054
vn -0.859005 -0.127052 -0.495952
vn -0.854608 -0.161811 -0.493419
vn -0.862314 0.007453 0.506318
vn -0.999641 0.026475 0.004218
vn -0.999938 0.011025 -0.001506
vn -0.999938 0.011025 -0.001506
vn -0.867306 -0.001071 0.497774
vn -0.862314 0.007453 0.506318
vn -0.867306 -0.001071 0.497774
vn -0.999938 0.011025 -0.001506
vn -0.999797 -0.020111 -0.001511
vn -0.999797 -0.020111 -0.001511
vn -0.867149 -0.019196 0.497679
vn -0.867306 -0.001071 0.497774
vn -0.867149 -0.019196 0.497679
vn -0.999797 -0.020111 -0.001511
vn -0.998688 -0.051187 -0.001437
vn -0.998688 -0.051187 -0.001437
vn -0.866658 -0.037301 0.497507
vn -0.867149 -0.019196 0.497679
vn -0.866658 -0.037301 0.497507
vn -0.998688 -0.051187 -0.001437
vn -0.996623 -0.082109 -0.001284
vn -0.996623 -0.082109 -0.001284
vn -0.865848 -0.055357 0.497236
vn -0.866658 -0.037301 0.497507
vn -0.982302 -0.186571 0.016575
vn -0.845802 -0.112418 0.521518
vn -0.861527 -0.108991 0.495876
vn -0.861527 -0.108991 0.495876
vn -0.984910 -0.173066 -0.000392
vn -0.982302 -0.186571 0.016575
vn -0.984910 -0.173066 -0.000392
vn -0.861527 -0.108991 0.495876
vn -0.863277 -0.091227 0.496418
vn -0.863277 -0.091227 0.496418
vn -0.989703 -0.143134 -0.000759
vn -0.984910 -0.173066 -0.000392
vn -0.989703 -0.143134 -0.000759
vn -0.863277 -0.091227 0.496418
vn -0.864725 -0.073341 0.496863
vn -0.864725 -0.073341 0.496863
vn -0.993619 -0.112788 -0.001054
vn -0.989703 -0.143134 -0.000759
vn -0.492607 -0.018351 0.870058
vn -0.862314 0.007453 0.506318
vn -0.867306 -0.001071 0.497774
vn -0.867306 -0.001071 0.497774
vn -0.502516 -0.017719 0.864386
vn -0.492607 -0.018351 0.870058
vn -0.502516 -0.017719 0.864386
vn -0.867306 -0.001071 0.497774
vn -0.867149 -0.019196 0.497679
vn -0.867149 -0.019196 0.497679
vn -0.502476 -0.017933 0.864405
vn -0.502516 -0.017719 0.864386
vn -0.502476 -0.017933 0.864405
vn -0.867149 -0.019196 0.497679
vn -0.866658 -0.037301 0.497507
vn -0.866658 -0.037301 0.497507
vn -0.502437 -0.018145 0.864423
vn -0.502476 -0.017933 0.864405
vn -0.502437 -0.018145 0.864423
vn -0.866658 -0.037301 0.497507
vn -0.865848 -0.055357 0.497236
vn -0.865848 -0.055357 0.497236
vn -0.502381 -0.018352 0.864452
vn -0.502437 -0.018145 0.864423
vn -0.845802 -0.112418 0.521518
vn -0.471362 -0.011347 0.881867
vn -0.502181 -0.018932 0.864555
vn -0.502181 -0.018932 0.864555
vn -0.861527 -0.108991 0.495876
vn -0.845802 -0.112418 0.521518
vn -0.863277 -0.091227 0.496418
vn -0.861527 -0.108991 0.495876
vn -0.502181 -0.018932 0.864555
vn -0.502181 -0.018932 0.864555
vn -0.502252 -0.018746 0.864518
vn -0.863277 -0.091227 0.496418
vn -0.863277 -0.091227 0.496418
vn -0.502252 -0.018746 0.864518
vn -0.502335 -0.018552 0.864474
vn -0.502335 -0.018552 0.864474
vn -0.864725 -0.073341 0.496863
vn -0.863277 -0.091227 0.496418
vn 0.000000 1.000000 0.000000
vn 0.000000 1.000000 0.000000
vn 0.000000 1.000000 0.000000
vn 0.000000 1.000000 0.000000
vn 0.000000 1.000000 0.000000
vn 0.000000 1.000000 0.000000
vn 1.000000 0.000000 0.000000
vn 1.000000 0.000000 0.000000
vn 1.000000 0.000000 0.000000
vn 1.000000 0.000000 0.000000
vn 1.000000 0.000000 0.000000
vn 1.000000 0.000000 0.000000
vn 0.000000 -1.000000 -0.000000
vn 0.000000 -1.000000 -0.000000
vn 0.000000 -1.000000 -0.000000
vn 0.000000 -1.000000 -0.000000
vn 0.000000 -1.000000 -0.000000
vn 0.000000 -1.000000 -0.000000
vn -1.000000 0.000000 0.000000
vn -1.000000 0.000000 0.000000
vn -1.000000 0.000000 0.000000
vn -1.000000 0.000000 0.000000
vn -1.000000 0.000000 0.000000
vn -1.000000 0.000000 0.000000
vn 0.000000 -0.000000 1.000000
vn 0.000000 -0.000000 1.000000
vn 0.000000 -0.000000 1.000000
vn 0.000000 -0.000000 1.000000
vn 0.000000 -0.000000 1.000000
vn 0.000000 -0.000000 1.000000
vn 0.000000 0.000000 -1.000000
vn 0.000000 0.000000 -1.000000
vn 0.000000 0.000000 -1.000000
vn 0.000000 0.000000 -1.000000
vn 0.000000 0.000000 -1.000000
vn 0.000000 0.000000 -1.000000
vn -1.000000 0.000000 0.000000
vn -1.000000 0.000000 0.000000
vn -1.000000 0.000000 0.000000
vn -1.000000 0.000000 0.000000
vn -1.000000 0.000000 0.000000
vn -1.000000 0.000000 0.000000
vn 0.000000 -1.000000 -0.000000
vn 0.000000 -1.000000 -0.000000
vn 0.000000 -1.000000 -0.000000
vn 0.000000 -1.000000 -0.000000
vn 0.000000 -1.000000 -0.000000
vn 0.000000 -1.000000 -0.000000
vn 0.000000 0.000000 -1.000000
vn 0.000000 0.000000 -1.000000
vn 0.000000 0.000000 -1.000000
vn 0.000000 0.000000 -1.000000
vn 0.000000 0.000000 -1.000000
vn 0.000000 0.000000 -1.000000
vn 0.000000 -0.000000 1.000000
vn 0.000000 -0.000000 1.000000
vn 0.000000 -0.000000 1.000000
vn 0.000000 -0.000000 1.000000
vn 0.000000 -0.000000 1.000000
vn 0.000000 -0.000000 1.000000
vn 0.000000 1.000000 0.000000
vn 0.000000 1.000000 0.000000
vn 0.000000 1.000000 0.000000
vn 0.000000 1.000000 0.000000
vn 0.000000 1.000000 0.000000
vn 0.000000 1.000000 0.000000
vn 1.000000 0.000000 0.000000
vn 1.000000 0.000000 0.000000
vn 1.000000 0.000000 0.000000
vn 1.000000 0.000000 0.000000
vn 1.000000 0.000000 0.000000
vn 1.000000 0.000000 0.000000
vn 0.000000 -1.000000 -0.000000
vn 0.000000 -1.000000 -0.000000
vn 0.000000 -1.000000 -0.000000
vn 0.000000 -1.000000 -0.000000
vn 0.000000 -1.000000 -0.000000
vn 0.000000 -1.000000 -0.000000
vn -1.000000 0.000000 0.000000
vn -1.000000 0.000000 0.000000
vn -1.000000 0.000000 0.000000
vn -1.000000 0.000000 0.000000
vn -1.000000 0.000000 0.000000
vn -1.000000 0.000000 0.000000
vn 0.000000 -0.000000 1.000000
vn 0.000000 -0.000000 1.000000
vn 0.000000 -0.000000 1.000000
vn 0.000000 -0.000000 1.000000
vn 0.000000 -0.000000 1.000000
vn 0.000000 -0.000000 1.000000
vn 0.000000 0.000000 -1.000000
vn 0.000000 0.000000 -1.000000
vn 0.000000 0.000000 -1.000000
vn 0.000000 0.000000 -1.000000
vn 0.000000 0.000000 -1.000000
vn 0.000000 0.000000 -1.000000
vn -1.000000 0.000000 0.000000
vn -1.000000 0.000000 0.000000
vn -1.000000 0.000000 0.000000
vn -1.000000 0.000000 0.000000
vn -1.000000 0.000000 0.000000
vn -1.000000 0.000000 0.000000
vn 0.000000 -1.000000 -0.000000
vn 0.000000 -1.000000 -0.000000
vn 0.000000 -1.000000 -0.000000
vn 0.000000 -1.000000 -0.000000
vn 0.000000 -1.000000 -0.000000
vn 0.000000 -1.000000 -0.000000
vn 0.000000 0.000000 -1.000000
vn 0.000000 0.000000 -1.000000
vn 0.000000 0.000000 -1.000000
vn 0.000000 0.000000 -1.000000
vn 0.000000 0.000000 -1.000000
vn 0.000000 0.000000 -1.000000
vn 0.000000 -0.000000 1.000000
vn 0.000000 -0.000000 1.000000
vn 0.000000 -0.000000 1.000000
vn 0.000000 -0.000000 1.000000
vn 0.000000 -0.000000 1.000000
vn 0.000000 -0.000000 1.000000
vn 0.000000 1.000000 0.000000
vn 0.000000 1.000000 0.000000
vn 0.000000 1.000000 0.000000
vn 0.000000 1.000000 0.000000
vn 0.000000 1.000000 0.000000
vn 0.000000 1.000000 0.000000
vn -1.000000 0.000000 0.000000
vn -1.000000 0.000000 0.000000
vn -1.000000 0.000000 0.000000
vn -1.000000 0.000000 0.000000
vn -1.000000 0.000000 0.000000
vn -1.000000 0.000000 0.000000
vn 0.000000 -1.000000 -0.000000
vn 0.000000 -1.000000 -0.000000
vn 0.000000 -1.000000 -0.000000
vn 0.000000 -1.000000 -0.000000
vn 0.000000 -1.000000 -0.000000
vn 0.000000 -1.000000 -0.000000
vn 1.000000 0.000000 0.000000
vn 1.000000 0.000000 0.000000
vn 1.000000 0.000000 0.000000
vn 1.000000 0.000000 0.000000
vn 1.000000 0.000000 0.000000
vn 1.000000 0.000000 0.000000
vn 0.000000 -0.000000 1.000000
vn 0.000000 -0.000000 1.000000
vn 0.000000 -0.000000 1.000000
vn 0.000000 -0.000000 1.000000
vn 0.000000 -0.000000 1.000000
vn 0.000000 -0.000000 1.000000
vn 0.000000 0.000000 -1.000000
vn 0.000000 0.000000 -1.000000
vn 0.000000 0.000000 -1.000000
vn 0.000000 0.000000 -1.000000
vn 0.000000 0.000000 -1.000000
vn 0.000000 0.000000 -1.000000
vn 1.000000 0.000000 0.000000
vn 1.000000 0.000000 0.000000
vn 1.000000 0.000000 0.000000
vn 1.000000 0.000000 0.000000
vn 1.000000 0.000000 0.000000
vn 1.000000 0.000000 0.000000
vn 0.000000 -1.000000 -0.000000
vn 0.000000 -1.000000 -0.000000
vn 0.000000 -1.000000 -0.000000
vn 0.000000 -1.000000 -0.000000
vn 0.000000 -1.000000 -0.000000
vn 0.000000 -1.000000 -0.000000
vn 0.000000 0.000000 -1.000000
vn 0.000000 0.000000 -1.000000
vn 0.000000 0.000000 -1.000000
vn 0.000000 0.000000 -1.000000
vn 0.000000 0.000000 -1.000000
vn 0.000000 0.000000 -1.000000
vn 0.000000 -0.000000 1.000000
vn 0.000000 -0.000000 1.000000
vn 0.000000 -0.000000 1.000000
vn 0.000000 -0.000000 1.000000
vn 0.000000 -0.000000 1.000000
vn 0.000000 -0.000000 1.000000
vn 0.000000 1.000000 0.000000
vn 0.000000 1.000000 0.000000
vn 0.000000 1.000000 0.000000
vn 0.000000 1.000000 0.000000
vn 0.000000 1.000000 0.000000
vn 0.000000 1.000000 0.000000
vn -1.000000 0.000000 0.000000
vn -1.000000 0.000000 0.000000
vn -1.000000 0.000000 0.000000
vn -1.000000 0.000000 0.000000
vn -1.000000 0.000000 0.000000
vn -1.000000 0.000000 0.000000
vn 0.000000 -1.000000 -0.000000
vn 0.000000 -1.000000 -0.000000
vn 0.000000 -1.000000 -0.000000
vn 0.000000 -1.000000 -0.000000
vn 0.000000 -1.000000 -0.000000
vn 0.000000 -1.000000 -0.000000
vn 1.000000 0.000000 0.000000
vn 1.000000 0.000000 0.000000
vn 1.000000 0.000000 0.000000
vn 1.000000 0.000000 0.000000
vn 1.000000 0.000000 0.000000
vn 1.000000 0.000000 0.000000
vn 0.000000 -0.000000 1.000000
vn 0.000000 -0.000000 1.000000
vn 0.000000 -0.000000 1.000000
vn 0.000000 -0.000000 1.000000
vn 0.000000 -0.000000 1.000000
vn 0.000000 -0.000000 1.000000
vn 0.000000 0.000000 -1.000000
vn 0.000000 0.000000 -1.000000
vn 0.000000 0.000000 -1.000000
vn 0.000000 0.000000 -1.000000
vn 0.000000 0.000000 -1.000000
vn 0.000000 0.000000 -1.000000
vn 1.000000 0.000000 0.000000
vn 1.000000 0.000000 0.000000
vn 1.000000 0.000000 0.000000
vn 1.000000 0.000000 0.000000
vn 1.000000 0.000000 0.000000
vn 1.000000 0.000000 0.000000
vn 0.000000 -1.000000 -0.000000
vn 0.000000 -1.000000 -0.000000
vn 0.000000 -1.000000 -0.000000
vn 0.000000 -1.000000 -0.000000
vn 0.000000 -1.000000 -0.000000
vn 0.000000 -1.000000 -0.000000
vn 0.000000 0.000000 -1.000000
vn 0.000000 0.000000 -1.000000
vn 0.000000 0.000000 -1.000000
vn 0.000000 0.000000 -1.000000
vn 0.000000 0.000000 -1.000000
vn 0.000000 0.000000 -1.000000
vn 0.000000 -0.000000 1.000000
vn 0.000000 -0.000000 1.000000
vn 0.000000 -0.000000 1.000000
vn 0.000000 -0.000000 1.000000
vn 0.000000 -0.000000 1.000000
vn 0.000000 -0.000000 1.000000
vn 0.000001 -1.000000 -0.000000
vn 0.000001 -1.000000 -0.000000
vn 0.000001 -1.000000 -0.000000
vn 0.000001 -1.000000 -0.000000
vn 0.000001 -1.000000 -0.000000
vn 0.000001 -1.000000 -0.000000
vn 0.000000 1.000000 0.000000
vn 0.000000 1.000000 0.000000
vn 0.000000 1.000000 0.000000
vn 0.000000 1.000000 0.000000
vn 0.000000 1.000000 0.000000
vn 0.000000 1.000000 0.000000
vn 0.000000 0.000000 -1.000000
vn 0.000000 0.000000 -1.000000
vn 0.000000 0.000000 -1.000000
vn 0.000000 0.000000 -1.000000
vn 0.000000 0.000000 -1.000000
vn 0.000000 0.000000 -1.000000
vn 0.000000 -0.000000 1.000000
vn 0.000000 -0.000000 1.000000
vn 0.000000 -0.000000 1.000000
vn 0.000000 -0.000000 1.000000
vn 0.000000 -0.000000 1.000000
vn 0.000000 -0.000000 1.000000
vn -1.000000 0.000000 0.000000
vn -1.000000 0.000000 0.000000
vn -1.000000 0.000000 0.000000
vn -1.000000 0.000000 0.000000
vn -1.000000 0.000000 0.000000
vn -1.000000 0.000000 0.000000
vn 1.000000 0.000000 0.000000
vn 1.000000 0.000000 0.000000
vn 1.000000 0.000000 0.000000
vn 1.000000 0.000000 0.000000
vn 1.000000 0.000000 0.000000
vn 1.000000 0.000000 0.000000
vn 0.000000 1.000000 0.000000
vn 0.000000 1.000000 0.000000
vn 0.000000 1.000000 0.000000
vn 0.000000 1.000000 0.000000
vn 0.000000 1.000000 0.000000
vn 0.000000 1.000000 0.000000
vn 1.000000 0.000000 0.000000
vn 1.000000 0.000000 0.000000
vn 1.000000 0.000000 0.000000
vn 1.000000 0.000000 0.000000
vn 1.000000 0.000000 0.000000
vn 1.000000 0.000000 0.000000
vn 0.000000 -1.000000 -0.000000
vn 0.000000 -1.000000 -0.000000
vn 0.000000 -1.000000 -0.000000
vn 0.000000 -1.000000 -0.000000
vn 0.000000 -1.000000 -0.000000
vn 0.000000 -1.000000 -0.000000
vn -1.000000 0.000000 0.000000
vn -1.000000 0.000000 0.000000
vn -1.000000 0.000000 0.000000
vn -1.000000 0.000000 0.000000
vn -1.000000 0.000000 0.000000
vn -1.000000 0.000000 0.000000
vn 0.000000 -0.000000 1.000000
vn 0.000000 -0.000000 1.000000
vn 0.000000 -0.000000 1.000000
vn 0.000000 -0.000000 1.000000
vn 0.000000 -0.000000 1.000000
vn 0.000000 -0.000000 1.000000
vn 0.000000 0.000000 -1.000000
vn 0.000000 0.000000 -1.000000
vn 0.000000 0.000000 -1.000000
vn 0.000000 0.000000 -1.000000
vn 0.000000 0.000000 -1.000000
vn 0.000000 0.000000 -1.000000
vn -1.000000 0.000000 0.000000
vn -1.000000 0.000000 0.000000
vn -1.000000 0.000000 0.000000
vn -1.000000 0.000000 0.000000
vn -1.000000 0.000000 0.000000
vn -1.000000 0.000000 0.000000
vn 0.000000 -1.000000 -0.000000
vn 0.000000 -1.000000 -0.000000
vn 0.000000 -1.000000 -0.000000
vn 0.000000 -1.000000 -0.000000
vn 0.000000 -1.000000 -0.000000
vn 0.000000 -1.000000 -0.000000
vn 0.000000 0.000000 -1.000000
vn 0.000000 0.000000 -1.000000
vn 0.000000 0.000000 -1.000000
vn 0.000000 0.000000 -1.000000
vn 0.000000 0.000000 -1.000000
vn 0.000000 0.000000 -1.000000
vn 0.000000 -0.000000 1.000000
vn 0.000000 -0.000000 1.000000
vn 0.000000 -0.000000 1.000000
vn 0.000000 -0.000000 1.000000
vn 0.000000 -0.000000 1.000000
vn 0.000000 -0.000000 1.000000
vn 0.000000 1.000000 0.000000
vn 0.000000 1.000000 0.000000
vn 0.000000 1.000000 0.000000
vn 0.000000 1.000000 0.000000
vn 0.000000 1.000000 0.000000
vn 0.000000 1.000000 0.000000
vn 1.000000 0.000000 0.000000
vn 1.000000 0.000000 0.000000
vn 1.000000 0.000000 0.000000
vn 1.000000 0.000000 0.000000
vn 1.000000 0.000000 0.000000
vn 1.000000 0.000000 0.000000
vn 0.000000 -1.000000 -0.000000
vn 0.000000 -1.000000 -0.000000
vn 0.000000 -1.000000 -0.000000
vn 0.000000 -1.000000 -0.000000
vn 0.000000 -1.000000 -0.000000
vn 0.000000 -1.000000 -0.000000
vn -1.000000 0.000000 0.000000
vn -1.000000 0.000000 0.000000
vn -1.000000 0.000000 0.000000
vn -1.000000 0.000000 0.000000
vn -1.000000 0.000000 0.000000
vn -1.000000 0.000000 0.000000
vn 0.000000 -0.000000 1.000000
vn 0.000000 -0.000000 1.000000
vn 0.000000 -0.000000 1.000000
vn 0.000000 -0.000000 1.000000
vn 0.000000 -0.000000 1.000000
vn 0.000000 -0.000000 1.000000
vn 0.000000 0.000000 -1.000000
vn 0.000000 0.000000 -1.000000
vn 0.000000 0.000000 -1.000000
vn 0.000000 0.000000 -1.000000
vn 0.000000 0.000000 -1.000000
vn 0.000000 0.000000 -1.000000
vn -1.000000 0.000000 0.000000
vn -1.000000 0.000000 0.000000
vn -1.000000 0.000000 0.000000
vn -1.000000 0.000000 0.000000
vn -1.000000 0.000000 0.000000
vn -1.000000 0.000000 0.000000
vn 0.000000 -1.000000 -0.000000
vn 0.000000 -1.000000 -0.000000
vn 0.000000 -1.000000 -0.000000
vn 0.000000 -1.000000 -0.000000
vn 0.000000 -1.000000 -0.000000
vn 0.000000 -1.000000 -0.000000
vn 0.000000 0.000000 -1.000000
vn 0.000000 0.000000 -1.000000
vn 0.000000 0.000000 -1.000000
vn 0.000000 0.000000 -1.000000
vn 0.000000 0.000000 -1.000000
vn 0.000000 0.000000 -1.000000
vn 0.000000 -0.000000 1.000000
vn 0.000000 -0.000000 1.000000
vn 0.000000 -0.000000 1.000000
vn 0.000000 -0.000000 1.000000
vn 0.000000 -0.000000 1.000000
vn 0.000000 -0.000000 1.000000
vn 0.000000 1.000000 0.000000
vn 0.000000 1.000000 0.000000
vn 0.000000 1.000000 0.000000
vn 0.000000 1.000000 0.000000
vn 0.000000 1.000000 0.000000
vn 0.000000 1.000000 0.000000
vn -1.000000 0.000000 0.000000
vn -1.000000 0.000000 0.000000
vn -1.000000 0.000000 0.000000
vn -1.000000 0.000000 0.000000
vn -1.000000 0.000000 0.000000
vn -1.000000 0.000000 0.000000
vn 0.000000 -1.000000 -0.000000
vn 0.000000 -1.000000 -0.000000
vn 0.000000 -1.000000 -0.000000
vn 0.000000 -1.000000 -0.000000
vn 0.000000 -1.000000 -0.000000
vn 0.000000 -1.000000 -0.000000
vn 1.000000 0.000000 0.000000
vn 1.000000 0.000000 0.000000
vn 1.000000 0.000000 0.000000
vn 1.000000 0.000000 0.000000
vn 1.000000 0.000000 0.000000
vn 1.000000 0.000000 0.000000
vn 0.000000 -0.000000 1.000000
vn 0.000000 -0.000000 1.000000
vn 0.000000 -0.000000 1.000000
vn 0.000000 -0.000000 1.000000
vn 0.000000 -0.000000 1.000000
vn 0.000000 -0.000000 1.000000
vn 0.000000 0.000000 -1.000000
vn 0.000000 0.000000 -1.000000
vn 0.000000 0.000000 -1.000000
vn 0.000000 0.000000 -1.000000
vn 0.000000 0.000000 -1.000000
vn 0.000000 0.000000 -1.000000
vn 1.000000 0.000000 0.000000
vn 1.000000 0.000000 0.000000
vn 1.000000 0.000000 0.000000
vn 1.000000 0.000000 0.000000
vn 1.000000 0.000000 0.000000
vn 1.000000 0.000000 0.000000
vn 0.000000 -1.000000 -0.000000
vn 0.000000 -1.000000 -0.000000
vn 0.000000 -1.000000 -0.000000
vn 0.000000 -1.000000 -0.000000
vn 0.000000 -1.000000 -0.000000
vn 0.000000 -1.000000 -0.000000
vn 0.000000 0.000000 -1.000000
vn 0.000000 0.000000 -1.000000
vn 0.000000 0.000000 -1.000000
vn 0.000000 0.000000 -1.000000
vn 0.000000 0.000000 -1.000000
vn 0.000000 0.000000 -1.000000
vn 0.000000 -0.000000 1.000000
vn 0.000000 -0.000000 1.000000
vn 0.000000 -0.000000 1.000000
vn 0.000000 -0.000000 1.000000
vn 0.000000 -0.000000 1.000000
vn 0.000000 -0.000000 1.000000
vn 0.000000 1.000000 0.000000
vn 0.000000 1.000000 0.000000
vn 0.000000 1.000000 0.000000
vn 0.000000 1.000000 0.000000
vn 0.000000 1.000000 0.000000
vn 0.000000 1.000000 0.000000
vn -1.000000 0.000000 0.000000
vn -1.000000 0.000000 0.000000
vn -1.000000 0.000000 0.000000
vn -1.000000 0.000000 0.000000
vn -1.000000 0.000000 0.000000
vn -1.000000 0.000000 0.000000
vn 0.000000 -1.000000 -0.000000
vn 0.000000 -1.000000 -0.000000
vn 0.000000 -1.000000 -0.000000
vn 0.000000 -1.000000 -0.000000
vn 0.000000 -1.000000 -0.000000
vn 0.000000 -1.000000 -0.000000
vn 1.000000 0.000000 0.000000
vn 1.000000 0.000000 0.000000
vn 1.000000 0.000000 0.000000
vn 1.000000 0.000000 0.000000
vn 1.000000 0.000000 0.000000
vn 1.000000 0.000000 0.000000
vn 0.000000 -0.000000 1.000000
vn 0.000000 -0.000000 1.000000
vn 0.000000 -0.000000 1.000000
vn 0.000000 -0.000000 1.000000
vn 0.000000 -0.000000 1.000000
vn 0.000000 -0.000000 1.000000
vn 0.000000 0.000000 -1.000000
vn 0.000000 0.000000 -1.000000
vn 0.000000 0.000000 -1.000000
vn 0.000000 0.000000 -1.000000
vn 0.000000 0.000000 -1.000000
vn 0.000000 0.000000 -1.000000
vn 1.000000 0.000000 0.000000
vn 1.000000 0.000000 0.000000
vn 1.000000 0.000000 0.000000
vn 1.000000 0.000000 0.000000
vn 1.000000 0.000000 0.000000
vn 1.000000 0.000000 0.000000
vn 0.000000 -1.000000 -0.000000
vn 0.000000 -1.000000 -0.000000
vn 0.000000 -1.000000 -0.000000
vn 0.000000 -1.000000 -0.000000
vn 0.000000 -1.000000 -0.000000
vn 0.000000 -1.000000 -0.000000
vn 0.000000 0.000000 -1.000000
vn 0.000000 0.000000 -1.000000
vn 0.000000 0.000000 -1.000000
vn 0.000000 0.000000 -1.000000
vn 0.000000 0.000000 -1.000000
vn 0.000000 0.000000 -1.000000
vn 0.000000 -0.000000 1.000000
vn 0.000000 -0.000000 1.000000
vn 0.000000 -0.000000 1.000000
vn 0.000000 -0.000000 1.000000
vn 0.000000 -0.000000 1.000000
vn 0.000000 -0.000000 1.000000
vn 0.000001 -1.000000 -0.000000
vn 0.000001 -1.000000 -0.000000
vn 0.000001 -1.000000 -0.000000
vn 0.000001 -1.000000 -0.000000
vn 0.000001 -1.000000 -0.000000
vn 0.000001 -1.000000 -0.000000
vn 0.000000 1.000000 0.000000
vn 0.000000 1.000000 0.000000
vn 0.000000 1.000000 0.000000
vn 0.000000 1.000000 0.000000
vn 0.000000 1.000000 0.000000
vn 0.000000 1.000000 0.000000
vn 0.000000 0.000000 -1.000000
vn 0.000000 0.000000 -1.000000
vn 0.000000 0.000000 -1.000000
vn 0.000000 0.000000 -1.000000
vn 0.000000 0.000000 -1.000000
vn 0.000000 0.000000 -1.000000
vn 0.000000 -0.000000 1.000000
vn 0.000000 -0.000000 1.000000
vn 0.000000 -0.000000 1.000000
vn 0.000000 -0.000000 1.000000
vn 0.000000 -0.000000 1.000000
vn 0.000000 -0.000000 1.000000
vn -1.000000 0.000000 0.000000
vn -1.000000 0.000000 0.000000
vn -1.000000 0.000000 0.000000
vn -1.000000 0.000000 0.000000
vn -1.000000 0.000000 0.000000
vn -1.000000 0.000000 0.000000
vn 1.000000 0.000000 0.000000
vn 1.000000 0.000000 0.000000
vn 1.000000 0.000000 0.000000
vn 1.000000 0.000000 0.000000
vn 1.000000 0.000000 0.000000
vn 1.000000 0.000000 0.000000
vn -1.000000 -0.000002 -0.000000
vn -1.000000 -0.000002 -0.000000
vn -1.000000 -0.000002 -0.000000
vn -1.000000 -0.000002 -0.000000
vn -1.000000 -0.000002 -0.000000
vn -1.000000 -0.000002 -0.000000
vn 1.000000 0.000001 0.000000
vn 1.000000 0.000001 0.000000
vn 1.000000 0.000001 0.000000
vn 1.000000 0.000001 0.000000
vn 1.000000 0.000001 0.000000
vn 1.000000 0.000001 0.000000
vn 0.000000 0.000000 -1.000000
vn 0.000000 0.000000 -1.000000
vn 0.000000 0.000000 -1.000000
vn 0.000000 0.000000 -1.000000
vn 0.000000 0.000000 -1.000000
vn 0.000000 0.000000 -1.000000
vn 0.000000 -0.000000 1.000000
vn 0.000000 -0.000000 1.000000
vn 0.000000 -0.000000 1.000000
vn 0.000000 -0.000000 1.000000
vn 0.000000 -0.000000 1.000000
vn 0.000000 -0.000000 1.000000
vn 0.000000 1.000000 0.000000
vn 0.000000 1.000000 0.000000
vn 0.000000 1.000000 0.000000
vn 0.000000 1.000000 0.000000
vn 0.000000 1.000000 0.000000
vn 0.000000 1.000000 0.000000
vn 0.000004 -1.000000 -0.000000
vn 0.000004 -1.000000 -0.000000
vn 0.000004 -1.000000 -0.000000
vn 0.000004 -1.000000 -0.000000
vn 0.000004 -1.000000 -0.000000
vn 0.000004 -1.000000 -0.000000
vn 0.999991 0.000037 -0.004144
vn 0.998467 -0.000000 0.055351
vn 0.998442 0.000106 0.055799
vn 0.998442 0.000106 0.055799
vn 0.999995 0.000249 -0.003246
vn 0.999991 0.000037 -0.004144
vn 0.258852 -0.000000 0.965917
vn 0.258853 0.000000 0.965917
vn 0.057492 -0.000000 0.998346
vn 0.057492 -0.000000 0.998346
vn 0.057492 -0.000000 0.998346
vn 0.258852 -0.000000 0.965917
vn 0.562173 0.000000 0.827020
vn 0.562172 0.000000 0.827020
vn 0.258853 0.000000 0.965917
vn 0.258853 0.000000 0.965917
vn 0.258852 -0.000000 0.965917
vn 0.562173 0.000000 0.827020
vn 0.998442 0.000106 0.055799
vn 0.998467 -0.000000 0.055351
vn 0.965916 -0.000000 0.258855
vn 0.965916 -0.000000 0.258855
vn 0.965916 -0.000000 0.258855
vn 0.998442 0.000106 0.055799
vn 0.000000 1.000000 0.000000
vn 0.000000 1.000000 0.000000
vn 0.000000 1.000000 0.000000
vn 0.000000 1.000000 0.000000
vn 0.000000 1.000000 0.000000
vn 0.000000 1.000000 0.000000
vn 0.000000 1.000000 0.000000
vn 0.000000 1.000000 0.000000
vn 0.000000 1.000000 0.000000
vn 0.000000 1.000000 0.000000
vn 0.000000 1.000000 0.000000
vn 0.000000 1.000000 0.000000
vn 0.000000 -1.000000 -0.000000
vn 0.000000 -1.000000 -0.000000
vn 0.000000 -1.000000 -0.000000
vn 0.057492 -0.000000 0.998346
vn 0.057492 -0.000000 0.998346
vn 0.000000 -0.000000 1.000000
vn 0.000000 -0.000000 1.000000
vn 0.000000 -0.000000 1.000000
vn 0.057492 -0.000000 0.998346
vn 0.827023 0.000000 0.562167
vn 0.827022 -0.000000 0.562169
vn 0.562172 0.000000 0.827020
vn 0.562172 0.000000 0.827020
vn 0.562173 0.000000 0.827020
vn 0.827023 0.000000 0.562167
vn 0.965916 -0.000000 0.258855
vn 0.965916 -0.000000 0.258855
vn 0.827022 -0.000000 0.562169
vn 0.827022 -0.000000 0.562169
vn 0.827023 0.000000 0.562167
vn 0.965916 -0.000000 0.258855
vn 0.000000 -1.000000 -0.000000
vn 0.000000 -1.000000 -0.000000
vn 0.000000 -1.000000 -0.000000
vn 0.998884 -0.000000 0.047223
vn 0.996885 -0.000000 0.078865
vn 0.996885 -0.000000 0.078865
vn 0.996885 -0.000000 0.078865
vn 0.998884 -0.000000 0.047223
vn 0.998884 -0.000000 0.047223
vn 0.254926 -0.000000 0.966960
vn 0.055298 -0.000000 0.998470
vn 0.055298 -0.000000 0.998470
vn 0.055298 -0.000000 0.998470
vn 0.254926 -0.000000 0.966961
vn 0.254926 -0.000000 0.966960
vn 0.560628 -0.000000 0.828068
vn 0.254926 -0.000000 0.966960
vn 0.254926 -0.000000 0.966961
vn 0.254926 -0.000000 0.966961
vn 0.560628 -0.000000 0.828068
vn 0.560628 -0.000000 0.828068
vn 0.996885 -0.000000 0.078865
vn 0.966960 -0.000000 0.254927
vn 0.966960 -0.000000 0.254927
vn 0.966960 -0.000000 0.254927
vn 0.996885 -0.000000 0.078865
vn 0.996885 -0.000000 0.078865
vn 0.828068 -0.000000 0.560628
vn 0.560628 -0.000000 0.828068
vn 0.560628 -0.000000 0.828068
vn 0.560628 -0.000000 0.828068
vn 0.828068 -0.000000 0.560628
vn 0.828068 -0.000000 0.560628
vn 0.966960 -0.000000 0.254927
vn 0.828068 -0.000000 0.560628
vn 0.828068 -0.000000 0.560628
vn 0.828068 -0.000000 0.560628
vn 0.966960 -0.000000 0.254927
vn 0.966960 -0.000000 0.254927
vn 0.000000 1.000000 0.000000
vn 0.000000 1.000000 0.000000
vn 0.000000 1.000000 0.000000
vn 0.000000 1.000000 0.000000
vn 0.000000 1.000000 0.000000
vn 0.000000 1.000000 0.000000
vn 0.000000 1.000000 0.000000
vn 0.000000 1.000000 0.000000
vn 0.000000 1.000000 0.000000
vn 0.158173 -0.987389 0.006706
vn 0.122030 -0.992504 0.006650
vn 0.123753 -0.992288 0.007024
vn 0.123753 -0.992288 0.007024
vn 0.163281 -0.986549 0.007719
vn 0.158173 -0.987389 0.006706
vn 0.031355 -0.992543 0.117790
vn 0.007008 -0.992524 0.121851
vn 0.006961 -0.992504 0.122011
vn 0.006961 -0.992504 0.122011
vn 0.031325 -0.992508 0.118100
vn 0.031355 -0.992543 0.117790
vn 0.068418 -0.992540 0.100912
vn 0.031355 -0.992543 0.117790
vn 0.031325 -0.992508 0.118100
vn 0.031325 -0.992508 0.118100
vn 0.068426 -0.992524 0.101068
vn 0.068418 -0.992540 0.100912
vn 0.100954 -0.992523 0.068596
vn 0.068418 -0.992540 0.100912
vn 0.068426 -0.992524 0.101068
vn 0.068426 -0.992524 0.101068
vn 0.100855 -0.992539 0.068512
vn 0.100954 -0.992523 0.068596
vn 0.118066 -0.992507 0.031466
vn 0.100954 -0.992523 0.068596
vn 0.100855 -0.992539 0.068512
vn 0.100855 -0.992539 0.068512
vn 0.117817 -0.992542 0.031290
vn 0.118066 -0.992507 0.031466
vn 0.122030 -0.992504 0.006650
vn 0.118066 -0.992507 0.031466
vn 0.117817 -0.992542 0.031290
vn 0.117817 -0.992542 0.031290
vn 0.123753 -0.992288 0.007024
vn 0.122030 -0.992504 0.006650
vn 0.000000 0.000000 -1.000000
vn 0.000000 0.000000 -1.000000
vn 0.000000 0.000000 -1.000000
vn 0.000000 -1.000000 -0.000000
vn 0.000000 -1.000000 -0.000000
vn 0.000000 -1.000000 -0.000000
vn 0.000000 -0.000000 1.000000
vn 0.000000 -0.000000 1.000000
vn 0.055298 -0.000000 0.998470
vn 0.055298 -0.000000 0.998470
vn 0.055298 -0.000000 0.998470
vn 0.000000 -0.000000 1.000000
vn 0.000000 -0.992501 0.122237
vn 0.000000 -0.992501 0.122237
vn 0.006961 -0.992504 0.122011
vn 0.006961 -0.992504 0.122011
vn 0.007008 -0.992524 0.121851
vn 0.000000 -0.992501 0.122237
vn 0.991410 0.085719 0.098786
vn 0.987877 0.115835 0.103347
vn 0.987034 0.060588 0.148640
vn 0.985724 0.168369 0.000002
vn 0.985724 0.168368 0.000002
vn 0.987776 0.148631 0.046986
vn 0.987776 0.148631 0.046986
vn 0.991410 0.085719 0.098786
vn 0.985724 0.168369 0.000002
vn 0.000000 -1.000000 -0.000000
vn 0.000000 -1.000000 -0.000000
vn 0.000000 -1.000000 -0.000000
vn 0.000000 -1.000000 -0.000000
vn 0.000000 -1.000000 -0.000000
vn 0.000000 -1.000000 -0.000000
vn 1.000000 0.000000 0.000000
vn 1.000000 0.000000 0.000000
vn 1.000000 0.000000 0.000000
vn 1.000000 0.000000 0.000000
vn 1.000000 0.000000 0.000000
vn 1.000000 0.000000 0.000000
vn 0.000000 0.000000 -1.000000
vn 0.000000 0.000000 -1.000000
vn 0.000000 0.000000 -1.000000
vn 0.000000 0.000000 -1.000000
vn 0.000000 0.000000 -1.000000
vn 0.000000 0.000000 -1.000000
vn -0.999556 -0.000301 -0.029796
vn -0.999563 0.000000 -0.029556
vn -0.999563 -0.000032 -0.029552
vn -0.999563 -0.000032 -0.029552
vn -1.000000 0.000000 0.000000
vn -0.999718 -0.007512 -0.022525
vn -0.999556 -0.000301 -0.029796
vn -0.999563 -0.000032 -0.029552
vn -0.999718 -0.007512 -0.022525
vn -0.999556 -0.000301 -0.029796
vn -0.999718 -0.007512 -0.022525
vn -0.999089 -0.030176 -0.030177
vn 0.000000 -1.000000 -0.000000
vn 0.000000 -1.000000 -0.000000
vn 0.000000 -1.000000 -0.000000
vn 0.000000 -1.000000 -0.000000
vn 0.000000 -1.000000 -0.000000
vn 0.000000 -1.000000 -0.000000
vn 0.000000 -1.000000 -0.000000
vn 0.000000 -1.000000 -0.000000
vn 0.000000 -1.000000 -0.000000
vn 0.000000 -1.000000 -0.000000
vn 0.000000 -1.000000 -0.000000
vn 0.000000 -1.000000 -0.000000
vn 0.000000 -1.000000 -0.000000
vn 0.000000 -1.000000 -0.000000
vn 0.000000 -1.000000 -0.000000
vn 0.000000 -1.000000 -0.000000
vn 0.000000 -1.000000 -0.000000
vn 0.000000 -1.000000 -0.000000
vn 0.000000 -1.000000 -0.000000
vn 0.000000 -1.000000 -0.000000
vn 0.000000 -1.000000 -0.000000
vn 0.000000 -1.000000 -0.000000
vn 0.000000 -1.000000 -0.000000
vn 0.000000 -1.000000 -0.000000
vn 0.000000 -0.925378 -0.379045
vn 0.000000 -0.925493 -0.378765
vn 0.000000 -1.000000 -0.000000
vn 0.000000 -1.000000 -0.000000
vn 0.000000 -1.000000 -0.000000
vn 0.000000 -0.925378 -0.379045
vn -0.998340 0.000106 0.057600
vn -0.998366 -0.000000 0.057152
vn -1.000000 0.000037 -0.000536
vn -1.000000 0.000037 -0.000536
vn -1.000000 0.000249 0.000363
vn -0.998340 0.000106 0.057600
vn -0.057492 -0.000000 0.998346
vn -0.258853 -0.000000 0.965917
vn -0.258852 -0.000000 0.965917
vn -0.258852 -0.000000 0.965917
vn -0.057492 -0.000000 0.998346
vn -0.057492 -0.000000 0.998346
vn -0.258853 -0.000000 0.965917
vn -0.562176 -0.000000 0.827018
vn -0.562174 -0.000000 0.827019
vn -0.562174 -0.000000 0.827019
vn -0.258852 -0.000000 0.965917
vn -0.258853 -0.000000 0.965917
vn -0.965916 -0.000000 0.258857
vn -0.998366 -0.000000 0.057152
vn -0.998340 0.000106 0.057600
vn -0.998340 0.000106 0.057600
vn -0.965916 -0.000000 0.258857
vn -0.965916 -0.000000 0.258857
vn 0.000000 1.000000 0.000000
vn 0.000000 1.000000 0.000000
vn 0.000000 1.000000 0.000000
vn 0.000000 1.000000 0.000000
vn 0.000000 1.000000 0.000000
vn 0.000000 1.000000 0.000000
vn 0.000000 1.000000 0.000000
vn 0.000000 1.000000 0.000000
vn 0.000000 1.000000 0.000000
vn 0.000000 1.000000 0.000000
vn 0.000000 1.000000 0.000000
vn 0.000000 1.000000 0.000000
vn 0.000000 -1.000000 -0.000000
vn 0.000000 -1.000000 -0.000000
vn 0.000000 -1.000000 -0.000000
vn 0.000000 -0.000000 1.000000
vn -0.057492 -0.000000 0.998346
vn -0.057492 -0.000000 0.998346
vn -0.057492 -0.000000 0.998346
vn 0.000000 -0.000000 1.000000
vn 0.000000 -0.000000 1.000000
vn -0.562176 -0.000000 0.827018
vn -0.827023 -0.000000 0.562168
vn -0.827023 -0.000000 0.562168
vn -0.827023 -0.000000 0.562168
vn -0.562174 -0.000000 0.827019
vn -0.562176 -0.000000 0.827018
vn -0.827023 -0.000000 0.562168
vn -0.965916 -0.000000 0.258857
vn -0.965916 -0.000000 0.258857
vn -0.965916 -0.000000 0.258857
vn -0.827023 -0.000000 0.562168
vn -0.827023 -0.000000 0.562168
vn 0.000000 -1.000000 -0.000000
vn 0.000000 -1.000000 -0.000000
vn 0.000000 -1.000000 -0.000000
vn -0.998706 -0.000000 0.050857
vn -0.998706 -0.000000 0.050857
vn -0.996740 -0.000000 0.080679
vn -0.996740 -0.000000 0.080679
vn -0.996740 -0.000000 0.080679
vn -0.998706 -0.000000 0.050857
vn -0.254928 -0.000000 0.966960
vn -0.254928 -0.000000 0.966960
vn -0.055298 -0.000000 0.998470
vn -0.055298 -0.000000 0.998470
vn -0.055298 -0.000000 0.998470
vn -0.254928 -0.000000 0.966960
vn -0.560629 -0.000000 0.828067
vn -0.560629 -0.000000 0.828067
vn -0.254928 -0.000000 0.966960
vn -0.254928 -0.000000 0.966960
vn -0.254928 -0.000000 0.966960
vn -0.560629 -0.000000 0.828067
vn -0.996740 -0.000000 0.080679
vn -0.996740 -0.000000 0.080679
vn -0.966960 -0.000000 0.254927
vn -0.966960 -0.000000 0.254927
vn -0.966960 -0.000000 0.254927
vn -0.996740 -0.000000 0.080679
vn 0.000000 0.000000 -1.000000
vn 0.000000 0.000000 -1.000000
vn 0.000000 0.000000 -1.000000
vn 0.000000 0.000000 -1.000000
vn 0.000000 0.000000 -1.000000
vn 0.000000 0.000000 -1.000000
vn -0.828068 -0.000000 0.560628
vn -0.828068 -0.000000 0.560628
vn -0.560629 -0.000000 0.828067
vn -0.560629 -0.000000 0.828067
vn -0.560629 -0.000000 0.828067
vn -0.828068 -0.000000 0.560628
vn -0.966960 -0.000000 0.254927
vn -0.966960 -0.000000 0.254927
vn -0.828068 -0.000000 0.560628
vn -0.828068 -0.000000 0.560628
vn -0.828068 -0.000000 0.560628
vn -0.966960 -0.000000 0.254927
vn 0.000000 1.000000 0.000000
vn 0.000000 1.000000 0.000000
vn 0.000000 1.000000 0.000000
vn 0.000000 1.000000 0.000000
vn 0.000000 1.000000 0.000000
vn 0.000000 1.000000 0.000000
vn 0.000000 1.000000 0.000000
vn 0.000000 1.000000 0.000000
vn 0.000000 1.000000 0.000000
vn -0.158160 -0.987387 0.007281
vn -0.163280 -0.986545 0.008315
vn -0.123742 -0.992288 0.007256
vn -0.123742 -0.992288 0.007256
vn -0.122018 -0.992504 0.006863
vn -0.158160 -0.987387 0.007281
vn -0.031355 -0.992543 0.117791
vn -0.031326 -0.992508 0.118100
vn -0.006961 -0.992504 0.122011
vn -0.006961 -0.992504 0.122011
vn -0.007008 -0.992524 0.121852
vn -0.031355 -0.992543 0.117791
vn -0.068418 -0.992540 0.100912
vn -0.068427 -0.992524 0.101068
vn -0.031326 -0.992508 0.118100
vn -0.031326 -0.992508 0.118100
vn -0.031355 -0.992543 0.117791
vn -0.068418 -0.992540 0.100912
vn -0.100954 -0.992523 0.068596
vn -0.100855 -0.992539 0.068513
vn -0.068427 -0.992524 0.101068
vn -0.068427 -0.992524 0.101068
vn -0.068418 -0.992540 0.100912
vn -0.100954 -0.992523 0.068596
vn -0.118066 -0.992507 0.031466
vn -0.117817 -0.992542 0.031290
vn -0.100855 -0.992539 0.068513
vn -0.100855 -0.992539 0.068513
vn -0.100954 -0.992523 0.068596
vn -0.118066 -0.992507 0.031466
vn -0.122018 -0.992504 0.006863
vn -0.123742 -0.992288 0.007256
vn -0.117817 -0.992542 0.031290
vn -0.117817 -0.992542 0.031290
vn -0.118066 -0.992507 0.031466
vn -0.122018 -0.992504 0.006863
vn 0.000000 0.000000 -1.000000
vn 0.000000 0.000000 -1.000000
vn 0.000000 0.000000 -1.000000
vn 0.000000 0.000000 -1.000000
vn 0.000000 0.000000 -1.000000
vn 0.000000 0.000000 -1.000000
vn 0.000000 0.000000 -1.000000
vn 0.000000 0.000000 -1.000000
vn 0.000000 0.000000 -1.000000
vn 0.000000 -1.000000 -0.000000
vn 0.000000 -1.000000 -0.000000
vn 0.000000 -1.000000 -0.000000
vn 0.000000 -0.000000 1.000000
vn -0.055298 -0.000000 0.998470
vn -0.055298 -0.000000 0.998470
vn -0.055298 -0.000000 0.998470
vn 0.000000 -0.000000 1.000000
vn 0.000000 -0.000000 1.000000
vn 0.000000 -0.992501 0.122237
vn -0.007008 -0.992524 0.121852
vn -0.006961 -0.992504 0.122011
vn -0.006961 -0.992504 0.122011
vn 0.000000 -0.992501 0.122237
vn 0.000000 -0.992501 0.122237
vn 0.333692 0.912418 0.236943
vn 0.351942 0.936022 0.000073
vn -0.351885 0.936043 0.000000
vn -0.351885 0.936043 0.000000
vn -0.333664 0.912421 0.236974
vn 0.333692 0.912418 0.236943
vn 0.347773 -0.000000 0.937579
vn 0.329631 0.237324 0.913795
vn -0.329630 0.237305 0.913800
vn -0.329630 0.237305 0.913800
vn -0.347792 0.000047 0.937572
vn 0.347773 -0.000000 0.937579
vn 0.000000 0.168417 -0.985716
vn 0.000000 0.168417 -0.985716
vn 0.000000 0.168399 -0.985719
vn 0.000000 0.168399 -0.985719
vn 0.000000 0.168399 -0.985719
vn 0.000000 0.168417 -0.985716
vn -0.982355 0.000000 0.187027
vn -0.987028 0.060606 0.148672
vn -0.991406 0.085743 0.098810
vn -0.991406 0.085743 0.098810
vn -0.982355 -0.000000 0.187027
vn -0.982355 0.000000 0.187027
vn -0.991406 0.085743 0.098810
vn -0.987871 0.115873 0.103362
vn -0.987769 0.148676 0.046991
vn 0.000000 -0.000000 1.000000
vn 0.000000 -0.000000 1.000000
vn 0.000000 -0.000000 1.000000
vn 0.000000 -0.000000 1.000000
vn 0.000000 -0.000000 1.000000
vn 0.000000 -0.000000 1.000000
vn -1.000000 0.000000 0.000000
vn -1.000000 0.000000 0.000000
vn -1.000000 0.000000 0.000000
vn -1.000000 0.000000 0.000000
vn -1.000000 0.000000 0.000000
vn -1.000000 0.000000 0.000000
vn 0.000000 0.000000 -1.000000
vn 0.000000 0.000000 -1.000000
vn 0.000000 0.052169 -0.998638
vn 0.000000 -0.382676 -0.923883
vn 0.000000 -0.382675 -0.923883
vn 0.000000 0.000000 -1.000000
vn 0.000000 0.000000 -1.000000
vn 0.000000 0.000000 -1.000000
vn 0.000000 -0.382676 -0.923883
vn 0.000000 0.000000 -1.000000
vn 0.000000 0.000000 -1.000000
vn 0.000000 0.000000 -1.000000
vn 0.000000 0.000000 -1.000000
vn 0.000000 0.000000 -1.000000
vn 0.000000 0.000000 -1.000000
vn 0.999485 -0.000324 -0.032092
vn 0.998943 -0.032500 -0.032501
vn 0.999673 -0.008091 -0.024262
vn 0.999673 -0.008091 -0.024262
vn 1.000000 0.000000 0.000000
vn 0.999493 -0.000034 -0.031830
vn 0.999485 -0.000324 -0.032092
vn 0.999673 -0.008091 -0.024262
vn 0.999493 -0.000034 -0.031830
vn 0.999485 -0.000324 -0.032092
vn 0.999493 -0.000034 -0.031830
vn 0.999493 0.000000 -0.031834
vn 0.000000 1.000000 0.000000
vn 0.000000 1.000000 0.000000
vn 0.000000 1.000000 0.000000
vn 0.000000 1.000000 0.000000
vn 0.000000 1.000000 0.000000
vn 0.000000 1.000000 0.000000
vn 0.000000 -0.982358 0.187009
vn 0.000000 -0.982358 0.187009
vn 0.000000 -0.982359 0.187007
vn 0.000000 -0.982359 0.187007
vn 0.000000 -0.982359 0.187007
vn 0.000000 -0.982358 0.187009
vn 0.000000 0.052170 -0.998638
vn 0.000000 0.000000 -1.000000
vn 0.000000 0.000000 -1.000000
vn 0.000000 0.000000 -1.000000
vn 0.000000 0.000000 -1.000000
vn 0.000000 0.052169 -0.998638
vn 0.000000 0.052169 -0.998638
vn 0.000000 0.052170 -0.998638
vn 0.000000 0.000000 -1.000000
vn -0.333664 0.912421 0.236974
vn -0.330136 0.668476 0.666446
vn 0.330147 0.668472 0.666444
vn 0.330147 0.668472 0.666444
vn 0.333692 0.912418 0.236943
vn -0.333664 0.912421 0.236974
vn 0.329631 0.237324 0.913795
vn 0.330147 0.668472 0.666444
vn -0.330136 0.668476 0.666446
vn -0.330136 0.668476 0.666446
vn -0.329630 0.237305 0.913800
vn 0.329631 0.237324 0.913795
vn 0.645971 0.184416 0.740751
vn 0.648386 0.525777 0.550595
vn 0.330147 0.668472 0.666444
vn 0.330147 0.668472 0.666444
vn 0.329631 0.237324 0.913795
vn 0.645971 0.184416 0.740751
vn 0.632129 0.000001 0.774863
vn 0.645971 0.184416 0.740751
vn 0.329631 0.237324 0.913795
vn 0.329631 0.237324 0.913795
vn 0.347773 -0.000000 0.937579
vn 0.632129 0.000001 0.774863
vn 0.655958 0.731182 0.187328
vn 0.640329 0.768101 0.000135
vn 0.351942 0.936022 0.000073
vn 0.351942 0.936022 0.000073
vn 0.333692 0.912418 0.236943
vn 0.655958 0.731182 0.187328
vn 0.655958 0.731182 0.187328
vn 0.333692 0.912418 0.236943
vn 0.330147 0.668472 0.666444
vn 0.330147 0.668472 0.666444
vn 0.648386 0.525777 0.550595
vn 0.655958 0.731182 0.187328
vn 0.000000 -0.925493 -0.378765
vn 0.000000 -0.925378 -0.379045
vn 0.000000 -0.707095 -0.707118
vn 0.000000 -0.707095 -0.707118
vn 0.000000 -0.707095 -0.707118
vn 0.000000 -0.925493 -0.378765
vn -0.333664 0.912421 0.236974
vn -0.351885 0.936043 0.000000
vn -0.640373 0.768064 0.000002
vn -0.640373 0.768064 0.000002
vn -0.655969 0.731155 0.187395
vn -0.333664 0.912421 0.236974
vn -0.347792 0.000047 0.937572
vn -0.329630 0.237305 0.913800
vn -0.645931 0.184380 0.740795
vn -0.645931 0.184380 0.740795
vn -0.632075 0.000086 0.774907
vn -0.347792 0.000047 0.937572
vn -0.645931 0.184380 0.740795
vn -0.329630 0.237305 0.913800
vn -0.330136 0.668476 0.666446
vn -0.330136 0.668476 0.666446
vn -0.648366 0.525795 0.550600
vn -0.645931 0.184380 0.740795
vn -0.655969 0.731155 0.187395
vn -0.648366 0.525795 0.550600
vn -0.330136 0.668476 0.666446
vn -0.330136 0.668476 0.666446
vn -0.333664 0.912421 0.236974
vn -0.655969 0.731155 0.187395
vn 0.000000 -0.382675 -0.923883
vn 0.000000 -0.382676 -0.923883
vn 0.000000 -0.707095 -0.707118
vn 0.000000 -0.707095 -0.707118
vn 0.000000 -0.707095 -0.707118
vn 0.000000 -0.382675 -0.923883
vn -0.985717 0.168412 0.000000
vn -0.985717 0.168411 0.000000
vn -0.991406 0.085743 0.098810
vn -0.991406 0.085743 0.098810
vn -0.987769 0.148676 0.046991
vn -0.985717 0.168412 0.000000
vn -0.987028 0.060606 0.148672
vn -0.987871 0.115873 0.103362
vn -0.991406 0.085743 0.098810
vn 0.987776 0.148631 0.046986
vn 0.987877 0.115835 0.103347
vn 0.991410 0.085719 0.098786
vn 0.982364 0.000000 0.186979
vn 0.982364 -0.000000 0.186978
vn 0.991410 0.085719 0.098786
vn 0.991410 0.085719 0.098786
vn 0.987034 0.060588 0.148640
vn 0.982364 0.000000 0.186979
vn 0.000000 -0.982359 0.187006
vn 0.000000 -0.982359 0.187006
vn 0.000000 -0.982359 0.187007
vn 0.000000 -0.982359 0.187007
vn 0.000000 -0.982359 0.187007
vn 0.000000 -0.982359 0.187006
vn 0.000000 0.052170 -0.998638
vn 0.000000 0.052169 -0.998638
vn 0.000000 0.168399 -0.985719
vn 0.000000 0.168399 -0.985719
vn 0.000000 0.168399 -0.985719
vn 0.000000 0.052170 -0.998638
vn 0.969099 0.246670 0.000002
vn 0.910657 0.246661 -0.331456
vn 0.819141 0.490019 -0.298144
vn 0.819141 0.490019 -0.298144
vn 0.871702 0.490036 0.000004
vn 0.969099 0.246670 0.000002
vn 0.910657 0.246661 -0.331456
vn 0.742373 0.246670 -0.622926
vn 0.667762 0.490034 -0.560322
vn 0.667762 0.490034 -0.560322
vn 0.819141 0.490019 -0.298144
vn 0.910657 0.246661 -0.331456
vn 0.742373 0.246670 -0.622926
vn 0.484549 0.246676 -0.839263
vn 0.435855 0.490050 -0.754905
vn 0.435855 0.490050 -0.754905
vn 0.667762 0.490034 -0.560322
vn 0.742373 0.246670 -0.622926
vn 0.484549 0.246676 -0.839263
vn 0.168282 0.246653 -0.954381
vn 0.151373 0.490008 -0.858474
vn 0.151373 0.490008 -0.858474
vn 0.435855 0.490050 -0.754905
vn 0.484549 0.246676 -0.839263
vn 0.168282 0.246653 -0.954381
vn -0.168286 0.246656 -0.954380
vn -0.151382 0.490003 -0.858476
vn -0.151382 0.490003 -0.858476
vn 0.151373 0.490008 -0.858474
vn 0.168282 0.246653 -0.954381
vn -0.168286 0.246656 -0.954380
vn -0.484546 0.246679 -0.839264
vn -0.435851 0.490046 -0.754910
vn -0.435851 0.490046 -0.754910
vn -0.151382 0.490003 -0.858476
vn -0.168286 0.246656 -0.954380
vn -0.484546 0.246679 -0.839264
vn -0.742371 0.246685 -0.622922
vn -0.667744 0.490066 -0.560315
vn -0.667744 0.490066 -0.560315
vn -0.435851 0.490046 -0.754910
vn -0.484546 0.246679 -0.839264
vn -0.742371 0.246685 -0.622922
vn -0.910656 0.246671 -0.331450
vn -0.819136 0.490035 -0.298131
vn -0.819136 0.490035 -0.298131
vn -0.667744 0.490066 -0.560315
vn -0.742371 0.246685 -0.622922
vn -0.910656 0.246671 -0.331450
vn -0.969094 0.246694 -0.000004
vn -0.871677 0.490082 -0.000010
vn -0.871677 0.490082 -0.000010
vn -0.819136 0.490035 -0.298131
vn -0.910656 0.246671 -0.331450
vn -0.969094 0.246694 -0.000004
vn -0.910656 0.246666 0.331454
vn -0.819133 0.490030 0.298147
vn -0.819133 0.490030 0.298147
vn -0.871677 0.490082 -0.000010
vn -0.969094 0.246694 -0.000004
vn -0.910656 0.246666 0.331454
vn -0.742371 0.246680 0.622924
vn -0.667760 0.490057 0.560305
vn -0.667760 0.490057 0.560305
vn -0.819133 0.490030 0.298147
vn -0.910656 0.246666 0.331454
vn -0.742371 0.246680 0.622924
vn -0.484547 0.246660 0.839269
vn -0.435851 0.490018 0.754928
vn -0.435851 0.490018 0.754928
vn -0.667760 0.490057 0.560305
vn -0.742371 0.246680 0.622924
vn -0.484547 0.246660 0.839269
vn -0.168286 0.246664 0.954378
vn -0.151374 0.490023 0.858466
vn -0.151374 0.490023 0.858466
vn -0.435851 0.490018 0.754928
vn -0.484547 0.246660 0.839269
vn -0.168286 0.246664 0.954378
vn 0.168281 0.246665 0.954378
vn 0.151372 0.490024 0.858465
vn 0.151372 0.490024 0.858465
vn -0.151374 0.490023 0.858466
vn -0.168286 0.246664 0.954378
vn 0.168281 0.246665 0.954378
vn 0.484546 0.246674 0.839266
vn 0.435851 0.490040 0.754914
vn 0.435851 0.490040 0.754914
vn 0.151372 0.490024 0.858465
vn 0.168281 0.246665 0.954378
vn 0.484546 0.246674 0.839266
vn 0.742370 0.246678 0.622926
vn 0.667754 0.490054 0.560315
vn 0.667754 0.490054 0.560315
vn 0.435851 0.490040 0.754914
vn 0.484546 0.246674 0.839266
vn 0.742370 0.246678 0.622926
vn 0.910659 0.246658 0.331451
vn 0.819145 0.490013 0.298141
vn 0.819145 0.490013 0.298141
vn 0.667754 0.490054 0.560315
vn 0.742370 0.246678 0.622926
vn 0.910659 0.246658 0.331451
vn 0.969099 0.246670 0.000002
vn 0.871702 0.490036 0.000004
vn 0.871702 0.490036 0.000004
vn 0.819145 0.490013 0.298141
vn 0.910659 0.246658 0.331451
vn 0.370211 0.919123 -0.134745
vn 0.208923 0.974971 -0.076042
vn 0.222328 0.974972 -0.000000
vn 0.222328 0.974972 -0.000000
vn 0.393967 0.919125 -0.000001
vn 0.370211 0.919123 -0.134745
vn 0.301791 0.919127 -0.253236
vn 0.170310 0.974973 -0.142910
vn 0.208923 0.974971 -0.076042
vn 0.208923 0.974971 -0.076042
vn 0.370211 0.919123 -0.134745
vn 0.301791 0.919127 -0.253236
vn 0.197000 0.919114 -0.341204
vn 0.111176 0.974968 -0.192554
vn 0.170310 0.974973 -0.142910
vn 0.170310 0.974973 -0.142910
vn 0.301791 0.919127 -0.253236
vn 0.197000 0.919114 -0.341204
vn 0.068412 0.919125 -0.387980
vn 0.038607 0.974972 -0.218949
vn 0.111176 0.974968 -0.192554
vn 0.111176 0.974968 -0.192554
vn 0.197000 0.919114 -0.341204
vn 0.068412 0.919125 -0.387980
vn -0.068414 0.919126 -0.387977
vn -0.038609 0.974972 -0.218950
vn 0.038607 0.974972 -0.218949
vn 0.038607 0.974972 -0.218949
vn 0.068412 0.919125 -0.387980
vn -0.068414 0.919126 -0.387977
vn -0.196993 0.919118 -0.341197
vn -0.111169 0.974970 -0.192551
vn -0.038609 0.974972 -0.218950
vn -0.038609 0.974972 -0.218950
vn -0.068414 0.919126 -0.387977
vn -0.196993 0.919118 -0.341197
vn -0.301805 0.919119 -0.253247
vn -0.170319 0.974970 -0.142914
vn -0.111169 0.974970 -0.192551
vn -0.111169 0.974970 -0.192551
vn -0.196993 0.919118 -0.341197
vn -0.301805 0.919119 -0.253247
vn -0.370205 0.919127 -0.134740
vn -0.208918 0.974973 -0.076039
vn -0.170319 0.974970 -0.142914
vn -0.170319 0.974970 -0.142914
vn -0.301805 0.919119 -0.253247
vn -0.370205 0.919127 -0.134740
vn -0.393988 0.919116 -0.000003
vn -0.222342 0.974969 -0.000002
vn -0.208918 0.974973 -0.076039
vn -0.208918 0.974973 -0.076039
vn -0.370205 0.919127 -0.134740
vn -0.393988 0.919116 -0.000003
vn -0.370197 0.919129 0.134744
vn -0.208913 0.974974 0.076039
vn -0.222342 0.974969 -0.000002
vn -0.222342 0.974969 -0.000002
vn -0.393988 0.919116 -0.000003
vn -0.370197 0.919129 0.134744
vn -0.301796 0.919126 0.253233
vn -0.170313 0.974972 0.142909
vn -0.208913 0.974974 0.076039
vn -0.208913 0.974974 0.076039
vn -0.370197 0.919129 0.134744
vn -0.301796 0.919126 0.253233
vn -0.196980 0.919128 0.341179
vn -0.111162 0.974973 0.192538
vn -0.170313 0.974972 0.142909
vn -0.170313 0.974972 0.142909
vn -0.301796 0.919126 0.253233
vn -0.196980 0.919128 0.341179
vn -0.068412 0.919126 0.387977
vn -0.038607 0.974972 0.218949
vn -0.111162 0.974973 0.192538
vn -0.111162 0.974973 0.192538
vn -0.196980 0.919128 0.341179
vn -0.068412 0.919126 0.387977
vn 0.068411 0.919126 0.387978
vn 0.038607 0.974972 0.218949
vn -0.038607 0.974972 0.218949
vn -0.038607 0.974972 0.218949
vn -0.068412 0.919126 0.387977
vn 0.068411 0.919126 0.387978
vn 0.196981 0.919128 0.341178
vn 0.111163 0.974973 0.192538
vn 0.038607 0.974972 0.218949
vn 0.038607 0.974972 0.218949
vn 0.068411 0.919126 0.387978
vn 0.196981 0.919128 0.341178
vn 0.301794 0.919126 0.253236
vn 0.170311 0.974972 0.142911
vn 0.111163 0.974973 0.192538
vn 0.111163 0.974973 0.192538
vn 0.196981 0.919128 0.341178
vn 0.301794 0.919126 0.253236
vn 0.370208 0.919124 0.134747
vn 0.208922 0.974971 0.076042
vn 0.170311 0.974972 0.142911
vn 0.170311 0.974972 0.142911
vn 0.301794 0.919126 0.253236
vn 0.370208 0.919124 0.134747
vn 0.393967 0.919125 -0.000001
vn 0.222328 0.974972 -0.000000
vn 0.208922 0.974971 0.076042
vn 0.208922 0.974971 0.076042
vn 0.370208 0.919124 0.134747
vn 0.393967 0.919125 -0.000001
vn 0.170310 0.974973 -0.142910
vn 0.111176 0.974968 -0.192554
vn 0.038607 0.974972 -0.218949
vn -0.170319 0.974970 -0.142914
vn -0.208918 0.974973 -0.076039
vn -0.222342 0.974969 -0.000002
vn 0.170310 0.974973 -0.142910
vn 0.038607 0.974972 -0.218949
vn 0.170311 0.974972 0.142911
vn 0.170311 0.974972 0.142911
vn 0.208923 0.974971 -0.076042
vn 0.170310 0.974973 -0.142910
vn 0.111163 0.974973 0.192538
vn 0.170311 0.974972 0.142911
vn 0.038607 0.974972 -0.218949
vn 0.038607 0.974972 -0.218949
vn -0.038609 0.974972 -0.218950
vn 0.111163 0.974973 0.192538
vn 0.111163 0.974973 0.192538
vn -0.038609 0.974972 -0.218950
vn -0.111169 0.974970 -0.192551
vn -0.111169 0.974970 -0.192551
vn 0.038607 0.974972 0.218949
vn 0.111163 0.974973 0.192538
vn -0.222342 0.974969 -0.000002
vn -0.208913 0.974974 0.076039
vn -0.038607 0.974972 0.218949
vn -0.038607 0.974972 0.218949
vn -0.170319 0.974970 -0.142914
vn -0.222342 0.974969 -0.000002
vn 0.038607 0.974972 0.218949
vn -0.111169 0.974970 -0.192551
vn -0.170319 0.974970 -0.142914
vn -0.170319 0.974970 -0.142914
vn -0.038607 0.974972 0.218949
vn 0.038607 0.974972 0.218949
vn 0.170311 0.974972 0.142911
vn 0.222328 0.974972 -0.000000
vn 0.208923 0.974971 -0.076042
vn 0.170311 0.974972 0.142911
vn 0.208922 0.974971 0.076042
vn 0.222328 0.974972 -0.000000
vn -0.038607 0.974972 0.218949
vn -0.208913 0.974974 0.076039
vn -0.170313 0.974972 0.142909
vn -0.170313 0.974972 0.142909
vn -0.111162 0.974973 0.192538
vn -0.038607 0.974972 0.218949
vn -0.168286 0.246656 -0.954380
vn 0.168282 0.246653 -0.954381
vn 0.168286 -0.246655 -0.954380
vn 0.168286 -0.246655 -0.954380
vn -0.168283 -0.246652 -0.954381
vn -0.168286 0.246656 -0.954380
vn -0.484546 0.246679 -0.839264
vn -0.168286 0.246656 -0.954380
vn -0.168283 -0.246652 -0.954381
vn -0.168283 -0.246652 -0.954381
vn -0.484549 -0.246675 -0.839264
vn -0.484546 0.246679 -0.839264
vn -0.742371 0.246685 -0.622922
vn -0.484546 0.246679 -0.839264
vn -0.484549 -0.246675 -0.839264
vn -0.484549 -0.246675 -0.839264
vn -0.742373 -0.246685 -0.622920
vn -0.742371 0.246685 -0.622922
vn -0.910656 0.246671 -0.331450
vn -0.742371 0.246685 -0.622922
vn -0.742373 -0.246685 -0.622920
vn -0.742373 -0.246685 -0.622920
vn -0.910654 -0.246670 -0.331456
vn -0.910656 0.246671 -0.331450
vn 0.168281 0.246665 0.954378
vn -0.168286 0.246664 0.954378
vn -0.168285 -0.246663 0.954378
vn -0.168285 -0.246663 0.954378
vn 0.168280 -0.246663 0.954379
vn 0.168281 0.246665 0.954378
vn 0.910658 -0.246661 -0.331453
vn 0.969100 -0.246669 -0.000002
vn 0.871703 -0.490035 -0.000005
vn 0.871703 -0.490035 -0.000005
vn 0.819144 -0.490016 -0.298139
vn 0.910658 -0.246661 -0.331453
vn 0.742373 -0.246668 -0.622926
vn 0.910658 -0.246661 -0.331453
vn 0.819144 -0.490016 -0.298139
vn 0.819144 -0.490016 -0.298139
vn 0.667762 -0.490035 -0.560322
vn 0.742373 -0.246668 -0.622926
vn 0.484545 -0.246677 -0.839265
vn 0.742373 -0.246668 -0.622926
vn 0.667762 -0.490035 -0.560322
vn 0.667762 -0.490035 -0.560322
vn 0.435847 -0.490045 -0.754913
vn 0.484545 -0.246677 -0.839265
vn 0.168286 -0.246655 -0.954380
vn 0.484545 -0.246677 -0.839265
vn 0.435847 -0.490045 -0.754913
vn 0.435847 -0.490045 -0.754913
vn 0.151381 -0.490002 -0.858477
vn 0.168286 -0.246655 -0.954380
vn -0.168283 -0.246652 -0.954381
vn 0.168286 -0.246655 -0.954380
vn 0.151381 -0.490002 -0.858477
vn 0.151381 -0.490002 -0.858477
vn -0.151374 -0.490007 -0.858475
vn -0.168283 -0.246652 -0.954381
vn -0.484549 -0.246675 -0.839264
vn -0.168283 -0.246652 -0.954381
vn -0.151374 -0.490007 -0.858475
vn -0.151374 -0.490007 -0.858475
vn -0.435854 -0.490051 -0.754905
vn -0.484549 -0.246675 -0.839264
vn -0.742373 -0.246685 -0.622920
vn -0.484549 -0.246675 -0.839264
vn -0.435854 -0.490051 -0.754905
vn -0.435854 -0.490051 -0.754905
vn -0.667751 -0.490063 -0.560310
vn -0.742373 -0.246685 -0.622920
vn -0.910654 -0.246670 -0.331456
vn -0.742373 -0.246685 -0.622920
vn -0.667751 -0.490063 -0.560310
vn -0.667751 -0.490063 -0.560310
vn -0.819130 -0.490035 -0.298145
vn -0.910654 -0.246670 -0.331456
vn -0.969094 -0.246693 0.000004
vn -0.910654 -0.246670 -0.331456
vn -0.819130 -0.490035 -0.298145
vn -0.819130 -0.490035 -0.298145
vn -0.871678 -0.490080 0.000009
vn -0.969094 -0.246693 0.000004
vn -0.910658 -0.246667 0.331448
vn -0.969094 -0.246693 0.000004
vn -0.871678 -0.490080 0.000009
vn -0.871678 -0.490080 0.000009
vn -0.819140 -0.490026 0.298134
vn -0.910658 -0.246667 0.331448
vn -0.742368 -0.246680 0.622928
vn -0.910658 -0.246667 0.331448
vn -0.819140 -0.490026 0.298134
vn -0.819140 -0.490026 0.298134
vn -0.667753 -0.490054 0.560315
vn -0.742368 -0.246680 0.622928
vn -0.484551 -0.246661 0.839267
vn -0.742368 -0.246680 0.622928
vn -0.667753 -0.490054 0.560315
vn -0.667753 -0.490054 0.560315
vn -0.435860 -0.490013 0.754925
vn -0.484551 -0.246661 0.839267
vn -0.168285 -0.246663 0.954378
vn -0.484551 -0.246661 0.839267
vn -0.435860 -0.490013 0.754925
vn -0.435860 -0.490013 0.754925
vn -0.151373 -0.490023 0.858466
vn -0.168285 -0.246663 0.954378
vn 0.168280 -0.246663 0.954379
vn -0.168285 -0.246663 0.954378
vn -0.151373 -0.490023 0.858466
vn -0.151373 -0.490023 0.858466
vn 0.151369 -0.490025 0.858466
vn 0.168280 -0.246663 0.954379
vn 0.484547 -0.246671 0.839266
vn 0.168280 -0.246663 0.954379
vn 0.151369 -0.490025 0.858466
vn 0.151369 -0.490025 0.858466
vn 0.435850 -0.490042 0.754913
vn 0.484547 -0.246671 0.839266
vn 0.742372 -0.246679 0.622923
vn 0.484547 -0.246671 0.839266
vn 0.435850 -0.490042 0.754913
vn 0.435850 -0.490042 0.754913
vn 0.667761 -0.490050 0.560309
vn 0.742372 -0.246679 0.622923
vn 0.910657 -0.246658 0.331456
vn 0.742372 -0.246679 0.622923
vn 0.667761 -0.490050 0.560309
vn 0.667761 -0.490050 0.560309
vn 0.819143 -0.490011 0.298152
vn 0.910657 -0.246658 0.331456
vn 0.969100 -0.246669 -0.000002
vn 0.910657 -0.246658 0.331456
vn 0.819143 -0.490011 0.298152
vn 0.819143 -0.490011 0.298152
vn 0.871703 -0.490035 -0.000005
vn 0.969100 -0.246669 -0.000002
vn 0.370215 -0.919122 -0.134746
vn 0.393970 -0.919123 -0.000001
vn 0.222330 -0.974971 -0.000000
vn 0.222330 -0.974971 -0.000000
vn 0.208925 -0.974971 -0.076042
vn 0.370215 -0.919122 -0.134746
vn 0.301794 -0.919125 -0.253238
vn 0.370215 -0.919122 -0.134746
vn 0.208925 -0.974971 -0.076042
vn 0.208925 -0.974971 -0.076042
vn 0.170311 -0.974972 -0.142911
vn 0.301794 -0.919125 -0.253238
vn 0.197002 -0.919113 -0.341207
vn 0.301794 -0.919125 -0.253238
vn 0.170311 -0.974972 -0.142911
vn 0.170311 -0.974972 -0.142911
vn 0.111177 -0.974968 -0.192556
vn 0.197002 -0.919113 -0.341207
vn 0.068413 -0.919124 -0.387984
vn 0.197002 -0.919113 -0.341207
vn 0.111177 -0.974968 -0.192556
vn 0.111177 -0.974968 -0.192556
vn 0.038607 -0.974972 -0.218951
vn 0.068413 -0.919124 -0.387984
vn -0.068415 -0.919125 -0.387981
vn 0.068413 -0.919124 -0.387984
vn 0.038607 -0.974972 -0.218951
vn 0.038607 -0.974972 -0.218951
vn -0.038610 -0.974971 -0.218952
vn -0.068415 -0.919125 -0.387981
vn -0.196995 -0.919117 -0.341200
vn -0.068415 -0.919125 -0.387981
vn -0.038610 -0.974971 -0.218952
vn -0.038610 -0.974971 -0.218952
vn -0.111170 -0.974969 -0.192553
vn -0.196995 -0.919117 -0.341200
vn -0.301808 -0.919118 -0.253249
vn -0.196995 -0.919117 -0.341200
vn -0.111170 -0.974969 -0.192553
vn -0.111170 -0.974969 -0.192553
vn -0.170321 -0.974970 -0.142916
vn -0.301808 -0.919118 -0.253249
vn -0.370208 -0.919125 -0.134741
vn -0.301808 -0.919118 -0.253249
vn -0.170321 -0.974970 -0.142916
vn -0.170321 -0.974970 -0.142916
vn -0.208920 -0.974972 -0.076039
vn -0.370208 -0.919125 -0.134741
vn -0.393992 -0.919114 -0.000003
vn -0.370208 -0.919125 -0.134741
vn -0.208920 -0.974972 -0.076039
vn -0.208920 -0.974972 -0.076039
vn -0.222345 -0.974968 -0.000002
vn -0.393992 -0.919114 -0.000003
vn -0.370201 -0.919127 0.134745
vn -0.393992 -0.919114 -0.000003
vn -0.222345 -0.974968 -0.000002
vn -0.222345 -0.974968 -0.000002
vn -0.208915 -0.974973 0.076039
vn -0.370201 -0.919127 0.134745
vn -0.301799 -0.919124 0.253236
vn -0.370201 -0.919127 0.134745
vn -0.208915 -0.974973 0.076039
vn -0.208915 -0.974973 0.076039
vn -0.170315 -0.974971 0.142911
vn -0.301799 -0.919124 0.253236
vn -0.196982 -0.919126 0.341183
vn -0.301799 -0.919124 0.253236
vn -0.170315 -0.974971 0.142911
vn -0.170315 -0.974971 0.142911
vn -0.111164 -0.974972 0.192540
vn -0.196982 -0.919126 0.341183
vn -0.068412 -0.919125 0.387981
vn -0.196982 -0.919126 0.341183
vn -0.111164 -0.974972 0.192540
vn -0.111164 -0.974972 0.192540
vn -0.038608 -0.974972 0.218951
vn -0.068412 -0.919125 0.387981
vn 0.068412 -0.919125 0.387982
vn -0.068412 -0.919125 0.387981
vn -0.038608 -0.974972 0.218951
vn -0.038608 -0.974972 0.218951
vn 0.038607 -0.974972 0.218951
vn 0.068412 -0.919125 0.387982
vn 0.196983 -0.919126 0.341182
vn 0.068412 -0.919125 0.387982
vn 0.038607 -0.974972 0.218951
vn 0.038607 -0.974972 0.218951
vn 0.111164 -0.974972 0.192540
vn 0.196983 -0.919126 0.341182
vn 0.301797 -0.919124 0.253239
vn 0.196983 -0.919126 0.341182
vn 0.111164 -0.974972 0.192540
vn 0.111164 -0.974972 0.192540
vn 0.170313 -0.974972 0.142912
vn 0.301797 -0.919124 0.253239
vn 0.370212 -0.919123 0.134748
vn 0.301797 -0.919124 0.253239
vn 0.170313 -0.974972 0.142912
vn 0.170313 -0.974972 0.142912
vn 0.208924 -0.974971 0.076043
vn 0.370212 -0.919123 0.134748
vn 0.393970 -0.919123 -0.000001
vn 0.370212 -0.919123 0.134748
vn 0.208924 -0.974971 0.076043
vn 0.208924 -0.974971 0.076043
vn 0.222330 -0.974971 -0.000000
vn 0.393970 -0.919123 -0.000001
vn 0.111177 -0.974968 -0.192556
vn 0.170311 -0.974972 -0.142911
vn 0.038607 -0.974972 -0.218951
vn -0.222345 -0.974968 -0.000002
vn -0.208920 -0.974972 -0.076039
vn -0.170321 -0.974970 -0.142916
vn 0.170313 -0.974972 0.142912
vn 0.038607 -0.974972 -0.218951
vn 0.170311 -0.974972 -0.142911
vn 0.170311 -0.974972 -0.142911
vn 0.208925 -0.974971 -0.076042
vn 0.170313 -0.974972 0.142912
vn 0.111164 -0.974972 0.192540
vn -0.038610 -0.974971 -0.218952
vn 0.038607 -0.974972 -0.218951
vn 0.038607 -0.974972 -0.218951
vn 0.170313 -0.974972 0.142912
vn 0.111164 -0.974972 0.192540
vn 0.111164 -0.974972 0.192540
vn 0.038607 -0.974972 0.218951
vn -0.111170 -0.974969 -0.192553
vn -0.111170 -0.974969 -0.192553
vn -0.038610 -0.974971 -0.218952
vn 0.111164 -0.974972 0.192540
vn -0.222345 -0.974968 -0.000002
vn -0.170321 -0.974970 -0.142916
vn -0.038608 -0.974972 0.218951
vn -0.038608 -0.974972 0.218951
vn -0.208915 -0.974973 0.076039
vn -0.222345 -0.974968 -0.000002
vn 0.038607 -0.974972 0.218951
vn -0.038608 -0.974972 0.218951
vn -0.170321 -0.974970 -0.142916
vn -0.170321 -0.974970 -0.142916
vn -0.111170 -0.974969 -0.192553
vn 0.038607 -0.974972 0.218951
vn 0.208925 -0.974971 -0.076042
vn 0.222330 -0.974971 -0.000000
vn 0.170313 -0.974972 0.142912
vn 0.222330 -0.974971 -0.000000
vn 0.208924 -0.974971 0.076043
vn 0.170313 -0.974972 0.142912
vn -0.038608 -0.974972 0.218951
vn -0.170315 -0.974971 0.142911
vn -0.208915 -0.974973 0.076039
vn -0.038608 -0.974972 0.218951
vn -0.111164 -0.974972 0.192540
vn -0.170315 -0.974971 0.142911
vn 0.969099 0.246670 0.000002
vn 0.969100 -0.246669 -0.000002
vn 0.910658 -0.246661 -0.331453
vn 0.910658 -0.246661 -0.331453
vn 0.910657 0.246661 -0.331456
vn 0.969099 0.246670 0.000002
vn 0.742373 0.246670 -0.622926
vn 0.910657 0.246661 -0.331456
vn 0.910658 -0.246661 -0.331453
vn 0.910658 -0.246661 -0.331453
vn 0.742373 -0.246668 -0.622926
vn 0.742373 0.246670 -0.622926
vn 0.484549 0.246676 -0.839263
vn 0.742373 0.246670 -0.622926
vn 0.742373 -0.246668 -0.622926
vn 0.742373 -0.246668 -0.622926
vn 0.484545 -0.246677 -0.839265
vn 0.484549 0.246676 -0.839263
vn 0.168282 0.246653 -0.954381
vn 0.484549 0.246676 -0.839263
vn 0.484545 -0.246677 -0.839265
vn 0.484545 -0.246677 -0.839265
vn 0.168286 -0.246655 -0.954380
vn 0.168282 0.246653 -0.954381
vn -0.969094 0.246694 -0.000004
vn -0.910656 0.246671 -0.331450
vn -0.910654 -0.246670 -0.331456
vn -0.910654 -0.246670 -0.331456
vn -0.969094 -0.246693 0.000004
vn -0.969094 0.246694 -0.000004
vn -0.910656 0.246666 0.331454
vn -0.969094 0.246694 -0.000004
vn -0.969094 -0.246693 0.000004
vn -0.969094 -0.246693 0.000004
vn -0.910658 -0.246667 0.331448
vn -0.910656 0.246666 0.331454
vn -0.742371 0.246680 0.622924
vn -0.910656 0.246666 0.331454
vn -0.910658 -0.246667 0.331448
vn -0.910658 -0.246667 0.331448
vn -0.742368 -0.246680 0.622928
vn -0.742371 0.246680 0.622924
vn -0.484547 0.246660 0.839269
vn -0.742371 0.246680 0.622924
vn -0.742368 -0.246680 0.622928
vn -0.742368 -0.246680 0.622928
vn -0.484551 -0.246661 0.839267
vn -0.484547 0.246660 0.839269
vn -0.168286 0.246664 0.954378
vn -0.484547 0.246660 0.839269
vn -0.484551 -0.246661 0.839267
vn -0.484551 -0.246661 0.839267
vn -0.168285 -0.246663 0.954378
vn -0.168286 0.246664 0.954378
vn 0.484546 0.246674 0.839266
vn 0.168281 0.246665 0.954378
vn 0.168280 -0.246663 0.954379
vn 0.168280 -0.246663 0.954379
vn 0.484547 -0.246671 0.839266
vn 0.484546 0.246674 0.839266
vn 0.742370 0.246678 0.622926
vn 0.484546 0.246674 0.839266
vn 0.484547 -0.246671 0.839266
vn 0.484547 -0.246671 0.839266
vn 0.742372 -0.246679 0.622923
vn 0.742370 0.246678 0.622926
vn 0.910659 0.246658 0.331451
vn 0.742370 0.246678 0.622926
vn 0.742372 -0.246679 0.622923
vn 0.742372 -0.246679 0.622923
vn 0.910657 -0.246658 0.331456
vn 0.910659 0.246658 0.331451
vn 0.969099 0.246670 0.000002
vn 0.910659 0.246658 0.331451
vn 0.910657 -0.246658 0.331456
vn 0.910657 -0.246658 0.331456
vn 0.969100 -0.246669 -0.000002
vn 0.969099 0.246670 0.000002
vn -0.864541 0.019059 -0.502201
vn -0.497452 -0.018351 -0.867297
vn -0.497504 -0.018550 -0.867263
vn -0.497504 -0.018550 -0.867263
vn -0.864047 0.036887 -0.502057
vn -0.864541 0.019059 -0.502201
vn -0.998911 0.046618 -0.001591
vn -0.864541 0.019059 -0.502201
vn -0.864047 0.036887 -0.502057
vn -0.864047 0.036887 -0.502057
vn -0.996982 0.077616 -0.001737
vn -0.998911 0.046618 -0.001591
vn -0.864619 0.056726 0.499216
vn -0.998911 0.046618 -0.001591
vn -0.996982 0.077616 -0.001737
vn -0.996982 0.077616 -0.001737
vn -0.862309 0.092511 0.497860
vn -0.864619 0.056726 0.499216
vn -0.498054 0.046617 0.865892
vn -0.864619 0.056726 0.499216
vn -0.862309 0.092511 0.497860
vn -0.862309 0.092511 0.497860
vn -0.496966 0.077616 0.864292
vn -0.498054 0.046617 0.865892
vn 0.002645 0.019060 0.999815
vn -0.498054 0.046617 0.865892
vn -0.496966 0.077616 0.864292
vn -0.496966 0.077616 0.864292
vn 0.002782 0.036887 0.999316
vn 0.002645 0.019060 0.999815
vn 0.502382 -0.018349 0.864451
vn 0.002645 0.019060 0.999815
vn 0.002782 0.036887 0.999316
vn 0.002782 0.036887 0.999316
vn 0.502331 -0.018552 0.864476
vn 0.502382 -0.018349 0.864451
vn 0.865841 -0.055354 0.497247
vn 0.502382 -0.018349 0.864451
vn 0.502331 -0.018552 0.864476
vn 0.502331 -0.018552 0.864476
vn 0.864716 -0.073339 0.496879
vn 0.865841 -0.055354 0.497247
vn 0.996623 -0.082109 -0.001267
vn 0.865841 -0.055354 0.497247
vn 0.864716 -0.073339 0.496879
vn 0.864716 -0.073339 0.496879
vn 0.993619 -0.112786 -0.001028
vn 0.996623 -0.082109 -0.001267
vn 0.862371 -0.091817 -0.497881
vn 0.996623 -0.082109 -0.001267
vn 0.993619 -0.112786 -0.001028
vn 0.993619 -0.112786 -0.001028
vn 0.859011 -0.127051 -0.495941
vn 0.862371 -0.091817 -0.497881
vn 0.499432 -0.082109 -0.862453
vn 0.862371 -0.091817 -0.497881
vn 0.859011 -0.127051 -0.495941
vn 0.859011 -0.127051 -0.495941
vn 0.497737 -0.112788 -0.859963
vn 0.499432 -0.082109 -0.862453
vn 0.002300 -0.055357 -0.998464
vn 0.499432 -0.082109 -0.862453
vn 0.497737 -0.112788 -0.859963
vn 0.497737 -0.112788 -0.859963
vn 0.002063 -0.073340 -0.997305
vn 0.002300 -0.055357 -0.998464
vn -0.497452 -0.018351 -0.867297
vn 0.002300 -0.055357 -0.998464
vn 0.002063 -0.073340 -0.997305
vn 0.002063 -0.073340 -0.997305
vn -0.497504 -0.018550 -0.867263
vn -0.497452 -0.018351 -0.867297
vn 0.000000 -1.000000 -0.000000
vn 0.000000 -1.000000 -0.000000
vn 0.000000 -1.000000 -0.000000
vn 0.000000 -1.000000 -0.000000
vn 0.000000 -1.000000 -0.000000
vn 0.000000 -1.000000 -0.000000
vn 0.000000 -1.000000 -0.000000
vn 0.000000 -1.000000 -0.000000
vn 0.000000 -1.000000 -0.000000
vn 0.000000 -1.000000 -0.000000
vn 0.000000 -1.000000 -0.000000
vn 0.000000 -1.000000 -0.000000
vn 0.000000 -1.000000 -0.000000
vn 0.000000 -1.000000 -0.000000
vn 0.000000 -1.000000 -0.000000
vn 0.000000 -1.000000 -0.000000
vn 0.000000 -1.000000 -0.000000
vn 0.000000 -1.000000 -0.000000
vn 0.000000 -1.000000 -0.000000
vn 0.000000 -1.000000 -0.000000
vn 0.000000 -1.000000 -0.000000
vn 0.000000 -1.000000 -0.000000
vn 0.000000 -1.000000 -0.000000
vn 0.000000 -1.000000 -0.000000
vn 0.000000 -1.000000 -0.000000
vn 0.000000 -1.000000 -0.000000
vn 0.000000 -1.000000 -0.000000
vn 0.000000 -1.000000 -0.000000
vn 0.000000 -1.000000 -0.000000
vn 0.000000 -1.000000 -0.000000
vn 0.000001 1.000000 -0.000000
vn 0.000000 1.000000 0.000001
vn 0.000000 1.000000 0.000000
vn 0.000000 1.000000 0.000000
vn 0.000000 1.000000 0.000000
vn 0.000001 1.000000 -0.000000
vn 0.000001 1.000000 -0.000003
vn -0.000001 1.000000 -0.000000
vn 0.000001 1.000000 -0.000000
vn 0.000001 1.000000 -0.000000
vn 0.000000 1.000000 0.000000
vn 0.000001 1.000000 -0.000003
vn 0.000001 1.000000 -0.000003
vn -0.000002 1.000000 -0.000009
vn -0.000001 1.000000 -0.000000
vn -0.000002 1.000000 0.000002
vn 0.000000 1.000000 0.000001
vn -0.000001 1.000000 -0.000000
vn -0.000001 1.000000 -0.000000
vn -0.000009 1.000000 0.000002
vn -0.000002 1.000000 0.000002
vn -0.000002 1.000000 0.000002
vn 0.000000 1.000000 0.000000
vn 0.000000 1.000000 0.000001
vn 0.000001 1.000000 -0.000000
vn -0.000001 1.000000 -0.000000
vn 0.000000 1.000000 0.000001
vn 0.000000 1.000000 0.000000
vn 0.000000 1.000000 0.000000
vn 0.000000 1.000000 0.000001
vn -0.868798 -0.043901 -0.493217
vn -0.507201 -0.018353 -0.861633
vn -0.497316 -0.017717 -0.867388
vn -0.497316 -0.017717 -0.867388
vn -0.864189 -0.034497 -0.501984
vn -0.868798 -0.043901 -0.493217
vn -0.864189 -0.034497 -0.501984
vn -0.497316 -0.017717 -0.867388
vn -0.497353 -0.017934 -0.867363
vn -0.497353 -0.017934 -0.867363
vn -0.864625 -0.016658 -0.502142
vn -0.864189 -0.034497 -0.501984
vn -0.864625 -0.016658 -0.502142
vn -0.497353 -0.017934 -0.867363
vn -0.497392 -0.018145 -0.867336
vn -0.497392 -0.018145 -0.867336
vn -0.864738 0.001204 -0.502222
vn -0.864625 -0.016658 -0.502142
vn -0.864738 0.001204 -0.502222
vn -0.497392 -0.018145 -0.867336
vn -0.497452 -0.018351 -0.867297
vn -0.497452 -0.018351 -0.867297
vn -0.864541 0.019059 -0.502201
vn -0.864738 0.001204 -0.502222
vn -0.528013 -0.011353 -0.849160
vn -0.876208 0.086814 -0.474050
vn -0.862135 0.072365 -0.501484
vn -0.862135 0.072365 -0.501484
vn -0.497624 -0.018935 -0.867186
vn -0.528013 -0.011353 -0.849160
vn -0.497624 -0.018935 -0.867186
vn -0.862135 0.072365 -0.501484
vn -0.863245 0.054663 -0.501816
vn -0.863245 0.054663 -0.501816
vn -0.497564 -0.018746 -0.867225
vn -0.497624 -0.018935 -0.867186
vn -0.497564 -0.018746 -0.867225
vn -0.863245 0.054663 -0.501816
vn -0.864047 0.036887 -0.502057
vn -0.864047 0.036887 -0.502057
vn -0.497504 -0.018550 -0.867263
vn -0.497564 -0.018746 -0.867225
vn -0.998041 -0.062417 0.004161
vn -0.868798 -0.043901 -0.493217
vn -0.864189 -0.034497 -0.501984
vn -0.864189 -0.034497 -0.501984
vn -0.998901 -0.046854 -0.001524
vn -0.998041 -0.062417 0.004161
vn -0.998901 -0.046854 -0.001524
vn -0.864189 -0.034497 -0.501984
vn -0.864625 -0.016658 -0.502142
vn -0.864625 -0.016658 -0.502142
vn -0.999875 -0.015713 -0.001477
vn -0.998901 -0.046854 -0.001524
vn -0.999875 -0.015713 -0.001477
vn -0.864625 -0.016658 -0.502142
vn -0.864738 0.001204 -0.502222
vn -0.864738 0.001204 -0.502222
vn -0.999879 0.015477 -0.001493
vn -0.999875 -0.015713 -0.001477
vn -0.999879 0.015477 -0.001493
vn -0.864738 0.001204 -0.502222
vn -0.864541 0.019059 -0.502201
vn -0.864541 0.019059 -0.502201
vn -0.998911 0.046618 -0.001591
vn -0.999879 0.015477 -0.001493
vn -0.876208 0.086814 -0.474050
vn -0.987725 0.155428 0.015519
vn -0.990314 0.138827 -0.002216
vn -0.990314 0.138827 -0.002216
vn -0.862135 0.072365 -0.501484
vn -0.876208 0.086814 -0.474050
vn -0.862135 0.072365 -0.501484
vn -0.990314 0.138827 -0.002216
vn -0.994107 0.108382 -0.001935
vn -0.994107 0.108382 -0.001935
vn -0.863245 0.054663 -0.501816
vn -0.862135 0.072365 -0.501484
vn -0.863245 0.054663 -0.501816
vn -0.994107 0.108382 -0.001935
vn -0.996982 0.077616 -0.001737
vn -0.996982 0.077616 -0.001737
vn -0.864047 0.036887 -0.502057
vn -0.863245 0.054663 -0.501816
vn -0.863948 -0.069156 0.498810
vn -0.998041 -0.062417 0.004161
vn -0.998901 -0.046854 -0.001524
vn -0.998901 -0.046854 -0.001524
vn -0.864878 -0.051391 0.499344
vn -0.863948 -0.069156 0.498810
vn -0.864878 -0.051391 0.499344
vn -0.998901 -0.046854 -0.001524
vn -0.999875 -0.015713 -0.001477
vn -0.999875 -0.015713 -0.001477
vn -0.865923 -0.015365 0.499941
vn -0.864878 -0.051391 0.499344
vn -0.865923 -0.015365 0.499941
vn -0.999875 -0.015713 -0.001477
vn -0.999879 0.015477 -0.001493
vn -0.999879 0.015477 -0.001493
vn -0.865835 0.020721 0.499901
vn -0.865923 -0.015365 0.499941
vn -0.865835 0.020721 0.499901
vn -0.999879 0.015477 -0.001493
vn -0.998911 0.046618 -0.001591
vn -0.998911 0.046618 -0.001591
vn -0.864619 0.056726 0.499216
vn -0.865835 0.020721 0.499901
vn -0.987725 0.155428 0.015519
vn -0.851928 0.179684 0.491866
vn -0.854457 0.162884 0.493327
vn -0.854457 0.162884 0.493327
vn -0.990314 0.138827 -0.002216
vn -0.987725 0.155428 0.015519
vn -0.990314 0.138827 -0.002216
vn -0.854457 0.162884 0.493327
vn -0.858909 0.127939 0.495890
vn -0.858909 0.127939 0.495890
vn -0.994107 0.108382 -0.001935
vn -0.990314 0.138827 -0.002216
vn -0.994107 0.108382 -0.001935
vn -0.858909 0.127939 0.495890
vn -0.862309 0.092511 0.497860
vn -0.862309 0.092511 0.497860
vn -0.996982 0.077616 -0.001737
vn -0.994107 0.108382 -0.001935
vn -0.502595 -0.062419 0.862266
vn -0.863948 -0.069156 0.498810
vn -0.864878 -0.051391 0.499344
vn -0.864878 -0.051391 0.499344
vn -0.498117 -0.046853 0.865843
vn -0.502595 -0.062419 0.862266
vn -0.498117 -0.046853 0.865843
vn -0.864878 -0.051391 0.499344
vn -0.865923 -0.015365 0.499941
vn -0.865923 -0.015365 0.499941
vn -0.498636 -0.015713 0.866669
vn -0.498117 -0.046853 0.865843
vn -0.498636 -0.015713 0.866669
vn -0.865923 -0.015365 0.499941
vn -0.865835 0.020721 0.499901
vn -0.865835 0.020721 0.499901
vn -0.498626 0.015477 0.866679
vn -0.498636 -0.015713 0.866669
vn -0.498626 0.015477 0.866679
vn -0.865835 0.020721 0.499901
vn -0.864619 0.056726 0.499216
vn -0.864619 0.056726 0.499216
vn -0.498054 0.046617 0.865892
vn -0.498626 0.015477 0.866679
vn -0.851928 0.179684 0.491866
vn -0.507283 0.155426 0.847648
vn -0.493243 0.138826 0.858742
vn -0.493243 0.138826 0.858742
vn -0.854457 0.162884 0.493327
vn -0.851928 0.179684 0.491866
vn -0.854457 0.162884 0.493327
vn -0.493243 0.138826 0.858742
vn -0.495353 0.108381 0.861905
vn -0.495353 0.108381 0.861905
vn -0.858909 0.127939 0.495890
vn -0.854457 0.162884 0.493327
vn -0.858909 0.127939 0.495890
vn -0.495353 0.108381 0.861905
vn -0.496966 0.077616 0.864292
vn -0.496966 0.077616 0.864292
vn -0.862309 0.092511 0.497860
vn -0.858909 0.127939 0.495890
vn -0.007244 -0.043897 0.999010
vn -0.502595 -0.062419 0.862266
vn -0.498117 -0.046853 0.865843
vn -0.498117 -0.046853 0.865843
vn 0.002630 -0.034497 0.999401
vn -0.007244 -0.043897 0.999010
vn 0.002630 -0.034497 0.999401
vn -0.498117 -0.046853 0.865843
vn -0.498636 -0.015713 0.866669
vn -0.498636 -0.015713 0.866669
vn 0.002572 -0.016657 0.999858
vn 0.002630 -0.034497 0.999401
vn 0.002572 -0.016657 0.999858
vn -0.498636 -0.015713 0.866669
vn -0.498626 0.015477 0.866679
vn -0.498626 0.015477 0.866679
vn 0.002573 0.001204 0.999996
vn 0.002572 -0.016657 0.999858
vn 0.002573 0.001204 0.999996
vn -0.498626 0.015477 0.866679
vn -0.498054 0.046617 0.865892
vn -0.498054 0.046617 0.865892
vn 0.002645 0.019060 0.999815
vn 0.002573 0.001204 0.999996
vn -0.507283 0.155426 0.847648
vn -0.027568 0.086813 0.995843
vn 0.003231 0.072364 0.997373
vn 0.003231 0.072364 0.997373
vn -0.493243 0.138826 0.858742
vn -0.507283 0.155426 0.847648
vn -0.495353 0.108381 0.861905
vn -0.493243 0.138826 0.858742
vn 0.003231 0.072364 0.997373
vn 0.003231 0.072364 0.997373
vn 0.002975 0.054664 0.998500
vn -0.495353 0.108381 0.861905
vn -0.495353 0.108381 0.861905
vn 0.002975 0.054664 0.998500
vn 0.002782 0.036887 0.999316
vn 0.002782 0.036887 0.999316
vn -0.496966 0.077616 0.864292
vn -0.495353 0.108381 0.861905
vn 0.492606 -0.018348 0.870059
vn -0.007244 -0.043897 0.999010
vn 0.002630 -0.034497 0.999401
vn 0.002630 -0.034497 0.999401
vn 0.502523 -0.017717 0.864382
vn 0.492606 -0.018348 0.870059
vn 0.502523 -0.017717 0.864382
vn 0.002630 -0.034497 0.999401
vn 0.002572 -0.016657 0.999858
vn 0.002572 -0.016657 0.999858
vn 0.502488 -0.017933 0.864399
vn 0.502523 -0.017717 0.864382
vn 0.502488 -0.017933 0.864399
vn 0.002572 -0.016657 0.999858
vn 0.002573 0.001204 0.999996
vn 0.002573 0.001204 0.999996
vn 0.502437 -0.018144 0.864423
vn 0.502488 -0.017933 0.864399
vn 0.502437 -0.018144 0.864423
vn 0.002573 0.001204 0.999996
vn 0.002645 0.019060 0.999815
vn 0.002645 0.019060 0.999815
vn 0.502382 -0.018349 0.864451
vn 0.502437 -0.018144 0.864423
vn -0.027568 0.086813 0.995843
vn 0.471356 -0.011345 0.881870
vn 0.502199 -0.018935 0.864545
vn 0.502199 -0.018935 0.864545
vn 0.003231 0.072364 0.997373
vn -0.027568 0.086813 0.995843
vn 0.003231 0.072364 0.997373
vn 0.502199 -0.018935 0.864545
vn 0.502265 -0.018746 0.864510
vn 0.502265 -0.018746 0.864510
vn 0.002975 0.054664 0.998500
vn 0.003231 0.072364 0.997373
vn 0.002975 0.054664 0.998500
vn 0.502265 -0.018746 0.864510
vn 0.502331 -0.018552 0.864476
vn 0.502331 -0.018552 0.864476
vn 0.002782 0.036887 0.999316
vn 0.002975 0.054664 0.998500
vn 0.862305 0.007454 0.506335
vn 0.492606 -0.018348 0.870059
vn 0.502523 -0.017717 0.864382
vn 0.502523 -0.017717 0.864382
vn 0.867299 -0.001069 0.497787
vn 0.862305 0.007454 0.506335
vn 0.867299 -0.001069 0.497787
vn 0.502523 -0.017717 0.864382
vn 0.502488 -0.017933 0.864399
vn 0.502488 -0.017933 0.864399
vn 0.867139 -0.019195 0.497696
vn 0.867299 -0.001069 0.497787
vn 0.867139 -0.019195 0.497696
vn 0.502488 -0.017933 0.864399
vn 0.502437 -0.018144 0.864423
vn 0.502437 -0.018144 0.864423
vn 0.866650 -0.037298 0.497520
vn 0.867139 -0.019195 0.497696
vn 0.866650 -0.037298 0.497520
vn 0.502437 -0.018144 0.864423
vn 0.502382 -0.018349 0.864451
vn 0.502382 -0.018349 0.864451
vn 0.865841 -0.055354 0.497247
vn 0.866650 -0.037298 0.497520
vn 0.471356 -0.011345 0.881870
vn 0.845814 -0.112422 0.521498
vn 0.861519 -0.108987 0.495890
vn 0.861519 -0.108987 0.495890
vn 0.502199 -0.018935 0.864545
vn 0.471356 -0.011345 0.881870
vn 0.502199 -0.018935 0.864545
vn 0.861519 -0.108987 0.495890
vn 0.863274 -0.091226 0.496423
vn 0.863274 -0.091226 0.496423
vn 0.502265 -0.018746 0.864510
vn 0.502199 -0.018935 0.864545
vn 0.502265 -0.018746 0.864510
vn 0.863274 -0.091226 0.496423
vn 0.864716 -0.073339 0.496879
vn 0.864716 -0.073339 0.496879
vn 0.502331 -0.018552 0.864476
vn 0.502265 -0.018746 0.864510
vn 0.999640 0.026475 0.004264
vn 0.862305 0.007454 0.506335
vn 0.867299 -0.001069 0.497787
vn 0.867299 -0.001069 0.497787
vn 0.999938 0.011024 -0.001461
vn 0.999640 0.026475 0.004264
vn 0.999938 0.011024 -0.001461
vn 0.867299 -0.001069 0.497787
vn 0.867139 -0.019195 0.497696
vn 0.867139 -0.019195 0.497696
vn 0.999797 -0.020110 -0.001465
vn 0.999938 0.011024 -0.001461
vn 0.999797 -0.020110 -0.001465
vn 0.867139 -0.019195 0.497696
vn 0.866650 -0.037298 0.497520
vn 0.866650 -0.037298 0.497520
vn 0.998688 -0.051186 -0.001411
vn 0.999797 -0.020110 -0.001465
vn 0.998688 -0.051186 -0.001411
vn 0.866650 -0.037298 0.497520
vn 0.865841 -0.055354 0.497247
vn 0.865841 -0.055354 0.497247
vn 0.996623 -0.082109 -0.001267
vn 0.998688 -0.051186 -0.001411
vn 0.845814 -0.112422 0.521498
vn 0.982302 -0.186570 0.016596
vn 0.984911 -0.173064 -0.000376
vn 0.984911 -0.173064 -0.000376
vn 0.861519 -0.108987 0.495890
vn 0.845814 -0.112422 0.521498
vn 0.863274 -0.091226 0.496423
vn 0.861519 -0.108987 0.495890
vn 0.984911 -0.173064 -0.000376
vn 0.984911 -0.173064 -0.000376
vn 0.989703 -0.143132 -0.000730
vn 0.863274 -0.091226 0.496423
vn 0.863274 -0.091226 0.496423
vn 0.989703 -0.143132 -0.000730
vn 0.993619 -0.112786 -0.001028
vn 0.993619 -0.112786 -0.001028
vn 0.864716 -0.073339 0.496879
vn 0.863274 -0.091226 0.496423
vn 0.865545 0.033461 -0.499712
vn 0.999640 0.026475 0.004264
vn 0.999938 0.011024 -0.001461
vn 0.999938 0.011024 -0.001461
vn 0.865926 0.015429 -0.499934
vn 0.865545 0.033461 -0.499712
vn 0.865926 0.015429 -0.499934
vn 0.999938 0.011024 -0.001461
vn 0.999797 -0.020110 -0.001465
vn 0.999797 -0.020110 -0.001465
vn 0.865850 -0.020444 -0.499886
vn 0.865926 0.015429 -0.499934
vn 0.865850 -0.020444 -0.499886
vn 0.999797 -0.020110 -0.001465
vn 0.998688 -0.051186 -0.001411
vn 0.998688 -0.051186 -0.001411
vn 0.864654 -0.056239 -0.499210
vn 0.865850 -0.020444 -0.499886
vn 0.864654 -0.056239 -0.499210
vn 0.998688 -0.051186 -0.001411
vn 0.996623 -0.082109 -0.001267
vn 0.996623 -0.082109 -0.001267
vn 0.862371 -0.091817 -0.497881
vn 0.864654 -0.056239 -0.499210
vn 0.982302 -0.186570 0.016596
vn 0.846075 -0.213461 -0.488458
vn 0.849233 -0.195981 -0.490301
vn 0.849233 -0.195981 -0.490301
vn 0.984911 -0.173064 -0.000376
vn 0.982302 -0.186570 0.016596
vn 0.989703 -0.143132 -0.000730
vn 0.984911 -0.173064 -0.000376
vn 0.849233 -0.195981 -0.490301
vn 0.849233 -0.195981 -0.490301
vn 0.854616 -0.161811 -0.493405
vn 0.989703 -0.143132 -0.000730
vn 0.989703 -0.143132 -0.000730
vn 0.854616 -0.161811 -0.493405
vn 0.859011 -0.127051 -0.495941
vn 0.859011 -0.127051 -0.495941
vn 0.993619 -0.112786 -0.001028
vn 0.989703 -0.143132 -0.000730
vn 0.496167 0.026475 -0.867823
vn 0.865545 0.033461 -0.499712
vn 0.865926 0.015429 -0.499934
vn 0.865926 0.015429 -0.499934
vn 0.501270 0.011024 -0.865221
vn 0.496167 0.026475 -0.867823
vn 0.501270 0.011024 -0.865221
vn 0.865926 0.015429 -0.499934
vn 0.865850 -0.020444 -0.499886
vn 0.865850 -0.020444 -0.499886
vn 0.501212 -0.020112 -0.865091
vn 0.501270 0.011024 -0.865221
vn 0.501212 -0.020112 -0.865091
vn 0.865850 -0.020444 -0.499886
vn 0.864654 -0.056239 -0.499210
vn 0.864654 -0.056239 -0.499210
vn 0.500600 -0.051187 -0.864164
vn 0.501212 -0.020112 -0.865091
vn 0.500600 -0.051187 -0.864164
vn 0.864654 -0.056239 -0.499210
vn 0.862371 -0.091817 -0.497881
vn 0.862371 -0.091817 -0.497881
vn 0.499432 -0.082109 -0.862453
vn 0.500600 -0.051187 -0.864164
vn 0.846075 -0.213461 -0.488458
vn 0.476781 -0.186570 -0.858995
vn 0.492787 -0.173066 -0.852766
vn 0.492787 -0.173066 -0.852766
vn 0.849233 -0.195981 -0.490301
vn 0.846075 -0.213461 -0.488458
vn 0.849233 -0.195981 -0.490301
vn 0.492787 -0.173066 -0.852766
vn 0.495514 -0.143135 -0.856725
vn 0.495514 -0.143135 -0.856725
vn 0.854616 -0.161811 -0.493405
vn 0.849233 -0.195981 -0.490301
vn 0.854616 -0.161811 -0.493405
vn 0.495514 -0.143135 -0.856725
vn 0.497737 -0.112788 -0.859963
vn 0.497737 -0.112788 -0.859963
vn 0.859011 -0.127051 -0.495941
vn 0.854616 -0.161811 -0.493405
vn -0.007331 0.007451 -0.999945
vn 0.496167 0.026475 -0.867823
vn 0.501270 0.011024 -0.865221
vn 0.501270 0.011024 -0.865221
vn 0.002573 -0.001070 -0.999996
vn -0.007331 0.007451 -0.999945
vn 0.002573 -0.001070 -0.999996
vn 0.501270 0.011024 -0.865221
vn 0.501212 -0.020112 -0.865091
vn 0.501212 -0.020112 -0.865091
vn 0.002578 -0.019197 -0.999812
vn 0.002573 -0.001070 -0.999996
vn 0.002578 -0.019197 -0.999812
vn 0.501212 -0.020112 -0.865091
vn 0.500600 -0.051187 -0.864164
vn 0.500600 -0.051187 -0.864164
vn 0.002495 -0.037301 -0.999301
vn 0.002578 -0.019197 -0.999812
vn 0.002495 -0.037301 -0.999301
vn 0.500600 -0.051187 -0.864164
vn 0.499432 -0.082109 -0.862453
vn 0.499432 -0.082109 -0.862453
vn 0.002300 -0.055357 -0.998464
vn 0.002495 -0.037301 -0.999301
vn 0.476781 -0.186570 -0.858995
vn -0.028744 -0.112419 -0.993245
vn 0.001314 -0.108991 -0.994042
vn 0.001314 -0.108991 -0.994042
vn 0.492787 -0.173066 -0.852766
vn 0.476781 -0.186570 -0.858995
vn 0.492787 -0.173066 -0.852766
vn 0.001314 -0.108991 -0.994042
vn 0.001723 -0.091226 -0.995829
vn 0.001723 -0.091226 -0.995829
vn 0.495514 -0.143135 -0.856725
vn 0.492787 -0.173066 -0.852766
vn 0.495514 -0.143135 -0.856725
vn 0.001723 -0.091226 -0.995829
vn 0.002063 -0.073340 -0.997305
vn 0.002063 -0.073340 -0.997305
vn 0.497737 -0.112788 -0.859963
vn 0.495514 -0.143135 -0.856725
vn -0.507201 -0.018353 -0.861633
vn -0.007331 0.007451 -0.999945
vn 0.002573 -0.001070 -0.999996
vn 0.002573 -0.001070 -0.999996
vn -0.497316 -0.017717 -0.867388
vn -0.507201 -0.018353 -0.861633
vn -0.497316 -0.017717 -0.867388
vn 0.002573 -0.001070 -0.999996
vn 0.002578 -0.019197 -0.999812
vn 0.002578 -0.019197 -0.999812
vn -0.497353 -0.017934 -0.867363
vn -0.497316 -0.017717 -0.867388
vn -0.497353 -0.017934 -0.867363
vn 0.002578 -0.019197 -0.999812
vn 0.002495 -0.037301 -0.999301
vn 0.002495 -0.037301 -0.999301
vn -0.497392 -0.018145 -0.867336
vn -0.497353 -0.017934 -0.867363
vn -0.497392 -0.018145 -0.867336
vn 0.002495 -0.037301 -0.999301
vn 0.002300 -0.055357 -0.998464
vn 0.002300 -0.055357 -0.998464
vn -0.497452 -0.018351 -0.867297
vn -0.497392 -0.018145 -0.867336
vn -0.028744 -0.112419 -0.993245
vn -0.528013 -0.011353 -0.849160
vn -0.497624 -0.018935 -0.867186
vn -0.497624 -0.018935 -0.867186
vn 0.001314 -0.108991 -0.994042
vn -0.028744 -0.112419 -0.993245
vn 0.001723 -0.091226 -0.995829
vn 0.001314 -0.108991 -0.994042
vn -0.497624 -0.018935 -0.867186
vn -0.497624 -0.018935 -0.867186
vn -0.497564 -0.018746 -0.867225
vn 0.001723 -0.091226 -0.995829
vn 0.001723 -0.091226 -0.995829
vn -0.497564 -0.018746 -0.867225
vn -0.497504 -0.018550 -0.867263
vn -0.497504 -0.018550 -0.867263
vn 0.002063 -0.073340 -0.997305
vn 0.001723 -0.091226 -0.995829
vn 0.973965 -0.000002 -0.226698
vn 0.522341 0.844032 -0.121534
vn 0.528152 0.849122 -0.006896
vn 0.528152 0.849122 -0.006896
vn 0.999924 -0.000002 -0.012361
vn 0.973965 -0.000002 -0.226698
vn 0.522341 0.844032 -0.121534
vn -0.462839 0.879878 0.107675
vn -0.485701 0.874104 0.006007
vn -0.485701 0.874104 0.006007
vn 0.528152 0.849122 -0.006896
vn 0.522341 0.844032 -0.121534
vn -0.462839 0.879878 0.107675
vn -0.974012 -0.000002 0.226495
vn -0.999915 -0.000002 0.013061
vn -0.999915 -0.000002 0.013061
vn -0.485701 0.874104 0.006007
vn -0.462839 0.879878 0.107675
vn -0.999915 -0.000002 0.013061
vn -0.974012 -0.000002 0.226495
vn -0.462837 -0.879879 0.107675
vn -0.462837 -0.879879 0.107675
vn -0.485699 -0.874105 0.006007
vn -0.999915 -0.000002 0.013061
vn -0.485699 -0.874105 0.006007
vn -0.462837 -0.879879 0.107675
vn 0.522339 -0.844033 -0.121533
vn 0.522339 -0.844033 -0.121533
vn 0.528150 -0.849123 -0.006896
vn -0.485699 -0.874105 0.006007
vn 0.528150 -0.849123 -0.006896
vn 0.522339 -0.844033 -0.121533
vn 0.973965 -0.000002 -0.226698
vn 0.973965 -0.000002 -0.226698
vn 0.999924 -0.000002 -0.012361
vn 0.528150 -0.849123 -0.006896
vn 0.780372 -0.000002 -0.625316
vn 0.415211 0.846685 -0.332754
vn 0.476218 0.846463 -0.238155
vn 0.476218 0.846463 -0.238155
vn 0.894634 -0.000002 -0.446800
vn 0.780372 -0.000002 -0.625316
vn 0.415211 0.846685 -0.332754
vn -0.376008 0.876256 0.301318
vn -0.430275 0.876754 0.214862
vn -0.430275 0.876754 0.214862
vn 0.476218 0.846463 -0.238155
vn 0.415211 0.846685 -0.332754
vn -0.376008 0.876256 0.301318
vn -0.780309 -0.000002 0.625394
vn -0.894414 -0.000002 0.447239
vn -0.894414 -0.000002 0.447239
vn -0.430275 0.876754 0.214862
vn -0.376008 0.876256 0.301318
vn -0.894414 -0.000002 0.447239
vn -0.780309 -0.000002 0.625394
vn -0.376007 -0.876257 0.301317
vn -0.376007 -0.876257 0.301317
vn -0.430273 -0.876755 0.214861
vn -0.894414 -0.000002 0.447239
vn -0.430273 -0.876755 0.214861
vn -0.376007 -0.876257 0.301317
vn 0.415209 -0.846686 -0.332753
vn 0.415209 -0.846686 -0.332753
vn 0.476216 -0.846464 -0.238154
vn -0.430273 -0.876755 0.214861
vn 0.476216 -0.846464 -0.238154
vn 0.415209 -0.846686 -0.332753
vn 0.780372 -0.000002 -0.625316
vn 0.780372 -0.000002 -0.625316
vn 0.894634 -0.000002 -0.446800
vn 0.476216 -0.846464 -0.238154
vn 0.438565 -0.000002 -0.898700
vn 0.237023 0.841486 -0.485511
vn 0.340206 0.848425 -0.405505
vn 0.340206 0.848425 -0.405505
vn 0.641790 -0.000002 -0.766880
vn 0.438565 -0.000002 -0.898700
vn 0.237023 0.841486 -0.485511
vn -0.205377 0.883588 0.420823
vn -0.311088 0.874669 0.371723
vn -0.311088 0.874669 0.371723
vn 0.340206 0.848425 -0.405505
vn 0.237023 0.841486 -0.485511
vn -0.205377 0.883588 0.420823
vn -0.438737 -0.000002 0.898616
vn -0.642728 -0.000002 0.766095
vn -0.642728 -0.000002 0.766095
vn -0.311088 0.874669 0.371723
vn -0.205377 0.883588 0.420823
vn -0.642728 -0.000002 0.766095
vn -0.438737 -0.000002 0.898616
vn -0.205377 -0.883589 0.420821
vn -0.205377 -0.883589 0.420821
vn -0.311087 -0.874670 0.371722
vn -0.642728 -0.000002 0.766095
vn -0.311087 -0.874670 0.371722
vn -0.205377 -0.883589 0.420821
vn 0.237022 -0.841488 -0.485509
vn 0.237022 -0.841488 -0.485509
vn 0.340205 -0.848426 -0.405504
vn -0.311087 -0.874670 0.371722
vn 0.340205 -0.848426 -0.405504
vn 0.237022 -0.841488 -0.485509
vn 0.438565 -0.000002 -0.898700
vn 0.438565 -0.000002 -0.898700
vn 0.641790 -0.000002 -0.766880
vn 0.340205 -0.848426 -0.405504
vn -0.001272 -0.000002 -0.999999
vn -0.000642 0.843887 -0.536521
vn 0.112718 0.849139 -0.516002
vn 0.112718 0.849139 -0.516002
vn 0.214145 -0.000002 -0.976802
vn -0.001272 -0.000002 -0.999999
vn -0.000642 0.843887 -0.536521
vn 0.000606 0.880045 0.474889
vn -0.104046 0.874081 0.474507
vn -0.104046 0.874081 0.474507
vn 0.112718 0.849139 -0.516002
vn -0.000642 0.843887 -0.536521
vn 0.000606 0.880045 0.474889
vn 0.001191 -0.000002 0.999999
vn -0.213454 -0.000002 0.976953
vn -0.213454 -0.000002 0.976953
vn -0.104046 0.874081 0.474507
vn 0.000606 0.880045 0.474889
vn -0.213454 -0.000002 0.976953
vn 0.001191 -0.000002 0.999999
vn 0.000606 -0.880046 0.474888
vn 0.000606 -0.880046 0.474888
vn -0.104046 -0.874082 0.474505
vn -0.213454 -0.000002 0.976953
vn -0.104046 -0.874082 0.474505
vn 0.000606 -0.880046 0.474888
vn -0.000642 -0.843888 -0.536519
vn -0.000642 -0.843888 -0.536519
vn 0.112718 -0.849140 -0.516000
vn -0.104046 -0.874082 0.474505
vn 0.112718 -0.849140 -0.516000
vn -0.000642 -0.843888 -0.536519
vn -0.001272 -0.000002 -0.999999
vn -0.001272 -0.000002 -0.999999
vn 0.214145 -0.000002 -0.976802
vn 0.112718 -0.849140 -0.516000
vn -0.439604 -0.000002 -0.898192
vn -0.235969 0.843782 -0.482027
vn -0.119603 0.847798 -0.516657
vn -0.119603 0.847798 -0.516657
vn -0.225629 -0.000002 -0.974213
vn -0.439604 -0.000002 -0.898192
vn -0.235969 0.843782 -0.482027
vn 0.208592 0.880275 0.426152
vn 0.109071 0.875448 0.470845
vn 0.109071 0.875448 0.470845
vn -0.119603 0.847798 -0.516657
vn -0.235969 0.843782 -0.482027
vn 0.208592 0.880275 0.426152
vn 0.439697 -0.000002 0.898146
vn 0.225564 -0.000002 0.974228
vn 0.225564 -0.000002 0.974228
vn 0.109071 0.875448 0.470845
vn 0.208592 0.880275 0.426152
vn 0.225564 -0.000002 0.974228
vn 0.439697 -0.000002 0.898146
vn 0.208591 -0.880276 0.426150
vn 0.208591 -0.880276 0.426150
vn 0.109071 -0.875449 0.470843
vn 0.225564 -0.000002 0.974228
vn 0.109071 -0.875449 0.470843
vn 0.208591 -0.880276 0.426150
vn -0.235968 -0.843783 -0.482025
vn -0.235968 -0.843783 -0.482025
vn -0.119603 -0.847799 -0.516655
vn 0.109071 -0.875449 0.470843
vn -0.119603 -0.847799 -0.516655
vn -0.235968 -0.843783 -0.482025
vn -0.439604 -0.000002 -0.898192
vn -0.439604 -0.000002 -0.898192
vn -0.225629 -0.000002 -0.974213
vn -0.119603 -0.847799 -0.516655
vn -0.780227 -0.000002 -0.625497
vn -0.415058 0.846750 -0.332777
vn -0.337618 0.847044 -0.410524
vn -0.337618 0.847044 -0.410524
vn -0.634606 -0.000002 -0.772836
vn -0.780227 -0.000002 -0.625497
vn -0.415058 0.846750 -0.332777
vn 0.376074 0.876162 0.301510
vn 0.305995 0.876075 0.372640
vn 0.305995 0.876075 0.372640
vn -0.337618 0.847044 -0.410524
vn -0.415058 0.846750 -0.332777
vn 0.376074 0.876162 0.301510
vn 0.780183 -0.000002 0.625551
vn 0.635195 -0.000002 0.772352
vn 0.635195 -0.000002 0.772352
vn 0.305995 0.876075 0.372640
vn 0.376074 0.876162 0.301510
vn 0.635195 -0.000002 0.772352
vn 0.780183 -0.000002 0.625551
vn 0.376072 -0.876163 0.301509
vn 0.376072 -0.876163 0.301509
vn 0.305994 -0.876076 0.372638
vn 0.635195 -0.000002 0.772352
vn 0.305994 -0.876076 0.372638
vn 0.376072 -0.876163 0.301509
vn -0.415057 -0.846752 -0.332776
vn -0.415057 -0.846752 -0.332776
vn -0.337617 -0.847046 -0.410523
vn 0.305994 -0.876076 0.372638
vn -0.337617 -0.847046 -0.410523
vn -0.415057 -0.846752 -0.332776
vn -0.780227 -0.000002 -0.625497
vn -0.780227 -0.000002 -0.625497
vn -0.634606 -0.000002 -0.772836
vn -0.337617 -0.847046 -0.410523
vn -0.974255 -0.000002 -0.225449
vn -0.526615 0.841325 -0.121856
vn -0.471110 0.847995 -0.242816
vn -0.471110 0.847995 -0.242816
vn -0.889423 -0.000002 -0.457084
vn -0.974255 -0.000002 -0.225449
vn -0.526615 0.841325 -0.121856
vn 0.455883 0.883772 0.105442
vn 0.430303 0.875186 0.221108
vn 0.430303 0.875186 0.221108
vn -0.471110 0.847995 -0.242816
vn -0.526615 0.841325 -0.121856
vn 0.455883 0.883772 0.105442
vn 0.974284 -0.000002 0.225325
vn 0.888904 -0.000002 0.458094
vn 0.888904 -0.000002 0.458094
vn 0.430303 0.875186 0.221108
vn 0.455883 0.883772 0.105442
vn 0.888904 -0.000002 0.458094
vn 0.974284 -0.000002 0.225325
vn 0.455881 -0.883773 0.105442
vn 0.455881 -0.883773 0.105442
vn 0.430302 -0.875187 0.221107
vn 0.888904 -0.000002 0.458094
vn 0.430302 -0.875187 0.221107
vn 0.455881 -0.883773 0.105442
vn -0.526613 -0.841326 -0.121856
vn -0.526613 -0.841326 -0.121856
vn -0.471108 -0.847996 -0.242815
vn 0.430302 -0.875187 0.221107
vn -0.471108 -0.847996 -0.242815
vn -0.526613 -0.841326 -0.121856
vn -0.974255 -0.000002 -0.225449
vn -0.974255 -0.000002 -0.225449
vn -0.889423 -0.000002 -0.457084
vn -0.471108 -0.847996 -0.242815
vn -0.973967 -0.000002 0.226692
vn -0.522331 0.844039 0.121527
vn -0.528152 0.849122 0.006891
vn -0.528152 0.849122 0.006891
vn -0.999924 -0.000002 0.012353
vn -0.973967 -0.000002 0.226692
vn -0.522331 0.844039 0.121527
vn 0.462852 0.879872 -0.107676
vn 0.485712 0.874098 -0.006001
vn 0.485712 0.874098 -0.006001
vn -0.528152 0.849122 0.006891
vn -0.522331 0.844039 0.121527
vn 0.462852 0.879872 -0.107676
vn 0.974012 -0.000002 -0.226495
vn 0.999915 -0.000002 -0.013045
vn 0.999915 -0.000002 -0.013045
vn 0.485712 0.874098 -0.006001
vn 0.462852 0.879872 -0.107676
vn 0.999915 -0.000002 -0.013045
vn 0.974012 -0.000002 -0.226495
vn 0.462850 -0.879873 -0.107675
vn 0.462850 -0.879873 -0.107675
vn 0.485710 -0.874099 -0.006001
vn 0.999915 -0.000002 -0.013045
vn 0.485710 -0.874099 -0.006001
vn 0.462850 -0.879873 -0.107675
vn -0.522329 -0.844040 0.121527
vn -0.522329 -0.844040 0.121527
vn -0.528150 -0.849123 0.006891
vn 0.485710 -0.874099 -0.006001
vn -0.528150 -0.849123 0.006891
vn -0.522329 -0.844040 0.121527
vn -0.973967 -0.000002 0.226692
vn -0.973967 -0.000002 0.226692
vn -0.999924 -0.000002 0.012353
vn -0.528150 -0.849123 0.006891
vn -0.780297 -0.000002 0.625409
vn -0.415721 0.846243 0.333240
vn -0.476302 0.846723 0.237060
vn -0.476302 0.846723 0.237060
vn -0.895428 -0.000002 0.445206
vn -0.780297 -0.000002 0.625409
vn -0.415721 0.846243 0.333240
vn 0.375117 0.876859 -0.300673
vn 0.431087 0.876492 -0.214306
vn 0.431087 0.876492 -0.214306
vn -0.476302 0.846723 0.237060
vn -0.415721 0.846243 0.333240
vn 0.375117 0.876859 -0.300673
vn 0.780243 -0.000002 -0.625476
vn 0.895266 -0.000002 -0.445532
vn 0.895266 -0.000002 -0.445532
vn 0.431087 0.876492 -0.214306
vn 0.375117 0.876859 -0.300673
vn 0.895266 -0.000002 -0.445532
vn 0.780243 -0.000002 -0.625476
vn 0.375116 -0.876860 -0.300672
vn 0.375116 -0.876860 -0.300672
vn 0.431085 -0.876493 -0.214305
vn 0.895266 -0.000002 -0.445532
vn 0.431085 -0.876493 -0.214305
vn 0.375116 -0.876860 -0.300672
vn -0.415720 -0.846244 0.333239
vn -0.415720 -0.846244 0.333239
vn -0.476300 -0.846724 0.237059
vn 0.431085 -0.876493 -0.214305
vn -0.476300 -0.846724 0.237059
vn -0.415720 -0.846244 0.333239
vn -0.780297 -0.000002 0.625409
vn -0.780297 -0.000002 0.625409
vn -0.895428 -0.000002 0.445206
vn -0.476300 -0.846724 0.237059
vn -0.439709 -0.000002 0.898141
vn -0.235713 0.844223 0.481381
vn -0.335897 0.847097 0.411826
vn -0.335897 0.847097 0.411826
vn -0.631662 -0.000002 0.775244
vn -0.439709 -0.000002 0.898141
vn -0.235713 0.844223 0.481381
vn 0.209124 0.879686 -0.427106
vn 0.304608 0.876047 -0.373838
vn 0.304608 0.876047 -0.373838
vn -0.335897 0.847097 0.411826
vn -0.235713 0.844223 0.481381
vn 0.209124 0.879686 -0.427106
vn 0.439806 -0.000002 -0.898093
vn 0.632063 -0.000002 -0.774917
vn 0.632063 -0.000002 -0.774917
vn 0.304608 0.876047 -0.373838
vn 0.209124 0.879686 -0.427106
vn 0.632063 -0.000002 -0.774917
vn 0.439806 -0.000002 -0.898093
vn 0.209123 -0.879687 -0.427104
vn 0.209123 -0.879687 -0.427104
vn 0.304607 -0.876048 -0.373836
vn 0.632063 -0.000002 -0.774917
vn 0.304607 -0.876048 -0.373836
vn 0.209123 -0.879687 -0.427104
vn -0.235712 -0.844224 0.481379
vn -0.235712 -0.844224 0.481379
vn -0.335896 -0.847098 0.411825
vn 0.304607 -0.876048 -0.373836
vn -0.335896 -0.847098 0.411825
vn -0.235712 -0.844224 0.481379
vn -0.439709 -0.000002 0.898141
vn -0.439709 -0.000002 0.898141
vn -0.631662 -0.000002 0.775244
vn -0.335896 -0.847098 0.411825
vn -0.000001 -0.000002 1.000000
vn -0.000000 0.841244 0.540655
vn -0.126132 0.849142 0.512882
vn -0.126132 0.849142 0.512882
vn -0.238196 -0.000002 0.971217
vn -0.000001 -0.000002 1.000000
vn -0.000000 0.841244 0.540655
vn 0.000001 0.883914 -0.467649
vn 0.115714 0.874117 -0.471730
vn 0.115714 0.874117 -0.471730
vn -0.126132 0.849142 0.512882
vn -0.000000 0.841244 0.540655
vn 0.000001 0.883914 -0.467649
vn -0.000002 -0.000002 -1.000000
vn 0.238842 -0.000002 -0.971058
vn 0.238842 -0.000002 -0.971058
vn 0.115714 0.874117 -0.471730
vn 0.000001 0.883914 -0.467649
vn 0.238842 -0.000002 -0.971058
vn -0.000002 -0.000002 -1.000000
vn 0.000001 -0.883915 -0.467647
vn 0.000001 -0.883915 -0.467647
vn 0.115713 -0.874118 -0.471728
vn 0.238842 -0.000002 -0.971058
vn 0.115713 -0.874118 -0.471728
vn 0.000001 -0.883915 -0.467647
vn -0.000000 -0.841246 0.540653
vn -0.000000 -0.841246 0.540653
vn -0.126131 -0.849144 0.512880
vn 0.115713 -0.874118 -0.471728
vn -0.126131 -0.849144 0.512880
vn -0.000000 -0.841246 0.540653
vn -0.000001 -0.000002 1.000000
vn -0.000001 -0.000002 1.000000
vn -0.238196 -0.000002 0.971217
vn -0.126131 -0.849144 0.512880
vn 0.439713 -0.000002 0.898138
vn 0.235707 0.844229 0.481372
vn 0.126131 0.849143 0.512881
vn 0.126131 0.849143 0.512881
vn 0.238196 -0.000002 0.971217
vn 0.439713 -0.000002 0.898138
vn 0.235707 0.844229 0.481372
vn -0.209125 0.879682 -0.427113
vn -0.115713 0.874112 -0.471740
vn -0.115713 0.874112 -0.471740
vn 0.126131 0.849143 0.512881
vn 0.235707 0.844229 0.481372
vn -0.209125 0.879682 -0.427113
vn -0.439807 -0.000002 -0.898092
vn -0.238846 -0.000002 -0.971058
vn -0.238846 -0.000002 -0.971058
vn -0.115713 0.874112 -0.471740
vn -0.209125 0.879682 -0.427113
vn -0.238846 -0.000002 -0.971058
vn -0.439807 -0.000002 -0.898092
vn -0.209125 -0.879683 -0.427112
vn -0.209125 -0.879683 -0.427112
vn -0.115712 -0.874113 -0.471738
vn -0.238846 -0.000002 -0.971058
vn -0.115712 -0.874113 -0.471738
vn -0.209125 -0.879683 -0.427112
vn 0.235706 -0.844230 0.481370
vn 0.235706 -0.844230 0.481370
vn 0.126131 -0.849144 0.512879
vn -0.115712 -0.874113 -0.471738
vn 0.126131 -0.849144 0.512879
vn 0.235706 -0.844230 0.481370
vn 0.439713 -0.000002 0.898138
vn 0.439713 -0.000002 0.898138
vn 0.238196 -0.000002 0.971217
vn 0.126131 -0.849144 0.512879
vn 0.780212 -0.000002 0.625515
vn 0.415151 0.846668 0.332872
vn 0.336930 0.846847 0.411496
vn 0.336930 0.846847 0.411496
vn 0.633041 -0.000002 0.774118
vn 0.780212 -0.000002 0.625515
vn 0.415151 0.846668 0.332872
vn -0.375940 0.876251 -0.301419
vn -0.304980 0.876292 -0.372959
vn -0.304980 0.876292 -0.372959
vn 0.336930 0.846847 0.411496
vn 0.415151 0.846668 0.332872
vn -0.375940 0.876251 -0.301419
vn -0.780165 -0.000002 -0.625574
vn -0.633524 -0.000002 -0.773723
vn -0.633524 -0.000002 -0.773723
vn -0.304980 0.876292 -0.372959
vn -0.375940 0.876251 -0.301419
vn -0.633524 -0.000002 -0.773723
vn -0.780165 -0.000002 -0.625574
vn -0.375939 -0.876252 -0.301418
vn -0.375939 -0.876252 -0.301418
vn -0.304979 -0.876294 -0.372958
vn -0.633524 -0.000002 -0.773723
vn -0.304979 -0.876294 -0.372958
vn -0.375939 -0.876252 -0.301418
vn 0.415149 -0.846669 0.332871
vn 0.415149 -0.846669 0.332871
vn 0.336929 -0.846848 0.411495
vn -0.304979 -0.876294 -0.372958
vn 0.336929 -0.846848 0.411495
vn 0.415149 -0.846669 0.332871
vn 0.780212 -0.000002 0.625515
vn 0.780212 -0.000002 0.625515
vn 0.633041 -0.000002 0.774118
vn 0.336929 -0.846848 0.411495
vn 0.974257 -0.000002 0.225440
vn 0.526627 0.841317 0.121857
vn 0.471142 0.848022 0.242661
vn 0.471142 0.848022 0.242661
vn 0.889552 -0.000002 0.456834
vn 0.974257 -0.000002 0.225440
vn 0.526627 0.841317 0.121857
vn -0.455880 0.883774 -0.105436
vn -0.430444 0.875136 -0.221032
vn -0.430444 0.875136 -0.221032
vn 0.471142 0.848022 0.242661
vn 0.526627 0.841317 0.121857
vn -0.455880 0.883774 -0.105436
vn -0.974286 -0.000002 -0.225315
vn -0.889035 -0.000002 -0.457839
vn -0.889035 -0.000002 -0.457839
vn -0.430444 0.875136 -0.221032
vn -0.455880 0.883774 -0.105436
vn -0.889035 -0.000002 -0.457839
vn -0.974286 -0.000002 -0.225315
vn -0.455878 -0.883775 -0.105436
vn -0.455878 -0.883775 -0.105436
vn -0.430442 -0.875137 -0.221031
vn -0.889035 -0.000002 -0.457839
vn -0.430442 -0.875137 -0.221031
vn -0.455878 -0.883775 -0.105436
vn 0.526625 -0.841318 0.121857
vn 0.526625 -0.841318 0.121857
vn 0.471141 -0.848023 0.242660
vn -0.430442 -0.875137 -0.221031
vn 0.471141 -0.848023 0.242660
vn 0.526625 -0.841318 0.121857
vn 0.974257 -0.000002 0.225440
vn 0.974257 -0.000002 0.225440
vn 0.889552 -0.000002 0.456834
vn 0.471141 -0.848023 0.242660
vn -0.000001 -0.000002 1.000000
vn 0.238196 -0.000002 0.971217
vn 0.126131 0.849143 0.512881
vn 0.126131 0.849143 0.512881
vn -0.000000 0.841244 0.540655
vn -0.000001 -0.000002 1.000000
vn -0.000000 0.841244 0.540655
vn 0.126131 0.849143 0.512881
vn -0.115713 0.874112 -0.471740
vn -0.115713 0.874112 -0.471740
vn 0.000001 0.883914 -0.467649
vn -0.000000 0.841244 0.540655
vn 0.000001 0.883914 -0.467649
vn -0.115713 0.874112 -0.471740
vn -0.238846 -0.000002 -0.971058
vn -0.238846 -0.000002 -0.971058
vn -0.000002 -0.000002 -1.000000
vn 0.000001 0.883914 -0.467649
vn -0.238846 -0.000002 -0.971058
vn -0.115712 -0.874113 -0.471738
vn 0.000001 -0.883915 -0.467647
vn 0.000001 -0.883915 -0.467647
vn -0.000002 -0.000002 -1.000000
vn -0.238846 -0.000002 -0.971058
vn -0.115712 -0.874113 -0.471738
vn 0.126131 -0.849144 0.512879
vn -0.000000 -0.841246 0.540653
vn -0.000000 -0.841246 0.540653
vn 0.000001 -0.883915 -0.467647
vn -0.115712 -0.874113 -0.471738
vn 0.126131 -0.849144 0.512879
vn 0.238196 -0.000002 0.971217
vn -0.000001 -0.000002 1.000000
vn -0.000001 -0.000002 1.000000
vn -0.000000 -0.841246 0.540653
vn 0.126131 -0.849144 0.512879
vn 0.439713 -0.000002 0.898138
vn 0.633041 -0.000002 0.774118
vn 0.336930 0.846847 0.411496
vn 0.336930 0.846847 0.411496
vn 0.235707 0.844229 0.481372
vn 0.439713 -0.000002 0.898138
vn 0.235707 0.844229 0.481372
vn 0.336930 0.846847 0.411496
vn -0.304980 0.876292 -0.372959
vn -0.304980 0.876292 -0.372959
vn -0.209125 0.879682 -0.427113
vn 0.235707 0.844229 0.481372
vn -0.209125 0.879682 -0.427113
vn -0.304980 0.876292 -0.372959
vn -0.633524 -0.000002 -0.773723
vn -0.633524 -0.000002 -0.773723
vn -0.439807 -0.000002 -0.898092
vn -0.209125 0.879682 -0.427113
vn -0.633524 -0.000002 -0.773723
vn -0.304979 -0.876294 -0.372958
vn -0.209125 -0.879683 -0.427112
vn -0.209125 -0.879683 -0.427112
vn -0.439807 -0.000002 -0.898092
vn -0.633524 -0.000002 -0.773723
vn -0.304979 -0.876294 -0.372958
vn 0.336929 -0.846848 0.411495
vn 0.235706 -0.844230 0.481370
vn 0.235706 -0.844230 0.481370
vn -0.209125 -0.879683 -0.427112
vn -0.304979 -0.876294 -0.372958
vn 0.336929 -0.846848 0.411495
vn 0.633041 -0.000002 0.774118
vn 0.439713 -0.000002 0.898138
vn 0.439713 -0.000002 0.898138
vn 0.235706 -0.844230 0.481370
vn 0.336929 -0.846848 0.411495
vn 0.974257 -0.000002 0.225440
vn 0.999924 -0.000002 -0.012361
vn 0.528152 0.849122 -0.006896
vn 0.528152 0.849122 -0.006896
vn 0.526627 0.841317 0.121857
vn 0.974257 -0.000002 0.225440
vn 0.526627 0.841317 0.121857
vn 0.528152 0.849122 -0.006896
vn -0.485701 0.874104 0.006007
vn -0.485701 0.874104 0.006007
vn -0.455880 0.883774 -0.105436
vn 0.526627 0.841317 0.121857
vn -0.455880 0.883774 -0.105436
vn -0.485701 0.874104 0.006007
vn -0.999915 -0.000002 0.013061
vn -0.999915 -0.000002 0.013061
vn -0.974286 -0.000002 -0.225315
vn -0.455880 0.883774 -0.105436
vn -0.999915 -0.000002 0.013061
vn -0.485699 -0.874105 0.006007
vn -0.455878 -0.883775 -0.105436
vn -0.455878 -0.883775 -0.105436
vn -0.974286 -0.000002 -0.225315
vn -0.999915 -0.000002 0.013061
vn -0.485699 -0.874105 0.006007
vn 0.528150 -0.849123 -0.006896
vn 0.526625 -0.841318 0.121857
vn 0.526625 -0.841318 0.121857
vn -0.455878 -0.883775 -0.105436
vn -0.485699 -0.874105 0.006007
vn 0.528150 -0.849123 -0.006896
vn 0.999924 -0.000002 -0.012361
vn 0.974257 -0.000002 0.225440
vn 0.974257 -0.000002 0.225440
vn 0.526625 -0.841318 0.121857
vn 0.528150 -0.849123 -0.006896
vn 0.973965 -0.000002 -0.226698
vn 0.894634 -0.000002 -0.446800
vn 0.476218 0.846463 -0.238155
vn 0.476218 0.846463 -0.238155
vn 0.522341 0.844032 -0.121534
vn 0.973965 -0.000002 -0.226698
vn 0.522341 0.844032 -0.121534
vn 0.476218 0.846463 -0.238155
vn -0.430275 0.876754 0.214862
vn -0.430275 0.876754 0.214862
vn -0.462839 0.879878 0.107675
vn 0.522341 0.844032 -0.121534
vn -0.462839 0.879878 0.107675
vn -0.430275 0.876754 0.214862
vn -0.894414 -0.000002 0.447239
vn -0.894414 -0.000002 0.447239
vn -0.974012 -0.000002 0.226495
vn -0.462839 0.879878 0.107675
vn -0.894414 -0.000002 0.447239
vn -0.430273 -0.876755 0.214861
vn -0.462837 -0.879879 0.107675
vn -0.462837 -0.879879 0.107675
vn -0.974012 -0.000002 0.226495
vn -0.894414 -0.000002 0.447239
vn -0.430273 -0.876755 0.214861
vn 0.476216 -0.846464 -0.238154
vn 0.522339 -0.844033 -0.121533
vn 0.522339 -0.844033 -0.121533
vn -0.462837 -0.879879 0.107675
vn -0.430273 -0.876755 0.214861
vn 0.476216 -0.846464 -0.238154
vn 0.894634 -0.000002 -0.446800
vn 0.973965 -0.000002 -0.226698
vn 0.973965 -0.000002 -0.226698
vn 0.522339 -0.844033 -0.121533
vn 0.476216 -0.846464 -0.238154
vn 0.438565 -0.000002 -0.898700
vn 0.214145 -0.000002 -0.976802
vn 0.112718 0.849139 -0.516002
vn 0.112718 0.849139 -0.516002
vn 0.237023 0.841486 -0.485511
vn 0.438565 -0.000002 -0.898700
vn 0.237023 0.841486 -0.485511
vn 0.112718 0.849139 -0.516002
vn -0.104046 0.874081 0.474507
vn -0.104046 0.874081 0.474507
vn -0.205377 0.883588 0.420823
vn 0.237023 0.841486 -0.485511
vn -0.205377 0.883588 0.420823
vn -0.104046 0.874081 0.474507
vn -0.213454 -0.000002 0.976953
vn -0.213454 -0.000002 0.976953
vn -0.438737 -0.000002 0.898616
vn -0.205377 0.883588 0.420823
vn -0.213454 -0.000002 0.976953
vn -0.104046 -0.874082 0.474505
vn -0.205377 -0.883589 0.420821
vn -0.205377 -0.883589 0.420821
vn -0.438737 -0.000002 0.898616
vn -0.213454 -0.000002 0.976953
vn -0.104046 -0.874082 0.474505
vn 0.112718 -0.849140 -0.516000
vn 0.237022 -0.841488 -0.485509
vn 0.237022 -0.841488 -0.485509
vn -0.205377 -0.883589 0.420821
vn -0.104046 -0.874082 0.474505
vn 0.112718 -0.849140 -0.516000
vn 0.214145 -0.000002 -0.976802
vn 0.438565 -0.000002 -0.898700
vn 0.438565 -0.000002 -0.898700
vn 0.237022 -0.841488 -0.485509
vn 0.112718 -0.849140 -0.516000
vn -0.001272 -0.000002 -0.999999
vn -0.225629 -0.000002 -0.974213
vn -0.119603 0.847798 -0.516657
vn -0.119603 0.847798 -0.516657
vn -0.000642 0.843887 -0.536521
vn -0.001272 -0.000002 -0.999999
vn -0.000642 0.843887 -0.536521
vn -0.119603 0.847798 -0.516657
vn 0.109071 0.875448 0.470845
vn 0.109071 0.875448 0.470845
vn 0.000606 0.880045 0.474889
vn -0.000642 0.843887 -0.536521
vn 0.000606 0.880045 0.474889
vn 0.109071 0.875448 0.470845
vn 0.225564 -0.000002 0.974228
vn 0.225564 -0.000002 0.974228
vn 0.001191 -0.000002 0.999999
vn 0.000606 0.880045 0.474889
vn 0.225564 -0.000002 0.974228
vn 0.109071 -0.875449 0.470843
vn 0.000606 -0.880046 0.474888
vn 0.000606 -0.880046 0.474888
vn 0.001191 -0.000002 0.999999
vn 0.225564 -0.000002 0.974228
vn 0.109071 -0.875449 0.470843
vn -0.119603 -0.847799 -0.516655
vn -0.000642 -0.843888 -0.536519
vn -0.000642 -0.843888 -0.536519
vn 0.000606 -0.880046 0.474888
vn 0.109071 -0.875449 0.470843
vn -0.119603 -0.847799 -0.516655
vn -0.225629 -0.000002 -0.974213
vn -0.001272 -0.000002 -0.999999
vn -0.001272 -0.000002 -0.999999
vn -0.000642 -0.843888 -0.536519
vn -0.119603 -0.847799 -0.516655
vn -0.439604 -0.000002 -0.898192
vn -0.634606 -0.000002 -0.772836
vn -0.337618 0.847044 -0.410524
vn -0.337618 0.847044 -0.410524
vn -0.235969 0.843782 -0.482027
vn -0.439604 -0.000002 -0.898192
vn -0.235969 0.843782 -0.482027
vn -0.337618 0.847044 -0.410524
vn 0.305995 0.876075 0.372640
vn 0.305995 0.876075 0.372640
vn 0.208592 0.880275 0.426152
vn -0.235969 0.843782 -0.482027
vn 0.208592 0.880275 0.426152
vn 0.305995 0.876075 0.372640
vn 0.635195 -0.000002 0.772352
vn 0.635195 -0.000002 0.772352
vn 0.439697 -0.000002 0.898146
vn 0.208592 0.880275 0.426152
vn 0.635195 -0.000002 0.772352
vn 0.305994 -0.876076 0.372638
vn 0.208591 -0.880276 0.426150
vn 0.208591 -0.880276 0.426150
vn 0.439697 -0.000002 0.898146
vn 0.635195 -0.000002 0.772352
vn 0.305994 -0.876076 0.372638
vn -0.337617 -0.847046 -0.410523
vn -0.235968 -0.843783 -0.482025
vn -0.235968 -0.843783 -0.482025
vn 0.208591 -0.880276 0.426150
vn 0.305994 -0.876076 0.372638
vn -0.337617 -0.847046 -0.410523
vn -0.634606 -0.000002 -0.772836
vn -0.439604 -0.000002 -0.898192
vn -0.439604 -0.000002 -0.898192
vn -0.235968 -0.843783 -0.482025
vn -0.337617 -0.847046 -0.410523
vn -0.974255 -0.000002 -0.225449
vn -0.999924 -0.000002 0.012353
vn -0.528152 0.849122 0.006891
vn -0.528152 0.849122 0.006891
vn -0.526615 0.841325 -0.121856
vn -0.974255 -0.000002 -0.225449
vn -0.526615 0.841325 -0.121856
vn -0.528152 0.849122 0.006891
vn 0.485712 0.874098 -0.006001
vn 0.485712 0.874098 -0.006001
vn 0.455883 0.883772 0.105442
vn -0.526615 0.841325 -0.121856
vn 0.455883 0.883772 0.105442
vn 0.485712 0.874098 -0.006001
vn 0.999915 -0.000002 -0.013045
vn 0.999915 -0.000002 -0.013045
vn 0.974284 -0.000002 0.225325
vn 0.455883 0.883772 0.105442
vn 0.999915 -0.000002 -0.013045
vn 0.485710 -0.874099 -0.006001
vn 0.455881 -0.883773 0.105442
vn 0.455881 -0.883773 0.105442
vn 0.974284 -0.000002 0.225325
vn 0.999915 -0.000002 -0.013045
vn 0.485710 -0.874099 -0.006001
vn -0.528150 -0.849123 0.006891
vn -0.526613 -0.841326 -0.121856
vn -0.526613 -0.841326 -0.121856
vn 0.455881 -0.883773 0.105442
vn 0.485710 -0.874099 -0.006001
vn -0.528150 -0.849123 0.006891
vn -0.999924 -0.000002 0.012353
vn -0.974255 -0.000002 -0.225449
vn -0.974255 -0.000002 -0.225449
vn -0.526613 -0.841326 -0.121856
vn -0.528150 -0.849123 0.006891
vn -0.973967 -0.000002 0.226692
vn -0.895428 -0.000002 0.445206
vn -0.476302 0.846723 0.237060
vn -0.476302 0.846723 0.237060
vn -0.522331 0.844039 0.121527
vn -0.973967 -0.000002 0.226692
vn -0.522331 0.844039 0.121527
vn -0.476302 0.846723 0.237060
vn 0.431087 0.876492 -0.214306
vn 0.431087 0.876492 -0.214306
vn 0.462852 0.879872 -0.107676
vn -0.522331 0.844039 0.121527
vn 0.462852 0.879872 -0.107676
vn 0.431087 0.876492 -0.214306
vn 0.895266 -0.000002 -0.445532
vn 0.895266 -0.000002 -0.445532
vn 0.974012 -0.000002 -0.226495
vn 0.462852 0.879872 -0.107676
vn 0.895266 -0.000002 -0.445532
vn 0.431085 -0.876493 -0.214305
vn 0.462850 -0.879873 -0.107675
vn 0.462850 -0.879873 -0.107675
vn 0.974012 -0.000002 -0.226495
vn 0.895266 -0.000002 -0.445532
vn 0.431085 -0.876493 -0.214305
vn -0.476300 -0.846724 0.237059
vn -0.522329 -0.844040 0.121527
vn -0.522329 -0.844040 0.121527
vn 0.462850 -0.879873 -0.107675
vn 0.431085 -0.876493 -0.214305
vn -0.476300 -0.846724 0.237059
vn -0.895428 -0.000002 0.445206
vn -0.973967 -0.000002 0.226692
vn -0.973967 -0.000002 0.226692
vn -0.522329 -0.844040 0.121527
vn -0.476300 -0.846724 0.237059
vn 0.780212 -0.000002 0.625515
vn 0.889552 -0.000002 0.456834
vn 0.471142 0.848022 0.242661
vn 0.471142 0.848022 0.242661
vn 0.415151 0.846668 0.332872
vn 0.780212 -0.000002 0.625515
vn 0.415151 0.846668 0.332872
vn 0.471142 0.848022 0.242661
vn -0.430444 0.875136 -0.221032
vn -0.430444 0.875136 -0.221032
vn -0.375940 0.876251 -0.301419
vn 0.415151 0.846668 0.332872
vn -0.375940 0.876251 -0.301419
vn -0.430444 0.875136 -0.221032
vn -0.889035 -0.000002 -0.457839
vn -0.889035 -0.000002 -0.457839
vn -0.780165 -0.000002 -0.625574
vn -0.375940 0.876251 -0.301419
vn -0.889035 -0.000002 -0.457839
vn -0.430442 -0.875137 -0.221031
vn -0.375939 -0.876252 -0.301418
vn -0.375939 -0.876252 -0.301418
vn -0.780165 -0.000002 -0.625574
vn -0.889035 -0.000002 -0.457839
vn -0.430442 -0.875137 -0.221031
vn 0.471141 -0.848023 0.242660
vn 0.415149 -0.846669 0.332871
vn 0.415149 -0.846669 0.332871
vn -0.375939 -0.876252 -0.301418
vn -0.430442 -0.875137 -0.221031
vn 0.471141 -0.848023 0.242660
vn 0.889552 -0.000002 0.456834
vn 0.780212 -0.000002 0.625515
vn 0.780212 -0.000002 0.625515
vn 0.415149 -0.846669 0.332871
vn 0.471141 -0.848023 0.242660
vn -0.780227 -0.000002 -0.625497
vn -0.889423 -0.000002 -0.457084
vn -0.471110 0.847995 -0.242816
vn -0.471110 0.847995 -0.242816
vn -0.415058 0.846750 -0.332777
vn -0.780227 -0.000002 -0.625497
vn -0.415058 0.846750 -0.332777
vn -0.471110 0.847995 -0.242816
vn 0.430303 0.875186 0.221108
vn 0.430303 0.875186 0.221108
vn 0.376074 0.876162 0.301510
vn -0.415058 0.846750 -0.332777
vn 0.376074 0.876162 0.301510
vn 0.430303 0.875186 0.221108
vn 0.888904 -0.000002 0.458094
vn 0.888904 -0.000002 0.458094
vn 0.780183 -0.000002 0.625551
vn 0.376074 0.876162 0.301510
vn 0.888904 -0.000002 0.458094
vn 0.430302 -0.875187 0.221107
vn 0.376072 -0.876163 0.301509
vn 0.376072 -0.876163 0.301509
vn 0.780183 -0.000002 0.625551
vn 0.888904 -0.000002 0.458094
vn 0.430302 -0.875187 0.221107
vn -0.471108 -0.847996 -0.242815
vn -0.415057 -0.846752 -0.332776
vn -0.415057 -0.846752 -0.332776
vn 0.376072 -0.876163 0.301509
vn 0.430302 -0.875187 0.221107
vn -0.471108 -0.847996 -0.242815
vn -0.889423 -0.000002 -0.457084
vn -0.780227 -0.000002 -0.625497
vn -0.780227 -0.000002 -0.625497
vn -0.415057 -0.846752 -0.332776
vn -0.471108 -0.847996 -0.242815
vn -0.439709 -0.000002 0.898141
vn -0.238196 -0.000002 0.971217
vn -0.126132 0.849142 0.512882
vn -0.126132 0.849142 0.512882
vn -0.235713 0.844223 0.481381
vn -0.439709 -0.000002 0.898141
vn -0.235713 0.844223 0.481381
vn -0.126132 0.849142 0.512882
vn 0.115714 0.874117 -0.471730
vn 0.115714 0.874117 -0.471730
vn 0.209124 0.879686 -0.427106
vn -0.235713 0.844223 0.481381
vn 0.209124 0.879686 -0.427106
vn 0.115714 0.874117 -0.471730
vn 0.238842 -0.000002 -0.971058
vn 0.238842 -0.000002 -0.971058
vn 0.439806 -0.000002 -0.898093
vn 0.209124 0.879686 -0.427106
vn 0.238842 -0.000002 -0.971058
vn 0.115713 -0.874118 -0.471728
vn 0.209123 -0.879687 -0.427104
vn 0.209123 -0.879687 -0.427104
vn 0.439806 -0.000002 -0.898093
vn 0.238842 -0.000002 -0.971058
vn 0.115713 -0.874118 -0.471728
vn -0.126131 -0.849144 0.512880
vn -0.235712 -0.844224 0.481379
vn -0.235712 -0.844224 0.481379
vn 0.209123 -0.879687 -0.427104
vn 0.115713 -0.874118 -0.471728
vn -0.126131 -0.849144 0.512880
vn -0.238196 -0.000002 0.971217
vn -0.439709 -0.000002 0.898141
vn -0.439709 -0.000002 0.898141
vn -0.235712 -0.844224 0.481379
vn -0.126131 -0.849144 0.512880
vn -0.780297 -0.000002 0.625409
vn -0.631662 -0.000002 0.775244
vn -0.335897 0.847097 0.411826
vn -0.335897 0.847097 0.411826
vn -0.415721 0.846243 0.333240
vn -0.780297 -0.000002 0.625409
vn -0.415721 0.846243 0.333240
vn -0.335897 0.847097 0.411826
vn 0.304608 0.876047 -0.373838
vn 0.304608 0.876047 -0.373838
vn 0.375117 0.876859 -0.300673
vn -0.415721 0.846243 0.333240
vn 0.375117 0.876859 -0.300673
vn 0.304608 0.876047 -0.373838
vn 0.632063 -0.000002 -0.774917
vn 0.632063 -0.000002 -0.774917
vn 0.780243 -0.000002 -0.625476
vn 0.375117 0.876859 -0.300673
vn 0.632063 -0.000002 -0.774917
vn 0.304607 -0.876048 -0.373836
vn 0.375116 -0.876860 -0.300672
vn 0.375116 -0.876860 -0.300672
vn 0.780243 -0.000002 -0.625476
vn 0.632063 -0.000002 -0.774917
vn 0.304607 -0.876048 -0.373836
vn -0.335896 -0.847098 0.411825
vn -0.415720 -0.846244 0.333239
vn -0.415720 -0.846244 0.333239
vn 0.375116 -0.876860 -0.300672
vn 0.304607 -0.876048 -0.373836
vn -0.335896 -0.847098 0.411825
vn -0.631662 -0.000002 0.775244
vn -0.780297 -0.000002 0.625409
vn -0.780297 -0.000002 0.625409
vn -0.415720 -0.846244 0.333239
vn -0.335896 -0.847098 0.411825
vn 0.780372 -0.000002 -0.625316
vn 0.641790 -0.000002 -0.766880
vn 0.340206 0.848425 -0.405505
vn 0.340206 0.848425 -0.405505
vn 0.415211 0.846685 -0.332754
vn 0.780372 -0.000002 -0.625316
vn 0.415211 0.846685 -0.332754
vn 0.340206 0.848425 -0.405505
vn -0.311088 0.874669 0.371723
vn -0.311088 0.874669 0.371723
vn -0.376008 0.876256 0.301318
vn 0.415211 0.846685 -0.332754
vn -0.376008 0.876256 0.301318
vn -0.311088 0.874669 0.371723
vn -0.642728 -0.000002 0.766095
vn -0.642728 -0.000002 0.766095
vn -0.780309 -0.000002 0.625394
vn -0.376008 0.876256 0.301318
vn -0.642728 -0.000002 0.766095
vn -0.311087 -0.874670 0.371722
vn -0.376007 -0.876257 0.301317
vn -0.376007 -0.876257 0.301317
vn -0.780309 -0.000002 0.625394
vn -0.642728 -0.000002 0.766095
vn -0.311087 -0.874670 0.371722
vn 0.340205 -0.848426 -0.405504
vn 0.415209 -0.846686 -0.332753
vn 0.415209 -0.846686 -0.332753
vn -0.376007 -0.876257 0.301317
vn -0.311087 -0.874670 0.371722
vn 0.340205 -0.848426 -0.405504
vn 0.641790 -0.000002 -0.766880
vn 0.780372 -0.000002 -0.625316
vn 0.780372 -0.000002 -0.625316
vn 0.415209 -0.846686 -0.332753
vn 0.340205 -0.848426 -0.405504
vn 0.867185 0.019060 -0.497621
vn 0.999828 -0.018351 0.002850
vn 0.999824 -0.018552 0.002792
vn 0.999824 -0.018552 0.002792
vn 0.866818 0.036886 -0.497259
vn 0.867185 0.019060 -0.497621
vn 0.500835 0.046619 -0.864286
vn 0.867185 0.019060 -0.497621
vn 0.866818 0.036886 -0.497259
vn 0.866818 0.036886 -0.497259
vn 0.499984 0.077616 -0.862549
vn 0.500835 0.046619 -0.864286
vn -0.000008 0.056726 -0.998390
vn 0.500835 0.046619 -0.864286
vn 0.499984 0.077616 -0.862549
vn 0.499984 0.077616 -0.862549
vn -0.000009 0.092510 -0.995712
vn -0.000008 0.056726 -0.998390
vn -0.500850 0.046617 -0.864278
vn -0.000008 0.056726 -0.998390
vn -0.000009 0.092510 -0.995712
vn -0.000009 0.092510 -0.995712
vn -0.500009 0.077615 -0.862535
vn -0.500850 0.046617 -0.864278
vn -0.867190 0.019059 -0.497613
vn -0.500850 0.046617 -0.864278
vn -0.500009 0.077615 -0.862535
vn -0.500009 0.077615 -0.862535
vn -0.866819 0.036887 -0.497256
vn -0.867190 0.019059 -0.497613
vn -0.999828 -0.018350 0.002854
vn -0.867190 0.019059 -0.497613
vn -0.866819 0.036887 -0.497256
vn -0.866819 0.036887 -0.497256
vn -0.999824 -0.018552 0.002792
vn -0.999828 -0.018350 0.002854
vn -0.863548 -0.055354 0.501219
vn -0.999828 -0.018350 0.002854
vn -0.999824 -0.018552 0.002792
vn -0.999824 -0.018552 0.002792
vn -0.862670 -0.073338 0.500421
vn -0.863548 -0.055354 0.501219
vn -0.497218 -0.082108 0.863732
vn -0.863548 -0.055354 0.501219
vn -0.862670 -0.073338 0.500421
vn -0.862670 -0.073338 0.500421
vn -0.495926 -0.112785 0.861009
vn -0.497218 -0.082108 0.863732
vn -0.000008 -0.091817 0.995776
vn -0.497218 -0.082108 0.863732
vn -0.495926 -0.112785 0.861009
vn -0.495926 -0.112785 0.861009
vn -0.000006 -0.127051 0.991896
vn -0.000008 -0.091817 0.995776
vn 0.497196 -0.082109 0.863744
vn -0.000008 -0.091817 0.995776
vn -0.000006 -0.127051 0.991896
vn -0.000006 -0.127051 0.991896
vn 0.495896 -0.112788 0.861026
vn 0.497196 -0.082109 0.863744
vn 0.863541 -0.055356 0.501231
vn 0.497196 -0.082109 0.863744
vn 0.495896 -0.112788 0.861026
vn 0.495896 -0.112788 0.861026
vn 0.862664 -0.073340 0.500432
vn 0.863541 -0.055356 0.501231
vn 0.999828 -0.018351 0.002850
vn 0.863541 -0.055356 0.501231
vn 0.862664 -0.073340 0.500432
vn 0.862664 -0.073340 0.500432
vn 0.999824 -0.018552 0.002792
vn 0.999828 -0.018351 0.002850
vn 0.000000 -1.000000 -0.000000
vn 0.000000 -1.000000 -0.000000
vn 0.000000 -1.000000 -0.000000
vn 0.000000 -1.000000 -0.000000
vn 0.000000 -1.000000 -0.000000
vn 0.000000 -1.000000 -0.000000
vn 0.000000 -1.000000 -0.000000
vn 0.000000 -1.000000 -0.000000
vn 0.000000 -1.000000 -0.000000
vn 0.000000 -1.000000 -0.000000
vn 0.000000 -1.000000 -0.000000
vn 0.000000 -1.000000 -0.000000
vn 0.000000 -1.000000 -0.000000
vn 0.000000 -1.000000 -0.000000
vn 0.000000 -1.000000 -0.000000
vn 0.000000 -1.000000 -0.000000
vn 0.000000 -1.000000 -0.000000
vn 0.000000 -1.000000 -0.000000
vn 0.000000 -1.000000 -0.000000
vn 0.000000 -1.000000 -0.000000
vn 0.000000 -1.000000 -0.000000
vn 0.000000 -1.000000 -0.000000
vn 0.000000 -1.000000 -0.000000
vn 0.000000 -1.000000 -0.000000
vn 0.000000 -1.000000 -0.000000
vn 0.000000 -1.000000 -0.000000
vn 0.000000 -1.000000 -0.000000
vn 0.000000 -1.000000 -0.000000
vn 0.000000 -1.000000 -0.000000
vn 0.000000 -1.000000 -0.000000
vn -0.000000 1.000000 0.000001
vn -0.000001 1.000000 -0.000000
vn 0.000000 1.000000 0.000000
vn 0.000000 1.000000 0.000000
vn 0.000000 1.000000 0.000000
vn -0.000000 1.000000 0.000001
vn 0.000002 1.000000 0.000002
vn 0.000001 1.000000 -0.000000
vn -0.000000 1.000000 0.000001
vn -0.000000 1.000000 0.000001
vn 0.000000 1.000000 0.000000
vn 0.000002 1.000000 0.000002
vn 0.000002 1.000000 0.000002
vn 0.000009 1.000000 0.000002
vn 0.000001 1.000000 -0.000000
vn -0.000001 1.000000 -0.000003
vn -0.000001 1.000000 -0.000000
vn 0.000001 1.000000 -0.000000
vn 0.000001 1.000000 -0.000000
vn 0.000002 1.000000 -0.000009
vn -0.000001 1.000000 -0.000003
vn -0.000001 1.000000 -0.000003
vn 0.000000 1.000000 0.000000
vn -0.000001 1.000000 -0.000000
vn -0.000000 1.000000 0.000001
vn 0.000001 1.000000 -0.000000
vn -0.000001 1.000000 -0.000000
vn 0.000000 1.000000 0.000000
vn 0.000000 1.000000 0.000000
vn -0.000001 1.000000 -0.000000
vn 0.861544 -0.043900 -0.505782
vn 0.999796 -0.018350 -0.008426
vn 0.999839 -0.017718 0.003000
vn 0.999839 -0.017718 0.003000
vn 0.866819 -0.034499 -0.497429
vn 0.861544 -0.043900 -0.505782
vn 0.866819 -0.034499 -0.497429
vn 0.999839 -0.017718 0.003000
vn 0.999835 -0.017934 0.002958
vn 0.999835 -0.017934 0.002958
vn 0.867183 -0.016657 -0.497710
vn 0.866819 -0.034499 -0.497429
vn 0.867183 -0.016657 -0.497710
vn 0.999835 -0.017934 0.002958
vn 0.999831 -0.018145 0.002913
vn 0.999831 -0.018145 0.002913
vn 0.867304 0.001204 -0.497777
vn 0.867183 -0.016657 -0.497710
vn 0.867304 0.001204 -0.497777
vn 0.999831 -0.018145 0.002913
vn 0.999828 -0.018351 0.002850
vn 0.999828 -0.018351 0.002850
vn 0.867185 0.019060 -0.497621
vn 0.867304 0.001204 -0.497777
vn 0.999400 -0.011348 -0.032716
vn 0.848642 0.086814 -0.521795
vn 0.865368 0.072365 -0.495884
vn 0.865368 0.072365 -0.495884
vn 0.999817 -0.018933 0.002636
vn 0.999400 -0.011348 -0.032716
vn 0.999817 -0.018933 0.002636
vn 0.865368 0.072365 -0.495884
vn 0.866219 0.054661 -0.496666
vn 0.866219 0.054661 -0.496666
vn 0.999821 -0.018746 0.002712
vn 0.999817 -0.018933 0.002636
vn 0.999821 -0.018746 0.002712
vn 0.866219 0.054661 -0.496666
vn 0.866818 0.036886 -0.497259
vn 0.866818 0.036886 -0.497259
vn 0.999824 -0.018552 0.002792
vn 0.999821 -0.018746 0.002712
vn 0.495413 -0.062419 -0.866412
vn 0.861544 -0.043900 -0.505782
vn 0.866819 -0.034499 -0.497429
vn 0.866819 -0.034499 -0.497429
vn 0.500768 -0.046854 -0.864312
vn 0.495413 -0.062419 -0.866412
vn 0.500768 -0.046854 -0.864312
vn 0.866819 -0.034499 -0.497429
vn 0.867183 -0.016657 -0.497710
vn 0.867183 -0.016657 -0.497710
vn 0.501215 -0.015713 -0.865180
vn 0.500768 -0.046854 -0.864312
vn 0.501215 -0.015713 -0.865180
vn 0.867183 -0.016657 -0.497710
vn 0.867304 0.001204 -0.497777
vn 0.867304 0.001204 -0.497777
vn 0.501237 0.015477 -0.865172
vn 0.501215 -0.015713 -0.865180
vn 0.501237 0.015477 -0.865172
vn 0.867304 0.001204 -0.497777
vn 0.867185 0.019060 -0.497621
vn 0.867185 0.019060 -0.497621
vn 0.500835 0.046619 -0.864286
vn 0.501237 0.015477 -0.865172
vn 0.848642 0.086814 -0.521795
vn 0.480434 0.155427 -0.863149
vn 0.497075 0.138826 -0.856530
vn 0.497075 0.138826 -0.856530
vn 0.865368 0.072365 -0.495884
vn 0.848642 0.086814 -0.521795
vn 0.865368 0.072365 -0.495884
vn 0.497075 0.138826 -0.856530
vn 0.498749 0.108382 -0.859943
vn 0.498749 0.108382 -0.859943
vn 0.866219 0.054661 -0.496666
vn 0.865368 0.072365 -0.495884
vn 0.866219 0.054661 -0.496666
vn 0.498749 0.108382 -0.859943
vn 0.499984 0.077616 -0.862549
vn 0.499984 0.077616 -0.862549
vn 0.866818 0.036886 -0.497259
vn 0.866219 0.054661 -0.496666
vn -0.000006 -0.069155 -0.997606
vn 0.495413 -0.062419 -0.866412
vn 0.500768 -0.046854 -0.864312
vn 0.500768 -0.046854 -0.864312
vn -0.000006 -0.051391 -0.998679
vn -0.000006 -0.069155 -0.997606
vn -0.000006 -0.051391 -0.998679
vn 0.500768 -0.046854 -0.864312
vn 0.501215 -0.015713 -0.865180
vn 0.501215 -0.015713 -0.865180
vn -0.000007 -0.015366 -0.999882
vn -0.000006 -0.051391 -0.998679
vn -0.000007 -0.015366 -0.999882
vn 0.501215 -0.015713 -0.865180
vn 0.501237 0.015477 -0.865172
vn 0.501237 0.015477 -0.865172
vn -0.000006 0.020721 -0.999785
vn -0.000007 -0.015366 -0.999882
vn -0.000006 0.020721 -0.999785
vn 0.501237 0.015477 -0.865172
vn 0.500835 0.046619 -0.864286
vn 0.500835 0.046619 -0.864286
vn -0.000008 0.056726 -0.998390
vn -0.000006 0.020721 -0.999785
vn 0.480434 0.155427 -0.863149
vn -0.000012 0.179683 -0.983725
vn -0.000009 0.162885 -0.986645
vn -0.000009 0.162885 -0.986645
vn 0.497075 0.138826 -0.856530
vn 0.480434 0.155427 -0.863149
vn 0.497075 0.138826 -0.856530
vn -0.000009 0.162885 -0.986645
vn -0.000010 0.127940 -0.991782
vn -0.000010 0.127940 -0.991782
vn 0.498749 0.108382 -0.859943
vn 0.497075 0.138826 -0.856530
vn 0.498749 0.108382 -0.859943
vn -0.000010 0.127940 -0.991782
vn -0.000009 0.092510 -0.995712
vn -0.000009 0.092510 -0.995712
vn 0.499984 0.077616 -0.862549
vn 0.498749 0.108382 -0.859943
vn -0.495439 -0.062418 -0.866397
vn -0.000006 -0.069155 -0.997606
vn -0.000006 -0.051391 -0.998679
vn -0.000006 -0.051391 -0.998679
vn -0.500793 -0.046854 -0.864298
vn -0.495439 -0.062418 -0.866397
vn -0.500793 -0.046854 -0.864298
vn -0.000006 -0.051391 -0.998679
vn -0.000007 -0.015366 -0.999882
vn -0.000007 -0.015366 -0.999882
vn -0.501241 -0.015713 -0.865165
vn -0.500793 -0.046854 -0.864298
vn -0.501241 -0.015713 -0.865165
vn -0.000007 -0.015366 -0.999882
vn -0.000006 0.020721 -0.999785
vn -0.000006 0.020721 -0.999785
vn -0.501259 0.015477 -0.865159
vn -0.501241 -0.015713 -0.865165
vn -0.501259 0.015477 -0.865159
vn -0.000006 0.020721 -0.999785
vn -0.000008 0.056726 -0.998390
vn -0.000008 0.056726 -0.998390
vn -0.500850 0.046617 -0.864278
vn -0.501259 0.015477 -0.865159
vn -0.000012 0.179683 -0.983725
vn -0.480445 0.155426 -0.863143
vn -0.497088 0.138825 -0.856523
vn -0.497088 0.138825 -0.856523
vn -0.000009 0.162885 -0.986645
vn -0.000012 0.179683 -0.983725
vn -0.000009 0.162885 -0.986645
vn -0.497088 0.138825 -0.856523
vn -0.498767 0.108380 -0.859933
vn -0.498767 0.108380 -0.859933
vn -0.000010 0.127940 -0.991782
vn -0.000009 0.162885 -0.986645
vn -0.000010 0.127940 -0.991782
vn -0.498767 0.108380 -0.859933
vn -0.500009 0.077615 -0.862535
vn -0.500009 0.077615 -0.862535
vn -0.000009 0.092510 -0.995712
vn -0.000010 0.127940 -0.991782
vn -0.861546 -0.043899 -0.505777
vn -0.495439 -0.062418 -0.866397
vn -0.500793 -0.046854 -0.864298
vn -0.500793 -0.046854 -0.864298
vn -0.866822 -0.034498 -0.497424
vn -0.861546 -0.043899 -0.505777
vn -0.866822 -0.034498 -0.497424
vn -0.500793 -0.046854 -0.864298
vn -0.501241 -0.015713 -0.865165
vn -0.501241 -0.015713 -0.865165
vn -0.867184 -0.016656 -0.497708
vn -0.866822 -0.034498 -0.497424
vn -0.867184 -0.016656 -0.497708
vn -0.501241 -0.015713 -0.865165
vn -0.501259 0.015477 -0.865159
vn -0.501259 0.015477 -0.865159
vn -0.867306 0.001205 -0.497774
vn -0.867184 -0.016656 -0.497708
vn -0.867306 0.001205 -0.497774
vn -0.501259 0.015477 -0.865159
vn -0.500850 0.046617 -0.864278
vn -0.500850 0.046617 -0.864278
vn -0.867190 0.019059 -0.497613
vn -0.867306 0.001205 -0.497774
vn -0.480445 0.155426 -0.863143
vn -0.848643 0.086813 -0.521794
vn -0.865371 0.072364 -0.495879
vn -0.865371 0.072364 -0.495879
vn -0.497088 0.138825 -0.856523
vn -0.480445 0.155426 -0.863143
vn -0.498767 0.108380 -0.859933
vn -0.497088 0.138825 -0.856523
vn -0.865371 0.072364 -0.495879
vn -0.865371 0.072364 -0.495879
vn -0.866213 0.054664 -0.496676
vn -0.498767 0.108380 -0.859933
vn -0.498767 0.108380 -0.859933
vn -0.866213 0.054664 -0.496676
vn -0.866819 0.036887 -0.497256
vn -0.866819 0.036887 -0.497256
vn -0.500009 0.077615 -0.862535
vn -0.498767 0.108380 -0.859933
vn -0.999796 -0.018349 -0.008423
vn -0.861546 -0.043899 -0.505777
vn -0.866822 -0.034498 -0.497424
vn -0.866822 -0.034498 -0.497424
vn -0.999839 -0.017718 0.003006
vn -0.999796 -0.018349 -0.008423
vn -0.999839 -0.017718 0.003006
vn -0.866822 -0.034498 -0.497424
vn -0.867184 -0.016656 -0.497708
vn -0.867184 -0.016656 -0.497708
vn -0.999835 -0.017933 0.002967
vn -0.999839 -0.017718 0.003006
vn -0.999835 -0.017933 0.002967
vn -0.867184 -0.016656 -0.497708
vn -0.867306 0.001205 -0.497774
vn -0.867306 0.001205 -0.497774
vn -0.999831 -0.018144 0.002914
vn -0.999835 -0.017933 0.002967
vn -0.999831 -0.018144 0.002914
vn -0.867306 0.001205 -0.497774
vn -0.867190 0.019059 -0.497613
vn -0.867190 0.019059 -0.497613
vn -0.999828 -0.018350 0.002854
vn -0.999831 -0.018144 0.002914
vn -0.848643 0.086813 -0.521794
vn -0.999400 -0.011348 -0.032716
vn -0.999817 -0.018933 0.002636
vn -0.999817 -0.018933 0.002636
vn -0.865371 0.072364 -0.495879
vn -0.848643 0.086813 -0.521794
vn -0.865371 0.072364 -0.495879
vn -0.999817 -0.018933 0.002636
vn -0.999821 -0.018746 0.002717
vn -0.999821 -0.018746 0.002717
vn -0.866213 0.054664 -0.496676
vn -0.865371 0.072364 -0.495879
vn -0.866213 0.054664 -0.496676
vn -0.999821 -0.018746 0.002717
vn -0.999824 -0.018552 0.002792
vn -0.999824 -0.018552 0.002792
vn -0.866819 0.036887 -0.497256
vn -0.866213 0.054664 -0.496676
vn -0.869651 0.007453 0.493611
vn -0.999796 -0.018349 -0.008423
vn -0.999839 -0.017718 0.003006
vn -0.999839 -0.017718 0.003006
vn -0.864744 -0.001069 0.502212
vn -0.869651 0.007453 0.493611
vn -0.864744 -0.001069 0.502212
vn -0.999839 -0.017718 0.003006
vn -0.999835 -0.017933 0.002967
vn -0.999835 -0.017933 0.002967
vn -0.864586 -0.019195 0.502119
vn -0.864744 -0.001069 0.502212
vn -0.864586 -0.019195 0.502119
vn -0.999835 -0.017933 0.002967
vn -0.999831 -0.018144 0.002914
vn -0.999831 -0.018144 0.002914
vn -0.864183 -0.037299 0.501794
vn -0.864586 -0.019195 0.502119
vn -0.864183 -0.037299 0.501794
vn -0.999831 -0.018144 0.002914
vn -0.999828 -0.018350 0.002854
vn -0.999828 -0.018350 0.002854
vn -0.863548 -0.055354 0.501219
vn -0.864183 -0.037299 0.501794
vn -0.999400 -0.011348 -0.032716
vn -0.874548 -0.112418 0.471729
vn -0.860210 -0.108988 0.498158
vn -0.860210 -0.108988 0.498158
vn -0.999817 -0.018933 0.002636
vn -0.999400 -0.011348 -0.032716
vn -0.999817 -0.018933 0.002636
vn -0.860210 -0.108988 0.498158
vn -0.861553 -0.091226 0.499405
vn -0.861553 -0.091226 0.499405
vn -0.999821 -0.018746 0.002717
vn -0.999817 -0.018933 0.002636
vn -0.999821 -0.018746 0.002717
vn -0.861553 -0.091226 0.499405
vn -0.862670 -0.073338 0.500421
vn -0.862670 -0.073338 0.500421
vn -0.999824 -0.018552 0.002792
vn -0.999821 -0.018746 0.002717
vn -0.503514 0.026475 0.863582
vn -0.869651 0.007453 0.493611
vn -0.864744 -0.001069 0.502212
vn -0.864744 -0.001069 0.502212
vn -0.498704 0.011024 0.866702
vn -0.503514 0.026475 0.863582
vn -0.498704 0.011024 0.866702
vn -0.864744 -0.001069 0.502212
vn -0.864586 -0.019195 0.502119
vn -0.864586 -0.019195 0.502119
vn -0.498632 -0.020110 0.866581
vn -0.498704 0.011024 0.866702
vn -0.498632 -0.020110 0.866581
vn -0.864586 -0.019195 0.502119
vn -0.864183 -0.037299 0.501794
vn -0.864183 -0.037299 0.501794
vn -0.498117 -0.051187 0.865598
vn -0.498632 -0.020110 0.866581
vn -0.498117 -0.051187 0.865598
vn -0.864183 -0.037299 0.501794
vn -0.863548 -0.055354 0.501219
vn -0.863548 -0.055354 0.501219
vn -0.497218 -0.082108 0.863732
vn -0.498117 -0.051187 0.865598
vn -0.874548 -0.112418 0.471729
vn -0.505531 -0.186569 0.842396
vn -0.492147 -0.173062 0.853136
vn -0.492147 -0.173062 0.853136
vn -0.860210 -0.108988 0.498158
vn -0.874548 -0.112418 0.471729
vn -0.861553 -0.091226 0.499405
vn -0.860210 -0.108988 0.498158
vn -0.492147 -0.173062 0.853136
vn -0.492147 -0.173062 0.853136
vn -0.494219 -0.143133 0.857473
vn -0.861553 -0.091226 0.499405
vn -0.861553 -0.091226 0.499405
vn -0.494219 -0.143133 0.857473
vn -0.495926 -0.112785 0.861009
vn -0.495926 -0.112785 0.861009
vn -0.862670 -0.073338 0.500421
vn -0.861553 -0.091226 0.499405
vn -0.000006 0.033461 0.999440
vn -0.503514 0.026475 0.863582
vn -0.498704 0.011024 0.866702
vn -0.498704 0.011024 0.866702
vn -0.000006 0.015430 0.999881
vn -0.000006 0.033461 0.999440
vn -0.000006 0.015430 0.999881
vn -0.498704 0.011024 0.866702
vn -0.498632 -0.020110 0.866581
vn -0.498632 -0.020110 0.866581
vn -0.000006 -0.020445 0.999791
vn -0.000006 0.015430 0.999881
vn -0.000006 -0.020445 0.999791
vn -0.498632 -0.020110 0.866581
vn -0.498117 -0.051187 0.865598
vn -0.498117 -0.051187 0.865598
vn -0.000006 -0.056239 0.998417
vn -0.000006 -0.020445 0.999791
vn -0.000006 -0.056239 0.998417
vn -0.498117 -0.051187 0.865598
vn -0.497218 -0.082108 0.863732
vn -0.497218 -0.082108 0.863732
vn -0.000008 -0.091817 0.995776
vn -0.000006 -0.056239 0.998417
vn -0.505531 -0.186569 0.842396
vn -0.000011 -0.213461 0.976952
vn -0.000008 -0.195981 0.980608
vn -0.000008 -0.195981 0.980608
vn -0.492147 -0.173062 0.853136
vn -0.505531 -0.186569 0.842396
vn -0.494219 -0.143133 0.857473
vn -0.492147 -0.173062 0.853136
vn -0.000008 -0.195981 0.980608
vn -0.000008 -0.195981 0.980608
vn -0.000009 -0.161810 0.986822
vn -0.494219 -0.143133 0.857473
vn -0.494219 -0.143133 0.857473
vn -0.000009 -0.161810 0.986822
vn -0.000006 -0.127051 0.991896
vn -0.000006 -0.127051 0.991896
vn -0.495926 -0.112785 0.861009
vn -0.494219 -0.143133 0.857473
vn 0.503476 0.026476 0.863603
vn -0.000006 0.033461 0.999440
vn -0.000006 0.015430 0.999881
vn -0.000006 0.015430 0.999881
vn 0.498668 0.011026 0.866723
vn 0.503476 0.026476 0.863603
vn 0.498668 0.011026 0.866723
vn -0.000006 0.015430 0.999881
vn -0.000006 -0.020445 0.999791
vn -0.000006 -0.020445 0.999791
vn 0.498587 -0.020111 0.866606
vn 0.498668 0.011026 0.866723
vn 0.498587 -0.020111 0.866606
vn -0.000006 -0.020445 0.999791
vn -0.000006 -0.056239 0.998417
vn -0.000006 -0.056239 0.998417
vn 0.498093 -0.051188 0.865612
vn 0.498587 -0.020111 0.866606
vn 0.498093 -0.051188 0.865612
vn -0.000006 -0.056239 0.998417
vn -0.000008 -0.091817 0.995776
vn -0.000008 -0.091817 0.995776
vn 0.497196 -0.082109 0.863744
vn 0.498093 -0.051188 0.865612
vn -0.000011 -0.213461 0.976952
vn 0.505518 -0.186569 0.842403
vn 0.492133 -0.173064 0.853144
vn 0.492133 -0.173064 0.853144
vn -0.000008 -0.195981 0.980608
vn -0.000011 -0.213461 0.976952
vn -0.000008 -0.195981 0.980608
vn 0.492133 -0.173064 0.853144
vn 0.494192 -0.143134 0.857489
vn 0.494192 -0.143134 0.857489
vn -0.000009 -0.161810 0.986822
vn -0.000008 -0.195981 0.980608
vn -0.000009 -0.161810 0.986822
vn 0.494192 -0.143134 0.857489
vn 0.495896 -0.112788 0.861026
vn 0.495896 -0.112788 0.861026
vn -0.000006 -0.127051 0.991896
vn -0.000009 -0.161810 0.986822
vn 0.869645 0.007453 0.493621
vn 0.503476 0.026476 0.863603
vn 0.498668 0.011026 0.866723
vn 0.498668 0.011026 0.866723
vn 0.864736 -0.001069 0.502226
vn 0.869645 0.007453 0.493621
vn 0.864736 -0.001069 0.502226
vn 0.498668 0.011026 0.866723
vn 0.498587 -0.020111 0.866606
vn 0.498587 -0.020111 0.866606
vn 0.864577 -0.019197 0.502134
vn 0.864736 -0.001069 0.502226
vn 0.864577 -0.019197 0.502134
vn 0.498587 -0.020111 0.866606
vn 0.498093 -0.051188 0.865612
vn 0.498093 -0.051188 0.865612
vn 0.864181 -0.037301 0.501797
vn 0.864577 -0.019197 0.502134
vn 0.864181 -0.037301 0.501797
vn 0.498093 -0.051188 0.865612
vn 0.497196 -0.082109 0.863744
vn 0.497196 -0.082109 0.863744
vn 0.863541 -0.055356 0.501231
vn 0.864181 -0.037301 0.501797
vn 0.505518 -0.186569 0.842403
vn 0.874548 -0.112418 0.471728
vn 0.860207 -0.108990 0.498162
vn 0.860207 -0.108990 0.498162
vn 0.492133 -0.173064 0.853144
vn 0.505518 -0.186569 0.842403
vn 0.492133 -0.173064 0.853144
vn 0.860207 -0.108990 0.498162
vn 0.861554 -0.091226 0.499402
vn 0.861554 -0.091226 0.499402
vn 0.494192 -0.143134 0.857489
vn 0.492133 -0.173064 0.853144
vn 0.494192 -0.143134 0.857489
vn 0.861554 -0.091226 0.499402
vn 0.862664 -0.073340 0.500432
vn 0.862664 -0.073340 0.500432
vn 0.495896 -0.112788 0.861026
vn 0.494192 -0.143134 0.857489
vn 0.999796 -0.018350 -0.008426
vn 0.869645 0.007453 0.493621
vn 0.864736 -0.001069 0.502226
vn 0.864736 -0.001069 0.502226
vn 0.999839 -0.017718 0.003000
vn 0.999796 -0.018350 -0.008426
vn 0.999839 -0.017718 0.003000
vn 0.864736 -0.001069 0.502226
vn 0.864577 -0.019197 0.502134
vn 0.864577 -0.019197 0.502134
vn 0.999835 -0.017934 0.002958
vn 0.999839 -0.017718 0.003000
vn 0.999835 -0.017934 0.002958
vn 0.864577 -0.019197 0.502134
vn 0.864181 -0.037301 0.501797
vn 0.864181 -0.037301 0.501797
vn 0.999831 -0.018145 0.002913
vn 0.999835 -0.017934 0.002958
vn 0.999831 -0.018145 0.002913
vn 0.864181 -0.037301 0.501797
vn 0.863541 -0.055356 0.501231
vn 0.863541 -0.055356 0.501231
vn 0.999828 -0.018351 0.002850
vn 0.999831 -0.018145 0.002913
vn 0.874548 -0.112418 0.471728
vn 0.999400 -0.011348 -0.032716
vn 0.999817 -0.018933 0.002636
vn 0.999817 -0.018933 0.002636
vn 0.860207 -0.108990 0.498162
vn 0.874548 -0.112418 0.471728
vn 0.861554 -0.091226 0.499402
vn 0.860207 -0.108990 0.498162
vn 0.999817 -0.018933 0.002636
vn 0.999817 -0.018933 0.002636
vn 0.999821 -0.018746 0.002712
vn 0.861554 -0.091226 0.499402
vn 0.861554 -0.091226 0.499402
vn 0.999821 -0.018746 0.002712
vn 0.999824 -0.018552 0.002792
vn 0.999824 -0.018552 0.002792
vn 0.862664 -0.073340 0.500432
vn 0.861554 -0.091226 0.499402
vn -0.002643 0.019059 0.999815
vn -0.502381 -0.018352 0.864452
vn -0.502335 -0.018552 0.864474
vn -0.502335 -0.018552 0.864474
vn -0.002774 0.036886 0.999316
vn -0.002643 0.019059 0.999815
vn 0.498080 0.046618 0.865877
vn -0.002643 0.019059 0.999815
vn -0.002774 0.036886 0.999316
vn -0.002774 0.036886 0.999316
vn 0.496992 0.077616 0.864277
vn 0.498080 0.046618 0.865877
vn 0.864640 0.056725 0.499180
vn 0.498080 0.046618 0.865877
vn 0.496992 0.077616 0.864277
vn 0.496992 0.077616 0.864277
vn 0.862318 0.092511 0.497844
vn 0.864640 0.056725 0.499180
vn 0.998912 0.046617 -0.001604
vn 0.864640 0.056725 0.499180
vn 0.862318 0.092511 0.497844
vn 0.862318 0.092511 0.497844
vn 0.996982 0.077616 -0.001750
vn 0.998912 0.046617 -0.001604
vn 0.864545 0.019060 -0.502193
vn 0.998912 0.046617 -0.001604
vn 0.996982 0.077616 -0.001750
vn 0.996982 0.077616 -0.001750
vn 0.864045 0.036886 -0.502062
vn 0.864545 0.019060 -0.502193
vn 0.497441 -0.018351 -0.867304
vn 0.864545 0.019060 -0.502193
vn 0.864045 0.036886 -0.502062
vn 0.864045 0.036886 -0.502062
vn 0.497490 -0.018553 -0.867271
vn 0.497441 -0.018351 -0.867304
vn -0.002293 -0.055354 -0.998464
vn 0.497441 -0.018351 -0.867304
vn 0.497490 -0.018553 -0.867271
vn 0.497490 -0.018553 -0.867271
vn -0.002043 -0.073337 -0.997305
vn -0.002293 -0.055354 -0.998464
vn -0.499399 -0.082108 -0.862473
vn -0.002293 -0.055354 -0.998464
vn -0.002043 -0.073337 -0.997305
vn -0.002043 -0.073337 -0.997305
vn -0.497694 -0.112785 -0.859989
vn -0.499399 -0.082108 -0.862473
vn -0.862362 -0.091817 -0.497897
vn -0.499399 -0.082108 -0.862473
vn -0.497694 -0.112785 -0.859989
vn -0.497694 -0.112785 -0.859989
vn -0.859005 -0.127052 -0.495952
vn -0.862362 -0.091817 -0.497897
vn -0.996623 -0.082109 -0.001284
vn -0.862362 -0.091817 -0.497897
vn -0.859005 -0.127052 -0.495952
vn -0.859005 -0.127052 -0.495952
vn -0.993619 -0.112788 -0.001054
vn -0.996623 -0.082109 -0.001284
vn -0.865848 -0.055357 0.497236
vn -0.996623 -0.082109 -0.001284
vn -0.993619 -0.112788 -0.001054
vn -0.993619 -0.112788 -0.001054
vn -0.864725 -0.073341 0.496863
vn -0.865848 -0.055357 0.497236
vn -0.502381 -0.018352 0.864452
vn -0.865848 -0.055357 0.497236
vn -0.864725 -0.073341 0.496863
vn -0.864725 -0.073341 0.496863
vn -0.502335 -0.018552 0.864474
vn -0.502381 -0.018352 0.864452
vn 0.000000 -1.000000 -0.000000
vn 0.000000 -1.000000 -0.000000
vn 0.000000 -1.000000 -0.000000
vn 0.000000 -1.000000 -0.000000
vn 0.000000 -1.000000 -0.000000
vn 0.000000 -1.000000 -0.000000
vn 0.000000 -1.000000 -0.000000
vn 0.000000 -1.000000 -0.000000
vn 0.000000 -1.000000 -0.000000
vn 0.000000 -1.000000 -0.000000
vn 0.000000 -1.000000 -0.000000
vn 0.000000 -1.000000 -0.000000
vn 0.000000 -1.000000 -0.000000
vn 0.000000 -1.000000 -0.000000
vn 0.000000 -1.000000 -0.000000
vn 0.000000 -1.000000 -0.000000
vn 0.000000 -1.000000 -0.000000
vn 0.000000 -1.000000 -0.000000
vn 0.000000 -1.000000 -0.000000
vn 0.000000 -1.000000 -0.000000
vn 0.000000 -1.000000 -0.000000
vn 0.000000 -1.000000 -0.000000
vn 0.000000 -1.000000 -0.000000
vn 0.000000 -1.000000 -0.000000
vn 0.000000 -1.000000 -0.000000
vn 0.000000 -1.000000 -0.000000
vn 0.000000 -1.000000 -0.000000
vn 0.000000 -1.000000 -0.000000
vn 0.000000 -1.000000 -0.000000
vn 0.000000 -1.000000 -0.000000
vn -0.000001 1.000000 -0.000001
vn 0.000001 1.000000 -0.000001
vn 0.000000 1.000000 0.000000
vn 0.000000 1.000000 0.000000
vn 0.000000 1.000000 0.000000
vn -0.000001 1.000000 -0.000001
vn -0.000003 1.000000 0.000001
vn -0.000000 1.000000 0.000001
vn -0.000001 1.000000 -0.000001
vn -0.000001 1.000000 -0.000001
vn 0.000000 1.000000 0.000000
vn -0.000003 1.000000 0.000001
vn -0.000003 1.000000 0.000001
vn -0.000007 1.000000 0.000007
vn -0.000000 1.000000 0.000001
vn 0.000003 1.000000 0.000001
vn 0.000001 1.000000 -0.000001
vn -0.000000 1.000000 0.000001
vn -0.000000 1.000000 0.000001
vn 0.000007 1.000000 0.000007
vn 0.000003 1.000000 0.000001
vn 0.000003 1.000000 0.000001
vn 0.000000 1.000000 0.000000
vn 0.000001 1.000000 -0.000001
vn -0.000001 1.000000 -0.000001
vn -0.000000 1.000000 0.000001
vn 0.000001 1.000000 -0.000001
vn 0.000000 1.000000 0.000000
vn 0.000000 1.000000 0.000000
vn 0.000001 1.000000 -0.000001
vn 0.007263 -0.043903 0.999009
vn -0.492607 -0.018351 0.870058
vn -0.502516 -0.017719 0.864386
vn -0.502516 -0.017719 0.864386
vn -0.002624 -0.034499 0.999401
vn 0.007263 -0.043903 0.999009
vn -0.002624 -0.034499 0.999401
vn -0.502516 -0.017719 0.864386
vn -0.502476 -0.017933 0.864405
vn -0.502476 -0.017933 0.864405
vn -0.002560 -0.016657 0.999858
vn -0.002624 -0.034499 0.999401
vn -0.002560 -0.016657 0.999858
vn -0.502476 -0.017933 0.864405
vn -0.502437 -0.018145 0.864423
vn -0.502437 -0.018145 0.864423
vn -0.002569 0.001204 0.999996
vn -0.002560 -0.016657 0.999858
vn -0.002569 0.001204 0.999996
vn -0.502437 -0.018145 0.864423
vn -0.502381 -0.018352 0.864452
vn -0.502381 -0.018352 0.864452
vn -0.002643 0.019059 0.999815
vn -0.002569 0.001204 0.999996
vn -0.471362 -0.011347 0.881867
vn 0.027551 0.086811 0.995844
vn -0.003239 0.072364 0.997373
vn -0.003239 0.072364 0.997373
vn -0.502181 -0.018932 0.864555
vn -0.471362 -0.011347 0.881867
vn -0.502181 -0.018932 0.864555
vn -0.003239 0.072364 0.997373
vn -0.002977 0.054662 0.998501
vn -0.002977 0.054662 0.998501
vn -0.502252 -0.018746 0.864518
vn -0.502181 -0.018932 0.864555
vn -0.502252 -0.018746 0.864518
vn -0.002977 0.054662 0.998501
vn -0.002774 0.036886 0.999316
vn -0.002774 0.036886 0.999316
vn -0.502335 -0.018552 0.864474
vn -0.502252 -0.018746 0.864518
vn 0.502635 -0.062419 0.862242
vn 0.007263 -0.043903 0.999009
vn -0.002624 -0.034499 0.999401
vn -0.002624 -0.034499 0.999401
vn 0.498135 -0.046854 0.865833
vn 0.502635 -0.062419 0.862242
vn 0.498135 -0.046854 0.865833
vn -0.002624 -0.034499 0.999401
vn -0.002560 -0.016657 0.999858
vn -0.002560 -0.016657 0.999858
vn 0.498664 -0.015712 0.866653
vn 0.498135 -0.046854 0.865833
vn 0.498664 -0.015712 0.866653
vn -0.002560 -0.016657 0.999858
vn -0.002569 0.001204 0.999996
vn -0.002569 0.001204 0.999996
vn 0.498648 0.015477 0.866667
vn 0.498664 -0.015712 0.866653
vn 0.498648 0.015477 0.866667
vn -0.002569 0.001204 0.999996
vn -0.002643 0.019059 0.999815
vn -0.002643 0.019059 0.999815
vn 0.498080 0.046618 0.865877
vn 0.498648 0.015477 0.866667
vn 0.027551 0.086811 0.995844
vn 0.507288 0.155426 0.847645
vn 0.493236 0.138825 0.858747
vn 0.493236 0.138825 0.858747
vn -0.003239 0.072364 0.997373
vn 0.027551 0.086811 0.995844
vn -0.003239 0.072364 0.997373
vn 0.493236 0.138825 0.858747
vn 0.495357 0.108381 0.861902
vn 0.495357 0.108381 0.861902
vn -0.002977 0.054662 0.998501
vn -0.003239 0.072364 0.997373
vn -0.002977 0.054662 0.998501
vn 0.495357 0.108381 0.861902
vn 0.496992 0.077616 0.864277
vn 0.496992 0.077616 0.864277
vn -0.002774 0.036886 0.999316
vn -0.002977 0.054662 0.998501
vn 0.863952 -0.069155 0.498803
vn 0.502635 -0.062419 0.862242
vn 0.498135 -0.046854 0.865833
vn 0.498135 -0.046854 0.865833
vn 0.864885 -0.051391 0.499332
vn 0.863952 -0.069155 0.498803
vn 0.864885 -0.051391 0.499332
vn 0.498135 -0.046854 0.865833
vn 0.498664 -0.015712 0.866653
vn 0.498664 -0.015712 0.866653
vn 0.865925 -0.015365 0.499938
vn 0.864885 -0.051391 0.499332
vn 0.865925 -0.015365 0.499938
vn 0.498664 -0.015712 0.866653
vn 0.498648 0.015477 0.866667
vn 0.498648 0.015477 0.866667
vn 0.865843 0.020721 0.499887
vn 0.865925 -0.015365 0.499938
vn 0.865843 0.020721 0.499887
vn 0.498648 0.015477 0.866667
vn 0.498080 0.046618 0.865877
vn 0.498080 0.046618 0.865877
vn 0.864640 0.056725 0.499180
vn 0.865843 0.020721 0.499887
vn 0.507288 0.155426 0.847645
vn 0.851937 0.179684 0.491852
vn 0.854473 0.162884 0.493300
vn 0.854473 0.162884 0.493300
vn 0.493236 0.138825 0.858747
vn 0.507288 0.155426 0.847645
vn 0.493236 0.138825 0.858747
vn 0.854473 0.162884 0.493300
vn 0.858917 0.127940 0.495876
vn 0.858917 0.127940 0.495876
vn 0.495357 0.108381 0.861902
vn 0.493236 0.138825 0.858747
vn 0.495357 0.108381 0.861902
vn 0.858917 0.127940 0.495876
vn 0.862318 0.092511 0.497844
vn 0.862318 0.092511 0.497844
vn 0.496992 0.077616 0.864277
vn 0.495357 0.108381 0.861902
vn 0.998042 -0.062420 0.004139
vn 0.863952 -0.069155 0.498803
vn 0.864885 -0.051391 0.499332
vn 0.864885 -0.051391 0.499332
vn 0.998901 -0.046854 -0.001545
vn 0.998042 -0.062420 0.004139
vn 0.998901 -0.046854 -0.001545
vn 0.864885 -0.051391 0.499332
vn 0.865925 -0.015365 0.499938
vn 0.865925 -0.015365 0.499938
vn 0.999875 -0.015712 -0.001501
vn 0.998901 -0.046854 -0.001545
vn 0.999875 -0.015712 -0.001501
vn 0.865925 -0.015365 0.499938
vn 0.865843 0.020721 0.499887
vn 0.865843 0.020721 0.499887
vn 0.999879 0.015476 -0.001519
vn 0.999875 -0.015712 -0.001501
vn 0.999879 0.015476 -0.001519
vn 0.865843 0.020721 0.499887
vn 0.864640 0.056725 0.499180
vn 0.864640 0.056725 0.499180
vn 0.998912 0.046617 -0.001604
vn 0.999879 0.015476 -0.001519
vn 0.851937 0.179684 0.491852
vn 0.987726 0.155425 0.015491
vn 0.990314 0.138825 -0.002223
vn 0.990314 0.138825 -0.002223
vn 0.854473 0.162884 0.493300
vn 0.851937 0.179684 0.491852
vn 0.854473 0.162884 0.493300
vn 0.990314 0.138825 -0.002223
vn 0.994108 0.108380 -0.001975
vn 0.994108 0.108380 -0.001975
vn 0.858917 0.127940 0.495876
vn 0.854473 0.162884 0.493300
vn 0.858917 0.127940 0.495876
vn 0.994108 0.108380 -0.001975
vn 0.996982 0.077616 -0.001750
vn 0.996982 0.077616 -0.001750
vn 0.862318 0.092511 0.497844
vn 0.858917 0.127940 0.495876
vn 0.868790 -0.043899 -0.493231
vn 0.998042 -0.062420 0.004139
vn 0.998901 -0.046854 -0.001545
vn 0.998901 -0.046854 -0.001545
vn 0.864194 -0.034498 -0.501974
vn 0.868790 -0.043899 -0.493231
vn 0.864194 -0.034498 -0.501974
vn 0.998901 -0.046854 -0.001545
vn 0.999875 -0.015712 -0.001501
vn 0.999875 -0.015712 -0.001501
vn 0.864622 -0.016656 -0.502147
vn 0.864194 -0.034498 -0.501974
vn 0.864622 -0.016656 -0.502147
vn 0.999875 -0.015712 -0.001501
vn 0.999879 0.015476 -0.001519
vn 0.999879 0.015476 -0.001519
vn 0.864740 0.001205 -0.502218
vn 0.864622 -0.016656 -0.502147
vn 0.864740 0.001205 -0.502218
vn 0.999879 0.015476 -0.001519
vn 0.998912 0.046617 -0.001604
vn 0.998912 0.046617 -0.001604
vn 0.864545 0.019060 -0.502193
vn 0.864740 0.001205 -0.502218
vn 0.987726 0.155425 0.015491
vn 0.876212 0.086814 -0.474042
vn 0.862132 0.072363 -0.501489
vn 0.862132 0.072363 -0.501489
vn 0.990314 0.138825 -0.002223
vn 0.987726 0.155425 0.015491
vn 0.994108 0.108380 -0.001975
vn 0.990314 0.138825 -0.002223
vn 0.862132 0.072363 -0.501489
vn 0.862132 0.072363 -0.501489
vn 0.863247 0.054666 -0.501814
vn 0.994108 0.108380 -0.001975
vn 0.994108 0.108380 -0.001975
vn 0.863247 0.054666 -0.501814
vn 0.864045 0.036886 -0.502062
vn 0.864045 0.036886 -0.502062
vn 0.996982 0.077616 -0.001750
vn 0.994108 0.108380 -0.001975
vn 0.507186 -0.018348 -0.861641
vn 0.868790 -0.043899 -0.493231
vn 0.864194 -0.034498 -0.501974
vn 0.864194 -0.034498 -0.501974
vn 0.497320 -0.017717 -0.867386
vn 0.507186 -0.018348 -0.861641
vn 0.497320 -0.017717 -0.867386
vn 0.864194 -0.034498 -0.501974
vn 0.864622 -0.016656 -0.502147
vn 0.864622 -0.016656 -0.502147
vn 0.497349 -0.017933 -0.867365
vn 0.497320 -0.017717 -0.867386
vn 0.497349 -0.017933 -0.867365
vn 0.864622 -0.016656 -0.502147
vn 0.864740 0.001205 -0.502218
vn 0.864740 0.001205 -0.502218
vn 0.497395 -0.018144 -0.867335
vn 0.497349 -0.017933 -0.867365
vn 0.497395 -0.018144 -0.867335
vn 0.864740 0.001205 -0.502218
vn 0.864545 0.019060 -0.502193
vn 0.864545 0.019060 -0.502193
vn 0.497441 -0.018351 -0.867304
vn 0.497395 -0.018144 -0.867335
vn 0.876212 0.086814 -0.474042
vn 0.528054 -0.011342 -0.849135
vn 0.497619 -0.018936 -0.867189
vn 0.497619 -0.018936 -0.867189
vn 0.862132 0.072363 -0.501489
vn 0.876212 0.086814 -0.474042
vn 0.862132 0.072363 -0.501489
vn 0.497619 -0.018936 -0.867189
vn 0.497574 -0.018742 -0.867219
vn 0.497574 -0.018742 -0.867219
vn 0.863247 0.054666 -0.501814
vn 0.862132 0.072363 -0.501489
vn 0.863247 0.054666 -0.501814
vn 0.497574 -0.018742 -0.867219
vn 0.497490 -0.018553 -0.867271
vn 0.497490 -0.018553 -0.867271
vn 0.864045 0.036886 -0.502062
vn 0.863247 0.054666 -0.501814
vn 0.007351 0.007454 -0.999945
vn 0.507186 -0.018348 -0.861641
vn 0.497320 -0.017717 -0.867386
vn 0.497320 -0.017717 -0.867386
vn -0.002555 -0.001069 -0.999996
vn 0.007351 0.007454 -0.999945
vn -0.002555 -0.001069 -0.999996
vn 0.497320 -0.017717 -0.867386
vn 0.497349 -0.017933 -0.867365
vn 0.497349 -0.017933 -0.867365
vn -0.002564 -0.019195 -0.999813
vn -0.002555 -0.001069 -0.999996
vn -0.002564 -0.019195 -0.999813
vn 0.497349 -0.017933 -0.867365
vn 0.497395 -0.018144 -0.867335
vn 0.497395 -0.018144 -0.867335
vn -0.002477 -0.037299 -0.999301
vn -0.002564 -0.019195 -0.999813
vn -0.002477 -0.037299 -0.999301
vn 0.497395 -0.018144 -0.867335
vn 0.497441 -0.018351 -0.867304
vn 0.497441 -0.018351 -0.867304
vn -0.002293 -0.055354 -0.998464
vn -0.002477 -0.037299 -0.999301
vn 0.528054 -0.011342 -0.849135
vn 0.028736 -0.112418 -0.993245
vn -0.001314 -0.108989 -0.994042
vn -0.001314 -0.108989 -0.994042
vn 0.497619 -0.018936 -0.867189
vn 0.528054 -0.011342 -0.849135
vn 0.497619 -0.018936 -0.867189
vn -0.001314 -0.108989 -0.994042
vn -0.001728 -0.091226 -0.995829
vn -0.001728 -0.091226 -0.995829
vn 0.497574 -0.018742 -0.867219
vn 0.497619 -0.018936 -0.867189
vn 0.497574 -0.018742 -0.867219
vn -0.001728 -0.091226 -0.995829
vn -0.002043 -0.073337 -0.997305
vn -0.002043 -0.073337 -0.997305
vn 0.497490 -0.018553 -0.867271
vn 0.497574 -0.018742 -0.867219
vn -0.496123 0.026476 -0.867848
vn 0.007351 0.007454 -0.999945
vn -0.002555 -0.001069 -0.999996
vn -0.002555 -0.001069 -0.999996
vn -0.501242 0.011023 -0.865237
vn -0.496123 0.026476 -0.867848
vn -0.501242 0.011023 -0.865237
vn -0.002555 -0.001069 -0.999996
vn -0.002564 -0.019195 -0.999813
vn -0.002564 -0.019195 -0.999813
vn -0.501161 -0.020109 -0.865121
vn -0.501242 0.011023 -0.865237
vn -0.501161 -0.020109 -0.865121
vn -0.002564 -0.019195 -0.999813
vn -0.002477 -0.037299 -0.999301
vn -0.002477 -0.037299 -0.999301
vn -0.500565 -0.051187 -0.864184
vn -0.501161 -0.020109 -0.865121
vn -0.500565 -0.051187 -0.864184
vn -0.002477 -0.037299 -0.999301
vn -0.002293 -0.055354 -0.998464
vn -0.002293 -0.055354 -0.998464
vn -0.499399 -0.082108 -0.862473
vn -0.500565 -0.051187 -0.864184
vn 0.028736 -0.112418 -0.993245
vn -0.476785 -0.186569 -0.858993
vn -0.492781 -0.173064 -0.852769
vn -0.492781 -0.173064 -0.852769
vn -0.001314 -0.108989 -0.994042
vn 0.028736 -0.112418 -0.993245
vn -0.001728 -0.091226 -0.995829
vn -0.001314 -0.108989 -0.994042
vn -0.492781 -0.173064 -0.852769
vn -0.492781 -0.173064 -0.852769
vn -0.495494 -0.143134 -0.856737
vn -0.001728 -0.091226 -0.995829
vn -0.001728 -0.091226 -0.995829
vn -0.495494 -0.143134 -0.856737
vn -0.497694 -0.112785 -0.859989
vn -0.497694 -0.112785 -0.859989
vn -0.002043 -0.073337 -0.997305
vn -0.001728 -0.091226 -0.995829
vn -0.865538 0.033460 -0.499725
vn -0.496123 0.026476 -0.867848
vn -0.501242 0.011023 -0.865237
vn -0.501242 0.011023 -0.865237
vn -0.865918 0.015429 -0.499947
vn -0.865538 0.033460 -0.499725
vn -0.865918 0.015429 -0.499947
vn -0.501242 0.011023 -0.865237
vn -0.501161 -0.020109 -0.865121
vn -0.501161 -0.020109 -0.865121
vn -0.865840 -0.020444 -0.499903
vn -0.865918 0.015429 -0.499947
vn -0.865840 -0.020444 -0.499903
vn -0.501161 -0.020109 -0.865121
vn -0.500565 -0.051187 -0.864184
vn -0.500565 -0.051187 -0.864184
vn -0.864654 -0.056239 -0.499211
vn -0.865840 -0.020444 -0.499903
vn -0.864654 -0.056239 -0.499211
vn -0.500565 -0.051187 -0.864184
vn -0.499399 -0.082108 -0.862473
vn -0.499399 -0.082108 -0.862473
vn -0.862362 -0.091817 -0.497897
vn -0.864654 -0.056239 -0.499211
vn -0.476785 -0.186569 -0.858993
vn -0.846061 -0.213461 -0.488483
vn -0.849230 -0.195981 -0.490306
vn -0.849230 -0.195981 -0.490306
vn -0.492781 -0.173064 -0.852769
vn -0.476785 -0.186569 -0.858993
vn -0.495494 -0.143134 -0.856737
vn -0.492781 -0.173064 -0.852769
vn -0.849230 -0.195981 -0.490306
vn -0.849230 -0.195981 -0.490306
vn -0.854608 -0.161811 -0.493419
vn -0.495494 -0.143134 -0.856737
vn -0.495494 -0.143134 -0.856737
vn -0.854608 -0.161811 -0.493419
vn -0.859005 -0.127052 -0.495952
vn -0.859005 -0.127052 -0.495952
vn -0.497694 -0.112785 -0.859989
vn -0.495494 -0.143134 -0.856737
vn -0.999641 0.026475 0.004218
vn -0.865538 0.033460 -0.499725
vn -0.865918 0.015429 -0.499947
vn -0.865918 0.015429 -0.499947
vn -0.999938 0.011025 -0.001506
vn -0.999641 0.026475 0.004218
vn -0.999938 0.011025 -0.001506
vn -0.865918 0.015429 -0.499947
vn -0.865840 -0.020444 -0.499903
vn -0.865840 -0.020444 -0.499903
vn -0.999797 -0.020111 -0.001511
vn -0.999938 0.011025 -0.001506
vn -0.999797 -0.020111 -0.001511
vn -0.865840 -0.020444 -0.499903
vn -0.864654 -0.056239 -0.499211
vn -0.864654 -0.056239 -0.499211
vn -0.998688 -0.051187 -0.001437
vn -0.999797 -0.020111 -0.001511
vn -0.998688 -0.051187 -0.001437
vn -0.864654 -0.056239 -0.499211
vn -0.862362 -0.091817 -0.497897
vn -0.862362 -0.091817 -0.497897
vn -0.996623 -0.082109 -0.001284
vn -0.998688 -0.051187 -0.001437
vn -0.846061 -0.213461 -0.488483
vn -0.982302 -0.186571 0.016575
vn -0.984910 -0.173066 -0.000392
vn -0.984910 -0.173066 -0.000392
vn -0.849230 -0.195981 -0.490306
vn -0.846061 -0.213461 -0.488483
vn -0.849230 -0.195981 -0.490306
vn -0.984910 -0.173066 -0.000392
vn -0.989703 -0.143134 -0.000759
vn -0.989703 -0.143134 -0.000759
vn -0.854608 -0.161811 -0.493419
vn -0.849230 -0.195981 -0.490306
vn -0.854608 -0.161811 -0.493419
vn -0.989703 -0.143134 -0.000759
vn -0.993619 -0.112788 -0.001054
vn -0.993619 -0.112788 -0.001054
vn -0.859005 -0.127052 -0.495952
vn -0.854608 -0.161811 -0.493419
vn -0.862314 0.007453 0.506318
vn -0.999641 0.026475 0.004218
vn -0.999938 0.011025 -0.001506
vn -0.999938 0.011025 -0.001506
vn -0.867306 -0.001071 0.497774
vn -0.862314 0.007453 0.506318
vn -0.867306 -0.001071 0.497774
vn -0.999938 0.011025 -0.001506
vn -0.999797 -0.020111 -0.001511
vn -0.999797 -0.020111 -0.001511
vn -0.867149 -0.019196 0.497679
vn -0.867306 -0.001071 0.497774
vn -0.867149 -0.019196 0.497679
vn -0.999797 -0.020111 -0.001511
vn -0.998688 -0.051187 -0.001437
vn -0.998688 -0.051187 -0.001437
vn -0.866658 -0.037301 0.497507
vn -0.867149 -0.019196 0.497679
vn -0.866658 -0.037301 0.497507
vn -0.998688 -0.051187 -0.001437
vn -0.996623 -0.082109 -0.001284
vn -0.996623 -0.082109 -0.001284
vn -0.865848 -0.055357 0.497236
vn -0.866658 -0.037301 0.497507
vn -0.982302 -0.186571 0.016575
vn -0.845802 -0.112418 0.521518
vn -0.861527 -0.108991 0.495876
vn -0.861527 -0.108991 0.495876
vn -0.984910 -0.173066 -0.000392
vn -0.982302 -0.186571 0.016575
vn -0.984910 -0.173066 -0.000392
vn -0.861527 -0.108991 0.495876
vn -0.863277 -0.091227 0.496418
vn -0.863277 -0.091227 0.496418
vn -0.989703 -0.143134 -0.000759
vn -0.984910 -0.173066 -0.000392
vn -0.989703 -0.143134 -0.000759
vn -0.863277 -0.091227 0.496418
vn -0.864725 -0.073341 0.496863
vn -0.864725 -0.073341 0.496863
vn -0.993619 -0.112788 -0.001054
vn -0.989703 -0.143134 -0.000759
vn -0.492607 -0.018351 0.870058
vn -0.862314 0.007453 0.506318
vn -0.867306 -0.001071 0.497774
vn -0.867306 -0.001071 0.497774
vn -0.502516 -0.017719 0.864386
vn -0.492607 -0.018351 0.870058
vn -0.502516 -0.017719 0.864386
vn -0.867306 -0.001071 0.497774
vn -0.867149 -0.019196 0.497679
vn -0.867149 -0.019196 0.497679
vn -0.502476 -0.017933 0.864405
vn -0.502516 -0.017719 0.864386
vn -0.502476 -0.017933 0.864405
vn -0.867149 -0.019196 0.497679
vn -0.866658 -0.037301 0.497507
vn -0.866658 -0.037301 0.497507
vn -0.502437 -0.018145 0.864423
vn -0.502476 -0.017933 0.864405
vn -0.502437 -0.018145 0.864423
vn -0.866658 -0.037301 0.497507
vn -0.865848 -0.055357 0.497236
vn -0.865848 -0.055357 0.497236
vn -0.502381 -0.018352 0.864452
vn -0.502437 -0.018145 0.864423
vn -0.845802 -0.112418 0.521518
vn -0.471362 -0.011347 0.881867
vn -0.502181 -0.018932 0.864555
vn -0.502181 -0.018932 0.864555
vn -0.861527 -0.108991 0.495876
vn -0.845802 -0.112418 0.521518
vn -0.863277 -0.091227 0.496418
vn -0.861527 -0.108991 0.495876
vn -0.502181 -0.018932 0.864555
vn -0.502181 -0.018932 0.864555
vn -0.502252 -0.018746 0.864518
vn -0.863277 -0.091227 0.496418
vn -0.863277 -0.091227 0.496418
vn -0.502252 -0.018746 0.864518
vn -0.502335 -0.018552 0.864474
vn -0.502335 -0.018552 0.864474
vn -0.864725 -0.073341 0.496863
vn -0.863277 -0.091227 0.496418
s off
g SM_BarSet_01
f 1/4/1 2/1/2 34/2/3
f 34/2/4 33/3/5 1/4/6
f 2/1/7 3/5/8 35/6/9
f 35/6/10 34/2/11 2/1/12
f 3/5/13 4/7/14 36/8/15
f 36/8/16 35/6/17 3/5/18
f 4/7/19 5/9/20 37/10/21
f 37/10/22 36/8/23 4/7/24
f 5/9/25 6/11/26 38/12/27
f 38/12/28 37/10/29 5/9/30
f 6/11/31 7/13/32 39/14/33
f 39/14/34 38/12/35 6/11/36
f 7/13/37 8/15/38 40/16/39
f 40/16/40 39/14/41 7/13/42
f 8/15/43 9/17/44 41/18/45
f 41/18/46 40/16/47 8/15/48
f 9/17/49 10/19/50 42/20/51
f 42/20/52 41/18/53 9/17/54
f 10/19/55 11/21/56 43/22/57
f 43/22/58 42/20/59 10/19/60
f 11/21/61 12/23/62 44/24/63
f 44/24/64 43/22/65 11/21/66
f 12/23/67 13/25/68 45/26/69
f 45/26/70 44/24/71 12/23/72
f 13/25/73 14/27/74 46/28/75
f 46/28/76 45/26/77 13/25/78
f 14/27/79 15/29/80 47/30/81
f 47/30/82 46/28/83 14/27/84
f 15/29/85 16/31/86 48/32/87
f 48/32/88 47/30/89 15/29/90
f 16/31/91 17/33/92 49/34/93
f 49/34/94 48/32/95 16/31/96
f 17/33/97 18/35/98 50/36/99
f 50/36/100 49/34/101 17/33/102
f 18/35/103 1/146/104 33/145/105
f 33/145/106 50/36/107 18/35/108
f 34/109/109 20/37/110 19/38/111
f 19/38/112 33/110/113 34/109/114
f 35/111/115 21/39/116 20/37/117
f 20/37/118 34/109/119 35/111/120
f 36/112/121 22/40/122 21/39/123
f 21/39/124 35/111/125 36/112/126
f 37/113/127 23/41/128 22/40/129
f 22/40/130 36/112/131 37/113/132
f 38/114/133 24/42/134 23/41/135
f 23/41/136 37/113/137 38/114/138
f 39/115/139 25/43/140 24/42/141
f 24/42/142 38/114/143 39/115/144
f 40/116/145 26/44/146 25/43/147
f 25/43/148 39/115/149 40/116/150
f 41/117/151 27/45/152 26/44/153
f 26/44/154 40/116/155 41/117/156
f 42/118/157 28/46/158 27/45/159
f 27/45/160 41/117/161 42/118/162
f 43/119/163 29/47/164 28/46/165
f 28/46/166 42/118/167 43/119/168
f 44/120/169 30/48/170 29/47/171
f 29/47/172 43/119/173 44/120/174
f 45/121/175 31/49/176 30/48/177
f 30/48/178 44/120/179 45/121/180
f 46/122/181 54/50/182 31/49/183
f 31/49/184 45/121/185 46/122/186
f 47/123/187 53/51/188 54/50/189
f 54/50/190 46/122/191 47/123/192
f 48/124/193 52/52/194 53/51/195
f 53/51/196 47/123/197 48/124/198
f 49/125/199 51/53/200 52/52/201
f 52/52/202 48/124/203 49/125/204
f 50/126/205 32/54/206 51/53/207
f 51/53/208 49/125/209 50/126/210
f 33/110/211 19/38/212 32/54/213
f 32/54/214 50/126/215 33/110/216
f 21/39/217 22/40/218 23/41/219
f 26/44/220 27/45/221 28/46/222
f 21/39/223 23/41/224 51/53/225
f 51/53/226 20/37/227 21/39/228
f 52/52/229 51/53/230 23/41/231
f 23/41/232 24/42/233 52/52/234
f 52/52/235 24/42/236 25/43/237
f 25/43/238 53/51/239 52/52/240
f 28/46/241 29/47/242 54/50/243
f 54/50/244 26/44/245 28/46/246
f 53/51/247 25/43/248 26/44/249
f 26/44/250 54/50/251 53/51/252
f 51/53/253 19/38/254 20/37/255
f 51/53/256 32/54/257 19/38/258
f 54/50/259 29/47/260 30/48/261
f 30/48/262 31/49/263 54/50/264
f 6/11/265 5/9/266 63/55/267
f 63/55/268 65/56/269 6/11/270
f 7/13/271 6/11/272 65/56/273
f 65/56/274 67/57/275 7/13/276
f 8/15/277 7/13/278 67/57/279
f 67/57/280 69/58/281 8/15/282
f 9/17/283 8/15/284 69/58/285
f 69/58/286 71/59/287 9/17/288
f 15/29/289 14/27/290 81/60/291
f 81/60/292 83/61/293 15/29/294
f 55/62/295 58/63/296 57/64/297
f 57/64/298 56/65/299 55/62/300
f 59/66/301 55/62/302 56/65/303
f 56/65/304 60/67/305 59/66/306
f 61/68/307 59/66/308 60/67/309
f 60/67/310 62/69/311 61/68/312
f 63/55/313 61/68/314 62/69/315
f 62/69/316 64/70/317 63/55/318
f 65/56/319 63/55/320 64/70/321
f 64/70/322 66/71/323 65/56/324
f 67/57/325 65/56/326 66/71/327
f 66/71/328 68/72/329 67/57/330
f 69/58/331 67/57/332 68/72/333
f 68/72/334 70/73/335 69/58/336
f 71/59/337 69/58/338 70/73/339
f 70/73/340 72/74/341 71/59/342
f 73/75/343 71/59/344 72/74/345
f 72/74/346 74/76/347 73/75/348
f 75/77/349 73/75/350 74/76/351
f 74/76/352 76/78/353 75/77/354
f 77/79/355 75/77/356 76/78/357
f 76/78/358 78/80/359 77/79/360
f 79/81/361 77/79/362 78/80/363
f 78/80/364 80/82/365 79/81/366
f 81/60/367 79/81/368 80/82/369
f 80/82/370 82/83/371 81/60/372
f 83/61/373 81/60/374 82/83/375
f 82/83/376 84/84/377 83/61/378
f 85/85/379 83/61/380 84/84/381
f 84/84/382 86/86/383 85/85/384
f 87/87/385 85/85/386 86/86/387
f 86/86/388 88/88/389 87/87/390
f 89/89/391 87/87/392 88/88/393
f 88/88/394 90/90/395 89/89/396
f 58/147/397 89/89/398 90/90/399
f 90/90/400 57/148/401 58/147/402
f 56/128/403 57/127/404 92/91/405
f 92/91/406 91/92/407 56/128/408
f 60/129/409 56/128/410 91/92/411
f 91/92/412 93/93/413 60/129/414
f 62/130/415 60/129/416 93/93/417
f 93/93/418 94/94/419 62/130/420
f 64/131/421 62/130/422 94/94/423
f 94/94/424 106/95/425 64/131/426
f 66/132/427 64/131/428 106/95/429
f 106/95/430 107/96/431 66/132/432
f 68/133/433 66/132/434 107/96/435
f 107/96/436 108/97/437 68/133/438
f 70/134/439 68/133/440 108/97/441
f 108/97/442 95/98/443 70/134/444
f 72/135/445 70/134/446 95/98/447
f 95/98/448 96/99/449 72/135/450
f 74/136/451 72/135/452 96/99/453
f 96/99/454 97/100/455 74/136/456
f 76/137/457 74/136/458 97/100/459
f 97/100/460 98/101/461 76/137/462
f 78/138/463 76/137/464 98/101/465
f 98/101/466 99/102/467 78/138/468
f 80/139/469 78/138/470 99/102/471
f 99/102/472 100/103/473 80/139/474
f 82/140/475 80/139/476 100/103/477
f 100/103/478 101/104/479 82/140/480
f 84/141/481 82/140/482 101/104/483
f 101/104/484 102/105/485 84/141/486
f 86/142/487 84/141/488 102/105/489
f 102/105/490 103/106/491 86/142/492
f 88/143/493 86/142/494 103/106/495
f 103/106/496 104/107/497 88/143/498
f 90/144/499 88/143/500 104/107/501
f 104/107/502 105/108/503 90/144/504
f 57/127/505 90/144/506 105/108/507
f 105/108/508 92/91/509 57/127/510
f 94/94/511 93/93/512 106/95/513
f 97/100/514 96/99/515 95/98/516
f 104/107/517 106/95/518 93/93/519
f 93/93/520 91/92/521 104/107/522
f 103/106/523 107/96/524 106/95/525
f 106/95/526 104/107/527 103/106/528
f 103/106/529 102/105/530 108/97/531
f 108/97/532 107/96/533 103/106/534
f 97/100/535 95/98/536 101/104/537
f 101/104/538 98/101/539 97/100/540
f 102/105/541 101/104/542 95/98/543
f 95/98/544 108/97/545 102/105/546
f 91/92/547 92/91/548 104/107/549
f 92/91/550 105/108/551 104/107/552
f 101/104/553 99/102/554 98/101/555
f 101/104/556 100/103/557 99/102/558
f 1/4/559 58/63/560 55/62/561
f 55/62/562 2/1/563 1/4/564
f 3/5/565 2/1/566 55/62/567
f 55/62/568 59/66/569 3/5/570
f 4/7/571 3/5/572 59/66/573
f 59/66/574 61/68/575 4/7/576
f 5/9/577 4/7/578 61/68/579
f 61/68/580 63/55/581 5/9/582
f 10/19/583 9/17/584 71/59/585
f 71/59/586 73/75/587 10/19/588
f 11/21/589 10/19/590 73/75/591
f 73/75/592 75/77/593 11/21/594
f 12/23/595 11/21/596 75/77/597
f 75/77/598 77/79/599 12/23/600
f 13/25/601 12/23/602 77/79/603
f 77/79/604 79/81/605 13/25/606
f 14/27/607 13/25/608 79/81/609
f 79/81/610 81/60/611 14/27/612
f 16/31/613 15/29/614 83/61/615
f 83/61/616 85/85/617 16/31/618
f 17/33/619 16/31/620 85/85/621
f 85/85/622 87/87/623 17/33/624
f 18/35/625 17/33/626 87/87/627
f 87/87/628 89/89/629 18/35/630
f 1/146/631 18/35/632 89/89/633
f 89/89/634 58/147/635 1/146/636
f 136/202/637 143/209/638 144/210/639
f 144/210/640 135/201/641 136/202/642
f 150/216/643 136/202/644 135/201/645
f 135/201/646 149/215/647 150/216/648
f 157/223/649 150/216/650 149/215/651
f 149/215/652 156/222/653 157/223/654
f 164/230/655 157/223/656 156/222/657
f 156/222/658 163/229/659 164/230/660
f 171/244/661 164/237/662 163/236/663
f 163/236/664 170/243/665 171/244/666
f 178/251/667 171/244/668 170/243/669
f 170/243/670 177/250/671 178/251/672
f 185/258/673 178/251/674 177/250/675
f 177/250/676 184/257/677 185/258/678
f 192/265/679 185/258/680 184/257/681
f 184/257/682 191/264/683 192/265/684
f 199/272/685 192/265/686 191/264/687
f 191/264/688 198/271/689 199/272/690
f 206/279/691 199/272/692 198/271/693
f 198/271/694 205/278/695 206/279/696
f 213/286/697 206/279/698 205/278/699
f 205/278/700 212/285/701 213/286/702
f 143/209/703 213/286/704 212/285/705
f 212/285/706 144/210/707 143/209/708
f 125/172/709 109/173/710 129/170/711
f 129/170/712 127/171/713 125/172/714
f 121/175/715 117/176/716 125/172/717
f 125/172/718 123/174/719 121/175/720
f 121/175/721 119/177/722 117/176/723
f 113/179/724 109/173/725 117/176/726
f 117/176/727 115/178/728 113/179/729
f 113/179/730 110/180/731 109/173/732
f 125/172/733 117/176/734 109/173/735
f 131/181/736 129/170/737 109/173/738
f 116/184/739 132/185/740 111/182/741
f 111/182/742 114/183/743 116/184/744
f 120/187/745 124/188/746 116/184/747
f 116/184/748 118/186/749 120/187/750
f 120/187/751 122/189/752 124/188/753
f 128/191/754 132/185/755 124/188/756
f 124/188/757 126/190/758 128/191/759
f 128/191/760 130/192/761 132/185/762
f 116/184/763 124/188/764 132/185/765
f 112/193/766 111/182/767 132/185/768
f 111/153/769 112/194/770 140/206/771
f 140/206/772 139/205/773 111/153/774
f 139/205/775 140/206/776 141/207/777
f 141/207/778 138/204/779 139/205/780
f 138/204/781 141/207/782 142/208/783
f 142/208/784 137/203/785 138/204/786
f 137/203/787 142/208/788 143/209/789
f 143/209/790 136/202/791 137/203/792
f 109/149/793 110/150/794 133/199/795
f 133/199/796 146/212/797 109/149/798
f 146/212/799 133/199/800 134/200/801
f 134/200/802 145/211/803 146/212/804
f 145/211/805 134/200/806 135/201/807
f 135/201/808 144/210/809 145/211/810
f 114/152/811 111/153/812 139/205/813
f 139/205/814 153/219/815 114/152/816
f 153/219/817 139/205/818 138/204/819
f 138/204/820 152/218/821 153/219/822
f 152/218/823 138/204/824 137/203/825
f 137/203/826 151/217/827 152/218/828
f 151/217/829 137/203/830 136/202/831
f 136/202/832 150/216/833 151/217/834
f 110/150/835 113/151/836 147/213/837
f 147/213/838 133/199/839 110/150/840
f 133/199/841 147/213/842 148/214/843
f 148/214/844 134/200/845 133/199/846
f 134/200/847 148/214/848 149/215/849
f 149/215/850 135/201/851 134/200/852
f 116/155/853 114/152/854 153/219/855
f 153/219/856 160/226/857 116/155/858
f 160/226/859 153/219/860 152/218/861
f 152/218/862 159/225/863 160/226/864
f 159/225/865 152/218/866 151/217/867
f 151/217/868 158/224/869 159/225/870
f 158/224/871 151/217/872 150/216/873
f 150/216/874 157/223/875 158/224/876
f 113/151/877 115/154/878 154/220/879
f 154/220/880 147/213/881 113/151/882
f 147/213/883 154/220/884 155/221/885
f 155/221/886 148/214/887 147/213/888
f 148/214/889 155/221/890 156/222/891
f 156/222/892 149/215/893 148/214/894
f 118/197/895 116/155/896 160/226/897
f 160/226/898 167/233/899 118/197/900
f 167/233/901 160/226/902 159/225/903
f 159/225/904 166/232/905 167/233/906
f 166/232/907 159/225/908 158/224/909
f 158/224/910 165/231/911 166/232/912
f 165/231/913 158/224/914 157/223/915
f 157/223/916 164/230/917 165/231/918
f 115/154/919 117/196/920 161/227/921
f 161/227/922 154/220/923 115/154/924
f 154/220/925 161/227/926 162/228/927
f 162/228/928 155/221/929 154/220/930
f 155/221/931 162/228/932 163/229/933
f 163/229/934 156/222/935 155/221/936
f 120/158/937 118/159/938 167/240/939
f 167/240/940 174/247/941 120/158/942
f 174/247/943 167/240/944 166/239/945
f 166/239/946 173/246/947 174/247/948
f 173/246/949 166/239/950 165/238/951
f 165/238/952 172/245/953 173/246/954
f 172/245/955 165/238/956 164/237/957
f 164/237/958 171/244/959 172/245/960
f 117/156/961 119/157/962 168/241/963
f 168/241/964 161/234/965 117/156/966
f 162/235/967 161/234/968 168/241/969
f 168/241/970 169/242/971 162/235/972
f 162/235/973 169/242/974 170/243/975
f 170/243/976 163/236/977 162/235/978
f 122/195/979 120/158/980 174/247/981
f 174/247/982 181/254/983 122/195/984
f 181/254/985 174/247/986 173/246/987
f 173/246/988 180/253/989 181/254/990
f 180/253/991 173/246/992 172/245/993
f 172/245/994 179/252/995 180/253/996
f 179/252/997 172/245/998 171/244/999
f 171/244/1000 178/251/1001 179/252/1002
f 119/157/1003 121/160/1004 175/248/1005
f 175/248/1006 168/241/1007 119/157/1008
f 168/241/1009 175/248/1010 176/249/1011
f 176/249/1012 169/242/1013 168/241/1014
f 169/242/1015 176/249/1016 177/250/1017
f 177/250/1018 170/243/1019 169/242/1020
f 124/164/1021 122/195/1022 181/254/1023
f 181/254/1024 188/261/1025 124/164/1026
f 188/261/1027 181/254/1028 180/253/1029
f 180/253/1030 187/260/1031 188/261/1032
f 187/260/1033 180/253/1034 179/252/1035
f 179/252/1036 186/259/1037 187/260/1038
f 186/259/1039 179/252/1040 178/251/1041
f 178/251/1042 185/258/1043 186/259/1044
f 121/160/1045 123/161/1046 182/255/1047
f 182/255/1048 175/248/1049 121/160/1050
f 175/248/1051 182/255/1052 183/256/1053
f 183/256/1054 176/249/1055 175/248/1056
f 176/249/1057 183/256/1058 184/257/1059
f 184/257/1060 177/250/1061 176/249/1062
f 126/163/1063 124/164/1064 188/261/1065
f 188/261/1066 195/268/1067 126/163/1068
f 195/268/1069 188/261/1070 187/260/1071
f 187/260/1072 194/267/1073 195/268/1074
f 194/267/1075 187/260/1076 186/259/1077
f 186/259/1078 193/266/1079 194/267/1080
f 193/266/1081 186/259/1082 185/258/1083
f 185/258/1084 192/265/1085 193/266/1086
f 123/161/1087 125/162/1088 189/262/1089
f 189/262/1090 182/255/1091 123/161/1092
f 183/256/1093 182/255/1094 189/262/1095
f 189/262/1096 190/263/1097 183/256/1098
f 183/256/1099 190/263/1100 191/264/1101
f 191/264/1102 184/257/1103 183/256/1104
f 128/198/1105 126/163/1106 195/268/1107
f 195/268/1108 202/275/1109 128/198/1110
f 202/275/1111 195/268/1112 194/267/1113
f 194/267/1114 201/274/1115 202/275/1116
f 201/274/1117 194/267/1118 193/266/1119
f 193/266/1120 200/273/1121 201/274/1122
f 200/273/1123 193/266/1124 192/265/1125
f 192/265/1126 199/272/1127 200/273/1128
f 125/162/1129 127/165/1130 196/269/1131
f 196/269/1132 189/262/1133 125/162/1134
f 190/263/1135 189/262/1136 196/269/1137
f 196/269/1138 197/270/1139 190/263/1140
f 190/263/1141 197/270/1142 198/271/1143
f 198/271/1144 191/264/1145 190/263/1146
f 130/169/1147 128/198/1148 202/275/1149
f 202/275/1150 209/282/1151 130/169/1152
f 209/282/1153 202/275/1154 201/274/1155
f 201/274/1156 208/281/1157 209/282/1158
f 208/281/1159 201/274/1160 200/273/1161
f 200/273/1162 207/280/1163 208/281/1164
f 207/280/1165 200/273/1166 199/272/1167
f 199/272/1168 206/279/1169 207/280/1170
f 127/165/1171 129/166/1172 203/276/1173
f 203/276/1174 196/269/1175 127/165/1176
f 196/269/1177 203/276/1178 204/277/1179
f 204/277/1180 197/270/1181 196/269/1182
f 197/270/1183 204/277/1184 205/278/1185
f 205/278/1186 198/271/1187 197/270/1188
f 132/168/1189 130/169/1190 209/282/1191
f 209/282/1192 216/289/1193 132/168/1194
f 216/289/1195 209/282/1196 208/281/1197
f 208/281/1198 215/288/1199 216/289/1200
f 215/288/1201 208/281/1202 207/280/1203
f 207/280/1204 214/287/1205 215/288/1206
f 214/287/1207 207/280/1208 206/279/1209
f 206/279/1210 213/286/1211 214/287/1212
f 129/166/1213 131/167/1214 210/283/1215
f 210/283/1216 203/276/1217 129/166/1218
f 203/276/1219 210/283/1220 211/284/1221
f 211/284/1222 204/277/1223 203/276/1224
f 204/277/1225 211/284/1226 212/285/1227
f 212/285/1228 205/278/1229 204/277/1230
f 112/194/1231 132/168/1232 216/289/1233
f 216/289/1234 140/206/1235 112/194/1236
f 140/206/1237 216/289/1238 215/288/1239
f 215/288/1240 141/207/1241 140/206/1242
f 141/207/1243 215/288/1244 214/287/1245
f 214/287/1246 142/208/1247 141/207/1248
f 142/208/1249 214/287/1250 213/286/1251
f 213/286/1252 143/209/1253 142/208/1254
f 131/167/1255 109/149/1256 146/212/1257
f 146/212/1258 210/283/1259 131/167/1260
f 211/284/1261 210/283/1262 146/212/1263
f 146/212/1264 145/211/1265 211/284/1266
f 211/284/1267 145/211/1268 144/210/1269
f 144/210/1270 212/285/1271 211/284/1272
f 321/418/1273 320/417/1274 218/296/1275
f 218/296/1276 217/294/1277 321/418/1278
f 320/417/1279 319/416/1280 219/352/1281
f 219/352/1282 218/296/1283 320/417/1284
f 319/416/1285 324/421/1286 220/355/1287
f 220/355/1288 219/352/1289 319/416/1290
f 220/298/1291 324/422/1292 323/420/1293
f 323/420/1294 221/290/1295 220/298/1296
f 221/290/1297 323/420/1298 322/419/1299
f 322/419/1300 222/292/1301 221/290/1302
f 222/292/1303 322/419/1304 321/418/1305
f 321/418/1306 217/294/1307 222/292/1308
f 381/488/1309 380/487/1310 224/393/1311
f 224/393/1312 223/389/1313 381/488/1314
f 380/487/1315 379/486/1316 225/304/1317
f 225/304/1318 224/393/1319 380/487/1320
f 379/486/1321 384/491/1322 226/368/1323
f 226/368/1324 225/304/1325 379/486/1326
f 226/346/1327 384/492/1328 383/490/1329
f 383/490/1330 227/349/1331 226/346/1332
f 227/349/1333 383/490/1334 382/489/1335
f 382/489/1336 228/381/1337 227/349/1338
f 228/381/1339 382/489/1340 381/488/1341
f 381/488/1342 223/389/1343 228/381/1344
f 326/424/1345 325/423/1346 230/394/1347
f 230/394/1348 229/391/1349 326/424/1350
f 325/423/1351 330/429/1352 231/308/1353
f 231/308/1354 230/394/1355 325/423/1356
f 330/429/1357 329/427/1358 232/367/1359
f 232/367/1360 231/308/1361 330/429/1362
f 232/351/1363 329/428/1364 328/426/1365
f 328/426/1366 233/373/1367 232/351/1368
f 233/373/1369 328/426/1370 327/425/1371
f 327/425/1372 234/385/1373 233/373/1374
f 234/385/1375 327/425/1376 326/424/1377
f 326/424/1378 229/391/1379 234/385/1380
f 332/431/1381 331/430/1382 236/392/1383
f 236/392/1384 235/387/1385 332/431/1386
f 331/430/1387 336/436/1388 237/312/1389
f 237/312/1390 236/392/1391 331/430/1392
f 336/436/1393 335/434/1394 238/366/1395
f 238/366/1396 237/312/1397 336/436/1398
f 238/343/1399 335/435/1400 334/433/1401
f 334/433/1402 239/347/1403 238/343/1404
f 239/347/1405 334/433/1406 333/432/1407
f 333/432/1408 240/377/1409 239/347/1410
f 240/377/1411 333/432/1412 332/431/1413
f 332/431/1414 235/387/1415 240/377/1416
f 339/439/1417 338/438/1418 242/390/1419
f 242/390/1420 241/383/1421 339/439/1422
f 338/438/1423 337/437/1424 243/316/1425
f 243/316/1426 242/390/1427 338/438/1428
f 337/437/1429 342/442/1430 244/365/1431
f 244/365/1432 243/316/1433 337/437/1434
f 244/339/1435 342/443/1436 341/441/1437
f 341/441/1438 245/342/1439 244/339/1440
f 245/342/1441 341/441/1442 340/440/1443
f 340/440/1444 246/370/1445 245/342/1446
f 246/370/1447 340/440/1448 339/439/1449
f 339/439/1450 241/383/1451 246/370/1452
f 363/467/1453 362/466/1454 248/388/1455
f 248/388/1456 247/379/1457 363/467/1458
f 362/466/1459 361/465/1460 249/321/1461
f 249/321/1462 248/388/1463 362/466/1464
f 361/465/1465 366/470/1466 250/364/1467
f 250/364/1468 249/321/1469 361/465/1470
f 250/334/1471 366/471/1472 365/469/1473
f 365/469/1474 251/338/1475 250/334/1476
f 251/338/1477 365/469/1478 364/468/1479
f 364/468/1480 252/348/1481 251/338/1482
f 252/348/1483 364/468/1484 363/467/1485
f 363/467/1486 247/379/1487 252/348/1488
f 344/445/1489 343/444/1490 254/386/1491
f 254/386/1492 253/375/1493 344/445/1494
f 343/444/1495 348/450/1496 255/325/1497
f 255/325/1498 254/386/1499 343/444/1500
f 348/450/1501 347/448/1502 256/363/1503
f 256/363/1504 255/325/1505 348/450/1506
f 256/330/1507 347/449/1508 346/447/1509
f 346/447/1510 257/332/1511 256/330/1512
f 257/332/1513 346/447/1514 345/446/1515
f 345/446/1516 258/340/1517 257/332/1518
f 258/340/1519 345/446/1520 344/445/1521
f 344/445/1522 253/375/1523 258/340/1524
f 350/452/1525 349/451/1526 260/384/1527
f 260/384/1528 259/371/1529 350/452/1530
f 349/451/1531 354/457/1532 261/329/1533
f 261/329/1534 260/384/1535 349/451/1536
f 354/457/1537 353/455/1538 262/362/1539
f 262/362/1540 261/329/1541 354/457/1542
f 262/326/1543 353/456/1544 352/454/1545
f 352/454/1546 263/327/1547 262/326/1548
f 263/327/1549 352/454/1550 351/453/1551
f 351/453/1552 264/335/1553 263/327/1554
f 264/335/1555 351/453/1556 350/452/1557
f 350/452/1558 259/371/1559 264/335/1560
f 375/481/1561 374/480/1562 266/382/1563
f 266/382/1564 265/369/1565 375/481/1566
f 374/480/1567 373/479/1568 267/333/1569
f 267/333/1570 266/382/1571 374/480/1572
f 373/479/1573 378/484/1574 268/361/1575
f 268/361/1576 267/333/1577 373/479/1578
f 268/322/1579 378/485/1580 377/483/1581
f 377/483/1582 269/323/1583 268/322/1584
f 269/323/1585 377/483/1586 376/482/1587
f 376/482/1588 270/331/1589 269/323/1590
f 270/331/1591 376/482/1592 375/481/1593
f 375/481/1594 265/369/1595 270/331/1596
f 367/472/1597 368/473/1598 272/380/1599
f 272/380/1600 271/344/1601 367/472/1602
f 368/473/1603 369/474/1604 273/337/1605
f 273/337/1606 272/380/1607 368/473/1608
f 369/474/1609 370/475/1610 274/360/1611
f 274/360/1612 273/337/1613 369/474/1614
f 274/317/1615 370/476/1616 371/477/1617
f 371/477/1618 275/318/1619 274/317/1620
f 275/318/1621 371/477/1622 372/478/1623
f 372/478/1624 276/324/1625 275/318/1626
f 276/324/1627 372/478/1628 367/472/1629
f 367/472/1630 271/344/1631 276/324/1632
f 301/395/1633 302/396/1634 278/378/1635
f 278/378/1636 277/336/1637 301/395/1638
f 302/396/1639 303/397/1640 279/341/1641
f 279/341/1642 278/378/1643 302/396/1644
f 303/397/1645 304/398/1646 280/350/1647
f 280/350/1648 279/341/1649 303/397/1650
f 280/313/1651 304/399/1652 305/400/1653
f 305/400/1654 281/314/1655 280/313/1656
f 281/314/1657 305/400/1658 306/401/1659
f 306/401/1660 282/319/1661 281/314/1662
f 282/319/1663 306/401/1664 301/395/1665
f 301/395/1666 277/336/1667 282/319/1668
f 307/402/1669 308/403/1670 284/376/1671
f 284/376/1672 283/328/1673 307/402/1674
f 308/403/1675 309/404/1676 285/345/1677
f 285/345/1678 284/376/1679 308/403/1680
f 309/404/1681 310/405/1682 286/359/1683
f 286/359/1684 285/345/1685 309/404/1686
f 286/309/1687 310/406/1688 311/407/1689
f 311/407/1690 287/310/1691 286/309/1692
f 287/310/1693 311/407/1694 312/408/1695
f 312/408/1696 288/315/1697 287/310/1698
f 288/315/1699 312/408/1700 307/402/1701
f 307/402/1702 283/328/1703 288/315/1704
f 357/460/1705 356/459/1706 290/374/1707
f 290/374/1708 289/320/1709 357/460/1710
f 356/459/1711 355/458/1712 291/297/1713
f 291/297/1714 290/374/1715 356/459/1716
f 355/458/1717 360/463/1718 292/358/1719
f 292/358/1720 291/297/1721 355/458/1722
f 292/305/1723 360/464/1724 359/462/1725
f 359/462/1726 293/306/1727 292/305/1728
f 293/306/1729 359/462/1730 358/461/1731
f 358/461/1732 294/307/1733 293/306/1734
f 294/307/1735 358/461/1736 357/460/1737
f 357/460/1738 289/320/1739 294/307/1740
f 313/409/1741 314/410/1742 296/372/1743
f 296/372/1744 295/311/1745 313/409/1746
f 314/410/1747 315/411/1748 297/356/1749
f 297/356/1750 296/372/1751 314/410/1752
f 315/411/1753 316/412/1754 298/357/1755
f 298/357/1756 297/356/1757 315/411/1758
f 298/301/1759 316/413/1760 317/414/1761
f 317/414/1762 299/302/1763 298/301/1764
f 299/302/1765 317/414/1766 318/415/1767
f 318/415/1768 300/303/1769 299/302/1770
f 300/303/1771 318/415/1772 313/409/1773
f 313/409/1774 295/311/1775 300/303/1776
f 301/395/1777 283/328/1778 284/376/1779
f 284/376/1780 302/396/1781 301/395/1782
f 302/396/1783 284/376/1784 285/345/1785
f 285/345/1786 303/397/1787 302/396/1788
f 303/397/1789 285/345/1790 286/359/1791
f 286/359/1792 304/398/1793 303/397/1794
f 286/309/1795 287/310/1796 305/400/1797
f 305/400/1798 304/399/1799 286/309/1800
f 287/310/1801 288/315/1802 306/401/1803
f 306/401/1804 305/400/1805 287/310/1806
f 288/315/1807 283/328/1808 301/395/1809
f 301/395/1810 306/401/1811 288/315/1812
f 307/402/1813 289/320/1814 290/374/1815
f 290/374/1816 308/403/1817 307/402/1818
f 308/403/1819 290/374/1820 291/297/1821
f 291/297/1822 309/404/1823 308/403/1824
f 309/404/1825 291/297/1826 292/358/1827
f 292/358/1828 310/405/1829 309/404/1830
f 292/305/1831 293/306/1832 311/407/1833
f 311/407/1834 310/406/1835 292/305/1836
f 293/306/1837 294/307/1838 312/408/1839
f 312/408/1840 311/407/1841 293/306/1842
f 294/307/1843 289/320/1844 307/402/1845
f 307/402/1846 312/408/1847 294/307/1848
f 313/409/1849 217/294/1850 218/296/1851
f 218/296/1852 314/410/1853 313/409/1854
f 314/410/1855 218/296/1856 219/352/1857
f 219/352/1858 315/411/1859 314/410/1860
f 315/411/1861 219/352/1862 220/355/1863
f 220/355/1864 316/412/1865 315/411/1866
f 220/298/1867 221/290/1868 317/414/1869
f 317/414/1870 316/413/1871 220/298/1872
f 221/290/1873 222/292/1874 318/415/1875
f 318/415/1876 317/414/1877 221/290/1878
f 222/292/1879 217/294/1880 313/409/1881
f 313/409/1882 318/415/1883 222/292/1884
f 321/418/1885 223/295/1886 224/300/1887
f 224/300/1888 320/417/1889 321/418/1890
f 320/417/1891 224/300/1892 225/353/1893
f 225/353/1894 319/416/1895 320/417/1896
f 319/416/1897 225/353/1898 226/354/1899
f 226/354/1900 324/421/1901 319/416/1902
f 226/299/1903 227/291/1904 323/420/1905
f 323/420/1906 324/422/1907 226/299/1908
f 227/291/1909 228/293/1910 322/419/1911
f 322/419/1912 323/420/1913 227/291/1914
f 228/293/1915 223/295/1916 321/418/1917
f 321/418/1918 322/419/1919 228/293/1920
f 326/424/1921 235/387/1922 236/392/1923
f 236/392/1924 325/423/1925 326/424/1926
f 325/423/1927 236/392/1928 237/312/1929
f 237/312/1930 330/429/1931 325/423/1932
f 330/429/1933 237/312/1934 238/366/1935
f 238/366/1936 329/427/1937 330/429/1938
f 238/343/1939 239/347/1940 328/426/1941
f 328/426/1942 329/428/1943 238/343/1944
f 239/347/1945 240/377/1946 327/425/1947
f 327/425/1948 328/426/1949 239/347/1950
f 240/377/1951 235/387/1952 326/424/1953
f 326/424/1954 327/425/1955 240/377/1956
f 332/431/1957 241/383/1958 242/390/1959
f 242/390/1960 331/430/1961 332/431/1962
f 331/430/1963 242/390/1964 243/316/1965
f 243/316/1966 336/436/1967 331/430/1968
f 336/436/1969 243/316/1970 244/365/1971
f 244/365/1972 335/434/1973 336/436/1974
f 244/339/1975 245/342/1976 334/433/1977
f 334/433/1978 335/435/1979 244/339/1980
f 245/342/1981 246/370/1982 333/432/1983
f 333/432/1984 334/433/1985 245/342/1986
f 246/370/1987 241/383/1988 332/431/1989
f 332/431/1990 333/432/1991 246/370/1992
f 339/439/1993 247/379/1994 248/388/1995
f 248/388/1996 338/438/1997 339/439/1998
f 338/438/1999 248/388/2000 249/321/2001
f 249/321/2002 337/437/2003 338/438/2004
f 337/437/2005 249/321/2006 250/364/2007
f 250/364/2008 342/442/2009 337/437/2010
f 250/334/2011 251/338/2012 341/441/2013
f 341/441/2014 342/443/2015 250/334/2016
f 251/338/2017 252/348/2018 340/440/2019
f 340/440/2020 341/441/2021 251/338/2022
f 252/348/2023 247/379/2024 339/439/2025
f 339/439/2026 340/440/2027 252/348/2028
f 344/445/2029 259/371/2030 260/384/2031
f 260/384/2032 343/444/2033 344/445/2034
f 343/444/2035 260/384/2036 261/329/2037
f 261/329/2038 348/450/2039 343/444/2040
f 348/450/2041 261/329/2042 262/362/2043
f 262/362/2044 347/448/2045 348/450/2046
f 262/326/2047 263/327/2048 346/447/2049
f 346/447/2050 347/449/2051 262/326/2052
f 263/327/2053 264/335/2054 345/446/2055
f 345/446/2056 346/447/2057 263/327/2058
f 264/335/2059 259/371/2060 344/445/2061
f 344/445/2062 345/446/2063 264/335/2064
f 350/452/2065 265/369/2066 266/382/2067
f 266/382/2068 349/451/2069 350/452/2070
f 349/451/2071 266/382/2072 267/333/2073
f 267/333/2074 354/457/2075 349/451/2076
f 354/457/2077 267/333/2078 268/361/2079
f 268/361/2080 353/455/2081 354/457/2082
f 268/322/2083 269/323/2084 352/454/2085
f 352/454/2086 353/456/2087 268/322/2088
f 269/323/2089 270/331/2090 351/453/2091
f 351/453/2092 352/454/2093 269/323/2094
f 270/331/2095 265/369/2096 350/452/2097
f 350/452/2098 351/453/2099 270/331/2100
f 357/460/2101 295/311/2102 296/372/2103
f 296/372/2104 356/459/2105 357/460/2106
f 356/459/2107 296/372/2108 297/356/2109
f 297/356/2110 355/458/2111 356/459/2112
f 355/458/2113 297/356/2114 298/357/2115
f 298/357/2116 360/463/2117 355/458/2118
f 298/301/2119 299/302/2120 359/462/2121
f 359/462/2122 360/464/2123 298/301/2124
f 299/302/2125 300/303/2126 358/461/2127
f 358/461/2128 359/462/2129 299/302/2130
f 300/303/2131 295/311/2132 357/460/2133
f 357/460/2134 358/461/2135 300/303/2136
f 363/467/2137 253/375/2138 254/386/2139
f 254/386/2140 362/466/2141 363/467/2142
f 362/466/2143 254/386/2144 255/325/2145
f 255/325/2146 361/465/2147 362/466/2148
f 361/465/2149 255/325/2150 256/363/2151
f 256/363/2152 366/470/2153 361/465/2154
f 256/330/2155 257/332/2156 365/469/2157
f 365/469/2158 366/471/2159 256/330/2160
f 257/332/2161 258/340/2162 364/468/2163
f 364/468/2164 365/469/2165 257/332/2166
f 258/340/2167 253/375/2168 363/467/2169
f 363/467/2170 364/468/2171 258/340/2172
f 367/472/2173 277/336/2174 278/378/2175
f 278/378/2176 368/473/2177 367/472/2178
f 368/473/2179 278/378/2180 279/341/2181
f 279/341/2182 369/474/2183 368/473/2184
f 369/474/2185 279/341/2186 280/350/2187
f 280/350/2188 370/475/2189 369/474/2190
f 280/313/2191 281/314/2192 371/477/2193
f 371/477/2194 370/476/2195 280/313/2196
f 281/314/2197 282/319/2198 372/478/2199
f 372/478/2200 371/477/2201 281/314/2202
f 282/319/2203 277/336/2204 367/472/2205
f 367/472/2206 372/478/2207 282/319/2208
f 375/481/2209 271/344/2210 272/380/2211
f 272/380/2212 374/480/2213 375/481/2214
f 374/480/2215 272/380/2216 273/337/2217
f 273/337/2218 373/479/2219 374/480/2220
f 373/479/2221 273/337/2222 274/360/2223
f 274/360/2224 378/484/2225 373/479/2226
f 274/317/2227 275/318/2228 377/483/2229
f 377/483/2230 378/485/2231 274/317/2232
f 275/318/2233 276/324/2234 376/482/2235
f 376/482/2236 377/483/2237 275/318/2238
f 276/324/2239 271/344/2240 375/481/2241
f 375/481/2242 376/482/2243 276/324/2244
f 381/488/2245 229/391/2246 230/394/2247
f 230/394/2248 380/487/2249 381/488/2250
f 380/487/2251 230/394/2252 231/308/2253
f 231/308/2254 379/486/2255 380/487/2256
f 379/486/2257 231/308/2258 232/367/2259
f 232/367/2260 384/491/2261 379/486/2262
f 232/351/2263 233/373/2264 383/490/2265
f 383/490/2266 384/492/2267 232/351/2268
f 233/373/2269 234/385/2270 382/489/2271
f 382/489/2272 383/490/2273 233/373/2274
f 234/385/2275 229/391/2276 381/488/2277
f 381/488/2278 382/489/2279 234/385/2280
f 412/546/2281 419/553/2282 420/554/2283
f 420/554/2284 411/545/2285 412/546/2286
f 426/560/2287 412/546/2288 411/545/2289
f 411/545/2290 425/559/2291 426/560/2292
f 433/567/2293 426/560/2294 425/559/2295
f 425/559/2296 432/566/2297 433/567/2298
f 440/574/2299 433/567/2300 432/566/2301
f 432/566/2302 439/573/2303 440/574/2304
f 447/588/2305 440/581/2306 439/580/2307
f 439/580/2308 446/587/2309 447/588/2310
f 454/595/2311 447/588/2312 446/587/2313
f 446/587/2314 453/594/2315 454/595/2316
f 461/602/2317 454/595/2318 453/594/2319
f 453/594/2320 460/601/2321 461/602/2322
f 468/609/2323 461/602/2324 460/601/2325
f 460/601/2326 467/608/2327 468/609/2328
f 475/616/2329 468/609/2330 467/608/2331
f 467/608/2332 474/615/2333 475/616/2334
f 482/623/2335 475/616/2336 474/615/2337
f 474/615/2338 481/622/2339 482/623/2340
f 489/630/2341 482/623/2342 481/622/2343
f 481/622/2344 488/629/2345 489/630/2346
f 419/553/2347 489/630/2348 488/629/2349
f 488/629/2350 420/554/2351 419/553/2352
f 401/516/2353 385/517/2354 405/514/2355
f 405/514/2356 403/515/2357 401/516/2358
f 397/519/2359 393/520/2360 401/516/2361
f 401/516/2362 399/518/2363 397/519/2364
f 397/519/2365 395/521/2366 393/520/2367
f 389/523/2368 385/517/2369 393/520/2370
f 393/520/2371 391/522/2372 389/523/2373
f 389/523/2374 386/524/2375 385/517/2376
f 401/516/2377 393/520/2378 385/517/2379
f 407/525/2380 405/514/2381 385/517/2382
f 392/528/2383 408/529/2384 387/526/2385
f 387/526/2386 390/527/2387 392/528/2388
f 396/531/2389 400/532/2390 392/528/2391
f 392/528/2392 394/530/2393 396/531/2394
f 396/531/2395 398/533/2396 400/532/2397
f 404/535/2398 408/529/2399 400/532/2400
f 400/532/2401 402/534/2402 404/535/2403
f 404/535/2404 406/536/2405 408/529/2406
f 392/528/2407 400/532/2408 408/529/2409
f 388/537/2410 387/526/2411 408/529/2412
f 387/497/2413 388/538/2414 416/550/2415
f 416/550/2416 415/549/2417 387/497/2418
f 415/549/2419 416/550/2420 417/551/2421
f 417/551/2422 414/548/2423 415/549/2424
f 414/548/2425 417/551/2426 418/552/2427
f 418/552/2428 413/547/2429 414/548/2430
f 413/547/2431 418/552/2432 419/553/2433
f 419/553/2434 412/546/2435 413/547/2436
f 385/493/2437 386/494/2438 409/543/2439
f 409/543/2440 422/556/2441 385/493/2442
f 422/556/2443 409/543/2444 410/544/2445
f 410/544/2446 421/555/2447 422/556/2448
f 421/555/2449 410/544/2450 411/545/2451
f 411/545/2452 420/554/2453 421/555/2454
f 390/496/2455 387/497/2456 415/549/2457
f 415/549/2458 429/563/2459 390/496/2460
f 429/563/2461 415/549/2462 414/548/2463
f 414/548/2464 428/562/2465 429/563/2466
f 428/562/2467 414/548/2468 413/547/2469
f 413/547/2470 427/561/2471 428/562/2472
f 427/561/2473 413/547/2474 412/546/2475
f 412/546/2476 426/560/2477 427/561/2478
f 386/494/2479 389/495/2480 423/557/2481
f 423/557/2482 409/543/2483 386/494/2484
f 409/543/2485 423/557/2486 424/558/2487
f 424/558/2488 410/544/2489 409/543/2490
f 410/544/2491 424/558/2492 425/559/2493
f 425/559/2494 411/545/2495 410/544/2496
f 392/499/2497 390/496/2498 429/563/2499
f 429/563/2500 436/570/2501 392/499/2502
f 436/570/2503 429/563/2504 428/562/2505
f 428/562/2506 435/569/2507 436/570/2508
f 435/569/2509 428/562/2510 427/561/2511
f 427/561/2512 434/568/2513 435/569/2514
f 434/568/2515 427/561/2516 426/560/2517
f 426/560/2518 433/567/2519 434/568/2520
f 389/495/2521 391/498/2522 430/564/2523
f 430/564/2524 423/557/2525 389/495/2526
f 423/557/2527 430/564/2528 431/565/2529
f 431/565/2530 424/558/2531 423/557/2532
f 424/558/2533 431/565/2534 432/566/2535
f 432/566/2536 425/559/2537 424/558/2538
f 394/541/2539 392/499/2540 436/570/2541
f 436/570/2542 443/577/2543 394/541/2544
f 443/577/2545 436/570/2546 435/569/2547
f 435/569/2548 442/576/2549 443/577/2550
f 442/576/2551 435/569/2552 434/568/2553
f 434/568/2554 441/575/2555 442/576/2556
f 441/575/2557 434/568/2558 433/567/2559
f 433/567/2560 440/574/2561 441/575/2562
f 391/498/2563 393/540/2564 437/571/2565
f 437/571/2566 430/564/2567 391/498/2568
f 430/564/2569 437/571/2570 438/572/2571
f 438/572/2572 431/565/2573 430/564/2574
f 431/565/2575 438/572/2576 439/573/2577
f 439/573/2578 432/566/2579 431/565/2580
f 396/502/2581 394/503/2582 443/584/2583
f 443/584/2584 450/591/2585 396/502/2586
f 450/591/2587 443/584/2588 442/583/2589
f 442/583/2590 449/590/2591 450/591/2592
f 449/590/2593 442/583/2594 441/582/2595
f 441/582/2596 448/589/2597 449/590/2598
f 448/589/2599 441/582/2600 440/581/2601
f 440/581/2602 447/588/2603 448/589/2604
f 393/500/2605 395/501/2606 444/585/2607
f 444/585/2608 437/578/2609 393/500/2610
f 438/579/2611 437/578/2612 444/585/2613
f 444/585/2614 445/586/2615 438/579/2616
f 438/579/2617 445/586/2618 446/587/2619
f 446/587/2620 439/580/2621 438/579/2622
f 398/539/2623 396/502/2624 450/591/2625
f 450/591/2626 457/598/2627 398/539/2628
f 457/598/2629 450/591/2630 449/590/2631
f 449/590/2632 456/597/2633 457/598/2634
f 456/597/2635 449/590/2636 448/589/2637
f 448/589/2638 455/596/2639 456/597/2640
f 455/596/2641 448/589/2642 447/588/2643
f 447/588/2644 454/595/2645 455/596/2646
f 395/501/2647 397/504/2648 451/592/2649
f 451/592/2650 444/585/2651 395/501/2652
f 444/585/2653 451/592/2654 452/593/2655
f 452/593/2656 445/586/2657 444/585/2658
f 445/586/2659 452/593/2660 453/594/2661
f 453/594/2662 446/587/2663 445/586/2664
f 400/508/2665 398/539/2666 457/598/2667
f 457/598/2668 464/605/2669 400/508/2670
f 464/605/2671 457/598/2672 456/597/2673
f 456/597/2674 463/604/2675 464/605/2676
f 463/604/2677 456/597/2678 455/596/2679
f 455/596/2680 462/603/2681 463/604/2682
f 462/603/2683 455/596/2684 454/595/2685
f 454/595/2686 461/602/2687 462/603/2688
f 397/504/2689 399/505/2690 458/599/2691
f 458/599/2692 451/592/2693 397/504/2694
f 451/592/2695 458/599/2696 459/600/2697
f 459/600/2698 452/593/2699 451/592/2700
f 452/593/2701 459/600/2702 460/601/2703
f 460/601/2704 453/594/2705 452/593/2706
f 402/507/2707 400/508/2708 464/605/2709
f 464/605/2710 471/612/2711 402/507/2712
f 471/612/2713 464/605/2714 463/604/2715
f 463/604/2716 470/611/2717 471/612/2718
f 470/611/2719 463/604/2720 462/603/2721
f 462/603/2722 469/610/2723 470/611/2724
f 469/610/2725 462/603/2726 461/602/2727
f 461/602/2728 468/609/2729 469/610/2730
f 399/505/2731 401/506/2732 465/606/2733
f 465/606/2734 458/599/2735 399/505/2736
f 459/600/2737 458/599/2738 465/606/2739
f 465/606/2740 466/607/2741 459/600/2742
f 459/600/2743 466/607/2744 467/608/2745
f 467/608/2746 460/601/2747 459/600/2748
f 404/542/2749 402/507/2750 471/612/2751
f 471/612/2752 478/619/2753 404/542/2754
f 478/619/2755 471/612/2756 470/611/2757
f 470/611/2758 477/618/2759 478/619/2760
f 477/618/2761 470/611/2762 469/610/2763
f 469/610/2764 476/617/2765 477/618/2766
f 476/617/2767 469/610/2768 468/609/2769
f 468/609/2770 475/616/2771 476/617/2772
f 401/506/2773 403/509/2774 472/613/2775
f 472/613/2776 465/606/2777 401/506/2778
f 466/607/2779 465/606/2780 472/613/2781
f 472/613/2782 473/614/2783 466/607/2784
f 466/607/2785 473/614/2786 474/615/2787
f 474/615/2788 467/608/2789 466/607/2790
f 406/513/2791 404/542/2792 478/619/2793
f 478/619/2794 485/626/2795 406/513/2796
f 485/626/2797 478/619/2798 477/618/2799
f 477/618/2800 484/625/2801 485/626/2802
f 484/625/2803 477/618/2804 476/617/2805
f 476/617/2806 483/624/2807 484/625/2808
f 483/624/2809 476/617/2810 475/616/2811
f 475/616/2812 482/623/2813 483/624/2814
f 403/509/2815 405/510/2816 479/620/2817
f 479/620/2818 472/613/2819 403/509/2820
f 472/613/2821 479/620/2822 480/621/2823
f 480/621/2824 473/614/2825 472/613/2826
f 473/614/2827 480/621/2828 481/622/2829
f 481/622/2830 474/615/2831 473/614/2832
f 408/512/2833 406/513/2834 485/626/2835
f 485/626/2836 492/633/2837 408/512/2838
f 492/633/2839 485/626/2840 484/625/2841
f 484/625/2842 491/632/2843 492/633/2844
f 491/632/2845 484/625/2846 483/624/2847
f 483/624/2848 490/631/2849 491/632/2850
f 490/631/2851 483/624/2852 482/623/2853
f 482/623/2854 489/630/2855 490/631/2856
f 405/510/2857 407/511/2858 486/627/2859
f 486/627/2860 479/620/2861 405/510/2862
f 479/620/2863 486/627/2864 487/628/2865
f 487/628/2866 480/621/2867 479/620/2868
f 480/621/2869 487/628/2870 488/629/2871
f 488/629/2872 481/622/2873 480/621/2874
f 388/538/2875 408/512/2876 492/633/2877
f 492/633/2878 416/550/2879 388/538/2880
f 416/550/2881 492/633/2882 491/632/2883
f 491/632/2884 417/551/2885 416/550/2886
f 417/551/2887 491/632/2888 490/631/2889
f 490/631/2890 418/552/2891 417/551/2892
f 418/552/2893 490/631/2894 489/630/2895
f 489/630/2896 419/553/2897 418/552/2898
f 407/511/2899 385/493/2900 422/556/2901
f 422/556/2902 486/627/2903 407/511/2904
f 487/628/2905 486/627/2906 422/556/2907
f 422/556/2908 421/555/2909 487/628/2910
f 487/628/2911 421/555/2912 420/554/2913
f 420/554/2914 488/629/2915 487/628/2916
f 520/687/2917 527/694/2918 528/695/2919
f 528/695/2920 519/686/2921 520/687/2922
f 534/701/2923 520/687/2924 519/686/2925
f 519/686/2926 533/700/2927 534/701/2928
f 541/708/2929 534/701/2930 533/700/2931
f 533/700/2932 540/707/2933 541/708/2934
f 548/715/2935 541/708/2936 540/707/2937
f 540/707/2938 547/714/2939 548/715/2940
f 555/729/2941 548/722/2942 547/721/2943
f 547/721/2944 554/728/2945 555/729/2946
f 562/736/2947 555/729/2948 554/728/2949
f 554/728/2950 561/735/2951 562/736/2952
f 569/743/2953 562/736/2954 561/735/2955
f 561/735/2956 568/742/2957 569/743/2958
f 576/750/2959 569/743/2960 568/742/2961
f 568/742/2962 575/749/2963 576/750/2964
f 583/757/2965 576/750/2966 575/749/2967
f 575/749/2968 582/756/2969 583/757/2970
f 590/764/2971 583/757/2972 582/756/2973
f 582/756/2974 589/763/2975 590/764/2976
f 597/771/2977 590/764/2978 589/763/2979
f 589/763/2980 596/770/2981 597/771/2982
f 527/694/2983 597/771/2984 596/770/2985
f 596/770/2986 528/695/2987 527/694/2988
f 509/657/2989 493/658/2990 513/655/2991
f 513/655/2992 511/656/2993 509/657/2994
f 505/660/2995 501/661/2996 509/657/2997
f 509/657/2998 507/659/2999 505/660/3000
f 505/660/3001 503/662/3002 501/661/3003
f 497/664/3004 493/658/3005 501/661/3006
f 501/661/3007 499/663/3008 497/664/3009
f 497/664/3010 494/665/3011 493/658/3012
f 509/657/3013 501/661/3014 493/658/3015
f 515/666/3016 513/655/3017 493/658/3018
f 500/669/3019 516/670/3020 495/667/3021
f 495/667/3022 498/668/3023 500/669/3024
f 504/672/3025 508/673/3026 500/669/3027
f 500/669/3028 502/671/3029 504/672/3030
f 504/672/3031 506/674/3032 508/673/3033
f 512/676/3034 516/670/3035 508/673/3036
f 508/673/3037 510/675/3038 512/676/3039
f 512/676/3040 514/677/3041 516/670/3042
f 500/669/3043 508/673/3044 516/670/3045
f 496/678/3046 495/667/3047 516/670/3048
f 495/638/3049 496/679/3050 524/691/3051
f 524/691/3052 523/690/3053 495/638/3054
f 523/690/3055 524/691/3056 525/692/3057
f 525/692/3058 522/689/3059 523/690/3060
f 522/689/3061 525/692/3062 526/693/3063
f 526/693/3064 521/688/3065 522/689/3066
f 521/688/3067 526/693/3068 527/694/3069
f 527/694/3070 520/687/3071 521/688/3072
f 493/634/3073 494/635/3074 517/684/3075
f 517/684/3076 530/697/3077 493/634/3078
f 530/697/3079 517/684/3080 518/685/3081
f 518/685/3082 529/696/3083 530/697/3084
f 529/696/3085 518/685/3086 519/686/3087
f 519/686/3088 528/695/3089 529/696/3090
f 498/637/3091 495/638/3092 523/690/3093
f 523/690/3094 537/704/3095 498/637/3096
f 537/704/3097 523/690/3098 522/689/3099
f 522/689/3100 536/703/3101 537/704/3102
f 536/703/3103 522/689/3104 521/688/3105
f 521/688/3106 535/702/3107 536/703/3108
f 535/702/3109 521/688/3110 520/687/3111
f 520/687/3112 534/701/3113 535/702/3114
f 494/635/3115 497/636/3116 531/698/3117
f 531/698/3118 517/684/3119 494/635/3120
f 517/684/3121 531/698/3122 532/699/3123
f 532/699/3124 518/685/3125 517/684/3126
f 518/685/3127 532/699/3128 533/700/3129
f 533/700/3130 519/686/3131 518/685/3132
f 500/640/3133 498/637/3134 537/704/3135
f 537/704/3136 544/711/3137 500/640/3138
f 544/711/3139 537/704/3140 536/703/3141
f 536/703/3142 543/710/3143 544/711/3144
f 543/710/3145 536/703/3146 535/702/3147
f 535/702/3148 542/709/3149 543/710/3150
f 542/709/3151 535/702/3152 534/701/3153
f 534/701/3154 541/708/3155 542/709/3156
f 497/636/3157 499/639/3158 538/705/3159
f 538/705/3160 531/698/3161 497/636/3162
f 531/698/3163 538/705/3164 539/706/3165
f 539/706/3166 532/699/3167 531/698/3168
f 532/699/3169 539/706/3170 540/707/3171
f 540/707/3172 533/700/3173 532/699/3174
f 502/682/3175 500/640/3176 544/711/3177
f 544/711/3178 551/718/3179 502/682/3180
f 551/718/3181 544/711/3182 543/710/3183
f 543/710/3184 550/717/3185 551/718/3186
f 550/717/3187 543/710/3188 542/709/3189
f 542/709/3190 549/716/3191 550/717/3192
f 549/716/3193 542/709/3194 541/708/3195
f 541/708/3196 548/715/3197 549/716/3198
f 499/639/3199 501/681/3200 545/712/3201
f 545/712/3202 538/705/3203 499/639/3204
f 538/705/3205 545/712/3206 546/713/3207
f 546/713/3208 539/706/3209 538/705/3210
f 539/706/3211 546/713/3212 547/714/3213
f 547/714/3214 540/707/3215 539/706/3216
f 504/643/3217 502/644/3218 551/725/3219
f 551/725/3220 558/732/3221 504/643/3222
f 558/732/3223 551/725/3224 550/724/3225
f 550/724/3226 557/731/3227 558/732/3228
f 557/731/3229 550/724/3230 549/723/3231
f 549/723/3232 556/730/3233 557/731/3234
f 556/730/3235 549/723/3236 548/722/3237
f 548/722/3238 555/729/3239 556/730/3240
f 501/641/3241 503/642/3242 552/726/3243
f 552/726/3244 545/719/3245 501/641/3246
f 546/720/3247 545/719/3248 552/726/3249
f 552/726/3250 553/727/3251 546/720/3252
f 546/720/3253 553/727/3254 554/728/3255
f 554/728/3256 547/721/3257 546/720/3258
f 506/680/3259 504/643/3260 558/732/3261
f 558/732/3262 565/739/3263 506/680/3264
f 565/739/3265 558/732/3266 557/731/3267
f 557/731/3268 564/738/3269 565/739/3270
f 564/738/3271 557/731/3272 556/730/3273
f 556/730/3274 563/737/3275 564/738/3276
f 563/737/3277 556/730/3278 555/729/3279
f 555/729/3280 562/736/3281 563/737/3282
f 503/642/3283 505/645/3284 559/733/3285
f 559/733/3286 552/726/3287 503/642/3288
f 552/726/3289 559/733/3290 560/734/3291
f 560/734/3292 553/727/3293 552/726/3294
f 553/727/3295 560/734/3296 561/735/3297
f 561/735/3298 554/728/3299 553/727/3300
f 508/649/3301 506/680/3302 565/739/3303
f 565/739/3304 572/746/3305 508/649/3306
f 572/746/3307 565/739/3308 564/738/3309
f 564/738/3310 571/745/3311 572/746/3312
f 571/745/3313 564/738/3314 563/737/3315
f 563/737/3316 570/744/3317 571/745/3318
f 570/744/3319 563/737/3320 562/736/3321
f 562/736/3322 569/743/3323 570/744/3324
f 505/645/3325 507/646/3326 566/740/3327
f 566/740/3328 559/733/3329 505/645/3330
f 559/733/3331 566/740/3332 567/741/3333
f 567/741/3334 560/734/3335 559/733/3336
f 560/734/3337 567/741/3338 568/742/3339
f 568/742/3340 561/735/3341 560/734/3342
f 510/648/3343 508/649/3344 572/746/3345
f 572/746/3346 579/753/3347 510/648/3348
f 579/753/3349 572/746/3350 571/745/3351
f 571/745/3352 578/752/3353 579/753/3354
f 578/752/3355 571/745/3356 570/744/3357
f 570/744/3358 577/751/3359 578/752/3360
f 577/751/3361 570/744/3362 569/743/3363
f 569/743/3364 576/750/3365 577/751/3366
f 507/646/3367 509/647/3368 573/747/3369
f 573/747/3370 566/740/3371 507/646/3372
f 567/741/3373 566/740/3374 573/747/3375
f 573/747/3376 574/748/3377 567/741/3378
f 567/741/3379 574/748/3380 575/749/3381
f 575/749/3382 568/742/3383 567/741/3384
f 512/683/3385 510/648/3386 579/753/3387
f 579/753/3388 586/760/3389 512/683/3390
f 586/760/3391 579/753/3392 578/752/3393
f 578/752/3394 585/759/3395 586/760/3396
f 585/759/3397 578/752/3398 577/751/3399
f 577/751/3400 584/758/3401 585/759/3402
f 584/758/3403 577/751/3404 576/750/3405
f 576/750/3406 583/757/3407 584/758/3408
f 509/647/3409 511/650/3410 580/754/3411
f 580/754/3412 573/747/3413 509/647/3414
f 574/748/3415 573/747/3416 580/754/3417
f 580/754/3418 581/755/3419 574/748/3420
f 574/748/3421 581/755/3422 582/756/3423
f 582/756/3424 575/749/3425 574/748/3426
f 514/654/3427 512/683/3428 586/760/3429
f 586/760/3430 593/767/3431 514/654/3432
f 593/767/3433 586/760/3434 585/759/3435
f 585/759/3436 592/766/3437 593/767/3438
f 592/766/3439 585/759/3440 584/758/3441
f 584/758/3442 591/765/3443 592/766/3444
f 591/765/3445 584/758/3446 583/757/3447
f 583/757/3448 590/764/3449 591/765/3450
f 511/650/3451 513/651/3452 587/761/3453
f 587/761/3454 580/754/3455 511/650/3456
f 580/754/3457 587/761/3458 588/762/3459
f 588/762/3460 581/755/3461 580/754/3462
f 581/755/3463 588/762/3464 589/763/3465
f 589/763/3466 582/756/3467 581/755/3468
f 516/653/3469 514/654/3470 593/767/3471
f 593/767/3472 600/774/3473 516/653/3474
f 600/774/3475 593/767/3476 592/766/3477
f 592/766/3478 599/773/3479 600/774/3480
f 599/773/3481 592/766/3482 591/765/3483
f 591/765/3484 598/772/3485 599/773/3486
f 598/772/3487 591/765/3488 590/764/3489
f 590/764/3490 597/771/3491 598/772/3492
f 513/651/3493 515/652/3494 594/768/3495
f 594/768/3496 587/761/3497 513/651/3498
f 587/761/3499 594/768/3500 595/769/3501
f 595/769/3502 588/762/3503 587/761/3504
f 588/762/3505 595/769/3506 596/770/3507
f 596/770/3508 589/763/3509 588/762/3510
f 496/679/3511 516/653/3512 600/774/3513
f 600/774/3514 524/691/3515 496/679/3516
f 524/691/3517 600/774/3518 599/773/3519
f 599/773/3520 525/692/3521 524/691/3522
f 525/692/3523 599/773/3524 598/772/3525
f 598/772/3526 526/693/3527 525/692/3528
f 526/693/3529 598/772/3530 597/771/3531
f 597/771/3532 527/694/3533 526/693/3534
f 515/652/3535 493/634/3536 530/697/3537
f 530/697/3538 594/768/3539 515/652/3540
f 595/769/3541 594/768/3542 530/697/3543
f 530/697/3544 529/696/3545 595/769/3546
f 595/769/3547 529/696/3548 528/695/3549
f 528/695/3550 596/770/3551 595/769/3552
f 603/777/3553 604/778/3554 601/775/3555
f 601/775/3556 602/776/3557 603/777/3558
f 605/781/3559 606/782/3560 601/779/3561
f 601/779/3562 604/780/3563 605/781/3564
f 609/785/3565 610/786/3566 607/783/3567
f 607/783/3568 608/784/3569 609/785/3570
f 609/789/3571 612/790/3572 611/787/3573
f 611/787/3574 610/788/3575 609/789/3576
f 604/793/3577 603/794/3578 607/791/3579
f 607/791/3580 610/792/3581 604/793/3582
f 602/797/3583 601/798/3584 609/795/3585
f 609/795/3586 608/796/3587 602/797/3588
f 603/801/3589 602/802/3590 608/799/3591
f 608/799/3592 607/800/3593 603/801/3594
f 606/805/3595 605/806/3596 611/803/3597
f 611/803/3598 612/804/3599 606/805/3600
f 601/798/3601 606/808/3602 612/807/3603
f 612/807/3604 609/795/3605 601/798/3606
f 605/810/3607 604/793/3608 610/792/3609
f 610/792/3610 611/809/3611 605/810/3612
f 615/813/3613 616/814/3614 613/811/3615
f 613/811/3616 614/812/3617 615/813/3618
f 617/817/3619 618/818/3620 613/815/3621
f 613/815/3622 616/816/3623 617/817/3624
f 621/821/3625 622/822/3626 619/819/3627
f 619/819/3628 620/820/3629 621/821/3630
f 621/825/3631 624/826/3632 623/823/3633
f 623/823/3634 622/824/3635 621/825/3636
f 616/829/3637 615/830/3638 619/827/3639
f 619/827/3640 622/828/3641 616/829/3642
f 614/833/3643 613/834/3644 621/831/3645
f 621/831/3646 620/832/3647 614/833/3648
f 615/837/3649 614/838/3650 620/835/3651
f 620/835/3652 619/836/3653 615/837/3654
f 618/841/3655 617/842/3656 623/839/3657
f 623/839/3658 624/840/3659 618/841/3660
f 613/834/3661 618/844/3662 624/843/3663
f 624/843/3664 621/831/3665 613/834/3666
f 617/846/3667 616/829/3668 622/828/3669
f 622/828/3670 623/845/3671 617/846/3672
f 627/849/3673 626/848/3674 625/847/3675
f 625/847/3676 628/850/3677 627/849/3678
f 629/853/3679 628/852/3680 625/851/3681
f 625/851/3682 630/854/3683 629/853/3684
f 633/857/3685 632/856/3686 631/855/3687
f 631/855/3688 634/858/3689 633/857/3690
f 633/861/3691 634/860/3692 635/859/3693
f 635/859/3694 636/862/3695 633/861/3696
f 628/865/3697 634/864/3698 631/863/3699
f 631/863/3700 627/866/3701 628/865/3702
f 626/869/3703 632/868/3704 633/867/3705
f 633/867/3706 625/870/3707 626/869/3708
f 627/873/3709 631/872/3710 632/871/3711
f 632/871/3712 626/874/3713 627/873/3714
f 630/877/3715 636/876/3716 635/875/3717
f 635/875/3718 629/878/3719 630/877/3720
f 625/870/3721 633/867/3722 636/879/3723
f 636/879/3724 630/880/3725 625/870/3726
f 629/882/3727 635/881/3728 634/864/3729
f 634/864/3730 628/865/3731 629/882/3732
f 639/885/3733 638/884/3734 637/883/3735
f 637/883/3736 640/886/3737 639/885/3738
f 641/889/3739 640/888/3740 637/887/3741
f 637/887/3742 642/890/3743 641/889/3744
f 645/893/3745 644/892/3746 643/891/3747
f 643/891/3748 646/894/3749 645/893/3750
f 645/897/3751 646/896/3752 647/895/3753
f 647/895/3754 648/898/3755 645/897/3756
f 640/901/3757 646/900/3758 643/899/3759
f 643/899/3760 639/902/3761 640/901/3762
f 638/905/3763 644/904/3764 645/903/3765
f 645/903/3766 637/906/3767 638/905/3768
f 639/909/3769 643/908/3770 644/907/3771
f 644/907/3772 638/910/3773 639/909/3774
f 642/913/3775 648/912/3776 647/911/3777
f 647/911/3778 641/914/3779 642/913/3780
f 637/906/3781 645/903/3782 648/915/3783
f 648/915/3784 642/916/3785 637/906/3786
f 641/918/3787 647/917/3788 646/900/3789
f 646/900/3790 640/901/3791 641/918/3792
f 651/941/3793 652/942/3794 649/939/3795
f 649/939/3796 650/940/3797 651/941/3798
f 655/921/3799 656/922/3800 653/919/3801
f 653/919/3802 654/920/3803 655/921/3804
f 650/934/3805 649/931/3806 655/932/3807
f 655/932/3808 654/933/3809 650/934/3810
f 653/937/3811 656/938/3812 652/935/3813
f 652/935/3814 651/936/3815 653/937/3816
f 649/923/3817 652/924/3818 656/925/3819
f 656/925/3820 655/926/3821 649/923/3822
f 651/927/3823 650/928/3824 654/929/3825
f 654/929/3826 653/930/3827 651/927/3828
f 659/945/3829 660/946/3830 657/943/3831
f 657/943/3832 658/944/3833 659/945/3834
f 661/949/3835 662/950/3836 657/947/3837
f 657/947/3838 660/948/3839 661/949/3840
f 665/953/3841 666/954/3842 663/951/3843
f 663/951/3844 664/952/3845 665/953/3846
f 665/957/3847 668/958/3848 667/955/3849
f 667/955/3850 666/956/3851 665/957/3852
f 660/961/3853 659/962/3854 663/959/3855
f 663/959/3856 666/960/3857 660/961/3858
f 658/965/3859 657/966/3860 665/963/3861
f 665/963/3862 664/964/3863 658/965/3864
f 659/969/3865 658/970/3866 664/967/3867
f 664/967/3868 663/968/3869 659/969/3870
f 662/973/3871 661/974/3872 667/971/3873
f 667/971/3874 668/972/3875 662/973/3876
f 657/966/3877 662/976/3878 668/975/3879
f 668/975/3880 665/963/3881 657/966/3882
f 661/978/3883 660/961/3884 666/960/3885
f 666/960/3886 667/977/3887 661/978/3888
f 671/981/3889 672/982/3890 669/979/3891
f 669/979/3892 670/980/3893 671/981/3894
f 673/985/3895 674/986/3896 669/983/3897
f 669/983/3898 672/984/3899 673/985/3900
f 677/989/3901 678/990/3902 675/987/3903
f 675/987/3904 676/988/3905 677/989/3906
f 677/993/3907 680/994/3908 679/991/3909
f 679/991/3910 678/992/3911 677/993/3912
f 672/997/3913 671/998/3914 675/995/3915
f 675/995/3916 678/996/3917 672/997/3918
f 670/1001/3919 669/1002/3920 677/999/3921
f 677/999/3922 676/1000/3923 670/1001/3924
f 671/1005/3925 670/1006/3926 676/1003/3927
f 676/1003/3928 675/1004/3929 671/1005/3930
f 674/1009/3931 673/1010/3932 679/1007/3933
f 679/1007/3934 680/1008/3935 674/1009/3936
f 669/1002/3937 674/1012/3938 680/1011/3939
f 680/1011/3940 677/999/3941 669/1002/3942
f 673/1014/3943 672/997/3944 678/996/3945
f 678/996/3946 679/1013/3947 673/1014/3948
f 683/1017/3949 682/1016/3950 681/1015/3951
f 681/1015/3952 684/1018/3953 683/1017/3954
f 685/1021/3955 684/1020/3956 681/1019/3957
f 681/1019/3958 686/1022/3959 685/1021/3960
f 689/1025/3961 688/1024/3962 687/1023/3963
f 687/1023/3964 690/1026/3965 689/1025/3966
f 689/1029/3967 690/1028/3968 691/1027/3969
f 691/1027/3970 692/1030/3971 689/1029/3972
f 684/1033/3973 690/1032/3974 687/1031/3975
f 687/1031/3976 683/1034/3977 684/1033/3978
f 682/1037/3979 688/1036/3980 689/1035/3981
f 689/1035/3982 681/1038/3983 682/1037/3984
f 683/1041/3985 687/1040/3986 688/1039/3987
f 688/1039/3988 682/1042/3989 683/1041/3990
f 686/1045/3991 692/1044/3992 691/1043/3993
f 691/1043/3994 685/1046/3995 686/1045/3996
f 681/1038/3997 689/1035/3998 692/1047/3999
f 692/1047/4000 686/1048/4001 681/1038/4002
f 685/1050/4003 691/1049/4004 690/1032/4005
f 690/1032/4006 684/1033/4007 685/1050/4008
f 695/1053/4009 694/1052/4010 693/1051/4011
f 693/1051/4012 696/1054/4013 695/1053/4014
f 697/1057/4015 696/1056/4016 693/1055/4017
f 693/1055/4018 698/1058/4019 697/1057/4020
f 701/1061/4021 700/1060/4022 699/1059/4023
f 699/1059/4024 702/1062/4025 701/1061/4026
f 701/1065/4027 702/1064/4028 703/1063/4029
f 703/1063/4030 704/1066/4031 701/1065/4032
f 696/1069/4033 702/1068/4034 699/1067/4035
f 699/1067/4036 695/1070/4037 696/1069/4038
f 694/1073/4039 700/1072/4040 701/1071/4041
f 701/1071/4042 693/1074/4043 694/1073/4044
f 695/1077/4045 699/1076/4046 700/1075/4047
f 700/1075/4048 694/1078/4049 695/1077/4050
f 698/1081/4051 704/1080/4052 703/1079/4053
f 703/1079/4054 697/1082/4055 698/1081/4056
f 693/1074/4057 701/1071/4058 704/1083/4059
f 704/1083/4060 698/1084/4061 693/1074/4062
f 697/1086/4063 703/1085/4064 702/1068/4065
f 702/1068/4066 696/1069/4067 697/1086/4068
f 707/1109/4069 708/1110/4070 705/1107/4071
f 705/1107/4072 706/1108/4073 707/1109/4074
f 711/1089/4075 712/1090/4076 709/1087/4077
f 709/1087/4078 710/1088/4079 711/1089/4080
f 706/1102/4081 705/1099/4082 711/1100/4083
f 711/1100/4084 710/1101/4085 706/1102/4086
f 709/1105/4087 712/1106/4088 708/1103/4089
f 708/1103/4090 707/1104/4091 709/1105/4092
f 705/1091/4093 708/1092/4094 712/1093/4095
f 712/1093/4096 711/1094/4097 705/1091/4098
f 707/1095/4099 706/1096/4100 710/1097/4101
f 710/1097/4102 709/1098/4103 707/1095/4104
f 715/1113/4105 716/1114/4106 713/1111/4107
f 713/1111/4108 714/1112/4109 715/1113/4110
f 719/1117/4111 720/1118/4112 717/1115/4113
f 717/1115/4114 718/1116/4115 719/1117/4116
f 714/1121/4117 713/1122/4118 719/1119/4119
f 719/1119/4120 718/1120/4121 714/1121/4122
f 717/1125/4123 720/1126/4124 716/1123/4125
f 716/1123/4126 715/1124/4127 717/1125/4128
f 713/1129/4129 716/1130/4130 720/1127/4131
f 720/1127/4132 719/1128/4133 713/1129/4134
f 715/1133/4135 714/1134/4136 718/1131/4137
f 718/1131/4138 717/1132/4139 715/1133/4140
f 755/1170/4141 722/1136/4142 740/1138/4143
f 740/1138/4144 746/1139/4145 755/1170/4146
f 742/1174/4147 723/1171/4148 721/1172/4149
f 721/1172/4150 741/1173/4151 742/1174/4152
f 743/1179/4153 739/1178/4154 723/1171/4155
f 723/1171/4156 742/1174/4157 743/1179/4158
f 740/1138/4159 722/1136/4160 737/1180/4161
f 737/1180/4162 745/1181/4163 740/1138/4164
f 747/1141/4165 721/1135/4166 722/1137/4167
f 722/1137/4168 755/1140/4169 747/1141/4170
f 721/1135/4171 747/1141/4172 750/1217/4173
f 722/1137/4174 721/1135/4175 723/1218/4176
f 724/1142/4177 748/1144/4178 725/1154/4179
f 741/1173/4180 721/1172/4181 750/1200/4182
f 750/1200/4183 752/1213/4184 741/1173/4185
f 744/1223/4186 738/1216/4187 739/1178/4188
f 739/1178/4189 743/1179/4190 744/1223/4191
f 745/1181/4192 737/1180/4193 738/1216/4194
f 738/1216/4195 744/1223/4196 745/1181/4197
f 725/1154/4198 748/1144/4199 727/1155/4200
f 736/1147/4201 735/1143/4202 729/1145/4203
f 729/1145/4204 726/1146/4205 736/1147/4206
f 731/1152/4207 730/1149/4208 724/1150/4209
f 724/1150/4210 725/1151/4211 731/1152/4212
f 732/1185/4213 731/1152/4214 725/1151/4215
f 725/1151/4216 727/1153/4217 732/1185/4218
f 735/1143/4219 734/1186/4220 728/1189/4221
f 728/1189/4222 729/1145/4223 735/1143/4224
f 733/1191/4225 732/1185/4226 727/1153/4227
f 727/1153/4228 748/1190/4229 733/1191/4230
f 734/1186/4231 733/1191/4232 748/1190/4233
f 748/1190/4234 728/1189/4235 734/1186/4236
f 722/1137/4237 723/1218/4238 737/1219/4239
f 723/1218/4240 738/1220/4241 737/1219/4242
f 723/1218/4243 739/1221/4244 738/1220/4245
f 746/1162/4246 740/1163/4247 735/1160/4248
f 735/1160/4249 736/1161/4250 746/1162/4251
f 742/1166/4252 741/1167/4253 730/1164/4254
f 730/1164/4255 731/1165/4256 742/1166/4257
f 743/1176/4258 742/1166/4259 731/1165/4260
f 731/1165/4261 732/1175/4262 743/1176/4263
f 744/1194/4264 743/1176/4265 732/1175/4266
f 732/1175/4267 733/1177/4268 744/1194/4269
f 745/1304/4270 744/1194/4271 733/1177/4272
f 733/1177/4273 734/1303/4274 745/1304/4275
f 740/1163/4276 745/1304/4277 734/1303/4278
f 734/1303/4279 735/1160/4280 740/1163/4281
f 746/1148/4282 736/1158/4283 756/1159/4284
f 748/1144/4285 724/1142/4286 749/1188/4287
f 751/1257/4288 749/1192/4289 724/1150/4290
f 724/1150/4291 730/1149/4292 751/1257/4293
f 752/1306/4294 751/1305/4295 730/1164/4296
f 730/1164/4297 741/1167/4298 752/1306/4299
f 750/1314/4300 816/1183/4301 817/1222/4302
f 747/1326/4303 799/1331/4304 818/1354/4305
f 818/1354/4306 750/1314/4307 747/1326/4308
f 789/1182/4309 749/1187/4310 753/1156/4311
f 753/1156/4312 792/1157/4313 789/1182/4314
f 753/1236/4315 749/1237/4316 751/1169/4317
f 751/1169/4318 752/1235/4319 753/1236/4320
f 746/1148/4321 756/1159/4322 754/1168/4323
f 754/1168/4324 755/1184/4325 746/1148/4326
f 754/1193/4327 756/1199/4328 757/1203/4329
f 757/1203/4330 802/1334/4331 801/1204/4332
f 754/1193/4333 757/1203/4334 801/1204/4335
f 754/1193/4336 801/1204/4337 803/1337/4338
f 789/1224/4339 768/1225/4340 748/1144/4341
f 748/1144/4342 749/1188/4343 789/1224/4344
f 780/1228/4345 773/1229/4346 729/1226/4347
f 729/1226/4348 728/1227/4349 780/1228/4350
f 773/1229/4351 774/1231/4352 726/1230/4353
f 726/1230/4354 729/1226/4355 773/1229/4356
f 768/1225/4357 780/1228/4358 728/1227/4359
f 728/1227/4360 748/1144/4361 768/1225/4362
f 803/1336/4363 805/1339/4364 793/1272/4365
f 793/1272/4366 754/1198/4367 803/1336/4368
f 782/1251/4369 758/1246/4370 760/1249/4371
f 760/1249/4372 759/1250/4373 782/1251/4374
f 762/1267/4375 761/1254/4376 783/1256/4377
f 783/1256/4378 784/1264/4379 762/1267/4380
f 761/1254/4381 763/1291/4382 785/1292/4383
f 785/1292/4384 783/1256/4385 761/1254/4386
f 764/1300/4387 758/1246/4388 782/1251/4389
f 782/1251/4390 787/1293/4391 764/1300/4392
f 762/1258/4393 766/1259/4394 765/1260/4395
f 765/1260/4396 758/1263/4397 762/1258/4398
f 765/1260/4399 760/1262/4400 758/1263/4401
f 758/1263/4402 761/1265/4403 762/1258/4404
f 767/1232/4405 769/1233/4406 768/1225/4407
f 766/1307/4408 762/1267/4409 784/1264/4410
f 784/1264/4411 791/1301/4412 766/1307/4413
f 763/1291/4414 770/1308/4415 786/1309/4416
f 786/1309/4417 785/1292/4418 763/1291/4419
f 770/1308/4420 764/1300/4421 787/1293/4422
f 787/1293/4423 786/1309/4424 770/1308/4425
f 769/1233/4426 771/1234/4427 768/1225/4428
f 775/1239/4429 774/1240/4430 773/1241/4431
f 773/1241/4432 772/1238/4433 775/1239/4434
f 777/1243/4435 769/1244/4436 767/1245/4437
f 767/1245/4438 776/1242/4439 777/1243/4440
f 778/1275/4441 771/1276/4442 769/1244/4443
f 769/1244/4444 777/1243/4445 778/1275/4446
f 772/1238/4447 773/1241/4448 780/1286/4449
f 780/1286/4450 779/1278/4451 772/1238/4452
f 774/1206/4453 775/1201/4454 736/1158/4455
f 736/1158/4456 726/1205/4457 774/1206/4458
f 781/1310/4459 768/1311/4460 771/1276/4461
f 771/1276/4462 778/1275/4463 781/1310/4464
f 779/1278/4465 780/1286/4466 768/1311/4467
f 768/1311/4468 781/1310/4469 779/1278/4470
f 758/1263/4471 764/1266/4472 761/1265/4473
f 761/1265/4474 764/1266/4475 770/1268/4476
f 761/1265/4477 770/1268/4478 763/1269/4479
f 759/1273/4480 775/1274/4481 772/1248/4482
f 772/1248/4483 782/1270/4484 759/1273/4485
f 783/1280/4486 777/1287/4487 776/1277/4488
f 776/1277/4489 784/1279/4490 783/1280/4491
f 785/1294/4492 778/1295/4493 777/1287/4494
f 777/1287/4495 783/1280/4496 785/1294/4497
f 786/1296/4498 781/1297/4499 778/1295/4500
f 778/1295/4501 785/1294/4502 786/1296/4503
f 787/1298/4504 779/1299/4505 781/1297/4506
f 781/1297/4507 786/1296/4508 787/1298/4509
f 782/1270/4510 772/1248/4511 779/1299/4512
f 779/1299/4513 787/1298/4514 782/1270/4515
f 736/1158/4516 775/1201/4517 788/1207/4518
f 788/1207/4519 756/1159/4520 736/1158/4521
f 759/1208/4522 788/1207/4523 775/1201/4524
f 789/1224/4525 767/1232/4526 768/1225/4527
f 790/1317/4528 776/1242/4529 767/1245/4530
f 767/1245/4531 789/1316/4532 790/1317/4533
f 791/1313/4534 784/1279/4535 776/1277/4536
f 776/1277/4537 790/1312/4538 791/1313/4539
f 800/1333/4540 798/1330/4541 808/1344/4542
f 808/1344/4543 809/1346/4544 800/1333/4545
f 797/1327/4546 795/1324/4547 810/1347/4548
f 810/1347/4549 811/1349/4550 797/1327/4551
f 808/1345/4552 798/1329/4553 799/1332/4554
f 799/1332/4555 807/1342/4556 808/1345/4557
f 812/1319/4558 819/1320/4559 766/1321/4560
f 766/1321/4561 791/1261/4562 812/1319/4563
f 766/1321/4564 813/1343/4565 820/1350/4566
f 752/1323/4567 791/1195/4568 792/1197/4569
f 792/1197/4570 753/1315/4571 752/1323/4572
f 792/1289/4573 791/1290/4574 790/1285/4575
f 790/1285/4576 789/1288/4577 792/1289/4578
f 793/1211/4579 760/1212/4580 765/1209/4581
f 806/1340/4582 802/1335/4583 757/1255/4584
f 757/1255/4585 794/1247/4586 806/1340/4587
f 793/1211/4588 788/1207/4589 759/1208/4590
f 759/1208/4591 760/1212/4592 793/1211/4593
f 793/1281/4594 805/1338/4595 804/1282/4596
f 804/1282/4597 806/1341/4598 794/1283/4599
f 793/1281/4600 804/1282/4601 794/1283/4602
f 793/1281/4603 794/1283/4604 788/1284/4605
f 757/1302/4606 756/1318/4607 788/1202/4608
f 788/1202/4609 794/1215/4610 757/1302/4611
f 797/1328/4612 811/1348/4613 812/1351/4614
f 812/1351/4615 796/1325/4616 797/1328/4617
f 747/1210/4618 755/1184/4619 754/1168/4620
f 754/1168/4621 793/1211/4622 765/1209/4623
f 765/1209/4624 747/1210/4625 754/1168/4626
f 809/1346/4627 814/1353/4628 815/1355/4629
f 815/1355/4630 800/1333/4631 809/1346/4632
f 795/1324/4633 815/1355/4634 814/1353/4635
f 814/1353/4636 810/1347/4637 795/1324/4638
f 817/1364/4639 816/1365/4640 815/1355/4641
f 815/1355/4642 795/1324/4643 817/1364/4644
f 796/1366/4645 817/1364/4646 795/1324/4647
f 795/1324/4648 797/1327/4649 796/1366/4650
f 818/1367/4651 799/1368/4652 798/1330/4653
f 798/1330/4654 800/1333/4655 818/1367/4656
f 818/1367/4657 800/1333/4658 815/1355/4659
f 815/1355/4660 816/1365/4661 818/1367/4662
f 805/1339/4663 803/1336/4664 801/1214/4665
f 801/1214/4666 804/1271/4667 805/1339/4668
f 809/1346/4669 808/1344/4670 807/1359/4671
f 807/1359/4672 820/1360/4673 809/1346/4674
f 811/1349/4675 810/1347/4676 819/1361/4677
f 819/1361/4678 812/1362/4679 811/1349/4680
f 819/1361/4681 810/1347/4682 814/1353/4683
f 814/1353/4684 813/1363/4685 819/1361/4686
f 820/1360/4687 813/1363/4688 814/1353/4689
f 814/1353/4690 809/1346/4691 820/1360/4692
f 802/1335/4693 806/1340/4694 804/1252/4695
f 804/1252/4696 801/1253/4697 802/1335/4698
f 807/1352/4699 765/1358/4700 766/1321/4701
f 766/1321/4702 820/1350/4703 807/1352/4704
f 819/1320/4705 813/1343/4706 766/1321/4707
f 818/1354/4708 816/1183/4709 750/1314/4710
f 796/1356/4711 752/1357/4712 750/1314/4713
f 750/1314/4714 817/1222/4715 796/1356/4716
f 791/1322/4717 752/1196/4718 796/1325/4719
f 796/1325/4720 812/1351/4721 791/1322/4722
f 747/1210/4723 765/1209/4724 807/1342/4725
f 807/1342/4726 799/1332/4727 747/1210/4728
f 823/1371/4729 824/1372/4730 821/1369/4731
f 821/1369/4732 822/1370/4733 823/1371/4734
f 824/1372/4735 826/1374/4736 825/1373/4737
f 825/1373/4738 821/1369/4739 824/1372/4740
f 826/1374/4741 828/1376/4742 827/1375/4743
f 827/1375/4744 825/1373/4745 826/1374/4746
f 828/1376/4747 830/1378/4748 829/1377/4749
f 829/1377/4750 827/1375/4751 828/1376/4752
f 830/1378/4753 832/1380/4754 831/1379/4755
f 831/1379/4756 829/1377/4757 830/1378/4758
f 832/1380/4759 834/1382/4760 833/1381/4761
f 833/1381/4762 831/1379/4763 832/1380/4764
f 834/1382/4765 836/1384/4766 835/1383/4767
f 835/1383/4768 833/1381/4769 834/1382/4770
f 836/1384/4771 838/1386/4772 837/1385/4773
f 837/1385/4774 835/1383/4775 836/1384/4776
f 838/1386/4777 840/1388/4778 839/1387/4779
f 839/1387/4780 837/1385/4781 838/1386/4782
f 840/1388/4783 842/1390/4784 841/1389/4785
f 841/1389/4786 839/1387/4787 840/1388/4788
f 842/1390/4789 844/1392/4790 843/1391/4791
f 843/1391/4792 841/1389/4793 842/1390/4794
f 844/1392/4795 846/1394/4796 845/1393/4797
f 845/1393/4798 843/1391/4799 844/1392/4800
f 846/1394/4801 848/1396/4802 847/1395/4803
f 847/1395/4804 845/1393/4805 846/1394/4806
f 848/1396/4807 850/1398/4808 849/1397/4809
f 849/1397/4810 847/1395/4811 848/1396/4812
f 850/1398/4813 852/1400/4814 851/1399/4815
f 851/1399/4816 849/1397/4817 850/1398/4818
f 852/1400/4819 854/1402/4820 853/1401/4821
f 853/1401/4822 851/1399/4823 852/1400/4824
f 854/1402/4825 856/1404/4826 855/1403/4827
f 855/1403/4828 853/1401/4829 854/1402/4830
f 856/1404/4831 823/1406/4832 822/1405/4833
f 822/1405/4834 855/1403/4835 856/1404/4836
f 821/1409/4837 858/1410/4838 857/1407/4839
f 857/1407/4840 822/1408/4841 821/1409/4842
f 825/1411/4843 859/1412/4844 858/1410/4845
f 858/1410/4846 821/1409/4847 825/1411/4848
f 827/1413/4849 860/1414/4850 859/1412/4851
f 859/1412/4852 825/1411/4853 827/1413/4854
f 829/1415/4855 861/1416/4856 860/1414/4857
f 860/1414/4858 827/1413/4859 829/1415/4860
f 831/1417/4861 862/1418/4862 861/1416/4863
f 861/1416/4864 829/1415/4865 831/1417/4866
f 833/1419/4867 863/1420/4868 862/1418/4869
f 862/1418/4870 831/1417/4871 833/1419/4872
f 835/1421/4873 864/1422/4874 863/1420/4875
f 863/1420/4876 833/1419/4877 835/1421/4878
f 837/1423/4879 865/1424/4880 864/1422/4881
f 864/1422/4882 835/1421/4883 837/1423/4884
f 839/1425/4885 866/1426/4886 865/1424/4887
f 865/1424/4888 837/1423/4889 839/1425/4890
f 841/1427/4891 867/1428/4892 866/1426/4893
f 866/1426/4894 839/1425/4895 841/1427/4896
f 843/1429/4897 868/1430/4898 867/1428/4899
f 867/1428/4900 841/1427/4901 843/1429/4902
f 845/1431/4903 869/1432/4904 868/1430/4905
f 868/1430/4906 843/1429/4907 845/1431/4908
f 847/1433/4909 870/1434/4910 869/1432/4911
f 869/1432/4912 845/1431/4913 847/1433/4914
f 849/1435/4915 871/1436/4916 870/1434/4917
f 870/1434/4918 847/1433/4919 849/1435/4920
f 851/1437/4921 872/1438/4922 871/1436/4923
f 871/1436/4924 849/1435/4925 851/1437/4926
f 853/1439/4927 873/1440/4928 872/1438/4929
f 872/1438/4930 851/1437/4931 853/1439/4932
f 855/1441/4933 874/1442/4934 873/1440/4935
f 873/1440/4936 853/1439/4937 855/1441/4938
f 822/1408/4939 857/1407/4940 874/1442/4941
f 874/1442/4942 855/1441/4943 822/1408/4944
f 859/1412/4945 860/1414/4946 861/1416/4947
f 864/1422/4948 865/1424/4949 866/1426/4950
f 859/1412/4951 861/1416/4952 873/1440/4953
f 873/1440/4954 858/1410/4955 859/1412/4956
f 872/1438/4957 873/1440/4958 861/1416/4959
f 861/1416/4960 862/1418/4961 872/1438/4962
f 872/1438/4963 862/1418/4964 863/1420/4965
f 863/1420/4966 871/1436/4967 872/1438/4968
f 866/1426/4969 867/1428/4970 870/1434/4971
f 870/1434/4972 864/1422/4973 866/1426/4974
f 871/1436/4975 863/1420/4976 864/1422/4977
f 864/1422/4978 870/1434/4979 871/1436/4980
f 873/1440/4981 857/1407/4982 858/1410/4983
f 873/1440/4984 874/1442/4985 857/1407/4986
f 870/1434/4987 867/1428/4988 868/1430/4989
f 868/1430/4990 869/1432/4991 870/1434/4992
f 832/1380/4993 830/1378/4994 875/1443/4995
f 875/1443/4996 876/1444/4997 832/1380/4998
f 834/1382/4999 832/1380/5000 876/1444/5001
f 876/1444/5002 877/1445/5003 834/1382/5004
f 836/1384/5005 834/1382/5006 877/1445/5007
f 877/1445/5008 878/1446/5009 836/1384/5010
f 838/1386/5011 836/1384/5012 878/1446/5013
f 878/1446/5014 879/1447/5015 838/1386/5016
f 850/1398/5017 848/1396/5018 880/1448/5019
f 880/1448/5020 881/1449/5021 850/1398/5022
f 884/1452/5023 885/1453/5024 882/1450/5025
f 882/1450/5026 883/1451/5027 884/1452/5028
f 887/1455/5029 884/1452/5030 883/1451/5031
f 883/1451/5032 886/1454/5033 887/1455/5034
f 889/1457/5035 887/1455/5036 886/1454/5037
f 886/1454/5038 888/1456/5039 889/1457/5040
f 875/1443/5041 889/1457/5042 888/1456/5043
f 888/1456/5044 890/1458/5045 875/1443/5046
f 876/1444/5047 875/1443/5048 890/1458/5049
f 890/1458/5050 891/1459/5051 876/1444/5052
f 877/1445/5053 876/1444/5054 891/1459/5055
f 891/1459/5056 892/1460/5057 877/1445/5058
f 878/1446/5059 877/1445/5060 892/1460/5061
f 892/1460/5062 893/1461/5063 878/1446/5064
f 879/1447/5065 878/1446/5066 893/1461/5067
f 893/1461/5068 894/1462/5069 879/1447/5070
f 896/1464/5071 879/1447/5072 894/1462/5073
f 894/1462/5074 895/1463/5075 896/1464/5076
f 898/1466/5077 896/1464/5078 895/1463/5079
f 895/1463/5080 897/1465/5081 898/1466/5082
f 900/1468/5083 898/1466/5084 897/1465/5085
f 897/1465/5086 899/1467/5087 900/1468/5088
f 902/1470/5089 900/1468/5090 899/1467/5091
f 899/1467/5092 901/1469/5093 902/1470/5094
f 880/1448/5095 902/1470/5096 901/1469/5097
f 901/1469/5098 903/1471/5099 880/1448/5100
f 881/1449/5101 880/1448/5102 903/1471/5103
f 903/1471/5104 904/1472/5105 881/1449/5106
f 906/1474/5107 881/1449/5108 904/1472/5109
f 904/1472/5110 905/1473/5111 906/1474/5112
f 908/1476/5113 906/1474/5114 905/1473/5115
f 905/1473/5116 907/1475/5117 908/1476/5118
f 910/1478/5119 908/1476/5120 907/1475/5121
f 907/1475/5122 909/1477/5123 910/1478/5124
f 885/1480/5125 910/1478/5126 909/1477/5127
f 909/1477/5128 882/1479/5129 885/1480/5130
f 883/1483/5131 882/1484/5132 911/1481/5133
f 911/1481/5134 912/1482/5135 883/1483/5136
f 886/1486/5137 883/1483/5138 912/1482/5139
f 912/1482/5140 913/1485/5141 886/1486/5142
f 888/1488/5143 886/1486/5144 913/1485/5145
f 913/1485/5146 914/1487/5147 888/1488/5148
f 890/1490/5149 888/1488/5150 914/1487/5151
f 914/1487/5152 915/1489/5153 890/1490/5154
f 891/1492/5155 890/1490/5156 915/1489/5157
f 915/1489/5158 916/1491/5159 891/1492/5160
f 892/1494/5161 891/1492/5162 916/1491/5163
f 916/1491/5164 917/1493/5165 892/1494/5166
f 893/1496/5167 892/1494/5168 917/1493/5169
f 917/1493/5170 918/1495/5171 893/1496/5172
f 894/1498/5173 893/1496/5174 918/1495/5175
f 918/1495/5176 919/1497/5177 894/1498/5178
f 895/1500/5179 894/1498/5180 919/1497/5181
f 919/1497/5182 920/1499/5183 895/1500/5184
f 897/1502/5185 895/1500/5186 920/1499/5187
f 920/1499/5188 921/1501/5189 897/1502/5190
f 899/1504/5191 897/1502/5192 921/1501/5193
f 921/1501/5194 922/1503/5195 899/1504/5196
f 901/1506/5197 899/1504/5198 922/1503/5199
f 922/1503/5200 923/1505/5201 901/1506/5202
f 903/1508/5203 901/1506/5204 923/1505/5205
f 923/1505/5206 924/1507/5207 903/1508/5208
f 904/1510/5209 903/1508/5210 924/1507/5211
f 924/1507/5212 925/1509/5213 904/1510/5214
f 905/1512/5215 904/1510/5216 925/1509/5217
f 925/1509/5218 926/1511/5219 905/1512/5220
f 907/1514/5221 905/1512/5222 926/1511/5223
f 926/1511/5224 927/1513/5225 907/1514/5226
f 909/1516/5227 907/1514/5228 927/1513/5229
f 927/1513/5230 928/1515/5231 909/1516/5232
f 882/1484/5233 909/1516/5234 928/1515/5235
f 928/1515/5236 911/1481/5237 882/1484/5238
f 914/1487/5239 913/1485/5240 915/1489/5241
f 920/1499/5242 919/1497/5243 918/1495/5244
f 927/1513/5245 915/1489/5246 913/1485/5247
f 913/1485/5248 912/1482/5249 927/1513/5250
f 926/1511/5251 916/1491/5252 915/1489/5253
f 915/1489/5254 927/1513/5255 926/1511/5256
f 926/1511/5257 925/1509/5258 917/1493/5259
f 917/1493/5260 916/1491/5261 926/1511/5262
f 920/1499/5263 918/1495/5264 924/1507/5265
f 924/1507/5266 921/1501/5267 920/1499/5268
f 925/1509/5269 924/1507/5270 918/1495/5271
f 918/1495/5272 917/1493/5273 925/1509/5274
f 912/1482/5275 911/1481/5276 927/1513/5277
f 911/1481/5278 928/1515/5279 927/1513/5280
f 924/1507/5281 922/1503/5282 921/1501/5283
f 924/1507/5284 923/1505/5285 922/1503/5286
f 823/1371/5287 885/1453/5288 884/1452/5289
f 884/1452/5290 824/1372/5291 823/1371/5292
f 826/1374/5293 824/1372/5294 884/1452/5295
f 884/1452/5296 887/1455/5297 826/1374/5298
f 828/1376/5299 826/1374/5300 887/1455/5301
f 887/1455/5302 889/1457/5303 828/1376/5304
f 830/1378/5305 828/1376/5306 889/1457/5307
f 889/1457/5308 875/1443/5309 830/1378/5310
f 840/1388/5311 838/1386/5312 879/1447/5313
f 879/1447/5314 896/1464/5315 840/1388/5316
f 842/1390/5317 840/1388/5318 896/1464/5319
f 896/1464/5320 898/1466/5321 842/1390/5322
f 844/1392/5323 842/1390/5324 898/1466/5325
f 898/1466/5326 900/1468/5327 844/1392/5328
f 846/1394/5329 844/1392/5330 900/1468/5331
f 900/1468/5332 902/1470/5333 846/1394/5334
f 848/1396/5335 846/1394/5336 902/1470/5337
f 902/1470/5338 880/1448/5339 848/1396/5340
f 852/1400/5341 850/1398/5342 881/1449/5343
f 881/1449/5344 906/1474/5345 852/1400/5346
f 854/1402/5347 852/1400/5348 906/1474/5349
f 906/1474/5350 908/1476/5351 854/1402/5352
f 856/1404/5353 854/1402/5354 908/1476/5355
f 908/1476/5356 910/1478/5357 856/1404/5358
f 823/1406/5359 856/1404/5360 910/1478/5361
f 910/1478/5362 885/1480/5363 823/1406/5364
f 930/1518/5365 931/1519/5366 932/1520/5367
f 932/1520/5368 929/1517/5369 930/1518/5370
f 934/1522/5371 930/1518/5372 929/1517/5373
f 929/1517/5374 933/1521/5375 934/1522/5376
f 936/1524/5377 934/1522/5378 933/1521/5379
f 933/1521/5380 935/1523/5381 936/1524/5382
f 938/1526/5383 936/1524/5384 935/1523/5385
f 935/1523/5386 937/1525/5387 938/1526/5388
f 940/1528/5389 938/1529/5390 937/1530/5391
f 937/1530/5392 939/1527/5393 940/1528/5394
f 942/1532/5395 940/1528/5396 939/1527/5397
f 939/1527/5398 941/1531/5399 942/1532/5400
f 944/1534/5401 942/1532/5402 941/1531/5403
f 941/1531/5404 943/1533/5405 944/1534/5406
f 946/1536/5407 944/1534/5408 943/1533/5409
f 943/1533/5410 945/1535/5411 946/1536/5412
f 948/1538/5413 946/1536/5414 945/1535/5415
f 945/1535/5416 947/1537/5417 948/1538/5418
f 950/1540/5419 948/1538/5420 947/1537/5421
f 947/1537/5422 949/1539/5423 950/1540/5424
f 952/1542/5425 950/1540/5426 949/1539/5427
f 949/1539/5428 951/1541/5429 952/1542/5430
f 931/1519/5431 952/1542/5432 951/1541/5433
f 951/1541/5434 932/1520/5435 931/1519/5436
f 955/1545/5437 956/1546/5438 953/1543/5439
f 953/1543/5440 954/1544/5441 955/1545/5442
f 958/1548/5443 959/1549/5444 955/1545/5445
f 955/1545/5446 957/1547/5447 958/1548/5448
f 958/1548/5449 960/1550/5450 959/1549/5451
f 962/1552/5452 956/1546/5453 959/1549/5454
f 959/1549/5455 961/1551/5456 962/1552/5457
f 962/1552/5458 963/1553/5459 956/1546/5460
f 955/1545/5461 959/1549/5462 956/1546/5463
f 964/1554/5464 953/1543/5465 956/1546/5466
f 967/1557/5467 968/1558/5468 965/1555/5469
f 965/1555/5470 966/1556/5471 967/1557/5472
f 970/1560/5473 971/1561/5474 967/1557/5475
f 967/1557/5476 969/1559/5477 970/1560/5478
f 970/1560/5479 972/1562/5480 971/1561/5481
f 974/1564/5482 968/1558/5483 971/1561/5484
f 971/1561/5485 973/1563/5486 974/1564/5487
f 974/1564/5488 975/1565/5489 968/1558/5490
f 967/1557/5491 971/1561/5492 968/1558/5493
f 976/1566/5494 965/1555/5495 968/1558/5496
f 965/1568/5497 976/1569/5498 978/1570/5499
f 978/1570/5500 977/1567/5501 965/1568/5502
f 977/1567/5503 978/1570/5504 980/1572/5505
f 980/1572/5506 979/1571/5507 977/1567/5508
f 979/1571/5509 980/1572/5510 982/1574/5511
f 982/1574/5512 981/1573/5513 979/1571/5514
f 981/1573/5515 982/1574/5516 931/1519/5517
f 931/1519/5518 930/1518/5519 981/1573/5520
f 956/1576/5521 963/1577/5522 984/1578/5523
f 984/1578/5524 983/1575/5525 956/1576/5526
f 983/1575/5527 984/1578/5528 986/1580/5529
f 986/1580/5530 985/1579/5531 983/1575/5532
f 985/1579/5533 986/1580/5534 929/1517/5535
f 929/1517/5536 932/1520/5537 985/1579/5538
f 966/1582/5539 965/1568/5540 977/1567/5541
f 977/1567/5542 987/1581/5543 966/1582/5544
f 987/1581/5545 977/1567/5546 979/1571/5547
f 979/1571/5548 988/1583/5549 987/1581/5550
f 988/1583/5551 979/1571/5552 981/1573/5553
f 981/1573/5554 989/1584/5555 988/1583/5556
f 989/1584/5557 981/1573/5558 930/1518/5559
f 930/1518/5560 934/1522/5561 989/1584/5562
f 963/1577/5563 962/1585/5564 990/1586/5565
f 990/1586/5566 984/1578/5567 963/1577/5568
f 984/1578/5569 990/1586/5570 991/1587/5571
f 991/1587/5572 986/1580/5573 984/1578/5574
f 986/1580/5575 991/1587/5576 933/1521/5577
f 933/1521/5578 929/1517/5579 986/1580/5580
f 967/1589/5581 966/1582/5582 987/1581/5583
f 987/1581/5584 992/1588/5585 967/1589/5586
f 992/1588/5587 987/1581/5588 988/1583/5589
f 988/1583/5590 993/1590/5591 992/1588/5592
f 993/1590/5593 988/1583/5594 989/1584/5595
f 989/1584/5596 994/1591/5597 993/1590/5598
f 994/1591/5599 989/1584/5600 934/1522/5601
f 934/1522/5602 936/1524/5603 994/1591/5604
f 962/1585/5605 961/1592/5606 995/1593/5607
f 995/1593/5608 990/1586/5609 962/1585/5610
f 990/1586/5611 995/1593/5612 996/1594/5613
f 996/1594/5614 991/1587/5615 990/1586/5616
f 991/1587/5617 996/1594/5618 935/1523/5619
f 935/1523/5620 933/1521/5621 991/1587/5622
f 969/1596/5623 967/1589/5624 992/1588/5625
f 992/1588/5626 997/1595/5627 969/1596/5628
f 997/1595/5629 992/1588/5630 993/1590/5631
f 993/1590/5632 998/1597/5633 997/1595/5634
f 998/1597/5635 993/1590/5636 994/1591/5637
f 994/1591/5638 999/1598/5639 998/1597/5640
f 999/1598/5641 994/1591/5642 936/1524/5643
f 936/1524/5644 938/1526/5645 999/1598/5646
f 961/1592/5647 959/1599/5648 1000/1600/5649
f 1000/1600/5650 995/1593/5651 961/1592/5652
f 995/1593/5653 1000/1600/5654 1001/1601/5655
f 1001/1601/5656 996/1594/5657 995/1593/5658
f 996/1594/5659 1001/1601/5660 937/1525/5661
f 937/1525/5662 935/1523/5663 996/1594/5664
f 970/1603/5665 969/1604/5666 997/1605/5667
f 997/1605/5668 1002/1602/5669 970/1603/5670
f 1002/1602/5671 997/1605/5672 998/1607/5673
f 998/1607/5674 1003/1606/5675 1002/1602/5676
f 1003/1606/5677 998/1607/5678 999/1609/5679
f 999/1609/5680 1004/1608/5681 1003/1606/5682
f 1004/1608/5683 999/1609/5684 938/1529/5685
f 938/1529/5686 940/1528/5687 1004/1608/5688
f 959/1611/5689 960/1612/5690 1005/1613/5691
f 1005/1613/5692 1000/1610/5693 959/1611/5694
f 1001/1614/5695 1000/1610/5696 1005/1613/5697
f 1005/1613/5698 1006/1615/5699 1001/1614/5700
f 1001/1614/5701 1006/1615/5702 939/1527/5703
f 939/1527/5704 937/1530/5705 1001/1614/5706
f 972/1617/5707 970/1603/5708 1002/1602/5709
f 1002/1602/5710 1007/1616/5711 972/1617/5712
f 1007/1616/5713 1002/1602/5714 1003/1606/5715
f 1003/1606/5716 1008/1618/5717 1007/1616/5718
f 1008/1618/5719 1003/1606/5720 1004/1608/5721
f 1004/1608/5722 1009/1619/5723 1008/1618/5724
f 1009/1619/5725 1004/1608/5726 940/1528/5727
f 940/1528/5728 942/1532/5729 1009/1619/5730
f 960/1612/5731 958/1620/5732 1010/1621/5733
f 1010/1621/5734 1005/1613/5735 960/1612/5736
f 1005/1613/5737 1010/1621/5738 1011/1622/5739
f 1011/1622/5740 1006/1615/5741 1005/1613/5742
f 1006/1615/5743 1011/1622/5744 941/1531/5745
f 941/1531/5746 939/1527/5747 1006/1615/5748
f 971/1624/5749 972/1617/5750 1007/1616/5751
f 1007/1616/5752 1012/1623/5753 971/1624/5754
f 1012/1623/5755 1007/1616/5756 1008/1618/5757
f 1008/1618/5758 1013/1625/5759 1012/1623/5760
f 1013/1625/5761 1008/1618/5762 1009/1619/5763
f 1009/1619/5764 1014/1626/5765 1013/1625/5766
f 1014/1626/5767 1009/1619/5768 942/1532/5769
f 942/1532/5770 944/1534/5771 1014/1626/5772
f 958/1620/5773 957/1627/5774 1015/1628/5775
f 1015/1628/5776 1010/1621/5777 958/1620/5778
f 1010/1621/5779 1015/1628/5780 1016/1629/5781
f 1016/1629/5782 1011/1622/5783 1010/1621/5784
f 1011/1622/5785 1016/1629/5786 943/1533/5787
f 943/1533/5788 941/1531/5789 1011/1622/5790
f 973/1631/5791 971/1624/5792 1012/1623/5793
f 1012/1623/5794 1017/1630/5795 973/1631/5796
f 1017/1630/5797 1012/1623/5798 1013/1625/5799
f 1013/1625/5800 1018/1632/5801 1017/1630/5802
f 1018/1632/5803 1013/1625/5804 1014/1626/5805
f 1014/1626/5806 1019/1633/5807 1018/1632/5808
f 1019/1633/5809 1014/1626/5810 944/1534/5811
f 944/1534/5812 946/1536/5813 1019/1633/5814
f 957/1627/5815 955/1634/5816 1020/1635/5817
f 1020/1635/5818 1015/1628/5819 957/1627/5820
f 1016/1629/5821 1015/1628/5822 1020/1635/5823
f 1020/1635/5824 1021/1636/5825 1016/1629/5826
f 1016/1629/5827 1021/1636/5828 945/1535/5829
f 945/1535/5830 943/1533/5831 1016/1629/5832
f 974/1638/5833 973/1631/5834 1017/1630/5835
f 1017/1630/5836 1022/1637/5837 974/1638/5838
f 1022/1637/5839 1017/1630/5840 1018/1632/5841
f 1018/1632/5842 1023/1639/5843 1022/1637/5844
f 1023/1639/5845 1018/1632/5846 1019/1633/5847
f 1019/1633/5848 1024/1640/5849 1023/1639/5850
f 1024/1640/5851 1019/1633/5852 946/1536/5853
f 946/1536/5854 948/1538/5855 1024/1640/5856
f 955/1634/5857 954/1641/5858 1025/1642/5859
f 1025/1642/5860 1020/1635/5861 955/1634/5862
f 1021/1636/5863 1020/1635/5864 1025/1642/5865
f 1025/1642/5866 1026/1643/5867 1021/1636/5868
f 1021/1636/5869 1026/1643/5870 947/1537/5871
f 947/1537/5872 945/1535/5873 1021/1636/5874
f 975/1645/5875 974/1638/5876 1022/1637/5877
f 1022/1637/5878 1027/1644/5879 975/1645/5880
f 1027/1644/5881 1022/1637/5882 1023/1639/5883
f 1023/1639/5884 1028/1646/5885 1027/1644/5886
f 1028/1646/5887 1023/1639/5888 1024/1640/5889
f 1024/1640/5890 1029/1647/5891 1028/1646/5892
f 1029/1647/5893 1024/1640/5894 948/1538/5895
f 948/1538/5896 950/1540/5897 1029/1647/5898
f 954/1641/5899 953/1648/5900 1030/1649/5901
f 1030/1649/5902 1025/1642/5903 954/1641/5904
f 1025/1642/5905 1030/1649/5906 1031/1650/5907
f 1031/1650/5908 1026/1643/5909 1025/1642/5910
f 1026/1643/5911 1031/1650/5912 949/1539/5913
f 949/1539/5914 947/1537/5915 1026/1643/5916
f 968/1652/5917 975/1645/5918 1027/1644/5919
f 1027/1644/5920 1032/1651/5921 968/1652/5922
f 1032/1651/5923 1027/1644/5924 1028/1646/5925
f 1028/1646/5926 1033/1653/5927 1032/1651/5928
f 1033/1653/5929 1028/1646/5930 1029/1647/5931
f 1029/1647/5932 1034/1654/5933 1033/1653/5934
f 1034/1654/5935 1029/1647/5936 950/1540/5937
f 950/1540/5938 952/1542/5939 1034/1654/5940
f 953/1648/5941 964/1655/5942 1035/1656/5943
f 1035/1656/5944 1030/1649/5945 953/1648/5946
f 1030/1649/5947 1035/1656/5948 1036/1657/5949
f 1036/1657/5950 1031/1650/5951 1030/1649/5952
f 1031/1650/5953 1036/1657/5954 951/1541/5955
f 951/1541/5956 949/1539/5957 1031/1650/5958
f 976/1569/5959 968/1652/5960 1032/1651/5961
f 1032/1651/5962 978/1570/5963 976/1569/5964
f 978/1570/5965 1032/1651/5966 1033/1653/5967
f 1033/1653/5968 980/1572/5969 978/1570/5970
f 980/1572/5971 1033/1653/5972 1034/1654/5973
f 1034/1654/5974 982/1574/5975 980/1572/5976
f 982/1574/5977 1034/1654/5978 952/1542/5979
f 952/1542/5980 931/1519/5981 982/1574/5982
f 964/1655/5983 956/1576/5984 983/1575/5985
f 983/1575/5986 1035/1656/5987 964/1655/5988
f 1036/1657/5989 1035/1656/5990 983/1575/5991
f 983/1575/5992 985/1579/5993 1036/1657/5994
f 1036/1657/5995 985/1579/5996 932/1520/5997
f 932/1520/5998 951/1541/5999 1036/1657/6000
f 1038/1659/6001 1039/1660/6002 1040/1661/6003
f 1040/1661/6004 1037/1658/6005 1038/1659/6006
f 1039/1660/6007 1041/1662/6008 1042/1663/6009
f 1042/1663/6010 1040/1661/6011 1039/1660/6012
f 1041/1662/6013 1043/1664/6014 1044/1665/6015
f 1044/1665/6016 1042/1663/6017 1041/1662/6018
f 1044/1666/6019 1043/1667/6020 1045/1668/6021
f 1045/1668/6022 1046/1669/6023 1044/1666/6024
f 1046/1669/6025 1045/1668/6026 1047/1670/6027
f 1047/1670/6028 1048/1671/6029 1046/1669/6030
f 1048/1671/6031 1047/1670/6032 1038/1659/6033
f 1038/1659/6034 1037/1658/6035 1048/1671/6036
f 1050/1673/6037 1051/1674/6038 1052/1675/6039
f 1052/1675/6040 1049/1672/6041 1050/1673/6042
f 1051/1674/6043 1053/1676/6044 1054/1677/6045
f 1054/1677/6046 1052/1675/6047 1051/1674/6048
f 1053/1676/6049 1055/1678/6050 1056/1679/6051
f 1056/1679/6052 1054/1677/6053 1053/1676/6054
f 1056/1680/6055 1055/1681/6056 1057/1682/6057
f 1057/1682/6058 1058/1683/6059 1056/1680/6060
f 1058/1683/6061 1057/1682/6062 1059/1684/6063
f 1059/1684/6064 1060/1685/6065 1058/1683/6066
f 1060/1685/6067 1059/1684/6068 1050/1673/6069
f 1050/1673/6070 1049/1672/6071 1060/1685/6072
f 1062/1687/6073 1063/1688/6074 1064/1689/6075
f 1064/1689/6076 1061/1686/6077 1062/1687/6078
f 1063/1688/6079 1065/1690/6080 1066/1691/6081
f 1066/1691/6082 1064/1689/6083 1063/1688/6084
f 1065/1690/6085 1067/1692/6086 1068/1693/6087
f 1068/1693/6088 1066/1691/6089 1065/1690/6090
f 1068/1694/6091 1067/1695/6092 1069/1696/6093
f 1069/1696/6094 1070/1697/6095 1068/1694/6096
f 1070/1697/6097 1069/1696/6098 1071/1698/6099
f 1071/1698/6100 1072/1699/6101 1070/1697/6102
f 1072/1699/6103 1071/1698/6104 1062/1687/6105
f 1062/1687/6106 1061/1686/6107 1072/1699/6108
f 1074/1701/6109 1075/1702/6110 1076/1703/6111
f 1076/1703/6112 1073/1700/6113 1074/1701/6114
f 1075/1702/6115 1077/1704/6116 1078/1705/6117
f 1078/1705/6118 1076/1703/6119 1075/1702/6120
f 1077/1704/6121 1079/1706/6122 1080/1707/6123
f 1080/1707/6124 1078/1705/6125 1077/1704/6126
f 1080/1708/6127 1079/1709/6128 1081/1710/6129
f 1081/1710/6130 1082/1711/6131 1080/1708/6132
f 1082/1711/6133 1081/1710/6134 1083/1712/6135
f 1083/1712/6136 1084/1713/6137 1082/1711/6138
f 1084/1713/6139 1083/1712/6140 1074/1701/6141
f 1074/1701/6142 1073/1700/6143 1084/1713/6144
f 1086/1715/6145 1087/1716/6146 1088/1717/6147
f 1088/1717/6148 1085/1714/6149 1086/1715/6150
f 1087/1716/6151 1089/1718/6152 1090/1719/6153
f 1090/1719/6154 1088/1717/6155 1087/1716/6156
f 1089/1718/6157 1091/1720/6158 1092/1721/6159
f 1092/1721/6160 1090/1719/6161 1089/1718/6162
f 1092/1722/6163 1091/1723/6164 1093/1724/6165
f 1093/1724/6166 1094/1725/6167 1092/1722/6168
f 1094/1725/6169 1093/1724/6170 1095/1726/6171
f 1095/1726/6172 1096/1727/6173 1094/1725/6174
f 1096/1727/6175 1095/1726/6176 1086/1715/6177
f 1086/1715/6178 1085/1714/6179 1096/1727/6180
f 1098/1729/6181 1099/1730/6182 1100/1731/6183
f 1100/1731/6184 1097/1728/6185 1098/1729/6186
f 1099/1730/6187 1101/1732/6188 1102/1733/6189
f 1102/1733/6190 1100/1731/6191 1099/1730/6192
f 1101/1732/6193 1103/1734/6194 1104/1735/6195
f 1104/1735/6196 1102/1733/6197 1101/1732/6198
f 1104/1736/6199 1103/1737/6200 1105/1738/6201
f 1105/1738/6202 1106/1739/6203 1104/1736/6204
f 1106/1739/6205 1105/1738/6206 1107/1740/6207
f 1107/1740/6208 1108/1741/6209 1106/1739/6210
f 1108/1741/6211 1107/1740/6212 1098/1729/6213
f 1098/1729/6214 1097/1728/6215 1108/1741/6216
f 1110/1743/6217 1111/1744/6218 1112/1745/6219
f 1112/1745/6220 1109/1742/6221 1110/1743/6222
f 1111/1744/6223 1113/1746/6224 1114/1747/6225
f 1114/1747/6226 1112/1745/6227 1111/1744/6228
f 1113/1746/6229 1115/1748/6230 1116/1749/6231
f 1116/1749/6232 1114/1747/6233 1113/1746/6234
f 1116/1750/6235 1115/1751/6236 1117/1752/6237
f 1117/1752/6238 1118/1753/6239 1116/1750/6240
f 1118/1753/6241 1117/1752/6242 1119/1754/6243
f 1119/1754/6244 1120/1755/6245 1118/1753/6246
f 1120/1755/6247 1119/1754/6248 1110/1743/6249
f 1110/1743/6250 1109/1742/6251 1120/1755/6252
f 1122/1757/6253 1123/1758/6254 1124/1759/6255
f 1124/1759/6256 1121/1756/6257 1122/1757/6258
f 1123/1758/6259 1125/1760/6260 1126/1761/6261
f 1126/1761/6262 1124/1759/6263 1123/1758/6264
f 1125/1760/6265 1127/1762/6266 1128/1763/6267
f 1128/1763/6268 1126/1761/6269 1125/1760/6270
f 1128/1764/6271 1127/1765/6272 1129/1766/6273
f 1129/1766/6274 1130/1767/6275 1128/1764/6276
f 1130/1767/6277 1129/1766/6278 1131/1768/6279
f 1131/1768/6280 1132/1769/6281 1130/1767/6282
f 1132/1769/6283 1131/1768/6284 1122/1757/6285
f 1122/1757/6286 1121/1756/6287 1132/1769/6288
f 1134/1771/6289 1135/1772/6290 1136/1773/6291
f 1136/1773/6292 1133/1770/6293 1134/1771/6294
f 1135/1772/6295 1137/1774/6296 1138/1775/6297
f 1138/1775/6298 1136/1773/6299 1135/1772/6300
f 1137/1774/6301 1139/1776/6302 1140/1777/6303
f 1140/1777/6304 1138/1775/6305 1137/1774/6306
f 1140/1778/6307 1139/1779/6308 1141/1780/6309
f 1141/1780/6310 1142/1781/6311 1140/1778/6312
f 1142/1781/6313 1141/1780/6314 1143/1782/6315
f 1143/1782/6316 1144/1783/6317 1142/1781/6318
f 1144/1783/6319 1143/1782/6320 1134/1771/6321
f 1134/1771/6322 1133/1770/6323 1144/1783/6324
f 1146/1785/6325 1147/1786/6326 1148/1787/6327
f 1148/1787/6328 1145/1784/6329 1146/1785/6330
f 1147/1786/6331 1149/1788/6332 1150/1789/6333
f 1150/1789/6334 1148/1787/6335 1147/1786/6336
f 1149/1788/6337 1151/1790/6338 1152/1791/6339
f 1152/1791/6340 1150/1789/6341 1149/1788/6342
f 1152/1792/6343 1151/1793/6344 1153/1794/6345
f 1153/1794/6346 1154/1795/6347 1152/1792/6348
f 1154/1795/6349 1153/1794/6350 1155/1796/6351
f 1155/1796/6352 1156/1797/6353 1154/1795/6354
f 1156/1797/6355 1155/1796/6356 1146/1785/6357
f 1146/1785/6358 1145/1784/6359 1156/1797/6360
f 1158/1799/6361 1159/1800/6362 1160/1801/6363
f 1160/1801/6364 1157/1798/6365 1158/1799/6366
f 1159/1800/6367 1161/1802/6368 1162/1803/6369
f 1162/1803/6370 1160/1801/6371 1159/1800/6372
f 1161/1802/6373 1163/1804/6374 1164/1805/6375
f 1164/1805/6376 1162/1803/6377 1161/1802/6378
f 1164/1806/6379 1163/1807/6380 1165/1808/6381
f 1165/1808/6382 1166/1809/6383 1164/1806/6384
f 1166/1809/6385 1165/1808/6386 1167/1810/6387
f 1167/1810/6388 1168/1811/6389 1166/1809/6390
f 1168/1811/6391 1167/1810/6392 1158/1799/6393
f 1158/1799/6394 1157/1798/6395 1168/1811/6396
f 1170/1813/6397 1171/1814/6398 1172/1815/6399
f 1172/1815/6400 1169/1812/6401 1170/1813/6402
f 1171/1814/6403 1173/1816/6404 1174/1817/6405
f 1174/1817/6406 1172/1815/6407 1171/1814/6408
f 1173/1816/6409 1175/1818/6410 1176/1819/6411
f 1176/1819/6412 1174/1817/6413 1173/1816/6414
f 1176/1820/6415 1175/1821/6416 1177/1822/6417
f 1177/1822/6418 1178/1823/6419 1176/1820/6420
f 1178/1823/6421 1177/1822/6422 1179/1824/6423
f 1179/1824/6424 1180/1825/6425 1178/1823/6426
f 1180/1825/6427 1179/1824/6428 1170/1813/6429
f 1170/1813/6430 1169/1812/6431 1180/1825/6432
f 1182/1827/6433 1183/1828/6434 1184/1829/6435
f 1184/1829/6436 1181/1826/6437 1182/1827/6438
f 1183/1828/6439 1185/1830/6440 1186/1831/6441
f 1186/1831/6442 1184/1829/6443 1183/1828/6444
f 1185/1830/6445 1187/1832/6446 1188/1833/6447
f 1188/1833/6448 1186/1831/6449 1185/1830/6450
f 1188/1834/6451 1187/1835/6452 1189/1836/6453
f 1189/1836/6454 1190/1837/6455 1188/1834/6456
f 1190/1837/6457 1189/1836/6458 1191/1838/6459
f 1191/1838/6460 1192/1839/6461 1190/1837/6462
f 1192/1839/6463 1191/1838/6464 1182/1827/6465
f 1182/1827/6466 1181/1826/6467 1192/1839/6468
f 1194/1841/6469 1195/1842/6470 1196/1843/6471
f 1196/1843/6472 1193/1840/6473 1194/1841/6474
f 1195/1842/6475 1197/1844/6476 1198/1845/6477
f 1198/1845/6478 1196/1843/6479 1195/1842/6480
f 1197/1844/6481 1199/1846/6482 1200/1847/6483
f 1200/1847/6484 1198/1845/6485 1197/1844/6486
f 1200/1848/6487 1199/1849/6488 1201/1850/6489
f 1201/1850/6490 1202/1851/6491 1200/1848/6492
f 1202/1851/6493 1201/1850/6494 1203/1852/6495
f 1203/1852/6496 1204/1853/6497 1202/1851/6498
f 1204/1853/6499 1203/1852/6500 1194/1841/6501
f 1194/1841/6502 1193/1840/6503 1204/1853/6504
f 1158/1799/6505 1169/1812/6506 1172/1815/6507
f 1172/1815/6508 1159/1800/6509 1158/1799/6510
f 1159/1800/6511 1172/1815/6512 1174/1817/6513
f 1174/1817/6514 1161/1802/6515 1159/1800/6516
f 1161/1802/6517 1174/1817/6518 1176/1819/6519
f 1176/1819/6520 1163/1804/6521 1161/1802/6522
f 1176/1820/6523 1178/1823/6524 1165/1808/6525
f 1165/1808/6526 1163/1807/6527 1176/1820/6528
f 1178/1823/6529 1180/1825/6530 1167/1810/6531
f 1167/1810/6532 1165/1808/6533 1178/1823/6534
f 1180/1825/6535 1169/1812/6536 1158/1799/6537
f 1158/1799/6538 1167/1810/6539 1180/1825/6540
f 1170/1813/6541 1181/1826/6542 1184/1829/6543
f 1184/1829/6544 1171/1814/6545 1170/1813/6546
f 1171/1814/6547 1184/1829/6548 1186/1831/6549
f 1186/1831/6550 1173/1816/6551 1171/1814/6552
f 1173/1816/6553 1186/1831/6554 1188/1833/6555
f 1188/1833/6556 1175/1818/6557 1173/1816/6558
f 1188/1834/6559 1190/1837/6560 1177/1822/6561
f 1177/1822/6562 1175/1821/6563 1188/1834/6564
f 1190/1837/6565 1192/1839/6566 1179/1824/6567
f 1179/1824/6568 1177/1822/6569 1190/1837/6570
f 1192/1839/6571 1181/1826/6572 1170/1813/6573
f 1170/1813/6574 1179/1824/6575 1192/1839/6576
f 1194/1841/6577 1037/1658/6578 1040/1661/6579
f 1040/1661/6580 1195/1842/6581 1194/1841/6582
f 1195/1842/6583 1040/1661/6584 1042/1663/6585
f 1042/1663/6586 1197/1844/6587 1195/1842/6588
f 1197/1844/6589 1042/1663/6590 1044/1665/6591
f 1044/1665/6592 1199/1846/6593 1197/1844/6594
f 1044/1666/6595 1046/1669/6596 1201/1850/6597
f 1201/1850/6598 1199/1849/6599 1044/1666/6600
f 1046/1669/6601 1048/1671/6602 1203/1852/6603
f 1203/1852/6604 1201/1850/6605 1046/1669/6606
f 1048/1671/6607 1037/1658/6608 1194/1841/6609
f 1194/1841/6610 1203/1852/6611 1048/1671/6612
f 1038/1659/6613 1049/1854/6614 1052/1855/6615
f 1052/1855/6616 1039/1660/6617 1038/1659/6618
f 1039/1660/6619 1052/1855/6620 1054/1856/6621
f 1054/1856/6622 1041/1662/6623 1039/1660/6624
f 1041/1662/6625 1054/1856/6626 1056/1857/6627
f 1056/1857/6628 1043/1664/6629 1041/1662/6630
f 1056/1858/6631 1058/1859/6632 1045/1668/6633
f 1045/1668/6634 1043/1667/6635 1056/1858/6636
f 1058/1859/6637 1060/1860/6638 1047/1670/6639
f 1047/1670/6640 1045/1668/6641 1058/1859/6642
f 1060/1860/6643 1049/1854/6644 1038/1659/6645
f 1038/1659/6646 1047/1670/6647 1060/1860/6648
f 1062/1687/6649 1073/1700/6650 1076/1703/6651
f 1076/1703/6652 1063/1688/6653 1062/1687/6654
f 1063/1688/6655 1076/1703/6656 1078/1705/6657
f 1078/1705/6658 1065/1690/6659 1063/1688/6660
f 1065/1690/6661 1078/1705/6662 1080/1707/6663
f 1080/1707/6664 1067/1692/6665 1065/1690/6666
f 1080/1708/6667 1082/1711/6668 1069/1696/6669
f 1069/1696/6670 1067/1695/6671 1080/1708/6672
f 1082/1711/6673 1084/1713/6674 1071/1698/6675
f 1071/1698/6676 1069/1696/6677 1082/1711/6678
f 1084/1713/6679 1073/1700/6680 1062/1687/6681
f 1062/1687/6682 1071/1698/6683 1084/1713/6684
f 1074/1701/6685 1085/1714/6686 1088/1717/6687
f 1088/1717/6688 1075/1702/6689 1074/1701/6690
f 1075/1702/6691 1088/1717/6692 1090/1719/6693
f 1090/1719/6694 1077/1704/6695 1075/1702/6696
f 1077/1704/6697 1090/1719/6698 1092/1721/6699
f 1092/1721/6700 1079/1706/6701 1077/1704/6702
f 1092/1722/6703 1094/1725/6704 1081/1710/6705
f 1081/1710/6706 1079/1709/6707 1092/1722/6708
f 1094/1725/6709 1096/1727/6710 1083/1712/6711
f 1083/1712/6712 1081/1710/6713 1094/1725/6714
f 1096/1727/6715 1085/1714/6716 1074/1701/6717
f 1074/1701/6718 1083/1712/6719 1096/1727/6720
f 1086/1715/6721 1097/1728/6722 1100/1731/6723
f 1100/1731/6724 1087/1716/6725 1086/1715/6726
f 1087/1716/6727 1100/1731/6728 1102/1733/6729
f 1102/1733/6730 1089/1718/6731 1087/1716/6732
f 1089/1718/6733 1102/1733/6734 1104/1735/6735
f 1104/1735/6736 1091/1720/6737 1089/1718/6738
f 1104/1736/6739 1106/1739/6740 1093/1724/6741
f 1093/1724/6742 1091/1723/6743 1104/1736/6744
f 1106/1739/6745 1108/1741/6746 1095/1726/6747
f 1095/1726/6748 1093/1724/6749 1106/1739/6750
f 1108/1741/6751 1097/1728/6752 1086/1715/6753
f 1086/1715/6754 1095/1726/6755 1108/1741/6756
f 1110/1743/6757 1121/1756/6758 1124/1759/6759
f 1124/1759/6760 1111/1744/6761 1110/1743/6762
f 1111/1744/6763 1124/1759/6764 1126/1761/6765
f 1126/1761/6766 1113/1746/6767 1111/1744/6768
f 1113/1746/6769 1126/1761/6770 1128/1763/6771
f 1128/1763/6772 1115/1748/6773 1113/1746/6774
f 1128/1764/6775 1130/1767/6776 1117/1752/6777
f 1117/1752/6778 1115/1751/6779 1128/1764/6780
f 1130/1767/6781 1132/1769/6782 1119/1754/6783
f 1119/1754/6784 1117/1752/6785 1130/1767/6786
f 1132/1769/6787 1121/1756/6788 1110/1743/6789
f 1110/1743/6790 1119/1754/6791 1132/1769/6792
f 1122/1757/6793 1133/1770/6794 1136/1773/6795
f 1136/1773/6796 1123/1758/6797 1122/1757/6798
f 1123/1758/6799 1136/1773/6800 1138/1775/6801
f 1138/1775/6802 1125/1760/6803 1123/1758/6804
f 1125/1760/6805 1138/1775/6806 1140/1777/6807
f 1140/1777/6808 1127/1762/6809 1125/1760/6810
f 1140/1778/6811 1142/1781/6812 1129/1766/6813
f 1129/1766/6814 1127/1765/6815 1140/1778/6816
f 1142/1781/6817 1144/1783/6818 1131/1768/6819
f 1131/1768/6820 1129/1766/6821 1142/1781/6822
f 1144/1783/6823 1133/1770/6824 1122/1757/6825
f 1122/1757/6826 1131/1768/6827 1144/1783/6828
f 1182/1827/6829 1193/1840/6830 1196/1843/6831
f 1196/1843/6832 1183/1828/6833 1182/1827/6834
f 1183/1828/6835 1196/1843/6836 1198/1845/6837
f 1198/1845/6838 1185/1830/6839 1183/1828/6840
f 1185/1830/6841 1198/1845/6842 1200/1847/6843
f 1200/1847/6844 1187/1832/6845 1185/1830/6846
f 1200/1848/6847 1202/1851/6848 1189/1836/6849
f 1189/1836/6850 1187/1835/6851 1200/1848/6852
f 1202/1851/6853 1204/1853/6854 1191/1838/6855
f 1191/1838/6856 1189/1836/6857 1202/1851/6858
f 1204/1853/6859 1193/1840/6860 1182/1827/6861
f 1182/1827/6862 1191/1838/6863 1204/1853/6864
f 1098/1729/6865 1109/1742/6866 1112/1745/6867
f 1112/1745/6868 1099/1730/6869 1098/1729/6870
f 1099/1730/6871 1112/1745/6872 1114/1747/6873
f 1114/1747/6874 1101/1732/6875 1099/1730/6876
f 1101/1732/6877 1114/1747/6878 1116/1749/6879
f 1116/1749/6880 1103/1734/6881 1101/1732/6882
f 1116/1750/6883 1118/1753/6884 1105/1738/6885
f 1105/1738/6886 1103/1737/6887 1116/1750/6888
f 1118/1753/6889 1120/1755/6890 1107/1740/6891
f 1107/1740/6892 1105/1738/6893 1118/1753/6894
f 1120/1755/6895 1109/1742/6896 1098/1729/6897
f 1098/1729/6898 1107/1740/6899 1120/1755/6900
f 1146/1785/6901 1157/1798/6902 1160/1801/6903
f 1160/1801/6904 1147/1786/6905 1146/1785/6906
f 1147/1786/6907 1160/1801/6908 1162/1803/6909
f 1162/1803/6910 1149/1788/6911 1147/1786/6912
f 1149/1788/6913 1162/1803/6914 1164/1805/6915
f 1164/1805/6916 1151/1790/6917 1149/1788/6918
f 1164/1806/6919 1166/1809/6920 1153/1794/6921
f 1153/1794/6922 1151/1793/6923 1164/1806/6924
f 1166/1809/6925 1168/1811/6926 1155/1796/6927
f 1155/1796/6928 1153/1794/6929 1166/1809/6930
f 1168/1811/6931 1157/1798/6932 1146/1785/6933
f 1146/1785/6934 1155/1796/6935 1168/1811/6936
f 1134/1771/6937 1145/1784/6938 1148/1787/6939
f 1148/1787/6940 1135/1772/6941 1134/1771/6942
f 1135/1772/6943 1148/1787/6944 1150/1789/6945
f 1150/1789/6946 1137/1774/6947 1135/1772/6948
f 1137/1774/6949 1150/1789/6950 1152/1791/6951
f 1152/1791/6952 1139/1776/6953 1137/1774/6954
f 1152/1792/6955 1154/1795/6956 1141/1780/6957
f 1141/1780/6958 1139/1779/6959 1152/1792/6960
f 1154/1795/6961 1156/1797/6962 1143/1782/6963
f 1143/1782/6964 1141/1780/6965 1154/1795/6966
f 1156/1797/6967 1145/1784/6968 1134/1771/6969
f 1134/1771/6970 1143/1782/6971 1156/1797/6972
f 1050/1673/6973 1061/1686/6974 1064/1689/6975
f 1064/1689/6976 1051/1674/6977 1050/1673/6978
f 1051/1674/6979 1064/1689/6980 1066/1691/6981
f 1066/1691/6982 1053/1676/6983 1051/1674/6984
f 1053/1676/6985 1066/1691/6986 1068/1693/6987
f 1068/1693/6988 1055/1678/6989 1053/1676/6990
f 1068/1694/6991 1070/1697/6992 1057/1682/6993
f 1057/1682/6994 1055/1681/6995 1068/1694/6996
f 1070/1697/6997 1072/1699/6998 1059/1684/6999
f 1059/1684/7000 1057/1682/7001 1070/1697/7002
f 1072/1699/7003 1061/1686/7004 1050/1673/7005
f 1050/1673/7006 1059/1684/7007 1072/1699/7008
f 1206/1862/7009 1207/1863/7010 1208/1864/7011
f 1208/1864/7012 1205/1861/7013 1206/1862/7014
f 1210/1866/7015 1206/1862/7016 1205/1861/7017
f 1205/1861/7018 1209/1865/7019 1210/1866/7020
f 1212/1868/7021 1210/1866/7022 1209/1865/7023
f 1209/1865/7024 1211/1867/7025 1212/1868/7026
f 1214/1870/7027 1212/1868/7028 1211/1867/7029
f 1211/1867/7030 1213/1869/7031 1214/1870/7032
f 1216/1872/7033 1214/1873/7034 1213/1874/7035
f 1213/1874/7036 1215/1871/7037 1216/1872/7038
f 1218/1876/7039 1216/1872/7040 1215/1871/7041
f 1215/1871/7042 1217/1875/7043 1218/1876/7044
f 1220/1878/7045 1218/1876/7046 1217/1875/7047
f 1217/1875/7048 1219/1877/7049 1220/1878/7050
f 1222/1880/7051 1220/1878/7052 1219/1877/7053
f 1219/1877/7054 1221/1879/7055 1222/1880/7056
f 1224/1882/7057 1222/1880/7058 1221/1879/7059
f 1221/1879/7060 1223/1881/7061 1224/1882/7062
f 1226/1884/7063 1224/1882/7064 1223/1881/7065
f 1223/1881/7066 1225/1883/7067 1226/1884/7068
f 1228/1886/7069 1226/1884/7070 1225/1883/7071
f 1225/1883/7072 1227/1885/7073 1228/1886/7074
f 1207/1863/7075 1228/1886/7076 1227/1885/7077
f 1227/1885/7078 1208/1864/7079 1207/1863/7080
f 1231/1889/7081 1232/1890/7082 1229/1887/7083
f 1229/1887/7084 1230/1888/7085 1231/1889/7086
f 1234/1892/7087 1235/1893/7088 1231/1889/7089
f 1231/1889/7090 1233/1891/7091 1234/1892/7092
f 1234/1892/7093 1236/1894/7094 1235/1893/7095
f 1238/1896/7096 1232/1890/7097 1235/1893/7098
f 1235/1893/7099 1237/1895/7100 1238/1896/7101
f 1238/1896/7102 1239/1897/7103 1232/1890/7104
f 1231/1889/7105 1235/1893/7106 1232/1890/7107
f 1240/1898/7108 1229/1887/7109 1232/1890/7110
f 1243/1901/7111 1244/1902/7112 1241/1899/7113
f 1241/1899/7114 1242/1900/7115 1243/1901/7116
f 1246/1904/7117 1247/1905/7118 1243/1901/7119
f 1243/1901/7120 1245/1903/7121 1246/1904/7122
f 1246/1904/7123 1248/1906/7124 1247/1905/7125
f 1250/1908/7126 1244/1902/7127 1247/1905/7128
f 1247/1905/7129 1249/1907/7130 1250/1908/7131
f 1250/1908/7132 1251/1909/7133 1244/1902/7134
f 1243/1901/7135 1247/1905/7136 1244/1902/7137
f 1252/1910/7138 1241/1899/7139 1244/1902/7140
f 1241/1912/7141 1252/1913/7142 1254/1914/7143
f 1254/1914/7144 1253/1911/7145 1241/1912/7146
f 1253/1911/7147 1254/1914/7148 1256/1916/7149
f 1256/1916/7150 1255/1915/7151 1253/1911/7152
f 1255/1915/7153 1256/1916/7154 1258/1918/7155
f 1258/1918/7156 1257/1917/7157 1255/1915/7158
f 1257/1917/7159 1258/1918/7160 1207/1863/7161
f 1207/1863/7162 1206/1862/7163 1257/1917/7164
f 1232/1920/7165 1239/1921/7166 1260/1922/7167
f 1260/1922/7168 1259/1919/7169 1232/1920/7170
f 1259/1919/7171 1260/1922/7172 1262/1924/7173
f 1262/1924/7174 1261/1923/7175 1259/1919/7176
f 1261/1923/7177 1262/1924/7178 1205/1861/7179
f 1205/1861/7180 1208/1864/7181 1261/1923/7182
f 1242/1926/7183 1241/1912/7184 1253/1911/7185
f 1253/1911/7186 1263/1925/7187 1242/1926/7188
f 1263/1925/7189 1253/1911/7190 1255/1915/7191
f 1255/1915/7192 1264/1927/7193 1263/1925/7194
f 1264/1927/7195 1255/1915/7196 1257/1917/7197
f 1257/1917/7198 1265/1928/7199 1264/1927/7200
f 1265/1928/7201 1257/1917/7202 1206/1862/7203
f 1206/1862/7204 1210/1866/7205 1265/1928/7206
f 1239/1921/7207 1238/1929/7208 1266/1930/7209
f 1266/1930/7210 1260/1922/7211 1239/1921/7212
f 1260/1922/7213 1266/1930/7214 1267/1931/7215
f 1267/1931/7216 1262/1924/7217 1260/1922/7218
f 1262/1924/7219 1267/1931/7220 1209/1865/7221
f 1209/1865/7222 1205/1861/7223 1262/1924/7224
f 1243/1933/7225 1242/1926/7226 1263/1925/7227
f 1263/1925/7228 1268/1932/7229 1243/1933/7230
f 1268/1932/7231 1263/1925/7232 1264/1927/7233
f 1264/1927/7234 1269/1934/7235 1268/1932/7236
f 1269/1934/7237 1264/1927/7238 1265/1928/7239
f 1265/1928/7240 1270/1935/7241 1269/1934/7242
f 1270/1935/7243 1265/1928/7244 1210/1866/7245
f 1210/1866/7246 1212/1868/7247 1270/1935/7248
f 1238/1929/7249 1237/1936/7250 1271/1937/7251
f 1271/1937/7252 1266/1930/7253 1238/1929/7254
f 1266/1930/7255 1271/1937/7256 1272/1938/7257
f 1272/1938/7258 1267/1931/7259 1266/1930/7260
f 1267/1931/7261 1272/1938/7262 1211/1867/7263
f 1211/1867/7264 1209/1865/7265 1267/1931/7266
f 1245/1940/7267 1243/1933/7268 1268/1932/7269
f 1268/1932/7270 1273/1939/7271 1245/1940/7272
f 1273/1939/7273 1268/1932/7274 1269/1934/7275
f 1269/1934/7276 1274/1941/7277 1273/1939/7278
f 1274/1941/7279 1269/1934/7280 1270/1935/7281
f 1270/1935/7282 1275/1942/7283 1274/1941/7284
f 1275/1942/7285 1270/1935/7286 1212/1868/7287
f 1212/1868/7288 1214/1870/7289 1275/1942/7290
f 1237/1936/7291 1235/1943/7292 1276/1944/7293
f 1276/1944/7294 1271/1937/7295 1237/1936/7296
f 1271/1937/7297 1276/1944/7298 1277/1945/7299
f 1277/1945/7300 1272/1938/7301 1271/1937/7302
f 1272/1938/7303 1277/1945/7304 1213/1869/7305
f 1213/1869/7306 1211/1867/7307 1272/1938/7308
f 1246/1947/7309 1245/1948/7310 1273/1949/7311
f 1273/1949/7312 1278/1946/7313 1246/1947/7314
f 1278/1946/7315 1273/1949/7316 1274/1951/7317
f 1274/1951/7318 1279/1950/7319 1278/1946/7320
f 1279/1950/7321 1274/1951/7322 1275/1953/7323
f 1275/1953/7324 1280/1952/7325 1279/1950/7326
f 1280/1952/7327 1275/1953/7328 1214/1873/7329
f 1214/1873/7330 1216/1872/7331 1280/1952/7332
f 1235/1955/7333 1236/1956/7334 1281/1957/7335
f 1281/1957/7336 1276/1954/7337 1235/1955/7338
f 1277/1958/7339 1276/1954/7340 1281/1957/7341
f 1281/1957/7342 1282/1959/7343 1277/1958/7344
f 1277/1958/7345 1282/1959/7346 1215/1871/7347
f 1215/1871/7348 1213/1874/7349 1277/1958/7350
f 1248/1961/7351 1246/1947/7352 1278/1946/7353
f 1278/1946/7354 1283/1960/7355 1248/1961/7356
f 1283/1960/7357 1278/1946/7358 1279/1950/7359
f 1279/1950/7360 1284/1962/7361 1283/1960/7362
f 1284/1962/7363 1279/1950/7364 1280/1952/7365
f 1280/1952/7366 1285/1963/7367 1284/1962/7368
f 1285/1963/7369 1280/1952/7370 1216/1872/7371
f 1216/1872/7372 1218/1876/7373 1285/1963/7374
f 1236/1956/7375 1234/1964/7376 1286/1965/7377
f 1286/1965/7378 1281/1957/7379 1236/1956/7380
f 1281/1957/7381 1286/1965/7382 1287/1966/7383
f 1287/1966/7384 1282/1959/7385 1281/1957/7386
f 1282/1959/7387 1287/1966/7388 1217/1875/7389
f 1217/1875/7390 1215/1871/7391 1282/1959/7392
f 1247/1968/7393 1248/1961/7394 1283/1960/7395
f 1283/1960/7396 1288/1967/7397 1247/1968/7398
f 1288/1967/7399 1283/1960/7400 1284/1962/7401
f 1284/1962/7402 1289/1969/7403 1288/1967/7404
f 1289/1969/7405 1284/1962/7406 1285/1963/7407
f 1285/1963/7408 1290/1970/7409 1289/1969/7410
f 1290/1970/7411 1285/1963/7412 1218/1876/7413
f 1218/1876/7414 1220/1878/7415 1290/1970/7416
f 1234/1964/7417 1233/1971/7418 1291/1972/7419
f 1291/1972/7420 1286/1965/7421 1234/1964/7422
f 1286/1965/7423 1291/1972/7424 1292/1973/7425
f 1292/1973/7426 1287/1966/7427 1286/1965/7428
f 1287/1966/7429 1292/1973/7430 1219/1877/7431
f 1219/1877/7432 1217/1875/7433 1287/1966/7434
f 1249/1975/7435 1247/1968/7436 1288/1967/7437
f 1288/1967/7438 1293/1974/7439 1249/1975/7440
f 1293/1974/7441 1288/1967/7442 1289/1969/7443
f 1289/1969/7444 1294/1976/7445 1293/1974/7446
f 1294/1976/7447 1289/1969/7448 1290/1970/7449
f 1290/1970/7450 1295/1977/7451 1294/1976/7452
f 1295/1977/7453 1290/1970/7454 1220/1878/7455
f 1220/1878/7456 1222/1880/7457 1295/1977/7458
f 1233/1971/7459 1231/1978/7460 1296/1979/7461
f 1296/1979/7462 1291/1972/7463 1233/1971/7464
f 1292/1973/7465 1291/1972/7466 1296/1979/7467
f 1296/1979/7468 1297/1980/7469 1292/1973/7470
f 1292/1973/7471 1297/1980/7472 1221/1879/7473
f 1221/1879/7474 1219/1877/7475 1292/1973/7476
f 1250/1982/7477 1249/1975/7478 1293/1974/7479
f 1293/1974/7480 1298/1981/7481 1250/1982/7482
f 1298/1981/7483 1293/1974/7484 1294/1976/7485
f 1294/1976/7486 1299/1983/7487 1298/1981/7488
f 1299/1983/7489 1294/1976/7490 1295/1977/7491
f 1295/1977/7492 1300/1984/7493 1299/1983/7494
f 1300/1984/7495 1295/1977/7496 1222/1880/7497
f 1222/1880/7498 1224/1882/7499 1300/1984/7500
f 1231/1978/7501 1230/1985/7502 1301/1986/7503
f 1301/1986/7504 1296/1979/7505 1231/1978/7506
f 1297/1980/7507 1296/1979/7508 1301/1986/7509
f 1301/1986/7510 1302/1987/7511 1297/1980/7512
f 1297/1980/7513 1302/1987/7514 1223/1881/7515
f 1223/1881/7516 1221/1879/7517 1297/1980/7518
f 1251/1989/7519 1250/1982/7520 1298/1981/7521
f 1298/1981/7522 1303/1988/7523 1251/1989/7524
f 1303/1988/7525 1298/1981/7526 1299/1983/7527
f 1299/1983/7528 1304/1990/7529 1303/1988/7530
f 1304/1990/7531 1299/1983/7532 1300/1984/7533
f 1300/1984/7534 1305/1991/7535 1304/1990/7536
f 1305/1991/7537 1300/1984/7538 1224/1882/7539
f 1224/1882/7540 1226/1884/7541 1305/1991/7542
f 1230/1985/7543 1229/1992/7544 1306/1993/7545
f 1306/1993/7546 1301/1986/7547 1230/1985/7548
f 1301/1986/7549 1306/1993/7550 1307/1994/7551
f 1307/1994/7552 1302/1987/7553 1301/1986/7554
f 1302/1987/7555 1307/1994/7556 1225/1883/7557
f 1225/1883/7558 1223/1881/7559 1302/1987/7560
f 1244/1996/7561 1251/1989/7562 1303/1988/7563
f 1303/1988/7564 1308/1995/7565 1244/1996/7566
f 1308/1995/7567 1303/1988/7568 1304/1990/7569
f 1304/1990/7570 1309/1997/7571 1308/1995/7572
f 1309/1997/7573 1304/1990/7574 1305/1991/7575
f 1305/1991/7576 1310/1998/7577 1309/1997/7578
f 1310/1998/7579 1305/1991/7580 1226/1884/7581
f 1226/1884/7582 1228/1886/7583 1310/1998/7584
f 1229/1992/7585 1240/1999/7586 1311/2000/7587
f 1311/2000/7588 1306/1993/7589 1229/1992/7590
f 1306/1993/7591 1311/2000/7592 1312/2001/7593
f 1312/2001/7594 1307/1994/7595 1306/1993/7596
f 1307/1994/7597 1312/2001/7598 1227/1885/7599
f 1227/1885/7600 1225/1883/7601 1307/1994/7602
f 1252/1913/7603 1244/1996/7604 1308/1995/7605
f 1308/1995/7606 1254/1914/7607 1252/1913/7608
f 1254/1914/7609 1308/1995/7610 1309/1997/7611
f 1309/1997/7612 1256/1916/7613 1254/1914/7614
f 1256/1916/7615 1309/1997/7616 1310/1998/7617
f 1310/1998/7618 1258/1918/7619 1256/1916/7620
f 1258/1918/7621 1310/1998/7622 1228/1886/7623
f 1228/1886/7624 1207/1863/7625 1258/1918/7626
f 1240/1999/7627 1232/1920/7628 1259/1919/7629
f 1259/1919/7630 1311/2000/7631 1240/1999/7632
f 1312/2001/7633 1311/2000/7634 1259/1919/7635
f 1259/1919/7636 1261/1923/7637 1312/2001/7638
f 1312/2001/7639 1261/1923/7640 1208/1864/7641
f 1208/1864/7642 1227/1885/7643 1312/2001/7644
f 1314/2003/7645 1315/2004/7646 1316/2005/7647
f 1316/2005/7648 1313/2002/7649 1314/2003/7650
f 1318/2007/7651 1314/2003/7652 1313/2002/7653
f 1313/2002/7654 1317/2006/7655 1318/2007/7656
f 1320/2009/7657 1318/2007/7658 1317/2006/7659
f 1317/2006/7660 1319/2008/7661 1320/2009/7662
f 1322/2011/7663 1320/2009/7664 1319/2008/7665
f 1319/2008/7666 1321/2010/7667 1322/2011/7668
f 1324/2013/7669 1322/2014/7670 1321/2015/7671
f 1321/2015/7672 1323/2012/7673 1324/2013/7674
f 1326/2017/7675 1324/2013/7676 1323/2012/7677
f 1323/2012/7678 1325/2016/7679 1326/2017/7680
f 1328/2019/7681 1326/2017/7682 1325/2016/7683
f 1325/2016/7684 1327/2018/7685 1328/2019/7686
f 1330/2021/7687 1328/2019/7688 1327/2018/7689
f 1327/2018/7690 1329/2020/7691 1330/2021/7692
f 1332/2023/7693 1330/2021/7694 1329/2020/7695
f 1329/2020/7696 1331/2022/7697 1332/2023/7698
f 1334/2025/7699 1332/2023/7700 1331/2022/7701
f 1331/2022/7702 1333/2024/7703 1334/2025/7704
f 1336/2027/7705 1334/2025/7706 1333/2024/7707
f 1333/2024/7708 1335/2026/7709 1336/2027/7710
f 1315/2004/7711 1336/2027/7712 1335/2026/7713
f 1335/2026/7714 1316/2005/7715 1315/2004/7716
f 1339/2030/7717 1340/2031/7718 1337/2028/7719
f 1337/2028/7720 1338/2029/7721 1339/2030/7722
f 1342/2033/7723 1343/2034/7724 1339/2030/7725
f 1339/2030/7726 1341/2032/7727 1342/2033/7728
f 1342/2033/7729 1344/2035/7730 1343/2034/7731
f 1346/2037/7732 1340/2031/7733 1343/2034/7734
f 1343/2034/7735 1345/2036/7736 1346/2037/7737
f 1346/2037/7738 1347/2038/7739 1340/2031/7740
f 1339/2030/7741 1343/2034/7742 1340/2031/7743
f 1348/2039/7744 1337/2028/7745 1340/2031/7746
f 1351/2042/7747 1352/2043/7748 1349/2040/7749
f 1349/2040/7750 1350/2041/7751 1351/2042/7752
f 1354/2045/7753 1355/2046/7754 1351/2042/7755
f 1351/2042/7756 1353/2044/7757 1354/2045/7758
f 1354/2045/7759 1356/2047/7760 1355/2046/7761
f 1358/2049/7762 1352/2043/7763 1355/2046/7764
f 1355/2046/7765 1357/2048/7766 1358/2049/7767
f 1358/2049/7768 1359/2050/7769 1352/2043/7770
f 1351/2042/7771 1355/2046/7772 1352/2043/7773
f 1360/2051/7774 1349/2040/7775 1352/2043/7776
f 1349/2053/7777 1360/2054/7778 1362/2055/7779
f 1362/2055/7780 1361/2052/7781 1349/2053/7782
f 1361/2052/7783 1362/2055/7784 1364/2057/7785
f 1364/2057/7786 1363/2056/7787 1361/2052/7788
f 1363/2056/7789 1364/2057/7790 1366/2059/7791
f 1366/2059/7792 1365/2058/7793 1363/2056/7794
f 1365/2058/7795 1366/2059/7796 1315/2004/7797
f 1315/2004/7798 1314/2003/7799 1365/2058/7800
f 1340/2061/7801 1347/2062/7802 1368/2063/7803
f 1368/2063/7804 1367/2060/7805 1340/2061/7806
f 1367/2060/7807 1368/2063/7808 1370/2065/7809
f 1370/2065/7810 1369/2064/7811 1367/2060/7812
f 1369/2064/7813 1370/2065/7814 1313/2002/7815
f 1313/2002/7816 1316/2005/7817 1369/2064/7818
f 1350/2067/7819 1349/2053/7820 1361/2052/7821
f 1361/2052/7822 1371/2066/7823 1350/2067/7824
f 1371/2066/7825 1361/2052/7826 1363/2056/7827
f 1363/2056/7828 1372/2068/7829 1371/2066/7830
f 1372/2068/7831 1363/2056/7832 1365/2058/7833
f 1365/2058/7834 1373/2069/7835 1372/2068/7836
f 1373/2069/7837 1365/2058/7838 1314/2003/7839
f 1314/2003/7840 1318/2007/7841 1373/2069/7842
f 1347/2062/7843 1346/2070/7844 1374/2071/7845
f 1374/2071/7846 1368/2063/7847 1347/2062/7848
f 1368/2063/7849 1374/2071/7850 1375/2072/7851
f 1375/2072/7852 1370/2065/7853 1368/2063/7854
f 1370/2065/7855 1375/2072/7856 1317/2006/7857
f 1317/2006/7858 1313/2002/7859 1370/2065/7860
f 1351/2074/7861 1350/2067/7862 1371/2066/7863
f 1371/2066/7864 1376/2073/7865 1351/2074/7866
f 1376/2073/7867 1371/2066/7868 1372/2068/7869
f 1372/2068/7870 1377/2075/7871 1376/2073/7872
f 1377/2075/7873 1372/2068/7874 1373/2069/7875
f 1373/2069/7876 1378/2076/7877 1377/2075/7878
f 1378/2076/7879 1373/2069/7880 1318/2007/7881
f 1318/2007/7882 1320/2009/7883 1378/2076/7884
f 1346/2070/7885 1345/2077/7886 1379/2078/7887
f 1379/2078/7888 1374/2071/7889 1346/2070/7890
f 1374/2071/7891 1379/2078/7892 1380/2079/7893
f 1380/2079/7894 1375/2072/7895 1374/2071/7896
f 1375/2072/7897 1380/2079/7898 1319/2008/7899
f 1319/2008/7900 1317/2006/7901 1375/2072/7902
f 1353/2081/7903 1351/2074/7904 1376/2073/7905
f 1376/2073/7906 1381/2080/7907 1353/2081/7908
f 1381/2080/7909 1376/2073/7910 1377/2075/7911
f 1377/2075/7912 1382/2082/7913 1381/2080/7914
f 1382/2082/7915 1377/2075/7916 1378/2076/7917
f 1378/2076/7918 1383/2083/7919 1382/2082/7920
f 1383/2083/7921 1378/2076/7922 1320/2009/7923
f 1320/2009/7924 1322/2011/7925 1383/2083/7926
f 1345/2077/7927 1343/2084/7928 1384/2085/7929
f 1384/2085/7930 1379/2078/7931 1345/2077/7932
f 1379/2078/7933 1384/2085/7934 1385/2086/7935
f 1385/2086/7936 1380/2079/7937 1379/2078/7938
f 1380/2079/7939 1385/2086/7940 1321/2010/7941
f 1321/2010/7942 1319/2008/7943 1380/2079/7944
f 1354/2088/7945 1353/2089/7946 1381/2090/7947
f 1381/2090/7948 1386/2087/7949 1354/2088/7950
f 1386/2087/7951 1381/2090/7952 1382/2092/7953
f 1382/2092/7954 1387/2091/7955 1386/2087/7956
f 1387/2091/7957 1382/2092/7958 1383/2094/7959
f 1383/2094/7960 1388/2093/7961 1387/2091/7962
f 1388/2093/7963 1383/2094/7964 1322/2014/7965
f 1322/2014/7966 1324/2013/7967 1388/2093/7968
f 1343/2096/7969 1344/2097/7970 1389/2098/7971
f 1389/2098/7972 1384/2095/7973 1343/2096/7974
f 1385/2099/7975 1384/2095/7976 1389/2098/7977
f 1389/2098/7978 1390/2100/7979 1385/2099/7980
f 1385/2099/7981 1390/2100/7982 1323/2012/7983
f 1323/2012/7984 1321/2015/7985 1385/2099/7986
f 1356/2102/7987 1354/2088/7988 1386/2087/7989
f 1386/2087/7990 1391/2101/7991 1356/2102/7992
f 1391/2101/7993 1386/2087/7994 1387/2091/7995
f 1387/2091/7996 1392/2103/7997 1391/2101/7998
f 1392/2103/7999 1387/2091/8000 1388/2093/8001
f 1388/2093/8002 1393/2104/8003 1392/2103/8004
f 1393/2104/8005 1388/2093/8006 1324/2013/8007
f 1324/2013/8008 1326/2017/8009 1393/2104/8010
f 1344/2097/8011 1342/2105/8012 1394/2106/8013
f 1394/2106/8014 1389/2098/8015 1344/2097/8016
f 1389/2098/8017 1394/2106/8018 1395/2107/8019
f 1395/2107/8020 1390/2100/8021 1389/2098/8022
f 1390/2100/8023 1395/2107/8024 1325/2016/8025
f 1325/2016/8026 1323/2012/8027 1390/2100/8028
f 1355/2109/8029 1356/2102/8030 1391/2101/8031
f 1391/2101/8032 1396/2108/8033 1355/2109/8034
f 1396/2108/8035 1391/2101/8036 1392/2103/8037
f 1392/2103/8038 1397/2110/8039 1396/2108/8040
f 1397/2110/8041 1392/2103/8042 1393/2104/8043
f 1393/2104/8044 1398/2111/8045 1397/2110/8046
f 1398/2111/8047 1393/2104/8048 1326/2017/8049
f 1326/2017/8050 1328/2019/8051 1398/2111/8052
f 1342/2105/8053 1341/2112/8054 1399/2113/8055
f 1399/2113/8056 1394/2106/8057 1342/2105/8058
f 1394/2106/8059 1399/2113/8060 1400/2114/8061
f 1400/2114/8062 1395/2107/8063 1394/2106/8064
f 1395/2107/8065 1400/2114/8066 1327/2018/8067
f 1327/2018/8068 1325/2016/8069 1395/2107/8070
f 1357/2116/8071 1355/2109/8072 1396/2108/8073
f 1396/2108/8074 1401/2115/8075 1357/2116/8076
f 1401/2115/8077 1396/2108/8078 1397/2110/8079
f 1397/2110/8080 1402/2117/8081 1401/2115/8082
f 1402/2117/8083 1397/2110/8084 1398/2111/8085
f 1398/2111/8086 1403/2118/8087 1402/2117/8088
f 1403/2118/8089 1398/2111/8090 1328/2019/8091
f 1328/2019/8092 1330/2021/8093 1403/2118/8094
f 1341/2112/8095 1339/2119/8096 1404/2120/8097
f 1404/2120/8098 1399/2113/8099 1341/2112/8100
f 1400/2114/8101 1399/2113/8102 1404/2120/8103
f 1404/2120/8104 1405/2121/8105 1400/2114/8106
f 1400/2114/8107 1405/2121/8108 1329/2020/8109
f 1329/2020/8110 1327/2018/8111 1400/2114/8112
f 1358/2123/8113 1357/2116/8114 1401/2115/8115
f 1401/2115/8116 1406/2122/8117 1358/2123/8118
f 1406/2122/8119 1401/2115/8120 1402/2117/8121
f 1402/2117/8122 1407/2124/8123 1406/2122/8124
f 1407/2124/8125 1402/2117/8126 1403/2118/8127
f 1403/2118/8128 1408/2125/8129 1407/2124/8130
f 1408/2125/8131 1403/2118/8132 1330/2021/8133
f 1330/2021/8134 1332/2023/8135 1408/2125/8136
f 1339/2119/8137 1338/2126/8138 1409/2127/8139
f 1409/2127/8140 1404/2120/8141 1339/2119/8142
f 1405/2121/8143 1404/2120/8144 1409/2127/8145
f 1409/2127/8146 1410/2128/8147 1405/2121/8148
f 1405/2121/8149 1410/2128/8150 1331/2022/8151
f 1331/2022/8152 1329/2020/8153 1405/2121/8154
f 1359/2130/8155 1358/2123/8156 1406/2122/8157
f 1406/2122/8158 1411/2129/8159 1359/2130/8160
f 1411/2129/8161 1406/2122/8162 1407/2124/8163
f 1407/2124/8164 1412/2131/8165 1411/2129/8166
f 1412/2131/8167 1407/2124/8168 1408/2125/8169
f 1408/2125/8170 1413/2132/8171 1412/2131/8172
f 1413/2132/8173 1408/2125/8174 1332/2023/8175
f 1332/2023/8176 1334/2025/8177 1413/2132/8178
f 1338/2126/8179 1337/2133/8180 1414/2134/8181
f 1414/2134/8182 1409/2127/8183 1338/2126/8184
f 1409/2127/8185 1414/2134/8186 1415/2135/8187
f 1415/2135/8188 1410/2128/8189 1409/2127/8190
f 1410/2128/8191 1415/2135/8192 1333/2024/8193
f 1333/2024/8194 1331/2022/8195 1410/2128/8196
f 1352/2137/8197 1359/2130/8198 1411/2129/8199
f 1411/2129/8200 1416/2136/8201 1352/2137/8202
f 1416/2136/8203 1411/2129/8204 1412/2131/8205
f 1412/2131/8206 1417/2138/8207 1416/2136/8208
f 1417/2138/8209 1412/2131/8210 1413/2132/8211
f 1413/2132/8212 1418/2139/8213 1417/2138/8214
f 1418/2139/8215 1413/2132/8216 1334/2025/8217
f 1334/2025/8218 1336/2027/8219 1418/2139/8220
f 1337/2133/8221 1348/2140/8222 1419/2141/8223
f 1419/2141/8224 1414/2134/8225 1337/2133/8226
f 1414/2134/8227 1419/2141/8228 1420/2142/8229
f 1420/2142/8230 1415/2135/8231 1414/2134/8232
f 1415/2135/8233 1420/2142/8234 1335/2026/8235
f 1335/2026/8236 1333/2024/8237 1415/2135/8238
f 1360/2054/8239 1352/2137/8240 1416/2136/8241
f 1416/2136/8242 1362/2055/8243 1360/2054/8244
f 1362/2055/8245 1416/2136/8246 1417/2138/8247
f 1417/2138/8248 1364/2057/8249 1362/2055/8250
f 1364/2057/8251 1417/2138/8252 1418/2139/8253
f 1418/2139/8254 1366/2059/8255 1364/2057/8256
f 1366/2059/8257 1418/2139/8258 1336/2027/8259
f 1336/2027/8260 1315/2004/8261 1366/2059/8262
f 1348/2140/8263 1340/2061/8264 1367/2060/8265
f 1367/2060/8266 1419/2141/8267 1348/2140/8268
f 1420/2142/8269 1419/2141/8270 1367/2060/8271
f 1367/2060/8272 1369/2064/8273 1420/2142/8274
f 1420/2142/8275 1369/2064/8276 1316/2005/8277
f 1316/2005/8278 1335/2026/8279 1420/2142/8280
