# This file uses feet as units for non-parametric coordinates.

g default
v 11.473099 58.189102 33.635712
v 9.617401 58.189102 33.334290
v 9.617401 58.599197 33.334290
v 8.217194 58.189102 32.603516
v 8.217194 58.599197 32.603516
v 7.267792 58.599197 31.673401
v 7.267792 58.189102 31.673401
v 11.473099 61.002899 33.635712
v 9.617401 61.002899 33.334290
v 9.617401 60.621506 33.334290
v 8.217194 61.002899 32.603516
v 7.267792 61.002899 31.673401
v 7.267792 60.621506 31.673401
v 8.217194 60.621506 32.603516
v 9.777191 58.599197 33.171814
v 9.802704 58.189102 33.179108
v 8.503799 58.599197 32.496307
v 8.503799 58.189102 32.496307
v 7.600494 58.599197 31.610413
v 7.600494 58.189102 31.610413
v 7.124802 58.599197 30.535797
v 7.124802 58.189102 30.535797
v 9.777191 60.621506 33.171814
v 9.802704 61.002899 33.179108
v 8.503799 60.621506 32.496307
v 8.503799 61.002899 32.496307
v 7.600494 60.621506 31.610413
v 7.600494 61.002899 31.610413
v 7.124802 60.621506 30.535797
v 7.124802 61.002899 30.535797
v 6.779099 58.599197 30.576294
v 6.779099 58.189102 30.576294
v 6.779099 61.002899 30.576294
v 6.779099 60.621506 30.576294
v 11.473099 58.189102 33.453613
v 11.473099 61.002899 33.453613
v 14.847504 58.189102 33.635712
v 14.847504 61.002899 33.635712
v 14.847504 58.189102 33.453613
v 14.847504 61.002899 33.453613
v 18.221893 58.189102 33.635712
v 20.077591 58.189102 33.334290
v 20.077591 58.599197 33.334290
v 21.477798 58.189102 32.603516
v 22.427200 58.189102 31.673401
v 22.427200 58.599197 31.673401
v 21.477798 58.599197 32.603516
v 18.221893 61.002899 33.635712
v 20.077591 61.002899 33.334290
v 20.077591 60.621506 33.334290
v 21.477798 61.002899 32.603516
v 21.477798 60.621506 32.603516
v 22.427200 60.621506 31.673401
v 22.427200 61.002899 31.673401
v 19.917801 58.599197 33.171814
v 19.892197 58.189102 33.179108
v 21.191193 58.599197 32.496307
v 21.191193 58.189102 32.496307
v 22.094498 58.599197 31.610413
v 22.094498 58.189102 31.610413
v 22.570190 58.599197 30.535797
v 22.570190 58.189102 30.535797
v 19.917801 60.621506 33.171814
v 19.892197 61.002899 33.179108
v 21.191193 60.621506 32.496307
v 21.191193 61.002899 32.496307
v 22.094498 60.621506 31.610413
v 22.094498 61.002899 31.610413
v 22.570190 60.621506 30.535797
v 22.570190 61.002899 30.535797
v 18.221893 58.189102 33.453613
v 22.915894 58.599197 30.576294
v 22.915894 58.189102 30.576294
v 22.915894 61.002899 30.576294
v 22.915894 60.621506 30.576294
v 18.221893 61.002899 33.453613
v 9.667892 59.077606 30.486511
v 9.667892 60.134903 30.486511
v 9.487793 60.134903 31.369110
v 9.487793 59.077606 31.369110
v 9.214996 60.561104 33.244415
v 11.492294 60.561104 33.545807
v 11.492294 60.561104 32.792999
v 9.772491 60.561104 32.617615
v 11.492294 58.651505 33.545807
v 9.214996 58.651505 33.244415
v 9.772491 58.651505 32.617615
v 11.492294 58.651505 32.792999
v 7.496704 60.561104 32.513702
v 8.314499 60.561104 32.117615
v 7.496704 58.651505 32.513702
v 8.314499 58.651505 32.117615
v 6.331604 60.561104 31.583588
v 7.340302 60.561104 31.369110
v 6.331604 58.651505 31.583588
v 7.340302 58.651505 31.369110
v 5.731903 60.561104 30.486511
v 5.731903 58.651505 30.486511
v 6.977203 58.651505 30.486511
v 8.923492 60.561104 30.486511
v 8.743393 58.651505 31.369110
v 8.923492 58.651505 30.486511
v 6.977203 60.561104 30.486511
v 8.743393 60.561104 31.369110
v 7.331802 57.973701 30.486511
v 7.547592 57.978401 31.369110
v 7.984192 57.677902 30.486511
v 8.388702 57.973701 31.369110
v 8.716095 57.978401 30.486511
v 8.011795 57.810898 31.369110
v 7.547592 61.234100 31.369110
v 7.331802 61.238907 30.486511
v 8.011795 61.401703 31.369110
v 8.716095 61.234100 30.486511
v 8.388702 61.238907 31.369110
v 8.036896 61.587799 30.486511
v 20.065491 59.077606 30.486511
v 20.245605 59.077606 31.369110
v 20.245605 60.134903 31.369110
v 20.065491 60.134903 30.486511
v 20.518402 60.561104 33.244415
v 19.960892 60.561104 32.617615
v 18.240997 60.561104 32.792999
v 18.240997 60.561104 33.545807
v 18.240997 58.651505 33.545807
v 18.240997 58.651505 32.792999
v 19.960892 58.651505 32.617615
v 20.518402 58.651505 33.244415
v 22.236694 60.561104 32.513702
v 21.418900 60.561104 32.117615
v 21.418900 58.651505 32.117615
v 22.236694 58.651505 32.513702
v 23.401703 60.561104 31.583588
v 22.393097 60.561104 31.369110
v 22.393097 58.651505 31.369110
v 23.401703 58.651505 31.583588
v 24.001404 60.561104 30.486511
v 22.756195 60.561104 30.486511
v 24.001404 58.651505 30.486511
v 20.990005 60.561104 31.369110
v 20.809891 60.561104 30.486511
v 20.809891 58.651505 30.486511
v 20.990005 58.651505 31.369110
v 22.756195 58.651505 30.486511
v 22.185699 57.978401 31.369110
v 22.401505 57.973701 30.486511
v 21.749191 57.677902 30.486511
v 21.017197 57.978401 30.486511
v 21.344604 57.973701 31.369110
v 21.721603 57.810898 31.369110
v 22.401505 61.238907 30.486511
v 22.185699 61.234100 31.369110
v 21.721603 61.401703 31.369110
v 21.344604 61.238907 31.369110
v 21.017197 61.234100 30.486511
v 21.696396 61.587799 30.486511
v 64.325699 81.663498 31.245911
v 67.627991 81.663498 30.585388
v 69.609406 81.663498 28.604004
v 70.269897 81.663498 25.301697
v 70.269897 81.663498 -25.951706
v 64.325699 81.663498 -31.895798
v 67.627991 81.663498 -31.235397
v 69.609406 81.663498 -29.253998
v -70.269905 81.663498 -25.951706
v -64.325699 81.663498 -31.895798
v -67.627998 81.663498 -31.235397
v -69.609406 81.663498 -29.253998
v 66.414505 32.800602 23.895813
v 60.796494 32.800602 29.513916
v 63.917603 32.800602 28.889496
v 65.790298 32.800602 27.016815
v -60.796501 32.800602 29.513916
v -63.917603 32.800602 28.889496
v -65.790298 32.800602 27.016815
v -66.414505 32.800602 23.895813
v 66.414505 32.800602 -24.545700
v 63.917603 32.800602 -29.539505
v 65.790298 32.800602 -27.666794
v -66.414505 32.800602 -24.545700
v -60.796501 32.800602 -30.163696
v -63.917603 32.800602 -29.539505
v -65.790298 32.800602 -27.666794
v -65.979301 59.951103 29.831909
v -62.757500 59.951103 30.476196
v -68.556801 59.951103 24.676910
v -67.912399 59.951103 27.898804
v 0.000000 81.663498 31.245911
v 0.000000 81.663498 -25.811295
v 60.796494 32.800602 -30.163696
v 0.000000 59.951103 -25.326904
v 0.000000 59.951103 30.476196
v -68.556801 59.951103 -25.326904
v 70.549194 84.999100 34.625397
v 74.171005 84.999100 33.901001
v 76.344101 84.999100 31.727905
v 77.068497 84.999100 28.105988
v -77.068504 84.999100 28.105988
v -70.549202 84.999100 34.625397
v -74.171005 84.999100 33.901001
v -76.344101 84.999100 31.727905
v 77.068497 84.999100 -28.106094
v 70.549194 84.999100 -34.625397
v 74.171005 84.999100 -33.901001
v 76.344101 84.999100 -31.727905
v -70.549202 84.999100 -34.625397
v -74.171005 84.999100 -33.901001
v -76.344101 84.999100 -31.727905
v -77.068504 84.999100 -28.106094
v 77.068497 81.705101 28.105988
v 74.065491 81.705101 28.035614
v 70.549194 81.705101 34.625397
v 74.171005 81.705101 33.901001
v 76.344101 81.705101 31.727905
v 70.506393 81.705101 27.952087
v -77.068504 81.705101 28.105988
v -74.065498 81.705101 28.035614
v -70.549202 81.705101 34.625397
v -74.171005 81.705101 33.901001
v -76.344101 81.705101 31.727905
v -70.506401 81.705101 27.952087
v 77.068497 81.705101 -28.106094
v 74.065491 81.705101 -28.035599
v 70.549194 81.705101 -34.625397
v 74.171005 81.705101 -33.901001
v 76.344101 81.705101 -31.727905
v 70.506393 81.705101 -27.952103
v -77.068504 81.705101 -28.106094
v -74.065498 81.705101 -28.035599
v -70.549202 81.705101 -34.625397
v -74.171005 81.705101 -33.901001
v -76.344101 81.705101 -31.727905
v -70.506401 81.705101 -27.952103
v -32.775299 48.100502 31.711914
v -33.723999 48.310104 31.557800
v -33.723999 48.100502 31.557800
v -34.439804 48.310104 31.184113
v -34.439804 48.100502 31.184113
v -34.925095 48.310104 30.708710
v -34.925095 48.100502 30.708710
v -35.175003 48.310104 30.147797
v -35.175003 48.100502 30.147797
v -33.723999 49.538902 31.557800
v -33.723999 49.343903 31.557800
v -32.775299 49.538902 31.711914
v -34.439804 49.538902 31.184113
v -34.439804 49.343903 31.184113
v -34.925095 49.343903 30.708710
v -34.925095 49.538902 30.708710
v -35.175003 49.538902 30.147797
v -35.175003 49.343903 30.147797
v -33.642303 48.310104 31.474701
v -32.775299 48.100502 31.618805
v -33.629303 48.100502 31.478394
v -34.293304 48.310104 31.129395
v -34.293304 48.100502 31.129395
v -34.755096 48.100502 30.676514
v -34.755096 48.310104 30.676514
v -34.998199 48.310104 30.127106
v -34.998199 48.100502 30.127106
v -33.642303 49.343903 31.474701
v -33.629303 49.538902 31.478394
v -32.775299 49.538902 31.618805
v -34.293304 49.538902 31.129395
v -34.293304 49.343903 31.129395
v -34.755096 49.343903 30.676514
v -34.755096 49.538902 30.676514
v -34.998199 49.538902 30.127106
v -34.998199 49.343903 30.127106
v -31.050308 48.100502 31.711914
v -31.050308 49.538902 31.711914
v -31.050308 49.538902 31.618805
v -31.050308 48.100502 31.618805
v -28.376602 48.100502 31.557800
v -28.376602 48.310104 31.557800
v -29.325195 48.100502 31.711914
v -27.660797 48.100502 31.184113
v -27.660797 48.310104 31.184113
v -27.175400 48.310104 30.708710
v -27.175400 48.100502 30.708710
v -26.925598 48.100502 30.147797
v -26.925598 48.310104 30.147797
v -29.325195 49.538902 31.711914
v -28.376602 49.343903 31.557800
v -28.376602 49.538902 31.557800
v -27.660797 49.343903 31.184113
v -27.660797 49.538902 31.184113
v -27.175400 49.343903 30.708710
v -27.175400 49.538902 30.708710
v -26.925598 49.343903 30.147797
v -26.925598 49.538902 30.147797
v -28.458298 48.310104 31.474701
v -28.471405 48.100502 31.478394
v -29.325195 48.100502 31.618805
v -27.807297 48.100502 31.129395
v -27.807297 48.310104 31.129395
v -27.345505 48.310104 30.676514
v -27.345505 48.100502 30.676514
v -27.102295 48.100502 30.127106
v -27.102295 48.310104 30.127106
v -28.458298 49.343903 31.474701
v -29.325195 49.538902 31.618805
v -28.471405 49.538902 31.478394
v -27.807297 49.343903 31.129395
v -27.807297 49.538902 31.129395
v -27.345505 49.538902 30.676514
v -27.345505 49.343903 30.676514
v -27.102295 49.343903 30.127106
v -27.102295 49.538902 30.127106
v -33.920395 48.339600 31.473389
v -32.756302 48.339600 31.627502
v -32.756302 49.315804 31.627502
v -33.920395 49.315804 31.473389
v -34.798904 48.339600 31.099915
v -34.798904 49.315804 31.099915
v -35.394501 48.339600 30.624390
v -35.394501 49.315804 30.624390
v -35.701103 48.339600 30.063507
v -35.701103 49.315804 30.063507
v -33.635406 49.315804 31.153015
v -32.756302 49.315804 31.242615
v -32.756302 48.339600 31.242615
v -33.635406 48.339600 31.153015
v -34.380798 49.315804 30.897308
v -34.380798 48.339600 30.897308
v -34.878799 49.315804 30.514709
v -34.878799 48.339600 30.514709
v -33.688904 49.097900 30.063507
v -33.781006 49.097900 30.514709
v -33.781006 48.557404 30.514709
v -33.688904 48.557404 30.063507
v -35.064499 49.315804 30.063507
v -35.064499 48.339600 30.063507
v -34.069504 49.315804 30.063507
v -34.161606 49.315804 30.514709
v -34.161606 48.339600 30.514709
v -34.069504 48.339600 30.063507
v -34.883102 47.993103 30.063507
v -34.772903 47.995499 30.514709
v -34.549698 47.841805 30.063507
v -34.342896 47.993103 30.514709
v -34.175507 47.995499 30.063507
v -34.535599 47.909805 30.514709
v -34.772903 49.659805 30.514709
v -34.883102 49.662300 30.063507
v -34.535599 49.745499 30.514709
v -34.175507 49.659805 30.063507
v -34.342896 49.662300 30.514709
v -34.522705 49.840607 30.063507
v -29.306198 49.315804 31.627502
v -29.306198 49.315804 31.242615
v -29.306198 48.339600 31.242615
v -29.306198 48.339600 31.627502
v -28.141998 48.339600 31.473389
v -28.141998 49.315804 31.473389
v -27.263596 48.339600 31.099915
v -27.263596 49.315804 31.099915
v -26.667999 48.339600 30.624390
v -26.667999 49.315804 30.624390
v -26.361404 48.339600 30.063507
v -26.361404 49.315804 30.063507
v -28.427002 49.315804 31.153015
v -28.427002 48.339600 31.153015
v -27.681595 49.315804 30.897308
v -27.681595 48.339600 30.897308
v -27.183609 49.315804 30.514709
v -27.183609 48.339600 30.514709
v -28.373505 49.097900 30.063507
v -28.373505 48.557404 30.063507
v -28.281509 48.557404 30.514709
v -28.281509 49.097900 30.514709
v -26.998001 49.315804 30.063507
v -26.998001 48.339600 30.063507
v -27.992996 49.315804 30.063507
v -27.900909 49.315804 30.514709
v -27.900909 48.339600 30.514709
v -27.992996 48.339600 30.063507
v -27.289597 47.995499 30.514709
v -27.179306 47.993103 30.063507
v -27.512802 47.841805 30.063507
v -27.887009 47.995499 30.063507
v -27.719604 47.993103 30.514709
v -27.526901 47.909805 30.514709
v -27.179306 49.662300 30.063507
v -27.289597 49.659805 30.514709
v -27.526901 49.745499 30.514709
v -27.719604 49.662300 30.514709
v -27.887009 49.659805 30.063507
v -27.539795 49.840607 30.063507
v -64.393700 0.000002 27.471008
v -65.150604 0.000002 27.034088
v -66.024506 0.000002 27.034088
v -66.781403 0.000002 27.471008
v -67.218399 0.000002 28.227905
v -67.218399 0.000002 29.101898
v -66.781403 0.000002 29.858795
v -66.024506 0.000002 30.295807
v -65.150604 0.000002 30.295807
v -64.393700 0.000002 29.858795
v -63.956703 0.000002 29.101898
v -63.956703 0.000002 28.227905
v -57.601105 26.893204 20.678406
v -59.221001 26.893204 19.743103
v -61.091599 26.893204 19.743103
v -62.711601 26.893204 20.678406
v -63.646805 26.893204 22.298401
v -63.646805 26.893204 24.169006
v -62.711601 26.893204 25.788910
v -61.091599 26.893204 26.724213
v -59.221001 26.893204 26.724213
v -57.601105 26.893204 25.788910
v -56.665802 26.893204 24.169006
v -56.665802 26.893204 22.298401
v -57.601105 32.677402 20.678406
v -59.221001 32.677402 19.743103
v -61.091599 32.677402 19.743103
v -62.711601 32.677402 20.678406
v -63.646805 32.677402 22.298401
v -63.646805 32.677402 24.169006
v -62.711601 32.677402 25.788910
v -61.091599 32.677402 26.724213
v -59.221001 32.677402 26.724213
v -57.601105 32.677402 25.788910
v -56.665802 32.677402 24.169006
v -56.665802 32.677402 22.298401
v -59.221001 26.893204 -20.848495
v -57.601105 26.893204 -21.783798
v -64.393700 0.000002 -28.576401
v -65.150604 0.000002 -28.139496
v -61.091599 26.893204 -20.848495
v -66.024506 0.000002 -28.139496
v -62.711601 26.893204 -21.783798
v -66.781403 0.000002 -28.576401
v -63.646805 26.893204 -23.403793
v -67.218399 0.000002 -29.333298
v -63.646805 26.893204 -25.274399
v -67.218399 0.000002 -30.207306
v -62.711601 26.893204 -26.894302
v -66.781403 0.000002 -30.964203
v -61.091599 26.893204 -27.829605
v -66.024506 0.000002 -31.401199
v -59.221001 26.893204 -27.829605
v -65.150604 0.000002 -31.401199
v -57.601105 26.893204 -26.894302
v -64.393700 0.000002 -30.964203
v -56.665802 26.893204 -25.274399
v -63.956703 0.000002 -30.207306
v -56.665802 26.893204 -23.403793
v -63.956703 0.000002 -29.333298
v -59.221001 32.677402 -20.848495
v -57.601105 32.677402 -21.783798
v -61.091599 32.677402 -20.848495
v -62.711601 32.677402 -21.783798
v -63.646805 32.677402 -23.403793
v -63.646805 32.677402 -25.274399
v -62.711601 32.677402 -26.894302
v -61.091599 32.677402 -27.829605
v -59.221001 32.677402 -27.829605
v -57.601105 32.677402 -26.894302
v -56.665802 32.677402 -25.274399
v -56.665802 32.677402 -23.403793
v 59.328995 26.893204 19.743103
v 57.709091 26.893204 20.678406
v 64.501694 0.000002 27.471008
v 65.258591 0.000002 27.034088
v 61.199600 26.893204 19.743103
v 66.132492 0.000002 27.034088
v 62.819595 26.893204 20.678406
v 66.889404 0.000002 27.471008
v 63.754791 26.893204 22.298401
v 67.326401 0.000002 28.227905
v 63.754791 26.893204 24.169006
v 67.326401 0.000002 29.101898
v 62.819595 26.893204 25.788910
v 66.889404 0.000002 29.858795
v 61.199600 26.893204 26.724213
v 66.132492 0.000002 30.295807
v 59.328995 26.893204 26.724213
v 65.258591 0.000002 30.295807
v 57.709091 26.893204 25.788910
v 64.501694 0.000002 29.858795
v 56.773804 26.893204 24.169006
v 64.064697 0.000002 29.101898
v 56.773804 26.893204 22.298401
v 64.064697 0.000002 28.227905
v 59.328995 32.677402 19.743103
v 57.709091 32.677402 20.678406
v 61.199600 32.677402 19.743103
v 62.819595 32.677402 20.678406
v 63.754791 32.677402 22.298401
v 63.754791 32.677402 24.169006
v 62.819595 32.677402 25.788910
v 61.199600 32.677402 26.724213
v 59.328995 32.677402 26.724213
v 57.709091 32.677402 25.788910
v 56.773804 32.677402 24.169006
v 56.773804 32.677402 22.298401
v 59.328995 26.893204 -20.848495
v 65.258591 0.000002 -28.139496
v 64.501694 0.000002 -28.576401
v 57.709091 26.893204 -21.783798
v 61.199600 26.893204 -20.848495
v 66.132492 0.000002 -28.139496
v 62.819595 26.893204 -21.783798
v 66.889404 0.000002 -28.576401
v 63.754791 26.893204 -23.403793
v 67.326401 0.000002 -29.333298
v 63.754791 26.893204 -25.274399
v 67.326401 0.000002 -30.207306
v 62.819595 26.893204 -26.894302
v 66.889404 0.000002 -30.964203
v 61.199600 26.893204 -27.829605
v 66.132492 0.000002 -31.401199
v 59.328995 26.893204 -27.829605
v 65.258591 0.000002 -31.401199
v 57.709091 26.893204 -26.894302
v 64.501694 0.000002 -30.964203
v 56.773804 26.893204 -25.274399
v 64.064697 0.000002 -30.207306
v 56.773804 26.893204 -23.403793
v 64.064697 0.000002 -29.333298
v 59.328995 32.677402 -20.848495
v 57.709091 32.677402 -21.783798
v 61.199600 32.677402 -20.848495
v 62.819595 32.677402 -21.783798
v 63.754791 32.677402 -23.403793
v 63.754791 32.677402 -25.274399
v 62.819595 32.677402 -26.894302
v 61.199600 32.677402 -27.829605
v 59.328995 32.677402 -27.829605
v 57.709091 32.677402 -26.894302
v 56.773804 32.677402 -25.274399
v 56.773804 32.677402 -23.403793
vt 0.304200 0.309300
vt 0.288700 0.304500
vt 0.290300 0.301900
vt 0.342300 0.927200
vt 0.304200 0.306400
vt 0.281300 0.301900
vt 0.293200 0.313500
vt 0.277000 0.292600
vt 0.279500 0.290900
vt 0.269100 0.277400
vt 0.271900 0.276300
vt 0.346400 0.980800
vt 0.265100 0.259600
vt 0.267900 0.258900
vt 0.341900 0.964700
vt 0.344800 0.964300
vt 0.348200 0.964200
vt 0.271600 0.241300
vt 0.349000 0.979000
vt 0.287000 0.236500
vt 0.287000 0.239300
vt 0.273100 0.243800
vt 0.259800 0.253300
vt 0.262300 0.255000
vt 0.251900 0.268400
vt 0.254600 0.269400
vt 0.247900 0.286200
vt 0.341900 0.858900
vt 0.250700 0.286900
vt 0.332500 0.306400
vt 0.369000 0.324400
vt 0.367300 0.322100
vt 0.332300 0.309300
vt 0.315200 0.236500
vt 0.315200 0.239300
vt 0.442900 0.978100
vt 0.360600 0.309400
vt 0.441100 0.980500
vt 0.426400 0.976100
vt 0.360600 0.306400
vt 0.374600 0.301900
vt 0.376100 0.304500
vt 0.426900 0.973300
vt 0.353800 0.973600
vt 0.385400 0.290900
vt 0.387900 0.292600
vt 0.393100 0.276300
vt 0.395800 0.277400
vt 0.302900 0.233100
vt 0.302900 0.222800
vt 0.287200 0.264100
vt 0.318000 0.264100
vt 0.528300 0.011500
vt 0.542900 0.011500
vt 0.542900 0.042100
vt 0.528300 0.042100
vt 0.513700 0.011500
vt 0.513700 0.042100
vt 0.499000 0.011500
vt 0.499000 0.042100
vt 0.983700 0.848900
vt 0.983700 0.868500
vt 0.333500 0.222800
vt 0.318000 0.275700
vt 0.333500 0.233100
vt 0.927700 0.504700
vt 0.287200 0.275700
vt 0.349200 0.214400
vt 0.331500 0.269600
vt 0.344500 0.219800
vt 0.328800 0.272800
vt 0.302900 0.206500
vt 0.273700 0.269600
vt 0.276500 0.265800
vt 0.286400 0.213900
vt 0.311100 0.281900
vt 0.292100 0.208300
vt 0.294100 0.281900
vt 0.326700 0.200300
vt 0.283100 0.227700
vt 0.328800 0.285200
vt 0.328800 0.296900
vt 0.272700 0.227700
vt 0.614000 0.042100
vt 0.599400 0.042100
vt 0.599400 0.011500
vt 0.614000 0.011500
vt 0.628600 0.042100
vt 0.628600 0.011500
vt 0.298000 0.296900
vt 0.298000 0.285200
vt 0.272700 0.196900
vt 0.283100 0.196900
vt 0.287200 0.294000
vt 0.269700 0.238500
vt 0.264300 0.243200
vt 0.284500 0.290800
vt 0.256500 0.196900
vt 0.339500 0.287000
vt 0.258200 0.186200
vt 0.263900 0.180400
vt 0.256500 0.227700
vt 0.342200 0.290800
vt 0.321800 0.303100
vt 0.250300 0.220700
vt 0.304900 0.303100
vt 0.339600 0.294000
vt 0.287300 0.287000
vt 0.250300 0.203800
vt 0.258200 0.238400
vt 0.297100 0.159800
vt 0.397000 0.217900
vt 0.382600 0.218800
vt 0.296200 0.174200
vt 0.397000 0.227100
vt 0.382500 0.228100
vt 0.286900 0.174300
vt 0.287800 0.159900
vt 0.256600 0.178800
vt 0.251400 0.165100
vt 0.262100 0.161600
vt 0.267000 0.175200
vt 0.275700 0.173800
vt 0.277000 0.159300
vt 0.390100 0.264200
vt 0.376800 0.257900
vt 0.381100 0.247900
vt 0.394300 0.253900
vt 0.397500 0.238100
vt 0.382800 0.239300
vt 0.271600 0.174100
vt 0.269100 0.159800
vt 0.397000 0.246100
vt 0.382600 0.243400
vt 0.274000 0.178100
vt 0.275000 0.192500
vt 0.373700 0.198600
vt 0.359300 0.197700
vt 0.373800 0.207800
vt 0.359300 0.206900
vt 0.283300 0.178100
vt 0.284200 0.192500
vt 0.314500 0.197000
vt 0.304100 0.193500
vt 0.308900 0.179800
vt 0.319800 0.183300
vt 0.294200 0.177500
vt 0.295500 0.192200
vt 0.366200 0.244000
vt 0.361900 0.233500
vt 0.375200 0.227600
vt 0.379500 0.237700
vt 0.373500 0.219100
vt 0.358800 0.217900
vt 0.299600 0.192400
vt 0.302000 0.178100
vt 0.359300 0.225900
vt 0.373700 0.223200
vt 0.276400 0.272800
vt 0.328700 0.265800
vt 0.333500 0.206500
vt 0.309800 0.200300
vt 0.344400 0.208300
vt 0.292100 0.219800
vt 0.991000 0.450200
vt 0.986100 0.469300
vt 0.975900 0.464600
vt 0.978700 0.450200
vt 0.974100 0.483600
vt 0.967700 0.476800
vt 0.959000 0.493400
vt 0.955500 0.485000
vt 0.941200 0.498300
vt 0.941200 0.488000
vt 0.978700 0.393800
vt 0.991000 0.393800
vt 0.975900 0.379400
vt 0.986000 0.374800
vt 0.967700 0.367200
vt 0.974100 0.360400
vt 0.955500 0.359200
vt 0.959000 0.350700
vt 0.941200 0.356000
vt 0.941200 0.345700
vt 0.922800 0.485600
vt 0.935000 0.485600
vt 0.937900 0.500000
vt 0.939600 0.519000
vt 0.946100 0.512200
vt 0.954700 0.528800
vt 0.958300 0.520400
vt 0.972600 0.533700
vt 0.972600 0.523300
vt 0.922800 0.429200
vt 0.935000 0.429200
vt 0.927700 0.410200
vt 0.937900 0.414800
vt 0.939600 0.395800
vt 0.946100 0.402600
vt 0.954700 0.386100
vt 0.958300 0.394500
vt 0.972600 0.381100
vt 0.972600 0.391400
vt 0.953100 0.868500
vt 0.953100 0.848900
vt 0.983700 0.830300
vt 0.953100 0.830300
vt 0.983700 0.812300
vt 0.953100 0.812300
vt 0.983700 0.793800
vt 0.953100 0.793800
vt 0.953100 0.944700
vt 0.953100 0.925000
vt 0.983700 0.925000
vt 0.983700 0.944700
vt 0.953100 0.963200
vt 0.983700 0.963200
vt 0.953100 0.981300
vt 0.983700 0.981300
vt 0.953100 0.999900
vt 0.983700 0.999900
vt 0.643300 0.042100
vt 0.643300 0.011500
vt 0.269700 0.186100
vt 0.600200 0.980800
vt 0.583200 0.980800
vt 0.583200 0.966400
vt 0.600200 0.966400
vt 0.579900 0.966200
vt 0.579900 0.980800
vt 0.563000 0.980800
vt 0.563000 0.966200
vt 0.963100 0.672200
vt 0.969700 0.657400
vt 0.969700 0.672000
vt 0.963100 0.687600
vt 0.969700 0.687600
vt 0.963100 0.703900
vt 0.969700 0.703900
vt 0.963100 0.721800
vt 0.969700 0.721800
vt 0.930700 0.672200
vt 0.924500 0.672000
vt 0.924500 0.657400
vt 0.930700 0.687600
vt 0.924500 0.687600
vt 0.930700 0.703800
vt 0.924400 0.703800
vt 0.930500 0.721800
vt 0.924400 0.721800
vt 0.924500 0.629100
vt 0.969700 0.629100
vt 0.963100 0.586100
vt 0.969800 0.586400
vt 0.969800 0.601000
vt 0.963300 0.570800
vt 0.969800 0.570800
vt 0.963300 0.554500
vt 0.969800 0.554500
vt 0.963300 0.536500
vt 0.969800 0.536600
vt 0.930800 0.586100
vt 0.924500 0.600900
vt 0.924500 0.586300
vt 0.930800 0.570700
vt 0.924500 0.570700
vt 0.930800 0.554500
vt 0.924500 0.554500
vt 0.930800 0.536500
vt 0.924500 0.536500
vt 0.124900 0.075800
vt 0.141200 0.069200
vt 0.141200 0.075800
vt 0.157900 0.069200
vt 0.157900 0.075800
vt 0.174900 0.069200
vt 0.174900 0.075800
vt 0.193200 0.069200
vt 0.193200 0.075800
vt 0.141200 0.030600
vt 0.141200 0.036700
vt 0.124900 0.030600
vt 0.157900 0.030600
vt 0.157900 0.036700
vt 0.174900 0.030600
vt 0.174900 0.036700
vt 0.193200 0.030600
vt 0.193200 0.036700
vt 0.096700 0.075800
vt 0.096700 0.030600
vt 0.052200 0.075900
vt 0.052200 0.069200
vt 0.068500 0.075900
vt 0.035500 0.075900
vt 0.035500 0.069200
vt 0.018500 0.075900
vt 0.018500 0.069300
vt 0.000100 0.075900
vt 0.000100 0.069300
vt 0.068500 0.030600
vt 0.052200 0.036700
vt 0.052200 0.030600
vt 0.035500 0.036800
vt 0.035500 0.030600
vt 0.018500 0.036800
vt 0.018500 0.030600
vt 0.000100 0.036800
vt 0.000100 0.030600
vt 0.348500 0.954300
vt 0.348500 0.948200
vt 0.351300 0.948200
vt 0.351300 0.954300
vt 0.290500 0.314900
vt 0.279600 0.304200
vt 0.266200 0.293900
vt 0.265200 0.296700
vt 0.248400 0.289800
vt 0.247700 0.292700
vt 0.341900 0.894700
vt 0.344900 0.894700
vt 0.345300 0.927200
vt 0.348200 0.957600
vt 0.351100 0.957600
vt 0.351100 0.964200
vt 0.400000 0.259500
vt 0.397100 0.258800
vt 0.398500 0.252500
vt 0.401300 0.253200
vt 0.358900 0.241300
vt 0.357400 0.243800
vt 0.343500 0.239300
vt 0.378200 0.311400
vt 0.380900 0.312800
vt 0.353800 0.332400
vt 0.352800 0.329600
vt 0.335900 0.336500
vt 0.335400 0.333600
vt 0.344800 0.858900
vt 0.344800 0.891400
vt 0.341900 0.891400
vt 0.350900 0.973600
vt 0.350900 0.967500
vt 0.353800 0.967500
vt 0.342200 0.947600
vt 0.345000 0.948000
vt 0.347100 0.929900
vt 0.350000 0.930800
vt 0.410100 0.976100
vt 0.409800 0.973300
vt 0.392700 0.980800
vt 0.392100 0.977900
vt 0.343500 0.236500
vt 0.370700 0.253300
vt 0.368200 0.255000
vt 0.378600 0.268400
vt 0.375800 0.269400
vt 0.382600 0.286200
vt 0.379800 0.286900
vt 0.684400 0.690400
vt 0.920000 0.680400
vt 0.921100 0.695700
vt 0.685500 0.706600
vt 0.700000 0.720600
vt 0.708900 0.720300
vt 0.710400 0.956200
vt 0.702000 0.956400
vt 0.719900 0.720300
vt 0.720800 0.956200
vt 0.433700 0.153500
vt 0.407900 0.160100
vt 0.417600 0.155100
vt 0.404700 0.168400
vt 0.736100 0.720800
vt 0.684200 0.153500
vt 0.736100 0.956600
vt 0.377700 0.735300
vt 0.397400 0.970400
vt 0.389000 0.970900
vt 0.368800 0.735900
vt 0.378700 0.971900
vt 0.358000 0.736900
vt 0.363500 0.973700
vt 0.351500 0.843300
vt 0.700300 0.155100
vt 0.710000 0.160100
vt 0.713300 0.168400
vt 0.341900 0.738900
vt 0.919400 0.661700
vt 0.684200 0.505900
vt 0.919500 0.670200
vt 0.683900 0.679500
vt 0.683600 0.670600
vt 0.919500 0.348400
vt 0.788600 0.343200
vt 0.789100 0.332600
vt 0.710000 0.499400
vt 0.700300 0.504300
vt 0.713300 0.491100
vt 0.920000 0.338100
vt 0.000100 0.345700
vt 0.790200 0.316800
vt 0.921100 0.322800
vt 0.683600 0.509300
vt 0.788400 0.509300
vt 0.919400 0.356800
vt 0.788400 0.351800
vt 0.846300 0.316100
vt 0.001600 0.330400
vt 0.006400 0.321300
vt 0.014200 0.318200
vt 0.846300 0.043400
vt 0.950900 0.039600
vt 0.950900 0.318400
vt 0.716600 0.310400
vt 0.716600 0.138500
vt 0.821300 0.138500
vt 0.821300 0.314800
vt 0.683500 0.329800
vt 0.404700 0.329800
vt 0.333200 0.345700
vt 0.327000 0.321300
vt 0.331700 0.330400
vt 0.319200 0.318200
vt 0.333200 0.582500
vt 0.014200 0.609900
vt 0.000100 0.582500
vt 0.006400 0.606900
vt 0.001600 0.597700
vt 0.331700 0.597700
vt 0.327000 0.606900
vt 0.319200 0.609900
vt 0.911400 0.952400
vt 0.739400 0.980800
vt 0.739400 0.708100
vt 0.911400 0.708100
vt 0.896900 0.980800
vt 0.905000 0.977600
vt 0.909800 0.968200
vt 0.492200 0.131000
vt 0.496100 0.000000
vt 0.757000 0.999900
vt 0.757000 0.984100
vt 0.774700 0.984100
vt 0.774700 0.999900
vt 0.381300 0.999900
vt 0.648400 0.719700
vt 0.676800 0.712500
vt 0.666200 0.717900
vt 0.680300 0.703400
vt 0.648400 0.333100
vt 0.371600 0.999900
vt 0.371600 0.984100
vt 0.381300 0.984100
vt 0.934000 0.999900
vt 0.934000 0.725100
vt 0.666200 0.335000
vt 0.676800 0.340400
vt 0.680300 0.349500
vt 0.373800 0.719700
vt 0.949700 0.725100
vt 0.949700 0.999900
vt 0.645600 0.134300
vt 0.655400 0.134300
vt 0.655400 0.150200
vt 0.373800 0.333100
vt 0.356000 0.717900
vt 0.345400 0.712500
vt 0.645600 0.150200
vt 0.667400 0.134300
vt 0.667400 0.150200
vt 0.685100 0.134300
vt 0.685100 0.150200
vt 0.341900 0.703400
vt 0.345400 0.340400
vt 0.356000 0.335000
vt 0.341900 0.349500
vt 0.032100 0.999900
vt 0.014300 0.998000
vt 0.291700 0.134300
vt 0.291700 0.150200
vt 0.282000 0.150200
vt 0.282000 0.134300
vt 0.270000 0.150200
vt 0.003700 0.992600
vt 0.032400 0.992400
vt 0.000100 0.983500
vt 0.032700 0.983400
vt 0.032100 0.613200
vt 0.306700 0.613200
vt 0.270000 0.134300
vt 0.735200 0.984100
vt 0.745000 0.984100
vt 0.745000 0.999900
vt 0.735200 0.999900
vt 0.306400 0.620800
vt 0.032400 0.620800
vt 0.003700 0.620500
vt 0.014300 0.615100
vt 0.000100 0.629600
vt 0.032700 0.629700
vt 0.359600 0.999900
vt 0.359600 0.984100
vt 0.306000 0.629700
vt 0.306000 0.983400
vt 0.306700 0.999900
vt 0.306400 0.992400
vt 0.335100 0.992600
vt 0.324500 0.998000
vt 0.338600 0.983500
vt 0.324500 0.615100
vt 0.335100 0.620500
vt 0.338600 0.629600
vt 0.252300 0.134300
vt 0.252300 0.150200
vt 0.914700 0.999900
vt 0.930600 0.999900
vt 0.243700 0.314900
vt 0.250600 0.079200
vt 0.930600 0.725100
vt 0.914700 0.725100
vt 0.341900 0.999900
vt 0.341900 0.984100
vt 0.251700 0.000000
vt 0.255500 0.131000
vt 0.000100 0.079200
vt 0.006900 0.314900
vt 0.124900 0.075800
vt 0.141200 0.069200
vt 0.141200 0.075800
vt 0.157900 0.069200
vt 0.157900 0.075800
vt 0.174900 0.069200
vt 0.174900 0.075800
vt 0.193200 0.069200
vt 0.193200 0.075800
vt 0.141200 0.030600
vt 0.141200 0.036700
vt 0.124900 0.030600
vt 0.157900 0.030600
vt 0.157900 0.036700
vt 0.174900 0.036700
vt 0.174900 0.030600
vt 0.193200 0.030600
vt 0.193200 0.036700
vt 0.963100 0.672200
vt 0.969700 0.657400
vt 0.969700 0.672000
vt 0.963100 0.687600
vt 0.969700 0.687600
vt 0.969700 0.703900
vt 0.963100 0.703900
vt 0.963100 0.721800
vt 0.969700 0.721800
vt 0.930700 0.672200
vt 0.924500 0.672000
vt 0.924500 0.657400
vt 0.924500 0.687600
vt 0.930700 0.687600
vt 0.930700 0.703800
vt 0.924400 0.703800
vt 0.924400 0.721800
vt 0.930500 0.721800
vt 0.288700 0.304500
vt 0.290300 0.301900
vt 0.304200 0.306400
vt 0.304200 0.309300
vt 0.293200 0.313500
vt 0.290500 0.314900
vt 0.279600 0.304200
vt 0.281300 0.301900
vt 0.277000 0.292600
vt 0.279500 0.290900
vt 0.265200 0.296700
vt 0.266200 0.293900
vt 0.271900 0.276300
vt 0.269100 0.277400
vt 0.247700 0.292700
vt 0.248400 0.289800
vt 0.351100 0.957600
vt 0.351100 0.964200
vt 0.348200 0.964200
vt 0.348200 0.957600
vt 0.265100 0.259600
vt 0.267900 0.258900
vt 0.287000 0.236500
vt 0.287000 0.239300
vt 0.273100 0.243800
vt 0.271600 0.241300
vt 0.262300 0.255000
vt 0.259800 0.253300
vt 0.341900 0.964700
vt 0.344800 0.964300
vt 0.349000 0.979000
vt 0.346400 0.980800
vt 0.254600 0.269400
vt 0.251900 0.268400
vt 0.345000 0.948000
vt 0.342200 0.947600
vt 0.250700 0.286900
vt 0.247900 0.286200
vt 0.351300 0.948200
vt 0.351300 0.954300
vt 0.348500 0.954300
vt 0.348500 0.948200
vt 0.347100 0.929900
vt 0.350000 0.930800
vt 0.344900 0.894700
vt 0.345300 0.927200
vt 0.342300 0.927200
vt 0.341900 0.894700
vt 0.096700 0.075800
vt 0.096700 0.030600
vt 0.924500 0.629100
vt 0.969700 0.629100
vt 0.332500 0.306400
vt 0.332300 0.309300
vt 0.315200 0.236500
vt 0.315200 0.239300
vt 0.052200 0.075900
vt 0.052200 0.069200
vt 0.068500 0.075900
vt 0.035500 0.075900
vt 0.035500 0.069200
vt 0.018500 0.069300
vt 0.018500 0.075900
vt 0.000100 0.075900
vt 0.000100 0.069300
vt 0.068500 0.030600
vt 0.052200 0.036700
vt 0.052200 0.030600
vt 0.035500 0.036800
vt 0.035500 0.030600
vt 0.018500 0.036800
vt 0.018500 0.030600
vt 0.000100 0.036800
vt 0.000100 0.030600
vt 0.963100 0.586100
vt 0.969800 0.586400
vt 0.969800 0.601000
vt 0.969800 0.570800
vt 0.963300 0.570800
vt 0.963300 0.554500
vt 0.969800 0.554500
vt 0.969800 0.536600
vt 0.963300 0.536500
vt 0.930800 0.586100
vt 0.924500 0.600900
vt 0.924500 0.586300
vt 0.930800 0.570700
vt 0.924500 0.570700
vt 0.924500 0.554500
vt 0.930800 0.554500
vt 0.930800 0.536500
vt 0.924500 0.536500
vt 0.360600 0.309400
vt 0.360600 0.306400
vt 0.374600 0.301900
vt 0.376100 0.304500
vt 0.369000 0.324400
vt 0.367300 0.322100
vt 0.378200 0.311400
vt 0.380900 0.312800
vt 0.385400 0.290900
vt 0.387900 0.292600
vt 0.353800 0.332400
vt 0.352800 0.329600
vt 0.393100 0.276300
vt 0.395800 0.277400
vt 0.335900 0.336500
vt 0.335400 0.333600
vt 0.398500 0.252500
vt 0.401300 0.253200
vt 0.400000 0.259500
vt 0.397100 0.258800
vt 0.358900 0.241300
vt 0.357400 0.243800
vt 0.343500 0.239300
vt 0.343500 0.236500
vt 0.370700 0.253300
vt 0.368200 0.255000
vt 0.442900 0.978100
vt 0.441100 0.980500
vt 0.426400 0.976100
vt 0.426900 0.973300
vt 0.378600 0.268400
vt 0.375800 0.269400
vt 0.410100 0.976100
vt 0.409800 0.973300
vt 0.382600 0.286200
vt 0.379800 0.286900
vt 0.350900 0.967500
vt 0.353800 0.967500
vt 0.353800 0.973600
vt 0.350900 0.973600
vt 0.392700 0.980800
vt 0.392100 0.977900
vt 0.344800 0.891400
vt 0.341900 0.891400
vt 0.341900 0.858900
vt 0.344800 0.858900
vt 0.983700 0.848900
vt 0.983700 0.868500
vt 0.953100 0.868500
vt 0.953100 0.848900
vt 0.983700 0.830300
vt 0.953100 0.830300
vt 0.983700 0.812300
vt 0.953100 0.812300
vt 0.983700 0.793800
vt 0.953100 0.793800
vt 0.528300 0.011500
vt 0.542900 0.011500
vt 0.542900 0.042100
vt 0.528300 0.042100
vt 0.513700 0.011500
vt 0.513700 0.042100
vt 0.499000 0.011500
vt 0.499000 0.042100
vt 0.583200 0.980800
vt 0.583200 0.966400
vt 0.600200 0.966400
vt 0.600200 0.980800
vt 0.935000 0.485600
vt 0.937900 0.500000
vt 0.927700 0.504700
vt 0.922800 0.485600
vt 0.975900 0.464600
vt 0.978700 0.450200
vt 0.991000 0.450200
vt 0.986100 0.469300
vt 0.946100 0.512200
vt 0.939600 0.519000
vt 0.967700 0.476800
vt 0.974100 0.483600
vt 0.958300 0.520400
vt 0.954700 0.528800
vt 0.955500 0.485000
vt 0.959000 0.493400
vt 0.972600 0.523300
vt 0.972600 0.533700
vt 0.302900 0.222800
vt 0.333500 0.222800
vt 0.333500 0.233100
vt 0.302900 0.233100
vt 0.941200 0.488000
vt 0.941200 0.498300
vt 0.397000 0.227100
vt 0.382500 0.228100
vt 0.382600 0.218800
vt 0.397000 0.217900
vt 0.286900 0.174300
vt 0.287800 0.159900
vt 0.297100 0.159800
vt 0.296200 0.174200
vt 0.287200 0.264100
vt 0.318000 0.264100
vt 0.318000 0.275700
vt 0.287200 0.275700
vt 0.256600 0.178800
vt 0.251400 0.165100
vt 0.262100 0.161600
vt 0.267000 0.175200
vt 0.349200 0.214400
vt 0.344500 0.219800
vt 0.275700 0.173800
vt 0.277000 0.159300
vt 0.331500 0.269600
vt 0.328800 0.272800
vt 0.390100 0.264200
vt 0.376800 0.257900
vt 0.381100 0.247900
vt 0.394300 0.253900
vt 0.273700 0.269600
vt 0.276500 0.265800
vt 0.397500 0.238100
vt 0.382800 0.239300
vt 0.302900 0.206500
vt 0.286400 0.213900
vt 0.292100 0.208300
vt 0.271600 0.174100
vt 0.269100 0.159800
vt 0.397000 0.246100
vt 0.382600 0.243400
vt 0.311100 0.281900
vt 0.294100 0.281900
vt 0.276400 0.272800
vt 0.328700 0.265800
vt 0.326700 0.200300
vt 0.333500 0.206500
vt 0.309800 0.200300
vt 0.344400 0.208300
vt 0.292100 0.219800
vt 0.922800 0.429200
vt 0.935000 0.429200
vt 0.978700 0.393800
vt 0.991000 0.393800
vt 0.953100 0.925000
vt 0.983700 0.925000
vt 0.983700 0.944700
vt 0.953100 0.944700
vt 0.983700 0.963200
vt 0.953100 0.963200
vt 0.983700 0.981300
vt 0.953100 0.981300
vt 0.983700 0.999900
vt 0.953100 0.999900
vt 0.599400 0.042100
vt 0.599400 0.011500
vt 0.614000 0.011500
vt 0.614000 0.042100
vt 0.628600 0.011500
vt 0.628600 0.042100
vt 0.643300 0.011500
vt 0.643300 0.042100
vt 0.563000 0.966200
vt 0.579900 0.966200
vt 0.579900 0.980800
vt 0.563000 0.980800
vt 0.927700 0.410200
vt 0.937900 0.414800
vt 0.975900 0.379400
vt 0.986000 0.374800
vt 0.939600 0.395800
vt 0.946100 0.402600
vt 0.967700 0.367200
vt 0.974100 0.360400
vt 0.954700 0.386100
vt 0.958300 0.394500
vt 0.955500 0.359200
vt 0.959000 0.350700
vt 0.972600 0.381100
vt 0.972600 0.391400
vt 0.283100 0.227700
vt 0.272700 0.227700
vt 0.272700 0.196900
vt 0.283100 0.196900
vt 0.941200 0.356000
vt 0.941200 0.345700
vt 0.359300 0.206900
vt 0.359300 0.197700
vt 0.373700 0.198600
vt 0.373800 0.207800
vt 0.284200 0.192500
vt 0.275000 0.192500
vt 0.274000 0.178100
vt 0.283300 0.178100
vt 0.328800 0.285200
vt 0.328800 0.296900
vt 0.298000 0.296900
vt 0.298000 0.285200
vt 0.314500 0.197000
vt 0.304100 0.193500
vt 0.308900 0.179800
vt 0.319800 0.183300
vt 0.269700 0.238500
vt 0.264300 0.243200
vt 0.294200 0.177500
vt 0.295500 0.192200
vt 0.287200 0.294000
vt 0.284500 0.290800
vt 0.366200 0.244000
vt 0.361900 0.233500
vt 0.375200 0.227600
vt 0.379500 0.237700
vt 0.339500 0.287000
vt 0.342200 0.290800
vt 0.373500 0.219100
vt 0.358800 0.217900
vt 0.256500 0.196900
vt 0.258200 0.186200
vt 0.263900 0.180400
vt 0.299600 0.192400
vt 0.302000 0.178100
vt 0.359300 0.225900
vt 0.373700 0.223200
vt 0.304900 0.303100
vt 0.321800 0.303100
vt 0.339600 0.294000
vt 0.287300 0.287000
vt 0.256500 0.227700
vt 0.250300 0.220700
vt 0.250300 0.203800
vt 0.258200 0.238400
vt 0.269700 0.186100
vt 0.658100 0.073600
vt 0.657300 0.076400
vt 0.524900 0.052000
vt 0.526000 0.046100
vt 0.657200 0.078600
vt 0.524700 0.056500
vt 0.657400 0.081500
vt 0.525100 0.062300
vt 0.657900 0.085400
vt 0.525500 0.070500
vt 0.658500 0.089500
vt 0.526000 0.079600
vt 0.658700 0.093300
vt 0.526200 0.088000
vt 0.658800 0.096200
vt 0.526200 0.094400
vt 0.658600 0.098400
vt 0.525900 0.099300
vt 0.658100 0.101200
vt 0.525300 0.105500
vt 0.657600 0.105000
vt 0.524400 0.113800
vt 0.657000 0.109200
vt 0.523600 0.122800
vt 0.497900 0.051500
vt 0.498100 0.045400
vt 0.451700 0.971300
vt 0.456000 0.971300
vt 0.459700 0.972500
vt 0.461800 0.974300
vt 0.461800 0.976500
vt 0.459700 0.978500
vt 0.456000 0.979500
vt 0.451700 0.979500
vt 0.448000 0.978500
vt 0.445800 0.976500
vt 0.445800 0.974300
vt 0.448000 0.972500
vt 0.497900 0.056300
vt 0.497900 0.062400
vt 0.498000 0.070600
vt 0.498100 0.079600
vt 0.498100 0.087700
vt 0.498000 0.093700
vt 0.497900 0.098000
vt 0.497500 0.104000
vt 0.497000 0.112000
vt 0.496400 0.121000
vt 0.656700 0.113000
vt 0.523100 0.131000
vt 0.495800 0.129000
vt 0.524900 0.052000
vt 0.526000 0.046100
vt 0.658100 0.073600
vt 0.657300 0.076400
vt 0.524700 0.056500
vt 0.657200 0.078600
vt 0.525100 0.062300
vt 0.657400 0.081500
vt 0.525500 0.070500
vt 0.657900 0.085400
vt 0.526000 0.079600
vt 0.658500 0.089500
vt 0.526200 0.088000
vt 0.658700 0.093300
vt 0.526200 0.094400
vt 0.658800 0.096200
vt 0.525900 0.099300
vt 0.658600 0.098400
vt 0.525300 0.105500
vt 0.658100 0.101200
vt 0.524400 0.113800
vt 0.657600 0.105000
vt 0.523600 0.122800
vt 0.657000 0.109200
vt 0.523100 0.131000
vt 0.656700 0.113000
vt 0.448000 0.972500
vt 0.451700 0.971300
vt 0.456000 0.971300
vt 0.461800 0.974300
vt 0.497900 0.051500
vt 0.498100 0.045400
vt 0.497900 0.056300
vt 0.497900 0.062400
vt 0.498000 0.070600
vt 0.498100 0.079600
vt 0.498100 0.087700
vt 0.498000 0.093700
vt 0.497900 0.098000
vt 0.497500 0.104000
vt 0.497000 0.112000
vt 0.496400 0.121000
vt 0.495800 0.129000
vt 0.459700 0.972500
vt 0.451700 0.979500
vt 0.445800 0.976500
vt 0.461800 0.976500
vt 0.459700 0.978500
vt 0.456000 0.979500
vt 0.448000 0.978500
vt 0.445800 0.974300
vt 0.524900 0.052000
vt 0.526000 0.046100
vt 0.658100 0.073600
vt 0.657300 0.076400
vt 0.524700 0.056500
vt 0.657200 0.078600
vt 0.525100 0.062300
vt 0.657400 0.081500
vt 0.525500 0.070500
vt 0.657900 0.085400
vt 0.526000 0.079600
vt 0.658500 0.089500
vt 0.526200 0.088000
vt 0.658700 0.093300
vt 0.526200 0.094400
vt 0.658800 0.096200
vt 0.525900 0.099300
vt 0.658600 0.098400
vt 0.525300 0.105500
vt 0.658100 0.101200
vt 0.524400 0.113800
vt 0.657600 0.105000
vt 0.523600 0.122800
vt 0.657000 0.109200
vt 0.523100 0.131000
vt 0.656700 0.113000
vt 0.448000 0.972500
vt 0.451700 0.971300
vt 0.456000 0.971300
vt 0.461800 0.974300
vt 0.497900 0.051500
vt 0.498100 0.045400
vt 0.497900 0.056300
vt 0.497900 0.062400
vt 0.498000 0.070600
vt 0.498100 0.079600
vt 0.498100 0.087700
vt 0.498000 0.093700
vt 0.497900 0.098000
vt 0.497500 0.104000
vt 0.497000 0.112000
vt 0.496400 0.121000
vt 0.495800 0.129000
vt 0.459700 0.972500
vt 0.451700 0.979500
vt 0.445800 0.976500
vt 0.461800 0.976500
vt 0.459700 0.978500
vt 0.456000 0.979500
vt 0.448000 0.978500
vt 0.445800 0.974300
vt 0.524900 0.052000
vt 0.657300 0.076400
vt 0.658100 0.073600
vt 0.526000 0.046100
vt 0.524700 0.056500
vt 0.657200 0.078600
vt 0.525100 0.062300
vt 0.657400 0.081500
vt 0.525500 0.070500
vt 0.657900 0.085400
vt 0.526000 0.079600
vt 0.658500 0.089500
vt 0.526200 0.088000
vt 0.658700 0.093300
vt 0.526200 0.094400
vt 0.658800 0.096200
vt 0.525900 0.099300
vt 0.658600 0.098400
vt 0.525300 0.105500
vt 0.658100 0.101200
vt 0.524400 0.113800
vt 0.657600 0.105000
vt 0.523600 0.122800
vt 0.657000 0.109200
vt 0.523100 0.131000
vt 0.656700 0.113000
vt 0.448000 0.972500
vt 0.461800 0.974300
vt 0.456000 0.971300
vt 0.451700 0.971300
vt 0.497900 0.051500
vt 0.498100 0.045400
vt 0.497900 0.056300
vt 0.497900 0.062400
vt 0.498000 0.070600
vt 0.498100 0.079600
vt 0.498100 0.087700
vt 0.498000 0.093700
vt 0.497900 0.098000
vt 0.497500 0.104000
vt 0.497000 0.112000
vt 0.496400 0.121000
vt 0.495800 0.129000
vt 0.459700 0.972500
vt 0.445800 0.976500
vt 0.451700 0.979500
vt 0.459700 0.978500
vt 0.461800 0.976500
vt 0.456000 0.979500
vt 0.448000 0.978500
vt 0.445800 0.974300
vn -0.080397 -0.000000 0.996763
vn -0.264099 -0.000000 0.964496
vn -0.315508 -0.000000 0.948923
vn -0.587577 -0.000000 0.809168
vn -0.315508 -0.000000 0.948923
vn -0.264099 -0.000000 0.964496
vn -0.587577 -0.000000 0.809168
vn -0.264099 -0.000000 0.964496
vn -0.587577 -0.000000 0.809168
vn -0.587577 -0.000000 0.809168
vn -0.587577 -0.000000 0.809168
vn -0.821172 -0.000000 0.570681
vn -0.587577 -0.000000 0.809168
vn -0.821172 -0.000000 0.570681
vn -0.821172 -0.000000 0.570681
vn -0.913477 -0.000000 0.406890
vn -0.821172 -0.000000 0.570681
vn -0.821172 -0.000000 0.570681
vn -0.913477 -0.000000 0.406890
vn -0.821172 -0.000000 0.570681
vn -0.913477 -0.000000 0.406890
vn -0.315508 -0.000000 0.948923
vn -0.264099 -0.000000 0.964496
vn -0.080397 -0.000000 0.996763
vn -0.587577 -0.000000 0.809168
vn -0.264099 -0.000000 0.964496
vn -0.315508 -0.000000 0.948923
vn -0.587577 -0.000000 0.809168
vn -0.315508 -0.000000 0.948923
vn -0.587577 -0.000000 0.809168
vn -0.587577 -0.000000 0.809168
vn -0.821172 -0.000000 0.570681
vn -0.821172 -0.000000 0.570681
vn -0.587577 -0.000000 0.809168
vn -0.821172 -0.000000 0.570681
vn -0.587577 -0.000000 0.809168
vn -0.913477 -0.000000 0.406890
vn -0.821172 -0.000000 0.570681
vn -0.821172 -0.000000 0.570681
vn -0.913477 -0.000000 0.406890
vn -0.821172 -0.000000 0.570681
vn -0.913477 -0.000000 0.406890
vn -0.080397 -0.000000 0.996763
vn -0.080397 -0.000000 0.996763
vn -0.264099 -0.000000 0.964496
vn -0.080397 -0.000000 0.996763
vn -0.264099 -0.000000 0.964496
vn -0.264099 -0.000000 0.964496
vn 0.272302 0.002600 -0.962208
vn 0.082102 -0.000600 -0.996624
vn 0.312986 0.001300 -0.949757
vn 0.312986 0.001300 -0.949757
vn 0.589016 0.000000 -0.808122
vn 0.589306 0.001200 -0.807909
vn 0.312986 0.001300 -0.949757
vn 0.589306 0.001200 -0.807909
vn 0.272302 0.002600 -0.962208
vn 0.821994 0.000000 -0.569496
vn 0.589306 0.001200 -0.807909
vn 0.589016 0.000000 -0.808122
vn 0.821994 0.000000 -0.569496
vn 0.589016 0.000000 -0.808122
vn 0.821994 0.000000 -0.569496
vn 0.821994 0.000000 -0.569496
vn 0.914404 0.000000 -0.404802
vn 0.914404 0.000000 -0.404802
vn 0.821994 0.000000 -0.569496
vn 0.914404 0.000000 -0.404802
vn 0.821994 0.000000 -0.569496
vn 0.271602 -0.001900 -0.962408
vn 0.311092 -0.002500 -0.950376
vn 0.082102 0.000600 -0.996624
vn 0.271602 -0.001900 -0.962408
vn 0.590518 0.000000 -0.807025
vn 0.590292 -0.001200 -0.807189
vn 0.271602 -0.001900 -0.962408
vn 0.590292 -0.001200 -0.807189
vn 0.311092 -0.002500 -0.950376
vn 0.821994 0.000000 -0.569496
vn 0.821994 0.000000 -0.569496
vn 0.590292 -0.001200 -0.807189
vn 0.821994 0.000000 -0.569496
vn 0.590292 -0.001200 -0.807189
vn 0.590518 0.000000 -0.807025
vn 0.821994 0.000000 -0.569496
vn 0.914404 0.000000 -0.404802
vn 0.914404 0.000000 -0.404802
vn 0.821994 0.000000 -0.569496
vn 0.914404 0.000000 -0.404802
vn 0.821994 0.000000 -0.569496
vn 0.082102 0.000600 -0.996624
vn 0.082102 -0.000600 -0.996624
vn 0.272302 0.002600 -0.962208
vn 0.082102 0.000600 -0.996624
vn 0.272302 0.002600 -0.962208
vn 0.271602 -0.001900 -0.962408
vn 0.000000 -1.000000 -0.000000
vn 0.000000 -1.000000 -0.000000
vn 0.000000 -1.000000 -0.000000
vn 0.000000 -1.000000 -0.000000
vn 0.000000 -1.000000 -0.000000
vn 0.000000 -1.000000 -0.000000
vn 0.000000 1.000000 0.000000
vn 0.000000 1.000000 0.000000
vn 0.000000 1.000000 0.000000
vn 0.000000 1.000000 0.000000
vn 0.000000 1.000000 0.000000
vn 0.000000 1.000000 0.000000
vn 0.000000 -1.000000 -0.000000
vn 0.000000 -1.000000 -0.000000
vn 0.000000 -1.000000 -0.000000
vn 0.000000 -1.000000 -0.000000
vn 0.000000 -1.000000 -0.000000
vn 0.000000 -1.000000 -0.000000
vn 0.000000 1.000000 0.000000
vn 0.000000 1.000000 0.000000
vn 0.000000 1.000000 0.000000
vn 0.000000 1.000000 0.000000
vn 0.000000 1.000000 0.000000
vn 0.000000 1.000000 0.000000
vn 0.000000 -1.000000 -0.000000
vn 0.000000 -1.000000 -0.000000
vn 0.000000 -1.000000 -0.000000
vn 0.000000 -1.000000 -0.000000
vn 0.000000 -1.000000 -0.000000
vn 0.000000 -1.000000 -0.000000
vn 0.000000 1.000000 0.000000
vn 0.000000 1.000000 0.000000
vn 0.000000 1.000000 0.000000
vn 0.000000 1.000000 0.000000
vn 0.000000 1.000000 0.000000
vn 0.000000 1.000000 0.000000
vn -0.116302 0.000000 -0.993214
vn -0.116302 0.000000 -0.993214
vn -0.116302 0.000000 -0.993214
vn -0.116302 0.000000 -0.993214
vn -0.116302 0.000000 -0.993214
vn -0.116302 0.000000 -0.993214
vn 0.000000 -1.000000 -0.000000
vn 0.000000 -1.000000 -0.000000
vn 0.000000 -1.000000 -0.000000
vn 0.000000 -1.000000 -0.000000
vn 0.000000 -1.000000 -0.000000
vn 0.000000 -1.000000 -0.000000
vn 0.000000 1.000000 0.000000
vn 0.000000 1.000000 0.000000
vn 0.000000 1.000000 0.000000
vn 0.000000 1.000000 0.000000
vn 0.000000 1.000000 0.000000
vn 0.000000 1.000000 0.000000
vn 0.000000 1.000000 0.000000
vn 0.000000 1.000000 0.000000
vn 0.000000 1.000000 0.000000
vn 0.000000 1.000000 0.000000
vn 0.000000 1.000000 0.000000
vn 0.000000 1.000000 0.000000
vn 0.000000 -1.000000 -0.000000
vn 0.000000 -1.000000 -0.000000
vn 0.000000 -1.000000 -0.000000
vn 0.000000 -1.000000 -0.000000
vn 0.000000 -1.000000 -0.000000
vn 0.000000 -1.000000 -0.000000
vn 0.000000 1.000000 0.000000
vn 0.000000 1.000000 0.000000
vn 0.000000 1.000000 0.000000
vn 0.000000 1.000000 0.000000
vn 0.000000 1.000000 0.000000
vn 0.000000 1.000000 0.000000
vn 0.000000 -1.000000 -0.000000
vn 0.000000 -1.000000 -0.000000
vn 0.000000 -1.000000 -0.000000
vn 0.000000 -1.000000 -0.000000
vn 0.000000 -1.000000 -0.000000
vn 0.000000 -1.000000 -0.000000
vn 0.000000 1.000000 0.000000
vn 0.000000 1.000000 0.000000
vn 0.000000 1.000000 0.000000
vn 0.000000 1.000000 0.000000
vn 0.000000 1.000000 0.000000
vn 0.000000 1.000000 0.000000
vn -0.116302 0.000000 -0.993214
vn -0.116302 0.000000 -0.993214
vn -0.116302 0.000000 -0.993214
vn -0.116302 0.000000 -0.993214
vn -0.116302 0.000000 -0.993214
vn -0.116302 0.000000 -0.993214
vn 0.000000 -1.000000 -0.000000
vn 0.000000 -1.000000 -0.000000
vn 0.000000 -1.000000 -0.000000
vn 0.000000 -1.000000 -0.000000
vn 0.000000 -1.000000 -0.000000
vn 0.000000 -1.000000 -0.000000
vn -0.712982 0.000000 -0.701182
vn -0.712982 0.000000 -0.701182
vn -0.712982 0.000000 -0.701182
vn -0.712982 0.000000 -0.701182
vn -0.712982 0.000000 -0.701182
vn -0.712982 0.000000 -0.701182
vn 0.000000 -0.000000 1.000000
vn 0.000000 -0.000000 1.000000
vn -0.080397 -0.000000 0.996763
vn 0.000000 -0.000000 1.000000
vn -0.080397 -0.000000 0.996763
vn -0.080397 -0.000000 0.996763
vn 0.000000 0.000000 -1.000000
vn 0.082102 -0.000600 -0.996624
vn 0.082102 0.000600 -0.996624
vn 0.000000 0.000000 -1.000000
vn 0.082102 0.000600 -0.996624
vn 0.000000 0.000000 -1.000000
vn 0.000000 -1.000000 -0.000000
vn 0.000000 -1.000000 -0.000000
vn 0.000000 -1.000000 -0.000000
vn 0.000000 -1.000000 -0.000000
vn 0.000000 -1.000000 -0.000000
vn 0.000000 -1.000000 -0.000000
vn 0.000000 1.000000 0.000000
vn 0.000000 1.000000 0.000000
vn 0.000000 1.000000 0.000000
vn 0.000000 1.000000 0.000000
vn 0.000000 1.000000 0.000000
vn 0.000000 1.000000 0.000000
vn 0.315508 -0.000000 0.948923
vn 0.264099 -0.000000 0.964496
vn 0.080397 -0.000000 0.996763
vn 0.587577 -0.000000 0.809168
vn 0.264099 -0.000000 0.964496
vn 0.315508 -0.000000 0.948923
vn 0.587577 -0.000000 0.809168
vn 0.315508 -0.000000 0.948923
vn 0.587577 -0.000000 0.809168
vn 0.587577 -0.000000 0.809168
vn 0.821172 -0.000000 0.570681
vn 0.821172 -0.000000 0.570681
vn 0.587577 -0.000000 0.809168
vn 0.821172 -0.000000 0.570681
vn 0.587577 -0.000000 0.809168
vn 0.913477 -0.000000 0.406890
vn 0.821172 -0.000000 0.570681
vn 0.821172 -0.000000 0.570681
vn 0.913477 -0.000000 0.406890
vn 0.821172 -0.000000 0.570681
vn 0.913477 -0.000000 0.406890
vn 0.080397 -0.000000 0.996763
vn 0.264099 -0.000000 0.964496
vn 0.315508 -0.000000 0.948923
vn 0.587577 -0.000000 0.809168
vn 0.315508 -0.000000 0.948923
vn 0.264099 -0.000000 0.964496
vn 0.587577 -0.000000 0.809168
vn 0.264099 -0.000000 0.964496
vn 0.587577 -0.000000 0.809168
vn 0.587577 -0.000000 0.809168
vn 0.587577 -0.000000 0.809168
vn 0.821172 -0.000000 0.570681
vn 0.587577 -0.000000 0.809168
vn 0.821172 -0.000000 0.570681
vn 0.821172 -0.000000 0.570681
vn 0.913477 -0.000000 0.406890
vn 0.821172 -0.000000 0.570681
vn 0.821172 -0.000000 0.570681
vn 0.913477 -0.000000 0.406890
vn 0.821172 -0.000000 0.570681
vn 0.913477 -0.000000 0.406890
vn 0.264099 -0.000000 0.964496
vn 0.264099 -0.000000 0.964496
vn 0.080397 -0.000000 0.996763
vn 0.264099 -0.000000 0.964496
vn 0.080397 -0.000000 0.996763
vn 0.080397 -0.000000 0.996763
vn -0.271298 0.001800 -0.962494
vn -0.311513 0.002500 -0.950239
vn -0.082102 -0.000600 -0.996624
vn -0.271298 0.001800 -0.962494
vn -0.590518 0.000000 -0.807025
vn -0.590227 0.001200 -0.807237
vn -0.271298 0.001800 -0.962494
vn -0.590227 0.001200 -0.807237
vn -0.311513 0.002500 -0.950239
vn -0.821994 0.000000 -0.569496
vn -0.821994 0.000000 -0.569496
vn -0.590227 0.001200 -0.807237
vn -0.821994 0.000000 -0.569496
vn -0.590227 0.001200 -0.807237
vn -0.590518 0.000000 -0.807025
vn -0.821994 0.000000 -0.569496
vn -0.914404 0.000000 -0.404802
vn -0.914404 0.000000 -0.404802
vn -0.821994 0.000000 -0.569496
vn -0.914404 0.000000 -0.404802
vn -0.821994 0.000000 -0.569496
vn -0.272699 -0.002900 -0.962095
vn -0.082102 0.000600 -0.996624
vn -0.312505 -0.001600 -0.949915
vn -0.312505 -0.001600 -0.949915
vn -0.589016 0.000000 -0.808122
vn -0.589193 -0.001200 -0.807991
vn -0.312505 -0.001600 -0.949915
vn -0.589193 -0.001200 -0.807991
vn -0.272699 -0.002900 -0.962095
vn -0.821994 0.000000 -0.569496
vn -0.589193 -0.001200 -0.807991
vn -0.589016 0.000000 -0.808122
vn -0.821994 0.000000 -0.569496
vn -0.589016 0.000000 -0.808122
vn -0.821994 0.000000 -0.569496
vn -0.821994 0.000000 -0.569496
vn -0.914404 0.000000 -0.404802
vn -0.914404 0.000000 -0.404802
vn -0.821994 0.000000 -0.569496
vn -0.914404 0.000000 -0.404802
vn -0.821994 0.000000 -0.569496
vn -0.272699 -0.002900 -0.962095
vn -0.271298 0.001800 -0.962494
vn -0.082102 -0.000600 -0.996624
vn -0.272699 -0.002900 -0.962095
vn -0.082102 -0.000600 -0.996624
vn -0.082102 0.000600 -0.996624
vn 0.000000 -1.000000 -0.000000
vn 0.000000 -1.000000 -0.000000
vn 0.000000 -1.000000 -0.000000
vn 0.000000 -1.000000 -0.000000
vn 0.000000 -1.000000 -0.000000
vn 0.000000 -1.000000 -0.000000
vn 0.000000 1.000000 0.000000
vn 0.000000 1.000000 0.000000
vn 0.000000 1.000000 0.000000
vn 0.000000 1.000000 0.000000
vn 0.000000 1.000000 0.000000
vn 0.000000 1.000000 0.000000
vn 0.000000 -1.000000 -0.000000
vn 0.000000 -1.000000 -0.000000
vn 0.000000 -1.000000 -0.000000
vn 0.000000 -1.000000 -0.000000
vn 0.000000 -1.000000 -0.000000
vn 0.000000 -1.000000 -0.000000
vn 0.000000 1.000000 0.000000
vn 0.000000 1.000000 0.000000
vn 0.000000 1.000000 0.000000
vn 0.000000 1.000000 0.000000
vn 0.000000 1.000000 0.000000
vn 0.000000 1.000000 0.000000
vn 0.000000 -1.000000 -0.000000
vn 0.000000 -1.000000 -0.000000
vn 0.000000 -1.000000 -0.000000
vn 0.000000 -1.000000 -0.000000
vn 0.000000 -1.000000 -0.000000
vn 0.000000 -1.000000 -0.000000
vn 0.000000 1.000000 0.000000
vn 0.000000 1.000000 0.000000
vn 0.000000 1.000000 0.000000
vn 0.000000 1.000000 0.000000
vn 0.000000 1.000000 0.000000
vn 0.000000 1.000000 0.000000
vn 0.090505 -0.628234 -0.772742
vn 0.074800 -0.765897 -0.638598
vn 0.116302 0.000000 -0.993214
vn 0.090505 -0.628234 -0.772742
vn 0.116302 0.000000 -0.993214
vn 0.116302 0.000000 -0.993214
vn 0.074800 -0.765897 -0.638598
vn 0.090505 -0.628234 -0.772742
vn 0.000000 -1.000000 -0.000000
vn 0.074800 -0.765897 -0.638598
vn 0.000000 -1.000000 -0.000000
vn 0.000000 -1.000000 -0.000000
vn 0.000000 1.000000 0.000000
vn 0.000000 1.000000 0.000000
vn 0.000000 1.000000 0.000000
vn 0.000000 1.000000 0.000000
vn 0.000000 1.000000 0.000000
vn 0.000000 1.000000 0.000000
vn 0.000000 1.000000 0.000000
vn 0.000000 1.000000 0.000000
vn 0.000000 1.000000 0.000000
vn 0.000000 1.000000 0.000000
vn 0.000000 1.000000 0.000000
vn 0.000000 1.000000 0.000000
vn 0.000000 -1.000000 -0.000000
vn 0.000000 -1.000000 -0.000000
vn 0.000000 -1.000000 -0.000000
vn 0.000000 -1.000000 -0.000000
vn 0.000000 -1.000000 -0.000000
vn 0.000000 -1.000000 -0.000000
vn 0.000000 1.000000 0.000000
vn 0.000000 1.000000 0.000000
vn 0.000000 1.000000 0.000000
vn 0.000000 1.000000 0.000000
vn 0.000000 1.000000 0.000000
vn 0.000000 1.000000 0.000000
vn 0.000000 -1.000000 -0.000000
vn 0.000000 -1.000000 -0.000000
vn 0.000000 -1.000000 -0.000000
vn 0.000000 -1.000000 -0.000000
vn 0.000000 -1.000000 -0.000000
vn 0.000000 -1.000000 -0.000000
vn 0.000000 1.000000 0.000000
vn 0.000000 1.000000 0.000000
vn 0.000000 1.000000 0.000000
vn 0.000000 1.000000 0.000000
vn 0.000000 1.000000 0.000000
vn 0.000000 1.000000 0.000000
vn 0.116302 0.000000 -0.993214
vn 0.116302 0.000000 -0.993214
vn 0.116302 0.000000 -0.993214
vn 0.116302 0.000000 -0.993214
vn 0.116302 0.000000 -0.993214
vn 0.116302 0.000000 -0.993214
vn 0.000000 -1.000000 -0.000000
vn 0.000000 -1.000000 -0.000000
vn 0.000000 -1.000000 -0.000000
vn 0.000000 -1.000000 -0.000000
vn 0.000000 -1.000000 -0.000000
vn 0.000000 -1.000000 -0.000000
vn 0.712982 0.000000 -0.701182
vn 0.712982 0.000000 -0.701182
vn 0.712982 0.000000 -0.701182
vn 0.712982 0.000000 -0.701182
vn 0.712982 0.000000 -0.701182
vn 0.712982 0.000000 -0.701182
vn 0.000000 -0.000000 1.000000
vn 0.080397 -0.000000 0.996763
vn 0.080397 -0.000000 0.996763
vn 0.000000 -0.000000 1.000000
vn 0.080397 -0.000000 0.996763
vn 0.000000 -0.000000 1.000000
vn -0.082102 0.000600 -0.996624
vn -0.082102 -0.000600 -0.996624
vn 0.000000 0.000000 -1.000000
vn -0.082102 0.000600 -0.996624
vn 0.000000 0.000000 -1.000000
vn 0.000000 0.000000 -1.000000
vn 0.000000 -1.000000 -0.000000
vn 0.000000 -1.000000 -0.000000
vn 0.000000 -1.000000 -0.000000
vn 0.000000 -1.000000 -0.000000
vn 0.000000 -1.000000 -0.000000
vn 0.000000 -1.000000 -0.000000
vn 0.000000 1.000000 0.000000
vn 0.000000 1.000000 0.000000
vn 0.000000 1.000000 0.000000
vn 0.000000 1.000000 0.000000
vn 0.000000 1.000000 0.000000
vn 0.000000 1.000000 0.000000
vn -0.065703 -0.000000 0.997839
vn -0.263701 -0.000000 0.964604
vn -0.263701 -0.000000 0.964604
vn -0.065703 -0.000000 0.997839
vn -0.263701 -0.000000 0.964604
vn -0.065703 -0.000000 0.997839
vn -0.263701 -0.000000 0.964604
vn -0.512303 -0.000000 0.858805
vn -0.512303 -0.000000 0.858805
vn -0.263701 -0.000000 0.964604
vn -0.512303 -0.000000 0.858805
vn -0.263701 -0.000000 0.964604
vn -0.512303 -0.000000 0.858805
vn -0.765699 -0.000000 0.643199
vn -0.765699 -0.000000 0.643199
vn -0.512303 -0.000000 0.858805
vn -0.765699 -0.000000 0.643199
vn -0.512303 -0.000000 0.858805
vn -0.765699 -0.000000 0.643199
vn -0.877490 -0.000000 0.479595
vn -0.877490 -0.000000 0.479595
vn -0.765699 -0.000000 0.643199
vn -0.877490 -0.000000 0.479595
vn -0.765699 -0.000000 0.643199
vn 0.050800 0.000000 -0.998709
vn 0.214293 0.000000 -0.976769
vn 0.214293 0.000000 -0.976769
vn 0.050800 0.000000 -0.998709
vn 0.214293 0.000000 -0.976769
vn 0.050800 0.000000 -0.998709
vn 0.214293 0.000000 -0.976769
vn 0.473026 0.000000 -0.881049
vn 0.473026 0.000000 -0.881049
vn 0.214293 0.000000 -0.976769
vn 0.473026 0.000000 -0.881049
vn 0.214293 0.000000 -0.976769
vn 0.473026 0.000000 -0.881049
vn 0.609208 0.000000 -0.793010
vn 0.609208 0.000000 -0.793010
vn 0.473026 0.000000 -0.881049
vn 0.609208 0.000000 -0.793010
vn 0.473026 0.000000 -0.881049
vn 0.979816 -0.000000 0.199903
vn 0.979816 -0.000000 0.199903
vn 0.979816 -0.000000 0.199903
vn 0.979816 -0.000000 0.199903
vn 0.979816 -0.000000 0.199903
vn 0.979816 -0.000000 0.199903
vn 0.000000 1.000000 0.000000
vn 0.000000 1.000000 0.000000
vn 0.000000 1.000000 0.000000
vn 0.000000 1.000000 0.000000
vn 0.000000 1.000000 0.000000
vn 0.000000 1.000000 0.000000
vn 0.000000 -1.000000 -0.000000
vn 0.000000 -1.000000 -0.000000
vn 0.000000 -1.000000 -0.000000
vn 0.000000 -1.000000 -0.000000
vn 0.000000 -1.000000 -0.000000
vn 0.000000 -1.000000 -0.000000
vn 0.000000 1.000000 0.000000
vn 0.000000 1.000000 0.000000
vn 0.000000 1.000000 0.000000
vn 0.000000 1.000000 0.000000
vn 0.000000 1.000000 0.000000
vn 0.000000 1.000000 0.000000
vn 0.000000 -1.000000 -0.000000
vn 0.000000 -1.000000 -0.000000
vn 0.000000 -1.000000 -0.000000
vn 0.000000 -1.000000 -0.000000
vn 0.000000 -1.000000 -0.000000
vn 0.000000 -1.000000 -0.000000
vn 0.000000 1.000000 0.000000
vn 0.000000 1.000000 0.000000
vn 0.000000 1.000000 0.000000
vn 0.000000 1.000000 0.000000
vn 0.000000 1.000000 0.000000
vn 0.000000 1.000000 0.000000
vn 0.000000 -1.000000 -0.000000
vn 0.000000 -1.000000 -0.000000
vn 0.000000 -1.000000 -0.000000
vn 0.000000 -1.000000 -0.000000
vn 0.000000 -1.000000 -0.000000
vn 0.000000 -1.000000 -0.000000
vn 0.000000 1.000000 0.000000
vn 0.000000 1.000000 0.000000
vn 0.000000 1.000000 0.000000
vn 0.000000 1.000000 0.000000
vn 0.000000 1.000000 0.000000
vn 0.000000 1.000000 0.000000
vn 0.000000 0.000000 -1.000000
vn 0.000000 0.000000 -1.000000
vn 0.000000 0.000000 -1.000000
vn 0.000000 0.000000 -1.000000
vn 0.000000 0.000000 -1.000000
vn 0.000000 0.000000 -1.000000
vn 0.000000 -1.000000 -0.000000
vn 0.000000 -1.000000 -0.000000
vn 0.000000 -1.000000 -0.000000
vn 0.000000 -1.000000 -0.000000
vn 0.000000 -1.000000 -0.000000
vn 0.000000 -1.000000 -0.000000
vn 0.494307 0.863412 0.100901
vn 0.494307 0.863412 0.100901
vn 0.752063 0.640969 0.153493
vn 0.494307 0.863412 0.100901
vn 0.752063 0.640969 0.153493
vn 0.746978 0.634181 0.199594
vn 0.494188 -0.863480 0.100898
vn 0.494188 -0.863480 0.100898
vn 0.728506 -0.668705 0.148701
vn 0.494188 -0.863480 0.100898
vn 0.728506 -0.668705 0.148701
vn 0.721201 -0.666501 0.188800
vn 0.000000 -0.000000 1.000000
vn 0.000000 -0.000000 1.000000
vn 0.000000 -0.000000 1.000000
vn 0.000000 -0.000000 1.000000
vn 0.000000 -0.000000 1.000000
vn 0.000000 -0.000000 1.000000
vn -0.708206 -0.664105 0.239602
vn -0.678811 -0.714411 0.169803
vn -0.892346 -0.353779 0.280283
vn -0.708206 -0.664105 0.239602
vn -0.892346 -0.353779 0.280283
vn -0.832491 -0.435495 0.342496
vn 0.000000 0.000000 -1.000000
vn 0.000000 0.000000 -1.000000
vn 0.000000 0.000000 -1.000000
vn 0.645716 -0.739018 0.192105
vn 0.747284 -0.605387 0.273994
vn 0.721201 -0.666501 0.188800
vn 0.645716 -0.739018 0.192105
vn 0.721201 -0.666501 0.188800
vn 0.728506 -0.668705 0.148701
vn 0.000000 -0.000000 1.000000
vn 0.000000 -0.000000 1.000000
vn 0.000000 -0.000000 1.000000
vn -0.661854 0.710350 0.239483
vn -0.709727 0.681826 0.177207
vn -0.881674 0.379589 0.280292
vn -0.661854 0.710350 0.239483
vn -0.881674 0.379589 0.280292
vn -0.889428 0.273909 0.365912
vn 0.000000 -0.000000 1.000000
vn 0.000000 -0.000000 1.000000
vn 0.000000 -0.000000 1.000000
vn 0.000000 -0.000000 1.000000
vn 0.000000 -0.000000 1.000000
vn 0.000000 -0.000000 1.000000
vn 0.749096 0.620397 0.232299
vn 0.618902 0.752403 0.225501
vn 0.746978 0.634181 0.199594
vn 0.749096 0.620397 0.232299
vn 0.746978 0.634181 0.199594
vn 0.752063 0.640969 0.153493
vn 0.000000 0.000000 -1.000000
vn 0.000000 0.000000 -1.000000
vn 0.000000 0.000000 -1.000000
vn 0.000000 0.000000 -1.000000
vn 0.000000 0.000000 -1.000000
vn 0.000000 0.000000 -1.000000
vn -0.708206 -0.664105 0.239602
vn -0.022200 -0.988008 0.152801
vn 0.021599 -0.991358 0.129395
vn -0.708206 -0.664105 0.239602
vn 0.021599 -0.991358 0.129395
vn -0.678811 -0.714411 0.169803
vn 0.645716 -0.739018 0.192105
vn 0.021599 -0.991358 0.129395
vn -0.022200 -0.988008 0.152801
vn 0.645716 -0.739018 0.192105
vn -0.022200 -0.988008 0.152801
vn 0.747284 -0.605387 0.273994
vn -0.661854 0.710350 0.239483
vn 0.041801 0.980931 0.189806
vn 0.033099 0.982182 0.184997
vn -0.661854 0.710350 0.239483
vn 0.033099 0.982182 0.184997
vn -0.709727 0.681826 0.177207
vn 0.749096 0.620397 0.232299
vn 0.033099 0.982182 0.184997
vn 0.041801 0.980931 0.189806
vn 0.749096 0.620397 0.232299
vn 0.041801 0.980931 0.189806
vn 0.618902 0.752403 0.225501
vn 0.000000 -0.000000 1.000000
vn 0.000000 -0.000000 1.000000
vn 0.000000 -0.000000 1.000000
vn 0.000000 -0.000000 1.000000
vn 0.000000 -0.000000 1.000000
vn 0.000000 -0.000000 1.000000
vn 0.000000 -0.000000 1.000000
vn 0.000000 -0.000000 1.000000
vn 0.000000 -0.000000 1.000000
vn 0.000000 -0.000000 1.000000
vn 0.000000 -0.000000 1.000000
vn 0.000000 -0.000000 1.000000
vn 0.000000 -0.000000 1.000000
vn 0.000000 -0.000000 1.000000
vn 0.000000 -0.000000 1.000000
vn 0.000000 0.000000 -1.000000
vn 0.000000 0.000000 -1.000000
vn 0.000000 0.000000 -1.000000
vn 0.000000 0.000000 -1.000000
vn 0.000000 0.000000 -1.000000
vn 0.000000 0.000000 -1.000000
vn 0.000000 0.000000 -1.000000
vn 0.000000 0.000000 -1.000000
vn 0.000000 0.000000 -1.000000
vn 0.000000 0.000000 -1.000000
vn 0.000000 0.000000 -1.000000
vn 0.000000 0.000000 -1.000000
vn 0.000000 0.000000 -1.000000
vn 0.000000 0.000000 -1.000000
vn 0.000000 0.000000 -1.000000
vn 0.000000 0.000000 -1.000000
vn 0.000000 0.000000 -1.000000
vn 0.000000 0.000000 -1.000000
vn 0.000000 0.000000 -1.000000
vn 0.000000 0.000000 -1.000000
vn 0.000000 0.000000 -1.000000
vn 0.000000 1.000000 0.000000
vn 0.000000 1.000000 0.000000
vn 0.000000 1.000000 0.000000
vn 0.000000 1.000000 0.000000
vn 0.000000 1.000000 0.000000
vn 0.000000 1.000000 0.000000
vn 0.000000 -1.000000 -0.000000
vn 0.000000 -1.000000 -0.000000
vn 0.000000 -1.000000 -0.000000
vn 0.000000 -1.000000 -0.000000
vn 0.000000 -1.000000 -0.000000
vn 0.000000 -1.000000 -0.000000
vn 0.263701 -0.000000 0.964604
vn 0.263701 -0.000000 0.964604
vn 0.065703 -0.000000 0.997839
vn 0.263701 -0.000000 0.964604
vn 0.065703 -0.000000 0.997839
vn 0.065703 -0.000000 0.997839
vn 0.512303 -0.000000 0.858805
vn 0.512303 -0.000000 0.858805
vn 0.263701 -0.000000 0.964604
vn 0.512303 -0.000000 0.858805
vn 0.263701 -0.000000 0.964604
vn 0.263701 -0.000000 0.964604
vn 0.765699 -0.000000 0.643199
vn 0.765699 -0.000000 0.643199
vn 0.512303 -0.000000 0.858805
vn 0.765699 -0.000000 0.643199
vn 0.512303 -0.000000 0.858805
vn 0.512303 -0.000000 0.858805
vn 0.877490 -0.000000 0.479595
vn 0.877490 -0.000000 0.479595
vn 0.765699 -0.000000 0.643199
vn 0.877490 -0.000000 0.479595
vn 0.765699 -0.000000 0.643199
vn 0.765699 -0.000000 0.643199
vn -0.214293 0.000000 -0.976769
vn -0.214293 0.000000 -0.976769
vn -0.050800 0.000000 -0.998709
vn -0.214293 0.000000 -0.976769
vn -0.050800 0.000000 -0.998709
vn -0.050800 0.000000 -0.998709
vn -0.472984 0.000000 -0.881071
vn -0.472984 0.000000 -0.881071
vn -0.214293 0.000000 -0.976769
vn -0.472984 0.000000 -0.881071
vn -0.214293 0.000000 -0.976769
vn -0.214293 0.000000 -0.976769
vn -0.609208 0.000000 -0.793010
vn -0.609208 0.000000 -0.793010
vn -0.472984 0.000000 -0.881071
vn -0.609208 0.000000 -0.793010
vn -0.472984 0.000000 -0.881071
vn -0.472984 0.000000 -0.881071
vn -0.979816 -0.000000 0.199903
vn -0.979816 -0.000000 0.199903
vn -0.979816 -0.000000 0.199903
vn -0.979816 -0.000000 0.199903
vn -0.979816 -0.000000 0.199903
vn -0.979816 -0.000000 0.199903
vn 0.000000 1.000000 0.000000
vn 0.000000 1.000000 0.000000
vn 0.000000 1.000000 0.000000
vn 0.000000 1.000000 0.000000
vn 0.000000 1.000000 0.000000
vn 0.000000 1.000000 0.000000
vn 0.000000 -1.000000 -0.000000
vn 0.000000 -1.000000 -0.000000
vn 0.000000 -1.000000 -0.000000
vn 0.000000 -1.000000 -0.000000
vn 0.000000 -1.000000 -0.000000
vn 0.000000 -1.000000 -0.000000
vn 0.000000 1.000000 0.000000
vn 0.000000 1.000000 0.000000
vn 0.000000 1.000000 0.000000
vn 0.000000 1.000000 0.000000
vn 0.000000 1.000000 0.000000
vn 0.000000 1.000000 0.000000
vn 0.000000 -1.000000 -0.000000
vn 0.000000 -1.000000 -0.000000
vn 0.000000 -1.000000 -0.000000
vn 0.000000 -1.000000 -0.000000
vn 0.000000 -1.000000 -0.000000
vn 0.000000 -1.000000 -0.000000
vn 0.000000 1.000000 0.000000
vn 0.000000 1.000000 0.000000
vn 0.000000 1.000000 0.000000
vn 0.000000 1.000000 0.000000
vn 0.000000 1.000000 0.000000
vn 0.000000 1.000000 0.000000
vn 0.000000 -1.000000 -0.000000
vn 0.000000 -1.000000 -0.000000
vn 0.000000 -1.000000 -0.000000
vn 0.000000 -1.000000 -0.000000
vn 0.000000 -1.000000 -0.000000
vn 0.000000 -1.000000 -0.000000
vn 0.000000 1.000000 0.000000
vn 0.000000 1.000000 0.000000
vn 0.000000 1.000000 0.000000
vn 0.000000 1.000000 0.000000
vn 0.000000 1.000000 0.000000
vn 0.000000 1.000000 0.000000
vn 0.000000 0.000000 -1.000000
vn 0.000000 0.000000 -1.000000
vn 0.000000 0.000000 -1.000000
vn 0.000000 0.000000 -1.000000
vn 0.000000 0.000000 -1.000000
vn 0.000000 0.000000 -1.000000
vn 0.000000 -1.000000 -0.000000
vn 0.000000 -1.000000 -0.000000
vn 0.000000 -1.000000 -0.000000
vn 0.000000 -1.000000 -0.000000
vn 0.000000 -1.000000 -0.000000
vn 0.000000 -1.000000 -0.000000
vn -0.494307 0.863412 0.100901
vn -0.746978 0.634181 0.199594
vn -0.752111 0.640910 0.153502
vn -0.494307 0.863412 0.100901
vn -0.752111 0.640910 0.153502
vn -0.494307 0.863412 0.100901
vn -0.494188 -0.863480 0.100898
vn -0.721283 -0.666385 0.188896
vn -0.728602 -0.668601 0.148700
vn -0.494188 -0.863480 0.100898
vn -0.728602 -0.668601 0.148700
vn -0.494188 -0.863480 0.100898
vn 0.000000 -0.000000 1.000000
vn 0.000000 -0.000000 1.000000
vn 0.000000 -0.000000 1.000000
vn 0.000000 -0.000000 1.000000
vn 0.000000 -0.000000 1.000000
vn 0.000000 -0.000000 1.000000
vn 0.708109 -0.664208 0.239603
vn 0.832424 -0.435612 0.342510
vn 0.892294 -0.353898 0.280298
vn 0.708109 -0.664208 0.239603
vn 0.892294 -0.353898 0.280298
vn 0.678811 -0.714411 0.169803
vn 0.000000 0.000000 -1.000000
vn 0.000000 0.000000 -1.000000
vn 0.000000 0.000000 -1.000000
vn -0.645716 -0.739018 0.192105
vn -0.728602 -0.668601 0.148700
vn -0.721283 -0.666385 0.188896
vn -0.645716 -0.739018 0.192105
vn -0.721283 -0.666385 0.188896
vn -0.747284 -0.605387 0.273994
vn 0.000000 -0.000000 1.000000
vn 0.000000 -0.000000 1.000000
vn 0.000000 -0.000000 1.000000
vn 0.661813 0.710414 0.239405
vn 0.889380 0.274094 0.365892
vn 0.881618 0.379708 0.280306
vn 0.661813 0.710414 0.239405
vn 0.881618 0.379708 0.280306
vn 0.709678 0.681879 0.177195
vn 0.000000 -0.000000 1.000000
vn 0.000000 -0.000000 1.000000
vn 0.000000 -0.000000 1.000000
vn 0.000000 -0.000000 1.000000
vn 0.000000 -0.000000 1.000000
vn 0.000000 -0.000000 1.000000
vn -0.749187 0.620289 0.232296
vn -0.752111 0.640910 0.153502
vn -0.746978 0.634181 0.199594
vn -0.749187 0.620289 0.232296
vn -0.746978 0.634181 0.199594
vn -0.618902 0.752403 0.225501
vn 0.000000 0.000000 -1.000000
vn 0.000000 0.000000 -1.000000
vn 0.000000 0.000000 -1.000000
vn 0.000000 0.000000 -1.000000
vn 0.000000 0.000000 -1.000000
vn 0.000000 0.000000 -1.000000
vn 0.708109 -0.664208 0.239603
vn 0.678811 -0.714411 0.169803
vn -0.021499 -0.991360 0.129395
vn 0.708109 -0.664208 0.239603
vn -0.021499 -0.991360 0.129395
vn 0.022200 -0.988008 0.152801
vn -0.645716 -0.739018 0.192105
vn -0.747284 -0.605387 0.273994
vn 0.022200 -0.988008 0.152801
vn -0.645716 -0.739018 0.192105
vn 0.022200 -0.988008 0.152801
vn -0.021499 -0.991360 0.129395
vn 0.661813 0.710414 0.239405
vn 0.709678 0.681879 0.177195
vn -0.033099 0.982182 0.184997
vn 0.661813 0.710414 0.239405
vn -0.033099 0.982182 0.184997
vn -0.041702 0.980936 0.189807
vn -0.749187 0.620289 0.232296
vn -0.618902 0.752403 0.225501
vn -0.041702 0.980936 0.189807
vn -0.749187 0.620289 0.232296
vn -0.041702 0.980936 0.189807
vn -0.033099 0.982182 0.184997
vn 0.000000 -0.000000 1.000000
vn 0.000000 -0.000000 1.000000
vn 0.000000 -0.000000 1.000000
vn 0.000000 -0.000000 1.000000
vn 0.000000 -0.000000 1.000000
vn 0.000000 -0.000000 1.000000
vn 0.000000 -0.000000 1.000000
vn 0.000000 -0.000000 1.000000
vn 0.000000 -0.000000 1.000000
vn 0.000000 -0.000000 1.000000
vn 0.000000 -0.000000 1.000000
vn 0.000000 -0.000000 1.000000
vn 0.000000 -0.000000 1.000000
vn 0.000000 -0.000000 1.000000
vn 0.000000 -0.000000 1.000000
vn 0.000000 0.000000 -1.000000
vn 0.000000 0.000000 -1.000000
vn 0.000000 0.000000 -1.000000
vn 0.000000 0.000000 -1.000000
vn 0.000000 0.000000 -1.000000
vn 0.000000 0.000000 -1.000000
vn 0.000000 0.000000 -1.000000
vn 0.000000 0.000000 -1.000000
vn 0.000000 0.000000 -1.000000
vn 0.000000 0.000000 -1.000000
vn 0.000000 0.000000 -1.000000
vn 0.000000 0.000000 -1.000000
vn 0.000000 0.000000 -1.000000
vn 0.000000 0.000000 -1.000000
vn 0.000000 0.000000 -1.000000
vn 0.000000 0.000000 -1.000000
vn 0.000000 0.000000 -1.000000
vn 0.000000 0.000000 -1.000000
vn 0.000000 0.000000 -1.000000
vn 0.000000 0.000000 -1.000000
vn 0.000000 0.000000 -1.000000
vn -0.065703 -0.000000 0.997839
vn 0.065703 -0.000000 0.997839
vn 0.065703 -0.000000 0.997839
vn -0.065703 -0.000000 0.997839
vn 0.065703 -0.000000 0.997839
vn -0.065703 -0.000000 0.997839
vn -0.050800 0.000000 -0.998709
vn -0.050800 0.000000 -0.998709
vn 0.050800 0.000000 -0.998709
vn -0.050800 0.000000 -0.998709
vn 0.050800 0.000000 -0.998709
vn 0.050800 0.000000 -0.998709
vn 0.877809 -0.083901 0.471605
vn 0.977229 -0.082702 0.195406
vn 0.977210 -0.082701 0.195502
vn 0.877809 -0.083901 0.471605
vn 0.977210 -0.082701 0.195502
vn 0.879260 -0.083996 0.468878
vn 0.000000 1.000000 0.000000
vn 0.000000 1.000000 0.000000
vn 0.000000 1.000000 0.000000
vn 0.000000 1.000000 0.000000
vn 0.000000 1.000000 0.000000
vn 0.000000 1.000000 0.000000
vn 0.102700 -0.042600 -0.993800
vn 0.478794 -0.066699 -0.875390
vn 0.462490 -0.065799 -0.884180
vn 0.102700 -0.042600 -0.993800
vn 0.462490 -0.065799 -0.884180
vn 0.094197 -0.042098 -0.994663
vn 0.879260 -0.083996 -0.468878
vn 0.877809 -0.083901 -0.471605
vn 0.462490 -0.065799 -0.884180
vn 0.879260 -0.083996 -0.468878
vn 0.462490 -0.065799 -0.884180
vn 0.478794 -0.066699 -0.875390
vn 0.977210 -0.082701 -0.195502
vn 0.977229 -0.082702 -0.195406
vn 0.877809 -0.083901 -0.471605
vn 0.977210 -0.082701 -0.195502
vn 0.877809 -0.083901 -0.471605
vn 0.879260 -0.083996 -0.468878
vn 0.000000 1.000000 0.000000
vn 0.000000 1.000000 0.000000
vn 0.000000 1.000000 0.000000
vn 0.000000 1.000000 0.000000
vn 0.000000 1.000000 0.000000
vn 0.000000 1.000000 0.000000
vn -0.102700 -0.042600 -0.993800
vn -0.094197 -0.042098 -0.994663
vn -0.462490 -0.065799 -0.884180
vn -0.102700 -0.042600 -0.993800
vn -0.462490 -0.065799 -0.884180
vn -0.478794 -0.066699 -0.875390
vn -0.462490 -0.065799 -0.884180
vn -0.877809 -0.083901 -0.471605
vn -0.879260 -0.083996 -0.468878
vn -0.462490 -0.065799 -0.884180
vn -0.879260 -0.083996 -0.468878
vn -0.478794 -0.066699 -0.875390
vn -0.877809 -0.083901 -0.471605
vn -0.977229 -0.082702 -0.195406
vn -0.977210 -0.082701 -0.195502
vn -0.877809 -0.083901 -0.471605
vn -0.977210 -0.082701 -0.195502
vn -0.977210 -0.082701 -0.195502
vn -0.879260 -0.083996 -0.468878
vn -0.877809 -0.083901 -0.471605
vn -0.977210 -0.082701 -0.195502
vn 0.000000 1.000000 0.000000
vn 0.000000 1.000000 0.000000
vn 0.000000 1.000000 0.000000
vn 0.000000 1.000000 0.000000
vn 0.000000 1.000000 0.000000
vn 0.000000 1.000000 0.000000
vn 0.000000 1.000000 0.000000
vn 0.000000 1.000000 0.000000
vn 0.000000 1.000000 0.000000
vn 0.000000 1.000000 0.000000
vn 0.000000 1.000000 0.000000
vn 0.000000 1.000000 0.000000
vn 0.462490 -0.065799 0.884180
vn 0.478794 -0.066699 0.875390
vn 0.102700 -0.042600 0.993800
vn 0.462490 -0.065799 0.884180
vn 0.102700 -0.042600 0.993800
vn 0.094197 -0.042098 0.994663
vn 0.462490 -0.065799 0.884180
vn 0.877809 -0.083901 0.471605
vn 0.879260 -0.083996 0.468878
vn 0.462490 -0.065799 0.884180
vn 0.879260 -0.083996 0.468878
vn 0.478794 -0.066699 0.875390
vn 0.000000 -1.000000 -0.000000
vn 0.000000 -1.000000 -0.000000
vn 0.000000 -1.000000 -0.000000
vn 0.000000 -1.000000 -0.000000
vn 0.000000 -1.000000 -0.000000
vn 0.000000 -1.000000 -0.000000
vn -0.478794 -0.066699 0.875390
vn -0.879260 -0.083996 0.468878
vn -0.877809 -0.083901 0.471605
vn -0.478794 -0.066699 0.875390
vn -0.877809 -0.083901 0.471605
vn -0.462490 -0.065799 0.884180
vn -0.879260 -0.083996 0.468878
vn -0.977210 -0.082701 0.195502
vn -0.977229 -0.082702 0.195406
vn -0.879260 -0.083996 0.468878
vn -0.977229 -0.082702 0.195406
vn -0.877809 -0.083901 0.471605
vn 0.094197 -0.042098 0.994663
vn 0.102700 -0.042600 0.993800
vn 0.000000 -0.035399 0.999373
vn 0.094197 -0.042098 0.994663
vn 0.000000 -0.035399 0.999373
vn 0.000000 -0.035399 0.999373
vn 0.000000 -1.000000 -0.000000
vn 0.000000 -1.000000 -0.000000
vn 0.000000 -1.000000 -0.000000
vn 0.000000 -1.000000 -0.000000
vn 0.000000 -1.000000 -0.000000
vn 0.000000 -1.000000 -0.000000
vn 0.000000 -1.000000 -0.000000
vn 0.000000 -1.000000 -0.000000
vn 0.000000 -1.000000 -0.000000
vn 0.000000 -1.000000 -0.000000
vn 0.000000 -1.000000 -0.000000
vn 0.000000 -1.000000 -0.000000
vn 0.000000 -1.000000 -0.000000
vn 0.000000 -1.000000 -0.000000
vn 0.000000 -1.000000 -0.000000
vn 0.000000 -1.000000 -0.000000
vn 0.000000 -1.000000 -0.000000
vn 0.000000 -1.000000 -0.000000
vn 0.000000 -1.000000 -0.000000
vn 0.000000 -1.000000 -0.000000
vn 0.000000 -1.000000 -0.000000
vn 0.000000 -1.000000 -0.000000
vn 0.000000 -1.000000 -0.000000
vn 0.000000 -1.000000 -0.000000
vn 0.000000 -1.000000 -0.000000
vn 0.000000 -1.000000 -0.000000
vn 0.000000 -1.000000 -0.000000
vn 0.000000 -1.000000 -0.000000
vn 0.000000 -1.000000 -0.000000
vn 0.000000 -1.000000 -0.000000
vn 0.000000 -1.000000 -0.000000
vn 0.000000 -1.000000 -0.000000
vn 0.000000 -1.000000 -0.000000
vn 0.000000 -1.000000 -0.000000
vn 0.000000 -1.000000 -0.000000
vn 0.000000 -1.000000 -0.000000
vn -0.462490 -0.065799 0.884180
vn -0.094197 -0.042098 0.994663
vn -0.102700 -0.042600 0.993800
vn -0.462490 -0.065799 0.884180
vn -0.102700 -0.042600 0.993800
vn -0.478794 -0.066699 0.875390
vn -0.996898 -0.078700 -0.000000
vn -0.996898 -0.078700 -0.000000
vn -0.996898 -0.078700 -0.000000
vn -0.996898 -0.078700 -0.000000
vn -0.996898 -0.078700 -0.000000
vn -0.996898 -0.078700 -0.000000
vn 0.996898 -0.078700 -0.000000
vn 0.996898 -0.078700 -0.000000
vn 0.996898 -0.078700 -0.000000
vn 0.996898 -0.078700 -0.000000
vn 0.996898 -0.078700 -0.000000
vn 0.996898 -0.078700 -0.000000
vn 0.000000 1.000000 0.000000
vn 0.000000 1.000000 0.000000
vn 0.000000 1.000000 0.000000
vn 0.000000 1.000000 0.000000
vn 0.000000 1.000000 0.000000
vn 0.000000 1.000000 0.000000
vn 0.000000 1.000000 0.000000
vn 0.000000 1.000000 0.000000
vn 0.000000 1.000000 0.000000
vn -0.094197 -0.042098 -0.994663
vn -0.102700 -0.042600 -0.993800
vn 0.102700 -0.042600 -0.993800
vn -0.094197 -0.042098 -0.994663
vn 0.102700 -0.042600 -0.993800
vn 0.094197 -0.042098 -0.994663
vn 0.000000 1.000000 0.000000
vn 0.000000 1.000000 0.000000
vn 0.000000 1.000000 0.000000
vn 0.000000 -0.035399 0.999373
vn -0.102700 -0.042600 0.993800
vn -0.094197 -0.042098 0.994663
vn 0.000000 -0.035399 0.999373
vn -0.094197 -0.042098 0.994663
vn 0.094197 -0.042098 0.994663
vn -1.000000 0.000000 0.000000
vn -1.000000 0.000000 0.000000
vn -1.000000 0.000000 0.000000
vn -1.000000 0.000000 0.000000
vn -1.000000 0.000000 0.000000
vn -1.000000 0.000000 0.000000
vn 0.000000 1.000000 0.000000
vn 0.000000 1.000000 0.000000
vn 0.000000 1.000000 0.000000
vn 0.000000 1.000000 0.000000
vn 0.000000 1.000000 0.000000
vn 0.000000 1.000000 0.000000
vn -0.001600 0.027401 0.999623
vn 0.000000 0.022299 0.999751
vn -0.000400 0.023501 0.999724
vn -0.001600 0.027401 0.999623
vn -0.000400 0.023501 0.999724
vn -0.002000 0.028600 0.999589
vn 0.000000 1.000000 0.000000
vn 0.000000 1.000000 0.000000
vn 0.000000 1.000000 0.000000
vn 0.000000 1.000000 0.000000
vn 0.000000 1.000000 0.000000
vn 0.000000 1.000000 0.000000
vn 0.000000 1.000000 0.000000
vn 0.000000 1.000000 0.000000
vn 0.000000 1.000000 0.000000
vn 0.881663 -0.000000 0.471880
vn 0.881663 -0.000000 0.471880
vn 0.980585 -0.000000 0.196097
vn 0.881663 -0.000000 0.471880
vn 0.980585 -0.000000 0.196097
vn 0.980585 -0.000000 0.196097
vn 0.000000 1.000000 0.000000
vn 0.000000 1.000000 0.000000
vn 0.000000 1.000000 0.000000
vn 0.000000 1.000000 0.000000
vn 0.000000 1.000000 0.000000
vn 0.000000 1.000000 0.000000
vn -0.471880 -0.000000 0.881663
vn -0.471880 -0.000000 0.881663
vn -0.098504 -0.000000 0.995137
vn -0.471880 -0.000000 0.881663
vn -0.098504 -0.000000 0.995137
vn -0.098504 -0.000000 0.995137
vn -1.000000 0.000000 0.000000
vn -1.000000 0.000000 0.000000
vn -1.000000 0.000000 0.000000
vn -1.000000 0.000000 0.000000
vn -1.000000 0.000000 0.000000
vn -1.000000 0.000000 0.000000
vn 0.000000 1.000000 0.000000
vn 0.000000 1.000000 0.000000
vn 0.000000 1.000000 0.000000
vn 0.000000 1.000000 0.000000
vn 0.000000 1.000000 0.000000
vn 0.000000 1.000000 0.000000
vn 0.000000 1.000000 0.000000
vn 0.000000 1.000000 0.000000
vn 0.000000 1.000000 0.000000
vn 0.000000 1.000000 0.000000
vn 0.000000 1.000000 0.000000
vn 0.000000 1.000000 0.000000
vn 0.000000 1.000000 0.000000
vn 0.000000 1.000000 0.000000
vn 0.000000 1.000000 0.000000
vn 0.000000 1.000000 0.000000
vn 0.000000 1.000000 0.000000
vn 0.000000 1.000000 0.000000
vn 0.471880 0.000000 -0.881663
vn 0.471880 0.000000 -0.881663
vn 0.098504 0.000000 -0.995137
vn 0.471880 0.000000 -0.881663
vn 0.098504 0.000000 -0.995137
vn 0.098504 0.000000 -0.995137
vn 0.881663 0.000000 -0.471880
vn 0.881663 0.000000 -0.471880
vn 0.471880 0.000000 -0.881663
vn 0.881663 0.000000 -0.471880
vn 0.471880 0.000000 -0.881663
vn 0.471880 0.000000 -0.881663
vn 0.980585 0.000000 -0.196097
vn 0.980585 0.000000 -0.196097
vn 0.881663 0.000000 -0.471880
vn 0.980585 0.000000 -0.196097
vn 0.881663 0.000000 -0.471880
vn 0.881663 0.000000 -0.471880
vn 1.000000 0.000000 0.000000
vn 1.000000 0.000000 0.000000
vn 1.000000 0.000000 0.000000
vn 1.000000 0.000000 0.000000
vn 1.000000 0.000000 0.000000
vn 1.000000 0.000000 0.000000
vn 0.000000 1.000000 0.000000
vn 0.000000 1.000000 0.000000
vn 0.000000 1.000000 0.000000
vn 0.000000 1.000000 0.000000
vn 0.000000 1.000000 0.000000
vn 0.000000 1.000000 0.000000
vn -0.098504 0.000000 -0.995137
vn -0.471880 0.000000 -0.881663
vn -0.471880 0.000000 -0.881663
vn -0.098504 0.000000 -0.995137
vn -0.471880 0.000000 -0.881663
vn -0.098504 0.000000 -0.995137
vn -0.471880 0.000000 -0.881663
vn -0.881663 0.000000 -0.471880
vn -0.881663 0.000000 -0.471880
vn -0.471880 0.000000 -0.881663
vn -0.881663 0.000000 -0.471880
vn -0.471880 0.000000 -0.881663
vn -0.881663 0.000000 -0.471880
vn -0.980585 0.000000 -0.196097
vn -0.980585 0.000000 -0.196097
vn -0.881663 0.000000 -0.471880
vn -0.980585 0.000000 -0.196097
vn -0.881663 0.000000 -0.471880
vn 0.098504 0.000000 -0.995137
vn -0.098504 0.000000 -0.995137
vn -0.098504 0.000000 -0.995137
vn 0.098504 0.000000 -0.995137
vn -0.098504 0.000000 -0.995137
vn 0.098504 0.000000 -0.995137
vn 0.000000 1.000000 0.000000
vn 0.000000 1.000000 0.000000
vn 0.000000 1.000000 0.000000
vn 0.000000 1.000000 0.000000
vn 0.000000 1.000000 0.000000
vn 0.000000 1.000000 0.000000
vn 0.000000 1.000000 0.000000
vn 0.000000 1.000000 0.000000
vn 0.000000 1.000000 0.000000
vn 0.000000 1.000000 0.000000
vn 0.000000 1.000000 0.000000
vn 0.000000 1.000000 0.000000
vn 0.098504 -0.000000 0.995137
vn 0.471880 -0.000000 0.881663
vn 0.471880 -0.000000 0.881663
vn 0.098504 -0.000000 0.995137
vn 0.471880 -0.000000 0.881663
vn 0.098504 -0.000000 0.995137
vn 0.881663 -0.000000 0.471880
vn 0.881663 -0.000000 0.471880
vn 0.471880 -0.000000 0.881663
vn 0.881663 -0.000000 0.471880
vn 0.471880 -0.000000 0.881663
vn 0.471880 -0.000000 0.881663
vn 0.000000 -1.000000 -0.000000
vn 0.000000 -1.000000 -0.000000
vn 0.000000 -1.000000 -0.000000
vn 0.000000 -1.000000 -0.000000
vn 0.000000 -1.000000 -0.000000
vn 0.000000 -1.000000 -0.000000
vn 0.000000 -1.000000 -0.000000
vn 0.000000 -1.000000 -0.000000
vn 0.000000 -1.000000 -0.000000
vn 0.000000 -1.000000 -0.000000
vn 0.000000 -1.000000 -0.000000
vn 0.000000 -1.000000 -0.000000
vn 0.000000 -1.000000 -0.000000
vn 0.000000 -1.000000 -0.000000
vn 0.000000 -1.000000 -0.000000
vn 0.000000 -1.000000 -0.000000
vn 0.000000 -1.000000 -0.000000
vn 0.000000 -1.000000 -0.000000
vn -0.471880 -0.000000 0.881663
vn -0.881663 -0.000000 0.471880
vn -0.881663 -0.000000 0.471880
vn -0.471880 -0.000000 0.881663
vn -0.881663 -0.000000 0.471880
vn -0.471880 -0.000000 0.881663
vn -0.881663 -0.000000 0.471880
vn -0.980585 -0.000000 0.196097
vn -0.980585 -0.000000 0.196097
vn -0.881663 -0.000000 0.471880
vn -0.980585 -0.000000 0.196097
vn -0.881663 -0.000000 0.471880
vn 0.098504 -0.000000 0.995137
vn 0.098504 -0.000000 0.995137
vn -0.098504 -0.000000 0.995137
vn 0.098504 -0.000000 0.995137
vn -0.098504 -0.000000 0.995137
vn -0.098504 -0.000000 0.995137
vn 0.000000 -1.000000 -0.000000
vn 0.000000 -1.000000 -0.000000
vn 0.000000 -1.000000 -0.000000
vn 0.000000 -1.000000 -0.000000
vn 0.000000 -1.000000 -0.000000
vn 0.000000 -1.000000 -0.000000
vn 0.000000 -1.000000 -0.000000
vn 0.000000 -1.000000 -0.000000
vn 0.000000 -1.000000 -0.000000
vn 0.000000 -1.000000 -0.000000
vn 0.000000 -1.000000 -0.000000
vn 0.000000 -1.000000 -0.000000
vn 0.000000 -1.000000 -0.000000
vn 0.000000 -1.000000 -0.000000
vn 0.000000 -1.000000 -0.000000
vn 0.000000 -1.000000 -0.000000
vn 0.000000 -1.000000 -0.000000
vn 0.000000 -1.000000 -0.000000
vn 0.000000 -1.000000 -0.000000
vn 0.000000 -1.000000 -0.000000
vn 0.000000 -1.000000 -0.000000
vn 0.000000 -1.000000 -0.000000
vn 0.000000 -1.000000 -0.000000
vn 0.000000 -1.000000 -0.000000
vn 0.000000 -1.000000 -0.000000
vn 0.000000 -1.000000 -0.000000
vn 0.000000 -1.000000 -0.000000
vn 0.000000 -1.000000 -0.000000
vn 0.000000 -1.000000 -0.000000
vn 0.000000 -1.000000 -0.000000
vn 0.000000 -1.000000 -0.000000
vn 0.000000 -1.000000 -0.000000
vn 0.000000 -1.000000 -0.000000
vn 0.000000 -1.000000 -0.000000
vn 0.000000 -1.000000 -0.000000
vn 0.000000 -1.000000 -0.000000
vn 0.000000 -1.000000 -0.000000
vn 0.000000 -1.000000 -0.000000
vn 0.000000 -1.000000 -0.000000
vn 0.000000 -1.000000 -0.000000
vn 0.000000 -1.000000 -0.000000
vn 0.000000 -1.000000 -0.000000
vn 0.000000 -1.000000 -0.000000
vn 0.000000 -1.000000 -0.000000
vn 0.000000 -1.000000 -0.000000
vn 0.000000 -1.000000 -0.000000
vn 0.000000 -1.000000 -0.000000
vn 0.000000 -1.000000 -0.000000
vn 0.000000 -1.000000 -0.000000
vn 0.000000 -1.000000 -0.000000
vn 0.000000 -1.000000 -0.000000
vn 0.000000 -1.000000 -0.000000
vn 0.000000 -1.000000 -0.000000
vn 0.000000 -1.000000 -0.000000
vn 0.000000 -1.000000 -0.000000
vn 0.000000 -1.000000 -0.000000
vn 0.000000 -1.000000 -0.000000
vn 0.000000 -1.000000 -0.000000
vn 0.000000 -1.000000 -0.000000
vn 0.000000 -1.000000 -0.000000
vn 0.000000 -1.000000 -0.000000
vn 0.000000 -1.000000 -0.000000
vn 0.000000 -1.000000 -0.000000
vn 0.000000 -1.000000 -0.000000
vn 0.000000 -1.000000 -0.000000
vn 0.000000 -1.000000 -0.000000
vn 0.000000 -1.000000 -0.000000
vn 0.000000 -1.000000 -0.000000
vn 0.000000 -1.000000 -0.000000
vn 0.000000 -1.000000 -0.000000
vn 0.000000 -1.000000 -0.000000
vn 0.000000 -1.000000 -0.000000
vn -0.080397 -0.000000 0.996763
vn -0.264099 -0.000000 0.964496
vn -0.315598 -0.000000 0.948893
vn -0.587577 -0.000000 0.809168
vn -0.315598 -0.000000 0.948893
vn -0.264099 -0.000000 0.964496
vn -0.587577 -0.000000 0.809168
vn -0.264099 -0.000000 0.964496
vn -0.587577 -0.000000 0.809168
vn -0.587577 -0.000000 0.809168
vn -0.587577 -0.000000 0.809168
vn -0.821172 -0.000000 0.570681
vn -0.587577 -0.000000 0.809168
vn -0.821172 -0.000000 0.570681
vn -0.821172 -0.000000 0.570681
vn -0.913477 -0.000000 0.406890
vn -0.821172 -0.000000 0.570681
vn -0.821172 -0.000000 0.570681
vn -0.913477 -0.000000 0.406890
vn -0.821172 -0.000000 0.570681
vn -0.913477 -0.000000 0.406890
vn -0.315598 -0.000000 0.948893
vn -0.264099 -0.000000 0.964496
vn -0.080397 -0.000000 0.996763
vn -0.587577 -0.000000 0.809168
vn -0.264099 -0.000000 0.964496
vn -0.315598 -0.000000 0.948893
vn -0.587577 -0.000000 0.809168
vn -0.315598 -0.000000 0.948893
vn -0.587577 -0.000000 0.809168
vn -0.587577 -0.000000 0.809168
vn -0.821172 -0.000000 0.570681
vn -0.821172 -0.000000 0.570681
vn -0.587577 -0.000000 0.809168
vn -0.821172 -0.000000 0.570681
vn -0.587577 -0.000000 0.809168
vn -0.913477 -0.000000 0.406890
vn -0.821172 -0.000000 0.570681
vn -0.821172 -0.000000 0.570681
vn -0.913477 -0.000000 0.406890
vn -0.821172 -0.000000 0.570681
vn -0.913477 -0.000000 0.406890
vn -0.080397 -0.000000 0.996763
vn -0.080397 -0.000000 0.996763
vn -0.264099 -0.000000 0.964496
vn -0.080397 -0.000000 0.996763
vn -0.264099 -0.000000 0.964496
vn -0.264099 -0.000000 0.964496
vn 0.272302 0.002600 -0.962208
vn 0.082102 -0.000600 -0.996624
vn 0.312986 0.001300 -0.949757
vn 0.312986 0.001300 -0.949757
vn 0.589016 0.000000 -0.808122
vn 0.589306 0.001200 -0.807909
vn 0.312986 0.001300 -0.949757
vn 0.589306 0.001200 -0.807909
vn 0.272302 0.002600 -0.962208
vn 0.821994 0.000000 -0.569496
vn 0.589306 0.001200 -0.807909
vn 0.589016 0.000000 -0.808122
vn 0.821994 0.000000 -0.569496
vn 0.589016 0.000000 -0.808122
vn 0.821994 0.000000 -0.569496
vn 0.821994 0.000000 -0.569496
vn 0.914404 0.000000 -0.404802
vn 0.914404 0.000000 -0.404802
vn 0.821994 0.000000 -0.569496
vn 0.914404 0.000000 -0.404802
vn 0.821994 0.000000 -0.569496
vn 0.271602 -0.001900 -0.962408
vn 0.311092 -0.002500 -0.950376
vn 0.082102 0.000600 -0.996624
vn 0.271602 -0.001900 -0.962408
vn 0.590518 0.000000 -0.807025
vn 0.590292 -0.001200 -0.807189
vn 0.271602 -0.001900 -0.962408
vn 0.590292 -0.001200 -0.807189
vn 0.311092 -0.002500 -0.950376
vn 0.821994 0.000000 -0.569496
vn 0.821994 0.000000 -0.569496
vn 0.590292 -0.001200 -0.807189
vn 0.821994 0.000000 -0.569496
vn 0.590292 -0.001200 -0.807189
vn 0.590518 0.000000 -0.807025
vn 0.821994 0.000000 -0.569496
vn 0.914404 0.000000 -0.404802
vn 0.914404 0.000000 -0.404802
vn 0.821994 0.000000 -0.569496
vn 0.914404 0.000000 -0.404802
vn 0.821994 0.000000 -0.569496
vn 0.082102 0.000600 -0.996624
vn 0.082102 -0.000600 -0.996624
vn 0.272302 0.002600 -0.962208
vn 0.082102 0.000600 -0.996624
vn 0.272302 0.002600 -0.962208
vn 0.271602 -0.001900 -0.962408
vn 0.000000 -1.000000 -0.000000
vn 0.000000 -1.000000 -0.000000
vn 0.000000 -1.000000 -0.000000
vn 0.000000 -1.000000 -0.000000
vn 0.000000 -1.000000 -0.000000
vn 0.000000 -1.000000 -0.000000
vn 0.000000 1.000000 0.000000
vn 0.000000 1.000000 0.000000
vn 0.000000 1.000000 0.000000
vn 0.000000 1.000000 0.000000
vn 0.000000 1.000000 0.000000
vn 0.000000 1.000000 0.000000
vn 0.000000 -1.000000 -0.000000
vn 0.000000 -1.000000 -0.000000
vn 0.000000 -1.000000 -0.000000
vn 0.000000 -1.000000 -0.000000
vn 0.000000 -1.000000 -0.000000
vn 0.000000 -1.000000 -0.000000
vn 0.000000 1.000000 0.000000
vn 0.000000 1.000000 0.000000
vn 0.000000 1.000000 0.000000
vn 0.000000 1.000000 0.000000
vn 0.000000 1.000000 0.000000
vn 0.000000 1.000000 0.000000
vn 0.000000 -1.000000 -0.000000
vn 0.000000 -1.000000 -0.000000
vn 0.000000 -1.000000 -0.000000
vn 0.000000 -1.000000 -0.000000
vn 0.000000 -1.000000 -0.000000
vn 0.000000 -1.000000 -0.000000
vn 0.000000 1.000000 0.000000
vn 0.000000 1.000000 0.000000
vn 0.000000 1.000000 0.000000
vn 0.000000 1.000000 0.000000
vn 0.000000 1.000000 0.000000
vn 0.000000 1.000000 0.000000
vn -0.116302 0.000000 -0.993214
vn -0.116302 0.000000 -0.993214
vn -0.116302 0.000000 -0.993214
vn -0.116302 0.000000 -0.993214
vn -0.116302 0.000000 -0.993214
vn -0.116302 0.000000 -0.993214
vn 0.000000 -1.000000 -0.000000
vn 0.000000 -1.000000 -0.000000
vn 0.000000 -1.000000 -0.000000
vn 0.000000 -1.000000 -0.000000
vn 0.000000 -1.000000 -0.000000
vn 0.000000 -1.000000 -0.000000
vn 0.000000 1.000000 0.000000
vn 0.000000 1.000000 0.000000
vn 0.000000 1.000000 0.000000
vn 0.000000 1.000000 0.000000
vn 0.000000 1.000000 0.000000
vn 0.000000 1.000000 0.000000
vn 0.000000 1.000000 0.000000
vn 0.000000 1.000000 0.000000
vn 0.000000 1.000000 0.000000
vn 0.000000 1.000000 0.000000
vn 0.000000 1.000000 0.000000
vn 0.000000 1.000000 0.000000
vn 0.000000 -1.000000 -0.000000
vn 0.000000 -1.000000 -0.000000
vn 0.000000 -1.000000 -0.000000
vn 0.000000 -1.000000 -0.000000
vn 0.000000 -1.000000 -0.000000
vn 0.000000 -1.000000 -0.000000
vn 0.000000 1.000000 0.000000
vn 0.000000 1.000000 0.000000
vn 0.000000 1.000000 0.000000
vn 0.000000 1.000000 0.000000
vn 0.000000 1.000000 0.000000
vn 0.000000 1.000000 0.000000
vn 0.000000 -1.000000 -0.000000
vn 0.000000 -1.000000 -0.000000
vn 0.000000 -1.000000 -0.000000
vn 0.000000 -1.000000 -0.000000
vn 0.000000 -1.000000 -0.000000
vn 0.000000 -1.000000 -0.000000
vn 0.000000 1.000000 0.000000
vn 0.000000 1.000000 0.000000
vn 0.000000 1.000000 0.000000
vn 0.000000 1.000000 0.000000
vn 0.000000 1.000000 0.000000
vn 0.000000 1.000000 0.000000
vn -0.116302 0.000000 -0.993214
vn -0.116302 0.000000 -0.993214
vn -0.116302 0.000000 -0.993214
vn -0.116302 0.000000 -0.993214
vn -0.116302 0.000000 -0.993214
vn -0.116302 0.000000 -0.993214
vn 0.000000 -1.000000 -0.000000
vn 0.000000 -1.000000 -0.000000
vn 0.000000 -1.000000 -0.000000
vn 0.000000 -1.000000 -0.000000
vn 0.000000 -1.000000 -0.000000
vn 0.000000 -1.000000 -0.000000
vn -0.713081 0.000000 -0.701082
vn -0.713081 0.000000 -0.701082
vn -0.713081 0.000000 -0.701082
vn -0.713081 0.000000 -0.701082
vn -0.713081 0.000000 -0.701082
vn -0.713081 0.000000 -0.701082
vn 0.000000 -0.000000 1.000000
vn 0.000000 -0.000000 1.000000
vn -0.080397 -0.000000 0.996763
vn 0.000000 -0.000000 1.000000
vn -0.080397 -0.000000 0.996763
vn -0.080397 -0.000000 0.996763
vn 0.000000 0.000000 -1.000000
vn 0.082102 -0.000600 -0.996624
vn 0.082102 0.000600 -0.996624
vn 0.000000 0.000000 -1.000000
vn 0.082102 0.000600 -0.996624
vn 0.000000 0.000000 -1.000000
vn 0.000000 -1.000000 -0.000000
vn 0.000000 -1.000000 -0.000000
vn 0.000000 -1.000000 -0.000000
vn 0.000000 -1.000000 -0.000000
vn 0.000000 -1.000000 -0.000000
vn 0.000000 -1.000000 -0.000000
vn 0.000000 1.000000 0.000000
vn 0.000000 1.000000 0.000000
vn 0.000000 1.000000 0.000000
vn 0.000000 1.000000 0.000000
vn 0.000000 1.000000 0.000000
vn 0.000000 1.000000 0.000000
vn 0.315598 -0.000000 0.948893
vn 0.264099 -0.000000 0.964496
vn 0.080397 -0.000000 0.996763
vn 0.587577 -0.000000 0.809168
vn 0.264099 -0.000000 0.964496
vn 0.315598 -0.000000 0.948893
vn 0.587577 -0.000000 0.809168
vn 0.315598 -0.000000 0.948893
vn 0.587577 -0.000000 0.809168
vn 0.587577 -0.000000 0.809168
vn 0.821140 -0.000000 0.570728
vn 0.821140 -0.000000 0.570728
vn 0.587577 -0.000000 0.809168
vn 0.821140 -0.000000 0.570728
vn 0.587577 -0.000000 0.809168
vn 0.913477 -0.000000 0.406890
vn 0.821140 -0.000000 0.570728
vn 0.821140 -0.000000 0.570728
vn 0.913477 -0.000000 0.406890
vn 0.821140 -0.000000 0.570728
vn 0.913477 -0.000000 0.406890
vn 0.080397 -0.000000 0.996763
vn 0.264099 -0.000000 0.964496
vn 0.315598 -0.000000 0.948893
vn 0.587577 -0.000000 0.809168
vn 0.315598 -0.000000 0.948893
vn 0.264099 -0.000000 0.964496
vn 0.587577 -0.000000 0.809168
vn 0.264099 -0.000000 0.964496
vn 0.587577 -0.000000 0.809168
vn 0.587577 -0.000000 0.809168
vn 0.587577 -0.000000 0.809168
vn 0.821140 -0.000000 0.570728
vn 0.587577 -0.000000 0.809168
vn 0.821140 -0.000000 0.570728
vn 0.821140 -0.000000 0.570728
vn 0.913477 -0.000000 0.406890
vn 0.821140 -0.000000 0.570728
vn 0.821140 -0.000000 0.570728
vn 0.913477 -0.000000 0.406890
vn 0.821140 -0.000000 0.570728
vn 0.913477 -0.000000 0.406890
vn 0.264099 -0.000000 0.964496
vn 0.264099 -0.000000 0.964496
vn 0.080397 -0.000000 0.996763
vn 0.264099 -0.000000 0.964496
vn 0.080397 -0.000000 0.996763
vn 0.080397 -0.000000 0.996763
vn -0.271298 0.001800 -0.962494
vn -0.311513 0.002400 -0.950239
vn -0.082102 -0.000600 -0.996624
vn -0.271298 0.001800 -0.962494
vn -0.590518 0.000000 -0.807025
vn -0.590227 0.001200 -0.807237
vn -0.271298 0.001800 -0.962494
vn -0.590227 0.001200 -0.807237
vn -0.311513 0.002400 -0.950239
vn -0.821994 0.000000 -0.569496
vn -0.821994 0.000000 -0.569496
vn -0.590227 0.001200 -0.807237
vn -0.821994 0.000000 -0.569496
vn -0.590227 0.001200 -0.807237
vn -0.590518 0.000000 -0.807025
vn -0.821994 0.000000 -0.569496
vn -0.914404 0.000000 -0.404802
vn -0.914404 0.000000 -0.404802
vn -0.821994 0.000000 -0.569496
vn -0.914404 0.000000 -0.404802
vn -0.821994 0.000000 -0.569496
vn -0.272699 -0.002900 -0.962095
vn -0.082102 0.000600 -0.996624
vn -0.312505 -0.001500 -0.949915
vn -0.312505 -0.001500 -0.949915
vn -0.589016 0.000000 -0.808122
vn -0.589193 -0.001200 -0.807991
vn -0.312505 -0.001500 -0.949915
vn -0.589193 -0.001200 -0.807991
vn -0.272699 -0.002900 -0.962095
vn -0.821994 0.000000 -0.569496
vn -0.589193 -0.001200 -0.807991
vn -0.589016 0.000000 -0.808122
vn -0.821994 0.000000 -0.569496
vn -0.589016 0.000000 -0.808122
vn -0.821994 0.000000 -0.569496
vn -0.821994 0.000000 -0.569496
vn -0.914404 0.000000 -0.404802
vn -0.914404 0.000000 -0.404802
vn -0.821994 0.000000 -0.569496
vn -0.914404 0.000000 -0.404802
vn -0.821994 0.000000 -0.569496
vn -0.272699 -0.002900 -0.962095
vn -0.271298 0.001800 -0.962494
vn -0.082102 -0.000600 -0.996624
vn -0.272699 -0.002900 -0.962095
vn -0.082102 -0.000600 -0.996624
vn -0.082102 0.000600 -0.996624
vn 0.000000 -1.000000 -0.000000
vn 0.000000 -1.000000 -0.000000
vn 0.000000 -1.000000 -0.000000
vn 0.000000 -1.000000 -0.000000
vn 0.000000 -1.000000 -0.000000
vn 0.000000 -1.000000 -0.000000
vn 0.000000 1.000000 0.000000
vn 0.000000 1.000000 0.000000
vn 0.000000 1.000000 0.000000
vn 0.000000 1.000000 0.000000
vn 0.000000 1.000000 0.000000
vn 0.000000 1.000000 0.000000
vn 0.000000 -1.000000 -0.000000
vn 0.000000 -1.000000 -0.000000
vn 0.000000 -1.000000 -0.000000
vn 0.000000 -1.000000 -0.000000
vn 0.000000 -1.000000 -0.000000
vn 0.000000 -1.000000 -0.000000
vn 0.000000 1.000000 0.000000
vn 0.000000 1.000000 0.000000
vn 0.000000 1.000000 0.000000
vn 0.000000 1.000000 0.000000
vn 0.000000 1.000000 0.000000
vn 0.000000 1.000000 0.000000
vn 0.000000 -1.000000 -0.000000
vn 0.000000 -1.000000 -0.000000
vn 0.000000 -1.000000 -0.000000
vn 0.000000 -1.000000 -0.000000
vn 0.000000 -1.000000 -0.000000
vn 0.000000 -1.000000 -0.000000
vn 0.000000 1.000000 0.000000
vn 0.000000 1.000000 0.000000
vn 0.000000 1.000000 0.000000
vn 0.000000 1.000000 0.000000
vn 0.000000 1.000000 0.000000
vn 0.000000 1.000000 0.000000
vn 0.090498 -0.628186 -0.772783
vn 0.074800 -0.765897 -0.638598
vn 0.116302 0.000000 -0.993214
vn 0.090498 -0.628186 -0.772783
vn 0.116302 0.000000 -0.993214
vn 0.116302 0.000000 -0.993214
vn 0.074800 -0.765897 -0.638598
vn 0.090498 -0.628186 -0.772783
vn 0.000000 -1.000000 -0.000000
vn 0.074800 -0.765897 -0.638598
vn 0.000000 -1.000000 -0.000000
vn 0.000000 -1.000000 -0.000000
vn 0.000000 1.000000 0.000000
vn 0.000000 1.000000 0.000000
vn 0.000000 1.000000 0.000000
vn 0.000000 1.000000 0.000000
vn 0.000000 1.000000 0.000000
vn 0.000000 1.000000 0.000000
vn 0.000000 1.000000 0.000000
vn 0.000000 1.000000 0.000000
vn 0.000000 1.000000 0.000000
vn 0.000000 1.000000 0.000000
vn 0.000000 1.000000 0.000000
vn 0.000000 1.000000 0.000000
vn 0.000000 -1.000000 -0.000000
vn 0.000000 -1.000000 -0.000000
vn 0.000000 -1.000000 -0.000000
vn 0.000000 -1.000000 -0.000000
vn 0.000000 -1.000000 -0.000000
vn 0.000000 -1.000000 -0.000000
vn 0.000000 1.000000 0.000000
vn 0.000000 1.000000 0.000000
vn 0.000000 1.000000 0.000000
vn 0.000000 1.000000 0.000000
vn 0.000000 1.000000 0.000000
vn 0.000000 1.000000 0.000000
vn 0.000000 -1.000000 -0.000000
vn 0.000000 -1.000000 -0.000000
vn 0.000000 -1.000000 -0.000000
vn 0.000000 -1.000000 -0.000000
vn 0.000000 -1.000000 -0.000000
vn 0.000000 -1.000000 -0.000000
vn 0.000000 1.000000 0.000000
vn 0.000000 1.000000 0.000000
vn 0.000000 1.000000 0.000000
vn 0.000000 1.000000 0.000000
vn 0.000000 1.000000 0.000000
vn 0.000000 1.000000 0.000000
vn 0.116302 0.000000 -0.993214
vn 0.116302 0.000000 -0.993214
vn 0.116302 0.000000 -0.993214
vn 0.116302 0.000000 -0.993214
vn 0.116302 0.000000 -0.993214
vn 0.116302 0.000000 -0.993214
vn 0.000000 -1.000000 -0.000000
vn 0.000000 -1.000000 -0.000000
vn 0.000000 -1.000000 -0.000000
vn 0.000000 -1.000000 -0.000000
vn 0.000000 -1.000000 -0.000000
vn 0.000000 -1.000000 -0.000000
vn 0.713180 0.000000 -0.700981
vn 0.713180 0.000000 -0.700981
vn 0.713180 0.000000 -0.700981
vn 0.713180 0.000000 -0.700981
vn 0.713180 0.000000 -0.700981
vn 0.713180 0.000000 -0.700981
vn 0.000000 -0.000000 1.000000
vn 0.080397 -0.000000 0.996763
vn 0.080397 -0.000000 0.996763
vn 0.000000 -0.000000 1.000000
vn 0.080397 -0.000000 0.996763
vn 0.000000 -0.000000 1.000000
vn -0.082102 0.000600 -0.996624
vn -0.082102 -0.000600 -0.996624
vn 0.000000 0.000000 -1.000000
vn -0.082102 0.000600 -0.996624
vn 0.000000 0.000000 -1.000000
vn 0.000000 0.000000 -1.000000
vn 0.000000 -1.000000 -0.000000
vn 0.000000 -1.000000 -0.000000
vn 0.000000 -1.000000 -0.000000
vn 0.000000 -1.000000 -0.000000
vn 0.000000 -1.000000 -0.000000
vn 0.000000 -1.000000 -0.000000
vn 0.000000 1.000000 0.000000
vn 0.000000 1.000000 0.000000
vn 0.000000 1.000000 0.000000
vn 0.000000 1.000000 0.000000
vn 0.000000 1.000000 0.000000
vn 0.000000 1.000000 0.000000
vn -0.065703 -0.000000 0.997839
vn -0.263701 -0.000000 0.964604
vn -0.263701 -0.000000 0.964604
vn -0.065703 -0.000000 0.997839
vn -0.263701 -0.000000 0.964604
vn -0.065703 -0.000000 0.997839
vn -0.263701 -0.000000 0.964604
vn -0.512303 -0.000000 0.858805
vn -0.512303 -0.000000 0.858805
vn -0.263701 -0.000000 0.964604
vn -0.512303 -0.000000 0.858805
vn -0.263701 -0.000000 0.964604
vn -0.512303 -0.000000 0.858805
vn -0.765699 -0.000000 0.643199
vn -0.765699 -0.000000 0.643199
vn -0.512303 -0.000000 0.858805
vn -0.765699 -0.000000 0.643199
vn -0.512303 -0.000000 0.858805
vn -0.765699 -0.000000 0.643199
vn -0.877490 -0.000000 0.479595
vn -0.877490 -0.000000 0.479595
vn -0.765699 -0.000000 0.643199
vn -0.877490 -0.000000 0.479595
vn -0.765699 -0.000000 0.643199
vn 0.050800 0.000000 -0.998709
vn 0.214293 0.000000 -0.976769
vn 0.214293 0.000000 -0.976769
vn 0.050800 0.000000 -0.998709
vn 0.214293 0.000000 -0.976769
vn 0.050800 0.000000 -0.998709
vn 0.214293 0.000000 -0.976769
vn 0.473026 0.000000 -0.881049
vn 0.473026 0.000000 -0.881049
vn 0.214293 0.000000 -0.976769
vn 0.473026 0.000000 -0.881049
vn 0.214293 0.000000 -0.976769
vn 0.473026 0.000000 -0.881049
vn 0.609208 0.000000 -0.793010
vn 0.609208 0.000000 -0.793010
vn 0.473026 0.000000 -0.881049
vn 0.609208 0.000000 -0.793010
vn 0.473026 0.000000 -0.881049
vn 0.979816 -0.000000 0.199903
vn 0.979816 -0.000000 0.199903
vn 0.979816 -0.000000 0.199903
vn 0.979816 -0.000000 0.199903
vn 0.979816 -0.000000 0.199903
vn 0.979816 -0.000000 0.199903
vn 0.000000 1.000000 0.000000
vn 0.000000 1.000000 0.000000
vn 0.000000 1.000000 0.000000
vn 0.000000 1.000000 0.000000
vn 0.000000 1.000000 0.000000
vn 0.000000 1.000000 0.000000
vn 0.000000 -1.000000 -0.000000
vn 0.000000 -1.000000 -0.000000
vn 0.000000 -1.000000 -0.000000
vn 0.000000 -1.000000 -0.000000
vn 0.000000 -1.000000 -0.000000
vn 0.000000 -1.000000 -0.000000
vn 0.000000 1.000000 0.000000
vn 0.000000 1.000000 0.000000
vn 0.000000 1.000000 0.000000
vn 0.000000 1.000000 0.000000
vn 0.000000 1.000000 0.000000
vn 0.000000 1.000000 0.000000
vn 0.000000 -1.000000 -0.000000
vn 0.000000 -1.000000 -0.000000
vn 0.000000 -1.000000 -0.000000
vn 0.000000 -1.000000 -0.000000
vn 0.000000 -1.000000 -0.000000
vn 0.000000 -1.000000 -0.000000
vn 0.000000 1.000000 0.000000
vn 0.000000 1.000000 0.000000
vn 0.000000 1.000000 0.000000
vn 0.000000 1.000000 0.000000
vn 0.000000 1.000000 0.000000
vn 0.000000 1.000000 0.000000
vn 0.000000 -1.000000 -0.000000
vn 0.000000 -1.000000 -0.000000
vn 0.000000 -1.000000 -0.000000
vn 0.000000 -1.000000 -0.000000
vn 0.000000 -1.000000 -0.000000
vn 0.000000 -1.000000 -0.000000
vn 0.000000 1.000000 0.000000
vn 0.000000 1.000000 0.000000
vn 0.000000 1.000000 0.000000
vn 0.000000 1.000000 0.000000
vn 0.000000 1.000000 0.000000
vn 0.000000 1.000000 0.000000
vn 0.000000 0.000000 -1.000000
vn 0.000000 0.000000 -1.000000
vn 0.000000 0.000000 -1.000000
vn 0.000000 0.000000 -1.000000
vn 0.000000 0.000000 -1.000000
vn 0.000000 0.000000 -1.000000
vn 0.000000 -1.000000 -0.000000
vn 0.000000 -1.000000 -0.000000
vn 0.000000 -1.000000 -0.000000
vn 0.000000 -1.000000 -0.000000
vn 0.000000 -1.000000 -0.000000
vn 0.000000 -1.000000 -0.000000
vn 0.494307 0.863412 0.100901
vn 0.494307 0.863412 0.100901
vn 0.752063 0.640969 0.153493
vn 0.494307 0.863412 0.100901
vn 0.752063 0.640969 0.153493
vn 0.746978 0.634181 0.199594
vn 0.494188 -0.863480 0.100898
vn 0.494193 -0.863489 0.100799
vn 0.728506 -0.668705 0.148701
vn 0.494188 -0.863480 0.100898
vn 0.728506 -0.668705 0.148701
vn 0.721201 -0.666501 0.188800
vn 0.000000 -0.000000 1.000000
vn 0.000000 -0.000000 1.000000
vn 0.000000 -0.000000 1.000000
vn 0.000000 -0.000000 1.000000
vn 0.000000 -0.000000 1.000000
vn 0.000000 -0.000000 1.000000
vn -0.708109 -0.664208 0.239603
vn -0.678876 -0.714375 0.169694
vn -0.892346 -0.353779 0.280283
vn -0.708109 -0.664208 0.239603
vn -0.892346 -0.353779 0.280283
vn -0.832454 -0.435576 0.342481
vn 0.000000 0.000000 -1.000000
vn 0.000000 0.000000 -1.000000
vn 0.000000 0.000000 -1.000000
vn 0.645716 -0.739018 0.192105
vn 0.747305 -0.605404 0.273902
vn 0.721201 -0.666501 0.188800
vn 0.645716 -0.739018 0.192105
vn 0.721201 -0.666501 0.188800
vn 0.728506 -0.668705 0.148701
vn 0.000000 -0.000000 1.000000
vn 0.000000 -0.000000 1.000000
vn 0.000000 -0.000000 1.000000
vn -0.661901 0.710301 0.239500
vn -0.709727 0.681826 0.177207
vn -0.881674 0.379589 0.280292
vn -0.661901 0.710301 0.239500
vn -0.881674 0.379589 0.280292
vn -0.889428 0.273909 0.365912
vn 0.000000 -0.000000 1.000000
vn 0.000000 -0.000000 1.000000
vn 0.000000 -0.000000 1.000000
vn 0.000000 -0.000000 1.000000
vn 0.000000 -0.000000 1.000000
vn 0.000000 -0.000000 1.000000
vn 0.749096 0.620397 0.232299
vn 0.618902 0.752403 0.225501
vn 0.746978 0.634181 0.199594
vn 0.749096 0.620397 0.232299
vn 0.746978 0.634181 0.199594
vn 0.752063 0.640969 0.153493
vn 0.000000 0.000000 -1.000000
vn 0.000000 0.000000 -1.000000
vn 0.000000 0.000000 -1.000000
vn 0.000000 0.000000 -1.000000
vn 0.000000 0.000000 -1.000000
vn 0.000000 0.000000 -1.000000
vn -0.708109 -0.664208 0.239603
vn -0.022200 -0.988008 0.152801
vn 0.021499 -0.991360 0.129395
vn -0.708109 -0.664208 0.239603
vn 0.021499 -0.991360 0.129395
vn -0.678876 -0.714375 0.169694
vn 0.645716 -0.739018 0.192105
vn 0.021499 -0.991360 0.129395
vn -0.022200 -0.988008 0.152801
vn 0.645716 -0.739018 0.192105
vn -0.022200 -0.988008 0.152801
vn 0.747305 -0.605404 0.273902
vn -0.661901 0.710301 0.239500
vn 0.041801 0.980931 0.189806
vn 0.033099 0.982182 0.184997
vn -0.661901 0.710301 0.239500
vn 0.033099 0.982182 0.184997
vn -0.709727 0.681826 0.177207
vn 0.749096 0.620397 0.232299
vn 0.033099 0.982182 0.184997
vn 0.041801 0.980931 0.189806
vn 0.749096 0.620397 0.232299
vn 0.041801 0.980931 0.189806
vn 0.618902 0.752403 0.225501
vn 0.000000 -0.000000 1.000000
vn 0.000000 -0.000000 1.000000
vn 0.000000 -0.000000 1.000000
vn 0.000000 -0.000000 1.000000
vn 0.000000 -0.000000 1.000000
vn 0.000000 -0.000000 1.000000
vn 0.000000 -0.000000 1.000000
vn 0.000000 -0.000000 1.000000
vn 0.000000 -0.000000 1.000000
vn 0.000000 -0.000000 1.000000
vn 0.000000 -0.000000 1.000000
vn 0.000000 -0.000000 1.000000
vn 0.000000 -0.000000 1.000000
vn 0.000000 -0.000000 1.000000
vn 0.000000 -0.000000 1.000000
vn 0.000000 0.000000 -1.000000
vn 0.000000 0.000000 -1.000000
vn 0.000000 0.000000 -1.000000
vn 0.000000 0.000000 -1.000000
vn 0.000000 0.000000 -1.000000
vn 0.000000 0.000000 -1.000000
vn 0.000000 0.000000 -1.000000
vn 0.000000 0.000000 -1.000000
vn 0.000000 0.000000 -1.000000
vn 0.000000 0.000000 -1.000000
vn 0.000000 0.000000 -1.000000
vn 0.000000 0.000000 -1.000000
vn 0.000000 0.000000 -1.000000
vn 0.000000 0.000000 -1.000000
vn 0.000000 0.000000 -1.000000
vn 0.000000 0.000000 -1.000000
vn 0.000000 0.000000 -1.000000
vn 0.000000 0.000000 -1.000000
vn 0.000000 0.000000 -1.000000
vn 0.000000 0.000000 -1.000000
vn 0.000000 0.000000 -1.000000
vn 0.000000 1.000000 0.000000
vn 0.000000 1.000000 0.000000
vn 0.000000 1.000000 0.000000
vn 0.000000 1.000000 0.000000
vn 0.000000 1.000000 0.000000
vn 0.000000 1.000000 0.000000
vn 0.000000 -1.000000 -0.000000
vn 0.000000 -1.000000 -0.000000
vn 0.000000 -1.000000 -0.000000
vn 0.000000 -1.000000 -0.000000
vn 0.000000 -1.000000 -0.000000
vn 0.000000 -1.000000 -0.000000
vn 0.263701 -0.000000 0.964604
vn 0.263701 -0.000000 0.964604
vn 0.065703 -0.000000 0.997839
vn 0.263701 -0.000000 0.964604
vn 0.065703 -0.000000 0.997839
vn 0.065703 -0.000000 0.997839
vn 0.512303 -0.000000 0.858805
vn 0.512303 -0.000000 0.858805
vn 0.263701 -0.000000 0.964604
vn 0.512303 -0.000000 0.858805
vn 0.263701 -0.000000 0.964604
vn 0.263701 -0.000000 0.964604
vn 0.765699 -0.000000 0.643199
vn 0.765699 -0.000000 0.643199
vn 0.512303 -0.000000 0.858805
vn 0.765699 -0.000000 0.643199
vn 0.512303 -0.000000 0.858805
vn 0.512303 -0.000000 0.858805
vn 0.877490 -0.000000 0.479595
vn 0.877490 -0.000000 0.479595
vn 0.765699 -0.000000 0.643199
vn 0.877490 -0.000000 0.479595
vn 0.765699 -0.000000 0.643199
vn 0.765699 -0.000000 0.643199
vn -0.214293 0.000000 -0.976769
vn -0.214293 0.000000 -0.976769
vn -0.050800 0.000000 -0.998709
vn -0.214293 0.000000 -0.976769
vn -0.050800 0.000000 -0.998709
vn -0.050800 0.000000 -0.998709
vn -0.473026 0.000000 -0.881049
vn -0.473026 0.000000 -0.881049
vn -0.214293 0.000000 -0.976769
vn -0.473026 0.000000 -0.881049
vn -0.214293 0.000000 -0.976769
vn -0.214293 0.000000 -0.976769
vn -0.609208 0.000000 -0.793010
vn -0.609208 0.000000 -0.793010
vn -0.473026 0.000000 -0.881049
vn -0.609208 0.000000 -0.793010
vn -0.473026 0.000000 -0.881049
vn -0.473026 0.000000 -0.881049
vn -0.979816 -0.000000 0.199903
vn -0.979816 -0.000000 0.199903
vn -0.979816 -0.000000 0.199903
vn -0.979816 -0.000000 0.199903
vn -0.979816 -0.000000 0.199903
vn -0.979816 -0.000000 0.199903
vn 0.000000 1.000000 0.000000
vn 0.000000 1.000000 0.000000
vn 0.000000 1.000000 0.000000
vn 0.000000 1.000000 0.000000
vn 0.000000 1.000000 0.000000
vn 0.000000 1.000000 0.000000
vn 0.000000 -1.000000 -0.000000
vn 0.000000 -1.000000 -0.000000
vn 0.000000 -1.000000 -0.000000
vn 0.000000 -1.000000 -0.000000
vn 0.000000 -1.000000 -0.000000
vn 0.000000 -1.000000 -0.000000
vn 0.000000 1.000000 0.000000
vn 0.000000 1.000000 0.000000
vn 0.000000 1.000000 0.000000
vn 0.000000 1.000000 0.000000
vn 0.000000 1.000000 0.000000
vn 0.000000 1.000000 0.000000
vn 0.000000 -1.000000 -0.000000
vn 0.000000 -1.000000 -0.000000
vn 0.000000 -1.000000 -0.000000
vn 0.000000 -1.000000 -0.000000
vn 0.000000 -1.000000 -0.000000
vn 0.000000 -1.000000 -0.000000
vn 0.000000 1.000000 0.000000
vn 0.000000 1.000000 0.000000
vn 0.000000 1.000000 0.000000
vn 0.000000 1.000000 0.000000
vn 0.000000 1.000000 0.000000
vn 0.000000 1.000000 0.000000
vn 0.000000 -1.000000 -0.000000
vn 0.000000 -1.000000 -0.000000
vn 0.000000 -1.000000 -0.000000
vn 0.000000 -1.000000 -0.000000
vn 0.000000 -1.000000 -0.000000
vn 0.000000 -1.000000 -0.000000
vn 0.000000 1.000000 0.000000
vn 0.000000 1.000000 0.000000
vn 0.000000 1.000000 0.000000
vn 0.000000 1.000000 0.000000
vn 0.000000 1.000000 0.000000
vn 0.000000 1.000000 0.000000
vn 0.000000 0.000000 -1.000000
vn 0.000000 0.000000 -1.000000
vn 0.000000 0.000000 -1.000000
vn 0.000000 0.000000 -1.000000
vn 0.000000 0.000000 -1.000000
vn 0.000000 0.000000 -1.000000
vn 0.000000 -1.000000 -0.000000
vn 0.000000 -1.000000 -0.000000
vn 0.000000 -1.000000 -0.000000
vn 0.000000 -1.000000 -0.000000
vn 0.000000 -1.000000 -0.000000
vn 0.000000 -1.000000 -0.000000
vn -0.494307 0.863412 0.100901
vn -0.746978 0.634181 0.199594
vn -0.752111 0.640910 0.153502
vn -0.494307 0.863412 0.100901
vn -0.752111 0.640910 0.153502
vn -0.494307 0.863412 0.100901
vn -0.494188 -0.863480 0.100898
vn -0.721283 -0.666385 0.188896
vn -0.728602 -0.668601 0.148700
vn -0.494188 -0.863480 0.100898
vn -0.728602 -0.668601 0.148700
vn -0.494193 -0.863489 0.100799
vn 0.000000 -0.000000 1.000000
vn 0.000000 -0.000000 1.000000
vn 0.000000 -0.000000 1.000000
vn 0.000000 -0.000000 1.000000
vn 0.000000 -0.000000 1.000000
vn 0.000000 -0.000000 1.000000
vn 0.708109 -0.664208 0.239603
vn 0.832424 -0.435612 0.342510
vn 0.892294 -0.353898 0.280298
vn 0.708109 -0.664208 0.239603
vn 0.892294 -0.353898 0.280298
vn 0.678811 -0.714411 0.169803
vn 0.000000 0.000000 -1.000000
vn 0.000000 0.000000 -1.000000
vn 0.000000 0.000000 -1.000000
vn -0.645716 -0.739018 0.192105
vn -0.728602 -0.668601 0.148700
vn -0.721283 -0.666385 0.188896
vn -0.645716 -0.739018 0.192105
vn -0.721283 -0.666385 0.188896
vn -0.747284 -0.605387 0.273994
vn 0.000000 -0.000000 1.000000
vn 0.000000 -0.000000 1.000000
vn 0.000000 -0.000000 1.000000
vn 0.661813 0.710414 0.239405
vn 0.889380 0.274094 0.365892
vn 0.881618 0.379708 0.280306
vn 0.661813 0.710414 0.239405
vn 0.881618 0.379708 0.280306
vn 0.709678 0.681879 0.177195
vn 0.000000 -0.000000 1.000000
vn 0.000000 -0.000000 1.000000
vn 0.000000 -0.000000 1.000000
vn 0.000000 -0.000000 1.000000
vn 0.000000 -0.000000 1.000000
vn 0.000000 -0.000000 1.000000
vn -0.749187 0.620289 0.232296
vn -0.752111 0.640910 0.153502
vn -0.746978 0.634181 0.199594
vn -0.749187 0.620289 0.232296
vn -0.746978 0.634181 0.199594
vn -0.618902 0.752403 0.225501
vn 0.000000 0.000000 -1.000000
vn 0.000000 0.000000 -1.000000
vn 0.000000 0.000000 -1.000000
vn 0.000000 0.000000 -1.000000
vn 0.000000 0.000000 -1.000000
vn 0.000000 0.000000 -1.000000
vn 0.708109 -0.664208 0.239603
vn 0.678811 -0.714411 0.169803
vn -0.021499 -0.991360 0.129395
vn 0.708109 -0.664208 0.239603
vn -0.021499 -0.991360 0.129395
vn 0.022200 -0.988008 0.152801
vn -0.645716 -0.739018 0.192105
vn -0.747284 -0.605387 0.273994
vn 0.022200 -0.988008 0.152801
vn -0.645716 -0.739018 0.192105
vn 0.022200 -0.988008 0.152801
vn -0.021499 -0.991360 0.129395
vn 0.661813 0.710414 0.239405
vn 0.709678 0.681879 0.177195
vn -0.033099 0.982182 0.184997
vn 0.661813 0.710414 0.239405
vn -0.033099 0.982182 0.184997
vn -0.041702 0.980936 0.189807
vn -0.749187 0.620289 0.232296
vn -0.618902 0.752403 0.225501
vn -0.041702 0.980936 0.189807
vn -0.749187 0.620289 0.232296
vn -0.041702 0.980936 0.189807
vn -0.033099 0.982182 0.184997
vn 0.000000 -0.000000 1.000000
vn 0.000000 -0.000000 1.000000
vn 0.000000 -0.000000 1.000000
vn 0.000000 -0.000000 1.000000
vn 0.000000 -0.000000 1.000000
vn 0.000000 -0.000000 1.000000
vn 0.000000 -0.000000 1.000000
vn 0.000000 -0.000000 1.000000
vn 0.000000 -0.000000 1.000000
vn 0.000000 -0.000000 1.000000
vn 0.000000 -0.000000 1.000000
vn 0.000000 -0.000000 1.000000
vn 0.000000 -0.000000 1.000000
vn 0.000000 -0.000000 1.000000
vn 0.000000 -0.000000 1.000000
vn 0.000000 0.000000 -1.000000
vn 0.000000 0.000000 -1.000000
vn 0.000000 0.000000 -1.000000
vn 0.000000 0.000000 -1.000000
vn 0.000000 0.000000 -1.000000
vn 0.000000 0.000000 -1.000000
vn 0.000000 0.000000 -1.000000
vn 0.000000 0.000000 -1.000000
vn 0.000000 0.000000 -1.000000
vn 0.000000 0.000000 -1.000000
vn 0.000000 0.000000 -1.000000
vn 0.000000 0.000000 -1.000000
vn 0.000000 0.000000 -1.000000
vn 0.000000 0.000000 -1.000000
vn 0.000000 0.000000 -1.000000
vn 0.000000 0.000000 -1.000000
vn 0.000000 0.000000 -1.000000
vn 0.000000 0.000000 -1.000000
vn 0.000000 0.000000 -1.000000
vn 0.000000 0.000000 -1.000000
vn 0.000000 0.000000 -1.000000
vn -0.065703 -0.000000 0.997839
vn 0.065703 -0.000000 0.997839
vn 0.065703 -0.000000 0.997839
vn -0.065703 -0.000000 0.997839
vn 0.065703 -0.000000 0.997839
vn -0.065703 -0.000000 0.997839
vn -0.050800 0.000000 -0.998709
vn -0.050800 0.000000 -0.998709
vn 0.050800 0.000000 -0.998709
vn -0.050800 0.000000 -0.998709
vn 0.050800 0.000000 -0.998709
vn 0.050800 0.000000 -0.998709
vn 0.665896 -0.336398 -0.665896
vn 0.224592 -0.300790 -0.926868
vn 0.265305 -0.151303 -0.952219
vn 0.665896 -0.336398 -0.665896
vn 0.265305 -0.151303 -0.952219
vn 0.697285 -0.166096 -0.697285
vn 0.224592 -0.300790 -0.926868
vn -0.292209 -0.199906 -0.935228
vn -0.239899 -0.107799 -0.964794
vn 0.224592 -0.300790 -0.926868
vn -0.239899 -0.107799 -0.964794
vn 0.265305 -0.151303 -0.952219
vn -0.292209 -0.199906 -0.935228
vn -0.737898 -0.058200 -0.672398
vn -0.690614 -0.041801 -0.722015
vn -0.292209 -0.199906 -0.935228
vn -0.690614 -0.041801 -0.722015
vn -0.239899 -0.107799 -0.964794
vn -0.737898 -0.058200 -0.672398
vn -0.972140 0.080603 -0.220109
vn -0.960003 0.030700 -0.278301
vn -0.737898 -0.058200 -0.672398
vn -0.960003 0.030700 -0.278301
vn -0.690614 -0.041801 -0.722015
vn -0.972140 0.080603 -0.220109
vn -0.944978 0.176096 0.275694
vn -0.965363 0.086397 0.246191
vn -0.972140 0.080603 -0.220109
vn -0.965363 0.086397 0.246191
vn -0.960003 0.030700 -0.278301
vn -0.944978 0.176096 0.275694
vn -0.691496 0.209299 0.691396
vn -0.703039 0.107106 0.703039
vn -0.944978 0.176096 0.275694
vn -0.703039 0.107106 0.703039
vn -0.965363 0.086397 0.246191
vn -0.691496 0.209299 0.691396
vn -0.275694 0.176096 0.944978
vn -0.246191 0.086397 0.965363
vn -0.691496 0.209299 0.691396
vn -0.246191 0.086397 0.965363
vn -0.703039 0.107106 0.703039
vn -0.275694 0.176096 0.944978
vn 0.220109 0.080603 0.972140
vn 0.278301 0.030700 0.960003
vn -0.275694 0.176096 0.944978
vn 0.278301 0.030700 0.960003
vn -0.246191 0.086397 0.965363
vn 0.220109 0.080603 0.972140
vn 0.672398 -0.058200 0.737898
vn 0.722015 -0.041801 0.690614
vn 0.220109 0.080603 0.972140
vn 0.722015 -0.041801 0.690614
vn 0.278301 0.030700 0.960003
vn 0.672398 -0.058200 0.737898
vn 0.935201 -0.199900 0.292300
vn 0.964771 -0.107797 0.239993
vn 0.672398 -0.058200 0.737898
vn 0.964771 -0.107797 0.239993
vn 0.722015 -0.041801 0.690614
vn 0.935201 -0.199900 0.292300
vn 0.926868 -0.300790 -0.224592
vn 0.952219 -0.151303 -0.265305
vn 0.935201 -0.199900 0.292300
vn 0.952219 -0.151303 -0.265305
vn 0.964771 -0.107797 0.239993
vn 0.926868 -0.300790 -0.224592
vn 0.665896 -0.336398 -0.665896
vn 0.697285 -0.166096 -0.697285
vn 0.926868 -0.300790 -0.224592
vn 0.697285 -0.166096 -0.697285
vn 0.952219 -0.151303 -0.265305
vn 0.000000 -1.000000 -0.000000
vn 0.000000 -1.000000 -0.000000
vn 0.000000 -1.000000 -0.000000
vn 0.000000 -1.000000 -0.000000
vn 0.000000 -1.000000 -0.000000
vn 0.000000 -1.000000 -0.000000
vn 0.697285 -0.166096 -0.697285
vn 0.265305 -0.151303 -0.952219
vn 0.258808 0.000000 -0.965929
vn 0.697285 -0.166096 -0.697285
vn 0.258808 0.000000 -0.965929
vn 0.707107 0.000000 -0.707107
vn 0.265305 -0.151303 -0.952219
vn -0.239899 -0.107799 -0.964794
vn -0.258808 0.000000 -0.965929
vn 0.265305 -0.151303 -0.952219
vn -0.258808 0.000000 -0.965929
vn 0.258808 0.000000 -0.965929
vn -0.239899 -0.107799 -0.964794
vn -0.690614 -0.041801 -0.722015
vn -0.707107 0.000000 -0.707107
vn -0.239899 -0.107799 -0.964794
vn -0.707107 0.000000 -0.707107
vn -0.258808 0.000000 -0.965929
vn -0.690614 -0.041801 -0.722015
vn -0.960003 0.030700 -0.278301
vn -0.965929 0.000000 -0.258808
vn -0.690614 -0.041801 -0.722015
vn -0.965929 0.000000 -0.258808
vn -0.707107 0.000000 -0.707107
vn -0.960003 0.030700 -0.278301
vn -0.965363 0.086397 0.246191
vn -0.965929 -0.000000 0.258808
vn -0.960003 0.030700 -0.278301
vn -0.965929 -0.000000 0.258808
vn -0.965929 0.000000 -0.258808
vn -0.965363 0.086397 0.246191
vn -0.703039 0.107106 0.703039
vn -0.707107 -0.000000 0.707107
vn -0.965363 0.086397 0.246191
vn -0.707107 -0.000000 0.707107
vn -0.965929 -0.000000 0.258808
vn -0.703039 0.107106 0.703039
vn -0.246191 0.086397 0.965363
vn -0.258808 -0.000000 0.965929
vn -0.703039 0.107106 0.703039
vn -0.258808 -0.000000 0.965929
vn -0.707107 -0.000000 0.707107
vn -0.246191 0.086397 0.965363
vn 0.278301 0.030700 0.960003
vn 0.258808 -0.000000 0.965929
vn -0.246191 0.086397 0.965363
vn 0.258808 -0.000000 0.965929
vn -0.258808 -0.000000 0.965929
vn 0.278301 0.030700 0.960003
vn 0.722015 -0.041801 0.690614
vn 0.707107 -0.000000 0.707107
vn 0.278301 0.030700 0.960003
vn 0.707107 -0.000000 0.707107
vn 0.258808 -0.000000 0.965929
vn 0.722015 -0.041801 0.690614
vn 0.964771 -0.107797 0.239993
vn 0.965929 -0.000000 0.258808
vn 0.722015 -0.041801 0.690614
vn 0.965929 -0.000000 0.258808
vn 0.707107 -0.000000 0.707107
vn 0.964771 -0.107797 0.239993
vn 0.952219 -0.151303 -0.265305
vn 0.965929 0.000000 -0.258808
vn 0.964771 -0.107797 0.239993
vn 0.965929 0.000000 -0.258808
vn 0.965929 -0.000000 0.258808
vn 0.952219 -0.151303 -0.265305
vn 0.697285 -0.166096 -0.697285
vn 0.707107 0.000000 -0.707107
vn 0.952219 -0.151303 -0.265305
vn 0.707107 0.000000 -0.707107
vn 0.965929 0.000000 -0.258808
vn 0.000000 -1.000000 -0.000000
vn 0.000000 -1.000000 -0.000000
vn 0.000000 -1.000000 -0.000000
vn 0.000000 -1.000000 -0.000000
vn 0.000000 -1.000000 -0.000000
vn 0.000000 -1.000000 -0.000000
vn 0.000000 -1.000000 -0.000000
vn 0.000000 -1.000000 -0.000000
vn 0.000000 -1.000000 -0.000000
vn 0.000000 -1.000000 -0.000000
vn 0.000000 -1.000000 -0.000000
vn 0.000000 -1.000000 -0.000000
vn 0.000000 -1.000000 -0.000000
vn 0.000000 -1.000000 -0.000000
vn 0.000000 -1.000000 -0.000000
vn 0.000000 -1.000000 -0.000000
vn 0.000000 -1.000000 -0.000000
vn 0.000000 -1.000000 -0.000000
vn 0.000000 -1.000000 -0.000000
vn 0.000000 -1.000000 -0.000000
vn 0.000000 -1.000000 -0.000000
vn 0.000000 -1.000000 -0.000000
vn 0.000000 -1.000000 -0.000000
vn 0.000000 -1.000000 -0.000000
vn 0.665896 -0.336398 0.665896
vn 0.697285 -0.166096 0.697285
vn 0.265305 -0.151303 0.952219
vn 0.665896 -0.336398 0.665896
vn 0.265305 -0.151303 0.952219
vn 0.224592 -0.300790 0.926868
vn 0.224592 -0.300790 0.926868
vn 0.265305 -0.151303 0.952219
vn -0.239899 -0.107799 0.964794
vn 0.224592 -0.300790 0.926868
vn -0.239899 -0.107799 0.964794
vn -0.292209 -0.199906 0.935228
vn -0.292209 -0.199906 0.935228
vn -0.239899 -0.107799 0.964794
vn -0.690614 -0.041801 0.722015
vn -0.292209 -0.199906 0.935228
vn -0.690614 -0.041801 0.722015
vn -0.737898 -0.058200 0.672398
vn -0.737898 -0.058200 0.672398
vn -0.690614 -0.041801 0.722015
vn -0.960003 0.030700 0.278301
vn -0.737898 -0.058200 0.672398
vn -0.960003 0.030700 0.278301
vn -0.972140 0.080603 0.220109
vn -0.972140 0.080603 0.220109
vn -0.960003 0.030700 0.278301
vn -0.965363 0.086397 -0.246191
vn -0.972140 0.080603 0.220109
vn -0.965363 0.086397 -0.246191
vn -0.944978 0.176096 -0.275694
vn -0.944978 0.176096 -0.275694
vn -0.965363 0.086397 -0.246191
vn -0.703039 0.107106 -0.703039
vn -0.944978 0.176096 -0.275694
vn -0.703039 0.107106 -0.703039
vn -0.691496 0.209299 -0.691396
vn -0.691496 0.209299 -0.691396
vn -0.703039 0.107106 -0.703039
vn -0.246191 0.086397 -0.965363
vn -0.691496 0.209299 -0.691396
vn -0.246191 0.086397 -0.965363
vn -0.275694 0.176096 -0.944978
vn -0.275694 0.176096 -0.944978
vn -0.246191 0.086397 -0.965363
vn 0.278301 0.030700 -0.960003
vn -0.275694 0.176096 -0.944978
vn 0.278301 0.030700 -0.960003
vn 0.220109 0.080603 -0.972140
vn 0.220109 0.080603 -0.972140
vn 0.278301 0.030700 -0.960003
vn 0.722015 -0.041801 -0.690614
vn 0.220109 0.080603 -0.972140
vn 0.722015 -0.041801 -0.690614
vn 0.672398 -0.058200 -0.737898
vn 0.672398 -0.058200 -0.737898
vn 0.722015 -0.041801 -0.690614
vn 0.964771 -0.107797 -0.239993
vn 0.672398 -0.058200 -0.737898
vn 0.964771 -0.107797 -0.239993
vn 0.935201 -0.199900 -0.292300
vn 0.935201 -0.199900 -0.292300
vn 0.964771 -0.107797 -0.239993
vn 0.952219 -0.151303 0.265305
vn 0.935201 -0.199900 -0.292300
vn 0.952219 -0.151303 0.265305
vn 0.926868 -0.300790 0.224592
vn 0.926868 -0.300790 0.224592
vn 0.952219 -0.151303 0.265305
vn 0.697285 -0.166096 0.697285
vn 0.926868 -0.300790 0.224592
vn 0.697285 -0.166096 0.697285
vn 0.665896 -0.336398 0.665896
vn 0.000000 -1.000000 -0.000000
vn 0.000000 -1.000000 -0.000000
vn 0.000000 -1.000000 -0.000000
vn 0.000000 -1.000000 -0.000000
vn 0.000000 -1.000000 -0.000000
vn 0.000000 -1.000000 -0.000000
vn 0.697285 -0.166096 0.697285
vn 0.707107 -0.000000 0.707107
vn 0.258808 -0.000000 0.965929
vn 0.697285 -0.166096 0.697285
vn 0.258808 -0.000000 0.965929
vn 0.265305 -0.151303 0.952219
vn 0.265305 -0.151303 0.952219
vn 0.258808 -0.000000 0.965929
vn -0.258808 -0.000000 0.965929
vn 0.265305 -0.151303 0.952219
vn -0.258808 -0.000000 0.965929
vn -0.239899 -0.107799 0.964794
vn -0.239899 -0.107799 0.964794
vn -0.258808 -0.000000 0.965929
vn -0.707107 -0.000000 0.707107
vn -0.239899 -0.107799 0.964794
vn -0.707107 -0.000000 0.707107
vn -0.690614 -0.041801 0.722015
vn -0.690614 -0.041801 0.722015
vn -0.707107 -0.000000 0.707107
vn -0.965929 -0.000000 0.258808
vn -0.690614 -0.041801 0.722015
vn -0.965929 -0.000000 0.258808
vn -0.960003 0.030700 0.278301
vn -0.960003 0.030700 0.278301
vn -0.965929 -0.000000 0.258808
vn -0.965929 0.000000 -0.258808
vn -0.960003 0.030700 0.278301
vn -0.965929 0.000000 -0.258808
vn -0.965363 0.086397 -0.246191
vn -0.965363 0.086397 -0.246191
vn -0.965929 0.000000 -0.258808
vn -0.707107 0.000000 -0.707107
vn -0.965363 0.086397 -0.246191
vn -0.707107 0.000000 -0.707107
vn -0.703039 0.107106 -0.703039
vn -0.703039 0.107106 -0.703039
vn -0.707107 0.000000 -0.707107
vn -0.258808 0.000000 -0.965929
vn -0.703039 0.107106 -0.703039
vn -0.258808 0.000000 -0.965929
vn -0.246191 0.086397 -0.965363
vn -0.246191 0.086397 -0.965363
vn -0.258808 0.000000 -0.965929
vn 0.258808 0.000000 -0.965929
vn -0.246191 0.086397 -0.965363
vn 0.258808 0.000000 -0.965929
vn 0.278301 0.030700 -0.960003
vn 0.278301 0.030700 -0.960003
vn 0.258808 0.000000 -0.965929
vn 0.707107 0.000000 -0.707107
vn 0.278301 0.030700 -0.960003
vn 0.707107 0.000000 -0.707107
vn 0.722015 -0.041801 -0.690614
vn 0.722015 -0.041801 -0.690614
vn 0.707107 0.000000 -0.707107
vn 0.965929 0.000000 -0.258808
vn 0.722015 -0.041801 -0.690614
vn 0.965929 0.000000 -0.258808
vn 0.964771 -0.107797 -0.239993
vn 0.964771 -0.107797 -0.239993
vn 0.965929 0.000000 -0.258808
vn 0.965929 -0.000000 0.258808
vn 0.964771 -0.107797 -0.239993
vn 0.965929 -0.000000 0.258808
vn 0.952219 -0.151303 0.265305
vn 0.952219 -0.151303 0.265305
vn 0.965929 -0.000000 0.258808
vn 0.707107 -0.000000 0.707107
vn 0.952219 -0.151303 0.265305
vn 0.707107 -0.000000 0.707107
vn 0.697285 -0.166096 0.697285
vn 0.000000 -1.000000 -0.000000
vn 0.000000 -1.000000 -0.000000
vn 0.000000 -1.000000 -0.000000
vn 0.000000 -1.000000 -0.000000
vn 0.000000 -1.000000 -0.000000
vn 0.000000 -1.000000 -0.000000
vn 0.000000 -1.000000 -0.000000
vn 0.000000 -1.000000 -0.000000
vn 0.000000 -1.000000 -0.000000
vn 0.000000 -1.000000 -0.000000
vn 0.000000 -1.000000 -0.000000
vn 0.000000 -1.000000 -0.000000
vn 0.000000 -1.000000 -0.000000
vn 0.000000 -1.000000 -0.000000
vn 0.000000 -1.000000 -0.000000
vn 0.000000 -1.000000 -0.000000
vn 0.000000 -1.000000 -0.000000
vn 0.000000 -1.000000 -0.000000
vn 0.000000 -1.000000 -0.000000
vn 0.000000 -1.000000 -0.000000
vn 0.000000 -1.000000 -0.000000
vn 0.000000 -1.000000 -0.000000
vn 0.000000 -1.000000 -0.000000
vn 0.000000 -1.000000 -0.000000
vn -0.665896 -0.336398 -0.665896
vn -0.697285 -0.166096 -0.697285
vn -0.265305 -0.151303 -0.952219
vn -0.665896 -0.336398 -0.665896
vn -0.265305 -0.151303 -0.952219
vn -0.224592 -0.300790 -0.926868
vn -0.224592 -0.300790 -0.926868
vn -0.265305 -0.151303 -0.952219
vn 0.239899 -0.107799 -0.964794
vn -0.224592 -0.300790 -0.926868
vn 0.239899 -0.107799 -0.964794
vn 0.292209 -0.199906 -0.935228
vn 0.292209 -0.199906 -0.935228
vn 0.239899 -0.107799 -0.964794
vn 0.690614 -0.041801 -0.722015
vn 0.292209 -0.199906 -0.935228
vn 0.690614 -0.041801 -0.722015
vn 0.737898 -0.058200 -0.672398
vn 0.737898 -0.058200 -0.672398
vn 0.690614 -0.041801 -0.722015
vn 0.960003 0.030700 -0.278301
vn 0.737898 -0.058200 -0.672398
vn 0.960003 0.030700 -0.278301
vn 0.972140 0.080603 -0.220109
vn 0.972140 0.080603 -0.220109
vn 0.960003 0.030700 -0.278301
vn 0.965363 0.086397 0.246191
vn 0.972140 0.080603 -0.220109
vn 0.965363 0.086397 0.246191
vn 0.944978 0.176096 0.275694
vn 0.944978 0.176096 0.275694
vn 0.965363 0.086397 0.246191
vn 0.703039 0.107106 0.703039
vn 0.944978 0.176096 0.275694
vn 0.703039 0.107106 0.703039
vn 0.691496 0.209299 0.691396
vn 0.691496 0.209299 0.691396
vn 0.703039 0.107106 0.703039
vn 0.246191 0.086397 0.965363
vn 0.691496 0.209299 0.691396
vn 0.246191 0.086397 0.965363
vn 0.275694 0.176096 0.944978
vn 0.275694 0.176096 0.944978
vn 0.246191 0.086397 0.965363
vn -0.278301 0.030700 0.960003
vn 0.275694 0.176096 0.944978
vn -0.278301 0.030700 0.960003
vn -0.220109 0.080603 0.972140
vn -0.220109 0.080603 0.972140
vn -0.278301 0.030700 0.960003
vn -0.722015 -0.041801 0.690614
vn -0.220109 0.080603 0.972140
vn -0.722015 -0.041801 0.690614
vn -0.672398 -0.058200 0.737898
vn -0.672398 -0.058200 0.737898
vn -0.722015 -0.041801 0.690614
vn -0.964771 -0.107797 0.239993
vn -0.672398 -0.058200 0.737898
vn -0.964771 -0.107797 0.239993
vn -0.935201 -0.199900 0.292300
vn -0.935201 -0.199900 0.292300
vn -0.964771 -0.107797 0.239993
vn -0.952219 -0.151303 -0.265305
vn -0.935201 -0.199900 0.292300
vn -0.952219 -0.151303 -0.265305
vn -0.926868 -0.300790 -0.224592
vn -0.926868 -0.300790 -0.224592
vn -0.952219 -0.151303 -0.265305
vn -0.697285 -0.166096 -0.697285
vn -0.926868 -0.300790 -0.224592
vn -0.697285 -0.166096 -0.697285
vn -0.665896 -0.336398 -0.665896
vn 0.000000 -1.000000 -0.000000
vn 0.000000 -1.000000 -0.000000
vn 0.000000 -1.000000 -0.000000
vn 0.000000 -1.000000 -0.000000
vn 0.000000 -1.000000 -0.000000
vn 0.000000 -1.000000 -0.000000
vn -0.697285 -0.166096 -0.697285
vn -0.707107 0.000000 -0.707107
vn -0.258808 0.000000 -0.965929
vn -0.697285 -0.166096 -0.697285
vn -0.258808 0.000000 -0.965929
vn -0.265305 -0.151303 -0.952219
vn -0.265305 -0.151303 -0.952219
vn -0.258808 0.000000 -0.965929
vn 0.258808 0.000000 -0.965929
vn -0.265305 -0.151303 -0.952219
vn 0.258808 0.000000 -0.965929
vn 0.239899 -0.107799 -0.964794
vn 0.239899 -0.107799 -0.964794
vn 0.258808 0.000000 -0.965929
vn 0.707107 0.000000 -0.707107
vn 0.239899 -0.107799 -0.964794
vn 0.707107 0.000000 -0.707107
vn 0.690614 -0.041801 -0.722015
vn 0.690614 -0.041801 -0.722015
vn 0.707107 0.000000 -0.707107
vn 0.965929 0.000000 -0.258808
vn 0.690614 -0.041801 -0.722015
vn 0.965929 0.000000 -0.258808
vn 0.960003 0.030700 -0.278301
vn 0.960003 0.030700 -0.278301
vn 0.965929 0.000000 -0.258808
vn 0.965929 -0.000000 0.258808
vn 0.960003 0.030700 -0.278301
vn 0.965929 -0.000000 0.258808
vn 0.965363 0.086397 0.246191
vn 0.965363 0.086397 0.246191
vn 0.965929 -0.000000 0.258808
vn 0.707107 -0.000000 0.707107
vn 0.965363 0.086397 0.246191
vn 0.707107 -0.000000 0.707107
vn 0.703039 0.107106 0.703039
vn 0.703039 0.107106 0.703039
vn 0.707107 -0.000000 0.707107
vn 0.258808 -0.000000 0.965929
vn 0.703039 0.107106 0.703039
vn 0.258808 -0.000000 0.965929
vn 0.246191 0.086397 0.965363
vn 0.246191 0.086397 0.965363
vn 0.258808 -0.000000 0.965929
vn -0.258808 -0.000000 0.965929
vn 0.246191 0.086397 0.965363
vn -0.258808 -0.000000 0.965929
vn -0.278301 0.030700 0.960003
vn -0.278301 0.030700 0.960003
vn -0.258808 -0.000000 0.965929
vn -0.707107 -0.000000 0.707107
vn -0.278301 0.030700 0.960003
vn -0.707107 -0.000000 0.707107
vn -0.722015 -0.041801 0.690614
vn -0.722015 -0.041801 0.690614
vn -0.707107 -0.000000 0.707107
vn -0.965929 -0.000000 0.258808
vn -0.722015 -0.041801 0.690614
vn -0.965929 -0.000000 0.258808
vn -0.964771 -0.107797 0.239993
vn -0.964771 -0.107797 0.239993
vn -0.965929 -0.000000 0.258808
vn -0.965929 0.000000 -0.258808
vn -0.964771 -0.107797 0.239993
vn -0.965929 0.000000 -0.258808
vn -0.952219 -0.151303 -0.265305
vn -0.952219 -0.151303 -0.265305
vn -0.965929 0.000000 -0.258808
vn -0.707107 0.000000 -0.707107
vn -0.952219 -0.151303 -0.265305
vn -0.707107 0.000000 -0.707107
vn -0.697285 -0.166096 -0.697285
vn 0.000000 -1.000000 -0.000000
vn 0.000000 -1.000000 -0.000000
vn 0.000000 -1.000000 -0.000000
vn 0.000000 -1.000000 -0.000000
vn 0.000000 -1.000000 -0.000000
vn 0.000000 -1.000000 -0.000000
vn 0.000000 -1.000000 -0.000000
vn 0.000000 -1.000000 -0.000000
vn 0.000000 -1.000000 -0.000000
vn 0.000000 -1.000000 -0.000000
vn 0.000000 -1.000000 -0.000000
vn 0.000000 -1.000000 -0.000000
vn 0.000000 -1.000000 -0.000000
vn 0.000000 -1.000000 -0.000000
vn 0.000000 -1.000000 -0.000000
vn 0.000000 -1.000000 -0.000000
vn 0.000000 -1.000000 -0.000000
vn 0.000000 -1.000000 -0.000000
vn 0.000000 -1.000000 -0.000000
vn 0.000000 -1.000000 -0.000000
vn 0.000000 -1.000000 -0.000000
vn 0.000000 -1.000000 -0.000000
vn 0.000000 -1.000000 -0.000000
vn 0.000000 -1.000000 -0.000000
vn -0.665896 -0.336398 0.665896
vn -0.224592 -0.300790 0.926868
vn -0.265305 -0.151303 0.952219
vn -0.665896 -0.336398 0.665896
vn -0.265305 -0.151303 0.952219
vn -0.697285 -0.166096 0.697285
vn -0.224592 -0.300790 0.926868
vn 0.292209 -0.199906 0.935228
vn 0.239899 -0.107799 0.964794
vn -0.224592 -0.300790 0.926868
vn 0.239899 -0.107799 0.964794
vn -0.265305 -0.151303 0.952219
vn 0.292209 -0.199906 0.935228
vn 0.737898 -0.058200 0.672398
vn 0.690614 -0.041801 0.722015
vn 0.292209 -0.199906 0.935228
vn 0.690614 -0.041801 0.722015
vn 0.239899 -0.107799 0.964794
vn 0.737898 -0.058200 0.672398
vn 0.972140 0.080603 0.220109
vn 0.960003 0.030700 0.278301
vn 0.737898 -0.058200 0.672398
vn 0.960003 0.030700 0.278301
vn 0.690614 -0.041801 0.722015
vn 0.972140 0.080603 0.220109
vn 0.944978 0.176096 -0.275694
vn 0.965363 0.086397 -0.246191
vn 0.972140 0.080603 0.220109
vn 0.965363 0.086397 -0.246191
vn 0.960003 0.030700 0.278301
vn 0.944978 0.176096 -0.275694
vn 0.691496 0.209299 -0.691396
vn 0.703039 0.107106 -0.703039
vn 0.944978 0.176096 -0.275694
vn 0.703039 0.107106 -0.703039
vn 0.965363 0.086397 -0.246191
vn 0.691496 0.209299 -0.691396
vn 0.275694 0.176096 -0.944978
vn 0.246191 0.086397 -0.965363
vn 0.691496 0.209299 -0.691396
vn 0.246191 0.086397 -0.965363
vn 0.703039 0.107106 -0.703039
vn 0.275694 0.176096 -0.944978
vn -0.220109 0.080603 -0.972140
vn -0.278301 0.030700 -0.960003
vn 0.275694 0.176096 -0.944978
vn -0.278301 0.030700 -0.960003
vn 0.246191 0.086397 -0.965363
vn -0.220109 0.080603 -0.972140
vn -0.672398 -0.058200 -0.737898
vn -0.722015 -0.041801 -0.690614
vn -0.220109 0.080603 -0.972140
vn -0.722015 -0.041801 -0.690614
vn -0.278301 0.030700 -0.960003
vn -0.672398 -0.058200 -0.737898
vn -0.935201 -0.199900 -0.292300
vn -0.964771 -0.107797 -0.239993
vn -0.672398 -0.058200 -0.737898
vn -0.964771 -0.107797 -0.239993
vn -0.722015 -0.041801 -0.690614
vn -0.935201 -0.199900 -0.292300
vn -0.926868 -0.300790 0.224592
vn -0.952219 -0.151303 0.265305
vn -0.935201 -0.199900 -0.292300
vn -0.952219 -0.151303 0.265305
vn -0.964771 -0.107797 -0.239993
vn -0.926868 -0.300790 0.224592
vn -0.665896 -0.336398 0.665896
vn -0.697285 -0.166096 0.697285
vn -0.926868 -0.300790 0.224592
vn -0.697285 -0.166096 0.697285
vn -0.952219 -0.151303 0.265305
vn 0.000000 -1.000000 -0.000000
vn 0.000000 -1.000000 -0.000000
vn 0.000000 -1.000000 -0.000000
vn 0.000000 -1.000000 -0.000000
vn 0.000000 -1.000000 -0.000000
vn 0.000000 -1.000000 -0.000000
vn -0.697285 -0.166096 0.697285
vn -0.265305 -0.151303 0.952219
vn -0.258808 -0.000000 0.965929
vn -0.697285 -0.166096 0.697285
vn -0.258808 -0.000000 0.965929
vn -0.707107 -0.000000 0.707107
vn -0.265305 -0.151303 0.952219
vn 0.239899 -0.107799 0.964794
vn 0.258808 -0.000000 0.965929
vn -0.265305 -0.151303 0.952219
vn 0.258808 -0.000000 0.965929
vn -0.258808 -0.000000 0.965929
vn 0.239899 -0.107799 0.964794
vn 0.690614 -0.041801 0.722015
vn 0.707107 -0.000000 0.707107
vn 0.239899 -0.107799 0.964794
vn 0.707107 -0.000000 0.707107
vn 0.258808 -0.000000 0.965929
vn 0.690614 -0.041801 0.722015
vn 0.960003 0.030700 0.278301
vn 0.965929 -0.000000 0.258808
vn 0.690614 -0.041801 0.722015
vn 0.965929 -0.000000 0.258808
vn 0.707107 -0.000000 0.707107
vn 0.960003 0.030700 0.278301
vn 0.965363 0.086397 -0.246191
vn 0.965929 0.000000 -0.258808
vn 0.960003 0.030700 0.278301
vn 0.965929 0.000000 -0.258808
vn 0.965929 -0.000000 0.258808
vn 0.965363 0.086397 -0.246191
vn 0.703039 0.107106 -0.703039
vn 0.707107 0.000000 -0.707107
vn 0.965363 0.086397 -0.246191
vn 0.707107 0.000000 -0.707107
vn 0.965929 0.000000 -0.258808
vn 0.703039 0.107106 -0.703039
vn 0.246191 0.086397 -0.965363
vn 0.258808 0.000000 -0.965929
vn 0.703039 0.107106 -0.703039
vn 0.258808 0.000000 -0.965929
vn 0.707107 0.000000 -0.707107
vn 0.246191 0.086397 -0.965363
vn -0.278301 0.030700 -0.960003
vn -0.258808 0.000000 -0.965929
vn 0.246191 0.086397 -0.965363
vn -0.258808 0.000000 -0.965929
vn 0.258808 0.000000 -0.965929
vn -0.278301 0.030700 -0.960003
vn -0.722015 -0.041801 -0.690614
vn -0.707107 0.000000 -0.707107
vn -0.278301 0.030700 -0.960003
vn -0.707107 0.000000 -0.707107
vn -0.258808 0.000000 -0.965929
vn -0.722015 -0.041801 -0.690614
vn -0.964771 -0.107797 -0.239993
vn -0.965929 0.000000 -0.258808
vn -0.722015 -0.041801 -0.690614
vn -0.965929 0.000000 -0.258808
vn -0.707107 0.000000 -0.707107
vn -0.964771 -0.107797 -0.239993
vn -0.952219 -0.151303 0.265305
vn -0.965929 -0.000000 0.258808
vn -0.964771 -0.107797 -0.239993
vn -0.965929 -0.000000 0.258808
vn -0.965929 0.000000 -0.258808
vn -0.952219 -0.151303 0.265305
vn -0.697285 -0.166096 0.697285
vn -0.707107 -0.000000 0.707107
vn -0.952219 -0.151303 0.265305
vn -0.707107 -0.000000 0.707107
vn -0.965929 -0.000000 0.258808
vn 0.000000 -1.000000 -0.000000
vn 0.000000 -1.000000 -0.000000
vn 0.000000 -1.000000 -0.000000
vn 0.000000 -1.000000 -0.000000
vn 0.000000 -1.000000 -0.000000
vn 0.000000 -1.000000 -0.000000
vn 0.000000 -1.000000 -0.000000
vn 0.000000 -1.000000 -0.000000
vn 0.000000 -1.000000 -0.000000
vn 0.000000 -1.000000 -0.000000
vn 0.000000 -1.000000 -0.000000
vn 0.000000 -1.000000 -0.000000
vn 0.000000 -1.000000 -0.000000
vn 0.000000 -1.000000 -0.000000
vn 0.000000 -1.000000 -0.000000
vn 0.000000 -1.000000 -0.000000
vn 0.000000 -1.000000 -0.000000
vn 0.000000 -1.000000 -0.000000
vn 0.000000 -1.000000 -0.000000
vn 0.000000 -1.000000 -0.000000
vn 0.000000 -1.000000 -0.000000
vn 0.000000 -1.000000 -0.000000
vn 0.000000 -1.000000 -0.000000
vn 0.000000 -1.000000 -0.000000
s off
g SM_SideTable_01
f 1/271/1 3/272/2 2/273/3
f 4/275/4 2/273/5 3/272/6
f 4/275/7 3/272/8 5/274/9
f 4/275/10 5/274/11 6/276/12
f 4/275/13 6/276/14 7/277/15
f 32/279/16 7/277/17 6/276/18
f 32/279/19 6/276/20 31/278/21
f 9/280/22 10/281/23 8/282/24
f 14/284/25 10/281/26 9/280/27
f 14/284/28 9/280/29 11/283/30
f 11/283/31 12/285/32 13/286/33
f 11/283/34 13/286/35 14/284/36
f 34/288/37 13/286/38 12/285/39
f 34/288/40 12/285/41 33/287/42
f 1/271/43 8/282/44 10/281/45
f 1/271/46 10/281/47 3/272/48
f 15/233/49 35/234/50 16/235/51
f 16/235/52 18/237/53 17/236/54
f 16/235/55 17/236/56 15/233/57
f 19/238/58 17/236/59 18/237/60
f 19/238/61 18/237/62 20/239/63
f 20/239/64 22/241/65 21/240/66
f 20/239/67 21/240/68 19/238/69
f 23/242/70 24/243/71 36/244/72
f 23/242/73 25/245/74 26/246/75
f 23/242/76 26/246/77 24/243/78
f 27/247/79 28/248/80 26/246/81
f 27/247/82 26/246/83 25/245/84
f 27/247/85 29/249/86 30/250/87
f 27/247/88 30/250/89 28/248/90
f 36/244/91 35/234/92 15/233/93
f 36/244/94 15/233/95 23/242/96
f 35/5/97 1/1/98 2/2/99
f 35/5/100 2/2/101 16/3/102
f 17/314/103 5/6/104 3/7/105
f 17/314/106 3/7/107 15/313/108
f 16/3/109 2/2/110 4/8/111
f 16/3/112 4/8/113 18/9/114
f 6/315/115 5/6/116 17/314/117
f 6/315/118 17/314/119 19/316/120
f 4/8/121 7/10/122 20/11/123
f 4/8/124 20/11/125 18/9/126
f 21/318/127 31/317/128 6/315/129
f 21/318/130 6/315/131 19/316/132
f 32/17/133 31/322/134 21/323/135
f 32/17/136 21/323/137 22/324/138
f 20/11/139 7/10/140 32/13/141
f 20/11/142 32/13/143 22/14/144
f 24/22/145 9/18/146 8/20/147
f 24/22/148 8/20/149 36/21/150
f 26/24/151 11/23/152 9/18/153
f 26/24/154 9/18/155 24/22/156
f 23/19/157 10/12/158 14/15/159
f 23/19/160 14/15/161 25/16/162
f 12/25/163 11/23/164 26/24/165
f 12/25/166 26/24/167 28/26/168
f 14/15/169 13/344/170 27/345/171
f 14/15/172 27/345/173 25/16/174
f 30/29/175 33/27/176 12/25/177
f 30/29/178 12/25/179 28/26/180
f 34/309/181 33/310/182 30/311/183
f 34/309/184 30/311/185 29/312/186
f 27/345/187 13/344/188 34/346/189
f 27/345/190 34/346/191 29/347/192
f 3/4/193 10/319/194 23/320/195
f 3/4/196 23/320/197 15/321/198
f 37/289/199 38/290/200 8/282/201
f 37/289/202 8/282/203 1/271/204
f 39/252/205 35/234/206 36/244/207
f 39/252/208 36/244/209 40/251/210
f 39/30/211 37/33/212 1/1/213
f 39/30/214 1/1/215 35/5/216
f 38/34/217 40/35/218 36/21/219
f 38/34/220 36/21/221 8/20/222
f 42/291/223 43/292/224 41/293/225
f 47/295/226 43/292/227 42/291/228
f 47/295/229 42/291/230 44/294/231
f 44/294/232 45/296/233 46/297/234
f 44/294/235 46/297/236 47/295/237
f 72/299/238 46/297/239 45/296/240
f 72/299/241 45/296/242 73/298/243
f 48/300/244 50/301/245 49/302/246
f 51/304/247 49/302/248 50/301/249
f 51/304/250 50/301/251 52/303/252
f 51/304/253 52/303/254 53/305/255
f 51/304/256 53/305/257 54/306/258
f 74/308/259 54/306/260 53/305/261
f 74/308/262 53/305/263 75/307/264
f 43/292/265 50/301/266 48/300/267
f 43/292/268 48/300/269 41/293/270
f 55/253/271 56/254/272 71/255/273
f 55/253/274 57/256/275 58/257/276
f 55/253/277 58/257/278 56/254/279
f 59/258/280 60/259/281 58/257/282
f 59/258/283 58/257/284 57/256/285
f 59/258/286 61/260/287 62/261/288
f 59/258/289 62/261/290 60/259/291
f 63/262/292 76/263/293 64/264/294
f 64/264/295 66/266/296 65/265/297
f 64/264/298 65/265/299 63/262/300
f 67/267/301 65/265/302 66/266/303
f 67/267/304 66/266/305 68/268/306
f 68/268/307 70/270/308 69/269/309
f 68/268/310 69/269/311 67/267/312
f 63/262/313 55/253/314 71/255/315
f 63/262/316 71/255/317 76/263/318
f 56/41/319 42/42/320 41/37/321
f 56/41/322 41/37/323 71/40/324
f 55/332/325 43/333/326 47/31/327
f 55/332/328 47/31/329 57/32/330
f 58/45/331 44/46/332 42/42/333
f 58/45/334 42/42/335 56/41/336
f 46/334/337 59/335/338 57/32/339
f 46/334/340 57/32/341 47/31/342
f 44/46/343 58/45/344 60/47/345
f 44/46/346 60/47/347 45/48/348
f 59/335/349 46/334/350 72/336/351
f 59/335/352 72/336/353 61/337/354
f 73/325/355 62/326/356 61/327/357
f 73/325/358 61/327/359 72/328/360
f 62/326/361 73/325/362 45/48/363
f 62/326/364 45/48/365 60/47/366
f 76/331/367 48/352/368 49/329/369
f 76/331/370 49/329/371 64/330/372
f 64/330/373 49/329/374 51/353/375
f 64/330/376 51/353/377 66/354/378
f 65/39/379 52/43/380 50/36/381
f 65/39/382 50/36/383 63/38/384
f 54/355/385 68/356/386 66/354/387
f 54/355/388 66/354/389 51/353/390
f 52/43/391 65/39/392 67/348/393
f 52/43/394 67/348/395 53/349/396
f 68/356/397 54/355/398 74/357/399
f 68/356/400 74/357/401 70/358/402
f 75/44/403 69/341/404 70/342/405
f 75/44/406 70/342/407 74/343/408
f 69/350/409 75/351/410 53/349/411
f 69/350/412 53/349/413 67/348/414
f 43/28/415 55/338/416 63/339/417
f 43/28/418 63/339/419 50/340/420
f 37/289/421 41/293/422 48/300/423
f 37/289/424 48/300/425 38/290/426
f 76/263/427 71/255/428 39/252/429
f 76/263/430 39/252/431 40/251/432
f 39/30/433 71/40/434 41/37/435
f 39/30/436 41/37/437 37/33/438
f 38/34/439 48/352/440 76/331/441
f 38/34/442 76/331/443 40/35/444
f 82/204/445 81/205/446 86/61/447
f 82/204/448 86/61/449 85/62/450
f 81/205/451 89/207/452 91/206/453
f 81/205/454 91/206/455 86/61/456
f 89/207/457 93/209/458 95/208/459
f 89/207/460 95/208/461 91/206/462
f 93/209/463 97/211/464 98/210/465
f 93/209/466 98/210/467 95/208/468
f 88/55/469 87/56/470 84/53/471
f 88/55/472 84/53/473 83/54/474
f 87/56/475 92/58/476 90/57/477
f 87/56/478 90/57/479 84/53/480
f 92/58/481 96/60/482 94/59/483
f 92/58/484 94/59/485 90/57/486
f 80/228/487 77/225/488 78/226/489
f 80/228/490 78/226/491 79/227/492
f 81/66/493 82/185/494 83/186/495
f 81/66/496 83/186/497 84/187/498
f 85/165/499 86/166/500 87/167/501
f 85/165/502 87/167/503 88/168/504
f 89/188/505 81/66/506 84/187/507
f 89/188/508 84/187/509 90/189/510
f 86/166/511 91/169/512 92/170/513
f 86/166/514 92/170/515 87/167/516
f 93/190/517 89/188/518 90/189/519
f 93/190/520 90/189/521 94/191/522
f 91/169/523 95/171/524 96/172/525
f 91/169/526 96/172/527 92/170/528
f 97/192/529 93/190/530 94/191/531
f 97/192/532 94/191/533 103/193/534
f 98/65/535 97/49/536 103/50/537
f 98/65/538 103/50/539 99/63/540
f 95/171/541 98/173/542 99/174/543
f 95/171/544 99/174/545 96/172/546
f 79/113/547 78/112/548 100/115/549
f 79/113/550 100/115/551 104/116/552
f 77/111/553 80/114/554 101/117/555
f 77/111/556 101/117/557 102/118/558
f 101/64/559 104/67/560 94/51/561
f 101/64/562 94/51/563 96/52/564
f 105/121/565 106/122/566 96/119/567
f 105/121/568 96/119/569 99/120/570
f 99/63/571 107/68/572 105/70/573
f 108/123/574 109/124/575 102/118/576
f 108/123/577 102/118/578 101/117/579
f 101/64/580 110/69/581 108/71/582
f 111/127/583 112/128/584 103/125/585
f 111/127/586 103/125/587 94/126/588
f 113/73/589 111/74/590 94/51/591
f 113/73/592 94/51/593 104/67/594
f 114/129/595 115/130/596 104/116/597
f 114/129/598 104/116/599 100/115/600
f 116/75/601 114/77/602 100/72/603
f 116/75/604 100/72/605 103/50/606
f 105/121/607 107/132/608 110/131/609
f 105/121/610 110/131/611 106/122/612
f 108/123/613 110/131/614 107/132/615
f 108/123/616 107/132/617 109/124/618
f 111/127/619 113/134/620 116/133/621
f 111/127/622 116/133/623 112/128/624
f 114/129/625 116/133/626 113/134/627
f 114/129/628 113/134/629 115/130/630
f 104/67/631 101/64/632 80/76/633
f 104/67/634 80/76/635 79/78/636
f 104/67/637 115/159/638 113/73/639
f 110/69/640 101/64/641 96/52/642
f 110/69/643 96/52/644 106/160/645
f 99/63/646 77/79/647 102/161/648
f 99/63/649 103/50/650 78/162/651
f 99/63/652 78/162/653 77/79/654
f 103/50/655 100/72/656 78/162/657
f 107/68/658 99/63/659 102/161/660
f 107/68/661 102/161/662 109/163/663
f 103/50/664 112/164/665 116/75/666
f 124/194/667 123/195/668 83/186/669
f 124/194/670 83/186/671 82/185/672
f 125/176/673 85/165/674 88/168/675
f 125/176/676 88/168/677 126/175/678
f 128/215/679 121/212/680 124/213/681
f 128/215/682 124/213/683 125/214/684
f 132/217/685 129/216/686 121/212/687
f 132/217/688 121/212/689 128/215/690
f 136/219/691 133/218/692 129/216/693
f 136/219/694 129/216/695 132/217/696
f 139/221/697 137/220/698 133/218/699
f 139/221/700 133/218/701 136/219/702
f 122/87/703 127/84/704 126/85/705
f 122/87/706 126/85/707 123/86/708
f 130/89/709 131/88/710 127/84/711
f 130/89/712 127/84/713 122/87/714
f 134/223/715 135/222/716 131/88/717
f 134/223/718 131/88/719 130/89/720
f 118/230/721 119/231/722 120/232/723
f 118/230/724 120/232/725 117/229/726
f 121/196/727 122/197/728 123/195/729
f 121/196/730 123/195/731 124/194/732
f 125/176/733 126/175/734 127/177/735
f 125/176/736 127/177/737 128/178/738
f 129/198/739 130/199/740 122/197/741
f 129/198/742 122/197/743 121/196/744
f 128/178/745 127/177/746 131/179/747
f 128/178/748 131/179/749 132/180/750
f 133/200/751 134/201/752 130/199/753
f 133/200/754 130/199/755 129/198/756
f 132/180/757 131/179/758 135/181/759
f 132/180/760 135/181/761 136/182/762
f 137/202/763 138/203/764 134/201/765
f 137/202/766 134/201/767 133/200/768
f 138/92/769 137/93/770 139/80/771
f 138/92/772 139/80/773 144/83/774
f 136/182/775 135/181/776 144/183/777
f 136/182/778 144/183/779 139/184/780
f 119/137/781 140/139/782 141/140/783
f 119/137/784 141/140/785 120/138/786
f 117/135/787 142/141/788 143/142/789
f 117/135/790 143/142/791 118/136/792
f 143/90/793 135/91/794 134/81/795
f 143/90/796 134/81/797 140/82/798
f 146/145/799 144/146/800 135/143/801
f 146/145/802 135/143/803 145/144/804
f 146/95/805 147/96/806 144/83/807
f 149/148/808 143/142/809 142/141/810
f 149/148/811 142/141/812 148/147/813
f 149/94/814 150/97/815 143/90/816
f 152/151/817 134/152/818 138/149/819
f 152/151/820 138/149/821 151/150/822
f 153/103/823 140/82/824 134/81/825
f 153/103/826 134/81/827 152/99/828
f 155/154/829 141/140/830 140/139/831
f 155/154/832 140/139/833 154/153/834
f 156/101/835 138/92/836 141/98/837
f 156/101/838 141/98/839 155/100/840
f 146/145/841 145/144/842 150/155/843
f 146/145/844 150/155/845 147/156/846
f 149/148/847 148/147/848 147/156/849
f 149/148/850 147/156/851 150/155/852
f 152/151/853 151/150/854 156/157/855
f 152/151/856 156/157/857 153/158/858
f 155/154/859 154/153/860 153/158/861
f 155/154/862 153/158/863 156/157/864
f 140/82/865 119/104/866 118/106/867
f 140/82/868 118/106/869 143/90/870
f 153/103/871 154/107/872 140/82/873
f 150/97/874 145/108/875 135/91/876
f 150/97/877 135/91/878 143/90/879
f 144/83/880 142/102/881 117/105/882
f 144/83/883 117/105/884 120/109/885
f 144/83/886 120/109/887 138/92/888
f 138/92/889 120/109/890 141/98/891
f 147/96/892 148/110/893 142/102/894
f 147/96/895 142/102/896 144/83/897
f 156/101/898 151/224/899 138/92/900
f 85/62/901 125/214/902 124/213/903
f 85/62/904 124/213/905 82/204/906
f 123/86/907 126/85/908 88/55/909
f 123/86/910 88/55/911 83/54/912
f 172/360/913 169/361/914 160/362/915
f 172/360/916 160/362/917 159/359/918
f 160/369/919 158/370/920 159/371/921
f 158/370/922 160/369/923 157/372/924
f 162/363/925 163/364/926 178/365/927
f 162/363/928 178/365/929 190/366/930
f 164/367/931 179/368/932 178/365/933
f 164/367/934 178/365/935 163/364/936
f 161/373/937 177/375/938 179/368/939
f 161/373/940 179/368/941 164/367/942
f 161/374/943 164/384/944 163/385/945
f 163/385/946 162/386/947 161/374/948
f 166/376/949 181/377/950 182/378/951
f 166/376/952 182/378/953 167/379/954
f 182/378/955 183/380/956 168/381/957
f 182/378/958 168/381/959 167/379/960
f 183/380/961 180/382/962 193/383/963
f 183/380/964 193/383/965 165/387/966
f 168/381/967 183/380/968 165/387/969
f 165/389/970 167/396/971 168/397/972
f 165/389/973 189/418/974 162/386/975
f 165/389/976 162/386/977 166/398/978
f 167/396/979 165/389/980 166/398/981
f 171/390/982 158/391/983 157/392/984
f 171/390/985 157/392/986 170/388/987
f 171/390/988 172/360/989 159/359/990
f 171/390/991 159/359/992 158/391/993
f 172/408/994 171/409/995 170/410/996
f 172/408/997 170/410/998 169/400/999
f 184/394/1000 187/395/1001 175/399/1002
f 184/394/1003 175/399/1004 174/393/1005
f 187/395/1006 186/401/1007 176/402/1008
f 187/395/1009 176/402/1010 175/399/1011
f 170/388/1012 157/392/1013 188/403/1014
f 170/388/1015 188/403/1016 192/404/1017
f 176/420/1018 174/421/1019 175/422/1020
f 173/423/1021 176/420/1022 170/410/1023
f 180/424/1024 190/425/1025 170/410/1026
f 180/424/1027 170/410/1028 176/420/1029
f 174/421/1030 176/420/1031 173/423/1032
f 177/426/1033 169/400/1034 170/410/1035
f 177/426/1036 170/410/1037 190/425/1038
f 179/428/1039 177/426/1040 190/425/1041
f 179/428/1042 190/425/1043 178/427/1044
f 180/424/1045 183/429/1046 182/430/1047
f 181/431/1048 190/425/1049 180/424/1050
f 182/430/1051 181/431/1052 180/424/1053
f 174/393/1054 173/405/1055 185/406/1056
f 174/393/1057 185/406/1058 184/394/1059
f 193/440/1060 180/439/1061 176/524/1062
f 193/440/1063 176/524/1064 186/523/1065
f 169/517/1066 177/526/1067 161/525/1068
f 169/517/1069 161/525/1070 160/518/1071
f 157/372/1072 160/369/1073 188/419/1074
f 188/419/1075 160/369/1076 161/374/1077
f 188/419/1078 161/374/1079 189/418/1080
f 181/377/1081 166/376/1082 162/363/1083
f 181/377/1084 162/363/1085 190/366/1086
f 189/418/1087 161/374/1088 162/386/1089
f 192/404/1090 185/406/1091 173/405/1092
f 192/404/1093 173/405/1094 170/388/1095
f 192/411/1096 188/412/1097 189/413/1098
f 192/411/1099 189/413/1100 191/407/1101
f 192/433/1102 191/434/1103 193/435/1104
f 192/433/1105 193/435/1106 186/432/1107
f 193/414/1108 191/415/1109 189/416/1110
f 193/414/1111 189/416/1112 165/417/1113
f 192/433/1114 186/432/1115 185/436/1116
f 186/432/1117 184/437/1118 185/436/1119
f 184/437/1120 186/432/1121 187/438/1122
f 196/441/1123 214/442/1124 210/443/1125
f 196/441/1126 210/443/1127 197/444/1128
f 197/446/1129 195/447/1130 196/448/1131
f 195/447/1132 197/446/1133 194/449/1134
f 200/451/1135 219/452/1136 218/453/1137
f 200/451/1138 218/453/1139 199/445/1140
f 198/454/1141 209/455/1142 228/460/1143
f 198/454/1144 228/460/1145 216/461/1146
f 198/450/1147 201/456/1148 200/457/1149
f 194/449/1150 197/446/1151 198/450/1152
f 194/449/1153 198/450/1154 199/458/1155
f 197/446/1156 202/459/1157 209/465/1158
f 197/446/1159 209/465/1160 198/450/1161
f 200/457/1162 199/458/1163 198/450/1164
f 204/463/1165 225/464/1166 224/468/1167
f 204/463/1168 224/468/1169 203/462/1170
f 205/469/1171 226/470/1172 225/464/1173
f 205/469/1174 225/464/1175 204/463/1176
f 202/471/1177 222/472/1178 226/470/1179
f 202/471/1180 226/470/1181 205/469/1182
f 202/515/1183 197/520/1184 210/519/1185
f 202/515/1186 210/519/1187 222/516/1188
f 202/459/1189 205/466/1190 204/467/1191
f 204/467/1192 203/473/1193 202/459/1194
f 230/480/1195 231/481/1196 207/482/1197
f 230/480/1198 207/482/1199 206/479/1200
f 231/481/1201 232/483/1202 208/490/1203
f 231/481/1204 208/490/1205 207/482/1206
f 232/483/1207 228/514/1208 209/513/1209
f 232/483/1210 209/513/1211 208/490/1212
f 224/468/1213 230/480/1214 206/479/1215
f 224/468/1216 206/479/1217 203/462/1218
f 209/465/1219 207/474/1220 208/475/1221
f 209/465/1222 202/459/1223 203/473/1224
f 209/465/1225 203/473/1226 206/476/1227
f 207/474/1228 209/465/1229 206/476/1230
f 212/491/1231 213/492/1232 195/493/1233
f 212/491/1234 195/493/1235 194/494/1236
f 214/442/1237 196/441/1238 195/493/1239
f 214/442/1240 195/493/1241 213/492/1242
f 214/478/1243 213/484/1244 211/485/1245
f 214/478/1246 211/485/1247 210/477/1248
f 213/484/1249 212/486/1250 215/487/1251
f 213/484/1252 215/487/1253 211/485/1254
f 228/489/1255 229/495/1256 217/496/1257
f 228/489/1258 217/496/1259 216/488/1260
f 200/451/1261 201/501/1262 220/502/1263
f 200/451/1264 220/502/1265 219/452/1266
f 201/501/1267 198/521/1268 216/522/1269
f 201/501/1270 216/522/1271 220/502/1272
f 212/491/1273 194/494/1274 199/445/1275
f 212/491/1276 199/445/1277 218/453/1278
f 220/498/1279 216/488/1280 217/496/1281
f 220/498/1282 217/496/1283 219/497/1284
f 221/500/1285 215/487/1286 212/486/1287
f 221/500/1288 212/486/1289 218/499/1290
f 221/500/1291 233/503/1292 227/504/1293
f 221/500/1294 227/504/1295 215/487/1296
f 219/497/1297 217/496/1298 221/500/1299
f 219/497/1300 221/500/1301 218/499/1302
f 210/477/1303 211/485/1304 223/506/1305
f 210/477/1306 223/506/1307 222/505/1308
f 226/508/1309 222/505/1310 223/506/1311
f 226/508/1312 223/506/1313 225/507/1314
f 225/507/1315 223/506/1316 227/504/1317
f 225/507/1318 227/504/1319 224/509/1320
f 211/485/1321 215/487/1322 227/504/1323
f 211/485/1324 227/504/1325 223/506/1326
f 232/510/1327 231/511/1328 229/495/1329
f 232/510/1330 229/495/1331 228/489/1332
f 224/509/1333 227/504/1334 233/503/1335
f 224/509/1336 233/503/1337 230/512/1338
f 231/511/1339 230/512/1340 233/503/1341
f 231/511/1342 233/503/1343 229/495/1344
f 229/495/1345 233/503/1346 221/500/1347
f 229/495/1348 221/500/1349 217/496/1350
f 234/527/1351 235/528/1352 236/529/1353
f 238/531/1354 236/529/1355 235/528/1356
f 238/531/1357 235/528/1358 237/530/1359
f 238/531/1360 237/530/1361 239/532/1362
f 238/531/1363 239/532/1364 240/533/1365
f 242/535/1366 240/533/1367 239/532/1368
f 242/535/1369 239/532/1370 241/534/1371
f 243/536/1372 244/537/1373 245/538/1374
f 247/540/1375 244/537/1376 243/536/1377
f 247/540/1378 243/536/1379 246/539/1380
f 246/539/1381 249/542/1382 248/541/1383
f 246/539/1384 248/541/1385 247/540/1386
f 251/544/1387 248/541/1388 249/542/1389
f 251/544/1390 249/542/1391 250/543/1392
f 234/527/1393 245/538/1394 244/537/1395
f 234/527/1396 244/537/1397 235/528/1398
f 252/545/1399 253/546/1400 254/547/1401
f 254/547/1402 256/549/1403 255/548/1404
f 254/547/1405 255/548/1406 252/545/1407
f 258/551/1408 255/548/1409 256/549/1410
f 258/551/1411 256/549/1412 257/550/1413
f 257/550/1414 260/553/1415 259/552/1416
f 257/550/1417 259/552/1418 258/551/1419
f 261/554/1420 262/555/1421 263/556/1422
f 261/554/1423 265/558/1424 264/557/1425
f 261/554/1426 264/557/1427 262/555/1428
f 266/559/1429 267/560/1430 264/557/1431
f 266/559/1432 264/557/1433 265/558/1434
f 266/559/1435 269/562/1436 268/561/1437
f 266/559/1438 268/561/1439 267/560/1440
f 263/556/1441 253/546/1442 252/545/1443
f 263/556/1444 252/545/1445 261/554/1446
f 253/565/1447 234/566/1448 236/563/1449
f 253/565/1450 236/563/1451 254/564/1452
f 255/569/1453 237/570/1454 235/567/1455
f 255/569/1456 235/567/1457 252/568/1458
f 254/564/1459 236/563/1460 238/571/1461
f 254/564/1462 238/571/1463 256/572/1464
f 239/574/1465 237/570/1466 255/569/1467
f 239/574/1468 255/569/1469 258/573/1470
f 238/571/1471 240/576/1472 257/575/1473
f 238/571/1474 257/575/1475 256/572/1476
f 259/577/1477 241/578/1478 239/574/1479
f 259/577/1480 239/574/1481 258/573/1482
f 242/581/1483 241/582/1484 259/579/1485
f 242/581/1486 259/579/1487 260/580/1488
f 257/575/1489 240/576/1490 242/583/1491
f 257/575/1492 242/583/1493 260/584/1494
f 262/587/1495 243/588/1496 245/585/1497
f 262/587/1498 245/585/1499 263/586/1500
f 264/589/1501 246/590/1502 243/588/1503
f 264/589/1504 243/588/1505 262/587/1506
f 261/593/1507 244/594/1508 247/591/1509
f 261/593/1510 247/591/1511 265/592/1512
f 249/596/1513 246/590/1514 264/589/1515
f 249/596/1516 264/589/1517 267/595/1518
f 247/591/1519 248/598/1520 266/597/1521
f 247/591/1522 266/597/1523 265/592/1524
f 268/599/1525 250/600/1526 249/596/1527
f 268/599/1528 249/596/1529 267/595/1530
f 251/603/1531 250/604/1532 268/601/1533
f 251/603/1534 268/601/1535 269/602/1536
f 266/597/1537 248/598/1538 251/605/1539
f 266/597/1540 251/605/1541 269/606/1542
f 235/609/1543 244/610/1544 261/607/1545
f 235/609/1546 261/607/1547 252/608/1548
f 270/611/1549 271/612/1550 245/538/1551
f 270/611/1552 245/538/1553 234/527/1554
f 273/614/1555 253/546/1556 263/556/1557
f 273/614/1558 263/556/1559 272/613/1560
f 273/615/1561 270/616/1562 234/566/1563
f 273/615/1564 234/566/1565 253/565/1566
f 271/617/1567 272/618/1568 263/586/1569
f 271/617/1570 263/586/1571 245/585/1572
f 274/619/1573 275/620/1574 276/621/1575
f 278/623/1576 275/620/1577 274/619/1578
f 278/623/1579 274/619/1580 277/622/1581
f 277/622/1582 280/625/1583 279/624/1584
f 277/622/1585 279/624/1586 278/623/1587
f 282/627/1588 279/624/1589 280/625/1590
f 282/627/1591 280/625/1592 281/626/1593
f 283/628/1594 284/629/1595 285/630/1596
f 287/632/1597 285/630/1598 284/629/1599
f 287/632/1600 284/629/1601 286/631/1602
f 287/632/1603 286/631/1604 288/633/1605
f 287/632/1606 288/633/1607 289/634/1608
f 291/636/1609 289/634/1610 288/633/1611
f 291/636/1612 288/633/1613 290/635/1614
f 275/620/1615 284/629/1616 283/628/1617
f 275/620/1618 283/628/1619 276/621/1620
f 292/637/1621 293/638/1622 294/639/1623
f 292/637/1624 296/641/1625 295/640/1626
f 292/637/1627 295/640/1628 293/638/1629
f 297/642/1630 298/643/1631 295/640/1632
f 297/642/1633 295/640/1634 296/641/1635
f 297/642/1636 300/645/1637 299/644/1638
f 297/642/1639 299/644/1640 298/643/1641
f 301/646/1642 302/647/1643 303/648/1644
f 303/648/1645 305/650/1646 304/649/1647
f 303/648/1648 304/649/1649 301/646/1650
f 307/652/1651 304/649/1652 305/650/1653
f 307/652/1654 305/650/1655 306/651/1656
f 306/651/1657 309/654/1658 308/653/1659
f 306/651/1660 308/653/1661 307/652/1662
f 301/646/1663 292/637/1664 294/639/1665
f 301/646/1666 294/639/1667 302/647/1668
f 293/657/1669 274/658/1670 276/655/1671
f 293/657/1672 276/655/1673 294/656/1674
f 292/661/1675 275/662/1676 278/659/1677
f 292/661/1678 278/659/1679 296/660/1680
f 295/663/1681 277/664/1682 274/658/1683
f 295/663/1684 274/658/1685 293/657/1686
f 279/665/1687 297/666/1688 296/660/1689
f 279/665/1690 296/660/1691 278/659/1692
f 277/664/1693 295/663/1694 298/667/1695
f 277/664/1696 298/667/1697 280/668/1698
f 297/666/1699 279/665/1700 282/669/1701
f 297/666/1702 282/669/1703 300/670/1704
f 281/673/1705 299/674/1706 300/671/1707
f 281/673/1708 300/671/1709 282/672/1710
f 299/674/1711 281/673/1712 280/668/1713
f 299/674/1714 280/668/1715 298/667/1716
f 302/677/1717 283/678/1718 285/675/1719
f 302/677/1720 285/675/1721 303/676/1722
f 303/676/1723 285/675/1724 287/679/1725
f 303/676/1726 287/679/1727 305/680/1728
f 304/683/1729 286/684/1730 284/681/1731
f 304/683/1732 284/681/1733 301/682/1734
f 289/685/1735 306/686/1736 305/680/1737
f 289/685/1738 305/680/1739 287/679/1740
f 286/684/1741 304/683/1742 307/687/1743
f 286/684/1744 307/687/1745 288/688/1746
f 306/686/1747 289/685/1748 291/689/1749
f 306/686/1750 291/689/1751 309/690/1752
f 290/693/1753 308/694/1754 309/691/1755
f 290/693/1756 309/691/1757 291/692/1758
f 308/695/1759 290/696/1760 288/688/1761
f 308/695/1762 288/688/1763 307/687/1764
f 275/699/1765 292/700/1766 301/697/1767
f 275/699/1768 301/697/1769 284/698/1770
f 270/611/1771 276/621/1772 283/628/1773
f 270/611/1774 283/628/1775 271/612/1776
f 302/647/1777 294/639/1778 273/614/1779
f 302/647/1780 273/614/1781 272/613/1782
f 273/615/1783 294/656/1784 276/655/1785
f 273/615/1786 276/655/1787 270/616/1788
f 271/617/1789 283/678/1790 302/677/1791
f 271/617/1792 302/677/1793 272/618/1794
f 312/703/1795 313/704/1796 310/701/1797
f 312/703/1798 310/701/1799 311/702/1800
f 313/704/1801 315/706/1802 314/705/1803
f 313/704/1804 314/705/1805 310/701/1806
f 315/706/1807 317/708/1808 316/707/1809
f 315/706/1810 316/707/1811 314/705/1812
f 317/708/1813 319/710/1814 318/709/1815
f 317/708/1816 318/709/1817 316/707/1818
f 322/713/1819 323/714/1820 320/711/1821
f 322/713/1822 320/711/1823 321/712/1824
f 323/714/1825 325/716/1826 324/715/1827
f 323/714/1828 324/715/1829 320/711/1830
f 325/716/1831 327/718/1832 326/717/1833
f 325/716/1834 326/717/1835 324/715/1836
f 330/721/1837 331/722/1838 328/719/1839
f 330/721/1840 328/719/1841 329/720/1842
f 313/725/1843 312/726/1844 321/723/1845
f 313/725/1846 321/723/1847 320/724/1848
f 311/729/1849 310/730/1850 323/727/1851
f 311/729/1852 323/727/1853 322/728/1854
f 315/732/1855 313/725/1856 320/724/1857
f 315/732/1858 320/724/1859 324/731/1860
f 310/730/1861 314/734/1862 325/733/1863
f 310/730/1864 325/733/1865 323/727/1866
f 317/736/1867 315/732/1868 324/731/1869
f 317/736/1870 324/731/1871 326/735/1872
f 314/734/1873 316/738/1874 327/737/1875
f 314/734/1876 327/737/1877 325/733/1878
f 319/740/1879 317/736/1880 326/735/1881
f 319/740/1882 326/735/1883 332/739/1884
f 318/743/1885 319/744/1886 332/741/1887
f 318/743/1888 332/741/1889 333/742/1890
f 316/738/1891 318/746/1892 333/745/1893
f 316/738/1894 333/745/1895 327/737/1896
f 329/749/1897 328/750/1898 334/747/1899
f 329/749/1900 334/747/1901 335/748/1902
f 331/753/1903 330/754/1904 336/751/1905
f 331/753/1906 336/751/1907 337/752/1908
f 336/757/1909 335/758/1910 326/755/1911
f 336/757/1912 326/755/1913 327/756/1914
f 338/761/1915 339/762/1916 327/759/1917
f 338/761/1918 327/759/1919 333/760/1920
f 333/742/1921 340/763/1922 338/764/1923
f 341/765/1924 342/766/1925 337/752/1926
f 341/765/1927 337/752/1928 336/751/1929
f 336/757/1930 343/767/1931 341/768/1932
f 344/771/1933 345/772/1934 332/769/1935
f 344/771/1936 332/769/1937 326/770/1938
f 346/773/1939 344/774/1940 326/755/1941
f 346/773/1942 326/755/1943 335/758/1944
f 347/775/1945 348/776/1946 335/748/1947
f 347/775/1948 335/748/1949 334/747/1950
f 349/778/1951 347/779/1952 334/777/1953
f 349/778/1954 334/777/1955 332/741/1956
f 338/761/1957 340/781/1958 343/780/1959
f 338/761/1960 343/780/1961 339/762/1962
f 341/765/1963 343/780/1964 340/781/1965
f 341/765/1966 340/781/1967 342/766/1968
f 344/771/1969 346/783/1970 349/782/1971
f 344/771/1972 349/782/1973 345/772/1974
f 347/775/1975 349/782/1976 346/783/1977
f 347/775/1978 346/783/1979 348/776/1980
f 335/758/1981 336/757/1982 330/784/1983
f 335/758/1984 330/784/1985 329/785/1986
f 335/758/1987 348/786/1988 346/773/1989
f 343/767/1990 336/757/1991 327/756/1992
f 343/767/1993 327/756/1994 339/787/1995
f 333/742/1996 331/788/1997 337/789/1998
f 333/742/1999 332/741/2000 328/790/2001
f 333/742/2002 328/790/2003 331/788/2004
f 332/741/2005 334/777/2006 328/790/2007
f 340/763/2008 333/742/2009 337/789/2010
f 340/763/2011 337/789/2012 342/791/2013
f 332/741/2014 345/792/2015 349/778/2016
f 350/793/2017 351/794/2018 321/723/2019
f 350/793/2020 321/723/2021 312/726/2022
f 353/796/2023 311/729/2024 322/728/2025
f 353/796/2026 322/728/2027 352/795/2028
f 354/799/2029 355/800/2030 350/797/2031
f 354/799/2032 350/797/2033 353/798/2034
f 356/801/2035 357/802/2036 355/800/2037
f 356/801/2038 355/800/2039 354/799/2040
f 358/803/2041 359/804/2042 357/802/2043
f 358/803/2044 357/802/2045 356/801/2046
f 360/805/2047 361/806/2048 359/804/2049
f 360/805/2050 359/804/2051 358/803/2052
f 362/809/2053 363/810/2054 352/807/2055
f 362/809/2056 352/807/2057 351/808/2058
f 364/811/2059 365/812/2060 363/810/2061
f 364/811/2062 363/810/2063 362/809/2064
f 366/813/2065 367/814/2066 365/812/2067
f 366/813/2068 365/812/2069 364/811/2070
f 370/817/2071 371/818/2072 368/815/2073
f 370/817/2074 368/815/2075 369/816/2076
f 355/819/2077 362/820/2078 351/794/2079
f 355/819/2080 351/794/2081 350/793/2082
f 353/796/2083 352/795/2084 363/821/2085
f 353/796/2086 363/821/2087 354/822/2088
f 357/823/2089 364/824/2090 362/820/2091
f 357/823/2092 362/820/2093 355/819/2094
f 354/822/2095 363/821/2096 365/825/2097
f 354/822/2098 365/825/2099 356/826/2100
f 359/827/2101 366/828/2102 364/824/2103
f 359/827/2104 364/824/2105 357/823/2106
f 356/826/2107 365/825/2108 367/829/2109
f 356/826/2110 367/829/2111 358/830/2112
f 361/831/2113 372/832/2114 366/828/2115
f 361/831/2116 366/828/2117 359/827/2118
f 372/835/2119 361/836/2120 360/833/2121
f 372/835/2122 360/833/2123 373/834/2124
f 358/830/2125 367/829/2126 373/837/2127
f 358/830/2128 373/837/2129 360/838/2130
f 371/841/2131 375/842/2132 374/839/2133
f 371/841/2134 374/839/2135 368/840/2136
f 369/845/2137 377/846/2138 376/843/2139
f 369/845/2140 376/843/2141 370/844/2142
f 376/849/2143 367/850/2144 366/847/2145
f 376/849/2146 366/847/2147 375/848/2148
f 379/853/2149 373/854/2150 367/851/2151
f 379/853/2152 367/851/2153 378/852/2154
f 379/855/2155 380/856/2156 373/834/2157
f 382/858/2158 376/843/2159 377/846/2160
f 382/858/2161 377/846/2162 381/857/2163
f 382/859/2164 383/860/2165 376/849/2166
f 385/863/2167 366/864/2168 372/861/2169
f 385/863/2170 372/861/2171 384/862/2172
f 386/866/2173 375/848/2174 366/847/2175
f 386/866/2176 366/847/2177 385/865/2178
f 388/868/2179 374/839/2180 375/842/2181
f 388/868/2182 375/842/2183 387/867/2184
f 389/871/2185 372/835/2186 374/869/2187
f 389/871/2188 374/869/2189 388/870/2190
f 379/853/2191 378/852/2192 383/872/2193
f 379/853/2194 383/872/2195 380/873/2196
f 382/858/2197 381/857/2198 380/873/2199
f 382/858/2200 380/873/2201 383/872/2202
f 385/863/2203 384/862/2204 389/874/2205
f 385/863/2206 389/874/2207 386/875/2208
f 388/868/2209 387/867/2210 386/875/2211
f 388/868/2212 386/875/2213 389/874/2214
f 375/848/2215 371/877/2216 370/876/2217
f 375/848/2218 370/876/2219 376/849/2220
f 386/866/2221 387/878/2222 375/848/2223
f 383/860/2224 378/879/2225 367/850/2226
f 383/860/2227 367/850/2228 376/849/2229
f 373/834/2230 377/880/2231 369/881/2232
f 373/834/2233 369/881/2234 368/882/2235
f 373/834/2236 368/882/2237 372/835/2238
f 372/835/2239 368/882/2240 374/869/2241
f 380/856/2242 381/883/2243 377/880/2244
f 380/856/2245 377/880/2246 373/834/2247
f 389/871/2248 384/884/2249 372/835/2250
f 311/702/2251 353/798/2252 350/797/2253
f 311/702/2254 350/797/2255 312/703/2256
f 351/808/2257 352/807/2258 322/713/2259
f 351/808/2260 322/713/2261 321/712/2262
f 390/885/2263 391/886/2264 403/887/2265
f 390/885/2266 403/887/2267 402/888/2268
f 391/886/2269 392/889/2270 404/890/2271
f 391/886/2272 404/890/2273 403/887/2274
f 392/889/2275 393/891/2276 405/892/2277
f 392/889/2278 405/892/2279 404/890/2280
f 393/891/2281 394/893/2282 406/894/2283
f 393/891/2284 406/894/2285 405/892/2286
f 394/893/2287 395/895/2288 407/896/2289
f 394/893/2290 407/896/2291 406/894/2292
f 395/895/2293 396/897/2294 408/898/2295
f 395/895/2296 408/898/2297 407/896/2298
f 396/897/2299 397/899/2300 409/900/2301
f 396/897/2302 409/900/2303 408/898/2304
f 397/899/2305 398/901/2306 410/902/2307
f 397/899/2308 410/902/2309 409/900/2310
f 398/901/2311 399/903/2312 411/904/2313
f 398/901/2314 411/904/2315 410/902/2316
f 399/903/2317 400/905/2318 412/906/2319
f 399/903/2320 412/906/2321 411/904/2322
f 400/905/2323 401/907/2324 413/908/2325
f 400/905/2326 413/908/2327 412/906/2328
f 401/907/2329 390/933/2330 402/934/2331
f 401/907/2332 402/934/2333 413/908/2334
f 400/912/2335 398/914/2336 390/922/2337
f 400/912/2338 390/922/2339 401/911/2340
f 402/888/2341 403/887/2342 415/909/2343
f 402/888/2344 415/909/2345 414/910/2346
f 403/887/2347 404/890/2348 416/923/2349
f 403/887/2350 416/923/2351 415/909/2352
f 404/890/2353 405/892/2354 417/924/2355
f 404/890/2356 417/924/2357 416/923/2358
f 405/892/2359 406/894/2360 418/925/2361
f 405/892/2362 418/925/2363 417/924/2364
f 406/894/2365 407/896/2366 419/926/2367
f 406/894/2368 419/926/2369 418/925/2370
f 407/896/2371 408/898/2372 420/927/2373
f 407/896/2374 420/927/2375 419/926/2376
f 408/898/2377 409/900/2378 421/928/2379
f 408/898/2380 421/928/2381 420/927/2382
f 409/900/2383 410/902/2384 422/929/2385
f 409/900/2386 422/929/2387 421/928/2388
f 410/902/2389 411/904/2390 423/930/2391
f 410/902/2392 423/930/2393 422/929/2394
f 411/904/2395 412/906/2396 424/931/2397
f 411/904/2398 424/931/2399 423/930/2400
f 412/906/2401 413/908/2402 425/932/2403
f 412/906/2404 425/932/2405 424/931/2406
f 413/908/2407 402/934/2408 414/935/2409
f 413/908/2410 414/935/2411 425/932/2412
f 400/912/2413 399/913/2414 398/914/2415
f 394/918/2416 392/920/2417 390/922/2418
f 394/918/2419 390/922/2420 398/914/2421
f 398/914/2422 397/915/2423 396/916/2424
f 396/916/2425 395/917/2426 394/918/2427
f 396/916/2428 394/918/2429 398/914/2430
f 394/918/2431 393/919/2432 392/920/2433
f 392/920/2434 391/921/2435 390/922/2436
f 428/938/2437 427/937/2438 426/936/2439
f 428/938/2440 426/936/2441 429/939/2442
f 429/939/2443 426/936/2444 430/940/2445
f 429/939/2446 430/940/2447 431/941/2448
f 431/941/2449 430/940/2450 432/942/2451
f 431/941/2452 432/942/2453 433/943/2454
f 433/943/2455 432/942/2456 434/944/2457
f 433/943/2458 434/944/2459 435/945/2460
f 435/945/2461 434/944/2462 436/946/2463
f 435/945/2464 436/946/2465 437/947/2466
f 437/947/2467 436/946/2468 438/948/2469
f 437/947/2470 438/948/2471 439/949/2472
f 439/949/2473 438/948/2474 440/950/2475
f 439/949/2476 440/950/2477 441/951/2478
f 441/951/2479 440/950/2480 442/952/2481
f 441/951/2482 442/952/2483 443/953/2484
f 443/953/2485 442/952/2486 444/954/2487
f 443/953/2488 444/954/2489 445/955/2490
f 445/955/2491 444/954/2492 446/956/2493
f 445/955/2494 446/956/2495 447/957/2496
f 447/957/2497 446/956/2498 448/958/2499
f 447/957/2500 448/958/2501 449/959/2502
f 449/959/2503 448/958/2504 427/960/2505
f 449/959/2506 427/960/2507 428/961/2508
f 447/964/2509 449/963/2510 428/962/2511
f 447/964/2512 428/962/2513 443/965/2514
f 427/937/2515 451/967/2516 450/966/2517
f 427/937/2518 450/966/2519 426/936/2520
f 426/936/2521 450/966/2522 452/968/2523
f 426/936/2524 452/968/2525 430/940/2526
f 430/940/2527 452/968/2528 453/969/2529
f 430/940/2530 453/969/2531 432/942/2532
f 432/942/2533 453/969/2534 454/970/2535
f 432/942/2536 454/970/2537 434/944/2538
f 434/944/2539 454/970/2540 455/971/2541
f 434/944/2542 455/971/2543 436/946/2544
f 436/946/2545 455/971/2546 456/972/2547
f 436/946/2548 456/972/2549 438/948/2550
f 438/948/2551 456/972/2552 457/973/2553
f 438/948/2554 457/973/2555 440/950/2556
f 440/950/2557 457/973/2558 458/974/2559
f 440/950/2560 458/974/2561 442/952/2562
f 442/952/2563 458/974/2564 459/975/2565
f 442/952/2566 459/975/2567 444/954/2568
f 444/954/2569 459/975/2570 460/976/2571
f 444/954/2572 460/976/2573 446/956/2574
f 446/956/2575 460/976/2576 461/977/2577
f 446/956/2578 461/977/2579 448/958/2580
f 448/958/2581 461/977/2582 451/978/2583
f 448/958/2584 451/978/2585 427/960/2586
f 447/964/2587 443/965/2588 445/979/2589
f 435/980/2590 443/965/2591 428/962/2592
f 435/980/2593 428/962/2594 431/981/2595
f 443/965/2596 439/983/2597 441/982/2598
f 439/983/2599 443/965/2600 435/980/2601
f 439/983/2602 435/980/2603 437/984/2604
f 435/980/2605 431/981/2606 433/985/2607
f 431/981/2608 428/962/2609 429/986/2610
f 464/989/2611 463/988/2612 462/987/2613
f 464/989/2614 462/987/2615 465/990/2616
f 465/990/2617 462/987/2618 466/991/2619
f 465/990/2620 466/991/2621 467/992/2622
f 467/992/2623 466/991/2624 468/993/2625
f 467/992/2626 468/993/2627 469/994/2628
f 469/994/2629 468/993/2630 470/995/2631
f 469/994/2632 470/995/2633 471/996/2634
f 471/996/2635 470/995/2636 472/997/2637
f 471/996/2638 472/997/2639 473/998/2640
f 473/998/2641 472/997/2642 474/999/2643
f 473/998/2644 474/999/2645 475/1000/2646
f 475/1000/2647 474/999/2648 476/1001/2649
f 475/1000/2650 476/1001/2651 477/1002/2652
f 477/1002/2653 476/1001/2654 478/1003/2655
f 477/1002/2656 478/1003/2657 479/1004/2658
f 479/1004/2659 478/1003/2660 480/1005/2661
f 479/1004/2662 480/1005/2663 481/1006/2664
f 481/1006/2665 480/1005/2666 482/1007/2667
f 481/1006/2668 482/1007/2669 483/1008/2670
f 483/1008/2671 482/1007/2672 484/1009/2673
f 483/1008/2674 484/1009/2675 485/1010/2676
f 485/1010/2677 484/1009/2678 463/1011/2679
f 485/1010/2680 463/1011/2681 464/1012/2682
f 483/1015/2683 485/1014/2684 464/1013/2685
f 483/1015/2686 464/1013/2687 479/1016/2688
f 463/988/2689 487/1018/2690 486/1017/2691
f 463/988/2692 486/1017/2693 462/987/2694
f 462/987/2695 486/1017/2696 488/1019/2697
f 462/987/2698 488/1019/2699 466/991/2700
f 466/991/2701 488/1019/2702 489/1020/2703
f 466/991/2704 489/1020/2705 468/993/2706
f 468/993/2707 489/1020/2708 490/1021/2709
f 468/993/2710 490/1021/2711 470/995/2712
f 470/995/2713 490/1021/2714 491/1022/2715
f 470/995/2716 491/1022/2717 472/997/2718
f 472/997/2719 491/1022/2720 492/1023/2721
f 472/997/2722 492/1023/2723 474/999/2724
f 474/999/2725 492/1023/2726 493/1024/2727
f 474/999/2728 493/1024/2729 476/1001/2730
f 476/1001/2731 493/1024/2732 494/1025/2733
f 476/1001/2734 494/1025/2735 478/1003/2736
f 478/1003/2737 494/1025/2738 495/1026/2739
f 478/1003/2740 495/1026/2741 480/1005/2742
f 480/1005/2743 495/1026/2744 496/1027/2745
f 480/1005/2746 496/1027/2747 482/1007/2748
f 482/1007/2749 496/1027/2750 497/1028/2751
f 482/1007/2752 497/1028/2753 484/1009/2754
f 484/1009/2755 497/1028/2756 487/1029/2757
f 484/1009/2758 487/1029/2759 463/1011/2760
f 483/1015/2761 479/1016/2762 481/1030/2763
f 471/1031/2764 479/1016/2765 464/1013/2766
f 471/1031/2767 464/1013/2768 467/1032/2769
f 479/1016/2770 475/1034/2771 477/1033/2772
f 475/1034/2773 479/1016/2774 471/1031/2775
f 475/1034/2776 471/1031/2777 473/1035/2778
f 471/1031/2779 467/1032/2780 469/1036/2781
f 467/1032/2782 464/1013/2783 465/1037/2784
f 500/1040/2785 499/1039/2786 498/1038/2787
f 500/1040/2788 498/1038/2789 501/1041/2790
f 499/1039/2791 503/1043/2792 502/1042/2793
f 499/1039/2794 502/1042/2795 498/1038/2796
f 503/1043/2797 505/1045/2798 504/1044/2799
f 503/1043/2800 504/1044/2801 502/1042/2802
f 505/1045/2803 507/1047/2804 506/1046/2805
f 505/1045/2806 506/1046/2807 504/1044/2808
f 507/1047/2809 509/1049/2810 508/1048/2811
f 507/1047/2812 508/1048/2813 506/1046/2814
f 509/1049/2815 511/1051/2816 510/1050/2817
f 509/1049/2818 510/1050/2819 508/1048/2820
f 511/1051/2821 513/1053/2822 512/1052/2823
f 511/1051/2824 512/1052/2825 510/1050/2826
f 513/1053/2827 515/1055/2828 514/1054/2829
f 513/1053/2830 514/1054/2831 512/1052/2832
f 515/1055/2833 517/1057/2834 516/1056/2835
f 515/1055/2836 516/1056/2837 514/1054/2838
f 517/1057/2839 519/1059/2840 518/1058/2841
f 517/1057/2842 518/1058/2843 516/1056/2844
f 519/1059/2845 521/1061/2846 520/1060/2847
f 519/1059/2848 520/1060/2849 518/1058/2850
f 521/1061/2851 500/1063/2852 501/1062/2853
f 521/1061/2854 501/1062/2855 520/1060/2856
f 519/1066/2857 515/1065/2858 500/1064/2859
f 519/1066/2860 500/1064/2861 521/1067/2862
f 501/1041/2863 498/1038/2864 522/1068/2865
f 501/1041/2866 522/1068/2867 523/1069/2868
f 498/1038/2869 502/1042/2870 524/1070/2871
f 498/1038/2872 524/1070/2873 522/1068/2874
f 502/1042/2875 504/1044/2876 525/1071/2877
f 502/1042/2878 525/1071/2879 524/1070/2880
f 504/1044/2881 506/1046/2882 526/1072/2883
f 504/1044/2884 526/1072/2885 525/1071/2886
f 506/1046/2887 508/1048/2888 527/1073/2889
f 506/1046/2890 527/1073/2891 526/1072/2892
f 508/1048/2893 510/1050/2894 528/1074/2895
f 508/1048/2896 528/1074/2897 527/1073/2898
f 510/1050/2899 512/1052/2900 529/1075/2901
f 510/1050/2902 529/1075/2903 528/1074/2904
f 512/1052/2905 514/1054/2906 530/1076/2907
f 512/1052/2908 530/1076/2909 529/1075/2910
f 514/1054/2911 516/1056/2912 531/1077/2913
f 514/1054/2914 531/1077/2915 530/1076/2916
f 516/1056/2917 518/1058/2918 532/1078/2919
f 516/1056/2920 532/1078/2921 531/1077/2922
f 518/1058/2923 520/1060/2924 533/1079/2925
f 518/1058/2926 533/1079/2927 532/1078/2928
f 520/1060/2929 501/1062/2930 523/1080/2931
f 520/1060/2932 523/1080/2933 533/1079/2934
f 519/1066/2935 517/1081/2936 515/1065/2937
f 507/1083/2938 503/1082/2939 500/1064/2940
f 507/1083/2941 500/1064/2942 515/1065/2943
f 515/1065/2944 513/1085/2945 511/1084/2946
f 511/1084/2947 509/1086/2948 507/1083/2949
f 511/1084/2950 507/1083/2951 515/1065/2952
f 507/1083/2953 505/1087/2954 503/1082/2955
f 503/1082/2956 499/1088/2957 500/1064/2958
