# This file uses feet as units for non-parametric coordinates.

g default
v 23.010900 84.717827 118.927490
v 26.112392 84.717834 118.436256
v 29.145550 84.717834 117.623528
v 32.077133 84.717834 116.498199
v 34.875038 84.717834 115.072601
v 37.508591 84.717834 113.362350
v 39.948952 84.717834 111.386185
v 42.169380 84.717834 109.165771
v 44.145546 84.717834 106.725403
v 45.855797 84.717834 104.091850
v 47.281403 84.717834 101.293953
v 48.406734 84.717834 98.362366
v 49.219467 84.717834 95.329224
v 49.710701 84.717834 92.227722
v 49.875099 84.717834 79.091896
v 49.875172 84.717834 19.091896
v 49.875225 84.717819 -79.927032
v 49.875092 84.717834 89.091896
v 54.875099 84.717834 79.091904
v 54.875172 84.717834 19.091896
v 54.875168 84.717834 -19.927029
v 54.875229 84.717834 -79.927002
v 23.167683 84.717827 120.419266
v 26.424259 84.717827 119.903473
v 29.609083 84.717827 119.050110
v 32.687233 84.717827 117.868515
v 35.625042 84.717827 116.371643
v 38.390266 84.717819 114.575882
v 40.952641 84.717827 112.500900
v 43.284103 84.717827 110.169464
v 45.359070 84.717827 107.607071
v 47.154831 84.717827 104.841858
v 48.651718 84.717819 101.904068
v 49.833313 84.717827 98.825912
v 50.686687 84.717827 95.641083
v 51.202477 84.717827 92.384521
v 51.374577 84.717819 89.131180
v 51.374577 84.717819 80.152557
v 55.935760 84.717827 80.152573
v 55.935833 84.717827 18.031244
v 50.935833 84.717827 18.031244
v 50.935863 84.717834 -18.866367
v 55.935867 84.717834 -18.866360
v 55.935936 84.717834 -80.987671
v 50.935936 84.717834 -80.987671
v 50.935966 84.717834 -120.312630
v 0.000266 84.717834 -120.312630
v 0.000011 84.717827 120.451965
v 23.167683 86.217834 120.419266
v 0.000011 86.217834 120.451958
v 0.000276 86.217834 -120.312637
v 50.935966 86.217834 -120.312637
v 50.935936 86.217834 -80.987694
v 55.935936 86.217834 -80.987671
v 55.935863 86.217834 -18.866360
v 50.935863 86.217834 -18.866367
v 50.935833 86.217834 18.031244
v 55.935833 86.217834 18.031244
v 55.935760 86.217834 80.152573
v 51.374577 86.217834 80.152557
v 51.374577 86.217834 89.131180
v 51.202477 86.217834 92.384521
v 50.686687 86.217834 95.641083
v 49.833313 86.217834 98.825905
v 48.651718 86.217834 101.904060
v 47.154831 86.217834 104.841858
v 45.359070 86.217834 107.607086
v 43.284103 86.217842 110.169456
v 40.952641 86.217834 112.500916
v 38.390266 86.217834 114.575874
v 35.625042 86.217834 116.371628
v 32.687233 86.217834 117.868515
v 29.609083 86.217834 119.050110
v 26.424259 86.217834 119.903488
v 23.010900 82.710899 118.927490
v 37.508591 82.710907 113.362350
v 39.948952 82.710899 111.386185
v 47.281403 82.710899 101.293953
v 48.406734 82.710899 98.362366
v 54.875099 72.768837 79.091896
v 52.892746 72.768837 79.091904
v 54.875172 72.768837 19.091896
v 52.892746 72.768837 77.123901
v 52.892815 72.768837 21.059916
v 52.892746 12.735510 79.091904
v 52.892815 12.735512 21.059906
v 2.087271 72.768845 77.123909
v 2.087339 72.768837 21.059916
v 2.087272 12.735516 77.123909
v 2.087339 12.735516 21.059906
v 2.071599 12.735510 79.091904
v 0.000079 84.717827 118.952454
v 0.000081 10.728600 118.952438
v 52.892822 72.768837 19.091896
v 49.875172 47.746910 19.091896
v 52.892830 12.735516 19.091896
v 49.875172 12.735516 19.091896
v 49.875175 12.735516 17.033321
v 49.875191 12.735521 -17.868454
v 23.010900 10.728596 118.927490
v 26.112392 10.728596 118.436256
v 29.145550 10.728596 117.623528
v 32.077133 10.728596 116.498199
v 34.875038 10.728596 115.072594
v 37.508591 10.728596 113.362350
v 39.948952 10.728596 111.386185
v 42.169380 10.728596 109.165764
v 44.145546 10.728596 106.725403
v 45.855797 10.728596 104.091850
v 47.281403 10.728596 101.293953
v 48.406734 10.728596 98.362366
v 49.219467 10.728596 95.329216
v 49.710701 10.728596 92.227722
v 49.875099 10.728596 79.091896
v 49.875172 10.728590 19.091896
v 49.875244 10.728584 -79.927040
v 49.875092 10.728596 89.091896
v 54.875099 10.728594 79.091904
v 54.875172 10.728594 19.091896
v 23.167683 10.728596 120.419258
v 26.424259 10.728596 119.903473
v 29.609083 10.728596 119.050117
v 32.687233 10.728596 117.868523
v 35.625042 10.728596 116.371635
v 38.390266 10.728596 114.575874
v 40.952641 10.728596 112.500900
v 43.284103 10.728596 110.169456
v 45.359070 10.728596 107.607071
v 47.154831 10.728596 104.841858
v 48.651718 10.728596 101.904060
v 49.833313 10.728596 98.825905
v 50.686687 10.728596 95.641075
v 51.202477 10.728596 92.384514
v 51.374577 10.728596 89.131172
v 51.374577 10.728596 80.152557
v 55.935760 10.728596 80.152565
v 55.935833 10.728594 18.031244
v 50.935833 10.728594 18.031244
v 50.935860 10.728594 -18.866367
v 50.935890 10.728594 -80.987679
v 50.935966 10.728596 -120.312637
v 0.000266 10.728596 -120.312637
v 0.000220 10.728588 -118.983299
v 0.000011 10.728600 120.451965
v 23.167683 9.228588 120.419266
v 0.000011 9.228584 120.451958
v 0.000276 9.228588 -120.312637
v 50.935966 9.228588 -120.312637
v 50.935890 9.228588 -80.987679
v 55.935890 9.228588 -80.987679
v 55.935829 9.228584 -18.866358
v 50.935860 9.228589 -18.866367
v 50.935833 9.228588 18.031244
v 55.935833 9.228588 18.031244
v 55.935760 9.228588 80.152565
v 51.374577 9.228588 80.152557
v 51.374577 9.228588 89.131172
v 51.202477 9.228588 92.384514
v 50.686687 9.228588 95.641075
v 49.833313 9.228588 98.825905
v 48.651718 9.228588 101.904060
v 47.154831 9.228588 104.841858
v 45.359070 9.228588 107.607086
v 43.284103 9.228588 110.169456
v 40.952641 9.228588 112.500916
v 38.390266 9.228588 114.575874
v 35.625042 9.228588 116.371628
v 32.687233 9.228588 117.868507
v 29.609083 9.228588 119.050102
v 26.424259 9.228588 119.903481
v 23.010900 12.735516 118.927490
v 26.112392 12.735516 118.436264
v 29.145550 12.735516 117.623528
v 32.077133 12.735516 116.498199
v 34.875038 12.735516 115.072601
v 37.508591 12.735516 113.362358
v 39.948952 12.735516 111.386185
v 42.169380 12.735516 109.165771
v 44.145546 12.735516 106.725403
v 45.855797 12.735516 104.091858
v 47.281403 12.735516 101.293953
v 48.406734 12.735516 98.362373
v 49.219467 12.735516 95.329216
v 49.710701 12.735516 92.227722
v 49.875099 12.735512 79.091904
v 49.875225 12.735516 -79.927040
v 49.875092 12.735516 89.091896
v 54.875099 12.735510 79.091904
v 2.071602 12.735512 118.952454
v 54.875172 12.735516 19.091896
v 52.892746 12.735510 77.123901
v 2.097454 48.711708 17.033321
v 2.097454 46.782116 17.033321
v 2.097454 32.779030 17.033321
v 2.097454 30.885994 17.033321
v 2.097454 12.735516 17.033321
v 2.097468 12.735521 -17.868454
v 49.875305 84.717819 -118.970825
v 49.875225 47.746910 -79.927040
v 49.875305 47.746906 -118.945976
v 49.875305 10.728588 -118.970818
v 0.000197 84.717834 -118.995735
v 23.010900 59.276070 118.927490
v 2.071607 59.276066 118.952454
v 39.948952 59.276070 111.386185
v 37.508591 59.276066 113.362358
v 47.281403 59.276070 101.293953
v 48.406734 59.276070 98.362373
v 49.875092 61.184711 89.091896
v 23.010900 61.184715 118.927490
v 44.145546 61.184715 106.725403
v 39.948952 61.184715 111.386185
v 37.508591 61.184711 113.362350
v 47.281403 61.184715 101.293953
v 48.406734 61.184715 98.362366
v 49.219467 61.184711 95.329208
v 49.710701 61.184715 92.227722
v 42.169380 61.184711 109.165771
v 49.805607 43.278019 21.059906
v 49.805542 43.278023 77.123901
v 2.087267 43.278019 77.123901
v 2.087337 43.278019 21.059906
v 52.892765 12.735512 -21.894981
v 52.892830 12.735512 -77.959000
v 52.892838 12.735516 -79.927017
v 2.087288 12.735516 -21.894981
v 2.087353 12.735516 -77.959000
v 55.935844 10.728594 -80.987656
v 54.875183 10.728594 -79.926987
v 54.875183 12.735516 -79.927017
v 49.875198 84.717819 -19.927010
v 52.892776 72.768829 -19.926991
v 54.875137 72.768822 -19.927002
v 49.875198 47.746910 -19.927010
v 52.892803 12.735512 -19.927000
v 49.875198 12.735516 -19.927010
v 55.935806 10.728594 -18.866348
v 54.875153 10.728594 -19.927021
v 49.875198 10.728589 -19.927010
v 54.875153 12.735512 -19.927000
v 54.875183 72.768829 -79.927002
v 52.892830 72.768829 -77.958984
v 52.892765 72.768822 -21.894981
v 52.892838 72.768829 -79.927002
v 2.087351 72.768829 -77.958984
v 2.087281 72.768822 -21.894981
v 49.875305 30.885988 -116.887390
v 2.097584 30.885988 -116.887390
v 2.097571 30.885988 -81.985580
v 49.875305 32.779026 -116.887383
v 2.097584 46.812805 -116.887390
v 2.097584 32.779026 -116.887383
v 2.097584 72.768814 -116.887375
v 2.097571 72.768814 -81.985580
v 49.875305 72.768822 -116.887390
v 49.875305 60.339027 -116.887375
v 2.097584 60.339020 -116.887375
v 2.097571 60.339020 -81.985580
v 49.875305 62.604206 -116.887390
v 2.097584 62.604206 -116.887390
v 2.097571 62.604202 -81.985580
v 49.875305 46.782112 -116.887390
v 49.875278 48.702560 -81.985596
v 49.875305 48.702560 -116.887375
v 2.097584 48.702560 -116.887375
v 2.097571 48.702560 -81.985580
v 49.875305 12.735512 -116.887375
v 2.097571 12.735516 -81.985573
v 49.875278 72.768814 -81.985596
v 49.875278 62.604206 -81.985596
v 49.875278 60.339027 -81.985596
v 49.875278 46.782112 -81.985596
v 49.875278 32.779026 -81.985596
v 2.097571 32.779026 -81.985580
v 2.097571 46.812805 -81.985580
v 49.875278 30.885988 -81.985596
v 49.875278 12.735512 -81.985596
v 2.097584 12.735516 -116.887383
v 49.875175 30.885994 17.033321
v 49.875191 30.885992 -17.868454
v 2.097473 30.885992 -17.868454
v 2.097454 31.998638 17.033321
v 49.875175 32.779030 17.033321
v 49.875198 32.779026 -17.868454
v 2.097454 33.891678 17.033321
v 2.097468 32.779030 -17.868444
v 2.097454 60.339027 17.033321
v 2.097468 62.604210 -17.868443
v 2.097454 72.768822 17.033321
v 49.875175 72.768822 17.033321
v 49.875191 72.768829 -17.868454
v 2.097473 72.768822 -17.868444
v 49.875175 60.339027 17.033321
v 49.875191 60.339031 -17.868454
v 2.097473 60.339024 -17.868444
v 49.875175 62.604210 17.033321
v 49.875198 62.604210 -17.868454
v 2.097454 62.604210 17.033321
v 49.875175 46.782116 17.033321
v 49.875191 46.782116 -17.868454
v 2.097473 46.823044 -17.868443
v 2.097454 47.956154 17.033321
v 49.875175 48.693428 17.033321
v 49.875198 48.699516 -17.868454
v 2.097468 48.702568 -17.868443
v 2.097454 49.806072 17.033321
v 49.805607 41.280502 21.059916
v 2.087334 42.393150 21.059916
v 2.087264 41.280506 77.123901
v 49.805542 41.280502 77.123901
v 49.875099 59.276062 79.091904
v 2.071601 59.276066 79.091904
v 49.875092 59.276066 89.091896
v 45.855797 59.276066 104.091858
v 44.145546 59.276070 106.725403
v 34.875038 59.276066 115.072601
v 32.077133 59.276070 116.498199
v 49.219467 59.276066 95.329216
v 29.145546 59.276066 117.623528
v 49.710701 59.276070 92.227722
v 26.112392 59.276070 118.436264
v 42.169380 59.276066 109.165771
v 49.875099 61.184715 79.091904
v 2.071601 61.184711 79.091904
v 2.071606 61.184711 118.952461
v 45.855797 61.184711 104.091850
v 34.875038 61.184711 115.072601
v 32.077133 61.184715 116.498199
v 29.145546 61.184711 117.623528
v 26.112392 61.184715 118.436256
v 49.875099 82.710899 79.091904
v 49.875092 82.710907 89.091896
v 2.071602 82.710899 79.091904
v 2.071606 82.710892 118.952461
v 45.855797 82.710907 104.091850
v 44.145546 82.710899 106.725403
v 34.875038 82.710907 115.072601
v 32.077133 82.710907 116.498199
v 49.219467 82.710907 95.329208
v 29.145546 82.710907 117.623528
v 49.710701 82.710899 92.227722
v 26.112392 82.710907 118.436256
v 42.169380 82.710907 109.165771
v 49.875099 37.717033 79.091904
v 2.071601 37.717030 79.091904
v 49.875092 37.717030 89.091904
v 45.855797 37.717030 104.091858
v 47.281403 37.717026 101.293945
v 34.875038 37.717030 115.072601
v 32.077133 37.717026 116.498199
v 49.219467 37.717030 95.329208
v 42.169380 37.717030 109.165771
v 49.875099 35.808380 79.091904
v 49.875092 35.808384 89.091904
v 2.071601 35.808384 79.091904
v 37.508591 35.808384 113.362350
v 47.281403 35.808388 101.293945
v 34.875038 35.808384 115.072601
v 48.406734 35.808388 98.362366
v 32.077133 35.808388 116.498199
v 42.169380 35.808384 109.165771
v 2.071607 35.808384 118.952454
v 23.010900 35.808388 118.927490
v 23.010900 37.717026 118.927490
v 2.071607 37.717030 118.952454
v 44.145546 35.808388 106.725403
v 45.855797 35.808384 104.091858
v 44.145546 37.717026 106.725403
v 39.948952 35.808388 111.386185
v 39.948952 37.717026 111.386185
v 37.508591 37.717030 113.362350
v 48.406734 37.717026 98.362366
v 49.219467 35.808384 95.329208
v 29.145546 35.808384 117.623535
v 29.145546 37.717030 117.623535
v 49.710701 35.808388 92.227722
v 49.710701 37.717026 92.227722
v 26.112392 35.808388 118.436264
v 26.112392 37.717026 118.436264
v 49.805542 41.280502 -21.921955
v 49.805603 41.280502 -77.985954
v 49.805603 43.278015 -77.985954
v 49.805542 43.278019 -21.921955
v 2.087331 43.278015 -77.985954
v 2.087261 43.278019 -21.921955
v 2.087256 41.280502 -21.921955
v 2.087327 42.393150 -77.985954
v 52.615166 0.538156 26.092491
v 52.615166 0.538156 21.873398
v 51.604843 -0.000010 25.082170
v 49.406395 -0.000010 22.883720
v 51.604843 -0.000010 22.883720
v 53.916946 9.237091 27.394268
v 53.916946 7.473387 27.394268
v 48.396072 0.538156 21.873398
v 48.396072 0.538156 26.092491
v 49.406395 -0.000010 25.082170
v 53.916946 9.237091 20.571623
v 47.094296 9.237091 20.571623
v 47.094296 9.237091 27.394268
v 47.094296 7.473386 20.571623
v 53.916946 7.473386 20.571623
v 47.094296 7.473387 27.394268
v 52.615166 0.538156 -22.508055
v 52.615166 0.538156 -26.727139
v 51.604836 -0.000010 -23.518372
v 49.406391 -0.000010 -23.518372
v 53.916939 9.237091 -28.028919
v 53.916939 9.237091 -21.206274
v 47.094296 9.237091 -21.206274
v 53.916939 7.473386 -21.206274
v 53.916939 7.473386 -28.028919
v 48.396065 0.538156 -26.727139
v 48.396072 0.538156 -22.508055
v 49.406391 -0.000010 -25.716822
v 51.604836 -0.000010 -25.716822
v 47.094296 9.237091 -28.028919
v 47.094296 7.473386 -28.028919
v 47.094296 7.473386 -21.206274
v 6.388033 0.538156 -22.508055
v 2.168940 0.538156 -22.508055
v 5.377712 -0.000010 -23.518372
v 3.179261 -0.000010 -25.716822
v 7.689809 9.237091 -28.028919
v 7.689809 9.237091 -21.206274
v 7.689809 7.473386 -21.206274
v 2.168940 0.538156 -26.727139
v 6.388033 0.538156 -26.727139
v 3.179261 -0.000010 -23.518372
v 5.377712 -0.000010 -25.716822
v 0.867164 9.237091 -28.028919
v 0.867164 9.237091 -21.206274
v 0.867164 7.473386 -28.028919
v 7.689809 7.473386 -28.028919
v 0.867164 7.473386 -21.206274
v 6.388032 0.538155 -72.741196
v 6.388031 0.538155 -76.960297
v 5.377709 -0.000010 -73.751511
v 3.179258 -0.000010 -75.949966
v 7.689807 9.237091 -78.262062
v 7.689808 9.237091 -71.439415
v 0.867162 9.237091 -71.439415
v 7.689808 7.473387 -71.439423
v 0.867162 7.473387 -71.439423
v 2.168937 0.538155 -76.960297
v 2.168939 0.538155 -72.741196
v 3.179258 -0.000010 -73.751511
v 5.377709 -0.000010 -75.949966
v 0.867161 9.237091 -78.262062
v 0.867161 7.473387 -78.262070
v 7.689807 7.473387 -78.262070
v 52.615158 0.538155 -72.741196
v 48.396065 0.538155 -72.741196
v 51.604836 -0.000010 -73.751511
v 49.406391 -0.000010 -75.949966
v 53.916939 9.237091 -78.262062
v 53.916939 9.237091 -71.439415
v 47.094292 9.237091 -71.439415
v 53.916939 7.473387 -71.439423
v 48.396065 0.538155 -76.960297
v 52.615158 0.538155 -76.960297
v 49.406391 -0.000010 -73.751511
v 51.604836 -0.000010 -75.949966
v 47.094292 9.237091 -78.262062
v 47.094292 7.473387 -78.262070
v 53.916939 7.473387 -78.262070
v 47.094292 7.473387 -71.439423
v 6.388029 0.538155 -112.491135
v 2.168936 0.538155 -112.491135
v 5.377708 -0.000011 -113.501450
v 3.179257 -0.000011 -115.699921
v 7.689806 9.237091 -111.189369
v 0.867160 9.237091 -111.189369
v 7.689806 7.473385 -111.189369
v 0.867160 7.473385 -111.189369
v 2.168936 0.538155 -116.710251
v 6.388029 0.538155 -116.710251
v 3.179257 -0.000011 -113.501450
v 5.377708 -0.000011 -115.699921
v 7.689806 9.237091 -118.012009
v 0.867160 9.237091 -118.012009
v 0.867160 7.473385 -118.012016
v 7.689806 7.473385 -118.012016
v 47.520943 0.538155 -112.486008
v 43.301842 0.538155 -112.486008
v 46.510612 -0.000011 -113.496338
v 46.510609 -0.000011 -115.694809
v 48.822716 9.237091 -111.184250
v 48.822716 7.473385 -111.184250
v 48.822712 7.473385 -118.006897
v 42.000069 7.473385 -111.184250
v 43.301838 0.538155 -116.705139
v 47.520935 0.538155 -116.705139
v 44.312164 -0.000011 -115.694809
v 44.312168 -0.000011 -113.496338
v 48.822712 9.237091 -118.006897
v 42.000061 9.237091 -118.006897
v 42.000069 9.237091 -111.184250
v 42.000061 7.473385 -118.006897
v 52.615170 0.538155 76.325638
v 51.604843 -0.000010 75.315308
v 49.406395 -0.000010 75.315308
v 49.406395 -0.000010 73.116867
v 51.604843 -0.000010 73.116867
v 53.916946 9.237093 77.627411
v 47.094299 9.237093 77.627411
v 53.916946 7.473387 77.627403
v 48.396072 0.538155 72.106537
v 52.615170 0.538155 72.106537
v 48.396076 0.538155 76.325638
v 53.916946 9.237093 70.804764
v 47.094299 9.237093 70.804764
v 47.094299 7.473387 70.804764
v 53.916946 7.473387 70.804764
v 47.094299 7.473387 77.627403
v 6.388036 0.538156 26.092491
v 5.377714 -0.000010 25.082170
v 3.179263 -0.000010 25.082170
v 7.689812 9.237091 20.571623
v 7.689812 9.237091 27.394268
v 7.689812 7.473387 27.394268
v 2.168942 0.538156 21.873398
v 6.388036 0.538156 21.873398
v 2.168942 0.538156 26.092491
v 3.179263 -0.000010 22.883720
v 5.377714 -0.000010 22.883720
v 0.867166 9.237091 20.571623
v 0.867166 9.237091 27.394268
v 0.867166 7.473386 20.571623
v 7.689812 7.473386 20.571623
v 0.867166 7.473387 27.394268
v 6.388038 0.538155 76.325638
v 6.388038 0.538155 72.106537
v 5.377717 -0.000010 75.315308
v 3.179266 -0.000010 75.315308
v 3.179266 -0.000010 73.116867
v 5.377717 -0.000010 73.116867
v 7.689814 9.237093 77.627411
v 7.689814 7.473387 77.627403
v 7.689814 7.473387 70.804764
v 0.867168 7.473387 77.627403
v 2.168945 0.538155 72.106537
v 2.168945 0.538155 76.325638
v 7.689814 9.237093 70.804764
v 0.867168 9.237093 70.804764
v 0.867168 9.237093 77.627411
v 0.867168 7.473387 70.804764
v 6.388039 0.538155 117.103683
v 6.388039 0.538155 112.884583
v 5.377718 -0.000011 116.093353
v 5.377718 -0.000011 113.894913
v 7.689815 9.237091 118.405457
v 7.689815 7.473385 118.405457
v 2.168946 0.538155 112.884583
v 2.168946 0.538155 117.103683
v 3.179267 -0.000011 113.894913
v 3.179267 -0.000011 116.093353
v 7.689815 9.237091 111.582809
v 0.867170 9.237091 111.582809
v 0.867170 9.237091 118.405457
v 0.867170 7.473385 111.582809
v 7.689815 7.473385 111.582809
v 0.867170 7.473385 118.405457
v 54.870823 74.746147 79.067291
v 54.870811 75.764221 79.067276
v 55.577930 74.881897 79.774384
v 55.577919 75.628471 79.774376
v 54.870872 75.764221 19.088646
v 55.577980 75.628471 18.381533
v 54.870888 74.746140 19.088631
v 55.577995 74.881889 18.381527
v 2.075624 74.746147 79.067291
v 2.075624 75.764221 79.067284
v 2.075624 74.881889 79.774399
v 2.075624 75.628471 79.774376
v 49.856312 75.764221 19.088646
v 50.563419 75.628471 18.381533
v 49.856323 74.746140 19.088631
v 50.563431 74.881889 18.381527
v 50.644024 74.881897 -119.717438
v 50.644020 75.628479 -119.717438
v 49.936920 74.746147 -119.010361
v 49.936905 75.764221 -119.010315
v 2.201409 75.628479 -119.717438
v 1.934247 75.764221 -119.010315
v 2.201409 74.881897 -119.717438
v 1.934247 74.746147 -119.010361
v 55.577988 74.881897 -80.643936
v 55.577976 75.628479 -80.643936
v 54.870880 74.746140 -79.936844
v 54.870869 75.764221 -79.936829
v 50.653397 75.628479 -80.637634
v 49.946289 75.764221 -79.930550
v 50.653408 74.881897 -80.637634
v 49.946301 74.746140 -79.930542
v 55.577950 74.881889 -19.251072
v 55.577950 75.628471 -19.251091
v 54.870850 74.746147 -19.958179
v 54.870842 75.764221 -19.958181
v 50.563419 75.628471 -19.254135
v 49.856308 75.764221 -19.961245
v 50.563423 74.881897 -19.254124
v 49.856323 74.746140 -19.961231
vt 0.110794 0.304146
vt 0.306071 0.279619
vt 0.297878 0.271162
vt 0.097972 0.304146
vt 0.123616 0.304146
vt 0.253343 0.367644
vt 0.136438 0.304146
vt 0.213368 0.304146
vt 0.200546 0.304146
vt 0.187725 0.304146
vt 0.257674 0.363314
vt 0.226190 0.304146
vt 0.008376 0.367644
vt 0.239011 0.304146
vt 0.004045 0.363313
vt 0.163393 0.375945
vt 0.503824 0.245164
vt 0.843469 0.614609
vt 0.003931 0.353139
vt 0.251833 0.304146
vt 0.692737 0.932477
vt 0.447770 0.932477
vt 0.856054 0.617056
vt 0.855202 0.623120
vt 0.769064 0.342885
vt 0.782527 0.342885
vt 0.562022 0.320322
vt 0.769064 0.349010
vt 0.602851 0.320322
vt 0.795989 0.342885
vt 0.602851 0.328115
vt 0.863302 0.342885
vt 0.876765 0.342885
vt 0.890228 0.342885
vt 0.562022 0.328115
vt 0.549218 0.320322
vt 0.903691 0.342885
vt 0.549218 0.328115
vt 0.917153 0.342885
vt 0.297051 0.320322
vt 0.841987 0.620551
vt 0.981886 0.171010
vt 0.004024 0.349009
vt 0.004024 0.342885
vt 0.158830 0.349009
vt 0.158830 0.342885
vt 0.215865 0.359263
vt 0.215865 0.353139
vt 0.868826 0.618173
vt 0.640793 0.005452
vt 0.809452 0.342885
vt 0.382546 0.320322
vt 0.822915 0.342885
vt 0.824582 0.621008
vt 0.376421 0.353139
vt 0.376421 0.359263
vt 0.412459 0.342885
vt 0.412459 0.349009
vt 0.154668 0.342885
vt 0.154668 0.349009
vt 0.981886 0.177134
vt 0.570954 0.621008
vt 0.930616 0.342885
vt 0.382546 0.328115
vt 0.944080 0.342885
vt 0.297051 0.328115
vt 0.957381 0.342885
vt 0.957381 0.349010
vt 0.944080 0.349010
vt 0.993991 0.342885
vt 0.993991 0.349010
vt 0.485114 0.320322
vt 0.836378 0.342885
vt 0.497935 0.320322
vt 0.849840 0.342885
vt 0.497935 0.328115
vt 0.485114 0.328115
vt 0.639262 0.003921
vt 0.008934 0.619488
vt 0.570954 0.600594
vt 0.824582 0.602386
vt 0.989685 0.392634
vt 0.988982 0.487222
vt 0.861240 0.602386
vt 0.986877 0.500519
vt 0.029348 0.619488
vt 0.874522 0.601683
vt 0.983392 0.513522
vt 0.900821 0.596093
vt 0.887818 0.599577
vt 0.978568 0.526089
vt 0.925383 0.585157
vt 0.913389 0.591269
vt 0.612223 0.271188
vt 0.918375 0.279593
vt 0.972457 0.538083
vt 0.869590 0.271188
vt 0.563438 0.279593
vt 0.149259 0.304146
vt 0.159063 0.371614
vt 0.162081 0.304146
vt 0.828090 0.271188
vt 0.521938 0.279593
vt 0.008417 0.371614
vt 0.174903 0.304146
vt 0.767431 0.279593
vt 0.818842 0.271188
vt 0.004087 0.375945
vt 0.264655 0.304146
vt 0.416917 0.375945
vt 0.512689 0.279593
vt 0.461278 0.271188
vt 0.277476 0.304146
vt 0.868612 0.624293
vt 0.771370 0.271188
vt 0.465218 0.279593
vt 0.421248 0.371614
vt 0.447770 0.883692
vt 0.763492 0.271188
vt 0.211889 0.353139
vt 0.808098 0.283824
vt 0.249016 0.283824
vt 0.692737 0.883692
vt 0.505856 0.107765
vt 0.256840 0.004051
vt 0.808098 0.291860
vt 0.383305 0.107765
vt 0.379391 0.004051
vt 0.249016 0.291859
vt 0.398802 0.187792
vt 0.337526 0.187792
vt 0.337526 0.130568
vt 0.379391 0.107766
vt 0.993236 0.995117
vt 0.707541 0.995117
vt 0.707541 0.831806
vt 0.993236 0.831806
vt 0.171950 0.375944
vt 0.167619 0.371614
vt 0.885152 0.003921
vt 0.883807 0.005452
vt 0.503824 0.265578
vt 0.211889 0.359263
vt 0.197692 0.245240
vt 0.457340 0.279593
vt 0.197692 0.265990
vt 0.706320 0.271188
vt 0.455039 0.257485
vt 0.747620 0.230374
vt 0.455039 0.265578
vt 0.400168 0.279593
vt 0.392439 0.279593
vt 0.747620 0.206638
vt 0.352880 0.245164
vt 0.318335 0.271188
vt 0.333434 0.206655
vt 0.698591 0.271188
vt 0.209936 0.257485
vt 0.333434 0.235240
vt 0.624487 0.279593
vt 0.624487 0.271188
vt 0.405331 0.942514
vt 0.318335 0.279593
vt 0.405331 0.979566
vt 0.310141 0.271188
vt 0.877853 0.367644
vt 0.174903 0.295951
vt 0.187725 0.295951
vt 0.012181 0.271162
vt 0.003987 0.279619
vt 0.772415 0.308159
vt 0.772415 0.316353
vt 0.874989 0.308159
vt 0.874989 0.316353
vt 0.862167 0.308159
vt 0.862167 0.316353
vt 0.887811 0.308159
vt 0.887811 0.316353
vt 0.900632 0.308159
vt 0.900632 0.316353
vt 0.785236 0.308159
vt 0.209936 0.245164
vt 0.549501 0.363313
vt 0.913454 0.308159
vt 0.003982 0.316353
vt 0.003982 0.308159
vt 0.675803 0.338756
vt 0.759593 0.308159
vt 0.581204 0.338756
vt 0.675803 0.332631
vt 0.689265 0.338756
vt 0.689265 0.332631
vt 0.702728 0.338756
vt 0.770041 0.338756
vt 0.770041 0.332631
vt 0.783504 0.338756
vt 0.783504 0.332631
vt 0.796967 0.338756
vt 0.796967 0.332631
vt 0.810430 0.338756
vt 0.810430 0.332631
vt 0.976352 0.092662
vt 0.957730 0.092662
vt 0.949660 0.302135
vt 0.929246 0.302135
vt 0.261835 0.332631
vt 0.416548 0.332631
vt 0.577104 0.332631
vt 0.753443 0.326549
vt 0.885152 0.005452
vt 0.702728 0.332631
vt 0.716191 0.338756
vt 0.716191 0.332631
vt 0.753443 0.320424
vt 0.577104 0.338755
vt 0.989629 0.625620
vt 0.989629 0.820791
vt 0.948801 0.625620
vt 0.826989 0.735300
vt 0.826318 0.820791
vt 0.887559 0.642030
vt 0.849710 0.676110
vt 0.957730 0.086538
vt 0.857778 0.666146
vt 0.876807 0.649012
vt 0.898982 0.636209
vt 0.842728 0.686862
vt 0.910952 0.631615
vt 0.836907 0.698285
vt 0.823892 0.338756
vt 0.823892 0.332631
vt 0.729653 0.338756
vt 0.729653 0.332631
vt 0.743116 0.338756
vt 0.923336 0.628296
vt 0.743116 0.332631
vt 0.756579 0.338756
vt 0.639262 0.005452
vt 0.607548 0.130389
vt 0.607548 0.135045
vt 0.544141 0.135493
vt 0.544141 0.130389
vt 0.648824 0.187482
vt 0.616712 0.135045
vt 0.648648 0.163835
vt 0.620033 0.135221
vt 0.648122 0.160511
vt 0.623357 0.135747
vt 0.626608 0.136618
vt 0.647251 0.157261
vt 0.629750 0.137824
vt 0.632749 0.139352
vt 0.646045 0.154119
vt 0.635571 0.141185
vt 0.644517 0.151121
vt 0.832312 0.710254
vt 0.935998 0.626291
vt 0.785236 0.316353
vt 0.798059 0.308159
vt 0.798059 0.316353
vt 0.810880 0.308159
vt 0.810880 0.316353
vt 0.828994 0.722637
vt 0.866844 0.657080
vt 0.913454 0.316353
vt 0.926276 0.308159
vt 0.926276 0.316353
vt 0.939097 0.308159
vt 0.939097 0.316353
vt 0.873523 0.363313
vt 0.398802 0.130568
vt 0.100159 0.265990
vt 0.252901 0.004547
vt 0.616293 0.279593
vt 0.201742 0.245164
vt 0.248863 0.008572
vt 0.134417 0.007993
vt 0.130420 0.003926
vt 0.130400 0.007972
vt 0.252881 0.008593
vt 0.248338 0.112285
vt 0.100159 0.245240
vt 0.845153 0.206638
vt 0.845153 0.230374
vt 0.201742 0.265578
vt 0.209936 0.265578
vt 0.889222 0.075175
vt 0.889222 0.003927
vt 0.029348 0.627682
vt 0.008934 0.668273
vt 0.235902 0.235240
vt 0.235902 0.206655
vt 0.307798 0.979566
vt 0.307798 0.942514
vt 0.986754 0.003927
vt 0.986754 0.075175
vt 0.416002 0.942514
vt 0.487251 0.942514
vt 0.487251 0.979567
vt 0.416002 0.979567
vt 0.738688 0.116352
vt 0.432535 0.124808
vt 0.003931 0.359263
vt 0.383750 0.116403
vt 0.689902 0.124859
vt 0.342250 0.116403
vt 0.861538 0.302134
vt 0.437029 0.627144
vt 0.648402 0.124859
vt 0.281591 0.124808
vt 0.333001 0.116403
vt 0.639154 0.124859
vt 0.587743 0.116454
vt 0.437029 0.778088
vt 0.285530 0.116403
vt 0.591682 0.124859
vt 0.277652 0.116403
vt 0.583804 0.124859
vt 0.220480 0.116403
vt 0.526632 0.124859
vt 0.518904 0.124859
vt 0.233399 0.929226
vt 0.436605 0.116352
vt 0.212751 0.116403
vt 0.138647 0.124808
vt 0.138647 0.116403
vt 0.444799 0.124859
vt 0.130453 0.124808
vt 0.233399 0.627144
vt 0.437029 0.929226
vt 0.446651 0.320322
vt 0.459472 0.320322
vt 0.459472 0.328115
vt 0.446651 0.328115
vt 0.472293 0.320322
vt 0.759593 0.316353
vt 0.510756 0.320322
vt 0.674093 0.316353
vt 0.665634 0.308159
vt 0.523577 0.320322
vt 0.004013 0.304146
vt 0.536398 0.320322
vt 0.012471 0.295951
vt 0.097972 0.295951
vt 0.718445 0.367643
vt 0.536398 0.328115
vt 0.110794 0.295951
vt 0.510756 0.328115
vt 0.712967 0.363313
vt 0.472293 0.328115
vt 0.395367 0.320322
vt 0.123616 0.295951
vt 0.433830 0.320322
vt 0.823702 0.308159
vt 0.823702 0.316353
vt 0.421010 0.320322
vt 0.136438 0.295951
vt 0.408188 0.320322
vt 0.836523 0.308159
vt 0.836523 0.316353
vt 0.395367 0.328115
vt 0.149259 0.295951
vt 0.849345 0.308159
vt 0.539890 0.367517
vt 0.425442 0.367517
vt 0.425442 0.363440
vt 0.539890 0.363440
vt 0.509914 0.101440
vt 0.509914 0.004029
vt 0.624363 0.004029
vt 0.624363 0.101440
vt 0.674466 0.349010
vt 0.674466 0.342885
vt 0.782527 0.349010
vt 0.849345 0.316353
vt 0.795989 0.349010
vt 0.433830 0.328115
vt 0.809452 0.349010
vt 0.523577 0.328115
vt 0.822915 0.349010
vt 0.162081 0.295951
vt 0.836378 0.349010
vt 0.849840 0.349010
vt 0.421010 0.328115
vt 0.863302 0.349010
vt 0.876765 0.349010
vt 0.890228 0.349010
vt 0.861538 0.296010
vt 0.880161 0.296010
vt 0.880161 0.302134
vt 0.640793 0.080973
vt 0.883795 0.080973
vt 0.885152 0.082504
vt 0.639262 0.082504
vt 0.885152 0.080973
vt 0.639262 0.080973
vt 0.416642 0.349009
vt 0.416642 0.342885
vt 0.670272 0.342885
vt 0.670272 0.349009
vt 0.936673 0.577825
vt 0.965125 0.549373
vt 0.947135 0.569354
vt 0.956653 0.559835
vt 0.420309 0.600594
vt 0.420309 0.621008
vt 0.166681 0.621008
vt 0.166681 0.600595
vt 0.006126 0.392635
vt 0.006126 0.600595
vt 0.881645 0.617949
vt 0.882072 0.624059
vt 0.894370 0.616387
vt 0.895434 0.622418
vt 0.906861 0.613503
vt 0.908550 0.619390
vt 0.918984 0.609329
vt 0.921278 0.615007
vt 0.930603 0.603910
vt 0.933478 0.609318
vt 0.941593 0.597307
vt 0.945017 0.602385
vt 0.951832 0.589592
vt 0.955768 0.594283
vt 0.961208 0.580848
vt 0.965614 0.585102
vt 0.969619 0.571173
vt 0.974445 0.574943
vt 0.976973 0.560670
vt 0.982166 0.563916
vt 0.983189 0.549457
vt 0.988693 0.552142
vt 0.988198 0.537656
vt 0.993896 0.539900
vt 0.165931 0.995707
vt 0.170261 0.989585
vt 0.228272 0.994231
vt 0.223941 0.989901
vt 0.969742 0.320344
vt 0.965411 0.324675
vt 0.990155 0.320344
vt 0.985825 0.324675
vt 0.966782 0.353059
vt 0.971112 0.357390
vt 0.950699 0.357390
vt 0.946368 0.353059
vt 0.886245 0.363313
vt 0.881915 0.367644
vt 0.906659 0.363313
vt 0.902329 0.367644
vt 0.384725 0.353218
vt 0.380395 0.358696
vt 0.588355 0.353320
vt 0.588355 0.358696
vt 0.143248 0.930079
vt 0.143248 0.923972
vt 0.961473 0.177134
vt 0.961473 0.171010
vt 0.961473 0.156627
vt 0.961473 0.150502
vt 0.981887 0.150502
vt 0.981887 0.156627
vt 0.605605 0.955945
vt 0.603591 0.950162
vt 0.616518 0.946405
vt 0.617917 0.952367
vt 0.629767 0.944020
vt 0.630534 0.950096
vt 0.643192 0.943034
vt 0.643321 0.949157
vt 0.656647 0.943456
vt 0.656135 0.949560
vt 0.669984 0.945283
vt 0.668837 0.951298
vt 0.683057 0.948493
vt 0.681288 0.954356
vt 0.695724 0.953053
vt 0.693350 0.958698
vt 0.682726 0.977334
vt 0.681016 0.971453
vt 0.669620 0.980408
vt 0.668535 0.974381
vt 0.656265 0.982096
vt 0.655816 0.975989
vt 0.642806 0.982379
vt 0.642998 0.976258
vt 0.629392 0.981253
vt 0.630223 0.975185
vt 0.616168 0.978731
vt 0.617629 0.972784
vt 0.603432 0.974893
vt 0.605355 0.969079
vt 0.959807 0.295921
vt 0.953700 0.300270
vt 0.978429 0.295921
vt 0.974114 0.300270
vt 0.970192 0.257346
vt 0.974538 0.261697
vt 0.954124 0.261697
vt 0.949778 0.257418
vt 0.266246 0.367644
vt 0.261900 0.363313
vt 0.628944 0.003996
vt 0.635066 0.003974
vt 0.638186 0.143302
vt 0.642684 0.148298
vt 0.640566 0.145682
vt 0.506480 0.135493
vt 0.443073 0.135493
vt 0.443073 0.130389
vt 0.506480 0.130389
vt 0.402934 0.187482
vt 0.402934 0.135493
vt 0.981887 0.160756
vt 0.981887 0.166880
vt 0.961473 0.166880
vt 0.961473 0.160756
vt 0.017027 0.913376
vt 0.017027 0.668273
vt 0.029348 0.913376
vt 0.224519 0.627682
vt 0.008934 0.921570
vt 0.008934 0.913376
vt 0.029348 0.921570
vt 0.224519 0.913376
vt 0.708907 0.363313
vt 0.704578 0.367644
vt 0.544022 0.367644
vt 0.945777 0.257515
vt 0.945777 0.262942
vt 0.200546 0.295951
vt 0.903691 0.349010
vt 0.213368 0.295951
vt 0.226190 0.295951
vt 0.239011 0.295951
vt 0.251833 0.295951
vt 0.264655 0.295951
vt 0.277476 0.295951
vt 0.318252 0.304146
vt 0.318252 0.295951
vt 0.562996 0.291860
vt 0.562996 0.283824
vt 0.003913 0.291859
vt 0.003913 0.283824
vt 0.383305 0.004052
vt 0.505856 0.004052
vt 0.256840 0.107766
vt 0.756579 0.332631
vt 0.837355 0.338756
vt 0.837355 0.332631
vt 0.850818 0.338756
vt 0.850818 0.332631
vt 0.864120 0.332631
vt 0.864120 0.338756
vt 0.900729 0.332631
vt 0.900729 0.338756
vt 0.961401 0.320424
vt 0.961401 0.326549
vt 0.004045 0.332631
vt 0.257674 0.332631
vt 0.257674 0.338755
vt 0.004045 0.338755
vt 0.412481 0.332631
vt 0.412481 0.338755
vt 0.261835 0.338755
vt 0.416548 0.338755
vt 0.976352 0.086538
vt 0.929246 0.296010
vt 0.949660 0.296010
vt 0.979873 0.308159
vt 0.979873 0.316353
vt 0.248948 0.308159
vt 0.248948 0.316353
vt 0.133891 0.111705
vt 0.408188 0.328115
vt 0.917153 0.349010
vt 0.930616 0.349010
vt 0.581204 0.332631
vt 0.706426 0.805061
vt 0.706426 0.645653
vt 0.755211 0.654058
vt 0.755211 0.796555
vt 0.928182 0.086440
vt 0.785685 0.086440
vt 0.928182 0.095689
vt 0.785685 0.095689
vt 0.559041 0.283903
vt 0.416545 0.283903
vt 0.559041 0.291781
vt 0.416545 0.291781
vt 0.749471 0.320354
vt 0.606974 0.320354
vt 0.606974 0.328083
vt 0.253060 0.291939
vt 0.749471 0.328083
vt 0.404063 0.283745
vt 0.261566 0.283745
vt 0.412467 0.291939
vt 0.798033 0.130393
vt 0.957339 0.130393
vt 0.948934 0.179178
vt 0.806437 0.179178
vt 0.781697 0.086440
vt 0.639201 0.086440
vt 0.781697 0.095689
vt 0.639201 0.095689
vt 0.146443 0.320524
vt 0.003947 0.320524
vt 0.146443 0.328402
vt 0.003947 0.328402
vt 0.292928 0.320354
vt 0.150431 0.320354
vt 0.150431 0.328083
vt 0.292928 0.328083
vt 0.404012 0.308159
vt 0.261515 0.308159
vt 0.253111 0.316353
vt 0.412417 0.316353
vt 0.925290 0.302068
vt 0.925108 0.295947
vt 0.888632 0.302198
vt 0.884281 0.296091
vt 0.846052 0.357422
vt 0.841706 0.353107
vt 0.596740 0.353973
vt 0.592425 0.358319
vt 0.416890 0.367644
vt 0.421205 0.363313
vt 0.628606 0.097946
vt 0.634698 0.098565
vt 0.742148 0.262993
vt 0.737817 0.257515
vt 0.248686 0.994231
vt 0.242564 0.989901
vt 0.695438 0.972906
vt 0.693124 0.967236
vt 0.049300 0.930079
vt 0.048660 0.923972
vt 0.206759 0.995707
vt 0.206919 0.989585
vt 1.503824 0.245164
vt 1.503824 0.265578
vt 1.455039 0.257485
vt 1.692737 0.932477
vt 1.447770 0.932477
vt 1.447770 0.883692
vt 1.692737 0.883692
vt 1.808098 0.283824
vt 1.808098 0.291860
vt 1.562996 0.291860
vt 1.562996 0.283824
vt 1.249016 0.283824
vt 1.249016 0.291859
vt 1.003913 0.291859
vt 1.003913 0.283824
vt 1.505856 0.107765
vt 1.383305 0.107765
vt 1.383305 0.004052
vt 1.505856 0.004052
vt 1.256840 0.004051
vt 1.379391 0.004051
vt 1.379391 0.107766
vt 1.256840 0.107766
vt 1.455039 0.265578
vt 1.352880 0.245164
vt 1.209936 0.257485
vt 1.209936 0.245164
vt 1.004045 0.332631
vt 1.257674 0.332631
vt 1.257674 0.338755
vt 1.004045 0.338755
vt 1.949660 0.302135
vt 1.929246 0.302135
vt 1.929246 0.296010
vt 1.949660 0.296010
vt 1.596740 0.353973
vt 1.841706 0.353107
vt 1.846052 0.357422
vt 1.592425 0.358319
vt 1.970192 0.257346
vt 1.974538 0.261697
vt 1.954124 0.261697
vt 1.949778 0.257418
vt 1.201742 0.245164
vt 1.201742 0.265578
vt 1.003982 0.316353
vt 1.003982 0.308159
vt 1.248948 0.308159
vt 1.248948 0.316353
vt 1.252901 0.004547
vt 1.248863 0.008572
vt 1.134417 0.007993
vt 1.130420 0.003926
vt 1.130400 0.007972
vt 1.252881 0.008593
vt 1.248338 0.112285
vt 1.133891 0.111705
vt 1.209936 0.265578
vt 1.398802 0.187792
vt 1.337526 0.187792
vt 1.337526 0.130568
vt 1.398802 0.130568
vt 1.029350 0.619456
vt 1.008936 0.619456
vt 1.017029 0.668241
vt 1.008936 0.668241
vt 1.029350 0.770400
vt 1.017029 0.913344
vt 1.029350 0.913344
vt 1.949660 0.302135
vt 1.929246 0.302135
vt 1.929246 0.296010
vt 1.949660 0.296010
vt 1.970192 0.257346
vt 1.974538 0.261697
vt 1.954124 0.261697
vt 1.949778 0.257418
vt 1.029350 0.921538
vt 1.008936 0.921538
vt 1.008936 0.913344
vt 1.252901 0.004547
vt 1.248863 0.008572
vt 1.134417 0.007993
vt 1.130420 0.003926
vt 1.130400 0.007972
vt 1.252881 0.008593
vt 1.248338 0.112285
vt 1.133891 0.111705
vt 1.889222 0.075175
vt 1.889222 0.003927
vt 1.986754 0.003927
vt 1.986754 0.075175
vt 1.889222 0.075175
vt 1.889222 0.003927
vt 1.986754 0.003927
vt 1.986754 0.075175
vt 1.197692 0.245240
vt 1.197692 0.265990
vt 1.100159 0.265990
vt 1.100159 0.245240
vt 1.747620 0.230374
vt 1.747620 0.206638
vt 1.845153 0.206638
vt 1.845153 0.230374
vt 1.333434 0.206655
vt 1.333434 0.235240
vt 1.235902 0.235240
vt 1.235902 0.206655
vt 1.405331 0.942514
vt 1.405331 0.979566
vt 1.307798 0.979566
vt 1.307798 0.942514
vt 1.416002 0.942514
vt 1.487251 0.942514
vt 1.487251 0.979567
vt 1.416002 0.979567
vt 1.416002 0.942514
vt 1.487251 0.942514
vt 1.487251 0.979567
vt 1.416002 0.979567
vt 1.416002 0.942514
vt 1.487251 0.942514
vt 1.487251 0.979567
vt 1.416002 0.979567
vt 1.889222 0.075175
vt 1.889222 0.003927
vt 1.986754 0.003927
vt 1.986754 0.075175
vt 1.889222 0.075175
vt 1.889222 0.003927
vt 1.986754 0.003927
vt 1.986754 0.075175
vt 1.889222 0.075175
vt 1.889222 0.003927
vt 1.986754 0.003927
vt 1.986754 0.075175
vt 1.889222 0.075175
vt 1.889222 0.003927
vt 1.986754 0.003927
vt 1.986754 0.075175
vt 1.889222 0.075175
vt 1.889222 0.003927
vt 1.986754 0.003927
vt 1.986754 0.075175
vt 1.889222 0.075175
vt 1.889222 0.003927
vt 1.986754 0.003927
vt 1.986754 0.075175
vt 1.197692 0.245240
vt 1.197692 0.265990
vt 1.100159 0.265990
vt 1.100159 0.245240
vt 1.747620 0.230374
vt 1.747620 0.206638
vt 1.845153 0.206638
vt 1.845153 0.230374
vt 1.333434 0.206655
vt 1.333434 0.235240
vt 1.235902 0.235240
vt 1.235902 0.206655
vt 1.405331 0.942514
vt 1.405331 0.979566
vt 1.307798 0.979566
vt 1.307798 0.942514
vt 1.416002 0.942514
vt 1.487251 0.942514
vt 1.487251 0.979567
vt 1.416002 0.979567
vt 1.889222 0.075175
vt 1.889222 0.003927
vt 1.986754 0.003927
vt 1.986754 0.075175
vt 1.889222 0.075175
vt 1.889222 0.003927
vt 1.986754 0.003927
vt 1.986754 0.075175
vt 1.197692 0.245240
vt 1.197692 0.265990
vt 1.100159 0.265990
vt 1.100159 0.245240
vt 1.747620 0.230374
vt 1.747620 0.206638
vt 1.845153 0.206638
vt 1.845153 0.230374
vt 1.333434 0.206655
vt 1.333434 0.235240
vt 1.235902 0.235240
vt 1.235902 0.206655
vt 1.405331 0.942514
vt 1.405331 0.979566
vt 1.307798 0.979566
vt 1.307798 0.942514
vt 1.416002 0.942514
vt 1.487251 0.942514
vt 1.487251 0.979567
vt 1.416002 0.979567
vt 1.416002 0.942514
vt 1.487251 0.942514
vt 1.487251 0.979567
vt 1.416002 0.979567
vt 1.416002 0.942514
vt 1.487251 0.942514
vt 1.487251 0.979567
vt 1.416002 0.979567
vt 1.889222 0.075175
vt 1.889222 0.003927
vt 1.986754 0.003927
vt 1.986754 0.075175
vt 1.889222 0.075175
vt 1.889222 0.003927
vt 1.986754 0.003927
vt 1.986754 0.075175
vt 1.889222 0.075175
vt 1.889222 0.003927
vt 1.986754 0.003927
vt 1.986754 0.075175
vt 1.889222 0.075175
vt 1.889222 0.003927
vt 1.986754 0.003927
vt 1.986754 0.075175
vt 1.889222 0.075175
vt 1.889222 0.003927
vt 1.986754 0.003927
vt 1.986754 0.075175
vt 1.252901 0.004547
vt 1.248863 0.008572
vt 1.134417 0.007993
vt 1.130420 0.003926
vt 1.130400 0.007972
vt 1.252881 0.008593
vt 1.248338 0.112285
vt 1.133891 0.111705
vt 1.509914 0.101440
vt 1.509914 0.004029
vt 1.624363 0.004029
vt 1.624363 0.101440
vt 1.989629 0.625620
vt 1.989629 0.820791
vt 1.948801 0.625620
vt 1.826989 0.735300
vt 1.826318 0.820791
vt 1.887559 0.642030
vt 1.849710 0.676110
vt 1.857778 0.666146
vt 1.876807 0.649012
vt 1.898982 0.636209
vt 1.842728 0.686862
vt 1.910952 0.631615
vt 1.836907 0.698285
vt 1.923336 0.628296
vt 1.832312 0.710254
vt 1.935998 0.626291
vt 1.828994 0.722637
vt 1.866844 0.657080
vt 1.989629 0.625620
vt 1.948801 0.625620
vt 1.989629 0.820791
vt 1.826989 0.735300
vt 1.826318 0.820791
vt 1.887559 0.642030
vt 1.876807 0.649012
vt 1.857778 0.666146
vt 1.849710 0.676110
vt 1.898982 0.636209
vt 1.842728 0.686862
vt 1.910952 0.631615
vt 1.836907 0.698285
vt 1.923336 0.628296
vt 1.832312 0.710254
vt 1.935998 0.626291
vt 1.828994 0.722637
vt 1.866844 0.657080
vt 1.989629 0.625620
vt 1.948801 0.625620
vt 1.989629 0.820791
vt 1.826989 0.735300
vt 1.826318 0.820791
vt 1.887559 0.642030
vt 1.876807 0.649012
vt 1.857778 0.666146
vt 1.849710 0.676110
vt 1.898982 0.636209
vt 1.842728 0.686862
vt 1.910952 0.631615
vt 1.836907 0.698285
vt 1.923336 0.628296
vt 1.832312 0.710254
vt 1.935998 0.626291
vt 1.828994 0.722637
vt 1.866844 0.657080
vt 1.989629 0.625620
vt 1.989629 0.820791
vt 1.948801 0.625620
vt 1.826989 0.735300
vt 1.826318 0.820791
vt 1.887559 0.642030
vt 1.849710 0.676110
vt 1.857778 0.666146
vt 1.876807 0.649012
vt 1.898982 0.636209
vt 1.842728 0.686862
vt 1.910952 0.631615
vt 1.836907 0.698285
vt 1.923336 0.628296
vt 1.832312 0.710254
vt 1.935998 0.626291
vt 1.828994 0.722637
vt 1.866844 0.657080
vt 1.989629 0.625620
vt 1.948801 0.625620
vt 1.989629 0.820791
vt 1.826989 0.735300
vt 1.826318 0.820791
vt 1.887559 0.642030
vt 1.876807 0.649012
vt 1.857778 0.666146
vt 1.849710 0.676110
vt 1.898982 0.636209
vt 1.842728 0.686862
vt 1.910952 0.631615
vt 1.836907 0.698285
vt 1.923336 0.628296
vt 1.832312 0.710254
vt 1.935998 0.626291
vt 1.828994 0.722637
vt 1.866844 0.657080
vt 1.562022 0.320322
vt 1.602851 0.320322
vt 1.602851 0.328115
vt 1.562022 0.328115
vt 1.297051 0.320322
vt 1.382546 0.320322
vt 1.382546 0.328115
vt 1.297051 0.328115
vt 1.485114 0.320322
vt 1.497935 0.320322
vt 1.497935 0.328115
vt 1.485114 0.328115
vt 1.446651 0.320322
vt 1.459472 0.320322
vt 1.459472 0.328115
vt 1.446651 0.328115
vt 1.510756 0.320322
vt 1.510756 0.328115
vt 1.433830 0.320322
vt 1.433830 0.328115
vt 1.523577 0.320322
vt 1.523577 0.328115
vt 1.421010 0.320322
vt 1.421010 0.328115
vt 1.536398 0.320322
vt 1.536398 0.328115
vt 1.408188 0.320322
vt 1.408188 0.328115
vt 1.549218 0.320322
vt 1.549218 0.328115
vt 1.395367 0.320322
vt 1.395367 0.328115
vt 1.472293 0.320322
vt 1.472293 0.328115
vt 1.539890 0.367517
vt 1.425442 0.367517
vt 1.425442 0.363440
vt 1.539890 0.363440
vt 1.509914 0.101440
vt 1.509914 0.004029
vt 1.624363 0.004029
vt 1.624363 0.101440
vt 1.509914 0.101440
vt 1.624363 0.101440
vt 1.624363 0.004029
vt 1.509914 0.004029
vt 0.727253 0.258806
vt 0.727253 0.249494
vt 0.377632 0.234723
vt 0.373344 0.234723
vt 0.366096 0.234723
vt 0.717941 0.249494
vt 0.717941 0.258806
vt 0.731437 0.263085
vt 0.384880 0.234723
vt 0.366096 0.206683
vt 0.373344 0.206683
vt 0.384880 0.206683
vt 0.337593 0.229373
vt 0.377632 0.206683
vt 0.337593 0.212034
vt 0.731437 0.245215
vt 0.413383 0.229373
vt 0.713566 0.263085
vt 0.413383 0.212034
vt 1.727252 0.258806
vt 1.727252 0.249494
vt 1.377632 0.234723
vt 1.373344 0.234723
vt 1.366096 0.234723
vt 1.717941 0.258806
vt 1.731437 0.263085
vt 1.384880 0.234723
vt 1.366096 0.206683
vt 1.373344 0.206683
vt 1.384880 0.206683
vt 1.337593 0.229373
vt 1.377632 0.206683
vt 1.337593 0.212034
vt 1.731437 0.245215
vt 1.413383 0.229373
vt 1.713567 0.263085
vt 1.413383 0.212034
vt 1.727252 0.258806
vt 1.727252 0.249494
vt 1.377632 0.234723
vt 1.373344 0.234723
vt 1.366096 0.234723
vt 1.717941 0.249494
vt 1.717941 0.258806
vt 1.731437 0.263085
vt 1.384880 0.234723
vt 1.366096 0.206683
vt 1.373344 0.206683
vt 1.384880 0.206683
vt 1.337593 0.229373
vt 1.377632 0.206683
vt 1.337593 0.212034
vt 1.731437 0.245215
vt 1.413383 0.229373
vt 1.713567 0.263085
vt 1.413383 0.212034
vt 1.727252 0.258806
vt 1.727252 0.249494
vt 1.377632 0.234723
vt 1.373344 0.234723
vt 1.366096 0.234723
vt 1.717941 0.258806
vt 1.731437 0.263085
vt 1.384880 0.234723
vt 1.366096 0.206683
vt 1.373344 0.206683
vt 1.384880 0.206683
vt 1.337593 0.229373
vt 1.377632 0.206683
vt 1.337593 0.212034
vt 1.731437 0.245215
vt 1.413383 0.229373
vt 1.713567 0.263085
vt 1.413383 0.212034
vt 1.727252 0.258806
vt 1.727252 0.249494
vt 1.377632 0.234723
vt 1.373344 0.234723
vt 1.366096 0.234723
vt 1.717941 0.249494
vt 1.717941 0.258806
vt 1.731437 0.263085
vt 1.384880 0.234723
vt 1.366096 0.206683
vt 1.373344 0.206683
vt 1.384880 0.206683
vt 1.337593 0.229373
vt 1.377632 0.206683
vt 1.337593 0.212034
vt 1.731437 0.245215
vt 1.413383 0.229373
vt 1.713567 0.263085
vt 1.413383 0.212034
vt 1.727252 0.258806
vt 1.727252 0.249494
vt 1.377632 0.234723
vt 1.373344 0.234723
vt 1.366096 0.234723
vt 1.717941 0.258806
vt 1.731437 0.263085
vt 1.384880 0.234723
vt 1.366096 0.206683
vt 1.373344 0.206683
vt 1.384880 0.206683
vt 1.337593 0.229373
vt 1.377632 0.206683
vt 1.337593 0.212034
vt 1.731437 0.245215
vt 1.413383 0.229373
vt 1.713567 0.263085
vt 1.413383 0.212034
vt 1.727252 0.258806
vt 1.727252 0.249494
vt 1.377632 0.234723
vt 1.373344 0.234723
vt 1.366096 0.234723
vt 1.717941 0.249494
vt 1.717941 0.258806
vt 1.731437 0.263085
vt 1.384880 0.234723
vt 1.366096 0.206683
vt 1.373344 0.206683
vt 1.384880 0.206683
vt 1.337593 0.229373
vt 1.377632 0.206683
vt 1.337593 0.212034
vt 1.731437 0.245215
vt 1.413383 0.229373
vt 1.713567 0.263085
vt 1.413383 0.212034
vt 1.727252 0.258806
vt 1.727252 0.249494
vt 1.377632 0.234723
vt 1.373344 0.234723
vt 1.366096 0.234723
vt 1.717941 0.258806
vt 1.731437 0.263085
vt 1.384880 0.234723
vt 1.366096 0.206683
vt 1.373344 0.206683
vt 1.384880 0.206683
vt 1.337593 0.229373
vt 1.377632 0.206683
vt 1.337593 0.212034
vt 1.731437 0.245215
vt 1.413383 0.229373
vt 1.713567 0.263085
vt 1.413383 0.212034
vt 1.727252 0.258806
vt 1.727252 0.249494
vt 1.377632 0.234723
vt 1.373344 0.234723
vt 1.366096 0.234723
vt 1.717941 0.249494
vt 1.717941 0.258806
vt 1.731437 0.263085
vt 1.384880 0.234723
vt 1.366096 0.206683
vt 1.373344 0.206683
vt 1.384880 0.206683
vt 1.337593 0.229373
vt 1.377632 0.206683
vt 1.337593 0.212034
vt 1.731437 0.245215
vt 1.413383 0.229373
vt 1.713567 0.263085
vt 1.413383 0.212034
vt 1.727252 0.258806
vt 1.727252 0.249494
vt 1.377632 0.234723
vt 1.373344 0.234723
vt 1.366096 0.234723
vt 1.717941 0.258806
vt 1.731437 0.263085
vt 1.384880 0.234723
vt 1.366096 0.206683
vt 1.373344 0.206683
vt 1.384880 0.206683
vt 1.337593 0.229373
vt 1.377632 0.206683
vt 1.337593 0.212034
vt 1.731437 0.245215
vt 1.413383 0.229373
vt 1.713567 0.263085
vt 1.413383 0.212034
vt 1.727252 0.258806
vt 1.727252 0.249494
vt 1.377632 0.234723
vt 1.373344 0.234723
vt 1.366096 0.234723
vt 1.717941 0.249494
vt 1.717941 0.258806
vt 1.731437 0.263085
vt 1.384880 0.234723
vt 1.366096 0.206683
vt 1.373344 0.206683
vt 1.384880 0.206683
vt 1.337593 0.229373
vt 1.377632 0.206683
vt 1.337593 0.212034
vt 1.731437 0.245215
vt 1.413383 0.229373
vt 1.713567 0.263085
vt 1.413383 0.212034
vt 1.727252 0.258806
vt 1.727252 0.249494
vt 1.377632 0.234723
vt 1.373344 0.234723
vt 1.366096 0.234723
vt 1.717941 0.258806
vt 1.731437 0.263085
vt 1.384880 0.234723
vt 1.366096 0.206683
vt 1.373344 0.206683
vt 1.384880 0.206683
vt 1.337593 0.229373
vt 1.377632 0.206683
vt 1.337593 0.212034
vt 1.731437 0.245215
vt 1.413383 0.229373
vt 1.713567 0.263085
vt 1.413383 0.212034
vt 1.727252 0.258806
vt 1.727252 0.249494
vt 1.377632 0.234723
vt 1.373344 0.234723
vt 1.366096 0.234723
vt 1.717941 0.249494
vt 1.717941 0.258806
vt 1.731437 0.263085
vt 1.384880 0.234723
vt 1.366096 0.206683
vt 1.373344 0.206683
vt 1.384880 0.206683
vt 1.337593 0.229373
vt 1.377632 0.206683
vt 1.337593 0.212034
vt 1.731437 0.245215
vt 1.413383 0.229373
vt 1.713567 0.263085
vt 1.413383 0.212034
vt 1.727252 0.258806
vt 1.727252 0.249494
vt 1.377632 0.234723
vt 1.373344 0.234723
vt 1.366096 0.234723
vt 1.717941 0.258806
vt 1.731437 0.263085
vt 1.384880 0.234723
vt 1.366096 0.206683
vt 1.373344 0.206683
vt 1.384880 0.206683
vt 1.337593 0.229373
vt 1.377632 0.206683
vt 1.337593 0.212034
vt 1.731437 0.245215
vt 1.413383 0.229373
vt 1.713567 0.263085
vt 1.413383 0.212034
vt 1.727252 0.258806
vt 1.727252 0.249494
vt 1.377632 0.234723
vt 1.373344 0.234723
vt 1.366096 0.234723
vt 1.717941 0.249494
vt 1.717941 0.258806
vt 1.731437 0.263085
vt 1.384880 0.234723
vt 1.366096 0.206683
vt 1.373344 0.206683
vt 1.384880 0.206683
vt 1.337593 0.229373
vt 1.377632 0.206683
vt 1.337593 0.212034
vt 1.731437 0.245215
vt 1.413383 0.229373
vt 1.713567 0.263085
vt 1.413383 0.212034
vt 1.727252 0.258806
vt 1.727252 0.249494
vt 1.377632 0.234723
vt 1.373344 0.234723
vt 1.366096 0.234723
vt 1.717941 0.258806
vt 1.731437 0.263085
vt 1.384880 0.234723
vt 1.366096 0.206683
vt 1.373344 0.206683
vt 1.384880 0.206683
vt 1.337593 0.229373
vt 1.377632 0.206683
vt 1.337593 0.212034
vt 1.731437 0.245215
vt 1.413383 0.229373
vt 1.713567 0.263085
vt 1.413383 0.212034
vt 1.727252 0.258806
vt 1.727252 0.249494
vt 1.377632 0.234723
vt 1.373344 0.234723
vt 1.366096 0.234723
vt 1.717941 0.249494
vt 1.717941 0.258806
vt 1.731437 0.263085
vt 1.384880 0.234723
vt 1.366096 0.206683
vt 1.373344 0.206683
vt 1.384880 0.206683
vt 1.337593 0.229373
vt 1.377632 0.206683
vt 1.337593 0.212034
vt 1.731437 0.245215
vt 1.413383 0.229373
vt 1.713567 0.263085
vt 1.413383 0.212034
vt 1.727252 0.258806
vt 1.727252 0.249494
vt 1.377632 0.234723
vt 1.373344 0.234723
vt 1.366096 0.234723
vt 1.717941 0.258806
vt 1.731437 0.263085
vt 1.384880 0.234723
vt 1.366096 0.206683
vt 1.373344 0.206683
vt 1.384880 0.206683
vt 1.337593 0.229373
vt 1.377632 0.206683
vt 1.337593 0.212034
vt 1.731437 0.245215
vt 1.413383 0.229373
vt 1.713567 0.263085
vt 1.413383 0.212034
vt 1.727252 0.258806
vt 1.727252 0.249494
vt 1.377632 0.234723
vt 1.373344 0.234723
vt 1.366096 0.234723
vt 1.717941 0.249494
vt 1.717941 0.258806
vt 1.731437 0.263085
vt 1.384880 0.234723
vt 1.366096 0.206683
vt 1.373344 0.206683
vt 1.384880 0.206683
vt 1.337593 0.229373
vt 1.377632 0.206683
vt 1.337593 0.212034
vt 1.731437 0.245215
vt 1.413383 0.229373
vt 1.713567 0.263085
vt 1.413383 0.212034
vt 1.727252 0.258806
vt 1.727252 0.249494
vt 1.377632 0.234723
vt 1.373344 0.234723
vt 1.366096 0.234723
vt 1.717941 0.258806
vt 1.731437 0.263085
vt 1.384880 0.234723
vt 1.366096 0.206683
vt 1.373344 0.206683
vt 1.384880 0.206683
vt 1.337593 0.229373
vt 1.377632 0.206683
vt 1.337593 0.212034
vt 1.731437 0.245215
vt 1.413383 0.229373
vt 1.713567 0.263085
vt 1.413383 0.212034
vt 1.727252 0.258806
vt 1.727252 0.249494
vt 1.377632 0.234723
vt 1.373344 0.234723
vt 1.366096 0.234723
vt 1.717941 0.249494
vt 1.717941 0.258806
vt 1.731437 0.263085
vt 1.384880 0.234723
vt 1.366096 0.206683
vt 1.373344 0.206683
vt 1.384880 0.206683
vt 1.337593 0.229373
vt 1.377632 0.206683
vt 1.337593 0.212034
vt 1.731437 0.245215
vt 1.413383 0.229373
vt 1.713567 0.263085
vt 1.413383 0.212034
vt 1.727252 0.258806
vt 1.727252 0.249494
vt 1.377632 0.234723
vt 1.373344 0.234723
vt 1.366096 0.234723
vt 1.717941 0.258806
vt 1.731437 0.263085
vt 1.384880 0.234723
vt 1.366096 0.206683
vt 1.373344 0.206683
vt 1.384880 0.206683
vt 1.337593 0.229373
vt 1.377632 0.206683
vt 1.337593 0.212034
vt 1.731437 0.245215
vt 1.413383 0.229373
vt 1.713567 0.263085
vt 1.413383 0.212034
vt 0.211548 0.382804
vt 0.436261 0.379891
vt 0.495929 0.199522
vt 0.245282 0.199522
vt 0.683369 0.379891
vt 0.245282 0.196474
vt 0.916664 0.079110
vt 0.495929 0.196474
vt 0.686282 0.382804
vt 0.913751 0.082023
vt 0.208635 0.379891
vt 0.433347 0.382804
vt 0.771879 0.107931
vt 0.771879 0.105019
vt 0.429060 0.379891
vt 0.429060 0.382804
vt 0.990184 0.199210
vt 0.993097 0.196297
vt 0.937323 0.079110
vt 0.934410 0.082023
vt 0.784354 0.814470
vt 0.784354 0.654246
vt 0.425518 0.371590
vt 0.006822 0.382804
vt 0.267490 0.992681
vt 0.664814 0.196297
vt 0.267490 0.989632
vt 0.428430 0.374504
vt 0.787402 0.654246
vt 0.787402 0.814470
vt 0.594240 0.374503
vt 0.661901 0.199211
vt 0.889177 0.082335
vt 0.889177 0.079286
vt 0.909651 0.079286
vt 0.909651 0.082335
vt 0.688002 0.989632
vt 0.688002 0.992681
vt 0.469569 0.992680
vt 0.469569 0.989632
vt 0.991344 0.007108
vt 0.990771 0.004123
vt 0.995069 0.004123
vt 0.994496 0.007108
vt 0.808508 0.812011
vt 0.805459 0.812011
vt 0.805459 0.659210
vt 0.808508 0.659209
vt 0.003908 0.379891
vt 0.203487 0.379891
vt 0.204588 0.382804
vt 0.595341 0.371590
vt 0.590107 0.374504
vt 0.587194 0.371590
vt 0.465276 0.989632
vt 0.465276 0.992681
vt 0.835988 0.199210
vt 0.833075 0.196297
vt 0.829034 0.196297
vt 0.826120 0.199210
vt 0.940693 0.382804
vt 0.693585 0.382804
vt 0.690672 0.379891
vt 0.943606 0.379891
vt 0.669013 0.196297
vt 0.671926 0.199210
vt 0.503138 0.196297
vt 0.500225 0.199211
vt 0.794920 0.371590
vt 0.792007 0.374503
vt 0.962242 0.079110
vt 0.965156 0.082023
vt 0.944496 0.082023
vt 0.941583 0.079110
vt 0.989392 0.107932
vt 0.992305 0.105019
vt 0.495929 0.199522
vt 0.245282 0.199522
vt 0.245282 0.196474
vt 0.495929 0.196474
vt 0.940693 0.382804
vt 0.693585 0.382804
vt 0.690672 0.379891
vt 0.943606 0.379891
vt 0.436261 0.379891
vt 0.683369 0.379891
vt 0.686282 0.382804
vt 0.433347 0.382804
vt 0.962242 0.079110
vt 0.965156 0.082023
vt 0.944496 0.082023
vt 0.941583 0.079110
vt 0.889177 0.082335
vt 0.889177 0.079286
vt 0.909651 0.079286
vt 0.909651 0.082335
vt 0.913751 0.082023
vt 0.916664 0.079110
vt 0.937323 0.079110
vt 0.934410 0.082023
vt 0.962242 0.079110
vt 0.965156 0.082023
vt 0.944496 0.082023
vt 0.941583 0.079110
vt 0.889177 0.082335
vt 0.889177 0.079286
vt 0.909651 0.079286
vt 0.909651 0.082335
vt 0.913751 0.082023
vt 0.916664 0.079110
vt 0.937323 0.079110
vt 0.934410 0.082023
vn 0.079162 -0.000006 0.996862
vn 0.079162 -0.000006 0.996862
vn 0.001411 0.000006 0.999999
vn 0.079162 -0.000006 0.996862
vn 0.207909 -0.000006 0.978148
vn 0.079162 -0.000006 0.996862
vn 0.207909 -0.000006 0.978148
vn 0.309018 0.000004 0.951056
vn 0.207909 -0.000005 0.978148
vn 0.309018 0.000004 0.951056
vn 0.406737 0.000006 0.913545
vn 0.309019 0.000006 0.951056
vn 0.406737 0.000006 0.913545
vn 0.500000 0.000006 0.866025
vn 0.406737 0.000006 0.913545
vn 0.500000 0.000006 0.866025
vn 0.587785 0.000001 0.809017
vn 0.500000 0.000005 0.866025
vn 0.587785 0.000001 0.809017
vn 0.669129 -0.000004 0.743146
vn 0.587785 -0.000001 0.809018
vn 0.669129 -0.000004 0.743146
vn 0.743145 -0.000001 0.669131
vn 0.669129 -0.000004 0.743146
vn 0.743145 -0.000001 0.669131
vn 0.809017 -0.000003 0.587786
vn 0.743145 -0.000001 0.669131
vn 0.809017 -0.000003 0.587786
vn 0.866025 -0.000000 0.500001
vn 0.809016 -0.000003 0.587786
vn 0.866025 -0.000000 0.500001
vn 0.913545 -0.000000 0.406737
vn 0.866025 -0.000000 0.500001
vn 0.913545 -0.000000 0.406737
vn 0.951056 -0.000000 0.309018
vn 0.913545 -0.000000 0.406737
vn 0.951056 -0.000000 0.309018
vn 0.978148 -0.000000 0.207912
vn 0.951056 -0.000000 0.309018
vn 0.978148 -0.000000 0.207912
vn 0.994496 -0.000000 0.104772
vn 0.978147 -0.000000 0.207912
vn 0.994496 -0.000000 0.104772
vn 0.999651 -0.000000 0.026422
vn 0.994496 -0.000000 0.104772
vn 0.000000 0.000000 -1.000000
vn 0.000000 0.000000 -1.000000
vn 0.000000 0.000000 -1.000000
vn -1.000000 -0.000022 -0.000008
vn -1.000000 -0.000022 -0.000023
vn -1.000000 0.000026 -0.000010
vn 1.000000 -0.000000 0.000001
vn 1.000000 -0.000000 0.000001
vn 1.000000 -0.000000 0.000001
vn 1.000000 -0.000000 0.000001
vn 1.000000 -0.000000 0.000001
vn 1.000000 -0.000000 0.000001
vn 1.000000 -0.000000 0.000001
vn 1.000000 0.000000 0.000001
vn 1.000000 0.000003 0.000001
vn 1.000000 0.000000 0.000001
vn 1.000000 0.000000 0.000001
vn 1.000000 0.000000 0.000001
vn -1.000000 0.000006 -0.000052
vn -1.000000 0.000026 -0.000010
vn -1.000000 0.000031 -0.000025
vn -0.000002 -0.000000 1.000000
vn -0.000002 -0.000000 1.000000
vn -0.000002 -0.000000 1.000000
vn 0.000000 0.000000 -1.000000
vn 0.000000 0.000000 -1.000000
vn 0.000000 0.000000 -1.000000
vn -0.000002 -0.000000 1.000000
vn -0.000002 -0.000000 1.000000
vn -0.000002 -0.000000 1.000000
vn 0.000000 -0.000013 -1.000000
vn 0.000001 -0.000011 -1.000000
vn 0.000003 -0.000002 -1.000000
vn -0.000001 -1.000000 -0.000006
vn -0.000001 -1.000000 -0.000006
vn -0.000001 -1.000000 -0.000006
vn -0.000001 -1.000000 -0.000006
vn -0.000002 -1.000000 -0.000006
vn -0.000001 -1.000000 -0.000006
vn -0.000002 -1.000000 -0.000006
vn -0.000003 -1.000000 -0.000006
vn -0.000002 -1.000000 -0.000006
vn -0.000003 -1.000000 -0.000006
vn -0.000003 -1.000000 -0.000006
vn -0.000003 -1.000000 -0.000006
vn -0.000003 -1.000000 -0.000006
vn -0.000004 -1.000000 -0.000005
vn -0.000003 -1.000000 -0.000006
vn -0.000004 -1.000000 -0.000005
vn -0.000004 -1.000000 -0.000005
vn -0.000004 -1.000000 -0.000005
vn -0.000004 -1.000000 -0.000005
vn -0.000005 -1.000000 -0.000004
vn -0.000004 -1.000000 -0.000005
vn -0.000005 -1.000000 -0.000004
vn -0.000005 -1.000000 -0.000004
vn -0.000005 -1.000000 -0.000004
vn -0.000005 -1.000000 -0.000004
vn -0.000006 -1.000000 -0.000003
vn -0.000005 -1.000000 -0.000004
vn -0.000006 -1.000000 -0.000003
vn -0.000006 -1.000000 -0.000003
vn -0.000006 -1.000000 -0.000003
vn -0.000006 -1.000000 -0.000003
vn -0.000006 -1.000000 -0.000002
vn -0.000006 -1.000000 -0.000003
vn -0.000006 -1.000000 -0.000002
vn -0.000006 -1.000000 -0.000001
vn -0.000006 -1.000000 -0.000002
vn -0.000006 -1.000000 -0.000001
vn -0.000006 -1.000000 -0.000001
vn -0.000006 -1.000000 -0.000001
vn -0.000006 -1.000000 -0.000001
vn -0.000006 -1.000000 -0.000000
vn -0.000006 -1.000000 -0.000001
vn -0.000006 -1.000000 -0.000000
vn -0.000006 -1.000000 -0.000000
vn -0.000006 -1.000000 -0.000000
vn 0.000000 -1.000000 -0.000009
vn 0.000000 -1.000000 -0.000009
vn 0.000000 -1.000000 -0.000009
vn -0.000009 -1.000000 -0.000000
vn -0.000009 -1.000000 -0.000000
vn -0.000009 -1.000000 -0.000000
vn 0.000000 -1.000000 0.000009
vn 0.000000 -1.000000 0.000009
vn 0.000000 -1.000000 0.000009
vn 0.000009 -1.000000 0.000000
vn -0.000009 -1.000000 -0.000000
vn 0.000009 -1.000000 0.000000
vn 0.000002 -1.000000 0.000007
vn 0.000000 -1.000000 0.000001
vn 0.000002 -1.000000 0.000006
vn 0.000000 -1.000000 -0.000000
vn 0.000000 -1.000000 -0.000000
vn 0.000000 -1.000000 -0.000000
vn 0.000000 -1.000000 -0.000001
vn 0.000002 -1.000000 -0.000006
vn 0.000000 -1.000000 -0.000000
vn 0.000009 -1.000000 0.000000
vn 0.000009 -1.000000 0.000000
vn 0.000009 -1.000000 0.000000
vn -0.000000 -1.000000 -0.000007
vn -0.000000 -1.000000 -0.000000
vn 0.000000 -1.000000 -0.000007
vn 0.000000 -1.000000 -0.000000
vn 0.000000 -1.000000 -0.000006
vn 0.000000 -1.000000 -0.000000
vn 0.000000 1.000000 0.000000
vn 0.000000 1.000000 0.000000
vn 0.000000 1.000000 0.000000
vn 0.999651 -0.000000 0.026422
vn 0.999651 -0.000000 0.026422
vn 1.000000 0.000000 0.000000
vn 0.000000 1.000000 0.000000
vn 0.000000 1.000000 0.000000
vn 0.000000 1.000000 0.000000
vn 0.000000 1.000000 0.000000
vn 0.000000 1.000000 0.000000
vn 0.000000 1.000000 0.000000
vn 0.000000 1.000000 0.000000
vn 0.000000 1.000000 0.000000
vn 0.000000 1.000000 0.000000
vn 0.000000 1.000000 0.000000
vn 0.000000 1.000000 0.000000
vn 0.000000 1.000000 0.000000
vn 0.000000 1.000000 0.000000
vn 0.000000 1.000000 0.000000
vn 0.000000 1.000000 0.000000
vn 0.000000 1.000000 0.000000
vn 0.000000 1.000000 0.000000
vn 0.000000 1.000000 0.000000
vn 0.000000 1.000000 0.000000
vn 0.000000 1.000000 0.000000
vn 0.000000 1.000000 0.000000
vn 0.000000 1.000000 0.000000
vn 0.000000 1.000000 0.000000
vn 0.000000 1.000000 0.000000
vn 0.000000 1.000000 0.000000
vn 0.000000 1.000000 0.000000
vn 0.000000 1.000000 0.000000
vn 0.000000 1.000000 0.000000
vn 0.000000 1.000000 0.000000
vn 0.000000 1.000000 0.000000
vn 0.000000 1.000000 0.000000
vn 0.000000 1.000000 0.000000
vn 0.000000 1.000000 0.000000
vn 0.000000 1.000000 0.000000
vn 0.000000 1.000000 0.000000
vn 0.000000 1.000000 0.000000
vn -1.000000 -0.000022 -0.000008
vn -1.000000 -0.000000 -0.000045
vn -1.000000 -0.000022 -0.000023
vn 0.079050 0.000034 0.996871
vn 0.001089 0.001079 0.999999
vn 0.079054 -0.000000 0.996870
vn 0.207912 -0.000000 0.978148
vn 0.079054 -0.000000 0.996870
vn 0.207912 -0.000000 0.978148
vn 0.309017 -0.000000 0.951057
vn 0.207912 -0.000000 0.978148
vn 0.309017 -0.000000 0.951057
vn 0.406736 -0.000000 0.913546
vn 0.309017 -0.000000 0.951057
vn 0.406736 -0.000000 0.913546
vn 0.499999 -0.000000 0.866026
vn 0.406736 -0.000000 0.913546
vn 0.499999 -0.000000 0.866026
vn 0.587785 -0.000000 0.809017
vn 0.499999 -0.000000 0.866026
vn 0.587785 -0.000000 0.809017
vn 0.669130 -0.000000 0.743145
vn 0.587785 -0.000000 0.809017
vn 0.669130 0.000000 0.743145
vn 0.743144 0.000001 0.669132
vn 0.669130 0.000000 0.743145
vn 0.743144 0.000001 0.669132
vn 0.809017 0.000000 0.587785
vn 0.743144 0.000001 0.669132
vn 0.809017 -0.000000 0.587785
vn 0.866025 -0.000000 0.500001
vn 0.809017 -0.000000 0.587785
vn 0.866025 -0.000000 0.500001
vn 0.913545 -0.000000 0.406738
vn 0.866025 -0.000000 0.500001
vn 0.913545 -0.000000 0.406738
vn 0.951056 -0.000000 0.309018
vn 0.913545 -0.000000 0.406738
vn 0.951056 -0.000000 0.309018
vn 0.978147 -0.000001 0.207913
vn 0.951056 -0.000000 0.309018
vn 0.978148 -0.000001 0.207912
vn 0.994521 -0.000000 0.104537
vn 0.978148 -0.000001 0.207912
vn 0.994521 -0.000000 0.104537
vn 0.999657 -0.000000 0.026185
vn 0.994521 -0.000000 0.104537
vn 0.999657 0.000000 0.026185
vn 1.000000 0.000000 0.000001
vn 0.999657 0.000000 0.026185
vn 1.000000 0.000000 0.000001
vn -0.000000 0.000000 1.000000
vn -0.000000 0.000001 1.000000
vn 0.000002 0.000000 1.000000
vn 1.000000 -0.000000 0.000001
vn 1.000000 0.000000 0.000000
vn 1.000000 -0.000000 0.000001
vn 0.000000 0.000000 -1.000000
vn 0.000000 0.000000 -1.000000
vn 0.000000 0.000000 -1.000000
vn 1.000000 -0.000000 0.000001
vn 1.000000 -0.000000 0.000001
vn 1.000000 -0.000000 0.000001
vn 1.000000 0.000000 0.000000
vn 1.000000 0.000000 0.000000
vn 1.000000 0.000000 0.000000
vn 1.000000 0.000000 0.000003
vn 1.000000 0.000000 0.000005
vn 1.000000 0.000000 0.000005
vn -0.000000 -0.000000 -1.000000
vn -0.000000 -0.000000 -1.000000
vn -0.000000 -0.000000 -1.000000
vn -0.000000 -0.000000 1.000000
vn -0.000000 -0.000000 1.000000
vn -0.000000 -0.000000 1.000000
vn 0.000000 -0.000001 1.000000
vn 0.000001 0.000000 1.000000
vn 0.000001 -0.000002 1.000000
vn 0.000000 -0.000000 1.000000
vn 0.000001 0.000000 1.000000
vn -0.000000 0.000001 1.000000
vn 0.000001 0.000000 1.000000
vn 0.000002 0.000000 1.000000
vn -0.000000 0.000001 1.000000
vn 1.000000 -0.000000 -0.000000
vn 1.000000 -0.000000 -0.000000
vn 1.000000 -0.000000 -0.000000
vn -0.000009 -0.000000 1.000000
vn -0.000005 -0.000000 1.000000
vn -0.000009 -0.000000 1.000000
vn -1.000000 0.000023 -0.000008
vn -1.000000 0.000026 -0.000010
vn -1.000000 -0.000019 -0.000007
vn 0.000000 0.000000 -1.000000
vn 0.000000 0.000000 -1.000000
vn 0.000000 0.000000 -1.000000
vn 1.000000 -0.000000 0.000002
vn 1.000000 -0.000000 0.000002
vn 1.000000 -0.000000 0.000002
vn 1.000000 0.000000 0.000003
vn 1.000000 0.000000 0.000005
vn 1.000000 -0.000002 -0.000022
vn 1.000000 -0.000000 0.000002
vn 1.000000 -0.000000 0.000002
vn 1.000000 -0.000000 0.000002
vn 0.000000 0.000000 -1.000000
vn 0.000000 0.000000 -1.000000
vn 0.000000 0.000000 -1.000000
vn 1.000000 0.000000 0.000003
vn 1.000000 0.000000 0.000003
vn 1.000000 -0.000000 0.000003
vn 1.000000 -0.000000 0.000002
vn 1.000000 -0.000000 0.000002
vn 1.000000 -0.000000 0.000002
vn 0.000000 0.000000 -1.000000
vn 0.000000 0.000000 -1.000000
vn 0.000000 0.000000 -1.000000
vn 1.000000 0.000000 0.000003
vn 1.000000 -0.000001 0.000003
vn 1.000000 -0.000000 0.000003
vn 1.000000 -0.000000 0.000002
vn 1.000000 -0.000000 0.000002
vn 1.000000 -0.000000 0.000002
vn 1.000000 -0.000000 0.000003
vn 1.000000 -0.000001 0.000003
vn 1.000000 -0.000001 0.000004
vn 1.000000 -0.000000 0.000002
vn 1.000000 -0.000000 0.000002
vn 1.000000 -0.000000 0.000002
vn 0.000000 0.000000 -1.000000
vn 0.000000 0.000000 -1.000000
vn 0.000000 0.000000 -1.000000
vn 1.000000 -0.000000 0.000003
vn 1.000000 -0.000001 0.000004
vn 1.000000 -0.000002 -0.000015
vn 1.000000 -0.000000 0.000003
vn 1.000000 -0.000000 0.000003
vn 1.000000 -0.000000 0.000002
vn 1.000000 -0.000000 0.000002
vn 1.000000 -0.000000 0.000002
vn 1.000000 -0.000000 0.000002
vn 1.000000 -0.000000 0.000002
vn 1.000000 -0.000000 0.000003
vn 1.000000 -0.000000 0.000002
vn 1.000000 -0.000000 0.000002
vn 1.000000 -0.000000 0.000002
vn 1.000000 -0.000000 0.000002
vn 1.000000 -0.000002 0.000000
vn 1.000000 -0.000002 0.000000
vn 1.000000 -0.000000 0.000001
vn 1.000000 -0.000003 0.000000
vn 1.000000 -0.000002 0.000000
vn 1.000000 -0.000000 0.000001
vn 1.000000 -0.000003 0.000000
vn 1.000000 -0.000002 0.000000
vn 1.000000 -0.000000 0.000001
vn 0.001411 -0.000006 0.999999
vn 0.001411 -0.000006 0.999999
vn 0.079162 0.000006 0.996862
vn 0.079162 0.000006 0.996862
vn 0.207909 0.000005 0.978148
vn 0.207909 0.000006 0.978148
vn 0.207909 0.000005 0.978148
vn 0.309019 -0.000006 0.951056
vn 0.309018 -0.000004 0.951056
vn 0.309019 -0.000006 0.951056
vn 0.406737 -0.000006 0.913545
vn 0.406737 -0.000006 0.913545
vn 0.406737 -0.000006 0.913545
vn 0.500000 -0.000005 0.866025
vn 0.500000 -0.000006 0.866025
vn 0.500000 -0.000005 0.866025
vn 0.587785 0.000001 0.809018
vn 0.587785 -0.000001 0.809017
vn 0.587785 0.000001 0.809018
vn 0.669129 0.000004 0.743146
vn 0.669129 0.000004 0.743146
vn 0.669129 0.000004 0.743146
vn 0.743145 0.000001 0.669131
vn 0.743145 0.000001 0.669131
vn 0.743145 0.000001 0.669131
vn 0.809016 0.000003 0.587786
vn 0.809017 0.000003 0.587786
vn 0.809016 0.000003 0.587786
vn 0.866025 -0.000000 0.500001
vn 0.866025 0.000000 0.500001
vn 0.866025 -0.000000 0.500001
vn 0.913545 -0.000000 0.406737
vn 0.913545 -0.000000 0.406737
vn 0.913545 -0.000000 0.406737
vn 0.951056 -0.000000 0.309017
vn 0.951056 -0.000000 0.309017
vn 0.951056 -0.000000 0.309017
vn 0.978147 -0.000000 0.207912
vn 0.978147 -0.000000 0.207912
vn 0.978147 -0.000000 0.207912
vn 0.994496 -0.000000 0.104772
vn 0.994496 -0.000000 0.104772
vn 0.994496 -0.000000 0.104772
vn 0.999651 -0.000000 0.026422
vn 0.999651 -0.000000 0.026422
vn 0.000000 0.000000 -1.000000
vn 0.000000 0.000000 -1.000000
vn 0.000000 0.000000 -1.000000
vn -1.000000 -0.000019 -0.000007
vn -1.000000 -0.000022 -0.000017
vn -1.000000 0.000023 -0.000024
vn 1.000000 -0.000000 0.000001
vn 1.000000 -0.000000 0.000001
vn 1.000000 -0.000000 0.000001
vn 1.000000 -0.000000 0.000001
vn 1.000000 -0.000000 0.000001
vn 1.000000 -0.000000 0.000001
vn 1.000000 -0.000000 0.000002
vn 1.000000 -0.000000 0.000002
vn 1.000000 -0.000000 0.000002
vn -1.000000 -0.000006 -0.000035
vn -1.000000 -0.000022 -0.000017
vn -1.000000 -0.000019 -0.000007
vn -0.000002 -0.000000 1.000000
vn -0.000002 -0.000000 1.000000
vn -0.000002 -0.000000 1.000000
vn 0.000000 0.000000 -1.000000
vn 0.000000 0.000000 -1.000000
vn 0.000000 0.000000 -1.000000
vn 0.000000 1.000000 0.000000
vn 0.000000 1.000000 0.000000
vn 0.000000 1.000000 0.000000
vn 0.000000 1.000000 0.000000
vn 0.000000 1.000000 0.000000
vn 0.000000 1.000000 0.000000
vn 0.000000 1.000000 0.000000
vn 0.000000 1.000000 0.000000
vn 0.000000 1.000000 0.000000
vn 0.000000 1.000000 0.000000
vn 0.000000 1.000000 0.000000
vn 0.000000 1.000000 0.000000
vn 0.000000 1.000000 0.000000
vn 0.000000 1.000000 0.000000
vn 0.000000 1.000000 0.000000
vn 0.000000 1.000000 0.000000
vn 0.000000 1.000000 0.000000
vn 0.000000 1.000000 0.000000
vn 0.000000 1.000000 0.000000
vn 0.000000 1.000000 0.000000
vn 0.000000 1.000000 0.000000
vn 0.000000 1.000000 0.000000
vn 0.000000 1.000000 0.000000
vn 0.000000 1.000000 0.000000
vn 0.000000 1.000000 0.000000
vn 0.000000 1.000000 0.000000
vn 0.000000 1.000000 0.000000
vn 0.000000 1.000000 0.000000
vn 0.000000 1.000000 0.000000
vn 0.000000 1.000000 0.000000
vn 0.000000 1.000000 0.000000
vn 0.000000 1.000000 0.000000
vn 0.000000 1.000000 0.000000
vn 0.000000 1.000000 0.000000
vn 0.000000 1.000000 0.000000
vn 0.000000 1.000000 0.000000
vn 0.000000 1.000000 0.000000
vn 0.000000 1.000000 0.000000
vn 0.000000 1.000000 0.000000
vn 0.000000 1.000000 0.000000
vn 0.000000 1.000000 0.000000
vn 0.000000 1.000000 0.000000
vn 0.000000 1.000000 0.000000
vn 0.000000 1.000000 0.000000
vn 0.000000 1.000000 0.000000
vn 0.000000 1.000000 0.000000
vn 0.000000 1.000000 0.000000
vn 0.000000 1.000000 0.000000
vn 0.000000 1.000000 0.000000
vn 0.000000 1.000000 0.000000
vn 0.000000 1.000000 0.000000
vn -0.000000 1.000000 0.000000
vn -0.000001 1.000000 0.000003
vn -0.000001 1.000000 0.000004
vn -0.000005 1.000000 -0.000000
vn -0.000005 1.000000 -0.000000
vn -0.000005 1.000000 -0.000000
vn -0.000005 1.000000 0.000000
vn -0.000009 1.000000 0.000000
vn -0.000005 1.000000 -0.000000
vn -0.000000 1.000000 0.000004
vn -0.000000 1.000000 0.000004
vn -0.000000 1.000000 0.000004
vn 0.000000 1.000000 -0.000000
vn 0.000000 1.000000 -0.000000
vn 0.000000 1.000000 -0.000000
vn 0.000000 -1.000000 -0.000000
vn 0.000000 -1.000000 -0.000000
vn 0.000000 -1.000000 -0.000000
vn 1.000000 0.000000 0.000000
vn 1.000000 0.000000 0.000000
vn 0.999651 -0.000000 0.026422
vn 0.000000 -1.000000 0.000000
vn 0.000000 -1.000000 -0.000000
vn 0.000000 -1.000000 0.000000
vn 0.000000 -1.000000 -0.000000
vn 0.000000 -1.000000 -0.000000
vn 0.000000 -1.000000 -0.000000
vn 0.000000 -1.000000 -0.000000
vn 0.000000 -1.000000 -0.000000
vn 0.000000 -1.000000 -0.000000
vn 0.000000 -1.000000 -0.000000
vn 0.000000 -1.000000 -0.000000
vn 0.000000 -1.000000 -0.000000
vn 0.000000 -1.000000 -0.000000
vn 0.000000 -1.000000 -0.000000
vn 0.000000 -1.000000 -0.000000
vn 0.000000 -1.000000 -0.000000
vn 0.000000 -1.000000 -0.000000
vn 0.000000 -1.000000 -0.000000
vn 0.000000 -1.000000 -0.000000
vn 0.000000 -1.000000 -0.000000
vn 0.000000 -1.000000 -0.000000
vn 0.000000 -1.000000 -0.000000
vn 0.000000 -1.000000 0.000000
vn 0.000000 -1.000000 0.000000
vn -0.000000 -1.000000 -0.000000
vn -0.000000 -1.000000 -0.000000
vn -0.000001 -1.000000 -0.000000
vn -0.000000 -1.000000 -0.000000
vn 0.000000 -1.000000 -0.000000
vn 0.000000 -1.000000 -0.000000
vn 0.000000 -1.000000 -0.000000
vn 0.000000 -1.000000 -0.000000
vn 0.000000 -1.000000 -0.000000
vn 0.000000 -1.000000 -0.000000
vn 0.000000 -1.000000 -0.000000
vn -0.000000 -1.000000 -0.000000
vn -1.000000 0.000023 -0.000008
vn -1.000000 0.000023 -0.000024
vn -1.000000 0.000000 -0.000047
vn 0.079050 -0.000034 0.996871
vn 0.001089 -0.001083 0.999999
vn 0.001084 -0.001129 0.999999
vn 0.207912 -0.000000 0.978148
vn 0.079054 -0.000000 0.996870
vn 0.079050 -0.000034 0.996871
vn 0.309017 -0.000000 0.951057
vn 0.207912 -0.000000 0.978148
vn 0.207912 -0.000000 0.978148
vn 0.406736 -0.000000 0.913546
vn 0.309017 -0.000000 0.951057
vn 0.309017 -0.000000 0.951057
vn 0.499999 -0.000000 0.866026
vn 0.406736 -0.000000 0.913546
vn 0.406736 -0.000000 0.913546
vn 0.587785 -0.000000 0.809017
vn 0.499999 -0.000000 0.866026
vn 0.499999 -0.000000 0.866026
vn 0.669130 -0.000000 0.743145
vn 0.587785 -0.000000 0.809017
vn 0.587785 -0.000000 0.809017
vn 0.743144 -0.000001 0.669132
vn 0.669130 -0.000000 0.743145
vn 0.669130 -0.000000 0.743145
vn 0.809017 -0.000000 0.587785
vn 0.743144 -0.000001 0.669132
vn 0.743144 -0.000001 0.669132
vn 0.866025 -0.000000 0.500001
vn 0.809017 -0.000000 0.587785
vn 0.809017 -0.000000 0.587785
vn 0.913545 -0.000000 0.406738
vn 0.866025 -0.000000 0.500001
vn 0.866025 -0.000000 0.500001
vn 0.951056 -0.000000 0.309018
vn 0.913545 -0.000000 0.406738
vn 0.913545 -0.000000 0.406738
vn 0.978147 0.000001 0.207913
vn 0.951056 0.000000 0.309018
vn 0.951056 -0.000000 0.309018
vn 0.994521 0.000000 0.104537
vn 0.978147 0.000001 0.207912
vn 0.978147 0.000001 0.207913
vn 0.999657 -0.000000 0.026185
vn 0.994521 -0.000000 0.104537
vn 0.994521 0.000000 0.104537
vn 1.000000 -0.000000 0.000001
vn 0.999657 -0.000000 0.026185
vn 0.999657 -0.000000 0.026185
vn -0.000000 -0.000000 1.000000
vn 0.000000 -0.000001 1.000000
vn 0.000001 -0.000003 1.000000
vn 1.000000 0.000002 0.000001
vn 1.000000 -0.000002 0.000000
vn 1.000000 -0.000002 0.000000
vn 0.000000 0.000000 -1.000000
vn 0.000000 0.000000 -1.000000
vn 0.000000 0.000000 -1.000000
vn 1.000000 -0.000000 0.000001
vn 1.000000 -0.000000 0.000001
vn 1.000000 -0.000000 0.000001
vn -0.000001 1.000000 0.000000
vn 0.000000 1.000000 0.000000
vn -0.000000 1.000000 0.000000
vn -0.000000 1.000000 0.000000
vn 0.000000 1.000000 0.000000
vn 0.000000 1.000000 0.000000
vn -0.000001 1.000000 0.000000
vn -0.000001 1.000000 0.000001
vn 0.000000 1.000000 0.000002
vn -0.000001 1.000000 0.000000
vn 0.000000 1.000000 0.000000
vn 0.000000 1.000000 0.000000
vn 0.000000 1.000000 -0.000000
vn -0.000000 1.000000 -0.000000
vn -0.000000 1.000000 -0.000000
vn -0.000000 1.000000 -0.000000
vn -0.000000 1.000000 -0.000000
vn -0.000000 1.000000 0.000000
vn 0.000000 1.000000 0.000000
vn 0.000000 1.000000 0.000000
vn 0.000000 1.000000 0.000000
vn 0.000000 1.000000 0.000000
vn 0.000000 1.000000 0.000000
vn 0.000000 1.000000 0.000000
vn 0.000000 1.000000 0.000000
vn 0.000000 1.000000 0.000000
vn 0.000000 1.000000 0.000000
vn 0.000000 1.000000 0.000000
vn 0.000000 1.000000 0.000000
vn 0.000000 1.000000 0.000000
vn 0.000000 1.000000 0.000000
vn 0.000000 1.000000 0.000000
vn 0.000000 1.000000 0.000000
vn -0.000000 1.000000 -0.000000
vn 0.000000 1.000000 0.000000
vn 0.000000 1.000000 0.000000
vn 0.000000 1.000000 0.000000
vn 0.000000 1.000000 0.000000
vn 0.000000 1.000000 0.000000
vn -0.000000 1.000000 -0.000000
vn -0.000000 1.000000 -0.000000
vn -0.000000 1.000000 -0.000000
vn 0.000000 0.000000 -1.000000
vn 0.000000 0.000000 -1.000000
vn 0.000000 0.000000 -1.000000
vn 1.000000 -0.000000 0.000002
vn 1.000000 -0.000000 0.000002
vn 1.000000 -0.000000 0.000002
vn 1.000000 -0.000000 0.000002
vn 1.000000 -0.000000 0.000002
vn 1.000000 -0.000000 0.000002
vn 0.000001 -0.000003 1.000000
vn 0.000000 -0.000001 1.000000
vn 0.000001 -0.000002 1.000000
vn 0.000001 0.000000 1.000000
vn -0.000000 0.000000 1.000000
vn 0.000001 -0.000002 1.000000
vn 1.000000 0.000000 0.000001
vn 1.000000 0.000000 0.000001
vn 1.000000 0.000000 0.000001
vn 0.000000 0.000000 -1.000000
vn 0.000000 0.000000 -1.000000
vn 0.000000 0.000000 -1.000000
vn 0.000000 0.000000 -1.000000
vn 0.000000 0.000000 -1.000000
vn 0.000000 0.000000 -1.000000
vn 0.000000 0.000000 -1.000000
vn 0.000000 0.000000 -1.000000
vn 0.000000 0.000000 -1.000000
vn 0.000000 0.000000 -1.000000
vn 0.000000 0.000000 -1.000000
vn 0.000000 0.000000 -1.000000
vn 0.000000 1.000000 0.000000
vn 0.000000 1.000000 0.000000
vn 0.000000 1.000000 0.000000
vn 1.000000 -0.000000 0.000000
vn 1.000000 -0.000000 0.000000
vn 1.000000 -0.000000 0.000000
vn 1.000000 0.000000 0.000002
vn 1.000000 0.000003 0.000001
vn 1.000000 0.000001 0.000002
vn 1.000000 -0.000000 0.000026
vn 1.000000 -0.000000 0.000026
vn 1.000000 -0.000000 0.000026
vn 1.000000 0.000000 0.000000
vn 1.000000 0.000000 0.000000
vn 1.000000 0.000000 0.000000
vn 1.000000 -0.000000 0.000026
vn 1.000000 -0.000000 0.000026
vn 1.000000 -0.000000 0.000026
vn 1.000000 0.000000 0.000000
vn 1.000000 0.000000 0.000000
vn 1.000000 0.000000 0.000000
vn 1.000000 -0.000000 0.000026
vn 1.000000 -0.000000 0.000026
vn 1.000000 -0.000000 0.000026
vn 1.000000 0.000000 0.000000
vn 1.000000 0.000000 0.000000
vn 1.000000 0.000000 0.000000
vn 1.000000 -0.000000 0.000026
vn 1.000000 -0.000000 0.000026
vn 1.000000 -0.000000 0.000026
vn 1.000000 0.000000 0.000000
vn 1.000000 0.000000 0.000000
vn 1.000000 0.000000 0.000000
vn 1.000000 -0.000000 0.000026
vn 1.000000 -0.000000 0.000026
vn 1.000000 -0.000000 0.000026
vn 1.000000 0.000000 0.000000
vn 1.000000 0.000000 0.000000
vn 1.000000 0.000000 0.000000
vn 1.000000 0.000000 0.000000
vn 1.000000 0.000000 0.000000
vn 1.000000 0.000000 0.000000
vn 1.000000 -0.000000 0.000026
vn 1.000000 0.000005 0.000026
vn 1.000000 0.000003 0.000026
vn 1.000000 0.000000 0.000000
vn 1.000000 0.000000 0.000000
vn 1.000000 0.000000 0.000000
vn 1.000000 -0.000000 0.000026
vn 1.000000 -0.000000 0.000026
vn 1.000000 -0.000000 0.000026
vn 1.000000 -0.000000 0.000001
vn 1.000000 -0.000000 0.000001
vn 1.000000 -0.000000 0.000001
vn 1.000000 -0.000000 0.000001
vn 1.000000 -0.000000 0.000001
vn 1.000000 -0.000000 0.000001
vn 1.000000 -0.000000 0.000001
vn 1.000000 -0.000000 0.000001
vn 1.000000 -0.000000 0.000001
vn 1.000000 -0.000002 0.000001
vn 1.000000 -0.000016 0.000001
vn 1.000000 -0.000015 0.000001
vn 1.000000 0.000010 0.000026
vn 1.000000 0.000003 0.000026
vn 1.000000 0.000005 0.000026
vn 0.000782 -0.000358 -1.000000
vn 0.000560 0.000064 -1.000000
vn 0.000500 -0.000168 -1.000000
vn 0.000951 -0.000273 -1.000000
vn 0.000250 0.000671 -1.000000
vn 0.000560 0.000064 -1.000000
vn 0.999657 -0.000000 0.026185
vn 1.000000 -0.000000 0.000001
vn 0.999657 -0.000000 0.026185
vn 0.001192 -0.000000 0.999999
vn 0.079054 -0.000000 0.996870
vn 0.001192 -0.000000 0.999999
vn 0.809017 -0.000000 0.587785
vn 0.866025 -0.000000 0.500001
vn 0.809017 -0.000000 0.587785
vn 0.587785 -0.000000 0.809017
vn 0.669130 -0.000000 0.743146
vn 0.587785 -0.000000 0.809017
vn 0.866025 -0.000000 0.500001
vn 0.913545 -0.000000 0.406738
vn 0.866025 -0.000000 0.500001
vn 0.499999 -0.000000 0.866026
vn 0.587785 -0.000000 0.809017
vn 0.499999 -0.000000 0.866026
vn 0.913545 -0.000000 0.406738
vn 0.951056 -0.000000 0.309017
vn 0.913545 -0.000000 0.406738
vn 0.406736 -0.000000 0.913546
vn 0.499999 -0.000000 0.866026
vn 0.406736 -0.000000 0.913546
vn 0.951056 -0.000000 0.309017
vn 0.978147 -0.000000 0.207913
vn 0.951056 -0.000000 0.309017
vn 0.309017 -0.000000 0.951057
vn 0.406736 -0.000000 0.913546
vn 0.309017 -0.000000 0.951057
vn 0.978147 -0.000000 0.207913
vn 0.994521 -0.000000 0.104537
vn 0.978147 -0.000000 0.207913
vn 0.207912 -0.000000 0.978148
vn 0.309017 -0.000000 0.951057
vn 0.207912 -0.000000 0.978148
vn 0.994521 -0.000000 0.104537
vn 0.999657 -0.000000 0.026185
vn 0.994521 -0.000000 0.104537
vn 0.079054 -0.000000 0.996870
vn 0.207912 -0.000000 0.978148
vn 0.079054 -0.000000 0.996870
vn 0.743144 -0.000000 0.669131
vn 0.809017 -0.000000 0.587785
vn 0.743144 -0.000000 0.669131
vn 0.669130 -0.000000 0.743146
vn 0.743144 -0.000000 0.669131
vn 0.669130 -0.000000 0.743146
vn 1.000000 0.000000 0.000001
vn 1.000000 0.000000 0.000001
vn 1.000000 -0.000000 0.000001
vn 0.000000 1.000000 0.000000
vn 0.000000 1.000000 0.000000
vn 0.000000 1.000000 0.000000
vn 0.000009 -0.000001 -1.000000
vn 0.000007 -0.000001 -1.000000
vn 0.000008 -0.000000 -1.000000
vn 1.000000 -0.000004 0.000001
vn 1.000000 -0.000003 0.000001
vn 1.000000 -0.000004 0.000001
vn 1.000000 0.000000 -0.000008
vn 1.000000 0.000000 -0.000019
vn 1.000000 0.000000 -0.000020
vn 1.000000 0.000000 0.000005
vn 1.000000 0.000000 0.000003
vn 1.000000 -0.000000 0.000002
vn 0.000000 0.000000 -1.000000
vn 0.000000 0.000000 -1.000000
vn 0.000000 0.000000 -1.000000
vn -0.000000 -0.000000 1.000000
vn -0.000000 -0.000000 1.000000
vn -0.000000 -0.000000 1.000000
vn 0.000007 -0.000001 -1.000000
vn 0.000000 0.000000 -1.000000
vn 0.000008 -0.000000 -1.000000
vn 0.000009 -0.000001 -1.000000
vn 0.000008 -0.000000 -1.000000
vn 0.000010 0.000000 -1.000000
vn 0.000010 0.000000 -1.000000
vn 0.000008 -0.000000 -1.000000
vn 0.000007 -0.000006 -1.000000
vn 0.000010 0.000000 -1.000000
vn 0.000007 -0.000006 -1.000000
vn 0.000006 0.000000 -1.000000
vn 1.000000 0.000013 0.000001
vn 1.000000 0.000013 0.000001
vn 1.000000 0.000029 0.000001
vn 0.000001 0.000011 -1.000000
vn 0.000000 0.000013 -1.000000
vn 0.000003 0.000002 -1.000000
vn 0.000000 1.000000 0.000000
vn 0.000000 1.000000 0.000000
vn 0.000000 1.000000 0.000000
vn -0.000000 1.000000 0.000001
vn -0.000002 1.000000 0.000006
vn -0.000002 1.000000 0.000007
vn 0.000008 -0.000003 -1.000000
vn 0.000007 -0.000006 -1.000000
vn 0.000006 -0.000014 -1.000000
vn 1.000000 0.000000 0.000001
vn 1.000000 -0.000000 0.000001
vn 1.000000 -0.000000 0.000001
vn -0.000001 1.000000 0.000000
vn 0.000000 1.000000 0.000000
vn -0.000000 1.000000 0.000000
vn -0.000000 1.000000 0.000000
vn 0.000000 1.000000 0.000000
vn 0.000000 1.000000 0.000000
vn -0.000001 1.000000 0.000000
vn -0.000001 1.000000 0.000001
vn 0.000000 1.000000 0.000002
vn -0.000001 1.000000 0.000000
vn 0.000000 1.000000 0.000000
vn 0.000000 1.000000 0.000000
vn 0.000006 -0.000014 -1.000000
vn 0.000007 -0.000006 -1.000000
vn 0.000000 -0.000019 -1.000000
vn 1.000000 0.000000 0.000001
vn 1.000000 0.000000 0.000001
vn 1.000000 0.000000 0.000001
vn 0.000002 0.000002 1.000000
vn -0.000002 0.000001 1.000000
vn 0.000004 0.000003 1.000000
vn 0.000004 0.000003 1.000000
vn -0.000002 0.000001 1.000000
vn 0.000005 0.000002 1.000000
vn 0.000002 0.000002 1.000000
vn -0.000005 -0.000000 1.000000
vn -0.000002 0.000001 1.000000
vn -0.000005 -0.000000 1.000000
vn -0.000001 -0.000005 1.000000
vn -0.000002 0.000001 1.000000
vn -0.000005 -0.000000 1.000000
vn -0.000003 0.000000 1.000000
vn -0.000001 -0.000005 1.000000
vn -0.000004 -0.000000 1.000000
vn -0.000004 -0.000001 1.000000
vn -0.000002 -0.000005 1.000000
vn -0.000000 1.000000 -0.000000
vn -0.000001 1.000000 -0.000003
vn 0.000000 1.000000 0.000000
vn -0.000001 -0.000003 1.000000
vn -0.000001 -0.000005 1.000000
vn -0.000003 0.000000 1.000000
vn 0.000001 -0.000009 1.000000
vn 0.000000 -0.000010 1.000000
vn -0.000001 -0.000005 1.000000
vn 0.000000 -1.000000 -0.000000
vn 0.000000 -1.000000 -0.000000
vn 0.000000 -1.000000 -0.000000
vn 0.000000 -1.000000 -0.000000
vn 0.000000 -1.000000 -0.000000
vn 0.000000 -1.000000 -0.000000
vn 0.000000 -1.000000 -0.000000
vn 0.000000 -1.000000 -0.000000
vn 0.000000 -1.000000 -0.000000
vn 0.000000 -1.000000 -0.000000
vn 0.000000 -1.000000 -0.000000
vn 0.000000 -1.000000 -0.000000
vn 0.000000 -1.000000 -0.000000
vn 0.000000 -1.000000 -0.000000
vn 0.000000 -1.000000 -0.000000
vn 0.000000 1.000000 0.000000
vn 0.000000 1.000000 0.000000
vn 0.000000 1.000000 0.000000
vn 0.000000 -0.000000 1.000000
vn 0.000000 -0.000000 1.000000
vn 0.000000 -0.000000 1.000000
vn 0.000000 -0.000000 1.000000
vn 0.000000 -0.000000 1.000000
vn 0.000000 -0.000000 1.000000
vn 0.000000 -0.000000 1.000000
vn 0.000000 -0.000000 1.000000
vn 0.000000 -0.000000 1.000000
vn 0.000000 -0.000000 1.000000
vn 0.000000 -0.000000 1.000000
vn 0.000000 -0.000000 1.000000
vn 1.000000 -0.000000 0.000000
vn 1.000000 -0.000000 0.000000
vn 1.000000 -0.000000 0.000000
vn 1.000000 -0.000000 0.000000
vn 1.000000 -0.000000 0.000000
vn 1.000000 -0.000000 0.000000
vn 1.000000 -0.000000 0.000000
vn 1.000000 -0.000000 0.000000
vn 1.000000 -0.000000 0.000000
vn 0.000000 -1.000000 0.000000
vn 0.000000 -1.000000 0.000000
vn 0.000000 -1.000000 0.000000
vn 0.000000 -1.000000 0.000000
vn 0.000000 -1.000000 0.000000
vn 0.000000 -1.000000 0.000000
vn -0.000000 1.000000 0.000000
vn -0.000000 1.000000 0.000000
vn -0.000000 1.000000 0.000000
vn -0.000642 -1.000000 -0.000000
vn -0.000642 -1.000000 -0.000000
vn -0.000642 -1.000000 -0.000000
vn 0.000000 1.000000 0.000000
vn 0.000000 1.000000 0.000000
vn 0.000000 1.000000 0.000000
vn 0.000000 1.000000 0.000000
vn 0.000000 1.000000 0.000000
vn 0.000000 1.000000 0.000000
vn -0.000000 0.000000 -1.000000
vn -0.000000 0.000000 -1.000000
vn -0.000000 0.000000 -1.000000
vn -0.000000 0.000000 -1.000000
vn -0.000000 0.000000 -1.000000
vn -0.000000 0.000000 -1.000000
vn -0.000000 0.000000 -1.000000
vn -0.000000 0.000000 -1.000000
vn -0.000000 0.000000 -1.000000
vn -0.000000 0.000000 -1.000000
vn -0.000000 0.000000 -1.000000
vn -0.000000 0.000000 -1.000000
vn 1.000000 -0.000000 0.000000
vn 1.000000 -0.000000 0.000000
vn 1.000000 -0.000000 0.000000
vn -0.009351 -0.999874 0.012801
vn -0.013928 -0.999721 0.019067
vn 0.000000 -1.000000 -0.000000
vn 0.009351 0.999874 -0.012801
vn 0.013928 0.999721 -0.019067
vn 0.023270 0.999222 -0.031855
vn 0.000000 0.000000 1.000000
vn 0.000000 -0.000000 1.000000
vn 0.000000 0.000000 1.000000
vn 0.000000 0.000000 1.000000
vn 0.000000 -0.000000 1.000000
vn 0.000000 0.000000 1.000000
vn 0.000000 0.000000 1.000000
vn 0.000000 -0.000000 1.000000
vn 0.000000 0.000000 1.000000
vn 0.000000 -0.000000 1.000000
vn 0.000000 -0.000000 1.000000
vn 0.000000 -0.000000 1.000000
vn 1.000000 -0.000000 0.000000
vn 1.000000 -0.000000 0.000000
vn 1.000000 -0.000000 0.000000
vn 1.000000 -0.000000 0.000000
vn 1.000000 -0.000000 0.000000
vn 1.000000 -0.000000 0.000000
vn 1.000000 -0.000000 0.000000
vn 1.000000 -0.000000 0.000000
vn 1.000000 -0.000000 0.000000
vn 0.000000 -1.000000 0.000000
vn 0.000000 -1.000000 0.000000
vn 0.000000 -1.000000 0.000000
vn 0.000000 -1.000000 0.000000
vn 0.000000 -1.000000 0.000000
vn 0.000000 -1.000000 0.000000
vn 0.000000 1.000000 0.000000
vn 0.000000 1.000000 0.000000
vn 0.000000 1.000000 0.000000
vn -0.010380 -0.999861 0.013036
vn -0.015041 -0.999698 0.019417
vn -0.000857 -1.000000 -0.000000
vn 0.009390 0.999877 -0.012592
vn 0.013954 0.999725 -0.018840
vn 0.023270 0.999230 -0.031593
vn 0.000000 -1.000000 -0.000000
vn 0.000000 -1.000000 -0.000000
vn 0.000000 -1.000000 -0.000000
vn 0.000000 -1.000000 -0.000000
vn 0.000000 -1.000000 -0.000000
vn 0.000000 -1.000000 -0.000000
vn 0.000000 -1.000000 -0.000000
vn 0.000000 -1.000000 -0.000000
vn 0.000000 -1.000000 -0.000000
vn 0.000000 -1.000000 -0.000000
vn 0.000000 -1.000000 -0.000000
vn 0.000000 -1.000000 -0.000000
vn -0.012847 -0.999858 -0.010934
vn -0.010466 -0.999906 -0.008908
vn -0.023306 -0.999532 -0.019837
vn 0.000000 -1.000000 0.000000
vn 0.000000 -1.000000 0.000000
vn 0.000000 -1.000000 0.000000
vn 0.000000 -1.000000 0.000000
vn 0.000000 -1.000000 -0.000000
vn 0.000000 -1.000000 0.000000
vn 0.000000 -1.000000 -0.000000
vn 0.000000 -1.000000 -0.000000
vn 0.000000 -1.000000 -0.000000
vn 0.000000 -1.000000 -0.000000
vn 0.000000 -1.000000 -0.000000
vn 0.000000 -1.000000 -0.000000
vn 0.000000 -1.000000 -0.000000
vn 0.000000 -1.000000 -0.000000
vn 0.000000 -1.000000 -0.000000
vn 0.000000 -1.000000 -0.000000
vn 0.000000 -1.000000 -0.000000
vn 0.000000 -1.000000 -0.000000
vn 0.000000 -1.000000 -0.000000
vn 0.000000 -1.000000 -0.000000
vn 0.000000 -1.000000 -0.000000
vn 0.000000 -1.000000 0.000000
vn 0.000000 -1.000000 -0.000000
vn 0.000000 -1.000000 0.000000
vn 0.000000 -1.000000 -0.000000
vn 0.000000 -1.000000 -0.000000
vn 0.000000 -1.000000 -0.000000
vn 0.000000 -1.000000 0.000000
vn 0.000000 -1.000000 0.000000
vn 0.000000 -1.000000 0.000000
vn 0.000000 1.000000 0.000000
vn 0.000000 1.000000 0.000000
vn 0.000000 1.000000 0.000000
vn 0.000000 1.000000 0.000000
vn 0.000000 1.000000 0.000000
vn 0.000000 1.000000 0.000000
vn 0.000000 1.000000 0.000000
vn 0.000000 1.000000 0.000000
vn 0.000000 1.000000 0.000000
vn 0.000000 1.000000 0.000000
vn 0.000000 1.000000 0.000000
vn 0.000000 1.000000 0.000000
vn 0.000000 1.000000 0.000000
vn 0.000000 1.000000 0.000000
vn 0.000000 1.000000 0.000000
vn 0.000000 1.000000 0.000000
vn 0.000000 1.000000 0.000000
vn 0.000000 1.000000 0.000000
vn 0.000000 1.000000 0.000000
vn 0.000000 1.000000 0.000000
vn 0.000000 1.000000 0.000000
vn 0.000000 1.000000 0.000000
vn 0.000000 1.000000 0.000000
vn 0.000000 1.000000 0.000000
vn 0.000000 1.000000 0.000000
vn 0.000000 1.000000 0.000000
vn 0.000000 1.000000 0.000000
vn 0.000000 1.000000 0.000000
vn 0.000000 1.000000 0.000000
vn 0.000000 1.000000 0.000000
vn 0.000000 -1.000000 -0.000000
vn 0.000000 -1.000000 -0.000000
vn 0.000000 -1.000000 -0.000000
vn 0.000000 -1.000000 -0.000000
vn 0.000000 -1.000000 -0.000000
vn 0.000000 -1.000000 -0.000000
vn 0.000000 -1.000000 -0.000000
vn 0.000000 -1.000000 -0.000000
vn 0.000000 -1.000000 -0.000000
vn 0.000000 -1.000000 -0.000000
vn 0.000000 -1.000000 -0.000000
vn 0.000000 -1.000000 -0.000000
vn 0.000000 -1.000000 -0.000000
vn 0.000000 -1.000000 -0.000000
vn 0.000000 -1.000000 -0.000000
vn 0.000000 -1.000000 -0.000000
vn 0.000000 -1.000000 -0.000000
vn 0.000000 -1.000000 -0.000000
vn 0.000000 -1.000000 -0.000000
vn 0.000000 -1.000000 -0.000000
vn 0.000000 -1.000000 -0.000000
vn 0.000000 -1.000000 -0.000000
vn 0.000000 -1.000000 -0.000000
vn 0.000000 -1.000000 -0.000000
vn 0.000000 -1.000000 -0.000000
vn 0.000000 -1.000000 -0.000000
vn 0.000000 -1.000000 -0.000000
vn 0.000000 -1.000000 -0.000000
vn 0.000000 -1.000000 -0.000000
vn 0.000000 -1.000000 -0.000000
vn 0.000000 1.000000 0.000000
vn 0.000000 1.000000 0.000000
vn 0.000000 1.000000 0.000000
vn 0.000000 1.000000 0.000000
vn 0.000000 1.000000 0.000000
vn 0.000000 1.000000 0.000000
vn 0.000000 1.000000 0.000000
vn 0.000000 1.000000 0.000000
vn 0.000000 1.000000 0.000000
vn 0.000000 1.000000 0.000000
vn 0.000000 1.000000 0.000000
vn 0.000000 1.000000 0.000000
vn 0.000000 1.000000 0.000000
vn 0.000000 1.000000 0.000000
vn 0.000000 1.000000 0.000000
vn 0.000000 1.000000 0.000000
vn 0.000000 1.000000 0.000000
vn 0.000000 1.000000 0.000000
vn 0.000000 1.000000 0.000000
vn 0.000000 1.000000 0.000000
vn 0.000000 1.000000 0.000000
vn 0.000000 1.000000 0.000000
vn 0.000000 1.000000 0.000000
vn 0.000000 1.000000 0.000000
vn 0.000000 1.000000 0.000000
vn 0.000000 1.000000 0.000000
vn 0.000000 1.000000 0.000000
vn 0.000000 1.000000 0.000000
vn 0.000000 1.000000 0.000000
vn 0.000000 1.000000 0.000000
vn 0.000000 -1.000000 0.000000
vn 0.000000 -1.000000 0.000000
vn 0.000000 -1.000000 0.000000
vn 0.000000 -1.000000 0.000000
vn 0.000000 -1.000000 0.000000
vn 0.000000 -1.000000 0.000000
vn 0.000000 -1.000000 -0.000000
vn 0.000000 -1.000000 -0.000000
vn 0.000000 -1.000000 -0.000000
vn 0.000000 -1.000000 -0.000000
vn 0.000000 -1.000000 -0.000000
vn 0.000000 -1.000000 -0.000000
vn 0.000000 -1.000000 -0.000000
vn 0.000000 -1.000000 -0.000000
vn 0.000000 -1.000000 -0.000000
vn 0.000000 -1.000000 -0.000000
vn 0.000000 -1.000000 -0.000000
vn 0.000000 -1.000000 -0.000000
vn 0.000000 -1.000000 -0.000000
vn 0.000000 -1.000000 -0.000000
vn 0.000000 -1.000000 -0.000000
vn 0.000000 -1.000000 0.000000
vn 0.000000 -1.000000 -0.000000
vn 0.000000 -1.000000 0.000000
vn 0.000000 -1.000000 -0.000000
vn 0.000000 -1.000000 -0.000000
vn 0.000000 -1.000000 -0.000000
vn 0.000000 -1.000000 0.000000
vn 0.000000 -1.000000 0.000000
vn 0.000000 -1.000000 0.000000
vn 0.999657 -0.000000 0.026185
vn 1.000000 -0.000000 0.000001
vn 0.999657 -0.000000 0.026185
vn 0.001192 -0.000000 0.999999
vn 0.079054 -0.000000 0.996870
vn 0.001192 -0.000000 0.999999
vn 0.809017 -0.000000 0.587785
vn 0.866025 -0.000000 0.500001
vn 0.809017 -0.000000 0.587785
vn 0.587785 -0.000000 0.809017
vn 0.669130 -0.000000 0.743146
vn 0.587785 -0.000000 0.809017
vn 0.866025 -0.000000 0.500001
vn 0.913545 -0.000000 0.406738
vn 0.866025 -0.000000 0.500001
vn 0.499999 -0.000000 0.866026
vn 0.587785 -0.000000 0.809017
vn 0.499999 -0.000000 0.866026
vn 0.913545 -0.000000 0.406738
vn 0.951056 -0.000000 0.309017
vn 0.913545 -0.000000 0.406738
vn 0.406736 -0.000000 0.913546
vn 0.499999 -0.000000 0.866026
vn 0.406736 -0.000000 0.913546
vn 0.951056 -0.000000 0.309017
vn 0.978147 -0.000000 0.207913
vn 0.951056 -0.000000 0.309017
vn 0.309017 -0.000000 0.951057
vn 0.406736 -0.000000 0.913546
vn 0.309017 -0.000000 0.951057
vn 0.978147 -0.000000 0.207913
vn 0.994521 -0.000000 0.104537
vn 0.978147 -0.000000 0.207913
vn 0.207912 -0.000000 0.978148
vn 0.309017 -0.000000 0.951057
vn 0.207912 -0.000000 0.978148
vn 0.994521 -0.000000 0.104537
vn 0.999657 -0.000000 0.026185
vn 0.994521 -0.000000 0.104537
vn 0.079054 -0.000000 0.996870
vn 0.207912 -0.000000 0.978148
vn 0.079054 -0.000000 0.996870
vn 0.743144 -0.000000 0.669131
vn 0.809017 -0.000000 0.587785
vn 0.743144 -0.000000 0.669131
vn 0.669130 -0.000000 0.743146
vn 0.743144 -0.000000 0.669131
vn 0.669130 -0.000000 0.743146
vn 1.000000 -0.000000 0.000001
vn 1.000000 -0.000000 0.000001
vn 1.000000 -0.000000 0.000001
vn 0.000000 1.000000 0.000000
vn 0.000000 1.000000 0.000000
vn 0.000000 1.000000 0.000000
vn -0.012847 -0.999858 -0.010934
vn -0.010466 -0.999906 -0.008908
vn -0.023306 -0.999532 -0.019837
vn 0.079162 -0.000006 0.996862
vn 0.001411 0.000006 0.999999
vn 0.001411 0.000006 0.999999
vn 0.207909 -0.000006 0.978148
vn 0.207909 -0.000005 0.978148
vn 0.079162 -0.000006 0.996862
vn 0.309018 0.000004 0.951056
vn 0.309019 0.000006 0.951056
vn 0.207909 -0.000005 0.978148
vn 0.406737 0.000006 0.913545
vn 0.406737 0.000006 0.913545
vn 0.309019 0.000006 0.951056
vn 0.500000 0.000006 0.866025
vn 0.500000 0.000005 0.866025
vn 0.406737 0.000006 0.913545
vn 0.587785 0.000001 0.809017
vn 0.587785 -0.000001 0.809018
vn 0.500000 0.000005 0.866025
vn 0.669129 -0.000004 0.743146
vn 0.669129 -0.000004 0.743146
vn 0.587785 -0.000001 0.809018
vn 0.743145 -0.000001 0.669131
vn 0.743145 -0.000001 0.669131
vn 0.669129 -0.000004 0.743146
vn 0.809017 -0.000003 0.587786
vn 0.809016 -0.000003 0.587786
vn 0.743145 -0.000001 0.669131
vn 0.866025 -0.000000 0.500001
vn 0.866025 -0.000000 0.500001
vn 0.809016 -0.000003 0.587786
vn 0.913545 -0.000000 0.406737
vn 0.913545 -0.000000 0.406737
vn 0.866025 -0.000000 0.500001
vn 0.951056 -0.000000 0.309018
vn 0.951056 -0.000000 0.309018
vn 0.913545 -0.000000 0.406737
vn 0.978148 -0.000000 0.207912
vn 0.978147 -0.000000 0.207912
vn 0.951056 -0.000000 0.309018
vn 0.994496 -0.000000 0.104772
vn 0.994496 -0.000000 0.104772
vn 0.978147 -0.000000 0.207912
vn 0.999651 -0.000000 0.026422
vn 0.999651 -0.000000 0.026422
vn 0.994496 -0.000000 0.104772
vn 0.000000 0.000000 -1.000000
vn 0.000000 0.000000 -1.000000
vn 0.000000 0.000000 -1.000000
vn -1.000000 -0.000022 -0.000023
vn -1.000000 0.000031 -0.000025
vn -1.000000 0.000026 -0.000010
vn 1.000000 -0.000000 0.000001
vn 1.000000 -0.000000 0.000001
vn 1.000000 -0.000000 0.000001
vn 1.000000 -0.000000 0.000001
vn 1.000000 -0.000000 0.000001
vn 1.000000 -0.000000 0.000001
vn 1.000000 0.000000 0.000001
vn 1.000000 0.000003 0.000001
vn 1.000000 0.000003 0.000001
vn 1.000000 0.000000 0.000001
vn 1.000000 -0.000000 0.000001
vn 1.000000 0.000000 0.000001
vn -0.000002 -0.000000 1.000000
vn -0.000002 -0.000000 1.000000
vn -0.000002 -0.000000 1.000000
vn 0.000000 0.000000 -1.000000
vn 0.000000 0.000000 -1.000000
vn 0.000000 0.000000 -1.000000
vn -0.000002 -0.000000 1.000000
vn -0.000002 -0.000000 1.000000
vn -0.000002 -0.000000 1.000000
vn 0.000001 -0.000011 -1.000000
vn 0.000004 0.000000 -1.000000
vn 0.000003 -0.000002 -1.000000
vn -0.000001 -1.000000 -0.000006
vn -0.000001 -1.000000 -0.000006
vn -0.000001 -1.000000 -0.000006
vn -0.000001 -1.000000 -0.000006
vn -0.000002 -1.000000 -0.000006
vn -0.000002 -1.000000 -0.000006
vn -0.000002 -1.000000 -0.000006
vn -0.000003 -1.000000 -0.000006
vn -0.000003 -1.000000 -0.000006
vn -0.000003 -1.000000 -0.000006
vn -0.000003 -1.000000 -0.000006
vn -0.000003 -1.000000 -0.000006
vn -0.000003 -1.000000 -0.000006
vn -0.000004 -1.000000 -0.000005
vn -0.000004 -1.000000 -0.000005
vn -0.000004 -1.000000 -0.000005
vn -0.000004 -1.000000 -0.000005
vn -0.000004 -1.000000 -0.000005
vn -0.000004 -1.000000 -0.000005
vn -0.000005 -1.000000 -0.000004
vn -0.000005 -1.000000 -0.000004
vn -0.000005 -1.000000 -0.000004
vn -0.000005 -1.000000 -0.000004
vn -0.000005 -1.000000 -0.000004
vn -0.000005 -1.000000 -0.000004
vn -0.000006 -1.000000 -0.000003
vn -0.000006 -1.000000 -0.000003
vn -0.000006 -1.000000 -0.000003
vn -0.000006 -1.000000 -0.000003
vn -0.000006 -1.000000 -0.000003
vn -0.000006 -1.000000 -0.000003
vn -0.000006 -1.000000 -0.000002
vn -0.000006 -1.000000 -0.000002
vn -0.000006 -1.000000 -0.000002
vn -0.000006 -1.000000 -0.000001
vn -0.000006 -1.000000 -0.000001
vn -0.000006 -1.000000 -0.000001
vn -0.000006 -1.000000 -0.000001
vn -0.000006 -1.000000 -0.000001
vn -0.000006 -1.000000 -0.000001
vn -0.000006 -1.000000 -0.000000
vn -0.000006 -1.000000 -0.000000
vn -0.000006 -1.000000 -0.000000
vn -0.000006 -1.000000 -0.000000
vn -0.000006 -1.000000 -0.000000
vn 0.000000 -1.000000 -0.000009
vn 0.000000 -1.000000 -0.000009
vn 0.000000 -1.000000 -0.000009
vn -0.000009 -1.000000 -0.000000
vn -0.000009 -1.000000 -0.000000
vn -0.000009 -1.000000 -0.000000
vn 0.000000 -1.000000 0.000009
vn 0.000000 -1.000000 0.000009
vn 0.000000 -1.000000 0.000009
vn 0.000009 -1.000000 0.000000
vn -0.000009 -1.000000 -0.000000
vn -0.000009 -1.000000 -0.000000
vn 0.000000 -1.000000 0.000001
vn 0.000000 -1.000000 -0.000000
vn 0.000002 -1.000000 0.000006
vn 0.000000 -1.000000 -0.000000
vn 0.000000 -1.000000 -0.000000
vn 0.000000 -1.000000 -0.000000
vn 0.000000 -1.000000 -0.000001
vn 0.000002 -1.000000 -0.000007
vn 0.000002 -1.000000 -0.000006
vn 0.000009 -1.000000 0.000000
vn 0.000009 -1.000000 0.000000
vn 0.000009 -1.000000 0.000000
vn -0.000000 -1.000000 -0.000007
vn -0.000000 -1.000000 -0.000000
vn -0.000000 -1.000000 -0.000000
vn 0.000000 -1.000000 -0.000000
vn 0.000000 -1.000000 -0.000007
vn 0.000000 -1.000000 -0.000006
vn 0.000000 1.000000 0.000000
vn 0.000000 1.000000 0.000000
vn 0.000000 1.000000 0.000000
vn 0.999651 -0.000000 0.026422
vn 1.000000 0.000000 0.000000
vn 1.000000 0.000000 0.000000
vn 0.000000 1.000000 0.000000
vn 0.000000 1.000000 0.000000
vn 0.000000 1.000000 0.000000
vn 0.000000 1.000000 0.000000
vn 0.000000 1.000000 0.000000
vn 0.000000 1.000000 0.000000
vn 0.000000 1.000000 0.000000
vn 0.000000 1.000000 0.000000
vn 0.000000 1.000000 0.000000
vn 0.000000 1.000000 0.000000
vn 0.000000 1.000000 0.000000
vn 0.000000 1.000000 0.000000
vn 0.000000 1.000000 0.000000
vn 0.000000 1.000000 0.000000
vn 0.000000 1.000000 0.000000
vn 0.000000 1.000000 0.000000
vn 0.000000 1.000000 0.000000
vn 0.000000 1.000000 0.000000
vn 0.000000 1.000000 0.000000
vn 0.000000 1.000000 0.000000
vn 0.000000 1.000000 0.000000
vn 0.000000 1.000000 0.000000
vn 0.000000 1.000000 0.000000
vn 0.000000 1.000000 0.000000
vn 0.000000 1.000000 0.000000
vn 0.000000 1.000000 0.000000
vn 0.000000 1.000000 0.000000
vn 0.000000 1.000000 0.000000
vn 0.000000 1.000000 0.000000
vn 0.000000 1.000000 0.000000
vn 0.079050 0.000034 0.996871
vn 0.001085 0.001124 0.999999
vn 0.001089 0.001079 0.999999
vn 0.207912 -0.000000 0.978148
vn 0.079050 0.000034 0.996871
vn 0.079054 -0.000000 0.996870
vn 0.309017 -0.000000 0.951057
vn 0.207912 -0.000000 0.978148
vn 0.207912 -0.000000 0.978148
vn 0.406736 -0.000000 0.913546
vn 0.309017 -0.000000 0.951057
vn 0.309017 -0.000000 0.951057
vn 0.499999 -0.000000 0.866026
vn 0.406736 -0.000000 0.913546
vn 0.406736 -0.000000 0.913546
vn 0.587785 -0.000000 0.809017
vn 0.499999 -0.000000 0.866026
vn 0.499999 -0.000000 0.866026
vn 0.669130 -0.000000 0.743145
vn 0.587785 -0.000000 0.809017
vn 0.587785 -0.000000 0.809017
vn 0.743144 0.000001 0.669132
vn 0.669130 -0.000000 0.743145
vn 0.669130 0.000000 0.743145
vn 0.809017 0.000000 0.587785
vn 0.743144 0.000001 0.669132
vn 0.743144 0.000001 0.669132
vn 0.866025 -0.000000 0.500001
vn 0.809017 0.000000 0.587785
vn 0.809017 -0.000000 0.587785
vn 0.913545 -0.000000 0.406738
vn 0.866025 -0.000000 0.500001
vn 0.866025 -0.000000 0.500001
vn 0.951056 -0.000000 0.309018
vn 0.913545 -0.000000 0.406738
vn 0.913545 -0.000000 0.406738
vn 0.978147 -0.000001 0.207913
vn 0.951056 -0.000000 0.309018
vn 0.951056 -0.000000 0.309018
vn 0.994521 -0.000000 0.104537
vn 0.978147 -0.000001 0.207913
vn 0.978148 -0.000001 0.207912
vn 0.999657 -0.000000 0.026185
vn 0.994521 -0.000000 0.104537
vn 0.994521 -0.000000 0.104537
vn 1.000000 0.000000 0.000001
vn 0.999657 -0.000000 0.026185
vn 0.999657 0.000000 0.026185
vn -0.000000 0.000000 1.000000
vn -0.000001 0.000002 1.000000
vn -0.000000 0.000001 1.000000
vn 1.000000 0.000000 0.000000
vn 1.000000 0.000000 0.000000
vn 1.000000 -0.000000 0.000001
vn 1.000000 -0.000000 0.000001
vn 1.000000 -0.000000 0.000001
vn 1.000000 -0.000000 0.000001
vn 1.000000 0.000000 0.000000
vn 1.000000 0.000000 0.000000
vn 1.000000 0.000000 0.000000
vn 1.000000 0.000000 0.000003
vn 1.000000 -0.000000 0.000002
vn 1.000000 0.000000 0.000005
vn -0.000000 -0.000000 -1.000000
vn -0.000000 0.000000 -1.000000
vn -0.000000 -0.000000 -1.000000
vn -0.000000 -0.000000 1.000000
vn 0.000000 -0.000000 1.000000
vn -0.000000 -0.000000 1.000000
vn 1.000000 -0.000000 -0.000000
vn 1.000000 -0.000000 -0.000000
vn 1.000000 -0.000000 -0.000000
vn -0.000009 -0.000000 1.000000
vn -0.000005 0.000000 1.000000
vn -0.000005 -0.000000 1.000000
vn -1.000000 0.000023 -0.000008
vn -1.000000 -0.000022 -0.000008
vn -1.000000 0.000026 -0.000010
vn 1.000000 -0.000000 0.000002
vn 1.000000 -0.000000 0.000002
vn 1.000000 -0.000000 0.000002
vn 1.000000 0.000000 0.000003
vn 1.000000 -0.000002 -0.000022
vn 1.000000 0.000000 0.000003
vn 1.000000 -0.000000 0.000003
vn 1.000000 -0.000002 -0.000015
vn 1.000000 -0.000000 0.000003
vn 1.000000 -0.000000 0.000002
vn 1.000000 -0.000000 0.000002
vn 1.000000 -0.000000 0.000002
vn 1.000000 -0.000002 0.000000
vn 1.000000 -0.000000 0.000001
vn 1.000000 -0.000000 0.000001
vn 1.000000 -0.000002 0.000000
vn 1.000000 -0.000000 0.000001
vn 1.000000 -0.000000 0.000001
vn 1.000000 -0.000002 0.000000
vn 1.000000 -0.000000 0.000001
vn 1.000000 -0.000000 0.000001
vn 0.079162 0.000006 0.996862
vn 0.079162 0.000006 0.996862
vn 0.001411 -0.000006 0.999999
vn 0.207909 0.000006 0.978148
vn 0.079162 0.000006 0.996862
vn 0.079162 0.000006 0.996862
vn 0.309018 -0.000004 0.951056
vn 0.207909 0.000006 0.978148
vn 0.207909 0.000005 0.978148
vn 0.406737 -0.000006 0.913545
vn 0.309018 -0.000004 0.951056
vn 0.309019 -0.000006 0.951056
vn 0.500000 -0.000006 0.866025
vn 0.406737 -0.000006 0.913545
vn 0.406737 -0.000006 0.913545
vn 0.587785 -0.000001 0.809017
vn 0.500000 -0.000006 0.866025
vn 0.500000 -0.000005 0.866025
vn 0.669129 0.000004 0.743146
vn 0.587785 -0.000001 0.809017
vn 0.587785 0.000001 0.809018
vn 0.743145 0.000001 0.669131
vn 0.669129 0.000004 0.743146
vn 0.669129 0.000004 0.743146
vn 0.809017 0.000003 0.587786
vn 0.743145 0.000001 0.669131
vn 0.743145 0.000001 0.669131
vn 0.866025 0.000000 0.500001
vn 0.809017 0.000003 0.587786
vn 0.809016 0.000003 0.587786
vn 0.913545 -0.000000 0.406737
vn 0.866025 0.000000 0.500001
vn 0.866025 -0.000000 0.500001
vn 0.951056 -0.000000 0.309017
vn 0.913545 -0.000000 0.406737
vn 0.913545 -0.000000 0.406737
vn 0.978147 -0.000000 0.207912
vn 0.951056 -0.000000 0.309017
vn 0.951056 -0.000000 0.309017
vn 0.994496 -0.000000 0.104772
vn 0.978147 -0.000000 0.207912
vn 0.978147 -0.000000 0.207912
vn 0.999651 -0.000000 0.026422
vn 0.994496 -0.000000 0.104772
vn 0.994496 -0.000000 0.104772
vn 0.000000 0.000000 -1.000000
vn 0.000000 0.000000 -1.000000
vn 0.000000 0.000000 -1.000000
vn -1.000000 0.000023 -0.000024
vn -1.000000 0.000023 -0.000008
vn -1.000000 -0.000019 -0.000007
vn 1.000000 -0.000000 0.000001
vn 1.000000 -0.000000 0.000001
vn 1.000000 -0.000000 0.000001
vn 1.000000 -0.000000 0.000001
vn 1.000000 -0.000000 0.000001
vn 1.000000 -0.000000 0.000001
vn 1.000000 -0.000000 0.000002
vn 1.000000 -0.000000 0.000002
vn 1.000000 -0.000000 0.000002
vn -0.000002 -0.000000 1.000000
vn -0.000002 -0.000000 1.000000
vn -0.000002 -0.000000 1.000000
vn 0.000000 0.000000 -1.000000
vn 0.000000 0.000000 -1.000000
vn 0.000000 0.000000 -1.000000
vn 0.000000 1.000000 0.000000
vn 0.000000 1.000000 0.000000
vn 0.000000 1.000000 0.000000
vn 0.000000 1.000000 0.000000
vn 0.000000 1.000000 0.000000
vn 0.000000 1.000000 0.000000
vn 0.000000 1.000000 0.000000
vn 0.000000 1.000000 0.000000
vn 0.000000 1.000000 0.000000
vn 0.000000 1.000000 0.000000
vn 0.000000 1.000000 0.000000
vn 0.000000 1.000000 0.000000
vn 0.000000 1.000000 0.000000
vn 0.000000 1.000000 0.000000
vn 0.000000 1.000000 0.000000
vn 0.000000 1.000000 0.000000
vn 0.000000 1.000000 0.000000
vn 0.000000 1.000000 0.000000
vn 0.000000 1.000000 0.000000
vn 0.000000 1.000000 0.000000
vn 0.000000 1.000000 0.000000
vn 0.000000 1.000000 0.000000
vn 0.000000 1.000000 0.000000
vn 0.000000 1.000000 0.000000
vn 0.000000 1.000000 0.000000
vn 0.000000 1.000000 0.000000
vn 0.000000 1.000000 0.000000
vn 0.000000 1.000000 0.000000
vn 0.000000 1.000000 0.000000
vn 0.000000 1.000000 0.000000
vn 0.000000 1.000000 0.000000
vn 0.000000 1.000000 0.000000
vn 0.000000 1.000000 0.000000
vn 0.000000 1.000000 0.000000
vn 0.000000 1.000000 0.000000
vn 0.000000 1.000000 0.000000
vn 0.000000 1.000000 0.000000
vn 0.000000 1.000000 0.000000
vn 0.000000 1.000000 0.000000
vn 0.000000 1.000000 0.000000
vn 0.000000 1.000000 0.000000
vn 0.000000 1.000000 0.000000
vn 0.000000 1.000000 0.000000
vn 0.000000 1.000000 0.000000
vn 0.000000 1.000000 0.000000
vn 0.000000 1.000000 0.000000
vn 0.000000 1.000000 0.000000
vn 0.000000 1.000000 0.000000
vn 0.000000 1.000000 0.000000
vn 0.000000 1.000000 0.000000
vn 0.000000 1.000000 0.000000
vn -0.000000 1.000000 0.000000
vn 0.000000 1.000000 0.000000
vn -0.000001 1.000000 0.000003
vn -0.000005 1.000000 -0.000000
vn -0.000005 1.000000 -0.000000
vn -0.000005 1.000000 -0.000000
vn -0.000005 1.000000 0.000000
vn -0.000009 1.000000 0.000000
vn -0.000009 1.000000 0.000000
vn -0.000000 1.000000 0.000004
vn 0.000000 1.000000 0.000004
vn -0.000000 1.000000 0.000004
vn 0.000000 1.000000 -0.000000
vn 0.000000 1.000000 0.000000
vn 0.000000 1.000000 -0.000000
vn 0.000000 -1.000000 -0.000000
vn 0.000000 -1.000000 0.000000
vn 0.000000 -1.000000 -0.000000
vn 0.999651 -0.000000 0.026422
vn 0.999651 -0.000000 0.026422
vn 1.000000 0.000000 0.000000
vn 0.000000 -1.000000 0.000000
vn 0.000000 -1.000000 0.000000
vn 0.000000 -1.000000 0.000000
vn 0.000000 -1.000000 -0.000000
vn 0.000000 -1.000000 0.000000
vn 0.000000 -1.000000 -0.000000
vn 0.000000 -1.000000 -0.000000
vn 0.000000 -1.000000 -0.000000
vn 0.000000 -1.000000 -0.000000
vn 0.000000 -1.000000 -0.000000
vn 0.000000 -1.000000 -0.000000
vn 0.000000 -1.000000 -0.000000
vn 0.000000 -1.000000 -0.000000
vn 0.000000 -1.000000 -0.000000
vn 0.000000 -1.000000 -0.000000
vn 0.000000 -1.000000 -0.000000
vn 0.000000 -1.000000 -0.000000
vn 0.000000 -1.000000 -0.000000
vn 0.000000 -1.000000 -0.000000
vn 0.000000 -1.000000 -0.000000
vn 0.000000 -1.000000 -0.000000
vn 0.000000 -1.000000 -0.000000
vn 0.000000 -1.000000 -0.000000
vn 0.000000 -1.000000 -0.000000
vn -0.000000 -1.000000 -0.000000
vn 0.000000 -1.000000 -0.000000
vn -0.000000 -1.000000 -0.000000
vn 0.000000 -1.000000 -0.000000
vn 0.000000 -1.000000 0.000000
vn 0.000000 -1.000000 -0.000000
vn 0.079050 -0.000034 0.996871
vn 0.079054 -0.000000 0.996870
vn 0.001089 -0.001083 0.999999
vn 0.207912 -0.000000 0.978148
vn 0.207912 -0.000000 0.978148
vn 0.079054 -0.000000 0.996870
vn 0.309017 -0.000000 0.951057
vn 0.309017 -0.000000 0.951057
vn 0.207912 -0.000000 0.978148
vn 0.406736 -0.000000 0.913546
vn 0.406736 -0.000000 0.913546
vn 0.309017 -0.000000 0.951057
vn 0.499999 -0.000000 0.866026
vn 0.499999 -0.000000 0.866026
vn 0.406736 -0.000000 0.913546
vn 0.587785 -0.000000 0.809017
vn 0.587785 -0.000000 0.809017
vn 0.499999 -0.000000 0.866026
vn 0.669130 -0.000000 0.743145
vn 0.669130 -0.000000 0.743145
vn 0.587785 -0.000000 0.809017
vn 0.743144 -0.000001 0.669132
vn 0.743144 -0.000001 0.669132
vn 0.669130 -0.000000 0.743145
vn 0.809017 -0.000000 0.587785
vn 0.809017 -0.000000 0.587785
vn 0.743144 -0.000001 0.669132
vn 0.866025 -0.000000 0.500001
vn 0.866025 -0.000000 0.500001
vn 0.809017 -0.000000 0.587785
vn 0.913545 -0.000000 0.406738
vn 0.913545 -0.000000 0.406738
vn 0.866025 -0.000000 0.500001
vn 0.951056 -0.000000 0.309018
vn 0.951056 0.000000 0.309018
vn 0.913545 -0.000000 0.406738
vn 0.978147 0.000001 0.207913
vn 0.978147 0.000001 0.207912
vn 0.951056 0.000000 0.309018
vn 0.994521 0.000000 0.104537
vn 0.994521 -0.000000 0.104537
vn 0.978147 0.000001 0.207912
vn 0.999657 -0.000000 0.026185
vn 0.999657 -0.000000 0.026185
vn 0.994521 -0.000000 0.104537
vn 1.000000 -0.000000 0.000001
vn 1.000000 -0.000000 0.000001
vn 0.999657 -0.000000 0.026185
vn -0.000000 -0.000000 1.000000
vn 0.000000 -0.000000 1.000000
vn 0.000000 -0.000001 1.000000
vn 1.000000 -0.000002 0.000000
vn 1.000000 0.000002 0.000001
vn 1.000000 0.000002 0.000001
vn 0.000000 0.000000 -1.000000
vn 0.000000 0.000000 -1.000000
vn 0.000000 0.000000 -1.000000
vn 1.000000 -0.000000 0.000001
vn 1.000000 -0.000000 0.000001
vn 1.000000 -0.000000 0.000001
vn -0.000000 1.000000 0.000000
vn -0.000001 1.000000 0.000001
vn -0.000001 1.000000 0.000000
vn -0.000001 1.000000 0.000000
vn 0.000000 1.000000 0.000000
vn 0.000000 1.000000 0.000000
vn 0.000000 1.000000 0.000000
vn 0.000000 1.000000 0.000000
vn 0.000000 1.000000 0.000000
vn 0.000000 1.000000 0.000000
vn 0.000000 1.000000 0.000000
vn 0.000000 1.000000 0.000000
vn 0.000000 1.000000 0.000000
vn 0.000000 1.000000 0.000000
vn 0.000000 1.000000 0.000000
vn 0.000000 1.000000 0.000000
vn 0.000000 1.000000 0.000000
vn 0.000000 1.000000 0.000000
vn 0.000000 1.000000 0.000000
vn 0.000000 1.000000 0.000000
vn 0.000000 1.000000 0.000000
vn 0.000000 1.000000 0.000000
vn -0.000000 1.000000 -0.000000
vn -0.000000 1.000000 -0.000000
vn 0.000001 0.000000 1.000000
vn 0.000000 -0.000000 1.000000
vn -0.000000 0.000000 1.000000
vn 1.000000 0.000000 0.000001
vn 1.000000 -0.000000 0.000001
vn 1.000000 0.000000 0.000001
vn 0.000000 0.000000 -1.000000
vn 0.000000 0.000000 -1.000000
vn 0.000000 0.000000 -1.000000
vn 0.000000 0.000000 -1.000000
vn 0.000000 0.000000 -1.000000
vn 0.000000 0.000000 -1.000000
vn 0.000000 0.000000 -1.000000
vn 0.000000 0.000000 -1.000000
vn 0.000000 0.000000 -1.000000
vn 0.000000 0.000000 -1.000000
vn 0.000000 0.000000 -1.000000
vn 0.000000 0.000000 -1.000000
vn 0.000000 1.000000 0.000000
vn 0.000000 1.000000 0.000000
vn 0.000000 1.000000 0.000000
vn 1.000000 -0.000000 0.000000
vn 1.000000 -0.000000 0.000001
vn 1.000000 -0.000000 0.000000
vn 1.000000 0.000003 0.000001
vn 1.000000 0.000004 0.000001
vn 1.000000 0.000001 0.000002
vn 1.000000 -0.000000 0.000026
vn 1.000000 -0.000000 0.000026
vn 1.000000 -0.000000 0.000026
vn 1.000000 0.000000 0.000000
vn 1.000000 0.000000 0.000000
vn 1.000000 0.000000 0.000000
vn 1.000000 0.000000 0.000000
vn 1.000000 0.000000 0.000000
vn 1.000000 0.000000 0.000000
vn 1.000000 -0.000000 0.000026
vn 1.000000 0.000005 0.000026
vn 1.000000 -0.000000 0.000026
vn 1.000000 -0.000000 0.000001
vn 1.000000 -0.000000 0.000001
vn 1.000000 -0.000000 0.000001
vn 1.000000 -0.000000 0.000001
vn 1.000000 -0.000000 0.000001
vn 1.000000 -0.000000 0.000001
vn 1.000000 -0.000000 0.000001
vn 1.000000 -0.000000 0.000001
vn 1.000000 -0.000000 0.000001
vn 1.000000 -0.000015 0.000001
vn 1.000000 -0.000002 0.000001
vn 1.000000 -0.000002 0.000001
vn 0.000782 -0.000358 -1.000000
vn 0.000951 -0.000273 -1.000000
vn 0.000560 0.000064 -1.000000
vn 0.999657 -0.000000 0.026185
vn 1.000000 -0.000000 0.000001
vn 1.000000 -0.000000 0.000001
vn 0.001192 -0.000000 0.999999
vn 0.079054 -0.000000 0.996870
vn 0.079054 -0.000000 0.996870
vn 0.809017 -0.000000 0.587785
vn 0.866025 -0.000000 0.500001
vn 0.866025 -0.000000 0.500001
vn 0.587785 -0.000000 0.809017
vn 0.669130 -0.000000 0.743146
vn 0.669130 -0.000000 0.743146
vn 0.866025 -0.000000 0.500001
vn 0.913545 -0.000000 0.406738
vn 0.913545 -0.000000 0.406738
vn 0.499999 -0.000000 0.866026
vn 0.587785 -0.000000 0.809017
vn 0.587785 -0.000000 0.809017
vn 0.913545 -0.000000 0.406738
vn 0.951056 -0.000000 0.309017
vn 0.951056 -0.000000 0.309017
vn 0.406736 -0.000000 0.913546
vn 0.499999 -0.000000 0.866026
vn 0.499999 -0.000000 0.866026
vn 0.951056 -0.000000 0.309017
vn 0.978147 -0.000000 0.207913
vn 0.978147 -0.000000 0.207913
vn 0.309017 -0.000000 0.951057
vn 0.406736 -0.000000 0.913546
vn 0.406736 -0.000000 0.913546
vn 0.978147 -0.000000 0.207913
vn 0.994521 -0.000000 0.104537
vn 0.994521 -0.000000 0.104537
vn 0.207912 -0.000000 0.978148
vn 0.309017 -0.000000 0.951057
vn 0.309017 -0.000000 0.951057
vn 0.994521 -0.000000 0.104537
vn 0.999657 -0.000000 0.026185
vn 0.999657 -0.000000 0.026185
vn 0.079054 -0.000000 0.996870
vn 0.207912 -0.000000 0.978148
vn 0.207912 -0.000000 0.978148
vn 0.743144 -0.000000 0.669131
vn 0.809017 -0.000000 0.587785
vn 0.809017 -0.000000 0.587785
vn 0.669130 -0.000000 0.743146
vn 0.743144 -0.000000 0.669131
vn 0.743144 -0.000000 0.669131
vn 1.000000 0.000000 0.000001
vn 1.000000 0.000000 0.000001
vn 1.000000 0.000000 0.000001
vn 0.000000 1.000000 0.000000
vn 0.000000 1.000000 0.000000
vn 0.000000 1.000000 0.000000
vn 1.000000 -0.000004 0.000001
vn 1.000000 -0.000002 0.000001
vn 1.000000 -0.000003 0.000001
vn 1.000000 0.000000 -0.000008
vn 1.000000 0.000000 -0.000007
vn 1.000000 0.000000 -0.000019
vn 1.000000 0.000000 0.000005
vn 1.000000 0.000000 0.000005
vn 1.000000 0.000000 0.000003
vn 0.000000 0.000000 -1.000000
vn 0.000000 0.000000 -1.000000
vn 0.000000 0.000000 -1.000000
vn -0.000000 -0.000000 1.000000
vn 0.000000 -0.000000 1.000000
vn -0.000000 -0.000000 1.000000
vn 1.000000 0.000029 0.000001
vn 1.000000 0.000029 0.000001
vn 1.000000 0.000013 0.000001
vn 0.000003 0.000002 -1.000000
vn 0.000004 0.000000 -1.000000
vn 0.000001 0.000011 -1.000000
vn 0.000000 1.000000 0.000000
vn 0.000000 1.000000 0.000000
vn 0.000000 1.000000 0.000000
vn -0.000000 1.000000 0.000001
vn 0.000000 1.000000 0.000000
vn -0.000002 1.000000 0.000006
vn 0.000008 -0.000003 -1.000000
vn 0.000006 0.000000 -1.000000
vn 0.000007 -0.000006 -1.000000
vn 1.000000 0.000000 0.000001
vn 1.000000 0.000000 0.000001
vn 1.000000 -0.000000 0.000001
vn -0.000000 1.000000 0.000000
vn -0.000001 1.000000 0.000001
vn -0.000001 1.000000 0.000000
vn -0.000001 1.000000 0.000000
vn 0.000000 1.000000 0.000000
vn 0.000000 1.000000 0.000000
vn 1.000000 0.000000 0.000001
vn 1.000000 0.000000 0.000001
vn 1.000000 0.000000 0.000001
vn -0.000004 -0.000001 1.000000
vn -0.000002 -0.000006 1.000000
vn -0.000002 -0.000005 1.000000
vn -0.000000 1.000000 -0.000000
vn -0.000001 1.000000 -0.000004
vn -0.000001 1.000000 -0.000003
vn -0.000001 -0.000003 1.000000
vn 0.000001 -0.000009 1.000000
vn -0.000001 -0.000005 1.000000
vn 0.000000 -1.000000 -0.000000
vn 0.000000 -1.000000 -0.000000
vn 0.000000 -1.000000 -0.000000
vn 0.000000 -1.000000 -0.000000
vn 0.000000 -1.000000 -0.000000
vn 0.000000 -1.000000 -0.000000
vn 0.000000 -1.000000 -0.000000
vn 0.000000 -1.000000 -0.000000
vn 0.000000 -1.000000 -0.000000
vn 0.000000 1.000000 0.000000
vn 0.000000 1.000000 0.000000
vn 0.000000 1.000000 0.000000
vn 0.000000 -0.000000 1.000000
vn 0.000000 -0.000000 1.000000
vn 0.000000 -0.000000 1.000000
vn 0.000000 -0.000000 1.000000
vn 0.000000 -0.000000 1.000000
vn 0.000000 -0.000000 1.000000
vn 0.000000 -0.000000 1.000000
vn 0.000000 -0.000000 1.000000
vn 0.000000 -0.000000 1.000000
vn 0.000000 -0.000000 1.000000
vn 0.000000 -0.000000 1.000000
vn 0.000000 -0.000000 1.000000
vn 1.000000 -0.000000 0.000000
vn 1.000000 -0.000000 0.000000
vn 1.000000 -0.000000 0.000000
vn 1.000000 -0.000000 0.000000
vn 1.000000 -0.000000 0.000000
vn 1.000000 -0.000000 0.000000
vn 1.000000 -0.000000 0.000000
vn 1.000000 -0.000000 0.000000
vn 1.000000 -0.000000 0.000000
vn 0.000000 -1.000000 0.000000
vn 0.000000 -1.000000 0.000000
vn 0.000000 -1.000000 0.000000
vn 0.000000 -1.000000 0.000000
vn 0.000000 -1.000000 0.000000
vn 0.000000 -1.000000 0.000000
vn -0.000000 1.000000 0.000000
vn 0.000000 1.000000 0.000000
vn -0.000000 1.000000 0.000000
vn -0.000642 -1.000000 -0.000000
vn -0.000642 -1.000000 -0.000000
vn -0.000642 -1.000000 -0.000000
vn 0.000000 1.000000 0.000000
vn 0.000000 1.000000 0.000000
vn 0.000000 1.000000 0.000000
vn 0.000000 1.000000 0.000000
vn 0.000000 1.000000 0.000000
vn 0.000000 1.000000 0.000000
vn -0.000000 0.000000 -1.000000
vn -0.000000 0.000000 -1.000000
vn -0.000000 0.000000 -1.000000
vn -0.000000 0.000000 -1.000000
vn -0.000000 0.000000 -1.000000
vn -0.000000 0.000000 -1.000000
vn -0.000000 0.000000 -1.000000
vn -0.000000 0.000000 -1.000000
vn -0.000000 0.000000 -1.000000
vn -0.000000 0.000000 -1.000000
vn -0.000000 0.000000 -1.000000
vn -0.000000 0.000000 -1.000000
vn 1.000000 -0.000000 0.000000
vn 1.000000 -0.000000 0.000000
vn 1.000000 -0.000000 0.000000
vn -0.009351 -0.999874 0.012801
vn -0.023270 -0.999222 0.031855
vn -0.013928 -0.999721 0.019067
vn 0.009351 0.999874 -0.012801
vn 0.000000 1.000000 -0.000000
vn 0.013928 0.999721 -0.019067
vn 0.000000 0.000000 1.000000
vn 0.000000 -0.000000 1.000000
vn 0.000000 -0.000000 1.000000
vn 0.000000 0.000000 1.000000
vn 0.000000 -0.000000 1.000000
vn 0.000000 -0.000000 1.000000
vn 0.000000 0.000000 1.000000
vn 0.000000 -0.000000 1.000000
vn 0.000000 -0.000000 1.000000
vn 0.000000 -0.000000 1.000000
vn 0.000000 -0.000000 1.000000
vn 0.000000 -0.000000 1.000000
vn 1.000000 -0.000000 0.000000
vn 1.000000 -0.000000 0.000001
vn 1.000000 -0.000000 0.000000
vn 1.000000 -0.000000 0.000000
vn 1.000000 -0.000000 0.000001
vn 1.000000 -0.000000 0.000000
vn 1.000000 -0.000000 0.000000
vn 1.000000 -0.000000 0.000001
vn 1.000000 -0.000000 0.000000
vn 0.000000 -1.000000 0.000000
vn 0.000000 -1.000000 0.000000
vn 0.000000 -1.000000 0.000000
vn 0.000000 -1.000000 0.000000
vn 0.000000 -1.000000 0.000000
vn 0.000000 -1.000000 0.000000
vn 0.000000 1.000000 0.000000
vn 0.000000 1.000000 0.000000
vn 0.000000 1.000000 0.000000
vn -0.010380 -0.999861 0.013036
vn -0.024553 -0.999172 0.032439
vn -0.015041 -0.999698 0.019417
vn 0.009390 0.999877 -0.012592
vn 0.000064 1.000000 0.000174
vn 0.013954 0.999725 -0.018840
vn 0.000000 -1.000000 -0.000000
vn 0.000000 -1.000000 -0.000000
vn 0.000000 -1.000000 -0.000000
vn 0.000000 -1.000000 -0.000000
vn 0.000000 -1.000000 -0.000000
vn 0.000000 -1.000000 -0.000000
vn -0.012847 -0.999858 -0.010934
vn 0.000000 -1.000000 -0.000000
vn -0.010466 -0.999906 -0.008908
vn 0.000000 -1.000000 -0.000000
vn 0.000000 -1.000000 -0.000000
vn 0.000000 -1.000000 -0.000000
vn 0.000000 -1.000000 -0.000000
vn 0.000000 -1.000000 -0.000000
vn 0.000000 -1.000000 -0.000000
vn 0.000000 -1.000000 -0.000000
vn 0.000000 -1.000000 -0.000000
vn 0.000000 -1.000000 -0.000000
vn 0.000000 -1.000000 -0.000000
vn 0.000000 -1.000000 -0.000000
vn 0.000000 -1.000000 -0.000000
vn 0.000000 -1.000000 -0.000000
vn 0.000000 -1.000000 -0.000000
vn 0.000000 -1.000000 -0.000000
vn 0.000000 -1.000000 -0.000000
vn 0.000000 -1.000000 -0.000000
vn 0.000000 -1.000000 0.000000
vn 0.000000 1.000000 0.000000
vn 0.000000 1.000000 0.000000
vn 0.000000 1.000000 0.000000
vn 0.000000 1.000000 0.000000
vn 0.000000 1.000000 0.000000
vn 0.000000 1.000000 0.000000
vn 0.000000 1.000000 0.000000
vn 0.000000 1.000000 0.000000
vn 0.000000 1.000000 0.000000
vn 0.000000 1.000000 0.000000
vn 0.000000 1.000000 0.000000
vn 0.000000 1.000000 0.000000
vn 0.000000 1.000000 0.000000
vn 0.000000 1.000000 0.000000
vn 0.000000 1.000000 0.000000
vn 0.000000 1.000000 0.000000
vn 0.000000 1.000000 0.000000
vn 0.000000 1.000000 0.000000
vn 0.000000 -1.000000 -0.000000
vn 0.000000 -1.000000 -0.000000
vn 0.000000 -1.000000 -0.000000
vn 0.000000 -1.000000 -0.000000
vn 0.000000 -1.000000 -0.000000
vn 0.000000 -1.000000 -0.000000
vn 0.000000 -1.000000 -0.000000
vn 0.000000 -1.000000 -0.000000
vn 0.000000 -1.000000 -0.000000
vn 0.000000 -1.000000 -0.000000
vn 0.000000 -1.000000 -0.000000
vn 0.000000 -1.000000 -0.000000
vn 0.000000 -1.000000 -0.000000
vn 0.000000 -1.000000 -0.000000
vn 0.000000 -1.000000 -0.000000
vn 0.000000 -1.000000 -0.000000
vn 0.000000 -1.000000 -0.000000
vn 0.000000 -1.000000 -0.000000
vn 0.000000 1.000000 0.000000
vn 0.000000 1.000000 0.000000
vn 0.000000 1.000000 0.000000
vn 0.000000 1.000000 0.000000
vn 0.000000 1.000000 0.000000
vn 0.000000 1.000000 0.000000
vn 0.000000 1.000000 0.000000
vn 0.000000 1.000000 0.000000
vn 0.000000 1.000000 0.000000
vn 0.000000 1.000000 0.000000
vn 0.000000 1.000000 0.000000
vn 0.000000 1.000000 0.000000
vn 0.000000 1.000000 0.000000
vn 0.000000 1.000000 0.000000
vn 0.000000 1.000000 0.000000
vn 0.000000 1.000000 0.000000
vn 0.000000 1.000000 0.000000
vn 0.000000 1.000000 0.000000
vn 0.000000 -1.000000 -0.000000
vn 0.000000 -1.000000 -0.000000
vn 0.000000 -1.000000 -0.000000
vn 0.000000 -1.000000 -0.000000
vn 0.000000 -1.000000 -0.000000
vn 0.000000 -1.000000 -0.000000
vn 0.000000 -1.000000 -0.000000
vn 0.000000 -1.000000 -0.000000
vn 0.000000 -1.000000 -0.000000
vn 0.000000 -1.000000 -0.000000
vn 0.000000 -1.000000 -0.000000
vn 0.000000 -1.000000 -0.000000
vn 0.000000 -1.000000 -0.000000
vn 0.000000 -1.000000 -0.000000
vn 0.000000 -1.000000 -0.000000
vn 0.000000 -1.000000 -0.000000
vn 0.000000 -1.000000 -0.000000
vn 0.000000 -1.000000 0.000000
vn 0.999657 -0.000000 0.026185
vn 1.000000 -0.000000 0.000001
vn 1.000000 -0.000000 0.000001
vn 0.001192 -0.000000 0.999999
vn 0.079054 -0.000000 0.996870
vn 0.079054 -0.000000 0.996870
vn 0.809017 -0.000000 0.587785
vn 0.866025 -0.000000 0.500001
vn 0.866025 -0.000000 0.500001
vn 0.587785 -0.000000 0.809017
vn 0.669130 -0.000000 0.743146
vn 0.669130 -0.000000 0.743146
vn 0.866025 -0.000000 0.500001
vn 0.913545 -0.000000 0.406738
vn 0.913545 -0.000000 0.406738
vn 0.499999 -0.000000 0.866026
vn 0.587785 -0.000000 0.809017
vn 0.587785 -0.000000 0.809017
vn 0.913545 -0.000000 0.406738
vn 0.951056 -0.000000 0.309017
vn 0.951056 -0.000000 0.309017
vn 0.406736 -0.000000 0.913546
vn 0.499999 -0.000000 0.866026
vn 0.499999 -0.000000 0.866026
vn 0.951056 -0.000000 0.309017
vn 0.978147 -0.000000 0.207913
vn 0.978147 -0.000000 0.207913
vn 0.309017 -0.000000 0.951057
vn 0.406736 -0.000000 0.913546
vn 0.406736 -0.000000 0.913546
vn 0.978147 -0.000000 0.207913
vn 0.994521 -0.000000 0.104537
vn 0.994521 -0.000000 0.104537
vn 0.207912 -0.000000 0.978148
vn 0.309017 -0.000000 0.951057
vn 0.309017 -0.000000 0.951057
vn 0.994521 -0.000000 0.104537
vn 0.999657 -0.000000 0.026185
vn 0.999657 -0.000000 0.026185
vn 0.079054 -0.000000 0.996870
vn 0.207912 -0.000000 0.978148
vn 0.207912 -0.000000 0.978148
vn 0.743144 -0.000000 0.669131
vn 0.809017 -0.000000 0.587785
vn 0.809017 -0.000000 0.587785
vn 0.669130 -0.000000 0.743146
vn 0.743144 -0.000000 0.669131
vn 0.743144 -0.000000 0.669131
vn 1.000000 -0.000000 0.000001
vn 1.000000 -0.000000 0.000001
vn 1.000000 -0.000000 0.000001
vn 0.000000 1.000000 0.000000
vn 0.000000 1.000000 0.000000
vn 0.000000 1.000000 0.000000
vn -0.012847 -0.999858 -0.010934
vn 0.000000 -1.000000 -0.000000
vn -0.010466 -0.999906 -0.008908
vn 0.185195 -0.965094 0.185195
vn 0.000000 -1.000000 -0.000000
vn 0.287304 -0.957840 -0.000000
vn 1.000000 0.000000 0.000000
vn 0.996215 -0.086928 -0.000000
vn 1.000000 0.000000 0.000000
vn 0.000000 -0.000000 1.000000
vn 0.000000 -0.086927 0.996215
vn 0.000000 -0.000000 1.000000
vn 0.000000 -0.957839 0.287304
vn 0.185195 -0.965094 0.185195
vn 0.000000 -0.882597 0.470130
vn 0.185195 -0.965094 0.185195
vn 0.470130 -0.882597 -0.000000
vn 0.249240 -0.935820 0.249240
vn 0.996215 -0.086928 -0.000000
vn 0.982836 -0.184484 -0.000000
vn 0.996215 -0.086928 -0.000000
vn 0.000000 -0.086927 0.996215
vn 0.000000 -0.086927 0.996215
vn 0.000000 -0.184483 0.982836
vn 0.000000 0.000000 -1.000000
vn 0.000000 -0.086927 -0.996215
vn 0.000000 -0.086927 -0.996215
vn -1.000000 0.000000 0.000000
vn -0.996215 -0.086927 -0.000000
vn -0.996215 -0.086927 -0.000000
vn -0.470129 -0.882598 -0.000000
vn -0.249240 -0.935820 -0.249240
vn -0.249239 -0.935820 -0.249240
vn -0.249239 -0.935820 -0.249240
vn 0.000000 -0.882597 -0.470130
vn 0.000000 -0.882597 -0.470130
vn 0.000000 -0.086927 -0.996215
vn 0.000000 -0.184483 -0.982836
vn 0.000000 -0.184483 -0.982836
vn -0.982836 -0.184483 -0.000000
vn -0.982836 -0.184483 -0.000000
vn -0.996215 -0.086927 -0.000000
vn 0.185194 -0.965094 0.185196
vn 0.000000 -1.000000 -0.000000
vn 0.287302 -0.957840 -0.000000
vn 1.000000 0.000000 0.000000
vn 0.996215 -0.086927 -0.000000
vn 1.000000 0.000000 0.000000
vn 0.000000 -0.000000 1.000000
vn 0.000000 -0.086928 0.996215
vn 0.000000 -0.000000 1.000000
vn 0.000000 -0.957839 0.287305
vn 0.185194 -0.965094 0.185196
vn 0.000000 -0.882596 0.470132
vn 0.185194 -0.965094 0.185196
vn 0.470129 -0.882598 -0.000000
vn 0.249240 -0.935820 0.249240
vn 0.996215 -0.086927 -0.000000
vn 0.982836 -0.184483 -0.000000
vn 0.996215 -0.086927 -0.000000
vn 0.000000 -0.086928 0.996215
vn 0.000000 -0.086928 0.996215
vn 0.000000 -0.184484 0.982836
vn 0.000000 0.000000 -1.000000
vn 0.000000 -0.086928 -0.996215
vn 0.000000 -0.086928 -0.996215
vn -1.000000 0.000000 0.000000
vn -0.996215 -0.086927 -0.000000
vn -0.996215 -0.086927 0.000000
vn -0.470130 -0.882597 0.000000
vn -0.249241 -0.935820 -0.249240
vn -0.249239 -0.935820 -0.249241
vn -0.249239 -0.935820 -0.249241
vn 0.000000 -0.882596 -0.470132
vn 0.000000 -0.882596 -0.470132
vn 0.000000 -0.086928 -0.996215
vn 0.000000 -0.184484 -0.982836
vn 0.000000 -0.184484 -0.982836
vn -0.982836 -0.184483 0.000001
vn -0.982836 -0.184483 0.000001
vn -0.996215 -0.086927 0.000000
vn 0.185195 -0.965094 0.185196
vn 0.000000 -1.000000 -0.000000
vn 0.287304 -0.957840 -0.000000
vn 1.000000 0.000000 0.000000
vn 0.996215 -0.086927 -0.000000
vn 1.000000 0.000000 0.000000
vn 0.000000 -0.000000 1.000000
vn 0.000000 -0.086928 0.996215
vn 0.000000 -0.000000 1.000000
vn 0.000000 -0.957839 0.287305
vn 0.185195 -0.965094 0.185196
vn 0.000000 -0.882596 0.470132
vn 0.185195 -0.965094 0.185196
vn 0.470130 -0.882597 -0.000000
vn 0.249241 -0.935820 0.249241
vn 0.996215 -0.086927 -0.000000
vn 0.982836 -0.184483 -0.000000
vn 0.996215 -0.086927 -0.000000
vn 0.000000 -0.086928 0.996215
vn 0.000000 -0.086928 0.996215
vn 0.000000 -0.184484 0.982836
vn 0.000000 0.000000 -1.000000
vn 0.000000 -0.086928 -0.996215
vn 0.000000 -0.086928 -0.996215
vn -1.000000 0.000000 0.000000
vn -0.996215 -0.086927 -0.000000
vn -0.996215 -0.086927 -0.000000
vn -0.470130 -0.882597 -0.000000
vn -0.249241 -0.935820 -0.249241
vn -0.249240 -0.935820 -0.249241
vn -0.249240 -0.935820 -0.249241
vn 0.000000 -0.882596 -0.470132
vn 0.000000 -0.882596 -0.470132
vn 0.000000 -0.086928 -0.996215
vn 0.000000 -0.184484 -0.982836
vn 0.000000 -0.184484 -0.982836
vn -0.982836 -0.184483 -0.000000
vn -0.982836 -0.184483 -0.000000
vn -0.996215 -0.086927 -0.000000
vn 0.185195 -0.965094 0.185194
vn 0.000000 -1.000000 -0.000000
vn 0.287304 -0.957839 -0.000000
vn 1.000000 0.000000 -0.000000
vn 0.996215 -0.086927 -0.000000
vn 1.000000 0.000000 -0.000000
vn 0.000000 -0.000000 1.000000
vn 0.000000 -0.086927 0.996215
vn 0.000000 -0.000000 1.000000
vn 0.000000 -0.957840 0.287302
vn 0.185195 -0.965094 0.185194
vn 0.000000 -0.882598 0.470129
vn 0.185195 -0.965094 0.185194
vn 0.470130 -0.882597 -0.000000
vn 0.249240 -0.935820 0.249240
vn 0.996215 -0.086927 -0.000000
vn 0.982836 -0.184483 -0.000000
vn 0.996215 -0.086927 -0.000000
vn 0.000000 -0.086927 0.996215
vn 0.000000 -0.086927 0.996215
vn 0.000000 -0.184482 0.982836
vn 0.000000 0.000000 -1.000000
vn 0.000000 -0.086927 -0.996215
vn 0.000000 -0.086927 -0.996215
vn -1.000000 -0.000000 0.000000
vn -0.996215 -0.086927 0.000000
vn -0.996215 -0.086927 0.000000
vn -0.470131 -0.882597 0.000000
vn -0.249240 -0.935820 -0.249240
vn -0.249240 -0.935820 -0.249239
vn -0.249240 -0.935820 -0.249239
vn 0.000000 -0.882598 -0.470129
vn 0.000000 -0.882598 -0.470129
vn 0.000000 -0.086927 -0.996215
vn 0.000000 -0.184482 -0.982836
vn 0.000000 -0.184482 -0.982836
vn -0.982836 -0.184483 0.000000
vn -0.982836 -0.184483 0.000000
vn -0.996215 -0.086927 0.000000
vn 0.185195 -0.965094 0.185194
vn 0.000000 -1.000000 -0.000000
vn 0.287304 -0.957839 -0.000000
vn 1.000000 0.000000 0.000000
vn 0.996215 -0.086928 -0.000000
vn 1.000000 0.000000 0.000000
vn 0.000000 -0.000000 1.000000
vn 0.000000 -0.086927 0.996215
vn 0.000000 -0.000000 1.000000
vn 0.000000 -0.957840 0.287303
vn 0.185195 -0.965094 0.185194
vn 0.000000 -0.882598 0.470129
vn 0.185195 -0.965094 0.185194
vn 0.470130 -0.882597 -0.000000
vn 0.249240 -0.935820 0.249240
vn 0.996215 -0.086928 -0.000000
vn 0.982836 -0.184484 -0.000000
vn 0.996215 -0.086928 -0.000000
vn 0.000000 -0.086927 0.996215
vn 0.000000 -0.086927 0.996215
vn 0.000000 -0.184482 0.982836
vn 0.000000 0.000000 -1.000000
vn 0.000000 -0.086927 -0.996215
vn 0.000000 -0.086927 -0.996215
vn -1.000000 0.000000 0.000000
vn -0.996215 -0.086927 -0.000000
vn -0.996215 -0.086927 -0.000000
vn -0.470129 -0.882598 -0.000000
vn -0.249239 -0.935820 -0.249239
vn -0.249239 -0.935820 -0.249239
vn -0.249239 -0.935820 -0.249239
vn 0.000000 -0.882598 -0.470129
vn 0.000000 -0.882598 -0.470129
vn 0.000000 -0.086927 -0.996215
vn 0.000000 -0.184482 -0.982836
vn 0.000000 -0.184482 -0.982836
vn -0.982836 -0.184483 -0.000000
vn -0.982836 -0.184483 -0.000000
vn -0.996215 -0.086927 -0.000000
vn 0.185195 -0.965094 0.185194
vn 0.000000 -1.000000 -0.000000
vn 0.287304 -0.957839 -0.000000
vn 1.000000 0.000000 0.000000
vn 0.996215 -0.086927 -0.000000
vn 1.000000 0.000000 0.000000
vn 0.000000 -0.000000 1.000000
vn 0.000000 -0.086926 0.996215
vn 0.000000 -0.000000 1.000000
vn 0.000000 -0.957840 0.287302
vn 0.185195 -0.965094 0.185194
vn 0.000000 -0.882598 0.470129
vn 0.185195 -0.965094 0.185194
vn 0.470130 -0.882597 -0.000000
vn 0.249240 -0.935820 0.249240
vn 0.996215 -0.086927 -0.000000
vn 0.982836 -0.184483 -0.000000
vn 0.996215 -0.086927 -0.000000
vn 0.000000 -0.086926 0.996215
vn 0.000000 -0.086926 0.996215
vn 0.000000 -0.184481 0.982836
vn 0.000000 0.000000 -1.000000
vn 0.000000 -0.086926 -0.996215
vn 0.000000 -0.086926 -0.996215
vn -1.000000 0.000000 0.000000
vn -0.996215 -0.086927 -0.000000
vn -0.996215 -0.086927 -0.000000
vn -0.470130 -0.882597 -0.000000
vn -0.249240 -0.935820 -0.249240
vn -0.249240 -0.935820 -0.249239
vn -0.249240 -0.935820 -0.249239
vn 0.000000 -0.882598 -0.470129
vn 0.000000 -0.882598 -0.470129
vn 0.000000 -0.086926 -0.996215
vn 0.000000 -0.184481 -0.982836
vn 0.000000 -0.184481 -0.982836
vn -0.982836 -0.184483 -0.000000
vn -0.982836 -0.184483 -0.000000
vn -0.996215 -0.086927 -0.000000
vn 0.185194 -0.965094 0.185194
vn 0.000000 -1.000000 -0.000000
vn 0.287302 -0.957840 -0.000001
vn 1.000000 0.000000 -0.000001
vn 0.996215 -0.086927 -0.000001
vn 1.000000 0.000000 -0.000001
vn 0.000000 -0.000000 1.000000
vn 0.000000 -0.086926 0.996215
vn 0.000000 -0.000000 1.000000
vn 0.000000 -0.957840 0.287302
vn 0.185194 -0.965094 0.185194
vn 0.000000 -0.882598 0.470129
vn 0.185194 -0.965094 0.185194
vn 0.470128 -0.882598 -0.000001
vn 0.249239 -0.935820 0.249239
vn 0.996215 -0.086927 -0.000001
vn 0.982836 -0.184483 -0.000001
vn 0.996215 -0.086927 -0.000001
vn 0.000000 -0.086926 0.996215
vn 0.000000 -0.086926 0.996215
vn 0.000000 -0.184481 0.982836
vn 0.000000 0.000000 -1.000000
vn 0.000000 -0.086926 -0.996215
vn 0.000000 -0.086926 -0.996215
vn -1.000000 -0.000000 0.000001
vn -0.996215 -0.086927 0.000001
vn -0.996215 -0.086927 0.000001
vn -0.470128 -0.882598 0.000001
vn -0.249239 -0.935820 -0.249239
vn -0.249239 -0.935820 -0.249239
vn -0.249239 -0.935820 -0.249239
vn 0.000000 -0.882598 -0.470129
vn 0.000000 -0.882598 -0.470129
vn 0.000000 -0.086926 -0.996215
vn 0.000000 -0.184481 -0.982836
vn 0.000000 -0.184481 -0.982836
vn -0.982836 -0.184483 0.000001
vn -0.982836 -0.184483 0.000001
vn -0.996215 -0.086927 0.000001
vn 0.185194 -0.965094 0.185195
vn 0.000000 -1.000000 -0.000000
vn 0.287302 -0.957840 -0.000000
vn 1.000000 0.000000 0.000000
vn 0.996215 -0.086927 -0.000000
vn 1.000000 0.000000 0.000000
vn 0.000000 -0.000000 1.000000
vn 0.000000 -0.086927 0.996215
vn 0.000000 -0.000000 1.000000
vn 0.000000 -0.957840 0.287304
vn 0.185194 -0.965094 0.185195
vn 0.000000 -0.882597 0.470130
vn 0.185194 -0.965094 0.185195
vn 0.470129 -0.882598 -0.000000
vn 0.249240 -0.935820 0.249240
vn 0.996215 -0.086927 -0.000000
vn 0.982836 -0.184483 -0.000000
vn 0.996215 -0.086927 -0.000000
vn 0.000000 -0.086927 0.996215
vn 0.000000 -0.086927 0.996215
vn 0.000000 -0.184483 0.982836
vn 0.000000 0.000000 -1.000000
vn 0.000000 -0.086927 -0.996215
vn 0.000000 -0.086927 -0.996215
vn -1.000000 0.000000 0.000000
vn -0.996215 -0.086927 -0.000000
vn -0.996215 -0.086927 0.000000
vn -0.470130 -0.882597 0.000000
vn -0.249240 -0.935820 -0.249239
vn -0.249239 -0.935820 -0.249240
vn -0.249239 -0.935820 -0.249240
vn 0.000000 -0.882597 -0.470130
vn 0.000000 -0.882597 -0.470130
vn 0.000000 -0.086927 -0.996215
vn 0.000000 -0.184483 -0.982836
vn 0.000000 -0.184483 -0.982836
vn -0.982836 -0.184483 0.000001
vn -0.982836 -0.184483 0.000001
vn -0.996215 -0.086927 0.000000
vn 0.185195 -0.965094 0.185195
vn 0.000000 -1.000000 -0.000000
vn 0.287304 -0.957840 -0.000000
vn 1.000000 0.000000 0.000000
vn 0.996215 -0.086927 -0.000000
vn 1.000000 0.000000 0.000000
vn 0.000000 -0.000000 1.000000
vn 0.000000 -0.086927 0.996215
vn 0.000000 -0.000000 1.000000
vn 0.000000 -0.957840 0.287304
vn 0.185195 -0.965094 0.185195
vn 0.000000 -0.882597 0.470130
vn 0.185195 -0.965094 0.185195
vn 0.470130 -0.882597 -0.000000
vn 0.249240 -0.935820 0.249240
vn 0.996215 -0.086927 -0.000000
vn 0.982836 -0.184483 -0.000000
vn 0.996215 -0.086927 -0.000000
vn 0.000000 -0.086927 0.996215
vn 0.000000 -0.086927 0.996215
vn 0.000000 -0.184483 0.982836
vn 0.000000 0.000000 -1.000000
vn 0.000000 -0.086927 -0.996215
vn 0.000000 -0.086927 -0.996215
vn -1.000000 0.000000 0.000000
vn -0.996215 -0.086927 -0.000000
vn -0.996215 -0.086927 -0.000000
vn -0.470130 -0.882597 -0.000000
vn -0.249240 -0.935820 -0.249240
vn -0.249240 -0.935820 -0.249240
vn -0.249240 -0.935820 -0.249240
vn 0.000000 -0.882597 -0.470130
vn 0.000000 -0.882597 -0.470130
vn 0.000000 -0.086927 -0.996215
vn 0.000000 -0.184483 -0.982836
vn 0.000000 -0.184483 -0.982836
vn -0.982836 -0.184483 -0.000000
vn -0.982836 -0.184483 -0.000000
vn -0.996215 -0.086927 -0.000000
vn 0.185195 -0.965094 0.185195
vn 0.000000 -1.000000 -0.000000
vn 0.287304 -0.957840 -0.000000
vn 1.000000 0.000000 0.000000
vn 0.996215 -0.086927 -0.000000
vn 1.000000 0.000000 0.000000
vn 0.000000 -0.000000 1.000000
vn 0.000000 -0.086927 0.996215
vn 0.000000 -0.000000 1.000000
vn 0.000000 -0.957840 0.287304
vn 0.185195 -0.965094 0.185195
vn 0.000000 -0.882597 0.470130
vn 0.185195 -0.965094 0.185195
vn 0.470130 -0.882597 -0.000000
vn 0.249240 -0.935820 0.249240
vn 0.996215 -0.086927 -0.000000
vn 0.982836 -0.184483 -0.000000
vn 0.996215 -0.086927 -0.000000
vn 0.000000 -0.086927 0.996215
vn 0.000000 -0.086927 0.996215
vn 0.000000 -0.184483 0.982836
vn 0.000000 0.000000 -1.000000
vn 0.000000 -0.086927 -0.996215
vn 0.000000 -0.086927 -0.996215
vn -1.000000 0.000000 0.000000
vn -0.996215 -0.086927 -0.000000
vn -0.996215 -0.086927 -0.000000
vn -0.470130 -0.882597 -0.000000
vn -0.249240 -0.935820 -0.249240
vn -0.249240 -0.935820 -0.249240
vn -0.249240 -0.935820 -0.249240
vn 0.000000 -0.882597 -0.470130
vn 0.000000 -0.882597 -0.470130
vn 0.000000 -0.086927 -0.996215
vn 0.000000 -0.184483 -0.982836
vn 0.000000 -0.184483 -0.982836
vn -0.982836 -0.184483 -0.000000
vn -0.982836 -0.184483 -0.000000
vn -0.996215 -0.086927 -0.000000
vn 0.185195 -0.965094 0.185194
vn 0.000000 -1.000000 -0.000000
vn 0.287304 -0.957839 -0.000000
vn 1.000000 0.000000 0.000000
vn 0.996215 -0.086927 -0.000000
vn 1.000000 0.000000 0.000000
vn 0.000000 -0.000000 1.000000
vn 0.000000 -0.086927 0.996215
vn 0.000000 -0.000000 1.000000
vn 0.000000 -0.957840 0.287302
vn 0.185195 -0.965094 0.185194
vn 0.000000 -0.882598 0.470129
vn 0.185195 -0.965094 0.185194
vn 0.470130 -0.882597 -0.000000
vn 0.249240 -0.935820 0.249240
vn 0.996215 -0.086927 -0.000000
vn 0.982836 -0.184483 -0.000000
vn 0.996215 -0.086927 -0.000000
vn 0.000000 -0.086927 0.996215
vn 0.000000 -0.086927 0.996215
vn 0.000000 -0.184482 0.982836
vn 0.000000 0.000000 -1.000000
vn 0.000000 -0.086927 -0.996215
vn 0.000000 -0.086927 -0.996215
vn -1.000000 0.000000 0.000000
vn -0.996215 -0.086927 -0.000000
vn -0.996215 -0.086927 -0.000000
vn -0.470130 -0.882597 -0.000000
vn -0.249240 -0.935820 -0.249240
vn -0.249240 -0.935820 -0.249239
vn -0.249240 -0.935820 -0.249239
vn 0.000000 -0.882598 -0.470129
vn 0.000000 -0.882598 -0.470129
vn 0.000000 -0.086927 -0.996215
vn 0.000000 -0.184482 -0.982836
vn 0.000000 -0.184482 -0.982836
vn -0.982836 -0.184483 -0.000000
vn -0.982836 -0.184483 -0.000000
vn -0.996215 -0.086927 -0.000000
vn 0.185195 -0.965094 0.185195
vn 0.000000 -0.957839 0.287304
vn 0.000000 -1.000000 -0.000000
vn 1.000000 0.000000 0.000000
vn 0.996215 -0.086928 -0.000000
vn 0.996215 -0.086928 -0.000000
vn 0.000000 -0.000000 1.000000
vn 0.000000 -0.086927 0.996215
vn 0.000000 -0.086927 0.996215
vn 0.185195 -0.965094 0.185195
vn 0.249240 -0.935820 0.249240
vn 0.000000 -0.882597 0.470130
vn 0.185195 -0.965094 0.185195
vn 0.287304 -0.957840 -0.000000
vn 0.470130 -0.882597 -0.000000
vn 0.996215 -0.086928 -0.000000
vn 0.982836 -0.184484 -0.000000
vn 0.982836 -0.184484 -0.000000
vn 0.000000 -0.086927 0.996215
vn 0.000000 -0.184483 0.982836
vn 0.000000 -0.184483 0.982836
vn 0.000000 0.000000 -1.000000
vn 0.000000 0.000000 -1.000000
vn 0.000000 -0.086927 -0.996215
vn -1.000000 0.000000 0.000000
vn -1.000000 0.000000 0.000000
vn -0.996215 -0.086927 -0.000000
vn -0.249239 -0.935820 -0.249240
vn -0.470129 -0.882598 -0.000000
vn -0.470129 -0.882598 -0.000000
vn -0.249239 -0.935820 -0.249240
vn -0.249240 -0.935820 -0.249240
vn 0.000000 -0.882597 -0.470130
vn 0.000000 -0.086927 -0.996215
vn 0.000000 -0.086927 -0.996215
vn 0.000000 -0.184483 -0.982836
vn -0.996215 -0.086927 -0.000000
vn -0.996215 -0.086927 -0.000000
vn -0.982836 -0.184483 -0.000000
vn 0.185194 -0.965094 0.185196
vn 0.000000 -0.957839 0.287305
vn 0.000000 -1.000000 -0.000000
vn 1.000000 0.000000 0.000000
vn 0.996215 -0.086927 -0.000000
vn 0.996215 -0.086927 -0.000000
vn 0.000000 -0.000000 1.000000
vn 0.000000 -0.086928 0.996215
vn 0.000000 -0.086928 0.996215
vn 0.185194 -0.965094 0.185196
vn 0.249240 -0.935820 0.249240
vn 0.000000 -0.882596 0.470132
vn 0.185194 -0.965094 0.185196
vn 0.287302 -0.957840 -0.000000
vn 0.470129 -0.882598 -0.000000
vn 0.996215 -0.086927 -0.000000
vn 0.982836 -0.184483 -0.000000
vn 0.982836 -0.184483 -0.000000
vn 0.000000 -0.086928 0.996215
vn 0.000000 -0.184484 0.982836
vn 0.000000 -0.184484 0.982836
vn 0.000000 0.000000 -1.000000
vn 0.000000 0.000000 -1.000000
vn 0.000000 -0.086928 -0.996215
vn -1.000000 0.000000 0.000000
vn -1.000000 0.000000 0.000000
vn -0.996215 -0.086927 -0.000000
vn -0.249239 -0.935820 -0.249241
vn -0.470130 -0.882597 -0.000000
vn -0.470130 -0.882597 0.000000
vn -0.249239 -0.935820 -0.249241
vn -0.249241 -0.935820 -0.249240
vn 0.000000 -0.882596 -0.470132
vn 0.000000 -0.086928 -0.996215
vn 0.000000 -0.086928 -0.996215
vn 0.000000 -0.184484 -0.982836
vn -0.996215 -0.086927 0.000000
vn -0.996215 -0.086927 -0.000000
vn -0.982836 -0.184483 0.000001
vn 0.185195 -0.965094 0.185196
vn 0.000000 -0.957839 0.287305
vn 0.000000 -1.000000 -0.000000
vn 1.000000 0.000000 0.000000
vn 0.996215 -0.086927 -0.000000
vn 0.996215 -0.086927 -0.000000
vn 0.000000 -0.000000 1.000000
vn 0.000000 -0.086928 0.996215
vn 0.000000 -0.086928 0.996215
vn 0.185195 -0.965094 0.185196
vn 0.249241 -0.935820 0.249241
vn 0.000000 -0.882596 0.470132
vn 0.185195 -0.965094 0.185196
vn 0.287304 -0.957840 -0.000000
vn 0.470130 -0.882597 -0.000000
vn 0.996215 -0.086927 -0.000000
vn 0.982836 -0.184483 -0.000000
vn 0.982836 -0.184483 -0.000000
vn 0.000000 -0.086928 0.996215
vn 0.000000 -0.184484 0.982836
vn 0.000000 -0.184484 0.982836
vn 0.000000 0.000000 -1.000000
vn 0.000000 0.000000 -1.000000
vn 0.000000 -0.086928 -0.996215
vn -1.000000 0.000000 0.000000
vn -1.000000 0.000000 0.000000
vn -0.996215 -0.086927 -0.000000
vn -0.249240 -0.935820 -0.249241
vn -0.470130 -0.882597 -0.000000
vn -0.470130 -0.882597 -0.000000
vn -0.249240 -0.935820 -0.249241
vn -0.249241 -0.935820 -0.249241
vn 0.000000 -0.882596 -0.470132
vn 0.000000 -0.086928 -0.996215
vn 0.000000 -0.086928 -0.996215
vn 0.000000 -0.184484 -0.982836
vn -0.996215 -0.086927 -0.000000
vn -0.996215 -0.086927 -0.000000
vn -0.982836 -0.184483 -0.000000
vn 0.185195 -0.965094 0.185194
vn 0.000000 -0.957840 0.287302
vn 0.000000 -1.000000 -0.000000
vn 1.000000 0.000000 -0.000000
vn 0.996215 -0.086927 -0.000000
vn 0.996215 -0.086927 -0.000000
vn 0.000000 -0.000000 1.000000
vn 0.000000 -0.086927 0.996215
vn 0.000000 -0.086927 0.996215
vn 0.185195 -0.965094 0.185194
vn 0.249240 -0.935820 0.249240
vn 0.000000 -0.882598 0.470129
vn 0.185195 -0.965094 0.185194
vn 0.287304 -0.957839 -0.000000
vn 0.470130 -0.882597 -0.000000
vn 0.996215 -0.086927 -0.000000
vn 0.982836 -0.184483 -0.000000
vn 0.982836 -0.184483 -0.000000
vn 0.000000 -0.086927 0.996215
vn 0.000000 -0.184482 0.982836
vn 0.000000 -0.184482 0.982836
vn 0.000000 0.000000 -1.000000
vn 0.000000 0.000000 -1.000000
vn 0.000000 -0.086927 -0.996215
vn -1.000000 -0.000000 0.000000
vn -1.000000 -0.000000 0.000000
vn -0.996215 -0.086927 0.000000
vn -0.249240 -0.935820 -0.249239
vn -0.470131 -0.882597 -0.000000
vn -0.470131 -0.882597 0.000000
vn -0.249240 -0.935820 -0.249239
vn -0.249240 -0.935820 -0.249240
vn 0.000000 -0.882598 -0.470129
vn 0.000000 -0.086927 -0.996215
vn 0.000000 -0.086927 -0.996215
vn 0.000000 -0.184482 -0.982836
vn -0.996215 -0.086927 0.000000
vn -0.996215 -0.086927 0.000000
vn -0.982836 -0.184483 0.000000
vn 0.185195 -0.965094 0.185194
vn 0.000000 -0.957840 0.287303
vn 0.000000 -1.000000 -0.000000
vn 1.000000 0.000000 0.000000
vn 0.996215 -0.086928 -0.000000
vn 0.996215 -0.086928 -0.000000
vn 0.000000 -0.000000 1.000000
vn 0.000000 -0.086927 0.996215
vn 0.000000 -0.086927 0.996215
vn 0.185195 -0.965094 0.185194
vn 0.249240 -0.935820 0.249240
vn 0.000000 -0.882598 0.470129
vn 0.185195 -0.965094 0.185194
vn 0.287304 -0.957839 -0.000000
vn 0.470130 -0.882597 -0.000000
vn 0.996215 -0.086928 -0.000000
vn 0.982836 -0.184484 -0.000000
vn 0.982836 -0.184484 -0.000000
vn 0.000000 -0.086927 0.996215
vn 0.000000 -0.184482 0.982836
vn 0.000000 -0.184482 0.982836
vn 0.000000 0.000000 -1.000000
vn 0.000000 0.000000 -1.000000
vn 0.000000 -0.086927 -0.996215
vn -1.000000 0.000000 0.000000
vn -1.000000 0.000000 0.000000
vn -0.996215 -0.086927 -0.000000
vn -0.249239 -0.935820 -0.249239
vn -0.470129 -0.882598 -0.000000
vn -0.470129 -0.882598 -0.000000
vn -0.249239 -0.935820 -0.249239
vn -0.249239 -0.935820 -0.249239
vn 0.000000 -0.882598 -0.470129
vn 0.000000 -0.086927 -0.996215
vn 0.000000 -0.086927 -0.996215
vn 0.000000 -0.184482 -0.982836
vn -0.996215 -0.086927 -0.000000
vn -0.996215 -0.086927 -0.000000
vn -0.982836 -0.184483 -0.000000
vn 0.185195 -0.965094 0.185194
vn 0.000000 -0.957840 0.287302
vn 0.000000 -1.000000 -0.000000
vn 1.000000 0.000000 0.000000
vn 0.996215 -0.086927 -0.000000
vn 0.996215 -0.086927 -0.000000
vn 0.000000 -0.000000 1.000000
vn 0.000000 -0.086926 0.996215
vn 0.000000 -0.086926 0.996215
vn 0.185195 -0.965094 0.185194
vn 0.249240 -0.935820 0.249240
vn 0.000000 -0.882598 0.470129
vn 0.185195 -0.965094 0.185194
vn 0.287304 -0.957839 -0.000000
vn 0.470130 -0.882597 -0.000000
vn 0.996215 -0.086927 -0.000000
vn 0.982836 -0.184483 -0.000000
vn 0.982836 -0.184483 -0.000000
vn 0.000000 -0.086926 0.996215
vn 0.000000 -0.184481 0.982836
vn 0.000000 -0.184481 0.982836
vn 0.000000 0.000000 -1.000000
vn 0.000000 0.000000 -1.000000
vn 0.000000 -0.086926 -0.996215
vn -1.000000 0.000000 0.000000
vn -1.000000 0.000000 0.000000
vn -0.996215 -0.086927 -0.000000
vn -0.249240 -0.935820 -0.249239
vn -0.470130 -0.882597 -0.000000
vn -0.470130 -0.882597 -0.000000
vn -0.249240 -0.935820 -0.249239
vn -0.249240 -0.935820 -0.249240
vn 0.000000 -0.882598 -0.470129
vn 0.000000 -0.086926 -0.996215
vn 0.000000 -0.086926 -0.996215
vn 0.000000 -0.184481 -0.982836
vn -0.996215 -0.086927 -0.000000
vn -0.996215 -0.086927 -0.000000
vn -0.982836 -0.184483 -0.000000
vn 0.185194 -0.965094 0.185194
vn 0.000000 -0.957840 0.287302
vn 0.000000 -1.000000 -0.000000
vn 1.000000 0.000000 -0.000001
vn 0.996215 -0.086927 -0.000001
vn 0.996215 -0.086927 -0.000001
vn 0.000000 -0.000000 1.000000
vn 0.000000 -0.086926 0.996215
vn 0.000000 -0.086926 0.996215
vn 0.185194 -0.965094 0.185194
vn 0.249239 -0.935820 0.249239
vn 0.000000 -0.882598 0.470129
vn 0.185194 -0.965094 0.185194
vn 0.287302 -0.957840 -0.000001
vn 0.470128 -0.882598 -0.000001
vn 0.996215 -0.086927 -0.000001
vn 0.982836 -0.184483 -0.000001
vn 0.982836 -0.184483 -0.000001
vn 0.000000 -0.086926 0.996215
vn 0.000000 -0.184481 0.982836
vn 0.000000 -0.184481 0.982836
vn 0.000000 0.000000 -1.000000
vn 0.000000 0.000000 -1.000000
vn 0.000000 -0.086926 -0.996215
vn -1.000000 -0.000000 0.000001
vn -1.000000 -0.000000 0.000001
vn -0.996215 -0.086927 0.000001
vn -0.249239 -0.935820 -0.249239
vn -0.470128 -0.882598 0.000001
vn -0.470128 -0.882598 0.000001
vn -0.249239 -0.935820 -0.249239
vn -0.249239 -0.935820 -0.249239
vn 0.000000 -0.882598 -0.470129
vn 0.000000 -0.086926 -0.996215
vn 0.000000 -0.086926 -0.996215
vn 0.000000 -0.184481 -0.982836
vn -0.996215 -0.086927 0.000001
vn -0.996215 -0.086927 0.000001
vn -0.982836 -0.184483 0.000001
vn 0.185194 -0.965094 0.185195
vn 0.000000 -0.957840 0.287304
vn 0.000000 -1.000000 -0.000000
vn 1.000000 0.000000 0.000000
vn 0.996215 -0.086927 -0.000000
vn 0.996215 -0.086927 -0.000000
vn 0.000000 -0.000000 1.000000
vn 0.000000 -0.086927 0.996215
vn 0.000000 -0.086927 0.996215
vn 0.185194 -0.965094 0.185195
vn 0.249240 -0.935820 0.249240
vn 0.000000 -0.882597 0.470130
vn 0.185194 -0.965094 0.185195
vn 0.287302 -0.957840 -0.000000
vn 0.470129 -0.882598 -0.000000
vn 0.996215 -0.086927 -0.000000
vn 0.982836 -0.184483 -0.000000
vn 0.982836 -0.184483 -0.000000
vn 0.000000 -0.086927 0.996215
vn 0.000000 -0.184483 0.982836
vn 0.000000 -0.184483 0.982836
vn 0.000000 0.000000 -1.000000
vn 0.000000 0.000000 -1.000000
vn 0.000000 -0.086927 -0.996215
vn -1.000000 0.000000 0.000000
vn -1.000000 0.000000 0.000000
vn -0.996215 -0.086927 -0.000000
vn -0.249239 -0.935820 -0.249240
vn -0.470130 -0.882597 -0.000000
vn -0.470130 -0.882597 0.000000
vn -0.249239 -0.935820 -0.249240
vn -0.249240 -0.935820 -0.249239
vn 0.000000 -0.882597 -0.470130
vn 0.000000 -0.086927 -0.996215
vn 0.000000 -0.086927 -0.996215
vn 0.000000 -0.184483 -0.982836
vn -0.996215 -0.086927 0.000000
vn -0.996215 -0.086927 -0.000000
vn -0.982836 -0.184483 0.000001
vn 0.185195 -0.965094 0.185195
vn 0.000000 -0.957840 0.287304
vn 0.000000 -1.000000 -0.000000
vn 1.000000 0.000000 0.000000
vn 0.996215 -0.086927 -0.000000
vn 0.996215 -0.086927 -0.000000
vn 0.000000 -0.000000 1.000000
vn 0.000000 -0.086927 0.996215
vn 0.000000 -0.086927 0.996215
vn 0.185195 -0.965094 0.185195
vn 0.249240 -0.935820 0.249240
vn 0.000000 -0.882597 0.470130
vn 0.185195 -0.965094 0.185195
vn 0.287304 -0.957840 -0.000000
vn 0.470130 -0.882597 -0.000000
vn 0.996215 -0.086927 -0.000000
vn 0.982836 -0.184483 -0.000000
vn 0.982836 -0.184483 -0.000000
vn 0.000000 -0.086927 0.996215
vn 0.000000 -0.184483 0.982836
vn 0.000000 -0.184483 0.982836
vn 0.000000 0.000000 -1.000000
vn 0.000000 0.000000 -1.000000
vn 0.000000 -0.086927 -0.996215
vn -1.000000 0.000000 0.000000
vn -1.000000 0.000000 0.000000
vn -0.996215 -0.086927 -0.000000
vn -0.249240 -0.935820 -0.249240
vn -0.470130 -0.882597 -0.000000
vn -0.470130 -0.882597 -0.000000
vn -0.249240 -0.935820 -0.249240
vn -0.249240 -0.935820 -0.249240
vn 0.000000 -0.882597 -0.470130
vn 0.000000 -0.086927 -0.996215
vn 0.000000 -0.086927 -0.996215
vn 0.000000 -0.184483 -0.982836
vn -0.996215 -0.086927 -0.000000
vn -0.996215 -0.086927 -0.000000
vn -0.982836 -0.184483 -0.000000
vn 0.185195 -0.965094 0.185195
vn 0.000000 -0.957840 0.287304
vn 0.000000 -1.000000 -0.000000
vn 1.000000 0.000000 0.000000
vn 0.996215 -0.086927 -0.000000
vn 0.996215 -0.086927 -0.000000
vn 0.000000 -0.000000 1.000000
vn 0.000000 -0.086927 0.996215
vn 0.000000 -0.086927 0.996215
vn 0.185195 -0.965094 0.185195
vn 0.249240 -0.935820 0.249240
vn 0.000000 -0.882597 0.470130
vn 0.185195 -0.965094 0.185195
vn 0.287304 -0.957840 -0.000000
vn 0.470130 -0.882597 -0.000000
vn 0.996215 -0.086927 -0.000000
vn 0.982836 -0.184483 -0.000000
vn 0.982836 -0.184483 -0.000000
vn 0.000000 -0.086927 0.996215
vn 0.000000 -0.184483 0.982836
vn 0.000000 -0.184483 0.982836
vn 0.000000 0.000000 -1.000000
vn 0.000000 0.000000 -1.000000
vn 0.000000 -0.086927 -0.996215
vn -1.000000 0.000000 0.000000
vn -1.000000 0.000000 0.000000
vn -0.996215 -0.086927 -0.000000
vn -0.249240 -0.935820 -0.249240
vn -0.470130 -0.882597 -0.000000
vn -0.470130 -0.882597 -0.000000
vn -0.249240 -0.935820 -0.249240
vn -0.249240 -0.935820 -0.249240
vn 0.000000 -0.882597 -0.470130
vn 0.000000 -0.086927 -0.996215
vn 0.000000 -0.086927 -0.996215
vn 0.000000 -0.184483 -0.982836
vn -0.996215 -0.086927 -0.000000
vn -0.996215 -0.086927 -0.000000
vn -0.982836 -0.184483 -0.000000
vn 0.185195 -0.965094 0.185194
vn 0.000000 -0.957840 0.287302
vn 0.000000 -1.000000 -0.000000
vn 1.000000 0.000000 0.000000
vn 0.996215 -0.086927 -0.000000
vn 0.996215 -0.086927 -0.000000
vn 0.000000 -0.000000 1.000000
vn 0.000000 -0.086927 0.996215
vn 0.000000 -0.086927 0.996215
vn 0.185195 -0.965094 0.185194
vn 0.249240 -0.935820 0.249240
vn 0.000000 -0.882598 0.470129
vn 0.185195 -0.965094 0.185194
vn 0.287304 -0.957839 -0.000000
vn 0.470130 -0.882597 -0.000000
vn 0.996215 -0.086927 -0.000000
vn 0.982836 -0.184483 -0.000000
vn 0.982836 -0.184483 -0.000000
vn 0.000000 -0.086927 0.996215
vn 0.000000 -0.184482 0.982836
vn 0.000000 -0.184482 0.982836
vn 0.000000 0.000000 -1.000000
vn 0.000000 0.000000 -1.000000
vn 0.000000 -0.086927 -0.996215
vn -1.000000 0.000000 0.000000
vn -1.000000 0.000000 0.000000
vn -0.996215 -0.086927 -0.000000
vn -0.249240 -0.935820 -0.249239
vn -0.470130 -0.882597 -0.000000
vn -0.470130 -0.882597 -0.000000
vn -0.249240 -0.935820 -0.249239
vn -0.249240 -0.935820 -0.249240
vn 0.000000 -0.882598 -0.470129
vn 0.000000 -0.086927 -0.996215
vn 0.000000 -0.086927 -0.996215
vn 0.000000 -0.184482 -0.982836
vn -0.996215 -0.086927 -0.000000
vn -0.996215 -0.086927 -0.000000
vn -0.982836 -0.184483 -0.000000
vn 1.000000 0.000013 0.000001
vn 1.000000 0.000013 0.000001
vn 1.000000 0.000013 0.000001
vn 0.188533 -0.982067 0.000000
vn 0.188533 -0.982067 0.000000
vn 0.188533 -0.982067 0.000000
vn 0.188527 0.982068 0.000000
vn 0.188526 0.982068 0.000000
vn 0.188527 0.982068 0.000000
vn 0.000000 0.000013 1.000000
vn 0.000000 0.000026 1.000000
vn 0.000000 0.000026 1.000000
vn 0.000000 -0.982066 0.188535
vn 0.000000 -0.982067 0.188533
vn 0.000000 -0.982067 0.188533
vn 0.000000 0.982068 0.188529
vn 0.000000 0.982067 0.188531
vn 0.000000 0.982067 0.188531
vn 0.000000 0.982068 -0.188525
vn 0.000000 0.982068 -0.188525
vn 0.000000 0.982068 -0.188525
vn 0.000000 0.000006 -1.000000
vn 0.000000 0.000006 -1.000000
vn 0.000000 0.000006 -1.000000
vn 0.000000 -0.982067 -0.188534
vn 0.000000 -0.982067 -0.188534
vn 0.000000 -0.982067 -0.188534
vn 0.188526 0.982068 -0.000000
vn 0.188526 0.982068 -0.000000
vn 0.188525 0.982068 -0.000000
vn 1.000000 0.000013 0.000000
vn 1.000000 0.000013 -0.000000
vn 1.000000 0.000007 -0.000000
vn 0.188533 -0.982067 -0.000000
vn 0.188533 -0.982067 -0.000000
vn 0.188534 -0.982067 -0.000000
vn 0.188482 0.982077 -0.000045
vn 0.188483 0.982077 -0.000045
vn 0.188482 0.982077 -0.000045
vn 0.000000 0.982069 -0.188521
vn 0.000000 0.982069 -0.188521
vn 0.000000 0.982069 -0.188521
vn 0.000000 0.000000 -1.000000
vn 0.000000 0.000000 -1.000000
vn 0.000000 0.000000 -1.000000
vn 0.000000 -0.982066 -0.188538
vn 0.000000 -0.982066 -0.188538
vn 0.000000 -0.982066 -0.188538
vn -0.935455 0.000000 -0.353446
vn -0.935458 0.000007 -0.353438
vn -0.935458 0.000008 -0.353437
vn 1.000000 0.000013 -0.000240
vn 1.000000 0.000007 -0.000240
vn 1.000000 0.000013 -0.000240
vn 0.188489 -0.982075 -0.000045
vn 0.188491 -0.982075 -0.000045
vn 0.188489 -0.982075 -0.000045
vn 1.000000 0.000006 0.000001
vn 1.000000 0.000013 0.000000
vn 1.000000 0.000007 0.000001
vn 0.188534 -0.982067 0.000000
vn 0.188533 -0.982067 0.000000
vn 0.188534 -0.982067 0.000000
vn 0.188527 0.982068 0.000000
vn 0.188526 0.982068 0.000000
vn 0.188527 0.982068 0.000000
vn -0.000241 0.982023 -0.188760
vn -0.000241 0.982023 -0.188763
vn -0.000241 0.982023 -0.188764
vn -0.001279 -0.000000 -0.999999
vn -0.001279 -0.000000 -0.999999
vn -0.001279 -0.000000 -0.999999
vn -0.000241 -0.982021 -0.188771
vn -0.000241 -0.982021 -0.188771
vn -0.000241 -0.982021 -0.188771
vn -0.000115 0.982046 0.188642
vn -0.000115 0.982047 0.188638
vn -0.000114 0.982046 0.188642
vn -0.000608 0.000025 1.000000
vn -0.000607 0.000014 1.000000
vn -0.000609 0.000026 1.000000
vn -0.000115 -0.982046 0.188644
vn -0.000115 -0.982046 0.188644
vn -0.000115 -0.982046 0.188644
vn 1.000000 0.000013 0.000001
vn 1.000000 0.000013 0.000001
vn 1.000000 0.000013 0.000001
vn 0.188533 -0.982067 0.000000
vn 0.188533 -0.982067 0.000000
vn 0.188533 -0.982067 0.000000
vn 0.188526 0.982068 0.000000
vn 0.188526 0.982068 0.000000
vn 0.188527 0.982068 0.000000
vn 0.000000 0.000013 1.000000
vn 0.000000 0.000013 1.000000
vn 0.000000 0.000026 1.000000
vn 0.000000 -0.982066 0.188535
vn 0.000000 -0.982066 0.188535
vn 0.000000 -0.982067 0.188533
vn 0.000000 0.982068 0.188529
vn 0.000000 0.982068 0.188529
vn 0.000000 0.982067 0.188531
vn 0.000000 0.982068 -0.188525
vn 0.000000 0.982068 -0.188525
vn 0.000000 0.982068 -0.188525
vn 0.000000 0.000006 -1.000000
vn 0.000000 0.000006 -1.000000
vn 0.000000 0.000006 -1.000000
vn 0.000000 -0.982067 -0.188534
vn 0.000000 -0.982067 -0.188534
vn 0.000000 -0.982067 -0.188534
vn 0.188526 0.982068 -0.000000
vn 0.188525 0.982068 0.000000
vn 0.188525 0.982068 -0.000000
vn 1.000000 0.000013 -0.000000
vn 1.000000 0.000006 -0.000000
vn 1.000000 0.000007 -0.000000
vn 0.188533 -0.982067 -0.000000
vn 0.188534 -0.982067 -0.000000
vn 0.188534 -0.982067 -0.000000
vn 0.188482 0.982077 -0.000045
vn 0.188483 0.982077 -0.000045
vn 0.188483 0.982077 -0.000045
vn 0.000000 0.982069 -0.188521
vn 0.000000 0.982069 -0.188522
vn 0.000000 0.982069 -0.188521
vn 0.000000 0.000000 -1.000000
vn 0.000000 0.000000 -1.000000
vn 0.000000 0.000000 -1.000000
vn 0.000000 -0.982066 -0.188538
vn 0.000000 -0.982066 -0.188538
vn 0.000000 -0.982066 -0.188538
vn -0.935458 0.000007 -0.353438
vn -0.935461 0.000013 -0.353431
vn -0.935458 0.000008 -0.353437
vn 1.000000 0.000007 -0.000240
vn 1.000000 0.000006 -0.000240
vn 1.000000 0.000013 -0.000240
vn 0.188491 -0.982075 -0.000045
vn 0.188491 -0.982075 -0.000045
vn 0.188489 -0.982075 -0.000045
vn 1.000000 0.000013 0.000000
vn 1.000000 0.000013 0.000000
vn 1.000000 0.000007 0.000001
vn 0.188533 -0.982067 0.000000
vn 0.188533 -0.982067 0.000000
vn 0.188534 -0.982067 0.000000
vn 0.188526 0.982068 0.000000
vn 0.188526 0.982068 0.000000
vn 0.188527 0.982068 0.000000
vn -0.000241 0.982023 -0.188760
vn -0.000241 0.982023 -0.188759
vn -0.000241 0.982023 -0.188763
vn -0.001279 -0.000000 -0.999999
vn -0.001279 -0.000000 -0.999999
vn -0.001279 -0.000000 -0.999999
vn -0.000241 -0.982021 -0.188771
vn -0.000241 -0.982021 -0.188771
vn -0.000241 -0.982021 -0.188771
vn -0.000115 0.982046 0.188642
vn -0.000115 0.982047 0.188638
vn -0.000115 0.982047 0.188638
vn -0.000608 0.000025 1.000000
vn -0.000607 0.000013 1.000000
vn -0.000607 0.000014 1.000000
vn -0.000115 -0.982046 0.188644
vn -0.000115 -0.982046 0.188644
vn -0.000115 -0.982046 0.188644
s off
g SM_Dresser_03a
f 23/25/1 49/28/2 48/373/3
f 23/25/4 24/26/5 49/28/6
f 24/26/7 25/30/8 74/374/9
f 25/30/10 26/51/11 73/376/12
f 26/51/13 27/53/14 72/378/15
f 27/53/16 28/73/17 71/380/18
f 28/73/19 29/75/20 70/382/21
f 29/75/22 30/32/23 69/383/24
f 30/32/25 31/33/26 68/385/27
f 31/33/28 32/34/29 67/386/30
f 32/34/31 33/37/32 66/387/33
f 33/37/34 34/39/35 65/532/36
f 34/39/37 35/63/38 64/576/39
f 35/63/40 36/65/41 63/577/42
f 36/65/43 37/67/44 62/69/45
f 46/19/46 47/120/47 52/303/48
f 92/50/49 50/78/50 202/141/51
f 40/397/52 58/398/53 39/400/54
f 42/43/55 56/44/56 41/60/57
f 44/45/58 54/46/59 43/58/60
f 46/47/61 53/55/62 45/56/63
f 47/210/64 202/141/65 51/140/66
f 60/307/67 38/388/68 59/390/69
f 41/42/70 57/61/71 40/458/72
f 56/459/73 42/460/74 55/462/75
f 45/514/76 53/515/77 44/517/78
f 1/18/79 24/24/80 23/41/81
f 2/23/82 25/114/83 24/24/84
f 3/49/85 26/412/86 25/114/87
f 4/411/88 27/414/89 26/412/90
f 5/413/91 28/416/92 27/414/93
f 6/415/94 29/418/95 28/416/96
f 7/417/97 30/420/98 29/418/99
f 8/419/100 31/422/101 30/420/102
f 9/421/103 32/424/104 31/422/105
f 10/423/106 33/426/107 32/424/108
f 11/425/109 34/428/110 33/426/111
f 12/427/112 35/430/113 34/428/114
f 13/429/115 36/432/116 35/430/117
f 14/431/118 37/434/119 36/432/120
f 18/639/121 38/436/122 37/640/123
f 15/633/124 19/437/125 38/634/126
f 20/13/127 39/11/128 19/6/129
f 20/439/130 41/442/131 40/440/132
f 42/104/133 16/16/134 231/108/135
f 231/444/136 21/445/137 42/443/138
f 22/138/139 43/117/140 21/110/141
f 22/447/142 45/450/143 44/448/144
f 198/345/145 45/270/146 17/166/147
f 198/451/148 47/454/149 46/452/150
f 92/455/151 23/638/152 48/456/153
f 59/54/154 57/80/155 60/81/156
f 61/68/157 37/67/158 60/71/159
f 50/82/160 49/83/161 60/81/162
f 49/83/163 74/85/164 61/84/165
f 74/85/166 73/88/167 62/87/168
f 73/88/169 72/91/170 64/89/171
f 72/91/172 71/96/173 66/92/174
f 71/96/175 70/402/176 67/401/177
f 70/402/178 69/404/179 68/403/180
f 57/80/181 50/82/182 60/81/183
f 56/405/184 54/407/185 53/408/186
f 56/405/187 53/408/188 51/409/189
f 53/408/190 52/410/191 51/409/192
f 57/80/193 51/409/194 50/82/195
f 92/50/196 48/238/197 50/78/198
f 1/4/199 334/343/200 75/344/201
f 2/1/202 75/344/203 342/347/204
f 3/5/205 342/347/206 340/352/207
f 4/7/208 340/352/209 338/357/210
f 5/99/211 338/357/212 337/362/213
f 6/101/214 337/362/215 76/381/216
f 7/105/217 76/381/218 77/167/219
f 8/10/220 77/167/221 343/168/222
f 9/9/223 343/168/224 336/531/225
f 10/8/226 336/531/227 335/533/228
f 11/12/229 335/533/230 78/534/231
f 12/14/232 78/534/233 79/535/234
f 13/20/235 79/535/236 339/536/237
f 14/109/238 339/536/239 341/537/240
f 18/113/241 341/537/242 332/538/243
f 15/539/244 332/538/245 331/540/246
f 19/79/247 331/289/248 80/290/249
f 231/599/250 16/600/251 291/602/252
f 16/17/253 20/142/254 94/148/255
f 20/21/256 80/118/257 82/123/258
f 83/121/259 85/541/260 191/542/261
f 94/122/262 86/543/263 96/544/264
f 83/124/265 89/545/266 87/546/267
f 86/125/268 88/133/269 90/547/270
f 85/518/271 81/519/272 185/520/273
f 333/521/274 81/519/275 331/289/276
f 81/519/277 80/290/278 331/289/279
f 91/134/280 334/136/281 189/137/282
f 189/169/283 92/2/284 93/170/285
f 93/391/286 202/141/287 143/392/288
f 20/142/289 82/150/290 94/148/291
f 290/97/292 16/95/293 296/102/294
f 231/94/295 291/98/296 297/103/297
f 296/102/298 95/106/299 293/107/300
f 16/17/301 94/148/302 95/154/303
f 231/94/304 294/111/305 234/112/306
f 293/107/307 95/106/308 303/115/309
f 95/154/310 94/148/311 96/158/312
f 294/111/313 304/116/314 234/112/315
f 303/115/316 95/106/317 299/119/318
f 234/112/319 304/116/320 300/145/321
f 299/119/322 95/106/323 283/147/324
f 95/154/325 96/158/326 97/182/327
f 234/112/328 300/145/329 284/151/330
f 234/112/331 280/152/332 236/155/333
f 279/157/334 97/160/335 98/161/336
f 236/155/337 280/152/338 99/163/339
f 95/106/340 279/157/341 283/147/342
f 294/606/343 297/604/344 293/605/345
f 300/610/346 304/608/347 299/609/348
f 280/613/349 284/612/350 279/614/351
f 144/189/352 146/578/353 145/190/354
f 145/190/355 170/192/356 121/191/357
f 170/192/358 169/211/359 122/193/360
f 169/211/361 168/213/362 123/212/363
f 168/213/364 167/233/365 124/232/366
f 167/233/367 166/236/368 125/234/369
f 166/236/370 165/548/371 126/237/372
f 165/548/373 164/195/374 127/194/375
f 164/195/376 163/197/377 128/196/378
f 163/197/379 162/199/380 129/198/381
f 162/199/382 161/201/383 130/200/384
f 161/201/385 160/231/386 131/230/387
f 160/231/388 159/550/389 132/549/390
f 159/550/391 158/552/392 133/551/393
f 158/552/394 157/553/395 134/554/396
f 148/214/397 147/557/398 142/558/399
f 143/392/400 147/393/401 146/394/402
f 136/560/403 155/561/404 154/562/405
f 138/563/406 153/564/407 152/565/408
f 141/207/409 149/215/410 148/566/411
f 142/395/412 147/393/413 143/392/414
f 155/203/415 136/223/416 135/567/417
f 137/205/418 154/568/419 153/569/420
f 100/463/421 121/465/422 101/466/423
f 101/466/424 122/467/425 102/468/426
f 102/468/427 123/469/428 103/470/429
f 103/470/430 124/471/431 104/472/432
f 104/472/433 125/473/434 105/474/435
f 105/474/436 126/475/437 106/476/438
f 106/476/439 127/477/440 107/478/441
f 107/636/442 128/479/443 108/480/444
f 108/480/445 129/481/446 109/482/447
f 109/482/448 130/483/449 110/484/450
f 110/484/451 131/485/452 111/486/453
f 111/486/454 132/487/455 112/488/456
f 112/488/457 133/489/458 113/490/459
f 113/490/460 134/491/461 117/492/462
f 117/620/463 135/621/464 114/622/465
f 135/493/466 136/495/467 118/496/468
f 119/625/469 136/623/470 137/626/471
f 119/497/472 138/499/473 115/500/474
f 139/501/475 115/628/476 138/627/477
f 201/183/478 140/527/479 141/528/480
f 201/631/481 142/529/482 143/530/483
f 93/503/484 120/630/485 100/629/486
f 155/239/487 153/241/488 154/242/489
f 156/555/490 135/556/491 134/554/492
f 156/240/493 157/244/494 145/245/495
f 157/244/496 158/246/497 170/247/498
f 170/247/499 158/246/500 169/250/501
f 169/250/502 160/249/503 168/253/504
f 162/252/505 163/254/506 167/255/507
f 163/254/508 164/505/509 166/506/510
f 166/506/511 164/505/512 165/507/513
f 153/241/514 156/240/515 146/243/516
f 152/508/517 150/510/518 151/511/519
f 152/508/520 147/512/521 149/509/522
f 149/509/523 147/512/524 148/513/525
f 153/241/526 147/512/527 152/508/528
f 93/391/529 146/394/530 144/396/531
f 100/188/532 189/338/533 93/339/534
f 101/171/535 171/336/536 100/188/537
f 102/181/538 172/172/539 101/171/540
f 103/259/541 173/258/542 102/181/543
f 104/261/544 174/260/545 103/259/546
f 105/354/547 175/262/548 104/261/549
f 106/359/550 176/355/551 105/354/552
f 107/363/553 177/360/554 106/359/555
f 108/175/556 178/375/557 107/363/558
f 109/173/559 179/176/560 108/175/561
f 110/177/562 180/174/563 109/173/564
f 111/179/565 181/178/566 110/177/567
f 112/184/568 182/180/569 111/179/570
f 113/266/571 183/265/572 112/184/573
f 117/268/574 184/267/575 113/266/576
f 114/570/577 187/269/578 117/268/579
f 118/522/580 85/518/581 114/524/582
f 99/616/583 98/615/584 115/618/585
f 115/275/586 96/158/587 119/285/588
f 119/185/589 188/572/590 118/573/591
f 86/276/592 191/277/593 188/278/594
f 188/278/595 191/277/596 85/279/597
f 86/276/598 190/273/599 96/280/600
f 86/276/601 89/574/602 191/277/603
f 185/216/604 91/217/605 187/218/606
f 171/219/607 91/217/608 189/220/609
f 176/222/610 177/224/611 179/225/612
f 175/227/613 176/222/614 180/221/615
f 174/229/616 175/227/617 181/226/618
f 173/256/619 174/229/620 182/228/621
f 172/263/622 173/256/623 183/235/624
f 171/219/625 172/263/626 184/257/627
f 177/224/628 178/264/629 179/225/630
f 187/218/631 91/217/632 171/219/633
f 119/285/634 96/158/635 190/286/636
f 115/274/637 98/161/638 97/160/639
f 99/163/640 239/165/641 236/155/642
f 114/524/643 85/518/644 185/520/645
f 81/519/646 91/525/647 185/520/648
f 87/130/649 89/131/650 88/271/651
f 290/144/652 298/272/653 289/282/654
f 293/149/655 192/283/656 287/284/657
f 299/156/658 194/291/659 193/292/660
f 279/162/661 196/293/662 195/294/663
f 98/287/664 197/295/665 196/296/666
f 196/297/667 197/298/668 195/300/669
f 198/579/670 17/580/671 255/582/672
f 269/304/673 17/302/674 270/306/675
f 198/301/676 255/305/677 259/309/678
f 270/306/679 199/310/680 271/311/681
f 198/301/682 256/312/683 200/313/684
f 271/311/685 199/310/686 263/315/687
f 256/312/688 264/316/689 200/313/690
f 263/315/691 199/310/692 272/317/693
f 200/313/694 264/316/695 262/318/696
f 272/317/697 199/310/698 273/319/699
f 200/313/700 262/318/701 250/320/702
f 200/313/703 247/321/704 201/323/705
f 276/324/706 186/325/707 277/326/708
f 201/323/709 247/321/710 267/327/711
f 199/310/712 276/324/713 273/319/714
f 256/586/715 259/584/716 271/585/717
f 262/590/718 264/588/719 272/589/720
f 247/593/721 250/592/722 276/595/723
f 267/597/724 277/596/725 116/598/726
f 116/328/727 277/326/728 186/325/729
f 198/308/730 143/322/731 202/329/732
f 200/314/733 201/330/734 143/322/735
f 313/27/736 323/31/737 209/35/738
f 204/40/739 210/64/740 325/66/741
f 315/72/742 326/76/743 211/77/744
f 206/331/745 212/333/746 213/334/747
f 314/74/748 214/348/749 326/76/750
f 316/353/751 213/334/752 327/377/753
f 207/337/754 215/379/755 214/348/756
f 317/356/757 327/377/758 328/384/759
f 208/340/760 216/346/761 215/379/762
f 319/358/763 328/384/764 329/575/765
f 318/342/766 217/38/767 216/346/768
f 321/351/769 329/575/770 330/361/771
f 320/36/772 209/35/773 217/38/774
f 203/52/775 330/361/776 210/64/777
f 322/335/778 211/77/779 218/350/780
f 205/332/781 218/350/782 212/333/783
f 310/364/784 219/366/785 220/367/786
f 219/368/787 221/370/788 220/371/789
f 17/641/790 22/642/791 244/643/792
f 22/644/793 233/646/794 241/647/795
f 243/648/796 235/650/797 223/651/798
f 244/652/799 224/654/800 225/655/801
f 243/656/802 226/658/803 246/659/804
f 224/660/805 245/662/806 227/663/807
f 22/642/808 241/664/809 244/643/810
f 17/641/811 244/643/812 199/665/813
f 199/665/814 244/643/815 225/666/816
f 199/665/817 225/666/818 186/667/819
f 237/669/820 151/670/821 150/671/822
f 228/673/823 150/674/824 149/675/825
f 229/676/826 237/678/827 228/679/828
f 229/680/829 140/682/830 116/683/831
f 116/684/832 225/666/833 229/685/834
f 229/686/835 240/688/836 238/689/837
f 224/691/838 223/692/839 240/693/840
f 240/693/841 223/692/842 235/694/843
f 224/691/844 230/690/845 225/695/846
f 224/691/847 226/697/848 223/692/849
f 229/685/850 225/666/851 230/698/852
f 246/699/853 226/700/854 245/702/855
f 231/703/856 232/705/857 21/704/858
f 21/704/859 232/705/860 233/706/861
f 231/703/862 234/707/863 232/705/864
f 234/707/865 235/708/866 232/705/867
f 234/707/868 236/709/869 235/708/870
f 139/710/871 152/713/872 237/711/873
f 238/714/874 139/716/875 237/715/876
f 239/718/877 235/708/878 236/709/879
f 238/719/880 240/720/881 235/708/882
f 241/721/883 233/724/884 242/722/885
f 233/724/886 232/725/887 243/723/888
f 242/722/889 244/726/890 241/721/891
f 242/722/892 246/728/893 245/727/894
f 276/729/895 248/731/896 247/730/897
f 273/733/898 252/735/899 274/736/900
f 255/737/901 260/739/902 259/738/903
f 256/741/904 265/743/905 264/742/906
f 262/745/907 252/747/908 250/746/909
f 247/749/910 278/751/911 267/750/912
f 274/753/913 252/754/914 275/756/915
f 266/757/916 265/758/917 258/760/918
f 261/761/919 260/762/920 254/764/921
f 269/765/922 253/767/923 255/766/924
f 271/769/925 257/771/926 256/770/927
f 270/773/928 260/775/929 261/776/930
f 272/777/931 251/779/932 262/778/933
f 263/781/934 265/783/935 266/784/936
f 277/785/937 278/787/938 268/788/939
f 269/789/940 261/791/941 254/792/942
f 271/793/943 266/795/944 258/796/945
f 272/797/946 274/799/947 275/800/948
f 276/801/949 268/803/950 249/804/951
f 268/805/952 278/806/953 249/808/954
f 279/809/955 281/811/956 280/810/957
f 283/813/958 286/815/959 285/816/960
f 291/817/961 288/819/962 297/818/963
f 294/821/964 305/823/965 304/822/966
f 300/825/967 286/827/968 284/826/969
f 280/829/970 197/831/971 99/830/972
f 285/833/973 286/834/974 302/836/975
f 306/837/976 305/838/977 287/840/978
f 298/841/979 288/842/980 289/844/981
f 290/845/982 292/847/983 291/846/984
f 293/849/985 295/851/986 294/850/987
f 296/853/988 288/855/989 298/856/990
f 299/857/991 301/859/992 300/858/993
f 303/861/994 305/863/995 306/864/996
f 82/865/997 80/868/998 84/866/999
f 80/868/1000 81/869/1001 83/867/1002
f 84/866/1003 94/870/1004 82/865/1005
f 84/866/1006 87/872/1007 88/871/1008
f 307/873/1009 309/875/1010 308/874/1011
f 311/877/1012 313/879/1013 312/878/1014
f 203/880/1015 204/881/1016 312/878/1017
f 314/882/1018 315/885/1019 206/883/1020
f 207/886/1021 314/882/1022 316/887/1023
f 208/888/1024 207/886/1025 317/889/1026
f 318/890/1027 208/888/1028 319/891/1029
f 320/892/1030 318/890/1031 321/893/1032
f 313/879/1033 320/892/1034 203/880/1035
f 205/884/1036 315/885/1037 322/894/1038
f 313/879/1039 203/880/1040 312/878/1041
f 323/895/1042 324/897/1043 209/896/1044
f 210/898/1045 324/897/1046 325/899/1047
f 213/903/1048 212/902/1049 211/901/1050
f 327/905/1051 213/903/1052 326/900/1053
f 328/907/1054 327/905/1055 214/904/1056
f 329/909/1057 328/907/1058 215/906/1059
f 330/911/1060 329/909/1061 216/908/1062
f 210/898/1063 330/911/1064 217/910/1065
f 212/902/1066 218/912/1067 211/901/1068
f 209/896/1069 324/897/1070 210/898/1071
f 331/913/1072 332/914/1073 333/915/1074
f 75/916/1075 334/917/1076 333/915/1077
f 335/918/1078 336/919/1079 76/921/1080
f 78/922/1081 335/918/1082 337/923/1083
f 79/924/1084 78/922/1085 338/925/1086
f 339/926/1087 79/924/1088 340/927/1089
f 341/928/1090 339/926/1091 342/929/1092
f 332/914/1093 341/928/1094 75/916/1095
f 77/920/1096 336/919/1097 343/930/1098
f 332/914/1099 75/916/1100 333/915/1101
f 344/931/1102 345/932/1103 346/933/1104
f 364/934/1105 345/932/1106 365/935/1107
f 371/937/1108 370/938/1109 368/939/1110
f 349/941/1111 371/937/1112 347/936/1113
f 350/943/1114 349/941/1115 348/940/1116
f 375/945/1117 350/943/1118 372/942/1119
f 379/947/1120 375/945/1121 351/944/1122
f 364/934/1123 379/947/1124 377/946/1125
f 370/938/1126 352/948/1127 368/939/1128
f 346/933/1129 345/932/1130 364/934/1131
f 353/949/1132 354/950/1133 355/951/1134
f 363/952/1135 362/953/1136 355/951/1137
f 367/954/1138 366/955/1139 356/957/1140
f 357/958/1141 367/954/1142 358/959/1143
f 359/960/1144 357/958/1145 360/961/1146
f 373/962/1147 359/960/1148 374/963/1149
f 376/964/1150 373/962/1151 378/965/1152
f 354/950/1153 376/964/1154 363/952/1155
f 369/956/1156 366/955/1157 361/966/1158
f 354/950/1159 363/952/1160 355/951/1161
f 354/967/1162 344/969/1163 346/970/1164
f 362/971/1165 364/973/1166 365/974/1167
f 366/975/1168 347/977/1169 368/978/1170
f 356/979/1171 370/981/1172 371/982/1173
f 367/976/1174 348/984/1175 347/977/1176
f 358/985/1177 371/982/1178 349/986/1179
f 357/983/1180 372/988/1181 348/984/1182
f 360/989/1183 349/986/1184 350/990/1185
f 359/987/1186 351/992/1187 372/988/1188
f 374/993/1189 350/990/1190 375/994/1191
f 373/991/1192 377/996/1193 351/992/1194
f 378/997/1195 375/994/1196 379/998/1197
f 376/995/1198 346/970/1199 377/996/1200
f 363/972/1201 379/998/1202 364/973/1203
f 361/999/1204 368/978/1205 352/1000/1206
f 369/980/1207 352/1000/1208 370/981/1209
f 380/1001/1210 382/1003/1211 383/1004/1212
f 382/1005/1213 385/1007/1214 383/1008/1215
f 381/1009/1216 386/1011/1217 387/1012/1218
f 49/28/1219 50/372/1220 48/373/1221
f 24/26/1222 74/374/1223 49/28/1224
f 25/30/1225 73/376/1226 74/374/1227
f 26/51/1228 72/378/1229 73/376/1230
f 27/53/1231 71/380/1232 72/378/1233
f 28/73/1234 70/382/1235 71/380/1236
f 29/75/1237 69/383/1238 70/382/1239
f 30/32/1240 68/385/1241 69/383/1242
f 31/33/1243 67/386/1244 68/385/1245
f 32/34/1246 66/387/1247 67/386/1248
f 33/37/1249 65/532/1250 66/387/1251
f 34/39/1252 64/576/1253 65/532/1254
f 35/63/1255 63/577/1256 64/576/1257
f 36/65/1258 62/69/1259 63/577/1260
f 37/67/1261 61/68/1262 62/69/1263
f 47/120/1264 51/143/1265 52/303/1266
f 50/78/1267 51/140/1268 202/141/1269
f 58/398/1270 59/399/1271 39/400/1272
f 56/44/1273 57/59/1274 41/60/1275
f 54/46/1276 55/57/1277 43/58/1278
f 46/47/1279 52/48/1280 53/55/1281
f 38/388/1282 39/389/1283 59/390/1284
f 57/61/1285 58/457/1286 40/458/1287
f 42/460/1288 43/461/1289 55/462/1290
f 53/515/1291 54/516/1292 44/517/1293
f 1/18/1294 2/23/1295 24/24/1296
f 2/23/1297 3/49/1298 25/114/1299
f 3/49/1300 4/411/1301 26/412/1302
f 4/411/1303 5/413/1304 27/414/1305
f 5/413/1306 6/415/1307 28/416/1308
f 6/415/1309 7/417/1310 29/418/1311
f 7/417/1312 8/419/1313 30/420/1314
f 8/419/1315 9/421/1316 31/422/1317
f 9/421/1318 10/423/1319 32/424/1320
f 10/423/1321 11/425/1322 33/426/1323
f 11/425/1324 12/427/1325 34/428/1326
f 12/427/1327 13/429/1328 35/430/1329
f 13/429/1330 14/431/1331 36/432/1332
f 14/431/1333 18/433/1334 37/434/1335
f 18/639/1336 15/435/1337 38/436/1338
f 19/437/1339 39/438/1340 38/634/1341
f 20/13/1342 40/15/1343 39/11/1344
f 20/439/1345 16/441/1346 41/442/1347
f 42/104/1348 41/100/1349 16/16/1350
f 21/445/1351 43/446/1352 42/443/1353
f 22/138/1354 44/139/1355 43/117/1356
f 22/447/1357 17/449/1358 45/450/1359
f 198/345/1360 46/349/1361 45/270/1362
f 198/451/1363 202/453/1364 47/454/1365
f 92/455/1366 1/637/1367 23/638/1368
f 59/54/1369 58/62/1370 57/80/1371
f 37/67/1372 38/70/1373 60/71/1374
f 49/83/1375 61/84/1376 60/81/1377
f 74/85/1378 62/87/1379 61/84/1380
f 64/89/1381 63/90/1382 62/87/1383
f 73/88/1384 64/89/1385 62/87/1386
f 66/92/1387 65/93/1388 64/89/1389
f 72/91/1390 66/92/1391 64/89/1392
f 71/96/1393 67/401/1394 66/92/1395
f 70/402/1396 68/403/1397 67/401/1398
f 56/405/1399 55/406/1400 54/407/1401
f 57/80/1402 56/405/1403 51/409/1404
f 1/4/1405 92/341/1406 334/343/1407
f 2/1/1408 1/4/1409 75/344/1410
f 3/5/1411 2/1/1412 342/347/1413
f 4/7/1414 3/5/1415 340/352/1416
f 5/99/1417 4/7/1418 338/357/1419
f 6/101/1420 5/99/1421 337/362/1422
f 7/105/1423 6/101/1424 76/381/1425
f 8/10/1426 7/105/1427 77/167/1428
f 9/9/1429 8/10/1430 343/168/1431
f 10/8/1432 9/9/1433 336/531/1434
f 11/12/1435 10/8/1436 335/533/1437
f 12/14/1438 11/12/1439 78/534/1440
f 13/20/1441 12/14/1442 79/535/1443
f 14/109/1444 13/20/1445 339/536/1446
f 18/113/1447 14/109/1448 341/537/1449
f 15/539/1450 18/113/1451 332/538/1452
f 19/79/1453 15/86/1454 331/289/1455
f 16/600/1456 290/601/1457 291/602/1458
f 20/21/1459 19/22/1460 80/118/1461
f 83/121/1462 81/126/1463 85/541/1464
f 94/122/1465 84/129/1466 86/543/1467
f 83/124/1468 191/127/1469 89/545/1470
f 86/125/1471 84/128/1472 88/133/1473
f 91/134/1474 333/135/1475 334/136/1476
f 189/169/1477 334/3/1478 92/2/1479
f 93/391/1480 92/50/1481 202/141/1482
f 296/102/1483 16/95/1484 95/106/1485
f 231/94/1486 297/103/1487 294/111/1488
f 234/112/1489 284/151/1490 280/152/1491
f 95/106/1492 97/160/1493 279/157/1494
f 297/604/1495 296/603/1496 293/605/1497
f 304/608/1498 303/607/1499 299/609/1500
f 284/612/1501 283/611/1502 279/614/1503
f 145/190/1504 120/187/1505 144/189/1506
f 121/191/1507 120/187/1508 145/190/1509
f 122/193/1510 121/191/1511 170/192/1512
f 123/212/1513 122/193/1514 169/211/1515
f 124/232/1516 123/212/1517 168/213/1518
f 125/234/1519 124/232/1520 167/233/1521
f 126/237/1522 125/234/1523 166/236/1524
f 127/194/1525 126/237/1526 165/548/1527
f 128/196/1528 127/194/1529 164/195/1530
f 129/198/1531 128/196/1532 163/197/1533
f 130/200/1534 129/198/1535 162/199/1536
f 131/230/1537 130/200/1538 161/201/1539
f 132/549/1540 131/230/1541 160/231/1542
f 133/551/1543 132/549/1544 159/550/1545
f 134/554/1546 133/551/1547 158/552/1548
f 142/558/1549 141/209/1550 148/214/1551
f 146/394/1552 93/391/1553 143/392/1554
f 154/562/1555 137/559/1556 136/560/1557
f 152/565/1558 139/206/1559 138/563/1560
f 141/207/1561 140/208/1562 149/215/1563
f 135/567/1564 156/202/1565 155/203/1566
f 153/569/1567 138/204/1568 137/205/1569
f 100/463/1570 120/464/1571 121/465/1572
f 101/466/1573 121/465/1574 122/467/1575
f 102/468/1576 122/467/1577 123/469/1578
f 103/470/1579 123/469/1580 124/471/1581
f 104/472/1582 124/471/1583 125/473/1584
f 105/474/1585 125/473/1586 126/475/1587
f 106/476/1588 126/475/1589 127/477/1590
f 107/636/1591 127/635/1592 128/479/1593
f 108/480/1594 128/479/1595 129/481/1596
f 109/482/1597 129/481/1598 130/483/1599
f 110/484/1600 130/483/1601 131/485/1602
f 111/486/1603 131/485/1604 132/487/1605
f 112/488/1606 132/487/1607 133/489/1608
f 113/490/1609 133/489/1610 134/491/1611
f 117/620/1612 134/619/1613 135/621/1614
f 118/496/1615 114/494/1616 135/493/1617
f 119/625/1618 118/624/1619 136/623/1620
f 119/497/1621 137/498/1622 138/499/1623
f 139/501/1624 239/502/1625 115/628/1626
f 201/183/1627 116/526/1628 140/527/1629
f 201/631/1630 141/632/1631 142/529/1632
f 93/503/1633 144/504/1634 120/630/1635
f 155/239/1636 156/240/1637 153/241/1638
f 134/554/1639 157/553/1640 156/555/1641
f 145/245/1642 146/243/1643 156/240/1644
f 170/247/1645 145/245/1646 157/244/1647
f 158/246/1648 159/248/1649 160/249/1650
f 158/246/1651 160/249/1652 169/250/1653
f 160/249/1654 161/251/1655 162/252/1656
f 160/249/1657 162/252/1658 168/253/1659
f 167/255/1660 168/253/1661 162/252/1662
f 166/506/1663 167/255/1664 163/254/1665
f 152/508/1666 149/509/1667 150/510/1668
f 153/241/1669 146/243/1670 147/512/1671
f 100/188/1672 171/336/1673 189/338/1674
f 101/171/1675 172/172/1676 171/336/1677
f 102/181/1678 173/258/1679 172/172/1680
f 103/259/1681 174/260/1682 173/258/1683
f 104/261/1684 175/262/1685 174/260/1686
f 105/354/1687 176/355/1688 175/262/1689
f 106/359/1690 177/360/1691 176/355/1692
f 107/363/1693 178/375/1694 177/360/1695
f 108/175/1696 179/176/1697 178/375/1698
f 109/173/1699 180/174/1700 179/176/1701
f 110/177/1702 181/178/1703 180/174/1704
f 111/179/1705 182/180/1706 181/178/1707
f 112/184/1708 183/265/1709 182/180/1710
f 113/266/1711 184/267/1712 183/265/1713
f 117/268/1714 187/269/1715 184/267/1716
f 114/570/1717 185/571/1718 187/269/1719
f 118/522/1720 188/523/1721 85/518/1722
f 115/618/1723 239/617/1724 99/616/1725
f 115/275/1726 97/182/1727 96/158/1728
f 119/185/1729 190/186/1730 188/572/1731
f 188/278/1732 190/273/1733 86/276/1734
f 86/276/1735 90/281/1736 89/574/1737
f 179/225/1738 180/221/1739 176/222/1740
f 180/221/1741 181/226/1742 175/227/1743
f 181/226/1744 182/228/1745 174/229/1746
f 182/228/1747 183/235/1748 173/256/1749
f 183/235/1750 184/257/1751 172/263/1752
f 184/257/1753 187/218/1754 171/219/1755
f 81/519/1756 333/521/1757 91/525/1758
f 89/131/1759 90/132/1760 88/271/1761
f 290/144/1762 296/146/1763 298/272/1764
f 293/149/1765 303/153/1766 192/283/1767
f 299/156/1768 283/159/1769 194/291/1770
f 279/162/1771 98/164/1772 196/293/1773
f 98/287/1774 99/288/1775 197/295/1776
f 197/298/1777 281/299/1778 195/300/1779
f 17/580/1780 269/581/1781 255/582/1782
f 270/306/1783 17/302/1784 199/310/1785
f 198/301/1786 259/309/1787 256/312/1788
f 200/313/1789 250/320/1790 247/321/1791
f 199/310/1792 186/325/1793 276/324/1794
f 259/584/1795 270/583/1796 271/585/1797
f 264/588/1798 263/587/1799 272/589/1800
f 250/592/1801 273/591/1802 276/595/1803
f 116/598/1804 201/594/1805 267/597/1806
f 198/308/1807 200/314/1808 143/322/1809
f 313/27/1810 311/29/1811 323/31/1812
f 204/40/1813 203/52/1814 210/64/1815
f 315/72/1816 314/74/1817 326/76/1818
f 206/331/1819 205/332/1820 212/333/1821
f 314/74/1822 207/337/1823 214/348/1824
f 316/353/1825 206/331/1826 213/334/1827
f 207/337/1828 208/340/1829 215/379/1830
f 317/356/1831 316/353/1832 327/377/1833
f 208/340/1834 318/342/1835 216/346/1836
f 319/358/1837 317/356/1838 328/384/1839
f 318/342/1840 320/36/1841 217/38/1842
f 321/351/1843 319/358/1844 329/575/1845
f 320/36/1846 313/27/1847 209/35/1848
f 203/52/1849 321/351/1850 330/361/1851
f 322/335/1852 315/72/1853 211/77/1854
f 205/332/1855 322/335/1856 218/350/1857
f 310/364/1858 307/365/1859 219/366/1860
f 219/368/1861 222/369/1862 221/370/1863
f 22/644/1864 21/645/1865 233/646/1866
f 243/648/1867 232/649/1868 235/650/1869
f 244/652/1870 242/653/1871 224/654/1872
f 243/656/1873 223/657/1874 226/658/1875
f 224/660/1876 242/661/1877 245/662/1878
f 150/671/1879 228/668/1880 237/669/1881
f 149/675/1882 140/672/1883 228/673/1884
f 229/676/1885 238/677/1886 237/678/1887
f 229/680/1888 228/681/1889 140/682/1890
f 116/684/1891 186/667/1892 225/666/1893
f 229/686/1894 230/687/1895 240/688/1896
f 240/693/1897 230/690/1898 224/691/1899
f 224/691/1900 227/696/1901 226/697/1902
f 226/700/1903 227/701/1904 245/702/1905
f 152/713/1906 151/712/1907 237/711/1908
f 238/714/1909 239/717/1910 139/716/1911
f 239/718/1912 238/719/1913 235/708/1914
f 233/724/1915 243/723/1916 242/722/1917
f 242/722/1918 243/723/1919 246/728/1920
f 276/729/1921 249/732/1922 248/731/1923
f 273/733/1924 250/734/1925 252/735/1926
f 255/737/1927 253/740/1928 260/739/1929
f 256/741/1930 257/744/1931 265/743/1932
f 262/745/1933 251/748/1934 252/747/1935
f 247/749/1936 248/752/1937 278/751/1938
f 252/754/1939 251/755/1940 275/756/1941
f 265/758/1942 257/759/1943 258/760/1944
f 260/762/1945 253/763/1946 254/764/1947
f 269/765/1948 254/768/1949 253/767/1950
f 271/769/1951 258/772/1952 257/771/1953
f 270/773/1954 259/774/1955 260/775/1956
f 272/777/1957 275/780/1958 251/779/1959
f 263/781/1960 264/782/1961 265/783/1962
f 277/785/1963 267/786/1964 278/787/1965
f 269/789/1966 270/790/1967 261/791/1968
f 271/793/1969 263/794/1970 266/795/1971
f 272/797/1972 273/798/1973 274/799/1974
f 276/801/1975 277/802/1976 268/803/1977
f 278/806/1978 248/807/1979 249/808/1980
f 279/809/1981 282/812/1982 281/811/1983
f 283/813/1984 284/814/1985 286/815/1986
f 291/817/1987 292/820/1988 288/819/1989
f 294/821/1990 295/824/1991 305/823/1992
f 300/825/1993 301/828/1994 286/827/1995
f 280/829/1996 281/832/1997 197/831/1998
f 286/834/1999 301/835/2000 302/836/2001
f 305/838/2002 295/839/2003 287/840/2004
f 288/842/2005 292/843/2006 289/844/2007
f 290/845/2008 289/848/2009 292/847/2010
f 293/849/2011 287/852/2012 295/851/2013
f 296/853/2014 297/854/2015 288/855/2016
f 299/857/2017 302/860/2018 301/859/2019
f 303/861/2020 304/862/2021 305/863/2022
f 80/868/2023 83/867/2024 84/866/2025
f 84/866/2026 83/867/2027 87/872/2028
f 307/873/2029 310/876/2030 309/875/2031
f 315/885/2032 205/884/2033 206/883/2034
f 314/882/2035 206/883/2036 316/887/2037
f 207/886/2038 316/887/2039 317/889/2040
f 208/888/2041 317/889/2042 319/891/2043
f 318/890/2044 319/891/2045 321/893/2046
f 320/892/2047 321/893/2048 203/880/2049
f 211/901/2050 326/900/2051 213/903/2052
f 326/900/2053 214/904/2054 327/905/2055
f 214/904/2056 215/906/2057 328/907/2058
f 215/906/2059 216/908/2060 329/909/2061
f 216/908/2062 217/910/2063 330/911/2064
f 217/910/2065 209/896/2066 210/898/2067
f 336/919/2068 77/920/2069 76/921/2070
f 335/918/2071 76/921/2072 337/923/2073
f 78/922/2074 337/923/2075 338/925/2076
f 79/924/2077 338/925/2078 340/927/2079
f 339/926/2080 340/927/2081 342/929/2082
f 341/928/2083 342/929/2084 75/916/2085
f 368/939/2086 347/936/2087 371/937/2088
f 347/936/2089 348/940/2090 349/941/2091
f 348/940/2092 372/942/2093 350/943/2094
f 372/942/2095 351/944/2096 375/945/2097
f 351/944/2098 377/946/2099 379/947/2100
f 377/946/2101 346/933/2102 364/934/2103
f 366/955/2104 369/956/2105 356/957/2106
f 367/954/2107 356/957/2108 358/959/2109
f 357/958/2110 358/959/2111 360/961/2112
f 359/960/2113 360/961/2114 374/963/2115
f 373/962/2116 374/963/2117 378/965/2118
f 376/964/2119 378/965/2120 363/952/2121
f 354/967/2122 353/968/2123 344/969/2124
f 362/971/2125 363/972/2126 364/973/2127
f 366/975/2128 367/976/2129 347/977/2130
f 356/979/2131 369/980/2132 370/981/2133
f 367/976/2134 357/983/2135 348/984/2136
f 358/985/2137 356/979/2138 371/982/2139
f 357/983/2140 359/987/2141 372/988/2142
f 360/989/2143 358/985/2144 349/986/2145
f 359/987/2146 373/991/2147 351/992/2148
f 374/993/2149 360/989/2150 350/990/2151
f 373/991/2152 376/995/2153 377/996/2154
f 378/997/2155 374/993/2156 375/994/2157
f 376/995/2158 354/967/2159 346/970/2160
f 363/972/2161 378/997/2162 379/998/2163
f 361/999/2164 366/975/2165 368/978/2166
f 369/980/2167 361/999/2168 352/1000/2169
f 380/1001/2170 381/1002/2171 382/1003/2172
f 382/1005/2173 384/1006/2174 385/1007/2175
f 381/1009/2176 380/1010/2177 386/1011/2178
f 390/1013/2179 391/1018/2180 392/1019/2181
f 393/1015/2182 402/1024/2183 398/1026/2184
f 400/1016/2185 394/1022/2186 393/1023/2187
f 397/1014/2188 390/1013/2189 396/1028/2190
f 390/1013/2191 389/1030/2192 388/1020/2193
f 394/1021/2194 389/1031/2195 402/1024/2196
f 394/1022/2197 403/1017/2198 388/1027/2199
f 399/1034/2200 402/1042/2201 401/1039/2202
f 400/1035/2203 401/1040/2204 403/1036/2205
f 396/1046/2206 395/1038/2207 391/1032/2208
f 391/1032/2209 389/1048/2210 392/1037/2211
f 401/1039/2212 389/1049/2213 395/1047/2214
f 395/1045/2215 396/1043/2216 403/1036/2217
f 406/1050/2218 415/1055/2219 416/1056/2220
f 409/1052/2221 412/1061/2222 408/1063/2223
f 410/1053/2224 411/1059/2225 409/1060/2226
f 407/1051/2227 406/1050/2228 414/1065/2229
f 406/1050/2230 405/1067/2231 404/1057/2232
f 411/1058/2233 405/1068/2234 412/1061/2235
f 411/1059/2236 419/1054/2237 404/1064/2238
f 417/1071/2239 412/1079/2240 418/1076/2241
f 410/1072/2242 418/1077/2243 419/1073/2244
f 414/1083/2245 413/1075/2246 415/1069/2247
f 415/1069/2248 405/1085/2249 416/1074/2250
f 418/1076/2251 405/1086/2252 413/1084/2253
f 413/1082/2254 414/1080/2255 419/1073/2256
f 422/1087/2257 423/1092/2258 430/1093/2259
f 425/1089/2260 434/1098/2261 424/1100/2262
f 432/1090/2263 426/1096/2264 425/1097/2265
f 429/1088/2266 422/1087/2267 421/1102/2268
f 422/1087/2269 428/1104/2270 420/1094/2271
f 426/1095/2272 428/1105/2273 434/1098/2274
f 426/1096/2275 435/1091/2276 420/1101/2277
f 431/1108/2278 434/1116/2279 433/1113/2280
f 432/1109/2281 433/1114/2282 435/1110/2283
f 421/1120/2284 427/1112/2285 423/1106/2286
f 423/1106/2287 428/1122/2288 430/1111/2289
f 433/1113/2290 428/1123/2291 427/1121/2292
f 427/1119/2293 421/1117/2294 435/1110/2295
f 438/1124/2296 439/1129/2297 448/1130/2298
f 441/1126/2299 451/1135/2300 440/1137/2301
f 442/1127/2302 443/1133/2303 441/1134/2304
f 447/1125/2305 438/1124/2306 446/1139/2307
f 438/1124/2308 437/1141/2309 436/1131/2310
f 443/1132/2311 437/1142/2312 451/1135/2313
f 443/1133/2314 444/1128/2315 436/1138/2316
f 449/1145/2317 451/1153/2318 450/1150/2319
f 442/1146/2320 450/1151/2321 444/1147/2322
f 446/1157/2323 445/1149/2324 439/1143/2325
f 439/1143/2326 437/1159/2327 448/1148/2328
f 450/1150/2329 437/1160/2330 445/1158/2331
f 445/1156/2332 446/1154/2333 444/1147/2334
f 454/1161/2335 455/1166/2336 463/1167/2337
f 457/1163/2338 466/1172/2339 456/1174/2340
f 458/1164/2341 459/1170/2342 457/1171/2343
f 462/1162/2344 454/1161/2345 453/1176/2346
f 454/1161/2347 461/1178/2348 452/1168/2349
f 459/1169/2350 461/1179/2351 466/1172/2352
f 459/1170/2353 467/1165/2354 452/1175/2355
f 464/1182/2356 466/1190/2357 465/1187/2358
f 458/1183/2359 465/1188/2360 467/1184/2361
f 453/1194/2362 460/1186/2363 455/1180/2364
f 455/1180/2365 461/1196/2366 463/1185/2367
f 465/1187/2368 461/1197/2369 460/1195/2370
f 460/1193/2371 453/1191/2372 467/1184/2373
f 470/1198/2374 471/1203/2375 479/1204/2376
f 472/1200/2377 483/1209/2378 480/1211/2379
f 473/1201/2380 474/1207/2381 472/1208/2382
f 478/1199/2383 470/1198/2384 469/1213/2385
f 470/1198/2386 477/1215/2387 468/1205/2388
f 474/1206/2389 477/1216/2390 483/1209/2391
f 474/1207/2392 475/1202/2393 468/1212/2394
f 481/1219/2395 483/1227/2396 482/1224/2397
f 473/1220/2398 482/1225/2399 475/1221/2400
f 469/1231/2401 476/1223/2402 471/1217/2403
f 471/1217/2404 477/1233/2405 479/1222/2406
f 482/1224/2407 477/1234/2408 476/1232/2409
f 476/1230/2410 469/1228/2411 475/1221/2412
f 486/1235/2413 494/1240/2414 487/1241/2415
f 488/1237/2416 490/1246/2417 496/1248/2418
f 498/1238/2419 489/1244/2420 488/1245/2421
f 495/1236/2422 486/1235/2423 485/1250/2424
f 486/1235/2425 493/1252/2426 484/1242/2427
f 489/1243/2428 493/1253/2429 490/1246/2430
f 489/1244/2431 491/1239/2432 484/1249/2433
f 497/1256/2434 490/1264/2435 499/1261/2436
f 498/1257/2437 499/1262/2438 491/1258/2439
f 485/1268/2440 492/1260/2441 494/1254/2442
f 494/1254/2443 493/1270/2444 487/1259/2445
f 499/1261/2446 493/1271/2447 492/1269/2448
f 492/1267/2449 485/1265/2450 491/1258/2451
f 501/1272/2452 503/1277/2453 504/1278/2454
f 505/1274/2455 514/1283/2456 511/1285/2457
f 506/1275/2458 507/1281/2459 505/1282/2460
f 502/1273/2461 501/1272/2462 510/1287/2463
f 501/1272/2464 509/1289/2465 500/1279/2466
f 507/1280/2467 509/1290/2468 514/1283/2469
f 507/1281/2470 515/1276/2471 500/1286/2472
f 512/1293/2473 514/1301/2474 513/1298/2475
f 506/1294/2476 513/1299/2477 515/1295/2478
f 510/1305/2479 508/1297/2480 503/1291/2481
f 503/1291/2482 509/1307/2483 504/1296/2484
f 513/1298/2485 509/1308/2486 508/1306/2487
f 508/1304/2488 510/1302/2489 515/1295/2490
f 517/1309/2491 525/1314/2492 526/1315/2493
f 520/1311/2494 530/1320/2495 519/1322/2496
f 528/1312/2497 521/1318/2498 520/1319/2499
f 518/1310/2500 517/1309/2501 524/1324/2502
f 517/1309/2503 523/1326/2504 516/1316/2505
f 521/1317/2506 523/1327/2507 530/1320/2508
f 521/1318/2509 531/1313/2510 516/1323/2511
f 527/1330/2512 530/1338/2513 529/1335/2514
f 528/1331/2515 529/1336/2516 531/1332/2517
f 524/1342/2518 522/1334/2519 525/1328/2520
f 525/1328/2521 523/1344/2522 526/1333/2523
f 529/1335/2524 523/1345/2525 522/1343/2526
f 522/1341/2527 524/1339/2528 531/1332/2529
f 534/1346/2530 536/1351/2531 537/1352/2532
f 538/1348/2533 540/1357/2534 544/1359/2535
f 546/1349/2536 539/1355/2537 538/1356/2538
f 535/1347/2539 534/1346/2540 543/1361/2541
f 534/1346/2542 533/1363/2543 532/1353/2544
f 539/1354/2545 533/1364/2546 540/1357/2547
f 539/1355/2548 541/1350/2549 532/1360/2550
f 545/1367/2551 540/1375/2552 547/1372/2553
f 546/1368/2554 547/1373/2555 541/1369/2556
f 543/1379/2557 542/1371/2558 536/1365/2559
f 536/1365/2560 533/1381/2561 537/1370/2562
f 547/1372/2563 533/1382/2564 542/1380/2565
f 542/1378/2566 543/1376/2567 541/1369/2568
f 550/1383/2569 556/1388/2570 551/1389/2571
f 552/1385/2572 562/1394/2573 558/1396/2574
f 560/1386/2575 553/1392/2576 552/1393/2577
f 557/1384/2578 550/1383/2579 555/1398/2580
f 550/1383/2581 549/1400/2582 548/1390/2583
f 553/1391/2584 549/1401/2585 562/1394/2586
f 553/1392/2587 563/1387/2588 548/1397/2589
f 559/1404/2590 562/1412/2591 561/1409/2592
f 560/1405/2593 561/1410/2594 563/1406/2595
f 555/1416/2596 554/1408/2597 556/1402/2598
f 556/1402/2599 549/1418/2600 551/1407/2601
f 561/1409/2602 549/1419/2603 554/1417/2604
f 554/1415/2605 555/1413/2606 563/1406/2607
f 390/1013/2608 397/1014/2609 391/1018/2610
f 393/1015/2611 394/1021/2612 402/1024/2613
f 400/1016/2614 403/1017/2615 394/1022/2616
f 390/1013/2617 388/1020/2618 396/1028/2619
f 390/1013/2620 392/1019/2621 389/1030/2622
f 394/1021/2623 388/1029/2624 389/1031/2625
f 403/1017/2626 396/1025/2627 388/1027/2628
f 399/1034/2629 398/1044/2630 402/1042/2631
f 400/1035/2632 399/1041/2633 401/1040/2634
f 391/1032/2635 397/1033/2636 396/1046/2637
f 391/1032/2638 395/1038/2639 389/1048/2640
f 401/1039/2641 402/1042/2642 389/1049/2643
f 403/1036/2644 401/1040/2645 395/1045/2646
f 406/1050/2647 407/1051/2648 415/1055/2649
f 409/1052/2650 411/1058/2651 412/1061/2652
f 410/1053/2653 419/1054/2654 411/1059/2655
f 406/1050/2656 404/1057/2657 414/1065/2658
f 406/1050/2659 416/1056/2660 405/1067/2661
f 411/1058/2662 404/1066/2663 405/1068/2664
f 419/1054/2665 414/1062/2666 404/1064/2667
f 417/1071/2668 408/1081/2669 412/1079/2670
f 410/1072/2671 417/1078/2672 418/1077/2673
f 415/1069/2674 407/1070/2675 414/1083/2676
f 415/1069/2677 413/1075/2678 405/1085/2679
f 418/1076/2680 412/1079/2681 405/1086/2682
f 419/1073/2683 418/1077/2684 413/1082/2685
f 422/1087/2686 429/1088/2687 423/1092/2688
f 425/1089/2689 426/1095/2690 434/1098/2691
f 432/1090/2692 435/1091/2693 426/1096/2694
f 422/1087/2695 420/1094/2696 421/1102/2697
f 422/1087/2698 430/1093/2699 428/1104/2700
f 426/1095/2701 420/1103/2702 428/1105/2703
f 435/1091/2704 421/1099/2705 420/1101/2706
f 431/1108/2707 424/1118/2708 434/1116/2709
f 432/1109/2710 431/1115/2711 433/1114/2712
f 423/1106/2713 429/1107/2714 421/1120/2715
f 423/1106/2716 427/1112/2717 428/1122/2718
f 433/1113/2719 434/1116/2720 428/1123/2721
f 435/1110/2722 433/1114/2723 427/1119/2724
f 438/1124/2725 447/1125/2726 439/1129/2727
f 441/1126/2728 443/1132/2729 451/1135/2730
f 442/1127/2731 444/1128/2732 443/1133/2733
f 438/1124/2734 436/1131/2735 446/1139/2736
f 438/1124/2737 448/1130/2738 437/1141/2739
f 443/1132/2740 436/1140/2741 437/1142/2742
f 444/1128/2743 446/1136/2744 436/1138/2745
f 449/1145/2746 440/1155/2747 451/1153/2748
f 442/1146/2749 449/1152/2750 450/1151/2751
f 439/1143/2752 447/1144/2753 446/1157/2754
f 439/1143/2755 445/1149/2756 437/1159/2757
f 450/1150/2758 451/1153/2759 437/1160/2760
f 444/1147/2761 450/1151/2762 445/1156/2763
f 454/1161/2764 462/1162/2765 455/1166/2766
f 457/1163/2767 459/1169/2768 466/1172/2769
f 458/1164/2770 467/1165/2771 459/1170/2772
f 454/1161/2773 452/1168/2774 453/1176/2775
f 454/1161/2776 463/1167/2777 461/1178/2778
f 459/1169/2779 452/1177/2780 461/1179/2781
f 467/1165/2782 453/1173/2783 452/1175/2784
f 464/1182/2785 456/1192/2786 466/1190/2787
f 458/1183/2788 464/1189/2789 465/1188/2790
f 455/1180/2791 462/1181/2792 453/1194/2793
f 455/1180/2794 460/1186/2795 461/1196/2796
f 465/1187/2797 466/1190/2798 461/1197/2799
f 467/1184/2800 465/1188/2801 460/1193/2802
f 470/1198/2803 478/1199/2804 471/1203/2805
f 472/1200/2806 474/1206/2807 483/1209/2808
f 473/1201/2809 475/1202/2810 474/1207/2811
f 470/1198/2812 468/1205/2813 469/1213/2814
f 470/1198/2815 479/1204/2816 477/1215/2817
f 474/1206/2818 468/1214/2819 477/1216/2820
f 475/1202/2821 469/1210/2822 468/1212/2823
f 481/1219/2824 480/1229/2825 483/1227/2826
f 473/1220/2827 481/1226/2828 482/1225/2829
f 471/1217/2830 478/1218/2831 469/1231/2832
f 471/1217/2833 476/1223/2834 477/1233/2835
f 482/1224/2836 483/1227/2837 477/1234/2838
f 475/1221/2839 482/1225/2840 476/1230/2841
f 486/1235/2842 495/1236/2843 494/1240/2844
f 488/1237/2845 489/1243/2846 490/1246/2847
f 498/1238/2848 491/1239/2849 489/1244/2850
f 486/1235/2851 484/1242/2852 485/1250/2853
f 486/1235/2854 487/1241/2855 493/1252/2856
f 489/1243/2857 484/1251/2858 493/1253/2859
f 491/1239/2860 485/1247/2861 484/1249/2862
f 497/1256/2863 496/1266/2864 490/1264/2865
f 498/1257/2866 497/1263/2867 499/1262/2868
f 494/1254/2869 495/1255/2870 485/1268/2871
f 494/1254/2872 492/1260/2873 493/1270/2874
f 499/1261/2875 490/1264/2876 493/1271/2877
f 491/1258/2878 499/1262/2879 492/1267/2880
f 501/1272/2881 502/1273/2882 503/1277/2883
f 505/1274/2884 507/1280/2885 514/1283/2886
f 506/1275/2887 515/1276/2888 507/1281/2889
f 501/1272/2890 500/1279/2891 510/1287/2892
f 501/1272/2893 504/1278/2894 509/1289/2895
f 507/1280/2896 500/1288/2897 509/1290/2898
f 515/1276/2899 510/1284/2900 500/1286/2901
f 512/1293/2902 511/1303/2903 514/1301/2904
f 506/1294/2905 512/1300/2906 513/1299/2907
f 503/1291/2908 502/1292/2909 510/1305/2910
f 503/1291/2911 508/1297/2912 509/1307/2913
f 513/1298/2914 514/1301/2915 509/1308/2916
f 515/1295/2917 513/1299/2918 508/1304/2919
f 517/1309/2920 518/1310/2921 525/1314/2922
f 520/1311/2923 521/1317/2924 530/1320/2925
f 528/1312/2926 531/1313/2927 521/1318/2928
f 517/1309/2929 516/1316/2930 524/1324/2931
f 517/1309/2932 526/1315/2933 523/1326/2934
f 521/1317/2935 516/1325/2936 523/1327/2937
f 531/1313/2938 524/1321/2939 516/1323/2940
f 527/1330/2941 519/1340/2942 530/1338/2943
f 528/1331/2944 527/1337/2945 529/1336/2946
f 525/1328/2947 518/1329/2948 524/1342/2949
f 525/1328/2950 522/1334/2951 523/1344/2952
f 529/1335/2953 530/1338/2954 523/1345/2955
f 531/1332/2956 529/1336/2957 522/1341/2958
f 534/1346/2959 535/1347/2960 536/1351/2961
f 538/1348/2962 539/1354/2963 540/1357/2964
f 546/1349/2965 541/1350/2966 539/1355/2967
f 534/1346/2968 532/1353/2969 543/1361/2970
f 534/1346/2971 537/1352/2972 533/1363/2973
f 539/1354/2974 532/1362/2975 533/1364/2976
f 541/1350/2977 543/1358/2978 532/1360/2979
f 545/1367/2980 544/1377/2981 540/1375/2982
f 546/1368/2983 545/1374/2984 547/1373/2985
f 536/1365/2986 535/1366/2987 543/1379/2988
f 536/1365/2989 542/1371/2990 533/1381/2991
f 547/1372/2992 540/1375/2993 533/1382/2994
f 541/1369/2995 547/1373/2996 542/1378/2997
f 550/1383/2998 557/1384/2999 556/1388/3000
f 552/1385/3001 553/1391/3002 562/1394/3003
f 560/1386/3004 563/1387/3005 553/1392/3006
f 550/1383/3007 548/1390/3008 555/1398/3009
f 550/1383/3010 551/1389/3011 549/1400/3012
f 553/1391/3013 548/1399/3014 549/1401/3015
f 563/1387/3016 555/1395/3017 548/1397/3018
f 559/1404/3019 558/1414/3020 562/1412/3021
f 560/1405/3022 559/1411/3023 561/1410/3024
f 556/1402/3025 557/1403/3026 555/1416/3027
f 556/1402/3028 554/1408/3029 549/1418/3030
f 561/1409/3031 562/1412/3032 549/1419/3033
f 563/1406/3034 561/1410/3035 554/1415/3036
f 566/1422/3037 571/1423/3038 567/1427/3039
f 564/1480/3040 570/1481/3041 566/1483/3042
f 568/1421/3043 565/1424/3044 569/1431/3045
f 566/1456/3046 575/1458/3047 574/1459/3048
f 564/1420/3049 574/1434/3050 572/1435/3051
f 567/1495/3052 573/1432/3053 575/1433/3054
f 568/1490/3055 577/1492/3056 576/1493/3057
f 569/1452/3058 579/1454/3059 577/1455/3060
f 571/1429/3061 578/1438/3062 579/1439/3063
f 576/1437/3064 577/1436/3065 601/1477/3066
f 577/1464/3067 579/1465/3068 600/1467/3069
f 579/1485/3070 578/1484/3071 602/1479/3072
f 583/1486/3073 592/1451/3074 581/1487/3075
f 583/1443/3076 584/1469/3077 585/1470/3078
f 581/1444/3079 586/1474/3080 584/1475/3081
f 580/1488/3082 587/1450/3083 586/1471/3084
f 586/1460/3085 587/1461/3086 584/1463/3087
f 594/1440/3088 580/1441/3089 592/1449/3090
f 595/1472/3091 582/1447/3092 594/1473/3093
f 596/1496/3094 588/1497/3095 597/1499/3096
f 598/1500/3097 590/1501/3098 596/1503/3099
f 591/1504/3100 599/1505/3101 589/1507/3102
f 591/1508/3103 592/1510/3104 593/1511/3105
f 589/1512/3106 594/1514/3107 592/1515/3108
f 588/1516/3109 595/1518/3110 594/1519/3111
f 599/1520/3112 600/1522/3113 597/1521/3114
f 597/1524/3115 602/1526/3116 596/1525/3117
f 596/1528/3118 603/1530/3119 598/1529/3120
f 571/1423/3121 569/1425/3122 567/1427/3123
f 570/1481/3124 571/1482/3125 566/1483/3126
f 565/1424/3127 567/1428/3128 569/1431/3129
f 566/1456/3130 567/1457/3131 575/1458/3132
f 564/1420/3133 566/1430/3134 574/1434/3135
f 567/1495/3136 565/1494/3137 573/1432/3138
f 568/1490/3139 569/1491/3140 577/1492/3141
f 569/1452/3142 571/1453/3143 579/1454/3144
f 571/1429/3145 570/1426/3146 578/1438/3147
f 577/1436/3148 600/1476/3149 601/1477/3150
f 579/1465/3151 602/1466/3152 600/1467/3153
f 578/1484/3154 603/1478/3155 602/1479/3156
f 583/1486/3157 593/1445/3158 592/1451/3159
f 583/1443/3160 581/1468/3161 584/1469/3162
f 581/1444/3163 580/1446/3164 586/1474/3165
f 580/1488/3166 582/1489/3167 587/1450/3168
f 587/1461/3169 585/1462/3170 584/1463/3171
f 580/1441/3172 581/1448/3173 592/1449/3174
f 582/1447/3175 580/1442/3176 594/1473/3177
f 588/1497/3178 589/1498/3179 597/1499/3180
f 590/1501/3181 588/1502/3182 596/1503/3183
f 599/1505/3184 597/1506/3185 589/1507/3186
f 591/1508/3187 589/1509/3188 592/1510/3189
f 589/1512/3190 588/1513/3191 594/1514/3192
f 588/1516/3193 590/1517/3194 595/1518/3195
f 599/1520/3196 601/1523/3197 600/1522/3198
f 597/1524/3199 600/1527/3200 602/1526/3201
f 596/1528/3202 602/1531/3203 603/1530/3204
