# This file uses feet as units for non-parametric coordinates.

g default
v 2.617730 34.089298 -3.602980
v 1.376220 34.089298 -4.235570
v 2.617730 34.667000 -3.602980
v 1.376220 34.667000 -4.235570
v 3.602990 34.089298 -2.617720
v 3.602990 34.667000 -2.617720
v 4.235560 34.089298 -1.376230
v 4.235560 34.667000 -1.376230
v 4.453530 34.089298 -0.000007
v 4.453530 34.667000 -0.000006
v 4.235560 34.089298 1.376220
v 4.235560 34.667000 1.376220
v 3.602980 34.089298 2.617720
v 3.602980 34.667000 2.617720
v 2.617720 34.089298 3.602980
v 2.617720 34.667000 3.602980
v 1.376210 34.089298 4.235560
v 1.376210 34.667000 4.235560
v -0.000006 34.089298 4.453530
v -0.000004 34.667000 4.453530
v -1.376220 34.089298 4.235560
v -1.376220 34.667000 4.235560
v -2.617720 34.089298 3.602980
v -2.617720 34.667000 3.602980
v -3.602980 34.089298 2.617720
v -3.602980 34.667000 2.617720
v -4.235560 34.089298 1.376220
v -4.235560 34.667000 1.376220
v -4.453530 34.089298 0.000001
v -4.453530 34.667000 0.000001
v -4.235560 34.089298 -1.376220
v -4.235560 34.667000 -1.376210
v -3.602990 34.089298 -2.617720
v -3.602990 34.667000 -2.617720
v -2.617720 34.089298 -3.602990
v -2.617720 34.667000 -3.602990
v -1.376210 34.089298 -4.235570
v -1.376220 34.667000 -4.235560
v -0.000006 34.089298 -4.453540
v -0.000005 34.667000 -4.453540
v -0.000001 34.089298 -0.000003
v -0.000001 34.667000 -0.000003
v 2.617730 31.089298 -3.602980
v 1.376220 31.089298 -4.235570
v 2.617730 31.667000 -3.602980
v 1.376220 31.667000 -4.235570
v 3.602990 31.089298 -2.617720
v 3.602990 31.667000 -2.617720
v 4.235560 31.089298 -1.376230
v 4.235560 31.667000 -1.376230
v 4.453530 31.089298 -0.000007
v 4.453530 31.667000 -0.000005
v 4.235559 31.089298 1.376220
v 4.235559 31.667000 1.376220
v 3.602979 31.089298 2.617720
v 3.602979 31.667000 2.617720
v 2.617720 31.089298 3.602980
v 2.617720 31.667000 3.602980
v 1.376210 31.089298 4.235560
v 1.376210 31.667000 4.235560
v -0.000006 31.089298 4.453530
v -0.000004 31.667000 4.453530
v -1.376220 31.089298 4.235560
v -1.376220 31.667000 4.235560
v -2.617720 31.089298 3.602979
v -2.617720 31.667000 3.602979
v -3.602980 31.089298 2.617720
v -3.602980 31.667000 2.617720
v -4.235560 31.089298 1.376220
v -4.235560 31.667000 1.376220
v -4.453530 31.089298 0.000001
v -4.453530 31.667000 0.000001
v -4.235560 31.089298 -1.376220
v -4.235560 31.667000 -1.376210
v -3.602990 31.089298 -2.617720
v -3.602990 31.667000 -2.617720
v -2.617720 31.089298 -3.602990
v -2.617720 31.667000 -3.602990
v -1.376210 31.089298 -4.235570
v -1.376220 31.667000 -4.235560
v -0.000006 31.089298 -4.453540
v -0.000005 31.667000 -4.453540
v -0.000001 31.089298 -0.000003
v -0.000001 31.667000 -0.000003
v -8.494570 39.939499 -2.760050
v -7.957610 39.939499 -4.054600
v -9.728850 40.608898 -3.161090
v -9.113870 40.608898 -4.643750
v -7.225910 39.939499 -5.249930
v -8.275850 40.608898 -6.012760
v -6.315190 39.939499 -6.315190
v -7.232800 40.608898 -7.232800
v -5.249930 39.939499 -7.225910
v -6.012760 40.608898 -8.275850
v -4.054600 39.939499 -7.957610
v -4.643750 40.608898 -9.113860
v -2.760050 39.939499 -8.494570
v -3.161090 40.608898 -9.728850
v -1.397120 39.939499 -8.821080
v -1.600130 40.608898 -10.102800
v 0.000000 39.939499 -8.931720
v 0.000000 40.608898 -10.229500
v 0.000000 39.939499 8.931710
v -1.397120 39.939499 8.821070
v 0.000000 40.608898 10.229500
v -1.600120 40.608898 10.102800
v -2.760050 39.939499 8.494560
v -3.161090 40.608898 9.728840
v -4.054600 39.939499 7.957600
v -4.643740 40.608898 9.113860
v -5.249930 39.939499 7.225910
v -6.012750 40.608898 8.275850
v -6.315190 39.939499 6.315190
v -7.232800 40.608898 7.232800
v -7.225910 39.939499 5.249930
v -8.275850 40.608898 6.012750
v -7.957600 39.939499 4.054600
v -9.113860 40.608898 4.643740
v -8.494560 39.939499 2.760050
v -9.728840 40.608898 3.161090
v -8.821070 39.939499 1.397120
v -10.102800 40.608898 1.600120
v -8.931710 39.939499 -0.000000
v -10.229500 40.608898 -0.000000
v -8.821070 39.939499 -1.397120
v -10.102800 40.608898 -1.600130
v -10.708400 39.566200 -3.479360
v -10.031500 39.566200 -5.111290
v -9.109090 39.566200 -6.618140
v -7.961020 39.566200 -7.961020
v -6.618140 39.566200 -9.109090
v -5.111290 39.566200 -10.031500
v -3.479360 39.566200 -10.708400
v -1.761230 39.566200 -11.120000
v 0.000000 39.566200 -11.259500
v 0.000000 39.566200 11.259400
v -1.761230 39.566200 11.120000
v -3.479360 39.566200 10.708400
v -5.111290 39.566200 10.031500
v -6.618140 39.566200 9.109080
v -7.961020 39.566200 7.961020
v -9.109080 39.566200 6.618140
v -10.031500 39.566200 5.111290
v -10.708400 39.566200 3.479360
v -11.120000 39.566200 1.761230
v -11.259400 39.566200 -0.000000
v -11.120000 39.566200 -1.761230
v -10.079500 38.252300 -3.275020
v -9.442330 38.252300 -4.811110
v -8.574120 38.252300 -6.229460
v -7.493480 38.252300 -7.493480
v -6.229460 38.252300 -8.574120
v -4.811110 38.252300 -9.442330
v -3.275020 38.252300 -10.079500
v -1.657800 38.252300 -10.466900
v 0.000000 38.252300 -10.598200
v 0.000000 38.252300 10.598200
v -1.657790 38.252300 10.466900
v -3.275020 38.252300 10.079500
v -4.811110 38.252300 9.442330
v -6.229460 38.252300 8.574110
v -7.493470 38.252300 7.493470
v -8.574110 38.252300 6.229460
v -9.442330 38.252300 4.811110
v -10.079500 38.252300 3.275020
v -10.466900 38.252300 1.657790
v -10.598200 38.252300 -0.000000
v -10.466900 38.252300 -1.657800
v -8.711270 38.483002 -2.830460
v -8.160610 38.483002 -4.158040
v -7.410250 38.483002 -5.383860
v -6.476300 38.483002 -6.476300
v -5.383860 38.483002 -7.410250
v -4.158040 38.483002 -8.160610
v -2.830460 38.483002 -8.711270
v -1.432760 38.483002 -9.046110
v 0.000000 38.483002 -9.159570
v 0.000000 38.483002 9.159570
v -1.432760 38.483002 9.046100
v -2.830460 38.483002 8.711270
v -4.158040 38.483002 8.160610
v -5.383860 38.483002 7.410250
v -6.476290 38.483002 6.476290
v -7.410250 38.483002 5.383860
v -8.160610 38.483002 4.158040
v -8.711270 38.483002 2.830460
v -9.046100 38.483002 1.432760
v -9.159570 38.483002 -0.000000
v -9.046110 38.483002 -1.432760
v 7.957610 39.939499 -4.054600
v 8.494570 39.939499 -2.760050
v 9.113870 40.608898 -4.643750
v 9.728850 40.608898 -3.161090
v 7.225910 39.939499 -5.249930
v 8.275850 40.608898 -6.012760
v 6.315190 39.939499 -6.315190
v 7.232800 40.608898 -7.232800
v 5.249930 39.939499 -7.225910
v 6.012760 40.608898 -8.275850
v 4.054600 39.939499 -7.957610
v 4.643750 40.608898 -9.113860
v 2.760050 39.939499 -8.494570
v 3.161090 40.608898 -9.728850
v 1.397120 39.939499 -8.821080
v 1.600130 40.608898 -10.102800
v 1.397120 39.939499 8.821070
v 1.600120 40.608898 10.102800
v 2.760050 39.939499 8.494560
v 3.161090 40.608898 9.728840
v 4.054600 39.939499 7.957600
v 4.643740 40.608898 9.113860
v 5.249930 39.939499 7.225910
v 6.012750 40.608898 8.275850
v 6.315190 39.939499 6.315190
v 7.232800 40.608898 7.232800
v 7.225910 39.939499 5.249930
v 8.275850 40.608898 6.012750
v 7.957600 39.939499 4.054600
v 9.113860 40.608898 4.643740
v 8.494560 39.939499 2.760050
v 9.728840 40.608898 3.161090
v 8.821070 39.939499 1.397120
v 10.102800 40.608898 1.600120
v 8.931710 39.939499 -0.000000
v 10.229500 40.608898 -0.000000
v 8.821070 39.939499 -1.397120
v 10.102800 40.608898 -1.600130
v 10.031500 39.566200 -5.111290
v 10.708400 39.566200 -3.479360
v 9.109090 39.566200 -6.618140
v 7.961020 39.566200 -7.961020
v 6.618140 39.566200 -9.109090
v 5.111290 39.566200 -10.031500
v 3.479360 39.566200 -10.708400
v 1.761230 39.566200 -11.120000
v 1.761230 39.566200 11.120000
v 3.479360 39.566200 10.708400
v 5.111290 39.566200 10.031500
v 6.618140 39.566200 9.109080
v 7.961020 39.566200 7.961020
v 9.109080 39.566200 6.618140
v 10.031500 39.566200 5.111290
v 10.708400 39.566200 3.479360
v 11.120000 39.566200 1.761230
v 11.259400 39.566200 -0.000000
v 11.120000 39.566200 -1.761230
v 9.442330 38.252300 -4.811110
v 10.079500 38.252300 -3.275020
v 8.574120 38.252300 -6.229460
v 7.493480 38.252300 -7.493480
v 6.229460 38.252300 -8.574120
v 4.811110 38.252300 -9.442330
v 3.275020 38.252300 -10.079500
v 1.657800 38.252300 -10.466900
v 1.657790 38.252300 10.466900
v 3.275020 38.252300 10.079500
v 4.811110 38.252300 9.442330
v 6.229460 38.252300 8.574110
v 7.493470 38.252300 7.493470
v 8.574110 38.252300 6.229460
v 9.442330 38.252300 4.811110
v 10.079500 38.252300 3.275020
v 10.466900 38.252300 1.657790
v 10.598200 38.252300 -0.000000
v 10.466900 38.252300 -1.657800
v 8.160610 38.483002 -4.158040
v 8.711270 38.483002 -2.830460
v 7.410250 38.483002 -5.383860
v 6.476300 38.483002 -6.476300
v 5.383860 38.483002 -7.410250
v 4.158040 38.483002 -8.160610
v 2.830460 38.483002 -8.711270
v 1.432760 38.483002 -9.046110
v 1.432760 38.483002 9.046100
v 2.830460 38.483002 8.711270
v 4.158040 38.483002 8.160610
v 5.383860 38.483002 7.410250
v 6.476290 38.483002 6.476290
v 7.410240 38.483002 5.383860
v 8.160610 38.483002 4.158040
v 8.711270 38.483002 2.830460
v 9.046100 38.483002 1.432760
v 9.159570 38.483002 -0.000000
v 9.046110 38.483002 -1.432760
v 0.715440 1.961165 7.046283
v 0.605742 2.067850 6.882761
v 0.695043 2.192626 7.210968
v 0.585345 2.299312 7.047446
v 0.441282 2.146091 6.752424
v 0.420885 2.377553 6.917119
v 0.238158 2.188233 6.668041
v 0.217761 2.419695 6.832736
v 0.016254 2.190150 6.637868
v -0.004142 2.421602 6.802563
v -0.202709 2.151647 6.664859
v -0.223105 2.383109 6.829554
v -0.397296 2.076501 6.746372
v -0.417693 2.307963 6.911067
v -0.548461 1.972067 6.874431
v -0.568858 2.203529 7.039116
v -0.641407 1.848566 7.036490
v -0.661803 2.080027 7.201175
v -0.667035 1.718091 7.216696
v -0.687432 1.949553 7.381381
v -0.622836 1.593402 7.397406
v -0.643233 1.824863 7.562091
v -0.513138 1.486717 7.560927
v -0.533535 1.718178 7.725612
v -0.348678 1.408475 7.691264
v -0.369075 1.639937 7.855949
v -0.145555 1.366333 7.775638
v -0.165951 1.597795 7.940332
v 0.076348 1.364426 7.805810
v 0.055952 1.595887 7.970505
v 0.295311 1.402919 7.778819
v 0.274915 1.634380 7.943514
v 0.489899 1.478065 7.697316
v 0.469502 1.709527 7.862001
v 0.641065 1.582499 7.569257
v 0.620668 1.813961 7.733942
v 0.734010 1.706001 7.407198
v 0.713614 1.937463 7.571883
v 0.759637 1.836485 7.226993
v 0.739240 2.067947 7.391677
v 0.580541 2.161164 7.241016
v 0.489614 2.249594 7.105470
v 0.353296 2.314445 6.997446
v 0.184931 2.349370 6.927498
v 0.000999 2.350961 6.902488
v -0.180495 2.319045 6.924860
v -0.341785 2.256763 6.992429
v -0.467084 2.170201 7.098565
v -0.544125 2.067832 7.232899
v -0.565367 1.959683 7.382262
v -0.528733 1.856336 7.532053
v -0.437805 1.767906 7.667589
v -0.301487 1.703045 7.775623
v -0.133122 1.668120 7.845570
v 0.050810 1.666538 7.870570
v 0.232304 1.698445 7.848207
v 0.393595 1.760727 7.780639
v 0.518892 1.847298 7.674493
v 0.595933 1.949668 7.540169
v 0.617176 2.057817 7.390797
v 0.571878 2.259479 7.310972
v 0.480949 2.347909 7.175426
v 0.344632 2.412770 7.067401
v 0.176268 2.447695 6.997454
v -0.007666 2.449276 6.972445
v -0.189159 2.417370 6.994817
v -0.350450 2.355088 7.062385
v -0.475747 2.268516 7.168521
v -0.552788 2.166147 7.302855
v -0.574031 2.057998 7.452228
v -0.537396 1.954651 7.602008
v -0.446469 1.866221 7.737555
v -0.310151 1.801370 7.845579
v -0.141785 1.766435 7.915526
v 0.042146 1.764854 7.940536
v 0.223641 1.796760 7.918164
v 0.384930 1.859052 7.850595
v 0.510229 1.945613 7.744459
v 0.587270 2.047983 7.610125
v 0.608512 2.156132 7.460752
v 0.017241 2.107065 7.456485
v 1.416320 37.522400 -0.460189
v 1.204790 37.522400 -0.875332
v 1.416320 40.500900 -0.460189
v 1.204790 40.500900 -0.875332
v 0.875332 37.522400 -1.204790
v 0.875332 40.500900 -1.204790
v 0.460189 37.522400 -1.416320
v 0.460189 40.500900 -1.416320
v 0.000000 37.522400 -1.489200
v 0.000000 40.500900 -1.489200
v -0.460189 37.522400 -1.416320
v -0.460189 40.500900 -1.416320
v -0.875331 37.522400 -1.204790
v -0.875331 40.500900 -1.204790
v -1.204790 37.522400 -0.875331
v -1.204790 40.500900 -0.875331
v -1.416320 37.522400 -0.460189
v -1.416320 40.500900 -0.460189
v -1.489200 37.522400 0.000000
v -1.489200 40.500900 0.000000
v -1.416320 37.522400 0.460189
v -1.416320 40.500900 0.460189
v -1.204790 37.522400 0.875331
v -1.204790 40.500900 0.875331
v -0.875331 37.522400 1.204790
v -0.875331 40.500900 1.204790
v -0.460189 37.522400 1.416320
v -0.460189 40.500900 1.416320
v -0.000000 37.522400 1.489200
v -0.000000 40.500900 1.489200
v 0.460189 37.522400 1.416320
v 0.460189 40.500900 1.416320
v 0.875331 37.522400 1.204790
v 0.875331 40.500900 1.204790
v 1.204790 37.522400 0.875331
v 1.204790 40.500900 0.875331
v 1.416320 37.522400 0.460189
v 1.416320 40.500900 0.460189
v 1.489200 37.522400 0.000000
v 1.489200 40.500900 0.000000
v 0.000000 37.522400 0.000000
v 0.000000 40.500900 0.000000
v -0.683575 39.861801 9.103060
v 0.683575 39.861801 9.103060
v -0.683575 39.861801 0.466886
v 0.683575 39.861801 0.466886
v -0.683575 39.444698 0.466886
v 0.683575 39.444698 0.466886
v -0.683575 39.444698 9.103060
v 0.683575 39.444698 9.103060
v 1.451190 40.789299 9.501120
v 1.451190 40.583199 9.096570
v -1.451190 40.789299 9.501120
v -1.451190 40.583199 9.096570
v 1.451190 40.262100 8.775520
v -1.451190 40.262100 8.775520
v 1.451190 39.857601 8.569390
v -1.451190 39.857601 8.569390
v 1.451190 39.409199 8.498370
v -1.451190 39.409199 8.498370
v 1.451190 38.960701 8.569390
v -1.451190 38.960701 8.569390
v 1.451190 38.556198 8.775520
v -1.451190 38.556198 8.775520
v 1.451190 38.235100 9.096570
v -1.451190 38.235100 9.096570
v 1.451190 38.028999 9.501120
v -1.451190 38.028999 9.501120
v 1.451190 37.958000 9.949560
v -1.451190 37.958000 9.949560
v 1.451190 38.028999 10.398000
v -1.451190 38.028999 10.398000
v 1.451190 38.235100 10.802500
v -1.451190 38.235100 10.802500
v 1.451190 38.556198 11.123600
v -1.451190 38.556198 11.123600
v 1.451190 38.960701 11.329700
v -1.451190 38.960701 11.329700
v 1.451190 39.409199 11.400800
v -1.451190 39.409199 11.400800
v 1.451190 39.857601 11.329700
v -1.451190 39.857601 11.329700
v 1.451190 40.262100 11.123600
v -1.451190 40.262100 11.123600
v 1.451190 40.583199 10.802500
v -1.451190 40.583199 10.802500
v 1.451190 40.789299 10.398000
v -1.451190 40.789299 10.398000
v 1.451190 40.860401 9.949560
v -1.451190 40.860401 9.949560
v 1.451190 39.409199 9.949560
v -1.451190 39.409199 9.949560
v 0.394793 2.275568 7.400951
v 0.400364 2.212355 7.355977
v 0.237820 2.381447 7.232701
v 0.243390 2.318233 7.187716
v -0.005536 2.406672 7.167111
v 0.000036 2.343449 7.122127
v -0.242318 2.341603 7.229236
v -0.236747 2.278389 7.184251
v -0.382086 2.211098 7.395345
v -0.376515 2.147884 7.350369
v -0.371453 2.064999 7.601989
v -0.365883 2.001786 7.557014
v -0.214483 1.959120 7.770239
v -0.208910 1.895896 7.725265
v 0.028874 1.933895 7.835829
v 0.034445 1.870681 7.790854
v 0.265657 1.998965 7.773704
v 0.271228 1.935741 7.728730
v 0.405425 2.129470 7.607595
v 0.410996 2.066256 7.562621
v 0.334247 2.351432 7.479008
v 0.198819 2.442773 7.333854
v -0.011134 2.464535 7.277271
v -0.215414 2.408397 7.330864
v -0.335997 2.295811 7.474170
v -0.326823 2.169763 7.652454
v -0.191401 2.078411 7.797608
v 0.018553 2.056659 7.854201
v 0.222838 2.112787 7.800598
v 0.343420 2.225384 7.657291
v 0.378356 2.462095 7.533675
v 0.221381 2.567974 7.365425
v -0.021975 2.593199 7.299834
v -0.258756 2.528130 7.361959
v -0.398522 2.397625 7.528068
v -0.387889 2.251527 7.734713
v -0.230922 2.145647 7.902963
v 0.012437 2.120422 7.968553
v 0.249221 2.185492 7.906428
v 0.388988 2.315997 7.740319
v 0.328823 3.024172 7.933608
v 0.171851 3.130051 7.765357
v -0.071513 3.155276 7.699768
v -0.308285 3.090207 7.761882
v -0.448052 2.959702 7.928001
v -0.437414 2.813604 8.134655
v -0.280460 2.707723 8.302896
v -0.037094 2.682499 8.368486
v 0.199693 2.747569 8.306360
v 0.339456 2.878073 8.140252
v 0.195599 3.108020 8.049517
v 0.029412 3.112492 8.126824
v 0.202822 3.008767 8.189898
v 0.032142 3.074971 8.179899
v -0.010901 3.139680 8.083617
v 0.088965 3.179940 7.935225
v -0.073393 3.146163 8.066777
v -0.076351 3.197084 7.890665
v -0.134199 3.129458 8.082727
v -0.237197 3.152883 7.932861
v -0.170094 3.095936 8.125384
v -0.332146 3.064224 8.045709
v -0.167365 3.058415 8.178459
v -0.324922 2.964971 8.186090
v -0.127056 3.031227 8.221666
v -0.218296 2.893051 8.300382
v -0.064558 3.024744 8.238507
v -0.052974 2.875917 8.344942
v -0.003745 3.041460 8.222546
v 0.107880 2.920119 8.302735
v -0.070247 3.099869 8.162897
v 2.617730 32.589298 -3.602980
v 1.376220 32.589298 -4.235570
v 2.617730 33.167000 -3.602980
v 1.376220 33.167000 -4.235570
v 3.602990 32.589298 -2.617720
v 3.602990 33.167000 -2.617720
v 4.235560 32.589298 -1.376230
v 4.235560 33.167000 -1.376230
v 4.453530 32.589298 -0.000007
v 4.453530 33.167000 -0.000006
v 4.235560 32.589298 1.376220
v 4.235560 33.167000 1.376220
v 3.602980 32.589298 2.617720
v 3.602980 33.167000 2.617720
v 2.617720 32.589298 3.602980
v 2.617720 33.167000 3.602980
v 1.376210 32.589298 4.235560
v 1.376210 33.167000 4.235560
v -0.000006 32.589298 4.453530
v -0.000004 33.167000 4.453530
v -1.376220 32.589298 4.235560
v -1.376220 33.167000 4.235560
v -2.617720 32.589298 3.602980
v -2.617720 33.167000 3.602980
v -3.602980 32.589298 2.617720
v -3.602980 33.167000 2.617720
v -4.235560 32.589298 1.376220
v -4.235560 33.167000 1.376220
v -4.453530 32.589298 0.000001
v -4.453530 33.167000 0.000001
v -4.235560 32.589298 -1.376220
v -4.235560 33.167000 -1.376210
v -3.602990 32.589298 -2.617720
v -3.602990 33.167000 -2.617720
v -2.617720 32.589298 -3.602990
v -2.617720 33.167000 -3.602990
v -1.376210 32.589298 -4.235570
v -1.376220 33.167000 -4.235560
v -0.000006 32.589298 -4.453540
v -0.000005 33.167000 -4.453540
v -0.000001 32.589298 -0.000003
v -0.000001 33.167000 -0.000003
v -0.563561 45.333500 1.106050
v -1.106050 45.333500 0.563559
v -0.573659 12.620000 1.125870
v -1.125870 12.620000 0.573656
v -1.226070 45.333500 -0.194191
v -1.248030 12.620000 -0.197670
v -0.877766 45.333500 -0.877770
v -0.893493 12.620000 -0.893495
v -0.194190 45.333500 -1.226070
v -0.197670 12.620000 -1.248040
v 0.563562 45.333500 -1.106050
v 0.573660 12.620000 -1.125870
v 1.106050 45.333500 -0.563565
v 1.125870 12.620000 -0.573663
v 1.226060 45.333500 0.194186
v 1.248030 12.620000 0.197666
v 0.877765 45.333500 0.877766
v 0.893492 12.620000 0.893493
v 0.194190 45.333500 1.226060
v 0.197669 12.620000 1.248030
v -0.000001 45.333500 -1.509940
v -0.466598 45.333500 -1.436040
v -0.000001 45.789501 -1.509940
v -0.466598 45.789501 -1.436040
v 0.466599 45.333500 -1.436040
v 0.466599 45.789501 -1.436040
v 0.887522 45.333500 -1.221570
v 0.887522 45.789501 -1.221570
v 1.221570 45.333500 -0.887520
v 1.221570 45.789501 -0.887520
v 1.436040 45.333500 -0.466605
v 1.436040 45.789501 -0.466605
v 1.509940 45.333500 -0.000007
v 1.509940 45.789501 -0.000007
v 1.436030 45.333500 0.466597
v 1.436030 45.789501 0.466597
v 1.221560 45.333500 0.887519
v 1.221560 45.789501 0.887518
v 0.887519 45.333500 1.221570
v 0.887519 45.789501 1.221570
v 0.466597 45.333500 1.436040
v 0.466597 45.789501 1.436040
v -0.000001 45.333500 1.509940
v -0.000001 45.789501 1.509940
v -0.466600 45.333500 1.436040
v -0.466599 45.789501 1.436040
v -0.887519 45.333500 1.221560
v -0.887519 45.789501 1.221560
v -1.221570 45.333500 0.887518
v -1.221570 45.789501 0.887518
v -1.436040 45.333500 0.466595
v -1.436040 45.789501 0.466595
v -1.509940 45.333500 -0.000002
v -1.509940 45.789501 -0.000002
v -1.436040 45.333500 -0.466597
v -1.436040 45.789501 -0.466597
v -1.221570 45.333500 -0.887522
v -1.221570 45.789501 -0.887522
v -0.887520 45.333500 -1.221570
v -0.887520 45.789501 -1.221570
v 2.135560 12.232600 -0.693892
v 1.816620 12.232600 -1.319850
v 2.209530 12.620000 -0.717927
v 1.879540 12.620000 -1.365570
v 1.319850 12.232600 -1.816610
v 1.365570 12.620000 -1.879540
v 0.693887 12.232600 -2.135560
v 0.717923 12.620000 -2.209530
v 0.000000 12.232600 -2.245460
v 0.000000 12.620000 -2.323240
v -0.693885 12.232600 -2.135560
v -0.717921 12.620000 -2.209530
v -1.319850 12.232600 -1.816610
v -1.365570 12.620000 -1.879540
v -1.816610 12.232600 -1.319850
v -1.879540 12.620000 -1.365570
v -2.135560 12.232600 -0.693885
v -2.209530 12.620000 -0.717920
v -2.245460 12.232600 -0.000000
v -2.323240 12.620000 -0.000000
v -2.135560 12.232600 0.693883
v -2.209530 12.620000 0.717919
v -1.816610 12.232600 1.319840
v -1.879540 12.620000 1.365560
v -1.319850 12.232600 1.816610
v -1.365560 12.620000 1.879540
v -0.693886 12.232600 2.135550
v -0.717922 12.620000 2.209530
v -0.000001 12.232600 2.245450
v -0.000001 12.620000 2.323240
v 0.693885 12.232600 2.135550
v 0.717921 12.620000 2.209530
v 1.319840 12.232600 1.816610
v 1.365560 12.620000 1.879540
v 1.816610 12.232600 1.319850
v 1.879540 12.620000 1.365560
v 2.135550 12.232600 0.693885
v 2.209530 12.620000 0.717921
v 2.245460 12.232600 -0.000007
v 2.323240 12.620000 -0.000007
v 7.639580 0.000000 -2.482250
v 6.498620 0.000000 -4.721520
v 7.639580 0.134502 -2.482250
v 6.498620 0.134502 -4.721520
v 4.721520 0.000000 -6.498620
v 4.721520 0.134502 -6.498620
v 2.482250 0.000000 -7.639580
v 2.482250 0.134502 -7.639580
v -0.000000 0.000000 -8.032730
v -0.000000 0.134502 -8.032730
v -2.482250 0.000000 -7.639580
v -2.482250 0.134502 -7.639580
v -4.721520 0.000000 -6.498620
v -4.721520 0.134502 -6.498620
v -6.498620 0.000000 -4.721520
v -6.498620 0.134502 -4.721520
v -7.639580 0.000000 -2.482250
v -7.639580 0.134502 -2.482250
v -8.032730 0.000000 -0.000000
v -8.032730 0.134502 -0.000000
v -7.639580 0.000000 2.482250
v -7.639580 0.134502 2.482250
v -6.498620 0.000000 4.721520
v -6.498620 0.134502 4.721520
v -4.721520 0.000000 6.498620
v -4.721520 0.134502 6.498620
v -2.482250 0.000000 7.639580
v -2.482250 0.134502 7.639580
v -0.000000 0.000000 8.032730
v -0.000000 0.134502 8.032730
v 2.482250 0.000000 7.639580
v 2.482250 0.134502 7.639580
v 4.721520 0.000000 6.498610
v 4.721520 0.134502 6.498610
v 6.498610 0.000000 4.721520
v 6.498610 0.134502 4.721520
v 7.639580 0.000000 2.482250
v 7.639580 0.134502 2.482250
v 8.032730 0.000000 -0.000000
v 8.032730 0.134502 -0.000000
v 0.000000 0.000000 0.000000
v 7.378570 0.323601 -2.397440
v 6.276590 0.323601 -4.560200
v 4.560200 0.323601 -6.276590
v 2.397440 0.323601 -7.378570
v -0.000000 0.323601 -7.758280
v -2.397440 0.323601 -7.378570
v -4.560200 0.323601 -6.276580
v -6.276580 0.323601 -4.560200
v -7.378560 0.323601 -2.397440
v -7.758280 0.323601 -0.000000
v -7.378560 0.323601 2.397440
v -6.276580 0.323601 4.560200
v -4.560200 0.323601 6.276580
v -2.397440 0.323601 7.378560
v -0.000000 0.323601 7.758280
v 2.397440 0.323601 7.378560
v 4.560200 0.323601 6.276580
v 6.276580 0.323601 4.560200
v 7.378560 0.323601 2.397440
v 7.758280 0.323601 -0.000000
v 8.221580 0.623598 -2.671350
v 6.993700 0.623598 -5.081220
v 5.081220 0.623598 -6.993700
v 2.671350 0.623598 -8.221580
v -0.000000 0.623598 -8.644680
v -2.671350 0.623598 -8.221580
v -5.081220 0.623598 -6.993700
v -6.993700 0.623598 -5.081220
v -8.221580 0.623598 -2.671350
v -8.644680 0.623598 0.000000
v -8.221580 0.623598 2.671350
v -6.993700 0.623598 5.081220
v -5.081220 0.623598 6.993690
v -2.671350 0.623598 8.221580
v -0.000000 0.623598 8.644680
v 2.671350 0.623598 8.221580
v 5.081220 0.623598 6.993690
v 6.993690 0.623598 5.081220
v 8.221580 0.623598 2.671350
v 8.644680 0.623598 0.000000
v 7.251240 1.366890 -3.694690
v 3.694690 1.366890 -7.251240
v -1.273100 1.366890 -8.038060
v -5.754620 1.366890 -5.754620
v -8.038060 1.366890 -1.273100
v -7.251240 1.366890 3.694690
v -3.694690 1.366890 7.251240
v 1.273100 1.366890 8.038060
v 5.754610 1.366890 5.754610
v 8.038060 1.366890 1.273100
v 3.162040 3.311110 -1.027410
v 2.689790 3.311110 -1.954250
v 3.079860 3.648550 -1.000720
v 2.619890 3.648550 -1.903460
v 1.954250 3.311110 -2.689790
v 1.903460 3.648550 -2.619890
v 1.027410 3.311110 -3.162040
v 1.000710 3.648550 -3.079870
v 0.000000 3.311110 -3.324760
v 0.000000 3.648550 -3.238360
v -1.027410 3.311110 -3.162040
v -1.000710 3.648550 -3.079870
v -1.954250 3.311110 -2.689790
v -1.903460 3.648550 -2.619890
v -2.689790 3.311110 -1.954250
v -2.619890 3.648550 -1.903460
v -3.162040 3.311110 -1.027410
v -3.079870 3.648550 -1.000710
v -3.324760 3.311110 0.000000
v -3.238360 3.648550 0.000000
v -3.162040 3.311110 1.027410
v -3.079870 3.648550 1.000710
v -2.689790 3.311110 1.954240
v -2.619890 3.648550 1.903460
v -1.954240 3.311110 2.689790
v -1.903460 3.648550 2.619890
v -1.027410 3.311110 3.162030
v -1.000710 3.648550 3.079860
v -0.000001 3.311110 3.324760
v -0.000001 3.648550 3.238360
v 1.027410 3.311110 3.162030
v 1.000710 3.648550 3.079860
v 1.954240 3.311110 2.689790
v 1.903460 3.648550 2.619890
v 2.689790 3.311110 1.954250
v 2.619890 3.648550 1.903460
v 3.162030 3.311110 1.027410
v 3.079860 3.648550 1.000710
v 3.324760 3.311110 -0.000006
v 3.238360 3.648550 -0.000006
v 2.488850 3.648550 -0.808684
v 2.117140 3.648550 -1.538190
v 1.538200 3.648550 -2.117140
v 0.808679 3.648550 -2.488850
v 0.000000 3.648550 -2.616930
v -0.808677 3.648550 -2.488850
v -1.538190 3.648550 -2.117140
v -2.117140 3.648550 -1.538190
v -2.488850 3.648550 -0.808676
v -2.616930 3.648550 0.000000
v -2.488850 3.648550 0.808675
v -2.117140 3.648550 1.538190
v -1.538190 3.648550 2.117140
v -0.808678 3.648550 2.488850
v -0.000001 3.648550 2.616930
v 0.808677 3.648550 2.488850
v 1.538190 3.648550 2.117140
v 2.117140 3.648550 1.538190
v 2.488850 3.648550 0.808678
v 2.616930 3.648550 -0.000008
v 2.488850 4.047020 -0.808684
v 2.117140 4.047020 -1.538190
v 1.538200 4.047020 -2.117140
v 0.808679 4.047020 -2.488850
v 0.000000 4.047020 -2.616930
v -0.808677 4.047020 -2.488850
v -1.538190 4.047020 -2.117140
v -2.117140 4.047020 -1.538190
v -2.488850 4.047020 -0.808676
v -2.616930 4.047020 0.000000
v -2.488850 4.047020 0.808675
v -2.117140 4.047020 1.538190
v -1.538190 4.047020 2.117140
v -0.808678 4.047020 2.488850
v -0.000001 4.047020 2.616930
v 0.808677 4.047020 2.488850
v 1.538190 4.047020 2.117140
v 2.117140 4.047020 1.538190
v 2.488850 4.047020 0.808678
v 2.616930 4.047020 -0.000008
v 0.328210 12.231800 2.113550
v -0.976790 12.231700 1.902820
v 0.348348 4.046190 2.241800
v -1.035880 4.046140 2.018410
v 1.599520 4.046260 1.608900
v 1.507840 12.231800 1.516980
v 2.239190 4.046540 0.358091
v 2.111010 12.232100 0.337699
v 1.902820 12.231900 -0.976789
v 2.018410 4.046370 -1.035880
v 1.024060 4.046220 -2.024440
v 0.965272 12.231800 -1.908690
v -0.361458 4.046170 -2.239730
v -0.340979 12.231700 -2.111530
v -1.608910 4.046100 -1.599520
v -1.516990 12.231700 -1.507850
v -2.242340 4.045820 -0.351712
v -2.114080 12.231400 -0.331486
v -2.024440 4.045990 1.024060
v -1.908690 12.231600 0.965273
v 0.862476 2.786810 5.445460
v 1.144850 1.961040 7.228310
v 3.898520 2.786810 3.898520
v 5.174900 1.961040 5.174900
v -3.322490 1.961040 6.520760
v -2.503000 2.786810 4.912420
v -6.520760 1.961040 3.322490
v -4.912420 2.786810 2.503000
v -7.228320 1.961040 -1.144850
v -5.445460 2.786810 -0.862476
v -5.174900 1.961040 -5.174900
v -3.898520 2.786810 -3.898520
v -1.144850 1.961040 -7.228320
v -0.862476 2.786810 -5.445460
v 3.322490 1.961040 -6.520760
v 2.503000 2.786810 -4.912420
v 6.520760 1.961040 -3.322490
v 4.912420 2.786810 -2.503010
v 7.228310 1.961040 1.144850
v 5.445460 2.786810 0.862474
v 20.798401 36.421200 -6.757800
v 19.483700 36.421200 -9.927430
v 18.479200 39.694599 -4.436520
v 16.203800 39.694599 -9.929760
v 17.692200 36.421200 -12.854100
v 12.342200 39.694599 -14.451000
v 15.462300 36.421200 -15.462300
v 12.854100 36.421200 -17.692200
v 7.272560 39.694599 -17.557699
v 9.927430 36.421200 -19.483700
v 6.757810 36.421200 -20.798401
v 1.491000 39.694599 -18.945700
v 3.420770 36.421200 -21.597799
v 0.000010 36.421200 -21.868700
v -4.436520 39.694599 -18.479200
v -3.420750 36.421200 -21.597799
v -6.757810 36.421200 -20.798401
v -9.929760 39.694599 -16.203800
v -9.927430 36.421200 -19.483700
v -12.854100 36.421200 -17.692200
v -14.451000 39.694599 -12.342200
v -15.462300 36.421200 -15.462300
v -17.692200 36.421200 -12.854100
v -17.557699 39.694599 -7.272570
v -19.483700 36.421200 -9.927420
v -20.798401 36.421200 -6.757800
v -18.945700 39.694599 -1.491000
v -21.597799 36.421200 -3.420760
v -21.868700 36.421200 -0.000009
v -18.479200 39.694599 4.436520
v -21.597799 36.421200 3.420750
v -20.798401 36.421200 6.757800
v -16.203800 39.694599 9.929760
v -19.483700 36.421200 9.927420
v -17.692200 36.421200 12.854100
v -12.342200 39.694599 14.451000
v -15.462300 36.421200 15.462300
v -12.854100 36.421200 17.692200
v -7.272570 39.694599 17.557699
v -9.927420 36.421200 19.483700
v -6.757800 36.421200 20.798401
v -1.491010 39.694599 18.945700
v -3.420760 36.421200 21.597799
v -0.000003 36.421200 21.868700
v 4.436510 39.694599 18.479200
v 3.420760 36.421200 21.597799
v 6.757810 36.421200 20.798401
v 9.929760 39.694599 16.203800
v 9.927430 36.421200 19.483700
v 12.854100 36.421200 17.692200
v 14.451000 39.694599 12.342300
v 15.462300 36.421200 15.462300
v 17.692200 36.421200 12.854100
v 17.557699 39.694599 7.272570
v 19.483700 36.421200 9.927420
v 20.798401 36.421200 6.757800
v 18.945700 39.694599 1.491000
v 21.597799 36.421200 3.420760
v 21.868700 36.421200 0.000002
v 21.597799 36.421200 -3.420760
v 11.368600 43.993099 -2.729410
v 9.968780 43.993099 -6.108900
v 8.873910 44.344799 -2.130460
v 7.781240 44.344799 -4.768370
v 5.926880 44.344799 -6.939530
v 7.593130 43.993099 -8.890430
v 3.492360 44.344799 -8.431400
v 4.474190 43.993099 -10.801700
v 0.716004 44.344799 -9.097940
v 0.917315 43.993099 -11.655600
v -2.130450 44.344799 -8.873910
v -2.729390 43.993099 -11.368600
v -4.768380 44.344700 -7.781240
v -6.108930 43.993099 -9.968770
v -6.939530 44.344799 -5.926890
v -8.890460 43.993099 -7.593110
v -8.431400 44.344700 -3.492370
v -10.801700 43.993099 -4.474190
v -9.097930 44.344799 -0.716002
v -11.655600 43.993099 -0.917291
v -8.873910 44.344799 2.130460
v -11.368600 43.993099 2.729410
v -7.781240 44.344700 4.768380
v -9.968770 43.993099 6.108910
v -5.926890 44.344700 6.939530
v -7.593120 43.993099 8.890440
v -3.492390 44.344700 8.431390
v -4.474200 43.993099 10.801700
v -0.716002 44.344799 9.097920
v -0.917267 43.993099 11.655600
v 2.130470 44.344700 8.873910
v 2.729400 43.993099 11.368600
v 4.768370 44.344700 7.781240
v 6.108910 43.993099 9.968770
v 6.939520 44.344799 5.926880
v 8.890440 43.993099 7.593120
v 8.431390 44.344799 3.492370
v 10.801700 43.993099 4.474200
v 9.097930 44.344799 0.715985
v 11.655600 43.993099 0.917276
v 13.927100 43.207401 -3.343660
v 14.278700 43.207401 1.123710
v 16.300301 41.797600 -3.913400
v 16.711800 41.797600 1.315200
v 12.212200 43.207401 -7.483720
v 14.293200 41.797600 -8.758930
v 9.301960 43.207401 -10.891200
v 10.887000 41.797600 -12.747100
v 5.481090 43.207401 -13.232600
v 6.415060 41.797600 -15.487500
v 1.123730 43.207401 -14.278700
v 1.315200 41.797600 -16.711800
v -3.343670 43.207401 -13.927100
v -3.913410 41.797600 -16.300301
v -7.483750 43.207401 -12.212200
v -8.758930 41.797600 -14.293200
v -10.891200 43.207401 -9.301940
v -12.747100 41.797600 -10.887000
v -13.232600 43.207401 -5.481080
v -15.487400 41.797600 -6.415060
v -14.278700 43.207401 -1.123690
v -16.711800 41.797600 -1.315190
v -13.927100 43.207401 3.343660
v -16.300301 41.797600 3.913400
v -12.212200 43.207401 7.483730
v -14.293200 41.797600 8.758940
v -9.301910 43.207401 10.891200
v -10.887000 41.797600 12.747100
v -5.481100 43.207401 13.232600
v -6.415070 41.797600 15.487500
v -1.123720 43.207401 14.278700
v -1.315200 41.797600 16.711800
v 3.343660 43.207401 13.927100
v 3.913410 41.797600 16.300301
v 7.483730 43.207401 12.212200
v 8.758930 41.797600 14.293200
v 10.891200 43.207401 9.301950
v 12.747100 41.797600 10.887000
v 13.232600 43.207401 5.481080
v 15.487400 41.797600 6.415050
v 6.888920 45.127899 -2.853510
v 3.896000 45.127998 -6.357740
v -0.585029 45.127899 -7.433530
v -4.842610 45.127998 -5.669950
v -7.250490 45.127998 -1.740670
v -6.888910 45.127998 2.853490
v -3.895990 45.127998 6.357720
v 0.585036 45.127998 7.433510
v 4.842610 45.127998 5.669940
v 7.250490 45.127899 1.740650
v 4.106240 45.879398 -1.700900
v 2.027980 46.106201 -1.242750
v 2.312730 46.106201 -0.555303
v 1.544690 46.106201 -1.808590
v 2.322310 45.879398 -3.789650
v 0.910190 46.106201 -2.197420
v 0.186608 46.106201 -2.371130
v -0.348734 45.879398 -4.430880
v -0.555231 46.106201 -2.312740
v -1.242720 46.106201 -2.027970
v -2.886490 45.879398 -3.379700
v -1.808580 46.106201 -1.544660
v -2.197410 46.106201 -0.910172
v -4.321760 45.879398 -1.037520
v -2.371120 46.106201 -0.186599
v -2.312730 46.106201 0.555244
v -4.106210 45.879398 1.700880
v -2.027960 46.106201 1.242730
v -1.544660 46.106201 1.808590
v -2.322250 45.879398 3.789660
v -0.910187 46.106201 2.197410
v -0.186614 46.106201 2.371120
v 0.348749 45.879398 4.430870
v 0.555224 46.106201 2.312730
v 1.242720 46.106201 2.027960
v 2.886550 45.879398 3.379660
v 1.808580 46.106201 1.544670
v 2.197390 46.106201 0.910189
v 4.321780 45.879398 1.037520
v 2.371110 46.106201 0.186560
v 5.540520 45.611900 -2.294990
v 5.831350 45.611900 1.399920
v 3.133440 45.611900 -5.113330
v -0.470523 45.611900 -5.978550
v -3.894750 45.611900 -4.560160
v -5.831330 45.611900 -1.399980
v -5.540520 45.611900 2.294990
v -3.133440 45.611900 5.113330
v 0.470536 45.611900 5.978530
v 3.894770 45.611900 4.560150
v 19.006001 36.332199 -9.684030
v 20.288401 36.332199 -6.592120
v 15.792400 39.545601 -9.677640
v 18.010000 39.545601 -4.323870
v 17.258400 36.332199 -12.539000
v 15.083200 36.332199 -15.083200
v 12.028900 39.545601 -14.084100
v 12.539000 36.332199 -17.258400
v 9.684030 36.332199 -19.006001
v 7.087920 39.545601 -17.111900
v 6.592120 36.332199 -20.288401
v 3.336890 36.332199 -21.068300
v 1.453140 39.545601 -18.464701
v 0.000000 36.332199 -21.332500
v -3.336890 36.332199 -21.068300
v -4.323870 39.545601 -18.010000
v -6.592120 36.332199 -20.288401
v -9.684020 36.332199 -19.006001
v -9.677640 39.545601 -15.792400
v -12.538900 36.332199 -17.258400
v -15.083200 36.332199 -15.083200
v -14.084100 39.545601 -12.028900
v -17.258400 36.332199 -12.538900
v -19.006001 36.332199 -9.684020
v -17.111900 39.545601 -7.087920
v -20.288401 36.332199 -6.592120
v -21.068300 36.332199 -3.336890
v -18.464701 39.545601 -1.453140
v -21.332500 36.332199 -0.000000
v -21.068300 36.332199 3.336890
v -18.010000 39.545601 4.323870
v -20.288401 36.332199 6.592120
v -19.006001 36.332199 9.684020
v -15.792400 39.545601 9.677640
v -17.258400 36.332199 12.538900
v -15.083200 36.332199 15.083200
v -12.028900 39.545601 14.084100
v -12.538900 36.332199 17.258400
v -9.684020 36.332199 19.006001
v -7.087920 39.545601 17.111900
v -6.592120 36.332199 20.288401
v -3.336890 36.332199 21.068300
v -1.453140 39.545601 18.464701
v -0.000001 36.332199 21.332500
v 3.336890 36.332199 21.068300
v 4.323870 39.545601 18.010000
v 6.592110 36.332199 20.288401
v 9.684020 36.332199 19.006001
v 9.677640 39.545601 15.792400
v 12.538900 36.332199 17.258400
v 15.083200 36.332199 15.083200
v 14.084100 39.545601 12.028900
v 17.258400 36.332199 12.538900
v 19.006001 36.332199 9.684020
v 17.111900 39.545601 7.087910
v 20.288401 36.332199 6.592110
v 21.068300 36.332199 3.336890
v 18.464701 39.545601 1.453140
v 21.332500 36.332199 -0.000000
v 21.068300 36.332199 -3.336890
v 8.604190 43.700600 -7.348720
v 11.280400 43.700600 -0.887826
v 6.779440 44.115398 -5.790230
v 8.888090 44.115398 -0.699545
v 2.641470 43.700600 -11.002700
v 2.081270 44.115398 -8.669250
v -4.330200 43.700600 -10.454000
v -3.411860 44.115398 -8.236910
v -9.647890 43.700600 -5.912190
v -7.601790 44.115398 -4.658350
v -11.280400 43.700600 0.887819
v -8.888090 44.115398 0.699533
v -8.604190 43.700600 7.348710
v -6.779440 44.115398 5.790220
v -2.641470 43.700600 11.002600
v -2.081270 44.115398 8.669240
v 4.330200 43.700600 10.453900
v 3.411860 44.115398 8.236900
v 9.647880 43.700600 5.912190
v 7.601790 44.115398 4.658350
v 16.098801 41.586201 -1.267050
v 13.787400 42.942600 -1.085130
v 10.516400 42.942600 -8.981900
v 12.279400 41.586201 -10.487700
v 3.228510 42.942600 -13.447900
v 3.769760 41.586201 -15.702400
v -5.292550 42.942600 -12.777200
v -6.179830 41.586201 -14.919300
v -11.792000 42.942600 -7.226120
v -13.768900 41.586201 -8.437560
v -13.787400 42.942600 1.085130
v -16.098801 41.586201 1.267050
v -10.516400 42.942600 8.981900
v -12.279400 41.586201 10.487700
v -3.228510 42.942600 13.447900
v -3.769760 41.586201 15.702400
v 5.292550 42.942600 12.777200
v 6.179830 41.586201 14.919300
v 11.792000 42.942600 7.226120
v 13.768900 41.586201 8.437550
v 6.695100 44.830200 -2.773240
v 3.786390 44.830200 -6.178860
v -0.568587 44.830200 -7.224390
v -4.706380 44.830200 -5.510430
v -7.046500 44.830200 -1.691690
v -6.695090 44.830200 2.773210
v -3.786380 44.830200 6.178860
v 0.568587 44.830200 7.224380
v 4.706370 44.830200 5.510430
v 7.046490 44.830200 1.691680
v 5.397030 45.297501 -2.235570
v 5.680290 45.297501 1.363680
v 0.000001 45.557098 -0.000006
v 3.052280 45.297501 -4.980880
v -0.458342 45.297501 -5.823700
v -3.793880 45.297501 -4.442050
v -5.680290 45.297501 -1.363690
v -5.397020 45.297501 2.235530
v -3.052260 45.297501 4.980880
v 0.458345 45.297501 5.823690
v 3.793880 45.297501 4.442040
v 2.092260 46.364399 -0.502371
v 1.834650 46.364399 -1.124290
v 1.397430 46.364399 -1.636180
v 0.823419 46.364399 -1.987930
v 0.168808 46.364399 -2.145080
v -0.502301 46.364399 -2.092270
v -1.124260 46.364399 -1.834630
v -1.636170 46.364399 -1.397420
v -1.987920 46.364399 -0.823407
v -2.145080 46.364399 -0.168816
v -2.092260 46.364399 0.502303
v -1.834630 46.364399 1.124270
v -1.397410 46.364399 1.636180
v -0.823417 46.364399 1.987920
v -0.168812 46.364399 2.145070
v 0.502308 46.364399 2.092250
v 1.124260 46.364399 1.834630
v 1.636170 46.364399 1.397410
v 1.987910 46.364399 0.823413
v 2.145070 46.364399 0.168768
v 0.000001 46.364399 -0.000006
v 1.650400 46.364399 -0.536247
v 1.403910 46.364399 -1.020000
v 1.650400 46.685101 -0.536247
v 1.403910 46.685101 -1.020000
v 1.020000 46.364399 -1.403910
v 1.020000 46.685101 -1.403910
v 0.536247 46.364399 -1.650400
v 0.536247 46.685101 -1.650400
v 0.000000 46.364399 -1.735330
v 0.000000 46.685101 -1.735330
v -0.536247 46.364399 -1.650400
v -0.536247 46.685101 -1.650400
v -1.020000 46.364399 -1.403910
v -1.020000 46.685101 -1.403910
v -1.403910 46.364399 -1.020000
v -1.403910 46.685101 -1.020000
v -1.650400 46.364399 -0.536247
v -1.650400 46.685101 -0.536247
v -1.735330 46.364399 0.000000
v -1.735330 46.685101 0.000000
v -1.650400 46.364399 0.536247
v -1.650400 46.685101 0.536247
v -1.403910 46.364399 1.020000
v -1.403910 46.685101 1.020000
v -1.020000 46.364399 1.403910
v -1.020000 46.685101 1.403910
v -0.536247 46.364399 1.650400
v -0.536247 46.685101 1.650400
v -0.000000 46.364399 1.735330
v -0.000000 46.685101 1.735330
v 0.536246 46.364399 1.650400
v 0.536246 46.685101 1.650400
v 1.020000 46.364399 1.403910
v 1.020000 46.685101 1.403910
v 1.403910 46.364399 1.020000
v 1.403910 46.685101 1.020000
v 1.650400 46.364399 0.536246
v 1.650400 46.685101 0.536246
v 1.735330 46.364399 0.000000
v 1.735330 46.685101 0.000000
v 0.591954 46.685101 -0.301616
v 0.301616 46.685101 -0.591954
v -0.103930 46.685101 -0.656186
v -0.469777 46.685101 -0.469777
v -0.656186 46.685101 -0.103930
v -0.591954 46.685101 0.301615
v -0.301615 46.685101 0.591953
v 0.103929 46.685101 0.656185
v 0.469777 46.685101 0.469777
v 0.656185 46.685101 0.103929
v 0.591950 47.220600 -0.301621
v 0.301616 47.220600 -0.591948
v -0.103933 47.220600 -0.656183
v -0.469777 47.220600 -0.469783
v -0.656183 47.220600 -0.103930
v -0.591958 47.220600 0.301610
v -0.301615 47.220600 0.591953
v 0.103933 47.220600 0.656180
v 0.469776 47.220600 0.469788
v 0.656185 47.220600 0.103946
v 0.947993 47.220600 -0.483043
v 0.483036 47.220600 -0.947992
v -0.166447 47.220600 -1.050860
v -0.752332 47.220600 -0.752348
v -1.050860 47.220600 -0.166438
v -0.948005 47.220600 0.483023
v -0.483032 47.220600 0.947999
v 0.166446 47.220600 1.050860
v 0.752332 47.220600 0.752353
v 1.050870 47.220600 0.166462
v 0.858891 47.608898 -0.437642
v 0.437634 47.608898 -0.858891
v -0.150805 47.608898 -0.952094
v -0.681624 47.608898 -0.681639
v -0.952094 47.608898 -0.150795
v -0.858908 47.608898 0.437625
v -0.437632 47.608898 0.858899
v 0.150804 47.608898 0.952091
v 0.681623 47.608898 0.681644
v 0.952097 47.608898 0.150821
v 0.339378 47.608898 -0.053748
v 0.053751 47.608898 -0.339376
v -0.306157 47.608898 -0.155997
v -0.242970 47.608898 0.242967
v 0.155998 47.608898 0.306160
v 0.339376 47.908901 -0.053746
v 0.053751 47.908901 -0.339375
v -0.306157 47.908901 -0.155997
v -0.242971 47.908901 0.242966
v 0.155998 47.908901 0.306161
v 0.699304 47.908901 -0.356328
v 0.356324 47.908901 -0.699307
v -0.122786 47.908901 -0.775195
v -0.554982 47.908901 -0.554990
v -0.775194 47.908901 -0.122779
v -0.699331 47.908901 0.356307
v -0.356318 47.908901 0.699318
v 0.122788 47.908901 0.775191
v 0.554979 47.908901 0.554999
v 0.775198 47.908901 0.122804
v 0.610198 48.261200 -0.310934
v 0.310927 48.261200 -0.610205
v -0.107144 48.261200 -0.676425
v -0.484273 48.261200 -0.484278
v -0.676423 48.261200 -0.107141
v -0.610236 48.261101 0.310908
v -0.310913 48.261200 0.610218
v 0.107145 48.261200 0.676420
v 0.484270 48.261200 0.484291
v 0.676429 48.261200 0.107164
v 0.125201 48.261200 -0.125208
v -0.080395 48.261200 -0.157770
v -0.174895 48.261200 0.027694
v -0.027695 48.261200 0.174888
v 0.157774 48.261200 0.080404
v 0.125200 48.578400 -0.125243
v -0.080401 48.578400 -0.157774
v -0.174909 48.578400 0.027694
v -0.027680 48.578400 0.174892
v 0.157770 48.578400 0.080420
v 0.132424 48.621498 -0.259898
v 0.259898 48.621498 -0.132425
v -0.045630 48.621498 -0.288099
v -0.206256 48.621498 -0.206256
v -0.288099 48.621498 -0.045630
v -0.259898 48.621498 0.132424
v -0.132424 48.621498 0.259898
v 0.045630 48.621498 0.288099
v 0.206256 48.621498 0.206256
v 0.288099 48.621498 0.045630
v 0.182267 48.732700 -0.357718
v 0.357719 48.732700 -0.182267
v -0.062805 48.732700 -0.396534
v -0.283887 48.732700 -0.283887
v -0.396534 48.732700 -0.062805
v -0.357718 48.732700 0.182267
v -0.182267 48.732700 0.357718
v 0.062805 48.732700 0.396534
v 0.283887 48.732700 0.283887
v 0.396534 48.732700 0.062805
v 0.442164 49.028000 -0.225294
v 0.225294 49.028000 -0.442164
v -0.077631 49.028000 -0.490143
v -0.350904 49.028000 -0.350904
v -0.490143 49.028000 -0.077631
v -0.442164 49.028000 0.225294
v -0.225294 49.028000 0.442164
v 0.077631 49.028000 0.490143
v 0.350903 49.028000 0.350903
v 0.490143 49.028000 0.077631
v 0.357719 49.323399 -0.182267
v 0.182267 49.323399 -0.357718
v -0.062805 49.323399 -0.396534
v -0.283887 49.323399 -0.283887
v -0.396534 49.323399 -0.062805
v -0.357718 49.323399 0.182267
v -0.182267 49.323399 0.357718
v 0.062805 49.323399 0.396534
v 0.283887 49.323399 0.283887
v 0.396534 49.323399 0.062805
v 0.136636 49.505901 -0.069620
v 0.069620 49.505901 -0.136636
v -0.023989 49.505901 -0.151463
v -0.108435 49.505901 -0.108435
v -0.151462 49.505901 -0.023989
v -0.136636 49.505901 0.069620
v -0.069620 49.505901 0.136636
v 0.023989 49.505901 0.151462
v 0.108435 49.505901 0.108435
v 0.151462 49.505901 0.023989
v -0.000000 49.530499 -0.000000
v 20.798401 36.421200 -6.757800
v 19.483700 36.421200 -9.927430
v 18.479200 39.694599 -4.436520
v 16.203800 39.694599 -9.929760
v 17.692200 36.421200 -12.854100
v 12.342200 39.694599 -14.451000
v 15.462300 36.421200 -15.462300
v 12.854100 36.421200 -17.692200
v 7.272560 39.694599 -17.557699
v 9.927430 36.421200 -19.483700
v 6.757810 36.421200 -20.798401
v 1.491000 39.694599 -18.945700
v 3.420770 36.421200 -21.597799
v 0.000010 36.421200 -21.868700
v -4.436520 39.694599 -18.479200
v -3.420750 36.421200 -21.597799
v -6.757810 36.421200 -20.798401
v -9.929760 39.694599 -16.203800
v -9.927430 36.421200 -19.483700
v -12.854100 36.421200 -17.692200
v -14.451000 39.694599 -12.342200
v -15.462300 36.421200 -15.462300
v -17.692200 36.421200 -12.854100
v -17.557699 39.694599 -7.272570
v -19.483700 36.421200 -9.927420
v -20.798401 36.421200 -6.757800
v -18.945700 39.694599 -1.491000
v -21.597799 36.421200 -3.420760
v -21.868700 36.421200 -0.000009
v -18.479200 39.694599 4.436520
v -21.597799 36.421200 3.420750
v -20.798401 36.421200 6.757800
v -16.203800 39.694599 9.929760
v -19.483700 36.421200 9.927420
v -17.692200 36.421200 12.854100
v -12.342200 39.694599 14.451000
v -15.462300 36.421200 15.462300
v -12.854100 36.421200 17.692200
v -7.272570 39.694599 17.557699
v -9.927420 36.421200 19.483700
v -6.757800 36.421200 20.798401
v -1.491010 39.694599 18.945700
v -3.420760 36.421200 21.597799
v -0.000003 36.421200 21.868700
v 4.436510 39.694599 18.479200
v 3.420760 36.421200 21.597799
v 6.757810 36.421200 20.798401
v 9.929760 39.694599 16.203800
v 9.927430 36.421200 19.483700
v 12.854100 36.421200 17.692200
v 14.451000 39.694599 12.342300
v 15.462300 36.421200 15.462300
v 17.692200 36.421200 12.854100
v 17.557699 39.694599 7.272570
v 19.483700 36.421200 9.927420
v 20.798401 36.421200 6.757800
v 18.945700 39.694599 1.491000
v 21.597799 36.421200 3.420760
v 21.868700 36.421200 0.000002
v 21.597799 36.421200 -3.420760
v 11.368600 43.993099 -2.729410
v 9.968780 43.993099 -6.108900
v 8.873910 44.344799 -2.130460
v 7.781240 44.344799 -4.768370
v 5.926880 44.344799 -6.939530
v 7.593130 43.993099 -8.890430
v 3.492360 44.344799 -8.431400
v 4.474190 43.993099 -10.801700
v 0.716004 44.344799 -9.097940
v 0.917315 43.993099 -11.655600
v -2.130450 44.344799 -8.873910
v -2.729390 43.993099 -11.368600
v -4.768380 44.344700 -7.781240
v -6.108930 43.993099 -9.968770
v -6.939530 44.344799 -5.926890
v -8.890460 43.993099 -7.593110
v -8.431400 44.344700 -3.492370
v -10.801700 43.993099 -4.474190
v -9.097930 44.344799 -0.716002
v -11.655600 43.993099 -0.917291
v -8.873910 44.344799 2.130460
v -11.368600 43.993099 2.729410
v -7.781240 44.344700 4.768380
v -9.968770 43.993099 6.108910
v -5.926890 44.344700 6.939530
v -7.593120 43.993099 8.890440
v -3.492390 44.344700 8.431390
v -4.474200 43.993099 10.801700
v -0.716002 44.344799 9.097920
v -0.917267 43.993099 11.655600
v 2.130470 44.344700 8.873910
v 2.729400 43.993099 11.368600
v 4.768370 44.344700 7.781240
v 6.108910 43.993099 9.968770
v 6.939520 44.344799 5.926880
v 8.890440 43.993099 7.593120
v 8.431390 44.344799 3.492370
v 10.801700 43.993099 4.474200
v 9.097930 44.344799 0.715985
v 11.655600 43.993099 0.917276
v 13.927100 43.207401 -3.343660
v 14.278700 43.207401 1.123710
v 16.300301 41.797600 -3.913400
v 16.711800 41.797600 1.315200
v 12.212200 43.207401 -7.483720
v 14.293200 41.797600 -8.758930
v 9.301960 43.207401 -10.891200
v 10.887000 41.797600 -12.747100
v 5.481090 43.207401 -13.232600
v 6.415060 41.797600 -15.487500
v 1.123730 43.207401 -14.278700
v 1.315200 41.797600 -16.711800
v -3.343670 43.207401 -13.927100
v -3.913410 41.797600 -16.300301
v -7.483750 43.207401 -12.212200
v -8.758930 41.797600 -14.293200
v -10.891200 43.207401 -9.301940
v -12.747100 41.797600 -10.887000
v -13.232600 43.207401 -5.481080
v -15.487400 41.797600 -6.415060
v -14.278700 43.207401 -1.123690
v -16.711800 41.797600 -1.315190
v -13.927100 43.207401 3.343660
v -16.300301 41.797600 3.913400
v -12.212200 43.207401 7.483730
v -14.293200 41.797600 8.758940
v -9.301910 43.207401 10.891200
v -10.887000 41.797600 12.747100
v -5.481100 43.207401 13.232600
v -6.415070 41.797600 15.487500
v -1.123720 43.207401 14.278700
v -1.315200 41.797600 16.711800
v 3.343660 43.207401 13.927100
v 3.913410 41.797600 16.300301
v 7.483730 43.207401 12.212200
v 8.758930 41.797600 14.293200
v 10.891200 43.207401 9.301950
v 12.747100 41.797600 10.887000
v 13.232600 43.207401 5.481080
v 15.487400 41.797600 6.415050
v 6.888920 45.127899 -2.853510
v 3.896000 45.127998 -6.357740
v -0.585029 45.127899 -7.433530
v -4.842610 45.127998 -5.669950
v -7.250490 45.127998 -1.740670
v -6.888910 45.127998 2.853490
v -3.895990 45.127998 6.357720
v 0.585036 45.127998 7.433510
v 4.842610 45.127998 5.669940
v 7.250490 45.127899 1.740650
v 4.106240 45.879398 -1.700900
v 2.027980 46.106201 -1.242750
v 2.312730 46.106201 -0.555303
v 1.544690 46.106201 -1.808590
v 2.322310 45.879398 -3.789650
v 0.910190 46.106201 -2.197420
v 0.186608 46.106201 -2.371130
v -0.348734 45.879398 -4.430880
v -0.555231 46.106201 -2.312740
v -1.242720 46.106201 -2.027970
v -2.886490 45.879398 -3.379700
v -1.808580 46.106201 -1.544660
v -2.197410 46.106201 -0.910172
v -4.321760 45.879398 -1.037520
v -2.371120 46.106201 -0.186599
v -2.312730 46.106201 0.555244
v -4.106210 45.879398 1.700880
v -2.027960 46.106201 1.242730
v -1.544660 46.106201 1.808590
v -2.322250 45.879398 3.789660
v -0.910187 46.106201 2.197410
v -0.186614 46.106201 2.371120
v 0.348749 45.879398 4.430870
v 0.555224 46.106201 2.312730
v 1.242720 46.106201 2.027960
v 2.886550 45.879398 3.379660
v 1.808580 46.106201 1.544670
v 2.197390 46.106201 0.910189
v 4.321780 45.879398 1.037520
v 2.371110 46.106201 0.186560
v 5.540520 45.611900 -2.294990
v 5.831350 45.611900 1.399920
v 3.133440 45.611900 -5.113330
v -0.470523 45.611900 -5.978550
v -3.894750 45.611900 -4.560160
v -5.831330 45.611900 -1.399980
v -5.540520 45.611900 2.294990
v -3.133440 45.611900 5.113330
v 0.470536 45.611900 5.978530
v 3.894770 45.611900 4.560150
v 19.006001 36.332199 -9.684030
v 20.288401 36.332199 -6.592120
v 15.792400 39.545601 -9.677640
v 18.010000 39.545601 -4.323870
v 17.258400 36.332199 -12.539000
v 15.083200 36.332199 -15.083200
v 12.028900 39.545601 -14.084100
v 12.539000 36.332199 -17.258400
v 9.684030 36.332199 -19.006001
v 7.087920 39.545601 -17.111900
v 6.592120 36.332199 -20.288401
v 3.336890 36.332199 -21.068300
v 1.453140 39.545601 -18.464701
v 0.000000 36.332199 -21.332500
v -3.336890 36.332199 -21.068300
v -4.323870 39.545601 -18.010000
v -6.592120 36.332199 -20.288401
v -9.684020 36.332199 -19.006001
v -9.677640 39.545601 -15.792400
v -12.538900 36.332199 -17.258400
v -15.083200 36.332199 -15.083200
v -14.084100 39.545601 -12.028900
v -17.258400 36.332199 -12.538900
v -19.006001 36.332199 -9.684020
v -17.111900 39.545601 -7.087920
v -20.288401 36.332199 -6.592120
v -21.068300 36.332199 -3.336890
v -18.464701 39.545601 -1.453140
v -21.332500 36.332199 -0.000000
v -21.068300 36.332199 3.336890
v -18.010000 39.545601 4.323870
v -20.288401 36.332199 6.592120
v -19.006001 36.332199 9.684020
v -15.792400 39.545601 9.677640
v -17.258400 36.332199 12.538900
v -15.083200 36.332199 15.083200
v -12.028900 39.545601 14.084100
v -12.538900 36.332199 17.258400
v -9.684020 36.332199 19.006001
v -7.087920 39.545601 17.111900
v -6.592120 36.332199 20.288401
v -3.336890 36.332199 21.068300
v -1.453140 39.545601 18.464701
v -0.000001 36.332199 21.332500
v 3.336890 36.332199 21.068300
v 4.323870 39.545601 18.010000
v 6.592110 36.332199 20.288401
v 9.684020 36.332199 19.006001
v 9.677640 39.545601 15.792400
v 12.538900 36.332199 17.258400
v 15.083200 36.332199 15.083200
v 14.084100 39.545601 12.028900
v 17.258400 36.332199 12.538900
v 19.006001 36.332199 9.684020
v 17.111900 39.545601 7.087910
v 20.288401 36.332199 6.592110
v 21.068300 36.332199 3.336890
v 18.464701 39.545601 1.453140
v 21.332500 36.332199 -0.000000
v 21.068300 36.332199 -3.336890
v 8.604190 43.700600 -7.348720
v 11.280400 43.700600 -0.887826
v 6.779440 44.115398 -5.790230
v 8.888090 44.115398 -0.699545
v 2.641470 43.700600 -11.002700
v 2.081270 44.115398 -8.669250
v -4.330200 43.700600 -10.454000
v -3.411860 44.115398 -8.236910
v -9.647890 43.700600 -5.912190
v -7.601790 44.115398 -4.658350
v -11.280400 43.700600 0.887819
v -8.888090 44.115398 0.699533
v -8.604190 43.700600 7.348710
v -6.779440 44.115398 5.790220
v -2.641470 43.700600 11.002600
v -2.081270 44.115398 8.669240
v 4.330200 43.700600 10.453900
v 3.411860 44.115398 8.236900
v 9.647880 43.700600 5.912190
v 7.601790 44.115398 4.658350
v 16.098801 41.586201 -1.267050
v 13.787400 42.942600 -1.085130
v 10.516400 42.942600 -8.981900
v 12.279400 41.586201 -10.487700
v 3.228510 42.942600 -13.447900
v 3.769760 41.586201 -15.702400
v -5.292550 42.942600 -12.777200
v -6.179830 41.586201 -14.919300
v -11.792000 42.942600 -7.226120
v -13.768900 41.586201 -8.437560
v -13.787400 42.942600 1.085130
v -16.098801 41.586201 1.267050
v -10.516400 42.942600 8.981900
v -12.279400 41.586201 10.487700
v -3.228510 42.942600 13.447900
v -3.769760 41.586201 15.702400
v 5.292550 42.942600 12.777200
v 6.179830 41.586201 14.919300
v 11.792000 42.942600 7.226120
v 13.768900 41.586201 8.437550
v 6.695100 44.830200 -2.773240
v 3.786390 44.830200 -6.178860
v -0.568587 44.830200 -7.224390
v -4.706380 44.830200 -5.510430
v -7.046500 44.830200 -1.691690
v -6.695090 44.830200 2.773210
v -3.786380 44.830200 6.178860
v 0.568587 44.830200 7.224380
v 4.706370 44.830200 5.510430
v 7.046490 44.830200 1.691680
v 5.397030 45.297501 -2.235570
v 5.680290 45.297501 1.363680
v 0.000001 45.557098 -0.000006
v 3.052280 45.297501 -4.980880
v -0.458342 45.297501 -5.823700
v -3.793880 45.297501 -4.442050
v -5.680290 45.297501 -1.363690
v -5.397020 45.297501 2.235530
v -3.052260 45.297501 4.980880
v 0.458345 45.297501 5.823690
v 3.793880 45.297501 4.442040
v 2.092260 46.364399 -0.502371
v 1.834650 46.364399 -1.124290
v 1.397430 46.364399 -1.636180
v 0.823419 46.364399 -1.987930
v 0.168808 46.364399 -2.145080
v -0.502301 46.364399 -2.092270
v -1.124260 46.364399 -1.834630
v -1.636170 46.364399 -1.397420
v -1.987920 46.364399 -0.823407
v -2.145080 46.364399 -0.168816
v -2.092260 46.364399 0.502303
v -1.834630 46.364399 1.124270
v -1.397410 46.364399 1.636180
v -0.823417 46.364399 1.987920
v -0.168812 46.364399 2.145070
v 0.502308 46.364399 2.092250
v 1.124260 46.364399 1.834630
v 1.636170 46.364399 1.397410
v 1.987910 46.364399 0.823413
v 2.145070 46.364399 0.168768
v 0.000001 46.364399 -0.000006
v -0.563561 45.333500 1.106050
v -1.106050 45.333500 0.563559
v -0.573659 12.620000 1.125870
v -1.125870 12.620000 0.573656
v -1.226070 45.333500 -0.194191
v -1.248030 12.620000 -0.197670
v -0.877766 45.333500 -0.877770
v -0.893493 12.620000 -0.893495
v -0.194190 45.333500 -1.226070
v -0.197670 12.620000 -1.248040
v 0.563562 45.333500 -1.106050
v 0.573660 12.620000 -1.125870
v 1.106050 45.333500 -0.563565
v 1.125870 12.620000 -0.573663
v 1.226060 45.333500 0.194186
v 1.248030 12.620000 0.197666
v 0.877765 45.333500 0.877766
v 0.893492 12.620000 0.893493
v 0.194190 45.333500 1.226060
v 0.197669 12.620000 1.248030
v -0.000001 45.333500 -1.509940
v -0.466598 45.333500 -1.436040
v -0.000001 45.789501 -1.509940
v -0.466598 45.789501 -1.436040
v 0.466599 45.333500 -1.436040
v 0.466599 45.789501 -1.436040
v 0.887522 45.333500 -1.221570
v 0.887522 45.789501 -1.221570
v 1.221570 45.333500 -0.887520
v 1.221570 45.789501 -0.887520
v 1.436040 45.333500 -0.466605
v 1.436040 45.789501 -0.466605
v 1.509940 45.333500 -0.000007
v 1.509940 45.789501 -0.000007
v 1.436030 45.333500 0.466597
v 1.436030 45.789501 0.466597
v 1.221560 45.333500 0.887519
v 1.221560 45.789501 0.887518
v 0.887519 45.333500 1.221570
v 0.887519 45.789501 1.221570
v 0.466597 45.333500 1.436040
v 0.466597 45.789501 1.436040
v -0.000001 45.333500 1.509940
v -0.000001 45.789501 1.509940
v -0.466600 45.333500 1.436040
v -0.466599 45.789501 1.436040
v -0.887519 45.333500 1.221560
v -0.887519 45.789501 1.221560
v -1.221570 45.333500 0.887518
v -1.221570 45.789501 0.887518
v -1.436040 45.333500 0.466595
v -1.436040 45.789501 0.466595
v -1.509940 45.333500 -0.000002
v -1.509940 45.789501 -0.000002
v -1.436040 45.333500 -0.466597
v -1.436040 45.789501 -0.466597
v -1.221570 45.333500 -0.887522
v -1.221570 45.789501 -0.887522
v -0.887520 45.333500 -1.221570
v -0.887520 45.789501 -1.221570
v 2.135560 12.232600 -0.693892
v 1.816620 12.232600 -1.319850
v 2.209530 12.620000 -0.717927
v 1.879540 12.620000 -1.365570
v 1.319850 12.232600 -1.816610
v 1.365570 12.620000 -1.879540
v 0.693887 12.232600 -2.135560
v 0.717923 12.620000 -2.209530
v 0.000000 12.232600 -2.245460
v 0.000000 12.620000 -2.323240
v -0.693885 12.232600 -2.135560
v -0.717921 12.620000 -2.209530
v -1.319850 12.232600 -1.816610
v -1.365570 12.620000 -1.879540
v -1.816610 12.232600 -1.319850
v -1.879540 12.620000 -1.365570
v -2.135560 12.232600 -0.693885
v -2.209530 12.620000 -0.717920
v -2.245460 12.232600 -0.000000
v -2.323240 12.620000 -0.000000
v -2.135560 12.232600 0.693883
v -2.209530 12.620000 0.717919
v -1.816610 12.232600 1.319840
v -1.879540 12.620000 1.365560
v -1.319850 12.232600 1.816610
v -1.365560 12.620000 1.879540
v -0.693886 12.232600 2.135550
v -0.717922 12.620000 2.209530
v -0.000001 12.232600 2.245450
v -0.000001 12.620000 2.323240
v 0.693885 12.232600 2.135550
v 0.717921 12.620000 2.209530
v 1.319840 12.232600 1.816610
v 1.365560 12.620000 1.879540
v 1.816610 12.232600 1.319850
v 1.879540 12.620000 1.365560
v 2.135550 12.232600 0.693885
v 2.209530 12.620000 0.717921
v 2.245460 12.232600 -0.000007
v 2.323240 12.620000 -0.000007
v 7.639580 0.000000 -2.482250
v 6.498620 0.000000 -4.721520
v 7.639580 0.134502 -2.482250
v 6.498620 0.134502 -4.721520
v 4.721520 0.000000 -6.498620
v 4.721520 0.134502 -6.498620
v 2.482250 0.000000 -7.639580
v 2.482250 0.134502 -7.639580
v -0.000000 0.000000 -8.032730
v -0.000000 0.134502 -8.032730
v -2.482250 0.000000 -7.639580
v -2.482250 0.134502 -7.639580
v -4.721520 0.000000 -6.498620
v -4.721520 0.134502 -6.498620
v -6.498620 0.000000 -4.721520
v -6.498620 0.134502 -4.721520
v -7.639580 0.000000 -2.482250
v -7.639580 0.134502 -2.482250
v -8.032730 0.000000 -0.000000
v -8.032730 0.134502 -0.000000
v -7.639580 0.000000 2.482250
v -7.639580 0.134502 2.482250
v -6.498620 0.000000 4.721520
v -6.498620 0.134502 4.721520
v -4.721520 0.000000 6.498620
v -4.721520 0.134502 6.498620
v -2.482250 0.000000 7.639580
v -2.482250 0.134502 7.639580
v -0.000000 0.000000 8.032730
v -0.000000 0.134502 8.032730
v 2.482250 0.000000 7.639580
v 2.482250 0.134502 7.639580
v 4.721520 0.000000 6.498610
v 4.721520 0.134502 6.498610
v 6.498610 0.000000 4.721520
v 6.498610 0.134502 4.721520
v 7.639580 0.000000 2.482250
v 7.639580 0.134502 2.482250
v 8.032730 0.000000 -0.000000
v 8.032730 0.134502 -0.000000
v 0.000000 0.000000 0.000000
v 7.378570 0.323601 -2.397440
v 6.276590 0.323601 -4.560200
v 4.560200 0.323601 -6.276590
v 2.397440 0.323601 -7.378570
v -0.000000 0.323601 -7.758280
v -2.397440 0.323601 -7.378570
v -4.560200 0.323601 -6.276580
v -6.276580 0.323601 -4.560200
v -7.378560 0.323601 -2.397440
v -7.758280 0.323601 -0.000000
v -7.378560 0.323601 2.397440
v -6.276580 0.323601 4.560200
v -4.560200 0.323601 6.276580
v -2.397440 0.323601 7.378560
v -0.000000 0.323601 7.758280
v 2.397440 0.323601 7.378560
v 4.560200 0.323601 6.276580
v 6.276580 0.323601 4.560200
v 7.378560 0.323601 2.397440
v 7.758280 0.323601 -0.000000
v 8.221580 0.623598 -2.671350
v 6.993700 0.623598 -5.081220
v 5.081220 0.623598 -6.993700
v 2.671350 0.623598 -8.221580
v -0.000000 0.623598 -8.644680
v -2.671350 0.623598 -8.221580
v -5.081220 0.623598 -6.993700
v -6.993700 0.623598 -5.081220
v -8.221580 0.623598 -2.671350
v -8.644680 0.623598 0.000000
v -8.221580 0.623598 2.671350
v -6.993700 0.623598 5.081220
v -5.081220 0.623598 6.993690
v -2.671350 0.623598 8.221580
v -0.000000 0.623598 8.644680
v 2.671350 0.623598 8.221580
v 5.081220 0.623598 6.993690
v 6.993690 0.623598 5.081220
v 8.221580 0.623598 2.671350
v 8.644680 0.623598 0.000000
v 7.251240 1.366890 -3.694690
v 3.694690 1.366890 -7.251240
v -1.273100 1.366890 -8.038060
v -5.754620 1.366890 -5.754620
v -8.038060 1.366890 -1.273100
v -7.251240 1.366890 3.694690
v -3.694690 1.366890 7.251240
v 1.273100 1.366890 8.038060
v 5.754610 1.366890 5.754610
v 8.038060 1.366890 1.273100
v 3.162040 3.311110 -1.027410
v 2.689790 3.311110 -1.954250
v 3.079860 3.648550 -1.000720
v 2.619890 3.648550 -1.903460
v 1.954250 3.311110 -2.689790
v 1.903460 3.648550 -2.619890
v 1.027410 3.311110 -3.162040
v 1.000710 3.648550 -3.079870
v 0.000000 3.311110 -3.324760
v 0.000000 3.648550 -3.238360
v -1.027410 3.311110 -3.162040
v -1.000710 3.648550 -3.079870
v -1.954250 3.311110 -2.689790
v -1.903460 3.648550 -2.619890
v -2.689790 3.311110 -1.954250
v -2.619890 3.648550 -1.903460
v -3.162040 3.311110 -1.027410
v -3.079870 3.648550 -1.000710
v -3.324760 3.311110 0.000000
v -3.238360 3.648550 0.000000
v -3.162040 3.311110 1.027410
v -3.079870 3.648550 1.000710
v -2.689790 3.311110 1.954240
v -2.619890 3.648550 1.903460
v -1.954240 3.311110 2.689790
v -1.903460 3.648550 2.619890
v -1.027410 3.311110 3.162030
v -1.000710 3.648550 3.079860
v -0.000001 3.311110 3.324760
v -0.000001 3.648550 3.238360
v 1.027410 3.311110 3.162030
v 1.000710 3.648550 3.079860
v 1.954240 3.311110 2.689790
v 1.903460 3.648550 2.619890
v 2.689790 3.311110 1.954250
v 2.619890 3.648550 1.903460
v 3.162030 3.311110 1.027410
v 3.079860 3.648550 1.000710
v 3.324760 3.311110 -0.000006
v 3.238360 3.648550 -0.000006
v 2.488850 3.648550 -0.808684
v 2.117140 3.648550 -1.538190
v 1.538200 3.648550 -2.117140
v 0.808679 3.648550 -2.488850
v 0.000000 3.648550 -2.616930
v -0.808677 3.648550 -2.488850
v -1.538190 3.648550 -2.117140
v -2.117140 3.648550 -1.538190
v -2.488850 3.648550 -0.808676
v -2.616930 3.648550 0.000000
v -2.488850 3.648550 0.808675
v -2.117140 3.648550 1.538190
v -1.538190 3.648550 2.117140
v -0.808678 3.648550 2.488850
v -0.000001 3.648550 2.616930
v 0.808677 3.648550 2.488850
v 1.538190 3.648550 2.117140
v 2.117140 3.648550 1.538190
v 2.488850 3.648550 0.808678
v 2.616930 3.648550 -0.000008
v 2.488850 4.047020 -0.808684
v 2.117140 4.047020 -1.538190
v 1.538200 4.047020 -2.117140
v 0.808679 4.047020 -2.488850
v 0.000000 4.047020 -2.616930
v -0.808677 4.047020 -2.488850
v -1.538190 4.047020 -2.117140
v -2.117140 4.047020 -1.538190
v -2.488850 4.047020 -0.808676
v -2.616930 4.047020 0.000000
v -2.488850 4.047020 0.808675
v -2.117140 4.047020 1.538190
v -1.538190 4.047020 2.117140
v -0.808678 4.047020 2.488850
v -0.000001 4.047020 2.616930
v 0.808677 4.047020 2.488850
v 1.538190 4.047020 2.117140
v 2.117140 4.047020 1.538190
v 2.488850 4.047020 0.808678
v 2.616930 4.047020 -0.000008
v 0.328210 12.231800 2.113550
v -0.976790 12.231700 1.902820
v 0.348348 4.046190 2.241800
v -1.035880 4.046140 2.018410
v 1.599520 4.046260 1.608900
v 1.507840 12.231800 1.516980
v 2.239190 4.046540 0.358091
v 2.111010 12.232100 0.337699
v 1.902820 12.231900 -0.976789
v 2.018410 4.046370 -1.035880
v 1.024060 4.046220 -2.024440
v 0.965272 12.231800 -1.908690
v -0.361458 4.046170 -2.239730
v -0.340979 12.231700 -2.111530
v -1.608910 4.046100 -1.599520
v -1.516990 12.231700 -1.507850
v -2.242340 4.045820 -0.351712
v -2.114080 12.231400 -0.331486
v -2.024440 4.045990 1.024060
v -1.908690 12.231600 0.965273
v 0.862476 2.786810 5.445460
v 1.144850 1.961040 7.228310
v 3.898520 2.786810 3.898520
v 5.174900 1.961040 5.174900
v -3.322490 1.961040 6.520760
v -2.503000 2.786810 4.912420
v -6.520760 1.961040 3.322490
v -4.912420 2.786810 2.503000
v -7.228320 1.961040 -1.144850
v -5.445460 2.786810 -0.862476
v -5.174900 1.961040 -5.174900
v -3.898520 2.786810 -3.898520
v -1.144850 1.961040 -7.228320
v -0.862476 2.786810 -5.445460
v 3.322490 1.961040 -6.520760
v 2.503000 2.786810 -4.912420
v 6.520760 1.961040 -3.322490
v 4.912420 2.786810 -2.503010
v 7.228310 1.961040 1.144850
v 5.445460 2.786810 0.862474
v 2.617730 32.589298 -3.602980
v 1.376220 32.589298 -4.235570
v 2.617730 33.167000 -3.602980
v 1.376220 33.167000 -4.235570
v 3.602990 32.589298 -2.617720
v 3.602990 33.167000 -2.617720
v 4.235560 32.589298 -1.376230
v 4.235560 33.167000 -1.376230
v 4.453530 32.589298 -0.000007
v 4.453530 33.167000 -0.000006
v 4.235560 32.589298 1.376220
v 4.235560 33.167000 1.376220
v 3.602980 32.589298 2.617720
v 3.602980 33.167000 2.617720
v 2.617720 32.589298 3.602980
v 2.617720 33.167000 3.602980
v 1.376210 32.589298 4.235560
v 1.376210 33.167000 4.235560
v -0.000006 32.589298 4.453530
v -0.000004 33.167000 4.453530
v -1.376220 32.589298 4.235560
v -1.376220 33.167000 4.235560
v -2.617720 32.589298 3.602980
v -2.617720 33.167000 3.602980
v -3.602980 32.589298 2.617720
v -3.602980 33.167000 2.617720
v -4.235560 32.589298 1.376220
v -4.235560 33.167000 1.376220
v -4.453530 32.589298 0.000001
v -4.453530 33.167000 0.000001
v -4.235560 32.589298 -1.376220
v -4.235560 33.167000 -1.376210
v -3.602990 32.589298 -2.617720
v -3.602990 33.167000 -2.617720
v -2.617720 32.589298 -3.602990
v -2.617720 33.167000 -3.602990
v -1.376210 32.589298 -4.235570
v -1.376220 33.167000 -4.235560
v -0.000006 32.589298 -4.453540
v -0.000005 33.167000 -4.453540
v -0.000001 32.589298 -0.000003
v -0.000001 33.167000 -0.000003
v 0.389785 2.460150 7.400090
v 0.389785 2.396830 7.354920
v 0.240899 2.579160 7.233270
v 0.240899 2.515840 7.188090
v -0.000002 2.624620 7.169550
v -0.000002 2.561290 7.124370
v -0.240901 2.579160 7.233270
v -0.240901 2.515840 7.188090
v -0.389785 2.460150 7.400090
v -0.389785 2.396830 7.354920
v -0.389785 2.313040 7.606290
v -0.389785 2.249720 7.561120
v -0.240903 2.194030 7.773110
v -0.240901 2.130700 7.727940
v -0.000000 2.148570 7.836830
v 0.000000 2.085250 7.791660
v 0.240900 2.194030 7.773110
v 0.240900 2.130700 7.727940
v 0.389784 2.313040 7.606290
v 0.389784 2.249720 7.561120
v 0.336283 2.540520 7.478780
v 0.207832 2.643190 7.334860
v -0.000004 2.682410 7.279890
v -0.207836 2.643190 7.334860
v -0.336283 2.540520 7.478780
v -0.336282 2.413600 7.656680
v -0.207838 2.310920 7.800600
v -0.000000 2.271710 7.855580
v 0.207835 2.310920 7.800600
v 0.336282 2.413600 7.656680
v 0.389785 2.646990 7.533390
v 0.240897 2.766000 7.366570
v -0.000004 2.811460 7.302850
v -0.240902 2.766000 7.366570
v -0.389784 2.646990 7.533390
v -0.389784 2.499880 7.739590
v -0.240905 2.380870 7.906410
v -0.000000 2.335410 7.970130
v 0.240901 2.380870 7.906410
v 0.389784 2.499880 7.739590
v 0.389782 3.210010 7.935060
v 0.240898 3.329020 7.768240
v -0.000011 3.374480 7.704520
v -0.240901 3.329020 7.768230
v -0.389783 3.210010 7.935060
v -0.389778 3.062900 8.141270
v -0.240912 2.943890 8.308080
v 0.000000 2.898430 8.371800
v 0.240904 2.943890 8.308080
v 0.389783 3.062900 8.141260
v 0.264786 3.304230 8.052160
v 0.100098 3.322190 8.130710
v 0.264786 3.204290 8.192240
v 0.100098 3.284410 8.183670
v 0.061862 3.352750 8.087870
v 0.163646 3.385070 7.938840
v 0.000001 3.364430 8.071510
v -0.000002 3.415960 7.895550
v -0.061862 3.352760 8.087870
v -0.163645 3.385080 7.938830
v -0.100098 3.322190 8.130710
v -0.264787 3.304230 8.052160
v -0.100100 3.284410 8.183670
v -0.264786 3.204290 8.192240
v -0.061868 3.253850 8.226510
v -0.163654 3.123450 8.305560
v -0.000001 3.242170 8.242870
v 0.000001 3.092570 8.348850
v 0.061870 3.253850 8.226500
v 0.163652 3.123450 8.305560
v -0.000001 3.317740 8.167490
v 1.416320 37.522400 -0.460189
v 1.204790 37.522400 -0.875332
v 1.416320 40.500900 -0.460189
v 1.204790 40.500900 -0.875332
v 0.875332 37.522400 -1.204790
v 0.875332 40.500900 -1.204790
v 0.460189 37.522400 -1.416320
v 0.460189 40.500900 -1.416320
v 0.000000 37.522400 -1.489200
v 0.000000 40.500900 -1.489200
v -0.460189 37.522400 -1.416320
v -0.460189 40.500900 -1.416320
v -0.875331 37.522400 -1.204790
v -0.875331 40.500900 -1.204790
v -1.204790 37.522400 -0.875331
v -1.204790 40.500900 -0.875331
v -1.416320 37.522400 -0.460189
v -1.416320 40.500900 -0.460189
v -1.489200 37.522400 0.000000
v -1.489200 40.500900 0.000000
v -1.416320 37.522400 0.460189
v -1.416320 40.500900 0.460189
v -1.204790 37.522400 0.875331
v -1.204790 40.500900 0.875331
v -0.875331 37.522400 1.204790
v -0.875331 40.500900 1.204790
v -0.460189 37.522400 1.416320
v -0.460189 40.500900 1.416320
v -0.000000 37.522400 1.489200
v -0.000000 40.500900 1.489200
v 0.460189 37.522400 1.416320
v 0.460189 40.500900 1.416320
v 0.875331 37.522400 1.204790
v 0.875331 40.500900 1.204790
v 1.204790 37.522400 0.875331
v 1.204790 40.500900 0.875331
v 1.416320 37.522400 0.460189
v 1.416320 40.500900 0.460189
v 1.489200 37.522400 0.000000
v 1.489200 40.500900 0.000000
v 0.000000 37.522400 0.000000
v 0.000000 40.500900 0.000000
v -0.683575 39.861801 9.103060
v 0.683575 39.861801 9.103060
v -0.683575 39.861801 0.466886
v 0.683575 39.861801 0.466886
v -0.683575 39.444698 0.466886
v 0.683575 39.444698 0.466886
v -0.683575 39.444698 9.103060
v 0.683575 39.444698 9.103060
v 1.451190 40.789299 9.501120
v 1.451190 40.583199 9.096570
v -1.451190 40.789299 9.501120
v -1.451190 40.583199 9.096570
v 1.451190 40.262100 8.775520
v -1.451190 40.262100 8.775520
v 1.451190 39.857601 8.569390
v -1.451190 39.857601 8.569390
v 1.451190 39.409199 8.498370
v -1.451190 39.409199 8.498370
v 1.451190 38.960701 8.569390
v -1.451190 38.960701 8.569390
v 1.451190 38.556198 8.775520
v -1.451190 38.556198 8.775520
v 1.451190 38.235100 9.096570
v -1.451190 38.235100 9.096570
v 1.451190 38.028999 9.501120
v -1.451190 38.028999 9.501120
v 1.451190 37.958000 9.949560
v -1.451190 37.958000 9.949560
v 1.451190 38.028999 10.398000
v -1.451190 38.028999 10.398000
v 1.451190 38.235100 10.802500
v -1.451190 38.235100 10.802500
v 1.451190 38.556198 11.123600
v -1.451190 38.556198 11.123600
v 1.451190 38.960701 11.329700
v -1.451190 38.960701 11.329700
v 1.451190 39.409199 11.400800
v -1.451190 39.409199 11.400800
v 1.451190 39.857601 11.329700
v -1.451190 39.857601 11.329700
v 1.451190 40.262100 11.123600
v -1.451190 40.262100 11.123600
v 1.451190 40.583199 10.802500
v -1.451190 40.583199 10.802500
v 1.451190 40.789299 10.398000
v -1.451190 40.789299 10.398000
v 1.451190 40.860401 9.949560
v -1.451190 40.860401 9.949560
v 1.451190 39.409199 9.949560
v -1.451190 39.409199 9.949560
v 0.680773 2.121400 7.042280
v 0.579100 2.237290 6.879840
v 0.680773 2.353250 7.207680
v 0.579100 2.469140 7.045240
v 0.420741 2.329260 6.750920
v 0.420741 2.561110 6.916330
v 0.221196 2.388310 6.668150
v 0.221196 2.620160 6.833560
v -0.000000 2.408660 6.639630
v -0.000000 2.640500 6.805040
v -0.221197 2.388310 6.668150
v -0.221197 2.620160 6.833560
v -0.420741 2.329260 6.750920
v -0.420741 2.561110 6.916330
v -0.579100 2.237290 6.879840
v -0.579100 2.469140 7.045240
v -0.680773 2.121400 7.042280
v -0.680773 2.353250 7.207680
v -0.715807 1.992940 7.222350
v -0.715807 2.224790 7.387750
v -0.680773 1.864470 7.402420
v -0.680773 2.096320 7.567820
v -0.579100 1.748580 7.564860
v -0.579100 1.980430 7.730260
v -0.420741 1.656610 7.693780
v -0.420741 1.888460 7.859180
v -0.221197 1.597560 7.776540
v -0.221197 1.829410 7.941950
v -0.000000 1.577220 7.805060
v -0.000000 1.809070 7.970470
v 0.221196 1.597560 7.776540
v 0.221196 1.829410 7.941950
v 0.420740 1.656610 7.693780
v 0.420740 1.888460 7.859180
v 0.579100 1.748580 7.564860
v 0.579100 1.980430 7.730260
v 0.680773 1.864470 7.402420
v 0.680773 2.096320 7.567820
v 0.715806 1.992940 7.222350
v 0.715806 2.224790 7.387750
v 0.564280 2.331270 7.238500
v 0.480005 2.427330 7.103850
v 0.348744 2.503560 6.997000
v 0.183345 2.552500 6.928390
v -0.000000 2.569370 6.904750
v -0.183346 2.552500 6.928390
v -0.348745 2.503560 6.997000
v -0.480006 2.427330 7.103850
v -0.564281 2.331270 7.238500
v -0.593320 2.224790 7.387750
v -0.564281 2.118310 7.537010
v -0.480006 2.022250 7.671650
v -0.348745 1.946010 7.778510
v -0.183346 1.897070 7.847120
v -0.000000 1.880210 7.870750
v 0.183345 1.897070 7.847120
v 0.348744 1.946010 7.778510
v 0.480005 2.022250 7.671650
v 0.564280 2.118310 7.537010
v 0.593319 2.224790 7.387750
v 0.564281 2.429750 7.308760
v 0.480004 2.525810 7.174110
v 0.348744 2.602050 7.067260
v 0.183347 2.650990 6.998650
v -0.000001 2.667850 6.975010
v -0.183346 2.650990 6.998650
v -0.348745 2.602050 7.067260
v -0.480006 2.525810 7.174110
v -0.564281 2.429750 7.308760
v -0.593320 2.323270 7.458020
v -0.564281 2.216790 7.607270
v -0.480006 2.120730 7.741920
v -0.348745 2.044500 7.848770
v -0.183346 1.995550 7.917380
v -0.000000 1.978690 7.941020
v 0.183346 1.995550 7.917380
v 0.348744 2.044500 7.848770
v 0.480005 2.120730 7.741920
v 0.564280 2.216790 7.607270
v 0.593319 2.323270 7.458010
v -0.000000 2.323270 7.458010
v -8.494570 39.939499 -2.760050
v -7.957610 39.939499 -4.054600
v -9.728850 40.608898 -3.161090
v -9.113870 40.608898 -4.643750
v -7.225910 39.939499 -5.249930
v -8.275850 40.608898 -6.012760
v -6.315190 39.939499 -6.315190
v -7.232800 40.608898 -7.232800
v -5.249930 39.939499 -7.225910
v -6.012760 40.608898 -8.275850
v -4.054600 39.939499 -7.957610
v -4.643750 40.608898 -9.113860
v -2.760050 39.939499 -8.494570
v -3.161090 40.608898 -9.728850
v -1.397120 39.939499 -8.821080
v -1.600130 40.608898 -10.102800
v 0.000000 39.939499 -8.931720
v 0.000000 40.608898 -10.229500
v 0.000000 39.939499 8.931710
v -1.397120 39.939499 8.821070
v 0.000000 40.608898 10.229500
v -1.600120 40.608898 10.102800
v -2.760050 39.939499 8.494560
v -3.161090 40.608898 9.728840
v -4.054600 39.939499 7.957600
v -4.643740 40.608898 9.113860
v -5.249930 39.939499 7.225910
v -6.012750 40.608898 8.275850
v -6.315190 39.939499 6.315190
v -7.232800 40.608898 7.232800
v -7.225910 39.939499 5.249930
v -8.275850 40.608898 6.012750
v -7.957600 39.939499 4.054600
v -9.113860 40.608898 4.643740
v -8.494560 39.939499 2.760050
v -9.728840 40.608898 3.161090
v -8.821070 39.939499 1.397120
v -10.102800 40.608898 1.600120
v -8.931710 39.939499 -0.000000
v -10.229500 40.608898 -0.000000
v -8.821070 39.939499 -1.397120
v -10.102800 40.608898 -1.600130
v -10.708400 39.566200 -3.479360
v -10.031500 39.566200 -5.111290
v -9.109090 39.566200 -6.618140
v -7.961020 39.566200 -7.961020
v -6.618140 39.566200 -9.109090
v -5.111290 39.566200 -10.031500
v -3.479360 39.566200 -10.708400
v -1.761230 39.566200 -11.120000
v 0.000000 39.566200 -11.259500
v 0.000000 39.566200 11.259400
v -1.761230 39.566200 11.120000
v -3.479360 39.566200 10.708400
v -5.111290 39.566200 10.031500
v -6.618140 39.566200 9.109080
v -7.961020 39.566200 7.961020
v -9.109080 39.566200 6.618140
v -10.031500 39.566200 5.111290
v -10.708400 39.566200 3.479360
v -11.120000 39.566200 1.761230
v -11.259400 39.566200 -0.000000
v -11.120000 39.566200 -1.761230
v -10.079500 38.252300 -3.275020
v -9.442330 38.252300 -4.811110
v -8.574120 38.252300 -6.229460
v -7.493480 38.252300 -7.493480
v -6.229460 38.252300 -8.574120
v -4.811110 38.252300 -9.442330
v -3.275020 38.252300 -10.079500
v -1.657800 38.252300 -10.466900
v 0.000000 38.252300 -10.598200
v 0.000000 38.252300 10.598200
v -1.657790 38.252300 10.466900
v -3.275020 38.252300 10.079500
v -4.811110 38.252300 9.442330
v -6.229460 38.252300 8.574110
v -7.493470 38.252300 7.493470
v -8.574110 38.252300 6.229460
v -9.442330 38.252300 4.811110
v -10.079500 38.252300 3.275020
v -10.466900 38.252300 1.657790
v -10.598200 38.252300 -0.000000
v -10.466900 38.252300 -1.657800
v -8.711270 38.483002 -2.830460
v -8.160610 38.483002 -4.158040
v -7.410250 38.483002 -5.383860
v -6.476300 38.483002 -6.476300
v -5.383860 38.483002 -7.410250
v -4.158040 38.483002 -8.160610
v -2.830460 38.483002 -8.711270
v -1.432760 38.483002 -9.046110
v 0.000000 38.483002 -9.159570
v 0.000000 38.483002 9.159570
v -1.432760 38.483002 9.046100
v -2.830460 38.483002 8.711270
v -4.158040 38.483002 8.160610
v -5.383860 38.483002 7.410250
v -6.476290 38.483002 6.476290
v -7.410250 38.483002 5.383860
v -8.160610 38.483002 4.158040
v -8.711270 38.483002 2.830460
v -9.046100 38.483002 1.432760
v -9.159570 38.483002 -0.000000
v -9.046110 38.483002 -1.432760
v 7.957610 39.939499 -4.054600
v 8.494570 39.939499 -2.760050
v 9.113870 40.608898 -4.643750
v 9.728850 40.608898 -3.161090
v 7.225910 39.939499 -5.249930
v 8.275850 40.608898 -6.012760
v 6.315190 39.939499 -6.315190
v 7.232800 40.608898 -7.232800
v 5.249930 39.939499 -7.225910
v 6.012760 40.608898 -8.275850
v 4.054600 39.939499 -7.957610
v 4.643750 40.608898 -9.113860
v 2.760050 39.939499 -8.494570
v 3.161090 40.608898 -9.728850
v 1.397120 39.939499 -8.821080
v 1.600130 40.608898 -10.102800
v 1.397120 39.939499 8.821070
v 1.600120 40.608898 10.102800
v 2.760050 39.939499 8.494560
v 3.161090 40.608898 9.728840
v 4.054600 39.939499 7.957600
v 4.643740 40.608898 9.113860
v 5.249930 39.939499 7.225910
v 6.012750 40.608898 8.275850
v 6.315190 39.939499 6.315190
v 7.232800 40.608898 7.232800
v 7.225910 39.939499 5.249930
v 8.275850 40.608898 6.012750
v 7.957600 39.939499 4.054600
v 9.113860 40.608898 4.643740
v 8.494560 39.939499 2.760050
v 9.728840 40.608898 3.161090
v 8.821070 39.939499 1.397120
v 10.102800 40.608898 1.600120
v 8.931710 39.939499 -0.000000
v 10.229500 40.608898 -0.000000
v 8.821070 39.939499 -1.397120
v 10.102800 40.608898 -1.600130
v 10.031500 39.566200 -5.111290
v 10.708400 39.566200 -3.479360
v 9.109090 39.566200 -6.618140
v 7.961020 39.566200 -7.961020
v 6.618140 39.566200 -9.109090
v 5.111290 39.566200 -10.031500
v 3.479360 39.566200 -10.708400
v 1.761230 39.566200 -11.120000
v 1.761230 39.566200 11.120000
v 3.479360 39.566200 10.708400
v 5.111290 39.566200 10.031500
v 6.618140 39.566200 9.109080
v 7.961020 39.566200 7.961020
v 9.109080 39.566200 6.618140
v 10.031500 39.566200 5.111290
v 10.708400 39.566200 3.479360
v 11.120000 39.566200 1.761230
v 11.259400 39.566200 -0.000000
v 11.120000 39.566200 -1.761230
v 9.442330 38.252300 -4.811110
v 10.079500 38.252300 -3.275020
v 8.574120 38.252300 -6.229460
v 7.493480 38.252300 -7.493480
v 6.229460 38.252300 -8.574120
v 4.811110 38.252300 -9.442330
v 3.275020 38.252300 -10.079500
v 1.657800 38.252300 -10.466900
v 1.657790 38.252300 10.466900
v 3.275020 38.252300 10.079500
v 4.811110 38.252300 9.442330
v 6.229460 38.252300 8.574110
v 7.493470 38.252300 7.493470
v 8.574110 38.252300 6.229460
v 9.442330 38.252300 4.811110
v 10.079500 38.252300 3.275020
v 10.466900 38.252300 1.657790
v 10.598200 38.252300 -0.000000
v 10.466900 38.252300 -1.657800
v 8.160610 38.483002 -4.158040
v 8.711270 38.483002 -2.830460
v 7.410250 38.483002 -5.383860
v 6.476300 38.483002 -6.476300
v 5.383860 38.483002 -7.410250
v 4.158040 38.483002 -8.160610
v 2.830460 38.483002 -8.711270
v 1.432760 38.483002 -9.046110
v 1.432760 38.483002 9.046100
v 2.830460 38.483002 8.711270
v 4.158040 38.483002 8.160610
v 5.383860 38.483002 7.410250
v 6.476290 38.483002 6.476290
v 7.410240 38.483002 5.383860
v 8.160610 38.483002 4.158040
v 8.711270 38.483002 2.830460
v 9.046100 38.483002 1.432760
v 9.159570 38.483002 -0.000000
v 9.046110 38.483002 -1.432760
vt 0.523325 0.711530
vt 0.516114 0.733841
vt 0.514843 0.710239
vt 0.508446 0.729993
vt 0.523288 0.688082
vt 0.514823 0.689475
vt 0.516008 0.665794
vt 0.508387 0.669734
vt 0.502196 0.646845
vt 0.496166 0.652948
vt 0.483205 0.633093
vt 0.479356 0.640760
vt 0.460893 0.625882
vt 0.459602 0.634363
vt 0.437446 0.625918
vt 0.438838 0.634383
vt 0.415157 0.633199
vt 0.419097 0.640819
vt 0.396209 0.647011
vt 0.402312 0.653040
vt 0.382456 0.666002
vt 0.390123 0.669850
vt 0.375245 0.688313
vt 0.383726 0.689604
vt 0.375282 0.711761
vt 0.383747 0.710368
vt 0.382562 0.734050
vt 0.390182 0.730109
vt 0.396374 0.752998
vt 0.402404 0.746895
vt 0.415365 0.766750
vt 0.419214 0.759083
vt 0.437676 0.773961
vt 0.438967 0.765480
vt 0.461124 0.773925
vt 0.459731 0.765460
vt 0.483413 0.766644
vt 0.479472 0.759024
vt 0.502361 0.752832
vt 0.496258 0.746803
vt 0.380792 0.827605
vt 0.440238 0.797316
vt 0.446688 0.817169
vt 0.449285 0.699921
vt 0.446688 0.838042
vt 0.440238 0.857894
vt 0.427969 0.874782
vt 0.411081 0.887051
vt 0.391229 0.893502
vt 0.370355 0.893502
vt 0.350502 0.887051
vt 0.333615 0.874782
vt 0.321346 0.857895
vt 0.314896 0.838042
vt 0.314896 0.817168
vt 0.321346 0.797316
vt 0.333615 0.780429
vt 0.350503 0.768159
vt 0.370355 0.761709
vt 0.391229 0.761709
vt 0.411081 0.768159
vt 0.427968 0.780429
vt 0.523325 0.711530
vt 0.516114 0.733841
vt 0.514843 0.710239
vt 0.508446 0.729993
vt 0.523288 0.688082
vt 0.514823 0.689475
vt 0.516008 0.665794
vt 0.508387 0.669734
vt 0.502196 0.646845
vt 0.496166 0.652948
vt 0.483205 0.633093
vt 0.479356 0.640760
vt 0.460893 0.625882
vt 0.459602 0.634363
vt 0.437446 0.625918
vt 0.438838 0.634383
vt 0.415157 0.633199
vt 0.419097 0.640819
vt 0.396209 0.647011
vt 0.402312 0.653040
vt 0.382456 0.666002
vt 0.390123 0.669850
vt 0.375245 0.688313
vt 0.383726 0.689604
vt 0.375282 0.711761
vt 0.383747 0.710368
vt 0.382562 0.734050
vt 0.390182 0.730109
vt 0.396374 0.752998
vt 0.402404 0.746895
vt 0.415365 0.766750
vt 0.419214 0.759083
vt 0.437676 0.773961
vt 0.438967 0.765480
vt 0.461124 0.773925
vt 0.459731 0.765460
vt 0.483413 0.766644
vt 0.479472 0.759024
vt 0.502361 0.752832
vt 0.496258 0.746803
vt 0.380792 0.827605
vt 0.440238 0.797316
vt 0.446688 0.817169
vt 0.449285 0.699921
vt 0.446688 0.838042
vt 0.440238 0.857894
vt 0.427969 0.874782
vt 0.411081 0.887051
vt 0.391229 0.893502
vt 0.370355 0.893502
vt 0.350502 0.887051
vt 0.333615 0.874782
vt 0.321346 0.857895
vt 0.314896 0.838042
vt 0.314896 0.817168
vt 0.321346 0.797316
vt 0.333615 0.780429
vt 0.350503 0.768159
vt 0.370355 0.761709
vt 0.391229 0.761709
vt 0.411081 0.768159
vt 0.427968 0.780429
vt 0.735052 0.298090
vt 0.735053 0.277109
vt 0.712014 0.298090
vt 0.712014 0.277108
vt 0.735052 0.256106
vt 0.712015 0.256106
vt 0.735053 0.235113
vt 0.712014 0.235113
vt 0.735052 0.214120
vt 0.712014 0.214119
vt 0.735052 0.193128
vt 0.712014 0.193128
vt 0.735052 0.172134
vt 0.712014 0.172134
vt 0.735052 0.151142
vt 0.712014 0.151143
vt 0.735052 0.130148
vt 0.712014 0.130148
vt 0.735053 0.550552
vt 0.735053 0.529456
vt 0.712015 0.550552
vt 0.712015 0.529456
vt 0.735052 0.508380
vt 0.712014 0.508380
vt 0.735052 0.487393
vt 0.712014 0.487393
vt 0.735052 0.466228
vt 0.712014 0.466228
vt 0.735052 0.445126
vt 0.712015 0.445126
vt 0.735052 0.424085
vt 0.712014 0.424085
vt 0.735052 0.403072
vt 0.712014 0.403073
vt 0.735052 0.382070
vt 0.712014 0.382070
vt 0.735053 0.361076
vt 0.712014 0.361076
vt 0.735052 0.340080
vt 0.712014 0.340080
vt 0.735052 0.319101
vt 0.712015 0.319101
vt 0.827568 0.298090
vt 0.827568 0.277109
vt 0.804102 0.298090
vt 0.804102 0.277108
vt 0.827568 0.256106
vt 0.804103 0.256106
vt 0.827568 0.235113
vt 0.804102 0.235113
vt 0.827568 0.214119
vt 0.804102 0.214119
vt 0.827568 0.193128
vt 0.804102 0.193128
vt 0.827568 0.172134
vt 0.804102 0.172134
vt 0.827568 0.151142
vt 0.804102 0.151142
vt 0.827568 0.130148
vt 0.804102 0.130148
vt 0.827567 0.550553
vt 0.827568 0.529456
vt 0.804102 0.550552
vt 0.804102 0.529456
vt 0.827568 0.508380
vt 0.804102 0.508380
vt 0.827568 0.487393
vt 0.804102 0.487393
vt 0.827568 0.466228
vt 0.804102 0.466228
vt 0.827568 0.445127
vt 0.804102 0.445126
vt 0.827568 0.424085
vt 0.804102 0.424085
vt 0.827568 0.403072
vt 0.804102 0.403072
vt 0.827568 0.382070
vt 0.804102 0.382070
vt 0.827568 0.361076
vt 0.804102 0.361076
vt 0.827568 0.340080
vt 0.804102 0.340080
vt 0.827568 0.319101
vt 0.804102 0.319101
vt 0.780355 0.298090
vt 0.780355 0.277108
vt 0.780355 0.256106
vt 0.780355 0.235113
vt 0.780355 0.214119
vt 0.780355 0.193128
vt 0.780355 0.172134
vt 0.780355 0.151142
vt 0.780355 0.130148
vt 0.780355 0.550552
vt 0.780355 0.529456
vt 0.780355 0.508380
vt 0.780355 0.487393
vt 0.780355 0.466228
vt 0.780355 0.445127
vt 0.780355 0.424085
vt 0.780355 0.403073
vt 0.780355 0.382070
vt 0.780355 0.361076
vt 0.780355 0.340080
vt 0.780355 0.319101
vt 0.757576 0.298090
vt 0.757576 0.277108
vt 0.757576 0.256106
vt 0.757576 0.235113
vt 0.757576 0.214119
vt 0.757576 0.193128
vt 0.757576 0.172134
vt 0.757576 0.151142
vt 0.757576 0.130148
vt 0.757576 0.550552
vt 0.757576 0.529456
vt 0.757576 0.508380
vt 0.757576 0.487393
vt 0.757576 0.466228
vt 0.757576 0.445126
vt 0.757576 0.424085
vt 0.757576 0.403073
vt 0.757576 0.382070
vt 0.757576 0.361076
vt 0.757576 0.340080
vt 0.757576 0.319101
vt 0.735053 0.277109
vt 0.735052 0.298090
vt 0.712014 0.277108
vt 0.712014 0.277108
vt 0.735052 0.298090
vt 0.712014 0.298090
vt 0.735052 0.256106
vt 0.735053 0.277109
vt 0.712015 0.256106
vt 0.712015 0.256106
vt 0.735053 0.277109
vt 0.712014 0.277108
vt 0.735053 0.235113
vt 0.735052 0.256106
vt 0.712014 0.235113
vt 0.712014 0.235113
vt 0.735052 0.256106
vt 0.712015 0.256106
vt 0.735052 0.214120
vt 0.735053 0.235113
vt 0.712014 0.214119
vt 0.712014 0.214119
vt 0.735053 0.235113
vt 0.712014 0.235113
vt 0.735052 0.193128
vt 0.735052 0.214120
vt 0.712014 0.193128
vt 0.712014 0.193128
vt 0.735052 0.214120
vt 0.712014 0.214119
vt 0.735052 0.172134
vt 0.735052 0.193128
vt 0.712014 0.172134
vt 0.712014 0.172134
vt 0.735052 0.193128
vt 0.712014 0.193128
vt 0.735052 0.151142
vt 0.735052 0.172134
vt 0.712014 0.151143
vt 0.712014 0.151143
vt 0.735052 0.172134
vt 0.712014 0.172134
vt 0.712014 0.151143
vt 0.712014 0.151143
vt 0.735052 0.151142
vt 0.735053 0.529456
vt 0.712015 0.529456
vt 0.712015 0.529456
vt 0.735052 0.508380
vt 0.735053 0.529456
vt 0.712014 0.508380
vt 0.712014 0.508380
vt 0.735053 0.529456
vt 0.712015 0.529456
vt 0.735052 0.487393
vt 0.735052 0.508380
vt 0.712014 0.487393
vt 0.712014 0.487393
vt 0.735052 0.508380
vt 0.712014 0.508380
vt 0.735052 0.466228
vt 0.735052 0.487393
vt 0.712014 0.466228
vt 0.712014 0.466228
vt 0.735052 0.487393
vt 0.712014 0.487393
vt 0.735052 0.445126
vt 0.735052 0.466228
vt 0.712015 0.445126
vt 0.712015 0.445126
vt 0.735052 0.466228
vt 0.712014 0.466228
vt 0.735052 0.424085
vt 0.735052 0.445126
vt 0.712014 0.424085
vt 0.712014 0.424085
vt 0.735052 0.445126
vt 0.712015 0.445126
vt 0.735052 0.403072
vt 0.735052 0.424085
vt 0.712014 0.403073
vt 0.712014 0.403073
vt 0.735052 0.424085
vt 0.712014 0.424085
vt 0.735052 0.382070
vt 0.735052 0.403072
vt 0.712014 0.382070
vt 0.712014 0.382070
vt 0.735052 0.403072
vt 0.712014 0.403073
vt 0.735053 0.361076
vt 0.735052 0.382070
vt 0.712014 0.361076
vt 0.712014 0.361076
vt 0.735052 0.382070
vt 0.712014 0.382070
vt 0.735052 0.340080
vt 0.735053 0.361076
vt 0.712014 0.340080
vt 0.712014 0.340080
vt 0.735053 0.361076
vt 0.712014 0.361076
vt 0.735052 0.319101
vt 0.735052 0.340080
vt 0.712015 0.319101
vt 0.712015 0.319101
vt 0.735052 0.340080
vt 0.712014 0.340080
vt 0.735052 0.298090
vt 0.735052 0.319101
vt 0.712014 0.298090
vt 0.712014 0.298090
vt 0.735052 0.319101
vt 0.712015 0.319101
vt 0.827568 0.277109
vt 0.827568 0.298090
vt 0.804102 0.277108
vt 0.804102 0.277108
vt 0.827568 0.298090
vt 0.804102 0.298090
vt 0.827568 0.256106
vt 0.827568 0.277109
vt 0.804103 0.256106
vt 0.804103 0.256106
vt 0.827568 0.277109
vt 0.804102 0.277108
vt 0.827568 0.235113
vt 0.827568 0.256106
vt 0.804102 0.235113
vt 0.804102 0.235113
vt 0.827568 0.256106
vt 0.804103 0.256106
vt 0.827568 0.214119
vt 0.827568 0.235113
vt 0.804102 0.214119
vt 0.804102 0.214119
vt 0.827568 0.235113
vt 0.804102 0.235113
vt 0.827568 0.193128
vt 0.827568 0.214119
vt 0.804102 0.193128
vt 0.804102 0.193128
vt 0.827568 0.214119
vt 0.804102 0.214119
vt 0.827568 0.172134
vt 0.827568 0.193128
vt 0.804102 0.172134
vt 0.804102 0.172134
vt 0.827568 0.193128
vt 0.804102 0.193128
vt 0.827568 0.151142
vt 0.827568 0.172134
vt 0.804102 0.151142
vt 0.804102 0.151142
vt 0.827568 0.172134
vt 0.804102 0.172134
vt 0.804102 0.151142
vt 0.804102 0.151142
vt 0.827568 0.151142
vt 0.827568 0.529456
vt 0.804102 0.529456
vt 0.804102 0.529456
vt 0.827568 0.508380
vt 0.827568 0.529456
vt 0.804102 0.508380
vt 0.804102 0.508380
vt 0.827568 0.529456
vt 0.804102 0.529456
vt 0.827568 0.487393
vt 0.827568 0.508380
vt 0.804102 0.487393
vt 0.804102 0.487393
vt 0.827568 0.508380
vt 0.804102 0.508380
vt 0.827568 0.466228
vt 0.827568 0.487393
vt 0.804102 0.466228
vt 0.804102 0.466228
vt 0.827568 0.487393
vt 0.804102 0.487393
vt 0.827568 0.445127
vt 0.827568 0.466228
vt 0.804102 0.445126
vt 0.804102 0.445126
vt 0.827568 0.466228
vt 0.804102 0.466228
vt 0.827568 0.424085
vt 0.827568 0.445127
vt 0.804102 0.424085
vt 0.804102 0.424085
vt 0.827568 0.445127
vt 0.804102 0.445126
vt 0.827568 0.403072
vt 0.827568 0.424085
vt 0.804102 0.403072
vt 0.804102 0.403072
vt 0.827568 0.424085
vt 0.804102 0.424085
vt 0.827568 0.382070
vt 0.827568 0.403072
vt 0.804102 0.382070
vt 0.804102 0.382070
vt 0.827568 0.403072
vt 0.804102 0.403072
vt 0.827568 0.361076
vt 0.827568 0.382070
vt 0.804102 0.361076
vt 0.804102 0.361076
vt 0.827568 0.382070
vt 0.804102 0.382070
vt 0.827568 0.340080
vt 0.827568 0.361076
vt 0.804102 0.340080
vt 0.804102 0.340080
vt 0.827568 0.361076
vt 0.804102 0.361076
vt 0.827568 0.319101
vt 0.827568 0.340080
vt 0.804102 0.319101
vt 0.804102 0.319101
vt 0.827568 0.340080
vt 0.804102 0.340080
vt 0.827568 0.298090
vt 0.827568 0.319101
vt 0.804102 0.298090
vt 0.804102 0.298090
vt 0.827568 0.319101
vt 0.804102 0.319101
vt 0.804102 0.277108
vt 0.804102 0.298090
vt 0.780355 0.277108
vt 0.780355 0.277108
vt 0.804102 0.298090
vt 0.780355 0.298090
vt 0.804103 0.256106
vt 0.804102 0.277108
vt 0.780355 0.256106
vt 0.780355 0.256106
vt 0.804102 0.277108
vt 0.780355 0.277108
vt 0.804102 0.235113
vt 0.804103 0.256106
vt 0.780355 0.235113
vt 0.780355 0.235113
vt 0.804103 0.256106
vt 0.780355 0.256106
vt 0.804102 0.214119
vt 0.804102 0.235113
vt 0.780355 0.214119
vt 0.780355 0.214119
vt 0.804102 0.235113
vt 0.780355 0.235113
vt 0.804102 0.193128
vt 0.804102 0.214119
vt 0.780355 0.193128
vt 0.780355 0.193128
vt 0.804102 0.214119
vt 0.780355 0.214119
vt 0.804102 0.172134
vt 0.804102 0.193128
vt 0.780355 0.172134
vt 0.780355 0.172134
vt 0.804102 0.193128
vt 0.780355 0.193128
vt 0.804102 0.151142
vt 0.804102 0.172134
vt 0.780355 0.151142
vt 0.780355 0.151142
vt 0.804102 0.172134
vt 0.780355 0.172134
vt 0.780355 0.151142
vt 0.780355 0.151142
vt 0.804102 0.151142
vt 0.804102 0.529456
vt 0.780355 0.529456
vt 0.780355 0.529456
vt 0.804102 0.508380
vt 0.804102 0.529456
vt 0.780355 0.508380
vt 0.780355 0.508380
vt 0.804102 0.529456
vt 0.780355 0.529456
vt 0.804102 0.487393
vt 0.804102 0.508380
vt 0.780355 0.487393
vt 0.780355 0.487393
vt 0.804102 0.508380
vt 0.780355 0.508380
vt 0.804102 0.466228
vt 0.804102 0.487393
vt 0.780355 0.466228
vt 0.780355 0.466228
vt 0.804102 0.487393
vt 0.780355 0.487393
vt 0.804102 0.445126
vt 0.804102 0.466228
vt 0.780355 0.445127
vt 0.780355 0.445127
vt 0.804102 0.466228
vt 0.780355 0.466228
vt 0.804102 0.424085
vt 0.804102 0.445126
vt 0.780355 0.424085
vt 0.780355 0.424085
vt 0.804102 0.445126
vt 0.780355 0.445127
vt 0.804102 0.403072
vt 0.804102 0.424085
vt 0.780355 0.403073
vt 0.780355 0.403073
vt 0.804102 0.424085
vt 0.780355 0.424085
vt 0.804102 0.382070
vt 0.804102 0.403072
vt 0.780355 0.382070
vt 0.780355 0.382070
vt 0.804102 0.403072
vt 0.780355 0.403073
vt 0.804102 0.361076
vt 0.804102 0.382070
vt 0.780355 0.361076
vt 0.780355 0.361076
vt 0.804102 0.382070
vt 0.780355 0.382070
vt 0.804102 0.340080
vt 0.804102 0.361076
vt 0.780355 0.340080
vt 0.780355 0.340080
vt 0.804102 0.361076
vt 0.780355 0.361076
vt 0.804102 0.319101
vt 0.804102 0.340080
vt 0.780355 0.319101
vt 0.780355 0.319101
vt 0.804102 0.340080
vt 0.780355 0.340080
vt 0.804102 0.298090
vt 0.804102 0.319101
vt 0.780355 0.298090
vt 0.780355 0.298090
vt 0.804102 0.319101
vt 0.780355 0.319101
vt 0.780355 0.277108
vt 0.780355 0.298090
vt 0.757576 0.277108
vt 0.757576 0.277108
vt 0.780355 0.298090
vt 0.757576 0.298090
vt 0.780355 0.256106
vt 0.780355 0.277108
vt 0.757576 0.256106
vt 0.757576 0.256106
vt 0.780355 0.277108
vt 0.757576 0.277108
vt 0.780355 0.235113
vt 0.780355 0.256106
vt 0.757576 0.235113
vt 0.757576 0.235113
vt 0.780355 0.256106
vt 0.757576 0.256106
vt 0.780355 0.214119
vt 0.780355 0.235113
vt 0.757576 0.214119
vt 0.757576 0.214119
vt 0.780355 0.235113
vt 0.757576 0.235113
vt 0.780355 0.193128
vt 0.780355 0.214119
vt 0.757576 0.193128
vt 0.757576 0.193128
vt 0.780355 0.214119
vt 0.757576 0.214119
vt 0.780355 0.172134
vt 0.780355 0.193128
vt 0.757576 0.172134
vt 0.757576 0.172134
vt 0.780355 0.193128
vt 0.757576 0.193128
vt 0.780355 0.151142
vt 0.780355 0.172134
vt 0.757576 0.151142
vt 0.757576 0.151142
vt 0.780355 0.172134
vt 0.757576 0.172134
vt 0.757576 0.151142
vt 0.757576 0.151142
vt 0.780355 0.151142
vt 0.780355 0.529456
vt 0.757576 0.529456
vt 0.757576 0.529456
vt 0.780355 0.508380
vt 0.780355 0.529456
vt 0.757576 0.508380
vt 0.757576 0.508380
vt 0.780355 0.529456
vt 0.757576 0.529456
vt 0.780355 0.487393
vt 0.780355 0.508380
vt 0.757576 0.487393
vt 0.757576 0.487393
vt 0.780355 0.508380
vt 0.757576 0.508380
vt 0.780355 0.466228
vt 0.780355 0.487393
vt 0.757576 0.466228
vt 0.757576 0.466228
vt 0.780355 0.487393
vt 0.757576 0.487393
vt 0.780355 0.445127
vt 0.780355 0.466228
vt 0.757576 0.445126
vt 0.757576 0.445126
vt 0.780355 0.466228
vt 0.757576 0.466228
vt 0.780355 0.424085
vt 0.780355 0.445127
vt 0.757576 0.424085
vt 0.757576 0.424085
vt 0.780355 0.445127
vt 0.757576 0.445126
vt 0.780355 0.403073
vt 0.780355 0.424085
vt 0.757576 0.403073
vt 0.757576 0.403073
vt 0.780355 0.424085
vt 0.757576 0.424085
vt 0.780355 0.382070
vt 0.780355 0.403073
vt 0.757576 0.382070
vt 0.757576 0.382070
vt 0.780355 0.403073
vt 0.757576 0.403073
vt 0.780355 0.361076
vt 0.780355 0.382070
vt 0.757576 0.361076
vt 0.757576 0.361076
vt 0.780355 0.382070
vt 0.757576 0.382070
vt 0.780355 0.340080
vt 0.780355 0.361076
vt 0.757576 0.340080
vt 0.757576 0.340080
vt 0.780355 0.361076
vt 0.757576 0.361076
vt 0.780355 0.319101
vt 0.780355 0.340080
vt 0.757576 0.319101
vt 0.757576 0.319101
vt 0.780355 0.340080
vt 0.757576 0.340080
vt 0.780355 0.298090
vt 0.780355 0.319101
vt 0.757576 0.298090
vt 0.757576 0.298090
vt 0.780355 0.319101
vt 0.757576 0.319101
vt 0.757576 0.277108
vt 0.757576 0.298090
vt 0.735053 0.277109
vt 0.735053 0.277109
vt 0.757576 0.298090
vt 0.735052 0.298090
vt 0.757576 0.256106
vt 0.757576 0.277108
vt 0.735052 0.256106
vt 0.735052 0.256106
vt 0.757576 0.277108
vt 0.735053 0.277109
vt 0.757576 0.235113
vt 0.757576 0.256106
vt 0.735053 0.235113
vt 0.735053 0.235113
vt 0.757576 0.256106
vt 0.735052 0.256106
vt 0.757576 0.214119
vt 0.757576 0.235113
vt 0.735052 0.214120
vt 0.735052 0.214120
vt 0.757576 0.235113
vt 0.735053 0.235113
vt 0.757576 0.193128
vt 0.757576 0.214119
vt 0.735052 0.193128
vt 0.735052 0.193128
vt 0.757576 0.214119
vt 0.735052 0.214120
vt 0.757576 0.172134
vt 0.757576 0.193128
vt 0.735052 0.172134
vt 0.735052 0.172134
vt 0.757576 0.193128
vt 0.735052 0.193128
vt 0.757576 0.151142
vt 0.757576 0.172134
vt 0.735052 0.151142
vt 0.735052 0.151142
vt 0.757576 0.172134
vt 0.735052 0.172134
vt 0.735052 0.151142
vt 0.735052 0.151142
vt 0.757576 0.151142
vt 0.757576 0.529456
vt 0.735053 0.529456
vt 0.735053 0.529456
vt 0.757576 0.508380
vt 0.757576 0.529456
vt 0.735052 0.508380
vt 0.735052 0.508380
vt 0.757576 0.529456
vt 0.735053 0.529456
vt 0.757576 0.487393
vt 0.757576 0.508380
vt 0.735052 0.487393
vt 0.735052 0.487393
vt 0.757576 0.508380
vt 0.735052 0.508380
vt 0.757576 0.466228
vt 0.757576 0.487393
vt 0.735052 0.466228
vt 0.735052 0.466228
vt 0.757576 0.487393
vt 0.735052 0.487393
vt 0.757576 0.445126
vt 0.757576 0.466228
vt 0.735052 0.445126
vt 0.735052 0.445126
vt 0.757576 0.466228
vt 0.735052 0.466228
vt 0.757576 0.424085
vt 0.757576 0.445126
vt 0.735052 0.424085
vt 0.735052 0.424085
vt 0.757576 0.445126
vt 0.735052 0.445126
vt 0.757576 0.403073
vt 0.757576 0.424085
vt 0.735052 0.403072
vt 0.735052 0.403072
vt 0.757576 0.424085
vt 0.735052 0.424085
vt 0.757576 0.382070
vt 0.757576 0.403073
vt 0.735052 0.382070
vt 0.735052 0.382070
vt 0.757576 0.403073
vt 0.735052 0.403072
vt 0.757576 0.361076
vt 0.757576 0.382070
vt 0.735053 0.361076
vt 0.735053 0.361076
vt 0.757576 0.382070
vt 0.735052 0.382070
vt 0.757576 0.340080
vt 0.757576 0.361076
vt 0.735052 0.340080
vt 0.735052 0.340080
vt 0.757576 0.361076
vt 0.735053 0.361076
vt 0.757576 0.319101
vt 0.757576 0.340080
vt 0.735052 0.319101
vt 0.735052 0.319101
vt 0.757576 0.340080
vt 0.735052 0.340080
vt 0.757576 0.298090
vt 0.757576 0.319101
vt 0.735052 0.298090
vt 0.735052 0.298090
vt 0.757576 0.319101
vt 0.735052 0.319101
vt 0.020858 0.623059
vt 0.020858 0.617773
vt 0.030157 0.623059
vt 0.030157 0.617773
vt 0.020858 0.613609
vt 0.030157 0.613608
vt 0.020858 0.608429
vt 0.030157 0.608428
vt 0.020858 0.602687
vt 0.030157 0.602687
vt 0.020858 0.596944
vt 0.030157 0.596944
vt 0.020858 0.591765
vt 0.030157 0.591765
vt 0.020857 0.587600
vt 0.030157 0.587600
vt 0.020858 0.582421
vt 0.030157 0.582421
vt 0.020857 0.576678
vt 0.030157 0.576678
vt 0.020858 0.570935
vt 0.030157 0.570935
vt 0.020858 0.565757
vt 0.030157 0.565756
vt 0.020858 0.561592
vt 0.030157 0.561592
vt 0.020857 0.556412
vt 0.030157 0.556412
vt 0.020858 0.550917
vt 0.030157 0.550917
vt 0.020858 0.654456
vt 0.020858 0.648961
vt 0.030157 0.654456
vt 0.030157 0.648961
vt 0.020858 0.643781
vt 0.030157 0.643781
vt 0.020858 0.639616
vt 0.030157 0.639616
vt 0.020858 0.634435
vt 0.030157 0.634436
vt 0.020858 0.628798
vt 0.030157 0.628799
vt 0.032937 0.623059
vt 0.032937 0.617773
vt 0.032937 0.613609
vt 0.032937 0.608428
vt 0.032937 0.602687
vt 0.032937 0.596944
vt 0.032937 0.591765
vt 0.032937 0.587600
vt 0.032937 0.582421
vt 0.032937 0.576678
vt 0.032937 0.570937
vt 0.032937 0.565756
vt 0.032937 0.561592
vt 0.032937 0.556412
vt 0.032937 0.550917
vt 0.032937 0.654456
vt 0.032937 0.648961
vt 0.032937 0.643781
vt 0.032937 0.639616
vt 0.032937 0.634438
vt 0.032937 0.628798
vt 0.040383 0.594905
vt 0.040383 0.599093
vt 0.036604 0.594906
vt 0.036604 0.599093
vt 0.040383 0.602416
vt 0.036604 0.602416
vt 0.040383 0.606604
vt 0.036604 0.606604
vt 0.040383 0.611245
vt 0.036604 0.611245
vt 0.040383 0.615887
vt 0.036604 0.615887
vt 0.040383 0.620074
vt 0.036604 0.620074
vt 0.040383 0.623398
vt 0.036604 0.623398
vt 0.040383 0.627584
vt 0.036604 0.627584
vt 0.040383 0.632227
vt 0.036604 0.632227
vt 0.040383 0.636869
vt 0.036604 0.636869
vt 0.040383 0.641056
vt 0.036604 0.641056
vt 0.040383 0.644380
vt 0.036604 0.644380
vt 0.040383 0.648567
vt 0.036604 0.648567
vt 0.040383 0.653209
vt 0.036604 0.653209
vt 0.040383 0.569281
vt 0.040383 0.573924
vt 0.036604 0.569281
vt 0.036604 0.573924
vt 0.040383 0.578110
vt 0.036604 0.578110
vt 0.040383 0.581434
vt 0.036604 0.581434
vt 0.040383 0.585622
vt 0.036604 0.585622
vt 0.040383 0.590263
vt 0.036604 0.590263
vt 0.055914 0.527035
vt 0.046646 0.539790
vt 0.051519 0.524795
vt 0.059402 0.530523
vt 0.061641 0.534918
vt 0.062413 0.539790
vt 0.061641 0.544662
vt 0.059402 0.549058
vt 0.055914 0.552545
vt 0.051519 0.554785
vt 0.046646 0.555556
vt 0.041774 0.554785
vt 0.037379 0.552545
vt 0.033891 0.549057
vt 0.031652 0.544662
vt 0.030880 0.539790
vt 0.031652 0.534918
vt 0.033891 0.530523
vt 0.037379 0.527036
vt 0.041774 0.524795
vt 0.046646 0.524023
vt 0.310929 0.962802
vt 0.302575 0.962803
vt 0.310921 0.909400
vt 0.302567 0.909401
vt 0.294221 0.962804
vt 0.294213 0.909402
vt 0.285867 0.962805
vt 0.285859 0.909403
vt 0.277512 0.962807
vt 0.277505 0.909404
vt 0.269158 0.962808
vt 0.269151 0.909406
vt 0.260805 0.962809
vt 0.260797 0.909407
vt 0.252451 0.962810
vt 0.252443 0.909408
vt 0.244097 0.962812
vt 0.244089 0.909409
vt 0.235743 0.962813
vt 0.235736 0.909411
vt 0.402822 0.962788
vt 0.394468 0.962790
vt 0.402815 0.909386
vt 0.394460 0.909387
vt 0.386115 0.962791
vt 0.386107 0.909389
vt 0.377760 0.962792
vt 0.377753 0.909389
vt 0.369406 0.962793
vt 0.369399 0.909391
vt 0.361053 0.962794
vt 0.361044 0.909392
vt 0.352698 0.962796
vt 0.352691 0.909393
vt 0.344345 0.962797
vt 0.344337 0.909395
vt 0.335990 0.962798
vt 0.335983 0.909396
vt 0.327637 0.962799
vt 0.327629 0.909397
vt 0.319283 0.962801
vt 0.319275 0.909398
vt 0.480253 0.779478
vt 0.487824 0.781938
vt 0.476273 0.804607
vt 0.472293 0.779478
vt 0.464722 0.781938
vt 0.458282 0.786617
vt 0.453603 0.793057
vt 0.451144 0.800627
vt 0.451143 0.808587
vt 0.453603 0.816158
vt 0.458282 0.822598
vt 0.464722 0.827277
vt 0.472293 0.829737
vt 0.480253 0.829737
vt 0.487824 0.827277
vt 0.494264 0.822598
vt 0.498943 0.816158
vt 0.501403 0.808587
vt 0.501403 0.800627
vt 0.498943 0.793057
vt 0.494264 0.786617
vt 0.498943 0.793057
vt 0.501403 0.800627
vt 0.476273 0.804607
vt 0.501403 0.800627
vt 0.501403 0.808587
vt 0.476273 0.804607
vt 0.501403 0.808587
vt 0.498943 0.816158
vt 0.476273 0.804607
vt 0.498943 0.816158
vt 0.494264 0.822598
vt 0.476273 0.804607
vt 0.494264 0.822598
vt 0.487824 0.827277
vt 0.476273 0.804607
vt 0.487824 0.827277
vt 0.480253 0.829737
vt 0.476273 0.804607
vt 0.480253 0.829737
vt 0.472293 0.829737
vt 0.476273 0.804607
vt 0.472293 0.829737
vt 0.464722 0.827277
vt 0.476273 0.804607
vt 0.464722 0.827277
vt 0.458282 0.822598
vt 0.476273 0.804607
vt 0.458282 0.822598
vt 0.453603 0.816158
vt 0.476273 0.804607
vt 0.453603 0.816158
vt 0.451143 0.808587
vt 0.476273 0.804607
vt 0.451143 0.808587
vt 0.451144 0.800627
vt 0.476273 0.804607
vt 0.451144 0.800627
vt 0.453603 0.793057
vt 0.476273 0.804607
vt 0.453603 0.793057
vt 0.458282 0.786617
vt 0.476273 0.804607
vt 0.458282 0.786617
vt 0.464722 0.781938
vt 0.476273 0.804607
vt 0.464722 0.781938
vt 0.472293 0.779478
vt 0.476273 0.804607
vt 0.472293 0.779478
vt 0.480253 0.779478
vt 0.476273 0.804607
vt 0.480253 0.779478
vt 0.487824 0.781938
vt 0.476273 0.804607
vt 0.487824 0.781938
vt 0.494264 0.786617
vt 0.476273 0.804607
vt 0.494264 0.786617
vt 0.498943 0.793057
vt 0.476273 0.804607
vt 0.613114 0.004119
vt 0.613114 0.024600
vt 0.483738 0.004120
vt 0.483738 0.024600
vt 0.483738 0.051330
vt 0.483738 0.030849
vt 0.613114 0.051330
vt 0.613114 0.030849
vt 0.483739 0.057579
vt 0.613115 0.057579
vt 0.950048 0.957147
vt 0.950047 0.950345
vt 0.993527 0.957144
vt 0.993527 0.950342
vt 0.950047 0.943543
vt 0.993527 0.943540
vt 0.950046 0.936741
vt 0.993526 0.936739
vt 0.950046 0.929940
vt 0.993526 0.929937
vt 0.950045 0.923138
vt 0.993525 0.923135
vt 0.950045 0.916336
vt 0.993525 0.916333
vt 0.950045 0.909534
vt 0.993524 0.909532
vt 0.950044 0.902733
vt 0.993524 0.902730
vt 0.950044 0.895931
vt 0.993524 0.895928
vt 0.950043 0.889130
vt 0.993523 0.889126
vt 0.950043 0.882327
vt 0.993523 0.882325
vt 0.950042 0.875526
vt 0.993522 0.875523
vt 0.950042 0.868724
vt 0.993522 0.868721
vt 0.950042 0.861922
vt 0.993521 0.861919
vt 0.950041 0.855120
vt 0.993521 0.855117
vt 0.950040 0.848319
vt 0.993521 0.848316
vt 0.950040 0.841517
vt 0.993520 0.841514
vt 0.950040 0.834715
vt 0.993520 0.834712
vt 0.950039 0.827914
vt 0.993519 0.827911
vt 0.950048 0.963948
vt 0.993528 0.963946
vt 0.088580 0.552104
vt 0.100054 0.555832
vt 0.082547 0.590192
vt 0.076515 0.552104
vt 0.065040 0.555832
vt 0.055279 0.562924
vt 0.048188 0.572684
vt 0.044459 0.584159
vt 0.044459 0.596224
vt 0.048188 0.607699
vt 0.055279 0.617460
vt 0.065040 0.624552
vt 0.076515 0.628279
vt 0.088580 0.628279
vt 0.100054 0.624552
vt 0.109815 0.617460
vt 0.116907 0.607699
vt 0.120635 0.596224
vt 0.120635 0.584159
vt 0.116907 0.572684
vt 0.109815 0.562924
vt 0.116907 0.572684
vt 0.120635 0.584159
vt 0.082547 0.590192
vt 0.120635 0.596224
vt 0.116907 0.607699
vt 0.109815 0.617460
vt 0.100054 0.624552
vt 0.100054 0.624552
vt 0.088579 0.628279
vt 0.076515 0.628279
vt 0.076515 0.628279
vt 0.065040 0.624552
vt 0.055279 0.617460
vt 0.048188 0.607699
vt 0.044459 0.596224
vt 0.044459 0.584159
vt 0.048188 0.572684
vt 0.048188 0.572684
vt 0.055279 0.562924
vt 0.065040 0.555832
vt 0.076515 0.552104
vt 0.076515 0.552104
vt 0.088579 0.552104
vt 0.100054 0.555832
vt 0.109815 0.562924
vt 0.034903 0.919092
vt 0.034516 0.912673
vt 0.045047 0.919059
vt 0.044869 0.912630
vt 0.055179 0.919051
vt 0.055191 0.912621
vt 0.065309 0.919064
vt 0.065509 0.912638
vt 0.075449 0.919103
vt 0.075853 0.912684
vt 0.085612 0.919179
vt 0.086246 0.912780
vt 0.095827 0.919330
vt 0.096692 0.912946
vt 0.106140 0.919622
vt 0.107160 0.913192
vt 0.004144 0.919603
vt 0.003193 0.913179
vt 0.014500 0.919310
vt 0.013650 0.912936
vt 0.024732 0.919165
vt 0.024109 0.912766
vt 0.035538 0.928381
vt 0.045331 0.928368
vt 0.055176 0.928362
vt 0.065021 0.928366
vt 0.074812 0.928373
vt 0.084490 0.928387
vt 0.093976 0.928400
vt 0.103177 0.928398
vt 0.007191 0.928439
vt 0.016376 0.928428
vt 0.025860 0.928403
vt 0.034615 0.938210
vt 0.044904 0.938223
vt 0.055180 0.938229
vt 0.065458 0.938229
vt 0.075747 0.938221
vt 0.086063 0.938196
vt 0.096421 0.938152
vt 0.106843 0.938067
vt 0.003536 0.938046
vt 0.013951 0.938133
vt 0.024304 0.938182
vt 0.034150 0.995205
vt 0.044623 0.995215
vt 0.055095 0.995219
vt 0.065566 0.995219
vt 0.076040 0.995212
vt 0.086512 0.995201
vt 0.096980 0.995184
vt 0.107445 0.995167
vt 0.002739 0.995146
vt 0.013207 0.995170
vt 0.023678 0.995190
vt 0.154378 0.938769
vt 0.148199 0.953785
vt 0.140024 0.938110
vt 0.143848 0.953889
vt 0.151779 0.956258
vt 0.165602 0.947742
vt 0.153221 0.960360
vt 0.169409 0.961599
vt 0.151978 0.964529
vt 0.164346 0.975049
vt 0.148522 0.967171
vt 0.152344 0.982947
vt 0.144175 0.967276
vt 0.137989 0.982288
vt 0.140594 0.964802
vt 0.126767 0.973315
vt 0.139151 0.960699
vt 0.122959 0.959462
vt 0.140394 0.956531
vt 0.128025 0.946016
vt 0.146187 0.960532
vt 0.172776 0.938882
vt 0.154971 0.927387
vt 0.180422 0.958651
vt 0.174988 0.979136
vt 0.158550 0.992512
vt 0.137390 0.993677
vt 0.119590 0.982182
vt 0.111945 0.962416
vt 0.117375 0.941935
vt 0.133808 0.928552
vt 0.523325 0.711530
vt 0.516114 0.733841
vt 0.514843 0.710239
vt 0.508446 0.729993
vt 0.523288 0.688082
vt 0.514823 0.689475
vt 0.516008 0.665794
vt 0.508387 0.669734
vt 0.502196 0.646845
vt 0.496166 0.652948
vt 0.483205 0.633093
vt 0.479356 0.640760
vt 0.460893 0.625882
vt 0.459602 0.634363
vt 0.437446 0.625918
vt 0.438838 0.634383
vt 0.415157 0.633199
vt 0.419097 0.640819
vt 0.396209 0.647011
vt 0.402312 0.653040
vt 0.382456 0.666002
vt 0.390123 0.669850
vt 0.375245 0.688313
vt 0.383726 0.689604
vt 0.375282 0.711761
vt 0.383747 0.710368
vt 0.382562 0.734050
vt 0.390182 0.730109
vt 0.396374 0.752998
vt 0.402404 0.746895
vt 0.415365 0.766750
vt 0.419214 0.759083
vt 0.437676 0.773961
vt 0.438967 0.765480
vt 0.461124 0.773925
vt 0.459731 0.765460
vt 0.483413 0.766644
vt 0.479472 0.759024
vt 0.502361 0.752832
vt 0.496258 0.746803
vt 0.380792 0.827605
vt 0.440238 0.797316
vt 0.446688 0.817169
vt 0.449285 0.699921
vt 0.446688 0.838042
vt 0.440238 0.857894
vt 0.427969 0.874782
vt 0.411081 0.887051
vt 0.391229 0.893502
vt 0.370355 0.893502
vt 0.350502 0.887051
vt 0.333615 0.874782
vt 0.321346 0.857895
vt 0.314896 0.838042
vt 0.314896 0.817168
vt 0.321346 0.797316
vt 0.333615 0.780429
vt 0.350503 0.768159
vt 0.370355 0.761709
vt 0.391229 0.761709
vt 0.411081 0.768159
vt 0.427968 0.780429
vt 0.854147 0.514294
vt 0.843452 0.514294
vt 0.854800 0.003685
vt 0.843091 0.003685
vt 0.834025 0.514294
vt 0.833964 0.003685
vt 0.949827 0.514294
vt 0.938276 0.514294
vt 0.950034 0.003685
vt 0.938124 0.003685
vt 0.926659 0.514294
vt 0.926259 0.003685
vt 0.913801 0.514294
vt 0.914240 0.003685
vt 0.903101 0.514294
vt 0.902556 0.003685
vt 0.890243 0.514294
vt 0.890515 0.003685
vt 0.878622 0.514294
vt 0.878689 0.003685
vt 0.867009 0.514294
vt 0.866825 0.003685
vt 0.923364 0.517448
vt 0.929954 0.517448
vt 0.923364 0.523907
vt 0.929954 0.523907
vt 0.916773 0.517448
vt 0.916773 0.523907
vt 0.910829 0.517448
vt 0.910829 0.523907
vt 0.906075 0.517448
vt 0.906075 0.523907
vt 0.900126 0.517448
vt 0.900126 0.523907
vt 0.893538 0.517448
vt 0.893538 0.523907
vt 0.886947 0.517448
vt 0.886947 0.523907
vt 0.880997 0.517448
vt 0.880997 0.523907
vt 0.876247 0.517448
vt 0.876247 0.523907
vt 0.870305 0.517448
vt 0.870305 0.523907
vt 0.863713 0.517448
vt 0.863713 0.523907
vt 0.857120 0.517448
vt 0.857120 0.523907
vt 0.851174 0.517448
vt 0.851174 0.523907
vt 0.846425 0.517448
vt 0.846425 0.523907
vt 0.840479 0.517448
vt 0.840479 0.523907
vt 0.834025 0.517448
vt 0.834025 0.523907
vt 0.946599 0.517448
vt 0.953054 0.517448
vt 0.946599 0.523907
vt 0.953054 0.523907
vt 0.940651 0.517448
vt 0.940651 0.523907
vt 0.935900 0.517448
vt 0.935900 0.523907
vt 0.682160 0.243038
vt 0.682159 0.252483
vt 0.676687 0.243038
vt 0.676687 0.252483
vt 0.682160 0.261924
vt 0.676687 0.261924
vt 0.682160 0.271384
vt 0.676687 0.271384
vt 0.682160 0.280821
vt 0.676687 0.280821
vt 0.682159 0.290274
vt 0.676687 0.290274
vt 0.682160 0.299716
vt 0.676687 0.299716
vt 0.682160 0.309086
vt 0.676687 0.309086
vt 0.682160 0.318302
vt 0.676687 0.318302
vt 0.682159 0.327465
vt 0.676687 0.327466
vt 0.682165 0.139669
vt 0.682160 0.148832
vt 0.676687 0.139666
vt 0.676687 0.148832
vt 0.682160 0.158050
vt 0.676687 0.158051
vt 0.682159 0.167418
vt 0.676687 0.167418
vt 0.682160 0.176850
vt 0.676687 0.176850
vt 0.682160 0.186296
vt 0.676687 0.186296
vt 0.682160 0.195731
vt 0.676687 0.195731
vt 0.682160 0.205185
vt 0.676687 0.205184
vt 0.682160 0.214625
vt 0.676687 0.214625
vt 0.682160 0.224069
vt 0.676687 0.224069
vt 0.682159 0.233553
vt 0.676687 0.233553
vt 0.958033 0.338820
vt 0.958033 0.302086
vt 0.960022 0.338820
vt 0.960022 0.302086
vt 0.958033 0.272608
vt 0.960022 0.272608
vt 0.958033 0.235449
vt 0.960022 0.235449
vt 0.958033 0.194256
vt 0.960022 0.194256
vt 0.958033 0.153059
vt 0.960022 0.153059
vt 0.958033 0.115674
vt 0.960022 0.115674
vt 0.958033 0.085854
vt 0.960022 0.085854
vt 0.958033 0.048780
vt 0.960022 0.048780
vt 0.958033 0.007960
vt 0.960022 0.007960
vt 0.958033 0.752054
vt 0.958033 0.711237
vt 0.960022 0.752054
vt 0.960022 0.711237
vt 0.958033 0.674511
vt 0.960022 0.674511
vt 0.958033 0.645032
vt 0.960022 0.645032
vt 0.958033 0.607876
vt 0.960022 0.607876
vt 0.958033 0.566685
vt 0.960022 0.566685
vt 0.958033 0.525490
vt 0.960022 0.525490
vt 0.958033 0.488107
vt 0.960022 0.488107
vt 0.958033 0.458291
vt 0.960022 0.458291
vt 0.958033 0.421215
vt 0.960022 0.421215
vt 0.958033 0.380016
vt 0.960022 0.380016
vt 0.538577 0.883940
vt 0.548694 0.903796
vt 0.480954 0.925806
vt 0.522819 0.868183
vt 0.502963 0.858066
vt 0.480954 0.854580
vt 0.458943 0.858066
vt 0.439088 0.868183
vt 0.423330 0.883940
vt 0.413213 0.903796
vt 0.409727 0.925806
vt 0.413213 0.947817
vt 0.423330 0.967672
vt 0.439088 0.983430
vt 0.458943 0.993546
vt 0.480954 0.997033
vt 0.502963 0.993546
vt 0.522819 0.983430
vt 0.538577 0.967672
vt 0.548693 0.947817
vt 0.552180 0.925806
vt 0.964996 0.338820
vt 0.964996 0.302086
vt 0.964996 0.272608
vt 0.964996 0.235449
vt 0.964996 0.194256
vt 0.964996 0.153059
vt 0.964996 0.115674
vt 0.964996 0.085854
vt 0.964996 0.048780
vt 0.964996 0.007960
vt 0.964996 0.752054
vt 0.964996 0.711237
vt 0.964996 0.674511
vt 0.964996 0.645032
vt 0.964996 0.607876
vt 0.964996 0.566685
vt 0.964996 0.525490
vt 0.964996 0.488107
vt 0.964996 0.458291
vt 0.964996 0.421215
vt 0.964996 0.380016
vt 0.691728 0.452908
vt 0.691728 0.417851
vt 0.704556 0.452908
vt 0.704556 0.417851
vt 0.691728 0.382777
vt 0.704556 0.382777
vt 0.691728 0.347722
vt 0.704556 0.347722
vt 0.691728 0.312671
vt 0.704556 0.312671
vt 0.691728 0.277629
vt 0.704556 0.277629
vt 0.691728 0.242580
vt 0.704556 0.242580
vt 0.691728 0.207512
vt 0.704556 0.207512
vt 0.691728 0.172428
vt 0.704556 0.172428
vt 0.691728 0.137112
vt 0.704556 0.137112
vt 0.400422 0.014752
vt 0.356824 0.014752
vt 0.400422 0.000671
vt 0.356824 0.000671
vt 0.313558 0.014752
vt 0.313558 0.000671
vt 0.270255 0.014752
vt 0.270254 0.000671
vt 0.226984 0.014752
vt 0.226984 0.000671
vt 0.183694 0.014752
vt 0.183695 0.000671
vt 0.140422 0.014752
vt 0.140422 0.000671
vt 0.097119 0.014752
vt 0.097119 0.000671
vt 0.053856 0.014752
vt 0.053856 0.000671
vt 0.010255 0.014752
vt 0.010255 0.000671
vt 0.691728 0.523293
vt 0.691728 0.487989
vt 0.704556 0.523293
vt 0.704556 0.487989
vt 0.313423 0.815369
vt 0.291824 0.858360
vt 0.290647 0.830892
vt 0.257997 0.892569
vt 0.230450 0.891737
vt 0.215256 0.914649
vt 0.167787 0.922439
vt 0.145993 0.905573
vt 0.120236 0.915179
vt 0.077258 0.893582
vt 0.069540 0.867129
vt 0.043058 0.859765
vt 0.020981 0.817036
vt 0.030283 0.791098
vt 0.013185 0.769579
vt 0.020434 0.722034
vt 0.043205 0.706513
vt 0.042017 0.679055
vt 0.075825 0.644846
vt 0.103373 0.645670
vt 0.118551 0.622756
vt 0.166014 0.614949
vt 0.187820 0.631807
vt 0.213569 0.622191
vt 0.256562 0.643776
vt 0.264295 0.670233
vt 0.290781 0.677592
vt 0.312874 0.720330
vt 0.303576 0.746280
vt 0.320676 0.767806
vt 0.221309 0.785960
vt 0.213312 0.801919
vt 0.216466 0.784444
vt 0.209174 0.798980
vt 0.200774 0.814626
vt 0.197747 0.810552
vt 0.184923 0.822835
vt 0.183303 0.818026
vt 0.167311 0.825745
vt 0.167257 0.820670
vt 0.149663 0.823070
vt 0.151180 0.818226
vt 0.133705 0.815072
vt 0.136645 0.810935
vt 0.121000 0.802536
vt 0.125074 0.799509
vt 0.112791 0.786687
vt 0.117600 0.785067
vt 0.109880 0.769077
vt 0.114955 0.769022
vt 0.112554 0.751430
vt 0.117397 0.752946
vt 0.120549 0.735472
vt 0.124688 0.738410
vt 0.133085 0.722766
vt 0.136113 0.726839
vt 0.148933 0.714555
vt 0.150555 0.719364
vt 0.166544 0.711643
vt 0.166600 0.716718
vt 0.184193 0.714315
vt 0.182678 0.719158
vt 0.200153 0.722310
vt 0.197215 0.726449
vt 0.212861 0.734847
vt 0.208788 0.737875
vt 0.221072 0.750698
vt 0.216263 0.752319
vt 0.223984 0.768310
vt 0.218909 0.768365
vt 0.207942 0.781716
vt 0.201911 0.793752
vt 0.192455 0.803335
vt 0.180501 0.809527
vt 0.167218 0.811721
vt 0.153908 0.809703
vt 0.141874 0.803672
vt 0.132291 0.794217
vt 0.126099 0.782263
vt 0.123905 0.768982
vt 0.125921 0.755672
vt 0.131952 0.743637
vt 0.141407 0.734054
vt 0.153360 0.727862
vt 0.166642 0.725667
vt 0.179952 0.727683
vt 0.191989 0.733714
vt 0.201573 0.743169
vt 0.207764 0.755123
vt 0.209960 0.768405
vt 0.202575 0.780048
vt 0.197322 0.790507
vt 0.189093 0.798830
vt 0.178696 0.804204
vt 0.167147 0.806101
vt 0.155577 0.804336
vt 0.145119 0.799083
vt 0.136796 0.790855
vt 0.131422 0.780458
vt 0.129524 0.768910
vt 0.131288 0.757339
vt 0.136542 0.746881
vt 0.144770 0.738558
vt 0.155167 0.733185
vt 0.166715 0.731287
vt 0.178286 0.733050
vt 0.188745 0.738303
vt 0.197069 0.746531
vt 0.202442 0.756929
vt 0.204339 0.768478
vt 0.673693 0.126932
vt 0.652766 0.126932
vt 0.673693 0.004306
vt 0.652766 0.004306
vt 0.694617 0.004306
vt 0.694617 0.126932
vt 0.715584 0.004306
vt 0.715584 0.126932
vt 0.736640 0.126932
vt 0.736640 0.004306
vt 0.757545 0.004306
vt 0.757545 0.126932
vt 0.778452 0.004306
vt 0.778452 0.126932
vt 0.799367 0.004306
vt 0.799367 0.126932
vt 0.820240 0.004305
vt 0.820240 0.126932
vt 0.616242 0.004306
vt 0.631840 0.004306
vt 0.616241 0.126932
vt 0.631840 0.126932
vt 0.683266 0.191014
vt 0.683266 0.172134
vt 0.171725 0.736620
vt 0.151957 0.739928
vt 0.189663 0.745563
vt 0.683265 0.209904
vt 0.198910 0.763390
vt 0.683266 0.228811
vt 0.683266 0.247760
vt 0.195868 0.783335
vt 0.181736 0.797548
vt 0.683266 0.266654
vt 0.161949 0.800738
vt 0.683266 0.285547
vt 0.144065 0.791689
vt 0.683266 0.304401
vt 0.134908 0.773905
vt 0.683266 0.322885
vt 0.137909 0.754223
vt 0.683266 0.153441
vt 0.683261 0.139663
vt 0.661087 0.246947
vt 0.661088 0.265849
vt 0.661088 0.284743
vt 0.661161 0.303837
vt 0.660605 0.321830
vt 0.660124 0.141316
vt 0.660864 0.153254
vt 0.661061 0.171430
vt 0.661085 0.190223
vt 0.661087 0.209101
vt 0.661088 0.228014
vt 0.180699 0.678400
vt 0.185428 0.647657
vt 0.231144 0.703739
vt 0.253042 0.681649
vt 0.110753 0.659899
vt 0.124997 0.687552
vt 0.057538 0.713690
vt 0.085314 0.727692
vt 0.046098 0.788482
vt 0.076800 0.783490
vt 0.080799 0.855719
vt 0.102707 0.833637
vt 0.148396 0.889724
vt 0.153143 0.858984
vt 0.223078 0.877503
vt 0.208849 0.849844
vt 0.276316 0.823712
vt 0.248545 0.809703
vt 0.287762 0.748898
vt 0.257062 0.753893
vt 0.615435 0.423848
vt 0.597378 0.468753
vt 0.568300 0.388125
vt 0.538341 0.461576
vt 0.572487 0.510366
vt 0.487256 0.522238
vt 0.540907 0.547212
vt 0.504407 0.579150
vt 0.419786 0.564064
vt 0.463023 0.604421
vt 0.418451 0.623491
vt 0.342682 0.582975
vt 0.371299 0.634724
vt 0.323027 0.639077
vt 0.263515 0.577127
vt 0.274721 0.635185
vt 0.227476 0.624405
vt 0.190038 0.547101
vt 0.182744 0.605775
vt 0.141149 0.580924
vt 0.129443 0.495841
vt 0.104368 0.549385
vt 0.072493 0.512899
vt 0.087658 0.428370
vt 0.047262 0.471541
vt 0.028224 0.426994
vt 0.068770 0.351296
vt 0.017010 0.379866
vt 0.012671 0.331619
vt 0.074625 0.272163
vt 0.016569 0.283336
vt 0.027351 0.236114
vt 0.104645 0.198718
vt 0.045979 0.191401
vt 0.070824 0.149825
vt 0.155888 0.138149
vt 0.102355 0.113060
vt 0.138830 0.081198
vt 0.223334 0.096383
vt 0.180176 0.055978
vt 0.224708 0.036949
vt 0.300379 0.077505
vt 0.271820 0.025741
vt 0.320050 0.021404
vt 0.379480 0.083358
vt 0.368315 0.025302
vt 0.415520 0.036080
vt 0.452892 0.113365
vt 0.460214 0.054700
vt 0.501773 0.079534
vt 0.513432 0.164582
vt 0.538521 0.111048
vt 0.570368 0.147502
vt 0.555180 0.231990
vt 0.595576 0.188820
vt 0.614598 0.233318
vt 0.574095 0.308992
vt 0.625811 0.280388
vt 0.630142 0.328568
vt 0.626183 0.376741
vt 0.464266 0.363785
vt 0.446911 0.406288
vt 0.433294 0.356524
vt 0.419743 0.389831
vt 0.396530 0.417285
vt 0.417305 0.441353
vt 0.365978 0.436225
vt 0.378302 0.465533
vt 0.331061 0.444788
vt 0.333722 0.476463
vt 0.295201 0.442135
vt 0.287938 0.473076
vt 0.261911 0.428528
vt 0.245437 0.455704
vt 0.234453 0.405300
vt 0.210385 0.426051
vt 0.215516 0.374724
vt 0.186211 0.387019
vt 0.206953 0.339797
vt 0.175282 0.342430
vt 0.209601 0.303935
vt 0.178666 0.296650
vt 0.223199 0.270651
vt 0.196028 0.254161
vt 0.246415 0.243200
vt 0.225667 0.219120
vt 0.276974 0.224270
vt 0.264681 0.194956
vt 0.311885 0.215713
vt 0.309249 0.184034
vt 0.347729 0.218363
vt 0.355005 0.187418
vt 0.380998 0.231963
vt 0.397474 0.204779
vt 0.408437 0.255181
vt 0.432499 0.234415
vt 0.427365 0.285745
vt 0.456655 0.273428
vt 0.435939 0.320668
vt 0.467588 0.318011
vt 0.497241 0.371512
vt 0.501280 0.315163
vt 0.531170 0.379463
vt 0.535992 0.312211
vt 0.475853 0.423817
vt 0.505664 0.441856
vt 0.439435 0.466979
vt 0.462238 0.493358
vt 0.391429 0.496739
vt 0.404953 0.528868
vt 0.336555 0.510192
vt 0.339474 0.544921
vt 0.280201 0.506023
vt 0.272234 0.539949
vt 0.227893 0.484642
vt 0.209826 0.514441
vt 0.184753 0.448146
vt 0.158358 0.470898
vt 0.155004 0.400107
vt 0.122868 0.413587
vt 0.141556 0.345231
vt 0.106827 0.348118
vt 0.145723 0.288891
vt 0.111801 0.280902
vt 0.167095 0.236600
vt 0.137301 0.218518
vt 0.203577 0.193477
vt 0.180827 0.167072
vt 0.251594 0.163741
vt 0.238115 0.131598
vt 0.306445 0.150300
vt 0.303557 0.115565
vt 0.362759 0.154468
vt 0.370743 0.120539
vt 0.415024 0.175834
vt 0.433097 0.146029
vt 0.458125 0.212304
vt 0.484518 0.189537
vt 0.487848 0.260310
vt 0.519975 0.246800
vt 0.406979 0.365195
vt 0.370134 0.408810
vt 0.314682 0.422413
vt 0.261811 0.400805
vt 0.231731 0.352246
vt 0.235931 0.295287
vt 0.272799 0.251685
vt 0.328245 0.238089
vt 0.381089 0.259688
vt 0.411167 0.308236
vt 0.372007 0.350919
vt 0.346780 0.345630
vt 0.350241 0.337036
vt 0.340780 0.352690
vt 0.350214 0.376693
vt 0.332903 0.357561
vt 0.323907 0.359760
vt 0.317437 0.384726
vt 0.314672 0.359071
vt 0.306101 0.355560
vt 0.286193 0.371949
vt 0.299032 0.349573
vt 0.294159 0.341694
vt 0.268419 0.343243
vt 0.291958 0.332696
vt 0.292644 0.323459
vt 0.270907 0.309577
vt 0.296151 0.314887
vt 0.302134 0.307819
vt 0.292702 0.283808
vt 0.310008 0.302947
vt 0.319001 0.300747
vt 0.325475 0.275778
vt 0.328234 0.301436
vt 0.336803 0.304945
vt 0.356709 0.288552
vt 0.343868 0.310931
vt 0.348739 0.318807
vt 0.374477 0.317255
vt 0.350939 0.327803
vt 0.389691 0.358139
vt 0.393016 0.312703
vt 0.360276 0.392931
vt 0.316037 0.403776
vt 0.273863 0.386530
vt 0.249872 0.347787
vt 0.253230 0.302347
vt 0.282647 0.267567
vt 0.326882 0.256728
vt 0.369039 0.273967
vt 0.930308 0.679241
vt 0.943433 0.710883
vt 0.897421 0.679306
vt 0.920116 0.734095
vt 0.912424 0.650024
vt 0.890164 0.623986
vt 0.858906 0.634211
vt 0.864126 0.601726
vt 0.834909 0.583842
vt 0.808341 0.603225
vt 0.803267 0.570717
vt 0.769954 0.562736
vt 0.750676 0.589381
vt 0.735805 0.560032
vt 0.701656 0.562736
vt 0.691555 0.594034
vt 0.668342 0.570717
vt 0.636700 0.583842
vt 0.636765 0.616729
vt 0.607483 0.601726
vt 0.581445 0.623986
vt 0.591670 0.655244
vt 0.559186 0.650024
vt 0.541301 0.679241
vt 0.560684 0.705809
vt 0.528176 0.710883
vt 0.520195 0.744196
vt 0.546840 0.763474
vt 0.517491 0.778345
vt 0.520195 0.812494
vt 0.551493 0.822595
vt 0.528176 0.845808
vt 0.541301 0.877450
vt 0.574188 0.877384
vt 0.559186 0.906667
vt 0.581446 0.932704
vt 0.612703 0.922479
vt 0.607483 0.954965
vt 0.636700 0.972849
vt 0.663268 0.953465
vt 0.668342 0.985974
vt 0.701656 0.993954
vt 0.720933 0.967309
vt 0.735805 0.996658
vt 0.769954 0.993954
vt 0.780054 0.962656
vt 0.803267 0.985974
vt 0.834909 0.972849
vt 0.834844 0.939962
vt 0.864126 0.954965
vt 0.890163 0.932704
vt 0.879939 0.901447
vt 0.912424 0.906667
vt 0.930308 0.877450
vt 0.910925 0.850882
vt 0.943433 0.845808
vt 0.951414 0.812494
vt 0.924769 0.793216
vt 0.954118 0.778345
vt 0.951414 0.744196
vt 0.823858 0.703140
vt 0.851246 0.769259
vt 0.805184 0.719089
vt 0.826764 0.771186
vt 0.762837 0.665746
vt 0.757104 0.689626
vt 0.691490 0.671361
vt 0.700888 0.694050
vt 0.637070 0.717841
vt 0.658009 0.730672
vt 0.620363 0.787431
vt 0.644845 0.785504
vt 0.647751 0.853551
vt 0.666425 0.837601
vt 0.708772 0.890944
vt 0.714505 0.867065
vt 0.780119 0.885329
vt 0.770721 0.862640
vt 0.834539 0.838849
vt 0.813600 0.826018
vt 0.900557 0.765378
vt 0.876902 0.767240
vt 0.843428 0.686426
vt 0.861470 0.671016
vt 0.768845 0.640722
vt 0.774383 0.617650
vt 0.681642 0.647585
vt 0.672561 0.625664
vt 0.615127 0.704394
vt 0.594896 0.691997
vt 0.594707 0.789450
vt 0.571053 0.791312
vt 0.628182 0.870264
vt 0.610139 0.885674
vt 0.702765 0.915969
vt 0.697226 0.939041
vt 0.789968 0.909105
vt 0.799048 0.931027
vt 0.856482 0.852296
vt 0.876714 0.864694
vt 0.804321 0.749964
vt 0.774554 0.715112
vt 0.729986 0.704412
vt 0.687640 0.721952
vt 0.663692 0.761033
vt 0.667288 0.806726
vt 0.697055 0.841579
vt 0.741624 0.852278
vt 0.783969 0.834738
vt 0.807917 0.795658
vt 0.791037 0.755467
vt 0.793936 0.792301
vt 0.735805 0.778345
vt 0.767041 0.727372
vt 0.731114 0.718747
vt 0.696979 0.732886
vt 0.677674 0.764389
vt 0.680573 0.801223
vt 0.704568 0.829319
vt 0.740495 0.837944
vt 0.774630 0.823804
vt 0.346309 0.336105
vt 0.343263 0.343485
vt 0.338122 0.349588
vt 0.331337 0.353793
vt 0.323583 0.355693
vt 0.315620 0.355103
vt 0.308228 0.352081
vt 0.302131 0.346922
vt 0.297926 0.340131
vt 0.296023 0.332374
vt 0.296611 0.324409
vt 0.299630 0.317016
vt 0.304785 0.310919
vt 0.311571 0.306715
vt 0.319324 0.304814
vt 0.327285 0.305403
vt 0.334675 0.308425
vt 0.340771 0.313584
vt 0.344975 0.320375
vt 0.346879 0.328134
vt 0.321452 0.330254
vt 0.977640 0.341740
vt 0.977640 0.380334
vt 0.970466 0.341740
vt 0.970466 0.380334
vt 0.977640 0.418062
vt 0.970466 0.418062
vt 0.970466 0.453756
vt 0.977640 0.453756
vt 0.977640 0.490191
vt 0.970466 0.490191
vt 0.970466 0.525688
vt 0.977640 0.525688
vt 0.977640 0.561167
vt 0.970466 0.561167
vt 0.970466 0.595619
vt 0.977640 0.595619
vt 0.977640 0.628458
vt 0.970466 0.628458
vt 0.970466 0.658401
vt 0.977640 0.658401
vt 0.977640 0.691225
vt 0.970466 0.691225
vt 0.001976 0.015551
vt 0.009150 0.015551
vt 0.001976 0.039788
vt 0.009150 0.039788
vt 0.009150 0.066200
vt 0.001976 0.066200
vt 0.001976 0.094063
vt 0.009150 0.094063
vt 0.009150 0.122737
vt 0.001976 0.122737
vt 0.001976 0.151474
vt 0.009150 0.151474
vt 0.009150 0.180738
vt 0.001976 0.180738
vt 0.001976 0.215314
vt 0.009150 0.215314
vt 0.009150 0.250777
vt 0.001976 0.250777
vt 0.001976 0.286396
vt 0.009150 0.286396
vt 0.009150 0.322855
vt 0.001976 0.322855
vt 0.001976 0.359024
vt 0.009150 0.359024
vt 0.009150 0.396846
vt 0.001976 0.396846
vt 0.001976 0.435432
vt 0.009150 0.435432
vt 0.009150 0.475362
vt 0.001976 0.475362
vt 0.001976 0.516224
vt 0.009150 0.516224
vt 0.009150 0.556354
vt 0.001976 0.556354
vt 0.001976 0.598522
vt 0.009150 0.598522
vt 0.009150 0.641719
vt 0.001976 0.641719
vt 0.001976 0.684094
vt 0.009150 0.684094
vt 0.009150 0.728615
vt 0.001976 0.728615
vt 0.001976 0.774237
vt 0.009150 0.774237
vt 0.009150 0.819858
vt 0.001976 0.819858
vt 0.970466 0.011147
vt 0.977640 0.011147
vt 0.970466 0.055668
vt 0.977640 0.055668
vt 0.977640 0.098043
vt 0.970466 0.098043
vt 0.970466 0.141227
vt 0.977640 0.141227
vt 0.977640 0.183332
vt 0.970466 0.183332
vt 0.970466 0.223365
vt 0.977640 0.223365
vt 0.977640 0.264222
vt 0.970466 0.264222
vt 0.970466 0.304032
vt 0.977640 0.304032
vt 0.415360 0.977187
vt 0.404587 0.977186
vt 0.415361 0.970824
vt 0.404588 0.970822
vt 0.393813 0.977185
vt 0.393814 0.970821
vt 0.383040 0.977183
vt 0.383041 0.970820
vt 0.372266 0.977182
vt 0.372267 0.970819
vt 0.361493 0.977181
vt 0.361493 0.970817
vt 0.350719 0.977179
vt 0.350720 0.970816
vt 0.339945 0.977178
vt 0.339946 0.970814
vt 0.329172 0.977177
vt 0.329173 0.970813
vt 0.318398 0.977175
vt 0.318399 0.970812
vt 0.307625 0.977174
vt 0.307625 0.970811
vt 0.296851 0.977172
vt 0.296852 0.970809
vt 0.286078 0.977171
vt 0.286078 0.970808
vt 0.275304 0.977170
vt 0.275305 0.970807
vt 0.264530 0.977169
vt 0.264532 0.970805
vt 0.253757 0.977168
vt 0.253758 0.970804
vt 0.242983 0.977166
vt 0.242984 0.970803
vt 0.232210 0.977165
vt 0.232210 0.970801
vt 0.221436 0.977163
vt 0.221437 0.970800
vt 0.210663 0.977162
vt 0.210663 0.970799
vt 0.426134 0.977188
vt 0.426135 0.970825
vt 0.542529 0.580340
vt 0.552985 0.585640
vt 0.537511 0.603201
vt 0.561288 0.593912
vt 0.543791 0.609457
vt 0.566631 0.604345
vt 0.568487 0.615918
vt 0.545194 0.618210
vt 0.566677 0.627499
vt 0.561375 0.637953
vt 0.541185 0.626116
vt 0.553105 0.646258
vt 0.542672 0.651599
vt 0.533294 0.630155
vt 0.531098 0.653457
vt 0.519518 0.651645
vt 0.524536 0.628784
vt 0.509063 0.646346
vt 0.500760 0.638073
vt 0.518257 0.622528
vt 0.495416 0.627641
vt 0.493561 0.616067
vt 0.516854 0.613776
vt 0.495370 0.604486
vt 0.500672 0.594033
vt 0.520863 0.605870
vt 0.508943 0.585728
vt 0.519376 0.580387
vt 0.528753 0.601831
vt 0.530949 0.578529
vt 0.219715 0.991980
vt 0.211568 0.991980
vt 0.219715 0.981355
vt 0.211568 0.981355
vt 0.293039 0.991980
vt 0.284893 0.991980
vt 0.293039 0.981355
vt 0.284893 0.981355
vt 0.276746 0.991980
vt 0.276746 0.981355
vt 0.268598 0.991980
vt 0.268598 0.981355
vt 0.260451 0.991980
vt 0.260451 0.981355
vt 0.252304 0.991980
vt 0.252304 0.981355
vt 0.244156 0.991980
vt 0.244156 0.981355
vt 0.236010 0.991980
vt 0.236010 0.981355
vt 0.227862 0.991980
vt 0.227862 0.981355
vt 0.569270 0.571832
vt 0.577912 0.580475
vt 0.558674 0.577232
vt 0.572512 0.591070
vt 0.589982 0.582385
vt 0.591842 0.594132
vt 0.600871 0.576838
vt 0.609280 0.585248
vt 0.606419 0.565949
vt 0.618166 0.567809
vt 0.604507 0.553879
vt 0.615104 0.548480
vt 0.595865 0.545238
vt 0.601265 0.534640
vt 0.583795 0.543325
vt 0.581935 0.531580
vt 0.572907 0.548874
vt 0.564496 0.540465
vt 0.567358 0.559761
vt 0.555611 0.557902
vt 0.342430 0.996328
vt 0.329188 0.996328
vt 0.342430 0.988423
vt 0.329188 0.988423
vt 0.316464 0.996328
vt 0.316464 0.988423
vt 0.441232 0.996328
vt 0.428987 0.996328
vt 0.441232 0.988423
vt 0.428987 0.988423
vt 0.416031 0.996328
vt 0.416031 0.988423
vt 0.402674 0.996328
vt 0.402674 0.988423
vt 0.389232 0.996328
vt 0.389232 0.988423
vt 0.376026 0.996328
vt 0.376026 0.988423
vt 0.363368 0.996328
vt 0.363368 0.988423
vt 0.351559 0.996328
vt 0.351559 0.988423
vt 0.604673 0.485413
vt 0.617545 0.473221
vt 0.619823 0.497246
vt 0.628552 0.488980
vt 0.635126 0.470914
vt 0.650699 0.479388
vt 0.639110 0.494727
vt 0.658323 0.495397
vt 0.655075 0.512826
vt 0.636908 0.506543
vt 0.642208 0.525023
vt 0.624629 0.527321
vt 0.624988 0.508100
vt 0.609052 0.518854
vt 0.601434 0.502845
vt 0.411566 0.986034
vt 0.405568 0.986034
vt 0.411566 0.979735
vt 0.405568 0.979735
vt 0.398010 0.986034
vt 0.398010 0.979735
vt 0.389631 0.986034
vt 0.389631 0.979735
vt 0.427503 0.986034
vt 0.419125 0.986034
vt 0.427503 0.979735
vt 0.419125 0.979735
vt 0.661760 0.415038
vt 0.650845 0.410015
vt 0.668682 0.402883
vt 0.655576 0.396852
vt 0.641425 0.399674
vt 0.642695 0.418843
vt 0.631638 0.410277
vt 0.629951 0.424607
vt 0.648573 0.429323
vt 0.637009 0.437191
vt 0.650117 0.443223
vt 0.660356 0.426970
vt 0.664267 0.440399
vt 0.674054 0.429798
vt 0.675741 0.415470
vt 0.301910 0.986887
vt 0.296074 0.986887
vt 0.301910 0.979803
vt 0.296074 0.979803
vt 0.388218 0.986887
vt 0.378988 0.986887
vt 0.388218 0.979803
vt 0.378988 0.979803
vt 0.368985 0.986887
vt 0.368985 0.979803
vt 0.358493 0.986887
vt 0.358493 0.979803
vt 0.347811 0.986887
vt 0.347811 0.979803
vt 0.337243 0.986887
vt 0.337243 0.979803
vt 0.327091 0.986887
vt 0.327091 0.979803
vt 0.317643 0.986887
vt 0.317643 0.979803
vt 0.309169 0.986887
vt 0.309169 0.979803
vt 0.686713 0.379900
vt 0.681449 0.391341
vt 0.671261 0.379721
vt 0.670464 0.397502
vt 0.665859 0.382751
vt 0.657956 0.396030
vt 0.648702 0.387486
vt 0.661309 0.378549
vt 0.646237 0.375136
vt 0.651502 0.363695
vt 0.663898 0.372922
vt 0.662487 0.357534
vt 0.674994 0.359006
vt 0.670049 0.373646
vt 0.684248 0.367548
vt 0.314876 0.994734
vt 0.310689 0.994734
vt 0.314876 0.988175
vt 0.310689 0.988175
vt 0.306808 0.994734
vt 0.306808 0.988175
vt 0.303371 0.994734
vt 0.303371 0.988175
vt 0.299289 0.994734
vt 0.299289 0.988175
vt 0.294938 0.994734
vt 0.294938 0.988175
vt 0.318804 0.666809
vt 0.322765 0.662493
vt 0.323106 0.668776
vt 0.316593 0.658250
vt 0.321797 0.655890
vt 0.317518 0.653897
vt 0.320255 0.649542
vt 0.315918 0.711345
vt 0.319147 0.703833
vt 0.320434 0.714123
vt 0.322860 0.708479
vt 0.323164 0.702337
vt 0.318758 0.691949
vt 0.323172 0.695453
vt 0.322673 0.689186
vt 0.318571 0.679024
vt 0.322879 0.682068
vt 0.322669 0.675830
vt 0.327759 0.660902
vt 0.327844 0.668069
vt 0.327134 0.653464
vt 0.325361 0.645847
vt 0.328036 0.710817
vt 0.326172 0.718505
vt 0.328219 0.703328
vt 0.327974 0.696025
vt 0.327627 0.689045
vt 0.327603 0.682029
vt 0.327605 0.675159
vt 0.337708 0.667575
vt 0.337968 0.659934
vt 0.338301 0.651682
vt 0.338578 0.642399
vt 0.339559 0.721175
vt 0.339559 0.712083
vt 0.338283 0.703847
vt 0.337781 0.696184
vt 0.337487 0.688931
vt 0.337423 0.681877
vt 0.337492 0.674821
vt 0.347597 0.668559
vt 0.348089 0.661626
vt 0.349291 0.654422
vt 0.352074 0.647094
vt 0.353013 0.715720
vt 0.349696 0.708887
vt 0.348207 0.701872
vt 0.347578 0.695028
vt 0.347342 0.688377
vt 0.347306 0.681826
vt 0.347382 0.675255
vt 0.357463 0.670933
vt 0.357921 0.666039
vt 0.358878 0.661825
vt 0.360869 0.658915
vt 0.360644 0.704051
vt 0.358569 0.701280
vt 0.357587 0.697106
vt 0.357196 0.692243
vt 0.357090 0.687012
vt 0.357119 0.681609
vt 0.357234 0.676193
vt 0.362643 0.669263
vt 0.363185 0.665425
vt 0.363829 0.663449
vt 0.363459 0.699459
vt 0.362900 0.697826
vt 0.362382 0.694210
vt 0.362155 0.689577
vt 0.362114 0.684465
vt 0.362180 0.679194
vt 0.362340 0.674020
vn 0.083851 -0.989772 -0.115411
vn 0.044084 -0.989772 -0.135674
vn 0.083851 0.989772 -0.115411
vn 0.085597 0.960870 -0.263443
vn 0.224095 -0.960871 -0.162816
vn 0.224096 0.960871 -0.162815
vn 0.263440 -0.960871 -0.085597
vn 0.263442 0.960870 -0.085599
vn 0.276997 -0.960871 0.000000
vn 0.276999 0.960870 0.000000
vn 0.263440 -0.960871 0.085595
vn 0.263442 0.960870 0.085599
vn 0.224096 -0.960870 0.162816
vn 0.224097 0.960870 0.162816
vn 0.162815 -0.960871 0.224096
vn 0.162816 0.960870 0.224098
vn 0.085596 -0.960871 0.263440
vn 0.085597 0.960870 0.263442
vn -0.000000 -0.960871 0.276998
vn -0.000000 0.960870 0.276999
vn -0.085598 -0.960871 0.263438
vn -0.085597 0.960870 0.263442
vn -0.162816 -0.960870 0.224096
vn -0.162815 0.960871 0.224095
vn -0.224094 -0.960870 0.162820
vn -0.224097 0.960871 0.162814
vn -0.263440 -0.960871 0.085597
vn -0.263442 0.960870 0.085599
vn -0.276997 -0.960871 -0.000002
vn -0.276999 0.960870 0.000003
vn -0.263440 -0.960871 -0.085595
vn -0.263442 0.960870 -0.085599
vn -0.224096 -0.960871 -0.162813
vn -0.224097 0.960870 -0.162818
vn -0.162815 -0.960870 -0.224097
vn -0.162816 0.960870 -0.224098
vn -0.085597 -0.960870 -0.263442
vn -0.085597 0.960870 -0.263442
vn -0.000000 -0.960870 -0.276999
vn -0.000000 0.960870 -0.277000
vn -0.000000 -1.000000 0.000000
vn 0.000000 1.000000 0.000000
vn 0.083851 -0.989772 -0.115411
vn 0.044084 -0.989772 -0.135675
vn 0.083851 0.989772 -0.115411
vn 0.085597 0.960870 -0.263443
vn 0.224095 -0.960871 -0.162816
vn 0.224096 0.960871 -0.162815
vn 0.263440 -0.960871 -0.085597
vn 0.263442 0.960870 -0.085599
vn 0.276997 -0.960871 0.000000
vn 0.276999 0.960870 0.000000
vn 0.263440 -0.960871 0.085595
vn 0.263442 0.960870 0.085599
vn 0.224096 -0.960870 0.162816
vn 0.224097 0.960870 0.162816
vn 0.162815 -0.960871 0.224096
vn 0.162816 0.960870 0.224098
vn 0.085596 -0.960871 0.263440
vn 0.085597 0.960870 0.263442
vn -0.000000 -0.960871 0.276998
vn -0.000000 0.960870 0.276999
vn -0.085598 -0.960871 0.263438
vn -0.085597 0.960870 0.263442
vn -0.162816 -0.960870 0.224096
vn -0.162815 0.960871 0.224095
vn -0.224094 -0.960870 0.162820
vn -0.224097 0.960871 0.162814
vn -0.263440 -0.960871 0.085597
vn -0.263442 0.960870 0.085599
vn -0.276997 -0.960871 -0.000002
vn -0.276999 0.960870 0.000003
vn -0.263440 -0.960871 -0.085595
vn -0.263442 0.960870 -0.085599
vn -0.224096 -0.960871 -0.162813
vn -0.224097 0.960870 -0.162818
vn -0.162815 -0.960870 -0.224097
vn -0.162816 0.960870 -0.224098
vn -0.085597 -0.960870 -0.263442
vn -0.085597 0.960870 -0.263442
vn -0.000000 -0.960870 -0.276999
vn -0.000000 0.960870 -0.277000
vn -0.000000 -1.000000 0.000000
vn 0.000000 1.000000 0.000000
vn 0.839035 0.471194 0.272024
vn 0.786225 0.471029 0.399978
vn -0.198565 0.977987 -0.064140
vn -0.164677 0.982772 -0.083908
vn 0.717955 0.460921 0.521625
vn -0.149665 0.982739 -0.108738
vn 0.627554 0.460819 0.627553
vn -0.130688 0.982772 -0.130687
vn 0.521625 0.460921 0.717955
vn -0.108738 0.982739 -0.149665
vn 0.402914 0.460818 0.790764
vn -0.083907 0.982772 -0.164678
vn 0.274234 0.460920 0.844007
vn -0.057167 0.982739 -0.175941
vn 0.138835 0.460819 0.876568
vn -0.028912 0.982772 -0.182545
vn 0.070106 0.459787 0.885258
vn -0.014649 0.982634 -0.184975
vn 0.070106 0.459786 -0.885258
vn 0.138835 0.460819 -0.876568
vn -0.014649 0.982634 0.184977
vn -0.028912 0.982772 0.182546
vn 0.274234 0.460920 -0.844007
vn -0.057167 0.982739 0.175941
vn 0.402914 0.460818 -0.790764
vn -0.083907 0.982772 0.164677
vn 0.521625 0.460921 -0.717955
vn -0.108738 0.982739 0.149665
vn 0.627553 0.460819 -0.627553
vn -0.130688 0.982772 0.130688
vn 0.717955 0.460921 -0.521625
vn -0.149665 0.982739 0.108738
vn 0.790763 0.460819 -0.402914
vn -0.164677 0.982772 0.083908
vn 0.844007 0.460920 -0.274234
vn -0.175941 0.982739 0.057167
vn 0.876568 0.460818 -0.138835
vn -0.182546 0.982772 0.028912
vn 0.887441 0.460921 -0.000001
vn -0.184996 0.982739 -0.000000
vn 0.876568 0.460819 0.138834
vn -0.182546 0.982772 -0.028913
vn -0.940217 0.150553 -0.305494
vn -0.880849 0.150572 -0.448814
vn -0.799796 0.150553 -0.581085
vn -0.699045 0.150573 -0.699045
vn -0.581086 0.150555 -0.799796
vn -0.448814 0.150573 -0.880848
vn -0.305495 0.150555 -0.940216
vn -0.154651 0.150573 -0.976428
vn -0.078050 0.150094 -0.985586
vn -0.078050 0.150095 0.985586
vn -0.154650 0.150573 0.976428
vn -0.305494 0.150555 0.940216
vn -0.448814 0.150573 0.880848
vn -0.581085 0.150554 0.799796
vn -0.699045 0.150573 0.699045
vn -0.799796 0.150554 0.581085
vn -0.880848 0.150573 0.448815
vn -0.940216 0.150555 0.305495
vn -0.976428 0.150573 0.154651
vn -0.988602 0.150554 0.000001
vn -0.976428 0.150572 -0.154649
vn -0.456192 -0.877450 -0.148226
vn -0.427277 -0.877518 -0.217708
vn -0.388060 -0.877450 -0.281942
vn -0.339089 -0.877518 -0.339088
vn -0.281942 -0.877450 -0.388059
vn -0.217708 -0.877518 -0.427276
vn -0.148226 -0.877450 -0.456191
vn -0.075017 -0.877517 -0.473641
vn -0.037958 -0.876818 -0.479322
vn -0.037958 -0.876817 0.479323
vn -0.075017 -0.877517 0.473642
vn -0.148225 -0.877449 0.456193
vn -0.217708 -0.877517 0.427278
vn -0.281942 -0.877450 0.388060
vn -0.339089 -0.877518 0.339088
vn -0.388060 -0.877450 0.281941
vn -0.427277 -0.877518 0.217708
vn -0.456191 -0.877450 0.148225
vn -0.473640 -0.877518 0.075017
vn -0.479668 -0.877450 0.000001
vn -0.473641 -0.877518 -0.075016
vn 0.663228 -0.716722 0.215495
vn 0.621461 -0.716603 0.316650
vn 0.564176 -0.716721 0.409897
vn 0.493194 -0.716603 0.493193
vn 0.409898 -0.716722 0.564175
vn 0.316650 -0.716602 0.621461
vn 0.215496 -0.716722 0.663228
vn 0.109110 -0.716603 0.688894
vn 0.055142 -0.715630 0.696299
vn 0.055142 -0.715631 -0.696299
vn 0.109110 -0.716602 -0.688895
vn 0.215496 -0.716722 -0.663228
vn 0.316650 -0.716603 -0.621460
vn 0.409898 -0.716721 -0.564176
vn 0.493194 -0.716602 -0.493194
vn 0.564176 -0.716721 -0.409898
vn 0.621461 -0.716603 -0.316650
vn 0.663228 -0.716721 -0.215496
vn 0.688895 -0.716602 -0.109110
vn 0.697360 -0.716721 -0.000000
vn 0.688895 -0.716603 0.109109
vn -0.790763 0.460819 0.402915
vn -0.844007 0.460921 0.274234
vn 0.164677 0.982772 -0.083907
vn 0.175942 0.982739 -0.057166
vn -0.717955 0.460921 0.521626
vn 0.149665 0.982739 -0.108737
vn -0.627553 0.460819 0.627553
vn 0.130688 0.982772 -0.130687
vn -0.521625 0.460921 0.717955
vn 0.108738 0.982739 -0.149665
vn -0.402914 0.460818 0.790764
vn 0.083907 0.982772 -0.164678
vn -0.274234 0.460920 0.844007
vn 0.057167 0.982739 -0.175943
vn -0.138835 0.460819 0.876568
vn 0.028912 0.982772 -0.182548
vn -0.138835 0.460819 -0.876568
vn 0.028912 0.982772 0.182547
vn -0.274234 0.460920 -0.844007
vn 0.057167 0.982739 0.175942
vn -0.402913 0.460819 -0.790764
vn 0.083907 0.982772 0.164677
vn -0.521625 0.460921 -0.717955
vn 0.108738 0.982740 0.149664
vn -0.627554 0.460819 -0.627553
vn 0.130689 0.982772 0.130688
vn -0.717955 0.460921 -0.521625
vn 0.149665 0.982739 0.108738
vn -0.790763 0.460819 -0.402914
vn 0.164677 0.982772 0.083908
vn -0.844007 0.460920 -0.274235
vn 0.175941 0.982739 0.057167
vn -0.876568 0.460818 -0.138835
vn 0.182546 0.982772 0.028911
vn -0.887441 0.460921 -0.000001
vn 0.184995 0.982739 -0.000001
vn -0.876568 0.460819 0.138833
vn 0.182546 0.982772 -0.028912
vn 0.880848 0.150572 -0.448814
vn 0.940217 0.150553 -0.305494
vn 0.799796 0.150554 -0.581085
vn 0.699045 0.150573 -0.699045
vn 0.581085 0.150554 -0.799796
vn 0.448815 0.150573 -0.880848
vn 0.305495 0.150554 -0.940216
vn 0.154651 0.150573 -0.976428
vn 0.154651 0.150574 0.976427
vn 0.305495 0.150554 0.940216
vn 0.448814 0.150573 0.880848
vn 0.581085 0.150554 0.799796
vn 0.699045 0.150573 0.699045
vn 0.799796 0.150554 0.581085
vn 0.880848 0.150573 0.448815
vn 0.940216 0.150555 0.305495
vn 0.976428 0.150573 0.154651
vn 0.988602 0.150554 0.000001
vn 0.976428 0.150572 -0.154649
vn 0.427277 -0.877518 -0.217708
vn 0.456192 -0.877450 -0.148225
vn 0.388059 -0.877450 -0.281942
vn 0.339089 -0.877518 -0.339088
vn 0.281942 -0.877450 -0.388059
vn 0.217708 -0.877518 -0.427277
vn 0.148225 -0.877450 -0.456192
vn 0.075017 -0.877517 -0.473641
vn 0.075017 -0.877517 0.473641
vn 0.148225 -0.877450 0.456192
vn 0.217708 -0.877518 0.427278
vn 0.281942 -0.877450 0.388061
vn 0.339089 -0.877518 0.339088
vn 0.388060 -0.877450 0.281941
vn 0.427277 -0.877518 0.217709
vn 0.456191 -0.877450 0.148226
vn 0.473640 -0.877518 0.075017
vn 0.479668 -0.877450 0.000001
vn 0.473641 -0.877518 -0.075016
vn -0.621461 -0.716603 0.316650
vn -0.663228 -0.716722 0.215495
vn -0.564176 -0.716722 0.409897
vn -0.493194 -0.716603 0.493193
vn -0.409898 -0.716722 0.564175
vn -0.316650 -0.716603 0.621461
vn -0.215496 -0.716722 0.663228
vn -0.109110 -0.716603 0.688895
vn -0.109110 -0.716603 -0.688895
vn -0.215496 -0.716722 -0.663228
vn -0.316650 -0.716604 -0.621460
vn -0.409898 -0.716722 -0.564175
vn -0.493194 -0.716603 -0.493194
vn -0.564176 -0.716721 -0.409898
vn -0.621461 -0.716602 -0.316650
vn -0.663229 -0.716721 -0.215496
vn -0.688895 -0.716602 -0.109111
vn -0.697360 -0.716721 -0.000001
vn -0.688895 -0.716603 0.109109
vn 0.934803 0.256882 -0.245265
vn 0.781555 0.405918 -0.473712
vn 0.853086 0.520829 -0.031327
vn 0.809015 0.341371 -0.478499
vn 0.587787 0.469853 -0.658593
vn 0.587786 0.469854 -0.658593
vn 0.309020 0.552345 -0.774223
vn 0.309020 0.552346 -0.774223
vn 0.000000 0.580771 -0.814067
vn 0.000000 0.580771 -0.814067
vn -0.309021 0.552345 -0.774223
vn -0.309020 0.552346 -0.774223
vn -0.587787 0.469853 -0.658593
vn -0.587787 0.469853 -0.658593
vn -0.809015 0.341371 -0.478499
vn -0.809015 0.341371 -0.478499
vn -0.951056 0.179468 -0.251561
vn -0.951056 0.179468 -0.251561
vn -1.000000 -0.000001 0.000001
vn -1.000000 -0.000000 0.000001
vn -0.951057 -0.179468 0.251561
vn -0.951057 -0.179467 0.251560
vn -0.809017 -0.341368 0.478496
vn -0.809017 -0.341368 0.478496
vn -0.587785 -0.469854 0.658593
vn -0.587785 -0.469854 0.658593
vn -0.309015 -0.552347 0.774224
vn -0.309014 -0.552347 0.774224
vn 0.000000 -0.580771 0.814067
vn 0.000000 -0.580771 0.814067
vn 0.309015 -0.552346 0.774224
vn 0.309014 -0.552347 0.774225
vn 0.587785 -0.469854 0.658594
vn 0.587785 -0.469854 0.658594
vn 0.809017 -0.341368 0.478497
vn 0.809017 -0.341368 0.478496
vn 0.951056 -0.179468 0.251561
vn 0.951057 -0.179468 0.251560
vn 1.000000 -0.000001 0.000001
vn 1.000000 -0.000001 0.000001
vn 0.000001 0.814067 0.580771
vn 0.000000 0.814067 0.580771
vn -0.000003 0.814067 0.580771
vn -0.000001 0.814065 0.580774
vn 0.000000 0.814065 0.580774
vn 0.000001 0.814065 0.580774
vn 0.000003 0.814067 0.580771
vn -0.000000 0.814067 0.580771
vn -0.000001 0.814067 0.580770
vn 0.000001 0.814068 0.580769
vn -0.000000 0.814068 0.580770
vn -0.000002 0.814067 0.580771
vn -0.000001 0.814066 0.580772
vn -0.000001 0.814067 0.580771
vn -0.000000 0.814067 0.580771
vn 0.000001 0.814067 0.580771
vn 0.000001 0.814067 0.580772
vn 0.000002 0.814067 0.580771
vn 0.000000 0.814068 0.580770
vn -0.000001 0.814068 0.580769
vn 0.951056 0.179468 -0.251563
vn 0.809017 0.341371 -0.478494
vn 0.587787 0.469855 -0.658591
vn 0.309016 0.552343 -0.774226
vn -0.000000 0.580764 -0.814072
vn -0.309016 0.552344 -0.774226
vn -0.587787 0.469858 -0.658589
vn -0.809018 0.341373 -0.478491
vn -0.951057 0.179470 -0.251559
vn -1.000000 -0.000000 -0.000001
vn -0.951057 -0.179469 0.251557
vn -0.809019 -0.341371 0.478492
vn -0.587784 -0.469856 0.658593
vn -0.309014 -0.552347 0.774224
vn -0.000001 -0.580772 0.814066
vn 0.309015 -0.552347 0.774224
vn 0.587785 -0.469856 0.658593
vn 0.809018 -0.341372 0.478492
vn 0.951057 -0.179469 0.251556
vn 1.000000 -0.000002 -0.000000
vn 0.000000 0.814068 0.580770
vn 0.867295 -0.410352 -0.281799
vn 0.737762 -0.410355 -0.536019
vn 0.867295 0.410352 -0.281800
vn 0.809017 0.000000 -0.587785
vn 0.587785 0.000000 -0.809017
vn 0.587785 0.000000 -0.809017
vn 0.309017 0.000000 -0.951057
vn 0.309017 0.000000 -0.951057
vn 0.000000 0.000000 -1.000000
vn 0.000000 0.000000 -1.000000
vn -0.309017 0.000000 -0.951057
vn -0.309017 0.000000 -0.951057
vn -0.587785 0.000000 -0.809017
vn -0.587785 0.000000 -0.809017
vn -0.809017 0.000000 -0.587785
vn -0.809017 0.000000 -0.587785
vn -0.951057 0.000000 -0.309017
vn -0.951057 0.000000 -0.309017
vn -1.000000 0.000000 0.000000
vn -1.000000 0.000000 0.000000
vn -0.951056 0.000000 0.309017
vn -0.951056 0.000000 0.309017
vn -0.809017 0.000000 0.587785
vn -0.809017 0.000000 0.587785
vn -0.587785 0.000000 0.809017
vn -0.587785 0.000000 0.809017
vn -0.309017 0.000000 0.951057
vn -0.309017 0.000000 0.951057
vn 0.000000 0.000000 1.000000
vn 0.000000 0.000000 1.000000
vn 0.309017 0.000000 0.951056
vn 0.309017 0.000000 0.951056
vn 0.587785 0.000000 0.809017
vn 0.587785 0.000000 0.809017
vn 0.809017 0.000000 0.587785
vn 0.809017 0.000000 0.587785
vn 0.951057 0.000000 0.309017
vn 0.951057 0.000000 0.309017
vn 1.000000 0.000000 0.000001
vn 1.000000 0.000000 0.000001
vn 0.000000 -1.000000 -0.000000
vn 0.000000 1.000000 -0.000000
vn 0.000000 1.000000 0.000000
vn 0.000000 1.000000 0.000000
vn 0.000000 1.000000 0.000000
vn 0.000000 1.000000 0.000000
vn 0.000000 -1.000000 0.000000
vn 0.000000 -1.000000 0.000000
vn 0.000000 -1.000000 0.000000
vn 0.000000 -1.000000 0.000000
vn 0.000000 0.951057 -0.309016
vn 0.000000 0.809017 -0.587785
vn 0.000000 0.951057 -0.309016
vn 0.000000 0.809017 -0.587785
vn 0.000000 0.587785 -0.809017
vn 0.000000 0.587785 -0.809017
vn 0.000000 0.309017 -0.951057
vn 0.000000 0.309017 -0.951057
vn 0.000000 0.000000 -1.000000
vn 0.000000 0.000000 -1.000000
vn -0.000000 -0.309017 -0.951056
vn -0.000000 -0.309017 -0.951056
vn -0.000000 -0.587785 -0.809017
vn -0.000000 -0.587785 -0.809017
vn -0.000000 -0.809017 -0.587785
vn -0.000000 -0.809017 -0.587785
vn -0.000000 -0.951057 -0.309017
vn -0.000000 -0.951057 -0.309017
vn -0.000000 -1.000000 0.000000
vn -0.000000 -1.000000 0.000000
vn -0.000000 -0.951056 0.309017
vn -0.000000 -0.951056 0.309017
vn -0.000000 -0.809017 0.587785
vn -0.000000 -0.809017 0.587785
vn -0.000000 -0.587785 0.809017
vn -0.000000 -0.587785 0.809017
vn -0.000000 -0.309017 0.951057
vn -0.000000 -0.309017 0.951057
vn 0.000000 0.000000 1.000000
vn 0.000000 0.000000 1.000000
vn 0.000000 0.309017 0.951056
vn 0.000000 0.309017 0.951056
vn 0.000000 0.587785 0.809017
vn 0.000000 0.587785 0.809017
vn 0.000000 0.809017 0.587785
vn 0.000000 0.809017 0.587785
vn 0.000000 0.951057 0.309017
vn 0.000000 0.951057 0.309017
vn 0.000000 1.000000 0.000001
vn 0.000000 1.000000 0.000001
vn 1.000000 -0.000000 -0.000000
vn -1.000000 0.000000 -0.000000
vn 0.883582 0.462459 -0.073576
vn 0.934802 0.256884 -0.245267
vn 0.518803 0.713291 -0.471231
vn 0.587780 0.469863 -0.658592
vn -0.000002 0.782546 -0.622592
vn 0.000000 0.580786 -0.814056
vn -0.565050 0.675909 -0.473145
vn -0.587785 0.469860 -0.658590
vn -0.914262 0.396769 -0.081848
vn -0.951056 0.179468 -0.251561
vn -0.914265 0.051715 0.401802
vn -0.951059 -0.179469 0.251552
vn -0.565047 -0.227453 0.793087
vn -0.587780 -0.469865 0.658591
vn -0.000002 -0.334056 0.942553
vn -0.000002 -0.580770 0.814068
vn 0.565047 -0.227447 0.793089
vn 0.587781 -0.469849 0.658601
vn 0.914263 0.051713 0.401806
vn 0.951057 -0.179466 0.251561
vn 0.848525 0.527799 0.037870
vn 0.524417 0.786877 -0.325287
vn -0.000009 0.885834 -0.464003
vn -0.524425 0.786871 -0.325288
vn -0.848526 0.527797 0.037869
vn -0.848529 0.207559 0.486743
vn -0.524420 -0.051527 0.849899
vn -0.000004 -0.150489 0.988612
vn 0.524418 -0.051533 0.849900
vn 0.848528 0.207553 0.486746
vn 0.949098 0.126870 -0.288299
vn 0.586571 0.416656 -0.694501
vn 0.000001 0.527344 -0.849652
vn -0.586589 0.416647 -0.694491
vn -0.949101 0.126862 -0.288294
vn -0.949102 -0.231318 0.213768
vn -0.586565 -0.521125 0.619977
vn 0.000001 -0.631803 0.775129
vn 0.586569 -0.521119 0.619977
vn 0.949098 -0.231331 0.213775
vn 0.951056 0.179471 -0.251562
vn 0.587785 0.469856 -0.658592
vn 0.000007 0.580772 -0.814066
vn -0.587801 0.469847 -0.658584
vn -0.951064 0.179458 -0.251540
vn -0.951064 -0.179455 0.251542
vn -0.587776 -0.469858 0.658599
vn 0.000004 -0.580770 0.814067
vn 0.587773 -0.469860 0.658600
vn 0.951060 -0.179462 0.251551
vn 0.597325 0.746192 0.293940
vn 0.295930 0.829497 0.473666
vn 0.597333 0.520757 0.609923
vn 0.295933 0.717814 0.630211
vn 0.182899 0.919855 0.347009
vn 0.369169 0.928573 0.038285
vn 0.000010 0.954368 0.298632
vn 0.000006 0.998236 -0.059366
vn -0.182891 0.919856 0.347009
vn -0.369177 0.928570 0.038288
vn -0.295928 0.829498 0.473665
vn -0.597330 0.746189 0.293937
vn -0.295938 0.717817 0.630206
vn -0.597338 0.520758 0.609917
vn -0.182892 0.627462 0.756863
vn -0.369158 0.338380 0.865576
vn 0.000012 0.592949 0.805240
vn 0.000004 0.268716 0.963219
vn 0.182896 0.627457 0.756866
vn 0.369165 0.338375 0.865575
vn 0.000001 0.814066 0.580772
vn 0.083851 -0.989772 -0.115411
vn 0.044084 -0.989772 -0.135675
vn 0.083851 0.989772 -0.115411
vn 0.085597 0.960870 -0.263443
vn 0.224095 -0.960871 -0.162816
vn 0.224096 0.960871 -0.162815
vn 0.263440 -0.960871 -0.085597
vn 0.263442 0.960870 -0.085599
vn 0.276997 -0.960871 0.000000
vn 0.276999 0.960870 0.000000
vn 0.263440 -0.960871 0.085595
vn 0.263442 0.960870 0.085599
vn 0.224096 -0.960870 0.162816
vn 0.224097 0.960870 0.162816
vn 0.162815 -0.960871 0.224096
vn 0.162816 0.960870 0.224098
vn 0.085596 -0.960871 0.263440
vn 0.085597 0.960870 0.263442
vn -0.000000 -0.960871 0.276998
vn -0.000000 0.960870 0.276999
vn -0.085598 -0.960871 0.263438
vn -0.085597 0.960870 0.263442
vn -0.162816 -0.960870 0.224096
vn -0.162815 0.960871 0.224095
vn -0.224094 -0.960870 0.162820
vn -0.224097 0.960871 0.162814
vn -0.263440 -0.960871 0.085597
vn -0.263442 0.960870 0.085599
vn -0.276997 -0.960871 -0.000002
vn -0.276999 0.960870 0.000003
vn -0.263440 -0.960871 -0.085595
vn -0.263442 0.960870 -0.085599
vn -0.224096 -0.960871 -0.162813
vn -0.224097 0.960870 -0.162818
vn -0.162815 -0.960870 -0.224097
vn -0.162816 0.960870 -0.224098
vn -0.085597 -0.960870 -0.263442
vn -0.085597 0.960870 -0.263442
vn -0.000000 -0.960870 -0.276999
vn -0.000000 0.960870 -0.277000
vn -0.000000 -1.000000 0.000000
vn 0.000000 1.000000 0.000000
vn -0.453934 -0.008064 0.890999
vn -0.890957 -0.008064 0.454017
vn -0.453561 0.041435 0.890261
vn -0.890222 0.041435 0.453639
vn -0.987663 -0.008064 -0.156385
vn -0.986847 0.041435 -0.156258
vn -0.707116 -0.008064 -0.707052
vn -0.706530 0.041435 -0.706469
vn -0.156473 -0.008064 -0.987649
vn -0.156343 0.041435 -0.986833
vn 0.453936 -0.008064 -0.890998
vn 0.453561 0.041435 -0.890261
vn 0.890959 -0.008064 -0.454013
vn 0.890223 0.041435 -0.453637
vn 0.987663 -0.008064 0.156386
vn 0.986847 0.041435 0.156259
vn 0.707116 -0.008064 0.707051
vn 0.706530 0.041435 0.706469
vn 0.156472 -0.008064 0.987650
vn 0.156342 0.041435 0.986834
vn -0.000001 -0.505635 -0.862748
vn -0.241494 -0.623915 -0.743244
vn -0.000001 0.000000 -1.000000
vn -0.309016 0.000000 -0.951057
vn 0.241497 -0.623916 -0.743242
vn 0.309015 -0.000000 -0.951057
vn 0.507117 -0.505635 -0.697973
vn 0.587787 -0.000000 -0.809016
vn 0.632245 -0.623913 -0.459346
vn 0.809015 -0.000000 -0.587787
vn 0.820523 -0.505632 -0.266606
vn 0.951056 -0.000000 -0.309019
vn 0.781496 -0.623910 0.000003
vn 1.000000 -0.000000 0.000002
vn 0.820524 -0.505630 0.266604
vn 0.951056 0.000001 0.309017
vn 0.632244 -0.623913 0.459347
vn 0.809018 0.000000 0.587784
vn 0.507115 -0.505633 0.697975
vn 0.587789 -0.000000 0.809014
vn 0.241495 -0.623912 0.743246
vn 0.309015 -0.000000 0.951057
vn -0.000001 -0.505626 0.862753
vn -0.000001 -0.000000 1.000000
vn -0.241498 -0.623913 0.743243
vn -0.309017 -0.000000 0.951057
vn -0.507114 -0.505632 0.697977
vn -0.587789 0.000000 0.809014
vn -0.632243 -0.623912 0.459350
vn -0.809015 0.000000 0.587788
vn -0.820524 -0.505633 0.266601
vn -0.951055 0.000000 0.309021
vn -0.781496 -0.623911 0.000003
vn -1.000000 0.000000 0.000001
vn -0.820522 -0.505632 -0.266609
vn -0.951055 -0.000000 -0.309021
vn -0.632245 -0.623912 -0.459347
vn -0.809018 -0.000000 -0.587784
vn -0.507112 -0.505631 -0.697979
vn -0.587787 0.000000 -0.809016
vn 0.697578 -0.680296 -0.224906
vn 0.696008 -0.511513 -0.503912
vn 0.362250 0.924711 -0.116979
vn 0.313199 0.922235 -0.226692
vn 0.434134 -0.676739 -0.594602
vn 0.224307 0.924711 -0.307565
vn 0.266877 -0.511380 -0.816864
vn 0.120138 0.922235 -0.367492
vn 0.001716 -0.676628 -0.736323
vn 0.000686 0.924711 -0.380669
vn -0.264249 -0.511338 -0.817744
vn -0.118812 0.922235 -0.367922
vn -0.431435 -0.676540 -0.596789
vn -0.223197 0.924711 -0.308370
vn -0.694478 -0.511284 -0.506250
vn -0.312380 0.922235 -0.227818
vn -0.702414 -0.673498 -0.230250
vn -0.361826 0.924711 -0.118285
vn -0.742810 -0.669501 -0.000843
vn -0.386629 0.922235 -0.000697
vn -0.817974 -0.511186 0.263831
vn -0.362250 0.924711 0.116981
vn -0.596397 -0.676408 0.432185
vn -0.313199 0.922235 0.226691
vn -0.506602 -0.511316 0.694198
vn -0.224307 0.924711 0.307564
vn -0.228496 -0.676589 0.700012
vn -0.120138 0.922235 0.367491
vn -0.001800 -0.511359 0.859365
vn -0.000686 0.924711 0.380669
vn 0.226560 -0.676666 0.700566
vn 0.118812 0.922235 0.367922
vn 0.503661 -0.511414 0.696263
vn 0.223196 0.924711 0.308371
vn 0.594015 -0.678115 0.432788
vn 0.312380 0.922235 0.227819
vn 0.815103 -0.514306 0.266640
vn 0.361826 0.924711 0.118285
vn 0.855851 -0.517220 0.001469
vn 0.386629 0.922235 0.000699
vn 0.017691 -0.999827 -0.005748
vn 0.015049 -0.999827 -0.010934
vn 0.737948 0.630392 -0.240912
vn 0.627386 0.630389 -0.457162
vn 0.010934 -0.999827 -0.015049
vn 0.455408 0.630390 -0.628659
vn 0.005748 -0.999827 -0.017691
vn 0.238851 0.630393 -0.738616
vn 0.000000 -0.999827 -0.018602
vn -0.001084 0.630394 -0.776275
vn -0.005748 -0.999827 -0.017691
vn -0.240913 0.630394 -0.737946
vn -0.010934 -0.999827 -0.015049
vn -0.457161 0.630390 -0.627385
vn -0.015049 -0.999827 -0.010934
vn -0.628658 0.630391 -0.455408
vn -0.017691 -0.999827 -0.005748
vn -0.738614 0.630397 -0.238850
vn -0.018602 -0.999827 -0.000000
vn -0.776274 0.630394 0.001083
vn -0.017691 -0.999827 0.005748
vn -0.737945 0.630396 0.240912
vn -0.015049 -0.999827 0.010934
vn -0.627383 0.630393 0.457160
vn -0.010934 -0.999827 0.015049
vn -0.455407 0.630392 0.628658
vn -0.005748 -0.999827 0.017691
vn -0.238850 0.630395 0.738615
vn 0.000000 -0.999827 0.018602
vn 0.001084 0.630393 0.776276
vn 0.005748 -0.999827 0.017691
vn 0.240914 0.630390 0.737950
vn 0.010934 -0.999827 0.015049
vn 0.457161 0.630390 0.627385
vn 0.015049 -0.999827 0.010934
vn 0.628658 0.630391 0.455408
vn 0.017691 -0.999827 0.005748
vn 0.738619 0.630390 0.238852
vn 0.018602 -0.999827 0.000000
vn 0.776276 0.630392 -0.001083
vn 0.000000 -1.000000 0.000000
vn 0.582563 -0.790950 -0.187133
vn 0.496222 -0.790951 -0.357995
vn 0.361309 -0.790950 -0.493816
vn 0.191027 -0.790949 -0.581298
vn 0.002047 -0.790950 -0.611877
vn -0.187134 -0.790949 -0.582564
vn -0.357996 -0.790950 -0.496223
vn -0.493817 -0.790949 -0.361309
vn -0.581299 -0.790949 -0.191028
vn -0.611877 -0.790950 -0.002047
vn -0.582563 -0.790950 0.187134
vn -0.496224 -0.790949 0.357997
vn -0.361309 -0.790949 0.493817
vn -0.191027 -0.790949 0.581298
vn -0.002047 -0.790950 0.611878
vn 0.187132 -0.790952 0.582561
vn 0.357995 -0.790951 0.496222
vn 0.493816 -0.790950 0.361308
vn 0.581298 -0.790949 0.191027
vn 0.611877 -0.790950 0.002048
vn 0.942253 0.264372 -0.205591
vn 0.763118 -0.088187 -0.640214
vn 0.641454 0.264371 -0.720170
vn 0.241067 -0.088188 -0.966493
vn 0.095642 0.264370 -0.959667
vn -0.373063 -0.088187 -0.923605
vn -0.486702 0.264371 -0.832604
vn -0.844696 -0.088185 -0.527931
vn -0.883143 0.264371 -0.387514
vn -0.993684 -0.088185 0.069395
vn -0.942253 0.264370 0.205593
vn -0.763118 -0.088186 0.640214
vn -0.641453 0.264373 0.720170
vn -0.241066 -0.088184 0.966494
vn -0.095642 0.264371 0.959667
vn 0.373064 -0.088184 0.923605
vn 0.486702 0.264372 0.832603
vn 0.844697 -0.088182 0.527931
vn 0.883143 0.264371 0.387514
vn 0.993684 -0.088192 -0.069393
vn 0.605069 0.737076 -0.301016
vn 0.312578 0.737076 -0.599178
vn -0.099307 0.737076 -0.668474
vn -0.473260 0.737076 -0.482435
vn -0.666443 0.737077 -0.112123
vn -0.605069 0.737076 0.301016
vn -0.312578 0.737076 0.599177
vn 0.099307 0.737076 0.668473
vn 0.473260 0.737077 0.482435
vn 0.666444 0.737076 0.112124
vn 0.339378 0.935074 -0.102275
vn 0.238362 0.950173 -0.200887
vn 0.468153 0.870305 -0.152974
vn 0.397968 0.870305 -0.290155
vn 0.214447 0.935073 -0.282224
vn 0.288828 0.870305 -0.398932
vn 0.074761 0.950172 -0.302627
vn 0.151414 0.870306 -0.468660
vn 0.007604 0.935074 -0.354372
vn -0.000821 0.870305 -0.492512
vn -0.117396 0.950173 -0.288774
vn -0.152975 0.870306 -0.468153
vn -0.202144 0.935073 -0.291162
vn -0.290155 0.870306 -0.397968
vn -0.264713 0.950173 -0.164619
vn -0.398932 0.870306 -0.288827
vn -0.334679 0.935073 -0.116739
vn -0.468660 0.870305 -0.151415
vn -0.310917 0.950173 0.022415
vn -0.492511 0.870306 0.000821
vn -0.339378 0.935073 0.102276
vn -0.468153 0.870305 0.152975
vn -0.238362 0.950173 0.200887
vn -0.397967 0.870306 0.290155
vn -0.214446 0.935074 0.282224
vn -0.288828 0.870305 0.398933
vn -0.074761 0.950173 0.302626
vn -0.151414 0.870305 0.468660
vn -0.007604 0.935074 0.354372
vn 0.000821 0.870306 0.492511
vn 0.117396 0.950172 0.288774
vn 0.152975 0.870305 0.468153
vn 0.202144 0.935074 0.291162
vn 0.290155 0.870305 0.397968
vn 0.264713 0.950173 0.164619
vn 0.398933 0.870305 0.288827
vn 0.334679 0.935073 0.116738
vn 0.468660 0.870306 0.151413
vn 0.310918 0.950172 -0.022414
vn 0.492511 0.870306 -0.000820
vn 0.452324 0.879661 -0.146968
vn 0.384771 0.879660 -0.279553
vn 0.279552 0.879660 -0.384771
vn 0.146969 0.879660 -0.452325
vn 0.000000 0.879660 -0.475603
vn -0.146969 0.879661 -0.452324
vn -0.279552 0.879660 -0.384770
vn -0.384771 0.879660 -0.279552
vn -0.452324 0.879661 -0.146969
vn -0.475603 0.879660 0.000000
vn -0.452324 0.879661 0.146969
vn -0.384771 0.879660 0.279552
vn -0.279552 0.879660 0.384771
vn -0.146969 0.879660 0.452325
vn -0.000000 0.879660 0.475603
vn 0.146969 0.879661 0.452324
vn 0.279552 0.879660 0.384770
vn 0.384771 0.879660 0.279552
vn 0.452325 0.879660 0.146969
vn 0.475603 0.879660 0.000001
vn 0.558206 0.809589 -0.181580
vn 0.597043 0.674887 -0.433666
vn 0.346441 0.807616 -0.477215
vn 0.228101 0.675014 -0.701660
vn -0.000195 0.807690 -0.589607
vn -0.227869 0.675054 -0.701696
vn -0.346691 0.807746 -0.476815
vn -0.596752 0.675108 -0.433724
vn -0.562490 0.806436 -0.182391
vn -0.594608 0.804015 -0.000312
vn -0.701485 0.675203 0.228078
vn -0.477010 0.807827 0.346233
vn -0.433539 0.675075 0.596923
vn -0.182378 0.807714 0.560658
vn 0.000116 0.675035 0.737786
vn 0.182023 0.807664 0.560844
vn 0.433775 0.674981 0.596859
vn 0.476188 0.808284 0.346297
vn 0.700456 0.676459 0.227520
vn 0.734865 0.678214 0.000070
vn 0.154503 0.004511 0.987982
vn -0.455718 0.004511 0.890113
vn 0.154202 0.059333 0.986256
vn -0.454960 0.059332 0.888533
vn 0.705175 0.059377 0.706543
vn 0.706489 0.004495 0.707710
vn 0.986339 0.055019 0.155267
vn 0.987840 0.005655 0.155374
vn 0.890343 0.004489 -0.455269
vn 0.888807 0.059401 -0.454416
vn 0.449722 0.059318 -0.891197
vn 0.450361 0.004527 -0.892835
vn -0.159992 0.059318 -0.985334
vn -0.160452 0.004526 -0.987033
vn -0.707891 0.059287 -0.703829
vn -0.709208 0.004538 -0.704985
vn -0.985839 0.063591 -0.155170
vn -0.987846 0.003417 -0.155401
vn -0.889203 0.059305 0.453654
vn -0.890691 0.004532 0.454587
vn 0.049225 0.933374 0.355515
vn 0.075178 0.868509 0.489939
vn 0.248790 0.933374 0.258684
vn 0.348799 0.868509 0.352181
vn -0.227159 0.868509 0.440558
vn -0.169142 0.933374 0.316551
vn -0.442729 0.868509 0.222898
vn -0.322903 0.933374 0.156676
vn -0.489191 0.868509 -0.079902
vn -0.353326 0.933374 -0.063044
vn -0.348799 0.868509 -0.352181
vn -0.248790 0.933374 -0.258684
vn -0.075178 0.868509 -0.489939
vn -0.049225 0.933374 -0.355515
vn 0.227159 0.868509 -0.440558
vn 0.169142 0.933374 -0.316551
vn 0.442729 0.868509 -0.222897
vn 0.322903 0.933374 -0.156676
vn 0.489191 0.868509 0.079902
vn 0.353326 0.933374 0.063044
vn 0.766746 0.585485 -0.263266
vn 0.718392 0.606894 -0.339989
vn 0.693477 0.700975 -0.166504
vn 0.606276 0.703104 -0.371584
vn 0.627193 0.594846 -0.502779
vn 0.461777 0.703104 -0.540747
vn 0.594665 0.594814 -0.540897
vn 0.441128 0.594846 -0.671985
vn 0.272076 0.703104 -0.656978
vn 0.398413 0.594814 -0.698186
vn 0.211884 0.594844 -0.775413
vn 0.055741 0.703104 -0.708899
vn 0.163163 0.594813 -0.787131
vn -0.038103 0.594845 -0.802937
vn -0.166049 0.703104 -0.691428
vn -0.088061 0.594813 -0.799026
vn -0.284359 0.594845 -0.751864
vn -0.371585 0.703104 -0.606276
vn -0.330663 0.594813 -0.732707
vn -0.502780 0.594846 -0.627193
vn -0.540747 0.703104 -0.461776
vn -0.540898 0.594814 -0.594664
vn -0.671985 0.594846 -0.441128
vn -0.656978 0.703104 -0.272076
vn -0.698186 0.594814 -0.398413
vn -0.775412 0.594846 -0.211884
vn -0.708899 0.703104 -0.055742
vn -0.787131 0.594814 -0.163163
vn -0.802936 0.594846 0.038103
vn -0.691428 0.703104 0.166048
vn -0.799026 0.594814 0.088061
vn -0.751864 0.594845 0.284359
vn -0.606276 0.703104 0.371585
vn -0.732706 0.594813 0.330664
vn -0.627193 0.594846 0.502780
vn -0.461777 0.703103 0.540747
vn -0.594665 0.594814 0.540898
vn -0.441129 0.594845 0.671986
vn -0.272075 0.703104 0.656978
vn -0.398414 0.594813 0.698186
vn -0.211883 0.594844 0.775414
vn -0.055742 0.703104 0.708899
vn -0.163162 0.594812 0.787132
vn 0.038103 0.594845 0.802937
vn 0.166048 0.703104 0.691428
vn 0.088061 0.594813 0.799026
vn 0.284359 0.594845 0.751864
vn 0.371585 0.703104 0.606275
vn 0.330663 0.594813 0.732707
vn 0.502780 0.594846 0.627193
vn 0.540748 0.703103 0.461776
vn 0.540899 0.594814 0.594664
vn 0.671985 0.594846 0.441129
vn 0.656978 0.703103 0.272076
vn 0.698186 0.594814 0.398414
vn 0.775413 0.594845 0.211883
vn 0.708899 0.703104 0.055742
vn 0.787131 0.594814 0.163162
vn 0.802936 0.594846 -0.038102
vn 0.799026 0.594814 -0.088060
vn 0.222869 0.973379 -0.053507
vn 0.195427 0.973379 -0.119758
vn 0.228032 0.972912 -0.038004
vn 0.188116 0.972912 -0.134370
vn 0.162143 0.972912 -0.164780
vn 0.148854 0.973379 -0.174287
vn 0.073208 0.972912 -0.219280
vn 0.087712 0.973379 -0.211755
vn 0.034322 0.972912 -0.228615
vn 0.017983 0.973379 -0.228496
vn -0.069664 0.972912 -0.220431
vn -0.053507 0.973379 -0.222869
vn -0.106611 0.972911 -0.205128
vn -0.119758 0.973379 -0.195425
vn -0.185927 0.972911 -0.137387
vn -0.174287 0.973379 -0.148853
vn -0.206822 0.972911 -0.103289
vn -0.211755 0.973379 -0.087711
vn -0.231170 0.972912 -0.001864
vn -0.228496 0.973379 -0.017983
vn -0.228032 0.972912 0.038005
vn -0.222869 0.973379 0.053508
vn -0.188116 0.972911 0.134372
vn -0.195426 0.973379 0.119759
vn -0.162144 0.972912 0.164780
vn -0.148854 0.973379 0.174286
vn -0.073208 0.972912 0.219280
vn -0.087711 0.973379 0.211756
vn -0.034321 0.972911 0.228617
vn -0.017982 0.973379 0.228496
vn 0.069665 0.972911 0.220432
vn 0.053506 0.973379 0.222868
vn 0.106610 0.972912 0.205127
vn 0.119757 0.973379 0.195425
vn 0.185924 0.972912 0.137386
vn 0.174286 0.973379 0.148853
vn 0.206820 0.972912 0.103289
vn 0.211755 0.973379 0.087711
vn 0.231170 0.972912 0.001863
vn 0.228495 0.973379 0.017983
vn 0.404892 0.909183 -0.097207
vn 0.415114 0.909183 0.032669
vn 0.596826 0.789473 -0.143286
vn 0.611893 0.789473 0.048156
vn 0.355037 0.909183 -0.217568
vn 0.523337 0.789473 -0.320703
vn 0.270428 0.909183 -0.316631
vn 0.398620 0.789473 -0.466727
vn 0.159347 0.909183 -0.384702
vn 0.234883 0.789474 -0.567063
vn 0.032669 0.909182 -0.415115
vn 0.048154 0.789475 -0.611891
vn -0.097207 0.909183 -0.404892
vn -0.143287 0.789475 -0.596824
vn -0.217568 0.909183 -0.355036
vn -0.320703 0.789474 -0.523336
vn -0.316632 0.909183 -0.270427
vn -0.466727 0.789474 -0.398620
vn -0.384702 0.909183 -0.159347
vn -0.567063 0.789474 -0.234883
vn -0.415114 0.909183 -0.032668
vn -0.611892 0.789474 -0.048155
vn -0.404892 0.909183 0.097208
vn -0.596825 0.789474 0.143287
vn -0.355036 0.909183 0.217569
vn -0.523336 0.789474 0.320703
vn -0.270428 0.909183 0.316632
vn -0.398619 0.789474 0.466726
vn -0.159347 0.909183 0.384702
vn -0.234883 0.789474 0.567063
vn -0.032669 0.909183 0.415114
vn -0.048155 0.789474 0.611892
vn 0.097207 0.909182 0.404893
vn 0.143287 0.789474 0.596825
vn 0.217568 0.909183 0.355037
vn 0.320703 0.789473 0.523337
vn 0.316632 0.909182 0.270428
vn 0.466728 0.789473 0.398620
vn 0.384702 0.909183 0.159347
vn 0.567064 0.789474 0.234883
vn 0.323572 0.936663 -0.134028
vn 0.182995 0.936663 -0.298622
vn -0.027480 0.936663 -0.349151
vn -0.227458 0.936664 -0.266316
vn -0.340554 0.936664 -0.081759
vn -0.323572 0.936663 0.134028
vn -0.182996 0.936663 0.298622
vn 0.027480 0.936663 0.349151
vn 0.227458 0.936663 0.266318
vn 0.340555 0.936663 0.081761
vn 0.141956 0.988125 -0.058800
vn 0.140101 0.984969 -0.101030
vn 0.170507 0.984969 -0.027630
vn 0.121702 0.984969 -0.122576
vn 0.080283 0.988125 -0.131010
vn 0.053964 0.984969 -0.164086
vn 0.026409 0.984969 -0.170701
vn -0.012056 0.988125 -0.153179
vn -0.052790 0.984969 -0.164469
vn -0.078970 0.984969 -0.153623
vn -0.099788 0.988125 -0.116838
vn -0.139378 0.984969 -0.102025
vn -0.154180 0.984969 -0.077870
vn -0.149406 0.988125 -0.035868
vn -0.172730 0.984969 -0.000618
vn -0.170507 0.984969 0.027632
vn -0.141955 0.988125 0.058801
vn -0.140103 0.984969 0.101030
vn -0.121702 0.984969 0.122575
vn -0.080281 0.988125 0.131010
vn -0.053962 0.984969 0.164087
vn -0.026409 0.984969 0.170701
vn 0.012058 0.988125 0.153178
vn 0.052790 0.984969 0.164465
vn 0.078968 0.984969 0.153622
vn 0.099790 0.988125 0.116837
vn 0.139379 0.984969 0.102029
vn 0.154184 0.984969 0.077867
vn 0.149407 0.988125 0.035869
vn 0.172733 0.984968 0.000617
vn 0.244628 0.964308 -0.101328
vn 0.257468 0.964308 0.061811
vn 0.138348 0.964308 -0.225765
vn -0.020775 0.964308 -0.263966
vn -0.171961 0.964309 -0.201340
vn -0.257464 0.964309 -0.061812
vn -0.244626 0.964309 0.101327
vn -0.138348 0.964309 0.225763
vn 0.020777 0.964309 0.263964
vn 0.171964 0.964308 0.201340
vn -0.606294 -0.747382 0.271712
vn -0.620739 -0.747458 0.236624
vn -0.576499 -0.756172 0.309601
vn -0.626546 -0.756170 0.188807
vn -0.517236 -0.747458 0.416861
vn -0.492655 -0.747383 0.445768
vn -0.395908 -0.756169 0.521023
vn -0.363103 -0.747458 0.556294
vn -0.330793 -0.747383 0.576190
vn -0.284418 -0.756172 0.589331
vn -0.173428 -0.747458 0.641271
vn -0.136551 -0.747383 0.650210
vn -0.014047 -0.756169 0.654225
vn 0.033224 -0.747459 0.663477
vn 0.071059 -0.747384 0.660582
vn 0.116300 -0.756172 0.643956
vn 0.236624 -0.747458 0.620738
vn 0.271712 -0.747383 0.606294
vn 0.373180 -0.756169 0.537536
vn 0.416861 -0.747458 0.517236
vn 0.445769 -0.747383 0.492655
vn 0.472597 -0.756172 0.452611
vn 0.556294 -0.747458 0.363104
vn 0.576190 -0.747383 0.330793
vn 0.617865 -0.756169 0.215526
vn 0.641271 -0.747458 0.173428
vn 0.650209 -0.747383 0.136551
vn 0.648377 -0.756172 0.088385
vn 0.663477 -0.747459 -0.033224
vn 0.660582 -0.747384 -0.071059
vn 0.626546 -0.756170 -0.188807
vn 0.620738 -0.747458 -0.236624
vn 0.606293 -0.747383 -0.271712
vn 0.576499 -0.756172 -0.309601
vn 0.517236 -0.747458 -0.416861
vn 0.492656 -0.747383 -0.445768
vn 0.395908 -0.756169 -0.521023
vn 0.363104 -0.747458 -0.556293
vn 0.330793 -0.747383 -0.576190
vn 0.284418 -0.756172 -0.589331
vn 0.173427 -0.747458 -0.641272
vn 0.136550 -0.747383 -0.650210
vn 0.014047 -0.756170 -0.654225
vn -0.033224 -0.747458 -0.663477
vn -0.071059 -0.747383 -0.660583
vn -0.116300 -0.756172 -0.643955
vn -0.236624 -0.747458 -0.620738
vn -0.271712 -0.747383 -0.606293
vn -0.373180 -0.756169 -0.537536
vn -0.416861 -0.747458 -0.517236
vn -0.445769 -0.747383 -0.492656
vn -0.472596 -0.756172 -0.452611
vn -0.556293 -0.747458 -0.363104
vn -0.576190 -0.747383 -0.330793
vn -0.617865 -0.756169 -0.215526
vn -0.641272 -0.747458 -0.173428
vn -0.650210 -0.747383 -0.136550
vn -0.648377 -0.756172 -0.088385
vn -0.663477 -0.747458 0.033223
vn -0.660582 -0.747383 0.071058
vn -0.189673 -0.968391 0.161997
vn -0.248668 -0.968391 0.019571
vn -0.158060 -0.978158 0.134997
vn -0.207222 -0.978158 0.016309
vn -0.058229 -0.968391 0.242545
vn -0.048524 -0.978158 0.202120
vn 0.095456 -0.968391 0.230449
vn 0.079546 -0.978158 0.192040
vn 0.212680 -0.968391 0.130329
vn 0.177233 -0.978158 0.108607
vn 0.248668 -0.968391 -0.019571
vn 0.207222 -0.978158 -0.016310
vn 0.189673 -0.968391 -0.161997
vn 0.158060 -0.978158 -0.134996
vn 0.058229 -0.968391 -0.242544
vn 0.048524 -0.978158 -0.202119
vn -0.095456 -0.968391 -0.230448
vn -0.079546 -0.978158 -0.192041
vn -0.212680 -0.968391 -0.130330
vn -0.177232 -0.978158 -0.108608
vn -0.543215 -0.838504 0.042754
vn -0.428207 -0.903052 0.033702
vn -0.326617 -0.903052 0.278959
vn -0.414340 -0.838504 0.353882
vn -0.100271 -0.903052 0.417663
vn -0.127202 -0.838504 0.529840
vn 0.164376 -0.903052 0.396834
vn 0.208524 -0.838504 0.503417
vn 0.366236 -0.903052 0.224428
vn 0.464600 -0.838504 0.284705
vn 0.428207 -0.903052 -0.033702
vn 0.543215 -0.838504 -0.042753
vn 0.326617 -0.903052 -0.278959
vn 0.414340 -0.838504 -0.353882
vn 0.100271 -0.903052 -0.417663
vn 0.127202 -0.838504 -0.529840
vn -0.164376 -0.903052 -0.396834
vn -0.208524 -0.838504 -0.503417
vn -0.366236 -0.903052 -0.224428
vn -0.464600 -0.838504 -0.284706
vn -0.342227 -0.928863 0.141756
vn -0.193545 -0.928863 0.315838
vn 0.029064 -0.928864 0.369280
vn 0.240571 -0.928863 0.281671
vn 0.360188 -0.928863 0.086473
vn 0.342226 -0.928863 -0.141755
vn 0.193545 -0.928863 -0.315838
vn -0.029065 -0.928863 -0.369281
vn -0.240571 -0.928864 -0.281670
vn -0.360188 -0.928863 -0.086473
vn -0.157146 -0.985428 0.065092
vn -0.165394 -0.985428 -0.039707
vn 0.000000 -1.000000 -0.000000
vn -0.088873 -0.985428 0.145028
vn 0.013346 -0.985428 0.169568
vn 0.110467 -0.985428 0.129339
vn 0.165394 -0.985428 0.039707
vn 0.157146 -0.985428 -0.065092
vn 0.088873 -0.985428 -0.145028
vn -0.013346 -0.985428 -0.169569
vn -0.110468 -0.985428 -0.129340
vn 0.224170 0.973063 -0.053822
vn 0.196567 0.973062 -0.120466
vn 0.149723 0.973063 -0.175304
vn 0.088223 0.973064 -0.212988
vn 0.018086 0.973063 -0.229829
vn -0.053821 0.973062 -0.224172
vn -0.120466 0.973063 -0.196561
vn -0.175312 0.973061 -0.149724
vn -0.212990 0.973063 -0.088229
vn -0.229832 0.973062 -0.018090
vn -0.224173 0.973062 0.053814
vn -0.196569 0.973063 0.120458
vn -0.149727 0.973062 0.175307
vn -0.088224 0.973063 0.212992
vn -0.018086 0.973062 0.229831
vn 0.053822 0.973062 0.224173
vn 0.120461 0.973062 0.196569
vn 0.175306 0.973062 0.149729
vn 0.212993 0.973062 0.088226
vn 0.229826 0.973064 0.018089
vn -0.000001 1.000000 -0.000000
vn 0.951056 0.000000 -0.309018
vn 0.809018 0.000000 -0.587784
vn 0.951056 0.000000 -0.309018
vn 0.809018 0.000000 -0.587784
vn 0.587789 0.000000 -0.809014
vn 0.587789 0.000000 -0.809014
vn 0.309019 0.000000 -0.951056
vn 0.309019 0.000000 -0.951056
vn 0.000000 0.000000 -1.000000
vn 0.000000 0.000000 -1.000000
vn -0.309017 0.000000 -0.951056
vn -0.309017 0.000000 -0.951056
vn -0.587784 0.000000 -0.809018
vn -0.587784 0.000000 -0.809018
vn -0.809016 0.000000 -0.587786
vn -0.809016 0.000000 -0.587786
vn -0.951057 0.000000 -0.309017
vn -0.951057 0.000000 -0.309017
vn -1.000000 0.000000 0.000000
vn -1.000000 0.000000 0.000000
vn -0.951057 0.000000 0.309017
vn -0.951057 0.000000 0.309017
vn -0.809016 0.000000 0.587786
vn -0.809016 0.000000 0.587786
vn -0.587783 0.000000 0.809018
vn -0.587783 0.000000 0.809018
vn -0.309017 0.000000 0.951057
vn -0.309017 0.000000 0.951057
vn 0.000000 0.000000 1.000000
vn 0.000000 0.000000 1.000000
vn 0.309017 0.000000 0.951057
vn 0.309017 0.000000 0.951057
vn 0.587783 0.000000 0.809018
vn 0.587783 0.000000 0.809018
vn 0.809016 0.000000 0.587787
vn 0.809016 0.000000 0.587787
vn 0.951057 0.000000 0.309016
vn 0.951057 0.000000 0.309016
vn 1.000000 0.000000 0.000000
vn 1.000000 0.000000 0.000000
vn 0.000001 1.000000 -0.000007
vn -0.000001 1.000000 -0.000007
vn 0.000000 1.000000 0.000003
vn 0.000000 1.000000 -0.000003
vn -0.000001 1.000000 -0.000001
vn -0.000001 1.000000 0.000006
vn 0.000000 1.000000 -0.000001
vn 0.000000 1.000000 -0.000001
vn 0.000000 1.000000 0.000001
vn 0.000001 1.000000 0.000000
vn 0.891008 0.000005 -0.453988
vn 0.453989 0.000006 -0.891007
vn -0.156427 0.000002 -0.987689
vn -0.707106 -0.000002 -0.707107
vn -0.987688 -0.000000 -0.156438
vn -0.891008 -0.000000 0.453987
vn -0.453985 0.000003 0.891009
vn 0.156426 -0.000000 0.987690
vn 0.707101 -0.000009 0.707113
vn 0.987688 -0.000003 0.156435
vn 0.000000 -1.000000 0.000000
vn 0.000000 -1.000000 -0.000002
vn 0.000006 -1.000000 -0.000004
vn 0.000003 -1.000000 0.000005
vn -0.000002 -1.000000 -0.000007
vn 0.000009 -1.000000 -0.000014
vn 0.000008 -1.000000 0.000002
vn -0.000006 -1.000000 0.000008
vn -0.000003 -1.000000 0.000001
vn 0.000003 -1.000000 -0.000005
vn 0.862859 0.249389 -0.439636
vn 0.439637 0.249389 -0.862858
vn -0.151476 0.249385 -0.956484
vn -0.684768 0.249383 -0.684763
vn -0.956481 0.249382 -0.151499
vn -0.862854 0.249382 0.439650
vn -0.439641 0.249384 0.862858
vn 0.151480 0.249383 0.956484
vn 0.684753 0.249383 0.684778
vn 0.956482 0.249386 0.151487
vn -0.000003 1.000000 -0.000007
vn -0.000007 1.000000 -0.000008
vn -0.000003 1.000000 0.000003
vn -0.000002 1.000000 0.000001
vn 0.000002 1.000000 -0.000002
vn 0.987686 0.000003 -0.156448
vn 0.156451 0.000004 -0.987686
vn -0.891007 -0.000000 -0.453990
vn -0.707117 -0.000001 0.707096
vn 0.453990 -0.000000 0.891007
vn 0.000016 -1.000000 0.000023
vn 0.000016 -1.000000 0.000028
vn -0.000002 -1.000000 0.000000
vn -0.000004 -1.000000 0.000002
vn -0.000008 -1.000000 -0.000005
vn -0.000001 -1.000000 0.000003
vn -0.000008 -1.000000 0.000027
vn -0.000012 -1.000000 0.000020
vn -0.000001 -1.000000 -0.000018
vn -0.000002 -1.000000 -0.000026
vn 0.857141 0.273088 -0.436729
vn 0.436721 0.273083 -0.857147
vn -0.150467 0.273082 -0.950150
vn -0.680233 0.273084 -0.680227
vn -0.950144 0.273081 -0.150509
vn -0.857141 0.273087 0.436730
vn -0.436724 0.273089 0.857143
vn 0.150472 0.273080 0.950150
vn 0.680212 0.273078 0.680250
vn 0.950149 0.273085 0.150472
vn -0.000005 1.000000 0.000005
vn 0.000000 1.000000 -0.000003
vn -0.000008 1.000000 -0.000008
vn -0.000005 1.000000 -0.000010
vn -0.000002 1.000000 0.000001
vn 0.707106 -0.000035 -0.707107
vn -0.454017 -0.000057 -0.890993
vn -0.987678 -0.000022 0.156498
vn -0.156496 -0.000026 0.987679
vn 0.891036 -0.000021 0.453933
vn 0.252784 -0.802777 -0.540045
vn 0.540002 -0.802811 -0.252769
vn -0.073541 -0.802782 -0.591721
vn -0.435485 -0.802786 -0.407294
vn -0.585481 -0.802785 -0.112911
vn -0.521905 -0.802803 0.288310
vn -0.288295 -0.802806 0.521909
vn 0.112907 -0.802778 0.585490
vn 0.407304 -0.802774 0.435496
vn 0.591681 -0.802813 0.073522
vn 0.378162 -0.553306 -0.742190
vn 0.742185 -0.553306 -0.378172
vn -0.130306 -0.553309 -0.822721
vn -0.589004 -0.553308 -0.589003
vn -0.822722 -0.553308 -0.130302
vn -0.742185 -0.553306 0.378172
vn -0.378161 -0.553306 0.742191
vn 0.130305 -0.553307 0.822722
vn 0.589003 -0.553308 0.589003
vn 0.822722 -0.553309 0.130298
vn 0.891009 -0.000000 -0.453986
vn 0.453990 -0.000000 -0.891007
vn -0.156434 -0.000000 -0.987688
vn -0.707108 -0.000000 -0.707105
vn -0.987689 -0.000000 -0.156433
vn -0.891008 0.000000 0.453987
vn -0.453994 -0.000000 0.891005
vn 0.156435 -0.000001 0.987688
vn 0.707109 -0.000000 0.707104
vn 0.987688 0.000000 0.156434
vn 0.742172 0.553334 -0.378155
vn 0.378156 0.553334 -0.742173
vn -0.130305 0.553336 -0.822703
vn -0.588993 0.553336 -0.588988
vn -0.822704 0.553334 -0.130303
vn -0.742172 0.553335 0.378156
vn -0.378159 0.553340 0.742166
vn 0.130302 0.553336 0.822703
vn 0.588988 0.553331 0.588998
vn 0.822704 0.553334 0.130307
vn 0.360510 0.914491 -0.183682
vn 0.183690 0.914496 -0.360493
vn -0.063296 0.914498 -0.399609
vn -0.286103 0.914494 -0.286087
vn -0.399628 0.914490 -0.063295
vn -0.360508 0.914487 0.183703
vn -0.183689 0.914489 0.360512
vn 0.063295 0.914490 0.399627
vn 0.286101 0.914487 0.286112
vn 0.399628 0.914490 0.063288
vn 0.000000 1.000000 -0.000009
s 1
g SM_Lamp_01
f 1/1/1 2/2/2 3/3/3
f 3/3/3 2/2/2 4/4/4
f 5/5/5 1/1/1 6/6/6
f 6/6/6 1/1/1 3/3/3
f 7/7/7 5/5/5 8/8/8
f 8/8/8 5/5/5 6/6/6
f 9/9/9 7/7/7 10/10/10
f 10/10/10 7/7/7 8/8/8
f 11/11/11 9/9/9 12/12/12
f 12/12/12 9/9/9 10/10/10
f 13/13/13 11/11/11 14/14/14
f 14/14/14 11/11/11 12/12/12
f 15/15/15 13/13/13 16/16/16
f 16/16/16 13/13/13 14/14/14
f 17/17/17 15/15/15 18/18/18
f 18/18/18 15/15/15 16/16/16
f 19/19/19 17/17/17 20/20/20
f 20/20/20 17/17/17 18/18/18
f 21/21/21 19/19/19 22/22/22
f 22/22/22 19/19/19 20/20/20
f 23/23/23 21/21/21 24/24/24
f 24/24/24 21/21/21 22/22/22
f 25/25/25 23/23/23 26/26/26
f 26/26/26 23/23/23 24/24/24
f 27/27/27 25/25/25 28/28/28
f 28/28/28 25/25/25 26/26/26
f 29/29/29 27/27/27 30/30/30
f 30/30/30 27/27/27 28/28/28
f 31/31/31 29/29/29 32/32/32
f 32/32/32 29/29/29 30/30/30
f 33/33/33 31/31/31 34/34/34
f 34/34/34 31/31/31 32/32/32
f 35/35/35 33/33/33 36/36/36
f 36/36/36 33/33/33 34/34/34
f 37/37/37 35/35/35 38/38/38
f 38/38/38 35/35/35 36/36/36
f 39/39/39 37/37/37 40/40/40
f 40/40/40 37/37/37 38/38/38
f 2/2/2 39/39/39 4/4/4
f 4/4/4 39/39/39 40/40/40
f 41/41/41 2/42/2 1/43/1
f 42/44/42 3/3/3 4/4/4
f 41/41/41 1/43/1 5/45/5
f 42/44/42 6/6/6 3/3/3
f 41/41/41 5/45/5 7/46/7
f 42/44/42 8/8/8 6/6/6
f 41/41/41 7/46/7 9/47/9
f 42/44/42 10/10/10 8/8/8
f 41/41/41 9/47/9 11/48/11
f 42/44/42 12/12/12 10/10/10
f 41/41/41 11/48/11 13/49/13
f 42/44/42 14/14/14 12/12/12
f 41/41/41 13/49/13 15/50/15
f 42/44/42 16/16/16 14/14/14
f 41/41/41 15/50/15 17/51/17
f 42/44/42 18/18/18 16/16/16
f 41/41/41 17/51/17 19/52/19
f 42/44/42 20/20/20 18/18/18
f 41/41/41 19/52/19 21/53/21
f 42/44/42 22/22/22 20/20/20
f 41/41/41 21/53/21 23/54/23
f 42/44/42 24/24/24 22/22/22
f 41/41/41 23/54/23 25/55/25
f 42/44/42 26/26/26 24/24/24
f 41/41/41 25/55/25 27/56/27
f 42/44/42 28/28/28 26/26/26
f 41/41/41 27/56/27 29/57/29
f 42/44/42 30/30/30 28/28/28
f 41/41/41 29/57/29 31/58/31
f 42/44/42 32/32/32 30/30/30
f 41/41/41 31/58/31 33/59/33
f 42/44/42 34/34/34 32/32/32
f 41/41/41 33/59/33 35/60/35
f 42/44/42 36/36/36 34/34/34
f 41/41/41 35/60/35 37/61/37
f 42/44/42 38/38/38 36/36/36
f 41/41/41 37/61/37 39/62/39
f 42/44/42 40/40/40 38/38/38
f 41/41/41 39/62/39 2/42/2
f 42/44/42 4/4/4 40/40/40
s 20
f 43/63/43 44/64/44 45/65/45
f 45/65/45 44/64/44 46/66/46
f 47/67/47 43/63/43 48/68/48
f 48/68/48 43/63/43 45/65/45
f 49/69/49 47/67/47 50/70/50
f 50/70/50 47/67/47 48/68/48
f 51/71/51 49/69/49 52/72/52
f 52/72/52 49/69/49 50/70/50
f 53/73/53 51/71/51 54/74/54
f 54/74/54 51/71/51 52/72/52
f 55/75/55 53/73/53 56/76/56
f 56/76/56 53/73/53 54/74/54
f 57/77/57 55/75/55 58/78/58
f 58/78/58 55/75/55 56/76/56
f 59/79/59 57/77/57 60/80/60
f 60/80/60 57/77/57 58/78/58
f 61/81/61 59/79/59 62/82/62
f 62/82/62 59/79/59 60/80/60
f 63/83/63 61/81/61 64/84/64
f 64/84/64 61/81/61 62/82/62
f 65/85/65 63/83/63 66/86/66
f 66/86/66 63/83/63 64/84/64
f 67/87/67 65/85/65 68/88/68
f 68/88/68 65/85/65 66/86/66
f 69/89/69 67/87/67 70/90/70
f 70/90/70 67/87/67 68/88/68
f 71/91/71 69/89/69 72/92/72
f 72/92/72 69/89/69 70/90/70
f 73/93/73 71/91/71 74/94/74
f 74/94/74 71/91/71 72/92/72
f 75/95/75 73/93/73 76/96/76
f 76/96/76 73/93/73 74/94/74
f 77/97/77 75/95/75 78/98/78
f 78/98/78 75/95/75 76/96/76
f 79/99/79 77/97/77 80/100/80
f 80/100/80 77/97/77 78/98/78
f 81/101/81 79/99/79 82/102/82
f 82/102/82 79/99/79 80/100/80
f 44/64/44 81/101/81 46/66/46
f 46/66/46 81/101/81 82/102/82
f 83/103/83 44/104/44 43/105/43
f 84/106/84 45/65/45 46/66/46
f 83/103/83 43/105/43 47/107/47
f 84/106/84 48/68/48 45/65/45
f 83/103/83 47/107/47 49/108/49
f 84/106/84 50/70/50 48/68/48
f 83/103/83 49/108/49 51/109/51
f 84/106/84 52/72/52 50/70/50
f 83/103/83 51/109/51 53/110/53
f 84/106/84 54/74/54 52/72/52
f 83/103/83 53/110/53 55/111/55
f 84/106/84 56/76/56 54/74/54
f 83/103/83 55/111/55 57/112/57
f 84/106/84 58/78/58 56/76/56
f 83/103/83 57/112/57 59/113/59
f 84/106/84 60/80/60 58/78/58
f 83/103/83 59/113/59 61/114/61
f 84/106/84 62/82/62 60/80/60
f 83/103/83 61/114/61 63/115/63
f 84/106/84 64/84/64 62/82/62
f 83/103/83 63/115/63 65/116/65
f 84/106/84 66/86/66 64/84/64
f 83/103/83 65/116/65 67/117/67
f 84/106/84 68/88/68 66/86/66
f 83/103/83 67/117/67 69/118/69
f 84/106/84 70/90/70 68/88/68
f 83/103/83 69/118/69 71/119/71
f 84/106/84 72/92/72 70/90/70
f 83/103/83 71/119/71 73/120/73
f 84/106/84 74/94/74 72/92/72
f 83/103/83 73/120/73 75/121/75
f 84/106/84 76/96/76 74/94/74
f 83/103/83 75/121/75 77/122/77
f 84/106/84 78/98/78 76/96/76
f 83/103/83 77/122/77 79/123/79
f 84/106/84 80/100/80 78/98/78
f 83/103/83 79/123/79 81/124/81
f 84/106/84 82/102/82 80/100/80
f 83/103/83 81/124/81 44/104/44
f 84/106/84 46/66/46 82/102/82
s 39
f 85/125/85 86/126/86 87/127/87
f 87/127/87 86/126/86 88/128/88
f 86/126/86 89/129/89 88/128/88
f 88/128/88 89/129/89 90/130/90
f 89/129/89 91/131/91 90/130/90
f 90/130/90 91/131/91 92/132/92
f 91/131/91 93/133/93 92/132/92
f 92/132/92 93/133/93 94/134/94
f 93/133/93 95/135/95 94/134/94
f 94/134/94 95/135/95 96/136/96
f 95/135/95 97/137/97 96/136/96
f 96/136/96 97/137/97 98/138/98
f 97/137/97 99/139/99 98/138/98
f 98/138/98 99/139/99 100/140/100
f 99/139/99 101/141/101 100/140/100
f 100/140/100 101/141/101 102/142/102
f 103/143/103 104/144/104 105/145/105
f 105/145/105 104/144/104 106/146/106
f 104/144/104 107/147/107 106/146/106
f 106/146/106 107/147/107 108/148/108
f 107/147/107 109/149/109 108/148/108
f 108/148/108 109/149/109 110/150/110
f 109/149/109 111/151/111 110/150/110
f 110/150/110 111/151/111 112/152/112
f 111/151/111 113/153/113 112/152/112
f 112/152/112 113/153/113 114/154/114
f 113/153/113 115/155/115 114/154/114
f 114/154/114 115/155/115 116/156/116
f 115/155/115 117/157/117 116/156/116
f 116/156/116 117/157/117 118/158/118
f 117/157/117 119/159/119 118/158/118
f 118/158/118 119/159/119 120/160/120
f 119/159/119 121/161/121 120/160/120
f 120/160/120 121/161/121 122/162/122
f 121/161/121 123/163/123 122/162/122
f 122/162/122 123/163/123 124/164/124
f 123/163/123 125/165/125 124/164/124
f 124/164/124 125/165/125 126/166/126
f 125/165/125 85/125/85 126/166/126
f 126/166/126 85/125/85 87/127/87
f 87/167/87 88/168/88 127/169/127
f 127/169/127 88/168/88 128/170/128
f 88/168/88 90/171/90 128/170/128
f 128/170/128 90/171/90 129/172/129
f 90/171/90 92/173/92 129/172/129
f 129/172/129 92/173/92 130/174/130
f 92/173/92 94/175/94 130/174/130
f 130/174/130 94/175/94 131/176/131
f 94/175/94 96/177/96 131/176/131
f 131/176/131 96/177/96 132/178/132
f 96/177/96 98/179/98 132/178/132
f 132/178/132 98/179/98 133/180/133
f 98/179/98 100/181/100 133/180/133
f 133/180/133 100/181/100 134/182/134
f 100/181/100 102/183/102 134/182/134
f 134/182/134 102/183/102 135/184/135
f 105/185/105 106/186/106 136/187/136
f 136/187/136 106/186/106 137/188/137
f 106/186/106 108/189/108 137/188/137
f 137/188/137 108/189/108 138/190/138
f 108/189/108 110/191/110 138/190/138
f 138/190/138 110/191/110 139/192/139
f 110/191/110 112/193/112 139/192/139
f 139/192/139 112/193/112 140/194/140
f 112/193/112 114/195/114 140/194/140
f 140/194/140 114/195/114 141/196/141
f 114/195/114 116/197/116 141/196/141
f 141/196/141 116/197/116 142/198/142
f 116/197/116 118/199/118 142/198/142
f 142/198/142 118/199/118 143/200/143
f 118/199/118 120/201/120 143/200/143
f 143/200/143 120/201/120 144/202/144
f 120/201/120 122/203/122 144/202/144
f 144/202/144 122/203/122 145/204/145
f 122/203/122 124/205/124 145/204/145
f 145/204/145 124/205/124 146/206/146
f 124/205/124 126/207/126 146/206/146
f 146/206/146 126/207/126 147/208/147
f 126/207/126 87/167/87 147/208/147
f 147/208/147 87/167/87 127/169/127
f 127/169/127 128/170/128 148/209/148
f 148/209/148 128/170/128 149/210/149
f 128/170/128 129/172/129 149/210/149
f 149/210/149 129/172/129 150/211/150
f 129/172/129 130/174/130 150/211/150
f 150/211/150 130/174/130 151/212/151
f 130/174/130 131/176/131 151/212/151
f 151/212/151 131/176/131 152/213/152
f 131/176/131 132/178/132 152/213/152
f 152/213/152 132/178/132 153/214/153
f 132/178/132 133/180/133 153/214/153
f 153/214/153 133/180/133 154/215/154
f 133/180/133 134/182/134 154/215/154
f 154/215/154 134/182/134 155/216/155
f 134/182/134 135/184/135 155/216/155
f 155/216/155 135/184/135 156/217/156
f 136/187/136 137/188/137 157/218/157
f 157/218/157 137/188/137 158/219/158
f 137/188/137 138/190/138 158/219/158
f 158/219/158 138/190/138 159/220/159
f 138/190/138 139/192/139 159/220/159
f 159/220/159 139/192/139 160/221/160
f 139/192/139 140/194/140 160/221/160
f 160/221/160 140/194/140 161/222/161
f 140/194/140 141/196/141 161/222/161
f 161/222/161 141/196/141 162/223/162
f 141/196/141 142/198/142 162/223/162
f 162/223/162 142/198/142 163/224/163
f 142/198/142 143/200/143 163/224/163
f 163/224/163 143/200/143 164/225/164
f 143/200/143 144/202/144 164/225/164
f 164/225/164 144/202/144 165/226/165
f 144/202/144 145/204/145 165/226/165
f 165/226/165 145/204/145 166/227/166
f 145/204/145 146/206/146 166/227/166
f 166/227/166 146/206/146 167/228/167
f 146/206/146 147/208/147 167/228/167
f 167/228/167 147/208/147 168/229/168
f 147/208/147 127/169/127 168/229/168
f 168/229/168 127/169/127 148/209/148
f 148/209/148 149/210/149 169/230/169
f 169/230/169 149/210/149 170/231/170
f 149/210/149 150/211/150 170/231/170
f 170/231/170 150/211/150 171/232/171
f 150/211/150 151/212/151 171/232/171
f 171/232/171 151/212/151 172/233/172
f 151/212/151 152/213/152 172/233/172
f 172/233/172 152/213/152 173/234/173
f 152/213/152 153/214/153 173/234/173
f 173/234/173 153/214/153 174/235/174
f 153/214/153 154/215/154 174/235/174
f 174/235/174 154/215/154 175/236/175
f 154/215/154 155/216/155 175/236/175
f 175/236/175 155/216/155 176/237/176
f 155/216/155 156/217/156 176/237/176
f 176/237/176 156/217/156 177/238/177
f 157/218/157 158/219/158 178/239/178
f 178/239/178 158/219/158 179/240/179
f 158/219/158 159/220/159 179/240/179
f 179/240/179 159/220/159 180/241/180
f 159/220/159 160/221/160 180/241/180
f 180/241/180 160/221/160 181/242/181
f 160/221/160 161/222/161 181/242/181
f 181/242/181 161/222/161 182/243/182
f 161/222/161 162/223/162 182/243/182
f 182/243/182 162/223/162 183/244/183
f 162/223/162 163/224/163 183/244/183
f 183/244/183 163/224/163 184/245/184
f 163/224/163 164/225/164 184/245/184
f 184/245/184 164/225/164 185/246/185
f 164/225/164 165/226/165 185/246/185
f 185/246/185 165/226/165 186/247/186
f 165/226/165 166/227/166 186/247/186
f 186/247/186 166/227/166 187/248/187
f 166/227/166 167/228/167 187/248/187
f 187/248/187 167/228/167 188/249/188
f 167/228/167 168/229/168 188/249/188
f 188/249/188 168/229/168 189/250/189
f 168/229/168 148/209/148 189/250/189
f 189/250/189 148/209/148 169/230/169
f 169/230/169 170/231/170 85/125/85
f 85/125/85 170/231/170 86/126/86
f 170/231/170 171/232/171 86/126/86
f 86/126/86 171/232/171 89/129/89
f 171/232/171 172/233/172 89/129/89
f 89/129/89 172/233/172 91/131/91
f 172/233/172 173/234/173 91/131/91
f 91/131/91 173/234/173 93/133/93
f 173/234/173 174/235/174 93/133/93
f 93/133/93 174/235/174 95/135/95
f 174/235/174 175/236/175 95/135/95
f 95/135/95 175/236/175 97/137/97
f 175/236/175 176/237/176 97/137/97
f 97/137/97 176/237/176 99/139/99
f 176/237/176 177/238/177 99/139/99
f 99/139/99 177/238/177 101/141/101
f 178/239/178 179/240/179 103/143/103
f 103/143/103 179/240/179 104/144/104
f 179/240/179 180/241/180 104/144/104
f 104/144/104 180/241/180 107/147/107
f 180/241/180 181/242/181 107/147/107
f 107/147/107 181/242/181 109/149/109
f 181/242/181 182/243/182 109/149/109
f 109/149/109 182/243/182 111/151/111
f 182/243/182 183/244/183 111/151/111
f 111/151/111 183/244/183 113/153/113
f 183/244/183 184/245/184 113/153/113
f 113/153/113 184/245/184 115/155/115
f 184/245/184 185/246/185 115/155/115
f 115/155/115 185/246/185 117/157/117
f 185/246/185 186/247/186 117/157/117
f 117/157/117 186/247/186 119/159/119
f 186/247/186 187/248/187 119/159/119
f 119/159/119 187/248/187 121/161/121
f 187/248/187 188/249/188 121/161/121
f 121/161/121 188/249/188 123/163/123
f 188/249/188 189/250/189 123/163/123
f 123/163/123 189/250/189 125/165/125
f 189/250/189 169/230/169 125/165/125
f 125/165/125 169/230/169 85/125/85
f 190/251/190 191/252/191 192/253/192
f 192/254/192 191/255/191 193/256/193
f 194/257/194 190/258/190 195/259/195
f 195/260/195 190/261/190 192/262/192
f 196/263/196 194/264/194 197/265/197
f 197/266/197 194/267/194 195/268/195
f 198/269/198 196/270/196 199/271/199
f 199/272/199 196/273/196 197/274/197
f 200/275/200 198/276/198 201/277/201
f 201/278/201 198/279/198 199/280/199
f 202/281/202 200/282/200 203/283/203
f 203/284/203 200/285/200 201/286/201
f 204/287/204 202/288/202 205/289/205
f 205/290/205 202/291/202 203/292/203
f 102/142/102 101/141/101 205/293/205
f 205/294/205 101/141/101 204/295/204
f 206/296/206 103/143/103 207/297/207
f 207/298/207 103/143/103 105/145/105
f 208/299/208 206/300/206 209/301/209
f 209/302/209 206/303/206 207/304/207
f 210/305/210 208/306/208 211/307/211
f 211/308/211 208/309/208 209/310/209
f 212/311/212 210/312/210 213/313/213
f 213/314/213 210/315/210 211/316/211
f 214/317/214 212/318/212 215/319/215
f 215/320/215 212/321/212 213/322/213
f 216/323/216 214/324/214 217/325/217
f 217/326/217 214/327/214 215/328/215
f 218/329/218 216/330/216 219/331/219
f 219/332/219 216/333/216 217/334/217
f 220/335/220 218/336/218 221/337/221
f 221/338/221 218/339/218 219/340/219
f 222/341/222 220/342/220 223/343/223
f 223/344/223 220/345/220 221/346/221
f 224/347/224 222/348/222 225/349/225
f 225/350/225 222/351/222 223/352/223
f 226/353/226 224/354/224 227/355/227
f 227/356/227 224/357/224 225/358/225
f 191/359/191 226/360/226 193/361/193
f 193/362/193 226/363/226 227/364/227
f 192/365/192 193/366/193 228/367/228
f 228/368/228 193/369/193 229/370/229
f 195/371/195 192/372/192 230/373/230
f 230/374/230 192/375/192 228/376/228
f 197/377/197 195/378/195 231/379/231
f 231/380/231 195/381/195 230/382/230
f 199/383/199 197/384/197 232/385/232
f 232/386/232 197/387/197 231/388/231
f 201/389/201 199/390/199 233/391/233
f 233/392/233 199/393/199 232/394/232
f 203/395/203 201/396/201 234/397/234
f 234/398/234 201/399/201 233/400/233
f 205/401/205 203/402/203 235/403/235
f 235/404/235 203/405/203 234/406/234
f 135/184/135 102/183/102 235/407/235
f 235/408/235 102/183/102 205/409/205
f 207/410/207 105/185/105 236/411/236
f 236/412/236 105/185/105 136/187/136
f 209/413/209 207/414/207 237/415/237
f 237/416/237 207/417/207 236/418/236
f 211/419/211 209/420/209 238/421/238
f 238/422/238 209/423/209 237/424/237
f 213/425/213 211/426/211 239/427/239
f 239/428/239 211/429/211 238/430/238
f 215/431/215 213/432/213 240/433/240
f 240/434/240 213/435/213 239/436/239
f 217/437/217 215/438/215 241/439/241
f 241/440/241 215/441/215 240/442/240
f 219/443/219 217/444/217 242/445/242
f 242/446/242 217/447/217 241/448/241
f 221/449/221 219/450/219 243/451/243
f 243/452/243 219/453/219 242/454/242
f 223/455/223 221/456/221 244/457/244
f 244/458/244 221/459/221 243/460/243
f 225/461/225 223/462/223 245/463/245
f 245/464/245 223/465/223 244/466/244
f 227/467/227 225/468/225 246/469/246
f 246/470/246 225/471/225 245/472/245
f 193/473/193 227/474/227 229/475/229
f 229/476/229 227/477/227 246/478/246
f 228/479/228 229/480/229 247/481/247
f 247/482/247 229/483/229 248/484/248
f 230/485/230 228/486/228 249/487/249
f 249/488/249 228/489/228 247/490/247
f 231/491/231 230/492/230 250/493/250
f 250/494/250 230/495/230 249/496/249
f 232/497/232 231/498/231 251/499/251
f 251/500/251 231/501/231 250/502/250
f 233/503/233 232/504/232 252/505/252
f 252/506/252 232/507/232 251/508/251
f 234/509/234 233/510/233 253/511/253
f 253/512/253 233/513/233 252/514/252
f 235/515/235 234/516/234 254/517/254
f 254/518/254 234/519/234 253/520/253
f 156/217/156 135/184/135 254/521/254
f 254/522/254 135/184/135 235/523/235
f 236/524/236 136/187/136 255/525/255
f 255/526/255 136/187/136 157/218/157
f 237/527/237 236/528/236 256/529/256
f 256/530/256 236/531/236 255/532/255
f 238/533/238 237/534/237 257/535/257
f 257/536/257 237/537/237 256/538/256
f 239/539/239 238/540/238 258/541/258
f 258/542/258 238/543/238 257/544/257
f 240/545/240 239/546/239 259/547/259
f 259/548/259 239/549/239 258/550/258
f 241/551/241 240/552/240 260/553/260
f 260/554/260 240/555/240 259/556/259
f 242/557/242 241/558/241 261/559/261
f 261/560/261 241/561/241 260/562/260
f 243/563/243 242/564/242 262/565/262
f 262/566/262 242/567/242 261/568/261
f 244/569/244 243/570/243 263/571/263
f 263/572/263 243/573/243 262/574/262
f 245/575/245 244/576/244 264/577/264
f 264/578/264 244/579/244 263/580/263
f 246/581/246 245/582/245 265/583/265
f 265/584/265 245/585/245 264/586/264
f 229/587/229 246/588/246 248/589/248
f 248/590/248 246/591/246 265/592/265
f 247/593/247 248/594/248 266/595/266
f 266/596/266 248/597/248 267/598/267
f 249/599/249 247/600/247 268/601/268
f 268/602/268 247/603/247 266/604/266
f 250/605/250 249/606/249 269/607/269
f 269/608/269 249/609/249 268/610/268
f 251/611/251 250/612/250 270/613/270
f 270/614/270 250/615/250 269/616/269
f 252/617/252 251/618/251 271/619/271
f 271/620/271 251/621/251 270/622/270
f 253/623/253 252/624/252 272/625/272
f 272/626/272 252/627/252 271/628/271
f 254/629/254 253/630/253 273/631/273
f 273/632/273 253/633/253 272/634/272
f 177/238/177 156/217/156 273/635/273
f 273/636/273 156/217/156 254/637/254
f 255/638/255 157/218/157 274/639/274
f 274/640/274 157/218/157 178/239/178
f 256/641/256 255/642/255 275/643/275
f 275/644/275 255/645/255 274/646/274
f 257/647/257 256/648/256 276/649/276
f 276/650/276 256/651/256 275/652/275
f 258/653/258 257/654/257 277/655/277
f 277/656/277 257/657/257 276/658/276
f 259/659/259 258/660/258 278/661/278
f 278/662/278 258/663/258 277/664/277
f 260/665/260 259/666/259 279/667/279
f 279/668/279 259/669/259 278/670/278
f 261/671/261 260/672/260 280/673/280
f 280/674/280 260/675/260 279/676/279
f 262/677/262 261/678/261 281/679/281
f 281/680/281 261/681/261 280/682/280
f 263/683/263 262/684/262 282/685/282
f 282/686/282 262/687/262 281/688/281
f 264/689/264 263/690/263 283/691/283
f 283/692/283 263/693/263 282/694/282
f 265/695/265 264/696/264 284/697/284
f 284/698/284 264/699/264 283/700/283
f 248/701/248 265/702/265 267/703/267
f 267/704/267 265/705/265 284/706/284
f 266/707/266 267/708/267 190/709/190
f 190/710/190 267/711/267 191/712/191
f 268/713/268 266/714/266 194/715/194
f 194/716/194 266/717/266 190/718/190
f 269/719/269 268/720/268 196/721/196
f 196/722/196 268/723/268 194/724/194
f 270/725/270 269/726/269 198/727/198
f 198/728/198 269/729/269 196/730/196
f 271/731/271 270/732/270 200/733/200
f 200/734/200 270/735/270 198/736/198
f 272/737/272 271/738/271 202/739/202
f 202/740/202 271/741/271 200/742/200
f 273/743/273 272/744/272 204/745/204
f 204/746/204 272/747/272 202/748/202
f 101/141/101 177/238/177 204/749/204
f 204/750/204 177/238/177 273/751/273
f 274/752/274 178/239/178 206/753/206
f 206/754/206 178/239/178 103/143/103
f 275/755/275 274/756/274 208/757/208
f 208/758/208 274/759/274 206/760/206
f 276/761/276 275/762/275 210/763/210
f 210/764/210 275/765/275 208/766/208
f 277/767/277 276/768/276 212/769/212
f 212/770/212 276/771/276 210/772/210
f 278/773/278 277/774/277 214/775/214
f 214/776/214 277/777/277 212/778/212
f 279/779/279 278/780/278 216/781/216
f 216/782/216 278/783/278 214/784/214
f 280/785/280 279/786/279 218/787/218
f 218/788/218 279/789/279 216/790/216
f 281/791/281 280/792/280 220/793/220
f 220/794/220 280/795/280 218/796/218
f 282/797/282 281/798/281 222/799/222
f 222/800/222 281/801/281 220/802/220
f 283/803/283 282/804/282 224/805/224
f 224/806/224 282/807/282 222/808/222
f 284/809/284 283/810/283 226/811/226
f 226/812/226 283/813/283 224/814/224
f 267/815/267 284/816/284 191/817/191
f 191/818/191 284/819/284 226/820/226
s 58
f 285/821/285 286/822/286 287/823/287
f 287/823/287 286/822/286 288/824/288
f 286/822/286 289/825/289 288/824/288
f 288/824/288 289/825/289 290/826/290
f 289/825/289 291/827/291 290/826/290
f 290/826/290 291/827/291 292/828/292
f 291/827/291 293/829/293 292/828/292
f 292/828/292 293/829/293 294/830/294
f 293/829/293 295/831/295 294/830/294
f 294/830/294 295/831/295 296/832/296
f 295/831/295 297/833/297 296/832/296
f 296/832/296 297/833/297 298/834/298
f 297/833/297 299/835/299 298/834/298
f 298/834/298 299/835/299 300/836/300
f 299/835/299 301/837/301 300/836/300
f 300/836/300 301/837/301 302/838/302
f 301/837/301 303/839/303 302/838/302
f 302/838/302 303/839/303 304/840/304
f 303/839/303 305/841/305 304/840/304
f 304/840/304 305/841/305 306/842/306
f 305/841/305 307/843/307 306/842/306
f 306/842/306 307/843/307 308/844/308
f 307/843/307 309/845/309 308/844/308
f 308/844/308 309/845/309 310/846/310
f 309/845/309 311/847/311 310/846/310
f 310/846/310 311/847/311 312/848/312
f 311/847/311 313/849/313 312/848/312
f 312/848/312 313/849/313 314/850/314
f 313/851/313 315/852/315 314/853/314
f 314/853/314 315/852/315 316/854/316
f 315/852/315 317/855/317 316/854/316
f 316/854/316 317/855/317 318/856/318
f 317/855/317 319/857/319 318/856/318
f 318/856/318 319/857/319 320/858/320
f 319/857/319 321/859/321 320/858/320
f 320/858/320 321/859/321 322/860/322
f 321/859/321 323/861/323 322/860/322
f 322/860/322 323/861/323 324/862/324
f 323/861/323 285/821/285 324/862/324
f 324/862/324 285/821/285 287/823/287
f 287/823/287 288/824/288 325/863/325
f 325/863/325 288/824/288 326/864/326
f 288/824/288 290/826/290 326/864/326
f 326/864/326 290/826/290 327/865/327
f 290/826/290 292/828/292 327/865/327
f 327/865/327 292/828/292 328/866/328
f 292/828/292 294/830/294 328/866/328
f 328/866/328 294/830/294 329/867/329
f 294/830/294 296/832/296 329/867/329
f 329/867/329 296/832/296 330/868/330
f 296/832/296 298/834/298 330/868/330
f 330/868/330 298/834/298 331/869/331
f 298/834/298 300/836/300 331/869/331
f 331/869/331 300/836/300 332/870/332
f 300/836/300 302/838/302 332/870/332
f 332/870/332 302/838/302 333/871/333
f 302/838/302 304/840/304 333/871/333
f 333/871/333 304/840/304 334/872/334
f 304/840/304 306/842/306 334/872/334
f 334/872/334 306/842/306 335/873/335
f 306/842/306 308/844/308 335/873/335
f 335/873/335 308/844/308 336/874/336
f 308/844/308 310/846/310 336/874/336
f 336/874/336 310/846/310 337/875/337
f 310/846/310 312/848/312 337/875/337
f 337/875/337 312/848/312 338/876/338
f 312/848/312 314/850/314 338/876/338
f 338/876/338 314/850/314 339/877/339
f 314/853/314 316/854/316 339/878/339
f 339/878/339 316/854/316 340/879/340
f 316/854/316 318/856/318 340/879/340
f 340/879/340 318/856/318 341/880/341
f 318/856/318 320/858/320 341/880/341
f 341/880/341 320/858/320 342/881/342
f 320/858/320 322/860/322 342/881/342
f 342/881/342 322/860/322 343/882/343
f 322/860/322 324/862/324 343/882/343
f 343/882/343 324/862/324 344/883/344
f 324/862/324 287/823/287 344/883/344
f 344/883/344 287/823/287 325/863/325
f 325/884/325 326/885/326 345/886/345
f 345/886/345 326/885/326 346/887/346
f 326/885/326 327/888/327 346/887/346
f 346/887/346 327/888/327 347/889/347
f 327/888/327 328/890/328 347/889/347
f 347/889/347 328/890/328 348/891/348
f 328/890/328 329/892/329 348/891/348
f 348/891/348 329/892/329 349/893/349
f 329/892/329 330/894/330 349/893/349
f 349/893/349 330/894/330 350/895/350
f 330/894/330 331/896/331 350/895/350
f 350/895/350 331/896/331 351/897/351
f 331/896/331 332/898/332 351/897/351
f 351/897/351 332/898/332 352/899/352
f 332/898/332 333/900/333 352/899/352
f 352/899/352 333/900/333 353/901/353
f 333/900/333 334/902/334 353/901/353
f 353/901/353 334/902/334 354/903/354
f 334/902/334 335/904/335 354/903/354
f 354/903/354 335/904/335 355/905/355
f 335/904/335 336/906/336 355/905/355
f 355/905/355 336/906/336 356/907/356
f 336/906/336 337/908/337 356/907/356
f 356/907/356 337/908/337 357/909/357
f 337/908/337 338/910/338 357/909/357
f 357/909/357 338/910/338 358/911/358
f 338/910/338 339/912/339 358/911/358
f 358/911/358 339/912/339 359/913/359
f 339/914/339 340/915/340 359/916/359
f 359/916/359 340/915/340 360/917/360
f 340/915/340 341/918/341 360/917/360
f 360/917/360 341/918/341 361/919/361
f 341/918/341 342/920/342 361/919/361
f 361/919/361 342/920/342 362/921/362
f 342/920/342 343/922/343 362/921/362
f 362/921/362 343/922/343 363/923/363
f 343/922/343 344/924/344 363/923/363
f 363/923/363 344/924/344 364/925/364
f 344/924/344 325/884/325 364/925/364
f 364/925/364 325/884/325 345/886/345
f 346/926/346 365/927/365 345/928/345
f 347/929/347 365/927/365 346/926/346
f 348/930/348 365/927/365 347/929/347
f 349/931/349 365/927/365 348/930/348
f 350/932/350 365/927/365 349/931/349
f 351/933/351 365/927/365 350/932/350
f 352/934/352 365/927/365 351/933/351
f 353/935/353 365/927/365 352/934/352
f 354/936/354 365/927/365 353/935/353
f 355/937/355 365/927/365 354/936/354
f 356/938/356 365/927/365 355/937/355
f 357/939/357 365/927/365 356/938/356
f 358/940/358 365/927/365 357/939/357
f 359/941/359 365/927/365 358/940/358
f 360/942/360 365/927/365 359/941/359
f 361/943/361 365/927/365 360/942/360
f 362/944/362 365/927/365 361/943/361
f 363/945/363 365/927/365 362/944/362
f 364/946/364 365/927/365 363/945/363
f 345/928/345 365/927/365 364/946/364
s 59
f 366/947/366 367/948/367 368/949/368
f 368/949/368 367/948/367 369/950/369
f 367/948/367 370/951/370 369/950/369
f 369/950/369 370/951/370 371/952/371
f 370/951/370 372/953/372 371/952/371
f 371/952/371 372/953/372 373/954/373
f 372/953/372 374/955/374 373/954/373
f 373/954/373 374/955/374 375/956/375
f 374/955/374 376/957/376 375/956/375
f 375/956/375 376/957/376 377/958/377
f 376/957/376 378/959/378 377/958/377
f 377/958/377 378/959/378 379/960/379
f 378/959/378 380/961/380 379/960/379
f 379/960/379 380/961/380 381/962/381
f 380/961/380 382/963/382 381/962/381
f 381/962/381 382/963/382 383/964/383
f 382/963/382 384/965/384 383/964/383
f 383/964/383 384/965/384 385/966/385
f 384/967/384 386/968/386 385/969/385
f 385/969/385 386/968/386 387/970/387
f 386/968/386 388/971/388 387/970/387
f 387/970/387 388/971/388 389/972/389
f 388/971/388 390/973/390 389/972/389
f 389/972/389 390/973/390 391/974/391
f 390/973/390 392/975/392 391/974/391
f 391/974/391 392/975/392 393/976/393
f 392/975/392 394/977/394 393/976/393
f 393/976/393 394/977/394 395/978/395
f 394/977/394 396/979/396 395/978/395
f 395/978/395 396/979/396 397/980/397
f 396/979/396 398/981/398 397/980/397
f 397/980/397 398/981/398 399/982/399
f 398/981/398 400/983/400 399/982/399
f 399/982/399 400/983/400 401/984/401
f 400/983/400 402/985/402 401/984/401
f 401/984/401 402/985/402 403/986/403
f 402/985/402 404/987/404 403/986/403
f 403/986/403 404/987/404 405/988/405
f 404/987/404 366/947/366 405/988/405
f 405/988/405 366/947/366 368/949/368
f 367/989/367 366/990/366 406/991/406
f 370/992/370 367/989/367 406/991/406
f 372/993/372 370/992/370 406/991/406
f 374/994/374 372/993/372 406/991/406
f 376/995/376 374/994/374 406/991/406
f 378/996/378 376/995/376 406/991/406
f 380/997/380 378/996/378 406/991/406
f 382/998/382 380/997/380 406/991/406
f 384/999/384 382/998/382 406/991/406
f 386/1000/386 384/999/384 406/991/406
f 388/1001/388 386/1000/386 406/991/406
f 390/1002/390 388/1001/388 406/991/406
f 392/1003/392 390/1002/390 406/991/406
f 394/1004/394 392/1003/392 406/991/406
f 396/1005/396 394/1004/394 406/991/406
f 398/1006/398 396/1005/396 406/991/406
f 400/1007/400 398/1006/398 406/991/406
f 402/1008/402 400/1007/400 406/991/406
f 404/1009/404 402/1008/402 406/991/406
f 366/990/366 404/1009/404 406/991/406
f 368/1010/368 369/1011/369 407/1012/407
f 369/1013/369 371/1014/371 407/1015/407
f 371/1016/371 373/1017/373 407/1018/407
f 373/1019/373 375/1020/375 407/1021/407
f 375/1022/375 377/1023/377 407/1024/407
f 377/1025/377 379/1026/379 407/1027/407
f 379/1028/379 381/1029/381 407/1030/407
f 381/1031/381 383/1032/383 407/1033/407
f 383/1034/383 385/1035/385 407/1036/407
f 385/1037/385 387/1038/387 407/1039/407
f 387/1040/387 389/1041/389 407/1042/407
f 389/1043/389 391/1044/391 407/1045/407
f 391/1046/391 393/1047/393 407/1048/407
f 393/1049/393 395/1050/395 407/1051/407
f 395/1052/395 397/1053/397 407/1054/407
f 397/1055/397 399/1056/399 407/1057/407
f 399/1058/399 401/1059/401 407/1060/407
f 401/1061/401 403/1062/403 407/1063/407
f 403/1064/403 405/1065/405 407/1066/407
f 405/1067/405 368/1068/368 407/1069/407
s 60
f 408/1070/408 409/1071/409 410/1072/410
f 410/1072/410 409/1071/409 411/1073/411
f 412/1074/412 413/1075/413 414/1076/414
f 414/1076/414 413/1075/413 415/1077/415
f 415/1077/415 413/1075/413 409/1071/409
f 409/1071/409 413/1075/413 411/1073/411
f 412/1074/412 414/1076/414 410/1078/410
f 410/1078/410 414/1076/414 408/1079/408
s 62
f 416/1080/416 417/1081/417 418/1082/418
f 418/1082/418 417/1081/417 419/1083/419
f 417/1081/417 420/1084/420 419/1083/419
f 419/1083/419 420/1084/420 421/1085/421
f 420/1084/420 422/1086/422 421/1085/421
f 421/1085/421 422/1086/422 423/1087/423
f 422/1086/422 424/1088/424 423/1087/423
f 423/1087/423 424/1088/424 425/1089/425
f 424/1088/424 426/1090/426 425/1089/425
f 425/1089/425 426/1090/426 427/1091/427
f 426/1090/426 428/1092/428 427/1091/427
f 427/1091/427 428/1092/428 429/1093/429
f 428/1092/428 430/1094/430 429/1093/429
f 429/1093/429 430/1094/430 431/1095/431
f 430/1094/430 432/1096/432 431/1095/431
f 431/1095/431 432/1096/432 433/1097/433
f 432/1096/432 434/1098/434 433/1097/433
f 433/1097/433 434/1098/434 435/1099/435
f 434/1098/434 436/1100/436 435/1099/435
f 435/1099/435 436/1100/436 437/1101/437
f 436/1100/436 438/1102/438 437/1101/437
f 437/1101/437 438/1102/438 439/1103/439
f 438/1102/438 440/1104/440 439/1103/439
f 439/1103/439 440/1104/440 441/1105/441
f 440/1104/440 442/1106/442 441/1105/441
f 441/1105/441 442/1106/442 443/1107/443
f 442/1106/442 444/1108/444 443/1107/443
f 443/1107/443 444/1108/444 445/1109/445
f 444/1108/444 446/1110/446 445/1109/445
f 445/1109/445 446/1110/446 447/1111/447
f 446/1110/446 448/1112/448 447/1111/447
f 447/1111/447 448/1112/448 449/1113/449
f 448/1112/448 450/1114/450 449/1113/449
f 449/1113/449 450/1114/450 451/1115/451
f 450/1114/450 452/1116/452 451/1115/451
f 451/1115/451 452/1116/452 453/1117/453
f 452/1116/452 454/1118/454 453/1117/453
f 453/1117/453 454/1118/454 455/1119/455
f 454/1120/454 416/1080/416 455/1121/455
f 455/1121/455 416/1080/416 418/1082/418
f 417/1122/417 416/1123/416 456/1124/456
f 420/1125/420 417/1122/417 456/1124/456
f 422/1126/422 420/1125/420 456/1124/456
f 424/1127/424 422/1126/422 456/1124/456
f 426/1128/426 424/1127/424 456/1124/456
f 428/1129/428 426/1128/426 456/1124/456
f 430/1130/430 428/1129/428 456/1124/456
f 432/1131/432 430/1130/430 456/1124/456
f 434/1132/434 432/1131/432 456/1124/456
f 436/1133/436 434/1132/434 456/1124/456
f 438/1134/438 436/1133/436 456/1124/456
f 440/1135/440 438/1134/438 456/1124/456
f 442/1136/442 440/1135/440 456/1124/456
f 444/1137/444 442/1136/442 456/1124/456
f 446/1138/446 444/1137/444 456/1124/456
f 448/1139/448 446/1138/446 456/1124/456
f 450/1140/450 448/1139/448 456/1124/456
f 452/1141/452 450/1140/450 456/1124/456
f 454/1142/454 452/1141/452 456/1124/456
f 416/1123/416 454/1142/454 456/1124/456
f 418/1143/418 419/1144/419 457/1145/457
f 419/1144/419 421/1146/421 457/1145/457
f 421/1146/421 423/1147/423 457/1145/457
f 423/1147/423 425/1148/425 457/1145/457
f 425/1148/425 427/1149/427 457/1145/457
f 427/1150/427 429/1151/429 457/1145/457
f 429/1151/429 431/1152/431 457/1145/457
f 431/1153/431 433/1154/433 457/1145/457
f 433/1154/433 435/1155/435 457/1145/457
f 435/1155/435 437/1156/437 457/1145/457
f 437/1156/437 439/1157/439 457/1145/457
f 439/1157/439 441/1158/441 457/1145/457
f 441/1158/441 443/1159/443 457/1145/457
f 443/1160/443 445/1161/445 457/1145/457
f 445/1161/445 447/1162/447 457/1145/457
f 447/1162/447 449/1163/449 457/1145/457
f 449/1164/449 451/1165/451 457/1145/457
f 451/1165/451 453/1166/453 457/1145/457
f 453/1166/453 455/1167/455 457/1145/457
f 455/1167/455 418/1143/418 457/1145/457
s 63
f 458/1168/458 459/1169/459 460/1170/460
f 460/1170/460 459/1169/459 461/1171/461
f 460/1170/460 461/1171/461 462/1172/462
f 462/1172/462 461/1171/461 463/1173/463
f 462/1172/462 463/1173/463 464/1174/464
f 464/1174/464 463/1173/463 465/1175/465
f 464/1174/464 465/1175/465 466/1176/466
f 466/1176/466 465/1175/465 467/1177/467
f 466/1176/466 467/1177/467 468/1178/468
f 468/1178/468 467/1177/467 469/1179/469
f 468/1178/468 469/1179/469 470/1180/470
f 470/1180/470 469/1179/469 471/1181/471
f 470/1180/470 471/1181/471 472/1182/472
f 472/1182/472 471/1181/471 473/1183/473
f 472/1184/472 473/1185/473 474/1186/474
f 474/1186/474 473/1185/473 475/1187/475
f 474/1186/474 475/1187/475 476/1188/476
f 476/1188/476 475/1187/475 477/1189/477
f 476/1188/476 477/1189/477 458/1168/458
f 458/1168/458 477/1189/477 459/1169/459
f 478/1190/478 458/1168/458 479/1191/479
f 479/1191/479 458/1168/458 460/1170/460
f 479/1191/479 460/1170/460 480/1192/480
f 480/1192/480 460/1170/460 462/1172/462
f 480/1192/480 462/1172/462 481/1193/481
f 481/1193/481 462/1172/462 464/1174/464
f 481/1193/481 464/1174/464 482/1194/482
f 482/1194/482 464/1174/464 466/1176/466
f 482/1194/482 466/1176/466 483/1195/483
f 483/1195/483 466/1176/466 468/1178/468
f 483/1195/483 468/1178/468 484/1196/484
f 484/1196/484 468/1178/468 470/1180/470
f 484/1196/484 470/1180/470 485/1197/485
f 485/1197/485 470/1180/470 472/1182/472
f 485/1198/485 472/1184/472 486/1199/486
f 486/1199/486 472/1184/472 474/1186/474
f 486/1199/486 474/1186/474 487/1200/487
f 487/1200/487 474/1186/474 476/1188/476
f 487/1200/487 476/1188/476 478/1190/478
f 478/1190/478 476/1188/476 458/1168/458
f 488/1201/488 478/1190/478 489/1202/489
f 489/1202/489 478/1190/478 479/1191/479
f 489/1202/489 479/1191/479 490/1203/490
f 490/1203/490 479/1191/479 480/1192/480
f 490/1203/490 480/1192/480 491/1204/491
f 491/1204/491 480/1192/480 481/1193/481
f 491/1204/491 481/1193/481 492/1205/492
f 492/1205/492 481/1193/481 482/1194/482
f 492/1205/492 482/1194/482 493/1206/493
f 493/1206/493 482/1194/482 483/1195/483
f 493/1206/493 483/1195/483 494/1207/494
f 494/1207/494 483/1195/483 484/1196/484
f 494/1207/494 484/1196/484 495/1208/495
f 495/1208/495 484/1196/484 485/1197/485
f 495/1209/495 485/1198/485 496/1210/496
f 496/1210/496 485/1198/485 486/1199/486
f 496/1210/496 486/1199/486 497/1211/497
f 497/1211/497 486/1199/486 487/1200/487
f 497/1211/497 487/1200/487 488/1201/488
f 488/1201/488 487/1200/487 478/1190/478
f 498/1212/498 488/1201/488 499/1213/499
f 499/1213/499 488/1201/488 489/1202/489
f 499/1213/499 489/1202/489 500/1214/500
f 500/1214/500 489/1202/489 490/1203/490
f 500/1214/500 490/1203/490 501/1215/501
f 501/1215/501 490/1203/490 491/1204/491
f 501/1215/501 491/1204/491 502/1216/502
f 502/1216/502 491/1204/491 492/1205/492
f 502/1216/502 492/1205/492 503/1217/503
f 503/1217/503 492/1205/492 493/1206/493
f 503/1217/503 493/1206/493 504/1218/504
f 504/1218/504 493/1206/493 494/1207/494
f 504/1218/504 494/1207/494 505/1219/505
f 505/1219/505 494/1207/494 495/1208/495
f 505/1220/505 495/1209/495 506/1221/506
f 506/1221/506 495/1209/495 496/1210/496
f 506/1221/506 496/1210/496 507/1222/507
f 507/1222/507 496/1210/496 497/1211/497
f 507/1222/507 497/1211/497 498/1212/498
f 498/1212/498 497/1211/497 488/1201/488
f 508/1223/508 509/1224/509 510/1225/510
f 510/1225/510 509/1224/509 511/1226/511
f 509/1224/509 508/1223/508 512/1227/512
f 512/1227/512 508/1223/508 513/1228/513
f 512/1227/512 513/1228/513 514/1229/514
f 514/1229/514 513/1228/513 515/1230/515
f 514/1229/514 515/1230/515 516/1231/516
f 516/1231/516 515/1230/515 517/1232/517
f 516/1231/516 517/1232/517 518/1233/518
f 518/1233/518 517/1232/517 519/1234/519
f 518/1233/518 519/1234/519 520/1235/520
f 520/1235/520 519/1234/519 521/1236/521
f 520/1235/520 521/1236/521 522/1237/522
f 522/1237/522 521/1236/521 523/1238/523
f 522/1237/522 523/1238/523 524/1239/524
f 524/1239/524 523/1238/523 525/1240/525
f 524/1239/524 525/1240/525 526/1241/526
f 526/1241/526 525/1240/525 527/1242/527
f 526/1241/526 527/1242/527 511/1226/511
f 511/1226/511 527/1242/527 510/1225/510
f 528/1243/528 509/1224/509 512/1227/512
f 528/1243/528 512/1227/512 514/1229/514
f 528/1243/528 514/1229/514 516/1231/516
f 528/1243/528 516/1231/516 518/1233/518
f 528/1243/528 518/1233/518 520/1235/520
f 528/1243/528 520/1235/520 522/1237/522
f 528/1243/528 522/1237/522 524/1239/524
f 528/1243/528 524/1239/524 526/1241/526
f 528/1243/528 526/1241/526 511/1226/511
f 528/1243/528 511/1226/511 509/1224/509
f 513/1228/513 508/1223/508 499/1244/499
f 499/1244/499 508/1223/508 498/1245/498
f 515/1230/515 513/1228/513 500/1246/500
f 500/1246/500 513/1228/513 499/1244/499
f 517/1232/517 515/1230/515 501/1247/501
f 501/1247/501 515/1230/515 500/1246/500
f 519/1234/519 517/1232/517 502/1248/502
f 502/1248/502 517/1232/517 501/1247/501
f 521/1236/521 519/1234/519 503/1249/503
f 503/1249/503 519/1234/519 502/1248/502
f 523/1238/523 521/1236/521 504/1250/504
f 504/1250/504 521/1236/521 503/1249/503
f 525/1240/525 523/1238/523 505/1251/505
f 505/1251/505 523/1238/523 504/1250/504
f 527/1242/527 525/1240/525 506/1252/506
f 506/1252/506 525/1240/525 505/1251/505
f 510/1225/510 527/1242/527 507/1253/507
f 507/1253/507 527/1242/527 506/1252/506
f 508/1223/508 510/1225/510 498/1245/498
f 498/1245/498 510/1225/510 507/1253/507
s 65
f 529/1254/529 530/1255/530 531/1256/531
f 531/1256/531 530/1255/530 532/1257/532
f 533/1258/533 529/1254/529 534/1259/534
f 534/1259/534 529/1254/529 531/1256/531
f 535/1260/535 533/1258/533 536/1261/536
f 536/1261/536 533/1258/533 534/1259/534
f 537/1262/537 535/1260/535 538/1263/538
f 538/1263/538 535/1260/535 536/1261/536
f 539/1264/539 537/1262/537 540/1265/540
f 540/1265/540 537/1262/537 538/1263/538
f 541/1266/541 539/1264/539 542/1267/542
f 542/1267/542 539/1264/539 540/1265/540
f 543/1268/543 541/1266/541 544/1269/544
f 544/1269/544 541/1266/541 542/1267/542
f 545/1270/545 543/1268/543 546/1271/546
f 546/1271/546 543/1268/543 544/1269/544
f 547/1272/547 545/1270/545 548/1273/548
f 548/1273/548 545/1270/545 546/1271/546
f 549/1274/549 547/1272/547 550/1275/550
f 550/1275/550 547/1272/547 548/1273/548
f 551/1276/551 549/1274/549 552/1277/552
f 552/1277/552 549/1274/549 550/1275/550
f 553/1278/553 551/1276/551 554/1279/554
f 554/1279/554 551/1276/551 552/1277/552
f 555/1280/555 553/1278/553 556/1281/556
f 556/1281/556 553/1278/553 554/1279/554
f 557/1282/557 555/1280/555 558/1283/558
f 558/1283/558 555/1280/555 556/1281/556
f 559/1284/559 557/1282/557 560/1285/560
f 560/1285/560 557/1282/557 558/1283/558
f 561/1286/561 559/1284/559 562/1287/562
f 562/1287/562 559/1284/559 560/1285/560
f 563/1288/563 561/1286/561 564/1289/564
f 564/1289/564 561/1286/561 562/1287/562
f 565/1290/565 563/1288/563 566/1291/566
f 566/1291/566 563/1288/563 564/1289/564
f 567/1292/567 565/1290/565 568/1293/568
f 568/1293/568 565/1290/565 566/1291/566
f 530/1255/530 567/1292/567 532/1257/532
f 532/1257/532 567/1292/567 568/1293/568
f 569/1294/569 530/1295/530 529/1296/529
f 570/1297/570 531/1256/531 532/1257/532
f 569/1294/569 529/1296/529 533/1298/533
f 570/1297/570 534/1259/534 531/1256/531
f 569/1294/569 533/1298/533 535/1299/535
f 570/1297/570 536/1261/536 534/1259/534
f 569/1294/569 535/1299/535 537/1300/537
f 570/1297/570 538/1263/538 536/1261/536
f 569/1294/569 537/1300/537 539/1301/539
f 570/1297/570 540/1265/540 538/1263/538
f 569/1294/569 539/1301/539 541/1302/541
f 570/1297/570 542/1267/542 540/1265/540
f 569/1294/569 541/1302/541 543/1303/543
f 570/1297/570 544/1269/544 542/1267/542
f 569/1294/569 543/1303/543 545/1304/545
f 570/1297/570 546/1271/546 544/1269/544
f 569/1294/569 545/1304/545 547/1305/547
f 570/1297/570 548/1273/548 546/1271/546
f 569/1294/569 547/1305/547 549/1306/549
f 570/1297/570 550/1275/550 548/1273/548
f 569/1294/569 549/1306/549 551/1307/551
f 570/1297/570 552/1277/552 550/1275/550
f 569/1294/569 551/1307/551 553/1308/553
f 570/1297/570 554/1279/554 552/1277/552
f 569/1294/569 553/1308/553 555/1309/555
f 570/1297/570 556/1281/556 554/1279/554
f 569/1294/569 555/1309/555 557/1310/557
f 570/1297/570 558/1283/558 556/1281/556
f 569/1294/569 557/1310/557 559/1311/559
f 570/1297/570 560/1285/560 558/1283/558
f 569/1294/569 559/1311/559 561/1312/561
f 570/1297/570 562/1287/562 560/1285/560
f 569/1294/569 561/1312/561 563/1313/563
f 570/1297/570 564/1289/564 562/1287/562
f 569/1294/569 563/1313/563 565/1314/565
f 570/1297/570 566/1291/566 564/1289/564
f 569/1294/569 565/1314/565 567/1315/567
f 570/1297/570 568/1293/568 566/1291/566
f 569/1294/569 567/1315/567 530/1295/530
f 570/1297/570 532/1257/532 568/1293/568
s 84
f 571/1316/571 572/1317/572 573/1318/573
f 573/1318/573 572/1317/572 574/1319/574
f 572/1317/572 575/1320/575 574/1319/574
f 574/1319/574 575/1320/575 576/1321/576
f 575/1322/575 577/1323/577 576/1324/576
f 576/1324/576 577/1323/577 578/1325/578
f 577/1323/577 579/1326/579 578/1325/578
f 578/1325/578 579/1326/579 580/1327/580
f 579/1326/579 581/1328/581 580/1327/580
f 580/1327/580 581/1328/581 582/1329/582
f 581/1328/581 583/1330/583 582/1329/582
f 582/1329/582 583/1330/583 584/1331/584
f 583/1330/583 585/1332/585 584/1331/584
f 584/1331/584 585/1332/585 586/1333/586
f 585/1332/585 587/1334/587 586/1333/586
f 586/1333/586 587/1334/587 588/1335/588
f 587/1334/587 589/1336/589 588/1335/588
f 588/1335/588 589/1336/589 590/1337/590
f 589/1336/589 571/1316/571 590/1337/590
f 590/1337/590 571/1316/571 573/1318/573
f 591/1338/591 592/1339/592 593/1340/593
f 593/1340/593 592/1339/592 594/1341/594
f 595/1342/595 591/1338/591 596/1343/596
f 596/1343/596 591/1338/591 593/1340/593
f 597/1344/597 595/1342/595 598/1345/598
f 598/1345/598 595/1342/595 596/1343/596
f 599/1346/599 597/1344/597 600/1347/600
f 600/1347/600 597/1344/597 598/1345/598
f 601/1348/601 599/1346/599 602/1349/602
f 602/1349/602 599/1346/599 600/1347/600
f 603/1350/603 601/1348/601 604/1351/604
f 604/1351/604 601/1348/601 602/1349/602
f 605/1352/605 603/1350/603 606/1353/606
f 606/1353/606 603/1350/603 604/1351/604
f 607/1354/607 605/1352/605 608/1355/608
f 608/1355/608 605/1352/605 606/1353/606
f 609/1356/609 607/1354/607 610/1357/610
f 610/1357/610 607/1354/607 608/1355/608
f 611/1358/611 609/1356/609 612/1359/612
f 612/1359/612 609/1356/609 610/1357/610
f 613/1360/613 611/1358/611 614/1361/614
f 614/1361/614 611/1358/611 612/1359/612
f 615/1362/615 613/1360/613 616/1363/616
f 616/1363/616 613/1360/613 614/1361/614
f 617/1364/617 615/1362/615 618/1365/618
f 618/1365/618 615/1362/615 616/1363/616
f 619/1366/619 617/1364/617 620/1367/620
f 620/1367/620 617/1364/617 618/1365/618
f 621/1368/621 619/1366/619 622/1369/622
f 622/1369/622 619/1366/619 620/1367/620
f 623/1370/623 621/1368/621 624/1371/624
f 624/1371/624 621/1368/621 622/1369/622
f 625/1372/625 623/1373/623 626/1374/626
f 626/1374/626 623/1373/623 624/1375/624
f 627/1376/627 625/1372/625 628/1377/628
f 628/1377/628 625/1372/625 626/1374/626
f 629/1378/629 627/1376/627 630/1379/630
f 630/1379/630 627/1376/627 628/1377/628
f 592/1339/592 629/1378/629 594/1341/594
f 594/1341/594 629/1378/629 630/1379/630
f 579/1326/579 592/1339/592 591/1338/591
f 581/1328/581 579/1326/579 595/1342/595
f 595/1342/595 579/1326/579 591/1338/591
f 581/1328/581 595/1342/595 597/1344/597
f 583/1330/583 581/1328/581 599/1346/599
f 599/1346/599 581/1328/581 597/1344/597
f 583/1330/583 599/1346/599 601/1348/601
f 585/1332/585 583/1330/583 603/1350/603
f 603/1350/603 583/1330/583 601/1348/601
f 585/1332/585 603/1350/603 605/1352/605
f 587/1334/587 585/1332/585 607/1354/607
f 607/1354/607 585/1332/585 605/1352/605
f 587/1334/587 607/1354/607 609/1356/609
f 589/1336/589 587/1334/587 611/1358/611
f 611/1358/611 587/1334/587 609/1356/609
f 589/1336/589 611/1358/611 613/1360/613
f 571/1316/571 589/1336/589 615/1362/615
f 615/1362/615 589/1336/589 613/1360/613
f 571/1316/571 615/1362/615 617/1364/617
f 572/1317/572 571/1316/571 619/1366/619
f 619/1366/619 571/1316/571 617/1364/617
f 572/1317/572 619/1366/619 621/1368/621
f 575/1320/575 572/1317/572 623/1370/623
f 623/1370/623 572/1317/572 621/1368/621
f 575/1322/575 623/1373/623 625/1372/625
f 577/1323/577 575/1322/575 627/1376/627
f 627/1376/627 575/1322/575 625/1372/625
f 577/1323/577 627/1376/627 629/1378/629
f 579/1326/579 577/1323/577 592/1339/592
f 592/1339/592 577/1323/577 629/1378/629
f 631/1380/631 632/1381/632 633/1382/633
f 633/1382/633 632/1381/632 634/1383/634
f 632/1381/632 635/1384/635 634/1383/634
f 634/1383/634 635/1384/635 636/1385/636
f 635/1384/635 637/1386/637 636/1385/636
f 636/1385/636 637/1386/637 638/1387/638
f 637/1386/637 639/1388/639 638/1387/638
f 638/1387/638 639/1388/639 640/1389/640
f 639/1388/639 641/1390/641 640/1389/640
f 640/1389/640 641/1390/641 642/1391/642
f 641/1390/641 643/1392/643 642/1391/642
f 642/1391/642 643/1392/643 644/1393/644
f 643/1392/643 645/1394/645 644/1393/644
f 644/1393/644 645/1394/645 646/1395/646
f 645/1394/645 647/1396/647 646/1395/646
f 646/1395/646 647/1396/647 648/1397/648
f 647/1396/647 649/1398/649 648/1397/648
f 648/1397/648 649/1398/649 650/1399/650
f 649/1400/649 651/1401/651 650/1402/650
f 650/1402/650 651/1401/651 652/1403/652
f 651/1401/651 653/1404/653 652/1403/652
f 652/1403/652 653/1404/653 654/1405/654
f 653/1404/653 655/1406/655 654/1405/654
f 654/1405/654 655/1406/655 656/1407/656
f 655/1406/655 657/1408/657 656/1407/656
f 656/1407/656 657/1408/657 658/1409/658
f 657/1408/657 659/1410/659 658/1409/658
f 658/1409/658 659/1410/659 660/1411/660
f 659/1410/659 661/1412/661 660/1411/660
f 660/1411/660 661/1412/661 662/1413/662
f 661/1412/661 663/1414/663 662/1413/662
f 662/1413/662 663/1414/663 664/1415/664
f 663/1414/663 665/1416/665 664/1415/664
f 664/1415/664 665/1416/665 666/1417/666
f 665/1416/665 667/1418/667 666/1417/666
f 666/1417/666 667/1418/667 668/1419/668
f 667/1418/667 669/1420/669 668/1419/668
f 668/1419/668 669/1420/669 670/1421/670
f 669/1420/669 631/1380/631 670/1421/670
f 670/1421/670 631/1380/631 633/1382/633
f 671/1422/671 672/1423/672 673/1424/673
f 673/1424/673 672/1423/672 674/1425/674
f 672/1423/672 675/1426/675 674/1425/674
f 674/1425/674 675/1426/675 676/1427/676
f 675/1426/675 677/1428/677 676/1427/676
f 676/1427/676 677/1428/677 678/1429/678
f 677/1428/677 679/1430/679 678/1429/678
f 678/1429/678 679/1430/679 680/1431/680
f 679/1430/679 681/1432/681 680/1431/680
f 680/1431/680 681/1432/681 682/1433/682
f 681/1432/681 683/1434/683 682/1433/682
f 682/1433/682 683/1434/683 684/1435/684
f 683/1434/683 685/1436/685 684/1435/684
f 684/1435/684 685/1436/685 686/1437/686
f 685/1436/685 687/1438/687 686/1437/686
f 686/1437/686 687/1438/687 688/1439/688
f 687/1438/687 689/1440/689 688/1439/688
f 688/1439/688 689/1440/689 690/1441/690
f 689/1442/689 691/1443/691 690/1444/690
f 690/1444/690 691/1443/691 692/1445/692
f 691/1443/691 693/1446/693 692/1445/692
f 692/1445/692 693/1446/693 694/1447/694
f 693/1446/693 695/1448/695 694/1447/694
f 694/1447/694 695/1448/695 696/1449/696
f 695/1448/695 697/1450/697 696/1449/696
f 696/1449/696 697/1450/697 698/1451/698
f 697/1450/697 699/1452/699 698/1451/698
f 698/1451/698 699/1452/699 700/1453/700
f 699/1452/699 701/1454/701 700/1453/700
f 700/1453/700 701/1454/701 702/1455/702
f 701/1454/701 703/1456/703 702/1455/702
f 702/1455/702 703/1456/703 704/1457/704
f 703/1456/703 705/1458/705 704/1457/704
f 704/1457/704 705/1458/705 706/1459/706
f 705/1458/705 707/1460/707 706/1459/706
f 706/1459/706 707/1460/707 708/1461/708
f 707/1460/707 709/1462/709 708/1461/708
f 708/1461/708 709/1462/709 710/1463/710
f 709/1462/709 671/1422/671 710/1463/710
f 710/1463/710 671/1422/671 673/1424/673
f 672/1464/672 671/1465/671 711/1466/711
f 675/1467/675 672/1464/672 711/1466/711
f 677/1468/677 675/1467/675 711/1466/711
f 679/1469/679 677/1468/677 711/1466/711
f 681/1470/681 679/1469/679 711/1466/711
f 683/1471/683 681/1470/681 711/1466/711
f 685/1472/685 683/1471/683 711/1466/711
f 687/1473/687 685/1472/685 711/1466/711
f 689/1474/689 687/1473/687 711/1466/711
f 691/1475/691 689/1474/689 711/1466/711
f 693/1476/693 691/1475/691 711/1466/711
f 695/1477/695 693/1476/693 711/1466/711
f 697/1478/697 695/1477/695 711/1466/711
f 699/1479/699 697/1478/697 711/1466/711
f 701/1480/701 699/1479/699 711/1466/711
f 703/1481/703 701/1480/701 711/1466/711
f 705/1482/705 703/1481/703 711/1466/711
f 707/1483/707 705/1482/705 711/1466/711
f 709/1484/709 707/1483/707 711/1466/711
f 671/1465/671 709/1484/709 711/1466/711
f 673/1424/673 674/1425/674 712/1485/712
f 712/1485/712 674/1425/674 713/1486/713
f 674/1425/674 676/1427/676 713/1486/713
f 713/1486/713 676/1427/676 714/1487/714
f 676/1427/676 678/1429/678 714/1487/714
f 714/1487/714 678/1429/678 715/1488/715
f 678/1429/678 680/1431/680 715/1488/715
f 715/1488/715 680/1431/680 716/1489/716
f 680/1431/680 682/1433/682 716/1489/716
f 716/1489/716 682/1433/682 717/1490/717
f 682/1433/682 684/1435/684 717/1490/717
f 717/1490/717 684/1435/684 718/1491/718
f 684/1435/684 686/1437/686 718/1491/718
f 718/1491/718 686/1437/686 719/1492/719
f 686/1437/686 688/1439/688 719/1492/719
f 719/1492/719 688/1439/688 720/1493/720
f 688/1439/688 690/1441/690 720/1493/720
f 720/1493/720 690/1441/690 721/1494/721
f 690/1444/690 692/1445/692 721/1495/721
f 721/1495/721 692/1445/692 722/1496/722
f 692/1445/692 694/1447/694 722/1496/722
f 722/1496/722 694/1447/694 723/1497/723
f 694/1447/694 696/1449/696 723/1497/723
f 723/1497/723 696/1449/696 724/1498/724
f 696/1449/696 698/1451/698 724/1498/724
f 724/1498/724 698/1451/698 725/1499/725
f 698/1451/698 700/1453/700 725/1499/725
f 725/1499/725 700/1453/700 726/1500/726
f 700/1453/700 702/1455/702 726/1500/726
f 726/1500/726 702/1455/702 727/1501/727
f 702/1455/702 704/1457/704 727/1501/727
f 727/1501/727 704/1457/704 728/1502/728
f 704/1457/704 706/1459/706 728/1502/728
f 728/1502/728 706/1459/706 729/1503/729
f 706/1459/706 708/1461/708 729/1503/729
f 729/1503/729 708/1461/708 730/1504/730
f 708/1461/708 710/1463/710 730/1504/730
f 730/1504/730 710/1463/710 731/1505/731
f 710/1463/710 673/1424/673 731/1505/731
f 731/1505/731 673/1424/673 712/1485/712
f 712/1506/712 713/1507/713 732/1508/732
f 732/1508/732 713/1507/713 733/1509/733
f 713/1507/713 714/1510/714 733/1509/733
f 733/1509/733 714/1510/714 734/1511/734
f 714/1510/714 715/1512/715 734/1511/734
f 734/1511/734 715/1512/715 735/1513/735
f 715/1512/715 716/1514/716 735/1513/735
f 735/1513/735 716/1514/716 736/1515/736
f 716/1514/716 717/1516/717 736/1515/736
f 736/1515/736 717/1516/717 737/1517/737
f 717/1516/717 718/1518/718 737/1517/737
f 737/1517/737 718/1518/718 738/1519/738
f 718/1518/718 719/1520/719 738/1519/738
f 738/1519/738 719/1520/719 739/1521/739
f 719/1520/719 720/1522/720 739/1521/739
f 739/1521/739 720/1522/720 740/1523/740
f 720/1522/720 721/1524/721 740/1523/740
f 740/1523/740 721/1524/721 741/1525/741
f 721/1526/721 722/1527/722 741/1528/741
f 741/1528/741 722/1527/722 742/1529/742
f 722/1527/722 723/1530/723 742/1529/742
f 742/1529/742 723/1530/723 743/1531/743
f 723/1530/723 724/1532/724 743/1531/743
f 743/1531/743 724/1532/724 744/1533/744
f 724/1532/724 725/1534/725 744/1533/744
f 744/1533/744 725/1534/725 745/1535/745
f 725/1534/725 726/1536/726 745/1535/745
f 745/1535/745 726/1536/726 746/1537/746
f 726/1536/726 727/1538/727 746/1537/746
f 746/1537/746 727/1538/727 747/1539/747
f 727/1538/727 728/1540/728 747/1539/747
f 747/1539/747 728/1540/728 748/1541/748
f 728/1540/728 729/1542/729 748/1541/748
f 748/1541/748 729/1542/729 749/1543/749
f 729/1542/729 730/1544/730 749/1543/749
f 749/1543/749 730/1544/730 750/1545/750
f 730/1546/730 731/1547/731 750/1548/750
f 750/1548/750 731/1547/731 751/1549/751
f 731/1547/731 712/1506/712 751/1549/751
f 751/1549/751 712/1506/712 732/1508/732
f 732/1550/732 733/1551/733 752/1552/752
f 733/1551/733 734/1553/734 752/1552/752
f 752/1552/752 734/1553/734 753/1554/753
f 734/1553/734 735/1555/735 753/1554/753
f 735/1555/735 736/1556/736 753/1554/753
f 753/1554/753 736/1556/736 754/1557/754
f 736/1556/736 737/1558/737 754/1557/754
f 737/1558/737 738/1559/738 754/1557/754
f 754/1557/754 738/1559/738 755/1560/755
f 738/1559/738 739/1561/739 755/1560/755
f 739/1561/739 740/1562/740 755/1560/755
f 755/1560/755 740/1562/740 756/1563/756
f 740/1562/740 741/1564/741 756/1563/756
f 741/1564/741 742/1565/742 756/1563/756
f 756/1563/756 742/1565/742 757/1566/757
f 742/1565/742 743/1567/743 757/1566/757
f 743/1567/743 744/1568/744 757/1566/757
f 757/1566/757 744/1568/744 758/1569/758
f 744/1568/744 745/1570/745 758/1569/758
f 745/1570/745 746/1571/746 758/1569/758
f 758/1569/758 746/1571/746 759/1572/759
f 746/1571/746 747/1573/747 759/1572/759
f 747/1573/747 748/1574/748 759/1572/759
f 759/1572/759 748/1574/748 760/1575/760
f 748/1574/748 749/1576/749 760/1575/760
f 749/1576/749 750/1577/750 760/1575/760
f 760/1575/760 750/1577/750 761/1578/761
f 750/1577/750 751/1579/751 761/1578/761
f 751/1579/751 732/1550/732 761/1578/761
f 761/1578/761 732/1550/732 752/1552/752
f 762/1580/762 763/1581/763 764/1582/764
f 764/1582/764 763/1581/763 765/1583/765
f 763/1581/763 766/1584/766 765/1583/765
f 765/1583/765 766/1584/766 767/1585/767
f 766/1584/766 768/1586/768 767/1585/767
f 767/1585/767 768/1586/768 769/1587/769
f 768/1586/768 770/1588/770 769/1587/769
f 769/1587/769 770/1588/770 771/1589/771
f 770/1588/770 772/1590/772 771/1589/771
f 771/1589/771 772/1590/772 773/1591/773
f 772/1590/772 774/1592/774 773/1591/773
f 773/1591/773 774/1592/774 775/1593/775
f 774/1592/774 776/1594/776 775/1593/775
f 775/1593/775 776/1594/776 777/1595/777
f 776/1594/776 778/1596/778 777/1595/777
f 777/1595/777 778/1596/778 779/1597/779
f 778/1596/778 780/1598/780 779/1597/779
f 779/1597/779 780/1598/780 781/1599/781
f 780/1598/780 782/1600/782 781/1599/781
f 781/1599/781 782/1600/782 783/1601/783
f 782/1600/782 784/1602/784 783/1601/783
f 783/1601/783 784/1602/784 785/1603/785
f 784/1602/784 786/1604/786 785/1603/785
f 785/1603/785 786/1604/786 787/1605/787
f 786/1604/786 788/1606/788 787/1605/787
f 787/1605/787 788/1606/788 789/1607/789
f 788/1606/788 790/1608/790 789/1607/789
f 789/1607/789 790/1608/790 791/1609/791
f 790/1608/790 792/1610/792 791/1609/791
f 791/1609/791 792/1610/792 793/1611/793
f 792/1610/792 794/1612/794 793/1611/793
f 793/1611/793 794/1612/794 795/1613/795
f 794/1612/794 796/1614/796 795/1613/795
f 795/1613/795 796/1614/796 797/1615/797
f 796/1614/796 798/1616/798 797/1615/797
f 797/1615/797 798/1616/798 799/1617/799
f 798/1616/798 800/1618/800 799/1617/799
f 799/1617/799 800/1618/800 801/1619/801
f 800/1618/800 762/1580/762 801/1619/801
f 801/1619/801 762/1580/762 764/1582/764
f 764/1582/764 765/1583/765 802/1620/802
f 802/1620/802 765/1583/765 803/1621/803
f 765/1583/765 767/1585/767 803/1621/803
f 803/1621/803 767/1585/767 804/1622/804
f 767/1585/767 769/1587/769 804/1622/804
f 804/1622/804 769/1587/769 805/1623/805
f 769/1587/769 771/1589/771 805/1623/805
f 805/1623/805 771/1589/771 806/1624/806
f 771/1589/771 773/1591/773 806/1624/806
f 806/1624/806 773/1591/773 807/1625/807
f 773/1591/773 775/1593/775 807/1625/807
f 807/1625/807 775/1593/775 808/1626/808
f 775/1593/775 777/1595/777 808/1626/808
f 808/1626/808 777/1595/777 809/1627/809
f 777/1595/777 779/1597/779 809/1627/809
f 809/1627/809 779/1597/779 810/1628/810
f 779/1597/779 781/1599/781 810/1628/810
f 810/1628/810 781/1599/781 811/1629/811
f 781/1599/781 783/1601/783 811/1629/811
f 811/1629/811 783/1601/783 812/1630/812
f 783/1601/783 785/1603/785 812/1630/812
f 812/1630/812 785/1603/785 813/1631/813
f 785/1603/785 787/1605/787 813/1631/813
f 813/1631/813 787/1605/787 814/1632/814
f 787/1605/787 789/1607/789 814/1632/814
f 814/1632/814 789/1607/789 815/1633/815
f 789/1607/789 791/1609/791 815/1633/815
f 815/1633/815 791/1609/791 816/1634/816
f 791/1609/791 793/1611/793 816/1634/816
f 816/1634/816 793/1611/793 817/1635/817
f 793/1611/793 795/1613/795 817/1635/817
f 817/1635/817 795/1613/795 818/1636/818
f 795/1613/795 797/1615/797 818/1636/818
f 818/1636/818 797/1615/797 819/1637/819
f 797/1615/797 799/1617/799 819/1637/819
f 819/1637/819 799/1617/799 820/1638/820
f 799/1617/799 801/1619/801 820/1638/820
f 820/1638/820 801/1619/801 821/1639/821
f 801/1619/801 764/1582/764 821/1639/821
f 821/1639/821 764/1582/764 802/1620/802
f 802/1620/802 803/1621/803 822/1640/822
f 822/1640/822 803/1621/803 823/1641/823
f 803/1621/803 804/1622/804 823/1641/823
f 823/1641/823 804/1622/804 824/1642/824
f 804/1622/804 805/1623/805 824/1642/824
f 824/1642/824 805/1623/805 825/1643/825
f 805/1623/805 806/1624/806 825/1643/825
f 825/1643/825 806/1624/806 826/1644/826
f 806/1624/806 807/1625/807 826/1644/826
f 826/1644/826 807/1625/807 827/1645/827
f 807/1625/807 808/1626/808 827/1645/827
f 827/1645/827 808/1626/808 828/1646/828
f 808/1626/808 809/1627/809 828/1646/828
f 828/1646/828 809/1627/809 829/1647/829
f 809/1627/809 810/1628/810 829/1647/829
f 829/1647/829 810/1628/810 830/1648/830
f 810/1628/810 811/1629/811 830/1648/830
f 830/1648/830 811/1629/811 831/1649/831
f 811/1629/811 812/1630/812 831/1649/831
f 831/1649/831 812/1630/812 832/1650/832
f 812/1630/812 813/1631/813 832/1650/832
f 832/1650/832 813/1631/813 833/1651/833
f 813/1631/813 814/1632/814 833/1651/833
f 833/1651/833 814/1632/814 834/1652/834
f 814/1632/814 815/1633/815 834/1652/834
f 834/1652/834 815/1633/815 835/1653/835
f 815/1633/815 816/1634/816 835/1653/835
f 835/1653/835 816/1634/816 836/1654/836
f 816/1634/816 817/1635/817 836/1654/836
f 836/1654/836 817/1635/817 837/1655/837
f 817/1635/817 818/1636/818 837/1655/837
f 837/1655/837 818/1636/818 838/1656/838
f 818/1636/818 819/1637/819 838/1656/838
f 838/1656/838 819/1637/819 839/1657/839
f 819/1637/819 820/1638/820 839/1657/839
f 839/1657/839 820/1638/820 840/1658/840
f 820/1638/820 821/1639/821 840/1658/840
f 840/1658/840 821/1639/821 841/1659/841
f 821/1639/821 802/1620/802 841/1659/841
f 841/1659/841 802/1620/802 822/1640/822
f 842/1660/842 843/1661/843 844/1662/844
f 844/1662/844 843/1661/843 845/1663/845
f 844/1662/844 846/1664/846 842/1660/842
f 842/1660/842 846/1664/846 847/1665/847
f 846/1664/846 848/1666/848 847/1665/847
f 847/1665/847 848/1666/848 849/1667/849
f 850/1668/850 849/1667/849 851/1669/851
f 851/1669/851 849/1667/849 848/1666/848
f 851/1669/851 852/1670/852 850/1668/850
f 850/1668/850 852/1670/852 853/1671/853
f 852/1670/852 854/1672/854 853/1671/853
f 853/1671/853 854/1672/854 855/1673/855
f 854/1672/854 856/1674/856 855/1673/855
f 855/1673/855 856/1674/856 857/1675/857
f 856/1674/856 858/1676/858 857/1675/857
f 857/1675/857 858/1676/858 859/1677/859
f 858/1678/858 860/1679/860 859/1680/859
f 859/1680/859 860/1679/860 861/1681/861
f 860/1679/860 845/1663/845 861/1681/861
f 861/1681/861 845/1663/845 843/1661/843
f 659/1410/659 657/1408/657 842/1682/842
f 842/1682/842 657/1408/657 843/1683/843
f 836/1654/836 844/1684/844 835/1653/835
f 835/1653/835 844/1684/844 845/1685/845
f 836/1654/836 837/1655/837 844/1684/844
f 661/1412/661 659/1410/659 842/1682/842
f 838/1656/838 846/1686/846 837/1655/837
f 837/1655/837 846/1686/846 844/1684/844
f 663/1414/663 661/1412/661 847/1687/847
f 847/1687/847 661/1412/661 842/1682/842
f 838/1656/838 839/1657/839 846/1686/846
f 665/1416/665 663/1414/663 847/1687/847
f 840/1658/840 848/1688/848 839/1657/839
f 839/1657/839 848/1688/848 846/1686/846
f 667/1418/667 665/1416/665 849/1689/849
f 849/1689/849 665/1416/665 847/1687/847
f 669/1420/669 667/1418/667 849/1689/849
f 840/1658/840 841/1659/841 848/1688/848
f 669/1420/669 849/1689/849 631/1380/631
f 631/1380/631 849/1689/849 850/1690/850
f 841/1659/841 822/1640/822 848/1688/848
f 848/1688/848 822/1640/822 851/1691/851
f 822/1640/822 823/1641/823 851/1691/851
f 632/1381/632 631/1380/631 850/1690/850
f 823/1641/823 824/1642/824 851/1691/851
f 851/1691/851 824/1642/824 852/1692/852
f 632/1381/632 850/1690/850 635/1384/635
f 635/1384/635 850/1690/850 853/1693/853
f 824/1642/824 825/1643/825 852/1692/852
f 637/1386/637 635/1384/635 853/1693/853
f 825/1643/825 826/1644/826 852/1692/852
f 852/1692/852 826/1644/826 854/1694/854
f 637/1386/637 853/1693/853 639/1388/639
f 639/1388/639 853/1693/853 855/1695/855
f 826/1644/826 827/1645/827 854/1694/854
f 641/1390/641 639/1388/639 855/1695/855
f 827/1645/827 828/1646/828 854/1694/854
f 854/1694/854 828/1646/828 856/1696/856
f 641/1390/641 855/1695/855 643/1392/643
f 643/1392/643 855/1695/855 857/1697/857
f 828/1646/828 829/1647/829 856/1696/856
f 645/1394/645 643/1392/643 857/1697/857
f 829/1647/829 830/1648/830 856/1696/856
f 856/1696/856 830/1648/830 858/1698/858
f 645/1394/645 857/1697/857 647/1396/647
f 647/1396/647 857/1697/857 859/1699/859
f 830/1648/830 831/1649/831 858/1698/858
f 649/1398/649 647/1396/647 859/1699/859
f 832/1650/832 860/1700/860 831/1649/831
f 831/1649/831 860/1700/860 858/1698/858
f 651/1401/651 649/1400/649 861/1701/861
f 861/1701/861 649/1400/649 859/1702/859
f 832/1650/832 833/1651/833 860/1700/860
f 653/1404/653 651/1401/651 861/1701/861
f 834/1652/834 845/1685/845 833/1651/833
f 833/1651/833 845/1685/845 860/1700/860
f 655/1406/655 653/1404/653 843/1683/843
f 843/1683/843 653/1404/653 861/1701/861
f 834/1652/834 835/1653/835 845/1685/845
f 657/1408/657 655/1406/655 843/1683/843
f 633/1382/633 634/1383/634 584/1703/584
f 634/1383/634 636/1385/636 584/1703/584
f 584/1703/584 636/1385/636 582/1704/582
f 636/1385/636 638/1387/638 582/1704/582
f 638/1387/638 640/1389/640 582/1704/582
f 582/1704/582 640/1389/640 580/1705/580
f 640/1389/640 642/1391/642 580/1705/580
f 642/1391/642 644/1393/644 580/1705/580
f 580/1705/580 644/1393/644 578/1706/578
f 644/1393/644 646/1395/646 578/1706/578
f 646/1395/646 648/1397/648 578/1706/578
f 578/1706/578 648/1397/648 576/1707/576
f 648/1397/648 650/1399/650 576/1707/576
f 650/1402/650 652/1403/652 576/1708/576
f 576/1708/576 652/1403/652 574/1709/574
f 652/1403/652 654/1405/654 574/1709/574
f 654/1405/654 656/1407/656 574/1709/574
f 574/1709/574 656/1407/656 573/1710/573
f 656/1407/656 658/1409/658 573/1710/573
f 658/1409/658 660/1411/660 573/1710/573
f 573/1710/573 660/1411/660 590/1711/590
f 660/1411/660 662/1413/662 590/1711/590
f 662/1413/662 664/1415/664 590/1711/590
f 590/1711/590 664/1415/664 588/1712/588
f 664/1415/664 666/1417/666 588/1712/588
f 666/1417/666 668/1419/668 588/1712/588
f 588/1712/588 668/1419/668 586/1713/586
f 668/1419/668 670/1421/670 586/1713/586
f 670/1421/670 633/1382/633 586/1713/586
f 586/1713/586 633/1382/633 584/1703/584
f 862/1714/862 863/1715/863 864/1716/864
f 864/1716/864 863/1715/863 865/1717/865
f 863/1715/863 862/1714/862 866/1718/866
f 866/1718/866 862/1714/862 867/1719/867
f 866/1718/866 867/1719/867 868/1720/868
f 868/1720/868 867/1719/867 869/1721/869
f 868/1720/868 869/1721/869 870/1722/870
f 870/1722/870 869/1721/869 871/1723/871
f 870/1722/870 871/1723/871 872/1724/872
f 872/1724/872 871/1723/871 873/1725/873
f 872/1724/872 873/1725/873 874/1726/874
f 874/1726/874 873/1725/873 875/1727/875
f 874/1726/874 875/1727/875 876/1728/876
f 876/1728/876 875/1727/875 877/1729/877
f 876/1728/876 877/1729/877 878/1730/878
f 878/1730/878 877/1729/877 879/1731/879
f 878/1730/878 879/1731/879 880/1732/880
f 880/1732/880 879/1731/879 881/1733/881
f 880/1732/880 881/1733/881 865/1717/865
f 865/1717/865 881/1733/881 864/1716/864
f 752/1552/752 753/1554/753 878/1730/878
f 878/1730/878 753/1554/753 876/1728/876
f 753/1554/753 754/1557/754 876/1728/876
f 876/1728/876 754/1557/754 874/1726/874
f 754/1557/754 755/1560/755 874/1726/874
f 874/1726/874 755/1560/755 872/1724/872
f 755/1560/755 756/1563/756 872/1724/872
f 872/1724/872 756/1563/756 870/1722/870
f 756/1563/756 757/1566/757 870/1722/870
f 870/1722/870 757/1566/757 868/1720/868
f 757/1566/757 758/1569/758 868/1720/868
f 868/1720/868 758/1569/758 866/1718/866
f 758/1569/758 759/1572/759 866/1718/866
f 866/1718/866 759/1572/759 863/1715/863
f 759/1572/759 760/1575/760 863/1715/863
f 863/1715/863 760/1575/760 865/1717/865
f 760/1575/760 761/1578/761 865/1717/865
f 865/1717/865 761/1578/761 880/1732/880
f 761/1578/761 752/1552/752 880/1732/880
f 880/1732/880 752/1552/752 878/1730/878
f 862/1714/862 792/1610/792 790/1608/790
f 867/1719/867 862/1714/862 788/1606/788
f 788/1606/788 862/1714/862 790/1608/790
f 867/1719/867 788/1606/788 786/1604/786
f 869/1721/869 867/1719/867 784/1602/784
f 784/1602/784 867/1719/867 786/1604/786
f 869/1721/869 784/1602/784 782/1600/782
f 871/1723/871 869/1721/869 780/1598/780
f 780/1598/780 869/1721/869 782/1600/782
f 871/1723/871 780/1598/780 778/1596/778
f 873/1725/873 871/1723/871 776/1594/776
f 776/1594/776 871/1723/871 778/1596/778
f 873/1725/873 776/1594/776 774/1592/774
f 875/1727/875 873/1725/873 772/1590/772
f 772/1590/772 873/1725/873 774/1592/774
f 875/1727/875 772/1590/772 770/1588/770
f 877/1729/877 875/1727/875 768/1586/768
f 768/1586/768 875/1727/875 770/1588/770
f 877/1729/877 768/1586/768 766/1584/766
f 879/1731/879 877/1729/877 763/1581/763
f 763/1581/763 877/1729/877 766/1584/766
f 879/1731/879 763/1581/763 762/1580/762
f 881/1733/881 879/1731/879 800/1618/800
f 800/1618/800 879/1731/879 762/1580/762
f 881/1733/881 800/1618/800 798/1616/798
f 864/1716/864 881/1733/881 796/1614/796
f 796/1614/796 881/1733/881 798/1616/798
f 864/1716/864 796/1614/796 794/1612/794
f 862/1714/862 864/1716/864 792/1610/792
f 792/1610/792 864/1716/864 794/1612/794
s 110
f 882/1734/882 883/1735/883 884/1736/884
f 884/1736/884 883/1735/883 885/1737/885
f 883/1735/883 886/1738/886 885/1737/885
f 885/1737/885 886/1738/886 887/1739/887
f 887/1739/887 886/1738/886 888/1740/888
f 888/1740/888 889/1741/889 887/1739/887
f 887/1739/887 889/1741/889 890/1742/890
f 890/1742/890 889/1741/889 891/1743/891
f 891/1743/891 892/1744/892 890/1742/890
f 890/1742/890 892/1744/892 893/1745/893
f 893/1745/893 892/1744/892 894/1746/894
f 894/1746/894 895/1747/895 893/1745/893
f 893/1745/893 895/1747/895 896/1748/896
f 896/1748/896 895/1747/895 897/1749/897
f 897/1749/897 898/1750/898 896/1748/896
f 896/1748/896 898/1750/898 899/1751/899
f 899/1751/899 898/1750/898 900/1752/900
f 900/1752/900 901/1753/901 899/1751/899
f 899/1751/899 901/1753/901 902/1754/902
f 902/1754/902 901/1753/901 903/1755/903
f 903/1755/903 904/1756/904 902/1754/902
f 902/1754/902 904/1756/904 905/1757/905
f 905/1757/905 904/1756/904 906/1758/906
f 906/1758/906 907/1759/907 905/1757/905
f 905/1757/905 907/1759/907 908/1760/908
f 908/1760/908 907/1759/907 909/1761/909
f 909/1761/909 910/1762/910 908/1760/908
f 908/1760/908 910/1762/910 911/1763/911
f 911/1763/911 910/1762/910 912/1764/912
f 912/1764/912 913/1765/913 911/1763/911
f 911/1763/911 913/1765/913 914/1766/914
f 914/1766/914 913/1765/913 915/1767/915
f 915/1767/915 916/1768/916 914/1766/914
f 914/1766/914 916/1768/916 917/1769/917
f 917/1769/917 916/1768/916 918/1770/918
f 918/1770/918 919/1771/919 917/1769/917
f 917/1769/917 919/1771/919 920/1772/920
f 920/1772/920 919/1771/919 921/1773/921
f 921/1773/921 922/1774/922 920/1772/920
f 920/1772/920 922/1774/922 923/1775/923
f 923/1775/923 922/1774/922 924/1776/924
f 924/1776/924 925/1777/925 923/1775/923
f 923/1775/923 925/1777/925 926/1778/926
f 926/1778/926 925/1777/925 927/1779/927
f 927/1779/927 928/1780/928 926/1778/926
f 926/1778/926 928/1780/928 929/1781/929
f 929/1781/929 928/1780/928 930/1782/930
f 930/1782/930 931/1783/931 929/1781/929
f 929/1781/929 931/1783/931 932/1784/932
f 932/1784/932 931/1783/931 933/1785/933
f 933/1785/933 934/1786/934 932/1784/932
f 932/1784/932 934/1786/934 935/1787/935
f 935/1787/935 934/1786/934 936/1788/936
f 936/1788/936 937/1789/937 935/1787/935
f 935/1787/935 937/1789/937 938/1790/938
f 938/1790/938 937/1789/937 939/1791/939
f 939/1791/939 940/1792/940 938/1790/938
f 938/1790/938 940/1792/940 884/1736/884
f 884/1736/884 940/1792/940 941/1793/941
f 941/1793/941 882/1734/882 884/1736/884
f 942/1794/942 943/1795/943 944/1796/944
f 944/1796/944 943/1795/943 945/1797/945
f 945/1797/945 943/1795/943 946/1798/946
f 946/1798/946 943/1795/943 947/1799/947
f 946/1798/946 947/1799/947 948/1800/948
f 948/1800/948 947/1799/947 949/1801/949
f 948/1800/948 949/1801/949 950/1802/950
f 950/1802/950 949/1801/949 951/1803/951
f 950/1802/950 951/1803/951 952/1804/952
f 952/1804/952 951/1803/951 953/1805/953
f 952/1804/952 953/1805/953 954/1806/954
f 954/1806/954 953/1805/953 955/1807/955
f 954/1806/954 955/1807/955 956/1808/956
f 956/1808/956 955/1807/955 957/1809/957
f 956/1808/956 957/1809/957 958/1810/958
f 958/1810/958 957/1809/957 959/1811/959
f 958/1810/958 959/1811/959 960/1812/960
f 960/1812/960 959/1811/959 961/1813/961
f 960/1812/960 961/1813/961 962/1814/962
f 962/1814/962 961/1813/961 963/1815/963
f 962/1814/962 963/1815/963 964/1816/964
f 964/1816/964 963/1815/963 965/1817/965
f 964/1816/964 965/1817/965 966/1818/966
f 966/1818/966 965/1817/965 967/1819/967
f 966/1818/966 967/1819/967 968/1820/968
f 968/1820/968 967/1819/967 969/1821/969
f 968/1820/968 969/1821/969 970/1822/970
f 970/1822/970 969/1821/969 971/1823/971
f 970/1822/970 971/1823/971 972/1824/972
f 972/1824/972 971/1823/971 973/1825/973
f 972/1824/972 973/1825/973 974/1826/974
f 974/1826/974 973/1825/973 975/1827/975
f 974/1826/974 975/1827/975 976/1828/976
f 976/1828/976 975/1827/975 977/1829/977
f 976/1828/976 977/1829/977 978/1830/978
f 978/1830/978 977/1829/977 979/1831/979
f 978/1830/978 979/1831/979 980/1832/980
f 980/1832/980 979/1831/979 981/1833/981
f 980/1832/980 981/1833/981 944/1796/944
f 944/1796/944 981/1833/981 942/1794/942
f 982/1834/982 942/1794/942 983/1835/983
f 983/1835/983 942/1794/942 981/1833/981
f 884/1736/884 984/1836/984 938/1790/938
f 938/1790/938 984/1836/984 985/1837/985
f 984/1836/984 982/1834/982 985/1837/985
f 985/1837/985 982/1834/982 983/1835/983
f 943/1795/943 942/1794/942 986/1838/986
f 986/1838/986 942/1794/942 982/1834/982
f 986/1838/986 982/1834/982 987/1839/987
f 987/1839/987 982/1834/982 984/1836/984
f 987/1839/987 984/1836/984 885/1737/885
f 885/1737/885 984/1836/984 884/1736/884
f 947/1799/947 943/1795/943 988/1840/988
f 988/1840/988 943/1795/943 986/1838/986
f 988/1840/988 986/1838/986 989/1841/989
f 989/1841/989 986/1838/986 987/1839/987
f 989/1841/989 987/1839/987 887/1739/887
f 887/1739/887 987/1839/987 885/1737/885
f 949/1801/949 947/1799/947 990/1842/990
f 990/1842/990 947/1799/947 988/1840/988
f 990/1842/990 988/1840/988 991/1843/991
f 991/1843/991 988/1840/988 989/1841/989
f 991/1843/991 989/1841/989 890/1742/890
f 890/1742/890 989/1841/989 887/1739/887
f 951/1803/951 949/1801/949 992/1844/992
f 992/1844/992 949/1801/949 990/1842/990
f 992/1844/992 990/1842/990 993/1845/993
f 993/1845/993 990/1842/990 991/1843/991
f 993/1845/993 991/1843/991 893/1745/893
f 893/1745/893 991/1843/991 890/1742/890
f 953/1805/953 951/1803/951 994/1846/994
f 994/1846/994 951/1803/951 992/1844/992
f 994/1846/994 992/1844/992 995/1847/995
f 995/1847/995 992/1844/992 993/1845/993
f 995/1847/995 993/1845/993 896/1748/896
f 896/1748/896 993/1845/993 893/1745/893
f 955/1807/955 953/1805/953 996/1848/996
f 996/1848/996 953/1805/953 994/1846/994
f 996/1848/996 994/1846/994 997/1849/997
f 997/1849/997 994/1846/994 995/1847/995
f 997/1849/997 995/1847/995 899/1751/899
f 899/1751/899 995/1847/995 896/1748/896
f 957/1809/957 955/1807/955 998/1850/998
f 998/1850/998 955/1807/955 996/1848/996
f 998/1850/998 996/1848/996 999/1851/999
f 999/1851/999 996/1848/996 997/1849/997
f 999/1851/999 997/1849/997 902/1754/902
f 902/1754/902 997/1849/997 899/1751/899
f 959/1811/959 957/1809/957 1000/1852/1000
f 1000/1852/1000 957/1809/957 998/1850/998
f 1000/1852/1000 998/1850/998 1001/1853/1001
f 1001/1853/1001 998/1850/998 999/1851/999
f 1001/1853/1001 999/1851/999 905/1757/905
f 905/1757/905 999/1851/999 902/1754/902
f 961/1813/961 959/1811/959 1002/1854/1002
f 1002/1854/1002 959/1811/959 1000/1852/1000
f 1002/1854/1002 1000/1852/1000 1003/1855/1003
f 1003/1855/1003 1000/1852/1000 1001/1853/1001
f 1003/1855/1003 1001/1853/1001 908/1760/908
f 908/1760/908 1001/1853/1001 905/1757/905
f 963/1815/963 961/1813/961 1004/1856/1004
f 1004/1856/1004 961/1813/961 1002/1854/1002
f 1004/1856/1004 1002/1854/1002 1005/1857/1005
f 1005/1857/1005 1002/1854/1002 1003/1855/1003
f 1005/1857/1005 1003/1855/1003 911/1763/911
f 911/1763/911 1003/1855/1003 908/1760/908
f 965/1817/965 963/1815/963 1006/1858/1006
f 1006/1858/1006 963/1815/963 1004/1856/1004
f 1006/1858/1006 1004/1856/1004 1007/1859/1007
f 1007/1859/1007 1004/1856/1004 1005/1857/1005
f 1007/1859/1007 1005/1857/1005 914/1766/914
f 914/1766/914 1005/1857/1005 911/1763/911
f 967/1819/967 965/1817/965 1008/1860/1008
f 1008/1860/1008 965/1817/965 1006/1858/1006
f 1008/1860/1008 1006/1858/1006 1009/1861/1009
f 1009/1861/1009 1006/1858/1006 1007/1859/1007
f 1009/1861/1009 1007/1859/1007 917/1769/917
f 917/1769/917 1007/1859/1007 914/1766/914
f 969/1821/969 967/1819/967 1010/1862/1010
f 1010/1862/1010 967/1819/967 1008/1860/1008
f 1010/1862/1010 1008/1860/1008 1011/1863/1011
f 1011/1863/1011 1008/1860/1008 1009/1861/1009
f 1011/1863/1011 1009/1861/1009 920/1772/920
f 920/1772/920 1009/1861/1009 917/1769/917
f 971/1823/971 969/1821/969 1012/1864/1012
f 1012/1864/1012 969/1821/969 1010/1862/1010
f 1012/1864/1012 1010/1862/1010 1013/1865/1013
f 1013/1865/1013 1010/1862/1010 1011/1863/1011
f 1013/1865/1013 1011/1863/1011 923/1775/923
f 923/1775/923 1011/1863/1011 920/1772/920
f 973/1825/973 971/1823/971 1014/1866/1014
f 1014/1866/1014 971/1823/971 1012/1864/1012
f 1014/1866/1014 1012/1864/1012 1015/1867/1015
f 1015/1867/1015 1012/1864/1012 1013/1865/1013
f 1015/1867/1015 1013/1865/1013 926/1778/926
f 926/1778/926 1013/1865/1013 923/1775/923
f 975/1827/975 973/1825/973 1016/1868/1016
f 1016/1868/1016 973/1825/973 1014/1866/1014
f 1016/1868/1016 1014/1866/1014 1017/1869/1017
f 1017/1869/1017 1014/1866/1014 1015/1867/1015
f 1017/1869/1017 1015/1867/1015 929/1781/929
f 929/1781/929 1015/1867/1015 926/1778/926
f 977/1829/977 975/1827/975 1018/1870/1018
f 1018/1870/1018 975/1827/975 1016/1868/1016
f 1018/1870/1018 1016/1868/1016 1019/1871/1019
f 1019/1871/1019 1016/1868/1016 1017/1869/1017
f 1019/1871/1019 1017/1869/1017 932/1784/932
f 932/1784/932 1017/1869/1017 929/1781/929
f 979/1831/979 977/1829/977 1020/1872/1020
f 1020/1872/1020 977/1829/977 1018/1870/1018
f 1020/1872/1020 1018/1870/1018 1021/1873/1021
f 1021/1873/1021 1018/1870/1018 1019/1871/1019
f 1021/1873/1021 1019/1871/1019 935/1787/935
f 935/1787/935 1019/1871/1019 932/1784/932
f 981/1833/981 979/1831/979 983/1835/983
f 983/1835/983 979/1831/979 1020/1872/1020
f 983/1835/983 1020/1872/1020 985/1837/985
f 985/1837/985 1020/1872/1020 1021/1873/1021
f 985/1837/985 1021/1873/1021 938/1790/938
f 938/1790/938 1021/1873/1021 935/1787/935
f 944/1796/944 945/1797/945 1022/1874/1022
f 1022/1874/1022 945/1797/945 1023/1875/1023
f 1023/1875/1023 945/1797/945 946/1798/946
f 1023/1875/1023 946/1798/946 948/1800/948
f 1023/1875/1023 948/1800/948 1024/1876/1024
f 1024/1876/1024 948/1800/948 950/1802/950
f 1024/1876/1024 950/1802/950 952/1804/952
f 1024/1876/1024 952/1804/952 1025/1877/1025
f 1025/1877/1025 952/1804/952 954/1806/954
f 1025/1877/1025 954/1806/954 956/1808/956
f 1025/1877/1025 956/1808/956 1026/1878/1026
f 1026/1878/1026 956/1808/956 958/1810/958
f 1026/1878/1026 958/1810/958 960/1812/960
f 1026/1878/1026 960/1812/960 1027/1879/1027
f 1027/1879/1027 960/1812/960 962/1814/962
f 1027/1879/1027 962/1814/962 964/1816/964
f 1027/1879/1027 964/1816/964 1028/1880/1028
f 1028/1880/1028 964/1816/964 966/1818/966
f 1028/1880/1028 966/1818/966 968/1820/968
f 1028/1880/1028 968/1820/968 1029/1881/1029
f 1029/1881/1029 968/1820/968 970/1822/970
f 1029/1881/1029 970/1822/970 972/1824/972
f 1029/1881/1029 972/1824/972 1030/1882/1030
f 1030/1882/1030 972/1824/972 974/1826/974
f 1030/1882/1030 974/1826/974 976/1828/976
f 1030/1882/1030 976/1828/976 1031/1883/1031
f 1031/1883/1031 976/1828/976 978/1830/978
f 1031/1883/1031 978/1830/978 980/1832/980
f 1031/1883/1031 980/1832/980 1022/1874/1022
f 1022/1874/1022 980/1832/980 944/1796/944
f 1032/1884/1032 1033/1885/1033 1034/1886/1034
f 1033/1885/1033 1032/1884/1032 1035/1887/1035
f 1035/1887/1035 1032/1884/1032 1036/1888/1036
f 1035/1887/1035 1036/1888/1036 1037/1889/1037
f 1037/1889/1037 1036/1888/1036 1038/1890/1038
f 1038/1890/1038 1036/1888/1036 1039/1891/1039
f 1038/1890/1038 1039/1891/1039 1040/1892/1040
f 1040/1892/1040 1039/1891/1039 1041/1893/1041
f 1041/1893/1041 1039/1891/1039 1042/1894/1042
f 1041/1893/1041 1042/1894/1042 1043/1895/1043
f 1043/1895/1043 1042/1894/1042 1044/1896/1044
f 1044/1896/1044 1042/1894/1042 1045/1897/1045
f 1044/1896/1044 1045/1897/1045 1046/1898/1046
f 1046/1898/1046 1045/1897/1045 1047/1899/1047
f 1047/1899/1047 1045/1897/1045 1048/1900/1048
f 1047/1899/1047 1048/1900/1048 1049/1901/1049
f 1049/1901/1049 1048/1900/1048 1050/1902/1050
f 1050/1902/1050 1048/1900/1048 1051/1903/1051
f 1050/1902/1050 1051/1903/1051 1052/1904/1052
f 1052/1904/1052 1051/1903/1051 1053/1905/1053
f 1053/1905/1053 1051/1903/1051 1054/1906/1054
f 1053/1905/1053 1054/1906/1054 1055/1907/1055
f 1055/1907/1055 1054/1906/1054 1056/1908/1056
f 1056/1908/1056 1054/1906/1054 1057/1909/1057
f 1056/1908/1056 1057/1909/1057 1058/1910/1058
f 1058/1910/1058 1057/1909/1057 1059/1911/1059
f 1059/1911/1059 1057/1909/1057 1060/1912/1060
f 1059/1911/1059 1060/1912/1060 1061/1913/1061
f 1061/1913/1061 1060/1912/1060 1034/1886/1034
f 1034/1886/1034 1060/1912/1060 1032/1884/1032
f 1022/1874/1022 1062/1914/1062 1031/1883/1031
f 1031/1883/1031 1062/1914/1062 1063/1915/1063
f 1062/1914/1062 1032/1884/1032 1063/1915/1063
f 1063/1915/1063 1032/1884/1032 1060/1912/1060
f 1036/1888/1036 1032/1884/1032 1064/1916/1064
f 1064/1916/1064 1032/1884/1032 1062/1914/1062
f 1064/1916/1064 1062/1914/1062 1023/1875/1023
f 1023/1875/1023 1062/1914/1062 1022/1874/1022
f 1039/1891/1039 1036/1888/1036 1065/1917/1065
f 1065/1917/1065 1036/1888/1036 1064/1916/1064
f 1065/1917/1065 1064/1916/1064 1024/1876/1024
f 1024/1876/1024 1064/1916/1064 1023/1875/1023
f 1042/1894/1042 1039/1891/1039 1066/1918/1066
f 1066/1918/1066 1039/1891/1039 1065/1917/1065
f 1066/1918/1066 1065/1917/1065 1025/1877/1025
f 1025/1877/1025 1065/1917/1065 1024/1876/1024
f 1045/1897/1045 1042/1894/1042 1067/1919/1067
f 1067/1919/1067 1042/1894/1042 1066/1918/1066
f 1067/1919/1067 1066/1918/1066 1026/1878/1026
f 1026/1878/1026 1066/1918/1066 1025/1877/1025
f 1048/1900/1048 1045/1897/1045 1068/1920/1068
f 1068/1920/1068 1045/1897/1045 1067/1919/1067
f 1068/1920/1068 1067/1919/1067 1027/1879/1027
f 1027/1879/1027 1067/1919/1067 1026/1878/1026
f 1051/1903/1051 1048/1900/1048 1069/1921/1069
f 1069/1921/1069 1048/1900/1048 1068/1920/1068
f 1069/1921/1069 1068/1920/1068 1028/1880/1028
f 1028/1880/1028 1068/1920/1068 1027/1879/1027
f 1054/1906/1054 1051/1903/1051 1070/1922/1070
f 1070/1922/1070 1051/1903/1051 1069/1921/1069
f 1070/1922/1070 1069/1921/1069 1029/1881/1029
f 1029/1881/1029 1069/1921/1069 1028/1880/1028
f 1057/1909/1057 1054/1906/1054 1071/1923/1071
f 1071/1923/1071 1054/1906/1054 1070/1922/1070
f 1071/1923/1071 1070/1922/1070 1030/1882/1030
f 1030/1882/1030 1070/1922/1070 1029/1881/1029
f 1060/1912/1060 1057/1909/1057 1063/1915/1063
f 1063/1915/1063 1057/1909/1057 1071/1923/1071
f 1063/1915/1063 1071/1923/1071 1031/1883/1031
f 1031/1883/1031 1071/1923/1071 1030/1882/1030
f 1072/1924/1072 1073/1925/1073 1074/1926/1074
f 1074/1926/1074 1073/1925/1073 1075/1927/1075
f 1072/1924/1072 1074/1926/1074 1076/1928/1076
f 1077/1929/1077 1076/1928/1076 1078/1930/1078
f 1078/1930/1078 1076/1928/1076 1074/1926/1074
f 1077/1929/1077 1078/1930/1078 1079/1931/1079
f 1080/1932/1080 1079/1931/1079 1081/1933/1081
f 1081/1933/1081 1079/1931/1079 1078/1930/1078
f 1080/1932/1080 1081/1933/1081 1082/1934/1082
f 1083/1935/1083 1082/1934/1082 1084/1936/1084
f 1084/1936/1084 1082/1934/1082 1081/1933/1081
f 1083/1935/1083 1084/1936/1084 1085/1937/1085
f 1086/1938/1086 1085/1937/1085 1087/1939/1087
f 1087/1939/1087 1085/1937/1085 1084/1936/1084
f 1086/1938/1086 1087/1939/1087 1088/1940/1088
f 1089/1941/1089 1088/1940/1088 1090/1942/1090
f 1090/1942/1090 1088/1940/1088 1087/1939/1087
f 1089/1941/1089 1090/1942/1090 1091/1943/1091
f 1092/1944/1092 1091/1943/1091 1093/1945/1093
f 1093/1945/1093 1091/1943/1091 1090/1942/1090
f 1092/1944/1092 1093/1945/1093 1094/1946/1094
f 1095/1947/1095 1094/1946/1094 1096/1948/1096
f 1096/1948/1096 1094/1946/1094 1093/1945/1093
f 1095/1947/1095 1096/1948/1096 1097/1949/1097
f 1098/1950/1098 1097/1949/1097 1099/1951/1099
f 1099/1951/1099 1097/1949/1097 1096/1948/1096
f 1098/1950/1098 1099/1951/1099 1100/1952/1100
f 1101/1953/1101 1100/1952/1100 1102/1954/1102
f 1102/1954/1102 1100/1952/1100 1099/1951/1099
f 1101/1953/1101 1102/1954/1102 1103/1955/1103
f 1104/1956/1104 1103/1955/1103 1105/1957/1105
f 1105/1957/1105 1103/1955/1103 1102/1954/1102
f 1104/1956/1104 1105/1957/1105 1106/1958/1106
f 1107/1959/1107 1106/1958/1106 1108/1960/1108
f 1108/1960/1108 1106/1958/1106 1105/1957/1105
f 1107/1959/1107 1108/1960/1108 1109/1961/1109
f 1110/1962/1110 1109/1961/1109 1111/1963/1111
f 1111/1963/1111 1109/1961/1109 1108/1960/1108
f 1110/1962/1110 1111/1963/1111 1112/1964/1112
f 1113/1965/1113 1112/1964/1112 1114/1966/1114
f 1114/1966/1114 1112/1964/1112 1111/1963/1111
f 1113/1965/1113 1114/1966/1114 1115/1967/1115
f 1116/1968/1116 1115/1967/1115 1117/1969/1117
f 1117/1969/1117 1115/1967/1115 1114/1966/1114
f 1116/1968/1116 1117/1969/1117 1118/1970/1118
f 1119/1971/1119 1118/1970/1118 1120/1972/1120
f 1120/1972/1120 1118/1970/1118 1117/1969/1117
f 1119/1971/1119 1120/1972/1120 1121/1973/1121
f 1122/1974/1122 1121/1973/1121 1123/1975/1123
f 1123/1975/1123 1121/1973/1121 1120/1972/1120
f 1122/1974/1122 1123/1975/1123 1124/1976/1124
f 1125/1977/1125 1124/1976/1124 1126/1978/1126
f 1126/1978/1126 1124/1976/1124 1123/1975/1123
f 1125/1977/1125 1126/1978/1126 1127/1979/1127
f 1128/1980/1128 1127/1979/1127 1129/1981/1129
f 1129/1981/1129 1127/1979/1127 1126/1978/1126
f 1128/1980/1128 1129/1981/1129 1130/1982/1130
f 1131/1983/1131 1130/1982/1130 1075/1927/1075
f 1075/1927/1075 1130/1982/1130 1129/1981/1129
f 1131/1983/1131 1075/1927/1075 1073/1925/1073
f 1132/1984/1132 1133/1985/1133 1134/1986/1134
f 1134/1986/1134 1133/1985/1133 1135/1987/1135
f 1136/1988/1136 1132/1984/1132 1137/1989/1137
f 1137/1989/1137 1132/1984/1132 1134/1986/1134
f 1138/1990/1138 1136/1988/1136 1139/1991/1139
f 1139/1991/1139 1136/1988/1136 1137/1989/1137
f 1140/1992/1140 1138/1990/1138 1141/1993/1141
f 1141/1993/1141 1138/1990/1138 1139/1991/1139
f 1142/1994/1142 1140/1992/1140 1143/1995/1143
f 1143/1995/1143 1140/1992/1140 1141/1993/1141
f 1144/1996/1144 1142/1994/1142 1145/1997/1145
f 1145/1997/1145 1142/1994/1142 1143/1995/1143
f 1146/1998/1146 1144/1996/1144 1147/1999/1147
f 1147/1999/1147 1144/1996/1144 1145/1997/1145
f 1148/2000/1148 1146/1998/1146 1149/2001/1149
f 1149/2001/1149 1146/1998/1146 1147/1999/1147
f 1150/2002/1150 1148/2000/1148 1151/2003/1151
f 1151/2003/1151 1148/2000/1148 1149/2001/1149
f 1133/1985/1133 1150/2002/1150 1135/1987/1135
f 1135/1987/1135 1150/2002/1150 1151/2003/1151
f 1075/1927/1075 1129/1981/1129 1152/2004/1152
f 1153/2005/1153 1133/1985/1133 1154/2006/1154
f 1154/2006/1154 1133/1985/1133 1132/1984/1132
f 1152/2004/1152 1153/2005/1153 1155/2007/1155
f 1155/2007/1155 1153/2005/1153 1154/2006/1154
f 1075/1927/1075 1152/2004/1152 1074/1926/1074
f 1074/1926/1074 1152/2004/1152 1155/2007/1155
f 1074/1926/1074 1155/2007/1155 1078/1930/1078
f 1154/2006/1154 1132/1984/1132 1156/2008/1156
f 1156/2008/1156 1132/1984/1132 1136/1988/1136
f 1155/2007/1155 1154/2006/1154 1157/2009/1157
f 1157/2009/1157 1154/2006/1154 1156/2008/1156
f 1078/1930/1078 1155/2007/1155 1081/1933/1081
f 1081/1933/1081 1155/2007/1155 1157/2009/1157
f 1081/1933/1081 1157/2009/1157 1084/1936/1084
f 1156/2008/1156 1136/1988/1136 1158/2010/1158
f 1158/2010/1158 1136/1988/1136 1138/1990/1138
f 1157/2009/1157 1156/2008/1156 1159/2011/1159
f 1159/2011/1159 1156/2008/1156 1158/2010/1158
f 1084/1936/1084 1157/2009/1157 1087/1939/1087
f 1087/1939/1087 1157/2009/1157 1159/2011/1159
f 1087/1939/1087 1159/2011/1159 1090/1942/1090
f 1158/2010/1158 1138/1990/1138 1160/2012/1160
f 1160/2012/1160 1138/1990/1138 1140/1992/1140
f 1159/2011/1159 1158/2010/1158 1161/2013/1161
f 1161/2013/1161 1158/2010/1158 1160/2012/1160
f 1090/1942/1090 1159/2011/1159 1093/1945/1093
f 1093/1945/1093 1159/2011/1159 1161/2013/1161
f 1093/1945/1093 1161/2013/1161 1096/1948/1096
f 1160/2012/1160 1140/1992/1140 1162/2014/1162
f 1162/2014/1162 1140/1992/1140 1142/1994/1142
f 1161/2013/1161 1160/2012/1160 1163/2015/1163
f 1163/2015/1163 1160/2012/1160 1162/2014/1162
f 1096/1948/1096 1161/2013/1161 1099/1951/1099
f 1099/1951/1099 1161/2013/1161 1163/2015/1163
f 1099/1951/1099 1163/2015/1163 1102/1954/1102
f 1162/2014/1162 1142/1994/1142 1164/2016/1164
f 1164/2016/1164 1142/1994/1142 1144/1996/1144
f 1163/2015/1163 1162/2014/1162 1165/2017/1165
f 1165/2017/1165 1162/2014/1162 1164/2016/1164
f 1102/1954/1102 1163/2015/1163 1105/1957/1105
f 1105/1957/1105 1163/2015/1163 1165/2017/1165
f 1105/1957/1105 1165/2017/1165 1108/1960/1108
f 1164/2016/1164 1144/1996/1144 1166/2018/1166
f 1166/2018/1166 1144/1996/1144 1146/1998/1146
f 1165/2017/1165 1164/2016/1164 1167/2019/1167
f 1167/2019/1167 1164/2016/1164 1166/2018/1166
f 1108/1960/1108 1165/2017/1165 1111/1963/1111
f 1111/1963/1111 1165/2017/1165 1167/2019/1167
f 1111/1963/1111 1167/2019/1167 1114/1966/1114
f 1166/2018/1166 1146/1998/1146 1168/2020/1168
f 1168/2020/1168 1146/1998/1146 1148/2000/1148
f 1167/2019/1167 1166/2018/1166 1169/2021/1169
f 1169/2021/1169 1166/2018/1166 1168/2020/1168
f 1114/1966/1114 1167/2019/1167 1117/1969/1117
f 1117/1969/1117 1167/2019/1167 1169/2021/1169
f 1117/1969/1117 1169/2021/1169 1120/1972/1120
f 1168/2020/1168 1148/2000/1148 1170/2022/1170
f 1170/2022/1170 1148/2000/1148 1150/2002/1150
f 1169/2021/1169 1168/2020/1168 1171/2023/1171
f 1171/2023/1171 1168/2020/1168 1170/2022/1170
f 1120/1972/1120 1169/2021/1169 1123/1975/1123
f 1123/1975/1123 1169/2021/1169 1171/2023/1171
f 1123/1975/1123 1171/2023/1171 1126/1978/1126
f 1170/2022/1170 1150/2002/1150 1153/2005/1153
f 1153/2005/1153 1150/2002/1150 1133/1985/1133
f 1171/2023/1171 1170/2022/1170 1152/2004/1152
f 1152/2004/1152 1170/2022/1170 1153/2005/1153
f 1126/1978/1126 1171/2023/1171 1129/1981/1129
f 1129/1981/1129 1171/2023/1171 1152/2004/1152
f 1134/1986/1134 1135/1987/1135 1172/2024/1172
f 1134/1986/1134 1172/2024/1172 1173/2025/1173
f 1137/1989/1137 1134/1986/1134 1173/2025/1173
f 1137/1989/1137 1173/2025/1173 1174/2026/1174
f 1139/1991/1139 1137/1989/1137 1174/2026/1174
f 1139/1991/1139 1174/2026/1174 1175/2027/1175
f 1141/1993/1141 1139/1991/1139 1175/2027/1175
f 1141/1993/1141 1175/2027/1175 1176/2028/1176
f 1143/1995/1143 1141/1993/1141 1176/2028/1176
f 1143/1995/1143 1176/2028/1176 1177/2029/1177
f 1145/1997/1145 1143/1995/1143 1177/2029/1177
f 1145/1997/1145 1177/2029/1177 1178/2030/1178
f 1147/1999/1147 1145/1997/1145 1178/2030/1178
f 1147/1999/1147 1178/2030/1178 1179/2031/1179
f 1149/2001/1149 1147/1999/1147 1179/2031/1179
f 1149/2001/1149 1179/2031/1179 1180/2032/1180
f 1151/2003/1151 1149/2001/1149 1180/2032/1180
f 1151/2003/1151 1180/2032/1180 1181/2033/1181
f 1135/1987/1135 1151/2003/1151 1181/2033/1181
f 1135/1987/1135 1181/2033/1181 1172/2024/1172
f 1172/2024/1172 1181/2033/1181 1182/2034/1182
f 1182/2034/1182 1181/2033/1181 1183/2035/1183
f 1182/2034/1182 1183/2035/1183 1184/2036/1184
f 1182/2034/1182 1184/2036/1184 1185/2037/1185
f 1172/2024/1172 1182/2034/1182 1173/2025/1173
f 1173/2025/1173 1182/2034/1182 1185/2037/1185
f 1185/2037/1185 1184/2036/1184 1186/2038/1186
f 1173/2025/1173 1185/2037/1185 1174/2026/1174
f 1174/2026/1174 1185/2037/1185 1186/2038/1186
f 1186/2038/1186 1184/2036/1184 1187/2039/1187
f 1174/2026/1174 1186/2038/1186 1175/2027/1175
f 1175/2027/1175 1186/2038/1186 1187/2039/1187
f 1187/2039/1187 1184/2036/1184 1188/2040/1188
f 1175/2027/1175 1187/2039/1187 1176/2028/1176
f 1176/2028/1176 1187/2039/1187 1188/2040/1188
f 1188/2040/1188 1184/2036/1184 1189/2041/1189
f 1176/2028/1176 1188/2040/1188 1177/2029/1177
f 1177/2029/1177 1188/2040/1188 1189/2041/1189
f 1189/2041/1189 1184/2036/1184 1190/2042/1190
f 1177/2029/1177 1189/2041/1189 1178/2030/1178
f 1178/2030/1178 1189/2041/1189 1190/2042/1190
f 1190/2042/1190 1184/2036/1184 1191/2043/1191
f 1178/2030/1178 1190/2042/1190 1179/2031/1179
f 1179/2031/1179 1190/2042/1190 1191/2043/1191
f 1191/2043/1191 1184/2036/1184 1192/2044/1192
f 1179/2031/1179 1191/2043/1191 1180/2032/1180
f 1180/2032/1180 1191/2043/1191 1192/2044/1192
f 1192/2044/1192 1184/2036/1184 1183/2035/1183
f 1180/2032/1180 1192/2044/1192 1181/2033/1181
f 1181/2033/1181 1192/2044/1192 1183/2035/1183
f 1034/1886/1034 1033/1885/1033 1193/2045/1193
f 1193/2045/1193 1033/1885/1033 1194/2046/1194
f 1194/2046/1194 1033/1885/1033 1195/2047/1195
f 1195/2047/1195 1033/1885/1033 1035/1887/1035
f 1195/2047/1195 1035/1887/1035 1196/2048/1196
f 1196/2048/1196 1035/1887/1035 1037/1889/1037
f 1196/2048/1196 1037/1889/1037 1197/2049/1197
f 1197/2049/1197 1037/1889/1037 1038/1890/1038
f 1197/2049/1197 1038/1890/1038 1198/2050/1198
f 1198/2050/1198 1038/1890/1038 1040/1892/1040
f 1198/2050/1198 1040/1892/1040 1199/2051/1199
f 1199/2051/1199 1040/1892/1040 1041/1893/1041
f 1199/2051/1199 1041/1893/1041 1200/2052/1200
f 1200/2052/1200 1041/1893/1041 1043/1895/1043
f 1200/2052/1200 1043/1895/1043 1201/2053/1201
f 1201/2053/1201 1043/1895/1043 1044/1896/1044
f 1201/2053/1201 1044/1896/1044 1202/2054/1202
f 1202/2054/1202 1044/1896/1044 1046/1898/1046
f 1202/2054/1202 1046/1898/1046 1203/2055/1203
f 1203/2055/1203 1046/1898/1046 1047/1899/1047
f 1203/2055/1203 1047/1899/1047 1204/2056/1204
f 1204/2056/1204 1047/1899/1047 1049/1901/1049
f 1204/2056/1204 1049/1901/1049 1205/2057/1205
f 1205/2057/1205 1049/1901/1049 1050/1902/1050
f 1205/2057/1205 1050/1902/1050 1206/2058/1206
f 1206/2058/1206 1050/1902/1050 1052/1904/1052
f 1206/2058/1206 1052/1904/1052 1207/2059/1207
f 1207/2059/1207 1052/1904/1052 1053/1905/1053
f 1207/2059/1207 1053/1905/1053 1208/2060/1208
f 1208/2060/1208 1053/1905/1053 1055/1907/1055
f 1208/2060/1208 1055/1907/1055 1209/2061/1209
f 1209/2061/1209 1055/1907/1055 1056/1908/1056
f 1209/2061/1209 1056/1908/1056 1210/2062/1210
f 1210/2062/1210 1056/1908/1056 1058/1910/1058
f 1210/2062/1210 1058/1910/1058 1211/2063/1211
f 1211/2063/1211 1058/1910/1058 1059/1911/1059
f 1211/2063/1211 1059/1911/1059 1212/2064/1212
f 1212/2064/1212 1059/1911/1059 1061/1913/1061
f 1212/2064/1212 1061/1913/1061 1193/2045/1193
f 1193/2045/1193 1061/1913/1061 1034/1886/1034
f 1194/2046/1194 1213/2065/1213 1193/2045/1193
f 1195/2047/1195 1213/2065/1213 1194/2046/1194
f 1196/2048/1196 1213/2065/1213 1195/2047/1195
f 1197/2049/1197 1213/2065/1213 1196/2048/1196
f 1198/2050/1198 1213/2065/1213 1197/2049/1197
f 1199/2051/1199 1213/2065/1213 1198/2050/1198
f 1200/2052/1200 1213/2065/1213 1199/2051/1199
f 1201/2053/1201 1213/2065/1213 1200/2052/1200
f 1202/2054/1202 1213/2065/1213 1201/2053/1201
f 1203/2055/1203 1213/2065/1213 1202/2054/1202
f 1204/2056/1204 1213/2065/1213 1203/2055/1203
f 1205/2057/1205 1213/2065/1213 1204/2056/1204
f 1206/2058/1206 1213/2065/1213 1205/2057/1205
f 1207/2059/1207 1213/2065/1213 1206/2058/1206
f 1208/2060/1208 1213/2065/1213 1207/2059/1207
f 1209/2061/1209 1213/2065/1213 1208/2060/1208
f 1210/2062/1210 1213/2065/1213 1209/2061/1209
f 1211/2063/1211 1213/2065/1213 1210/2062/1210
f 1212/2064/1212 1213/2065/1213 1211/2063/1211
f 1193/2045/1193 1213/2065/1213 1212/2064/1212
f 1073/2066/1073 1072/2067/1072 882/2068/882
f 882/2068/882 1072/2067/1072 883/2069/883
f 1072/2067/1072 1076/2070/1076 883/2069/883
f 883/2069/883 1076/2070/1076 886/2071/886
f 886/2071/886 1076/2070/1076 888/2072/888
f 888/2072/888 1076/2070/1076 1077/2073/1077
f 1077/2073/1077 1079/2074/1079 888/2072/888
f 888/2072/888 1079/2074/1079 889/2075/889
f 889/2075/889 1079/2074/1079 891/2076/891
f 891/2076/891 1079/2074/1079 1080/2077/1080
f 1080/2077/1080 1082/2078/1082 891/2076/891
f 891/2076/891 1082/2078/1082 892/2079/892
f 892/2079/892 1082/2078/1082 894/2080/894
f 894/2080/894 1082/2078/1082 1083/2081/1083
f 1083/2081/1083 1085/2082/1085 894/2080/894
f 894/2080/894 1085/2082/1085 895/2083/895
f 895/2083/895 1085/2082/1085 897/2084/897
f 897/2084/897 1085/2082/1085 1086/2085/1086
f 1086/2085/1086 1088/2086/1088 897/2084/897
f 897/2084/897 1088/2086/1088 898/2087/898
f 898/2088/898 1088/2089/1088 900/2090/900
f 900/2090/900 1088/2089/1088 1089/2091/1089
f 1089/2091/1089 1091/2092/1091 900/2090/900
f 900/2090/900 1091/2092/1091 901/2093/901
f 901/2093/901 1091/2092/1091 903/2094/903
f 903/2094/903 1091/2092/1091 1092/2095/1092
f 1092/2095/1092 1094/2096/1094 903/2094/903
f 903/2094/903 1094/2096/1094 904/2097/904
f 904/2097/904 1094/2096/1094 906/2098/906
f 906/2098/906 1094/2096/1094 1095/2099/1095
f 1095/2099/1095 1097/2100/1097 906/2098/906
f 906/2098/906 1097/2100/1097 907/2101/907
f 907/2101/907 1097/2100/1097 909/2102/909
f 909/2102/909 1097/2100/1097 1098/2103/1098
f 1098/2103/1098 1100/2104/1100 909/2102/909
f 909/2102/909 1100/2104/1100 910/2105/910
f 910/2105/910 1100/2104/1100 912/2106/912
f 912/2106/912 1100/2104/1100 1101/2107/1101
f 1101/2107/1101 1103/2108/1103 912/2106/912
f 912/2106/912 1103/2108/1103 913/2109/913
f 913/2109/913 1103/2108/1103 915/2110/915
f 915/2110/915 1103/2108/1103 1104/2111/1104
f 1104/2111/1104 1106/2112/1106 915/2110/915
f 915/2110/915 1106/2112/1106 916/2113/916
f 916/2113/916 1106/2112/1106 918/2114/918
f 918/2114/918 1106/2112/1106 1107/2115/1107
f 1107/2115/1107 1109/2116/1109 918/2114/918
f 918/2114/918 1109/2116/1109 919/2117/919
f 919/2117/919 1109/2116/1109 921/2118/921
f 921/2118/921 1109/2116/1109 1110/2119/1110
f 1110/2119/1110 1112/2120/1112 921/2118/921
f 921/2118/921 1112/2120/1112 922/2121/922
f 922/2121/922 1112/2120/1112 924/2122/924
f 924/2122/924 1112/2120/1112 1113/2123/1113
f 1113/2123/1113 1115/2124/1115 924/2122/924
f 924/2122/924 1115/2124/1115 925/2125/925
f 925/2125/925 1115/2124/1115 927/2126/927
f 927/2126/927 1115/2124/1115 1116/2127/1116
f 1116/2127/1116 1118/2128/1118 927/2126/927
f 927/2126/927 1118/2128/1118 928/2129/928
f 928/2129/928 1118/2128/1118 930/2130/930
f 930/2130/930 1118/2128/1118 1119/2131/1119
f 1119/2131/1119 1121/2132/1121 930/2130/930
f 930/2130/930 1121/2132/1121 931/2133/931
f 931/2134/931 1121/2135/1121 933/2136/933
f 933/2136/933 1121/2135/1121 1122/2137/1122
f 1122/2137/1122 1124/2138/1124 933/2136/933
f 933/2136/933 1124/2138/1124 934/2139/934
f 934/2139/934 1124/2138/1124 936/2140/936
f 936/2140/936 1124/2138/1124 1125/2141/1125
f 1125/2141/1125 1127/2142/1127 936/2140/936
f 936/2140/936 1127/2142/1127 937/2143/937
f 937/2143/937 1127/2142/1127 939/2144/939
f 939/2144/939 1127/2142/1127 1128/2145/1128
f 1128/2145/1128 1130/2146/1130 939/2144/939
f 939/2144/939 1130/2146/1130 940/2147/940
f 940/2147/940 1130/2146/1130 941/2148/941
f 941/2148/941 1130/2146/1130 1131/2149/1131
f 1131/2149/1131 1073/2066/1073 941/2148/941
f 941/2148/941 1073/2066/1073 882/2068/882
s 144
f 1214/2150/1214 1215/2151/1215 1216/2152/1216
f 1216/2152/1216 1215/2151/1215 1217/2153/1217
f 1215/2151/1215 1218/2154/1218 1217/2153/1217
f 1217/2153/1217 1218/2154/1218 1219/2155/1219
f 1218/2154/1218 1220/2156/1220 1219/2155/1219
f 1219/2155/1219 1220/2156/1220 1221/2157/1221
f 1220/2156/1220 1222/2158/1222 1221/2157/1221
f 1221/2157/1221 1222/2158/1222 1223/2159/1223
f 1222/2158/1222 1224/2160/1224 1223/2159/1223
f 1223/2159/1223 1224/2160/1224 1225/2161/1225
f 1224/2160/1224 1226/2162/1226 1225/2161/1225
f 1225/2161/1225 1226/2162/1226 1227/2163/1227
f 1226/2162/1226 1228/2164/1228 1227/2163/1227
f 1227/2163/1227 1228/2164/1228 1229/2165/1229
f 1228/2164/1228 1230/2166/1230 1229/2165/1229
f 1229/2165/1229 1230/2166/1230 1231/2167/1231
f 1230/2166/1230 1232/2168/1232 1231/2167/1231
f 1231/2167/1231 1232/2168/1232 1233/2169/1233
f 1232/2168/1232 1234/2170/1234 1233/2169/1233
f 1233/2169/1233 1234/2170/1234 1235/2171/1235
f 1234/2170/1234 1236/2172/1236 1235/2171/1235
f 1235/2171/1235 1236/2172/1236 1237/2173/1237
f 1236/2172/1236 1238/2174/1238 1237/2173/1237
f 1237/2173/1237 1238/2174/1238 1239/2175/1239
f 1238/2174/1238 1240/2176/1240 1239/2175/1239
f 1239/2175/1239 1240/2176/1240 1241/2177/1241
f 1240/2176/1240 1242/2178/1242 1241/2177/1241
f 1241/2177/1241 1242/2178/1242 1243/2179/1243
f 1242/2178/1242 1244/2180/1244 1243/2179/1243
f 1243/2179/1243 1244/2180/1244 1245/2181/1245
f 1244/2180/1244 1246/2182/1246 1245/2181/1245
f 1245/2181/1245 1246/2182/1246 1247/2183/1247
f 1246/2182/1246 1248/2184/1248 1247/2183/1247
f 1247/2183/1247 1248/2184/1248 1249/2185/1249
f 1248/2184/1248 1250/2186/1250 1249/2185/1249
f 1249/2185/1249 1250/2186/1250 1251/2187/1251
f 1250/2186/1250 1252/2188/1252 1251/2187/1251
f 1251/2187/1251 1252/2188/1252 1253/2189/1253
f 1252/2190/1252 1214/2150/1214 1253/2191/1253
f 1253/2191/1253 1214/2150/1214 1216/2152/1216
f 1216/2192/1216 1217/2193/1217 1254/2194/1254
f 1217/2193/1217 1219/2195/1219 1254/2194/1254
f 1254/2194/1254 1219/2195/1219 1255/2196/1255
f 1219/2195/1219 1221/2197/1221 1255/2196/1255
f 1221/2197/1221 1223/2198/1223 1255/2196/1255
f 1255/2196/1255 1223/2198/1223 1256/2199/1256
f 1223/2198/1223 1225/2200/1225 1256/2199/1256
f 1225/2200/1225 1227/2201/1227 1256/2199/1256
f 1256/2199/1256 1227/2201/1227 1257/2202/1257
f 1227/2201/1227 1229/2203/1229 1257/2202/1257
f 1229/2203/1229 1231/2204/1231 1257/2202/1257
f 1257/2202/1257 1231/2204/1231 1258/2205/1258
f 1231/2204/1231 1233/2206/1233 1258/2205/1258
f 1233/2206/1233 1235/2207/1235 1258/2205/1258
f 1258/2205/1258 1235/2207/1235 1259/2208/1259
f 1235/2207/1235 1237/2209/1237 1259/2208/1259
f 1237/2209/1237 1239/2210/1239 1259/2208/1259
f 1259/2208/1259 1239/2210/1239 1260/2211/1260
f 1239/2210/1239 1241/2212/1241 1260/2211/1260
f 1241/2212/1241 1243/2213/1243 1260/2211/1260
f 1260/2211/1260 1243/2213/1243 1261/2214/1261
f 1243/2213/1243 1245/2215/1245 1261/2214/1261
f 1245/2215/1245 1247/2216/1247 1261/2214/1261
f 1261/2214/1261 1247/2216/1247 1262/2217/1262
f 1247/2216/1247 1249/2218/1249 1262/2217/1262
f 1249/2218/1249 1251/2219/1251 1262/2217/1262
f 1262/2217/1262 1251/2219/1251 1263/2220/1263
f 1251/2219/1251 1253/2221/1253 1263/2220/1263
f 1253/2221/1253 1216/2192/1216 1263/2220/1263
f 1263/2220/1263 1216/2192/1216 1254/2194/1254
f 1254/2222/1254 1255/2223/1255 1264/2224/1264
f 1264/2224/1264 1255/2223/1255 1265/2225/1265
f 1255/2226/1255 1256/2227/1256 1265/2228/1265
f 1265/2228/1265 1256/2227/1256 1266/2229/1266
f 1256/2227/1256 1257/2230/1257 1266/2229/1266
f 1266/2229/1266 1257/2230/1257 1267/2231/1267
f 1257/2230/1257 1258/2232/1258 1267/2231/1267
f 1267/2231/1267 1258/2232/1258 1268/2233/1268
f 1258/2232/1258 1259/2234/1259 1268/2233/1268
f 1268/2233/1268 1259/2234/1259 1269/2235/1269
f 1259/2234/1259 1260/2236/1260 1269/2235/1269
f 1269/2235/1269 1260/2236/1260 1270/2237/1270
f 1260/2236/1260 1261/2238/1261 1270/2237/1270
f 1270/2237/1270 1261/2238/1261 1271/2239/1271
f 1261/2238/1261 1262/2240/1262 1271/2239/1271
f 1271/2239/1271 1262/2240/1262 1272/2241/1272
f 1262/2240/1262 1263/2242/1263 1272/2241/1272
f 1272/2241/1272 1263/2242/1263 1273/2243/1273
f 1263/2242/1263 1254/2222/1254 1273/2243/1273
f 1273/2243/1273 1254/2222/1254 1264/2224/1264
f 1264/2244/1264 1265/2245/1265 1274/2246/1274
f 1274/2246/1274 1265/2245/1265 1275/2247/1275
f 1265/2245/1265 1266/2248/1266 1275/2247/1275
f 1275/2247/1275 1266/2248/1266 1276/2249/1276
f 1266/2248/1266 1267/2250/1267 1276/2249/1276
f 1276/2249/1276 1267/2250/1267 1277/2251/1277
f 1267/2250/1267 1268/2252/1268 1277/2251/1277
f 1277/2251/1277 1268/2252/1268 1278/2253/1278
f 1268/2252/1268 1269/2254/1269 1278/2253/1278
f 1278/2253/1278 1269/2254/1269 1279/2255/1279
f 1269/2254/1269 1270/2256/1270 1279/2255/1279
f 1279/2255/1279 1270/2256/1270 1280/2257/1280
f 1270/2256/1270 1271/2258/1271 1280/2257/1280
f 1280/2257/1280 1271/2258/1271 1281/2259/1281
f 1271/2258/1271 1272/2260/1272 1281/2259/1281
f 1281/2259/1281 1272/2260/1272 1282/2261/1282
f 1272/2260/1272 1273/2262/1273 1282/2261/1282
f 1282/2261/1282 1273/2262/1273 1283/2263/1283
f 1273/2262/1273 1264/2244/1264 1283/2263/1283
f 1283/2263/1283 1264/2244/1264 1274/2246/1274
f 1274/2264/1274 1275/2265/1275 1284/2266/1284
f 1284/2266/1284 1275/2265/1275 1285/2267/1285
f 1275/2265/1275 1276/2268/1276 1285/2267/1285
f 1285/2267/1285 1276/2268/1276 1286/2269/1286
f 1276/2270/1276 1277/2271/1277 1286/2272/1286
f 1286/2272/1286 1277/2271/1277 1287/2273/1287
f 1277/2271/1277 1278/2274/1278 1287/2273/1287
f 1287/2273/1287 1278/2274/1278 1288/2275/1288
f 1278/2274/1278 1279/2276/1279 1288/2275/1288
f 1288/2275/1288 1279/2276/1279 1289/2277/1289
f 1279/2276/1279 1280/2278/1280 1289/2277/1289
f 1289/2277/1289 1280/2278/1280 1290/2279/1290
f 1280/2278/1280 1281/2280/1281 1290/2279/1290
f 1290/2279/1290 1281/2280/1281 1291/2281/1291
f 1281/2280/1281 1282/2282/1282 1291/2281/1291
f 1291/2281/1291 1282/2282/1282 1292/2283/1292
f 1282/2282/1282 1283/2284/1283 1292/2283/1292
f 1292/2283/1292 1283/2284/1283 1293/2285/1293
f 1283/2284/1283 1274/2264/1274 1293/2285/1293
f 1293/2285/1293 1274/2264/1274 1284/2266/1284
f 1284/2286/1284 1285/2287/1285 1294/2288/1294
f 1294/2288/1294 1285/2287/1285 1295/2289/1295
f 1285/2287/1285 1286/2290/1286 1295/2289/1295
f 1286/2290/1286 1287/2291/1287 1295/2289/1295
f 1295/2289/1295 1287/2291/1287 1296/2292/1296
f 1287/2291/1287 1288/2293/1288 1296/2292/1296
f 1288/2293/1288 1289/2294/1289 1296/2292/1296
f 1296/2292/1296 1289/2294/1289 1297/2295/1297
f 1289/2294/1289 1290/2296/1290 1297/2295/1297
f 1290/2296/1290 1291/2297/1291 1297/2295/1297
f 1297/2295/1297 1291/2297/1291 1298/2298/1298
f 1291/2297/1291 1292/2299/1292 1298/2298/1298
f 1292/2299/1292 1293/2300/1293 1298/2298/1298
f 1298/2298/1298 1293/2300/1293 1294/2288/1294
f 1293/2300/1293 1284/2286/1284 1294/2288/1294
f 1294/2301/1294 1295/2302/1295 1299/2303/1299
f 1299/2303/1299 1295/2302/1295 1300/2304/1300
f 1295/2302/1295 1296/2305/1296 1300/2304/1300
f 1300/2304/1300 1296/2305/1296 1301/2306/1301
f 1296/2305/1296 1297/2307/1297 1301/2306/1301
f 1301/2306/1301 1297/2307/1297 1302/2308/1302
f 1297/2309/1297 1298/2310/1298 1302/2311/1302
f 1302/2311/1302 1298/2310/1298 1303/2312/1303
f 1298/2310/1298 1294/2301/1294 1303/2312/1303
f 1303/2312/1303 1294/2301/1294 1299/2303/1299
f 1299/2313/1299 1300/2314/1300 1304/2315/1304
f 1304/2315/1304 1300/2314/1300 1305/2316/1305
f 1300/2314/1300 1306/2317/1306 1305/2316/1305
f 1300/2314/1300 1301/2318/1301 1306/2317/1306
f 1306/2317/1306 1301/2318/1301 1307/2319/1307
f 1301/2318/1301 1308/2320/1308 1307/2319/1307
f 1301/2318/1301 1302/2321/1302 1308/2320/1308
f 1308/2320/1308 1302/2321/1302 1309/2322/1309
f 1302/2321/1302 1310/2323/1310 1309/2322/1309
f 1302/2321/1302 1303/2324/1303 1310/2323/1310
f 1310/2323/1310 1303/2324/1303 1311/2325/1311
f 1303/2324/1303 1312/2326/1312 1311/2325/1311
f 1303/2324/1303 1299/2313/1299 1312/2326/1312
f 1312/2326/1312 1299/2313/1299 1313/2327/1313
f 1299/2313/1299 1304/2315/1304 1313/2327/1313
f 1304/2328/1304 1305/2329/1305 1314/2330/1314
f 1314/2330/1314 1305/2329/1305 1315/2331/1315
f 1305/2332/1305 1306/2333/1306 1315/2334/1315
f 1315/2334/1315 1306/2333/1306 1316/2335/1316
f 1306/2333/1306 1307/2336/1307 1316/2335/1316
f 1316/2335/1316 1307/2336/1307 1317/2337/1317
f 1307/2336/1307 1308/2338/1308 1317/2337/1317
f 1317/2337/1317 1308/2338/1308 1318/2339/1318
f 1308/2338/1308 1309/2340/1309 1318/2339/1318
f 1318/2339/1318 1309/2340/1309 1319/2341/1319
f 1309/2340/1309 1310/2342/1310 1319/2341/1319
f 1319/2341/1319 1310/2342/1310 1320/2343/1320
f 1310/2342/1310 1311/2344/1311 1320/2343/1320
f 1320/2343/1320 1311/2344/1311 1321/2345/1321
f 1311/2344/1311 1312/2346/1312 1321/2345/1321
f 1321/2345/1321 1312/2346/1312 1322/2347/1322
f 1312/2346/1312 1313/2348/1313 1322/2347/1322
f 1322/2347/1322 1313/2348/1313 1323/2349/1323
f 1313/2348/1313 1304/2328/1304 1323/2349/1323
f 1323/2349/1323 1304/2328/1304 1314/2330/1314
f 1314/2350/1314 1315/2351/1315 1324/2352/1324
f 1315/2351/1315 1316/2353/1316 1324/2352/1324
f 1324/2352/1324 1316/2353/1316 1325/2354/1325
f 1316/2353/1316 1317/2355/1317 1325/2354/1325
f 1317/2355/1317 1318/2356/1318 1325/2354/1325
f 1325/2354/1325 1318/2356/1318 1326/2357/1326
f 1318/2356/1318 1319/2358/1319 1326/2357/1326
f 1319/2358/1319 1320/2359/1320 1326/2357/1326
f 1326/2357/1326 1320/2359/1320 1327/2360/1327
f 1320/2359/1320 1321/2361/1321 1327/2360/1327
f 1321/2361/1321 1322/2362/1322 1327/2360/1327
f 1327/2360/1327 1322/2362/1322 1328/2363/1328
f 1322/2362/1322 1323/2364/1323 1328/2363/1328
f 1323/2364/1323 1314/2350/1314 1328/2363/1328
f 1328/2363/1328 1314/2350/1314 1324/2352/1324
f 1324/2365/1324 1325/2366/1325 1329/2367/1329
f 1329/2367/1329 1325/2366/1325 1330/2368/1330
f 1325/2366/1325 1326/2369/1326 1330/2368/1330
f 1330/2368/1330 1326/2369/1326 1331/2370/1331
f 1326/2369/1326 1327/2371/1327 1331/2370/1331
f 1331/2370/1331 1327/2371/1327 1332/2372/1332
f 1327/2371/1327 1328/2373/1328 1332/2372/1332
f 1332/2372/1332 1328/2373/1328 1333/2374/1333
f 1328/2373/1328 1324/2375/1324 1333/2374/1333
f 1333/2374/1333 1324/2375/1324 1329/2376/1329
f 1329/2377/1329 1334/2378/1334 1335/2379/1335
f 1329/2377/1329 1330/2380/1330 1334/2378/1334
f 1334/2378/1334 1330/2380/1330 1336/2381/1336
f 1330/2382/1330 1337/2383/1337 1336/2381/1336
f 1330/2384/1330 1331/2385/1331 1337/2386/1337
f 1337/2386/1337 1331/2385/1331 1338/2387/1338
f 1331/2385/1331 1339/2388/1339 1338/2387/1338
f 1331/2385/1331 1332/2389/1332 1339/2388/1339
f 1339/2388/1339 1332/2389/1332 1340/2390/1340
f 1332/2389/1332 1341/2391/1341 1340/2390/1340
f 1332/2389/1332 1333/2392/1333 1341/2391/1341
f 1341/2391/1341 1333/2392/1333 1342/2393/1342
f 1333/2392/1333 1343/2394/1343 1342/2393/1342
f 1333/2392/1333 1329/2377/1329 1343/2394/1343
f 1343/2394/1343 1329/2377/1329 1335/2379/1335
f 1334/2378/1334 1344/2395/1344 1335/2379/1335
f 1335/2379/1335 1344/2395/1344 1345/2396/1345
f 1336/2381/1336 1346/2397/1346 1334/2378/1334
f 1334/2378/1334 1346/2397/1346 1344/2395/1344
f 1337/2383/1337 1347/2398/1347 1336/2381/1336
f 1336/2381/1336 1347/2398/1347 1346/2397/1346
f 1338/2387/1338 1348/2399/1348 1337/2386/1337
f 1337/2386/1337 1348/2399/1348 1347/2400/1347
f 1339/2388/1339 1349/2401/1349 1338/2387/1338
f 1338/2387/1338 1349/2401/1349 1348/2399/1348
f 1340/2390/1340 1350/2402/1350 1339/2388/1339
f 1339/2388/1339 1350/2402/1350 1349/2401/1349
f 1341/2391/1341 1351/2403/1351 1340/2390/1340
f 1340/2390/1340 1351/2403/1351 1350/2402/1350
f 1342/2393/1342 1352/2404/1352 1341/2391/1341
f 1341/2391/1341 1352/2404/1352 1351/2403/1351
f 1343/2394/1343 1353/2405/1353 1342/2393/1342
f 1342/2393/1342 1353/2405/1353 1352/2404/1352
f 1335/2379/1335 1345/2396/1345 1343/2394/1343
f 1343/2394/1343 1345/2396/1345 1353/2405/1353
f 1345/2396/1345 1344/2395/1344 1354/2406/1354
f 1354/2406/1354 1344/2395/1344 1355/2407/1355
f 1344/2395/1344 1346/2397/1346 1355/2407/1355
f 1355/2407/1355 1346/2397/1346 1356/2408/1356
f 1346/2397/1346 1347/2398/1347 1356/2408/1356
f 1356/2408/1356 1347/2398/1347 1357/2409/1357
f 1347/2400/1347 1348/2399/1348 1357/2410/1357
f 1357/2410/1357 1348/2399/1348 1358/2411/1358
f 1348/2399/1348 1349/2401/1349 1358/2411/1358
f 1358/2411/1358 1349/2401/1349 1359/2412/1359
f 1349/2401/1349 1350/2402/1350 1359/2412/1359
f 1359/2412/1359 1350/2402/1350 1360/2413/1360
f 1350/2402/1350 1351/2403/1351 1360/2413/1360
f 1360/2413/1360 1351/2403/1351 1361/2414/1361
f 1351/2403/1351 1352/2404/1352 1361/2414/1361
f 1361/2414/1361 1352/2404/1352 1362/2415/1362
f 1352/2404/1352 1353/2405/1353 1362/2415/1362
f 1362/2415/1362 1353/2405/1353 1363/2416/1363
f 1353/2405/1353 1345/2396/1345 1363/2416/1363
f 1363/2416/1363 1345/2396/1345 1354/2406/1354
f 1354/2406/1354 1355/2407/1355 1364/2417/1364
f 1364/2417/1364 1355/2407/1355 1365/2418/1365
f 1355/2407/1355 1356/2408/1356 1365/2418/1365
f 1365/2418/1365 1356/2408/1356 1366/2419/1366
f 1356/2408/1356 1357/2409/1357 1366/2419/1366
f 1366/2419/1366 1357/2409/1357 1367/2420/1367
f 1357/2410/1357 1358/2411/1358 1367/2421/1367
f 1367/2421/1367 1358/2411/1358 1368/2422/1368
f 1358/2411/1358 1359/2412/1359 1368/2422/1368
f 1368/2422/1368 1359/2412/1359 1369/2423/1369
f 1359/2412/1359 1360/2413/1360 1369/2423/1369
f 1369/2423/1369 1360/2413/1360 1370/2424/1370
f 1360/2413/1360 1361/2414/1361 1370/2424/1370
f 1370/2424/1370 1361/2414/1361 1371/2425/1371
f 1361/2414/1361 1362/2415/1362 1371/2425/1371
f 1371/2425/1371 1362/2415/1362 1372/2426/1372
f 1362/2415/1362 1363/2416/1363 1372/2426/1372
f 1372/2426/1372 1363/2416/1363 1373/2427/1373
f 1363/2416/1363 1354/2406/1354 1373/2427/1373
f 1373/2427/1373 1354/2406/1354 1364/2417/1364
f 1364/2417/1364 1365/2418/1365 1374/2428/1374
f 1374/2428/1374 1365/2418/1365 1375/2429/1375
f 1365/2418/1365 1366/2419/1366 1375/2429/1375
f 1375/2429/1375 1366/2419/1366 1376/2430/1376
f 1366/2419/1366 1367/2420/1367 1376/2430/1376
f 1376/2430/1376 1367/2420/1367 1377/2431/1377
f 1367/2421/1367 1368/2422/1368 1377/2432/1377
f 1377/2432/1377 1368/2422/1368 1378/2433/1378
f 1368/2422/1368 1369/2423/1369 1378/2433/1378
f 1378/2433/1378 1369/2423/1369 1379/2434/1379
f 1369/2423/1369 1370/2424/1370 1379/2434/1379
f 1379/2434/1379 1370/2424/1370 1380/2435/1380
f 1370/2424/1370 1371/2425/1371 1380/2435/1380
f 1380/2435/1380 1371/2425/1371 1381/2436/1381
f 1371/2425/1371 1372/2426/1372 1381/2436/1381
f 1381/2436/1381 1372/2426/1372 1382/2437/1382
f 1372/2426/1372 1373/2427/1373 1382/2437/1382
f 1382/2437/1382 1373/2427/1373 1383/2438/1383
f 1373/2427/1373 1364/2417/1364 1383/2438/1383
f 1383/2438/1383 1364/2417/1364 1374/2428/1374
f 1375/2429/1375 1384/2439/1384 1374/2428/1374
f 1376/2430/1376 1384/2440/1384 1375/2429/1375
f 1377/2431/1377 1384/2441/1384 1376/2430/1376
f 1378/2433/1378 1384/2442/1384 1377/2432/1377
f 1379/2434/1379 1384/2443/1384 1378/2433/1378
f 1380/2435/1380 1384/2444/1384 1379/2434/1379
f 1381/2436/1381 1384/2445/1384 1380/2435/1380
f 1382/2437/1382 1384/2446/1384 1381/2436/1381
f 1383/2438/1383 1384/2447/1384 1382/2437/1382
f 1374/2428/1374 1384/2448/1384 1383/2438/1383
