# This file uses feet as units for non-parametric coordinates.

g default
v 8.377527 48.343636 2.476725
v 7.884874 49.111759 -0.000021
v 7.884874 48.343636 0.000006
v 9.780473 48.343632 4.576387
v 8.377520 49.111759 2.476713
v 11.880136 48.343636 5.979334
v 9.780465 49.111759 4.576383
v 14.356835 48.343636 6.471984
v 11.880128 49.111763 5.979332
v 16.833551 48.343636 5.979338
v 14.356851 49.111763 6.471983
v 18.933222 48.343632 4.576389
v 16.833567 49.111763 5.979333
v 20.336168 48.343636 2.476739
v 18.933222 49.111759 4.576386
v 20.828821 48.343636 0.000022
v 20.336176 49.111759 2.476727
v 20.336176 48.343636 -2.476707
v 20.828821 49.111759 -0.000005
v 18.933229 48.343636 -4.576365
v 20.336168 49.111759 -2.476721
v 16.833574 48.343636 -5.979311
v 18.933222 49.111759 -4.576370
v 14.356845 48.343636 -6.471967
v 16.833551 49.111755 -5.979324
v 11.880107 48.343636 -5.979307
v 14.356837 49.111755 -6.471967
v 9.780482 48.343636 -4.576376
v 11.880145 49.111755 -5.979323
v 8.377527 48.343636 -2.476708
v 9.780459 49.111759 -4.576359
v 8.933687 48.181129 2.246356
v 10.206140 48.181133 4.150719
v 12.110497 48.181133 5.423172
v 14.356851 48.181129 5.869998
v 14.356851 34.701859 5.869997
v 16.603197 48.181133 5.423172
v 18.507555 48.181133 4.150721
v 19.780008 48.181129 2.246358
v 20.226839 48.181129 0.000010
v 19.780008 48.181129 -2.246337
v 18.507563 48.181129 -4.150697
v 16.603197 48.181129 -5.423153
v 14.356853 48.181129 -5.869981
v 12.110499 48.181129 -5.423154
v 10.206141 48.181129 -4.150700
v 8.933680 48.181129 -2.246337
v 8.486856 48.181129 0.000008
v 8.707865 49.437912 -0.000018
v 9.137873 49.437912 2.161767
v 10.362412 49.437912 3.994437
v 12.195077 49.437908 5.218981
v 14.356851 49.437908 5.648986
v 16.518618 49.437908 5.218982
v 18.351282 49.437912 3.994440
v 19.575823 49.437912 2.161779
v 20.005823 49.437912 -0.000004
v 19.575815 49.437912 -2.161773
v 18.351282 49.437912 -3.994423
v 16.518602 49.437912 -5.218974
v 14.356837 49.437912 -5.648971
v 12.195086 49.437912 -5.218973
v 10.362407 49.437912 -3.994413
v 8.377527 49.111759 -2.476722
v 9.137873 49.437912 -2.161774
v 10.163401 51.898018 -0.000013
v 10.482607 51.898018 1.604759
v 11.422556 52.742584 1.215420
v 11.391634 51.898022 2.965216
v 12.111040 52.742584 2.245813
v 12.752084 51.898022 3.874241
v 13.141420 52.742584 2.934295
v 14.356851 51.898022 4.193449
v 14.356843 52.742584 3.176058
v 15.961610 51.898022 3.874242
v 15.572268 52.742584 2.934295
v 17.322062 51.898022 2.965218
v 16.602655 52.742584 2.245815
v 18.231081 51.898018 1.604768
v 17.291132 52.742584 1.215427
v 18.550287 51.898018 -0.000002
v 17.532892 52.742584 -0.000001
v 18.231081 51.898018 -1.604763
v 17.291132 52.742584 -1.215423
v 17.322062 51.898018 -2.965206
v 16.602648 52.742584 -2.245799
v 15.961596 51.898018 -3.874233
v 15.572260 52.742584 -2.934283
v 14.356837 51.898018 -4.193437
v 14.356837 52.742584 -3.176042
v 12.752093 51.898018 -3.874233
v 13.141428 52.742584 -2.934283
v 11.391626 51.898018 -2.965199
v 12.111032 52.742584 -2.245794
v 10.482615 51.898018 -1.604763
v 11.422556 52.742584 -1.215423
v 11.180796 52.742584 -0.000009
v 12.199350 52.970940 -0.000005
v 12.830347 52.970940 1.526499
v 14.356844 52.970940 2.157496
v 15.883341 52.970940 1.526501
v 16.514338 52.970940 0.000000
v 15.883341 52.970940 -1.526493
v 14.356844 52.970940 -2.157488
v 12.830347 52.970940 -1.526492
v 9.403269 50.224274 -0.000016
v 10.854135 50.224274 3.502718
v 12.461190 50.224270 4.576524
v 14.356851 50.224270 4.953595
v 16.252512 50.224270 4.576526
v 17.859568 50.224274 3.502720
v 18.933367 50.224274 1.895663
v 19.310434 50.224274 -0.000003
v 18.933359 50.224270 -1.895657
v 17.859568 50.224274 -3.502708
v 16.252497 50.224274 -4.576511
v 14.356837 50.224274 -4.953575
v 12.461207 50.224274 -4.576511
v 10.854136 50.224274 -3.502700
v 9.780344 50.224274 -1.895657
v 9.780336 50.224274 1.895652
v 12.830347 53.274155 1.526498
v 12.199350 53.274155 -0.000005
v 14.356844 53.274155 2.157496
v 15.883341 53.274155 1.526501
v 16.514338 53.274155 0.000000
v 15.883341 53.274155 -1.526494
v 14.356844 53.274155 -2.157488
v 12.830347 53.274155 -1.526492
v 13.602488 54.007324 0.754362
v 13.290667 54.007324 0.000002
v 13.006517 53.897919 -0.000002
v 14.356844 54.007324 1.066185
v 15.111200 54.007324 0.754362
v 15.423029 54.007324 0.000004
v 15.111200 54.007324 -0.754353
v 14.356844 54.007324 -1.066176
v 13.602488 54.007324 -0.754352
v 15.312250 53.897919 0.955406
v 15.312250 53.897919 -0.955399
v 14.356844 53.897919 -1.350325
v 15.775553 55.542381 1.418715
v 14.356844 55.542381 2.005157
v 14.356844 54.490005 1.653269
v 15.526575 54.490005 1.169745
v 16.361994 55.542381 0.000009
v 16.010096 54.490005 0.000009
v 15.775553 55.542381 -1.418698
v 15.526575 54.490005 -1.169725
v 14.356844 55.542381 -2.005137
v 14.356844 54.490005 -1.653250
v 12.938135 55.542381 -1.418698
v 13.187105 54.490005 -1.169725
v 12.351694 55.542381 0.000010
v 12.703577 54.490005 0.000009
v 12.938135 55.542381 1.418716
v 13.187113 54.490005 1.169745
v 15.526575 56.619907 1.169744
v 14.356844 56.619907 1.653268
v 16.010096 56.619907 0.000009
v 15.526575 56.619907 -1.169725
v 14.356844 56.619907 -1.653251
v 13.187105 56.619907 -1.169725
v 12.703577 56.619907 0.000009
v 13.187113 56.619907 1.169745
v 14.356844 57.177803 1.009629
v 15.071192 57.177803 0.714348
v 15.366465 57.177803 0.000005
v 15.071192 57.177803 -0.714335
v 14.356844 57.177803 -1.009617
v 13.642504 57.177803 -0.714335
v 13.347223 57.177803 0.000004
v 13.642504 57.177803 0.714347
v 13.482615 57.514210 0.874230
v 13.121256 57.514206 0.000004
v 14.356844 57.514206 1.235602
v 15.231073 57.514210 0.874231
v 15.592440 57.514206 0.000005
v 15.231073 57.514210 -0.874218
v 14.356844 57.514206 -1.235589
v 13.482615 57.514210 -0.874218
v 13.814539 58.187061 0.542306
v 13.590380 58.187057 0.000005
v 14.356844 58.187057 0.766473
v 14.899149 58.187061 0.542306
v 15.123308 58.187057 0.000006
v 14.899149 58.187061 -0.542294
v 14.356844 58.187057 -0.766460
v 13.814539 58.187061 -0.542294
v 14.356844 58.345940 0.000006
v 12.364401 52.970940 0.825585
v 13.531256 52.970940 1.992444
v 15.182428 52.970940 1.992445
v 16.349283 52.970940 0.825590
v 16.349283 52.970940 -0.825585
v 15.182428 52.970940 -1.992436
v 13.531256 52.970940 -1.992435
v 12.364401 52.970940 -0.825587
v 12.364401 53.274155 0.825585
v 13.531256 53.274155 1.992443
v 15.182428 53.274155 1.992445
v 16.349283 53.274155 0.825589
v 16.349283 53.274155 -0.825585
v 15.182428 53.274155 -1.992436
v 13.531256 53.274155 -1.992436
v 12.364401 53.274155 -0.825588
v 13.401445 53.897919 -0.955398
v 13.401438 53.897919 0.955405
v 14.356844 53.897919 1.350333
v 15.707178 53.897919 0.000001
v 8.377527 21.060085 2.476726
v 7.884874 20.291960 -0.000020
v 7.884874 21.060085 0.000006
v 9.780473 21.060087 4.576387
v 8.377520 20.291960 2.476714
v 11.880136 21.060089 5.979334
v 9.780465 20.291960 4.576385
v 14.356835 21.060089 6.471984
v 11.880128 20.291962 5.979333
v 16.833551 21.060089 5.979338
v 14.356851 20.291962 6.471985
v 18.933222 21.060087 4.576389
v 16.833567 20.291962 5.979334
v 20.336168 21.060085 2.476740
v 18.933222 20.291960 4.576387
v 20.828821 21.060085 0.000022
v 20.336176 20.291960 2.476728
v 20.336176 21.060085 -2.476706
v 20.828821 20.291960 -0.000004
v 18.933229 21.060083 -4.576365
v 20.336168 20.291960 -2.476721
v 16.833574 21.060085 -5.979311
v 18.933222 20.291960 -4.576368
v 14.356845 21.060085 -6.471967
v 16.833551 20.291958 -5.979322
v 11.880107 21.060085 -5.979307
v 14.356837 20.291958 -6.471966
v 9.780482 21.060083 -4.576376
v 11.880145 20.291958 -5.979321
v 8.377527 21.060085 -2.476707
v 9.780459 20.291960 -4.576358
v 8.933687 21.222589 2.246357
v 8.486856 34.701859 0.000010
v 8.933687 34.701859 2.246356
v 10.206140 21.222586 4.150719
v 10.206140 34.701862 4.150719
v 12.110497 21.222588 5.423172
v 12.110505 34.701859 5.423173
v 14.356851 21.222588 5.869998
v 16.603197 21.222588 5.423172
v 16.603197 34.701859 5.423169
v 18.507555 21.222586 4.150721
v 18.507555 34.701862 4.150718
v 19.780008 21.222589 2.246359
v 19.780008 34.701859 2.246355
v 20.226839 21.222589 0.000011
v 20.226831 34.701859 0.000011
v 19.780008 21.222589 -2.246336
v 19.780008 34.701859 -2.246338
v 18.507563 21.222589 -4.150697
v 18.507563 34.701859 -4.150703
v 16.603197 21.222588 -5.423153
v 16.603197 34.701859 -5.423160
v 14.356853 21.222584 -5.869981
v 14.356845 34.701859 -5.869985
v 12.110499 21.222588 -5.423154
v 12.110499 34.701859 -5.423158
v 10.206141 21.222589 -4.150700
v 10.206141 34.701859 -4.150701
v 8.933680 21.222589 -2.246336
v 8.933687 34.701859 -2.246335
v 8.486856 21.222589 0.000008
v 8.707865 19.965809 -0.000017
v 9.137873 19.965809 2.161768
v 10.362412 19.965809 3.994438
v 12.195077 19.965813 5.218982
v 14.356851 19.965813 5.648987
v 16.518618 19.965813 5.218983
v 18.351282 19.965809 3.994441
v 19.575823 19.965809 2.161780
v 20.005823 19.965809 -0.000003
v 19.575815 19.965809 -2.161772
v 18.351282 19.965809 -3.994422
v 16.518602 19.965805 -5.218973
v 14.356837 19.965805 -5.648970
v 12.195086 19.965805 -5.218972
v 10.362407 19.965809 -3.994412
v 8.377527 20.291960 -2.476721
v 9.137873 19.965809 -2.161773
v 10.163401 17.505701 -0.000011
v 10.482607 17.505701 1.604760
v 11.422556 16.661133 1.215422
v 11.391634 17.505697 2.965218
v 12.111040 16.661133 2.245816
v 12.752084 17.505697 3.874243
v 13.141420 16.661133 2.934297
v 14.356851 17.505697 4.193451
v 14.356843 16.661133 3.176060
v 15.961610 17.505697 3.874244
v 15.572268 16.661133 2.934298
v 17.322062 17.505697 2.965220
v 16.602655 16.661133 2.245817
v 18.231081 17.505701 1.604769
v 17.291132 16.661137 1.215429
v 18.550287 17.505701 -0.000001
v 17.532892 16.661137 0.000001
v 18.231081 17.505701 -1.604761
v 17.291132 16.661137 -1.215421
v 17.322062 17.505701 -2.965204
v 16.602648 16.661137 -2.245796
v 15.961596 17.505701 -3.874231
v 15.572260 16.661137 -2.934280
v 14.356837 17.505701 -4.193435
v 14.356837 16.661137 -3.176039
v 12.752093 17.505701 -3.874231
v 13.141428 16.661137 -2.934280
v 11.391626 17.505701 -2.965197
v 12.111032 16.661137 -2.245791
v 10.482615 17.505701 -1.604761
v 11.422556 16.661137 -1.215421
v 11.180796 16.661137 -0.000007
v 12.830347 16.432779 1.526501
v 14.356844 16.432779 2.157498
v 15.883341 16.432779 1.526503
v 16.514338 16.432779 0.000002
v 15.883341 16.432779 -1.526491
v 14.356844 16.432779 -2.157486
v 13.531256 16.432779 -1.992434
v 12.199350 16.432779 -0.000003
v 9.403269 19.179447 -0.000014
v 10.854135 19.179447 3.502720
v 12.461190 19.179447 4.576526
v 14.356851 19.179447 4.953597
v 16.252512 19.179447 4.576527
v 17.859568 19.179447 3.502722
v 18.933367 19.179447 1.895665
v 19.310434 19.179447 -0.000002
v 18.933359 19.179449 -1.895655
v 17.859568 19.179447 -3.502706
v 16.252497 19.179447 -4.576510
v 14.356837 19.179447 -4.953574
v 12.461207 19.179447 -4.576509
v 10.854136 19.179447 -3.502698
v 9.780344 19.179447 -1.895656
v 9.780336 19.179447 1.895654
v 12.364401 16.432779 0.825588
v 12.199350 16.129566 -0.000003
v 13.531256 16.432779 1.992445
v 12.830347 16.129564 1.526500
v 15.182428 16.432779 1.992447
v 14.356844 16.129566 2.157498
v 16.349283 16.432779 0.825592
v 15.883341 16.129564 1.526503
v 16.349283 16.432779 -0.825583
v 16.514338 16.129566 0.000003
v 15.182428 16.432779 -1.992434
v 15.883341 16.129564 -1.526492
v 14.356844 16.129566 -2.157486
v 12.830347 16.432779 -1.526490
v 12.364401 16.432779 -0.825585
v 12.830347 16.129564 -1.526490
v 13.401438 15.505798 0.955407
v 13.602488 15.396393 0.754364
v 13.290667 15.396395 0.000004
v 14.356844 15.505800 1.350336
v 14.356844 15.396395 1.066187
v 15.312250 15.505798 0.955408
v 15.111200 15.396393 0.754365
v 15.707178 15.505800 0.000004
v 15.423029 15.396395 0.000006
v 15.312250 15.505798 -0.955397
v 15.111200 15.396393 -0.754350
v 14.356844 15.505800 -1.350322
v 14.356844 15.396395 -1.066173
v 13.401445 15.505798 -0.955396
v 13.602488 15.396393 -0.754350
v 13.006517 15.505800 0.000000
v 12.364401 16.129564 0.825587
v 13.531256 16.129564 1.992445
v 15.182428 16.129564 1.992447
v 16.349283 16.129564 0.825591
v 16.349283 16.129564 -0.825583
v 15.182428 16.129564 -1.992434
v 13.531256 16.129564 -1.992434
v 12.364401 16.129564 -0.825585
v 15.775553 13.861338 1.418718
v 14.356844 13.861338 2.005160
v 14.356844 14.913712 1.653272
v 16.361994 13.861338 0.000012
v 15.526575 14.913712 1.169747
v 15.775553 13.861338 -1.418695
v 16.010096 14.913712 0.000012
v 14.356844 13.861338 -2.005134
v 15.526575 14.913712 -1.169722
v 12.938135 13.861338 -1.418696
v 14.356844 14.913712 -1.653247
v 12.351694 13.861338 0.000012
v 13.187105 14.913712 -1.169722
v 12.938135 13.861338 1.418719
v 12.703577 14.913712 0.000012
v 13.187113 14.913712 1.169748
v 15.526575 12.783812 1.169747
v 14.356844 12.783812 1.653271
v 16.010096 12.783812 0.000012
v 15.526575 12.783812 -1.169722
v 14.356844 12.783812 -1.653248
v 13.187105 12.783812 -1.169722
v 12.703577 12.783812 0.000013
v 13.187113 12.783812 1.169748
v 14.356844 12.225916 1.009632
v 15.071192 12.225916 0.714351
v 15.366465 12.225916 0.000009
v 15.071192 12.225916 -0.714332
v 14.356844 12.225916 -1.009614
v 13.642504 12.225916 -0.714331
v 13.347223 12.225916 0.000008
v 13.642504 12.225916 0.714351
v 13.482615 11.889509 0.874234
v 13.121256 11.889513 0.000007
v 14.356844 11.889513 1.235606
v 15.231073 11.889509 0.874234
v 15.592440 11.889513 0.000009
v 15.231073 11.889509 -0.874214
v 14.356844 11.889513 -1.235585
v 13.482615 11.889509 -0.874214
v 13.814539 11.216658 0.542310
v 13.590380 11.216661 0.000008
v 14.356844 11.216661 0.766477
v 14.899149 11.216658 0.542310
v 15.123308 11.216661 0.000009
v 14.899149 11.216658 -0.542290
v 14.356844 11.216661 -0.766457
v 13.814539 11.216658 -0.542290
v 14.356844 11.057779 0.000010
v 5.247465 51.750908 0.000005
v 5.537610 53.204903 0.000002
v 5.464102 51.735542 -0.524259
v 5.987104 51.702503 -0.741416
v 6.510107 51.666092 -0.524259
v 6.726744 51.650730 0.000005
v 6.510107 51.666092 0.524270
v 5.987104 51.703178 0.741427
v 5.464102 51.739594 0.524270
v 5.741153 53.132660 -0.524261
v 6.232553 52.958557 -0.741418
v 6.723948 52.784195 -0.524261
v 6.927493 52.711952 0.000003
v 6.723948 52.784195 0.524268
v 6.232553 52.958611 0.741423
v 5.741153 53.132969 0.524266
v 6.634923 54.972084 0.000002
v 6.788535 54.820450 -0.524261
v 7.159392 54.454361 -0.741418
v 7.530250 54.088272 -0.524261
v 7.683864 53.936638 0.000003
v 7.530250 54.088276 0.524266
v 7.159392 54.454361 0.741423
v 6.788537 54.820450 0.524266
v 8.385978 56.096394 0.000002
v 8.459882 55.893490 -0.524261
v 8.638303 55.403652 -0.741418
v 8.816720 54.913815 -0.524261
v 8.890626 54.710922 0.000003
v 8.816722 54.913815 0.524266
v 8.638303 55.403652 0.741423
v 8.459882 55.893490 0.524266
v 9.845980 56.387997 0.000003
v 9.862551 56.171391 -0.524261
v 9.902559 55.648457 -0.741418
v 9.942568 55.125519 -0.524261
v 9.959143 54.908916 0.000003
v 9.942572 55.125523 0.524266
v 9.902559 55.648453 0.741423
v 9.862551 56.171391 0.524266
v 5.449621 35.849995 -0.524260
v 5.232466 35.849995 0.000005
v 5.973886 35.849995 -0.741417
v 6.498152 35.849995 0.524269
v 6.715307 35.849995 0.000006
v 6.498152 35.849995 -0.524260
v 5.973886 35.849995 0.741426
v 5.449621 35.849995 0.524269
v 12.892530 56.403278 0.000003
v 12.892530 56.186123 -0.524262
v 12.892530 55.661858 -0.741418
v 12.892530 55.137592 -0.524262
v 12.892530 54.920437 0.000003
v 12.892530 55.137592 0.524267
v 12.892530 55.661858 0.741424
v 12.892530 56.186123 0.524266
v 5.247465 17.652813 0.000006
v 5.741153 16.271059 -0.524259
v 5.464102 17.668179 -0.524257
v 6.232553 16.445162 -0.741416
v 5.987104 17.701216 -0.741415
v 6.723948 16.619522 -0.524259
v 6.510107 17.737629 -0.524257
v 6.927493 16.691767 0.000005
v 6.726744 17.752989 0.000006
v 6.723948 16.619522 0.524270
v 6.510107 17.737629 0.524272
v 6.232553 16.445108 0.741425
v 5.987104 17.700539 0.741429
v 5.741153 16.270750 0.524268
v 5.464102 17.664127 0.524271
v 5.537610 16.198816 0.000005
v 6.788535 14.583269 -0.524258
v 7.159392 14.949360 -0.741416
v 7.530250 15.315445 -0.524258
v 7.683864 15.467083 0.000005
v 7.530250 15.315443 0.524268
v 7.159392 14.949360 0.741426
v 6.788537 14.583271 0.524268
v 6.634923 14.431635 0.000005
v 8.459882 13.510229 -0.524258
v 8.638303 14.000067 -0.741415
v 8.816720 14.489904 -0.524258
v 8.890626 14.692795 0.000005
v 8.816722 14.489904 0.524269
v 8.638303 14.000067 0.741426
v 8.459882 13.510229 0.524269
v 8.385978 13.307325 0.000006
v 9.862551 13.232328 -0.524258
v 9.902559 13.755262 -0.741415
v 9.942568 14.278200 -0.524258
v 9.959143 14.494802 0.000006
v 9.942572 14.278196 0.524269
v 9.902559 13.755266 0.741426
v 9.862551 13.232328 0.524269
v 9.845980 13.015722 0.000006
v 12.892530 13.217596 -0.524259
v 12.892530 13.741861 -0.741415
v 12.892530 14.266127 -0.524259
v 12.892530 14.483282 0.000006
v 12.892530 14.266127 0.524269
v 12.892530 13.741861 0.741427
v 12.892530 13.217596 0.524269
v 12.892530 13.000441 0.000006
v 5.232466 33.553623 0.000002
v 5.449621 33.553623 -0.524264
v 6.715307 33.553623 0.000002
v 5.973886 33.553623 -0.741421
v 6.498152 33.553623 -0.524264
v 6.498152 33.553623 0.524265
v 5.973886 33.553623 0.741422
v 5.449621 33.553623 0.524265
v -0.826167 34.701889 1.726169
v -1.533282 34.701889 1.060090
v -1.533282 33.947571 0.755915
v -0.826167 33.481304 1.220586
v -0.826171 32.975723 0.000005
v -1.533282 33.577637 0.000636
v -0.826167 33.481304 -1.220582
v -1.533282 33.947571 -0.754634
v -0.826167 34.701889 -1.726165
v -1.533282 34.702843 -1.124576
v -0.826167 35.922474 -1.220590
v -1.533282 35.458111 -0.754644
v -1.533282 35.828072 0.000628
v -0.826167 36.428055 -0.000003
v -0.826167 35.922470 1.220578
v -1.533282 35.458126 0.755908
v 0.001466 34.701889 1.938073
v 0.001464 33.331463 1.370429
v 0.001463 32.763813 0.000005
v 0.001464 33.331467 -1.370421
v 0.001466 34.701889 -1.938071
v 0.001466 36.072311 -1.370429
v 0.001466 36.639961 -0.000003
v 0.001466 36.072311 1.370421
v 0.889010 34.701885 1.740462
v 0.889010 33.471199 1.230693
v 0.889005 32.961430 0.000005
v 0.889010 33.471195 -1.230687
v 0.889010 34.701889 -1.740455
v 0.889009 35.932579 -1.230695
v 0.889009 36.442345 -0.000003
v 0.889009 35.932575 1.230689
v 1.455786 34.701889 1.137759
v 1.455786 33.564045 -0.000081
v 1.455786 33.938141 0.763667
v 1.455786 34.701889 -1.137925
v 1.455787 33.938141 -0.763829
v 1.455787 35.465637 -0.763837
v 1.455786 35.839729 -0.000089
v 1.455786 35.465633 0.763659
v -1.884519 34.701889 -0.000003
v 3.065901 34.069603 1.526374
v 3.065901 34.701881 1.652141
v 3.065901 33.533585 1.168216
v 3.065891 33.175423 0.632198
v 3.065891 33.049641 -0.000080
v 3.065891 33.175415 -0.632359
v 3.065901 33.533569 -1.168385
v 3.065901 34.069595 -1.526539
v 3.065901 34.701874 -1.652306
v 3.065901 35.334156 -1.526547
v 3.065901 35.870174 -1.168389
v 3.065901 36.228329 -0.632367
v 3.065901 36.354099 -0.000089
v 3.065901 36.228340 0.632190
v 3.065901 35.870178 1.168212
v 3.065901 35.334156 1.526370
v 4.460825 34.701866 0.999984
v 4.460802 33.701794 -0.000080
v 4.460818 34.030598 0.671184
v 4.460818 34.030598 -0.671345
v 4.460825 34.701866 -1.000149
v 4.460824 35.373131 -0.671353
v 4.460823 35.701927 -0.000088
v 4.460824 35.373131 0.671176
v 5.061219 34.701866 1.657186
v 5.061220 33.529999 1.171783
v 5.061185 33.044594 -0.000080
v 5.061219 33.529991 -1.171948
v 5.061220 34.701862 -1.657351
v 5.061219 35.873726 -1.171956
v 5.061218 36.359131 -0.000088
v 5.061218 35.873730 1.171773
v 5.962392 34.701859 1.918503
v 5.962393 33.345215 1.356562
v 5.962363 32.783272 -0.000080
v 5.962393 33.345207 -1.356724
v 5.962393 34.701859 -1.918669
v 5.962390 36.058498 -1.356732
v 5.962390 36.620445 -0.000088
v 5.962390 36.058498 1.356554
v 6.904545 34.701859 1.658289
v 6.904546 33.529213 1.172562
v 6.904510 33.043484 -0.000080
v 6.904546 33.529205 -1.172722
v 6.904546 34.701859 -1.658451
v 6.904544 35.874500 -1.172732
v 6.904544 36.360229 -0.000088
v 6.904544 35.874500 1.172554
v 7.514936 34.701859 1.074488
v 7.514929 33.980587 0.721192
v 7.514908 33.627289 -0.000080
v 7.514929 33.980579 -0.721357
v 7.514936 34.701859 -1.074648
v 7.514935 35.423130 -0.721365
v 7.514935 35.776432 -0.000088
v 7.514935 35.423134 0.721188
v 7.810372 34.701859 -0.000080
v -0.596777 62.151802 -0.000002
v -1.329559 60.941227 -0.000002
v -0.838664 60.195362 -0.000002
v -0.838536 33.960548 0.000003
v -1.435325 16.058899 0.000006
v -1.784406 15.309345 0.000006
v -1.512430 14.754444 0.000006
v -1.350062 14.710506 0.000006
v -1.493924 13.785500 0.000006
v -2.379993 12.756359 0.000006
v -2.304689 12.493223 0.000006
v -2.007175 12.433529 0.000006
v -1.717848 11.735456 0.000006
v -1.488880 11.596897 0.000006
v -1.806932 10.226101 0.000006
v -2.972030 9.592443 0.000006
v -2.996330 9.134109 0.000007
v -2.202726 8.942058 0.000007
v -2.366902 8.343933 0.000007
v -3.885725 7.746414 0.000007
v -4.587689 6.932922 0.000007
v -5.216271 5.465574 0.000007
v -6.033257 4.830334 0.000007
v -6.033257 4.313919 0.000007
v -1.326067 16.058899 0.549280
v -1.648576 15.309345 0.682868
v -1.397303 14.754444 0.578788
v -1.247294 14.710506 0.516652
v -1.380205 13.785500 0.571706
v -2.198826 12.756359 0.910790
v -2.129254 12.493223 0.881972
v -1.854387 12.433529 0.768119
v -1.587084 11.735456 0.657398
v -1.375545 11.596897 0.569776
v -1.669387 10.226101 0.691489
v -2.745797 9.592443 1.137353
v -2.768247 9.134109 1.146652
v -2.035053 8.942058 0.842953
v -2.186732 8.343933 0.905781
v -3.589941 7.746414 1.487010
v -4.238472 6.932922 1.755639
v -4.819206 5.465574 1.996187
v -5.574002 4.830334 2.308834
v -5.574002 4.313919 2.308834
v -0.421990 62.151802 0.421985
v -0.940145 60.941227 0.940140
v -0.592936 33.960548 0.592938
v -1.014927 16.058899 1.014933
v -1.261765 15.309345 1.261771
v -1.069449 14.754444 1.069455
v -0.954637 14.710506 0.954643
v -1.056363 13.785500 1.056369
v -1.682908 12.756359 1.682915
v -1.629660 12.493223 1.629667
v -1.419286 12.433529 1.419293
v -1.214701 11.735456 1.214707
v -1.052796 11.596897 1.052803
v -1.277693 10.226101 1.277699
v -2.101541 9.592443 2.101549
v -2.118724 9.134109 2.118731
v -1.557561 8.942058 1.557568
v -1.673651 8.343933 1.673658
v -2.747622 7.746413 2.747628
v -3.243985 6.932922 3.243992
v -3.688459 5.465574 3.688466
v -4.266156 4.830334 4.266163
v -4.266156 4.313919 4.266164
v -0.549274 16.058899 1.326072
v -0.682862 15.309345 1.648581
v -0.578781 14.754444 1.397308
v -0.516645 14.710506 1.247300
v -0.571698 13.785500 1.380210
v -0.910783 12.756359 2.198831
v -0.881965 12.493223 2.129260
v -0.768111 12.433529 1.854393
v -0.657391 11.735456 1.587088
v -0.569768 11.596897 1.375551
v -0.691481 10.226101 1.669393
v -1.137345 9.592443 2.745803
v -1.146644 9.134109 2.768252
v -0.842945 8.942058 2.035058
v -0.905772 8.343933 2.186738
v -1.487001 7.746414 3.589947
v -1.755631 6.932922 4.238478
v -1.996179 5.465574 4.819211
v -2.308825 4.830334 5.574008
v -2.308825 4.313919 5.574008
v -0.000006 62.151802 0.596781
v -0.000006 60.941227 1.329563
v -0.000006 60.195362 0.838668
v 0.000001 16.058899 1.435329
v 0.000001 15.309346 1.784410
v 0.000001 14.754444 1.512434
v 0.000001 14.710506 1.350067
v 0.000002 13.785500 1.493928
v 0.000002 12.756359 2.379997
v 0.000002 12.493223 2.304693
v 0.000002 12.433529 2.007179
v 0.000002 11.735456 1.717851
v 0.000002 11.596897 1.488884
v 0.000001 10.226101 1.806936
v 0.000002 9.592444 2.972034
v 0.000002 9.134109 2.996333
v 0.000002 8.942058 2.202730
v 0.000002 8.343933 2.366906
v 0.000002 7.746414 3.885731
v 0.000002 6.932922 4.587695
v 0.000002 5.465574 5.216276
v 0.000002 4.830336 6.033261
v 0.000003 4.313921 6.033262
v 0.549276 16.058899 1.326071
v 0.682864 15.309345 1.648580
v 0.578783 14.754444 1.397307
v 0.516648 14.710506 1.247298
v 0.571702 13.785500 1.380209
v 0.910786 12.756359 2.198830
v 0.881968 12.493223 2.129259
v 0.768115 12.433529 1.854392
v 0.657393 11.735456 1.587087
v 0.569772 11.596897 1.375549
v 0.691485 10.226101 1.669391
v 1.137349 9.592443 2.745801
v 1.146647 9.134109 2.768250
v 0.842949 8.942058 2.035057
v 0.905777 8.343933 2.186736
v 1.487005 7.746414 3.589946
v 1.755635 6.932922 4.238476
v 1.996183 5.465574 4.819210
v 2.308830 4.830334 5.574006
v 2.308830 4.313919 5.574007
v 0.421981 62.151802 0.421994
v 0.940136 60.941227 0.940149
v 1.014928 16.058899 1.014931
v 1.261766 15.309345 1.261769
v 1.069450 14.754444 1.069453
v 0.954639 14.710506 0.954641
v 1.056365 13.785500 1.056367
v 1.682910 12.756359 1.682912
v 1.629662 12.493223 1.629664
v 1.419288 12.433529 1.419290
v 1.214702 11.735456 1.214704
v 1.052798 11.596897 1.052800
v 1.277695 10.226101 1.277696
v 2.101545 9.592443 2.101545
v 2.118726 9.134109 2.118727
v 1.557564 8.942058 1.557565
v 1.673654 8.343933 1.673655
v 2.747624 7.746413 2.747625
v 3.243988 6.932922 3.243989
v 3.688462 5.465574 3.688462
v 4.266159 4.830334 4.266160
v 4.266159 4.313919 4.266160
v 1.326068 16.058899 0.549278
v 1.648577 15.309345 0.682865
v 1.397303 14.754444 0.578784
v 1.247295 14.710506 0.516649
v 1.380206 13.785500 0.571702
v 2.198828 12.756359 0.910786
v 2.129255 12.493223 0.881968
v 1.854389 12.433529 0.768115
v 1.587083 11.735456 0.657394
v 1.375546 11.596897 0.569772
v 1.669388 10.226101 0.691485
v 2.745798 9.592443 1.137349
v 2.768246 9.134109 1.146647
v 2.035054 8.942058 0.842948
v 2.186733 8.343933 0.905776
v 3.589944 7.746414 1.487005
v 4.238473 6.932922 1.755634
v 4.819207 5.465574 1.996182
v 5.574004 4.830334 2.308829
v 5.574004 4.313919 2.308828
v 0.596777 62.151802 0.000010
v 1.329558 60.941227 0.000010
v 0.838663 60.195362 0.000010
v 1.435324 16.058899 0.000003
v 1.784406 15.309345 0.000002
v 1.512430 14.754444 0.000002
v 1.350062 14.710506 0.000002
v 1.493923 13.785500 0.000002
v 2.379992 12.756359 0.000002
v 2.304688 12.493223 0.000002
v 2.007175 12.433529 0.000002
v 1.717846 11.735456 0.000002
v 1.488880 11.596897 0.000002
v 1.806931 10.226101 0.000002
v 2.972030 9.592443 0.000002
v 2.996329 9.134109 0.000002
v 2.202726 8.942058 0.000002
v 2.366902 8.343933 0.000001
v 3.885725 7.746414 0.000001
v 4.587689 6.932922 0.000001
v 5.216271 5.465574 0.000001
v 6.033257 4.830334 0.000001
v 6.033257 4.313919 0.000001
v 1.326066 16.058899 -0.549272
v 1.648575 15.309345 -0.682860
v 1.397302 14.754444 -0.578779
v 1.247294 14.710506 -0.516644
v 1.380204 13.785500 -0.571697
v 2.198826 12.756359 -0.910781
v 2.129254 12.493223 -0.881964
v 1.854386 12.433529 -0.768110
v 1.587081 11.735456 -0.657389
v 1.375544 11.596897 -0.569767
v 1.669386 10.226101 -0.691481
v 2.745795 9.592443 -1.137344
v 2.768244 9.134109 -1.146644
v 2.035052 8.942058 -0.842945
v 2.186731 8.343933 -0.905772
v 3.589940 7.746414 -1.487000
v 4.238471 6.932922 -1.755630
v 4.819204 5.465574 -1.996178
v 5.574001 4.830334 -2.308825
v 5.574001 4.313919 -2.308826
v 0.421989 62.151802 -0.421977
v 0.940144 60.941227 -0.940131
v 0.593028 60.195362 -0.593017
v 1.014926 16.058899 -1.014925
v 1.261764 15.309345 -1.261763
v 1.069448 14.754444 -1.069447
v 0.954636 14.710506 -0.954635
v 1.056362 13.785500 -1.056361
v 1.682907 12.756359 -1.682907
v 1.629659 12.493223 -1.629658
v 1.419285 12.433529 -1.419285
v 1.214699 11.735456 -1.214699
v 1.052795 11.596897 -1.052795
v 1.277691 10.226101 -1.277691
v 2.101541 9.592443 -2.101540
v 2.118721 9.134109 -2.118723
v 1.557560 8.942058 -1.557560
v 1.673650 8.343933 -1.673650
v 2.747620 7.746414 -2.747621
v 3.243984 6.932922 -3.243984
v 3.688457 5.465574 -3.688459
v 4.266154 4.830334 -4.266156
v 4.266154 4.313919 -4.266155
v 0.549273 16.058899 -1.326064
v 0.682860 15.309345 -1.648573
v 0.578780 14.754444 -1.397300
v 0.516644 14.710506 -1.247291
v 0.571698 13.785500 -1.380202
v 0.910781 12.756359 -2.198824
v 0.881964 12.493223 -2.129251
v 0.768110 12.433529 -1.854385
v 0.657388 11.735456 -1.587080
v 0.569767 11.596897 -1.375542
v 0.691479 10.226101 -1.669384
v 1.137343 9.592443 -2.745795
v 1.146641 9.134109 -2.768244
v 0.842943 8.942058 -2.035050
v 0.905771 8.343933 -2.186729
v 1.486999 7.746413 -3.589939
v 1.755629 6.932922 -4.238469
v 1.996176 5.465574 -4.819203
v 2.308823 4.830334 -5.574001
v 2.308823 4.313919 -5.574000
v 0.000006 62.151802 -0.596773
v 0.000006 60.941227 -1.329554
v -0.000002 16.058897 -1.435320
v -0.000002 15.309345 -1.784402
v -0.000002 14.754444 -1.512426
v -0.000002 14.710506 -1.350058
v -0.000002 13.785500 -1.493919
v -0.000002 12.756359 -2.379989
v -0.000002 12.493223 -2.304684
v -0.000002 12.433529 -2.007171
v -0.000002 11.735456 -1.717843
v -0.000002 11.596897 -1.488876
v -0.000003 10.226101 -1.806927
v -0.000002 9.592441 -2.972026
v -0.000003 9.134109 -2.996325
v -0.000003 8.942058 -2.202722
v -0.000003 8.343933 -2.366898
v -0.000003 7.746413 -3.885721
v -0.000003 6.932922 -4.587685
v -0.000003 5.465574 -5.216266
v -0.000003 4.830332 -6.033253
v -0.000003 4.313917 -6.033252
v -0.549277 16.058899 -1.326062
v -0.682865 15.309345 -1.648571
v -0.578784 14.754444 -1.397298
v -0.516648 14.710506 -1.247290
v -0.571702 13.785500 -1.380200
v -0.910786 12.756359 -2.198822
v -0.881969 12.493223 -2.129249
v -0.768115 12.433529 -1.854383
v -0.657395 11.735456 -1.587078
v -0.569772 11.596897 -1.375540
v -0.691486 10.226101 -1.669382
v -1.137349 9.592443 -2.745792
v -1.146649 9.134109 -2.768242
v -0.842950 8.942058 -2.035048
v -0.905777 8.343933 -2.186727
v -1.487006 7.746413 -3.589936
v -1.755636 6.932922 -4.238467
v -1.996184 5.465574 -4.819200
v -2.308831 4.830334 -5.573997
v -2.308831 4.313919 -5.573997
v -0.421981 62.151802 -0.421985
v -0.940136 60.941227 -0.940140
v -0.593021 60.195362 -0.593024
v -0.592934 33.960548 -0.592931
v -1.014929 16.058899 -1.014922
v -1.261767 15.309345 -1.261760
v -1.069451 14.754444 -1.069444
v -0.954640 14.710506 -0.954632
v -1.056365 13.785500 -1.056358
v -1.682911 12.756359 -1.682903
v -1.629663 12.493223 -1.629655
v -1.419289 12.433529 -1.419281
v -1.214704 11.735456 -1.214695
v -1.052799 11.596897 -1.052791
v -1.277696 10.226101 -1.277687
v -2.101545 9.592443 -2.101536
v -2.118727 9.134109 -2.118718
v -1.557565 8.942058 -1.557556
v -1.673655 8.343933 -1.673646
v -2.747625 7.746414 -2.747616
v -3.243989 6.932922 -3.243979
v -3.688464 5.465574 -3.688454
v -4.266160 4.830334 -4.266150
v -4.266160 4.313919 -4.266149
v -1.326068 16.058899 -0.549270
v -1.648577 15.309345 -0.682857
v -1.397304 14.754444 -0.578776
v -1.247296 14.710506 -0.516641
v -1.380206 13.785500 -0.571694
v -2.198828 12.756359 -0.910778
v -2.129256 12.493223 -0.881960
v -1.854389 12.433529 -0.768107
v -1.587085 11.735456 -0.657386
v -1.375547 11.596897 -0.569763
v -1.669389 10.226101 -0.691476
v -2.745799 9.592443 -1.137340
v -2.768249 9.134109 -1.146639
v -2.035055 8.942058 -0.842940
v -2.186734 8.343933 -0.905768
v -3.589943 7.746414 -1.486996
v -4.238473 6.932922 -1.755626
v -4.819208 5.465574 -1.996174
v -5.574005 4.830334 -2.308821
v -5.574005 4.313919 -2.308821
v -0.593029 60.195362 0.593025
v -0.000002 33.960548 0.838540
v 0.593020 60.195362 0.593033
v 0.592933 33.960548 0.592940
v 0.838536 33.960548 0.000005
v 0.592935 33.960548 -0.592929
v 0.000005 60.195362 -0.838659
v 0.000001 33.960548 -0.838532
v -1.129438 16.229137 0.467834
v -1.222496 29.991955 0.000004
v -0.864434 16.229137 0.864440
v -0.467827 16.229137 1.129444
v 0.000003 16.229137 1.222500
v 0.467832 16.229137 1.129443
v 0.864738 29.991955 0.864744
v 0.864437 16.229137 0.864438
v 1.129441 16.229137 0.467832
v 1.222496 29.991955 0.000004
v 1.222498 16.229137 0.000003
v 1.129439 16.229137 -0.467826
v 0.864739 29.991955 -0.864736
v 0.864435 16.229137 -0.864432
v 0.467829 16.229137 -1.129435
v -0.000002 29.991955 -1.222491
v -0.000001 16.229137 -1.222491
v -0.467829 16.229137 -1.129434
v -0.864436 16.229137 -0.864430
v -1.129439 16.229137 -0.467823
v -1.222494 16.229137 0.000006
v -0.988487 32.949547 0.000003
v -0.699955 32.949547 0.699956
v -0.699955 33.248100 0.699956
v -0.805939 32.651455 0.000003
v -0.570690 32.651455 0.570691
v -1.162710 32.339962 0.000003
v -0.823323 32.339962 0.823325
v -1.158624 31.783863 0.000003
v -0.820429 31.783865 0.820430
v -1.875605 31.095163 0.000003
v -1.328129 31.095163 1.328129
v -1.876847 30.834423 0.000003
v -1.329006 30.834423 1.329009
v -1.499107 30.661007 0.000003
v -1.061527 30.661007 1.061528
v -1.472893 30.107553 0.000003
v -1.042965 30.107555 1.042966
v -0.000004 32.949547 0.988492
v -0.000004 33.248100 0.988492
v -0.000004 32.651455 0.805941
v -0.000002 32.339962 1.162715
v -0.000002 31.783863 1.158627
v -0.000002 31.095163 1.875609
v -0.000002 30.834423 1.876852
v -0.000002 30.661007 1.499110
v -0.000002 30.107555 1.472897
v 0.699951 32.949547 0.699958
v 0.699951 33.248100 0.699958
v 0.570686 32.651455 0.570693
v 0.823319 32.339962 0.823326
v 0.820425 31.783865 0.820431
v 1.328122 31.095163 1.328130
v 1.329003 30.834423 1.329010
v 1.061523 30.661007 1.061529
v 1.042961 30.107555 1.042967
v 0.988487 32.949547 0.000005
v 0.988487 33.248100 0.000005
v 0.805937 32.651455 0.000005
v 1.162711 32.339962 0.000005
v 1.158620 31.783863 0.000005
v 1.875601 31.095163 0.000005
v 1.876846 30.834423 0.000005
v 1.499104 30.661007 0.000005
v 1.472891 30.107553 0.000005
v 0.699951 32.949547 -0.699948
v 0.699951 33.248100 -0.699948
v 0.570686 32.651455 -0.570683
v 0.823319 32.339962 -0.823316
v 0.820425 31.783865 -0.820421
v 1.328124 31.095165 -1.328121
v 1.329005 30.834423 -1.329001
v 1.061524 30.661007 -1.061520
v 1.042961 30.107555 -1.042958
v 0.000000 32.949547 -0.988483
v 0.000000 33.248100 -0.988483
v 0.000000 32.651455 -0.805932
v 0.000000 32.339962 -1.162706
v 0.000000 31.783863 -1.158617
v 0.000000 31.095163 -1.875601
v 0.000000 30.834423 -1.876843
v -0.000002 30.661007 -1.499102
v -0.000002 30.107553 -1.472888
v -0.699955 32.949547 -0.699950
v -0.699955 33.248100 -0.699950
v -0.570690 32.651455 -0.570684
v -0.823322 32.339962 -0.823318
v -0.820425 31.783865 -0.820423
v -1.328126 31.095165 -1.328122
v -1.329005 30.834423 -1.329002
v -1.061527 30.661007 -1.061521
v -1.042965 30.107555 -1.042959
v -0.988487 33.248100 0.000003
v -1.129438 29.991957 0.467829
v -0.864740 29.991955 0.864744
v -0.467827 29.991955 1.129441
v -0.000000 29.991955 1.222500
v 0.467831 29.991955 1.129444
v 1.129443 29.991957 0.467828
v 1.129440 29.991957 -0.467827
v 0.467828 29.991957 -1.129438
v -0.864742 29.991955 -0.864736
v -1.129440 29.991957 -0.467825
v -0.467828 29.991957 -1.129433
v -1.746072 31.095163 0.723719
v -1.743868 30.834423 0.722812
v -1.366135 30.661007 0.566215
v -1.343748 30.107555 0.556934
v -0.566223 30.661007 1.366135
v -0.556944 30.107553 1.343748
v 0.566219 30.661007 1.366142
v 0.556940 30.107553 1.343755
v 1.366140 30.661007 0.566217
v 1.343754 30.107555 0.556937
v 1.366139 30.661007 -0.566219
v 1.343750 30.107555 -0.556938
v 0.566218 30.661007 -1.366138
v 0.556936 30.107555 -1.343750
v -0.566219 30.661007 -1.366129
v -0.556940 30.107555 -1.343741
v -1.343752 30.107555 -0.556938
v -0.723727 31.095165 1.746070
v 0.723722 31.095165 1.746077
v 1.746073 31.095163 0.723722
v 1.746071 31.095165 -0.723722
v 0.723723 31.095163 -1.746072
v -0.723722 31.095163 -1.746063
v -1.746073 31.095165 -0.723723
v -1.366138 30.661007 -0.566220
v 1.743873 30.834423 -0.722816
v 0.722816 30.834423 -1.743872
v -0.722816 30.834423 -1.743864
v -1.743874 30.834423 -0.722816
v 1.743877 30.834423 0.722815
v -0.722821 30.834423 1.743872
v 0.722817 30.834423 1.743878
v -2.040691 64.086685 -0.726296
v -1.461513 64.703033 -0.726297
v -1.584112 64.086685 -0.726296
v -1.883331 64.877762 -0.726297
v -1.112377 65.225555 -0.726297
v -1.435228 65.548401 -0.726297
v -0.589863 65.574692 -0.726297
v -0.764587 65.996513 -0.726297
v 0.026484 65.697289 -0.726297
v 0.026484 66.153870 -0.726297
v 0.642840 65.574692 -0.726297
v 0.817562 65.996513 -0.726297
v 1.165354 65.225555 -0.726296
v 1.488203 65.548401 -0.726296
v 1.514486 64.703033 -0.726296
v 1.936312 64.877762 -0.726296
v 1.637089 64.086685 -0.726296
v 2.093666 64.086685 -0.726296
v 1.514488 63.470341 -0.726296
v 1.936312 63.295616 -0.726295
v 1.165356 62.947823 -0.726296
v 1.488205 62.624973 -0.726295
v 0.642840 62.598690 -0.726295
v 0.817562 62.176861 -0.726295
v 0.026484 62.476089 -0.726296
v 0.026484 62.019512 -0.726296
v -0.589863 62.598690 -0.726296
v -0.764587 62.176861 -0.726296
v -1.112377 62.947823 -0.726296
v -1.435230 62.624973 -0.726296
v -1.461513 63.470341 -0.726296
v -1.883331 63.295616 -0.726296
v -2.040691 64.086685 0.726303
v -1.461514 64.703033 0.726303
v -1.584112 64.086685 0.726303
v -1.883331 64.877762 0.726303
v -1.112377 65.225555 0.726303
v -1.435228 65.548401 0.726303
v -0.589863 65.574692 0.726304
v -0.764588 65.996513 0.726303
v 0.026483 65.697289 0.726303
v 0.026483 66.153870 0.726303
v 0.642839 65.574692 0.726304
v 0.817562 65.996513 0.726304
v 1.165354 65.225555 0.726304
v 1.488203 65.548401 0.726304
v 1.514486 64.703033 0.726304
v 1.936312 64.877762 0.726304
v 1.637089 64.086685 0.726304
v 2.093666 64.086685 0.726304
v 1.514488 63.470341 0.726302
v 1.936312 63.295616 0.726303
v 1.165356 62.947823 0.726303
v 1.488205 62.624973 0.726303
v 0.642839 62.598690 0.726303
v 0.817562 62.176861 0.726303
v 0.026483 62.476089 0.726302
v 0.026483 62.019512 0.726302
v -0.589863 62.598690 0.726302
v -0.764588 62.176861 0.726302
v -1.112377 62.947823 0.726302
v -1.435230 62.624973 0.726302
v -1.461514 63.470341 0.726302
v -1.883331 63.295616 0.726302
v -1.129438 16.229137 0.467834
v -1.222496 29.991955 0.000004
v -0.864434 16.229137 0.864440
v -0.467827 16.229137 1.129444
v 0.000003 16.229137 1.222500
v 0.467832 16.229137 1.129443
v 0.864738 29.991955 0.864744
v 0.864437 16.229137 0.864438
v 1.129441 16.229137 0.467832
v 1.222496 29.991955 0.000004
v 1.222498 16.229137 0.000003
v 1.129439 16.229137 -0.467826
v 0.864739 29.991955 -0.864736
v 0.864435 16.229137 -0.864432
v 0.467829 16.229137 -1.129435
v -0.000002 29.991955 -1.222491
v -0.000001 16.229137 -1.222491
v -0.467829 16.229137 -1.129434
v -0.864436 16.229137 -0.864430
v -1.129439 16.229137 -0.467823
v -1.222494 16.229137 0.000006
v -1.129438 29.991957 0.467829
v -0.864740 29.991955 0.864744
v -0.467827 29.991955 1.129441
v -0.000000 29.991955 1.222500
v 0.467831 29.991955 1.129444
v 1.129443 29.991957 0.467828
v 1.129440 29.991957 -0.467827
v 0.467828 29.991957 -1.129438
v -0.864742 29.991955 -0.864736
v -1.129440 29.991957 -0.467825
v -0.467828 29.991957 -1.129433
v 21.096916 1.072401 -6.853667
v 20.819290 3.882561 -8.053904
v 22.817989 1.727520 -8.053901
v -2.487258 1.072403 -8.227144
v -6.619388 -0.000006 -8.227145
v -3.091248 0.735853 -8.227144
v 22.865810 -0.000006 -8.227139
v 20.251633 -0.000006 -8.227139
v 19.926048 0.834871 -8.227139
v 19.366051 1.072403 -8.227139
v 19.366051 4.311991 -8.053903
v 20.193611 0.386490 -8.227139
v -3.370946 -0.000006 -8.227145
v 20.251633 -0.000006 -6.901557
v 20.193611 0.386490 -6.901557
v -3.370946 -0.000006 -6.901563
v -5.702268 -0.000004 -5.173432
v 21.096916 -0.000006 -6.853667
v 21.648205 -0.000006 -6.497312
v 21.814196 -0.000004 -5.806761
v -3.091249 0.735853 -6.901562
v -2.487258 1.072401 -6.901562
v -5.702268 1.072401 -4.405435
v 19.366051 1.072401 -6.901557
v 21.648205 1.072401 -6.497311
v 21.814196 1.072403 -5.806761
v -6.619044 -0.000004 -5.173431
v -5.702268 0.709887 -4.966427
v -6.581281 0.709887 -4.966426
v -6.398736 4.311993 -8.053904
v -5.624734 1.072403 -5.738991
v -5.624734 -0.000004 -5.738992
v 22.849499 0.571789 -8.227139
v 21.860706 2.882299 -8.227139
v 19.926044 0.834871 -6.901557
v -3.739120 -0.000006 -6.881476
v -3.739120 1.072401 -6.881475
v -4.811294 1.072401 -6.578377
v -4.811294 -0.000006 -6.578378
v 20.747929 3.682642 -8.227141
v 22.631809 1.625561 -8.227139
v 19.366051 4.126865 -8.227140
v 23.054119 0.585167 -8.053901
v 21.993881 3.047600 -8.053904
v 23.066624 -0.000006 -8.053900
v -6.398742 4.311995 8.058252
v 19.366047 4.311995 8.058256
v 19.366047 4.126867 8.227125
v -6.406299 4.126867 8.227119
v -2.487262 1.072405 8.227121
v 19.366047 1.072405 8.227126
v -3.091251 0.735857 8.227121
v -3.091250 0.735857 6.901538
v 22.865807 -0.000002 8.227127
v 23.066620 -0.000002 8.058260
v 23.054115 0.585169 8.058259
v 22.849495 0.571791 8.227127
v 20.251629 -0.000002 8.227126
v 22.631802 1.625563 8.227127
v 20.193604 0.386492 8.227126
v 19.366047 1.072405 6.901544
v 19.926041 0.834875 6.901544
v 20.747925 3.682646 8.227124
v 19.926041 0.834875 8.227126
v 21.860703 2.882301 8.227126
v 20.819286 3.882563 8.058256
v -2.487262 1.072405 6.901538
v -6.619393 -0.000002 8.227120
v -3.370952 -0.000002 8.227120
v -6.581283 0.709887 4.966402
v -6.619046 -0.000004 5.173406
v 21.993874 3.047604 8.058256
v 22.817986 1.727522 8.058259
v 21.648201 -0.000002 6.497299
v 21.814192 -0.000004 5.806749
v -5.702270 0.709885 4.966402
v -5.624738 1.072401 5.738966
v -3.739123 1.072403 6.881452
v 21.096912 -0.000002 6.853655
v 21.096912 1.072403 6.853655
v 21.648201 1.072403 6.497300
v 21.814192 1.072401 5.806749
v 20.193604 0.386492 6.901543
v -6.562193 1.070515 4.405138
v -5.702269 1.072401 4.405410
v -3.370952 -0.000002 6.901538
v 20.251629 -0.000002 6.901543
v -4.811297 1.072403 6.578352
v -5.624738 -0.000004 5.738966
v -5.702270 -0.000004 5.173406
v -3.739123 -0.000002 6.881451
v -4.811297 -0.000002 6.578352
v -6.406294 4.126865 -8.227142
v -6.562192 1.070515 -4.405161
vt 0.668734 0.169683
vt 0.622948 0.173897
vt 0.626975 0.159199
vt 0.709753 0.181727
vt 0.664536 0.181080
vt 0.747547 0.201492
vt 0.703749 0.192325
vt 0.780328 0.229003
vt 0.739649 0.210778
vt 0.805889 0.263562
vt 0.770617 0.236548
vt 0.822757 0.303210
vt 0.794724 0.268859
vt 0.830065 0.345714
vt 0.810661 0.305910
vt 0.827652 0.388764
vt 0.817658 0.345638
vt 0.815568 0.430144
vt 0.815563 0.385901
vt 0.794503 0.467728
vt 0.804421 0.424633
vt 0.765582 0.499618
vt 0.784861 0.459853
vt 0.730302 0.524207
vt 0.757920 0.489784
vt 0.690467 0.540231
vt 0.724963 0.512915
vt 0.648176 0.547004
vt 0.687578 0.528023
vt 0.605427 0.544919
vt 0.647522 0.534392
vt 0.563006 0.538457
vt 0.565249 0.523062
vt 0.589582 0.758683
vt 0.627961 0.985324
vt 0.589320 0.985279
vt 0.550947 0.758640
vt 0.550683 0.985235
vt 0.512317 0.758598
vt 0.512053 0.985193
vt 0.473693 0.758558
vt 0.473429 0.985152
vt 0.435074 0.758519
vt 0.434814 0.985113
vt 0.396460 0.758482
vt 0.396203 0.985075
vt 0.357851 0.758447
vt 0.357600 0.985040
vt 0.319246 0.758416
vt 0.319005 0.985009
vt 0.280636 0.758385
vt 0.280406 0.984978
vt 0.242018 0.758355
vt 0.241800 0.984949
vt 0.203392 0.758325
vt 0.203188 0.984920
vt 0.164760 0.758296
vt 0.164568 0.984891
vt 0.126123 0.758267
vt 0.125939 0.984862
vt 0.087484 0.758239
vt 0.087306 0.984834
vt 0.048843 0.758212
vt 0.048668 0.984807
vt 0.010198 0.758182
vt 0.010024 0.984778
vt 0.632908 0.148367
vt 0.606272 0.555694
vt 0.564418 0.551070
vt 0.650442 0.557043
vt 0.694713 0.549454
vt 0.736463 0.532228
vt 0.773379 0.506046
vt 0.803543 0.472236
vt 0.825387 0.432498
vt 0.837741 0.388842
vt 0.839912 0.343520
vt 0.831841 0.298870
vt 0.813754 0.257334
vt 0.786636 0.221293
vt 0.752253 0.192868
vt 0.713741 0.172936
vt 0.672907 0.159819
vt 0.623265 0.192147
vt 0.661049 0.195373
vt 0.697218 0.205259
vt 0.730543 0.222016
vt 0.759177 0.245657
vt 0.781461 0.275260
vt 0.796249 0.309196
vt 0.802864 0.345603
vt 0.801125 0.382535
vt 0.791090 0.418112
vt 0.773310 0.450518
vt 0.748703 0.478120
vt 0.718477 0.499532
vt 0.684003 0.513608
vt 0.646852 0.519700
vt 0.606250 0.532320
vt 0.608851 0.517775
vt 0.626156 0.245727
vt 0.653496 0.244357
vt 0.652594 0.267053
vt 0.679383 0.250202
vt 0.672882 0.271395
vt 0.702798 0.261699
vt 0.691366 0.281128
vt 0.722885 0.278137
vt 0.707337 0.294277
vt 0.738445 0.298718
vt 0.719333 0.311093
vt 0.748974 0.322354
vt 0.727804 0.329918
vt 0.753730 0.347715
vt 0.731052 0.350351
vt 0.752769 0.373605
vt 0.730406 0.371058
vt 0.745893 0.398514
vt 0.724344 0.390910
vt 0.733647 0.421424
vt 0.714685 0.409312
vt 0.716509 0.440933
vt 0.700559 0.424621
vt 0.695365 0.456367
vt 0.683812 0.437105
vt 0.671086 0.466511
vt 0.664474 0.444798
vt 0.644841 0.470841
vt 0.643825 0.448354
vt 0.617986 0.468425
vt 0.623128 0.446192
vt 0.591632 0.460234
vt 0.603019 0.438802
vt 0.637230 0.286601
vt 0.667137 0.288502
vt 0.694013 0.306759
vt 0.710271 0.335203
vt 0.712295 0.368120
vt 0.699680 0.398794
vt 0.674963 0.421119
vt 0.643577 0.430272
vt 0.613841 0.423181
vt 0.624204 0.212045
vt 0.690697 0.221468
vt 0.720609 0.236389
vt 0.746123 0.257548
vt 0.765946 0.283964
vt 0.779098 0.314181
vt 0.785008 0.346598
vt 0.783472 0.379478
vt 0.774551 0.411185
vt 0.758728 0.440073
vt 0.736785 0.464731
vt 0.709789 0.483902
vt 0.678900 0.496573
vt 0.645661 0.501998
vt 0.612028 0.499660
vt 0.657940 0.213143
vt 0.572653 0.507609
vt 0.580176 0.490373
vt 0.628226 0.758728
vt 0.631574 0.268877
vt 0.634959 0.307146
vt 0.664225 0.307950
vt 0.662879 0.312711
vt 0.635306 0.312322
vt 0.689239 0.324975
vt 0.685460 0.328252
vt 0.701295 0.352621
vt 0.696329 0.353391
vt 0.697165 0.382427
vt 0.692537 0.380528
vt 0.678207 0.405794
vt 0.675249 0.401775
vt 0.649837 0.415873
vt 0.649422 0.410925
vt 0.620373 0.409378
vt 0.622701 0.404940
vt 0.599168 0.388285
vt 0.603516 0.384819
vt 0.656658 0.334129
vt 0.642491 0.334173
vt 0.640373 0.329200
vt 0.668453 0.342935
vt 0.674051 0.356948
vt 0.671681 0.371948
vt 0.662014 0.383608
vt 0.647997 0.388679
vt 0.633788 0.385733
vt 0.619484 0.377201
vt 0.624401 0.375393
vt 0.679215 0.355780
vt 0.665363 0.387617
vt 0.648560 0.393765
vt 0.672959 0.674408
vt 0.672959 0.694655
vt 0.654532 0.694655
vt 0.654532 0.674408
vt 0.672959 0.653791
vt 0.654532 0.653791
vt 0.672959 0.633117
vt 0.654532 0.633117
vt 0.672959 0.612458
vt 0.654532 0.612458
vt 0.672959 0.592143
vt 0.654532 0.592143
vt 0.672959 0.571268
vt 0.654532 0.571268
vt 0.672959 0.718252
vt 0.672959 0.738114
vt 0.654532 0.738114
vt 0.654532 0.718252
vt 0.691517 0.674408
vt 0.691517 0.694655
vt 0.691517 0.653791
vt 0.691517 0.633117
vt 0.691517 0.612458
vt 0.691517 0.592143
vt 0.691517 0.571268
vt 0.691517 0.718252
vt 0.691517 0.738114
vt 0.706673 0.694655
vt 0.706673 0.674408
vt 0.706673 0.653791
vt 0.706673 0.633117
vt 0.706673 0.612458
vt 0.706673 0.592143
vt 0.706673 0.571268
vt 0.706673 0.738114
vt 0.706673 0.718252
vt 0.640435 0.694655
vt 0.640435 0.674408
vt 0.640435 0.653791
vt 0.640435 0.633117
vt 0.640435 0.612458
vt 0.640435 0.592143
vt 0.640435 0.571268
vt 0.640435 0.738114
vt 0.640435 0.718252
vt 0.683338 0.037007
vt 0.668374 0.037007
vt 0.668374 0.029901
vt 0.683338 0.029901
vt 0.653310 0.037007
vt 0.653310 0.029901
vt 0.638307 0.037007
vt 0.638307 0.029901
vt 0.623135 0.037007
vt 0.623135 0.029901
vt 0.608032 0.037007
vt 0.608032 0.029901
vt 0.592902 0.037007
vt 0.592902 0.029901
vt 0.578222 0.037007
vt 0.578222 0.029901
vt 0.563549 0.037007
vt 0.563549 0.029901
vt 0.668374 0.015338
vt 0.683338 0.015338
vt 0.653310 0.015338
vt 0.638307 0.015338
vt 0.623135 0.015338
vt 0.608032 0.015338
vt 0.592902 0.015338
vt 0.578222 0.015338
vt 0.563549 0.015338
vt 0.580246 0.421122
vt 0.588820 0.409187
vt 0.577869 0.406629
vt 0.594739 0.418747
vt 0.592180 0.429696
vt 0.582620 0.435615
vt 0.571673 0.433057
vt 0.565753 0.423498
vt 0.568310 0.412549
vt 0.652096 0.284981
vt 0.649309 0.305776
vt 0.681643 0.295913
vt 0.678023 0.314552
vt 0.703946 0.319938
vt 0.697199 0.337956
vt 0.713326 0.351515
vt 0.701246 0.367801
vt 0.707890 0.384217
vt 0.689324 0.395431
vt 0.688658 0.411458
vt 0.664753 0.412841
vt 0.659754 0.427719
vt 0.634647 0.414849
vt 0.627914 0.428988
vt 0.608333 0.400046
vt 0.649167 0.310631
vt 0.675380 0.318775
vt 0.692677 0.340080
vt 0.696307 0.367223
vt 0.685371 0.392345
vt 0.663014 0.408167
vt 0.635641 0.409963
vt 0.611798 0.396298
vt 0.631342 0.390096
vt 0.657946 0.329103
vt 0.672285 0.339295
vt 0.676689 0.373609
vt 0.668734 0.169683
vt 0.622948 0.173897
vt 0.626975 0.159199
vt 0.709753 0.181727
vt 0.664536 0.181080
vt 0.747547 0.201492
vt 0.703749 0.192325
vt 0.780328 0.229003
vt 0.739649 0.210778
vt 0.805889 0.263562
vt 0.770617 0.236548
vt 0.822757 0.303210
vt 0.794724 0.268859
vt 0.830065 0.345714
vt 0.810661 0.305910
vt 0.827652 0.388764
vt 0.817658 0.345638
vt 0.815568 0.430144
vt 0.815563 0.385901
vt 0.794503 0.467728
vt 0.804421 0.424633
vt 0.765582 0.499618
vt 0.784861 0.459853
vt 0.730302 0.524207
vt 0.757920 0.489784
vt 0.690467 0.540231
vt 0.724963 0.512915
vt 0.648176 0.547004
vt 0.687578 0.528023
vt 0.605427 0.544919
vt 0.647522 0.534392
vt 0.563006 0.538457
vt 0.565249 0.523062
vt 0.589582 0.758683
vt 0.627961 0.985324
vt 0.589320 0.985279
vt 0.550947 0.758640
vt 0.550683 0.985235
vt 0.512317 0.758598
vt 0.512053 0.985193
vt 0.473693 0.758558
vt 0.473429 0.985152
vt 0.435074 0.758519
vt 0.434814 0.985113
vt 0.396460 0.758482
vt 0.396203 0.985075
vt 0.357851 0.758447
vt 0.357600 0.985040
vt 0.319246 0.758416
vt 0.319005 0.985009
vt 0.280636 0.758385
vt 0.280406 0.984978
vt 0.242018 0.758355
vt 0.241800 0.984949
vt 0.203392 0.758325
vt 0.203188 0.984920
vt 0.164760 0.758296
vt 0.164568 0.984891
vt 0.126123 0.758267
vt 0.125939 0.984862
vt 0.087484 0.758239
vt 0.087306 0.984834
vt 0.048843 0.758212
vt 0.048668 0.984807
vt 0.010198 0.758182
vt 0.010024 0.984778
vt 0.632908 0.148367
vt 0.606272 0.555694
vt 0.564418 0.551070
vt 0.650442 0.557043
vt 0.694713 0.549454
vt 0.736463 0.532228
vt 0.773379 0.506046
vt 0.803543 0.472236
vt 0.825387 0.432498
vt 0.837741 0.388842
vt 0.839912 0.343520
vt 0.831841 0.298870
vt 0.813754 0.257334
vt 0.786636 0.221293
vt 0.752253 0.192868
vt 0.713741 0.172936
vt 0.672907 0.159819
vt 0.623265 0.192147
vt 0.661049 0.195373
vt 0.697218 0.205259
vt 0.730543 0.222016
vt 0.759177 0.245657
vt 0.781461 0.275260
vt 0.796249 0.309196
vt 0.802864 0.345603
vt 0.801125 0.382535
vt 0.791090 0.418112
vt 0.773310 0.450518
vt 0.748703 0.478120
vt 0.718477 0.499532
vt 0.684003 0.513608
vt 0.646852 0.519700
vt 0.606250 0.532320
vt 0.608851 0.517775
vt 0.626156 0.245727
vt 0.653496 0.244357
vt 0.652594 0.267053
vt 0.679383 0.250202
vt 0.672882 0.271395
vt 0.702798 0.261699
vt 0.691366 0.281128
vt 0.722885 0.278137
vt 0.707337 0.294277
vt 0.738445 0.298718
vt 0.719333 0.311093
vt 0.748974 0.322354
vt 0.727804 0.329918
vt 0.753730 0.347715
vt 0.731052 0.350351
vt 0.752769 0.373605
vt 0.730406 0.371058
vt 0.745893 0.398514
vt 0.724344 0.390910
vt 0.733647 0.421424
vt 0.714685 0.409312
vt 0.716509 0.440933
vt 0.700559 0.424621
vt 0.695365 0.456367
vt 0.683812 0.437105
vt 0.671086 0.466511
vt 0.664474 0.444798
vt 0.644841 0.470841
vt 0.643825 0.448354
vt 0.617986 0.468425
vt 0.623128 0.446192
vt 0.591632 0.460234
vt 0.603019 0.438802
vt 0.667137 0.288502
vt 0.694013 0.306759
vt 0.710271 0.335203
vt 0.712295 0.368120
vt 0.699680 0.398794
vt 0.674963 0.421119
vt 0.659754 0.427719
vt 0.613841 0.423181
vt 0.624204 0.212045
vt 0.690697 0.221468
vt 0.720609 0.236389
vt 0.746123 0.257548
vt 0.765946 0.283964
vt 0.779098 0.314181
vt 0.785008 0.346598
vt 0.783472 0.379478
vt 0.774551 0.411185
vt 0.758728 0.440073
vt 0.736785 0.464731
vt 0.709789 0.483902
vt 0.678900 0.496573
vt 0.645661 0.501998
vt 0.612028 0.499660
vt 0.657940 0.213143
vt 0.572653 0.507609
vt 0.580176 0.490373
vt 0.628226 0.758728
vt 0.631574 0.268877
vt 0.634959 0.307146
vt 0.649309 0.305776
vt 0.635306 0.312322
vt 0.664225 0.307950
vt 0.678023 0.314552
vt 0.662879 0.312711
vt 0.689239 0.324975
vt 0.697199 0.337956
vt 0.685460 0.328252
vt 0.701295 0.352621
vt 0.701246 0.367801
vt 0.696329 0.353391
vt 0.697165 0.382427
vt 0.689324 0.395431
vt 0.692537 0.380528
vt 0.678207 0.405794
vt 0.664753 0.412841
vt 0.675249 0.401775
vt 0.649837 0.415873
vt 0.634647 0.414849
vt 0.649422 0.410925
vt 0.620373 0.409378
vt 0.608333 0.400046
vt 0.622701 0.404940
vt 0.657946 0.329103
vt 0.656658 0.334129
vt 0.642491 0.334173
vt 0.672285 0.339295
vt 0.668453 0.342935
vt 0.679215 0.355780
vt 0.674051 0.356948
vt 0.676689 0.373609
vt 0.671681 0.371948
vt 0.665363 0.387617
vt 0.662014 0.383608
vt 0.648560 0.393765
vt 0.647997 0.388679
vt 0.631342 0.390096
vt 0.633788 0.385733
vt 0.619484 0.377201
vt 0.624401 0.375393
vt 0.640373 0.329200
vt 0.649167 0.310631
vt 0.675380 0.318775
vt 0.692677 0.340080
vt 0.696307 0.367223
vt 0.685371 0.392345
vt 0.663014 0.408167
vt 0.635641 0.409963
vt 0.611798 0.396298
vt 0.672959 0.674408
vt 0.672959 0.694655
vt 0.654532 0.694655
vt 0.672959 0.653791
vt 0.654532 0.674408
vt 0.672959 0.633117
vt 0.654532 0.653791
vt 0.672959 0.612458
vt 0.654532 0.633117
vt 0.672959 0.592143
vt 0.654532 0.612458
vt 0.672959 0.571268
vt 0.654532 0.592143
vt 0.672959 0.718252
vt 0.672959 0.738114
vt 0.654532 0.738114
vt 0.654532 0.718252
vt 0.691517 0.674408
vt 0.691517 0.694655
vt 0.691517 0.653791
vt 0.691517 0.633117
vt 0.691517 0.612458
vt 0.691517 0.592143
vt 0.691517 0.571268
vt 0.691517 0.718252
vt 0.691517 0.738114
vt 0.706673 0.694655
vt 0.706673 0.674408
vt 0.706673 0.653791
vt 0.706673 0.633117
vt 0.706673 0.612458
vt 0.706673 0.592143
vt 0.706673 0.738114
vt 0.706673 0.718252
vt 0.640435 0.694655
vt 0.640435 0.674408
vt 0.640435 0.653791
vt 0.640435 0.633117
vt 0.640435 0.612458
vt 0.640435 0.592143
vt 0.640435 0.571268
vt 0.640435 0.738114
vt 0.640435 0.718252
vt 0.683338 0.037007
vt 0.668374 0.029901
vt 0.683338 0.029901
vt 0.668374 0.037007
vt 0.653310 0.029901
vt 0.653310 0.037007
vt 0.638307 0.029901
vt 0.638307 0.037007
vt 0.623135 0.029901
vt 0.623135 0.037007
vt 0.608032 0.029901
vt 0.608032 0.037007
vt 0.592902 0.029901
vt 0.592902 0.037007
vt 0.578222 0.029901
vt 0.578222 0.037007
vt 0.563549 0.029901
vt 0.668374 0.015338
vt 0.683338 0.015338
vt 0.653310 0.015338
vt 0.638307 0.015338
vt 0.623135 0.015338
vt 0.608032 0.015338
vt 0.592902 0.015338
vt 0.578222 0.015338
vt 0.563549 0.015338
vt 0.577869 0.406629
vt 0.588820 0.409187
vt 0.580246 0.421122
vt 0.594739 0.418747
vt 0.592180 0.429696
vt 0.582620 0.435615
vt 0.571673 0.433057
vt 0.565753 0.423498
vt 0.568310 0.412549
vt 0.599168 0.388285
vt 0.643577 0.430272
vt 0.627914 0.428988
vt 0.652096 0.284981
vt 0.637230 0.286601
vt 0.681643 0.295913
vt 0.703946 0.319938
vt 0.713326 0.351515
vt 0.707890 0.384217
vt 0.688658 0.411458
vt 0.603516 0.384819
vt 0.654532 0.571268
vt 0.706673 0.571268
vt 0.563549 0.037007
vt 0.812712 0.716649
vt 0.812712 0.695311
vt 0.822848 0.716649
vt 0.832638 0.716649
vt 0.842174 0.716649
vt 0.851592 0.716649
vt 0.773741 0.716649
vt 0.783124 0.716649
vt 0.792497 0.716649
vt 0.802387 0.716649
vt 0.822848 0.695311
vt 0.832638 0.695311
vt 0.842174 0.695311
vt 0.851592 0.695311
vt 0.773741 0.695311
vt 0.783124 0.695311
vt 0.792497 0.695311
vt 0.802387 0.695311
vt 0.812712 0.666307
vt 0.822848 0.666307
vt 0.832638 0.666307
vt 0.842174 0.666307
vt 0.851592 0.666307
vt 0.773741 0.666307
vt 0.783124 0.666307
vt 0.792497 0.666307
vt 0.802387 0.666307
vt 0.812712 0.637728
vt 0.822848 0.637728
vt 0.832638 0.637728
vt 0.842174 0.637728
vt 0.851592 0.637728
vt 0.773741 0.637728
vt 0.783124 0.637728
vt 0.792497 0.637728
vt 0.802387 0.637728
vt 0.812712 0.616541
vt 0.822848 0.616541
vt 0.832638 0.616541
vt 0.842174 0.616541
vt 0.851592 0.616541
vt 0.773741 0.616541
vt 0.783124 0.616541
vt 0.792497 0.616541
vt 0.802387 0.616541
vt 0.822848 0.992276
vt 0.812712 0.992276
vt 0.832638 0.992276
vt 0.783124 0.992276
vt 0.773741 0.992276
vt 0.842174 0.992276
vt 0.851592 0.992276
vt 0.792497 0.992276
vt 0.802387 0.992276
vt 0.812712 0.567129
vt 0.822848 0.567129
vt 0.832638 0.567129
vt 0.842174 0.567129
vt 0.851592 0.567129
vt 0.773741 0.567129
vt 0.783124 0.567129
vt 0.792497 0.567129
vt 0.802387 0.567129
vt 0.812712 0.716649
vt 0.822848 0.695311
vt 0.822848 0.716649
vt 0.832638 0.695311
vt 0.832638 0.716649
vt 0.842174 0.695311
vt 0.842174 0.716649
vt 0.851592 0.695311
vt 0.851592 0.716649
vt 0.773741 0.716649
vt 0.783124 0.695311
vt 0.783124 0.716649
vt 0.792497 0.695311
vt 0.792497 0.716649
vt 0.802387 0.695311
vt 0.802387 0.716649
vt 0.812712 0.695311
vt 0.822848 0.666307
vt 0.832638 0.666307
vt 0.842174 0.666307
vt 0.851592 0.666307
vt 0.773741 0.695311
vt 0.783124 0.666307
vt 0.792497 0.666307
vt 0.802387 0.666307
vt 0.812712 0.666307
vt 0.822848 0.637728
vt 0.832638 0.637728
vt 0.842174 0.637728
vt 0.851592 0.637728
vt 0.773741 0.666307
vt 0.783124 0.637728
vt 0.792497 0.637728
vt 0.802387 0.637728
vt 0.812712 0.637728
vt 0.822848 0.616541
vt 0.832638 0.616541
vt 0.842174 0.616541
vt 0.851592 0.616541
vt 0.773741 0.637728
vt 0.783124 0.616541
vt 0.792497 0.616541
vt 0.802387 0.616541
vt 0.812712 0.616541
vt 0.822848 0.567129
vt 0.832638 0.567129
vt 0.842174 0.567129
vt 0.851592 0.567129
vt 0.773741 0.616541
vt 0.783124 0.567129
vt 0.792497 0.567129
vt 0.802387 0.567129
vt 0.812712 0.567129
vt 0.812712 0.992276
vt 0.822848 0.992276
vt 0.773741 0.992276
vt 0.832638 0.992276
vt 0.842174 0.992276
vt 0.783124 0.992276
vt 0.792497 0.992276
vt 0.802387 0.992276
vt 0.773741 0.567129
vt 0.851592 0.992276
vt 0.891599 0.394709
vt 0.905942 0.387093
vt 0.914571 0.395402
vt 0.903844 0.409456
vt 0.920704 0.422107
vt 0.927183 0.400099
vt 0.950750 0.333644
vt 0.942508 0.355100
vt 0.929683 0.333406
vt 0.929664 0.351132
vt 0.910968 0.337697
vt 0.917411 0.351687
vt 0.895986 0.347150
vt 0.907943 0.357868
vt 0.901533 0.366346
vt 0.886975 0.361369
vt 0.885490 0.378131
vt 0.901498 0.376998
vt 0.879242 0.398455
vt 0.891556 0.417221
vt 0.904800 0.437284
vt 0.947341 0.311904
vt 0.924622 0.319779
vt 0.903434 0.327200
vt 0.885974 0.339525
vt 0.875008 0.357302
vt 0.872875 0.378068
vt 0.865849 0.400631
vt 0.876658 0.421274
vt 0.884229 0.442722
vt 0.934302 0.295079
vt 0.915246 0.307502
vt 0.894105 0.317304
vt 0.875657 0.332418
vt 0.863299 0.353330
vt 0.860339 0.377430
vt 0.853029 0.403235
vt 0.867262 0.441657
vt 0.861804 0.424539
vt 0.920182 0.285607
vt 0.885479 0.307459
vt 0.905434 0.295876
vt 0.865321 0.324790
vt 0.851939 0.349476
vt 0.847503 0.377232
vt 0.921786 0.373201
vt 0.625496 0.710660
vt 0.596468 0.719453
vt 0.596468 0.710652
vt 0.625496 0.728284
vt 0.596468 0.728276
vt 0.596468 0.737103
vt 0.625496 0.745938
vt 0.596468 0.745938
vt 0.625496 0.595052
vt 0.596468 0.603737
vt 0.596468 0.595052
vt 0.625496 0.612415
vt 0.596468 0.612418
vt 0.596468 0.621072
vt 0.625496 0.629731
vt 0.596468 0.629714
vt 0.596468 0.638694
vt 0.625496 0.647952
vt 0.596468 0.647857
vt 0.596468 0.657244
vt 0.625496 0.667696
vt 0.596468 0.667698
vt 0.596468 0.677727
vt 0.625496 0.687616
vt 0.596468 0.687139
vt 0.596468 0.697959
vt 0.571199 0.710660
vt 0.571199 0.745938
vt 0.571199 0.728284
vt 0.571199 0.612415
vt 0.571199 0.595052
vt 0.571199 0.629731
vt 0.571199 0.647952
vt 0.571199 0.667696
vt 0.571199 0.687616
vt 0.889457 0.459067
vt 0.896094 0.471805
vt 0.904904 0.451274
vt 0.914054 0.463449
vt 0.916400 0.442597
vt 0.789536 0.499115
vt 0.786853 0.515419
vt 0.803675 0.496369
vt 0.806609 0.511315
vt 0.819800 0.490095
vt 0.824832 0.503548
vt 0.836780 0.481933
vt 0.842689 0.495619
vt 0.854544 0.474390
vt 0.860411 0.487560
vt 0.872034 0.466231
vt 0.878256 0.479777
vt 0.902714 0.484886
vt 0.921702 0.475930
vt 0.942134 0.466158
vt 0.789847 0.534005
vt 0.810775 0.525348
vt 0.830131 0.517218
vt 0.848532 0.509290
vt 0.866556 0.501354
vt 0.884512 0.493264
vt 0.908661 0.498987
vt 0.926656 0.490380
vt 0.801216 0.549706
vt 0.818206 0.538696
vt 0.836637 0.531070
vt 0.854836 0.523435
vt 0.872954 0.515716
vt 0.890811 0.507410
vt 0.913745 0.511280
vt 0.930110 0.504132
vt 0.946205 0.485111
vt 0.944636 0.500412
vt 0.813641 0.558773
vt 0.826120 0.550461
vt 0.842377 0.543072
vt 0.860414 0.536122
vt 0.878387 0.527911
vt 0.896513 0.520042
vt 0.815939 0.162071
vt 0.798855 0.159585
vt 0.813384 0.148746
vt 0.809694 0.174115
vt 0.796370 0.176670
vt 0.784326 0.170424
vt 0.781771 0.157100
vt 0.788016 0.145056
vt 0.801340 0.142501
vt 0.930317 0.451503
vt 0.978832 0.256415
vt 0.993934 0.256412
vt 0.192682 0.020438
vt 0.192685 0.008390
vt 0.268959 0.733670
vt 0.091083 0.605355
vt 0.093806 0.605355
vt 0.979324 0.106039
vt 0.960044 0.106039
vt 0.978645 0.422719
vt 0.990363 0.630883
vt 0.978016 0.630883
vt 0.366836 0.009130
vt 0.241766 0.707239
vt 0.241766 0.682755
vt 0.241766 0.672903
vt 0.241766 0.662385
vt 0.837193 0.115172
vt 0.855334 0.093859
vt 0.868026 0.081033
vt 0.885976 0.060587
vt 0.897405 0.047497
vt 0.954640 0.674250
vt 0.202210 0.020438
vt 0.202219 0.008321
vt 0.279569 0.733670
vt 0.091059 0.615071
vt 0.093818 0.615065
vt 0.979324 0.093265
vt 0.960044 0.093265
vt 0.986806 0.409470
vt 0.978645 0.409470
vt 0.990363 0.619125
vt 0.978016 0.619128
vt 0.357037 0.009130
vt 0.260175 0.707239
vt 0.260175 0.682755
vt 0.260175 0.672903
vt 0.260175 0.662385
vt 0.848466 0.127902
vt 0.871462 0.111880
vt 0.887064 0.102646
vt 0.909185 0.087352
vt 0.923861 0.077416
vt 0.954640 0.634541
vt 0.978832 0.269036
vt 0.993934 0.269019
vt 0.211732 0.020438
vt 0.211745 0.008321
vt 0.290175 0.733670
vt 0.091092 0.624785
vt 0.093847 0.624776
vt 0.979324 0.080472
vt 0.960044 0.080472
vt 0.986806 0.396247
vt 0.978645 0.396247
vt 0.990363 0.607428
vt 0.978016 0.607444
vt 0.347237 0.009130
vt 0.278332 0.707239
vt 0.278332 0.682755
vt 0.278332 0.672903
vt 0.278332 0.662385
vt 0.856077 0.143088
vt 0.882416 0.133428
vt 0.899842 0.128426
vt 0.925034 0.119202
vt 0.941530 0.113155
vt 0.954641 0.594832
vt 0.221237 0.020438
vt 0.221250 0.008321
vt 0.300769 0.733670
vt 0.091092 0.634491
vt 0.093849 0.634480
vt 0.979324 0.067810
vt 0.960044 0.067810
vt 0.986806 0.383068
vt 0.978645 0.383068
vt 0.990363 0.595754
vt 0.978016 0.595802
vt 0.337438 0.009130
vt 0.296122 0.707239
vt 0.296122 0.682755
vt 0.296122 0.672903
vt 0.296122 0.662385
vt 0.859608 0.159811
vt 0.887530 0.157058
vt 0.905668 0.156602
vt 0.932373 0.153966
vt 0.949887 0.152221
vt 0.954641 0.555123
vt 0.978832 0.282428
vt 0.993934 0.282433
vt 0.230698 0.020438
vt 0.230718 0.008321
vt 0.311361 0.733670
vt 0.091088 0.644181
vt 0.093842 0.644157
vt 0.979324 0.055396
vt 0.960044 0.055396
vt 0.986806 0.369924
vt 0.978645 0.369924
vt 0.990363 0.584065
vt 0.978016 0.584195
vt 0.327638 0.009130
vt 0.313498 0.707239
vt 0.313498 0.682755
vt 0.313498 0.672903
vt 0.313498 0.662385
vt 0.858859 0.176941
vt 0.886545 0.181243
vt 0.904221 0.185328
vt 0.930729 0.189441
vt 0.948135 0.192144
vt 0.954641 0.515414
vt 0.240080 0.020438
vt 0.240138 0.008321
vt 0.321939 0.733670
vt 0.091080 0.653839
vt 0.093825 0.653771
vt 0.979324 0.043373
vt 0.960044 0.043373
vt 0.986806 0.356817
vt 0.978645 0.356817
vt 0.990363 0.572307
vt 0.978016 0.572640
vt 0.317839 0.009130
vt 0.330290 0.707239
vt 0.330290 0.682755
vt 0.330290 0.672903
vt 0.330290 0.662385
vt 0.853917 0.193395
vt 0.879503 0.204468
vt 0.895598 0.212795
vt 0.920220 0.223352
vt 0.936413 0.230323
vt 0.954641 0.475705
vt 0.978832 0.294882
vt 0.993934 0.294893
vt 0.249336 0.020438
vt 0.249546 0.008321
vt 0.332525 0.733670
vt 0.091121 0.663498
vt 0.093928 0.663176
vt 0.979324 0.031259
vt 0.960044 0.031259
vt 0.986806 0.343781
vt 0.978645 0.343781
vt 0.990363 0.560863
vt 0.978016 0.560863
vt 0.308040 0.009130
vt 0.346351 0.707239
vt 0.346351 0.682755
vt 0.346351 0.672903
vt 0.346351 0.662385
vt 0.845187 0.208045
vt 0.866813 0.225388
vt 0.880327 0.237308
vt 0.901541 0.253534
vt 0.915539 0.264298
vt 0.954641 0.435996
vt 0.258705 0.020438
vt 0.258705 0.008321
vt 0.343110 0.733670
vt 0.090802 0.674060
vt 0.093822 0.673459
vt 0.979324 0.019173
vt 0.960044 0.019173
vt 0.986806 0.330893
vt 0.978645 0.330893
vt 0.990363 0.549257
vt 0.978016 0.549257
vt 0.298240 0.009130
vt 0.361619 0.707239
vt 0.361619 0.682755
vt 0.361619 0.672903
vt 0.361619 0.662385
vt 0.833130 0.219761
vt 0.848880 0.242576
vt 0.859222 0.257414
vt 0.876087 0.278136
vt 0.887090 0.292035
vt 0.954651 0.396286
vt 0.978832 0.307249
vt 0.993934 0.307249
vt 0.267774 0.020438
vt 0.267774 0.008321
vt 0.353642 0.733670
vt 0.090823 0.683927
vt 0.093782 0.683807
vt 0.979324 0.006510
vt 0.960044 0.006510
vt 0.986806 0.318371
vt 0.978645 0.318371
vt 0.990363 0.537880
vt 0.978016 0.537880
vt 0.288441 0.009130
vt 0.376213 0.707239
vt 0.376213 0.682755
vt 0.376213 0.672903
vt 0.376213 0.662385
vt 0.819048 0.227543
vt 0.826481 0.254072
vt 0.833379 0.272256
vt 0.846466 0.296278
vt 0.853106 0.312401
vt 0.954661 0.356577
vt 0.126666 0.020438
vt 0.126666 0.008321
vt 0.194809 0.733670
vt 0.091156 0.536825
vt 0.094175 0.537075
vt 0.979324 0.186042
vt 0.960044 0.186042
vt 0.986806 0.515010
vt 0.978645 0.515010
vt 0.990363 0.714690
vt 0.978016 0.714690
vt 0.435432 0.009130
vt 0.122520 0.707239
vt 0.122520 0.682755
vt 0.122520 0.672903
vt 0.122520 0.662385
vt 0.733083 0.132736
vt 0.707798 0.119851
vt 0.692425 0.110255
vt 0.669451 0.095165
vt 0.654411 0.085668
vt 0.954650 0.952214
vt 0.978832 0.218541
vt 0.993934 0.218538
vt 0.136027 0.020438
vt 0.135833 0.008321
vt 0.205393 0.733670
vt 0.091122 0.546508
vt 0.093930 0.546479
vt 0.979324 0.174477
vt 0.960044 0.174477
vt 0.986806 0.501783
vt 0.978645 0.501783
vt 0.990363 0.702870
vt 0.978016 0.702870
vt 0.425632 0.009130
vt 0.137558 0.707239
vt 0.137558 0.682755
vt 0.137558 0.672903
vt 0.137558 0.662385
vt 0.743444 0.119238
vt 0.722788 0.100132
vt 0.710539 0.086878
vt 0.691650 0.067496
vt 0.679336 0.054993
vt 0.954641 0.912505
vt 0.145286 0.020438
vt 0.145233 0.008321
vt 0.215980 0.733670
vt 0.091081 0.556870
vt 0.093827 0.556938
vt 0.979324 0.163395
vt 0.960044 0.163395
vt 0.986806 0.488531
vt 0.978645 0.488531
vt 0.990363 0.691089
vt 0.978016 0.690758
vt 0.415833 0.009130
vt 0.153290 0.707239
vt 0.153290 0.682755
vt 0.153290 0.672903
vt 0.153290 0.662385
vt 0.756966 0.108629
vt 0.741981 0.084912
vt 0.733558 0.068945
vt 0.719748 0.045799
vt 0.710706 0.030770
vt 0.954641 0.872795
vt 0.978832 0.231029
vt 0.993934 0.231019
vt 0.154669 0.020438
vt 0.154651 0.008321
vt 0.226558 0.733670
vt 0.091090 0.566528
vt 0.093844 0.566552
vt 0.979324 0.152558
vt 0.960044 0.152558
vt 0.986806 0.475314
vt 0.978645 0.475314
vt 0.990363 0.678914
vt 0.978016 0.678785
vt 0.406034 0.009130
vt 0.170145 0.707239
vt 0.170145 0.682755
vt 0.170145 0.672903
vt 0.170145 0.662385
vt 0.772709 0.101650
vt 0.764203 0.074946
vt 0.760090 0.057344
vt 0.752286 0.031576
vt 0.747135 0.014794
vt 0.954641 0.833086
vt 0.164130 0.020438
vt 0.164119 0.008321
vt 0.237150 0.733670
vt 0.091094 0.576218
vt 0.093850 0.576229
vt 0.979324 0.141350
vt 0.960044 0.141350
vt 0.986806 0.462082
vt 0.978645 0.462082
vt 0.990363 0.666780
vt 0.978016 0.666733
vt 0.396234 0.009130
vt 0.187157 0.707239
vt 0.187157 0.682755
vt 0.187157 0.672903
vt 0.187157 0.662385
vt 0.789662 0.098744
vt 0.788109 0.070783
vt 0.788549 0.052702
vt 0.787355 0.025828
vt 0.786496 0.008298
vt 0.954641 0.793377
vt 0.978832 0.243843
vt 0.993934 0.243848
vt 0.173634 0.020438
vt 0.173624 0.008321
vt 0.247744 0.733670
vt 0.091093 0.585925
vt 0.093849 0.585933
vt 0.979324 0.129763
vt 0.960044 0.129763
vt 0.986806 0.448946
vt 0.978645 0.448946
vt 0.990363 0.654711
vt 0.978016 0.654695
vt 0.386435 0.009130
vt 0.205097 0.707239
vt 0.205097 0.682755
vt 0.205097 0.672903
vt 0.205097 0.662385
vt 0.806768 0.100060
vt 0.812246 0.072642
vt 0.817164 0.055232
vt 0.822852 0.029270
vt 0.826307 0.011982
vt 0.954641 0.753668
vt 0.183156 0.020438
vt 0.183150 0.008321
vt 0.258337 0.733670
vt 0.091060 0.595638
vt 0.093819 0.595644
vt 0.979324 0.117949
vt 0.960044 0.117949
vt 0.986806 0.435829
vt 0.978645 0.435829
vt 0.990363 0.642740
vt 0.978016 0.642736
vt 0.376636 0.009130
vt 0.223321 0.707239
vt 0.223321 0.682755
vt 0.223321 0.672903
vt 0.223321 0.662385
vt 0.822960 0.105630
vt 0.835144 0.080469
vt 0.844220 0.064806
vt 0.856528 0.040862
vt 0.864090 0.025052
vt 0.954640 0.713959
vt 0.902382 0.994526
vt 0.902382 0.545811
vt 0.912845 0.994526
vt 0.912845 0.545811
vt 0.923307 0.994526
vt 0.923307 0.545811
vt 0.933769 0.994526
vt 0.933770 0.545811
vt 0.944232 0.994526
vt 0.944232 0.545811
vt 0.870995 0.994526
vt 0.870995 0.545811
vt 0.881457 0.994526
vt 0.881457 0.545811
vt 0.891920 0.994526
vt 0.891920 0.545811
vt 0.978832 0.206297
vt 0.993934 0.206313
vt 0.117595 0.020438
vt 0.117595 0.008321
vt 0.184276 0.733670
vt 0.091354 0.526431
vt 0.094313 0.526200
vt 0.979324 0.197838
vt 0.960044 0.197838
vt 0.986806 0.527737
vt 0.978645 0.527737
vt 0.990363 0.726146
vt 0.978016 0.726146
vt 0.445231 0.009130
vt 0.107979 0.707239
vt 0.107979 0.682755
vt 0.107979 0.672903
vt 0.107979 0.662385
vt 0.726826 0.147912
vt 0.698074 0.143386
vt 0.679650 0.137586
vt 0.653989 0.126761
vt 0.637113 0.121646
vt 0.954660 0.991923
vt 0.860533 0.994526
vt 0.860533 0.545811
vt 0.268959 0.741770
vt 0.268959 0.726038
vt 0.992906 0.106039
vt 0.986788 0.422719
vt 0.974055 0.422719
vt 0.973129 0.630883
vt 0.366836 0.020150
vt 0.963351 0.674250
vt 0.279569 0.741770
vt 0.279569 0.726038
vt 0.992906 0.093265
vt 0.974055 0.409470
vt 0.973129 0.619128
vt 0.357037 0.020150
vt 0.963351 0.634541
vt 0.290175 0.741770
vt 0.290175 0.726038
vt 0.992906 0.080472
vt 0.974055 0.396247
vt 0.973129 0.607444
vt 0.347237 0.020150
vt 0.963352 0.594832
vt 0.300769 0.741770
vt 0.300769 0.726038
vt 0.992906 0.067810
vt 0.974055 0.383068
vt 0.973129 0.595804
vt 0.337438 0.020150
vt 0.963352 0.555123
vt 0.311361 0.741770
vt 0.311361 0.726038
vt 0.992906 0.055396
vt 0.974055 0.369924
vt 0.973129 0.584203
vt 0.327638 0.020150
vt 0.963352 0.515414
vt 0.321939 0.741770
vt 0.321939 0.726038
vt 0.992906 0.043373
vt 0.974055 0.356817
vt 0.973129 0.572678
vt 0.317839 0.020150
vt 0.963352 0.475705
vt 0.332525 0.741770
vt 0.332525 0.726038
vt 0.992906 0.031259
vt 0.974055 0.343781
vt 0.973129 0.560863
vt 0.308040 0.020150
vt 0.963352 0.435997
vt 0.343110 0.741770
vt 0.343110 0.726038
vt 0.992906 0.019173
vt 0.974055 0.330893
vt 0.973129 0.549257
vt 0.298240 0.020150
vt 0.963362 0.396288
vt 0.353642 0.741770
vt 0.353642 0.726038
vt 0.992906 0.006510
vt 0.974055 0.318371
vt 0.973129 0.537880
vt 0.288441 0.020150
vt 0.963372 0.356579
vt 0.194809 0.741770
vt 0.194809 0.726038
vt 0.992906 0.186042
vt 0.974055 0.515010
vt 0.973129 0.714690
vt 0.435432 0.020150
vt 0.963361 0.952212
vt 0.205393 0.741770
vt 0.205393 0.726038
vt 0.992906 0.174477
vt 0.974055 0.501783
vt 0.973129 0.702870
vt 0.425632 0.020150
vt 0.963352 0.912504
vt 0.215980 0.741770
vt 0.215980 0.726038
vt 0.992906 0.163395
vt 0.974055 0.488531
vt 0.973129 0.690719
vt 0.415833 0.020150
vt 0.963352 0.872795
vt 0.226558 0.741770
vt 0.226558 0.726038
vt 0.992906 0.152558
vt 0.974055 0.475314
vt 0.973129 0.678775
vt 0.406034 0.020150
vt 0.963352 0.833086
vt 0.237150 0.741770
vt 0.237150 0.726038
vt 0.992906 0.141350
vt 0.974055 0.462082
vt 0.973129 0.666731
vt 0.396234 0.020150
vt 0.963352 0.793377
vt 0.247744 0.741770
vt 0.247744 0.726038
vt 0.992906 0.129763
vt 0.974055 0.448946
vt 0.973129 0.654695
vt 0.386435 0.020150
vt 0.963352 0.753668
vt 0.258384 0.741770
vt 0.258315 0.726038
vt 0.992906 0.117949
vt 0.974055 0.435829
vt 0.973129 0.642736
vt 0.376636 0.020150
vt 0.963351 0.713959
vt 0.184276 0.741770
vt 0.184276 0.726038
vt 0.992906 0.197838
vt 0.974055 0.527737
vt 0.973129 0.726146
vt 0.445231 0.020150
vt 0.963371 0.991921
vt 0.839855 0.133791
vt 0.830158 0.123321
vt 0.846128 0.146876
vt 0.849017 0.161068
vt 0.848319 0.175551
vt 0.844175 0.189375
vt 0.836923 0.201557
vt 0.826676 0.211040
vt 0.814129 0.218303
vt 0.742461 0.137841
vt 0.736726 0.151054
vt 0.751342 0.126437
vt 0.762843 0.117546
vt 0.776196 0.111736
vt 0.790548 0.109364
vt 0.804944 0.110523
vt 0.818508 0.115201
vt 0.511080 0.505650
vt 0.511080 0.522424
vt 0.505931 0.522535
vt 0.516657 0.505650
vt 0.516657 0.522424
vt 0.522739 0.505650
vt 0.522739 0.522424
vt 0.758800 0.625783
vt 0.750328 0.648617
vt 0.750328 0.625783
vt 0.733053 0.648617
vt 0.733053 0.625783
vt 0.730173 0.648617
vt 0.730173 0.625783
vt 0.722348 0.648617
vt 0.722348 0.625783
vt 0.068474 0.588978
vt 0.068474 0.611084
vt 0.065704 0.611084
vt 0.077518 0.588946
vt 0.511080 0.536893
vt 0.505931 0.536795
vt 0.516657 0.536893
vt 0.522739 0.536893
vt 0.758800 0.605990
vt 0.750328 0.605990
vt 0.733053 0.605990
vt 0.730173 0.605990
vt 0.722348 0.605990
vt 0.068474 0.629786
vt 0.065676 0.629854
vt 0.077518 0.629865
vt 0.511080 0.550143
vt 0.505931 0.550273
vt 0.516657 0.550143
vt 0.522739 0.550143
vt 0.758800 0.584130
vt 0.750328 0.584130
vt 0.733053 0.584130
vt 0.730173 0.584130
vt 0.722348 0.584130
vt 0.068474 0.650977
vt 0.065598 0.650977
vt 0.077518 0.650977
vt 0.511080 0.564915
vt 0.505931 0.564705
vt 0.516657 0.564915
vt 0.522739 0.564915
vt 0.758800 0.560487
vt 0.750328 0.560487
vt 0.733053 0.560487
vt 0.730173 0.560487
vt 0.722348 0.560487
vt 0.068474 0.674134
vt 0.065676 0.674134
vt 0.077518 0.674134
vt 0.511080 0.447059
vt 0.511080 0.463405
vt 0.505931 0.463177
vt 0.516657 0.447059
vt 0.516657 0.463405
vt 0.522739 0.447059
vt 0.522739 0.463405
vt 0.758800 0.714565
vt 0.750328 0.737603
vt 0.750328 0.714565
vt 0.733053 0.714565
vt 0.733053 0.737603
vt 0.730173 0.737603
vt 0.730173 0.714565
vt 0.722348 0.737603
vt 0.722348 0.714565
vt 0.068474 0.502338
vt 0.068474 0.524962
vt 0.065704 0.524962
vt 0.077518 0.524962
vt 0.511080 0.477988
vt 0.505931 0.478007
vt 0.516657 0.477988
vt 0.522739 0.477988
vt 0.758800 0.694848
vt 0.750328 0.694848
vt 0.733053 0.694848
vt 0.730173 0.694848
vt 0.722348 0.694848
vt 0.068474 0.543451
vt 0.065675 0.543519
vt 0.077518 0.543530
vt 0.511080 0.491860
vt 0.505931 0.491720
vt 0.516657 0.491805
vt 0.522739 0.491672
vt 0.758800 0.672994
vt 0.750328 0.672994
vt 0.733053 0.672994
vt 0.730173 0.672994
vt 0.722348 0.672994
vt 0.068474 0.564540
vt 0.065598 0.564540
vt 0.077518 0.564540
vt 0.505931 0.505550
vt 0.758800 0.648617
vt 0.065675 0.588956
vt 0.077518 0.611084
vt 0.505931 0.446999
vt 0.758800 0.737603
vt 0.065674 0.502338
vt 0.077518 0.502338
vt 0.077518 0.600015
vt 0.077518 0.620475
vt 0.077518 0.640421
vt 0.077518 0.662556
vt 0.077518 0.513650
vt 0.077518 0.534246
vt 0.077518 0.554035
vt 0.077518 0.576743
vt 0.733053 0.637200
vt 0.730173 0.637200
vt 0.722348 0.637200
vt 0.065689 0.600020
vt 0.068474 0.600031
vt 0.722348 0.615886
vt 0.065690 0.620469
vt 0.068474 0.620435
vt 0.722348 0.595060
vt 0.065637 0.640416
vt 0.068474 0.640382
vt 0.722348 0.572309
vt 0.065637 0.662556
vt 0.068474 0.662556
vt 0.722348 0.726084
vt 0.065689 0.513650
vt 0.068474 0.513650
vt 0.722348 0.704706
vt 0.065689 0.534240
vt 0.068474 0.534206
vt 0.722348 0.683921
vt 0.065637 0.554030
vt 0.068474 0.553995
vt 0.068474 0.576759
vt 0.733053 0.615886
vt 0.733053 0.595060
vt 0.733053 0.572309
vt 0.733053 0.726084
vt 0.733053 0.704706
vt 0.733053 0.683921
vt 0.733053 0.660806
vt 0.722348 0.660806
vt 0.065637 0.576748
vt 0.730173 0.726084
vt 0.730173 0.704706
vt 0.730173 0.683921
vt 0.730173 0.660806
vt 0.730173 0.572309
vt 0.730173 0.615886
vt 0.730173 0.595060
vt 0.954984 0.269041
vt 0.954984 0.256414
vt 0.954984 0.282462
vt 0.954984 0.294887
vt 0.954984 0.307249
vt 0.954984 0.218519
vt 0.954984 0.206304
vt 0.954984 0.231023
vt 0.954984 0.243835
vt 0.424988 0.747002
vt 0.414591 0.737233
vt 0.424988 0.739301
vt 0.411644 0.744348
vt 0.405777 0.731343
vt 0.400331 0.736789
vt 0.399888 0.722529
vt 0.392773 0.725476
vt 0.397820 0.712132
vt 0.390118 0.712132
vt 0.399888 0.701735
vt 0.392773 0.698788
vt 0.405777 0.692921
vt 0.400331 0.687475
vt 0.414591 0.687032
vt 0.411644 0.679916
vt 0.424988 0.684964
vt 0.424988 0.677262
vt 0.435385 0.687032
vt 0.438332 0.679917
vt 0.444199 0.692921
vt 0.449645 0.687475
vt 0.450088 0.701735
vt 0.457203 0.698788
vt 0.452156 0.712132
vt 0.459858 0.712132
vt 0.450088 0.722529
vt 0.457204 0.725477
vt 0.444199 0.731343
vt 0.449645 0.736789
vt 0.435385 0.737233
vt 0.438332 0.744348
vt 0.972652 0.942774
vt 0.972652 0.958655
vt 0.972652 0.974491
vt 0.972652 0.990582
vt 0.972652 0.752134
vt 0.972652 0.767970
vt 0.972652 0.783851
vt 0.972652 0.799741
vt 0.972652 0.815634
vt 0.972652 0.831527
vt 0.972652 0.847420
vt 0.972652 0.863313
vt 0.972652 0.879206
vt 0.972652 0.895099
vt 0.972652 0.910991
vt 0.972652 0.926884
vt 0.037830 0.638311
vt 0.037830 0.650150
vt 0.037830 0.662034
vt 0.037830 0.673877
vt 0.037830 0.496256
vt 0.037830 0.508140
vt 0.037830 0.519979
vt 0.037830 0.531811
vt 0.037830 0.543643
vt 0.037830 0.555477
vt 0.037830 0.567215
vt 0.037830 0.579144
vt 0.037830 0.590979
vt 0.037830 0.602812
vt 0.037830 0.614647
vt 0.037830 0.626479
vt 0.972652 0.736042
vt 0.037830 0.484413
vt 0.799032 0.195032
vt 0.788635 0.185262
vt 0.799032 0.187330
vt 0.785688 0.192377
vt 0.779821 0.179372
vt 0.774375 0.184818
vt 0.773932 0.170558
vt 0.766816 0.173506
vt 0.771864 0.160161
vt 0.764162 0.160161
vt 0.773932 0.149764
vt 0.766816 0.146817
vt 0.779821 0.140951
vt 0.774375 0.135505
vt 0.788635 0.135061
vt 0.785688 0.127946
vt 0.799032 0.132993
vt 0.799032 0.125291
vt 0.809428 0.135061
vt 0.812376 0.127946
vt 0.818242 0.140951
vt 0.823689 0.135505
vt 0.824132 0.149765
vt 0.831247 0.146817
vt 0.826200 0.160162
vt 0.833902 0.160162
vt 0.824132 0.170559
vt 0.831247 0.173506
vt 0.818242 0.179372
vt 0.823689 0.184818
vt 0.809429 0.185262
vt 0.812376 0.192378
vt 0.990720 0.942774
vt 0.990720 0.958655
vt 0.990720 0.974491
vt 0.990720 0.990582
vt 0.990720 0.752134
vt 0.990720 0.767970
vt 0.990720 0.783851
vt 0.990720 0.799741
vt 0.990720 0.815634
vt 0.990720 0.831527
vt 0.990720 0.847420
vt 0.990720 0.863313
vt 0.990720 0.879206
vt 0.990720 0.895099
vt 0.990720 0.910991
vt 0.990720 0.926884
vt 0.055862 0.638311
vt 0.055862 0.650150
vt 0.055862 0.662034
vt 0.055862 0.673877
vt 0.055862 0.496256
vt 0.055862 0.508140
vt 0.055862 0.519979
vt 0.055862 0.531811
vt 0.055862 0.543643
vt 0.055862 0.555477
vt 0.055862 0.567215
vt 0.055862 0.579144
vt 0.055862 0.590979
vt 0.055862 0.602812
vt 0.055862 0.614647
vt 0.055862 0.626479
vt 0.990720 0.736042
vt 0.055862 0.484413
vt 0.708673 0.751952
vt 0.700419 0.990131
vt 0.716927 0.751952
vt 0.725181 0.751952
vt 0.733435 0.751952
vt 0.741689 0.751952
vt 0.749945 0.990131
vt 0.749943 0.751952
vt 0.758198 0.751952
vt 0.766456 0.990131
vt 0.634380 0.990131
vt 0.634383 0.751952
vt 0.766453 0.751952
vt 0.642638 0.751952
vt 0.650891 0.990131
vt 0.650892 0.751952
vt 0.659147 0.751952
vt 0.667401 0.990131
vt 0.667401 0.751952
vt 0.675655 0.751952
vt 0.683910 0.751952
vt 0.692164 0.751952
vt 0.700419 0.751952
vt 0.708671 0.990131
vt 0.716926 0.990131
vt 0.725181 0.990131
vt 0.733435 0.990131
vt 0.741689 0.990131
vt 0.758201 0.990131
vt 0.642635 0.990131
vt 0.659147 0.990131
vt 0.683911 0.990131
vt 0.692165 0.990131
vt 0.675655 0.990131
vt 0.086610 0.079186
vt 0.086601 0.360823
vt 0.112250 0.356456
vt 0.112216 0.083609
vt 0.548099 0.079402
vt 0.548133 0.360622
vt 0.548142 0.083609
vt 0.548185 0.356456
vt 0.111771 0.079186
vt 0.111777 0.027701
vt 0.481732 0.027698
vt 0.528206 0.732083
vt 0.505844 0.732082
vt 0.007837 0.083609
vt 0.008142 0.079186
vt 0.017913 0.079186
vt 0.017576 0.083609
vt 0.052530 0.009549
vt 0.096783 0.009549
vt 0.097166 0.014792
vt 0.052806 0.019228
vt 0.080257 0.695967
vt 0.080257 0.718331
vt 0.069542 0.718332
vt 0.088383 0.071888
vt 0.102188 0.023473
vt 0.069540 0.695967
vt 0.056491 0.037066
vt 0.069545 0.058340
vt 0.138904 0.649337
vt 0.138904 0.631051
vt 0.440353 0.631052
vt 0.440353 0.649337
vt 0.621242 0.080738
vt 0.621242 0.132432
vt 0.009960 0.718346
vt 0.006573 0.714767
vt 0.027703 0.677513
vt 0.030503 0.689161
vt 0.112968 0.744688
vt 0.099859 0.738599
vt 0.173170 0.744643
vt 0.152049 0.744659
vt 0.162982 0.738974
vt 0.039802 0.695170
vt 0.555985 0.715775
vt 0.537890 0.715772
vt 0.537892 0.704701
vt 0.555985 0.704707
vt 0.555995 0.692736
vt 0.537903 0.692717
vt 0.543110 0.730433
vt 0.551735 0.735433
vt 0.555914 0.744988
vt 0.603092 0.145436
vt 0.603107 0.294572
vt 0.464032 0.679263
vt 0.464031 0.664277
vt 0.452357 0.679264
vt 0.452355 0.664277
vt 0.138904 0.440648
vt 0.440353 0.440650
vt 0.528205 0.744258
vt 0.505843 0.744258
vt 0.505847 0.718587
vt 0.528209 0.718588
vt 0.484701 0.475084
vt 0.496562 0.475089
vt 0.496562 0.596620
vt 0.484700 0.596622
vt 0.059303 0.718337
vt 0.054063 0.718342
vt 0.054058 0.695975
vt 0.059294 0.695971
vt 0.457619 0.630778
vt 0.483630 0.615019
vt 0.472409 0.626597
vt 0.105135 0.615947
vt 0.115029 0.630388
vt 0.107424 0.625472
vt 0.537885 0.730053
vt 0.486237 0.680573
vt 0.528211 0.664277
vt 0.500397 0.694295
vt 0.103309 0.726611
vt 0.112939 0.726595
vt 0.476697 0.679265
vt 0.476698 0.664277
vt 0.609207 0.135936
vt 0.090435 0.744786
vt 0.133028 0.744664
vt 0.133021 0.726572
vt 0.086928 0.356456
vt 0.062929 0.356456
vt 0.063050 0.083609
vt 0.086968 0.083609
vt 0.152046 0.726567
vt 0.158263 0.726563
vt 0.505509 0.712380
vt 0.037101 0.083609
vt 0.036830 0.079186
vt 0.062644 0.079186
vt 0.006573 0.444322
vt 0.027704 0.481579
vt 0.007747 0.356456
vt 0.017469 0.356456
vt 0.481765 0.412325
vt 0.111803 0.360823
vt 0.111809 0.412321
vt 0.492011 0.418025
vt 0.527941 0.587452
vt 0.505579 0.587452
vt 0.017783 0.360823
vt 0.008007 0.360823
vt 0.097198 0.425223
vt 0.052839 0.420787
vt 0.056524 0.402949
vt 0.080257 0.463134
vt 0.069540 0.463133
vt 0.080257 0.440770
vt 0.088415 0.368132
vt 0.069542 0.440768
vt 0.069577 0.381677
vt 0.102220 0.416545
vt 0.138904 0.422364
vt 0.440353 0.422364
vt 0.496749 0.430482
vt 0.609229 0.304071
vt 0.621265 0.307575
vt 0.621265 0.359269
vt 0.036958 0.356456
vt 0.009960 0.440747
vt 0.030503 0.469932
vt 0.017490 0.732014
vt 0.030599 0.725924
vt 0.090803 0.725966
vt 0.069681 0.725951
vt 0.039803 0.463924
vt 0.556256 0.473749
vt 0.556254 0.484825
vt 0.538162 0.484820
vt 0.538160 0.473751
vt 0.556246 0.496811
vt 0.538152 0.496790
vt 0.543381 0.459090
vt 0.115029 0.441307
vt 0.552006 0.454091
vt 0.556185 0.444536
vt 0.463764 0.640271
vt 0.463764 0.655257
vt 0.452089 0.640269
vt 0.452087 0.655257
vt 0.505579 0.575277
vt 0.527940 0.575277
vt 0.527943 0.600946
vt 0.505581 0.600947
vt 0.059304 0.440761
vt 0.059294 0.463128
vt 0.054058 0.463121
vt 0.054064 0.440754
vt 0.457622 0.440930
vt 0.483632 0.456690
vt 0.105135 0.455748
vt 0.107424 0.446222
vt 0.538156 0.459470
vt 0.485970 0.638961
vt 0.527943 0.655257
vt 0.030573 0.744016
vt 0.020942 0.744002
vt 0.476430 0.640269
vt 0.476430 0.655257
vt 0.008066 0.725829
vt 0.050660 0.725945
vt 0.080614 0.731635
vt 0.075895 0.744046
vt 0.069678 0.744042
vt 0.050654 0.744037
vt 0.500130 0.625240
vt 0.505243 0.607155
vt 0.036715 0.360823
vt 0.062567 0.360823
vt 0.052563 0.430466
vt 0.096816 0.430466
vt 0.551740 0.430482
vt 0.472412 0.445112
vt 0.491977 0.021998
vt 0.496713 0.009541
vt 0.551704 0.009541
vt 0.551310 0.359269
vt 0.551287 0.080737
vn -0.756483 -0.574061 0.313350
vn -0.846909 0.531738 -0.000004
vn -0.818808 -0.574067 0.000003
vn -0.579014 -0.574056 0.578967
vn -0.782446 0.531739 0.324088
vn -0.756483 -0.574061 0.313350
vn -0.313350 -0.574061 0.756483
vn -0.598860 0.531727 0.598860
vn -0.579014 -0.574056 0.578967
vn 0.000000 -0.574067 0.818808
vn -0.324131 0.531730 0.782433
vn -0.313350 -0.574061 0.756483
vn 0.313350 -0.574061 0.756483
vn 0.000000 0.531738 0.846909
vn 0.000000 -0.574067 0.818808
vn 0.579014 -0.574056 0.578967
vn 0.324045 0.531747 0.782458
vn 0.313350 -0.574061 0.756483
vn 0.756523 -0.574020 0.313327
vn 0.598860 0.531727 0.598860
vn 0.579014 -0.574056 0.578967
vn 0.818793 -0.574089 0.000003
vn 0.782483 0.531699 0.324064
vn 0.756523 -0.574020 0.313327
vn 0.756523 -0.574020 -0.313327
vn 0.846936 0.531695 -0.000003
vn 0.818793 -0.574089 0.000003
vn 0.579014 -0.574056 -0.578967
vn 0.782402 0.531774 -0.324133
vn 0.756523 -0.574020 -0.313327
vn 0.313350 -0.574061 -0.756483
vn 0.598860 0.531727 -0.598860
vn 0.579014 -0.574056 -0.578967
vn 0.000000 -0.574067 -0.818808
vn 0.324045 0.531747 -0.782458
vn 0.313350 -0.574061 -0.756483
vn -0.313350 -0.574061 -0.756483
vn 0.000000 0.531738 -0.846909
vn 0.000000 -0.574067 -0.818808
vn -0.579014 -0.574056 -0.578967
vn -0.324131 0.531730 -0.782433
vn -0.313350 -0.574061 -0.756483
vn -0.756483 -0.574061 -0.313350
vn -0.598860 0.531727 -0.598860
vn -0.579014 -0.574056 -0.578967
vn -0.818808 -0.574067 0.000003
vn -0.846909 0.531738 -0.000004
vn -0.756483 -0.574061 -0.313350
vn -0.923885 -0.000000 0.382671
vn -1.000000 0.000000 -0.000000
vn -0.923885 -0.000000 0.382671
vn -0.707131 -0.000000 0.707083
vn -0.923885 -0.000000 0.382671
vn -0.707131 -0.000000 0.707083
vn -0.382708 -0.000000 0.923869
vn -0.707131 -0.000000 0.707083
vn -0.382708 -0.000000 0.923869
vn 0.000000 -0.000000 1.000000
vn -0.382708 -0.000000 0.923869
vn 0.000000 -0.000000 1.000000
vn 0.382627 -0.000000 0.923903
vn 0.000000 -0.000000 1.000000
vn 0.382627 -0.000000 0.923903
vn 0.707083 -0.000000 0.707131
vn 0.382627 -0.000000 0.923903
vn 0.707083 -0.000000 0.707131
vn 0.923885 -0.000000 0.382671
vn 0.707083 -0.000000 0.707131
vn 0.923885 -0.000000 0.382671
vn 1.000000 -0.000000 0.000000
vn 0.923885 -0.000000 0.382671
vn 1.000000 -0.000000 0.000001
vn 0.923885 0.000000 -0.382671
vn 1.000000 -0.000000 0.000000
vn 0.923885 0.000000 -0.382671
vn 0.707083 0.000000 -0.707131
vn 0.923885 0.000000 -0.382671
vn 0.707083 0.000000 -0.707131
vn 0.382627 0.000000 -0.923903
vn 0.707083 0.000000 -0.707131
vn 0.382627 0.000000 -0.923903
vn 0.000000 0.000000 -1.000000
vn 0.382627 0.000000 -0.923903
vn 0.000000 0.000000 -1.000000
vn -0.382708 0.000000 -0.923869
vn 0.000000 0.000000 -1.000000
vn -0.382708 0.000000 -0.923869
vn -0.707131 0.000000 -0.707083
vn -0.382708 0.000000 -0.923869
vn -0.707131 0.000000 -0.707083
vn -0.923885 0.000000 -0.382671
vn -0.707131 0.000000 -0.707083
vn -0.923885 0.000000 -0.382671
vn -1.000000 -0.000000 0.000001
vn -0.923885 0.000000 -0.382671
vn -1.000000 0.000000 -0.000000
vn -0.260623 -0.965441 0.000000
vn -0.756483 -0.574061 0.313350
vn -0.818808 -0.574067 0.000003
vn -0.240788 -0.965441 -0.099724
vn -0.260623 -0.965441 0.000000
vn -0.756483 -0.574061 -0.313350
vn -0.184240 -0.965450 -0.184288
vn -0.240788 -0.965441 -0.099724
vn -0.579014 -0.574056 -0.578967
vn -0.099748 -0.965439 -0.240787
vn -0.184240 -0.965450 -0.184288
vn -0.313350 -0.574061 -0.756483
vn 0.000000 -0.965441 -0.260623
vn -0.099748 -0.965439 -0.240787
vn 0.000000 -0.574067 -0.818808
vn 0.099748 -0.965439 -0.240787
vn 0.000000 -0.965441 -0.260623
vn 0.313350 -0.574061 -0.756483
vn 0.184240 -0.965450 -0.184288
vn 0.099748 -0.965439 -0.240787
vn 0.579014 -0.574056 -0.578967
vn 0.240698 -0.965463 -0.099727
vn 0.184240 -0.965450 -0.184288
vn 0.756523 -0.574020 -0.313327
vn 0.260534 -0.965465 -0.000001
vn 0.240698 -0.965463 -0.099727
vn 0.818793 -0.574089 0.000003
vn 0.240698 -0.965463 0.099727
vn 0.260534 -0.965465 -0.000001
vn 0.756523 -0.574020 0.313327
vn 0.184240 -0.965450 0.184288
vn 0.240698 -0.965463 0.099727
vn 0.579014 -0.574056 0.578967
vn 0.099749 -0.965450 0.240743
vn 0.184240 -0.965450 0.184288
vn 0.313350 -0.574061 0.756483
vn 0.000000 -0.965441 0.260623
vn 0.099749 -0.965450 0.240743
vn 0.000000 -0.574067 0.818808
vn -0.099749 -0.965450 0.240743
vn 0.000000 -0.965441 0.260623
vn -0.313350 -0.574061 0.756483
vn -0.184240 -0.965450 0.184288
vn -0.099749 -0.965450 0.240743
vn -0.579014 -0.574056 0.578967
vn -0.240788 -0.965441 0.099724
vn -0.579014 -0.574056 0.578967
vn -0.756483 -0.574061 0.313350
vn -0.554392 0.832256 -0.000002
vn -0.846909 0.531738 -0.000004
vn -0.782446 0.531739 0.324088
vn -0.512163 0.832276 0.212146
vn -0.782446 0.531739 0.324088
vn -0.598860 0.531727 0.598860
vn -0.392010 0.832271 0.391986
vn -0.598860 0.531727 0.598860
vn -0.324131 0.531730 0.782433
vn -0.212168 0.832272 0.512160
vn -0.324131 0.531730 0.782433
vn 0.000000 0.531738 0.846909
vn 0.000000 0.832278 0.554359
vn 0.000000 0.531738 0.846909
vn 0.324045 0.531747 0.782458
vn 0.212077 0.832289 0.512170
vn 0.324045 0.531747 0.782458
vn 0.598860 0.531727 0.598860
vn 0.391926 0.832294 0.392021
vn 0.598860 0.531727 0.598860
vn 0.782483 0.531699 0.324064
vn 0.512233 0.832236 0.212135
vn 0.782483 0.531699 0.324064
vn 0.846936 0.531695 -0.000003
vn 0.554392 0.832256 -0.000001
vn 0.846936 0.531695 -0.000003
vn 0.782402 0.531774 -0.324133
vn 0.512233 0.832236 -0.212135
vn 0.782402 0.531774 -0.324133
vn 0.598860 0.531727 -0.598860
vn 0.391926 0.832294 -0.392021
vn 0.598860 0.531727 -0.598860
vn 0.324045 0.531747 -0.782458
vn 0.212077 0.832289 -0.512170
vn 0.324045 0.531747 -0.782458
vn 0.000000 0.531738 -0.846909
vn 0.000000 0.832278 -0.554359
vn 0.000000 0.531738 -0.846909
vn -0.324131 0.531730 -0.782433
vn -0.212168 0.832272 -0.512160
vn -0.324131 0.531730 -0.782433
vn -0.598860 0.531727 -0.598860
vn -0.392010 0.832271 -0.391986
vn -0.598860 0.531727 -0.598860
vn -0.782439 0.531735 -0.324109
vn -0.512163 0.832276 -0.212146
vn -0.782439 0.531735 -0.324109
vn -0.846909 0.531738 -0.000004
vn -0.804543 0.593895 -0.000003
vn -0.743309 0.593884 0.307884
vn -0.428628 0.885869 0.177522
vn -0.743309 0.593884 0.307884
vn -0.568902 0.593886 0.568902
vn -0.328169 0.885800 0.328122
vn -0.568902 0.593886 0.568902
vn -0.307906 0.593880 0.743304
vn -0.177497 0.885864 0.428649
vn -0.307906 0.593880 0.743304
vn 0.000000 0.593895 0.804543
vn 0.000000 0.885857 0.463959
vn 0.000000 0.593895 0.804543
vn 0.307906 0.593880 0.743304
vn 0.177497 0.885864 0.428649
vn 0.307906 0.593880 0.743304
vn 0.568902 0.593886 0.568902
vn 0.328084 0.885827 0.328132
vn 0.568902 0.593886 0.568902
vn 0.743266 0.593927 0.307906
vn 0.428628 0.885869 0.177522
vn 0.743266 0.593927 0.307906
vn 0.804576 0.593849 -0.000001
vn 0.463921 0.885876 0.000000
vn 0.804576 0.593849 -0.000001
vn 0.743266 0.593927 -0.307906
vn 0.428628 0.885869 -0.177522
vn 0.743266 0.593927 -0.307906
vn 0.568902 0.593886 -0.568902
vn 0.328084 0.885827 -0.328132
vn 0.568902 0.593886 -0.568902
vn 0.307906 0.593880 -0.743304
vn 0.177497 0.885864 -0.428649
vn 0.307906 0.593880 -0.743304
vn 0.000000 0.593895 -0.804543
vn 0.000000 0.885857 -0.463959
vn 0.000000 0.593895 -0.804543
vn -0.307906 0.593880 -0.743304
vn -0.177497 0.885864 -0.428649
vn -0.307906 0.593880 -0.743304
vn -0.568902 0.593886 -0.568902
vn -0.328169 0.885800 -0.328122
vn -0.568902 0.593886 -0.568902
vn -0.743309 0.593884 -0.307884
vn -0.428628 0.885869 -0.177522
vn -0.743309 0.593884 -0.307884
vn -0.804543 0.593895 -0.000003
vn -0.463921 0.885876 -0.000001
vn -0.154683 0.975780 0.154683
vn -0.428628 0.885869 0.177522
vn -0.328169 0.885800 0.328122
vn 0.000000 0.975802 0.218654
vn -0.177497 0.885864 0.428649
vn 0.000000 0.885857 0.463959
vn 0.154683 0.975780 0.154683
vn 0.177497 0.885864 0.428649
vn 0.328084 0.885827 0.328132
vn 0.218586 0.975818 -0.000000
vn 0.428628 0.885869 0.177522
vn 0.463921 0.885876 0.000000
vn 0.154683 0.975780 -0.154683
vn 0.428628 0.885869 -0.177522
vn 0.328084 0.885827 -0.328132
vn 0.000000 0.975802 -0.218654
vn 0.177497 0.885864 -0.428649
vn 0.000000 0.885857 -0.463959
vn -0.083543 0.975810 -0.202026
vn 0.000000 0.975802 -0.218654
vn -0.177497 0.885864 -0.428649
vn -0.218677 0.975797 -0.000000
vn -0.428628 0.885869 -0.177522
vn -0.463921 0.885876 -0.000001
vn -0.804543 0.593895 -0.000003
vn -0.833368 0.552718 -0.000003
vn -0.743309 0.593884 0.307884
vn -0.743309 0.593884 0.307884
vn -0.589306 0.552689 0.589282
vn -0.568902 0.593886 0.568902
vn -0.568902 0.593886 0.568902
vn -0.318888 0.552714 0.769947
vn -0.307906 0.593880 0.743304
vn -0.307906 0.593880 0.743304
vn 0.000000 0.552696 0.833383
vn 0.000000 0.593895 0.804543
vn 0.000000 0.593895 0.804543
vn 0.318888 0.552714 0.769947
vn 0.307906 0.593880 0.743304
vn 0.307906 0.593880 0.743304
vn 0.589306 0.552689 0.589282
vn 0.568902 0.593886 0.568902
vn 0.568902 0.593886 0.568902
vn 0.769938 0.552707 0.318920
vn 0.743266 0.593927 0.307906
vn 0.743266 0.593927 0.307906
vn 0.833397 0.552674 -0.000002
vn 0.804576 0.593849 -0.000001
vn 0.804576 0.593849 -0.000001
vn 0.769938 0.552707 -0.318920
vn 0.743266 0.593927 -0.307906
vn 0.743266 0.593927 -0.307906
vn 0.589306 0.552689 -0.589282
vn 0.568902 0.593886 -0.568902
vn 0.568902 0.593886 -0.568902
vn 0.318888 0.552714 -0.769947
vn 0.307906 0.593880 -0.743304
vn 0.307906 0.593880 -0.743304
vn 0.000000 0.552696 -0.833383
vn 0.000000 0.593895 -0.804543
vn 0.000000 0.593895 -0.804543
vn -0.318888 0.552714 -0.769947
vn -0.307906 0.593880 -0.743304
vn -0.307906 0.593880 -0.743304
vn -0.589306 0.552689 -0.589282
vn -0.568902 0.593886 -0.568902
vn -0.568902 0.593886 -0.568902
vn -0.769938 0.552707 -0.318920
vn -0.743309 0.593884 -0.307884
vn -0.743309 0.593884 -0.307884
vn -0.769938 0.552707 -0.318920
vn -0.804543 0.593895 -0.000003
vn -0.833368 0.552718 -0.000003
vn -0.554392 0.832256 -0.000002
vn -0.769938 0.552707 0.318920
vn -0.769938 0.552707 0.318920
vn -0.392010 0.832271 0.391986
vn -0.589306 0.552689 0.589282
vn -0.589306 0.552689 0.589282
vn -0.212168 0.832272 0.512160
vn -0.318888 0.552714 0.769947
vn -0.318888 0.552714 0.769947
vn 0.000000 0.832278 0.554359
vn 0.000000 0.552696 0.833383
vn 0.000000 0.552696 0.833383
vn 0.212077 0.832289 0.512170
vn 0.318888 0.552714 0.769947
vn 0.318888 0.552714 0.769947
vn 0.391926 0.832294 0.392021
vn 0.589306 0.552689 0.589282
vn 0.589306 0.552689 0.589282
vn 0.512233 0.832236 0.212135
vn 0.769938 0.552707 0.318920
vn 0.769938 0.552707 0.318920
vn 0.554392 0.832256 -0.000001
vn 0.833397 0.552674 -0.000002
vn 0.833397 0.552674 -0.000002
vn 0.512233 0.832236 -0.212135
vn 0.769938 0.552707 -0.318920
vn 0.769938 0.552707 -0.318920
vn 0.391926 0.832294 -0.392021
vn 0.589306 0.552689 -0.589282
vn 0.589306 0.552689 -0.589282
vn 0.212077 0.832289 -0.512170
vn 0.318888 0.552714 -0.769947
vn 0.318888 0.552714 -0.769947
vn 0.000000 0.832278 -0.554359
vn 0.000000 0.552696 -0.833383
vn 0.000000 0.552696 -0.833383
vn -0.212168 0.832272 -0.512160
vn -0.318888 0.552714 -0.769947
vn -0.318888 0.552714 -0.769947
vn -0.392010 0.832271 -0.391986
vn -0.589306 0.552689 -0.589282
vn -0.589306 0.552689 -0.589282
vn -0.512163 0.832276 -0.212146
vn -0.769938 0.552707 -0.318920
vn -0.769938 0.552707 -0.318920
vn -0.554392 0.832256 -0.000002
vn -0.833368 0.552718 -0.000003
vn -0.756483 -0.574061 0.313350
vn -0.782446 0.531739 0.324088
vn -0.846909 0.531738 -0.000004
vn -0.579014 -0.574056 0.578967
vn -0.598860 0.531727 0.598860
vn -0.782446 0.531739 0.324088
vn -0.313350 -0.574061 0.756483
vn -0.324131 0.531730 0.782433
vn -0.598860 0.531727 0.598860
vn 0.000000 -0.574067 0.818808
vn 0.000000 0.531738 0.846909
vn -0.324131 0.531730 0.782433
vn 0.313350 -0.574061 0.756483
vn 0.324045 0.531747 0.782458
vn 0.000000 0.531738 0.846909
vn 0.579014 -0.574056 0.578967
vn 0.598860 0.531727 0.598860
vn 0.324045 0.531747 0.782458
vn 0.756523 -0.574020 0.313327
vn 0.782483 0.531699 0.324064
vn 0.598860 0.531727 0.598860
vn 0.818793 -0.574089 0.000003
vn 0.846936 0.531695 -0.000003
vn 0.782483 0.531699 0.324064
vn 0.756523 -0.574020 -0.313327
vn 0.782402 0.531774 -0.324133
vn 0.846936 0.531695 -0.000003
vn 0.579014 -0.574056 -0.578967
vn 0.598860 0.531727 -0.598860
vn 0.782402 0.531774 -0.324133
vn 0.313350 -0.574061 -0.756483
vn 0.324045 0.531747 -0.782458
vn 0.598860 0.531727 -0.598860
vn 0.000000 -0.574067 -0.818808
vn 0.000000 0.531738 -0.846909
vn 0.324045 0.531747 -0.782458
vn -0.313350 -0.574061 -0.756483
vn -0.324131 0.531730 -0.782433
vn 0.000000 0.531738 -0.846909
vn -0.579014 -0.574056 -0.578967
vn -0.598860 0.531727 -0.598860
vn -0.324131 0.531730 -0.782433
vn -0.756483 -0.574061 -0.313350
vn -0.782439 0.531735 -0.324109
vn -0.598860 0.531727 -0.598860
vn -0.846909 0.531738 -0.000004
vn -0.782439 0.531735 -0.324109
vn -0.756483 -0.574061 -0.313350
vn -0.923885 -0.000000 0.382671
vn -1.000000 -0.000000 0.000001
vn -1.000000 0.000000 -0.000000
vn -0.923885 -0.000000 0.382671
vn -0.923885 -0.000000 0.382671
vn -0.707131 -0.000000 0.707083
vn -0.707131 -0.000000 0.707083
vn -0.707131 -0.000000 0.707083
vn -0.382708 -0.000000 0.923869
vn -0.382708 -0.000000 0.923869
vn -0.382708 -0.000000 0.923869
vn 0.000000 -0.000000 1.000000
vn 0.000000 -0.000000 1.000000
vn 0.000000 -0.000000 1.000000
vn 0.382627 -0.000000 0.923903
vn 0.382627 -0.000000 0.923903
vn 0.382627 -0.000000 0.923903
vn 0.707083 -0.000000 0.707131
vn 0.707083 -0.000000 0.707131
vn 0.707083 -0.000000 0.707131
vn 0.923885 -0.000000 0.382671
vn 0.923885 -0.000000 0.382671
vn 0.923885 -0.000000 0.382671
vn 1.000000 -0.000000 0.000001
vn 1.000000 -0.000000 0.000000
vn 1.000000 -0.000000 0.000001
vn 0.923885 0.000000 -0.382671
vn 0.923885 0.000000 -0.382671
vn 0.923885 0.000000 -0.382671
vn 0.707083 0.000000 -0.707131
vn 0.707083 0.000000 -0.707131
vn 0.707083 0.000000 -0.707131
vn 0.382627 0.000000 -0.923903
vn 0.382627 0.000000 -0.923903
vn 0.382627 0.000000 -0.923903
vn 0.000000 0.000000 -1.000000
vn 0.000000 0.000000 -1.000000
vn 0.000000 0.000000 -1.000000
vn -0.382708 0.000000 -0.923869
vn -0.382708 0.000000 -0.923869
vn -0.382708 0.000000 -0.923869
vn -0.707131 0.000000 -0.707083
vn -0.707131 0.000000 -0.707083
vn -0.707131 0.000000 -0.707083
vn -0.923885 0.000000 -0.382671
vn -1.000000 -0.000000 0.000001
vn -0.923885 0.000000 -0.382671
vn -0.923885 0.000000 -0.382671
vn -0.260623 -0.965441 0.000000
vn -0.240788 -0.965441 0.099724
vn -0.756483 -0.574061 0.313350
vn -0.260623 -0.965441 0.000000
vn -0.818808 -0.574067 0.000003
vn -0.756483 -0.574061 -0.313350
vn -0.240788 -0.965441 -0.099724
vn -0.756483 -0.574061 -0.313350
vn -0.579014 -0.574056 -0.578967
vn -0.184240 -0.965450 -0.184288
vn -0.579014 -0.574056 -0.578967
vn -0.313350 -0.574061 -0.756483
vn -0.099748 -0.965439 -0.240787
vn -0.313350 -0.574061 -0.756483
vn 0.000000 -0.574067 -0.818808
vn 0.000000 -0.965441 -0.260623
vn 0.000000 -0.574067 -0.818808
vn 0.313350 -0.574061 -0.756483
vn 0.099748 -0.965439 -0.240787
vn 0.313350 -0.574061 -0.756483
vn 0.579014 -0.574056 -0.578967
vn 0.184240 -0.965450 -0.184288
vn 0.579014 -0.574056 -0.578967
vn 0.756523 -0.574020 -0.313327
vn 0.240698 -0.965463 -0.099727
vn 0.756523 -0.574020 -0.313327
vn 0.818793 -0.574089 0.000003
vn 0.260534 -0.965465 -0.000001
vn 0.818793 -0.574089 0.000003
vn 0.756523 -0.574020 0.313327
vn 0.240698 -0.965463 0.099727
vn 0.756523 -0.574020 0.313327
vn 0.579014 -0.574056 0.578967
vn 0.184240 -0.965450 0.184288
vn 0.579014 -0.574056 0.578967
vn 0.313350 -0.574061 0.756483
vn 0.099749 -0.965450 0.240743
vn 0.313350 -0.574061 0.756483
vn 0.000000 -0.574067 0.818808
vn 0.000000 -0.965441 0.260623
vn 0.000000 -0.574067 0.818808
vn -0.313350 -0.574061 0.756483
vn -0.099749 -0.965450 0.240743
vn -0.313350 -0.574061 0.756483
vn -0.579014 -0.574056 0.578967
vn -0.240788 -0.965441 0.099724
vn -0.184240 -0.965450 0.184288
vn -0.579014 -0.574056 0.578967
vn -0.782446 0.531739 0.324088
vn -0.512163 0.832276 0.212146
vn -0.554392 0.832256 -0.000002
vn -0.598860 0.531727 0.598860
vn -0.392010 0.832271 0.391986
vn -0.512163 0.832276 0.212146
vn -0.324131 0.531730 0.782433
vn -0.212168 0.832272 0.512160
vn -0.392010 0.832271 0.391986
vn 0.000000 0.531738 0.846909
vn 0.000000 0.832278 0.554359
vn -0.212168 0.832272 0.512160
vn 0.324045 0.531747 0.782458
vn 0.212077 0.832289 0.512170
vn 0.000000 0.832278 0.554359
vn 0.598860 0.531727 0.598860
vn 0.391926 0.832294 0.392021
vn 0.212077 0.832289 0.512170
vn 0.782483 0.531699 0.324064
vn 0.512233 0.832236 0.212135
vn 0.391926 0.832294 0.392021
vn 0.846936 0.531695 -0.000003
vn 0.554392 0.832256 -0.000001
vn 0.512233 0.832236 0.212135
vn 0.782402 0.531774 -0.324133
vn 0.512233 0.832236 -0.212135
vn 0.554392 0.832256 -0.000001
vn 0.598860 0.531727 -0.598860
vn 0.391926 0.832294 -0.392021
vn 0.512233 0.832236 -0.212135
vn 0.324045 0.531747 -0.782458
vn 0.212077 0.832289 -0.512170
vn 0.391926 0.832294 -0.392021
vn 0.000000 0.531738 -0.846909
vn 0.000000 0.832278 -0.554359
vn 0.212077 0.832289 -0.512170
vn -0.324131 0.531730 -0.782433
vn -0.212168 0.832272 -0.512160
vn 0.000000 0.832278 -0.554359
vn -0.598860 0.531727 -0.598860
vn -0.392010 0.832271 -0.391986
vn -0.212168 0.832272 -0.512160
vn -0.782439 0.531735 -0.324109
vn -0.512163 0.832276 -0.212146
vn -0.392010 0.832271 -0.391986
vn -0.846909 0.531738 -0.000004
vn -0.554392 0.832256 -0.000002
vn -0.512163 0.832276 -0.212146
vn -0.428628 0.885869 0.177522
vn -0.463921 0.885876 -0.000001
vn -0.804543 0.593895 -0.000003
vn -0.328169 0.885800 0.328122
vn -0.428628 0.885869 0.177522
vn -0.743309 0.593884 0.307884
vn -0.177497 0.885864 0.428649
vn -0.328169 0.885800 0.328122
vn -0.568902 0.593886 0.568902
vn 0.000000 0.885857 0.463959
vn -0.177497 0.885864 0.428649
vn -0.307906 0.593880 0.743304
vn 0.177497 0.885864 0.428649
vn 0.000000 0.885857 0.463959
vn 0.000000 0.593895 0.804543
vn 0.328084 0.885827 0.328132
vn 0.177497 0.885864 0.428649
vn 0.307906 0.593880 0.743304
vn 0.428628 0.885869 0.177522
vn 0.328084 0.885827 0.328132
vn 0.568902 0.593886 0.568902
vn 0.463921 0.885876 0.000000
vn 0.428628 0.885869 0.177522
vn 0.743266 0.593927 0.307906
vn 0.428628 0.885869 -0.177522
vn 0.463921 0.885876 0.000000
vn 0.804576 0.593849 -0.000001
vn 0.328084 0.885827 -0.328132
vn 0.428628 0.885869 -0.177522
vn 0.743266 0.593927 -0.307906
vn 0.177497 0.885864 -0.428649
vn 0.328084 0.885827 -0.328132
vn 0.568902 0.593886 -0.568902
vn 0.000000 0.885857 -0.463959
vn 0.177497 0.885864 -0.428649
vn 0.307906 0.593880 -0.743304
vn -0.177497 0.885864 -0.428649
vn 0.000000 0.885857 -0.463959
vn 0.000000 0.593895 -0.804543
vn -0.328169 0.885800 -0.328122
vn -0.177497 0.885864 -0.428649
vn -0.307906 0.593880 -0.743304
vn -0.428628 0.885869 -0.177522
vn -0.328169 0.885800 -0.328122
vn -0.568902 0.593886 -0.568902
vn -0.463921 0.885876 -0.000001
vn -0.428628 0.885869 -0.177522
vn -0.743309 0.593884 -0.307884
vn -0.833368 0.552718 -0.000003
vn -0.769938 0.552707 0.318920
vn -0.743309 0.593884 0.307884
vn -0.743309 0.593884 0.307884
vn -0.769938 0.552707 0.318920
vn -0.589306 0.552689 0.589282
vn -0.568902 0.593886 0.568902
vn -0.589306 0.552689 0.589282
vn -0.318888 0.552714 0.769947
vn -0.307906 0.593880 0.743304
vn -0.318888 0.552714 0.769947
vn 0.000000 0.552696 0.833383
vn 0.000000 0.593895 0.804543
vn 0.000000 0.552696 0.833383
vn 0.318888 0.552714 0.769947
vn 0.307906 0.593880 0.743304
vn 0.318888 0.552714 0.769947
vn 0.589306 0.552689 0.589282
vn 0.568902 0.593886 0.568902
vn 0.589306 0.552689 0.589282
vn 0.769938 0.552707 0.318920
vn 0.743266 0.593927 0.307906
vn 0.769938 0.552707 0.318920
vn 0.833397 0.552674 -0.000002
vn 0.804576 0.593849 -0.000001
vn 0.833397 0.552674 -0.000002
vn 0.769938 0.552707 -0.318920
vn 0.743266 0.593927 -0.307906
vn 0.769938 0.552707 -0.318920
vn 0.589306 0.552689 -0.589282
vn 0.568902 0.593886 -0.568902
vn 0.589306 0.552689 -0.589282
vn 0.318888 0.552714 -0.769947
vn 0.307906 0.593880 -0.743304
vn 0.318888 0.552714 -0.769947
vn 0.000000 0.552696 -0.833383
vn 0.000000 0.593895 -0.804543
vn 0.000000 0.552696 -0.833383
vn -0.318888 0.552714 -0.769947
vn -0.307906 0.593880 -0.743304
vn -0.318888 0.552714 -0.769947
vn -0.589306 0.552689 -0.589282
vn -0.568902 0.593886 -0.568902
vn -0.589306 0.552689 -0.589282
vn -0.769938 0.552707 -0.318920
vn -0.769938 0.552707 -0.318920
vn -0.833368 0.552718 -0.000003
vn -0.804543 0.593895 -0.000003
vn -0.554392 0.832256 -0.000002
vn -0.512163 0.832276 0.212146
vn -0.769938 0.552707 0.318920
vn -0.769938 0.552707 0.318920
vn -0.512163 0.832276 0.212146
vn -0.392010 0.832271 0.391986
vn -0.589306 0.552689 0.589282
vn -0.392010 0.832271 0.391986
vn -0.212168 0.832272 0.512160
vn -0.318888 0.552714 0.769947
vn -0.212168 0.832272 0.512160
vn 0.000000 0.832278 0.554359
vn 0.000000 0.552696 0.833383
vn 0.000000 0.832278 0.554359
vn 0.212077 0.832289 0.512170
vn 0.318888 0.552714 0.769947
vn 0.212077 0.832289 0.512170
vn 0.391926 0.832294 0.392021
vn 0.589306 0.552689 0.589282
vn 0.391926 0.832294 0.392021
vn 0.512233 0.832236 0.212135
vn 0.769938 0.552707 0.318920
vn 0.512233 0.832236 0.212135
vn 0.554392 0.832256 -0.000001
vn 0.833397 0.552674 -0.000002
vn 0.554392 0.832256 -0.000001
vn 0.512233 0.832236 -0.212135
vn 0.769938 0.552707 -0.318920
vn 0.512233 0.832236 -0.212135
vn 0.391926 0.832294 -0.392021
vn 0.589306 0.552689 -0.589282
vn 0.391926 0.832294 -0.392021
vn 0.212077 0.832289 -0.512170
vn 0.318888 0.552714 -0.769947
vn 0.212077 0.832289 -0.512170
vn 0.000000 0.832278 -0.554359
vn 0.000000 0.552696 -0.833383
vn 0.000000 0.832278 -0.554359
vn -0.212168 0.832272 -0.512160
vn -0.318888 0.552714 -0.769947
vn -0.212168 0.832272 -0.512160
vn -0.392010 0.832271 -0.391986
vn -0.589306 0.552689 -0.589282
vn -0.392010 0.832271 -0.391986
vn -0.512163 0.832276 -0.212146
vn -0.769938 0.552707 -0.318920
vn -0.512163 0.832276 -0.212146
vn -0.554392 0.832256 -0.000002
vn -1.000000 0.000000 -0.000001
vn -0.924140 -0.000000 0.382054
vn -0.907344 0.420388 -0.000001
vn -0.707131 -0.000000 0.707083
vn -0.382037 -0.000000 0.924147
vn -0.641609 0.420365 0.641585
vn 0.000000 -0.000000 1.000000
vn 0.382037 -0.000000 0.924147
vn 0.000000 0.420370 0.907353
vn 0.707131 -0.000000 0.707083
vn 0.924140 -0.000000 0.382054
vn 0.641609 0.420365 0.641585
vn 1.000000 0.000000 -0.000000
vn 0.924140 0.000000 -0.382054
vn 0.907344 0.420388 -0.000000
vn 0.707131 0.000000 -0.707083
vn 0.382050 0.000000 -0.924142
vn 0.641609 0.420365 -0.641585
vn 0.000000 0.000000 -1.000000
vn -0.382046 0.000000 -0.924143
vn 0.000000 0.420370 -0.907353
vn -0.707125 0.000000 -0.707089
vn -0.924140 0.000000 -0.382054
vn -0.641609 0.420365 -0.641585
vn -0.345464 0.872530 0.345464
vn -0.253922 0.933306 0.253899
vn -0.359388 0.933188 -0.000000
vn 0.000000 0.872471 0.488667
vn 0.000000 0.933196 0.359367
vn -0.253922 0.933306 0.253899
vn 0.345464 0.872530 0.345464
vn 0.253922 0.933306 0.253899
vn 0.000000 0.933196 0.359367
vn 0.488685 0.872460 -0.000000
vn 0.359388 0.933188 0.000002
vn 0.253922 0.933306 0.253899
vn 0.345464 0.872530 -0.345464
vn 0.253922 0.933306 -0.253899
vn 0.359388 0.933188 0.000002
vn 0.000000 0.872471 -0.488667
vn 0.000000 0.933196 -0.359367
vn 0.253922 0.933306 -0.253899
vn -0.345464 0.872530 -0.345464
vn -0.253922 0.933306 -0.253899
vn 0.000000 0.933196 -0.359367
vn -0.488685 0.872460 -0.000002
vn -0.359388 0.933188 -0.000000
vn -0.253922 0.933306 -0.253899
vn -0.488685 0.872460 -0.000002
vn -0.835213 0.428002 0.345302
vn -0.345464 0.872530 0.345464
vn -0.345464 0.872530 0.345464
vn -0.345310 0.427990 0.835216
vn 0.000000 0.872471 0.488667
vn 0.345464 0.872530 0.345464
vn 0.000000 0.872471 0.488667
vn 0.345310 0.427990 0.835216
vn 0.345464 0.872530 0.345464
vn 0.835213 0.428002 0.345302
vn 0.488685 0.872460 -0.000000
vn 0.345464 0.872530 -0.345464
vn 0.488685 0.872460 -0.000000
vn 0.835212 0.428001 -0.345307
vn 0.000000 0.872471 -0.488667
vn 0.345464 0.872530 -0.345464
vn 0.345317 0.427999 -0.835208
vn 0.000000 0.872471 -0.488667
vn -0.345314 0.427995 -0.835212
vn -0.345464 0.872530 -0.345464
vn -0.488685 0.872460 -0.000002
vn -0.345464 0.872530 -0.345464
vn -0.835212 0.428001 -0.345307
vn 0.707126 -0.003433 0.707079
vn 0.000000 -0.003433 0.999994
vn 0.000000 -0.537440 0.843302
vn 0.999994 -0.003433 0.000000
vn 0.707126 -0.003433 0.707079
vn 0.596301 -0.537462 0.596289
vn 0.707126 -0.003433 -0.707079
vn 0.999994 -0.003433 0.000000
vn 0.843316 -0.537418 -0.000001
vn 0.000000 -0.003433 -0.999994
vn 0.707126 -0.003433 -0.707079
vn 0.596301 -0.537462 -0.596289
vn -0.707126 -0.003433 -0.707079
vn 0.000000 -0.003433 -0.999994
vn 0.000000 -0.537435 -0.843305
vn -0.999994 -0.003433 0.000001
vn -0.707126 -0.003433 -0.707079
vn -0.596301 -0.537462 -0.596289
vn -0.707126 -0.003433 0.707079
vn -0.999994 -0.003433 0.000001
vn -0.843316 -0.537418 0.000001
vn 0.000000 -0.003433 0.999994
vn -0.707126 -0.003433 0.707079
vn -0.596296 -0.537458 0.596296
vn 0.601824 0.524951 0.601860
vn 0.000000 0.524917 0.851154
vn 0.000000 -0.003433 0.999994
vn 0.851134 0.524949 0.000000
vn 0.601824 0.524951 0.601860
vn 0.707126 -0.003433 0.707079
vn 0.601824 0.524951 -0.601860
vn 0.851134 0.524949 0.000000
vn 0.999994 -0.003433 0.000000
vn 0.000000 0.524917 -0.851154
vn 0.601824 0.524951 -0.601860
vn 0.707126 -0.003433 -0.707079
vn -0.601824 0.524951 -0.601860
vn 0.000000 0.524917 -0.851154
vn 0.000000 -0.003433 -0.999994
vn -0.851160 0.524906 0.000003
vn -0.601824 0.524951 -0.601860
vn -0.707126 -0.003433 -0.707079
vn -0.601824 0.524951 0.601860
vn -0.851160 0.524906 0.000003
vn -0.999994 -0.003433 0.000001
vn 0.000000 0.524917 0.851154
vn -0.601824 0.524951 0.601860
vn -0.707126 -0.003433 0.707079
vn 0.000000 0.755664 0.654960
vn 0.000000 0.524917 0.851154
vn 0.601824 0.524951 0.601860
vn 0.463055 0.755766 0.463031
vn 0.601824 0.524951 0.601860
vn 0.851134 0.524949 0.000000
vn 0.654960 0.755664 -0.000003
vn 0.851134 0.524949 0.000000
vn 0.601824 0.524951 -0.601860
vn 0.463055 0.755766 -0.463031
vn 0.601824 0.524951 -0.601860
vn 0.000000 0.524917 -0.851154
vn 0.000000 0.755664 -0.654960
vn 0.000000 0.524917 -0.851154
vn -0.601824 0.524951 -0.601860
vn -0.463055 0.755766 -0.463031
vn -0.601824 0.524951 -0.601860
vn -0.851160 0.524906 0.000003
vn -0.654960 0.755664 0.000001
vn -0.851160 0.524906 0.000003
vn -0.601824 0.524951 0.601860
vn -0.463056 0.755768 0.463026
vn -0.601824 0.524951 0.601860
vn 0.000000 0.524917 0.851154
vn 0.000000 -0.537440 0.843302
vn 0.000000 -0.772461 0.635063
vn 0.448951 -0.772573 0.448969
vn 0.596301 -0.537462 0.596289
vn 0.448951 -0.772573 0.448969
vn 0.635049 -0.772472 -0.000004
vn 0.843316 -0.537418 -0.000001
vn 0.635049 -0.772472 -0.000004
vn 0.448951 -0.772573 -0.448969
vn 0.596301 -0.537462 -0.596289
vn 0.448951 -0.772573 -0.448969
vn 0.000000 -0.772455 -0.635070
vn 0.000000 -0.537435 -0.843305
vn 0.000000 -0.772455 -0.635070
vn -0.448951 -0.772573 -0.448969
vn -0.596301 -0.537462 -0.596289
vn -0.448951 -0.772573 -0.448969
vn -0.635049 -0.772472 -0.000004
vn -0.843316 -0.537418 0.000001
vn -0.635049 -0.772472 -0.000004
vn -0.448952 -0.772576 0.448964
vn -0.596296 -0.537458 0.596296
vn -0.448952 -0.772576 0.448964
vn 0.000000 -0.772461 0.635063
vn -0.830050 -0.557690 -0.000004
vn -0.707071 0.007630 0.707101
vn -0.999971 0.007630 -0.000003
vn -0.586924 -0.557740 0.586895
vn 0.000000 0.007629 0.999971
vn -0.707071 0.007630 0.707101
vn 0.000000 -0.557679 0.830057
vn 0.707071 0.007630 0.707101
vn 0.000000 0.007629 0.999971
vn 0.586924 -0.557740 0.586895
vn 0.999971 0.007630 -0.000001
vn 0.707071 0.007630 0.707101
vn 0.830050 -0.557690 -0.000003
vn 0.707071 0.007630 -0.707101
vn 0.999971 0.007630 -0.000001
vn 0.586924 -0.557740 -0.586895
vn 0.000000 0.007629 -0.999971
vn 0.707071 0.007630 -0.707101
vn 0.000000 -0.557679 -0.830057
vn -0.707071 0.007630 -0.707101
vn 0.000000 0.007629 -0.999971
vn -0.586924 -0.557740 -0.586895
vn -0.999971 0.007630 -0.000003
vn -0.707071 0.007630 -0.707101
vn -0.999971 0.007630 -0.000003
vn -0.430139 0.793721 0.430103
vn -0.608267 0.793732 -0.000001
vn -0.707071 0.007630 0.707101
vn 0.000000 0.793744 0.608252
vn -0.430139 0.793721 0.430103
vn 0.000000 0.007629 0.999971
vn 0.430140 0.793723 0.430098
vn 0.000000 0.793744 0.608252
vn 0.707071 0.007630 0.707101
vn 0.608267 0.793732 0.000001
vn 0.430140 0.793723 0.430098
vn 0.999971 0.007630 -0.000001
vn 0.430139 0.793721 -0.430103
vn 0.608267 0.793732 0.000001
vn 0.707071 0.007630 -0.707101
vn 0.000000 0.793744 -0.608252
vn 0.430139 0.793721 -0.430103
vn 0.000000 0.007629 -0.999971
vn -0.430139 0.793721 -0.430103
vn 0.000000 0.793744 -0.608252
vn -0.707071 0.007630 -0.707101
vn -0.608267 0.793732 -0.000001
vn -0.430139 0.793721 -0.430103
vn -0.608267 0.793732 -0.000001
vn -0.430139 0.793721 0.430103
vn 0.000000 1.000000 -0.000000
vn 0.000000 0.793744 0.608252
vn 0.430140 0.793723 0.430098
vn 0.000000 1.000000 -0.000000
vn 0.608267 0.793732 0.000001
vn 0.430139 0.793721 -0.430103
vn 0.000000 1.000000 -0.000000
vn 0.000000 0.793744 -0.608252
vn -0.430139 0.793721 -0.430103
vn 0.000000 1.000000 -0.000000
vn -0.430139 0.793721 -0.430103
vn -0.608267 0.793732 -0.000001
vn 0.000000 1.000000 -0.000000
vn 0.000000 1.000000 -0.000000
vn -0.430139 0.793721 0.430103
vn 0.000000 0.793744 0.608252
vn 0.000000 1.000000 -0.000000
vn 0.430139 0.793721 -0.430103
vn 0.000000 0.793744 -0.608252
vn 0.430140 0.793723 0.430098
vn 0.608267 0.793732 0.000001
vn 0.000000 1.000000 -0.000000
vn -0.924140 -0.000000 0.382054
vn -0.707131 -0.000000 0.707083
vn -0.835213 0.428002 0.345302
vn -0.382037 -0.000000 0.924147
vn 0.000000 -0.000000 1.000000
vn -0.345310 0.427990 0.835216
vn 0.382037 -0.000000 0.924147
vn 0.707131 -0.000000 0.707083
vn 0.345310 0.427990 0.835216
vn 0.924140 -0.000000 0.382054
vn 1.000000 0.000000 -0.000000
vn 0.835213 0.428002 0.345302
vn 0.924140 0.000000 -0.382054
vn 0.707131 0.000000 -0.707083
vn 0.835212 0.428001 -0.345307
vn 0.382050 0.000000 -0.924142
vn 0.000000 0.000000 -1.000000
vn 0.345317 0.427999 -0.835208
vn -0.382046 0.000000 -0.924143
vn -0.707125 0.000000 -0.707089
vn -0.345314 0.427995 -0.835212
vn -0.924140 0.000000 -0.382054
vn -1.000000 0.000000 -0.000001
vn -0.835212 0.428001 -0.345307
vn -0.177497 0.885864 -0.428649
vn -0.154683 0.975780 -0.154683
vn -0.083543 0.975810 -0.202026
vn -0.201993 0.975820 -0.083508
vn -0.154683 0.975780 -0.154683
vn -0.428628 0.885869 -0.177522
vn -0.201993 0.975820 0.083508
vn -0.218677 0.975797 -0.000000
vn -0.428628 0.885869 0.177522
vn -0.083543 0.975810 0.202026
vn -0.154683 0.975780 0.154683
vn -0.177497 0.885864 0.428649
vn 0.083543 0.975810 0.202026
vn 0.000000 0.975802 0.218654
vn 0.177497 0.885864 0.428649
vn 0.201993 0.975821 0.083502
vn 0.154683 0.975780 0.154683
vn 0.428628 0.885869 0.177522
vn 0.201993 0.975820 -0.083508
vn 0.218586 0.975818 -0.000000
vn 0.428628 0.885869 -0.177522
vn 0.083543 0.975810 -0.202026
vn 0.154683 0.975780 -0.154683
vn 0.177497 0.885864 -0.428649
vn 0.345464 0.872530 -0.345464
vn 0.641609 0.420365 -0.641585
vn 0.345317 0.427999 -0.835208
vn 0.345317 0.427999 -0.835208
vn 0.000000 0.420370 -0.907353
vn 0.000000 0.872471 -0.488667
vn 0.000000 0.872471 -0.488667
vn 0.000000 0.420370 -0.907353
vn -0.345314 0.427995 -0.835212
vn -0.345314 0.427995 -0.835212
vn -0.641609 0.420365 -0.641585
vn -0.345464 0.872530 -0.345464
vn -0.345464 0.872530 -0.345464
vn -0.641609 0.420365 -0.641585
vn -0.835212 0.428001 -0.345307
vn -0.835212 0.428001 -0.345307
vn -0.907344 0.420388 -0.000001
vn -0.488685 0.872460 -0.000002
vn -0.488685 0.872460 -0.000002
vn -0.907344 0.420388 -0.000001
vn -0.835213 0.428002 0.345302
vn -0.835213 0.428002 0.345302
vn -0.641609 0.420365 0.641585
vn -0.345464 0.872530 0.345464
vn -0.345464 0.872530 0.345464
vn -0.641609 0.420365 0.641585
vn -0.345310 0.427990 0.835216
vn -0.345310 0.427990 0.835216
vn 0.000000 0.420370 0.907353
vn 0.000000 0.872471 0.488667
vn 0.000000 0.872471 0.488667
vn 0.000000 0.420370 0.907353
vn 0.345310 0.427990 0.835216
vn 0.345310 0.427990 0.835216
vn 0.641609 0.420365 0.641585
vn 0.345464 0.872530 0.345464
vn 0.345464 0.872530 0.345464
vn 0.641609 0.420365 0.641585
vn 0.835213 0.428002 0.345302
vn 0.835213 0.428002 0.345302
vn 0.907344 0.420388 -0.000000
vn 0.488685 0.872460 -0.000000
vn 0.488685 0.872460 -0.000000
vn 0.907344 0.420388 -0.000000
vn 0.835212 0.428001 -0.345307
vn 0.835212 0.428001 -0.345307
vn 0.641609 0.420365 -0.641585
vn 0.345464 0.872530 -0.345464
vn -0.154683 0.975780 0.154683
vn -0.201993 0.975820 0.083508
vn -0.428628 0.885869 0.177522
vn 0.000000 0.975802 0.218654
vn -0.083543 0.975810 0.202026
vn -0.177497 0.885864 0.428649
vn 0.154683 0.975780 0.154683
vn 0.083543 0.975810 0.202026
vn 0.177497 0.885864 0.428649
vn 0.218586 0.975818 -0.000000
vn 0.201993 0.975821 0.083502
vn 0.428628 0.885869 0.177522
vn 0.154683 0.975780 -0.154683
vn 0.201993 0.975820 -0.083508
vn 0.428628 0.885869 -0.177522
vn 0.000000 0.975802 -0.218654
vn 0.083543 0.975810 -0.202026
vn 0.177497 0.885864 -0.428649
vn 0.000000 0.975802 -0.218654
vn 0.000000 0.885857 -0.463959
vn -0.177497 0.885864 -0.428649
vn -0.218677 0.975797 -0.000000
vn -0.201993 0.975820 -0.083508
vn -0.428628 0.885869 -0.177522
vn -0.924140 -0.000000 0.382054
vn -0.835213 0.428002 0.345302
vn -0.907344 0.420388 -0.000001
vn -0.382037 -0.000000 0.924147
vn -0.345310 0.427990 0.835216
vn -0.641609 0.420365 0.641585
vn 0.382037 -0.000000 0.924147
vn 0.345310 0.427990 0.835216
vn 0.000000 0.420370 0.907353
vn 0.924140 -0.000000 0.382054
vn 0.835213 0.428002 0.345302
vn 0.641609 0.420365 0.641585
vn 0.924140 0.000000 -0.382054
vn 0.835212 0.428001 -0.345307
vn 0.907344 0.420388 -0.000000
vn 0.382050 0.000000 -0.924142
vn 0.345317 0.427999 -0.835208
vn 0.641609 0.420365 -0.641585
vn -0.382046 0.000000 -0.924143
vn -0.345314 0.427995 -0.835212
vn 0.000000 0.420370 -0.907353
vn -0.924140 0.000000 -0.382054
vn -0.835212 0.428001 -0.345307
vn -0.641609 0.420365 -0.641585
vn -0.359388 0.933188 -0.000000
vn -0.488685 0.872460 -0.000002
vn -0.345464 0.872530 0.345464
vn -0.253922 0.933306 0.253899
vn -0.345464 0.872530 0.345464
vn 0.000000 0.872471 0.488667
vn 0.000000 0.933196 0.359367
vn 0.000000 0.872471 0.488667
vn 0.345464 0.872530 0.345464
vn 0.253922 0.933306 0.253899
vn 0.345464 0.872530 0.345464
vn 0.488685 0.872460 -0.000000
vn 0.359388 0.933188 0.000002
vn 0.488685 0.872460 -0.000000
vn 0.345464 0.872530 -0.345464
vn 0.253922 0.933306 -0.253899
vn 0.345464 0.872530 -0.345464
vn 0.000000 0.872471 -0.488667
vn 0.000000 0.933196 -0.359367
vn 0.000000 0.872471 -0.488667
vn -0.345464 0.872530 -0.345464
vn -0.253922 0.933306 -0.253899
vn -0.345464 0.872530 -0.345464
vn -0.488685 0.872460 -0.000002
vn 0.000000 -0.537440 0.843302
vn 0.596301 -0.537462 0.596289
vn 0.707126 -0.003433 0.707079
vn 0.596301 -0.537462 0.596289
vn 0.843316 -0.537418 -0.000001
vn 0.999994 -0.003433 0.000000
vn 0.843316 -0.537418 -0.000001
vn 0.596301 -0.537462 -0.596289
vn 0.707126 -0.003433 -0.707079
vn 0.596301 -0.537462 -0.596289
vn 0.000000 -0.537435 -0.843305
vn 0.000000 -0.003433 -0.999994
vn 0.000000 -0.537435 -0.843305
vn -0.596301 -0.537462 -0.596289
vn -0.707126 -0.003433 -0.707079
vn -0.596301 -0.537462 -0.596289
vn -0.843316 -0.537418 0.000001
vn -0.999994 -0.003433 0.000001
vn -0.843316 -0.537418 0.000001
vn -0.596296 -0.537458 0.596296
vn -0.707126 -0.003433 0.707079
vn -0.596296 -0.537458 0.596296
vn 0.000000 -0.537440 0.843302
vn 0.000000 -0.003433 0.999994
vn 0.000000 -0.003433 0.999994
vn 0.707126 -0.003433 0.707079
vn 0.601824 0.524951 0.601860
vn 0.707126 -0.003433 0.707079
vn 0.999994 -0.003433 0.000000
vn 0.851134 0.524949 0.000000
vn 0.999994 -0.003433 0.000000
vn 0.707126 -0.003433 -0.707079
vn 0.601824 0.524951 -0.601860
vn 0.707126 -0.003433 -0.707079
vn 0.000000 -0.003433 -0.999994
vn 0.000000 0.524917 -0.851154
vn 0.000000 -0.003433 -0.999994
vn -0.707126 -0.003433 -0.707079
vn -0.601824 0.524951 -0.601860
vn -0.707126 -0.003433 -0.707079
vn -0.999994 -0.003433 0.000001
vn -0.851160 0.524906 0.000003
vn -0.999994 -0.003433 0.000001
vn -0.707126 -0.003433 0.707079
vn -0.601824 0.524951 0.601860
vn -0.707126 -0.003433 0.707079
vn 0.000000 -0.003433 0.999994
vn 0.000000 0.524917 0.851154
vn 0.601824 0.524951 0.601860
vn 0.463055 0.755766 0.463031
vn 0.000000 0.755664 0.654960
vn 0.851134 0.524949 0.000000
vn 0.654960 0.755664 -0.000003
vn 0.463055 0.755766 0.463031
vn 0.601824 0.524951 -0.601860
vn 0.463055 0.755766 -0.463031
vn 0.654960 0.755664 -0.000003
vn 0.000000 0.524917 -0.851154
vn 0.000000 0.755664 -0.654960
vn 0.463055 0.755766 -0.463031
vn -0.601824 0.524951 -0.601860
vn -0.463055 0.755766 -0.463031
vn 0.000000 0.755664 -0.654960
vn -0.851160 0.524906 0.000003
vn -0.654960 0.755664 0.000001
vn -0.463055 0.755766 -0.463031
vn -0.601824 0.524951 0.601860
vn -0.463056 0.755768 0.463026
vn -0.654960 0.755664 0.000001
vn 0.000000 0.524917 0.851154
vn 0.000000 0.755664 0.654960
vn -0.463056 0.755768 0.463026
vn 0.448951 -0.772573 0.448969
vn 0.596301 -0.537462 0.596289
vn 0.000000 -0.537440 0.843302
vn 0.635049 -0.772472 -0.000004
vn 0.843316 -0.537418 -0.000001
vn 0.596301 -0.537462 0.596289
vn 0.448951 -0.772573 -0.448969
vn 0.596301 -0.537462 -0.596289
vn 0.843316 -0.537418 -0.000001
vn 0.000000 -0.772455 -0.635070
vn 0.000000 -0.537435 -0.843305
vn 0.596301 -0.537462 -0.596289
vn -0.448951 -0.772573 -0.448969
vn -0.596301 -0.537462 -0.596289
vn 0.000000 -0.537435 -0.843305
vn -0.635049 -0.772472 -0.000004
vn -0.843316 -0.537418 0.000001
vn -0.596301 -0.537462 -0.596289
vn -0.448952 -0.772576 0.448964
vn -0.596296 -0.537458 0.596296
vn -0.843316 -0.537418 0.000001
vn 0.000000 -0.772461 0.635063
vn 0.000000 -0.537440 0.843302
vn -0.596296 -0.537458 0.596296
vn -0.830050 -0.557690 -0.000004
vn -0.586924 -0.557740 0.586895
vn -0.707071 0.007630 0.707101
vn -0.586924 -0.557740 0.586895
vn 0.000000 -0.557679 0.830057
vn 0.000000 0.007629 0.999971
vn 0.000000 -0.557679 0.830057
vn 0.586924 -0.557740 0.586895
vn 0.707071 0.007630 0.707101
vn 0.586924 -0.557740 0.586895
vn 0.830050 -0.557690 -0.000003
vn 0.999971 0.007630 -0.000001
vn 0.830050 -0.557690 -0.000003
vn 0.586924 -0.557740 -0.586895
vn 0.707071 0.007630 -0.707101
vn 0.586924 -0.557740 -0.586895
vn 0.000000 -0.557679 -0.830057
vn 0.000000 0.007629 -0.999971
vn 0.000000 -0.557679 -0.830057
vn -0.586924 -0.557740 -0.586895
vn -0.707071 0.007630 -0.707101
vn -0.586924 -0.557740 -0.586895
vn -0.830050 -0.557690 -0.000004
vn -0.999971 0.007630 -0.000003
vn -0.999971 0.007630 -0.000003
vn -0.707071 0.007630 0.707101
vn -0.430139 0.793721 0.430103
vn -0.707071 0.007630 0.707101
vn 0.000000 0.007629 0.999971
vn 0.000000 0.793744 0.608252
vn 0.000000 0.007629 0.999971
vn 0.707071 0.007630 0.707101
vn 0.430140 0.793723 0.430098
vn 0.707071 0.007630 0.707101
vn 0.999971 0.007630 -0.000001
vn 0.608267 0.793732 0.000001
vn 0.999971 0.007630 -0.000001
vn 0.707071 0.007630 -0.707101
vn 0.430139 0.793721 -0.430103
vn 0.707071 0.007630 -0.707101
vn 0.000000 0.007629 -0.999971
vn 0.000000 0.793744 -0.608252
vn 0.000000 0.007629 -0.999971
vn -0.707071 0.007630 -0.707101
vn -0.430139 0.793721 -0.430103
vn -0.707071 0.007630 -0.707101
vn -0.999971 0.007630 -0.000003
vn -0.608267 0.793732 -0.000001
vn -0.707131 -0.000000 0.707083
vn -0.641609 0.420365 0.641585
vn -0.835213 0.428002 0.345302
vn 0.000000 -0.000000 1.000000
vn 0.000000 0.420370 0.907353
vn -0.345310 0.427990 0.835216
vn 0.707131 -0.000000 0.707083
vn 0.641609 0.420365 0.641585
vn 0.345310 0.427990 0.835216
vn 1.000000 0.000000 -0.000000
vn 0.907344 0.420388 -0.000000
vn 0.835213 0.428002 0.345302
vn 0.707131 0.000000 -0.707083
vn 0.641609 0.420365 -0.641585
vn 0.835212 0.428001 -0.345307
vn 0.000000 0.000000 -1.000000
vn 0.000000 0.420370 -0.907353
vn 0.345317 0.427999 -0.835208
vn -0.707125 0.000000 -0.707089
vn -0.641609 0.420365 -0.641585
vn -0.345314 0.427995 -0.835212
vn -1.000000 0.000000 -0.000001
vn -0.907344 0.420388 -0.000001
vn -0.835212 0.428001 -0.345307
vn -0.177497 0.885864 -0.428649
vn -0.328169 0.885800 -0.328122
vn -0.154683 0.975780 -0.154683
vn -0.154683 0.975780 -0.154683
vn -0.328169 0.885800 -0.328122
vn -0.428628 0.885869 -0.177522
vn -0.218677 0.975797 -0.000000
vn -0.463921 0.885876 -0.000001
vn -0.428628 0.885869 0.177522
vn -0.154683 0.975780 0.154683
vn -0.328169 0.885800 0.328122
vn -0.177497 0.885864 0.428649
vn 0.000000 0.975802 0.218654
vn 0.000000 0.885857 0.463959
vn 0.177497 0.885864 0.428649
vn 0.154683 0.975780 0.154683
vn 0.328084 0.885827 0.328132
vn 0.428628 0.885869 0.177522
vn 0.218586 0.975818 -0.000000
vn 0.463921 0.885876 0.000000
vn 0.428628 0.885869 -0.177522
vn 0.154683 0.975780 -0.154683
vn 0.328084 0.885827 -0.328132
vn 0.177497 0.885864 -0.428649
vn -0.756566 0.573933 0.313384
vn -0.818898 0.573939 0.000002
vn -0.846995 -0.531601 -0.000004
vn -0.579078 0.573928 0.579030
vn -0.756566 0.573933 0.313384
vn -0.782525 -0.531602 0.324121
vn -0.313384 0.573933 0.756566
vn -0.579078 0.573928 0.579030
vn -0.598921 -0.531590 0.598921
vn 0.000000 0.573939 0.818898
vn -0.313384 0.573933 0.756566
vn -0.324163 -0.531594 0.782513
vn 0.313384 0.573933 0.756566
vn 0.000000 0.573939 0.818898
vn 0.000000 -0.531601 0.846995
vn 0.579078 0.573928 0.579030
vn 0.313384 0.573933 0.756566
vn 0.324078 -0.531610 0.782537
vn 0.756606 0.573892 0.313361
vn 0.579078 0.573928 0.579030
vn 0.598921 -0.531590 0.598921
vn 0.818882 0.573962 0.000003
vn 0.756606 0.573892 0.313361
vn 0.782562 -0.531562 0.324097
vn 0.756606 0.573892 -0.313361
vn 0.818882 0.573962 0.000003
vn 0.847022 -0.531558 -0.000003
vn 0.579078 0.573928 -0.579030
vn 0.756606 0.573892 -0.313361
vn 0.782482 -0.531637 -0.324166
vn 0.313384 0.573933 -0.756566
vn 0.579078 0.573928 -0.579030
vn 0.598921 -0.531590 -0.598921
vn 0.000000 0.573939 -0.818898
vn 0.313384 0.573933 -0.756566
vn 0.324078 -0.531610 -0.782537
vn -0.313384 0.573933 -0.756566
vn 0.000000 0.573939 -0.818898
vn 0.000000 -0.531601 -0.846995
vn -0.579078 0.573928 -0.579030
vn -0.313384 0.573933 -0.756566
vn -0.324163 -0.531594 -0.782513
vn -0.756566 0.573933 -0.313384
vn -0.579078 0.573928 -0.579030
vn -0.598921 -0.531590 -0.598921
vn -0.818898 0.573939 0.000002
vn -0.756566 0.573933 -0.313384
vn -0.846995 -0.531601 -0.000004
vn -0.923885 -0.000000 0.382671
vn -0.923885 -0.000000 0.382671
vn -1.000000 0.000000 -0.000000
vn -0.707131 -0.000000 0.707083
vn -0.707131 -0.000000 0.707083
vn -0.923885 -0.000000 0.382671
vn -0.382708 -0.000000 0.923869
vn -0.382708 -0.000000 0.923869
vn -0.707131 -0.000000 0.707083
vn 0.000000 -0.000000 1.000000
vn 0.000000 -0.000000 1.000000
vn -0.382708 -0.000000 0.923869
vn 0.382627 -0.000000 0.923903
vn 0.382627 -0.000000 0.923903
vn 0.000000 -0.000000 1.000000
vn 0.707083 -0.000000 0.707131
vn 0.707083 -0.000000 0.707131
vn 0.382627 -0.000000 0.923903
vn 0.923885 -0.000000 0.382671
vn 0.923885 -0.000000 0.382671
vn 0.707083 -0.000000 0.707131
vn 1.000000 -0.000000 0.000000
vn 1.000000 -0.000000 0.000001
vn 0.923885 -0.000000 0.382671
vn 0.923885 0.000000 -0.382671
vn 0.923885 0.000000 -0.382671
vn 1.000000 -0.000000 0.000000
vn 0.707083 0.000000 -0.707131
vn 0.707083 0.000000 -0.707131
vn 0.923885 0.000000 -0.382671
vn 0.382627 0.000000 -0.923903
vn 0.382627 0.000000 -0.923903
vn 0.707083 0.000000 -0.707131
vn 0.000000 0.000000 -1.000000
vn 0.000000 0.000000 -1.000000
vn 0.382627 0.000000 -0.923903
vn -0.382708 0.000000 -0.923869
vn -0.382708 0.000000 -0.923869
vn 0.000000 0.000000 -1.000000
vn -0.707131 0.000000 -0.707083
vn -0.707131 0.000000 -0.707083
vn -0.382708 0.000000 -0.923869
vn -0.923885 0.000000 -0.382671
vn -0.923885 0.000000 -0.382671
vn -0.707131 0.000000 -0.707083
vn -1.000000 -0.000000 0.000001
vn -1.000000 0.000000 -0.000000
vn -0.923885 0.000000 -0.382671
vn -0.260623 0.965441 0.000000
vn -0.818898 0.573939 0.000002
vn -0.756566 0.573933 0.313384
vn -0.240788 0.965441 -0.099724
vn -0.756566 0.573933 -0.313384
vn -0.260623 0.965441 0.000000
vn -0.184240 0.965450 -0.184288
vn -0.579078 0.573928 -0.579030
vn -0.240788 0.965441 -0.099724
vn -0.099749 0.965450 -0.240743
vn -0.313384 0.573933 -0.756566
vn -0.184240 0.965450 -0.184288
vn 0.000000 0.965453 -0.260579
vn 0.000000 0.573939 -0.818898
vn -0.099749 0.965450 -0.240743
vn 0.099749 0.965450 -0.240743
vn 0.313384 0.573933 -0.756566
vn 0.000000 0.965453 -0.260579
vn 0.184240 0.965450 -0.184288
vn 0.579078 0.573928 -0.579030
vn 0.099749 0.965450 -0.240743
vn 0.240698 0.965463 -0.099727
vn 0.756606 0.573892 -0.313361
vn 0.184240 0.965450 -0.184288
vn 0.260534 0.965465 -0.000001
vn 0.818882 0.573962 0.000003
vn 0.240698 0.965463 -0.099727
vn 0.240698 0.965463 0.099727
vn 0.756606 0.573892 0.313361
vn 0.260534 0.965465 -0.000001
vn 0.184240 0.965450 0.184288
vn 0.579078 0.573928 0.579030
vn 0.240698 0.965463 0.099727
vn 0.099749 0.965450 0.240743
vn 0.313384 0.573933 0.756566
vn 0.184240 0.965450 0.184288
vn 0.000000 0.965453 0.260579
vn 0.000000 0.573939 0.818898
vn 0.099749 0.965450 0.240743
vn -0.099749 0.965450 0.240743
vn -0.313384 0.573933 0.756566
vn 0.000000 0.965453 0.260579
vn -0.184240 0.965450 0.184288
vn -0.579078 0.573928 0.579030
vn -0.099749 0.965450 0.240743
vn -0.240788 0.965441 0.099724
vn -0.756566 0.573933 0.313384
vn -0.579078 0.573928 0.579030
vn -0.554480 -0.832197 -0.000002
vn -0.782525 -0.531602 0.324121
vn -0.846995 -0.531601 -0.000004
vn -0.512244 -0.832218 0.212179
vn -0.598921 -0.531590 0.598921
vn -0.782525 -0.531602 0.324121
vn -0.392072 -0.832212 0.392049
vn -0.324163 -0.531594 0.782513
vn -0.598921 -0.531590 0.598921
vn -0.212202 -0.832213 0.512241
vn 0.000000 -0.531601 0.846995
vn -0.324163 -0.531594 0.782513
vn 0.000000 -0.832219 0.554447
vn 0.324078 -0.531610 0.782537
vn 0.000000 -0.531601 0.846995
vn 0.212111 -0.832230 0.512252
vn 0.598921 -0.531590 0.598921
vn 0.324078 -0.531610 0.782537
vn 0.391988 -0.832236 0.392083
vn 0.782562 -0.531562 0.324097
vn 0.598921 -0.531590 0.598921
vn 0.512314 -0.832177 0.212169
vn 0.847022 -0.531558 -0.000003
vn 0.782562 -0.531562 0.324097
vn 0.554480 -0.832197 -0.000001
vn 0.782482 -0.531637 -0.324166
vn 0.847022 -0.531558 -0.000003
vn 0.512314 -0.832177 -0.212169
vn 0.598921 -0.531590 -0.598921
vn 0.782482 -0.531637 -0.324166
vn 0.391988 -0.832236 -0.392083
vn 0.324078 -0.531610 -0.782537
vn 0.598921 -0.531590 -0.598921
vn 0.212111 -0.832230 -0.512252
vn 0.000000 -0.531601 -0.846995
vn 0.324078 -0.531610 -0.782537
vn 0.000000 -0.832219 -0.554447
vn -0.324163 -0.531594 -0.782513
vn 0.000000 -0.531601 -0.846995
vn -0.212202 -0.832213 -0.512241
vn -0.598921 -0.531590 -0.598921
vn -0.324163 -0.531594 -0.782513
vn -0.392072 -0.832212 -0.392049
vn -0.782519 -0.531598 -0.324142
vn -0.598921 -0.531590 -0.598921
vn -0.512244 -0.832218 -0.212179
vn -0.846995 -0.531601 -0.000004
vn -0.782519 -0.531598 -0.324142
vn -0.804634 -0.593771 -0.000003
vn -0.428555 -0.885910 0.177492
vn -0.743393 -0.593761 0.307919
vn -0.743393 -0.593761 0.307919
vn -0.328169 -0.885800 0.328122
vn -0.568967 -0.593762 0.568967
vn -0.568967 -0.593762 0.568967
vn -0.177467 -0.885905 0.428577
vn -0.307941 -0.593757 0.743388
vn -0.307941 -0.593757 0.743388
vn 0.000000 -0.885898 0.463881
vn 0.000000 -0.593771 0.804634
vn 0.000000 -0.593771 0.804634
vn 0.177467 -0.885905 0.428577
vn 0.307941 -0.593757 0.743388
vn 0.307941 -0.593757 0.743388
vn 0.328084 -0.885827 0.328132
vn 0.568967 -0.593762 0.568967
vn 0.568967 -0.593762 0.568967
vn 0.428555 -0.885910 0.177492
vn 0.743351 -0.593803 0.307941
vn 0.743351 -0.593803 0.307941
vn 0.463843 -0.885917 0.000000
vn 0.804667 -0.593726 -0.000001
vn 0.804667 -0.593726 -0.000001
vn 0.428555 -0.885910 -0.177492
vn 0.743351 -0.593803 -0.307941
vn 0.743351 -0.593803 -0.307941
vn 0.328084 -0.885827 -0.328132
vn 0.568967 -0.593762 -0.568967
vn 0.568967 -0.593762 -0.568967
vn 0.177467 -0.885905 -0.428577
vn 0.307941 -0.593757 -0.743388
vn 0.307941 -0.593757 -0.743388
vn 0.000000 -0.885898 -0.463881
vn 0.000000 -0.593771 -0.804634
vn 0.000000 -0.593771 -0.804634
vn -0.177467 -0.885905 -0.428577
vn -0.307941 -0.593757 -0.743388
vn -0.307941 -0.593757 -0.743388
vn -0.328169 -0.885800 -0.328122
vn -0.568967 -0.593762 -0.568967
vn -0.568967 -0.593762 -0.568967
vn -0.428555 -0.885910 -0.177492
vn -0.743393 -0.593761 -0.307919
vn -0.743393 -0.593761 -0.307919
vn -0.463843 -0.885917 -0.000003
vn -0.804634 -0.593771 -0.000003
vn -0.154683 -0.975780 0.154683
vn -0.328169 -0.885800 0.328122
vn -0.428555 -0.885910 0.177492
vn 0.000000 -0.975802 0.218654
vn 0.000000 -0.885898 0.463881
vn -0.177467 -0.885905 0.428577
vn 0.154683 -0.975780 0.154683
vn 0.328084 -0.885827 0.328132
vn 0.177467 -0.885905 0.428577
vn 0.218586 -0.975818 -0.000000
vn 0.463843 -0.885917 0.000000
vn 0.428555 -0.885910 0.177492
vn 0.154683 -0.975780 -0.154683
vn 0.328084 -0.885827 -0.328132
vn 0.428555 -0.885910 -0.177492
vn 0.000000 -0.975802 -0.218654
vn 0.000000 -0.885898 -0.463881
vn 0.177467 -0.885905 -0.428577
vn -0.083543 -0.975808 -0.202038
vn -0.177467 -0.885905 -0.428577
vn 0.000000 -0.975802 -0.218654
vn -0.218677 -0.975797 -0.000001
vn -0.463843 -0.885917 -0.000003
vn -0.428555 -0.885910 -0.177492
vn -0.804634 -0.593771 -0.000003
vn -0.743393 -0.593761 0.307919
vn -0.833456 -0.552586 -0.000003
vn -0.743393 -0.593761 0.307919
vn -0.568967 -0.593762 0.568967
vn -0.589368 -0.552556 0.589344
vn -0.568967 -0.593762 0.568967
vn -0.307941 -0.593757 0.743388
vn -0.318922 -0.552581 0.770028
vn -0.307941 -0.593757 0.743388
vn 0.000000 -0.593771 0.804634
vn 0.000000 -0.552564 0.833471
vn 0.000000 -0.593771 0.804634
vn 0.307941 -0.593757 0.743388
vn 0.318922 -0.552581 0.770028
vn 0.307941 -0.593757 0.743388
vn 0.568967 -0.593762 0.568967
vn 0.589368 -0.552556 0.589344
vn 0.568967 -0.593762 0.568967
vn 0.743351 -0.593803 0.307941
vn 0.770019 -0.552575 0.318954
vn 0.743351 -0.593803 0.307941
vn 0.804667 -0.593726 -0.000001
vn 0.833485 -0.552542 -0.000002
vn 0.804667 -0.593726 -0.000001
vn 0.743351 -0.593803 -0.307941
vn 0.770019 -0.552575 -0.318954
vn 0.743351 -0.593803 -0.307941
vn 0.568967 -0.593762 -0.568967
vn 0.589368 -0.552556 -0.589344
vn 0.568967 -0.593762 -0.568967
vn 0.307941 -0.593757 -0.743388
vn 0.318922 -0.552581 -0.770028
vn 0.307941 -0.593757 -0.743388
vn 0.000000 -0.593771 -0.804634
vn 0.000000 -0.552564 -0.833471
vn 0.000000 -0.593771 -0.804634
vn -0.307941 -0.593757 -0.743388
vn -0.318922 -0.552581 -0.770028
vn -0.307941 -0.593757 -0.743388
vn -0.568967 -0.593762 -0.568967
vn -0.589368 -0.552556 -0.589344
vn -0.568967 -0.593762 -0.568967
vn -0.743393 -0.593761 -0.307919
vn -0.770019 -0.552575 -0.318954
vn -0.743393 -0.593761 -0.307919
vn -0.804634 -0.593771 -0.000003
vn -0.770019 -0.552575 -0.318954
vn -0.833456 -0.552586 -0.000003
vn -0.770019 -0.552575 0.318954
vn -0.554480 -0.832197 -0.000002
vn -0.770019 -0.552575 0.318954
vn -0.589368 -0.552556 0.589344
vn -0.392072 -0.832212 0.392049
vn -0.589368 -0.552556 0.589344
vn -0.318922 -0.552581 0.770028
vn -0.212202 -0.832213 0.512241
vn -0.318922 -0.552581 0.770028
vn 0.000000 -0.552564 0.833471
vn 0.000000 -0.832219 0.554447
vn 0.000000 -0.552564 0.833471
vn 0.318922 -0.552581 0.770028
vn 0.212111 -0.832230 0.512252
vn 0.318922 -0.552581 0.770028
vn 0.589368 -0.552556 0.589344
vn 0.391988 -0.832236 0.392083
vn 0.589368 -0.552556 0.589344
vn 0.770019 -0.552575 0.318954
vn 0.512314 -0.832177 0.212169
vn 0.770019 -0.552575 0.318954
vn 0.833485 -0.552542 -0.000002
vn 0.554480 -0.832197 -0.000001
vn 0.833485 -0.552542 -0.000002
vn 0.770019 -0.552575 -0.318954
vn 0.512314 -0.832177 -0.212169
vn 0.770019 -0.552575 -0.318954
vn 0.589368 -0.552556 -0.589344
vn 0.391988 -0.832236 -0.392083
vn 0.589368 -0.552556 -0.589344
vn 0.318922 -0.552581 -0.770028
vn 0.212111 -0.832230 -0.512252
vn 0.318922 -0.552581 -0.770028
vn 0.000000 -0.552564 -0.833471
vn 0.000000 -0.832219 -0.554447
vn 0.000000 -0.552564 -0.833471
vn -0.318922 -0.552581 -0.770028
vn -0.212202 -0.832213 -0.512241
vn -0.318922 -0.552581 -0.770028
vn -0.589368 -0.552556 -0.589344
vn -0.392072 -0.832212 -0.392049
vn -0.589368 -0.552556 -0.589344
vn -0.770019 -0.552575 -0.318954
vn -0.512244 -0.832218 -0.212179
vn -0.770019 -0.552575 -0.318954
vn -0.833456 -0.552586 -0.000003
vn -0.554480 -0.832197 -0.000002
vn -0.756566 0.573933 0.313384
vn -0.846995 -0.531601 -0.000004
vn -0.782525 -0.531602 0.324121
vn -0.579078 0.573928 0.579030
vn -0.782525 -0.531602 0.324121
vn -0.598921 -0.531590 0.598921
vn -0.313384 0.573933 0.756566
vn -0.598921 -0.531590 0.598921
vn -0.324163 -0.531594 0.782513
vn 0.000000 0.573939 0.818898
vn -0.324163 -0.531594 0.782513
vn 0.000000 -0.531601 0.846995
vn 0.313384 0.573933 0.756566
vn 0.000000 -0.531601 0.846995
vn 0.324078 -0.531610 0.782537
vn 0.579078 0.573928 0.579030
vn 0.324078 -0.531610 0.782537
vn 0.598921 -0.531590 0.598921
vn 0.756606 0.573892 0.313361
vn 0.598921 -0.531590 0.598921
vn 0.782562 -0.531562 0.324097
vn 0.818882 0.573962 0.000003
vn 0.782562 -0.531562 0.324097
vn 0.847022 -0.531558 -0.000003
vn 0.756606 0.573892 -0.313361
vn 0.847022 -0.531558 -0.000003
vn 0.782482 -0.531637 -0.324166
vn 0.579078 0.573928 -0.579030
vn 0.782482 -0.531637 -0.324166
vn 0.598921 -0.531590 -0.598921
vn 0.313384 0.573933 -0.756566
vn 0.598921 -0.531590 -0.598921
vn 0.324078 -0.531610 -0.782537
vn 0.000000 0.573939 -0.818898
vn 0.324078 -0.531610 -0.782537
vn 0.000000 -0.531601 -0.846995
vn -0.313384 0.573933 -0.756566
vn 0.000000 -0.531601 -0.846995
vn -0.324163 -0.531594 -0.782513
vn -0.579078 0.573928 -0.579030
vn -0.324163 -0.531594 -0.782513
vn -0.598921 -0.531590 -0.598921
vn -0.756566 0.573933 -0.313384
vn -0.598921 -0.531590 -0.598921
vn -0.782519 -0.531598 -0.324142
vn -0.846995 -0.531601 -0.000004
vn -0.756566 0.573933 -0.313384
vn -0.782519 -0.531598 -0.324142
vn -0.923885 -0.000000 0.382671
vn -1.000000 0.000000 -0.000000
vn -1.000000 -0.000000 0.000001
vn -0.923885 -0.000000 0.382671
vn -0.707131 -0.000000 0.707083
vn -0.923885 -0.000000 0.382671
vn -0.707131 -0.000000 0.707083
vn -0.382708 -0.000000 0.923869
vn -0.707131 -0.000000 0.707083
vn -0.382708 -0.000000 0.923869
vn 0.000000 -0.000000 1.000000
vn -0.382708 -0.000000 0.923869
vn 0.000000 -0.000000 1.000000
vn 0.382627 -0.000000 0.923903
vn 0.000000 -0.000000 1.000000
vn 0.382627 -0.000000 0.923903
vn 0.707083 -0.000000 0.707131
vn 0.382627 -0.000000 0.923903
vn 0.707083 -0.000000 0.707131
vn 0.923885 -0.000000 0.382671
vn 0.707083 -0.000000 0.707131
vn 0.923885 -0.000000 0.382671
vn 1.000000 -0.000000 0.000001
vn 0.923885 -0.000000 0.382671
vn 1.000000 -0.000000 0.000000
vn 0.923885 0.000000 -0.382671
vn 1.000000 -0.000000 0.000001
vn 0.923885 0.000000 -0.382671
vn 0.707083 0.000000 -0.707131
vn 0.923885 0.000000 -0.382671
vn 0.707083 0.000000 -0.707131
vn 0.382627 0.000000 -0.923903
vn 0.707083 0.000000 -0.707131
vn 0.382627 0.000000 -0.923903
vn 0.000000 0.000000 -1.000000
vn 0.382627 0.000000 -0.923903
vn 0.000000 0.000000 -1.000000
vn -0.382708 0.000000 -0.923869
vn 0.000000 0.000000 -1.000000
vn -0.382708 0.000000 -0.923869
vn -0.707131 0.000000 -0.707083
vn -0.382708 0.000000 -0.923869
vn -0.707131 0.000000 -0.707083
vn -0.923885 0.000000 -0.382671
vn -0.707131 0.000000 -0.707083
vn -1.000000 -0.000000 0.000001
vn -0.923885 0.000000 -0.382671
vn -0.923885 0.000000 -0.382671
vn -0.260623 0.965441 0.000000
vn -0.756566 0.573933 0.313384
vn -0.240788 0.965441 0.099724
vn -0.260623 0.965441 0.000000
vn -0.756566 0.573933 -0.313384
vn -0.818898 0.573939 0.000002
vn -0.240788 0.965441 -0.099724
vn -0.579078 0.573928 -0.579030
vn -0.756566 0.573933 -0.313384
vn -0.184240 0.965450 -0.184288
vn -0.313384 0.573933 -0.756566
vn -0.579078 0.573928 -0.579030
vn -0.099749 0.965450 -0.240743
vn 0.000000 0.573939 -0.818898
vn -0.313384 0.573933 -0.756566
vn 0.000000 0.965453 -0.260579
vn 0.313384 0.573933 -0.756566
vn 0.000000 0.573939 -0.818898
vn 0.099749 0.965450 -0.240743
vn 0.579078 0.573928 -0.579030
vn 0.313384 0.573933 -0.756566
vn 0.184240 0.965450 -0.184288
vn 0.756606 0.573892 -0.313361
vn 0.579078 0.573928 -0.579030
vn 0.240698 0.965463 -0.099727
vn 0.818882 0.573962 0.000003
vn 0.756606 0.573892 -0.313361
vn 0.260534 0.965465 -0.000001
vn 0.756606 0.573892 0.313361
vn 0.818882 0.573962 0.000003
vn 0.240698 0.965463 0.099727
vn 0.579078 0.573928 0.579030
vn 0.756606 0.573892 0.313361
vn 0.184240 0.965450 0.184288
vn 0.313384 0.573933 0.756566
vn 0.579078 0.573928 0.579030
vn 0.099749 0.965450 0.240743
vn 0.000000 0.573939 0.818898
vn 0.313384 0.573933 0.756566
vn 0.000000 0.965453 0.260579
vn -0.313384 0.573933 0.756566
vn 0.000000 0.573939 0.818898
vn -0.099749 0.965450 0.240743
vn -0.579078 0.573928 0.579030
vn -0.313384 0.573933 0.756566
vn -0.240788 0.965441 0.099724
vn -0.579078 0.573928 0.579030
vn -0.184240 0.965450 0.184288
vn -0.782525 -0.531602 0.324121
vn -0.554480 -0.832197 -0.000002
vn -0.512244 -0.832218 0.212179
vn -0.598921 -0.531590 0.598921
vn -0.512244 -0.832218 0.212179
vn -0.392072 -0.832212 0.392049
vn -0.324163 -0.531594 0.782513
vn -0.392072 -0.832212 0.392049
vn -0.212202 -0.832213 0.512241
vn 0.000000 -0.531601 0.846995
vn -0.212202 -0.832213 0.512241
vn 0.000000 -0.832219 0.554447
vn 0.324078 -0.531610 0.782537
vn 0.000000 -0.832219 0.554447
vn 0.212111 -0.832230 0.512252
vn 0.598921 -0.531590 0.598921
vn 0.212111 -0.832230 0.512252
vn 0.391988 -0.832236 0.392083
vn 0.782562 -0.531562 0.324097
vn 0.391988 -0.832236 0.392083
vn 0.512314 -0.832177 0.212169
vn 0.847022 -0.531558 -0.000003
vn 0.512314 -0.832177 0.212169
vn 0.554480 -0.832197 -0.000001
vn 0.782482 -0.531637 -0.324166
vn 0.554480 -0.832197 -0.000001
vn 0.512314 -0.832177 -0.212169
vn 0.598921 -0.531590 -0.598921
vn 0.512314 -0.832177 -0.212169
vn 0.391988 -0.832236 -0.392083
vn 0.324078 -0.531610 -0.782537
vn 0.391988 -0.832236 -0.392083
vn 0.212111 -0.832230 -0.512252
vn 0.000000 -0.531601 -0.846995
vn 0.212111 -0.832230 -0.512252
vn 0.000000 -0.832219 -0.554447
vn -0.324163 -0.531594 -0.782513
vn 0.000000 -0.832219 -0.554447
vn -0.212202 -0.832213 -0.512241
vn -0.598921 -0.531590 -0.598921
vn -0.212202 -0.832213 -0.512241
vn -0.392072 -0.832212 -0.392049
vn -0.782519 -0.531598 -0.324142
vn -0.392072 -0.832212 -0.392049
vn -0.512244 -0.832218 -0.212179
vn -0.846995 -0.531601 -0.000004
vn -0.512244 -0.832218 -0.212179
vn -0.554480 -0.832197 -0.000002
vn -0.428555 -0.885910 0.177492
vn -0.804634 -0.593771 -0.000003
vn -0.463843 -0.885917 -0.000003
vn -0.328169 -0.885800 0.328122
vn -0.743393 -0.593761 0.307919
vn -0.428555 -0.885910 0.177492
vn -0.177467 -0.885905 0.428577
vn -0.568967 -0.593762 0.568967
vn -0.328169 -0.885800 0.328122
vn 0.000000 -0.885898 0.463881
vn -0.307941 -0.593757 0.743388
vn -0.177467 -0.885905 0.428577
vn 0.177467 -0.885905 0.428577
vn 0.000000 -0.593771 0.804634
vn 0.000000 -0.885898 0.463881
vn 0.328084 -0.885827 0.328132
vn 0.307941 -0.593757 0.743388
vn 0.177467 -0.885905 0.428577
vn 0.428555 -0.885910 0.177492
vn 0.568967 -0.593762 0.568967
vn 0.328084 -0.885827 0.328132
vn 0.463843 -0.885917 0.000000
vn 0.743351 -0.593803 0.307941
vn 0.428555 -0.885910 0.177492
vn 0.428555 -0.885910 -0.177492
vn 0.804667 -0.593726 -0.000001
vn 0.463843 -0.885917 0.000000
vn 0.328084 -0.885827 -0.328132
vn 0.743351 -0.593803 -0.307941
vn 0.428555 -0.885910 -0.177492
vn 0.177467 -0.885905 -0.428577
vn 0.568967 -0.593762 -0.568967
vn 0.328084 -0.885827 -0.328132
vn 0.000000 -0.885898 -0.463881
vn 0.307941 -0.593757 -0.743388
vn 0.177467 -0.885905 -0.428577
vn -0.177467 -0.885905 -0.428577
vn 0.000000 -0.593771 -0.804634
vn 0.000000 -0.885898 -0.463881
vn -0.328169 -0.885800 -0.328122
vn -0.307941 -0.593757 -0.743388
vn -0.177467 -0.885905 -0.428577
vn -0.428555 -0.885910 -0.177492
vn -0.568967 -0.593762 -0.568967
vn -0.328169 -0.885800 -0.328122
vn -0.463843 -0.885917 -0.000003
vn -0.743393 -0.593761 -0.307919
vn -0.428555 -0.885910 -0.177492
vn -0.833456 -0.552586 -0.000003
vn -0.743393 -0.593761 0.307919
vn -0.770019 -0.552575 0.318954
vn -0.743393 -0.593761 0.307919
vn -0.589368 -0.552556 0.589344
vn -0.770019 -0.552575 0.318954
vn -0.568967 -0.593762 0.568967
vn -0.318922 -0.552581 0.770028
vn -0.589368 -0.552556 0.589344
vn -0.307941 -0.593757 0.743388
vn 0.000000 -0.552564 0.833471
vn -0.318922 -0.552581 0.770028
vn 0.000000 -0.593771 0.804634
vn 0.318922 -0.552581 0.770028
vn 0.000000 -0.552564 0.833471
vn 0.307941 -0.593757 0.743388
vn 0.589368 -0.552556 0.589344
vn 0.318922 -0.552581 0.770028
vn 0.568967 -0.593762 0.568967
vn 0.770019 -0.552575 0.318954
vn 0.589368 -0.552556 0.589344
vn 0.743351 -0.593803 0.307941
vn 0.833485 -0.552542 -0.000002
vn 0.770019 -0.552575 0.318954
vn 0.804667 -0.593726 -0.000001
vn 0.770019 -0.552575 -0.318954
vn 0.833485 -0.552542 -0.000002
vn 0.743351 -0.593803 -0.307941
vn 0.589368 -0.552556 -0.589344
vn 0.770019 -0.552575 -0.318954
vn 0.568967 -0.593762 -0.568967
vn 0.318922 -0.552581 -0.770028
vn 0.589368 -0.552556 -0.589344
vn 0.307941 -0.593757 -0.743388
vn 0.000000 -0.552564 -0.833471
vn 0.318922 -0.552581 -0.770028
vn 0.000000 -0.593771 -0.804634
vn -0.318922 -0.552581 -0.770028
vn 0.000000 -0.552564 -0.833471
vn -0.307941 -0.593757 -0.743388
vn -0.589368 -0.552556 -0.589344
vn -0.318922 -0.552581 -0.770028
vn -0.568967 -0.593762 -0.568967
vn -0.770019 -0.552575 -0.318954
vn -0.589368 -0.552556 -0.589344
vn -0.770019 -0.552575 -0.318954
vn -0.804634 -0.593771 -0.000003
vn -0.833456 -0.552586 -0.000003
vn -0.554480 -0.832197 -0.000002
vn -0.770019 -0.552575 0.318954
vn -0.512244 -0.832218 0.212179
vn -0.770019 -0.552575 0.318954
vn -0.392072 -0.832212 0.392049
vn -0.512244 -0.832218 0.212179
vn -0.589368 -0.552556 0.589344
vn -0.212202 -0.832213 0.512241
vn -0.392072 -0.832212 0.392049
vn -0.318922 -0.552581 0.770028
vn 0.000000 -0.832219 0.554447
vn -0.212202 -0.832213 0.512241
vn 0.000000 -0.552564 0.833471
vn 0.212111 -0.832230 0.512252
vn 0.000000 -0.832219 0.554447
vn 0.318922 -0.552581 0.770028
vn 0.391988 -0.832236 0.392083
vn 0.212111 -0.832230 0.512252
vn 0.589368 -0.552556 0.589344
vn 0.512314 -0.832177 0.212169
vn 0.391988 -0.832236 0.392083
vn 0.770019 -0.552575 0.318954
vn 0.554480 -0.832197 -0.000001
vn 0.512314 -0.832177 0.212169
vn 0.833485 -0.552542 -0.000002
vn 0.512314 -0.832177 -0.212169
vn 0.554480 -0.832197 -0.000001
vn 0.770019 -0.552575 -0.318954
vn 0.391988 -0.832236 -0.392083
vn 0.512314 -0.832177 -0.212169
vn 0.589368 -0.552556 -0.589344
vn 0.212111 -0.832230 -0.512252
vn 0.391988 -0.832236 -0.392083
vn 0.318922 -0.552581 -0.770028
vn 0.000000 -0.832219 -0.554447
vn 0.212111 -0.832230 -0.512252
vn 0.000000 -0.552564 -0.833471
vn -0.212202 -0.832213 -0.512241
vn 0.000000 -0.832219 -0.554447
vn -0.318922 -0.552581 -0.770028
vn -0.392072 -0.832212 -0.392049
vn -0.212202 -0.832213 -0.512241
vn -0.589368 -0.552556 -0.589344
vn -0.512244 -0.832218 -0.212179
vn -0.392072 -0.832212 -0.392049
vn -0.770019 -0.552575 -0.318954
vn -0.554480 -0.832197 -0.000002
vn -0.512244 -0.832218 -0.212179
vn -1.000000 0.000000 -0.000001
vn -0.907344 -0.420388 -0.000001
vn -0.924140 -0.000000 0.382054
vn -0.707131 -0.000000 0.707083
vn -0.641609 -0.420365 0.641585
vn -0.382037 -0.000000 0.924147
vn 0.000000 -0.000000 1.000000
vn 0.000000 -0.420370 0.907353
vn 0.382037 -0.000000 0.924147
vn 0.707131 -0.000000 0.707083
vn 0.641609 -0.420365 0.641585
vn 0.924140 -0.000000 0.382054
vn 1.000000 0.000000 -0.000000
vn 0.907344 -0.420388 -0.000000
vn 0.924140 0.000000 -0.382054
vn 0.707131 0.000000 -0.707083
vn 0.641609 -0.420365 -0.641585
vn 0.382050 0.000000 -0.924142
vn 0.000000 0.000000 -1.000000
vn 0.000000 -0.420370 -0.907353
vn -0.382046 0.000000 -0.924143
vn -0.707125 0.000000 -0.707089
vn -0.641609 -0.420365 -0.641585
vn -0.924140 0.000000 -0.382054
vn -0.345407 -0.872576 0.345407
vn -0.359356 -0.933200 0.000000
vn -0.253968 -0.933281 0.253944
vn 0.000000 -0.872493 0.488626
vn -0.253968 -0.933281 0.253944
vn 0.000000 -0.933208 0.359335
vn 0.345407 -0.872576 0.345407
vn 0.000000 -0.933208 0.359335
vn 0.253968 -0.933281 0.253944
vn 0.488644 -0.872483 -0.000000
vn 0.253968 -0.933281 0.253944
vn 0.359356 -0.933200 0.000002
vn 0.345407 -0.872576 -0.345407
vn 0.359356 -0.933200 0.000002
vn 0.253968 -0.933281 -0.253944
vn 0.000000 -0.872493 -0.488626
vn 0.253968 -0.933281 -0.253944
vn 0.000000 -0.933208 -0.359335
vn -0.345407 -0.872576 -0.345407
vn 0.000000 -0.933208 -0.359335
vn -0.253968 -0.933281 -0.253944
vn -0.488644 -0.872483 -0.000002
vn -0.253968 -0.933281 -0.253944
vn -0.359356 -0.933200 0.000000
vn -0.488644 -0.872483 -0.000002
vn -0.345407 -0.872576 0.345407
vn -0.835213 -0.428002 0.345302
vn -0.345407 -0.872576 0.345407
vn 0.000000 -0.872493 0.488626
vn -0.345307 -0.427986 0.835219
vn 0.345407 -0.872576 0.345407
vn 0.345307 -0.427986 0.835219
vn 0.000000 -0.872493 0.488626
vn 0.345407 -0.872576 0.345407
vn 0.488644 -0.872483 -0.000000
vn 0.835213 -0.428002 0.345302
vn 0.345407 -0.872576 -0.345407
vn 0.835213 -0.428002 -0.345302
vn 0.488644 -0.872483 -0.000000
vn 0.000000 -0.872493 -0.488626
vn 0.345314 -0.427995 -0.835212
vn 0.345407 -0.872576 -0.345407
vn 0.000000 -0.872493 -0.488626
vn -0.345407 -0.872576 -0.345407
vn -0.345317 -0.427999 -0.835208
vn -0.488644 -0.872483 -0.000002
vn -0.835212 -0.428001 -0.345307
vn -0.345407 -0.872576 -0.345407
vn 0.707127 0.003242 0.707079
vn 0.000000 0.537304 0.843388
vn 0.000000 0.003242 0.999995
vn 0.999995 0.003242 0.000000
vn 0.596331 0.537394 0.596319
vn 0.707127 0.003242 0.707079
vn 0.707127 0.003242 -0.707079
vn 0.843402 0.537283 -0.000001
vn 0.999995 0.003242 0.000000
vn 0.000000 0.003242 -0.999995
vn 0.596331 0.537394 -0.596319
vn 0.707127 0.003242 -0.707079
vn -0.707127 0.003242 -0.707079
vn 0.000000 0.537299 -0.843392
vn 0.000000 0.003242 -0.999995
vn -0.999995 0.003242 0.000001
vn -0.596331 0.537394 -0.596319
vn -0.707127 0.003242 -0.707079
vn -0.707127 0.003242 0.707079
vn -0.843402 0.537283 0.000001
vn -0.999995 0.003242 0.000001
vn 0.000000 0.003242 0.999995
vn -0.596327 0.537390 0.596327
vn -0.707127 0.003242 0.707079
vn 0.601794 -0.525020 0.601829
vn 0.000000 0.003242 0.999995
vn 0.000000 -0.524917 0.851154
vn 0.851134 -0.524949 0.000001
vn 0.707127 0.003242 0.707079
vn 0.601794 -0.525020 0.601829
vn 0.601794 -0.525020 -0.601829
vn 0.999995 0.003242 0.000000
vn 0.851134 -0.524949 0.000001
vn 0.000000 -0.524917 -0.851154
vn 0.707127 0.003242 -0.707079
vn 0.601794 -0.525020 -0.601829
vn -0.601794 -0.525020 -0.601829
vn 0.000000 0.003242 -0.999995
vn 0.000000 -0.524917 -0.851154
vn -0.851160 -0.524906 0.000003
vn -0.707127 0.003242 -0.707079
vn -0.601794 -0.525020 -0.601829
vn -0.601794 -0.525020 0.601829
vn -0.999995 0.003242 0.000001
vn -0.851160 -0.524906 0.000003
vn 0.000000 -0.524917 0.851154
vn -0.707127 0.003242 0.707079
vn -0.601794 -0.525020 0.601829
vn 0.000000 -0.755664 0.654960
vn 0.601794 -0.525020 0.601829
vn 0.000000 -0.524917 0.851154
vn 0.462988 -0.755848 0.462964
vn 0.851134 -0.524949 0.000001
vn 0.601794 -0.525020 0.601829
vn 0.655007 -0.755623 -0.000003
vn 0.601794 -0.525020 -0.601829
vn 0.851134 -0.524949 0.000001
vn 0.462988 -0.755848 -0.462964
vn 0.000000 -0.524917 -0.851154
vn 0.601794 -0.525020 -0.601829
vn 0.000000 -0.755623 -0.655007
vn -0.601794 -0.525020 -0.601829
vn 0.000000 -0.524917 -0.851154
vn -0.462988 -0.755848 -0.462964
vn -0.851160 -0.524906 0.000003
vn -0.601794 -0.525020 -0.601829
vn -0.654960 -0.755664 0.000001
vn -0.601794 -0.525020 0.601829
vn -0.851160 -0.524906 0.000003
vn -0.462989 -0.755850 0.462959
vn 0.000000 -0.524917 0.851154
vn -0.601794 -0.525020 0.601829
vn 0.000000 0.537304 0.843388
vn 0.448885 0.772650 0.448903
vn 0.000000 0.772461 0.635063
vn 0.596331 0.537394 0.596319
vn 0.635049 0.772472 -0.000005
vn 0.448885 0.772650 0.448903
vn 0.843402 0.537283 -0.000001
vn 0.448885 0.772650 -0.448903
vn 0.635049 0.772472 -0.000005
vn 0.596331 0.537394 -0.596319
vn 0.000000 0.772455 -0.635070
vn 0.448885 0.772650 -0.448903
vn 0.000000 0.537299 -0.843392
vn -0.448885 0.772650 -0.448903
vn 0.000000 0.772455 -0.635070
vn -0.596331 0.537394 -0.596319
vn -0.635049 0.772472 -0.000004
vn -0.448885 0.772650 -0.448903
vn -0.843402 0.537283 0.000001
vn -0.448886 0.772653 0.448898
vn -0.635049 0.772472 -0.000004
vn -0.596327 0.537390 0.596327
vn 0.000000 0.772461 0.635063
vn -0.448886 0.772653 0.448898
vn -0.830094 0.557624 -0.000004
vn -0.999970 -0.007725 -0.000003
vn -0.707071 -0.007725 0.707101
vn -0.586893 0.557806 0.586863
vn -0.707071 -0.007725 0.707101
vn 0.000000 -0.007725 0.999970
vn 0.000000 0.557613 0.830101
vn 0.000000 -0.007725 0.999970
vn 0.707071 -0.007725 0.707101
vn 0.586893 0.557806 0.586863
vn 0.707071 -0.007725 0.707101
vn 0.999970 -0.007725 -0.000001
vn 0.830094 0.557624 -0.000003
vn 0.999970 -0.007725 -0.000001
vn 0.707071 -0.007725 -0.707101
vn 0.586893 0.557806 -0.586863
vn 0.707071 -0.007725 -0.707101
vn 0.000000 -0.007725 -0.999970
vn 0.000000 0.557613 -0.830101
vn 0.000000 -0.007725 -0.999970
vn -0.707071 -0.007725 -0.707101
vn -0.586893 0.557806 -0.586863
vn -0.707071 -0.007725 -0.707101
vn -0.999970 -0.007725 -0.000003
vn -0.999970 -0.007725 -0.000003
vn -0.608359 -0.793662 -0.000001
vn -0.430204 -0.793650 0.430168
vn -0.707071 -0.007725 0.707101
vn -0.430204 -0.793650 0.430168
vn 0.000000 -0.793673 0.608344
vn 0.000000 -0.007725 0.999970
vn 0.000000 -0.793673 0.608344
vn 0.430205 -0.793652 0.430163
vn 0.707071 -0.007725 0.707101
vn 0.430205 -0.793652 0.430163
vn 0.608359 -0.793662 0.000001
vn 0.999970 -0.007725 -0.000001
vn 0.608359 -0.793662 0.000001
vn 0.430204 -0.793650 -0.430168
vn 0.707071 -0.007725 -0.707101
vn 0.430204 -0.793650 -0.430168
vn 0.000000 -0.793673 -0.608344
vn 0.000000 -0.007725 -0.999970
vn 0.000000 -0.793673 -0.608344
vn -0.430204 -0.793650 -0.430168
vn -0.707071 -0.007725 -0.707101
vn -0.430204 -0.793650 -0.430168
vn -0.608359 -0.793662 -0.000001
vn -0.608359 -0.793662 -0.000001
vn 0.000000 -1.000000 -0.000000
vn -0.430204 -0.793650 0.430168
vn 0.000000 -0.793673 0.608344
vn 0.000000 -1.000000 -0.000000
vn 0.430205 -0.793652 0.430163
vn 0.608359 -0.793662 0.000001
vn 0.000000 -1.000000 -0.000000
vn 0.430204 -0.793650 -0.430168
vn 0.000000 -0.793673 -0.608344
vn 0.000000 -1.000000 -0.000000
vn -0.430204 -0.793650 -0.430168
vn -0.430204 -0.793650 -0.430168
vn 0.000000 -1.000000 -0.000000
vn -0.608359 -0.793662 -0.000001
vn 0.000000 -1.000000 -0.000000
vn 0.000000 -0.793673 0.608344
vn -0.430204 -0.793650 0.430168
vn 0.000000 -1.000000 -0.000000
vn 0.000000 -0.793673 -0.608344
vn 0.430204 -0.793650 -0.430168
vn 0.430205 -0.793652 0.430163
vn 0.000000 -1.000000 -0.000000
vn 0.608359 -0.793662 0.000001
vn -0.924140 -0.000000 0.382054
vn -0.835213 -0.428002 0.345302
vn -0.707131 -0.000000 0.707083
vn -0.382037 -0.000000 0.924147
vn -0.345307 -0.427986 0.835219
vn 0.000000 -0.000000 1.000000
vn 0.382037 -0.000000 0.924147
vn 0.345307 -0.427986 0.835219
vn 0.707131 -0.000000 0.707083
vn 0.924140 -0.000000 0.382054
vn 0.835213 -0.428002 0.345302
vn 1.000000 0.000000 -0.000000
vn 0.924140 0.000000 -0.382054
vn 0.835213 -0.428002 -0.345302
vn 0.707131 0.000000 -0.707083
vn 0.382050 0.000000 -0.924142
vn 0.345314 -0.427995 -0.835212
vn 0.000000 0.000000 -1.000000
vn -0.382046 0.000000 -0.924143
vn -0.345317 -0.427999 -0.835208
vn -0.707125 0.000000 -0.707089
vn -0.924140 0.000000 -0.382054
vn -0.835212 -0.428001 -0.345307
vn -1.000000 0.000000 -0.000001
vn -0.177467 -0.885905 -0.428577
vn -0.083543 -0.975808 -0.202038
vn -0.154683 -0.975780 -0.154683
vn -0.201993 -0.975820 -0.083508
vn -0.428555 -0.885910 -0.177492
vn -0.154683 -0.975780 -0.154683
vn -0.201993 -0.975821 0.083502
vn -0.428555 -0.885910 0.177492
vn -0.218677 -0.975797 -0.000001
vn -0.083543 -0.975810 0.202026
vn -0.177467 -0.885905 0.428577
vn -0.154683 -0.975780 0.154683
vn 0.083543 -0.975810 0.202026
vn 0.177467 -0.885905 0.428577
vn 0.000000 -0.975802 0.218654
vn 0.201993 -0.975820 0.083508
vn 0.428555 -0.885910 0.177492
vn 0.154683 -0.975780 0.154683
vn 0.201993 -0.975820 -0.083508
vn 0.428555 -0.885910 -0.177492
vn 0.218586 -0.975818 -0.000000
vn 0.083543 -0.975808 -0.202038
vn 0.177467 -0.885905 -0.428577
vn 0.154683 -0.975780 -0.154683
vn 0.345407 -0.872576 -0.345407
vn 0.345314 -0.427995 -0.835212
vn 0.641609 -0.420365 -0.641585
vn 0.345314 -0.427995 -0.835212
vn 0.000000 -0.872493 -0.488626
vn 0.000000 -0.420370 -0.907353
vn 0.000000 -0.872493 -0.488626
vn -0.345317 -0.427999 -0.835208
vn 0.000000 -0.420370 -0.907353
vn -0.345317 -0.427999 -0.835208
vn -0.345407 -0.872576 -0.345407
vn -0.641609 -0.420365 -0.641585
vn -0.345407 -0.872576 -0.345407
vn -0.835212 -0.428001 -0.345307
vn -0.641609 -0.420365 -0.641585
vn -0.835212 -0.428001 -0.345307
vn -0.488644 -0.872483 -0.000002
vn -0.907344 -0.420388 -0.000001
vn -0.488644 -0.872483 -0.000002
vn -0.835213 -0.428002 0.345302
vn -0.907344 -0.420388 -0.000001
vn -0.835213 -0.428002 0.345302
vn -0.345407 -0.872576 0.345407
vn -0.641609 -0.420365 0.641585
vn -0.345407 -0.872576 0.345407
vn -0.345307 -0.427986 0.835219
vn -0.641609 -0.420365 0.641585
vn -0.345307 -0.427986 0.835219
vn 0.000000 -0.872493 0.488626
vn 0.000000 -0.420370 0.907353
vn 0.000000 -0.872493 0.488626
vn 0.345307 -0.427986 0.835219
vn 0.000000 -0.420370 0.907353
vn 0.345307 -0.427986 0.835219
vn 0.345407 -0.872576 0.345407
vn 0.641609 -0.420365 0.641585
vn 0.345407 -0.872576 0.345407
vn 0.835213 -0.428002 0.345302
vn 0.641609 -0.420365 0.641585
vn 0.835213 -0.428002 0.345302
vn 0.488644 -0.872483 -0.000000
vn 0.907344 -0.420388 -0.000000
vn 0.488644 -0.872483 -0.000000
vn 0.835213 -0.428002 -0.345302
vn 0.907344 -0.420388 -0.000000
vn 0.835213 -0.428002 -0.345302
vn 0.345407 -0.872576 -0.345407
vn 0.641609 -0.420365 -0.641585
vn -0.154683 -0.975780 0.154683
vn -0.428555 -0.885910 0.177492
vn -0.201993 -0.975821 0.083502
vn 0.000000 -0.975802 0.218654
vn -0.177467 -0.885905 0.428577
vn -0.083543 -0.975810 0.202026
vn 0.154683 -0.975780 0.154683
vn 0.177467 -0.885905 0.428577
vn 0.083543 -0.975810 0.202026
vn 0.218586 -0.975818 -0.000000
vn 0.428555 -0.885910 0.177492
vn 0.201993 -0.975820 0.083508
vn 0.154683 -0.975780 -0.154683
vn 0.428555 -0.885910 -0.177492
vn 0.201993 -0.975820 -0.083508
vn 0.000000 -0.975802 -0.218654
vn 0.177467 -0.885905 -0.428577
vn 0.083543 -0.975808 -0.202038
vn 0.000000 -0.975802 -0.218654
vn -0.177467 -0.885905 -0.428577
vn 0.000000 -0.885898 -0.463881
vn -0.218677 -0.975797 -0.000001
vn -0.428555 -0.885910 -0.177492
vn -0.201993 -0.975820 -0.083508
vn -0.924140 -0.000000 0.382054
vn -0.907344 -0.420388 -0.000001
vn -0.835213 -0.428002 0.345302
vn -0.382037 -0.000000 0.924147
vn -0.641609 -0.420365 0.641585
vn -0.345307 -0.427986 0.835219
vn 0.382037 -0.000000 0.924147
vn 0.000000 -0.420370 0.907353
vn 0.345307 -0.427986 0.835219
vn 0.924140 -0.000000 0.382054
vn 0.641609 -0.420365 0.641585
vn 0.835213 -0.428002 0.345302
vn 0.924140 0.000000 -0.382054
vn 0.907344 -0.420388 -0.000000
vn 0.835213 -0.428002 -0.345302
vn 0.382050 0.000000 -0.924142
vn 0.641609 -0.420365 -0.641585
vn 0.345314 -0.427995 -0.835212
vn -0.382046 0.000000 -0.924143
vn 0.000000 -0.420370 -0.907353
vn -0.345317 -0.427999 -0.835208
vn -0.924140 0.000000 -0.382054
vn -0.641609 -0.420365 -0.641585
vn -0.835212 -0.428001 -0.345307
vn -0.359356 -0.933200 0.000000
vn -0.345407 -0.872576 0.345407
vn -0.488644 -0.872483 -0.000002
vn -0.253968 -0.933281 0.253944
vn 0.000000 -0.872493 0.488626
vn -0.345407 -0.872576 0.345407
vn 0.000000 -0.933208 0.359335
vn 0.345407 -0.872576 0.345407
vn 0.000000 -0.872493 0.488626
vn 0.253968 -0.933281 0.253944
vn 0.488644 -0.872483 -0.000000
vn 0.345407 -0.872576 0.345407
vn 0.359356 -0.933200 0.000002
vn 0.345407 -0.872576 -0.345407
vn 0.488644 -0.872483 -0.000000
vn 0.253968 -0.933281 -0.253944
vn 0.000000 -0.872493 -0.488626
vn 0.345407 -0.872576 -0.345407
vn 0.000000 -0.933208 -0.359335
vn -0.345407 -0.872576 -0.345407
vn 0.000000 -0.872493 -0.488626
vn -0.253968 -0.933281 -0.253944
vn -0.488644 -0.872483 -0.000002
vn -0.345407 -0.872576 -0.345407
vn 0.000000 0.537304 0.843388
vn 0.707127 0.003242 0.707079
vn 0.596331 0.537394 0.596319
vn 0.596331 0.537394 0.596319
vn 0.999995 0.003242 0.000000
vn 0.843402 0.537283 -0.000001
vn 0.843402 0.537283 -0.000001
vn 0.707127 0.003242 -0.707079
vn 0.596331 0.537394 -0.596319
vn 0.596331 0.537394 -0.596319
vn 0.000000 0.003242 -0.999995
vn 0.000000 0.537299 -0.843392
vn 0.000000 0.537299 -0.843392
vn -0.707127 0.003242 -0.707079
vn -0.596331 0.537394 -0.596319
vn -0.596331 0.537394 -0.596319
vn -0.999995 0.003242 0.000001
vn -0.843402 0.537283 0.000001
vn -0.843402 0.537283 0.000001
vn -0.707127 0.003242 0.707079
vn -0.596327 0.537390 0.596327
vn -0.596327 0.537390 0.596327
vn 0.000000 0.003242 0.999995
vn 0.000000 0.537304 0.843388
vn 0.000000 0.003242 0.999995
vn 0.601794 -0.525020 0.601829
vn 0.707127 0.003242 0.707079
vn 0.707127 0.003242 0.707079
vn 0.851134 -0.524949 0.000001
vn 0.999995 0.003242 0.000000
vn 0.999995 0.003242 0.000000
vn 0.601794 -0.525020 -0.601829
vn 0.707127 0.003242 -0.707079
vn 0.707127 0.003242 -0.707079
vn 0.000000 -0.524917 -0.851154
vn 0.000000 0.003242 -0.999995
vn 0.000000 0.003242 -0.999995
vn -0.601794 -0.525020 -0.601829
vn -0.707127 0.003242 -0.707079
vn -0.707127 0.003242 -0.707079
vn -0.851160 -0.524906 0.000003
vn -0.999995 0.003242 0.000001
vn -0.999995 0.003242 0.000001
vn -0.601794 -0.525020 0.601829
vn -0.707127 0.003242 0.707079
vn -0.707127 0.003242 0.707079
vn 0.000000 -0.524917 0.851154
vn 0.000000 0.003242 0.999995
vn 0.601794 -0.525020 0.601829
vn 0.000000 -0.755664 0.654960
vn 0.462988 -0.755848 0.462964
vn 0.851134 -0.524949 0.000001
vn 0.462988 -0.755848 0.462964
vn 0.655007 -0.755623 -0.000003
vn 0.601794 -0.525020 -0.601829
vn 0.655007 -0.755623 -0.000003
vn 0.462988 -0.755848 -0.462964
vn 0.000000 -0.524917 -0.851154
vn 0.462988 -0.755848 -0.462964
vn 0.000000 -0.755623 -0.655007
vn -0.601794 -0.525020 -0.601829
vn 0.000000 -0.755623 -0.655007
vn -0.462988 -0.755848 -0.462964
vn -0.851160 -0.524906 0.000003
vn -0.462988 -0.755848 -0.462964
vn -0.654960 -0.755664 0.000001
vn -0.601794 -0.525020 0.601829
vn -0.654960 -0.755664 0.000001
vn -0.462989 -0.755850 0.462959
vn 0.000000 -0.524917 0.851154
vn -0.462989 -0.755850 0.462959
vn 0.000000 -0.755664 0.654960
vn 0.448885 0.772650 0.448903
vn 0.000000 0.537304 0.843388
vn 0.596331 0.537394 0.596319
vn 0.635049 0.772472 -0.000005
vn 0.596331 0.537394 0.596319
vn 0.843402 0.537283 -0.000001
vn 0.448885 0.772650 -0.448903
vn 0.843402 0.537283 -0.000001
vn 0.596331 0.537394 -0.596319
vn 0.000000 0.772455 -0.635070
vn 0.596331 0.537394 -0.596319
vn 0.000000 0.537299 -0.843392
vn -0.448885 0.772650 -0.448903
vn 0.000000 0.537299 -0.843392
vn -0.596331 0.537394 -0.596319
vn -0.635049 0.772472 -0.000004
vn -0.596331 0.537394 -0.596319
vn -0.843402 0.537283 0.000001
vn -0.448886 0.772653 0.448898
vn -0.843402 0.537283 0.000001
vn -0.596327 0.537390 0.596327
vn 0.000000 0.772461 0.635063
vn -0.596327 0.537390 0.596327
vn 0.000000 0.537304 0.843388
vn -0.830094 0.557624 -0.000004
vn -0.707071 -0.007725 0.707101
vn -0.586893 0.557806 0.586863
vn -0.586893 0.557806 0.586863
vn 0.000000 -0.007725 0.999970
vn 0.000000 0.557613 0.830101
vn 0.000000 0.557613 0.830101
vn 0.707071 -0.007725 0.707101
vn 0.586893 0.557806 0.586863
vn 0.586893 0.557806 0.586863
vn 0.999970 -0.007725 -0.000001
vn 0.830094 0.557624 -0.000003
vn 0.830094 0.557624 -0.000003
vn 0.707071 -0.007725 -0.707101
vn 0.586893 0.557806 -0.586863
vn 0.586893 0.557806 -0.586863
vn 0.000000 -0.007725 -0.999970
vn 0.000000 0.557613 -0.830101
vn 0.000000 0.557613 -0.830101
vn -0.707071 -0.007725 -0.707101
vn -0.586893 0.557806 -0.586863
vn -0.586893 0.557806 -0.586863
vn -0.999970 -0.007725 -0.000003
vn -0.830094 0.557624 -0.000004
vn -0.999970 -0.007725 -0.000003
vn -0.430204 -0.793650 0.430168
vn -0.707071 -0.007725 0.707101
vn -0.707071 -0.007725 0.707101
vn 0.000000 -0.793673 0.608344
vn 0.000000 -0.007725 0.999970
vn 0.000000 -0.007725 0.999970
vn 0.430205 -0.793652 0.430163
vn 0.707071 -0.007725 0.707101
vn 0.707071 -0.007725 0.707101
vn 0.608359 -0.793662 0.000001
vn 0.999970 -0.007725 -0.000001
vn 0.999970 -0.007725 -0.000001
vn 0.430204 -0.793650 -0.430168
vn 0.707071 -0.007725 -0.707101
vn 0.707071 -0.007725 -0.707101
vn 0.000000 -0.793673 -0.608344
vn 0.000000 -0.007725 -0.999970
vn 0.000000 -0.007725 -0.999970
vn -0.430204 -0.793650 -0.430168
vn -0.707071 -0.007725 -0.707101
vn -0.707071 -0.007725 -0.707101
vn -0.608359 -0.793662 -0.000001
vn -0.999970 -0.007725 -0.000003
vn -0.707131 -0.000000 0.707083
vn -0.835213 -0.428002 0.345302
vn -0.641609 -0.420365 0.641585
vn 0.000000 -0.000000 1.000000
vn -0.345307 -0.427986 0.835219
vn 0.000000 -0.420370 0.907353
vn 0.707131 -0.000000 0.707083
vn 0.345307 -0.427986 0.835219
vn 0.641609 -0.420365 0.641585
vn 1.000000 0.000000 -0.000000
vn 0.835213 -0.428002 0.345302
vn 0.907344 -0.420388 -0.000000
vn 0.707131 0.000000 -0.707083
vn 0.835213 -0.428002 -0.345302
vn 0.641609 -0.420365 -0.641585
vn 0.000000 0.000000 -1.000000
vn 0.345314 -0.427995 -0.835212
vn 0.000000 -0.420370 -0.907353
vn -0.707125 0.000000 -0.707089
vn -0.345317 -0.427999 -0.835208
vn -0.641609 -0.420365 -0.641585
vn -1.000000 0.000000 -0.000001
vn -0.835212 -0.428001 -0.345307
vn -0.907344 -0.420388 -0.000001
vn -0.177467 -0.885905 -0.428577
vn -0.154683 -0.975780 -0.154683
vn -0.328169 -0.885800 -0.328122
vn -0.154683 -0.975780 -0.154683
vn -0.428555 -0.885910 -0.177492
vn -0.328169 -0.885800 -0.328122
vn -0.218677 -0.975797 -0.000001
vn -0.428555 -0.885910 0.177492
vn -0.463843 -0.885917 -0.000003
vn -0.154683 -0.975780 0.154683
vn -0.177467 -0.885905 0.428577
vn -0.328169 -0.885800 0.328122
vn 0.000000 -0.975802 0.218654
vn 0.177467 -0.885905 0.428577
vn 0.000000 -0.885898 0.463881
vn 0.154683 -0.975780 0.154683
vn 0.428555 -0.885910 0.177492
vn 0.328084 -0.885827 0.328132
vn 0.218586 -0.975818 -0.000000
vn 0.428555 -0.885910 -0.177492
vn 0.463843 -0.885917 0.000000
vn 0.154683 -0.975780 -0.154683
vn 0.177467 -0.885905 -0.428577
vn 0.328084 -0.885827 -0.328132
vn -0.995220 0.097658 -0.000149
vn -0.678032 0.267799 -0.684512
vn -0.715396 0.070190 -0.695184
vn -0.715396 0.070190 -0.695184
vn -0.040340 0.017929 -0.999025
vn -0.023127 0.003433 -0.999727
vn -0.023127 0.003433 -0.999727
vn 0.638064 -0.249103 -0.728575
vn 0.692427 -0.065614 -0.718498
vn 0.692427 -0.065614 -0.718498
vn 0.931581 -0.363534 -0.000373
vn 0.995515 -0.094607 -0.000295
vn 0.995515 -0.094607 -0.000295
vn 0.638193 -0.248716 0.728595
vn 0.692349 -0.066374 0.718503
vn 0.692349 -0.066374 0.718503
vn -0.040770 0.017929 0.999008
vn -0.023460 0.003052 0.999720
vn -0.023460 0.003052 0.999720
vn -0.678064 0.267792 0.684483
vn -0.715445 0.071335 0.695018
vn -0.715445 0.071335 0.695018
vn -0.930677 0.365843 0.000042
vn -0.995220 0.097658 -0.000149
vn -0.930677 0.365843 0.000042
vn -0.522643 0.514632 -0.679704
vn -0.678032 0.267799 -0.684512
vn -0.678032 0.267799 -0.684512
vn -0.038767 0.038147 -0.998520
vn -0.040340 0.017929 -0.999025
vn -0.040340 0.017929 -0.999025
vn 0.484374 -0.476458 -0.733737
vn 0.638064 -0.249103 -0.728575
vn 0.638064 -0.249103 -0.728575
vn 0.713112 -0.701050 -0.000067
vn 0.931581 -0.363534 -0.000373
vn 0.931581 -0.363534 -0.000373
vn 0.484481 -0.476423 0.733689
vn 0.638193 -0.248716 0.728595
vn 0.638193 -0.248716 0.728595
vn -0.038815 0.038147 0.998518
vn -0.040770 0.017929 0.999008
vn -0.040770 0.017929 0.999008
vn -0.522676 0.514617 0.679691
vn -0.678064 0.267792 0.684483
vn -0.678064 0.267792 0.684483
vn -0.712332 0.701843 0.000021
vn -0.930677 0.365843 0.000042
vn -0.712332 0.701843 0.000021
vn -0.272872 0.676791 -0.683736
vn -0.522643 0.514632 -0.679704
vn -0.522643 0.514632 -0.679704
vn -0.019073 0.042724 -0.998905
vn -0.038767 0.038147 -0.998520
vn -0.038767 0.038147 -0.998520
vn 0.252357 -0.635183 -0.729972
vn 0.484374 -0.476458 -0.733737
vn 0.484374 -0.476458 -0.733737
vn 0.369697 -0.929152 0.000400
vn 0.713112 -0.701050 -0.000067
vn 0.713112 -0.701050 -0.000067
vn 0.253227 -0.634831 0.729976
vn 0.484481 -0.476423 0.733689
vn 0.484481 -0.476423 0.733689
vn -0.018978 0.041962 0.998939
vn -0.038815 0.038147 0.998518
vn -0.038815 0.038147 0.998518
vn -0.273406 0.676696 0.683616
vn -0.522676 0.514617 0.679691
vn -0.522676 0.514617 0.679691
vn -0.373018 0.927824 -0.000215
vn -0.712332 0.701843 0.000021
vn -0.373018 0.927824 -0.000215
vn -0.072191 0.714848 -0.695543
vn -0.272872 0.676791 -0.683736
vn -0.272872 0.676791 -0.683736
vn -0.003147 0.022888 -0.999733
vn -0.019073 0.042724 -0.998905
vn -0.019073 0.042724 -0.998905
vn 0.066468 -0.692718 -0.718139
vn 0.252357 -0.635183 -0.729972
vn 0.252357 -0.635183 -0.729972
vn 0.094310 -0.995543 0.000408
vn 0.369697 -0.929152 0.000400
vn 0.369697 -0.929152 0.000400
vn 0.065614 -0.692767 0.718171
vn 0.253227 -0.634831 0.729976
vn 0.253227 -0.634831 0.729976
vn -0.003052 0.022125 0.999751
vn -0.018978 0.041962 0.998939
vn -0.018978 0.041962 0.998939
vn -0.071717 0.714879 0.695561
vn -0.273406 0.676696 0.683616
vn -0.273406 0.676696 0.683616
vn -0.100051 0.994982 -0.000229
vn -0.373018 0.927824 -0.000215
vn -0.100051 0.994982 -0.000229
vn -0.003529 0.707674 -0.706530
vn -0.072191 0.714848 -0.695543
vn -0.072191 0.714848 -0.695543
vn -0.000095 0.001144 -0.999999
vn -0.003147 0.022888 -0.999733
vn -0.003147 0.022888 -0.999733
vn 0.002957 -0.706561 -0.707646
vn 0.066468 -0.692718 -0.718139
vn 0.066468 -0.692718 -0.718139
vn 0.004006 -0.999992 0.000049
vn 0.094310 -0.995543 0.000408
vn 0.094310 -0.995543 0.000408
vn 0.002861 -0.706561 0.707646
vn 0.065614 -0.692767 0.718171
vn 0.065614 -0.692767 0.718171
vn -0.000095 0.001144 0.999999
vn -0.003052 0.022125 0.999751
vn -0.003052 0.022125 0.999751
vn -0.003338 0.707678 0.706527
vn -0.071717 0.714879 0.695561
vn -0.071717 0.714879 0.695561
vn -0.004960 0.999988 -0.000044
vn -0.100051 0.994982 -0.000229
vn -0.995220 0.097658 -0.000149
vn -0.715396 0.070190 -0.695184
vn -1.000000 0.000763 0.000010
vn -0.715396 0.070190 -0.695184
vn -0.023127 0.003433 -0.999727
vn -0.707235 0.000763 -0.706978
vn 0.995515 -0.094607 -0.000295
vn 0.692349 -0.066374 0.718503
vn 1.000000 -0.000763 -0.000009
vn -0.023127 0.003433 -0.999727
vn 0.692427 -0.065614 -0.718498
vn -0.000191 0.000000 -1.000000
vn 0.692427 -0.065614 -0.718498
vn 0.995515 -0.094607 -0.000295
vn 0.707014 -0.000381 -0.707199
vn 0.692349 -0.066374 0.718503
vn -0.023460 0.003052 0.999720
vn 0.707014 -0.000381 0.707199
vn -0.023460 0.003052 0.999720
vn -0.715445 0.071335 0.695018
vn -0.000191 -0.000000 1.000000
vn -0.715445 0.071335 0.695018
vn -0.995220 0.097658 -0.000149
vn -0.707235 0.000763 0.706978
vn -0.995220 0.097658 -0.000149
vn -0.930677 0.365843 0.000042
vn -0.678032 0.267799 -0.684512
vn -0.715396 0.070190 -0.695184
vn -0.678032 0.267799 -0.684512
vn -0.040340 0.017929 -0.999025
vn -0.023127 0.003433 -0.999727
vn -0.040340 0.017929 -0.999025
vn 0.638064 -0.249103 -0.728575
vn 0.692427 -0.065614 -0.718498
vn 0.638064 -0.249103 -0.728575
vn 0.931581 -0.363534 -0.000373
vn 0.995515 -0.094607 -0.000295
vn 0.931581 -0.363534 -0.000373
vn 0.638193 -0.248716 0.728595
vn 0.692349 -0.066374 0.718503
vn 0.638193 -0.248716 0.728595
vn -0.040770 0.017929 0.999008
vn -0.023460 0.003052 0.999720
vn -0.040770 0.017929 0.999008
vn -0.678064 0.267792 0.684483
vn -0.715445 0.071335 0.695018
vn -0.678064 0.267792 0.684483
vn -0.930677 0.365843 0.000042
vn -0.930677 0.365843 0.000042
vn -0.712332 0.701843 0.000021
vn -0.522643 0.514632 -0.679704
vn -0.678032 0.267799 -0.684512
vn -0.522643 0.514632 -0.679704
vn -0.038767 0.038147 -0.998520
vn -0.040340 0.017929 -0.999025
vn -0.038767 0.038147 -0.998520
vn 0.484374 -0.476458 -0.733737
vn 0.638064 -0.249103 -0.728575
vn 0.484374 -0.476458 -0.733737
vn 0.713112 -0.701050 -0.000067
vn 0.931581 -0.363534 -0.000373
vn 0.713112 -0.701050 -0.000067
vn 0.484481 -0.476423 0.733689
vn 0.638193 -0.248716 0.728595
vn 0.484481 -0.476423 0.733689
vn -0.038815 0.038147 0.998518
vn -0.040770 0.017929 0.999008
vn -0.038815 0.038147 0.998518
vn -0.522676 0.514617 0.679691
vn -0.678064 0.267792 0.684483
vn -0.522676 0.514617 0.679691
vn -0.712332 0.701843 0.000021
vn -0.712332 0.701843 0.000021
vn -0.373018 0.927824 -0.000215
vn -0.272872 0.676791 -0.683736
vn -0.522643 0.514632 -0.679704
vn -0.272872 0.676791 -0.683736
vn -0.019073 0.042724 -0.998905
vn -0.038767 0.038147 -0.998520
vn -0.019073 0.042724 -0.998905
vn 0.252357 -0.635183 -0.729972
vn 0.484374 -0.476458 -0.733737
vn 0.252357 -0.635183 -0.729972
vn 0.369697 -0.929152 0.000400
vn 0.713112 -0.701050 -0.000067
vn 0.369697 -0.929152 0.000400
vn 0.253227 -0.634831 0.729976
vn 0.484481 -0.476423 0.733689
vn 0.253227 -0.634831 0.729976
vn -0.018978 0.041962 0.998939
vn -0.038815 0.038147 0.998518
vn -0.018978 0.041962 0.998939
vn -0.273406 0.676696 0.683616
vn -0.522676 0.514617 0.679691
vn -0.273406 0.676696 0.683616
vn -0.373018 0.927824 -0.000215
vn -0.373018 0.927824 -0.000215
vn -0.100051 0.994982 -0.000229
vn -0.072191 0.714848 -0.695543
vn -0.272872 0.676791 -0.683736
vn -0.072191 0.714848 -0.695543
vn -0.003147 0.022888 -0.999733
vn -0.019073 0.042724 -0.998905
vn -0.003147 0.022888 -0.999733
vn 0.066468 -0.692718 -0.718139
vn 0.252357 -0.635183 -0.729972
vn 0.066468 -0.692718 -0.718139
vn 0.094310 -0.995543 0.000408
vn 0.369697 -0.929152 0.000400
vn 0.094310 -0.995543 0.000408
vn 0.065614 -0.692767 0.718171
vn 0.253227 -0.634831 0.729976
vn 0.065614 -0.692767 0.718171
vn -0.003052 0.022125 0.999751
vn -0.018978 0.041962 0.998939
vn -0.003052 0.022125 0.999751
vn -0.071717 0.714879 0.695561
vn -0.273406 0.676696 0.683616
vn -0.071717 0.714879 0.695561
vn -0.100051 0.994982 -0.000229
vn -0.100051 0.994982 -0.000229
vn -0.004960 0.999988 -0.000044
vn -0.003529 0.707674 -0.706530
vn -0.072191 0.714848 -0.695543
vn -0.003529 0.707674 -0.706530
vn -0.000095 0.001144 -0.999999
vn -0.003147 0.022888 -0.999733
vn -0.000095 0.001144 -0.999999
vn 0.002957 -0.706561 -0.707646
vn 0.066468 -0.692718 -0.718139
vn 0.002957 -0.706561 -0.707646
vn 0.004006 -0.999992 0.000049
vn 0.094310 -0.995543 0.000408
vn 0.004006 -0.999992 0.000049
vn 0.002861 -0.706561 0.707646
vn 0.065614 -0.692767 0.718171
vn 0.002861 -0.706561 0.707646
vn -0.000095 0.001144 0.999999
vn -0.003052 0.022125 0.999751
vn -0.000095 0.001144 0.999999
vn -0.003338 0.707678 0.706527
vn -0.071717 0.714879 0.695561
vn -0.003338 0.707678 0.706527
vn -0.004960 0.999988 -0.000044
vn -0.715396 0.070190 -0.695184
vn -0.707235 0.000763 -0.706978
vn -1.000000 0.000763 0.000010
vn -0.023127 0.003433 -0.999727
vn -0.000191 0.000000 -1.000000
vn -0.707235 0.000763 -0.706978
vn 0.692349 -0.066374 0.718503
vn 0.707014 -0.000381 0.707199
vn 1.000000 -0.000763 -0.000009
vn 0.692427 -0.065614 -0.718498
vn 0.707014 -0.000381 -0.707199
vn -0.000191 0.000000 -1.000000
vn 0.995515 -0.094607 -0.000295
vn 1.000000 -0.000763 -0.000009
vn 0.707014 -0.000381 -0.707199
vn -0.023460 0.003052 0.999720
vn -0.000191 -0.000000 1.000000
vn 0.707014 -0.000381 0.707199
vn -0.715445 0.071335 0.695018
vn -0.707235 0.000763 0.706978
vn -0.000191 -0.000000 1.000000
vn -0.995220 0.097658 -0.000149
vn -1.000000 0.000763 0.000010
vn -0.707235 0.000763 0.706978
vn -0.995220 -0.097658 -0.000148
vn -0.715387 -0.070380 -0.695175
vn -0.678032 -0.267799 -0.684512
vn -0.715387 -0.070380 -0.695175
vn -0.023127 -0.003243 -0.999727
vn -0.040340 -0.017738 -0.999029
vn -0.023127 -0.003243 -0.999727
vn 0.692427 0.065614 -0.718498
vn 0.638064 0.249103 -0.728575
vn 0.692427 0.065614 -0.718498
vn 0.995515 0.094607 -0.000295
vn 0.931645 0.363369 -0.000373
vn 0.995515 0.094607 -0.000295
vn 0.692349 0.066374 0.718503
vn 0.638193 0.248716 0.728595
vn 0.692349 0.066374 0.718503
vn -0.023460 -0.003242 0.999720
vn -0.040770 -0.017929 0.999008
vn -0.023460 -0.003242 0.999720
vn -0.715454 -0.071145 0.695028
vn -0.678064 -0.267792 0.684483
vn -0.715454 -0.071145 0.695028
vn -0.995220 -0.097658 -0.000148
vn -0.930612 -0.366008 0.000042
vn -0.930612 -0.366008 0.000042
vn -0.678032 -0.267799 -0.684512
vn -0.522618 -0.514702 -0.679671
vn -0.678032 -0.267799 -0.684512
vn -0.040340 -0.017738 -0.999029
vn -0.038767 -0.038147 -0.998520
vn -0.040340 -0.017738 -0.999029
vn 0.638064 0.249103 -0.728575
vn 0.484374 0.476458 -0.733737
vn 0.638064 0.249103 -0.728575
vn 0.931645 0.363369 -0.000373
vn 0.713208 0.700953 -0.000068
vn 0.931645 0.363369 -0.000373
vn 0.638193 0.248716 0.728595
vn 0.484525 0.476276 0.733755
vn 0.638193 0.248716 0.728595
vn -0.040770 -0.017929 0.999008
vn -0.038815 -0.038147 0.998518
vn -0.040770 -0.017929 0.999008
vn -0.678064 -0.267792 0.684483
vn -0.522674 -0.514615 0.679694
vn -0.678064 -0.267792 0.684483
vn -0.930612 -0.366008 0.000042
vn -0.712380 -0.701794 0.000022
vn -0.712380 -0.701794 0.000022
vn -0.522618 -0.514702 -0.679671
vn -0.272854 -0.676843 -0.683692
vn -0.522618 -0.514702 -0.679671
vn -0.038767 -0.038147 -0.998520
vn -0.019073 -0.042629 -0.998909
vn -0.038767 -0.038147 -0.998520
vn 0.484374 0.476458 -0.733737
vn 0.252341 0.635240 -0.729927
vn 0.484374 0.476458 -0.733737
vn 0.713208 0.700953 -0.000068
vn 0.369729 0.929139 0.000400
vn 0.713208 0.700953 -0.000068
vn 0.484525 0.476276 0.733755
vn 0.253196 0.634945 0.729888
vn 0.484525 0.476276 0.733755
vn -0.038815 -0.038147 0.998518
vn -0.018978 -0.042152 0.998931
vn -0.038815 -0.038147 0.998518
vn -0.522674 -0.514615 0.679694
vn -0.273424 -0.676645 0.683660
vn -0.522674 -0.514615 0.679694
vn -0.712380 -0.701794 0.000022
vn -0.372985 -0.927837 -0.000215
vn -0.372985 -0.927837 -0.000215
vn -0.272854 -0.676843 -0.683692
vn -0.072195 -0.714802 -0.695591
vn -0.272854 -0.676843 -0.683692
vn -0.019073 -0.042629 -0.998909
vn -0.003147 -0.022793 -0.999735
vn -0.019073 -0.042629 -0.998909
vn 0.252341 0.635240 -0.729927
vn 0.066473 0.692669 -0.718186
vn 0.252341 0.635240 -0.729927
vn 0.369729 0.929139 0.000400
vn 0.094319 0.995542 0.000408
vn 0.369729 0.929139 0.000400
vn 0.253196 0.634945 0.729888
vn 0.065614 0.692767 0.718171
vn 0.253196 0.634945 0.729888
vn -0.018978 -0.042152 0.998931
vn -0.003052 -0.022221 0.999748
vn -0.018978 -0.042152 0.998931
vn -0.273424 -0.676645 0.683660
vn -0.071717 -0.714879 0.695561
vn -0.273424 -0.676645 0.683660
vn -0.372985 -0.927837 -0.000215
vn -0.100042 -0.994983 -0.000229
vn -0.100042 -0.994983 -0.000229
vn -0.072195 -0.714802 -0.695591
vn -0.003529 -0.707722 -0.706482
vn -0.072195 -0.714802 -0.695591
vn -0.003147 -0.022793 -0.999735
vn -0.000095 -0.001144 -0.999999
vn -0.003147 -0.022793 -0.999735
vn 0.066473 0.692669 -0.718186
vn 0.002956 0.706657 -0.707551
vn 0.066473 0.692669 -0.718186
vn 0.094319 0.995542 0.000408
vn 0.004005 0.999992 0.000049
vn 0.094319 0.995542 0.000408
vn 0.065614 0.692767 0.718171
vn 0.002861 0.706657 0.707551
vn 0.065614 0.692767 0.718171
vn -0.003052 -0.022221 0.999748
vn -0.000095 -0.001049 1.000000
vn -0.003052 -0.022221 0.999748
vn -0.071717 -0.714879 0.695561
vn -0.003338 -0.707725 0.706480
vn -0.071717 -0.714879 0.695561
vn -0.100042 -0.994983 -0.000229
vn -0.004959 -0.999988 -0.000044
vn -0.995220 -0.097658 -0.000148
vn -1.000000 -0.000763 0.000009
vn -0.715387 -0.070380 -0.695175
vn -0.715387 -0.070380 -0.695175
vn -0.707235 -0.000763 -0.706978
vn -0.023127 -0.003243 -0.999727
vn 0.995515 0.094607 -0.000295
vn 1.000000 0.000763 -0.000008
vn 0.692349 0.066374 0.718503
vn -0.023127 -0.003243 -0.999727
vn -0.000191 0.000000 -1.000000
vn 0.692427 0.065614 -0.718498
vn 0.692427 0.065614 -0.718498
vn 0.707014 0.000381 -0.707199
vn 0.995515 0.094607 -0.000295
vn 0.692349 0.066374 0.718503
vn 0.707014 0.000381 0.707199
vn -0.023460 -0.003242 0.999720
vn -0.023460 -0.003242 0.999720
vn -0.000191 -0.000000 1.000000
vn -0.715454 -0.071145 0.695028
vn -0.715454 -0.071145 0.695028
vn -0.707235 -0.000763 0.706978
vn -0.995220 -0.097658 -0.000148
vn -0.995220 -0.097658 -0.000148
vn -0.678032 -0.267799 -0.684512
vn -0.930612 -0.366008 0.000042
vn -0.715387 -0.070380 -0.695175
vn -0.040340 -0.017738 -0.999029
vn -0.678032 -0.267799 -0.684512
vn -0.023127 -0.003243 -0.999727
vn 0.638064 0.249103 -0.728575
vn -0.040340 -0.017738 -0.999029
vn 0.692427 0.065614 -0.718498
vn 0.931645 0.363369 -0.000373
vn 0.638064 0.249103 -0.728575
vn 0.995515 0.094607 -0.000295
vn 0.638193 0.248716 0.728595
vn 0.931645 0.363369 -0.000373
vn 0.692349 0.066374 0.718503
vn -0.040770 -0.017929 0.999008
vn 0.638193 0.248716 0.728595
vn -0.023460 -0.003242 0.999720
vn -0.678064 -0.267792 0.684483
vn -0.040770 -0.017929 0.999008
vn -0.715454 -0.071145 0.695028
vn -0.930612 -0.366008 0.000042
vn -0.678064 -0.267792 0.684483
vn -0.930612 -0.366008 0.000042
vn -0.522618 -0.514702 -0.679671
vn -0.712380 -0.701794 0.000022
vn -0.678032 -0.267799 -0.684512
vn -0.038767 -0.038147 -0.998520
vn -0.522618 -0.514702 -0.679671
vn -0.040340 -0.017738 -0.999029
vn 0.484374 0.476458 -0.733737
vn -0.038767 -0.038147 -0.998520
vn 0.638064 0.249103 -0.728575
vn 0.713208 0.700953 -0.000068
vn 0.484374 0.476458 -0.733737
vn 0.931645 0.363369 -0.000373
vn 0.484525 0.476276 0.733755
vn 0.713208 0.700953 -0.000068
vn 0.638193 0.248716 0.728595
vn -0.038815 -0.038147 0.998518
vn 0.484525 0.476276 0.733755
vn -0.040770 -0.017929 0.999008
vn -0.522674 -0.514615 0.679694
vn -0.038815 -0.038147 0.998518
vn -0.678064 -0.267792 0.684483
vn -0.712380 -0.701794 0.000022
vn -0.522674 -0.514615 0.679694
vn -0.712380 -0.701794 0.000022
vn -0.272854 -0.676843 -0.683692
vn -0.372985 -0.927837 -0.000215
vn -0.522618 -0.514702 -0.679671
vn -0.019073 -0.042629 -0.998909
vn -0.272854 -0.676843 -0.683692
vn -0.038767 -0.038147 -0.998520
vn 0.252341 0.635240 -0.729927
vn -0.019073 -0.042629 -0.998909
vn 0.484374 0.476458 -0.733737
vn 0.369729 0.929139 0.000400
vn 0.252341 0.635240 -0.729927
vn 0.713208 0.700953 -0.000068
vn 0.253196 0.634945 0.729888
vn 0.369729 0.929139 0.000400
vn 0.484525 0.476276 0.733755
vn -0.018978 -0.042152 0.998931
vn 0.253196 0.634945 0.729888
vn -0.038815 -0.038147 0.998518
vn -0.273424 -0.676645 0.683660
vn -0.018978 -0.042152 0.998931
vn -0.522674 -0.514615 0.679694
vn -0.372985 -0.927837 -0.000215
vn -0.273424 -0.676645 0.683660
vn -0.372985 -0.927837 -0.000215
vn -0.072195 -0.714802 -0.695591
vn -0.100042 -0.994983 -0.000229
vn -0.272854 -0.676843 -0.683692
vn -0.003147 -0.022793 -0.999735
vn -0.072195 -0.714802 -0.695591
vn -0.019073 -0.042629 -0.998909
vn 0.066473 0.692669 -0.718186
vn -0.003147 -0.022793 -0.999735
vn 0.252341 0.635240 -0.729927
vn 0.094319 0.995542 0.000408
vn 0.066473 0.692669 -0.718186
vn 0.369729 0.929139 0.000400
vn 0.065614 0.692767 0.718171
vn 0.094319 0.995542 0.000408
vn 0.253196 0.634945 0.729888
vn -0.003052 -0.022221 0.999748
vn 0.065614 0.692767 0.718171
vn -0.018978 -0.042152 0.998931
vn -0.071717 -0.714879 0.695561
vn -0.003052 -0.022221 0.999748
vn -0.273424 -0.676645 0.683660
vn -0.100042 -0.994983 -0.000229
vn -0.071717 -0.714879 0.695561
vn -0.100042 -0.994983 -0.000229
vn -0.003529 -0.707722 -0.706482
vn -0.004959 -0.999988 -0.000044
vn -0.072195 -0.714802 -0.695591
vn -0.000095 -0.001144 -0.999999
vn -0.003529 -0.707722 -0.706482
vn -0.003147 -0.022793 -0.999735
vn 0.002956 0.706657 -0.707551
vn -0.000095 -0.001144 -0.999999
vn 0.066473 0.692669 -0.718186
vn 0.004005 0.999992 0.000049
vn 0.002956 0.706657 -0.707551
vn 0.094319 0.995542 0.000408
vn 0.002861 0.706657 0.707551
vn 0.004005 0.999992 0.000049
vn 0.065614 0.692767 0.718171
vn -0.000095 -0.001049 1.000000
vn 0.002861 0.706657 0.707551
vn -0.003052 -0.022221 0.999748
vn -0.003338 -0.707725 0.706480
vn -0.000095 -0.001049 1.000000
vn -0.071717 -0.714879 0.695561
vn -0.004959 -0.999988 -0.000044
vn -0.003338 -0.707725 0.706480
vn -0.715387 -0.070380 -0.695175
vn -1.000000 -0.000763 0.000009
vn -0.707235 -0.000763 -0.706978
vn -0.023127 -0.003243 -0.999727
vn -0.707235 -0.000763 -0.706978
vn -0.000191 0.000000 -1.000000
vn 0.692349 0.066374 0.718503
vn 1.000000 0.000763 -0.000008
vn 0.707014 0.000381 0.707199
vn 0.692427 0.065614 -0.718498
vn -0.000191 0.000000 -1.000000
vn 0.707014 0.000381 -0.707199
vn 0.995515 0.094607 -0.000295
vn 0.707014 0.000381 -0.707199
vn 1.000000 0.000763 -0.000008
vn -0.023460 -0.003242 0.999720
vn 0.707014 0.000381 0.707199
vn -0.000191 -0.000000 1.000000
vn -0.715454 -0.071145 0.695028
vn -0.000191 -0.000000 1.000000
vn -0.707235 -0.000763 0.706978
vn -0.995220 -0.097658 -0.000148
vn -0.707235 -0.000763 0.706978
vn -1.000000 -0.000763 0.000009
vn -0.458015 -0.000000 0.888945
vn -0.815304 -0.000000 0.579033
vn -0.452049 -0.627561 0.633892
vn -0.438745 -0.898611 -0.000047
vn -0.452049 -0.627561 0.633892
vn -0.807328 -0.590104 0.000120
vn -0.438745 -0.898611 -0.000047
vn -0.807328 -0.590104 0.000120
vn -0.451600 -0.628214 -0.633565
vn -0.443329 -0.004196 -0.896349
vn -0.814809 -0.402093 -0.417621
vn -0.802768 -0.012207 -0.596166
vn -0.443329 -0.004196 -0.896349
vn -0.802768 -0.012207 -0.596166
vn -0.451282 0.633668 -0.628339
vn -0.451282 0.633668 -0.628339
vn -0.814459 0.418065 -0.402342
vn -0.442884 0.896570 -0.004087
vn -0.442884 0.896570 -0.004087
vn -0.802424 0.596629 -0.012262
vn -0.451723 0.627564 0.634121
vn -0.451723 0.627564 0.634121
vn -0.815304 -0.000000 0.579033
vn -0.458015 -0.000000 0.888945
vn -0.014962 -0.000000 0.999888
vn -0.452049 -0.627561 0.633892
vn -0.014963 -0.706944 0.707111
vn -0.014963 -0.706944 0.707111
vn -0.452049 -0.627561 0.633892
vn -0.014962 -0.999888 0.000001
vn -0.014962 -0.999888 0.000001
vn -0.451600 -0.628214 -0.633565
vn -0.014963 -0.706944 -0.707111
vn -0.014963 -0.706944 -0.707111
vn -0.443329 -0.004196 -0.896349
vn -0.014959 0.000000 -0.999888
vn -0.014959 0.000000 -0.999888
vn -0.451282 0.633668 -0.628339
vn -0.014961 0.706944 -0.707111
vn -0.014961 0.706944 -0.707111
vn -0.442884 0.896570 -0.004087
vn -0.014960 0.999888 0.000000
vn -0.014960 0.999888 0.000000
vn -0.451723 0.627564 0.634121
vn -0.014964 0.706944 0.707111
vn -0.014964 0.706944 0.707111
vn -0.451723 0.627564 0.634121
vn -0.014962 -0.000000 0.999888
vn 0.470395 -0.003815 0.882448
vn -0.014962 -0.000000 0.999888
vn 0.479039 -0.618000 0.623376
vn 0.479039 -0.618000 0.623376
vn -0.014963 -0.706944 0.707111
vn 0.470416 -0.882436 -0.003884
vn 0.470416 -0.882436 -0.003884
vn -0.014962 -0.999888 0.000001
vn 0.479005 -0.623342 -0.618061
vn 0.479005 -0.623342 -0.618061
vn -0.014963 -0.706944 -0.707111
vn 0.470343 0.003815 -0.882476
vn 0.470343 0.003815 -0.882476
vn -0.014959 0.000000 -0.999888
vn 0.479008 0.618006 -0.623394
vn 0.479008 0.618006 -0.623394
vn -0.014961 0.706944 -0.707111
vn 0.470420 0.882434 0.003899
vn 0.470420 0.882434 0.003899
vn -0.014960 0.999888 0.000000
vn 0.479032 0.623331 0.618050
vn 0.479032 0.623331 0.618050
vn -0.014964 0.706944 0.707111
vn 0.470395 -0.003815 0.882448
vn 0.736900 -0.019455 0.675722
vn 0.470395 -0.003815 0.882448
vn 0.750887 -0.454352 0.479304
vn 0.736755 -0.675882 -0.019383
vn 0.470416 -0.882436 -0.003884
vn 0.750731 -0.479469 -0.454437
vn 0.750836 0.454357 -0.479380
vn 0.470343 0.003815 -0.882476
vn 0.479008 0.618006 -0.623394
vn 0.736761 0.675877 0.019331
vn 0.470420 0.882434 0.003899
vn 0.750917 0.479168 0.454447
vn -0.816102 -0.391756 0.424859
vn -0.815304 -0.000000 0.579033
vn -0.999991 -0.000381 0.004139
vn -0.807328 -0.590104 0.000120
vn -0.816102 -0.391756 0.424859
vn -0.999991 -0.000381 0.004139
vn -0.814809 -0.402093 -0.417621
vn -0.807328 -0.590104 0.000120
vn -0.999991 -0.000381 0.004139
vn -0.802768 -0.012207 -0.596166
vn -0.814809 -0.402093 -0.417621
vn -0.999991 -0.000381 0.004139
vn -0.814459 0.418065 -0.402342
vn -0.802768 -0.012207 -0.596166
vn -0.999991 -0.000381 0.004139
vn -0.802424 0.596629 -0.012262
vn -0.814459 0.418065 -0.402342
vn -0.999991 -0.000381 0.004139
vn -0.815895 0.391788 0.425227
vn -0.802424 0.596629 -0.012262
vn -0.999991 -0.000381 0.004139
vn -0.815304 -0.000000 0.579033
vn -0.815895 0.391788 0.425227
vn -0.999991 -0.000381 0.004139
vn -0.376774 -0.000000 0.926305
vn 0.060061 -0.390646 0.918580
vn 0.061298 -0.000000 0.998120
vn -0.370464 -0.656844 0.656743
vn 0.059801 -0.705782 0.705901
vn 0.060061 -0.390646 0.918580
vn -0.370464 -0.656844 0.656743
vn 0.060055 -0.918532 0.390760
vn 0.059801 -0.705782 0.705901
vn -0.376817 -0.926288 0.000001
vn 0.061286 -0.998120 0.000006
vn 0.060055 -0.918532 0.390760
vn -0.376817 -0.926288 0.000001
vn 0.060055 -0.918536 -0.390750
vn 0.061286 -0.998120 0.000006
vn -0.370466 -0.656847 -0.656740
vn 0.059801 -0.705782 -0.705901
vn 0.060055 -0.918536 -0.390750
vn -0.370466 -0.656847 -0.656740
vn 0.060061 -0.390646 -0.918580
vn 0.059801 -0.705782 -0.705901
vn -0.376774 0.000000 -0.926305
vn 0.061298 0.000000 -0.998120
vn 0.060061 -0.390646 -0.918580
vn -0.376774 0.000000 -0.926305
vn 0.060061 0.390646 -0.918580
vn 0.061298 0.000000 -0.998120
vn -0.370454 0.656847 -0.656746
vn 0.059801 0.705782 -0.705901
vn 0.060061 0.390646 -0.918580
vn -0.370454 0.656847 -0.656746
vn 0.060055 0.918536 -0.390750
vn 0.059801 0.705782 -0.705901
vn -0.376797 0.926296 -0.000000
vn 0.061286 0.998120 -0.000008
vn 0.060055 0.918536 -0.390750
vn -0.376797 0.926296 -0.000000
vn 0.060055 0.918538 0.390745
vn 0.061286 0.998120 -0.000008
vn -0.370466 0.656847 0.656740
vn 0.059801 0.705782 0.705901
vn 0.060055 0.918538 0.390745
vn -0.370466 0.656847 0.656740
vn 0.060061 0.390646 0.918580
vn 0.059801 0.705782 0.705901
vn -0.370466 0.656847 0.656740
vn -0.376774 -0.000000 0.926305
vn 0.060061 0.390646 0.918580
vn 0.061298 -0.000000 0.998120
vn 0.060061 -0.390646 0.918580
vn 0.492620 -0.000000 0.870245
vn 0.060055 -0.918532 0.390760
vn 0.492668 -0.870217 0.000001
vn 0.483997 -0.618753 0.618783
vn 0.060055 -0.918536 -0.390750
vn 0.483999 -0.618755 -0.618779
vn 0.492668 -0.870217 0.000001
vn 0.060061 -0.390646 -0.918580
vn 0.492622 0.000000 -0.870243
vn 0.483999 -0.618755 -0.618779
vn 0.060061 0.390646 -0.918580
vn 0.483997 0.618753 -0.618783
vn 0.492622 0.000000 -0.870243
vn 0.060055 0.918536 -0.390750
vn 0.492668 0.870217 -0.000002
vn 0.483997 0.618753 -0.618783
vn 0.061286 0.998120 -0.000008
vn 0.060055 0.918538 0.390745
vn 0.492668 0.870217 -0.000002
vn 0.060061 0.390646 0.918580
vn 0.492620 -0.000000 0.870245
vn 0.483999 0.618755 0.618779
vn -0.746348 -0.018311 0.665304
vn -0.754951 -0.451702 0.475409
vn -0.504105 -0.003433 0.863636
vn -0.754951 -0.451702 0.475409
vn -0.746358 -0.665295 -0.018227
vn -0.510167 -0.605830 0.610491
vn -0.746358 -0.665295 -0.018227
vn -0.754901 -0.475324 -0.451875
vn -0.504106 -0.863636 -0.003279
vn -0.754901 -0.475324 -0.451875
vn -0.746351 0.018311 -0.665300
vn -0.510149 -0.610386 -0.605951
vn -0.746351 0.018311 -0.665300
vn -0.754823 0.452007 -0.475323
vn -0.504105 0.003433 -0.863636
vn -0.746358 0.665295 0.018227
vn -0.510167 0.605830 -0.610491
vn -0.754823 0.452007 -0.475323
vn -0.746358 0.665295 0.018227
vn -0.754905 0.475327 0.451866
vn -0.504106 0.863636 0.003282
vn -0.754905 0.475327 0.451866
vn -0.746348 -0.018311 0.665304
vn -0.510153 0.610390 0.605944
vn -0.504105 -0.003433 0.863636
vn -0.006008 -0.707172 0.707017
vn -0.006008 -0.000000 0.999982
vn -0.510167 -0.605830 0.610491
vn -0.006009 -0.999982 0.000003
vn -0.006008 -0.707172 0.707017
vn -0.504106 -0.863636 -0.003279
vn -0.006008 -0.707172 -0.707017
vn -0.006009 -0.999982 0.000003
vn -0.510149 -0.610386 -0.605951
vn -0.006008 0.000000 -0.999982
vn -0.006008 -0.707172 -0.707017
vn -0.504105 0.003433 -0.863636
vn -0.006007 0.707166 -0.707023
vn -0.006008 0.000000 -0.999982
vn -0.510167 0.605830 -0.610491
vn -0.006009 0.999982 0.000001
vn -0.006007 0.707166 -0.707023
vn -0.504106 0.863636 0.003282
vn -0.006008 0.707172 0.707017
vn -0.006009 0.999982 0.000001
vn -0.510153 0.610390 0.605944
vn -0.006008 -0.000000 0.999982
vn -0.006008 0.707172 0.707017
vn -0.006008 -0.000000 0.999982
vn -0.006008 -0.707172 0.707017
vn 0.473977 -0.003815 0.880529
vn -0.006008 -0.707172 0.707017
vn -0.006009 -0.999982 0.000003
vn 0.482087 -0.616843 0.622171
vn -0.006009 -0.999982 0.000003
vn -0.006008 -0.707172 -0.707017
vn 0.474017 -0.880507 -0.003881
vn -0.006008 -0.707172 -0.707017
vn -0.006008 0.000000 -0.999982
vn 0.482084 -0.622179 -0.616838
vn -0.006008 0.000000 -0.999982
vn -0.006007 0.707166 -0.707023
vn 0.473977 0.003815 -0.880529
vn -0.006007 0.707166 -0.707023
vn -0.006009 0.999982 0.000001
vn 0.482084 0.616838 -0.622179
vn -0.006009 0.999982 0.000001
vn -0.006008 0.707172 0.707017
vn 0.474017 0.880507 0.003884
vn -0.006008 0.707172 0.707017
vn -0.006008 -0.000000 0.999982
vn 0.482084 0.622179 0.616838
vn 0.482087 -0.616843 0.622171
vn 0.841316 -0.374596 0.389700
vn 0.473977 -0.003815 0.880529
vn 0.474017 -0.880507 -0.003881
vn 0.829455 -0.558437 -0.012344
vn 0.482087 -0.616843 0.622171
vn 0.482084 -0.622179 -0.616838
vn 0.841287 -0.389842 -0.374512
vn 0.474017 -0.880507 -0.003881
vn 0.473977 0.003815 -0.880529
vn 0.829511 0.012207 -0.558356
vn 0.482084 -0.622179 -0.616838
vn 0.482084 0.616838 -0.622179
vn 0.841312 0.374594 -0.389710
vn 0.473977 0.003815 -0.880529
vn 0.474017 0.880507 0.003884
vn 0.829455 0.558437 0.012346
vn 0.482084 0.616838 -0.622179
vn 0.482084 0.622179 0.616838
vn 0.841284 0.389840 0.374522
vn 0.474017 0.880507 0.003884
vn 0.473977 -0.003815 0.880529
vn 0.829511 -0.012207 0.558356
vn 0.482084 0.622179 0.616838
vn 0.841316 -0.374596 0.389700
vn 1.000000 -0.000000 0.000001
vn 0.829511 -0.012207 0.558356
vn 0.829455 -0.558437 -0.012344
vn 1.000000 -0.000000 0.000001
vn 0.841316 -0.374596 0.389700
vn 0.841287 -0.389842 -0.374512
vn 1.000000 -0.000000 0.000001
vn 0.829455 -0.558437 -0.012344
vn 0.829511 0.012207 -0.558356
vn 1.000000 -0.000000 0.000001
vn 0.841287 -0.389842 -0.374512
vn 0.841312 0.374594 -0.389710
vn 1.000000 -0.000000 0.000001
vn 0.829511 0.012207 -0.558356
vn 0.829455 0.558437 0.012346
vn 1.000000 -0.000000 0.000001
vn 0.841312 0.374594 -0.389710
vn 0.841284 0.389840 0.374522
vn 1.000000 -0.000000 0.000001
vn 0.829455 0.558437 0.012346
vn 0.829511 -0.012207 0.558356
vn 1.000000 -0.000000 0.000001
vn 0.841284 0.389840 0.374522
vn 0.479039 -0.618000 0.623376
vn 0.736755 -0.675882 -0.019383
vn 0.750887 -0.454352 0.479304
vn 0.479005 -0.623342 -0.618061
vn 0.736803 0.019455 -0.675828
vn 0.750731 -0.479469 -0.454437
vn 0.479008 0.618006 -0.623394
vn 0.736761 0.675877 0.019331
vn 0.750836 0.454357 -0.479380
vn 0.479032 0.623331 0.618050
vn 0.736900 -0.019455 0.675722
vn 0.750917 0.479168 0.454447
vn 0.060061 -0.390646 0.918580
vn 0.059801 -0.705782 0.705901
vn 0.483997 -0.618753 0.618783
vn 0.059801 -0.705782 0.705901
vn 0.060055 -0.918532 0.390760
vn 0.483997 -0.618753 0.618783
vn 0.060055 -0.918532 0.390760
vn 0.061286 -0.998120 0.000006
vn 0.492668 -0.870217 0.000001
vn 0.060055 -0.918536 -0.390750
vn 0.059801 -0.705782 -0.705901
vn 0.483999 -0.618755 -0.618779
vn 0.059801 -0.705782 -0.705901
vn 0.060061 -0.390646 -0.918580
vn 0.483999 -0.618755 -0.618779
vn 0.060061 -0.390646 -0.918580
vn 0.061298 0.000000 -0.998120
vn 0.492622 0.000000 -0.870243
vn 0.060061 0.390646 -0.918580
vn 0.059801 0.705782 -0.705901
vn 0.483997 0.618753 -0.618783
vn 0.059801 0.705782 -0.705901
vn 0.060055 0.918536 -0.390750
vn 0.483997 0.618753 -0.618783
vn 0.060055 0.918536 -0.390750
vn 0.061286 0.998120 -0.000008
vn 0.492668 0.870217 -0.000002
vn 0.060055 0.918538 0.390745
vn 0.059801 0.705782 0.705901
vn 0.483999 0.618755 0.618779
vn 0.059801 0.705782 0.705901
vn 0.060061 0.390646 0.918580
vn 0.483999 0.618755 0.618779
vn 0.060061 0.390646 0.918580
vn 0.061298 -0.000000 0.998120
vn 0.492620 -0.000000 0.870245
vn -0.376774 -0.000000 0.926305
vn -0.370464 -0.656844 0.656743
vn 0.060061 -0.390646 0.918580
vn -0.376817 -0.926288 0.000001
vn -0.370466 -0.656847 -0.656740
vn 0.060055 -0.918536 -0.390750
vn -0.376774 0.000000 -0.926305
vn -0.370454 0.656847 -0.656746
vn 0.060061 0.390646 -0.918580
vn -0.376797 0.926296 -0.000000
vn -0.370466 0.656847 0.656740
vn 0.060055 0.918538 0.390745
vn 0.060055 0.918536 -0.390750
vn -0.370454 0.656847 -0.656746
vn -0.376797 0.926296 -0.000000
vn 0.060061 -0.390646 -0.918580
vn -0.370466 -0.656847 -0.656740
vn -0.376774 0.000000 -0.926305
vn 0.060055 -0.918532 0.390760
vn -0.370464 -0.656844 0.656743
vn -0.376817 -0.926288 0.000001
vn -0.376774 -0.000000 0.926305
vn 0.061298 -0.000000 0.998120
vn 0.060061 0.390646 0.918580
vn 0.060055 0.918538 0.390745
vn 0.483999 0.618755 0.618779
vn 0.492668 0.870217 -0.000002
vn 0.060061 -0.390646 0.918580
vn 0.483997 -0.618753 0.618783
vn 0.492620 -0.000000 0.870245
vn 0.492668 -0.870217 0.000001
vn 0.061286 -0.998120 0.000006
vn 0.060055 -0.918536 -0.390750
vn 0.492622 0.000000 -0.870243
vn 0.061298 0.000000 -0.998120
vn 0.060061 0.390646 -0.918580
vn -0.815304 -0.000000 0.579033
vn -0.816102 -0.391756 0.424859
vn -0.452049 -0.627561 0.633892
vn -0.452049 -0.627561 0.633892
vn -0.816102 -0.391756 0.424859
vn -0.807328 -0.590104 0.000120
vn -0.807328 -0.590104 0.000120
vn -0.814809 -0.402093 -0.417621
vn -0.451600 -0.628214 -0.633565
vn -0.443329 -0.004196 -0.896349
vn -0.451600 -0.628214 -0.633565
vn -0.814809 -0.402093 -0.417621
vn -0.802768 -0.012207 -0.596166
vn -0.814459 0.418065 -0.402342
vn -0.451282 0.633668 -0.628339
vn -0.814459 0.418065 -0.402342
vn -0.802424 0.596629 -0.012262
vn -0.442884 0.896570 -0.004087
vn -0.802424 0.596629 -0.012262
vn -0.815895 0.391788 0.425227
vn -0.451723 0.627564 0.634121
vn -0.451723 0.627564 0.634121
vn -0.815895 0.391788 0.425227
vn -0.815304 -0.000000 0.579033
vn -0.014962 -0.000000 0.999888
vn -0.458015 -0.000000 0.888945
vn -0.452049 -0.627561 0.633892
vn -0.452049 -0.627561 0.633892
vn -0.438745 -0.898611 -0.000047
vn -0.014962 -0.999888 0.000001
vn -0.014962 -0.999888 0.000001
vn -0.438745 -0.898611 -0.000047
vn -0.451600 -0.628214 -0.633565
vn -0.014963 -0.706944 -0.707111
vn -0.451600 -0.628214 -0.633565
vn -0.443329 -0.004196 -0.896349
vn -0.014959 0.000000 -0.999888
vn -0.443329 -0.004196 -0.896349
vn -0.451282 0.633668 -0.628339
vn -0.014961 0.706944 -0.707111
vn -0.451282 0.633668 -0.628339
vn -0.442884 0.896570 -0.004087
vn -0.014960 0.999888 0.000000
vn -0.442884 0.896570 -0.004087
vn -0.451723 0.627564 0.634121
vn -0.451723 0.627564 0.634121
vn -0.458015 -0.000000 0.888945
vn -0.014962 -0.000000 0.999888
vn -0.014962 -0.000000 0.999888
vn -0.014963 -0.706944 0.707111
vn 0.479039 -0.618000 0.623376
vn -0.014963 -0.706944 0.707111
vn -0.014962 -0.999888 0.000001
vn 0.470416 -0.882436 -0.003884
vn -0.014962 -0.999888 0.000001
vn -0.014963 -0.706944 -0.707111
vn 0.479005 -0.623342 -0.618061
vn -0.014963 -0.706944 -0.707111
vn -0.014959 0.000000 -0.999888
vn 0.470343 0.003815 -0.882476
vn -0.014959 0.000000 -0.999888
vn -0.014961 0.706944 -0.707111
vn 0.479008 0.618006 -0.623394
vn -0.014961 0.706944 -0.707111
vn -0.014960 0.999888 0.000000
vn 0.470420 0.882434 0.003899
vn -0.014960 0.999888 0.000000
vn -0.014964 0.706944 0.707111
vn 0.479032 0.623331 0.618050
vn -0.014964 0.706944 0.707111
vn -0.014962 -0.000000 0.999888
vn 0.470395 -0.003815 0.882448
vn 0.470395 -0.003815 0.882448
vn 0.479039 -0.618000 0.623376
vn 0.750887 -0.454352 0.479304
vn 0.470416 -0.882436 -0.003884
vn 0.479005 -0.623342 -0.618061
vn 0.750731 -0.479469 -0.454437
vn 0.750836 0.454357 -0.479380
vn 0.736803 0.019455 -0.675828
vn 0.470343 0.003815 -0.882476
vn 0.470420 0.882434 0.003899
vn 0.479032 0.623331 0.618050
vn 0.750917 0.479168 0.454447
vn -0.754951 -0.451702 0.475409
vn -0.510167 -0.605830 0.610491
vn -0.504105 -0.003433 0.863636
vn -0.746358 -0.665295 -0.018227
vn -0.504106 -0.863636 -0.003279
vn -0.510167 -0.605830 0.610491
vn -0.754901 -0.475324 -0.451875
vn -0.510149 -0.610386 -0.605951
vn -0.504106 -0.863636 -0.003279
vn -0.746351 0.018311 -0.665300
vn -0.504105 0.003433 -0.863636
vn -0.510149 -0.610386 -0.605951
vn -0.754823 0.452007 -0.475323
vn -0.510167 0.605830 -0.610491
vn -0.504105 0.003433 -0.863636
vn -0.746358 0.665295 0.018227
vn -0.504106 0.863636 0.003282
vn -0.510167 0.605830 -0.610491
vn -0.754905 0.475327 0.451866
vn -0.510153 0.610390 0.605944
vn -0.504106 0.863636 0.003282
vn -0.746348 -0.018311 0.665304
vn -0.504105 -0.003433 0.863636
vn -0.510153 0.610390 0.605944
vn -0.504105 -0.003433 0.863636
vn -0.510167 -0.605830 0.610491
vn -0.006008 -0.707172 0.707017
vn -0.510167 -0.605830 0.610491
vn -0.504106 -0.863636 -0.003279
vn -0.006009 -0.999982 0.000003
vn -0.504106 -0.863636 -0.003279
vn -0.510149 -0.610386 -0.605951
vn -0.006008 -0.707172 -0.707017
vn -0.510149 -0.610386 -0.605951
vn -0.504105 0.003433 -0.863636
vn -0.006008 0.000000 -0.999982
vn -0.504105 0.003433 -0.863636
vn -0.510167 0.605830 -0.610491
vn -0.006007 0.707166 -0.707023
vn -0.510167 0.605830 -0.610491
vn -0.504106 0.863636 0.003282
vn -0.006009 0.999982 0.000001
vn -0.504106 0.863636 0.003282
vn -0.510153 0.610390 0.605944
vn -0.006008 0.707172 0.707017
vn -0.510153 0.610390 0.605944
vn -0.504105 -0.003433 0.863636
vn -0.006008 -0.000000 0.999982
vn -0.006008 -0.707172 0.707017
vn 0.482087 -0.616843 0.622171
vn 0.473977 -0.003815 0.880529
vn -0.006009 -0.999982 0.000003
vn 0.474017 -0.880507 -0.003881
vn 0.482087 -0.616843 0.622171
vn -0.006008 -0.707172 -0.707017
vn 0.482084 -0.622179 -0.616838
vn 0.474017 -0.880507 -0.003881
vn -0.006008 0.000000 -0.999982
vn 0.473977 0.003815 -0.880529
vn 0.482084 -0.622179 -0.616838
vn -0.006007 0.707166 -0.707023
vn 0.482084 0.616838 -0.622179
vn 0.473977 0.003815 -0.880529
vn -0.006009 0.999982 0.000001
vn 0.474017 0.880507 0.003884
vn 0.482084 0.616838 -0.622179
vn -0.006008 0.707172 0.707017
vn 0.482084 0.622179 0.616838
vn 0.474017 0.880507 0.003884
vn -0.006008 -0.000000 0.999982
vn 0.473977 -0.003815 0.880529
vn 0.482084 0.622179 0.616838
vn 0.841316 -0.374596 0.389700
vn 0.829511 -0.012207 0.558356
vn 0.473977 -0.003815 0.880529
vn 0.829455 -0.558437 -0.012344
vn 0.841316 -0.374596 0.389700
vn 0.482087 -0.616843 0.622171
vn 0.841287 -0.389842 -0.374512
vn 0.829455 -0.558437 -0.012344
vn 0.474017 -0.880507 -0.003881
vn 0.829511 0.012207 -0.558356
vn 0.841287 -0.389842 -0.374512
vn 0.482084 -0.622179 -0.616838
vn 0.841312 0.374594 -0.389710
vn 0.829511 0.012207 -0.558356
vn 0.473977 0.003815 -0.880529
vn 0.829455 0.558437 0.012346
vn 0.841312 0.374594 -0.389710
vn 0.482084 0.616838 -0.622179
vn 0.841284 0.389840 0.374522
vn 0.829455 0.558437 0.012346
vn 0.474017 0.880507 0.003884
vn 0.829511 -0.012207 0.558356
vn 0.841284 0.389840 0.374522
vn 0.482084 0.622179 0.616838
vn 0.479039 -0.618000 0.623376
vn 0.470416 -0.882436 -0.003884
vn 0.736755 -0.675882 -0.019383
vn 0.479005 -0.623342 -0.618061
vn 0.470343 0.003815 -0.882476
vn 0.736803 0.019455 -0.675828
vn 0.479008 0.618006 -0.623394
vn 0.470420 0.882434 0.003899
vn 0.736761 0.675877 0.019331
vn 0.479032 0.623331 0.618050
vn 0.470395 -0.003815 0.882448
vn 0.736900 -0.019455 0.675722
vn -0.999859 -0.016785 -0.000005
vn -0.604979 0.517703 0.604967
vn -0.855561 0.517702 -0.000010
vn -0.999859 -0.016785 -0.000005
vn -0.835350 -0.549719 -0.000005
vn -0.707010 -0.016785 0.707004
vn -1.000000 0.000000 -0.000007
vn -1.000000 0.000000 -0.000002
vn -0.707107 -0.000000 0.707107
vn -0.796665 0.604421 0.000001
vn -0.577112 0.780896 0.239047
vn -0.624657 0.780899 0.000001
vn -0.999955 -0.009441 0.000001
vn -0.923838 -0.009441 0.382668
vn -0.736024 0.604421 0.304869
vn -0.665015 -0.746830 0.000001
vn -0.614390 -0.746833 0.254492
vn -0.923838 -0.009441 0.382668
vn -0.241321 -0.965283 0.099960
vn -0.614390 -0.746833 0.254492
vn -0.665015 -0.746830 0.000001
vn -0.832880 0.432777 0.344986
vn -0.912910 0.153638 0.378140
vn -0.988127 0.153637 0.000001
vn -0.979191 0.202943 0.000001
vn -0.904656 0.202942 0.374717
vn -0.832880 0.432777 0.344986
vn -0.656121 -0.704020 0.271774
vn -0.904656 0.202942 0.374717
vn -0.979191 0.202943 0.000001
vn -0.196717 -0.980460 0.000000
vn -0.181744 -0.980460 0.075280
vn -0.656121 -0.704020 0.271774
vn -0.853472 -0.382897 0.353518
vn -0.774101 -0.633062 0.000001
vn -0.715176 -0.633063 0.296235
vn -0.517728 -0.855545 0.000001
vn -0.478318 -0.855545 0.198127
vn -0.715176 -0.633063 0.296235
vn -0.775584 0.631244 0.000001
vn -0.716548 0.631242 0.296804
vn -0.899972 0.226021 0.372780
vn -0.861450 0.507843 0.000001
vn -0.795877 0.507839 0.329666
vn -0.716548 0.631242 0.296804
vn -0.764176 -0.561998 0.316535
vn -0.795877 0.507839 0.329666
vn -0.861450 0.507843 0.000001
vn -0.834361 -0.551218 0.000001
vn -0.770848 -0.551219 0.319299
vn -0.764176 -0.561998 0.316535
vn -0.716826 0.697252 0.000001
vn -0.662268 0.697245 0.274318
vn -0.770848 -0.551219 0.319299
vn -0.552170 0.801744 0.228724
vn -0.662268 0.697245 0.274318
vn -0.716826 0.697252 0.000001
vn -0.788367 0.521382 0.326555
vn -0.552170 0.801744 0.228724
vn -0.597678 0.801736 0.000000
vn -0.779443 0.626473 0.000000
vn -0.720119 0.626468 0.298273
vn -0.788367 0.521382 0.326555
vn -0.907899 0.419188 0.000001
vn -0.838792 0.419181 0.347442
vn -0.720119 0.626468 0.298273
vn -0.923878 -0.000000 0.382688
vn -0.838792 0.419181 0.347442
vn -0.907899 0.419188 0.000001
vn -0.577112 0.780896 0.239047
vn -0.563329 0.604419 0.563329
vn -0.441703 0.780895 0.441703
vn -0.707075 -0.009441 0.707075
vn -0.563329 0.604419 0.563329
vn -0.736024 0.604421 0.304869
vn -0.614390 -0.746833 0.254492
vn -0.470237 -0.746829 0.470237
vn -0.707075 -0.009441 0.707075
vn -0.184698 -0.965284 0.184698
vn -0.470237 -0.746829 0.470237
vn -0.614390 -0.746833 0.254492
vn -0.637458 0.432776 0.637458
vn -0.698708 0.153638 0.698714
vn -0.912910 0.153638 0.378140
vn -0.904656 0.202942 0.374717
vn -0.692392 0.202942 0.692392
vn -0.637458 0.432776 0.637458
vn -0.502172 -0.704022 0.502172
vn -0.692392 0.202942 0.692392
vn -0.904656 0.202942 0.374717
vn -0.181744 -0.980460 0.075280
vn -0.139103 -0.980459 0.139103
vn -0.502172 -0.704022 0.502172
vn -0.653218 -0.382900 0.653218
vn -0.853472 -0.382897 0.353518
vn -0.547372 -0.633062 0.547372
vn -0.478318 -0.855545 0.198127
vn -0.366092 -0.855542 0.366092
vn -0.547372 -0.633062 0.547372
vn -0.716548 0.631242 0.296804
vn -0.548416 0.631243 0.548428
vn -0.688803 0.226021 0.688815
vn -0.716548 0.631242 0.296804
vn -0.795877 0.507839 0.329666
vn -0.609140 0.507835 0.609140
vn -0.584871 -0.562007 0.584871
vn -0.609140 0.507835 0.609140
vn -0.795877 0.507839 0.329666
vn -0.764176 -0.561998 0.316535
vn -0.770848 -0.551219 0.319299
vn -0.589983 -0.551217 0.589983
vn -0.770848 -0.551219 0.319299
vn -0.662268 0.697245 0.274318
vn -0.506877 0.697246 0.506877
vn -0.422615 0.801744 0.422615
vn -0.506877 0.697246 0.506877
vn -0.662268 0.697245 0.274318
vn -0.603393 0.521377 0.603393
vn -0.422615 0.801744 0.422615
vn -0.552170 0.801744 0.228724
vn -0.720119 0.626468 0.298273
vn -0.551152 0.626469 0.551152
vn -0.603393 0.521377 0.603393
vn -0.720119 0.626468 0.298273
vn -0.838792 0.419181 0.347442
vn -0.641979 0.419196 0.641979
vn -0.923878 -0.000000 0.382688
vn -0.707107 -0.000000 0.707107
vn -0.641979 0.419196 0.641979
vn -0.707010 -0.016785 0.707004
vn -0.000005 -0.016785 0.999859
vn -0.604979 0.517703 0.604967
vn -0.707010 -0.016785 0.707004
vn -0.000006 -0.549719 0.835350
vn -0.000005 -0.016785 0.999859
vn -0.707113 -0.000000 0.707101
vn -0.707107 -0.000000 0.707107
vn -0.000002 -0.000000 1.000000
vn -0.441703 0.780895 0.441703
vn -0.304869 0.604421 0.736024
vn -0.239047 0.780896 0.577112
vn -0.382668 -0.009441 0.923838
vn -0.304869 0.604421 0.736024
vn -0.563329 0.604419 0.563329
vn -0.470237 -0.746829 0.470237
vn -0.254492 -0.746833 0.614390
vn -0.382668 -0.009441 0.923838
vn -0.099960 -0.965283 0.241321
vn -0.254492 -0.746833 0.614390
vn -0.470237 -0.746829 0.470237
vn -0.344996 0.432776 0.832876
vn -0.378140 0.153638 0.912910
vn -0.698708 0.153638 0.698714
vn -0.692392 0.202942 0.692392
vn -0.374717 0.202942 0.904656
vn -0.344996 0.432776 0.832876
vn -0.271774 -0.704020 0.656121
vn -0.374717 0.202942 0.904656
vn -0.692392 0.202942 0.692392
vn -0.139103 -0.980459 0.139103
vn -0.075280 -0.980460 0.181744
vn -0.271774 -0.704020 0.656121
vn -0.353518 -0.382897 0.853472
vn -0.653218 -0.382900 0.653218
vn -0.296235 -0.633063 0.715176
vn -0.366092 -0.855542 0.366092
vn -0.198126 -0.855541 0.478327
vn -0.296235 -0.633063 0.715176
vn -0.548416 0.631243 0.548428
vn -0.296804 0.631242 0.716548
vn -0.372785 0.226021 0.899970
vn -0.548416 0.631243 0.548428
vn -0.609140 0.507835 0.609140
vn -0.329666 0.507839 0.795877
vn -0.316524 -0.562000 0.764178
vn -0.329666 0.507839 0.795877
vn -0.609140 0.507835 0.609140
vn -0.584871 -0.562007 0.584871
vn -0.589983 -0.551217 0.589983
vn -0.319299 -0.551219 0.770848
vn -0.589983 -0.551217 0.589983
vn -0.506877 0.697246 0.506877
vn -0.274318 0.697245 0.662268
vn -0.228724 0.801744 0.552170
vn -0.274318 0.697245 0.662268
vn -0.506877 0.697246 0.506877
vn -0.326555 0.521382 0.788367
vn -0.228724 0.801744 0.552170
vn -0.422615 0.801744 0.422615
vn -0.551152 0.626469 0.551152
vn -0.298273 0.626468 0.720119
vn -0.326555 0.521382 0.788367
vn -0.551152 0.626469 0.551152
vn -0.641979 0.419196 0.641979
vn -0.347442 0.419181 0.838791
vn -0.707107 -0.000000 0.707107
vn -0.382688 -0.000000 0.923878
vn -0.347442 0.419181 0.838791
vn -0.239047 0.780896 0.577112
vn 0.000001 0.604421 0.796665
vn 0.000002 0.780893 0.624664
vn 0.000001 -0.009441 0.999955
vn 0.000001 0.604421 0.796665
vn -0.304869 0.604421 0.736024
vn -0.254492 -0.746833 0.614390
vn 0.000001 -0.746830 0.665015
vn 0.000001 -0.009441 0.999955
vn 0.000000 -0.965284 0.261204
vn 0.000001 -0.746830 0.665015
vn -0.254492 -0.746833 0.614390
vn 0.000001 0.432774 0.901502
vn 0.000001 0.153637 0.988127
vn -0.378140 0.153638 0.912910
vn -0.374717 0.202942 0.904656
vn 0.000001 0.202943 0.979191
vn 0.000001 0.432774 0.901502
vn 0.000001 -0.704024 0.710176
vn 0.000001 0.202943 0.979191
vn -0.374717 0.202942 0.904656
vn -0.075280 -0.980460 0.181744
vn 0.000000 -0.980460 0.196717
vn 0.000001 -0.704024 0.710176
vn 0.000001 -0.382896 0.923791
vn -0.353518 -0.382897 0.853472
vn 0.000001 -0.633062 0.774101
vn -0.198126 -0.855541 0.478327
vn 0.000001 -0.855545 0.517728
vn 0.000001 -0.633062 0.774101
vn -0.296804 0.631242 0.716548
vn 0.000001 0.631244 0.775584
vn 0.000002 0.226022 0.974122
vn -0.296804 0.631242 0.716548
vn -0.329666 0.507839 0.795877
vn 0.000001 0.507843 0.861450
vn 0.000001 -0.561996 0.827140
vn 0.000001 0.507843 0.861450
vn -0.329666 0.507839 0.795877
vn -0.316524 -0.562000 0.764178
vn -0.319299 -0.551219 0.770848
vn 0.000001 -0.551218 0.834361
vn -0.319299 -0.551219 0.770848
vn -0.274318 0.697245 0.662268
vn 0.000001 0.697252 0.716826
vn 0.000000 0.801736 0.597678
vn 0.000001 0.697252 0.716826
vn -0.274318 0.697245 0.662268
vn 0.000000 0.521386 0.853321
vn 0.000000 0.801736 0.597678
vn -0.228724 0.801744 0.552170
vn -0.298273 0.626468 0.720119
vn 0.000001 0.626473 0.779443
vn 0.000000 0.521386 0.853321
vn -0.298273 0.626468 0.720119
vn -0.347442 0.419181 0.838791
vn 0.000000 0.419188 0.907899
vn -0.382688 -0.000000 0.923878
vn 0.000001 -0.000000 1.000000
vn 0.000000 0.419188 0.907899
vn -0.000005 -0.016785 0.999859
vn 0.707004 -0.016785 0.707010
vn -0.000009 0.517702 0.855561
vn -0.000005 -0.016785 0.999859
vn 0.590675 -0.549719 0.590687
vn 0.707004 -0.016785 0.707010
vn -0.000007 -0.000000 1.000000
vn -0.000002 -0.000000 1.000000
vn 0.707107 -0.000000 0.707107
vn 0.000002 0.780893 0.624664
vn 0.304869 0.604421 0.736024
vn 0.239050 0.780895 0.577112
vn 0.382668 -0.009441 0.923838
vn 0.304869 0.604421 0.736024
vn 0.000001 0.604421 0.796665
vn 0.000001 -0.746830 0.665015
vn 0.254492 -0.746833 0.614390
vn 0.382668 -0.009441 0.923838
vn 0.099960 -0.965283 0.241321
vn 0.254492 -0.746833 0.614390
vn 0.000001 -0.746830 0.665015
vn 0.344986 0.432777 0.832880
vn 0.378140 0.153638 0.912910
vn 0.000001 0.153637 0.988127
vn 0.000001 0.202943 0.979191
vn 0.374717 0.202942 0.904656
vn 0.344986 0.432777 0.832880
vn 0.271774 -0.704020 0.656121
vn 0.374717 0.202942 0.904656
vn 0.000001 0.202943 0.979191
vn 0.000000 -0.980460 0.196717
vn 0.075280 -0.980460 0.181744
vn 0.271774 -0.704020 0.656121
vn 0.353518 -0.382897 0.853472
vn 0.000001 -0.382896 0.923791
vn 0.296235 -0.633063 0.715176
vn 0.000001 -0.855545 0.517728
vn 0.198126 -0.855541 0.478327
vn 0.296235 -0.633063 0.715176
vn 0.000001 0.631244 0.775584
vn 0.296804 0.631242 0.716548
vn 0.372780 0.226021 0.899972
vn 0.000001 0.631244 0.775584
vn 0.000001 0.507843 0.861450
vn 0.329666 0.507839 0.795877
vn 0.316535 -0.561998 0.764176
vn 0.329666 0.507839 0.795877
vn 0.000001 0.507843 0.861450
vn 0.000001 -0.561996 0.827140
vn 0.000001 -0.551218 0.834361
vn 0.319299 -0.551219 0.770848
vn 0.000001 -0.551218 0.834361
vn 0.000001 0.697252 0.716826
vn 0.274318 0.697245 0.662268
vn 0.228724 0.801744 0.552170
vn 0.274318 0.697245 0.662268
vn 0.000001 0.697252 0.716826
vn 0.326555 0.521382 0.788367
vn 0.228724 0.801744 0.552170
vn 0.000000 0.801736 0.597678
vn 0.000001 0.626473 0.779443
vn 0.298273 0.626468 0.720119
vn 0.326555 0.521382 0.788367
vn 0.000001 0.626473 0.779443
vn 0.000000 0.419188 0.907899
vn 0.347442 0.419181 0.838791
vn 0.000001 -0.000000 1.000000
vn 0.382688 -0.000000 0.923878
vn 0.347442 0.419181 0.838791
vn 0.239050 0.780895 0.577112
vn 0.563329 0.604419 0.563329
vn 0.441703 0.780895 0.441703
vn 0.707075 -0.009441 0.707075
vn 0.563329 0.604419 0.563329
vn 0.304869 0.604421 0.736024
vn 0.254492 -0.746833 0.614390
vn 0.470237 -0.746829 0.470237
vn 0.707075 -0.009441 0.707075
vn 0.184698 -0.965284 0.184698
vn 0.470237 -0.746829 0.470237
vn 0.254492 -0.746833 0.614390
vn 0.637458 0.432776 0.637458
vn 0.698714 0.153638 0.698708
vn 0.378140 0.153638 0.912910
vn 0.374717 0.202942 0.904656
vn 0.692392 0.202942 0.692392
vn 0.637458 0.432776 0.637458
vn 0.502180 -0.704018 0.502168
vn 0.692392 0.202942 0.692392
vn 0.374717 0.202942 0.904656
vn 0.075280 -0.980460 0.181744
vn 0.139103 -0.980459 0.139103
vn 0.502180 -0.704018 0.502168
vn 0.653218 -0.382900 0.653218
vn 0.353518 -0.382897 0.853472
vn 0.547372 -0.633062 0.547372
vn 0.198126 -0.855541 0.478327
vn 0.366092 -0.855542 0.366092
vn 0.547372 -0.633062 0.547372
vn 0.296804 0.631242 0.716548
vn 0.548428 0.631243 0.548416
vn 0.688815 0.226021 0.688803
vn 0.296804 0.631242 0.716548
vn 0.329666 0.507839 0.795877
vn 0.609140 0.507835 0.609140
vn 0.584871 -0.562007 0.584871
vn 0.609140 0.507835 0.609140
vn 0.329666 0.507839 0.795877
vn 0.316535 -0.561998 0.764176
vn 0.319299 -0.551219 0.770848
vn 0.589983 -0.551217 0.589983
vn 0.319299 -0.551219 0.770848
vn 0.274318 0.697245 0.662268
vn 0.506877 0.697246 0.506877
vn 0.422615 0.801744 0.422615
vn 0.506877 0.697246 0.506877
vn 0.274318 0.697245 0.662268
vn 0.603393 0.521377 0.603393
vn 0.422615 0.801744 0.422615
vn 0.228724 0.801744 0.552170
vn 0.298273 0.626468 0.720119
vn 0.551152 0.626469 0.551152
vn 0.603393 0.521377 0.603393
vn 0.298273 0.626468 0.720119
vn 0.347442 0.419181 0.838791
vn 0.641979 0.419196 0.641979
vn 0.382688 -0.000000 0.923878
vn 0.707107 -0.000000 0.707107
vn 0.641979 0.419196 0.641979
vn 0.707004 -0.016785 0.707010
vn 0.999859 -0.016785 0.000004
vn 0.604967 0.517703 0.604979
vn 0.707004 -0.016785 0.707010
vn 0.835350 -0.549719 0.000006
vn 0.999859 -0.016785 0.000004
vn 0.707101 -0.000000 0.707113
vn 0.707107 -0.000000 0.707107
vn 1.000000 -0.000000 0.000002
vn 0.441703 0.780895 0.441703
vn 0.736024 0.604421 0.304869
vn 0.577112 0.780896 0.239047
vn 0.923838 -0.009441 0.382668
vn 0.736024 0.604421 0.304869
vn 0.563329 0.604419 0.563329
vn 0.470237 -0.746829 0.470237
vn 0.614390 -0.746833 0.254492
vn 0.923838 -0.009441 0.382668
vn 0.241321 -0.965283 0.099960
vn 0.614390 -0.746833 0.254492
vn 0.470237 -0.746829 0.470237
vn 0.832876 0.432776 0.344996
vn 0.912910 0.153638 0.378140
vn 0.698714 0.153638 0.698708
vn 0.692392 0.202942 0.692392
vn 0.904656 0.202942 0.374717
vn 0.832876 0.432776 0.344996
vn 0.656121 -0.704020 0.271774
vn 0.904656 0.202942 0.374717
vn 0.692392 0.202942 0.692392
vn 0.139103 -0.980459 0.139103
vn 0.181744 -0.980460 0.075280
vn 0.656121 -0.704020 0.271774
vn 0.853472 -0.382897 0.353518
vn 0.653218 -0.382900 0.653218
vn 0.715176 -0.633063 0.296235
vn 0.366092 -0.855542 0.366092
vn 0.478327 -0.855541 0.198126
vn 0.715176 -0.633063 0.296235
vn 0.548428 0.631243 0.548416
vn 0.716548 0.631242 0.296804
vn 0.899970 0.226021 0.372785
vn 0.548428 0.631243 0.548416
vn 0.609140 0.507835 0.609140
vn 0.795877 0.507839 0.329666
vn 0.764178 -0.562000 0.316524
vn 0.795877 0.507839 0.329666
vn 0.609140 0.507835 0.609140
vn 0.584871 -0.562007 0.584871
vn 0.589983 -0.551217 0.589983
vn 0.770848 -0.551219 0.319299
vn 0.589983 -0.551217 0.589983
vn 0.506877 0.697246 0.506877
vn 0.662268 0.697245 0.274318
vn 0.552170 0.801744 0.228724
vn 0.662268 0.697245 0.274318
vn 0.506877 0.697246 0.506877
vn 0.788367 0.521382 0.326555
vn 0.552170 0.801744 0.228724
vn 0.422615 0.801744 0.422615
vn 0.551152 0.626469 0.551152
vn 0.720119 0.626468 0.298273
vn 0.788367 0.521382 0.326555
vn 0.551152 0.626469 0.551152
vn 0.641979 0.419196 0.641979
vn 0.838792 0.419181 0.347442
vn 0.707107 -0.000000 0.707107
vn 0.923878 -0.000000 0.382688
vn 0.838792 0.419181 0.347442
vn 0.577112 0.780896 0.239047
vn 0.796665 0.604421 -0.000001
vn 0.624664 0.780893 -0.000001
vn 0.999955 -0.009441 -0.000001
vn 0.796665 0.604421 -0.000001
vn 0.736024 0.604421 0.304869
vn 0.614390 -0.746833 0.254492
vn 0.665015 -0.746830 -0.000001
vn 0.999955 -0.009441 -0.000001
vn 0.261204 -0.965284 -0.000000
vn 0.665015 -0.746830 -0.000001
vn 0.614390 -0.746833 0.254492
vn 0.901502 0.432774 -0.000002
vn 0.988127 0.153637 -0.000002
vn 0.912910 0.153638 0.378140
vn 0.904656 0.202942 0.374717
vn 0.979191 0.202943 -0.000001
vn 0.901502 0.432774 -0.000002
vn 0.710176 -0.704024 -0.000001
vn 0.979191 0.202943 -0.000001
vn 0.904656 0.202942 0.374717
vn 0.181744 -0.980460 0.075280
vn 0.196717 -0.980460 -0.000000
vn 0.710176 -0.704024 -0.000001
vn 0.923791 -0.382896 -0.000001
vn 0.853472 -0.382897 0.353518
vn 0.774101 -0.633062 -0.000001
vn 0.478327 -0.855541 0.198126
vn 0.517737 -0.855540 -0.000001
vn 0.774101 -0.633062 -0.000001
vn 0.716548 0.631242 0.296804
vn 0.775584 0.631244 -0.000001
vn 0.974122 0.226022 -0.000002
vn 0.716548 0.631242 0.296804
vn 0.795877 0.507839 0.329666
vn 0.861450 0.507843 -0.000001
vn 0.827140 -0.561996 -0.000001
vn 0.861450 0.507843 -0.000001
vn 0.795877 0.507839 0.329666
vn 0.764178 -0.562000 0.316524
vn 0.770848 -0.551219 0.319299
vn 0.834361 -0.551218 -0.000001
vn 0.770848 -0.551219 0.319299
vn 0.662268 0.697245 0.274318
vn 0.716826 0.697252 -0.000001
vn 0.597678 0.801736 -0.000001
vn 0.716826 0.697252 -0.000001
vn 0.662268 0.697245 0.274318
vn 0.853321 0.521386 -0.000001
vn 0.597678 0.801736 -0.000001
vn 0.552170 0.801744 0.228724
vn 0.720119 0.626468 0.298273
vn 0.779443 0.626473 -0.000001
vn 0.853321 0.521386 -0.000001
vn 0.720119 0.626468 0.298273
vn 0.838792 0.419181 0.347442
vn 0.907899 0.419188 -0.000001
vn 0.923878 -0.000000 0.382688
vn 1.000000 0.000000 -0.000001
vn 0.907899 0.419188 -0.000001
vn 0.999859 -0.016785 0.000004
vn 0.707010 -0.016785 -0.707004
vn 0.855561 0.517702 0.000009
vn 0.999859 -0.016785 0.000004
vn 0.590687 -0.549719 -0.590675
vn 0.707010 -0.016785 -0.707004
vn 1.000000 -0.000000 0.000007
vn 1.000000 -0.000000 0.000002
vn 0.707107 0.000000 -0.707107
vn 0.624664 0.780893 -0.000001
vn 0.736024 0.604421 -0.304869
vn 0.577112 0.780895 -0.239050
vn 0.923838 -0.009441 -0.382668
vn 0.736024 0.604421 -0.304869
vn 0.796665 0.604421 -0.000001
vn 0.665015 -0.746830 -0.000001
vn 0.614390 -0.746833 -0.254492
vn 0.923838 -0.009441 -0.382668
vn 0.241321 -0.965283 -0.099960
vn 0.614390 -0.746833 -0.254492
vn 0.665015 -0.746830 -0.000001
vn 0.832880 0.432777 -0.344986
vn 0.912910 0.153638 -0.378140
vn 0.988127 0.153637 -0.000002
vn 0.979191 0.202943 -0.000001
vn 0.904656 0.202942 -0.374717
vn 0.832880 0.432777 -0.344986
vn 0.656121 -0.704020 -0.271774
vn 0.904656 0.202942 -0.374717
vn 0.979191 0.202943 -0.000001
vn 0.196717 -0.980460 -0.000000
vn 0.181744 -0.980460 -0.075280
vn 0.656121 -0.704020 -0.271774
vn 0.853472 -0.382897 -0.353518
vn 0.923791 -0.382896 -0.000001
vn 0.715176 -0.633063 -0.296235
vn 0.517737 -0.855540 -0.000001
vn 0.478327 -0.855541 -0.198126
vn 0.715176 -0.633063 -0.296235
vn 0.775584 0.631244 -0.000001
vn 0.716548 0.631242 -0.296804
vn 0.899972 0.226021 -0.372780
vn 0.775584 0.631244 -0.000001
vn 0.861450 0.507843 -0.000001
vn 0.795877 0.507839 -0.329666
vn 0.764176 -0.561998 -0.316535
vn 0.795877 0.507839 -0.329666
vn 0.861450 0.507843 -0.000001
vn 0.827140 -0.561996 -0.000001
vn 0.834361 -0.551218 -0.000001
vn 0.770848 -0.551219 -0.319299
vn 0.834361 -0.551218 -0.000001
vn 0.716826 0.697252 -0.000001
vn 0.662268 0.697245 -0.274318
vn 0.552170 0.801744 -0.228724
vn 0.662268 0.697245 -0.274318
vn 0.716826 0.697252 -0.000001
vn 0.788367 0.521382 -0.326555
vn 0.552170 0.801744 -0.228724
vn 0.597678 0.801736 -0.000001
vn 0.779443 0.626473 -0.000001
vn 0.720119 0.626468 -0.298273
vn 0.788367 0.521382 -0.326555
vn 0.779443 0.626473 -0.000001
vn 0.907899 0.419188 -0.000001
vn 0.838792 0.419181 -0.347442
vn 1.000000 0.000000 -0.000001
vn 0.923878 0.000000 -0.382688
vn 0.838792 0.419181 -0.347442
vn 0.577112 0.780895 -0.239050
vn 0.563329 0.604419 -0.563329
vn 0.441703 0.780895 -0.441703
vn 0.707075 -0.009441 -0.707075
vn 0.563329 0.604419 -0.563329
vn 0.736024 0.604421 -0.304869
vn 0.614390 -0.746833 -0.254492
vn 0.470237 -0.746829 -0.470237
vn 0.707075 -0.009441 -0.707075
vn 0.184698 -0.965284 -0.184698
vn 0.470237 -0.746829 -0.470237
vn 0.614390 -0.746833 -0.254492
vn 0.637458 0.432776 -0.637458
vn 0.698708 0.153638 -0.698714
vn 0.912910 0.153638 -0.378140
vn 0.904656 0.202942 -0.374717
vn 0.692392 0.202942 -0.692392
vn 0.637458 0.432776 -0.637458
vn 0.502172 -0.704022 -0.502172
vn 0.692392 0.202942 -0.692392
vn 0.904656 0.202942 -0.374717
vn 0.181744 -0.980460 -0.075280
vn 0.139103 -0.980459 -0.139103
vn 0.502172 -0.704022 -0.502172
vn 0.653218 -0.382900 -0.653218
vn 0.853472 -0.382897 -0.353518
vn 0.547372 -0.633062 -0.547372
vn 0.478327 -0.855541 -0.198126
vn 0.366092 -0.855542 -0.366092
vn 0.547372 -0.633062 -0.547372
vn 0.716548 0.631242 -0.296804
vn 0.548416 0.631243 -0.548428
vn 0.688803 0.226021 -0.688815
vn 0.716548 0.631242 -0.296804
vn 0.795877 0.507839 -0.329666
vn 0.609140 0.507835 -0.609140
vn 0.584871 -0.562007 -0.584871
vn 0.609140 0.507835 -0.609140
vn 0.795877 0.507839 -0.329666
vn 0.764176 -0.561998 -0.316535
vn 0.770848 -0.551219 -0.319299
vn 0.589983 -0.551217 -0.589983
vn 0.770848 -0.551219 -0.319299
vn 0.662268 0.697245 -0.274318
vn 0.506877 0.697246 -0.506877
vn 0.422615 0.801744 -0.422615
vn 0.506877 0.697246 -0.506877
vn 0.662268 0.697245 -0.274318
vn 0.603393 0.521377 -0.603393
vn 0.422615 0.801744 -0.422615
vn 0.552170 0.801744 -0.228724
vn 0.720119 0.626468 -0.298273
vn 0.551152 0.626469 -0.551152
vn 0.603393 0.521377 -0.603393
vn 0.720119 0.626468 -0.298273
vn 0.838792 0.419181 -0.347442
vn 0.641979 0.419196 -0.641979
vn 0.923878 0.000000 -0.382688
vn 0.707107 0.000000 -0.707107
vn 0.641979 0.419196 -0.641979
vn 0.707010 -0.016785 -0.707004
vn 0.000005 -0.016785 -0.999859
vn 0.604979 0.517703 -0.604967
vn 0.707010 -0.016785 -0.707004
vn 0.000006 -0.549719 -0.835350
vn 0.000005 -0.016785 -0.999859
vn 0.707113 0.000000 -0.707101
vn 0.707107 0.000000 -0.707107
vn 0.000002 0.000000 -1.000000
vn 0.441703 0.780895 -0.441703
vn 0.304869 0.604421 -0.736024
vn 0.239047 0.780896 -0.577112
vn 0.382668 -0.009441 -0.923838
vn 0.304869 0.604421 -0.736024
vn 0.563329 0.604419 -0.563329
vn 0.470237 -0.746829 -0.470237
vn 0.254492 -0.746833 -0.614390
vn 0.382668 -0.009441 -0.923838
vn 0.099960 -0.965283 -0.241321
vn 0.254492 -0.746833 -0.614390
vn 0.470237 -0.746829 -0.470237
vn 0.344996 0.432776 -0.832876
vn 0.378140 0.153638 -0.912910
vn 0.698708 0.153638 -0.698714
vn 0.692392 0.202942 -0.692392
vn 0.374717 0.202942 -0.904656
vn 0.344996 0.432776 -0.832876
vn 0.271774 -0.704020 -0.656121
vn 0.374717 0.202942 -0.904656
vn 0.692392 0.202942 -0.692392
vn 0.139103 -0.980459 -0.139103
vn 0.075280 -0.980460 -0.181744
vn 0.271774 -0.704020 -0.656121
vn 0.353518 -0.382897 -0.853472
vn 0.653218 -0.382900 -0.653218
vn 0.296235 -0.633063 -0.715176
vn 0.366092 -0.855542 -0.366092
vn 0.198126 -0.855541 -0.478327
vn 0.296235 -0.633063 -0.715176
vn 0.548416 0.631243 -0.548428
vn 0.296804 0.631242 -0.716548
vn 0.372785 0.226021 -0.899970
vn 0.548416 0.631243 -0.548428
vn 0.609140 0.507835 -0.609140
vn 0.329666 0.507839 -0.795877
vn 0.316524 -0.562000 -0.764178
vn 0.329666 0.507839 -0.795877
vn 0.609140 0.507835 -0.609140
vn 0.584871 -0.562007 -0.584871
vn 0.589983 -0.551217 -0.589983
vn 0.319299 -0.551219 -0.770848
vn 0.589983 -0.551217 -0.589983
vn 0.506877 0.697246 -0.506877
vn 0.274318 0.697245 -0.662268
vn 0.228724 0.801744 -0.552170
vn 0.274318 0.697245 -0.662268
vn 0.506877 0.697246 -0.506877
vn 0.326555 0.521382 -0.788367
vn 0.228724 0.801744 -0.552170
vn 0.422615 0.801744 -0.422615
vn 0.551152 0.626469 -0.551152
vn 0.298273 0.626468 -0.720119
vn 0.326555 0.521382 -0.788367
vn 0.551152 0.626469 -0.551152
vn 0.641979 0.419196 -0.641979
vn 0.347442 0.419181 -0.838791
vn 0.707107 0.000000 -0.707107
vn 0.382688 0.000000 -0.923878
vn 0.347442 0.419181 -0.838791
vn 0.239047 0.780896 -0.577112
vn -0.000001 0.604421 -0.796665
vn 0.000000 0.780893 -0.624664
vn -0.000001 -0.009441 -0.999955
vn -0.000001 0.604421 -0.796665
vn 0.304869 0.604421 -0.736024
vn 0.254492 -0.746833 -0.614390
vn -0.000001 -0.746830 -0.665015
vn -0.000001 -0.009441 -0.999955
vn -0.000000 -0.965284 -0.261204
vn -0.000001 -0.746830 -0.665015
vn 0.254492 -0.746833 -0.614390
vn -0.000001 0.432774 -0.901502
vn -0.000002 0.153637 -0.988127
vn 0.378140 0.153638 -0.912910
vn 0.374717 0.202942 -0.904656
vn -0.000001 0.202943 -0.979191
vn -0.000001 0.432774 -0.901502
vn -0.000001 -0.704024 -0.710176
vn -0.000001 0.202943 -0.979191
vn 0.374717 0.202942 -0.904656
vn 0.075280 -0.980460 -0.181744
vn -0.000000 -0.980460 -0.196717
vn -0.000001 -0.704024 -0.710176
vn -0.000001 -0.382896 -0.923791
vn 0.353518 -0.382897 -0.853472
vn -0.000001 -0.633062 -0.774101
vn 0.198126 -0.855541 -0.478327
vn -0.000001 -0.855545 -0.517728
vn -0.000001 -0.633062 -0.774101
vn 0.296804 0.631242 -0.716548
vn -0.000001 0.631244 -0.775584
vn -0.000002 0.226022 -0.974122
vn 0.296804 0.631242 -0.716548
vn 0.329666 0.507839 -0.795877
vn -0.000001 0.507843 -0.861450
vn -0.000001 -0.561996 -0.827140
vn -0.000001 0.507843 -0.861450
vn 0.329666 0.507839 -0.795877
vn 0.316524 -0.562000 -0.764178
vn 0.319299 -0.551219 -0.770848
vn -0.000001 -0.551218 -0.834361
vn 0.319299 -0.551219 -0.770848
vn 0.274318 0.697245 -0.662268
vn -0.000001 0.697252 -0.716826
vn -0.000000 0.801736 -0.597678
vn -0.000001 0.697252 -0.716826
vn 0.274318 0.697245 -0.662268
vn -0.000001 0.521386 -0.853321
vn -0.000000 0.801736 -0.597678
vn 0.228724 0.801744 -0.552170
vn 0.298273 0.626468 -0.720119
vn -0.000000 0.626473 -0.779443
vn -0.000001 0.521386 -0.853321
vn 0.298273 0.626468 -0.720119
vn 0.347442 0.419181 -0.838791
vn -0.000001 0.419188 -0.907899
vn 0.382688 0.000000 -0.923878
vn -0.000001 0.000000 -1.000000
vn -0.000001 0.419188 -0.907899
vn 0.000005 -0.016785 -0.999859
vn -0.707004 -0.016785 -0.707010
vn 0.000009 0.517702 -0.855561
vn 0.000005 -0.016785 -0.999859
vn -0.590675 -0.549719 -0.590687
vn -0.707004 -0.016785 -0.707010
vn 0.000007 0.000000 -1.000000
vn 0.000002 0.000000 -1.000000
vn -0.707107 0.000000 -0.707107
vn 0.000000 0.780893 -0.624664
vn -0.304869 0.604421 -0.736024
vn -0.239047 0.780896 -0.577112
vn -0.382668 -0.009441 -0.923838
vn -0.304869 0.604421 -0.736024
vn -0.000001 0.604421 -0.796665
vn -0.000001 -0.746830 -0.665015
vn -0.254492 -0.746833 -0.614390
vn -0.382668 -0.009441 -0.923838
vn -0.099960 -0.965283 -0.241321
vn -0.254492 -0.746833 -0.614390
vn -0.000001 -0.746830 -0.665015
vn -0.344986 0.432777 -0.832880
vn -0.378140 0.153638 -0.912910
vn -0.000002 0.153637 -0.988127
vn -0.000001 0.202943 -0.979191
vn -0.374717 0.202942 -0.904656
vn -0.344986 0.432777 -0.832880
vn -0.271774 -0.704020 -0.656121
vn -0.374717 0.202942 -0.904656
vn -0.000001 0.202943 -0.979191
vn -0.000000 -0.980460 -0.196717
vn -0.075280 -0.980460 -0.181744
vn -0.271774 -0.704020 -0.656121
vn -0.353518 -0.382897 -0.853472
vn -0.000001 -0.382896 -0.923791
vn -0.296235 -0.633063 -0.715176
vn -0.000001 -0.855545 -0.517728
vn -0.198127 -0.855545 -0.478318
vn -0.296235 -0.633063 -0.715176
vn -0.000001 0.631244 -0.775584
vn -0.296804 0.631242 -0.716548
vn -0.372775 0.226022 -0.899974
vn -0.000001 0.631244 -0.775584
vn -0.000001 0.507843 -0.861450
vn -0.329666 0.507839 -0.795877
vn -0.316535 -0.561998 -0.764176
vn -0.329666 0.507839 -0.795877
vn -0.000001 0.507843 -0.861450
vn -0.000001 -0.561996 -0.827140
vn -0.000001 -0.551218 -0.834361
vn -0.319299 -0.551219 -0.770848
vn -0.000001 -0.551218 -0.834361
vn -0.000001 0.697252 -0.716826
vn -0.274318 0.697245 -0.662268
vn -0.228724 0.801744 -0.552170
vn -0.274318 0.697245 -0.662268
vn -0.000001 0.697252 -0.716826
vn -0.326555 0.521382 -0.788367
vn -0.228724 0.801744 -0.552170
vn -0.000000 0.801736 -0.597678
vn -0.000000 0.626473 -0.779443
vn -0.298273 0.626468 -0.720119
vn -0.326555 0.521382 -0.788367
vn -0.000000 0.626473 -0.779443
vn -0.000001 0.419188 -0.907899
vn -0.347442 0.419181 -0.838791
vn -0.000001 0.000000 -1.000000
vn -0.382688 0.000000 -0.923878
vn -0.347442 0.419181 -0.838791
vn -0.239047 0.780896 -0.577112
vn -0.563329 0.604419 -0.563329
vn -0.441703 0.780895 -0.441703
vn -0.707075 -0.009441 -0.707075
vn -0.563329 0.604419 -0.563329
vn -0.304869 0.604421 -0.736024
vn -0.254492 -0.746833 -0.614390
vn -0.470237 -0.746829 -0.470237
vn -0.707075 -0.009441 -0.707075
vn -0.184698 -0.965284 -0.184698
vn -0.470237 -0.746829 -0.470237
vn -0.254492 -0.746833 -0.614390
vn -0.637458 0.432776 -0.637458
vn -0.698714 0.153638 -0.698708
vn -0.378140 0.153638 -0.912910
vn -0.374717 0.202942 -0.904656
vn -0.692392 0.202942 -0.692392
vn -0.637458 0.432776 -0.637458
vn -0.502180 -0.704018 -0.502168
vn -0.692392 0.202942 -0.692392
vn -0.374717 0.202942 -0.904656
vn -0.075280 -0.980460 -0.181744
vn -0.139103 -0.980459 -0.139103
vn -0.502180 -0.704018 -0.502168
vn -0.653218 -0.382900 -0.653218
vn -0.353518 -0.382897 -0.853472
vn -0.547372 -0.633062 -0.547372
vn -0.198127 -0.855545 -0.478318
vn -0.366092 -0.855542 -0.366092
vn -0.547372 -0.633062 -0.547372
vn -0.296804 0.631242 -0.716548
vn -0.548428 0.631243 -0.548416
vn -0.688815 0.226021 -0.688803
vn -0.296804 0.631242 -0.716548
vn -0.329666 0.507839 -0.795877
vn -0.609140 0.507835 -0.609140
vn -0.584871 -0.562007 -0.584871
vn -0.609140 0.507835 -0.609140
vn -0.329666 0.507839 -0.795877
vn -0.316535 -0.561998 -0.764176
vn -0.319299 -0.551219 -0.770848
vn -0.589983 -0.551217 -0.589983
vn -0.319299 -0.551219 -0.770848
vn -0.274318 0.697245 -0.662268
vn -0.506877 0.697246 -0.506877
vn -0.422615 0.801744 -0.422615
vn -0.506877 0.697246 -0.506877
vn -0.274318 0.697245 -0.662268
vn -0.603393 0.521377 -0.603393
vn -0.422615 0.801744 -0.422615
vn -0.228724 0.801744 -0.552170
vn -0.298273 0.626468 -0.720119
vn -0.551152 0.626469 -0.551152
vn -0.603393 0.521377 -0.603393
vn -0.298273 0.626468 -0.720119
vn -0.347442 0.419181 -0.838791
vn -0.641979 0.419196 -0.641979
vn -0.382688 0.000000 -0.923878
vn -0.707107 0.000000 -0.707107
vn -0.641979 0.419196 -0.641979
vn -0.707004 -0.016785 -0.707010
vn -0.999859 -0.016785 -0.000005
vn -0.604967 0.517703 -0.604979
vn -0.707004 -0.016785 -0.707010
vn -0.835350 -0.549719 -0.000005
vn -0.999859 -0.016785 -0.000005
vn -0.707101 0.000000 -0.707113
vn -0.707107 0.000000 -0.707107
vn -1.000000 0.000000 -0.000002
vn -0.441703 0.780895 -0.441703
vn -0.736024 0.604421 -0.304869
vn -0.577112 0.780896 -0.239047
vn -0.923838 -0.009441 -0.382668
vn -0.736024 0.604421 -0.304869
vn -0.563329 0.604419 -0.563329
vn -0.707075 -0.009441 -0.707075
vn -0.470237 -0.746829 -0.470237
vn -0.614390 -0.746833 -0.254492
vn -0.241321 -0.965283 -0.099960
vn -0.614390 -0.746833 -0.254492
vn -0.470237 -0.746829 -0.470237
vn -0.832876 0.432776 -0.344996
vn -0.912910 0.153638 -0.378140
vn -0.698714 0.153638 -0.698708
vn -0.692392 0.202942 -0.692392
vn -0.904656 0.202942 -0.374717
vn -0.832876 0.432776 -0.344996
vn -0.656121 -0.704020 -0.271774
vn -0.904656 0.202942 -0.374717
vn -0.692392 0.202942 -0.692392
vn -0.139103 -0.980459 -0.139103
vn -0.181744 -0.980460 -0.075280
vn -0.656121 -0.704020 -0.271774
vn -0.853472 -0.382897 -0.353518
vn -0.653218 -0.382900 -0.653218
vn -0.715176 -0.633063 -0.296235
vn -0.547372 -0.633062 -0.547372
vn -0.366092 -0.855542 -0.366092
vn -0.478318 -0.855545 -0.198127
vn -0.548428 0.631243 -0.548416
vn -0.716548 0.631242 -0.296804
vn -0.899970 0.226021 -0.372785
vn -0.548428 0.631243 -0.548416
vn -0.609140 0.507835 -0.609140
vn -0.795877 0.507839 -0.329666
vn -0.764178 -0.562000 -0.316524
vn -0.795877 0.507839 -0.329666
vn -0.609140 0.507835 -0.609140
vn -0.584871 -0.562007 -0.584871
vn -0.589983 -0.551217 -0.589983
vn -0.770848 -0.551219 -0.319299
vn -0.589983 -0.551217 -0.589983
vn -0.506877 0.697246 -0.506877
vn -0.662268 0.697245 -0.274318
vn -0.552170 0.801744 -0.228724
vn -0.662268 0.697245 -0.274318
vn -0.506877 0.697246 -0.506877
vn -0.788367 0.521382 -0.326555
vn -0.552170 0.801744 -0.228724
vn -0.422615 0.801744 -0.422615
vn -0.603393 0.521377 -0.603393
vn -0.551152 0.626469 -0.551152
vn -0.720119 0.626468 -0.298273
vn -0.551152 0.626469 -0.551152
vn -0.641979 0.419196 -0.641979
vn -0.838792 0.419181 -0.347442
vn -0.707107 0.000000 -0.707107
vn -0.923878 0.000000 -0.382688
vn -0.838792 0.419181 -0.347442
vn -0.577112 0.780896 -0.239047
vn -0.796665 0.604421 0.000001
vn -0.624657 0.780899 0.000001
vn -0.923838 -0.009441 -0.382668
vn -0.999955 -0.009441 0.000001
vn -0.796665 0.604421 0.000001
vn -0.923838 -0.009441 -0.382668
vn -0.614390 -0.746833 -0.254492
vn -0.665015 -0.746830 0.000001
vn -0.261204 -0.965284 0.000000
vn -0.665015 -0.746830 0.000001
vn -0.614390 -0.746833 -0.254492
vn -0.832876 0.432776 -0.344996
vn -0.901502 0.432774 0.000001
vn -0.988127 0.153637 0.000001
vn -0.979191 0.202943 0.000001
vn -0.901502 0.432774 0.000001
vn -0.832876 0.432776 -0.344996
vn -0.710176 -0.704024 0.000001
vn -0.979191 0.202943 0.000001
vn -0.904656 0.202942 -0.374717
vn -0.196717 -0.980460 0.000000
vn -0.710176 -0.704024 0.000001
vn -0.656121 -0.704020 -0.271774
vn -0.715176 -0.633063 -0.296235
vn -0.923791 -0.382896 0.000001
vn -0.853472 -0.382897 -0.353518
vn -0.715176 -0.633063 -0.296235
vn -0.478318 -0.855545 -0.198127
vn -0.517728 -0.855545 0.000001
vn -0.716548 0.631242 -0.296804
vn -0.775584 0.631244 0.000001
vn -0.974122 0.226022 0.000002
vn -0.716548 0.631242 -0.296804
vn -0.795877 0.507839 -0.329666
vn -0.861450 0.507843 0.000001
vn -0.827140 -0.561996 0.000001
vn -0.861450 0.507843 0.000001
vn -0.795877 0.507839 -0.329666
vn -0.764178 -0.562000 -0.316524
vn -0.770848 -0.551219 -0.319299
vn -0.834361 -0.551218 0.000001
vn -0.770848 -0.551219 -0.319299
vn -0.662268 0.697245 -0.274318
vn -0.716826 0.697252 0.000001
vn -0.597678 0.801736 0.000000
vn -0.716826 0.697252 0.000001
vn -0.662268 0.697245 -0.274318
vn -0.853321 0.521386 0.000000
vn -0.597678 0.801736 0.000000
vn -0.552170 0.801744 -0.228724
vn -0.788367 0.521382 -0.326555
vn -0.720119 0.626468 -0.298273
vn -0.779443 0.626473 0.000000
vn -0.720119 0.626468 -0.298273
vn -0.838792 0.419181 -0.347442
vn -0.907899 0.419188 0.000001
vn -0.923878 0.000000 -0.382688
vn -1.000000 -0.000000 0.000001
vn -0.907899 0.419188 0.000001
vn -0.835350 -0.549719 -0.000005
vn -0.590687 -0.549719 0.590675
vn -0.707010 -0.016785 0.707004
vn -0.707107 -0.000000 0.707107
vn -0.707113 -0.000000 0.707101
vn -1.000000 0.000000 -0.000007
vn -0.796665 0.604421 0.000001
vn -0.736024 0.604421 0.304869
vn -0.577112 0.780896 0.239047
vn -0.736024 0.604421 0.304869
vn -0.796665 0.604421 0.000001
vn -0.999955 -0.009441 0.000001
vn -0.923838 -0.009441 0.382668
vn -0.999955 -0.009441 0.000001
vn -0.665015 -0.746830 0.000001
vn -0.665015 -0.746830 0.000001
vn -0.261204 -0.965284 0.000000
vn -0.241321 -0.965283 0.099960
vn -0.988127 0.153637 0.000001
vn -0.901502 0.432774 0.000001
vn -0.832880 0.432777 0.344986
vn -0.832880 0.432777 0.344986
vn -0.901502 0.432774 0.000001
vn -0.979191 0.202943 0.000001
vn -0.979191 0.202943 0.000001
vn -0.710176 -0.704024 0.000001
vn -0.656121 -0.704020 0.271774
vn -0.656121 -0.704020 0.271774
vn -0.710176 -0.704024 0.000001
vn -0.196717 -0.980460 0.000000
vn -0.853472 -0.382897 0.353518
vn -0.923791 -0.382896 0.000001
vn -0.774101 -0.633062 0.000001
vn -0.715176 -0.633063 0.296235
vn -0.774101 -0.633062 0.000001
vn -0.517728 -0.855545 0.000001
vn -0.899972 0.226021 0.372780
vn -0.974122 0.226022 0.000002
vn -0.775584 0.631244 0.000001
vn -0.716548 0.631242 0.296804
vn -0.775584 0.631244 0.000001
vn -0.861450 0.507843 0.000001
vn -0.861450 0.507843 0.000001
vn -0.827140 -0.561996 0.000001
vn -0.764176 -0.561998 0.316535
vn -0.764176 -0.561998 0.316535
vn -0.827140 -0.561996 0.000001
vn -0.834361 -0.551218 0.000001
vn -0.770848 -0.551219 0.319299
vn -0.834361 -0.551218 0.000001
vn -0.716826 0.697252 0.000001
vn -0.716826 0.697252 0.000001
vn -0.597678 0.801736 0.000000
vn -0.552170 0.801744 0.228724
vn -0.597678 0.801736 0.000000
vn -0.853321 0.521386 0.000000
vn -0.788367 0.521382 0.326555
vn -0.788367 0.521382 0.326555
vn -0.853321 0.521386 0.000000
vn -0.779443 0.626473 0.000000
vn -0.720119 0.626468 0.298273
vn -0.779443 0.626473 0.000000
vn -0.907899 0.419188 0.000001
vn -0.907899 0.419188 0.000001
vn -1.000000 -0.000000 0.000001
vn -0.923878 -0.000000 0.382688
vn -0.577112 0.780896 0.239047
vn -0.736024 0.604421 0.304869
vn -0.563329 0.604419 0.563329
vn -0.736024 0.604421 0.304869
vn -0.923838 -0.009441 0.382668
vn -0.707075 -0.009441 0.707075
vn -0.707075 -0.009441 0.707075
vn -0.923838 -0.009441 0.382668
vn -0.614390 -0.746833 0.254492
vn -0.614390 -0.746833 0.254492
vn -0.241321 -0.965283 0.099960
vn -0.184698 -0.965284 0.184698
vn -0.912910 0.153638 0.378140
vn -0.832880 0.432777 0.344986
vn -0.637458 0.432776 0.637458
vn -0.637458 0.432776 0.637458
vn -0.832880 0.432777 0.344986
vn -0.904656 0.202942 0.374717
vn -0.904656 0.202942 0.374717
vn -0.656121 -0.704020 0.271774
vn -0.502172 -0.704022 0.502172
vn -0.502172 -0.704022 0.502172
vn -0.656121 -0.704020 0.271774
vn -0.181744 -0.980460 0.075280
vn -0.853472 -0.382897 0.353518
vn -0.715176 -0.633063 0.296235
vn -0.547372 -0.633062 0.547372
vn -0.547372 -0.633062 0.547372
vn -0.715176 -0.633063 0.296235
vn -0.478318 -0.855545 0.198127
vn -0.688803 0.226021 0.688815
vn -0.899972 0.226021 0.372780
vn -0.716548 0.631242 0.296804
vn -0.609140 0.507835 0.609140
vn -0.548416 0.631243 0.548428
vn -0.716548 0.631242 0.296804
vn -0.795877 0.507839 0.329666
vn -0.764176 -0.561998 0.316535
vn -0.584871 -0.562007 0.584871
vn -0.589983 -0.551217 0.589983
vn -0.584871 -0.562007 0.584871
vn -0.764176 -0.561998 0.316535
vn -0.506877 0.697246 0.506877
vn -0.589983 -0.551217 0.589983
vn -0.770848 -0.551219 0.319299
vn -0.662268 0.697245 0.274318
vn -0.552170 0.801744 0.228724
vn -0.422615 0.801744 0.422615
vn -0.552170 0.801744 0.228724
vn -0.788367 0.521382 0.326555
vn -0.603393 0.521377 0.603393
vn -0.603393 0.521377 0.603393
vn -0.788367 0.521382 0.326555
vn -0.720119 0.626468 0.298273
vn -0.641979 0.419196 0.641979
vn -0.551152 0.626469 0.551152
vn -0.720119 0.626468 0.298273
vn -0.641979 0.419196 0.641979
vn -0.838792 0.419181 0.347442
vn -0.923878 -0.000000 0.382688
vn -0.707010 -0.016785 0.707004
vn -0.590687 -0.549719 0.590675
vn -0.000006 -0.549719 0.835350
vn -0.000002 -0.000000 1.000000
vn -0.000007 -0.000000 1.000000
vn -0.707113 -0.000000 0.707101
vn -0.441703 0.780895 0.441703
vn -0.563329 0.604419 0.563329
vn -0.304869 0.604421 0.736024
vn -0.563329 0.604419 0.563329
vn -0.707075 -0.009441 0.707075
vn -0.382668 -0.009441 0.923838
vn -0.382668 -0.009441 0.923838
vn -0.707075 -0.009441 0.707075
vn -0.470237 -0.746829 0.470237
vn -0.470237 -0.746829 0.470237
vn -0.184698 -0.965284 0.184698
vn -0.099960 -0.965283 0.241321
vn -0.698708 0.153638 0.698714
vn -0.637458 0.432776 0.637458
vn -0.344996 0.432776 0.832876
vn -0.344996 0.432776 0.832876
vn -0.637458 0.432776 0.637458
vn -0.692392 0.202942 0.692392
vn -0.692392 0.202942 0.692392
vn -0.502172 -0.704022 0.502172
vn -0.271774 -0.704020 0.656121
vn -0.271774 -0.704020 0.656121
vn -0.502172 -0.704022 0.502172
vn -0.139103 -0.980459 0.139103
vn -0.653218 -0.382900 0.653218
vn -0.547372 -0.633062 0.547372
vn -0.296235 -0.633063 0.715176
vn -0.296235 -0.633063 0.715176
vn -0.547372 -0.633062 0.547372
vn -0.366092 -0.855542 0.366092
vn -0.372785 0.226021 0.899970
vn -0.688803 0.226021 0.688815
vn -0.548416 0.631243 0.548428
vn -0.329666 0.507839 0.795877
vn -0.296804 0.631242 0.716548
vn -0.548416 0.631243 0.548428
vn -0.609140 0.507835 0.609140
vn -0.584871 -0.562007 0.584871
vn -0.316524 -0.562000 0.764178
vn -0.319299 -0.551219 0.770848
vn -0.316524 -0.562000 0.764178
vn -0.584871 -0.562007 0.584871
vn -0.274318 0.697245 0.662268
vn -0.319299 -0.551219 0.770848
vn -0.589983 -0.551217 0.589983
vn -0.506877 0.697246 0.506877
vn -0.422615 0.801744 0.422615
vn -0.228724 0.801744 0.552170
vn -0.422615 0.801744 0.422615
vn -0.603393 0.521377 0.603393
vn -0.326555 0.521382 0.788367
vn -0.326555 0.521382 0.788367
vn -0.603393 0.521377 0.603393
vn -0.551152 0.626469 0.551152
vn -0.347442 0.419181 0.838791
vn -0.298273 0.626468 0.720119
vn -0.551152 0.626469 0.551152
vn -0.347442 0.419181 0.838791
vn -0.641979 0.419196 0.641979
vn -0.707107 -0.000000 0.707107
vn -0.239047 0.780896 0.577112
vn -0.304869 0.604421 0.736024
vn 0.000001 0.604421 0.796665
vn -0.304869 0.604421 0.736024
vn -0.382668 -0.009441 0.923838
vn 0.000001 -0.009441 0.999955
vn 0.000001 -0.009441 0.999955
vn -0.382668 -0.009441 0.923838
vn -0.254492 -0.746833 0.614390
vn -0.254492 -0.746833 0.614390
vn -0.099960 -0.965283 0.241321
vn 0.000000 -0.965284 0.261204
vn -0.378140 0.153638 0.912910
vn -0.344996 0.432776 0.832876
vn 0.000001 0.432774 0.901502
vn 0.000001 0.432774 0.901502
vn -0.344996 0.432776 0.832876
vn -0.374717 0.202942 0.904656
vn -0.374717 0.202942 0.904656
vn -0.271774 -0.704020 0.656121
vn 0.000001 -0.704024 0.710176
vn 0.000001 -0.704024 0.710176
vn -0.271774 -0.704020 0.656121
vn -0.075280 -0.980460 0.181744
vn -0.353518 -0.382897 0.853472
vn -0.296235 -0.633063 0.715176
vn 0.000001 -0.633062 0.774101
vn 0.000001 -0.633062 0.774101
vn -0.296235 -0.633063 0.715176
vn -0.198126 -0.855541 0.478327
vn 0.000002 0.226022 0.974122
vn -0.372785 0.226021 0.899970
vn -0.296804 0.631242 0.716548
vn 0.000001 0.507843 0.861450
vn 0.000001 0.631244 0.775584
vn -0.296804 0.631242 0.716548
vn -0.329666 0.507839 0.795877
vn -0.316524 -0.562000 0.764178
vn 0.000001 -0.561996 0.827140
vn 0.000001 -0.551218 0.834361
vn 0.000001 -0.561996 0.827140
vn -0.316524 -0.562000 0.764178
vn 0.000001 0.697252 0.716826
vn 0.000001 -0.551218 0.834361
vn -0.319299 -0.551219 0.770848
vn -0.274318 0.697245 0.662268
vn -0.228724 0.801744 0.552170
vn 0.000000 0.801736 0.597678
vn -0.228724 0.801744 0.552170
vn -0.326555 0.521382 0.788367
vn 0.000000 0.521386 0.853321
vn 0.000000 0.521386 0.853321
vn -0.326555 0.521382 0.788367
vn -0.298273 0.626468 0.720119
vn 0.000000 0.419188 0.907899
vn 0.000001 0.626473 0.779443
vn -0.298273 0.626468 0.720119
vn 0.000000 0.419188 0.907899
vn -0.347442 0.419181 0.838791
vn -0.382688 -0.000000 0.923878
vn -0.000005 -0.016785 0.999859
vn -0.000006 -0.549719 0.835350
vn 0.590675 -0.549719 0.590687
vn 0.707107 -0.000000 0.707107
vn 0.707101 -0.000000 0.707113
vn -0.000007 -0.000000 1.000000
vn 0.000002 0.780893 0.624664
vn 0.000001 0.604421 0.796665
vn 0.304869 0.604421 0.736024
vn 0.000001 0.604421 0.796665
vn 0.000001 -0.009441 0.999955
vn 0.382668 -0.009441 0.923838
vn 0.382668 -0.009441 0.923838
vn 0.000001 -0.009441 0.999955
vn 0.000001 -0.746830 0.665015
vn 0.000001 -0.746830 0.665015
vn 0.000000 -0.965284 0.261204
vn 0.099960 -0.965283 0.241321
vn 0.000001 0.153637 0.988127
vn 0.000001 0.432774 0.901502
vn 0.344986 0.432777 0.832880
vn 0.344986 0.432777 0.832880
vn 0.000001 0.432774 0.901502
vn 0.000001 0.202943 0.979191
vn 0.000001 0.202943 0.979191
vn 0.000001 -0.704024 0.710176
vn 0.271774 -0.704020 0.656121
vn 0.271774 -0.704020 0.656121
vn 0.000001 -0.704024 0.710176
vn 0.000000 -0.980460 0.196717
vn 0.000001 -0.382896 0.923791
vn 0.000001 -0.633062 0.774101
vn 0.296235 -0.633063 0.715176
vn 0.296235 -0.633063 0.715176
vn 0.000001 -0.633062 0.774101
vn 0.000001 -0.855545 0.517728
vn 0.372780 0.226021 0.899972
vn 0.000002 0.226022 0.974122
vn 0.000001 0.631244 0.775584
vn 0.329666 0.507839 0.795877
vn 0.296804 0.631242 0.716548
vn 0.000001 0.631244 0.775584
vn 0.000001 0.507843 0.861450
vn 0.000001 -0.561996 0.827140
vn 0.316535 -0.561998 0.764176
vn 0.319299 -0.551219 0.770848
vn 0.316535 -0.561998 0.764176
vn 0.000001 -0.561996 0.827140
vn 0.274318 0.697245 0.662268
vn 0.319299 -0.551219 0.770848
vn 0.000001 -0.551218 0.834361
vn 0.000001 0.697252 0.716826
vn 0.000000 0.801736 0.597678
vn 0.228724 0.801744 0.552170
vn 0.000000 0.801736 0.597678
vn 0.000000 0.521386 0.853321
vn 0.326555 0.521382 0.788367
vn 0.326555 0.521382 0.788367
vn 0.000000 0.521386 0.853321
vn 0.000001 0.626473 0.779443
vn 0.347442 0.419181 0.838791
vn 0.298273 0.626468 0.720119
vn 0.000001 0.626473 0.779443
vn 0.347442 0.419181 0.838791
vn 0.000000 0.419188 0.907899
vn 0.000001 -0.000000 1.000000
vn 0.239050 0.780895 0.577112
vn 0.304869 0.604421 0.736024
vn 0.563329 0.604419 0.563329
vn 0.304869 0.604421 0.736024
vn 0.382668 -0.009441 0.923838
vn 0.707075 -0.009441 0.707075
vn 0.707075 -0.009441 0.707075
vn 0.382668 -0.009441 0.923838
vn 0.254492 -0.746833 0.614390
vn 0.254492 -0.746833 0.614390
vn 0.099960 -0.965283 0.241321
vn 0.184698 -0.965284 0.184698
vn 0.378140 0.153638 0.912910
vn 0.344986 0.432777 0.832880
vn 0.637458 0.432776 0.637458
vn 0.637458 0.432776 0.637458
vn 0.344986 0.432777 0.832880
vn 0.374717 0.202942 0.904656
vn 0.374717 0.202942 0.904656
vn 0.271774 -0.704020 0.656121
vn 0.502180 -0.704018 0.502168
vn 0.502180 -0.704018 0.502168
vn 0.271774 -0.704020 0.656121
vn 0.075280 -0.980460 0.181744
vn 0.353518 -0.382897 0.853472
vn 0.296235 -0.633063 0.715176
vn 0.547372 -0.633062 0.547372
vn 0.547372 -0.633062 0.547372
vn 0.296235 -0.633063 0.715176
vn 0.198126 -0.855541 0.478327
vn 0.688815 0.226021 0.688803
vn 0.372780 0.226021 0.899972
vn 0.296804 0.631242 0.716548
vn 0.609140 0.507835 0.609140
vn 0.548428 0.631243 0.548416
vn 0.296804 0.631242 0.716548
vn 0.329666 0.507839 0.795877
vn 0.316535 -0.561998 0.764176
vn 0.584871 -0.562007 0.584871
vn 0.589983 -0.551217 0.589983
vn 0.584871 -0.562007 0.584871
vn 0.316535 -0.561998 0.764176
vn 0.506877 0.697246 0.506877
vn 0.589983 -0.551217 0.589983
vn 0.319299 -0.551219 0.770848
vn 0.274318 0.697245 0.662268
vn 0.228724 0.801744 0.552170
vn 0.422615 0.801744 0.422615
vn 0.228724 0.801744 0.552170
vn 0.326555 0.521382 0.788367
vn 0.603393 0.521377 0.603393
vn 0.603393 0.521377 0.603393
vn 0.326555 0.521382 0.788367
vn 0.298273 0.626468 0.720119
vn 0.641979 0.419196 0.641979
vn 0.551152 0.626469 0.551152
vn 0.298273 0.626468 0.720119
vn 0.641979 0.419196 0.641979
vn 0.347442 0.419181 0.838791
vn 0.382688 -0.000000 0.923878
vn 0.707004 -0.016785 0.707010
vn 0.590675 -0.549719 0.590687
vn 0.835350 -0.549719 0.000006
vn 1.000000 -0.000000 0.000002
vn 1.000000 -0.000000 0.000007
vn 0.707101 -0.000000 0.707113
vn 0.441703 0.780895 0.441703
vn 0.563329 0.604419 0.563329
vn 0.736024 0.604421 0.304869
vn 0.563329 0.604419 0.563329
vn 0.707075 -0.009441 0.707075
vn 0.923838 -0.009441 0.382668
vn 0.923838 -0.009441 0.382668
vn 0.707075 -0.009441 0.707075
vn 0.470237 -0.746829 0.470237
vn 0.470237 -0.746829 0.470237
vn 0.184698 -0.965284 0.184698
vn 0.241321 -0.965283 0.099960
vn 0.698714 0.153638 0.698708
vn 0.637458 0.432776 0.637458
vn 0.832876 0.432776 0.344996
vn 0.832876 0.432776 0.344996
vn 0.637458 0.432776 0.637458
vn 0.692392 0.202942 0.692392
vn 0.692392 0.202942 0.692392
vn 0.502180 -0.704018 0.502168
vn 0.656121 -0.704020 0.271774
vn 0.656121 -0.704020 0.271774
vn 0.502180 -0.704018 0.502168
vn 0.139103 -0.980459 0.139103
vn 0.653218 -0.382900 0.653218
vn 0.547372 -0.633062 0.547372
vn 0.715176 -0.633063 0.296235
vn 0.715176 -0.633063 0.296235
vn 0.547372 -0.633062 0.547372
vn 0.366092 -0.855542 0.366092
vn 0.899970 0.226021 0.372785
vn 0.688815 0.226021 0.688803
vn 0.548428 0.631243 0.548416
vn 0.795877 0.507839 0.329666
vn 0.716548 0.631242 0.296804
vn 0.548428 0.631243 0.548416
vn 0.609140 0.507835 0.609140
vn 0.584871 -0.562007 0.584871
vn 0.764178 -0.562000 0.316524
vn 0.770848 -0.551219 0.319299
vn 0.764178 -0.562000 0.316524
vn 0.584871 -0.562007 0.584871
vn 0.662268 0.697245 0.274318
vn 0.770848 -0.551219 0.319299
vn 0.589983 -0.551217 0.589983
vn 0.506877 0.697246 0.506877
vn 0.422615 0.801744 0.422615
vn 0.552170 0.801744 0.228724
vn 0.422615 0.801744 0.422615
vn 0.603393 0.521377 0.603393
vn 0.788367 0.521382 0.326555
vn 0.788367 0.521382 0.326555
vn 0.603393 0.521377 0.603393
vn 0.551152 0.626469 0.551152
vn 0.838792 0.419181 0.347442
vn 0.720119 0.626468 0.298273
vn 0.551152 0.626469 0.551152
vn 0.838792 0.419181 0.347442
vn 0.641979 0.419196 0.641979
vn 0.707107 -0.000000 0.707107
vn 0.577112 0.780896 0.239047
vn 0.736024 0.604421 0.304869
vn 0.796665 0.604421 -0.000001
vn 0.736024 0.604421 0.304869
vn 0.923838 -0.009441 0.382668
vn 0.999955 -0.009441 -0.000001
vn 0.999955 -0.009441 -0.000001
vn 0.923838 -0.009441 0.382668
vn 0.614390 -0.746833 0.254492
vn 0.614390 -0.746833 0.254492
vn 0.241321 -0.965283 0.099960
vn 0.261204 -0.965284 -0.000000
vn 0.912910 0.153638 0.378140
vn 0.832876 0.432776 0.344996
vn 0.901502 0.432774 -0.000002
vn 0.901502 0.432774 -0.000002
vn 0.832876 0.432776 0.344996
vn 0.904656 0.202942 0.374717
vn 0.904656 0.202942 0.374717
vn 0.656121 -0.704020 0.271774
vn 0.710176 -0.704024 -0.000001
vn 0.710176 -0.704024 -0.000001
vn 0.656121 -0.704020 0.271774
vn 0.181744 -0.980460 0.075280
vn 0.853472 -0.382897 0.353518
vn 0.715176 -0.633063 0.296235
vn 0.774101 -0.633062 -0.000001
vn 0.774101 -0.633062 -0.000001
vn 0.715176 -0.633063 0.296235
vn 0.478327 -0.855541 0.198126
vn 0.974122 0.226022 -0.000002
vn 0.899970 0.226021 0.372785
vn 0.716548 0.631242 0.296804
vn 0.861450 0.507843 -0.000001
vn 0.775584 0.631244 -0.000001
vn 0.716548 0.631242 0.296804
vn 0.795877 0.507839 0.329666
vn 0.764178 -0.562000 0.316524
vn 0.827140 -0.561996 -0.000001
vn 0.834361 -0.551218 -0.000001
vn 0.827140 -0.561996 -0.000001
vn 0.764178 -0.562000 0.316524
vn 0.716826 0.697252 -0.000001
vn 0.834361 -0.551218 -0.000001
vn 0.770848 -0.551219 0.319299
vn 0.662268 0.697245 0.274318
vn 0.552170 0.801744 0.228724
vn 0.597678 0.801736 -0.000001
vn 0.552170 0.801744 0.228724
vn 0.788367 0.521382 0.326555
vn 0.853321 0.521386 -0.000001
vn 0.853321 0.521386 -0.000001
vn 0.788367 0.521382 0.326555
vn 0.720119 0.626468 0.298273
vn 0.907899 0.419188 -0.000001
vn 0.779443 0.626473 -0.000001
vn 0.720119 0.626468 0.298273
vn 0.907899 0.419188 -0.000001
vn 0.838792 0.419181 0.347442
vn 0.923878 -0.000000 0.382688
vn 0.999859 -0.016785 0.000004
vn 0.835350 -0.549719 0.000006
vn 0.590687 -0.549719 -0.590675
vn 0.707107 0.000000 -0.707107
vn 0.707113 0.000000 -0.707101
vn 1.000000 -0.000000 0.000007
vn 0.624664 0.780893 -0.000001
vn 0.796665 0.604421 -0.000001
vn 0.736024 0.604421 -0.304869
vn 0.796665 0.604421 -0.000001
vn 0.999955 -0.009441 -0.000001
vn 0.923838 -0.009441 -0.382668
vn 0.923838 -0.009441 -0.382668
vn 0.999955 -0.009441 -0.000001
vn 0.665015 -0.746830 -0.000001
vn 0.665015 -0.746830 -0.000001
vn 0.261204 -0.965284 -0.000000
vn 0.241321 -0.965283 -0.099960
vn 0.988127 0.153637 -0.000002
vn 0.901502 0.432774 -0.000002
vn 0.832880 0.432777 -0.344986
vn 0.832880 0.432777 -0.344986
vn 0.901502 0.432774 -0.000002
vn 0.979191 0.202943 -0.000001
vn 0.979191 0.202943 -0.000001
vn 0.710176 -0.704024 -0.000001
vn 0.656121 -0.704020 -0.271774
vn 0.656121 -0.704020 -0.271774
vn 0.710176 -0.704024 -0.000001
vn 0.196717 -0.980460 -0.000000
vn 0.923791 -0.382896 -0.000001
vn 0.774101 -0.633062 -0.000001
vn 0.715176 -0.633063 -0.296235
vn 0.715176 -0.633063 -0.296235
vn 0.774101 -0.633062 -0.000001
vn 0.517737 -0.855540 -0.000001
vn 0.899972 0.226021 -0.372780
vn 0.974122 0.226022 -0.000002
vn 0.775584 0.631244 -0.000001
vn 0.795877 0.507839 -0.329666
vn 0.716548 0.631242 -0.296804
vn 0.775584 0.631244 -0.000001
vn 0.861450 0.507843 -0.000001
vn 0.827140 -0.561996 -0.000001
vn 0.764176 -0.561998 -0.316535
vn 0.770848 -0.551219 -0.319299
vn 0.764176 -0.561998 -0.316535
vn 0.827140 -0.561996 -0.000001
vn 0.662268 0.697245 -0.274318
vn 0.770848 -0.551219 -0.319299
vn 0.834361 -0.551218 -0.000001
vn 0.716826 0.697252 -0.000001
vn 0.597678 0.801736 -0.000001
vn 0.552170 0.801744 -0.228724
vn 0.597678 0.801736 -0.000001
vn 0.853321 0.521386 -0.000001
vn 0.788367 0.521382 -0.326555
vn 0.788367 0.521382 -0.326555
vn 0.853321 0.521386 -0.000001
vn 0.779443 0.626473 -0.000001
vn 0.838792 0.419181 -0.347442
vn 0.720119 0.626468 -0.298273
vn 0.779443 0.626473 -0.000001
vn 0.838792 0.419181 -0.347442
vn 0.907899 0.419188 -0.000001
vn 1.000000 0.000000 -0.000001
vn 0.577112 0.780895 -0.239050
vn 0.736024 0.604421 -0.304869
vn 0.563329 0.604419 -0.563329
vn 0.736024 0.604421 -0.304869
vn 0.923838 -0.009441 -0.382668
vn 0.707075 -0.009441 -0.707075
vn 0.707075 -0.009441 -0.707075
vn 0.923838 -0.009441 -0.382668
vn 0.614390 -0.746833 -0.254492
vn 0.614390 -0.746833 -0.254492
vn 0.241321 -0.965283 -0.099960
vn 0.184698 -0.965284 -0.184698
vn 0.912910 0.153638 -0.378140
vn 0.832880 0.432777 -0.344986
vn 0.637458 0.432776 -0.637458
vn 0.637458 0.432776 -0.637458
vn 0.832880 0.432777 -0.344986
vn 0.904656 0.202942 -0.374717
vn 0.904656 0.202942 -0.374717
vn 0.656121 -0.704020 -0.271774
vn 0.502172 -0.704022 -0.502172
vn 0.502172 -0.704022 -0.502172
vn 0.656121 -0.704020 -0.271774
vn 0.181744 -0.980460 -0.075280
vn 0.853472 -0.382897 -0.353518
vn 0.715176 -0.633063 -0.296235
vn 0.547372 -0.633062 -0.547372
vn 0.547372 -0.633062 -0.547372
vn 0.715176 -0.633063 -0.296235
vn 0.478327 -0.855541 -0.198126
vn 0.688803 0.226021 -0.688815
vn 0.899972 0.226021 -0.372780
vn 0.716548 0.631242 -0.296804
vn 0.609140 0.507835 -0.609140
vn 0.548416 0.631243 -0.548428
vn 0.716548 0.631242 -0.296804
vn 0.795877 0.507839 -0.329666
vn 0.764176 -0.561998 -0.316535
vn 0.584871 -0.562007 -0.584871
vn 0.589983 -0.551217 -0.589983
vn 0.584871 -0.562007 -0.584871
vn 0.764176 -0.561998 -0.316535
vn 0.506877 0.697246 -0.506877
vn 0.589983 -0.551217 -0.589983
vn 0.770848 -0.551219 -0.319299
vn 0.662268 0.697245 -0.274318
vn 0.552170 0.801744 -0.228724
vn 0.422615 0.801744 -0.422615
vn 0.552170 0.801744 -0.228724
vn 0.788367 0.521382 -0.326555
vn 0.603393 0.521377 -0.603393
vn 0.603393 0.521377 -0.603393
vn 0.788367 0.521382 -0.326555
vn 0.720119 0.626468 -0.298273
vn 0.641979 0.419196 -0.641979
vn 0.551152 0.626469 -0.551152
vn 0.720119 0.626468 -0.298273
vn 0.641979 0.419196 -0.641979
vn 0.838792 0.419181 -0.347442
vn 0.923878 0.000000 -0.382688
vn 0.707010 -0.016785 -0.707004
vn 0.590687 -0.549719 -0.590675
vn 0.000006 -0.549719 -0.835350
vn 0.000002 0.000000 -1.000000
vn 0.000007 0.000000 -1.000000
vn 0.707113 0.000000 -0.707101
vn 0.441703 0.780895 -0.441703
vn 0.563329 0.604419 -0.563329
vn 0.304869 0.604421 -0.736024
vn 0.563329 0.604419 -0.563329
vn 0.707075 -0.009441 -0.707075
vn 0.382668 -0.009441 -0.923838
vn 0.382668 -0.009441 -0.923838
vn 0.707075 -0.009441 -0.707075
vn 0.470237 -0.746829 -0.470237
vn 0.470237 -0.746829 -0.470237
vn 0.184698 -0.965284 -0.184698
vn 0.099960 -0.965283 -0.241321
vn 0.698708 0.153638 -0.698714
vn 0.637458 0.432776 -0.637458
vn 0.344996 0.432776 -0.832876
vn 0.344996 0.432776 -0.832876
vn 0.637458 0.432776 -0.637458
vn 0.692392 0.202942 -0.692392
vn 0.692392 0.202942 -0.692392
vn 0.502172 -0.704022 -0.502172
vn 0.271774 -0.704020 -0.656121
vn 0.271774 -0.704020 -0.656121
vn 0.502172 -0.704022 -0.502172
vn 0.139103 -0.980459 -0.139103
vn 0.653218 -0.382900 -0.653218
vn 0.547372 -0.633062 -0.547372
vn 0.296235 -0.633063 -0.715176
vn 0.296235 -0.633063 -0.715176
vn 0.547372 -0.633062 -0.547372
vn 0.366092 -0.855542 -0.366092
vn 0.372785 0.226021 -0.899970
vn 0.688803 0.226021 -0.688815
vn 0.548416 0.631243 -0.548428
vn 0.329666 0.507839 -0.795877
vn 0.296804 0.631242 -0.716548
vn 0.548416 0.631243 -0.548428
vn 0.609140 0.507835 -0.609140
vn 0.584871 -0.562007 -0.584871
vn 0.316524 -0.562000 -0.764178
vn 0.319299 -0.551219 -0.770848
vn 0.316524 -0.562000 -0.764178
vn 0.584871 -0.562007 -0.584871
vn 0.274318 0.697245 -0.662268
vn 0.319299 -0.551219 -0.770848
vn 0.589983 -0.551217 -0.589983
vn 0.506877 0.697246 -0.506877
vn 0.422615 0.801744 -0.422615
vn 0.228724 0.801744 -0.552170
vn 0.422615 0.801744 -0.422615
vn 0.603393 0.521377 -0.603393
vn 0.326555 0.521382 -0.788367
vn 0.326555 0.521382 -0.788367
vn 0.603393 0.521377 -0.603393
vn 0.551152 0.626469 -0.551152
vn 0.347442 0.419181 -0.838791
vn 0.298273 0.626468 -0.720119
vn 0.551152 0.626469 -0.551152
vn 0.347442 0.419181 -0.838791
vn 0.641979 0.419196 -0.641979
vn 0.707107 0.000000 -0.707107
vn 0.239047 0.780896 -0.577112
vn 0.304869 0.604421 -0.736024
vn -0.000001 0.604421 -0.796665
vn 0.304869 0.604421 -0.736024
vn 0.382668 -0.009441 -0.923838
vn -0.000001 -0.009441 -0.999955
vn -0.000001 -0.009441 -0.999955
vn 0.382668 -0.009441 -0.923838
vn 0.254492 -0.746833 -0.614390
vn 0.254492 -0.746833 -0.614390
vn 0.099960 -0.965283 -0.241321
vn -0.000000 -0.965284 -0.261204
vn 0.378140 0.153638 -0.912910
vn 0.344996 0.432776 -0.832876
vn -0.000001 0.432774 -0.901502
vn -0.000001 0.432774 -0.901502
vn 0.344996 0.432776 -0.832876
vn 0.374717 0.202942 -0.904656
vn 0.374717 0.202942 -0.904656
vn 0.271774 -0.704020 -0.656121
vn -0.000001 -0.704024 -0.710176
vn -0.000001 -0.704024 -0.710176
vn 0.271774 -0.704020 -0.656121
vn 0.075280 -0.980460 -0.181744
vn 0.353518 -0.382897 -0.853472
vn 0.296235 -0.633063 -0.715176
vn -0.000001 -0.633062 -0.774101
vn -0.000001 -0.633062 -0.774101
vn 0.296235 -0.633063 -0.715176
vn 0.198126 -0.855541 -0.478327
vn -0.000002 0.226022 -0.974122
vn 0.372785 0.226021 -0.899970
vn 0.296804 0.631242 -0.716548
vn -0.000001 0.507843 -0.861450
vn -0.000001 0.631244 -0.775584
vn 0.296804 0.631242 -0.716548
vn 0.329666 0.507839 -0.795877
vn 0.316524 -0.562000 -0.764178
vn -0.000001 -0.561996 -0.827140
vn -0.000001 -0.551218 -0.834361
vn -0.000001 -0.561996 -0.827140
vn 0.316524 -0.562000 -0.764178
vn -0.000001 0.697252 -0.716826
vn -0.000001 -0.551218 -0.834361
vn 0.319299 -0.551219 -0.770848
vn 0.274318 0.697245 -0.662268
vn 0.228724 0.801744 -0.552170
vn -0.000000 0.801736 -0.597678
vn 0.228724 0.801744 -0.552170
vn 0.326555 0.521382 -0.788367
vn -0.000001 0.521386 -0.853321
vn -0.000001 0.521386 -0.853321
vn 0.326555 0.521382 -0.788367
vn 0.298273 0.626468 -0.720119
vn -0.000001 0.419188 -0.907899
vn -0.000000 0.626473 -0.779443
vn 0.298273 0.626468 -0.720119
vn -0.000001 0.419188 -0.907899
vn 0.347442 0.419181 -0.838791
vn 0.382688 0.000000 -0.923878
vn 0.000005 -0.016785 -0.999859
vn 0.000006 -0.549719 -0.835350
vn -0.590675 -0.549719 -0.590687
vn -0.707107 0.000000 -0.707107
vn -0.707101 0.000000 -0.707113
vn 0.000007 0.000000 -1.000000
vn 0.000000 0.780893 -0.624664
vn -0.000001 0.604421 -0.796665
vn -0.304869 0.604421 -0.736024
vn -0.000001 0.604421 -0.796665
vn -0.000001 -0.009441 -0.999955
vn -0.382668 -0.009441 -0.923838
vn -0.382668 -0.009441 -0.923838
vn -0.000001 -0.009441 -0.999955
vn -0.000001 -0.746830 -0.665015
vn -0.000001 -0.746830 -0.665015
vn -0.000000 -0.965284 -0.261204
vn -0.099960 -0.965283 -0.241321
vn -0.000002 0.153637 -0.988127
vn -0.000001 0.432774 -0.901502
vn -0.344986 0.432777 -0.832880
vn -0.344986 0.432777 -0.832880
vn -0.000001 0.432774 -0.901502
vn -0.000001 0.202943 -0.979191
vn -0.000001 0.202943 -0.979191
vn -0.000001 -0.704024 -0.710176
vn -0.271774 -0.704020 -0.656121
vn -0.271774 -0.704020 -0.656121
vn -0.000001 -0.704024 -0.710176
vn -0.000000 -0.980460 -0.196717
vn -0.000001 -0.382896 -0.923791
vn -0.000001 -0.633062 -0.774101
vn -0.296235 -0.633063 -0.715176
vn -0.296235 -0.633063 -0.715176
vn -0.000001 -0.633062 -0.774101
vn -0.000001 -0.855545 -0.517728
vn -0.372775 0.226022 -0.899974
vn -0.000002 0.226022 -0.974122
vn -0.000001 0.631244 -0.775584
vn -0.329666 0.507839 -0.795877
vn -0.296804 0.631242 -0.716548
vn -0.000001 0.631244 -0.775584
vn -0.000001 0.507843 -0.861450
vn -0.000001 -0.561996 -0.827140
vn -0.316535 -0.561998 -0.764176
vn -0.319299 -0.551219 -0.770848
vn -0.316535 -0.561998 -0.764176
vn -0.000001 -0.561996 -0.827140
vn -0.274318 0.697245 -0.662268
vn -0.319299 -0.551219 -0.770848
vn -0.000001 -0.551218 -0.834361
vn -0.000001 0.697252 -0.716826
vn -0.000000 0.801736 -0.597678
vn -0.228724 0.801744 -0.552170
vn -0.000000 0.801736 -0.597678
vn -0.000001 0.521386 -0.853321
vn -0.326555 0.521382 -0.788367
vn -0.326555 0.521382 -0.788367
vn -0.000001 0.521386 -0.853321
vn -0.000000 0.626473 -0.779443
vn -0.347442 0.419181 -0.838791
vn -0.298273 0.626468 -0.720119
vn -0.000000 0.626473 -0.779443
vn -0.347442 0.419181 -0.838791
vn -0.000001 0.419188 -0.907899
vn -0.000001 0.000000 -1.000000
vn -0.239047 0.780896 -0.577112
vn -0.304869 0.604421 -0.736024
vn -0.563329 0.604419 -0.563329
vn -0.304869 0.604421 -0.736024
vn -0.382668 -0.009441 -0.923838
vn -0.707075 -0.009441 -0.707075
vn -0.707075 -0.009441 -0.707075
vn -0.382668 -0.009441 -0.923838
vn -0.254492 -0.746833 -0.614390
vn -0.254492 -0.746833 -0.614390
vn -0.099960 -0.965283 -0.241321
vn -0.184698 -0.965284 -0.184698
vn -0.378140 0.153638 -0.912910
vn -0.344986 0.432777 -0.832880
vn -0.637458 0.432776 -0.637458
vn -0.637458 0.432776 -0.637458
vn -0.344986 0.432777 -0.832880
vn -0.374717 0.202942 -0.904656
vn -0.374717 0.202942 -0.904656
vn -0.271774 -0.704020 -0.656121
vn -0.502180 -0.704018 -0.502168
vn -0.502180 -0.704018 -0.502168
vn -0.271774 -0.704020 -0.656121
vn -0.075280 -0.980460 -0.181744
vn -0.353518 -0.382897 -0.853472
vn -0.296235 -0.633063 -0.715176
vn -0.547372 -0.633062 -0.547372
vn -0.547372 -0.633062 -0.547372
vn -0.296235 -0.633063 -0.715176
vn -0.198127 -0.855545 -0.478318
vn -0.688815 0.226021 -0.688803
vn -0.372775 0.226022 -0.899974
vn -0.296804 0.631242 -0.716548
vn -0.609140 0.507835 -0.609140
vn -0.548428 0.631243 -0.548416
vn -0.296804 0.631242 -0.716548
vn -0.329666 0.507839 -0.795877
vn -0.316535 -0.561998 -0.764176
vn -0.584871 -0.562007 -0.584871
vn -0.589983 -0.551217 -0.589983
vn -0.584871 -0.562007 -0.584871
vn -0.316535 -0.561998 -0.764176
vn -0.506877 0.697246 -0.506877
vn -0.589983 -0.551217 -0.589983
vn -0.319299 -0.551219 -0.770848
vn -0.274318 0.697245 -0.662268
vn -0.228724 0.801744 -0.552170
vn -0.422615 0.801744 -0.422615
vn -0.228724 0.801744 -0.552170
vn -0.326555 0.521382 -0.788367
vn -0.603393 0.521377 -0.603393
vn -0.603393 0.521377 -0.603393
vn -0.326555 0.521382 -0.788367
vn -0.298273 0.626468 -0.720119
vn -0.641979 0.419196 -0.641979
vn -0.551152 0.626469 -0.551152
vn -0.298273 0.626468 -0.720119
vn -0.641979 0.419196 -0.641979
vn -0.347442 0.419181 -0.838791
vn -0.382688 0.000000 -0.923878
vn -0.707004 -0.016785 -0.707010
vn -0.590675 -0.549719 -0.590687
vn -0.835350 -0.549719 -0.000005
vn -1.000000 0.000000 -0.000002
vn -1.000000 0.000000 -0.000007
vn -0.707101 0.000000 -0.707113
vn -0.441703 0.780895 -0.441703
vn -0.563329 0.604419 -0.563329
vn -0.736024 0.604421 -0.304869
vn -0.563329 0.604419 -0.563329
vn -0.707075 -0.009441 -0.707075
vn -0.923838 -0.009441 -0.382668
vn -0.614390 -0.746833 -0.254492
vn -0.923838 -0.009441 -0.382668
vn -0.707075 -0.009441 -0.707075
vn -0.470237 -0.746829 -0.470237
vn -0.184698 -0.965284 -0.184698
vn -0.241321 -0.965283 -0.099960
vn -0.698714 0.153638 -0.698708
vn -0.637458 0.432776 -0.637458
vn -0.832876 0.432776 -0.344996
vn -0.832876 0.432776 -0.344996
vn -0.637458 0.432776 -0.637458
vn -0.692392 0.202942 -0.692392
vn -0.692392 0.202942 -0.692392
vn -0.502180 -0.704018 -0.502168
vn -0.656121 -0.704020 -0.271774
vn -0.656121 -0.704020 -0.271774
vn -0.502180 -0.704018 -0.502168
vn -0.139103 -0.980459 -0.139103
vn -0.653218 -0.382900 -0.653218
vn -0.547372 -0.633062 -0.547372
vn -0.715176 -0.633063 -0.296235
vn -0.478318 -0.855545 -0.198127
vn -0.715176 -0.633063 -0.296235
vn -0.547372 -0.633062 -0.547372
vn -0.899970 0.226021 -0.372785
vn -0.688815 0.226021 -0.688803
vn -0.548428 0.631243 -0.548416
vn -0.795877 0.507839 -0.329666
vn -0.716548 0.631242 -0.296804
vn -0.548428 0.631243 -0.548416
vn -0.609140 0.507835 -0.609140
vn -0.584871 -0.562007 -0.584871
vn -0.764178 -0.562000 -0.316524
vn -0.770848 -0.551219 -0.319299
vn -0.764178 -0.562000 -0.316524
vn -0.584871 -0.562007 -0.584871
vn -0.662268 0.697245 -0.274318
vn -0.770848 -0.551219 -0.319299
vn -0.589983 -0.551217 -0.589983
vn -0.506877 0.697246 -0.506877
vn -0.422615 0.801744 -0.422615
vn -0.552170 0.801744 -0.228724
vn -0.422615 0.801744 -0.422615
vn -0.603393 0.521377 -0.603393
vn -0.788367 0.521382 -0.326555
vn -0.720119 0.626468 -0.298273
vn -0.788367 0.521382 -0.326555
vn -0.603393 0.521377 -0.603393
vn -0.838792 0.419181 -0.347442
vn -0.720119 0.626468 -0.298273
vn -0.551152 0.626469 -0.551152
vn -0.838792 0.419181 -0.347442
vn -0.641979 0.419196 -0.641979
vn -0.707107 0.000000 -0.707107
vn -0.577112 0.780896 -0.239047
vn -0.736024 0.604421 -0.304869
vn -0.796665 0.604421 0.000001
vn -0.796665 0.604421 0.000001
vn -0.736024 0.604421 -0.304869
vn -0.923838 -0.009441 -0.382668
vn -0.665015 -0.746830 0.000001
vn -0.999955 -0.009441 0.000001
vn -0.923838 -0.009441 -0.382668
vn -0.614390 -0.746833 -0.254492
vn -0.241321 -0.965283 -0.099960
vn -0.261204 -0.965284 0.000000
vn -0.988127 0.153637 0.000001
vn -0.912910 0.153638 -0.378140
vn -0.832876 0.432776 -0.344996
vn -0.832876 0.432776 -0.344996
vn -0.904656 0.202942 -0.374717
vn -0.979191 0.202943 0.000001
vn -0.904656 0.202942 -0.374717
vn -0.656121 -0.704020 -0.271774
vn -0.710176 -0.704024 0.000001
vn -0.656121 -0.704020 -0.271774
vn -0.181744 -0.980460 -0.075280
vn -0.196717 -0.980460 0.000000
vn -0.715176 -0.633063 -0.296235
vn -0.774101 -0.633062 0.000001
vn -0.923791 -0.382896 0.000001
vn -0.517728 -0.855545 0.000001
vn -0.774101 -0.633062 0.000001
vn -0.715176 -0.633063 -0.296235
vn -0.974122 0.226022 0.000002
vn -0.899970 0.226021 -0.372785
vn -0.716548 0.631242 -0.296804
vn -0.861450 0.507843 0.000001
vn -0.775584 0.631244 0.000001
vn -0.716548 0.631242 -0.296804
vn -0.795877 0.507839 -0.329666
vn -0.764178 -0.562000 -0.316524
vn -0.827140 -0.561996 0.000001
vn -0.834361 -0.551218 0.000001
vn -0.827140 -0.561996 0.000001
vn -0.764178 -0.562000 -0.316524
vn -0.716826 0.697252 0.000001
vn -0.834361 -0.551218 0.000001
vn -0.770848 -0.551219 -0.319299
vn -0.662268 0.697245 -0.274318
vn -0.552170 0.801744 -0.228724
vn -0.597678 0.801736 0.000000
vn -0.552170 0.801744 -0.228724
vn -0.788367 0.521382 -0.326555
vn -0.853321 0.521386 0.000000
vn -0.779443 0.626473 0.000000
vn -0.853321 0.521386 0.000000
vn -0.788367 0.521382 -0.326555
vn -0.907899 0.419188 0.000001
vn -0.779443 0.626473 0.000000
vn -0.720119 0.626468 -0.298273
vn -0.907899 0.419188 0.000001
vn -0.838792 0.419181 -0.347442
vn -0.923878 0.000000 -0.382688
vn -1.000000 0.000000 -0.000000
vn -0.707107 -0.000000 0.707107
vn -1.000000 0.000000 -0.000000
vn -0.983377 0.181577 -0.000001
vn -0.602841 -0.522660 0.602835
vn -0.852801 -0.522237 -0.000001
vn -0.926404 0.376532 -0.000000
vn -0.655066 0.376534 0.655066
vn -0.983377 0.181577 -0.000001
vn -0.885407 0.464817 -0.000000
vn -0.625788 0.465596 0.625788
vn -0.926404 0.376532 -0.000000
vn -0.625788 0.465596 0.625788
vn -0.855525 0.378988 0.352768
vn -0.654688 0.377847 0.654688
vn -0.859466 -0.511193 0.000004
vn -0.789927 -0.519545 0.325711
vn -0.925871 0.377839 0.000004
vn -0.607821 -0.510986 0.607821
vn -0.789927 -0.519545 0.325711
vn -0.287296 -0.913741 0.287296
vn -0.850471 -0.526022 0.000004
vn -0.923575 -0.045204 0.380743
vn -0.998881 -0.047302 0.000005
vn -0.426148 -0.904653 0.000003
vn -0.786504 -0.525472 0.324486
vn -0.850471 -0.526022 0.000004
vn -0.707107 -0.000000 0.707107
vn -0.000002 -0.000000 1.000000
vn -0.707107 -0.000000 0.707107
vn -0.695302 0.181959 0.695302
vn -0.000002 -0.522237 0.852801
vn -0.602841 -0.522660 0.602835
vn -0.655066 0.376534 0.655066
vn -0.000000 0.376532 0.926404
vn -0.695302 0.181959 0.695302
vn -0.625788 0.465596 0.625788
vn -0.000000 0.376532 0.926404
vn -0.655066 0.376534 0.655066
vn -0.000002 0.464817 0.885407
vn -0.352772 0.378992 0.855522
vn -0.000004 0.377839 0.925871
vn -0.654688 0.377847 0.654688
vn -0.325716 -0.519544 0.789926
vn -0.352772 0.378992 0.855522
vn -0.601194 -0.526447 0.601182
vn -0.380748 -0.045204 0.923573
vn -0.706315 -0.047302 0.706315
vn -0.601194 -0.526447 0.601182
vn -0.300118 -0.905462 0.300112
vn -0.324492 -0.525471 0.786502
vn -0.000002 -0.000000 1.000000
vn 0.707107 -0.000000 0.707107
vn -0.000002 -0.000000 1.000000
vn -0.000003 0.181577 0.983377
vn 0.602835 -0.522660 0.602841
vn -0.000002 -0.522237 0.852801
vn -0.000000 0.376532 0.926404
vn 0.655066 0.376534 0.655066
vn -0.000003 0.181577 0.983377
vn -0.000002 0.464817 0.885407
vn 0.655066 0.376534 0.655066
vn -0.000000 0.376532 0.926404
vn 0.625788 0.465596 0.625788
vn 0.352772 0.378992 0.855522
vn 0.654688 0.377847 0.654688
vn -0.000004 0.377839 0.925871
vn 0.325716 -0.519544 0.789926
vn 0.352772 0.378992 0.855522
vn -0.000005 -0.526022 0.850471
vn 0.380748 -0.045204 0.923573
vn -0.000005 -0.047302 0.998881
vn -0.000005 -0.526022 0.850471
vn -0.000002 -0.904653 0.426148
vn 0.324492 -0.525471 0.786502
vn 0.707107 -0.000000 0.707107
vn 1.000000 -0.000000 0.000000
vn 0.707107 -0.000000 0.707107
vn 0.695302 0.181959 0.695302
vn 0.852801 -0.522237 0.000001
vn 0.602835 -0.522660 0.602841
vn 0.655066 0.376534 0.655066
vn 0.926404 0.376532 -0.000001
vn 0.695302 0.181959 0.695302
vn 0.625788 0.465596 0.625788
vn 0.926404 0.376532 -0.000001
vn 0.655066 0.376534 0.655066
vn 0.885407 0.464817 0.000000
vn 0.855522 0.378992 0.352772
vn 0.925869 0.377844 -0.000000
vn 0.654688 0.377847 0.654688
vn 0.789927 -0.519545 0.325711
vn 0.855522 0.378992 0.352772
vn 0.601189 -0.526443 0.601189
vn 0.923575 -0.045204 0.380743
vn 0.706315 -0.047302 0.706315
vn 0.601189 -0.526443 0.601189
vn 0.300118 -0.905462 0.300112
vn 0.786504 -0.525472 0.324486
vn 1.000000 -0.000000 0.000000
vn 0.707107 0.000000 -0.707107
vn 1.000000 -0.000000 0.000000
vn 0.983377 0.181577 0.000001
vn 0.602837 -0.522661 -0.602837
vn 0.852801 -0.522237 0.000001
vn 0.926404 0.376532 -0.000001
vn 0.655066 0.376534 -0.655066
vn 0.983377 0.181577 0.000001
vn 0.885407 0.464817 0.000000
vn 0.655066 0.376534 -0.655066
vn 0.926404 0.376532 -0.000001
vn 0.625788 0.465596 -0.625788
vn 0.855522 0.378992 -0.352772
vn 0.654688 0.377847 -0.654688
vn 0.925869 0.377844 -0.000000
vn 0.789926 -0.519544 -0.325716
vn 0.855522 0.378992 -0.352772
vn 0.850471 -0.526022 -0.000000
vn 0.923573 -0.045204 -0.380748
vn 0.998881 -0.047302 0.000001
vn 0.850471 -0.526022 -0.000000
vn 0.426148 -0.904653 -0.000001
vn 0.786502 -0.525471 -0.324492
vn 0.707107 0.000000 -0.707107
vn 0.000002 0.000000 -1.000000
vn 0.707107 0.000000 -0.707107
vn 0.695302 0.181959 -0.695302
vn 0.000001 -0.522237 -0.852801
vn 0.602837 -0.522661 -0.602837
vn 0.655066 0.376534 -0.655066
vn 0.000001 0.376532 -0.926404
vn 0.695302 0.181959 -0.695302
vn 0.625788 0.465596 -0.625788
vn 0.000001 0.376532 -0.926404
vn 0.655066 0.376534 -0.655066
vn -0.000001 0.464817 -0.885407
vn 0.352772 0.378992 -0.855522
vn -0.000005 0.377839 -0.925871
vn 0.654688 0.377847 -0.654688
vn 0.325716 -0.519544 -0.789926
vn 0.352772 0.378992 -0.855522
vn 0.601189 -0.526443 -0.601189
vn 0.380748 -0.045204 -0.923573
vn 0.706315 -0.047302 -0.706315
vn 0.601189 -0.526443 -0.601189
vn 0.300112 -0.905462 -0.300118
vn 0.324486 -0.525472 -0.786503
vn 0.000002 0.000000 -1.000000
vn -0.707107 0.000000 -0.707107
vn 0.000002 0.000000 -1.000000
vn 0.000002 0.181577 -0.983377
vn -0.602837 -0.522661 -0.602837
vn 0.000001 -0.522237 -0.852801
vn 0.000001 0.376532 -0.926404
vn -0.655066 0.376534 -0.655066
vn 0.000002 0.181577 -0.983377
vn -0.000001 0.464817 -0.885407
vn -0.625785 0.465594 -0.625791
vn 0.000001 0.376532 -0.926404
vn -0.625785 0.465594 -0.625791
vn -0.000001 0.464817 -0.885407
vn -0.352772 0.378992 -0.855522
vn -0.000005 0.377839 -0.925871
vn -0.325716 -0.519544 -0.789926
vn -0.352772 0.378992 -0.855522
vn -0.000006 -0.526022 -0.850471
vn -0.380748 -0.045204 -0.923573
vn -0.000008 -0.047302 -0.998881
vn -0.000006 -0.526022 -0.850471
vn -0.000004 -0.904653 -0.426148
vn -0.324492 -0.525471 -0.786502
vn -0.707107 0.000000 -0.707107
vn -1.000000 0.000000 -0.000000
vn -0.707107 0.000000 -0.707107
vn -0.695302 0.181959 -0.695302
vn -0.852801 -0.522237 -0.000001
vn -0.602837 -0.522661 -0.602837
vn -0.695302 0.181959 -0.695302
vn -0.926404 0.376532 -0.000000
vn -0.983377 0.181577 -0.000001
vn -0.625785 0.465594 -0.625791
vn -0.885407 0.464817 -0.000000
vn -0.655066 0.376534 -0.655066
vn -0.885407 0.464817 -0.000000
vn -0.855522 0.378992 -0.352772
vn -0.925871 0.377839 0.000004
vn -0.654688 0.377847 -0.654688
vn -0.789926 -0.519544 -0.325716
vn -0.855522 0.378992 -0.352772
vn -0.601182 -0.526447 -0.601194
vn -0.923573 -0.045204 -0.380748
vn -0.706315 -0.047302 -0.706315
vn -0.601182 -0.526447 -0.601194
vn -0.300112 -0.905462 -0.300118
vn -0.786504 -0.525472 -0.324486
vn 0.859466 -0.511193 -0.000001
vn 0.406844 -0.913498 -0.000000
vn 0.789926 -0.519544 -0.325716
vn 0.607821 -0.510986 -0.607821
vn 0.287296 -0.913741 -0.287296
vn 0.325716 -0.519544 -0.789926
vn -0.000004 -0.511193 -0.859466
vn -0.000003 -0.913498 -0.406844
vn -0.325716 -0.519544 -0.789926
vn -0.607821 -0.510986 -0.607821
vn -0.287296 -0.913741 -0.287296
vn -0.789926 -0.519544 -0.325716
vn 0.607821 -0.510986 0.607821
vn 0.287296 -0.913741 0.287296
vn 0.789927 -0.519545 0.325711
vn -0.607821 -0.510986 0.607821
vn -0.287296 -0.913741 0.287296
vn -0.325716 -0.519544 0.789926
vn -0.000003 -0.511193 0.859466
vn -0.000002 -0.913498 0.406844
vn 0.325716 -0.519544 0.789926
vn -0.885407 0.464817 -0.000000
vn -0.925871 0.377839 0.000004
vn -0.855525 0.378988 0.352768
vn -0.789927 -0.519545 0.325711
vn -0.654688 0.377847 0.654688
vn -0.855525 0.378988 0.352768
vn -0.789927 -0.519545 0.325711
vn -0.406844 -0.913498 0.000002
vn -0.360986 -0.920637 0.148719
vn -0.786504 -0.525472 0.324486
vn -0.601194 -0.526447 0.601182
vn -0.923575 -0.045204 0.380743
vn -0.412011 -0.895117 0.170329
vn -0.300118 -0.905462 0.300112
vn -0.786504 -0.525472 0.324486
vn -0.625788 0.465596 0.625788
vn -0.654688 0.377847 0.654688
vn -0.352772 0.378992 0.855522
vn -0.325716 -0.519544 0.789926
vn -0.000004 0.377839 0.925871
vn -0.352772 0.378992 0.855522
vn -0.324492 -0.525471 0.786502
vn -0.000005 -0.526022 0.850471
vn -0.380748 -0.045204 0.923573
vn -0.170326 -0.895118 0.412011
vn -0.000002 -0.904653 0.426148
vn -0.324492 -0.525471 0.786502
vn -0.000002 0.464817 0.885407
vn -0.000004 0.377839 0.925871
vn 0.352772 0.378992 0.855522
vn 0.325716 -0.519544 0.789926
vn 0.654688 0.377847 0.654688
vn 0.352772 0.378992 0.855522
vn 0.324492 -0.525471 0.786502
vn 0.601189 -0.526443 0.601189
vn 0.380748 -0.045204 0.923573
vn 0.170330 -0.895122 0.412001
vn 0.300118 -0.905462 0.300112
vn 0.324492 -0.525471 0.786502
vn 0.625788 0.465596 0.625788
vn 0.654688 0.377847 0.654688
vn 0.855522 0.378992 0.352772
vn 0.789927 -0.519545 0.325711
vn 0.925869 0.377844 -0.000000
vn 0.855522 0.378992 0.352772
vn 0.786504 -0.525472 0.324486
vn 0.850471 -0.526022 -0.000000
vn 0.923575 -0.045204 0.380743
vn 0.412001 -0.895122 0.170330
vn 0.426148 -0.904653 -0.000001
vn 0.786504 -0.525472 0.324486
vn 0.885407 0.464817 0.000000
vn 0.925869 0.377844 -0.000000
vn 0.855522 0.378992 -0.352772
vn 0.789926 -0.519544 -0.325716
vn 0.654688 0.377847 -0.654688
vn 0.855522 0.378992 -0.352772
vn 0.786502 -0.525471 -0.324492
vn 0.601189 -0.526443 -0.601189
vn 0.923573 -0.045204 -0.380748
vn 0.412001 -0.895122 -0.170330
vn 0.300112 -0.905462 -0.300118
vn 0.786502 -0.525471 -0.324492
vn 0.625788 0.465596 -0.625788
vn 0.654688 0.377847 -0.654688
vn 0.352772 0.378992 -0.855522
vn 0.325716 -0.519544 -0.789926
vn -0.000005 0.377839 -0.925871
vn 0.352772 0.378992 -0.855522
vn 0.324486 -0.525472 -0.786503
vn -0.000006 -0.526022 -0.850471
vn 0.380748 -0.045204 -0.923573
vn 0.170330 -0.895122 -0.412001
vn -0.000004 -0.904653 -0.426148
vn 0.324486 -0.525472 -0.786503
vn -0.000001 0.464817 -0.885407
vn -0.000005 0.377839 -0.925871
vn -0.352772 0.378992 -0.855522
vn -0.325716 -0.519544 -0.789926
vn -0.654688 0.377847 -0.654688
vn -0.352772 0.378992 -0.855522
vn -0.324492 -0.525471 -0.786502
vn -0.601182 -0.526447 -0.601194
vn -0.380748 -0.045204 -0.923573
vn -0.170329 -0.895117 -0.412011
vn -0.300112 -0.905462 -0.300118
vn -0.324492 -0.525471 -0.786502
vn -0.625785 0.465594 -0.625791
vn -0.654688 0.377847 -0.654688
vn -0.855522 0.378992 -0.352772
vn -0.789926 -0.519544 -0.325716
vn -0.925871 0.377839 0.000004
vn -0.855522 0.378992 -0.352772
vn -0.786504 -0.525472 -0.324486
vn -0.850471 -0.526022 0.000004
vn -0.923573 -0.045204 -0.380748
vn -0.412001 -0.895122 -0.170327
vn -0.426148 -0.904653 0.000003
vn -0.786504 -0.525472 -0.324486
vn 0.360986 -0.920637 -0.148719
vn 0.287296 -0.913741 -0.287296
vn 0.789926 -0.519544 -0.325716
vn 0.148719 -0.920637 -0.360986
vn -0.000003 -0.913498 -0.406844
vn 0.325716 -0.519544 -0.789926
vn -0.148719 -0.920637 -0.360986
vn -0.287296 -0.913741 -0.287296
vn -0.325716 -0.519544 -0.789926
vn -0.360986 -0.920637 -0.148719
vn -0.406844 -0.913498 0.000002
vn -0.789926 -0.519544 -0.325716
vn 0.360986 -0.920637 0.148719
vn 0.406844 -0.913498 -0.000000
vn 0.789927 -0.519545 0.325711
vn -0.148719 -0.920637 0.360986
vn -0.000002 -0.913498 0.406844
vn -0.325716 -0.519544 0.789926
vn 0.148719 -0.920637 0.360986
vn 0.287296 -0.913741 0.287296
vn 0.325716 -0.519544 0.789926
vn -0.885407 0.464817 -0.000000
vn -0.625785 0.465594 -0.625791
vn -0.855522 0.378992 -0.352772
vn -0.352772 0.378992 -0.855522
vn -0.654688 0.377847 -0.654688
vn -0.625785 0.465594 -0.625791
vn -0.000001 0.464817 -0.885407
vn 0.625788 0.465596 -0.625788
vn 0.352772 0.378992 -0.855522
vn 0.625788 0.465596 -0.625788
vn 0.885407 0.464817 0.000000
vn 0.855522 0.378992 -0.352772
vn 0.885407 0.464817 0.000000
vn 0.625788 0.465596 0.625788
vn 0.855522 0.378992 0.352772
vn 0.625788 0.465596 0.625788
vn -0.000002 0.464817 0.885407
vn 0.352772 0.378992 0.855522
vn -0.000002 0.464817 0.885407
vn -0.625788 0.465596 0.625788
vn -0.352772 0.378992 0.855522
vn -0.625788 0.465596 0.625788
vn -0.885407 0.464817 -0.000000
vn -0.855525 0.378988 0.352768
vn -0.999859 -0.016785 -0.000005
vn -0.707010 -0.016785 0.707004
vn -0.604979 0.517703 0.604967
vn -0.000005 -0.016785 0.999859
vn -0.000009 0.517702 0.855561
vn -0.604979 0.517703 0.604967
vn 0.707004 -0.016785 0.707010
vn 0.604967 0.517703 0.604979
vn -0.000009 0.517702 0.855561
vn 0.999859 -0.016785 0.000004
vn 0.855561 0.517702 0.000009
vn 0.604967 0.517703 0.604979
vn 0.707010 -0.016785 -0.707004
vn 0.604979 0.517703 -0.604967
vn 0.855561 0.517702 0.000009
vn 0.000005 -0.016785 -0.999859
vn 0.000009 0.517702 -0.855561
vn 0.604979 0.517703 -0.604967
vn -0.707004 -0.016785 -0.707010
vn -0.604967 0.517703 -0.604979
vn 0.000009 0.517702 -0.855561
vn -0.999859 -0.016785 -0.000005
vn -0.855561 0.517702 -0.000010
vn -0.604967 0.517703 -0.604979
vn -0.707107 -0.000000 0.707107
vn -0.707107 -0.000000 0.707107
vn -1.000000 0.000000 -0.000000
vn -0.983377 0.181577 -0.000001
vn -0.695302 0.181959 0.695302
vn -0.602841 -0.522660 0.602835
vn -0.655066 0.376534 0.655066
vn -0.695302 0.181959 0.695302
vn -0.983377 0.181577 -0.000001
vn -0.625788 0.465596 0.625788
vn -0.655066 0.376534 0.655066
vn -0.926404 0.376532 -0.000000
vn -0.789927 -0.519545 0.325711
vn -0.855525 0.378988 0.352768
vn -0.925871 0.377839 0.000004
vn -0.789927 -0.519545 0.325711
vn -0.360986 -0.920637 0.148719
vn -0.287296 -0.913741 0.287296
vn -0.850471 -0.526022 0.000004
vn -0.786504 -0.525472 0.324486
vn -0.923575 -0.045204 0.380743
vn -0.426148 -0.904653 0.000003
vn -0.412011 -0.895117 0.170329
vn -0.786504 -0.525472 0.324486
vn -0.000002 -0.000000 1.000000
vn -0.000002 -0.000000 1.000000
vn -0.707107 -0.000000 0.707107
vn -0.695302 0.181959 0.695302
vn -0.000003 0.181577 0.983377
vn -0.000002 -0.522237 0.852801
vn -0.000000 0.376532 0.926404
vn -0.000003 0.181577 0.983377
vn -0.695302 0.181959 0.695302
vn -0.625788 0.465596 0.625788
vn -0.000002 0.464817 0.885407
vn -0.000000 0.376532 0.926404
vn -0.654688 0.377847 0.654688
vn -0.607821 -0.510986 0.607821
vn -0.325716 -0.519544 0.789926
vn -0.601194 -0.526447 0.601182
vn -0.324492 -0.525471 0.786502
vn -0.380748 -0.045204 0.923573
vn -0.300118 -0.905462 0.300112
vn -0.170326 -0.895118 0.412011
vn -0.324492 -0.525471 0.786502
vn 0.707107 -0.000000 0.707107
vn 0.707107 -0.000000 0.707107
vn -0.000002 -0.000000 1.000000
vn -0.000003 0.181577 0.983377
vn 0.695302 0.181959 0.695302
vn 0.602835 -0.522660 0.602841
vn 0.655066 0.376534 0.655066
vn 0.695302 0.181959 0.695302
vn -0.000003 0.181577 0.983377
vn -0.000002 0.464817 0.885407
vn 0.625788 0.465596 0.625788
vn 0.655066 0.376534 0.655066
vn -0.000004 0.377839 0.925871
vn -0.000003 -0.511193 0.859466
vn 0.325716 -0.519544 0.789926
vn -0.000005 -0.526022 0.850471
vn 0.324492 -0.525471 0.786502
vn 0.380748 -0.045204 0.923573
vn -0.000002 -0.904653 0.426148
vn 0.170330 -0.895122 0.412001
vn 0.324492 -0.525471 0.786502
vn 1.000000 -0.000000 0.000000
vn 1.000000 -0.000000 0.000000
vn 0.707107 -0.000000 0.707107
vn 0.695302 0.181959 0.695302
vn 0.983377 0.181577 0.000001
vn 0.852801 -0.522237 0.000001
vn 0.926404 0.376532 -0.000001
vn 0.983377 0.181577 0.000001
vn 0.695302 0.181959 0.695302
vn 0.625788 0.465596 0.625788
vn 0.885407 0.464817 0.000000
vn 0.926404 0.376532 -0.000001
vn 0.654688 0.377847 0.654688
vn 0.607821 -0.510986 0.607821
vn 0.789927 -0.519545 0.325711
vn 0.601189 -0.526443 0.601189
vn 0.786504 -0.525472 0.324486
vn 0.923575 -0.045204 0.380743
vn 0.300118 -0.905462 0.300112
vn 0.412001 -0.895122 0.170330
vn 0.786504 -0.525472 0.324486
vn 0.707107 0.000000 -0.707107
vn 0.707107 0.000000 -0.707107
vn 1.000000 -0.000000 0.000000
vn 0.983377 0.181577 0.000001
vn 0.695302 0.181959 -0.695302
vn 0.602837 -0.522661 -0.602837
vn 0.655066 0.376534 -0.655066
vn 0.695302 0.181959 -0.695302
vn 0.983377 0.181577 0.000001
vn 0.885407 0.464817 0.000000
vn 0.625788 0.465596 -0.625788
vn 0.655066 0.376534 -0.655066
vn 0.925869 0.377844 -0.000000
vn 0.859466 -0.511193 -0.000001
vn 0.789926 -0.519544 -0.325716
vn 0.850471 -0.526022 -0.000000
vn 0.786502 -0.525471 -0.324492
vn 0.923573 -0.045204 -0.380748
vn 0.426148 -0.904653 -0.000001
vn 0.412001 -0.895122 -0.170330
vn 0.786502 -0.525471 -0.324492
vn 0.000002 0.000000 -1.000000
vn 0.000002 0.000000 -1.000000
vn 0.707107 0.000000 -0.707107
vn 0.695302 0.181959 -0.695302
vn 0.000002 0.181577 -0.983377
vn 0.000001 -0.522237 -0.852801
vn 0.000001 0.376532 -0.926404
vn 0.000002 0.181577 -0.983377
vn 0.695302 0.181959 -0.695302
vn 0.625788 0.465596 -0.625788
vn -0.000001 0.464817 -0.885407
vn 0.000001 0.376532 -0.926404
vn 0.654688 0.377847 -0.654688
vn 0.607821 -0.510986 -0.607821
vn 0.325716 -0.519544 -0.789926
vn 0.601189 -0.526443 -0.601189
vn 0.324486 -0.525472 -0.786503
vn 0.380748 -0.045204 -0.923573
vn 0.300112 -0.905462 -0.300118
vn 0.170330 -0.895122 -0.412001
vn 0.324486 -0.525472 -0.786503
vn -0.707107 0.000000 -0.707107
vn -0.707107 0.000000 -0.707107
vn 0.000002 0.000000 -1.000000
vn 0.000002 0.181577 -0.983377
vn -0.695302 0.181959 -0.695302
vn -0.602837 -0.522661 -0.602837
vn -0.655066 0.376534 -0.655066
vn -0.695302 0.181959 -0.695302
vn 0.000002 0.181577 -0.983377
vn -0.625785 0.465594 -0.625791
vn -0.655066 0.376534 -0.655066
vn 0.000001 0.376532 -0.926404
vn -0.000005 0.377839 -0.925871
vn -0.000004 -0.511193 -0.859466
vn -0.325716 -0.519544 -0.789926
vn -0.000006 -0.526022 -0.850471
vn -0.324492 -0.525471 -0.786502
vn -0.380748 -0.045204 -0.923573
vn -0.000004 -0.904653 -0.426148
vn -0.170329 -0.895117 -0.412011
vn -0.324492 -0.525471 -0.786502
vn -1.000000 0.000000 -0.000000
vn -1.000000 0.000000 -0.000000
vn -0.707107 0.000000 -0.707107
vn -0.695302 0.181959 -0.695302
vn -0.983377 0.181577 -0.000001
vn -0.852801 -0.522237 -0.000001
vn -0.695302 0.181959 -0.695302
vn -0.655066 0.376534 -0.655066
vn -0.926404 0.376532 -0.000000
vn -0.885407 0.464817 -0.000000
vn -0.926404 0.376532 -0.000000
vn -0.655066 0.376534 -0.655066
vn -0.654688 0.377847 -0.654688
vn -0.607821 -0.510986 -0.607821
vn -0.789926 -0.519544 -0.325716
vn -0.601182 -0.526447 -0.601194
vn -0.786504 -0.525472 -0.324486
vn -0.923573 -0.045204 -0.380748
vn -0.300112 -0.905462 -0.300118
vn -0.412001 -0.895122 -0.170327
vn -0.786504 -0.525472 -0.324486
vn 0.406844 -0.913498 -0.000000
vn 0.360986 -0.920637 -0.148719
vn 0.789926 -0.519544 -0.325716
vn 0.287296 -0.913741 -0.287296
vn 0.148719 -0.920637 -0.360986
vn 0.325716 -0.519544 -0.789926
vn -0.000003 -0.913498 -0.406844
vn -0.148719 -0.920637 -0.360986
vn -0.325716 -0.519544 -0.789926
vn -0.287296 -0.913741 -0.287296
vn -0.360986 -0.920637 -0.148719
vn -0.789926 -0.519544 -0.325716
vn 0.287296 -0.913741 0.287296
vn 0.360986 -0.920637 0.148719
vn 0.789927 -0.519545 0.325711
vn -0.287296 -0.913741 0.287296
vn -0.148719 -0.920637 0.360986
vn -0.325716 -0.519544 0.789926
vn -0.000002 -0.913498 0.406844
vn 0.148719 -0.920637 0.360986
vn 0.325716 -0.519544 0.789926
vn -0.789927 -0.519545 0.325711
vn -0.607821 -0.510986 0.607821
vn -0.654688 0.377847 0.654688
vn -0.789927 -0.519545 0.325711
vn -0.859466 -0.511193 0.000004
vn -0.406844 -0.913498 0.000002
vn -0.601194 -0.526447 0.601182
vn -0.706315 -0.047302 0.706315
vn -0.923575 -0.045204 0.380743
vn -0.300118 -0.905462 0.300112
vn -0.601194 -0.526447 0.601182
vn -0.786504 -0.525472 0.324486
vn -0.325716 -0.519544 0.789926
vn -0.000003 -0.511193 0.859466
vn -0.000004 0.377839 0.925871
vn -0.000005 -0.526022 0.850471
vn -0.000005 -0.047302 0.998881
vn -0.380748 -0.045204 0.923573
vn -0.000002 -0.904653 0.426148
vn -0.000005 -0.526022 0.850471
vn -0.324492 -0.525471 0.786502
vn 0.325716 -0.519544 0.789926
vn 0.607821 -0.510986 0.607821
vn 0.654688 0.377847 0.654688
vn 0.601189 -0.526443 0.601189
vn 0.706315 -0.047302 0.706315
vn 0.380748 -0.045204 0.923573
vn 0.300118 -0.905462 0.300112
vn 0.601189 -0.526443 0.601189
vn 0.324492 -0.525471 0.786502
vn 0.789927 -0.519545 0.325711
vn 0.859466 -0.511193 -0.000001
vn 0.925869 0.377844 -0.000000
vn 0.850471 -0.526022 -0.000000
vn 0.998881 -0.047302 0.000001
vn 0.923575 -0.045204 0.380743
vn 0.426148 -0.904653 -0.000001
vn 0.850471 -0.526022 -0.000000
vn 0.786504 -0.525472 0.324486
vn 0.789926 -0.519544 -0.325716
vn 0.607821 -0.510986 -0.607821
vn 0.654688 0.377847 -0.654688
vn 0.601189 -0.526443 -0.601189
vn 0.706315 -0.047302 -0.706315
vn 0.923573 -0.045204 -0.380748
vn 0.300112 -0.905462 -0.300118
vn 0.601189 -0.526443 -0.601189
vn 0.786502 -0.525471 -0.324492
vn 0.325716 -0.519544 -0.789926
vn -0.000004 -0.511193 -0.859466
vn -0.000005 0.377839 -0.925871
vn -0.000006 -0.526022 -0.850471
vn -0.000008 -0.047302 -0.998881
vn 0.380748 -0.045204 -0.923573
vn -0.000004 -0.904653 -0.426148
vn -0.000006 -0.526022 -0.850471
vn 0.324486 -0.525472 -0.786503
vn -0.325716 -0.519544 -0.789926
vn -0.607821 -0.510986 -0.607821
vn -0.654688 0.377847 -0.654688
vn -0.601182 -0.526447 -0.601194
vn -0.706315 -0.047302 -0.706315
vn -0.380748 -0.045204 -0.923573
vn -0.300112 -0.905462 -0.300118
vn -0.601182 -0.526447 -0.601194
vn -0.324492 -0.525471 -0.786502
vn -0.789926 -0.519544 -0.325716
vn -0.859466 -0.511193 0.000004
vn -0.925871 0.377839 0.000004
vn -0.850471 -0.526022 0.000004
vn -0.998881 -0.047302 0.000005
vn -0.923573 -0.045204 -0.380748
vn -0.426148 -0.904653 0.000003
vn -0.850471 -0.526022 0.000004
vn -0.786504 -0.525472 -0.324486
vn 0.287296 -0.913741 -0.287296
vn 0.607821 -0.510986 -0.607821
vn 0.789926 -0.519544 -0.325716
vn -0.000003 -0.913498 -0.406844
vn -0.000004 -0.511193 -0.859466
vn 0.325716 -0.519544 -0.789926
vn -0.287296 -0.913741 -0.287296
vn -0.607821 -0.510986 -0.607821
vn -0.325716 -0.519544 -0.789926
vn -0.406844 -0.913498 0.000002
vn -0.859466 -0.511193 0.000004
vn -0.789926 -0.519544 -0.325716
vn 0.406844 -0.913498 -0.000000
vn 0.859466 -0.511193 -0.000001
vn 0.789927 -0.519545 0.325711
vn -0.000002 -0.913498 0.406844
vn -0.000003 -0.511193 0.859466
vn -0.325716 -0.519544 0.789926
vn 0.287296 -0.913741 0.287296
vn 0.607821 -0.510986 0.607821
vn 0.325716 -0.519544 0.789926
vn 0.000000 0.000000 -1.000000
vn 0.000000 0.000000 -1.000000
vn 0.000000 0.000000 -1.000000
vn 0.000000 0.000000 -1.000000
vn 0.000000 0.000000 -1.000000
vn 0.000000 0.000000 -1.000000
vn 0.000000 0.000000 -1.000000
vn 0.000000 0.000000 -1.000000
vn 0.000000 0.000000 -1.000000
vn 0.000000 0.000000 -1.000000
vn -0.000001 0.000000 -1.000000
vn 0.000000 0.000000 -1.000000
vn 0.000001 0.000000 -1.000000
vn 0.000000 0.000000 -1.000000
vn 0.000001 0.000000 -1.000000
vn 0.000000 0.000000 -1.000000
vn 0.000000 0.000000 -1.000000
vn 0.000000 0.000000 -1.000000
vn 0.000000 0.000000 -1.000000
vn 0.000000 0.000000 -1.000000
vn 0.000000 0.000000 -1.000000
vn 0.000000 0.000000 -1.000000
vn 0.000000 0.000000 -1.000000
vn 0.000000 0.000000 -1.000000
vn 0.000000 0.000000 -1.000000
vn 0.000000 0.000000 -1.000000
vn 0.000000 0.000000 -1.000000
vn 0.000000 0.000000 -1.000000
vn 0.000000 0.000000 -1.000000
vn 0.000000 0.000000 -1.000000
vn 0.000000 0.000000 -1.000000
vn 0.000000 0.000000 -1.000000
vn 0.000000 0.000000 -1.000000
vn 0.000000 0.000000 -1.000000
vn 0.000000 0.000000 -1.000000
vn 0.000000 0.000000 -1.000000
vn 0.000000 0.000000 -1.000000
vn 0.000000 0.000000 -1.000000
vn 0.000000 0.000000 -1.000000
vn 0.000000 0.000000 -1.000000
vn 0.000000 0.000000 -1.000000
vn 0.000000 0.000000 -1.000000
vn 0.000000 0.000000 -1.000000
vn 0.000000 0.000000 -1.000000
vn 0.000000 0.000000 -1.000000
vn 0.000000 0.000000 -1.000000
vn 0.000000 0.000000 -1.000000
vn 0.000000 0.000000 -1.000000
vn -0.707041 0.707172 0.000000
vn -0.923770 0.382948 0.000000
vn -0.707041 0.707172 0.000000
vn -0.382671 0.923885 0.000000
vn -0.707041 0.707172 0.000000
vn -0.382671 0.923885 0.000000
vn 0.382671 0.923885 0.000000
vn -0.000001 1.000000 0.000000
vn 0.382671 0.923885 0.000000
vn 0.923770 0.382948 0.000000
vn 0.707035 0.707178 0.000000
vn 0.923770 0.382948 0.000000
vn 1.000000 0.000000 0.000000
vn 0.923770 0.382948 0.000000
vn 1.000000 0.000000 0.000000
vn 0.707041 -0.707172 -0.000000
vn 0.923905 -0.382623 -0.000000
vn 0.707041 -0.707172 -0.000000
vn 0.923905 0.382623 0.000000
vn 1.000000 0.000000 0.000000
vn 0.923905 0.382623 0.000000
vn -0.923905 0.382623 0.000000
vn -0.707035 0.707178 0.000000
vn -0.923905 0.382623 0.000000
vn 0.000001 -1.000000 -0.000000
vn -0.382666 -0.923887 -0.000000
vn 0.000001 -1.000000 -0.000000
vn 0.000000 -0.000000 1.000000
vn 0.000000 -0.000000 1.000000
vn 0.000000 -0.000000 1.000000
vn 0.000000 -0.000000 1.000000
vn 0.000000 -0.000000 1.000000
vn 0.000000 -0.000000 1.000000
vn 0.000000 -0.000000 1.000000
vn 0.000000 -0.000000 1.000000
vn 0.000000 -0.000000 1.000000
vn 0.000000 -0.000000 1.000000
vn 0.000000 -0.000000 1.000000
vn 0.000000 -0.000000 1.000000
vn -0.000000 -0.000000 1.000000
vn -0.000000 -0.000000 1.000000
vn 0.000000 -0.000000 1.000000
vn 0.000000 -0.000000 1.000000
vn 0.000000 -0.000000 1.000000
vn 0.000000 -0.000000 1.000000
vn 0.000000 -0.000000 1.000000
vn 0.000000 -0.000000 1.000000
vn 0.000000 -0.000000 1.000000
vn 0.000000 -0.000000 1.000000
vn 0.000000 -0.000000 1.000000
vn 0.000000 -0.000000 1.000000
vn 0.000000 -0.000000 1.000000
vn 0.000000 -0.000000 1.000000
vn 0.000000 -0.000000 1.000000
vn 0.000000 -0.000000 1.000000
vn 0.000000 -0.000000 1.000000
vn 0.000000 -0.000000 1.000000
vn 0.000000 -0.000000 1.000000
vn 0.000000 -0.000000 1.000000
vn 0.000000 -0.000000 1.000000
vn 0.000000 -0.000000 1.000000
vn 0.000000 -0.000000 1.000000
vn -0.000000 -0.000000 1.000000
vn -0.000000 -0.000000 1.000000
vn -0.000000 -0.000000 1.000000
vn 0.000000 -0.000000 1.000000
vn 0.000000 -0.000000 1.000000
vn 0.000000 -0.000000 1.000000
vn 0.000000 -0.000000 1.000000
vn 0.000000 -0.000000 1.000000
vn 0.000000 -0.000000 1.000000
vn 0.000000 -0.000000 1.000000
vn 0.000000 -0.000000 1.000000
vn 0.000000 -0.000000 1.000000
vn 0.000000 -0.000000 1.000000
vn -0.923770 0.382948 0.000000
vn -0.923770 0.382948 0.000000
vn -1.000000 0.000000 0.000000
vn -0.000001 1.000000 0.000000
vn -0.382671 0.923885 0.000000
vn -0.382671 0.923885 0.000000
vn 0.707035 0.707178 0.000000
vn 0.382671 0.923885 0.000000
vn 0.382671 0.923885 0.000000
vn 0.923905 -0.382623 -0.000000
vn 1.000000 0.000000 0.000000
vn 1.000000 0.000000 0.000000
vn 0.382666 -0.923887 -0.000000
vn 0.707041 -0.707172 -0.000000
vn 0.707041 -0.707172 -0.000000
vn -0.000001 -1.000000 -0.000000
vn -0.000001 -1.000000 -0.000000
vn 0.382666 -0.923887 -0.000000
vn -0.382666 -0.923887 -0.000000
vn -0.382666 -0.923887 -0.000000
vn -0.000001 -1.000000 -0.000000
vn -0.707041 -0.707172 -0.000000
vn -0.707041 -0.707172 -0.000000
vn -0.382666 -0.923887 -0.000000
vn -0.923905 -0.382623 -0.000000
vn -0.923905 -0.382623 -0.000000
vn -0.707041 -0.707172 -0.000000
vn -1.000000 0.000000 0.000000
vn -1.000000 0.000000 0.000000
vn -0.923905 -0.382623 -0.000000
vn 0.707035 0.707178 0.000000
vn 0.923905 0.382623 0.000000
vn 0.923905 0.382623 0.000000
vn 0.382671 0.923885 0.000000
vn 0.707035 0.707178 0.000000
vn 0.707035 0.707178 0.000000
vn 0.000001 1.000000 0.000000
vn 0.382671 0.923885 0.000000
vn 0.382671 0.923885 0.000000
vn -0.382666 0.923887 0.000000
vn 0.000001 1.000000 0.000000
vn 0.000001 1.000000 0.000000
vn -0.707035 0.707178 0.000000
vn -0.382666 0.923887 0.000000
vn -0.382666 0.923887 0.000000
vn -1.000000 0.000000 0.000000
vn -1.000000 0.000000 0.000000
vn -0.923905 0.382623 0.000000
vn -0.923770 -0.382948 -0.000000
vn -1.000000 0.000000 0.000000
vn -1.000000 0.000000 0.000000
vn -0.707041 -0.707172 -0.000000
vn -0.923770 -0.382948 -0.000000
vn -0.923770 -0.382948 -0.000000
vn -0.382666 -0.923887 -0.000000
vn -0.707041 -0.707172 -0.000000
vn -0.707041 -0.707172 -0.000000
vn 0.382671 -0.923885 -0.000000
vn 0.382671 -0.923885 -0.000000
vn 0.000001 -1.000000 -0.000000
vn 0.707041 -0.707172 -0.000000
vn 0.382671 -0.923885 -0.000000
vn 0.382671 -0.923885 -0.000000
vn 0.923770 -0.382948 -0.000000
vn 0.707041 -0.707172 -0.000000
vn 0.707041 -0.707172 -0.000000
vn 1.000000 0.000000 0.000000
vn 0.923770 -0.382948 -0.000000
vn 0.923770 -0.382948 -0.000000
vn 0.000000 0.000000 -1.000000
vn 0.000000 0.000000 -1.000000
vn 0.000000 0.000000 -1.000000
vn 0.000000 0.000000 -1.000000
vn 0.000000 0.000000 -1.000000
vn 0.000000 0.000000 -1.000000
vn 0.000000 0.000000 -1.000000
vn 0.000000 0.000000 -1.000000
vn 0.000000 0.000000 -1.000000
vn 0.000000 0.000000 -1.000000
vn 0.000000 0.000000 -1.000000
vn 0.000000 0.000000 -1.000000
vn 0.000000 0.000000 -1.000000
vn 0.000000 0.000000 -1.000000
vn 0.000000 0.000000 -1.000000
vn 0.000000 0.000000 -1.000000
vn 0.000000 0.000000 -1.000000
vn 0.000000 0.000000 -1.000000
vn 0.000000 0.000000 -1.000000
vn 0.000000 0.000000 -1.000000
vn 0.000000 0.000000 -1.000000
vn 0.000000 0.000000 -1.000000
vn 0.000000 0.000000 -1.000000
vn 0.000000 0.000000 -1.000000
vn 0.000000 0.000000 -1.000000
vn 0.000000 0.000000 -1.000000
vn 0.000000 0.000000 -1.000000
vn 0.000000 0.000000 -1.000000
vn 0.000000 0.000000 -1.000000
vn 0.000000 0.000000 -1.000000
vn 0.000000 0.000000 -1.000000
vn 0.000000 0.000000 -1.000000
vn 0.000000 0.000000 -1.000000
vn 0.000000 0.000000 -1.000000
vn 0.000000 0.000000 -1.000000
vn 0.000000 0.000000 -1.000000
vn 0.000000 0.000000 -1.000000
vn 0.000000 0.000000 -1.000000
vn 0.000000 0.000000 -1.000000
vn 0.000000 0.000000 -1.000000
vn 0.000000 0.000000 -1.000000
vn 0.000000 0.000000 -1.000000
vn 0.000000 0.000000 -1.000000
vn 0.000000 0.000000 -1.000000
vn 0.000000 0.000000 -1.000000
vn 0.000000 0.000000 -1.000000
vn 0.000000 0.000000 -1.000000
vn 0.000000 0.000000 -1.000000
vn -0.707041 0.707172 0.000000
vn -0.923770 0.382948 0.000000
vn -0.923770 0.382948 0.000000
vn -0.382671 0.923885 0.000000
vn -0.707041 0.707172 0.000000
vn -0.707041 0.707172 0.000000
vn 0.382671 0.923885 0.000000
vn -0.000001 1.000000 0.000000
vn -0.000001 1.000000 0.000000
vn 0.923770 0.382948 0.000000
vn 0.707035 0.707178 0.000000
vn 0.707035 0.707178 0.000000
vn 0.923770 0.382948 0.000000
vn 0.923770 0.382948 0.000000
vn 1.000000 0.000000 0.000000
vn 0.707041 -0.707172 -0.000000
vn 0.923905 -0.382623 -0.000000
vn 0.923905 -0.382623 -0.000000
vn 0.923905 0.382623 0.000000
vn 1.000000 0.000000 0.000000
vn 1.000000 0.000000 0.000000
vn -0.707035 0.707178 0.000000
vn -0.707035 0.707178 0.000000
vn -0.923905 0.382623 0.000000
vn -0.382666 -0.923887 -0.000000
vn -0.382666 -0.923887 -0.000000
vn 0.000001 -1.000000 -0.000000
vn 0.000000 -0.000000 1.000000
vn 0.000000 -0.000000 1.000000
vn 0.000000 -0.000000 1.000000
vn 0.000000 -0.000000 1.000000
vn 0.000000 -0.000000 1.000000
vn 0.000000 -0.000000 1.000000
vn 0.000000 -0.000000 1.000000
vn 0.000000 -0.000000 1.000000
vn 0.000000 -0.000000 1.000000
vn 0.000000 -0.000000 1.000000
vn 0.000000 -0.000000 1.000000
vn 0.000000 -0.000000 1.000000
vn 0.000000 -0.000000 1.000000
vn 0.000000 -0.000000 1.000000
vn -0.000000 -0.000000 1.000000
vn 0.000000 -0.000000 1.000000
vn 0.000000 -0.000000 1.000000
vn 0.000000 -0.000000 1.000000
vn 0.000000 -0.000000 1.000000
vn 0.000000 -0.000000 1.000000
vn 0.000000 -0.000000 1.000000
vn 0.000000 -0.000000 1.000000
vn 0.000000 -0.000000 1.000000
vn 0.000000 -0.000000 1.000000
vn 0.000000 -0.000000 1.000000
vn 0.000000 -0.000000 1.000000
vn 0.000000 -0.000000 1.000000
vn 0.000000 -0.000000 1.000000
vn 0.000000 -0.000000 1.000000
vn 0.000000 -0.000000 1.000000
vn 0.000000 -0.000000 1.000000
vn 0.000000 -0.000000 1.000000
vn 0.000000 -0.000000 1.000000
vn -0.000000 -0.000000 1.000000
vn -0.000000 -0.000000 1.000000
vn 0.000000 -0.000000 1.000000
vn 0.000000 -0.000000 1.000000
vn 0.000000 -0.000000 1.000000
vn -0.000000 -0.000000 1.000000
vn 0.000000 -0.000000 1.000000
vn 0.000000 -0.000000 1.000000
vn 0.000000 -0.000000 1.000000
vn 0.000000 -0.000000 1.000000
vn 0.000000 -0.000000 1.000000
vn 0.000000 -0.000000 1.000000
vn 0.000000 -0.000000 1.000000
vn 0.000000 -0.000000 1.000000
vn 0.000000 -0.000000 1.000000
vn -0.923770 0.382948 0.000000
vn -1.000000 0.000000 0.000000
vn -1.000000 0.000000 0.000000
vn -0.000001 1.000000 0.000000
vn -0.000001 1.000000 0.000000
vn -0.382671 0.923885 0.000000
vn 0.707035 0.707178 0.000000
vn 0.707035 0.707178 0.000000
vn 0.382671 0.923885 0.000000
vn 0.923905 -0.382623 -0.000000
vn 0.923905 -0.382623 -0.000000
vn 1.000000 0.000000 0.000000
vn 0.382666 -0.923887 -0.000000
vn 0.382666 -0.923887 -0.000000
vn 0.707041 -0.707172 -0.000000
vn -0.000001 -1.000000 -0.000000
vn 0.382666 -0.923887 -0.000000
vn 0.382666 -0.923887 -0.000000
vn -0.382666 -0.923887 -0.000000
vn -0.000001 -1.000000 -0.000000
vn -0.000001 -1.000000 -0.000000
vn -0.707041 -0.707172 -0.000000
vn -0.382666 -0.923887 -0.000000
vn -0.382666 -0.923887 -0.000000
vn -0.923905 -0.382623 -0.000000
vn -0.707041 -0.707172 -0.000000
vn -0.707041 -0.707172 -0.000000
vn -1.000000 0.000000 0.000000
vn -0.923905 -0.382623 -0.000000
vn -0.923905 -0.382623 -0.000000
vn 0.707035 0.707178 0.000000
vn 0.707035 0.707178 0.000000
vn 0.923905 0.382623 0.000000
vn 0.382671 0.923885 0.000000
vn 0.382671 0.923885 0.000000
vn 0.707035 0.707178 0.000000
vn 0.000001 1.000000 0.000000
vn 0.000001 1.000000 0.000000
vn 0.382671 0.923885 0.000000
vn -0.382666 0.923887 0.000000
vn -0.382666 0.923887 0.000000
vn 0.000001 1.000000 0.000000
vn -0.707035 0.707178 0.000000
vn -0.707035 0.707178 0.000000
vn -0.382666 0.923887 0.000000
vn -1.000000 0.000000 0.000000
vn -0.923905 0.382623 0.000000
vn -0.923905 0.382623 0.000000
vn -0.923770 -0.382948 -0.000000
vn -0.923770 -0.382948 -0.000000
vn -1.000000 0.000000 0.000000
vn -0.707041 -0.707172 -0.000000
vn -0.707041 -0.707172 -0.000000
vn -0.923770 -0.382948 -0.000000
vn -0.382666 -0.923887 -0.000000
vn -0.382666 -0.923887 -0.000000
vn -0.707041 -0.707172 -0.000000
vn 0.382671 -0.923885 -0.000000
vn 0.000001 -1.000000 -0.000000
vn 0.000001 -1.000000 -0.000000
vn 0.707041 -0.707172 -0.000000
vn 0.707041 -0.707172 -0.000000
vn 0.382671 -0.923885 -0.000000
vn 0.923770 -0.382948 -0.000000
vn 0.923770 -0.382948 -0.000000
vn 0.707041 -0.707172 -0.000000
vn 1.000000 0.000000 0.000000
vn 1.000000 0.000000 0.000000
vn 0.923770 -0.382948 -0.000000
vn -0.923884 -0.000000 0.382674
vn -0.707101 -0.000000 0.707113
vn -0.924050 -0.000000 0.382271
vn -0.382681 -0.000000 0.923881
vn -0.000003 -0.000000 1.000000
vn -0.382281 -0.000000 0.924046
vn 0.382676 -0.000000 0.923883
vn 0.707113 -0.000000 0.707101
vn 0.382276 -0.000000 0.924048
vn 0.923881 -0.000000 0.382681
vn 1.000000 0.000000 -0.000001
vn 0.924046 -0.000000 0.382281
vn 0.923883 0.000000 -0.382676
vn 0.707101 0.000000 -0.707113
vn 0.924049 0.000000 -0.382274
vn 0.382681 0.000000 -0.923881
vn -0.000006 0.000000 -1.000000
vn 0.382279 0.000000 -0.924047
vn -0.382674 0.000000 -0.923884
vn -0.707113 0.000000 -0.707101
vn -0.382271 0.000000 -0.924050
vn -0.923881 0.000000 -0.382679
vn -1.000000 -0.000000 0.000004
vn -0.924047 0.000000 -0.382279
vn -0.707101 -0.000000 0.707113
vn -0.382281 -0.000000 0.924046
vn -0.707101 -0.000000 0.707113
vn 0.000001 -0.000000 1.000000
vn 0.382276 -0.000000 0.924048
vn -0.000003 -0.000000 1.000000
vn 0.707116 -0.000000 0.707098
vn 0.924046 -0.000000 0.382281
vn 0.707113 -0.000000 0.707101
vn 1.000000 0.000000 -0.000002
vn 0.924049 0.000000 -0.382274
vn 1.000000 0.000000 -0.000001
vn 0.707101 0.000000 -0.707113
vn 0.382279 0.000000 -0.924047
vn 0.707101 0.000000 -0.707113
vn -0.000002 0.000000 -1.000000
vn -0.382271 0.000000 -0.924050
vn -0.000006 0.000000 -1.000000
vn -0.707113 0.000000 -0.707101
vn -0.924047 0.000000 -0.382279
vn -0.707113 0.000000 -0.707101
vn -1.000000 -0.000000 0.000002
vn -0.924050 -0.000000 0.382271
vn -1.000000 -0.000000 0.000004
vn -0.923884 -0.000000 0.382674
vn -0.707101 -0.000000 0.707113
vn -0.707101 -0.000000 0.707113
vn -0.382681 -0.000000 0.923881
vn 0.000001 -0.000000 1.000000
vn -0.000003 -0.000000 1.000000
vn 0.382676 -0.000000 0.923883
vn 0.707116 -0.000000 0.707098
vn 0.707113 -0.000000 0.707101
vn 0.923881 -0.000000 0.382681
vn 1.000000 0.000000 -0.000002
vn 1.000000 0.000000 -0.000001
vn 0.923883 0.000000 -0.382676
vn 0.707101 0.000000 -0.707113
vn 0.707101 0.000000 -0.707113
vn 0.382681 0.000000 -0.923881
vn -0.000002 0.000000 -1.000000
vn -0.000006 0.000000 -1.000000
vn -0.382674 0.000000 -0.923884
vn -0.707113 0.000000 -0.707101
vn -0.707113 0.000000 -0.707101
vn -0.923881 0.000000 -0.382679
vn -1.000000 -0.000000 0.000002
vn -1.000000 -0.000000 0.000004
vn -0.707101 -0.000000 0.707113
vn -0.382681 -0.000000 0.923881
vn -0.382281 -0.000000 0.924046
vn 0.000001 -0.000000 1.000000
vn 0.382676 -0.000000 0.923883
vn 0.382276 -0.000000 0.924048
vn 0.707116 -0.000000 0.707098
vn 0.923881 -0.000000 0.382681
vn 0.924046 -0.000000 0.382281
vn 1.000000 0.000000 -0.000002
vn 0.923883 0.000000 -0.382676
vn 0.924049 0.000000 -0.382274
vn 0.707101 0.000000 -0.707113
vn 0.382681 0.000000 -0.923881
vn 0.382279 0.000000 -0.924047
vn -0.000002 0.000000 -1.000000
vn -0.382674 0.000000 -0.923884
vn -0.382271 0.000000 -0.924050
vn -0.707113 0.000000 -0.707101
vn -0.923881 0.000000 -0.382679
vn -0.924047 0.000000 -0.382279
vn -1.000000 -0.000000 0.000002
vn -0.923884 -0.000000 0.382674
vn -0.924050 -0.000000 0.382271
vn 0.000000 0.000000 -1.000000
vn 0.000000 0.000000 -1.000000
vn 0.000000 0.000000 -1.000000
vn 0.000000 0.000000 -1.000000
vn 0.000000 0.000000 -1.000000
vn 0.000000 0.000000 -1.000000
vn 0.650961 0.017275 -0.758914
vn 0.653094 0.018631 -0.757047
vn 0.642587 0.074732 -0.762560
vn 0.642587 0.074732 -0.762560
vn 0.641833 0.071294 -0.763523
vn 0.650961 0.017275 -0.758914
vn 0.000000 0.000000 -1.000000
vn 0.000000 0.000000 -1.000000
vn 0.000000 0.000000 -1.000000
vn 0.000000 0.000000 -1.000000
vn 0.000000 0.000000 -1.000000
vn 0.000000 0.000000 -1.000000
vn -0.390443 -0.920627 -0.000000
vn -0.390443 -0.920627 -0.000000
vn -0.657093 -0.753809 -0.000000
vn -0.657093 -0.753809 -0.000000
vn -0.657090 -0.753812 -0.000000
vn -0.390443 -0.920627 -0.000000
vn 0.000000 0.000000 -1.000000
vn 0.000000 0.000000 -1.000000
vn 0.000000 0.000000 -1.000000
vn 0.000000 0.000000 -1.000000
vn 0.000000 0.000000 -1.000000
vn 0.000000 0.000000 -1.000000
vn 0.000000 0.000000 -1.000000
vn 0.000000 0.000000 -1.000000
vn 0.000000 0.000000 -1.000000
vn 0.000000 0.000000 -1.000000
vn 0.000000 0.000000 -1.000000
vn 0.000000 0.000000 -1.000000
vn 0.000000 -1.000000 -0.000000
vn 0.000000 -1.000000 -0.000000
vn 0.000000 -1.000000 -0.000000
vn 0.000000 -1.000000 -0.000000
vn 0.000000 -1.000000 -0.000000
vn 0.000000 -1.000000 -0.000000
vn -0.998642 0.052095 0.000477
vn -0.998866 0.047540 -0.002766
vn -0.998659 0.051776 0.000381
vn -0.998659 0.051776 0.000381
vn -0.998590 0.053088 0.000095
vn -0.998642 0.052095 0.000477
vn 0.000000 -1.000000 -0.000000
vn 0.000000 -1.000000 -0.000000
vn 0.000000 -1.000000 -0.000000
vn 0.000000 -1.000000 -0.000000
vn 0.000000 -1.000000 -0.000000
vn 0.000000 -1.000000 -0.000000
vn 0.016046 -0.028777 0.999457
vn 0.150393 -0.004423 0.988616
vn 0.024795 -0.018078 0.999529
vn 0.000000 -1.000000 -0.000000
vn 0.000000 -1.000000 -0.000000
vn 0.000000 -1.000000 -0.000000
vn -0.304594 -0.007522 0.952453
vn -0.308794 -0.001130 0.951128
vn -0.815957 -0.000000 0.578113
vn -0.815957 -0.000000 0.578113
vn -0.815957 -0.000000 0.578113
vn -0.304594 -0.007522 0.952453
vn -0.993050 -0.000000 0.117693
vn -0.815957 -0.000000 0.578113
vn -0.815957 -0.000000 0.578113
vn -0.815957 -0.000000 0.578113
vn -0.993050 -0.000000 0.117693
vn -0.993050 -0.000000 0.117693
vn -0.047111 -0.011444 0.998824
vn -0.304594 -0.007522 0.952453
vn -0.030517 -0.050919 0.998236
vn -0.030517 -0.050919 0.998236
vn -0.304594 -0.007522 0.952453
vn -0.027657 -0.065065 0.997498
vn -0.998900 0.046779 -0.003147
vn -0.998710 0.050772 0.000143
vn -0.998710 0.050772 -0.000143
vn -0.998900 0.046779 -0.003147
vn -0.998710 0.050772 -0.000143
vn -0.998902 0.046731 0.003243
vn 0.000811 -0.840490 0.541826
vn 0.002003 -0.841341 0.540501
vn 0.000620 -0.590575 0.806983
vn 0.000620 -0.590575 0.806983
vn 0.000000 -0.597529 0.801847
vn 0.000811 -0.840490 0.541826
vn 0.000000 -1.000000 -0.000000
vn 0.000000 -1.000000 -0.000000
vn 0.000000 -1.000000 -0.000000
vn 0.000000 -1.000000 -0.000000
vn 0.000000 -1.000000 -0.000000
vn 0.000000 -1.000000 -0.000000
vn 0.756507 -0.653986 -0.000000
vn 0.756507 -0.653986 -0.000000
vn 0.486754 -0.873539 -0.000000
vn 0.486754 -0.873539 -0.000000
vn 0.486754 -0.873539 -0.000000
vn 0.756507 -0.653986 -0.000000
vn 0.756507 -0.653986 -0.000000
vn 0.934752 -0.355300 -0.000000
vn 0.934752 -0.355300 -0.000000
vn 0.934752 -0.355300 -0.000000
vn 0.756507 -0.653986 -0.000000
vn 0.756507 -0.653986 -0.000000
vn 0.000763 -1.000000 -0.000000
vn 0.002193 -0.999998 -0.000000
vn 0.002193 -0.999998 -0.000000
vn 0.002193 -0.999998 -0.000000
vn 0.000763 -1.000000 -0.000000
vn 0.000763 -1.000000 -0.000000
vn -0.941587 -0.336771 -0.000000
vn -0.988920 -0.148452 -0.000000
vn -0.988920 -0.148452 -0.000000
vn -0.988920 -0.148452 -0.000000
vn -0.941587 -0.336771 -0.000000
vn -0.941587 -0.336771 -0.000000
vn 0.000000 -1.000000 -0.000000
vn 0.000000 -1.000000 -0.000000
vn 0.000000 -1.000000 -0.000000
vn 0.000000 -1.000000 -0.000000
vn 0.000000 -1.000000 -0.000000
vn 0.000000 -1.000000 -0.000000
vn 0.000000 -1.000000 -0.000000
vn 0.000000 -1.000000 -0.000000
vn 0.000000 -1.000000 -0.000000
vn 0.000000 -1.000000 -0.000000
vn 0.000000 -1.000000 -0.000000
vn 0.000000 -1.000000 -0.000000
vn -0.308794 -0.001130 0.951128
vn -0.304594 -0.007522 0.952453
vn -0.047111 -0.011444 0.998824
vn -0.047111 -0.011444 0.998824
vn -0.056648 -0.008491 0.998358
vn -0.308794 -0.001130 0.951128
vn 0.000000 -1.000000 -0.000000
vn 0.000000 -1.000000 -0.000000
vn 0.000000 -1.000000 -0.000000
vn 0.995119 -0.055087 0.081874
vn 0.989958 -0.039575 0.135707
vn 0.903242 -0.009860 0.429018
vn 0.903242 -0.009860 0.429018
vn 0.909291 -0.013256 0.415950
vn 0.995119 -0.055087 0.081874
vn 0.000000 -0.279942 0.960017
vn 0.000000 -0.597529 0.801847
vn 0.000620 -0.590575 0.806983
vn 0.000620 -0.590575 0.806983
vn 0.000000 -0.279942 0.960017
vn 0.000000 -0.279942 0.960017
vn 0.909291 -0.013256 0.415950
vn 0.994312 -0.089468 0.057793
vn 0.995119 -0.055087 0.081874
vn 0.512685 -0.000000 0.858577
vn 0.909291 -0.013256 0.415950
vn 0.903242 -0.009860 0.429018
vn 0.903242 -0.009860 0.429018
vn 0.512685 -0.000001 0.858577
vn 0.512685 -0.000000 0.858577
vn 0.000000 -1.000000 -0.000000
vn 0.000000 -1.000000 -0.000000
vn 0.000000 -1.000000 -0.000000
vn 0.000000 -1.000000 -0.000000
vn 0.000000 -1.000000 -0.000000
vn 0.000000 -1.000000 -0.000000
vn 0.437354 0.899289 0.000000
vn 0.727995 0.685583 0.000000
vn 0.727995 0.685583 0.000000
vn 0.727995 0.685583 0.000000
vn 0.437354 0.899289 0.000000
vn 0.437354 0.899289 0.000000
vn -0.941587 -0.336771 -0.000000
vn -0.657090 -0.753812 -0.000000
vn -0.657093 -0.753809 -0.000000
vn -0.657093 -0.753809 -0.000000
vn -0.941587 -0.336771 -0.000000
vn -0.941587 -0.336771 -0.000000
vn 0.000000 0.000000 -1.000000
vn 0.000000 0.000000 -1.000000
vn 0.000000 0.000000 -1.000000
vn 0.024795 -0.018078 0.999529
vn 0.150393 -0.004423 0.988616
vn 0.158927 -0.005632 0.987274
vn 0.158927 -0.005632 0.987274
vn 0.054455 -0.020703 0.998302
vn 0.024795 -0.018078 0.999529
vn 0.150393 -0.004423 0.988616
vn 0.512685 -0.000000 0.858577
vn 0.512685 -0.000001 0.858577
vn 0.512685 -0.000001 0.858577
vn 0.158927 -0.005632 0.987274
vn 0.150393 -0.004423 0.988616
vn 0.000000 -1.000000 -0.000000
vn 0.000000 -1.000000 -0.000000
vn 0.000000 -1.000000 -0.000000
vn 0.000000 -1.000000 -0.000000
vn 0.000000 -1.000000 -0.000000
vn 0.000000 -1.000000 -0.000000
vn 0.000000 -1.000000 -0.000000
vn 0.000000 -1.000000 -0.000000
vn 0.000000 -1.000000 -0.000000
vn 0.586889 0.241362 -0.772855
vn 0.641833 0.071294 -0.763523
vn 0.642587 0.074732 -0.762560
vn 0.642587 0.074732 -0.762560
vn 0.593976 0.229405 -0.771081
vn 0.586889 0.241362 -0.772855
vn 0.098039 0.676119 -0.730241
vn 0.273701 0.571244 -0.773801
vn 0.287625 0.570196 -0.769512
vn 0.287625 0.570196 -0.769512
vn 0.115206 0.678743 -0.725283
vn 0.098039 0.676119 -0.730241
vn 0.273701 0.571244 -0.773801
vn 0.457768 0.438790 -0.773247
vn 0.473049 0.427747 -0.770231
vn 0.473049 0.427747 -0.770231
vn 0.287625 0.570196 -0.769512
vn 0.273701 0.571244 -0.773801
vn 0.115206 0.678743 -0.725283
vn 0.000000 0.683281 -0.730156
vn 0.000000 0.683281 -0.730156
vn 0.000000 0.683281 -0.730156
vn 0.098039 0.676119 -0.730241
vn 0.115206 0.678743 -0.725283
vn 0.457768 0.438790 -0.773247
vn 0.586889 0.241362 -0.772855
vn 0.593976 0.229405 -0.771081
vn 0.593976 0.229405 -0.771081
vn 0.473049 0.427747 -0.770231
vn 0.457768 0.438790 -0.773247
vn 0.000000 -1.000000 -0.000000
vn 0.000000 -1.000000 -0.000000
vn 0.000000 -1.000000 -0.000000
vn 0.000000 -1.000000 -0.000000
vn 0.000000 -1.000000 -0.000000
vn 0.000000 -1.000000 -0.000000
vn 0.999772 0.021363 0.000000
vn 0.999772 0.021363 0.000000
vn 0.993668 0.112354 0.000000
vn 0.993668 0.112354 0.000000
vn 0.993668 0.112354 0.000000
vn 0.999772 0.021363 0.000000
vn 0.000000 -0.000000 1.000000
vn 0.000000 -0.000000 1.000000
vn 0.000000 -0.000000 1.000000
vn 0.000000 -0.000000 1.000000
vn 0.000000 -0.000000 1.000000
vn 0.000000 -0.000000 1.000000
vn 0.641413 0.017033 0.767007
vn 0.632251 0.070210 0.771576
vn 0.633019 0.073626 0.770627
vn 0.633019 0.073626 0.770627
vn 0.643522 0.018357 0.765207
vn 0.641413 0.017033 0.767007
vn 0.000000 -0.000000 1.000000
vn 0.000000 -0.000000 1.000000
vn 0.000000 -0.000000 1.000000
vn -0.390443 -0.920627 -0.000000
vn -0.657093 -0.753809 -0.000000
vn -0.657093 -0.753809 -0.000000
vn -0.657093 -0.753809 -0.000000
vn -0.390443 -0.920627 -0.000000
vn -0.390443 -0.920627 -0.000000
vn 0.000000 -0.000000 1.000000
vn 0.000000 -0.000000 1.000000
vn 0.000000 -0.000000 1.000000
vn 0.000000 -0.000000 1.000000
vn 0.000000 -0.000000 1.000000
vn 0.000000 -0.000000 1.000000
vn 0.000000 -0.000000 1.000000
vn 0.000000 -0.000000 1.000000
vn 0.000000 -0.000000 1.000000
vn 0.000000 -0.000000 1.000000
vn 0.000000 -0.000000 1.000000
vn 0.000000 -0.000000 1.000000
vn 0.000000 -0.000000 1.000000
vn 0.000000 -0.000000 1.000000
vn 0.000000 -0.000000 1.000000
vn 0.437354 0.899289 0.000000
vn 0.437354 0.899289 0.000000
vn 0.143244 0.989687 0.000000
vn 0.143244 0.989687 0.000000
vn 0.143244 0.989687 0.000000
vn 0.437354 0.899289 0.000000
vn 0.000000 -1.000000 -0.000000
vn 0.000000 -1.000000 -0.000000
vn 0.000000 -1.000000 -0.000000
vn 0.000000 -1.000000 -0.000000
vn 0.000000 -1.000000 -0.000000
vn 0.000000 -1.000000 -0.000000
vn 0.000000 -0.000000 1.000000
vn 0.000000 0.000000 1.000000
vn 0.000000 -0.000000 1.000000
vn -0.998642 0.052095 -0.000477
vn -0.998590 0.053088 -0.000095
vn -0.998659 0.051776 -0.000381
vn -0.998659 0.051776 -0.000381
vn -0.998868 0.047492 0.002766
vn -0.998642 0.052095 -0.000477
vn 0.928307 0.371814 0.000000
vn 0.928307 0.371814 0.000000
vn 0.727995 0.685583 0.000000
vn 0.727995 0.685583 0.000000
vn 0.727995 0.685583 0.000000
vn 0.928307 0.371814 0.000000
vn 0.000000 -1.000000 -0.000000
vn 0.000000 -1.000000 -0.000000
vn 0.000000 -1.000000 -0.000000
vn 0.000000 -1.000000 -0.000000
vn 0.000000 -1.000000 -0.000000
vn 0.000000 -1.000000 -0.000000
vn 0.016046 -0.028777 -0.999457
vn 0.024795 -0.018078 -0.999529
vn 0.150393 -0.004423 -0.988616
vn 0.000000 -1.000000 -0.000000
vn 0.000000 -1.000000 -0.000000
vn 0.000000 -1.000000 -0.000000
vn -0.304594 -0.007522 -0.952453
vn -0.815957 0.000000 -0.578113
vn -0.815957 0.000000 -0.578113
vn -0.815957 0.000000 -0.578113
vn -0.308794 -0.001129 -0.951128
vn -0.304594 -0.007522 -0.952453
vn -0.993050 0.000000 -0.117693
vn -0.993050 0.000000 -0.117693
vn -0.815957 0.000000 -0.578113
vn -0.815957 0.000000 -0.578113
vn -0.815957 0.000000 -0.578113
vn -0.993050 0.000000 -0.117693
vn -0.047111 -0.011441 -0.998824
vn -0.030517 -0.050913 -0.998237
vn -0.304594 -0.007522 -0.952453
vn 0.000000 -1.000000 -0.000000
vn 0.000000 -1.000000 -0.000000
vn 0.000000 -1.000000 -0.000000
vn 0.000000 -1.000000 -0.000000
vn 0.000000 -1.000000 -0.000000
vn 0.000000 -1.000000 -0.000000
vn -0.030517 -0.050913 -0.998237
vn -0.027657 -0.065065 -0.997498
vn -0.304594 -0.007522 -0.952453
vn 0.000811 -0.840490 -0.541826
vn 0.000000 -0.597525 -0.801850
vn 0.000620 -0.590575 -0.806983
vn 0.000620 -0.590575 -0.806983
vn 0.002003 -0.841341 -0.540501
vn 0.000811 -0.840490 -0.541826
vn -0.993050 0.000000 -0.117693
vn -0.993050 0.000000 -0.117693
vn -0.993050 -0.000000 0.117693
vn -0.993050 -0.000000 0.117693
vn -0.993050 -0.000000 0.117693
vn -0.993050 0.000000 -0.117693
vn 0.756507 -0.653986 -0.000000
vn 0.486754 -0.873539 -0.000000
vn 0.486754 -0.873539 -0.000000
vn 0.486754 -0.873539 -0.000000
vn 0.756507 -0.653986 -0.000000
vn 0.756507 -0.653986 -0.000000
vn 0.756507 -0.653986 -0.000000
vn 0.756507 -0.653986 -0.000000
vn 0.934751 -0.355303 -0.000000
vn 0.934751 -0.355303 -0.000000
vn 0.934751 -0.355304 -0.000000
vn 0.756507 -0.653986 -0.000000
vn -0.941586 -0.336773 -0.000000
vn -0.941586 -0.336773 -0.000000
vn -0.988918 -0.148463 -0.000000
vn -0.988918 -0.148463 -0.000000
vn -0.988918 -0.148463 -0.000000
vn -0.941586 -0.336773 -0.000000
vn 0.000763 -1.000000 -0.000000
vn 0.000000 -1.000000 -0.000000
vn 0.000000 -1.000000 -0.000000
vn 0.000000 -1.000000 -0.000000
vn 0.000000 -1.000000 -0.000000
vn 0.000763 -1.000000 -0.000000
vn 0.000000 -1.000000 -0.000000
vn 0.000000 -1.000000 -0.000000
vn 0.000000 -1.000000 -0.000000
vn 0.000000 -1.000000 -0.000000
vn 0.000000 -1.000000 -0.000000
vn 0.000000 -1.000000 -0.000000
vn 0.000000 -1.000000 -0.000000
vn 0.000000 -1.000000 -0.000000
vn 0.000000 -1.000000 -0.000000
vn -0.308794 -0.001129 -0.951128
vn -0.056648 -0.008492 -0.998358
vn -0.047111 -0.011441 -0.998824
vn -0.047111 -0.011441 -0.998824
vn -0.304594 -0.007522 -0.952453
vn -0.308794 -0.001129 -0.951128
vn 0.000000 -1.000000 -0.000000
vn 0.000000 -1.000000 -0.000000
vn 0.000000 -1.000000 -0.000000
vn 0.995119 -0.055081 -0.081874
vn 0.909291 -0.013256 -0.415950
vn 0.903242 -0.009859 -0.429018
vn 0.903242 -0.009859 -0.429018
vn 0.989958 -0.039574 -0.135707
vn 0.995119 -0.055081 -0.081874
vn 0.000000 -0.279942 -0.960017
vn 0.000000 -0.279942 -0.960017
vn 0.000620 -0.590575 -0.806983
vn 0.000620 -0.590575 -0.806983
vn 0.000000 -0.597525 -0.801850
vn 0.000000 -0.279942 -0.960017
vn 0.909291 -0.013256 -0.415950
vn 0.995119 -0.055081 -0.081874
vn 0.994313 -0.089456 -0.057793
vn 0.512685 0.000000 -0.858577
vn 0.512685 0.000000 -0.858577
vn 0.903242 -0.009859 -0.429018
vn 0.903242 -0.009859 -0.429018
vn 0.909291 -0.013256 -0.415950
vn 0.512685 0.000000 -0.858577
vn 0.000000 -1.000000 -0.000000
vn 0.000000 -1.000000 -0.000000
vn 0.000000 -1.000000 -0.000000
vn 0.000000 -1.000000 -0.000000
vn 0.000000 -1.000000 -0.000000
vn 0.000000 -1.000000 -0.000000
vn 0.000000 -1.000000 -0.000000
vn 0.000763 -1.000000 -0.000000
vn 0.000763 -1.000000 -0.000000
vn 0.000763 -1.000000 -0.000000
vn 0.000000 -1.000000 -0.000000
vn 0.000000 -1.000000 -0.000000
vn 0.993668 0.112354 0.000000
vn 0.993668 0.112354 0.000000
vn 0.928307 0.371814 0.000000
vn 0.928307 0.371814 0.000000
vn 0.928307 0.371814 0.000000
vn 0.993668 0.112354 0.000000
vn -0.941586 -0.336773 -0.000000
vn -0.941586 -0.336773 -0.000000
vn -0.657093 -0.753809 -0.000000
vn -0.657093 -0.753809 -0.000000
vn -0.657093 -0.753809 -0.000000
vn -0.941586 -0.336773 -0.000000
vn 0.000000 -0.000000 1.000000
vn 0.000000 -0.000000 1.000000
vn 0.000000 -0.000000 1.000000
vn 0.024795 -0.018078 -0.999529
vn 0.054455 -0.020702 -0.998302
vn 0.158927 -0.005631 -0.987274
vn 0.158927 -0.005631 -0.987274
vn 0.150393 -0.004423 -0.988616
vn 0.024795 -0.018078 -0.999529
vn 0.150393 -0.004423 -0.988616
vn 0.158927 -0.005631 -0.987274
vn 0.512685 0.000000 -0.858577
vn 0.512685 0.000000 -0.858577
vn 0.512685 0.000000 -0.858577
vn 0.150393 -0.004423 -0.988616
vn 0.000000 -1.000000 -0.000000
vn 0.000000 -1.000000 -0.000000
vn 0.000000 -1.000000 -0.000000
vn 0.000000 -1.000000 -0.000000
vn 0.000000 -1.000000 -0.000000
vn 0.000000 -1.000000 -0.000000
vn 0.000000 -1.000000 -0.000000
vn 0.000000 -1.000000 -0.000000
vn 0.000000 -1.000000 -0.000000
vn 0.577937 0.237719 0.780691
vn 0.584990 0.225820 0.778969
vn 0.633019 0.073626 0.770627
vn 0.633019 0.073626 0.770627
vn 0.632251 0.070210 0.771576
vn 0.577937 0.237719 0.780691
vn 0.096698 0.666872 0.738871
vn 0.113674 0.669551 0.734017
vn 0.283429 0.561494 0.777427
vn 0.283429 0.561494 0.777427
vn 0.269506 0.562520 0.781625
vn 0.096698 0.666872 0.738871
vn 0.269506 0.562520 0.781625
vn 0.283429 0.561494 0.777427
vn 0.465982 0.421158 0.778131
vn 0.465982 0.421158 0.778131
vn 0.450722 0.432149 0.781087
vn 0.269506 0.562520 0.781625
vn 0.000000 0.673913 0.738811
vn 0.000000 0.673913 0.738811
vn 0.113674 0.669551 0.734017
vn 0.000000 0.673913 0.738811
vn 0.113674 0.669551 0.734017
vn 0.096698 0.666872 0.738871
vn 0.450722 0.432149 0.781087
vn 0.465982 0.421158 0.778131
vn 0.584990 0.225820 0.778969
vn 0.584990 0.225820 0.778969
vn 0.577937 0.237719 0.780691
vn 0.450722 0.432149 0.781087
vn -0.998710 0.050772 -0.000143
vn -0.998642 0.052095 -0.000477
vn -0.998868 0.047492 0.002766
vn -0.998868 0.047492 0.002766
vn -0.998902 0.046731 0.003243
vn -0.998710 0.050772 -0.000143
vn 0.000000 0.000000 -1.000000
vn 0.000000 0.000000 -1.000000
vn 0.000000 0.000000 -1.000000
vn 0.000000 -0.000000 1.000000
vn 0.000000 -0.000000 1.000000
vn 0.000000 -0.000000 1.000000
vn 0.000000 -0.000000 1.000000
vn 0.000000 -0.000000 1.000000
vn 0.000000 -0.000000 1.000000
vn 0.000000 0.000000 1.000000
vn 0.000000 -0.000000 1.000000
vn 0.000000 0.000000 1.000000
vn 0.000000 -1.000000 -0.000000
vn 0.000000 -1.000000 -0.000000
vn 0.000000 -1.000000 -0.000000
vn 0.000000 -1.000000 -0.000000
vn 0.000000 -1.000000 -0.000000
vn 0.000000 -1.000000 -0.000000
vn 0.000763 -1.000000 -0.000000
vn 0.000000 -1.000000 -0.000000
vn 0.000000 -1.000000 -0.000000
vn 0.000000 -1.000000 -0.000000
vn 0.000000 -1.000000 -0.000000
vn 0.000763 -1.000000 -0.000000
vn 0.000000 -1.000000 -0.000000
vn 0.000000 -1.000000 -0.000000
vn 0.000000 -1.000000 -0.000000
vn -0.998866 0.047540 -0.002766
vn -0.998710 0.050772 0.000143
vn -0.998900 0.046779 -0.003147
vn -0.998866 0.047540 -0.002766
vn -0.998642 0.052095 0.000477
vn -0.998710 0.050772 0.000143
vn 0.000000 0.000000 -1.000000
vn 0.000000 0.000000 -1.000000
vn 0.000000 0.000001 -1.000000
vn 0.000000 0.000001 -1.000000
vn 0.000000 0.000000 -1.000000
vn 0.000000 0.000000 -1.000000
vn 0.000000 0.000000 -1.000000
vn 0.000000 0.000000 -1.000000
vn 0.000000 0.000000 -1.000000
vn 0.143244 0.989687 0.000000
vn 0.000000 1.000000 0.000000
vn 0.000000 1.000000 0.000000
vn 0.000000 1.000000 0.000000
vn 0.143244 0.989687 0.000000
vn 0.143244 0.989687 0.000000
s off
g SM_Lamp_06
f 1/1/1 2/2/2 3/3/3
f 4/4/4 5/5/5 1/1/6
f 6/6/7 7/7/8 4/4/9
f 8/8/10 9/9/11 6/6/12
f 10/10/13 11/11/14 8/8/15
f 12/12/16 13/13/17 10/10/18
f 14/14/19 15/15/20 12/12/21
f 16/16/22 17/17/23 14/14/24
f 18/18/25 19/19/26 16/16/27
f 20/20/28 21/21/29 18/18/30
f 22/22/31 23/23/32 20/20/33
f 24/24/34 25/25/35 22/22/36
f 26/26/37 27/27/38 24/24/39
f 28/28/40 29/29/41 26/26/42
f 30/30/43 31/31/44 28/28/45
f 3/32/46 2/33/47 30/30/48
f 32/34/49 243/35/50 244/36/51
f 33/37/52 32/34/53 246/38/54
f 34/39/55 33/37/56 248/40/57
f 35/41/58 34/39/59 36/42/60
f 37/43/61 35/41/62 251/44/63
f 38/45/64 37/43/65 253/46/66
f 39/47/67 38/45/68 255/48/69
f 40/49/70 39/47/71 257/50/72
f 41/51/73 40/49/74 259/52/75
f 42/53/76 41/51/77 261/54/78
f 43/55/79 42/53/80 263/56/81
f 44/57/82 43/55/83 265/58/84
f 45/59/85 44/57/86 267/60/87
f 46/61/88 45/59/89 269/62/90
f 47/63/91 46/61/92 271/64/93
f 48/65/94 271/64/95 243/66/96
f 48/67/97 1/1/98 3/3/99
f 47/68/100 48/69/101 30/30/102
f 46/70/103 47/68/104 28/28/105
f 45/71/106 46/70/107 26/26/108
f 44/72/109 45/71/110 24/24/111
f 43/73/112 44/72/113 22/22/114
f 42/74/115 43/73/116 20/20/117
f 41/75/118 42/74/119 18/18/120
f 40/76/121 41/75/122 16/16/123
f 39/77/124 40/76/125 14/14/126
f 38/78/127 39/77/128 12/12/129
f 37/79/130 38/78/131 10/10/132
f 35/80/133 37/79/134 8/8/135
f 34/81/136 35/80/137 6/6/138
f 33/82/139 34/81/140 4/4/141
f 32/83/142 4/4/143 1/1/144
f 49/84/145 2/2/146 5/5/147
f 50/85/148 5/5/149 7/7/150
f 51/86/151 7/7/152 9/9/153
f 52/87/154 9/9/155 11/11/156
f 53/88/157 11/11/158 13/13/159
f 54/89/160 13/13/161 15/15/162
f 55/90/163 15/15/164 17/17/165
f 56/91/166 17/17/167 19/19/168
f 57/92/169 19/19/170 21/21/171
f 58/93/172 21/21/173 23/23/174
f 59/94/175 23/23/176 25/25/177
f 60/95/178 25/25/179 27/27/180
f 61/96/181 27/27/182 29/29/183
f 62/97/184 29/29/185 31/31/186
f 63/98/187 31/31/188 64/99/189
f 65/100/190 64/99/191 2/33/192
f 66/101/193 67/102/194 68/103/195
f 67/102/196 69/104/197 70/105/198
f 69/104/199 71/106/200 72/107/201
f 71/106/202 73/108/203 74/109/204
f 73/108/205 75/110/206 76/111/207
f 75/110/208 77/112/209 78/113/210
f 77/112/211 79/114/212 80/115/213
f 79/114/214 81/116/215 82/117/216
f 81/116/217 83/118/218 84/119/219
f 83/118/220 85/120/221 86/121/222
f 85/120/223 87/122/224 88/123/225
f 87/122/226 89/124/227 90/125/228
f 89/124/229 91/126/230 92/127/231
f 91/126/232 93/128/233 94/129/234
f 93/128/235 95/130/236 96/131/237
f 95/130/238 66/132/239 97/133/240
f 99/135/241 68/103/242 70/105/243
f 100/136/244 72/107/245 74/109/246
f 101/137/247 76/111/248 78/113/249
f 102/138/250 80/115/251 82/117/252
f 103/139/253 84/119/254 86/121/255
f 104/140/256 88/123/257 90/125/258
f 197/288/259 104/140/260 92/127/261
f 98/142/262 96/131/263 97/133/264
f 66/101/265 106/143/266 67/102/267
f 67/102/268 107/144/269 69/104/270
f 69/104/271 108/145/272 71/106/273
f 71/106/274 109/146/275 73/108/276
f 73/108/277 110/147/278 75/110/279
f 75/110/280 111/148/281 77/112/282
f 77/112/283 112/149/284 79/114/285
f 79/114/286 113/150/287 81/116/288
f 81/116/289 114/151/290 83/118/291
f 83/118/292 115/152/293 85/120/294
f 85/120/295 116/153/296 87/122/297
f 87/122/298 117/154/299 89/124/300
f 89/124/301 118/155/302 91/126/303
f 91/126/304 119/156/305 93/128/306
f 93/128/307 120/157/308 95/130/309
f 95/130/310 120/157/311 66/132/312
f 106/143/313 49/84/314 121/158/315
f 121/158/316 51/86/317 107/144/318
f 107/144/319 52/87/320 108/145/321
f 108/145/322 53/88/323 109/146/324
f 109/146/325 54/89/326 110/147/327
f 110/147/328 55/90/329 111/148/330
f 111/148/331 56/91/332 112/149/333
f 112/149/334 57/92/335 113/150/336
f 113/150/337 58/93/338 114/151/339
f 114/151/340 59/94/341 115/152/342
f 115/152/343 60/95/344 116/153/345
f 116/153/346 61/96/347 117/154/348
f 117/154/349 62/97/350 118/155/351
f 118/155/352 63/98/353 119/156/354
f 119/156/355 65/100/356 120/157/357
f 120/157/358 49/159/359 106/160/360
f 1/1/361 5/5/362 2/2/363
f 4/4/364 7/7/365 5/5/366
f 6/6/367 9/9/368 7/7/369
f 8/8/370 11/11/371 9/9/372
f 10/10/373 13/13/374 11/11/375
f 12/12/376 15/15/377 13/13/378
f 14/14/379 17/17/380 15/15/381
f 16/16/382 19/19/383 17/17/384
f 18/18/385 21/21/386 19/19/387
f 20/20/388 23/23/389 21/21/390
f 22/22/391 25/25/392 23/23/393
f 24/24/394 27/27/395 25/25/396
f 26/26/397 29/29/398 27/27/399
f 28/28/400 31/31/401 29/29/402
f 30/30/403 64/99/404 31/31/405
f 2/33/406 64/99/407 30/30/408
f 32/34/409 48/161/410 243/35/411
f 32/34/412 244/36/413 246/38/414
f 33/37/415 246/38/416 248/40/417
f 34/39/418 248/40/419 36/42/420
f 35/41/421 36/42/422 251/44/423
f 37/43/424 251/44/425 253/46/426
f 38/45/427 253/46/428 255/48/429
f 39/47/430 255/48/431 257/50/432
f 40/49/433 257/50/434 259/52/435
f 41/51/436 259/52/437 261/54/438
f 42/53/439 261/54/440 263/56/441
f 43/55/442 263/56/443 265/58/444
f 44/57/445 265/58/446 267/60/447
f 45/59/448 267/60/449 269/62/450
f 46/61/451 269/62/452 271/64/453
f 48/65/454 47/63/455 271/64/456
f 48/67/457 32/83/458 1/1/459
f 48/69/460 3/32/461 30/30/462
f 47/68/463 30/30/464 28/28/465
f 46/70/466 28/28/467 26/26/468
f 45/71/469 26/26/470 24/24/471
f 44/72/472 24/24/473 22/22/474
f 43/73/475 22/22/476 20/20/477
f 42/74/478 20/20/479 18/18/480
f 41/75/481 18/18/482 16/16/483
f 40/76/484 16/16/485 14/14/486
f 39/77/487 14/14/488 12/12/489
f 38/78/490 12/12/491 10/10/492
f 37/79/493 10/10/494 8/8/495
f 35/80/496 8/8/497 6/6/498
f 34/81/499 6/6/500 4/4/501
f 32/83/502 33/82/503 4/4/504
f 5/5/505 50/85/506 49/84/507
f 7/7/508 51/86/509 50/85/510
f 9/9/511 52/87/512 51/86/513
f 11/11/514 53/88/515 52/87/516
f 13/13/517 54/89/518 53/88/519
f 15/15/520 55/90/521 54/89/522
f 17/17/523 56/91/524 55/90/525
f 19/19/526 57/92/527 56/91/528
f 21/21/529 58/93/530 57/92/531
f 23/23/532 59/94/533 58/93/534
f 25/25/535 60/95/536 59/94/537
f 27/27/538 61/96/539 60/95/540
f 29/29/541 62/97/542 61/96/543
f 31/31/544 63/98/545 62/97/546
f 64/99/547 65/100/548 63/98/549
f 2/33/550 49/159/551 65/100/552
f 68/103/553 97/162/554 66/101/555
f 70/105/556 68/103/557 67/102/558
f 72/107/559 70/105/560 69/104/561
f 74/109/562 72/107/563 71/106/564
f 76/111/565 74/109/566 73/108/567
f 78/113/568 76/111/569 75/110/570
f 80/115/571 78/113/572 77/112/573
f 82/117/574 80/115/575 79/114/576
f 84/119/577 82/117/578 81/116/579
f 86/121/580 84/119/581 83/118/582
f 88/123/583 86/121/584 85/120/585
f 90/125/586 88/123/587 87/122/588
f 92/127/589 90/125/590 89/124/591
f 94/129/592 92/127/593 91/126/594
f 96/131/595 94/129/596 93/128/597
f 97/133/598 96/131/599 95/130/600
f 106/143/601 121/158/602 67/102/603
f 67/102/604 121/158/605 107/144/606
f 69/104/607 107/144/608 108/145/609
f 71/106/610 108/145/611 109/146/612
f 73/108/613 109/146/614 110/147/615
f 75/110/616 110/147/617 111/148/618
f 77/112/619 111/148/620 112/149/621
f 79/114/622 112/149/623 113/150/624
f 81/116/625 113/150/626 114/151/627
f 83/118/628 114/151/629 115/152/630
f 85/120/631 115/152/632 116/153/633
f 87/122/634 116/153/635 117/154/636
f 89/124/637 117/154/638 118/155/639
f 91/126/640 118/155/641 119/156/642
f 93/128/643 119/156/644 120/157/645
f 120/157/646 106/160/647 66/132/648
f 49/84/649 50/85/650 121/158/651
f 121/158/652 50/85/653 51/86/654
f 107/144/655 51/86/656 52/87/657
f 108/145/658 52/87/659 53/88/660
f 109/146/661 53/88/662 54/89/663
f 110/147/664 54/89/665 55/90/666
f 111/148/667 55/90/668 56/91/669
f 112/149/670 56/91/671 57/92/672
f 113/150/673 57/92/674 58/93/675
f 114/151/676 58/93/677 59/94/678
f 115/152/679 59/94/680 60/95/681
f 116/153/682 60/95/683 61/96/684
f 117/154/685 61/96/686 62/97/687
f 118/155/688 62/97/689 63/98/690
f 119/156/691 63/98/692 65/100/693
f 120/157/694 65/100/695 49/159/696
f 98/163/697 191/277/698 123/166/699
f 99/164/700 192/279/701 122/165/702
f 100/167/703 193/281/704 124/168/705
f 101/169/706 194/283/707 125/170/708
f 102/171/709 195/285/710 126/172/711
f 103/173/712 196/287/713 127/174/714
f 104/175/715 197/289/716 128/176/717
f 105/177/718 198/291/719 129/178/720
f 208/301/721 130/181/722 131/182/723
f 209/302/724 133/184/725 130/181/726
f 139/192/727 134/185/728 133/184/729
f 210/303/730 135/186/731 134/185/732
f 140/193/733 136/187/734 135/186/735
f 141/194/736 137/188/737 136/187/738
f 207/300/739 138/189/740 137/188/741
f 132/190/742 131/191/743 138/189/744
f 132/183/745 199/292/746 208/301/747
f 208/301/748 200/293/749 209/302/750
f 139/192/751 209/302/752 201/294/753
f 139/192/754 202/295/755 210/303/756
f 140/193/757 210/303/758 203/296/759
f 141/194/760 140/193/761 204/297/762
f 141/194/763 205/298/764 207/300/765
f 132/190/766 207/300/767 206/299/768
f 142/195/769 143/196/770 144/197/771
f 146/199/772 142/195/773 145/198/774
f 148/201/775 146/199/776 147/200/777
f 150/203/778 148/201/779 149/202/780
f 152/205/781 150/203/782 151/204/783
f 154/207/784 152/205/785 153/206/786
f 156/209/787 154/210/788 155/211/789
f 143/196/790 156/209/791 157/212/792
f 158/213/793 159/214/794 143/196/795
f 160/215/796 158/213/797 142/195/798
f 161/216/799 160/215/800 146/199/801
f 162/217/802 161/216/803 148/201/804
f 163/218/805 162/217/806 150/203/807
f 164/219/808 163/218/809 152/205/810
f 165/220/811 164/221/812 154/210/813
f 159/214/814 165/220/815 156/209/816
f 166/222/817 159/214/818 158/213/819
f 167/223/820 158/213/821 160/215/822
f 168/224/823 160/215/824 161/216/825
f 169/225/826 161/216/827 162/217/828
f 170/226/829 162/217/830 163/218/831
f 171/227/832 163/218/833 164/219/834
f 172/229/835 164/221/836 165/220/837
f 173/230/838 165/220/839 159/214/840
f 144/197/841 133/231/842 134/232/843
f 145/198/844 134/232/845 135/233/846
f 147/200/847 135/233/848 136/234/849
f 149/202/850 136/234/851 137/235/852
f 151/204/853 137/235/854 138/236/855
f 153/206/856 138/236/857 131/237/858
f 155/211/859 131/238/860 130/239/861
f 157/212/862 130/239/863 133/231/864
f 172/240/865 174/242/866 175/243/867
f 173/241/868 176/245/869 174/242/870
f 166/244/871 177/247/872 176/245/873
f 167/246/874 178/249/875 177/247/876
f 168/248/877 179/251/878 178/249/879
f 169/250/880 180/253/881 179/251/882
f 170/252/883 181/255/884 180/253/885
f 171/254/886 175/257/887 181/255/888
f 175/243/889 182/258/890 183/259/891
f 174/242/892 184/260/893 182/258/894
f 176/245/895 185/261/896 184/260/897
f 177/247/898 186/262/899 185/261/900
f 178/249/901 187/263/902 186/262/903
f 179/251/904 188/264/905 187/263/906
f 180/253/907 189/265/908 188/264/909
f 181/255/910 183/266/911 189/265/912
f 183/269/913 182/268/914 190/267/915
f 184/270/916 185/271/917 190/267/918
f 186/272/919 187/273/920 190/267/921
f 188/274/922 189/275/923 190/267/924
f 189/275/925 183/269/926 190/267/927
f 190/267/928 182/268/929 184/270/930
f 190/267/931 187/273/932 188/274/933
f 185/271/934 186/272/935 190/267/936
f 191/277/937 99/164/938 199/292/939
f 192/279/940 100/167/941 200/293/942
f 193/281/943 101/169/944 201/294/945
f 194/283/946 102/171/947 202/295/948
f 195/285/949 103/173/950 203/296/951
f 196/287/952 104/175/953 204/297/954
f 197/289/955 105/177/956 205/298/957
f 198/291/958 98/179/959 206/299/960
f 92/127/961 105/141/962 197/288/963
f 198/290/964 105/141/965 96/131/966
f 191/276/967 98/134/968 68/103/969
f 192/278/970 99/135/971 72/107/972
f 193/280/973 100/136/974 76/111/975
f 194/282/976 101/137/977 80/115/978
f 195/284/979 102/138/980 84/119/981
f 196/286/982 103/139/983 88/123/984
f 140/193/985 127/174/986 204/297/987
f 204/297/988 128/176/989 141/194/990
f 141/194/991 128/176/992 205/298/993
f 205/298/994 129/178/995 207/300/996
f 207/300/997 129/178/998 206/299/999
f 206/299/1000 123/180/1001 132/190/1002
f 132/183/1003 123/166/1004 199/292/1005
f 199/292/1006 122/165/1007 208/301/1008
f 208/301/1009 122/165/1010 200/293/1011
f 200/293/1012 124/168/1013 209/302/1014
f 209/302/1015 124/168/1016 201/294/1017
f 201/294/1018 125/170/1019 139/192/1020
f 139/192/1021 125/170/1022 202/295/1023
f 202/295/1024 126/172/1025 210/303/1026
f 210/303/1027 126/172/1028 203/296/1029
f 203/296/1030 127/174/1031 140/193/1032
f 99/135/1033 191/276/1034 68/103/1035
f 100/136/1036 192/278/1037 72/107/1038
f 101/137/1039 193/280/1040 76/111/1041
f 102/138/1042 194/282/1043 80/115/1044
f 103/139/1045 195/284/1046 84/119/1047
f 104/140/1048 196/286/1049 88/123/1050
f 104/140/1051 90/125/1052 92/127/1053
f 98/142/1054 198/290/1055 96/131/1056
f 191/277/1057 199/292/1058 123/166/1059
f 192/279/1060 200/293/1061 122/165/1062
f 193/281/1063 201/294/1064 124/168/1065
f 194/283/1066 202/295/1067 125/170/1068
f 195/285/1069 203/296/1070 126/172/1071
f 196/287/1072 204/297/1073 127/174/1074
f 197/289/1075 205/298/1076 128/176/1077
f 198/291/1078 206/299/1079 129/178/1080
f 131/182/1081 132/183/1082 208/301/1083
f 130/181/1084 208/301/1085 209/302/1086
f 133/184/1087 209/302/1088 139/192/1089
f 134/185/1090 139/192/1091 210/303/1092
f 135/186/1093 210/303/1094 140/193/1095
f 136/187/1096 140/193/1097 141/194/1098
f 137/188/1099 141/194/1100 207/300/1101
f 138/189/1102 207/300/1103 132/190/1104
f 144/197/1105 145/198/1106 142/195/1107
f 145/198/1108 147/200/1109 146/199/1110
f 147/200/1111 149/202/1112 148/201/1113
f 149/202/1114 151/204/1115 150/203/1116
f 151/204/1117 153/206/1118 152/205/1119
f 153/206/1120 155/208/1121 154/207/1122
f 155/211/1123 157/212/1124 156/209/1125
f 157/212/1126 144/197/1127 143/196/1128
f 143/196/1129 142/195/1130 158/213/1131
f 142/195/1132 146/199/1133 160/215/1134
f 146/199/1135 148/201/1136 161/216/1137
f 148/201/1138 150/203/1139 162/217/1140
f 150/203/1141 152/205/1142 163/218/1143
f 152/205/1144 154/207/1145 164/219/1146
f 154/210/1147 156/209/1148 165/220/1149
f 156/209/1150 143/196/1151 159/214/1152
f 158/213/1153 167/223/1154 166/222/1155
f 160/215/1156 168/224/1157 167/223/1158
f 161/216/1159 169/225/1160 168/224/1161
f 162/217/1162 170/226/1163 169/225/1164
f 163/218/1165 171/227/1166 170/226/1167
f 164/219/1168 172/228/1169 171/227/1170
f 165/220/1171 173/230/1172 172/229/1173
f 159/214/1174 166/222/1175 173/230/1176
f 134/232/1177 145/198/1178 144/197/1179
f 135/233/1180 147/200/1181 145/198/1182
f 136/234/1183 149/202/1184 147/200/1185
f 137/235/1186 151/204/1187 149/202/1188
f 138/236/1189 153/206/1190 151/204/1191
f 131/237/1192 155/208/1193 153/206/1194
f 130/239/1195 157/212/1196 155/211/1197
f 133/231/1198 144/197/1199 157/212/1200
f 172/240/1201 173/241/1202 174/242/1203
f 173/241/1204 166/244/1205 176/245/1206
f 166/244/1207 167/246/1208 177/247/1209
f 167/246/1210 168/248/1211 178/249/1212
f 168/248/1213 169/250/1214 179/251/1215
f 169/250/1216 170/252/1217 180/253/1218
f 170/252/1219 171/254/1220 181/255/1221
f 171/254/1222 172/256/1223 175/257/1224
f 175/243/1225 174/242/1226 182/258/1227
f 174/242/1228 176/245/1229 184/260/1230
f 176/245/1231 177/247/1232 185/261/1233
f 177/247/1234 178/249/1235 186/262/1236
f 178/249/1237 179/251/1238 187/263/1239
f 179/251/1240 180/253/1241 188/264/1242
f 180/253/1243 181/255/1244 189/265/1245
f 181/255/1246 175/257/1247 183/266/1248
f 99/164/1249 122/165/1250 199/292/1251
f 100/167/1252 124/168/1253 200/293/1254
f 101/169/1255 125/170/1256 201/294/1257
f 102/171/1258 126/172/1259 202/295/1260
f 103/173/1261 127/174/1262 203/296/1263
f 104/175/1264 128/176/1265 204/297/1266
f 105/177/1267 129/178/1268 205/298/1269
f 98/179/1270 123/180/1271 206/299/1272
f 92/127/1273 94/129/1274 105/141/1275
f 105/141/1276 94/129/1277 96/131/1278
f 98/134/1279 97/162/1280 68/103/1281
f 99/135/1282 70/105/1283 72/107/1284
f 100/136/1285 74/109/1286 76/111/1287
f 101/137/1288 78/113/1289 80/115/1290
f 102/138/1291 82/117/1292 84/119/1293
f 103/139/1294 86/121/1295 88/123/1296
f 211/304/1297 213/306/1298 212/305/1299
f 214/307/1300 211/304/1301 215/308/1302
f 216/309/1303 214/307/1304 217/310/1305
f 218/311/1306 216/309/1307 219/312/1308
f 220/313/1309 218/311/1310 221/314/1311
f 222/315/1312 220/313/1313 223/316/1314
f 224/317/1315 222/315/1316 225/318/1317
f 226/319/1318 224/317/1319 227/320/1320
f 228/321/1321 226/319/1322 229/322/1323
f 230/323/1324 228/321/1325 231/324/1326
f 232/325/1327 230/323/1328 233/326/1329
f 234/327/1330 232/325/1331 235/328/1332
f 236/329/1333 234/327/1334 237/330/1335
f 238/331/1336 236/329/1337 239/332/1338
f 240/333/1339 238/331/1340 241/334/1341
f 213/335/1342 240/333/1343 212/336/1344
f 242/337/1345 244/339/1346 243/338/1347
f 245/340/1348 246/341/1349 242/337/1350
f 247/342/1351 248/343/1352 245/340/1353
f 249/344/1354 36/345/1355 247/342/1356
f 250/346/1357 251/347/1358 249/344/1359
f 252/348/1360 253/349/1361 250/346/1362
f 254/350/1363 255/351/1364 252/348/1365
f 256/352/1366 257/353/1367 254/350/1368
f 258/354/1369 259/355/1370 256/352/1371
f 260/356/1372 261/357/1373 258/354/1374
f 262/358/1375 263/359/1376 260/356/1377
f 264/360/1378 265/361/1379 262/358/1380
f 266/362/1381 267/363/1382 264/360/1383
f 268/364/1384 269/365/1385 266/362/1386
f 270/366/1387 271/367/1388 268/364/1389
f 272/368/1390 243/369/1391 271/367/1392
f 272/370/1393 213/306/1394 211/304/1395
f 270/371/1396 240/333/1397 272/372/1398
f 268/373/1399 238/331/1400 270/371/1401
f 266/374/1402 236/329/1403 268/373/1404
f 264/375/1405 234/327/1406 266/374/1407
f 262/376/1408 232/325/1409 264/375/1410
f 260/377/1411 230/323/1412 262/376/1413
f 258/378/1414 228/321/1415 260/377/1416
f 256/379/1417 226/319/1418 258/378/1419
f 254/380/1420 224/317/1421 256/379/1422
f 252/381/1423 222/315/1424 254/380/1425
f 250/382/1426 220/313/1427 252/381/1428
f 249/383/1429 218/311/1430 250/382/1431
f 247/384/1432 216/309/1433 249/383/1434
f 245/385/1435 214/307/1436 247/384/1437
f 242/386/1438 211/304/1439 214/307/1440
f 273/387/1441 215/308/1442 212/305/1443
f 274/388/1444 217/310/1445 215/308/1446
f 275/389/1447 219/312/1448 217/310/1449
f 276/390/1450 221/314/1451 219/312/1452
f 277/391/1453 223/316/1454 221/314/1455
f 278/392/1456 225/318/1457 223/316/1458
f 279/393/1459 227/320/1460 225/318/1461
f 280/394/1462 229/322/1463 227/320/1464
f 281/395/1465 231/324/1466 229/322/1467
f 282/396/1468 233/326/1469 231/324/1470
f 283/397/1471 235/328/1472 233/326/1473
f 284/398/1474 237/330/1475 235/328/1476
f 285/399/1477 239/332/1478 237/330/1479
f 286/400/1480 241/334/1481 239/332/1482
f 287/401/1483 288/402/1484 241/334/1485
f 289/403/1486 212/336/1487 288/402/1488
f 290/404/1489 292/406/1490 291/405/1491
f 291/405/1492 294/408/1493 293/407/1494
f 293/407/1495 296/410/1496 295/409/1497
f 295/409/1498 298/412/1499 297/411/1500
f 297/411/1501 300/414/1502 299/413/1503
f 299/413/1504 302/416/1505 301/415/1506
f 301/415/1507 304/418/1508 303/417/1509
f 303/417/1510 306/420/1511 305/419/1512
f 305/419/1513 308/422/1514 307/421/1515
f 307/421/1516 310/424/1517 309/423/1518
f 309/423/1519 312/426/1520 311/425/1521
f 311/425/1522 314/428/1523 313/427/1524
f 313/427/1525 316/430/1526 315/429/1527
f 315/429/1528 318/432/1529 317/431/1530
f 317/431/1531 320/434/1532 319/433/1533
f 319/433/1534 321/436/1535 290/435/1536
f 322/437/1537 294/408/1538 292/406/1539
f 323/438/1540 298/412/1541 296/410/1542
f 324/439/1543 302/416/1544 300/414/1545
f 325/440/1546 306/420/1547 304/418/1548
f 326/441/1549 310/424/1550 308/422/1551
f 327/442/1552 314/428/1553 312/426/1554
f 328/443/1555 316/430/1556 327/442/1557
f 329/444/1558 321/436/1559 320/434/1560
f 290/404/1561 291/405/1562 330/445/1563
f 291/405/1564 293/407/1565 331/446/1566
f 293/407/1567 295/409/1568 332/447/1569
f 295/409/1570 297/411/1571 333/448/1572
f 297/411/1573 299/413/1574 334/449/1575
f 299/413/1576 301/415/1577 335/450/1578
f 301/415/1579 303/417/1580 336/451/1581
f 303/417/1582 305/419/1583 337/452/1584
f 305/419/1585 307/421/1586 338/453/1587
f 307/421/1588 309/423/1589 339/454/1590
f 309/423/1591 311/425/1592 340/455/1593
f 311/425/1594 313/427/1595 341/456/1596
f 313/427/1597 315/429/1598 342/457/1599
f 315/429/1600 317/431/1601 343/458/1602
f 317/431/1603 319/433/1604 344/459/1605
f 319/433/1606 290/435/1607 344/459/1608
f 330/445/1609 345/460/1610 273/387/1611
f 345/460/1612 331/446/1613 275/389/1614
f 331/446/1615 332/447/1616 276/390/1617
f 332/447/1618 333/448/1619 277/391/1620
f 333/448/1621 334/449/1622 278/392/1623
f 334/449/1624 335/450/1625 279/393/1626
f 335/450/1627 336/451/1628 280/394/1629
f 336/451/1630 337/452/1631 281/395/1632
f 337/452/1633 338/453/1634 282/396/1635
f 338/453/1636 339/454/1637 283/397/1638
f 339/454/1639 340/455/1640 284/398/1641
f 340/455/1642 341/456/1643 285/399/1644
f 341/456/1645 342/457/1646 286/400/1647
f 342/457/1648 343/458/1649 287/401/1650
f 343/458/1651 344/459/1652 289/403/1653
f 344/459/1654 330/462/1655 273/461/1656
f 211/304/1657 212/305/1658 215/308/1659
f 214/307/1660 215/308/1661 217/310/1662
f 216/309/1663 217/310/1664 219/312/1665
f 218/311/1666 219/312/1667 221/314/1668
f 220/313/1669 221/314/1670 223/316/1671
f 222/315/1672 223/316/1673 225/318/1674
f 224/317/1675 225/318/1676 227/320/1677
f 226/319/1678 227/320/1679 229/322/1680
f 228/321/1681 229/322/1682 231/324/1683
f 230/323/1684 231/324/1685 233/326/1686
f 232/325/1687 233/326/1688 235/328/1689
f 234/327/1690 235/328/1691 237/330/1692
f 236/329/1693 237/330/1694 239/332/1695
f 238/331/1696 239/332/1697 241/334/1698
f 240/333/1699 241/334/1700 288/402/1701
f 212/336/1702 240/333/1703 288/402/1704
f 242/337/1705 243/338/1706 272/463/1707
f 242/337/1708 246/341/1709 244/339/1710
f 245/340/1711 248/343/1712 246/341/1713
f 247/342/1714 36/345/1715 248/343/1716
f 249/344/1717 251/347/1718 36/345/1719
f 250/346/1720 253/349/1721 251/347/1722
f 252/348/1723 255/351/1724 253/349/1725
f 254/350/1726 257/353/1727 255/351/1728
f 256/352/1729 259/355/1730 257/353/1731
f 258/354/1732 261/357/1733 259/355/1734
f 260/356/1735 263/359/1736 261/357/1737
f 262/358/1738 265/361/1739 263/359/1740
f 264/360/1741 267/363/1742 265/361/1743
f 266/362/1744 269/365/1745 267/363/1746
f 268/364/1747 271/367/1748 269/365/1749
f 272/368/1750 271/367/1751 270/366/1752
f 272/370/1753 211/304/1754 242/386/1755
f 272/372/1756 240/333/1757 213/335/1758
f 270/371/1759 238/331/1760 240/333/1761
f 268/373/1762 236/329/1763 238/331/1764
f 266/374/1765 234/327/1766 236/329/1767
f 264/375/1768 232/325/1769 234/327/1770
f 262/376/1771 230/323/1772 232/325/1773
f 260/377/1774 228/321/1775 230/323/1776
f 258/378/1777 226/319/1778 228/321/1779
f 256/379/1780 224/317/1781 226/319/1782
f 254/380/1783 222/315/1784 224/317/1785
f 252/381/1786 220/313/1787 222/315/1788
f 250/382/1789 218/311/1790 220/313/1791
f 249/383/1792 216/309/1793 218/311/1794
f 247/384/1795 214/307/1796 216/309/1797
f 242/386/1798 214/307/1799 245/385/1800
f 215/308/1801 273/387/1802 274/388/1803
f 217/310/1804 274/388/1805 275/389/1806
f 219/312/1807 275/389/1808 276/390/1809
f 221/314/1810 276/390/1811 277/391/1812
f 223/316/1813 277/391/1814 278/392/1815
f 225/318/1816 278/392/1817 279/393/1818
f 227/320/1819 279/393/1820 280/394/1821
f 229/322/1822 280/394/1823 281/395/1824
f 231/324/1825 281/395/1826 282/396/1827
f 233/326/1828 282/396/1829 283/397/1830
f 235/328/1831 283/397/1832 284/398/1833
f 237/330/1834 284/398/1835 285/399/1836
f 239/332/1837 285/399/1838 286/400/1839
f 241/334/1840 286/400/1841 287/401/1842
f 288/402/1843 287/401/1844 289/403/1845
f 212/336/1846 289/403/1847 273/461/1848
f 292/406/1849 290/404/1850 321/464/1851
f 294/408/1852 291/405/1853 292/406/1854
f 296/410/1855 293/407/1856 294/408/1857
f 298/412/1858 295/409/1859 296/410/1860
f 300/414/1861 297/411/1862 298/412/1863
f 302/416/1864 299/413/1865 300/414/1866
f 304/418/1867 301/415/1868 302/416/1869
f 306/420/1870 303/417/1871 304/418/1872
f 308/422/1873 305/419/1874 306/420/1875
f 310/424/1876 307/421/1877 308/422/1878
f 312/426/1879 309/423/1880 310/424/1881
f 314/428/1882 311/425/1883 312/426/1884
f 316/430/1885 313/427/1886 314/428/1887
f 318/432/1888 315/429/1889 316/430/1890
f 320/434/1891 317/431/1892 318/432/1893
f 321/436/1894 319/433/1895 320/434/1896
f 330/445/1897 291/405/1898 345/460/1899
f 291/405/1900 331/446/1901 345/460/1902
f 293/407/1903 332/447/1904 331/446/1905
f 295/409/1906 333/448/1907 332/447/1908
f 297/411/1909 334/449/1910 333/448/1911
f 299/413/1912 335/450/1913 334/449/1914
f 301/415/1915 336/451/1916 335/450/1917
f 303/417/1918 337/452/1919 336/451/1920
f 305/419/1921 338/453/1922 337/452/1923
f 307/421/1924 339/454/1925 338/453/1926
f 309/423/1927 340/455/1928 339/454/1929
f 311/425/1930 341/456/1931 340/455/1932
f 313/427/1933 342/457/1934 341/456/1935
f 315/429/1936 343/458/1937 342/457/1938
f 317/431/1939 344/459/1940 343/458/1941
f 344/459/1942 290/435/1943 330/462/1944
f 273/387/1945 345/460/1946 274/388/1947
f 345/460/1948 275/389/1949 274/388/1950
f 331/446/1951 276/390/1952 275/389/1953
f 332/447/1954 277/391/1955 276/390/1956
f 333/448/1957 278/392/1958 277/391/1959
f 334/449/1960 279/393/1961 278/392/1962
f 335/450/1963 280/394/1964 279/393/1965
f 336/451/1966 281/395/1967 280/394/1968
f 337/452/1969 282/396/1970 281/395/1971
f 338/453/1972 283/397/1973 282/396/1974
f 339/454/1975 284/398/1976 283/397/1977
f 340/455/1978 285/399/1979 284/398/1980
f 341/456/1981 286/400/1982 285/399/1983
f 342/457/1984 287/401/1985 286/400/1986
f 343/458/1987 289/403/1988 287/401/1989
f 344/459/1990 273/461/1991 289/403/1992
f 329/465/1993 347/467/1994 346/466/1995
f 322/468/1996 349/470/1997 348/469/1998
f 323/471/1999 351/473/2000 350/472/2001
f 324/474/2002 353/476/2003 352/475/2004
f 325/477/2005 355/479/2006 354/478/2007
f 326/480/2008 357/482/2009 356/481/2010
f 327/483/2011 358/485/2012 328/484/2013
f 359/486/2014 361/488/2015 360/487/2016
f 362/489/2017 364/491/2018 363/490/2019
f 365/492/2020 363/490/2021 366/493/2022
f 367/494/2023 366/493/2024 368/495/2025
f 369/496/2026 368/495/2027 370/497/2028
f 371/498/2029 370/497/2030 372/499/2031
f 373/500/2032 372/499/2033 374/501/2034
f 375/502/2035 374/501/2036 376/503/2037
f 377/504/2038 376/503/2039 364/505/2040
f 377/506/2041 362/489/2042 378/507/2043
f 362/489/2044 365/492/2045 379/508/2046
f 367/494/2047 380/509/2048 365/492/2049
f 367/494/2050 369/496/2051 381/510/2052
f 371/498/2053 382/511/2054 369/496/2055
f 373/500/2056 383/512/2057 371/498/2058
f 373/500/2059 375/502/2060 384/513/2061
f 377/504/2062 385/514/2063 375/502/2064
f 386/515/2065 388/517/2066 387/516/2067
f 389/518/2068 390/519/2069 386/515/2070
f 391/520/2071 392/521/2072 389/518/2073
f 393/522/2074 394/523/2075 391/520/2076
f 395/524/2077 396/525/2078 393/522/2079
f 397/526/2080 398/527/2081 395/524/2082
f 399/528/2083 400/530/2084 397/529/2085
f 387/516/2086 401/531/2087 399/528/2088
f 402/532/2089 387/516/2090 403/533/2091
f 404/534/2092 386/515/2093 402/532/2094
f 405/535/2095 389/518/2096 404/534/2097
f 406/536/2098 391/520/2099 405/535/2100
f 407/537/2101 393/522/2102 406/536/2103
f 408/538/2104 395/524/2105 407/537/2106
f 409/539/2107 397/529/2108 408/540/2109
f 403/533/2110 399/528/2111 409/539/2112
f 410/541/2113 402/532/2114 403/533/2115
f 411/542/2116 404/534/2117 402/532/2118
f 412/543/2119 405/535/2120 404/534/2121
f 413/544/2122 406/536/2123 405/535/2124
f 414/545/2125 407/537/2126 406/536/2127
f 415/546/2128 408/538/2129 407/537/2130
f 416/547/2131 409/539/2132 408/540/2133
f 417/548/2134 403/533/2135 409/539/2136
f 388/517/2137 368/550/2138 366/549/2139
f 390/519/2140 370/551/2141 368/550/2142
f 392/521/2143 372/552/2144 370/551/2145
f 394/523/2146 374/553/2147 372/552/2148
f 396/525/2149 376/554/2150 374/553/2151
f 398/527/2152 364/555/2153 376/554/2154
f 400/530/2155 363/557/2156 364/556/2157
f 401/531/2158 366/549/2159 363/557/2160
f 416/558/2161 419/560/2162 418/559/2163
f 417/561/2164 418/559/2165 420/562/2166
f 410/563/2167 420/562/2168 421/564/2169
f 411/565/2170 421/564/2171 422/566/2172
f 412/567/2173 422/566/2174 423/568/2175
f 413/569/2176 423/568/2177 424/570/2178
f 414/571/2179 424/570/2180 425/572/2181
f 415/573/2182 425/572/2183 419/574/2184
f 419/560/2185 427/576/2186 426/575/2187
f 418/559/2188 426/575/2189 428/577/2190
f 420/562/2191 428/577/2192 429/578/2193
f 421/564/2194 429/578/2195 430/579/2196
f 422/566/2197 430/579/2198 431/580/2199
f 423/568/2200 431/580/2201 432/581/2202
f 424/570/2203 432/581/2204 433/582/2205
f 425/572/2206 433/582/2207 427/583/2208
f 427/584/2209 434/586/2210 426/585/2211
f 428/587/2212 434/586/2213 429/588/2214
f 430/589/2215 434/586/2216 431/590/2217
f 432/591/2218 434/586/2219 433/592/2220
f 433/592/2221 434/586/2222 427/584/2223
f 434/586/2224 428/587/2225 426/585/2226
f 434/586/2227 432/591/2228 431/590/2229
f 429/588/2230 434/586/2231 430/589/2232
f 346/466/2233 378/507/2234 322/468/2235
f 348/469/2236 379/508/2237 323/471/2238
f 350/472/2239 380/509/2240 324/474/2241
f 352/475/2242 381/510/2243 325/477/2244
f 354/478/2245 382/511/2246 326/480/2247
f 356/481/2248 383/512/2249 327/483/2250
f 328/484/2251 384/513/2252 359/486/2253
f 360/487/2254 385/514/2255 329/593/2256
f 316/430/2257 328/443/2258 359/594/2259
f 360/595/2260 320/434/2261 359/594/2262
f 346/596/2263 292/406/2264 329/597/2265
f 348/598/2266 296/410/2267 322/437/2268
f 350/599/2269 300/414/2270 323/438/2271
f 352/600/2272 304/418/2273 324/439/2274
f 354/601/2275 308/422/2276 325/440/2277
f 356/602/2278 312/426/2279 326/441/2280
f 371/498/2281 383/512/2282 357/482/2283
f 383/512/2284 373/500/2285 358/485/2286
f 373/500/2287 384/513/2288 358/485/2289
f 384/513/2290 375/502/2291 361/488/2292
f 375/502/2293 385/514/2294 361/488/2295
f 385/514/2296 377/504/2297 347/603/2298
f 377/506/2299 378/507/2300 347/467/2301
f 378/507/2302 362/489/2303 349/470/2304
f 362/489/2305 379/508/2306 349/470/2307
f 379/508/2308 365/492/2309 351/473/2310
f 365/492/2311 380/509/2312 351/473/2313
f 380/509/2314 367/494/2315 353/476/2316
f 367/494/2317 381/510/2318 353/476/2319
f 381/510/2320 369/496/2321 355/479/2322
f 369/496/2323 382/511/2324 355/479/2325
f 382/511/2326 371/498/2327 357/482/2328
f 322/437/2329 292/406/2330 346/596/2331
f 323/438/2332 296/410/2333 348/598/2334
f 324/439/2335 300/414/2336 350/599/2337
f 325/440/2338 304/418/2339 352/600/2340
f 326/441/2341 308/422/2342 354/601/2343
f 327/442/2344 312/426/2345 356/602/2346
f 327/442/2347 316/430/2348 314/428/2349
f 329/444/2350 320/434/2351 360/595/2352
f 346/466/2353 347/467/2354 378/507/2355
f 348/469/2356 349/470/2357 379/508/2358
f 350/472/2359 351/473/2360 380/509/2361
f 352/475/2362 353/476/2363 381/510/2364
f 354/478/2365 355/479/2366 382/511/2367
f 356/481/2368 357/482/2369 383/512/2370
f 328/484/2371 358/485/2372 384/513/2373
f 360/487/2374 361/488/2375 385/514/2376
f 364/491/2377 362/489/2378 377/506/2379
f 363/490/2380 365/492/2381 362/489/2382
f 366/493/2383 367/494/2384 365/492/2385
f 368/495/2386 369/496/2387 367/494/2388
f 370/497/2389 371/498/2390 369/496/2391
f 372/499/2392 373/500/2393 371/498/2394
f 374/501/2395 375/502/2396 373/500/2397
f 376/503/2398 377/504/2399 375/502/2400
f 388/517/2401 386/515/2402 390/519/2403
f 390/519/2404 389/518/2405 392/521/2406
f 392/521/2407 391/520/2408 394/523/2409
f 394/523/2410 393/522/2411 396/525/2412
f 396/525/2413 395/524/2414 398/527/2415
f 398/527/2416 397/526/2417 400/604/2418
f 400/530/2419 399/528/2420 401/531/2421
f 401/531/2422 387/516/2423 388/517/2424
f 387/516/2425 402/532/2426 386/515/2427
f 386/515/2428 404/534/2429 389/518/2430
f 389/518/2431 405/535/2432 391/520/2433
f 391/520/2434 406/536/2435 393/522/2436
f 393/522/2437 407/537/2438 395/524/2439
f 395/524/2440 408/538/2441 397/526/2442
f 397/529/2443 409/539/2444 399/528/2445
f 399/528/2446 403/533/2447 387/516/2448
f 402/532/2449 410/541/2450 411/542/2451
f 404/534/2452 411/542/2453 412/543/2454
f 405/535/2455 412/543/2456 413/544/2457
f 406/536/2458 413/544/2459 414/545/2460
f 407/537/2461 414/545/2462 415/546/2463
f 408/538/2464 415/546/2465 416/605/2466
f 409/539/2467 416/547/2468 417/548/2469
f 403/533/2470 417/548/2471 410/541/2472
f 368/550/2473 388/517/2474 390/519/2475
f 370/551/2476 390/519/2477 392/521/2478
f 372/552/2479 392/521/2480 394/523/2481
f 374/553/2482 394/523/2483 396/525/2484
f 376/554/2485 396/525/2486 398/527/2487
f 364/555/2488 398/527/2489 400/604/2490
f 363/557/2491 400/530/2492 401/531/2493
f 366/549/2494 401/531/2495 388/517/2496
f 416/558/2497 418/559/2498 417/561/2499
f 417/561/2500 420/562/2501 410/563/2502
f 410/563/2503 421/564/2504 411/565/2505
f 411/565/2506 422/566/2507 412/567/2508
f 412/567/2509 423/568/2510 413/569/2511
f 413/569/2512 424/570/2513 414/571/2514
f 414/571/2515 425/572/2516 415/573/2517
f 415/573/2518 419/574/2519 416/606/2520
f 419/560/2521 426/575/2522 418/559/2523
f 418/559/2524 428/577/2525 420/562/2526
f 420/562/2527 429/578/2528 421/564/2529
f 421/564/2530 430/579/2531 422/566/2532
f 422/566/2533 431/580/2534 423/568/2535
f 423/568/2536 432/581/2537 424/570/2538
f 424/570/2539 433/582/2540 425/572/2541
f 425/572/2542 427/583/2543 419/574/2544
f 322/468/2545 378/507/2546 349/470/2547
f 323/471/2548 379/508/2549 351/473/2550
f 324/474/2551 380/509/2552 353/476/2553
f 325/477/2554 381/510/2555 355/479/2556
f 326/480/2557 382/511/2558 357/482/2559
f 327/483/2560 383/512/2561 358/485/2562
f 359/486/2563 384/513/2564 361/488/2565
f 329/593/2566 385/514/2567 347/603/2568
f 316/430/2569 359/594/2570 318/432/2571
f 359/594/2572 320/434/2573 318/432/2574
f 329/597/2575 292/406/2576 321/464/2577
f 322/437/2578 296/410/2579 294/408/2580
f 323/438/2581 300/414/2582 298/412/2583
f 324/439/2584 304/418/2585 302/416/2586
f 325/440/2587 308/422/2588 306/420/2589
f 326/441/2590 312/426/2591 310/424/2592
f 435/607/2593 444/617/2594 437/609/2595
f 437/609/2596 445/618/2597 438/610/2598
f 438/610/2599 446/619/2600 439/611/2601
f 439/611/2602 447/620/2603 440/612/2604
f 440/613/2605 448/622/2606 441/614/2607
f 441/614/2608 449/623/2609 442/615/2610
f 442/615/2611 450/624/2612 443/616/2613
f 443/616/2614 436/608/2615 435/607/2616
f 436/608/2617 452/626/2618 444/617/2619
f 444/617/2620 453/627/2621 445/618/2622
f 445/618/2623 454/628/2624 446/619/2625
f 446/619/2626 455/629/2627 447/620/2628
f 447/621/2629 456/631/2630 448/622/2631
f 448/622/2632 457/632/2633 449/623/2634
f 449/623/2635 458/633/2636 450/624/2637
f 450/624/2638 451/625/2639 436/608/2640
f 451/625/2641 460/635/2642 452/626/2643
f 452/626/2644 461/636/2645 453/627/2646
f 453/627/2647 462/637/2648 454/628/2649
f 454/628/2650 463/638/2651 455/629/2652
f 455/630/2653 464/640/2654 456/631/2655
f 456/631/2656 465/641/2657 457/632/2658
f 457/632/2659 466/642/2660 458/633/2661
f 458/633/2662 459/634/2663 451/625/2664
f 459/634/2665 468/644/2666 460/635/2667
f 460/635/2668 469/645/2669 461/636/2670
f 461/636/2671 470/646/2672 462/637/2673
f 462/637/2674 471/647/2675 463/638/2676
f 463/639/2677 472/649/2678 464/640/2679
f 464/640/2680 473/650/2681 465/641/2682
f 465/641/2683 474/651/2684 466/642/2685
f 466/642/2686 467/643/2687 459/634/2688
f 467/643/2689 484/662/2690 468/644/2691
f 468/644/2692 485/663/2693 469/645/2694
f 469/645/2695 486/664/2696 470/646/2697
f 470/646/2698 487/665/2699 471/647/2700
f 471/648/2701 488/667/2702 472/649/2703
f 472/649/2704 489/668/2705 473/650/2706
f 473/650/2707 490/669/2708 474/651/2709
f 474/651/2710 483/661/2711 467/643/2712
f 435/607/2713 437/609/2714 476/653/2715
f 437/609/2716 438/610/2717 475/652/2718
f 440/613/2719 441/614/2720 479/656/2721
f 438/610/2722 439/611/2723 477/654/2724
f 439/611/2725 440/612/2726 480/657/2727
f 441/614/2728 442/615/2729 478/655/2730
f 442/615/2731 443/616/2732 481/659/2733
f 443/616/2734 435/607/2735 482/660/2736
f 435/607/2737 436/608/2738 444/617/2739
f 437/609/2740 444/617/2741 445/618/2742
f 438/610/2743 445/618/2744 446/619/2745
f 439/611/2746 446/619/2747 447/620/2748
f 440/613/2749 447/621/2750 448/622/2751
f 441/614/2752 448/622/2753 449/623/2754
f 442/615/2755 449/623/2756 450/624/2757
f 443/616/2758 450/624/2759 436/608/2760
f 436/608/2761 451/625/2762 452/626/2763
f 444/617/2764 452/626/2765 453/627/2766
f 445/618/2767 453/627/2768 454/628/2769
f 446/619/2770 454/628/2771 455/629/2772
f 447/621/2773 455/630/2774 456/631/2775
f 448/622/2776 456/631/2777 457/632/2778
f 449/623/2779 457/632/2780 458/633/2781
f 450/624/2782 458/633/2783 451/625/2784
f 451/625/2785 459/634/2786 460/635/2787
f 452/626/2788 460/635/2789 461/636/2790
f 453/627/2791 461/636/2792 462/637/2793
f 454/628/2794 462/637/2795 463/638/2796
f 455/630/2797 463/639/2798 464/640/2799
f 456/631/2800 464/640/2801 465/641/2802
f 457/632/2803 465/641/2804 466/642/2805
f 458/633/2806 466/642/2807 459/634/2808
f 459/634/2809 467/643/2810 468/644/2811
f 460/635/2812 468/644/2813 469/645/2814
f 461/636/2815 469/645/2816 470/646/2817
f 462/637/2818 470/646/2819 471/647/2820
f 463/639/2821 471/648/2822 472/649/2823
f 464/640/2824 472/649/2825 473/650/2826
f 465/641/2827 473/650/2828 474/651/2829
f 466/642/2830 474/651/2831 467/643/2832
f 467/643/2833 483/661/2834 484/662/2835
f 468/644/2836 484/662/2837 485/663/2838
f 469/645/2839 485/663/2840 486/664/2841
f 470/646/2842 486/664/2843 487/665/2844
f 471/648/2845 487/666/2846 488/667/2847
f 472/649/2848 488/667/2849 489/668/2850
f 473/650/2851 489/668/2852 490/669/2853
f 474/651/2854 490/669/2855 483/661/2856
f 437/609/2857 475/652/2858 476/653/2859
f 438/610/2860 477/654/2861 475/652/2862
f 441/614/2863 478/655/2864 479/656/2865
f 439/611/2866 480/657/2867 477/654/2868
f 440/612/2869 479/658/2870 480/657/2871
f 442/615/2872 481/659/2873 478/655/2874
f 443/616/2875 482/660/2876 481/659/2877
f 435/607/2878 476/653/2879 482/660/2880
f 491/670/2881 493/672/2882 492/671/2883
f 493/672/2884 495/674/2885 494/673/2886
f 495/674/2887 497/676/2888 496/675/2889
f 497/676/2890 499/678/2891 498/677/2892
f 499/679/2893 501/681/2894 500/680/2895
f 501/681/2896 503/683/2897 502/682/2898
f 503/683/2899 505/685/2900 504/684/2901
f 505/685/2902 491/670/2903 506/686/2904
f 506/686/2905 492/671/2906 507/687/2907
f 492/671/2908 494/673/2909 508/688/2910
f 494/673/2911 496/675/2912 509/689/2913
f 496/675/2914 498/677/2915 510/690/2916
f 498/691/2917 500/680/2918 511/692/2919
f 500/680/2920 502/682/2921 512/693/2922
f 502/682/2923 504/684/2924 513/694/2925
f 504/684/2926 506/686/2927 514/695/2928
f 514/695/2929 507/687/2930 515/696/2931
f 507/687/2932 508/688/2933 516/697/2934
f 508/688/2935 509/689/2936 517/698/2937
f 509/689/2938 510/690/2939 518/699/2940
f 510/700/2941 511/692/2942 519/701/2943
f 511/692/2944 512/693/2945 520/702/2946
f 512/693/2947 513/694/2948 521/703/2949
f 513/694/2950 514/695/2951 522/704/2952
f 522/704/2953 515/696/2954 523/705/2955
f 515/696/2956 516/697/2957 524/706/2958
f 516/697/2959 517/698/2960 525/707/2961
f 517/698/2962 518/699/2963 526/708/2964
f 518/709/2965 519/701/2966 527/710/2967
f 519/701/2968 520/702/2969 528/711/2970
f 520/702/2971 521/703/2972 529/712/2973
f 521/703/2974 522/704/2975 530/713/2976
f 530/713/2977 523/705/2978 531/714/2979
f 523/705/2980 524/706/2981 532/715/2982
f 524/706/2983 525/707/2984 533/716/2985
f 525/707/2986 526/708/2987 534/717/2988
f 526/718/2989 527/710/2990 535/719/2991
f 527/710/2992 528/711/2993 536/720/2994
f 528/711/2995 529/712/2996 537/721/2997
f 529/712/2998 530/713/2999 538/722/3000
f 491/670/3001 539/723/3002 493/672/3003
f 493/672/3004 540/724/3005 495/674/3006
f 499/679/3007 541/725/3008 501/681/3009
f 495/674/3010 542/726/3011 497/676/3012
f 497/676/3013 543/727/3014 499/678/3015
f 501/681/3016 544/728/3017 503/683/3018
f 503/683/3019 545/729/3020 505/685/3021
f 505/685/3022 546/730/3023 491/670/3024
f 491/670/3025 492/671/3026 506/686/3027
f 493/672/3028 494/673/3029 492/671/3030
f 495/674/3031 496/675/3032 494/673/3033
f 497/676/3034 498/677/3035 496/675/3036
f 499/679/3037 500/680/3038 498/691/3039
f 501/681/3040 502/682/3041 500/680/3042
f 503/683/3043 504/684/3044 502/682/3045
f 505/685/3046 506/686/3047 504/684/3048
f 506/686/3049 507/687/3050 514/695/3051
f 492/671/3052 508/688/3053 507/687/3054
f 494/673/3055 509/689/3056 508/688/3057
f 496/675/3058 510/690/3059 509/689/3060
f 498/691/3061 511/692/3062 510/700/3063
f 500/680/3064 512/693/3065 511/692/3066
f 502/682/3067 513/694/3068 512/693/3069
f 504/684/3070 514/695/3071 513/694/3072
f 514/695/3073 515/696/3074 522/704/3075
f 507/687/3076 516/697/3077 515/696/3078
f 508/688/3079 517/698/3080 516/697/3081
f 509/689/3082 518/699/3083 517/698/3084
f 510/700/3085 519/701/3086 518/709/3087
f 511/692/3088 520/702/3089 519/701/3090
f 512/693/3091 521/703/3092 520/702/3093
f 513/694/3094 522/704/3095 521/703/3096
f 522/704/3097 523/705/3098 530/713/3099
f 515/696/3100 524/706/3101 523/705/3102
f 516/697/3103 525/707/3104 524/706/3105
f 517/698/3106 526/708/3107 525/707/3108
f 518/709/3109 527/710/3110 526/718/3111
f 519/701/3112 528/711/3113 527/710/3114
f 520/702/3115 529/712/3116 528/711/3117
f 521/703/3118 530/713/3119 529/712/3120
f 530/713/3121 531/714/3122 538/722/3123
f 523/705/3124 532/715/3125 531/714/3126
f 524/706/3127 533/716/3128 532/715/3129
f 525/707/3130 534/717/3131 533/716/3132
f 526/718/3133 535/719/3134 534/731/3135
f 527/710/3136 536/720/3137 535/719/3138
f 528/711/3139 537/721/3140 536/720/3141
f 529/712/3142 538/722/3143 537/721/3144
f 493/672/3145 539/723/3146 540/724/3147
f 495/674/3148 540/724/3149 542/726/3150
f 501/681/3151 541/725/3152 544/728/3153
f 497/676/3154 542/726/3155 543/727/3156
f 499/678/3157 543/727/3158 541/732/3159
f 503/683/3160 544/728/3161 545/729/3162
f 505/685/3163 545/729/3164 546/730/3165
f 491/670/3166 546/730/3167 539/723/3168
f 547/733/3169 548/734/3170 550/736/3171
f 551/737/3172 550/736/3173 552/738/3174
f 551/739/3175 552/740/3176 553/741/3177
f 555/743/3178 554/742/3179 556/744/3180
f 555/743/3181 556/744/3182 557/745/3183
f 557/745/3184 558/746/3185 560/748/3186
f 560/748/3187 559/747/3188 561/749/3189
f 561/749/3190 548/734/3191 547/733/3192
f 563/751/3193 550/736/3194 564/752/3195
f 564/752/3196 550/736/3197 565/753/3198
f 565/754/3199 553/741/3200 566/755/3201
f 566/755/3202 555/743/3203 567/756/3204
f 567/756/3205 557/745/3206 568/757/3207
f 568/757/3208 560/748/3209 569/758/3210
f 569/758/3211 561/749/3212 570/759/3213
f 570/759/3214 561/749/3215 563/751/3216
f 571/760/3217 563/751/3218 572/761/3219
f 572/761/3220 564/752/3221 573/762/3222
f 573/763/3223 565/754/3224 574/764/3225
f 574/764/3226 566/755/3227 575/765/3228
f 575/765/3229 567/756/3230 576/766/3231
f 576/766/3232 568/757/3233 577/767/3234
f 577/767/3235 569/758/3236 578/768/3237
f 578/768/3238 570/759/3239 571/760/3240
f 579/769/3241 571/760/3242 581/771/3243
f 580/772/3244 573/763/3245 583/774/3246
f 584/775/3247 575/765/3248 576/766/3249
f 585/776/3250 577/767/3251 586/777/3252
f 549/735/3253 548/734/3254 587/778/3255
f 552/738/3256 549/735/3257 587/778/3258
f 554/742/3259 552/740/3260 587/778/3261
f 556/744/3262 554/742/3263 587/778/3264
f 558/746/3265 556/744/3266 587/778/3267
f 559/747/3268 558/746/3269 587/778/3270
f 562/750/3271 559/747/3272 587/778/3273
f 548/734/3274 562/750/3275 587/778/3276
f 579/779/3277 588/780/3278 589/781/3279
f 581/782/3280 590/783/3281 588/780/3282
f 581/782/3283 591/784/3284 590/783/3285
f 580/785/3286 592/786/3287 591/784/3288
f 580/787/3289 593/788/3290 592/789/3291
f 583/790/3292 594/791/3293 593/788/3294
f 583/790/3295 595/792/3296 594/791/3297
f 582/793/3298 596/794/3299 595/792/3300
f 582/793/3301 597/795/3302 596/794/3303
f 584/796/3304 598/797/3305 597/795/3306
f 584/796/3307 599/798/3308 598/797/3309
f 585/799/3310 600/800/3311 599/798/3312
f 585/799/3313 601/801/3314 600/800/3315
f 586/802/3316 602/803/3317 601/801/3318
f 586/802/3319 603/804/3320 602/803/3321
f 586/802/3322 579/779/3323 603/804/3324
f 589/781/3325 588/780/3326 604/805/3327
f 591/784/3328 605/806/3329 606/807/3330
f 593/788/3331 607/808/3332 605/809/3333
f 595/792/3334 608/810/3335 607/808/3336
f 597/795/3337 609/811/3338 608/810/3339
f 599/798/3340 610/812/3341 609/811/3342
f 600/800/3343 601/801/3344 610/812/3345
f 603/804/3346 604/805/3347 611/813/3348
f 604/814/3349 606/816/3350 612/815/3351
f 606/816/3352 605/818/3353 613/817/3354
f 605/819/3355 607/821/3356 614/820/3357
f 607/821/3358 608/823/3359 615/822/3360
f 608/823/3361 609/825/3362 616/824/3363
f 610/827/3364 617/826/3365 609/825/3366
f 610/827/3367 611/829/3368 618/828/3369
f 611/829/3370 604/814/3371 619/830/3372
f 612/815/3373 621/832/3374 620/831/3375
f 613/817/3376 622/833/3377 621/832/3378
f 614/820/3379 623/835/3380 622/834/3381
f 615/822/3382 624/836/3383 623/835/3384
f 616/824/3385 625/837/3386 624/836/3387
f 617/826/3388 626/838/3389 625/837/3390
f 618/828/3391 627/839/3392 626/838/3393
f 619/830/3394 620/831/3395 627/839/3396
f 620/831/3397 621/832/3398 628/840/3399
f 621/832/3400 622/833/3401 629/841/3402
f 622/834/3403 623/835/3404 630/842/3405
f 623/835/3406 624/836/3407 631/843/3408
f 624/836/3409 625/837/3410 632/844/3411
f 625/837/3412 626/838/3413 633/845/3414
f 626/838/3415 627/839/3416 634/846/3417
f 627/839/3418 620/831/3419 635/847/3420
f 629/841/3421 637/849/3422 628/840/3423
f 630/850/3424 638/851/3425 629/841/3426
f 631/843/3427 639/853/3428 630/842/3429
f 632/844/3430 640/854/3431 631/843/3432
f 633/845/3433 641/855/3434 632/844/3435
f 634/846/3436 642/856/3437 633/845/3438
f 635/847/3439 643/857/3440 634/846/3441
f 628/840/3442 636/848/3443 635/847/3444
f 637/858/3445 644/859/3446 636/860/3447
f 638/861/3448 644/859/3449 637/858/3450
f 639/862/3451 644/859/3452 638/861/3453
f 640/863/3454 644/859/3455 639/862/3456
f 641/864/3457 644/859/3458 640/863/3459
f 642/865/3460 644/859/3461 641/864/3462
f 643/866/3463 644/859/3464 642/865/3465
f 636/860/3466 644/859/3467 643/866/3468
f 572/761/3469 580/770/3470 581/771/3471
f 574/764/3472 582/773/3473 583/774/3474
f 576/766/3475 585/776/3476 584/775/3477
f 578/768/3478 579/769/3479 586/777/3480
f 588/780/3481 590/783/3482 606/807/3483
f 590/783/3484 591/784/3485 606/807/3486
f 591/784/3487 592/786/3488 605/806/3489
f 593/788/3490 594/791/3491 607/808/3492
f 594/791/3493 595/792/3494 607/808/3495
f 595/792/3496 596/794/3497 608/810/3498
f 597/795/3499 598/797/3500 609/811/3501
f 598/797/3502 599/798/3503 609/811/3504
f 599/798/3505 600/800/3506 610/812/3507
f 601/801/3508 602/803/3509 611/813/3510
f 602/803/3511 603/804/3512 611/813/3513
f 603/804/3514 589/781/3515 604/805/3516
f 579/779/3517 581/782/3518 588/780/3519
f 580/787/3520 583/790/3521 593/788/3522
f 582/793/3523 584/796/3524 597/795/3525
f 585/799/3526 586/802/3527 601/801/3528
f 599/798/3529 584/796/3530 585/799/3531
f 595/792/3532 583/790/3533 582/793/3534
f 591/784/3535 581/782/3536 580/785/3537
f 579/779/3538 589/781/3539 603/804/3540
f 601/801/3541 611/813/3542 610/812/3543
f 588/780/3544 606/807/3545 604/805/3546
f 605/809/3547 592/789/3548 593/788/3549
f 608/810/3550 596/794/3551 597/795/3552
f 548/734/3553 549/735/3554 550/736/3555
f 550/736/3556 549/735/3557 552/738/3558
f 552/740/3559 554/742/3560 553/741/3561
f 555/743/3562 553/741/3563 554/742/3564
f 556/744/3565 558/746/3566 557/745/3567
f 558/746/3568 559/747/3569 560/748/3570
f 559/747/3571 562/750/3572 561/749/3573
f 561/749/3574 562/750/3575 548/734/3576
f 563/751/3577 547/733/3578 550/736/3579
f 550/736/3580 551/737/3581 565/753/3582
f 565/754/3583 551/739/3584 553/741/3585
f 566/755/3586 553/741/3587 555/743/3588
f 567/756/3589 555/743/3590 557/745/3591
f 568/757/3592 557/745/3593 560/748/3594
f 569/758/3595 560/748/3596 561/749/3597
f 561/749/3598 547/733/3599 563/751/3600
f 563/751/3601 564/752/3602 572/761/3603
f 564/752/3604 565/753/3605 573/762/3606
f 565/754/3607 566/755/3608 574/764/3609
f 566/755/3610 567/756/3611 575/765/3612
f 567/756/3613 568/757/3614 576/766/3615
f 568/757/3616 569/758/3617 577/767/3618
f 569/758/3619 570/759/3620 578/768/3621
f 570/759/3622 563/751/3623 571/760/3624
f 571/760/3625 572/761/3626 581/771/3627
f 573/763/3628 574/764/3629 583/774/3630
f 584/775/3631 582/773/3632 575/765/3633
f 577/767/3634 578/768/3635 586/777/3636
f 606/816/3637 613/817/3638 612/815/3639
f 605/818/3640 614/867/3641 613/817/3642
f 607/821/3643 615/822/3644 614/820/3645
f 608/823/3646 616/824/3647 615/822/3648
f 609/825/3649 617/826/3650 616/824/3651
f 610/827/3652 618/828/3653 617/826/3654
f 611/829/3655 619/830/3656 618/828/3657
f 604/814/3658 612/815/3659 619/830/3660
f 612/815/3661 613/817/3662 621/832/3663
f 613/817/3664 614/867/3665 622/833/3666
f 614/820/3667 615/822/3668 623/835/3669
f 615/822/3670 616/824/3671 624/836/3672
f 616/824/3673 617/826/3674 625/837/3675
f 617/826/3676 618/828/3677 626/838/3678
f 618/828/3679 619/830/3680 627/839/3681
f 619/830/3682 612/815/3683 620/831/3684
f 621/832/3685 629/841/3686 628/840/3687
f 622/833/3688 630/850/3689 629/841/3690
f 623/835/3691 631/843/3692 630/842/3693
f 624/836/3694 632/844/3695 631/843/3696
f 625/837/3697 633/845/3698 632/844/3699
f 626/838/3700 634/846/3701 633/845/3702
f 627/839/3703 635/847/3704 634/846/3705
f 620/831/3706 628/840/3707 635/847/3708
f 637/849/3709 636/848/3710 628/840/3711
f 638/851/3712 637/849/3713 629/841/3714
f 639/853/3715 638/852/3716 630/842/3717
f 640/854/3718 639/853/3719 631/843/3720
f 641/855/3721 640/854/3722 632/844/3723
f 642/856/3724 641/855/3725 633/845/3726
f 643/857/3727 642/856/3728 634/846/3729
f 636/848/3730 643/857/3731 635/847/3732
f 572/761/3733 573/762/3734 580/770/3735
f 574/764/3736 575/765/3737 582/773/3738
f 576/766/3739 577/767/3740 585/776/3741
f 578/768/3742 571/760/3743 579/769/3744
f 646/868/3745 689/1570/3746 645/1571/3747
f 646/868/3748 647/869/3749 690/913/3750
f 647/1235/3751 648/1236/3752 691/1238/3753
f 649/871/3754 997/891/3755 1017/870/3756
f 650/872/3757 670/893/3758 669/1285/3759
f 651/1278/3760 671/1286/3761 670/893/3762
f 672/895/3763 671/894/3764 651/873/3765
f 673/896/3766 672/1287/3767 652/1279/3768
f 654/876/3769 674/897/3770 673/896/3771
f 675/899/3772 674/898/3773 654/1280/3774
f 656/1281/3775 676/1288/3776 675/899/3777
f 676/900/3778 657/879/3779 677/901/3780
f 658/1282/3781 678/1289/3782 677/901/3783
f 659/1283/3784 679/1290/3785 678/902/3786
f 660/882/3787 680/904/3788 679/903/3789
f 681/905/3790 680/904/3791 660/882/3792
f 662/884/3793 682/906/3794 681/905/3795
f 663/885/3796 683/907/3797 682/1397/3798
f 684/908/3799 683/907/3800 663/885/3801
f 685/909/3802 684/908/3803 664/886/3804
f 666/888/3805 686/910/3806 685/909/3807
f 667/889/3808 687/911/3809 686/910/3810
f 688/912/3811 687/1291/3812 667/1284/3813
f 997/891/3814 692/916/3815 999/915/3816
f 693/917/3817 692/1292/3818 669/1285/3819
f 671/1286/3820 694/1293/3821 693/917/3822
f 695/919/3823 694/918/3824 671/894/3825
f 696/920/3826 695/1294/3827 672/1287/3828
f 674/897/3829 697/921/3830 696/920/3831
f 698/923/3832 697/922/3833 674/898/3834
f 676/1288/3835 699/1295/3836 698/923/3837
f 699/924/3838 676/900/3839 700/925/3840
f 678/1289/3841 701/1296/3842 700/925/3843
f 679/1290/3844 702/1297/3845 701/926/3846
f 679/903/3847 680/904/3848 703/928/3849
f 704/929/3850 703/928/3851 680/904/3852
f 681/905/3853 682/906/3854 705/930/3855
f 682/1397/3856 683/907/3857 706/931/3858
f 707/932/3859 706/931/3860 683/907/3861
f 708/933/3862 707/932/3863 684/908/3864
f 686/910/3865 709/934/3866 708/933/3867
f 686/910/3868 687/911/3869 710/935/3870
f 688/912/3871 711/936/3872 710/1298/3873
f 690/913/3874 733/959/3875 689/1570/3876
f 690/913/3877 734/960/3878 733/959/3879
f 989/1237/3880 691/1238/3881 990/1240/3882
f 999/915/3883 712/938/3884 1000/937/3885
f 713/939/3886 712/1299/3887 692/1292/3888
f 694/1293/3889 714/1300/3890 713/939/3891
f 715/941/3892 714/940/3893 694/918/3894
f 716/942/3895 715/1301/3896 695/1294/3897
f 697/921/3898 717/943/3899 716/942/3900
f 718/945/3901 717/944/3902 697/922/3903
f 699/1295/3904 719/1302/3905 718/945/3906
f 719/946/3907 699/924/3908 720/947/3909
f 701/1296/3910 721/1303/3911 720/947/3912
f 702/1297/3913 722/1304/3914 721/948/3915
f 702/927/3916 703/928/3917 723/950/3918
f 724/951/3919 723/950/3920 703/928/3921
f 704/929/3922 705/930/3923 725/952/3924
f 705/1399/3925 706/931/3926 726/953/3927
f 727/954/3928 726/953/3929 706/931/3930
f 728/955/3931 727/954/3932 707/932/3933
f 709/934/3934 729/956/3935 728/955/3936
f 709/934/3937 710/935/3938 730/957/3939
f 711/936/3940 731/958/3941 730/1305/3942
f 1000/937/3943 735/962/3944 1001/961/3945
f 736/963/3946 735/1306/3947 712/1299/3948
f 714/1300/3949 737/1307/3950 736/963/3951
f 738/965/3952 737/964/3953 714/940/3954
f 739/966/3955 738/1308/3956 715/1301/3957
f 717/943/3958 740/967/3959 739/966/3960
f 741/969/3961 740/968/3962 717/944/3963
f 719/1302/3964 742/1309/3965 741/969/3966
f 742/970/3967 719/946/3968 743/971/3969
f 721/1303/3970 744/1310/3971 743/971/3972
f 722/1304/3973 745/1311/3974 744/972/3975
f 722/949/3976 723/950/3977 746/974/3978
f 747/975/3979 746/974/3980 723/950/3981
f 724/951/3982 725/952/3983 748/976/3984
f 725/1400/3985 726/953/3986 749/977/3987
f 750/978/3988 749/977/3989 726/953/3990
f 751/979/3991 750/978/3992 727/954/3993
f 729/956/3994 752/980/3995 751/979/3996
f 729/956/3997 730/957/3998 753/981/3999
f 731/958/4000 754/982/4001 753/1312/4002
f 733/959/4003 776/1005/4004 732/1572/4005
f 733/959/4006 991/1006/4007 776/1005/4008
f 734/1239/4009 990/1240/4010 992/1242/4011
f 1001/961/4012 755/984/4013 1002/983/4014
f 756/985/4015 755/1313/4016 735/1306/4017
f 737/1307/4018 757/1314/4019 756/985/4020
f 758/987/4021 757/986/4022 737/964/4023
f 759/988/4024 758/1315/4025 738/1308/4026
f 740/967/4027 760/989/4028 759/988/4029
f 761/991/4030 760/990/4031 740/968/4032
f 742/1309/4033 762/1316/4034 761/991/4035
f 762/992/4036 742/970/4037 763/993/4038
f 744/1310/4039 764/1317/4040 763/993/4041
f 745/1311/4042 765/1318/4043 764/994/4044
f 745/973/4045 746/974/4046 766/996/4047
f 767/997/4048 766/996/4049 746/974/4050
f 747/975/4051 748/976/4052 768/998/4053
f 748/1401/4054 749/977/4055 769/999/4056
f 770/1000/4057 769/999/4058 749/977/4059
f 771/1001/4060 770/1000/4061 750/978/4062
f 752/980/4063 772/1002/4064 771/1001/4065
f 752/980/4066 753/981/4067 773/1003/4068
f 754/982/4069 774/1004/4070 773/1319/4071
f 1002/983/4072 777/1008/4073 1004/1007/4074
f 778/1009/4075 777/1320/4076 755/1313/4077
f 757/1314/4078 779/1321/4079 778/1009/4080
f 780/1011/4081 779/1010/4082 757/986/4083
f 781/1012/4084 780/1322/4085 758/1315/4086
f 760/989/4087 782/1013/4088 781/1012/4089
f 783/1015/4090 782/1014/4091 760/990/4092
f 762/1316/4093 784/1323/4094 783/1015/4095
f 784/1016/4096 762/992/4097 785/1017/4098
f 764/1317/4099 786/1324/4100 785/1017/4101
f 765/1318/4102 787/1325/4103 786/1018/4104
f 765/995/4105 766/996/4106 788/1020/4107
f 789/1021/4108 788/1020/4109 766/996/4110
f 767/997/4111 768/998/4112 790/1022/4113
f 768/1402/4114 769/999/4115 791/1023/4116
f 792/1024/4117 791/1023/4118 769/999/4119
f 793/1025/4120 792/1024/4121 770/1000/4122
f 772/1002/4123 794/1026/4124 793/1025/4125
f 772/1002/4126 773/1003/4127 795/1027/4128
f 774/1004/4129 796/1028/4130 795/1326/4131
f 776/1005/4132 818/1051/4133 775/1573/4134
f 776/1005/4135 819/1052/4136 818/1051/4137
f 991/1241/4138 992/1242/4139 993/1244/4140
f 1004/1007/4141 797/1030/4142 1005/1029/4143
f 798/1031/4144 797/1327/4145 777/1320/4146
f 779/1321/4147 799/1328/4148 798/1031/4149
f 800/1033/4150 799/1032/4151 779/1010/4152
f 801/1034/4153 800/1329/4154 780/1322/4155
f 782/1013/4156 802/1035/4157 801/1034/4158
f 803/1037/4159 802/1036/4160 782/1014/4161
f 784/1323/4162 804/1330/4163 803/1037/4164
f 804/1038/4165 784/1016/4166 805/1039/4167
f 786/1324/4168 806/1331/4169 805/1039/4170
f 787/1325/4171 807/1332/4172 806/1040/4173
f 787/1019/4174 788/1020/4175 808/1042/4176
f 809/1043/4177 808/1042/4178 788/1020/4179
f 789/1021/4180 790/1022/4181 810/1044/4182
f 790/1403/4183 791/1023/4184 811/1045/4185
f 812/1046/4186 811/1045/4187 791/1023/4188
f 813/1047/4189 812/1046/4190 792/1024/4191
f 794/1026/4192 814/1048/4193 813/1047/4194
f 794/1026/4195 795/1027/4196 815/1049/4197
f 796/1028/4198 816/1050/4199 815/1333/4200
f 1005/1029/4201 820/1054/4202 1007/1053/4203
f 821/1055/4204 820/1334/4205 797/1327/4206
f 799/1328/4207 822/1335/4208 821/1055/4209
f 823/1057/4210 822/1056/4211 799/1032/4212
f 824/1058/4213 823/1336/4214 800/1329/4215
f 802/1035/4216 825/1059/4217 824/1058/4218
f 826/1061/4219 825/1060/4220 802/1036/4221
f 804/1330/4222 827/1337/4223 826/1061/4224
f 827/1062/4225 804/1038/4226 828/1063/4227
f 806/1331/4228 829/1338/4229 828/1063/4230
f 807/1332/4231 830/1339/4232 829/1064/4233
f 807/1041/4234 808/1042/4235 831/1066/4236
f 832/1067/4237 831/1066/4238 808/1042/4239
f 809/1043/4240 810/1044/4241 833/1068/4242
f 810/1404/4243 811/1045/4244 834/1069/4245
f 835/1070/4246 834/1069/4247 811/1045/4248
f 836/1071/4249 835/1070/4250 812/1046/4251
f 814/1048/4252 837/1072/4253 836/1071/4254
f 814/1048/4255 815/1049/4256 838/1073/4257
f 816/1050/4258 839/1074/4259 838/1340/4260
f 818/1251/4261 861/1097/4262 817/1576/4263
f 818/1251/4264 862/1098/4265 861/1097/4266
f 819/1275/4267 993/1276/4268 994/1246/4269
f 1007/1253/4270 840/1076/4271 1008/1075/4272
f 841/1077/4273 840/1341/4274 820/1390/4275
f 822/1391/4276 842/1342/4277 841/1077/4278
f 843/1079/4279 842/1078/4280 822/1256/4281
f 844/1080/4282 843/1343/4283 823/1392/4284
f 825/1259/4285 845/1081/4286 844/1080/4287
f 846/1083/4288 845/1082/4289 825/1260/4290
f 827/1393/4291 847/1344/4292 846/1083/4293
f 847/1084/4294 827/1262/4295 848/1085/4296
f 829/1394/4297 849/1345/4298 848/1085/4299
f 830/1395/4300 850/1346/4301 849/1086/4302
f 830/1265/4303 831/1266/4304 851/1088/4305
f 852/1089/4306 851/1088/4307 831/1266/4308
f 832/1267/4309 833/1268/4310 853/1090/4311
f 833/1407/4312 834/1269/4313 854/1091/4314
f 855/1092/4315 854/1091/4316 834/1269/4317
f 856/1093/4318 855/1092/4319 835/1270/4320
f 837/1272/4321 857/1094/4322 856/1093/4323
f 837/1272/4324 838/1273/4325 858/1095/4326
f 839/1274/4327 859/1096/4328 858/1347/4329
f 1008/1075/4330 863/1100/4331 1010/1099/4332
f 864/1101/4333 863/1348/4334 840/1341/4335
f 842/1342/4336 865/1349/4337 864/1101/4338
f 866/1103/4339 865/1102/4340 842/1078/4341
f 867/1104/4342 866/1350/4343 843/1343/4344
f 845/1081/4345 868/1105/4346 867/1104/4347
f 869/1107/4348 868/1106/4349 845/1082/4350
f 847/1344/4351 870/1351/4352 869/1107/4353
f 870/1108/4354 847/1084/4355 871/1109/4356
f 849/1345/4357 872/1352/4358 871/1109/4359
f 850/1346/4360 873/1353/4361 872/1110/4362
f 850/1087/4363 851/1088/4364 874/1112/4365
f 875/1113/4366 874/1112/4367 851/1088/4368
f 852/1089/4369 853/1090/4370 876/1114/4371
f 853/1406/4372 854/1091/4373 877/1115/4374
f 878/1116/4375 877/1115/4376 854/1091/4377
f 879/1117/4378 878/1116/4379 855/1092/4380
f 857/1094/4381 880/1118/4382 879/1117/4383
f 857/1094/4384 858/1095/4385 881/1119/4386
f 859/1096/4387 882/1120/4388 881/1354/4389
f 861/1097/4390 904/1143/4391 860/1575/4392
f 861/1097/4393 995/1144/4394 904/1143/4395
f 862/1245/4396 994/1246/4397 996/1248/4398
f 1010/1099/4399 883/1122/4400 1011/1121/4401
f 884/1123/4402 883/1355/4403 863/1348/4404
f 865/1349/4405 885/1356/4406 884/1123/4407
f 886/1125/4408 885/1124/4409 865/1102/4410
f 887/1126/4411 886/1357/4412 866/1350/4413
f 868/1105/4414 888/1127/4415 887/1126/4416
f 889/1129/4417 888/1128/4418 868/1106/4419
f 870/1351/4420 890/1358/4421 889/1129/4422
f 890/1130/4423 870/1108/4424 891/1131/4425
f 872/1352/4426 892/1359/4427 891/1131/4428
f 873/1353/4429 893/1360/4430 892/1132/4431
f 873/1111/4432 874/1112/4433 894/1134/4434
f 895/1135/4435 894/1134/4436 874/1112/4437
f 875/1113/4438 876/1114/4439 896/1136/4440
f 876/1408/4441 877/1115/4442 897/1137/4443
f 898/1138/4444 897/1137/4445 877/1115/4446
f 899/1139/4447 898/1138/4448 878/1116/4449
f 880/1118/4450 900/1140/4451 899/1139/4452
f 880/1118/4453 881/1119/4454 901/1141/4455
f 882/1120/4456 902/1142/4457 901/1361/4458
f 1011/1121/4459 905/1146/4460 1013/1145/4461
f 906/1147/4462 905/1362/4463 883/1355/4464
f 885/1356/4465 907/1363/4466 906/1147/4467
f 908/1149/4468 907/1148/4469 885/1124/4470
f 909/1150/4471 908/1364/4472 886/1357/4473
f 888/1127/4474 910/1151/4475 909/1150/4476
f 911/1153/4477 910/1152/4478 888/1128/4479
f 890/1358/4480 912/1365/4481 911/1153/4482
f 912/1154/4483 890/1130/4484 913/1155/4485
f 892/1359/4486 914/1366/4487 913/1155/4488
f 893/1360/4489 915/1367/4490 914/1156/4491
f 893/1133/4492 894/1134/4493 916/1158/4494
f 917/1159/4495 916/1158/4496 894/1134/4497
f 895/1135/4498 896/1136/4499 918/1160/4500
f 896/1409/4501 897/1137/4502 919/1161/4503
f 920/1162/4504 919/1161/4505 897/1137/4506
f 921/1163/4507 920/1162/4508 898/1138/4509
f 900/1140/4510 922/1164/4511 921/1163/4512
f 900/1140/4513 901/1141/4514 923/1165/4515
f 902/1142/4516 924/1166/4517 923/1368/4518
f 904/1143/4519 946/1189/4520 903/1577/4521
f 904/1143/4522 947/1190/4523 946/1189/4524
f 995/1247/4525 996/1248/4526 948/1250/4527
f 1013/1145/4528 925/1168/4529 1014/1167/4530
f 926/1169/4531 925/1369/4532 905/1362/4533
f 907/1363/4534 927/1370/4535 926/1169/4536
f 928/1171/4537 927/1170/4538 907/1148/4539
f 929/1172/4540 928/1371/4541 908/1364/4542
f 910/1151/4543 930/1173/4544 929/1172/4545
f 931/1175/4546 930/1174/4547 910/1152/4548
f 912/1365/4549 932/1372/4550 931/1175/4551
f 932/1176/4552 912/1154/4553 933/1177/4554
f 914/1366/4555 934/1373/4556 933/1177/4557
f 915/1367/4558 935/1374/4559 934/1178/4560
f 915/1157/4561 916/1158/4562 936/1180/4563
f 937/1181/4564 936/1180/4565 916/1158/4566
f 917/1159/4567 918/1160/4568 938/1182/4569
f 918/1410/4570 919/1161/4571 939/1183/4572
f 940/1184/4573 939/1183/4574 919/1161/4575
f 941/1185/4576 940/1184/4577 920/1162/4578
f 922/1164/4579 942/1186/4580 941/1185/4581
f 922/1164/4582 923/1165/4583 943/1187/4584
f 924/1166/4585 944/1188/4586 943/1375/4587
f 1014/1167/4588 949/1192/4589 1015/1191/4590
f 950/1193/4591 949/1376/4592 925/1369/4593
f 927/1370/4594 951/1377/4595 950/1193/4596
f 952/1195/4597 951/1194/4598 927/1170/4599
f 953/1196/4600 952/1378/4601 928/1371/4602
f 930/1173/4603 954/1197/4604 953/1196/4605
f 955/1199/4606 954/1198/4607 930/1174/4608
f 932/1372/4609 956/1379/4610 955/1199/4611
f 956/1200/4612 932/1176/4613 957/1201/4614
f 934/1373/4615 958/1380/4616 957/1201/4617
f 935/1374/4618 959/1381/4619 958/1202/4620
f 935/1179/4621 936/1180/4622 960/1204/4623
f 961/1205/4624 960/1204/4625 936/1180/4626
f 937/1181/4627 938/1182/4628 962/1206/4629
f 938/1411/4630 939/1183/4631 963/1207/4632
f 964/1208/4633 963/1207/4634 939/1183/4635
f 965/1209/4636 964/1208/4637 940/1184/4638
f 942/1186/4639 966/1210/4640 965/1209/4641
f 942/1186/4642 943/1187/4643 967/1211/4644
f 944/1188/4645 968/1212/4646 967/1382/4647
f 946/1189/4648 646/868/4649 945/1578/4650
f 946/1189/4651 647/869/4652 646/868/4653
f 947/1249/4654 948/1250/4655 648/1236/4656
f 1015/1191/4657 969/1214/4658 1016/1213/4659
f 970/1215/4660 969/1383/4661 949/1376/4662
f 950/1193/4663 951/1377/4664 971/1384/4665
f 972/1217/4666 971/1216/4667 951/1194/4668
f 973/1218/4669 972/1385/4670 952/1378/4671
f 954/1197/4672 974/1219/4673 973/1218/4674
f 975/1221/4675 974/1220/4676 954/1198/4677
f 956/1379/4678 976/1386/4679 975/1221/4680
f 976/1222/4681 956/1200/4682 977/1223/4683
f 957/1201/4684 958/1380/4685 978/1387/4686
f 959/1381/4687 979/1388/4688 978/1224/4689
f 959/1203/4690 960/1204/4691 980/1226/4692
f 981/1227/4693 980/1226/4694 960/1204/4695
f 961/1205/4696 962/1206/4697 982/1228/4698
f 962/1412/4699 963/1207/4700 983/1229/4701
f 984/1230/4702 983/1229/4703 963/1207/4704
f 985/1231/4705 984/1230/4706 964/1208/4707
f 965/1209/4708 966/1210/4709 986/1232/4710
f 966/1210/4711 967/1211/4712 987/1233/4713
f 968/1212/4714 988/1234/4715 987/1389/4716
f 1016/1213/4717 649/871/4718 1017/870/4719
f 970/1215/4720 650/872/4721 649/1277/4722
f 970/1215/4723 971/1384/4724 651/1278/4725
f 652/874/4726 651/873/4727 971/1216/4728
f 973/1218/4729 653/875/4730 652/1279/4731
f 654/876/4732 653/875/4733 973/1218/4734
f 655/877/4735 654/1280/4736 974/1220/4737
f 656/1281/4738 655/877/4739 975/1221/4740
f 977/1223/4741 656/878/4742 976/1222/4743
f 977/1223/4744 978/1387/4745 658/1282/4746
f 979/1388/4747 659/1283/4748 658/880/4749
f 979/1225/4750 980/1226/4751 660/882/4752
f 661/883/4753 660/882/4754 980/1226/4755
f 981/1227/4756 982/1228/4757 662/884/4758
f 982/1413/4759 983/1229/4760 663/885/4761
f 664/886/4762 663/885/4763 983/1229/4764
f 665/887/4765 664/886/4766 984/1230/4767
f 985/1231/4768 986/1232/4769 666/888/4770
f 986/1232/4771 987/1233/4772 667/889/4773
f 988/1234/4774 668/890/4775 667/1284/4776
f 647/869/4777 989/914/4778 690/913/4779
f 691/1238/4780 989/1237/4781 647/1235/4782
f 649/871/4783 669/892/4784 997/891/4785
f 669/1285/4786 649/1277/4787 650/872/4788
f 670/893/4789 650/872/4790 651/1278/4791
f 651/873/4792 652/874/4793 672/895/4794
f 652/1279/4795 653/875/4796 673/896/4797
f 673/896/4798 653/875/4799 654/876/4800
f 654/1280/4801 655/877/4802 675/899/4803
f 675/899/4804 655/877/4805 656/1281/4806
f 676/900/4807 656/878/4808 657/879/4809
f 677/901/4810 657/879/4811 658/1282/4812
f 678/902/4813 658/880/4814 659/1283/4815
f 679/903/4816 659/881/4817 660/882/4818
f 660/882/4819 661/883/4820 681/905/4821
f 681/905/4822 661/883/4823 662/884/4824
f 682/1397/4825 662/1398/4826 663/885/4827
f 663/885/4828 664/886/4829 684/908/4830
f 664/886/4831 665/887/4832 685/909/4833
f 685/909/4834 665/887/4835 666/888/4836
f 686/910/4837 666/888/4838 667/889/4839
f 667/1284/4840 668/890/4841 688/912/4842
f 997/891/4843 669/892/4844 692/916/4845
f 669/1285/4846 670/893/4847 693/917/4848
f 693/917/4849 670/893/4850 671/1286/4851
f 671/894/4852 672/895/4853 695/919/4854
f 672/1287/4855 673/896/4856 696/920/4857
f 696/920/4858 673/896/4859 674/897/4860
f 674/898/4861 675/899/4862 698/923/4863
f 698/923/4864 675/899/4865 676/1288/4866
f 676/900/4867 677/901/4868 700/925/4869
f 700/925/4870 677/901/4871 678/1289/4872
f 701/926/4873 678/902/4874 679/1290/4875
f 703/928/4876 702/927/4877 679/903/4878
f 680/904/4879 681/905/4880 704/929/4881
f 705/930/4882 704/929/4883 681/905/4884
f 706/931/4885 705/1399/4886 682/1397/4887
f 683/907/4888 684/908/4889 707/932/4890
f 684/908/4891 685/909/4892 708/933/4893
f 708/933/4894 685/909/4895 686/910/4896
f 710/935/4897 709/934/4898 686/910/4899
f 710/1298/4900 687/1291/4901 688/912/4902
f 690/913/4903 989/914/4904 734/960/4905
f 990/1240/4906 734/1239/4907 989/1237/4908
f 999/915/4909 692/916/4910 712/938/4911
f 692/1292/4912 693/917/4913 713/939/4914
f 713/939/4915 693/917/4916 694/1293/4917
f 694/918/4918 695/919/4919 715/941/4920
f 695/1294/4921 696/920/4922 716/942/4923
f 716/942/4924 696/920/4925 697/921/4926
f 697/922/4927 698/923/4928 718/945/4929
f 718/945/4930 698/923/4931 699/1295/4932
f 699/924/4933 700/925/4934 720/947/4935
f 720/947/4936 700/925/4937 701/1296/4938
f 721/948/4939 701/926/4940 702/1297/4941
f 723/950/4942 722/949/4943 702/927/4944
f 703/928/4945 704/929/4946 724/951/4947
f 725/952/4948 724/951/4949 704/929/4950
f 726/953/4951 725/1400/4952 705/1399/4953
f 706/931/4954 707/932/4955 727/954/4956
f 707/932/4957 708/933/4958 728/955/4959
f 728/955/4960 708/933/4961 709/934/4962
f 730/957/4963 729/956/4964 709/934/4965
f 730/1305/4966 710/1298/4967 711/936/4968
f 1000/937/4969 712/938/4970 735/962/4971
f 712/1299/4972 713/939/4973 736/963/4974
f 736/963/4975 713/939/4976 714/1300/4977
f 714/940/4978 715/941/4979 738/965/4980
f 715/1301/4981 716/942/4982 739/966/4983
f 739/966/4984 716/942/4985 717/943/4986
f 717/944/4987 718/945/4988 741/969/4989
f 741/969/4990 718/945/4991 719/1302/4992
f 719/946/4993 720/947/4994 743/971/4995
f 743/971/4996 720/947/4997 721/1303/4998
f 744/972/4999 721/948/5000 722/1304/5001
f 746/974/5002 745/973/5003 722/949/5004
f 723/950/5005 724/951/5006 747/975/5007
f 748/976/5008 747/975/5009 724/951/5010
f 749/977/5011 748/1401/5012 725/1400/5013
f 726/953/5014 727/954/5015 750/978/5016
f 727/954/5017 728/955/5018 751/979/5019
f 751/979/5020 728/955/5021 729/956/5022
f 753/981/5023 752/980/5024 729/956/5025
f 753/1312/5026 730/1305/5027 731/958/5028
f 733/959/5029 734/960/5030 991/1006/5031
f 992/1242/5032 991/1241/5033 734/1239/5034
f 1001/961/5035 735/962/5036 755/984/5037
f 735/1306/5038 736/963/5039 756/985/5040
f 756/985/5041 736/963/5042 737/1307/5043
f 737/964/5044 738/965/5045 758/987/5046
f 738/1308/5047 739/966/5048 759/988/5049
f 759/988/5050 739/966/5051 740/967/5052
f 740/968/5053 741/969/5054 761/991/5055
f 761/991/5056 741/969/5057 742/1309/5058
f 742/970/5059 743/971/5060 763/993/5061
f 763/993/5062 743/971/5063 744/1310/5064
f 764/994/5065 744/972/5066 745/1311/5067
f 766/996/5068 765/995/5069 745/973/5070
f 746/974/5071 747/975/5072 767/997/5073
f 768/998/5074 767/997/5075 747/975/5076
f 769/999/5077 768/1402/5078 748/1401/5079
f 749/977/5080 750/978/5081 770/1000/5082
f 750/978/5083 751/979/5084 771/1001/5085
f 771/1001/5086 751/979/5087 752/980/5088
f 773/1003/5089 772/1002/5090 752/980/5091
f 773/1319/5092 753/1312/5093 754/982/5094
f 1002/983/5095 755/984/5096 777/1008/5097
f 755/1313/5098 756/985/5099 778/1009/5100
f 778/1009/5101 756/985/5102 757/1314/5103
f 757/986/5104 758/987/5105 780/1011/5106
f 758/1315/5107 759/988/5108 781/1012/5109
f 781/1012/5110 759/988/5111 760/989/5112
f 760/990/5113 761/991/5114 783/1015/5115
f 783/1015/5116 761/991/5117 762/1316/5118
f 762/992/5119 763/993/5120 785/1017/5121
f 785/1017/5122 763/993/5123 764/1317/5124
f 786/1018/5125 764/994/5126 765/1318/5127
f 788/1020/5128 787/1019/5129 765/995/5130
f 766/996/5131 767/997/5132 789/1021/5133
f 790/1022/5134 789/1021/5135 767/997/5136
f 791/1023/5137 790/1403/5138 768/1402/5139
f 769/999/5140 770/1000/5141 792/1024/5142
f 770/1000/5143 771/1001/5144 793/1025/5145
f 793/1025/5146 771/1001/5147 772/1002/5148
f 795/1027/5149 794/1026/5150 772/1002/5151
f 795/1326/5152 773/1319/5153 774/1004/5154
f 776/1005/5155 991/1006/5156 819/1052/5157
f 993/1244/5158 819/1243/5159 991/1241/5160
f 1004/1007/5161 777/1008/5162 797/1030/5163
f 777/1320/5164 778/1009/5165 798/1031/5166
f 798/1031/5167 778/1009/5168 779/1321/5169
f 779/1010/5170 780/1011/5171 800/1033/5172
f 780/1322/5173 781/1012/5174 801/1034/5175
f 801/1034/5176 781/1012/5177 782/1013/5178
f 782/1014/5179 783/1015/5180 803/1037/5181
f 803/1037/5182 783/1015/5183 784/1323/5184
f 784/1016/5185 785/1017/5186 805/1039/5187
f 805/1039/5188 785/1017/5189 786/1324/5190
f 806/1040/5191 786/1018/5192 787/1325/5193
f 808/1042/5194 807/1041/5195 787/1019/5196
f 788/1020/5197 789/1021/5198 809/1043/5199
f 810/1044/5200 809/1043/5201 789/1021/5202
f 811/1045/5203 810/1404/5204 790/1403/5205
f 791/1023/5206 792/1024/5207 812/1046/5208
f 792/1024/5209 793/1025/5210 813/1047/5211
f 813/1047/5212 793/1025/5213 794/1026/5214
f 815/1049/5215 814/1048/5216 794/1026/5217
f 815/1333/5218 795/1326/5219 796/1028/5220
f 1005/1029/5221 797/1030/5222 820/1054/5223
f 797/1327/5224 798/1031/5225 821/1055/5226
f 821/1055/5227 798/1031/5228 799/1328/5229
f 799/1032/5230 800/1033/5231 823/1057/5232
f 800/1329/5233 801/1034/5234 824/1058/5235
f 824/1058/5236 801/1034/5237 802/1035/5238
f 802/1036/5239 803/1037/5240 826/1061/5241
f 826/1061/5242 803/1037/5243 804/1330/5244
f 804/1038/5245 805/1039/5246 828/1063/5247
f 828/1063/5248 805/1039/5249 806/1331/5250
f 829/1064/5251 806/1040/5252 807/1332/5253
f 831/1066/5254 830/1065/5255 807/1041/5256
f 808/1042/5257 809/1043/5258 832/1067/5259
f 833/1068/5260 832/1067/5261 809/1043/5262
f 834/1069/5263 833/1405/5264 810/1404/5265
f 811/1045/5266 812/1046/5267 835/1070/5268
f 812/1046/5269 813/1047/5270 836/1071/5271
f 836/1071/5272 813/1047/5273 814/1048/5274
f 838/1073/5275 837/1072/5276 814/1048/5277
f 838/1340/5278 815/1333/5279 816/1050/5280
f 818/1251/5281 819/1252/5282 862/1098/5283
f 994/1246/5284 862/1245/5285 819/1275/5286
f 1007/1253/5287 820/1254/5288 840/1076/5289
f 820/1390/5290 821/1255/5291 841/1077/5292
f 841/1077/5293 821/1255/5294 822/1391/5295
f 822/1256/5296 823/1257/5297 843/1079/5298
f 823/1392/5299 824/1258/5300 844/1080/5301
f 844/1080/5302 824/1258/5303 825/1259/5304
f 825/1260/5305 826/1261/5306 846/1083/5307
f 846/1083/5308 826/1261/5309 827/1393/5310
f 827/1262/5311 828/1263/5312 848/1085/5313
f 848/1085/5314 828/1263/5315 829/1394/5316
f 849/1086/5317 829/1264/5318 830/1395/5319
f 851/1088/5320 850/1087/5321 830/1265/5322
f 831/1266/5323 832/1267/5324 852/1089/5325
f 853/1090/5326 852/1089/5327 832/1267/5328
f 854/1091/5329 853/1406/5330 833/1407/5331
f 834/1269/5332 835/1270/5333 855/1092/5334
f 835/1270/5335 836/1271/5336 856/1093/5337
f 856/1093/5338 836/1271/5339 837/1272/5340
f 858/1095/5341 857/1094/5342 837/1272/5343
f 858/1347/5344 838/1396/5345 839/1274/5346
f 1008/1075/5347 840/1076/5348 863/1100/5349
f 840/1341/5350 841/1077/5351 864/1101/5352
f 864/1101/5353 841/1077/5354 842/1342/5355
f 842/1078/5356 843/1079/5357 866/1103/5358
f 843/1343/5359 844/1080/5360 867/1104/5361
f 867/1104/5362 844/1080/5363 845/1081/5364
f 845/1082/5365 846/1083/5366 869/1107/5367
f 869/1107/5368 846/1083/5369 847/1344/5370
f 847/1084/5371 848/1085/5372 871/1109/5373
f 871/1109/5374 848/1085/5375 849/1345/5376
f 872/1110/5377 849/1086/5378 850/1346/5379
f 874/1112/5380 873/1111/5381 850/1087/5382
f 851/1088/5383 852/1089/5384 875/1113/5385
f 876/1114/5386 875/1113/5387 852/1089/5388
f 877/1115/5389 876/1408/5390 853/1406/5391
f 854/1091/5392 855/1092/5393 878/1116/5394
f 855/1092/5395 856/1093/5396 879/1117/5397
f 879/1117/5398 856/1093/5399 857/1094/5400
f 881/1119/5401 880/1118/5402 857/1094/5403
f 881/1354/5404 858/1347/5405 859/1096/5406
f 861/1097/5407 862/1098/5408 995/1144/5409
f 996/1248/5410 995/1247/5411 862/1245/5412
f 1010/1099/5413 863/1100/5414 883/1122/5415
f 863/1348/5416 864/1101/5417 884/1123/5418
f 884/1123/5419 864/1101/5420 865/1349/5421
f 865/1102/5422 866/1103/5423 886/1125/5424
f 866/1350/5425 867/1104/5426 887/1126/5427
f 887/1126/5428 867/1104/5429 868/1105/5430
f 868/1106/5431 869/1107/5432 889/1129/5433
f 889/1129/5434 869/1107/5435 870/1351/5436
f 870/1108/5437 871/1109/5438 891/1131/5439
f 891/1131/5440 871/1109/5441 872/1352/5442
f 892/1132/5443 872/1110/5444 873/1353/5445
f 894/1134/5446 893/1133/5447 873/1111/5448
f 874/1112/5449 875/1113/5450 895/1135/5451
f 896/1136/5452 895/1135/5453 875/1113/5454
f 897/1137/5455 896/1409/5456 876/1408/5457
f 877/1115/5458 878/1116/5459 898/1138/5460
f 878/1116/5461 879/1117/5462 899/1139/5463
f 899/1139/5464 879/1117/5465 880/1118/5466
f 901/1141/5467 900/1140/5468 880/1118/5469
f 901/1361/5470 881/1354/5471 882/1120/5472
f 1011/1121/5473 883/1122/5474 905/1146/5475
f 883/1355/5476 884/1123/5477 906/1147/5478
f 906/1147/5479 884/1123/5480 885/1356/5481
f 885/1124/5482 886/1125/5483 908/1149/5484
f 886/1357/5485 887/1126/5486 909/1150/5487
f 909/1150/5488 887/1126/5489 888/1127/5490
f 888/1128/5491 889/1129/5492 911/1153/5493
f 911/1153/5494 889/1129/5495 890/1358/5496
f 890/1130/5497 891/1131/5498 913/1155/5499
f 913/1155/5500 891/1131/5501 892/1359/5502
f 914/1156/5503 892/1132/5504 893/1360/5505
f 916/1158/5506 915/1157/5507 893/1133/5508
f 894/1134/5509 895/1135/5510 917/1159/5511
f 918/1160/5512 917/1159/5513 895/1135/5514
f 919/1161/5515 918/1410/5516 896/1409/5517
f 897/1137/5518 898/1138/5519 920/1162/5520
f 898/1138/5521 899/1139/5522 921/1163/5523
f 921/1163/5524 899/1139/5525 900/1140/5526
f 923/1165/5527 922/1164/5528 900/1140/5529
f 923/1368/5530 901/1361/5531 902/1142/5532
f 904/1143/5533 995/1144/5534 947/1190/5535
f 948/1250/5536 947/1249/5537 995/1247/5538
f 1013/1145/5539 905/1146/5540 925/1168/5541
f 905/1362/5542 906/1147/5543 926/1169/5544
f 926/1169/5545 906/1147/5546 907/1363/5547
f 907/1148/5548 908/1149/5549 928/1171/5550
f 908/1364/5551 909/1150/5552 929/1172/5553
f 929/1172/5554 909/1150/5555 910/1151/5556
f 910/1152/5557 911/1153/5558 931/1175/5559
f 931/1175/5560 911/1153/5561 912/1365/5562
f 912/1154/5563 913/1155/5564 933/1177/5565
f 933/1177/5566 913/1155/5567 914/1366/5568
f 934/1178/5569 914/1156/5570 915/1367/5571
f 936/1180/5572 935/1179/5573 915/1157/5574
f 916/1158/5575 917/1159/5576 937/1181/5577
f 938/1182/5578 937/1181/5579 917/1159/5580
f 939/1183/5581 938/1411/5582 918/1410/5583
f 919/1161/5584 920/1162/5585 940/1184/5586
f 920/1162/5587 921/1163/5588 941/1185/5589
f 941/1185/5590 921/1163/5591 922/1164/5592
f 943/1187/5593 942/1186/5594 922/1164/5595
f 943/1375/5596 923/1368/5597 924/1166/5598
f 1014/1167/5599 925/1168/5600 949/1192/5601
f 925/1369/5602 926/1169/5603 950/1193/5604
f 950/1193/5605 926/1169/5606 927/1370/5607
f 927/1170/5608 928/1171/5609 952/1195/5610
f 928/1371/5611 929/1172/5612 953/1196/5613
f 953/1196/5614 929/1172/5615 930/1173/5616
f 930/1174/5617 931/1175/5618 955/1199/5619
f 955/1199/5620 931/1175/5621 932/1372/5622
f 932/1176/5623 933/1177/5624 957/1201/5625
f 957/1201/5626 933/1177/5627 934/1373/5628
f 958/1202/5629 934/1178/5630 935/1374/5631
f 960/1204/5632 959/1203/5633 935/1179/5634
f 936/1180/5635 937/1181/5636 961/1205/5637
f 962/1206/5638 961/1205/5639 937/1181/5640
f 963/1207/5641 962/1412/5642 938/1411/5643
f 939/1183/5644 940/1184/5645 964/1208/5646
f 940/1184/5647 941/1185/5648 965/1209/5649
f 965/1209/5650 941/1185/5651 942/1186/5652
f 967/1211/5653 966/1210/5654 942/1186/5655
f 967/1382/5656 943/1375/5657 944/1188/5658
f 946/1189/5659 947/1190/5660 647/869/5661
f 648/1236/5662 647/1235/5663 947/1249/5664
f 1015/1191/5665 949/1192/5666 969/1214/5667
f 949/1376/5668 950/1193/5669 970/1215/5670
f 971/1384/5671 970/1215/5672 950/1193/5673
f 951/1194/5674 952/1195/5675 972/1217/5676
f 952/1378/5677 953/1196/5678 973/1218/5679
f 973/1218/5680 953/1196/5681 954/1197/5682
f 954/1198/5683 955/1199/5684 975/1221/5685
f 975/1221/5686 955/1199/5687 956/1379/5688
f 956/1200/5689 957/1201/5690 977/1223/5691
f 978/1387/5692 977/1223/5693 957/1201/5694
f 978/1224/5695 958/1202/5696 959/1381/5697
f 980/1226/5698 979/1225/5699 959/1203/5700
f 960/1204/5701 961/1205/5702 981/1227/5703
f 982/1228/5704 981/1227/5705 961/1205/5706
f 983/1229/5707 982/1413/5708 962/1412/5709
f 963/1207/5710 964/1208/5711 984/1230/5712
f 964/1208/5713 965/1209/5714 985/1231/5715
f 986/1232/5716 985/1231/5717 965/1209/5718
f 987/1233/5719 986/1232/5720 966/1210/5721
f 987/1389/5722 967/1382/5723 968/1212/5724
f 1016/1213/5725 969/1214/5726 649/871/5727
f 649/1277/5728 969/1383/5729 970/1215/5730
f 651/1278/5731 650/872/5732 970/1215/5733
f 971/1216/5734 972/1217/5735 652/874/5736
f 652/1279/5737 972/1385/5738 973/1218/5739
f 973/1218/5740 974/1219/5741 654/876/5742
f 974/1220/5743 975/1221/5744 655/877/5745
f 975/1221/5746 976/1386/5747 656/1281/5748
f 977/1223/5749 657/879/5750 656/878/5751
f 658/1282/5752 657/879/5753 977/1223/5754
f 658/880/5755 978/1224/5756 979/1388/5757
f 660/882/5758 659/881/5759 979/1225/5760
f 980/1226/5761 981/1227/5762 661/883/5763
f 662/884/5764 661/883/5765 981/1227/5766
f 663/885/5767 662/1398/5768 982/1413/5769
f 983/1229/5770 984/1230/5771 664/886/5772
f 984/1230/5773 985/1231/5774 665/887/5775
f 666/888/5776 665/887/5777 985/1231/5778
f 667/889/5779 666/888/5780 986/1232/5781
f 667/1284/5782 987/1389/5783 988/1234/5784
f 1018/1414/5785 1019/1415/5786 1089/1514/5787
f 1021/1417/5788 1019/1415/5789 1018/1414/5790
f 1023/1419/5791 1024/1420/5792 1021/1417/5793
f 1025/1422/5794 1026/1423/5795 1023/1515/5796
f 1026/1423/5797 1101/1530/5798 1028/1425/5799
f 1029/1426/5800 1102/1531/5801 1027/1424/5802
f 1030/1427/5803 1102/1531/5804 1032/1429/5805
f 1033/1430/5806 1103/1533/5807 1031/1516/5808
f 998/1433/5809 1104/1534/5810 1033/1430/5811
f 1019/1415/5812 1035/1434/5813 1020/1416/5814
f 1022/1418/5815 1035/1434/5816 1019/1415/5817
f 1024/1420/5818 1038/1437/5819 1022/1418/5820
f 1026/1423/5821 1038/1438/5822 1024/1421/5823
f 1039/1439/5824 1118/1554/5825 1040/1440/5826
f 1028/1425/5827 1131/1568/5828 1118/1554/5829
f 1034/1431/5830 1105/1536/5831 1032/1432/5832
f 1034/1431/5833 1091/1517/5834 1106/1537/5835
f 1035/1434/5836 1044/1446/5837 1036/1435/5838
f 1037/1436/5839 1044/1446/5840 1035/1434/5841
f 1038/1437/5842 1047/1449/5843 1037/1436/5844
f 1039/1439/5845 1047/1450/5846 1038/1438/5847
f 1048/1451/5848 1119/1555/5849 1049/1452/5850
f 1040/1440/5851 1132/1569/5852 1119/1555/5853
f 1043/1443/5854 1107/1539/5855 1042/1444/5856
f 1043/1443/5857 1093/1445/5858 1108/1540/5859
f 1044/1446/5860 1053/1458/5861 1045/1447/5862
f 1046/1448/5863 1053/1458/5864 1044/1446/5865
f 1047/1449/5866 1056/1461/5867 1046/1448/5868
f 1048/1451/5869 1056/1462/5870 1047/1450/5871
f 1057/1463/5872 1120/1556/5873 1058/1464/5874
f 1049/1452/5875 1130/1567/5876 1120/1556/5877
f 1052/1455/5878 1109/1542/5879 1051/1456/5880
f 1052/1455/5881 1003/1457/5882 1110/1543/5883
f 1053/1470/5884 1062/1471/5885 1054/1518/5886
f 1055/1473/5887 1062/1471/5888 1053/1470/5889
f 1056/1475/5890 1065/1476/5891 1055/1473/5892
f 1057/1478/5893 1065/1477/5894 1056/1519/5895
f 1066/1479/5896 1121/1557/5897 1067/1480/5898
f 1058/1481/5899 1126/1563/5900 1121/1557/5901
f 1061/1486/5902 1111/1545/5903 1060/1520/5904
f 1061/1486/5905 1006/1521/5906 1112/1546/5907
f 1062/1471/5908 1071/1490/5909 1063/1472/5910
f 1064/1474/5911 1071/1490/5912 1062/1471/5913
f 1065/1476/5914 1074/1493/5915 1064/1474/5916
f 1066/1479/5917 1074/1494/5918 1065/1477/5919
f 1075/1495/5920 1122/1558/5921 1076/1496/5922
f 1067/1480/5923 1127/1564/5924 1122/1558/5925
f 1070/1487/5926 1113/1548/5927 1069/1488/5928
f 1070/1487/5929 1009/1489/5930 1114/1549/5931
f 1071/1490/5932 1080/1502/5933 1072/1491/5934
f 1073/1492/5935 1080/1502/5936 1071/1490/5937
f 1074/1493/5938 1083/1505/5939 1073/1492/5940
f 1075/1495/5941 1084/1507/5942 1074/1494/5943
f 1084/1507/5944 1075/1495/5945 1123/1559/5946
f 1076/1496/5947 1128/1565/5948 1123/1559/5949
f 1079/1499/5950 1115/1551/5951 1078/1500/5952
f 1079/1499/5953 1012/1501/5954 1116/1552/5955
f 1080/1502/5956 1018/1414/5957 1081/1503/5958
f 1082/1504/5959 1018/1414/5960 1080/1502/5961
f 1082/1504/5962 1023/1419/5963 1021/1417/5964
f 1084/1507/5965 1025/1422/5966 1083/1506/5967
f 1025/1422/5968 1124/1560/5969 1027/1424/5970
f 1085/1508/5971 1129/1566/5972 1124/1560/5973
f 1088/1511/5974 1125/1562/5975 1087/1512/5976
f 1088/1511/5977 1098/1513/5978 1117/1553/5979
f 1059/1482/5980 1060/1484/5981 1126/1563/5982
f 1068/1483/5983 1069/1485/5984 1127/1564/5985
f 1077/1497/5986 1078/1498/5987 1128/1565/5988
f 1086/1509/5989 1087/1510/5990 1129/1566/5991
f 1050/1453/5992 1051/1454/5993 1130/1567/5994
f 1030/1427/5995 1032/1429/5996 1131/1568/5997
f 1041/1441/5998 1042/1442/5999 1132/1569/6000
f 1025/1422/6001 1027/1424/6002 1101/1530/6003
f 1102/1531/6004 1028/1425/6005 1101/1530/6006
f 1102/1531/6007 1031/1428/6008 1103/1532/6009
f 1104/1534/6010 1034/1431/6011 1103/1533/6012
f 1090/1522/6013 1091/1517/6014 1104/1534/6015
f 1026/1423/6016 1028/1425/6017 1118/1554/6018
f 1131/1568/6019 1040/1440/6020 1118/1554/6021
f 1106/1537/6022 1043/1443/6023 1105/1536/6024
f 1092/1523/6025 1093/1445/6026 1106/1537/6027
f 1039/1439/6028 1040/1440/6029 1119/1555/6030
f 1132/1569/6031 1049/1452/6032 1119/1555/6033
f 1108/1540/6034 1052/1455/6035 1107/1539/6036
f 1094/1524/6037 1003/1457/6038 1108/1540/6039
f 1048/1451/6040 1049/1452/6041 1120/1556/6042
f 1130/1567/6043 1058/1464/6044 1120/1556/6045
f 1110/1543/6046 1061/1467/6047 1109/1542/6048
f 1095/1525/6049 1006/1469/6050 1110/1543/6051
f 1057/1478/6052 1058/1481/6053 1121/1557/6054
f 1126/1563/6055 1067/1480/6056 1121/1557/6057
f 1112/1546/6058 1070/1487/6059 1111/1545/6060
f 1096/1526/6061 1009/1489/6062 1112/1546/6063
f 1066/1479/6064 1067/1480/6065 1122/1558/6066
f 1127/1564/6067 1076/1496/6068 1122/1558/6069
f 1114/1549/6070 1079/1499/6071 1113/1548/6072
f 1097/1527/6073 1012/1501/6074 1114/1549/6075
f 1075/1495/6076 1076/1496/6077 1123/1559/6078
f 1128/1565/6079 1085/1508/6080 1123/1559/6081
f 1116/1552/6082 1088/1511/6083 1115/1551/6084
f 1100/1528/6085 1098/1513/6086 1116/1552/6087
f 1084/1507/6088 1085/1508/6089 1124/1560/6090
f 1129/1566/6091 1027/1424/6092 1124/1560/6093
f 1117/1553/6094 1033/1430/6095 1125/1562/6096
f 1099/1529/6097 998/1433/6098 1117/1553/6099
f 1111/1544/6100 1069/1485/6101 1126/1563/6102
f 1113/1547/6103 1078/1498/6104 1127/1564/6105
f 1115/1550/6106 1087/1510/6107 1128/1565/6108
f 1125/1561/6109 1031/1428/6110 1129/1566/6111
f 1109/1541/6112 1060/1466/6113 1130/1567/6114
f 1105/1535/6115 1042/1442/6116 1131/1568/6117
f 1107/1538/6118 1051/1454/6119 1132/1569/6120
f 1025/1422/6121 1084/1507/6122 1124/1560/6123
f 1123/1559/6124 1085/1508/6125 1084/1507/6126
f 1075/1495/6127 1066/1479/6128 1122/1558/6129
f 1066/1479/6130 1057/1478/6131 1121/1557/6132
f 1057/1463/6133 1048/1451/6134 1120/1556/6135
f 1048/1451/6136 1039/1439/6137 1119/1555/6138
f 1039/1439/6139 1026/1423/6140 1118/1554/6141
f 1026/1423/6142 1025/1422/6143 1101/1530/6144
f 646/868/6145 690/913/6146 689/1570/6147
f 733/959/6148 732/1572/6149 689/1570/6150
f 776/1005/6151 775/1573/6152 732/1572/6153
f 818/1051/6154 817/1574/6155 775/1573/6156
f 861/1097/6157 860/1575/6158 817/1576/6159
f 904/1143/6160 903/1577/6161 860/1575/6162
f 946/1189/6163 945/1578/6164 903/1577/6165
f 646/868/6166 645/1571/6167 945/1578/6168
f 1019/1415/6169 1020/1416/6170 1089/1514/6171
f 1021/1417/6172 1022/1418/6173 1019/1415/6174
f 1024/1420/6175 1022/1418/6176 1021/1417/6177
f 1026/1423/6178 1024/1421/6179 1023/1515/6180
f 1102/1531/6181 1101/1530/6182 1027/1424/6183
f 1102/1531/6184 1103/1532/6185 1032/1429/6186
f 1033/1430/6187 1104/1534/6188 1103/1533/6189
f 998/1433/6190 1090/1522/6191 1104/1534/6192
f 1035/1434/6193 1036/1435/6194 1020/1416/6195
f 1022/1418/6196 1037/1436/6197 1035/1434/6198
f 1038/1437/6199 1037/1436/6200 1022/1418/6201
f 1026/1423/6202 1039/1439/6203 1038/1438/6204
f 1028/1425/6205 1030/1427/6206 1131/1568/6207
f 1034/1431/6208 1106/1537/6209 1105/1536/6210
f 1091/1517/6211 1092/1523/6212 1106/1537/6213
f 1044/1446/6214 1045/1447/6215 1036/1435/6216
f 1037/1436/6217 1046/1448/6218 1044/1446/6219
f 1047/1449/6220 1046/1448/6221 1037/1436/6222
f 1039/1439/6223 1048/1451/6224 1047/1450/6225
f 1040/1440/6226 1041/1441/6227 1132/1569/6228
f 1043/1443/6229 1108/1540/6230 1107/1539/6231
f 1093/1445/6232 1094/1524/6233 1108/1540/6234
f 1053/1458/6235 1054/1459/6236 1045/1447/6237
f 1046/1448/6238 1055/1460/6239 1053/1458/6240
f 1056/1461/6241 1055/1460/6242 1046/1448/6243
f 1048/1451/6244 1057/1463/6245 1056/1462/6246
f 1049/1452/6247 1050/1453/6248 1130/1567/6249
f 1052/1455/6250 1110/1543/6251 1109/1542/6252
f 1003/1457/6253 1095/1525/6254 1110/1543/6255
f 1062/1471/6256 1063/1472/6257 1054/1518/6258
f 1055/1473/6259 1064/1474/6260 1062/1471/6261
f 1065/1476/6262 1064/1474/6263 1055/1473/6264
f 1057/1478/6265 1066/1479/6266 1065/1477/6267
f 1058/1481/6268 1059/1482/6269 1126/1563/6270
f 1061/1486/6271 1112/1546/6272 1111/1545/6273
f 1006/1521/6274 1096/1526/6275 1112/1546/6276
f 1071/1490/6277 1072/1491/6278 1063/1472/6279
f 1064/1474/6280 1073/1492/6281 1071/1490/6282
f 1074/1493/6283 1073/1492/6284 1064/1474/6285
f 1066/1479/6286 1075/1495/6287 1074/1494/6288
f 1067/1480/6289 1068/1483/6290 1127/1564/6291
f 1070/1487/6292 1114/1549/6293 1113/1548/6294
f 1009/1489/6295 1097/1527/6296 1114/1549/6297
f 1080/1502/6298 1081/1503/6299 1072/1491/6300
f 1073/1492/6301 1082/1504/6302 1080/1502/6303
f 1083/1505/6304 1082/1504/6305 1073/1492/6306
f 1084/1507/6307 1083/1506/6308 1074/1494/6309
f 1076/1496/6310 1077/1497/6311 1128/1565/6312
f 1079/1499/6313 1116/1552/6314 1115/1551/6315
f 1012/1501/6316 1100/1528/6317 1116/1552/6318
f 1018/1414/6319 1089/1514/6320 1081/1503/6321
f 1082/1504/6322 1021/1417/6323 1018/1414/6324
f 1082/1504/6325 1083/1505/6326 1023/1419/6327
f 1025/1422/6328 1023/1515/6329 1083/1506/6330
f 1085/1508/6331 1086/1509/6332 1129/1566/6333
f 1088/1511/6334 1117/1553/6335 1125/1562/6336
f 1098/1513/6337 1099/1529/6338 1117/1553/6339
f 1060/1484/6340 1111/1544/6341 1126/1563/6342
f 1069/1485/6343 1113/1547/6344 1127/1564/6345
f 1078/1498/6346 1115/1550/6347 1128/1565/6348
f 1087/1510/6349 1125/1561/6350 1129/1566/6351
f 1051/1454/6352 1109/1541/6353 1130/1567/6354
f 1032/1429/6355 1105/1535/6356 1131/1568/6357
f 1042/1442/6358 1107/1538/6359 1132/1569/6360
f 1102/1531/6361 1030/1427/6362 1028/1425/6363
f 1102/1531/6364 1029/1426/6365 1031/1428/6366
f 1034/1431/6367 1032/1432/6368 1103/1533/6369
f 1091/1517/6370 1034/1431/6371 1104/1534/6372
f 1131/1568/6373 1041/1441/6374 1040/1440/6375
f 1043/1443/6376 1042/1444/6377 1105/1536/6378
f 1093/1445/6379 1043/1443/6380 1106/1537/6381
f 1132/1569/6382 1050/1453/6383 1049/1452/6384
f 1052/1455/6385 1051/1456/6386 1107/1539/6387
f 1003/1457/6388 1052/1455/6389 1108/1540/6390
f 1130/1567/6391 1059/1465/6392 1058/1464/6393
f 1061/1467/6394 1060/1468/6395 1109/1542/6396
f 1006/1469/6397 1061/1467/6398 1110/1543/6399
f 1126/1563/6400 1068/1483/6401 1067/1480/6402
f 1070/1487/6403 1069/1488/6404 1111/1545/6405
f 1009/1489/6406 1070/1487/6407 1112/1546/6408
f 1127/1564/6409 1077/1497/6410 1076/1496/6411
f 1079/1499/6412 1078/1500/6413 1113/1548/6414
f 1012/1501/6415 1079/1499/6416 1114/1549/6417
f 1128/1565/6418 1086/1509/6419 1085/1508/6420
f 1088/1511/6421 1087/1512/6422 1115/1551/6423
f 1098/1513/6424 1088/1511/6425 1116/1552/6426
f 1129/1566/6427 1029/1426/6428 1027/1424/6429
f 1033/1430/6430 1031/1516/6431 1125/1562/6432
f 998/1433/6433 1033/1430/6434 1117/1553/6435
f 1069/1485/6436 1068/1483/6437 1126/1563/6438
f 1078/1498/6439 1077/1497/6440 1127/1564/6441
f 1087/1510/6442 1086/1509/6443 1128/1565/6444
f 1031/1428/6445 1029/1426/6446 1129/1566/6447
f 1060/1466/6448 1059/1465/6449 1130/1567/6450
f 1042/1442/6451 1041/1441/6452 1131/1568/6453
f 1051/1454/6454 1050/1453/6455 1132/1569/6456
f 1133/1579/6457 1134/1580/6458 1135/1581/6459
f 1136/1582/6460 1137/1583/6461 1134/1580/6462
f 1138/1584/6463 1139/1585/6464 1137/1583/6465
f 1140/1586/6466 1141/1587/6467 1139/1585/6468
f 1142/1588/6469 1143/1589/6470 1141/1587/6471
f 1144/1590/6472 1145/1591/6473 1143/1589/6474
f 1146/1592/6475 1147/1593/6476 1145/1591/6477
f 1148/1594/6478 1149/1595/6479 1147/1593/6480
f 1150/1596/6481 1151/1597/6482 1149/1595/6483
f 1152/1598/6484 1153/1599/6485 1151/1597/6486
f 1154/1600/6487 1155/1601/6488 1153/1599/6489
f 1156/1602/6490 1157/1603/6491 1155/1601/6492
f 1158/1604/6493 1159/1605/6494 1157/1603/6495
f 1160/1606/6496 1161/1607/6497 1159/1605/6498
f 1162/1608/6499 1163/1609/6500 1161/1607/6501
f 1164/1610/6502 1135/1581/6503 1163/1609/6504
f 1138/1612/6505 1168/1677/6506 1170/1678/6507
f 1140/1613/6508 1170/1678/6509 1172/1679/6510
f 1144/1615/6511 1174/1709/6512 1176/1681/6513
f 1148/1617/6514 1178/1682/6515 1180/1683/6516
f 1150/1618/6517 1148/1617/6518 1182/1684/6519
f 1154/1620/6520 1184/1685/6521 1186/1686/6522
f 1163/1627/6523 1167/1708/6524 1195/1693/6525
f 1151/1633/6526 1153/1632/6527 1183/1699/6528
f 1141/1638/6529 1143/1637/6530 1173/1704/6531
f 1165/1645/6532 1167/1647/6533 1166/1646/6534
f 1168/1648/6535 1166/1646/6536 1169/1649/6537
f 1170/1650/6538 1169/1649/6539 1171/1651/6540
f 1172/1652/6541 1171/1651/6542 1173/1653/6543
f 1174/1654/6544 1173/1653/6545 1175/1655/6546
f 1176/1656/6547 1175/1655/6548 1177/1657/6549
f 1178/1658/6550 1177/1657/6551 1179/1659/6552
f 1180/1660/6553 1179/1659/6554 1181/1661/6555
f 1182/1662/6556 1181/1661/6557 1183/1663/6558
f 1184/1664/6559 1183/1663/6560 1185/1665/6561
f 1186/1666/6562 1185/1665/6563 1187/1667/6564
f 1188/1668/6565 1187/1667/6566 1189/1669/6567
f 1190/1670/6568 1189/1669/6569 1191/1671/6570
f 1192/1672/6571 1191/1671/6572 1193/1673/6573
f 1194/1674/6574 1193/1673/6575 1195/1675/6576
f 1196/1676/6577 1195/1675/6578 1167/1647/6579
f 1168/1677/6580 1136/1611/6581 1165/1692/6582
f 1174/1680/6583 1140/1613/6584 1172/1679/6585
f 1178/1682/6586 1144/1615/6587 1176/1681/6588
f 1184/1685/6589 1150/1618/6590 1182/1684/6591
f 1188/1687/6592 1154/1620/6593 1186/1686/6594
f 1190/1688/6595 1158/1622/6596 1188/1687/6597
f 1192/1689/6598 1160/1623/6599 1190/1688/6600
f 1194/1690/6601 1162/1624/6602 1192/1689/6603
f 1196/1691/6604 1164/1625/6605 1194/1690/6606
f 1165/1692/6607 1133/1626/6608 1196/1691/6609
f 1193/1694/6610 1163/1627/6611 1195/1693/6612
f 1191/1695/6613 1161/1628/6614 1193/1694/6615
f 1189/1696/6616 1159/1629/6617 1191/1695/6618
f 1187/1697/6619 1157/1644/6620 1189/1710/6621
f 1185/1698/6622 1155/1631/6623 1187/1697/6624
f 1181/1700/6625 1149/1634/6626 1183/1699/6627
f 1179/1701/6628 1149/1634/6629 1181/1700/6630
f 1177/1702/6631 1147/1635/6632 1179/1701/6633
f 1175/1703/6634 1145/1636/6635 1177/1702/6636
f 1171/1705/6637 1139/1639/6638 1173/1704/6639
f 1169/1706/6640 1139/1639/6641 1171/1705/6642
f 1166/1707/6643 1137/1640/6644 1169/1706/6645
f 1167/1708/6646 1134/1641/6647 1166/1707/6648
f 1133/1579/6649 1136/1582/6650 1134/1580/6651
f 1136/1582/6652 1138/1584/6653 1137/1583/6654
f 1138/1584/6655 1140/1586/6656 1139/1585/6657
f 1140/1586/6658 1142/1588/6659 1141/1587/6660
f 1142/1588/6661 1144/1590/6662 1143/1589/6663
f 1144/1590/6664 1146/1592/6665 1145/1591/6666
f 1146/1592/6667 1148/1594/6668 1147/1593/6669
f 1148/1594/6670 1150/1596/6671 1149/1595/6672
f 1150/1596/6673 1152/1598/6674 1151/1597/6675
f 1152/1598/6676 1154/1600/6677 1153/1599/6678
f 1154/1600/6679 1156/1602/6680 1155/1601/6681
f 1156/1602/6682 1158/1604/6683 1157/1603/6684
f 1158/1604/6685 1160/1606/6686 1159/1605/6687
f 1160/1606/6688 1162/1608/6689 1161/1607/6690
f 1162/1608/6691 1164/1610/6692 1163/1609/6693
f 1164/1610/6694 1133/1579/6695 1135/1581/6696
f 1138/1612/6697 1136/1611/6698 1168/1677/6699
f 1140/1613/6700 1138/1612/6701 1170/1678/6702
f 1144/1615/6703 1142/1643/6704 1174/1709/6705
f 1148/1617/6706 1146/1616/6707 1178/1682/6708
f 1148/1617/6709 1180/1683/6710 1182/1684/6711
f 1154/1620/6712 1152/1619/6713 1184/1685/6714
f 1163/1627/6715 1135/1642/6716 1167/1708/6717
f 1153/1632/6718 1185/1698/6719 1183/1699/6720
f 1143/1637/6721 1175/1703/6722 1173/1704/6723
f 1166/1646/6724 1168/1648/6725 1165/1645/6726
f 1169/1649/6727 1170/1650/6728 1168/1648/6729
f 1171/1651/6730 1172/1652/6731 1170/1650/6732
f 1173/1653/6733 1174/1654/6734 1172/1652/6735
f 1175/1655/6736 1176/1656/6737 1174/1654/6738
f 1177/1657/6739 1178/1658/6740 1176/1656/6741
f 1179/1659/6742 1180/1660/6743 1178/1658/6744
f 1181/1661/6745 1182/1662/6746 1180/1660/6747
f 1183/1663/6748 1184/1664/6749 1182/1662/6750
f 1185/1665/6751 1186/1666/6752 1184/1664/6753
f 1187/1667/6754 1188/1668/6755 1186/1666/6756
f 1189/1669/6757 1190/1670/6758 1188/1668/6759
f 1191/1671/6760 1192/1672/6761 1190/1670/6762
f 1193/1673/6763 1194/1674/6764 1192/1672/6765
f 1195/1675/6766 1196/1676/6767 1194/1674/6768
f 1167/1647/6769 1165/1645/6770 1196/1676/6771
f 1136/1611/6772 1133/1626/6773 1165/1692/6774
f 1174/1680/6775 1142/1614/6776 1140/1613/6777
f 1178/1682/6778 1146/1616/6779 1144/1615/6780
f 1184/1685/6781 1152/1619/6782 1150/1618/6783
f 1188/1687/6784 1156/1621/6785 1154/1620/6786
f 1158/1622/6787 1156/1621/6788 1188/1687/6789
f 1160/1623/6790 1158/1622/6791 1190/1688/6792
f 1162/1624/6793 1160/1623/6794 1192/1689/6795
f 1164/1625/6796 1162/1624/6797 1194/1690/6798
f 1133/1626/6799 1164/1625/6800 1196/1691/6801
f 1193/1694/6802 1161/1628/6803 1163/1627/6804
f 1191/1695/6805 1159/1629/6806 1161/1628/6807
f 1189/1696/6808 1157/1630/6809 1159/1629/6810
f 1187/1697/6811 1155/1631/6812 1157/1644/6813
f 1185/1698/6814 1153/1632/6815 1155/1631/6816
f 1149/1634/6817 1151/1633/6818 1183/1699/6819
f 1179/1701/6820 1147/1635/6821 1149/1634/6822
f 1177/1702/6823 1145/1636/6824 1147/1635/6825
f 1175/1703/6826 1143/1637/6827 1145/1636/6828
f 1139/1639/6829 1141/1638/6830 1173/1704/6831
f 1169/1706/6832 1137/1640/6833 1139/1639/6834
f 1166/1707/6835 1134/1641/6836 1137/1640/6837
f 1167/1708/6838 1135/1642/6839 1134/1641/6840
f 1197/1711/6841 1219/1735/6842 1218/1734/6843
f 1200/1714/6844 1221/1737/6845 1220/1736/6846
f 1202/1716/6847 1203/1717/6848 1222/1738/6849
f 1205/1719/6850 1206/1720/6851 1223/1739/6852
f 1208/1724/6853 1209/1725/6854 1224/1740/6855
f 1211/1727/6856 1212/1728/6857 1225/1741/6858
f 1214/1730/6859 1226/1742/6860 1228/1744/6861
f 1216/1732/6862 1198/1712/6863 1227/1743/6864
f 1199/1713/6865 1220/1736/6866 1219/1735/6867
f 1201/1715/6868 1222/1738/6869 1221/1737/6870
f 1204/1718/6871 1223/1739/6872 1203/1717/6873
f 1207/1722/6874 1224/1740/6875 1206/1721/6876
f 1210/1726/6877 1225/1741/6878 1209/1725/6879
f 1213/1729/6880 1228/1744/6881 1212/1728/6882
f 1215/1731/6883 1227/1743/6884 1226/1742/6885
f 1217/1733/6886 1218/1734/6887 1198/1712/6888
f 1197/1711/6889 1199/1713/6890 1219/1735/6891
f 1200/1714/6892 1201/1715/6893 1221/1737/6894
f 1202/1716/6895 1204/1718/6896 1203/1717/6897
f 1205/1719/6898 1207/1723/6899 1206/1720/6900
f 1208/1724/6901 1210/1726/6902 1209/1725/6903
f 1211/1727/6904 1213/1729/6905 1212/1728/6906
f 1214/1730/6907 1215/1731/6908 1226/1742/6909
f 1216/1732/6910 1217/1733/6911 1198/1712/6912
f 1199/1713/6913 1200/1714/6914 1220/1736/6915
f 1201/1715/6916 1202/1716/6917 1222/1738/6918
f 1204/1718/6919 1205/1719/6920 1223/1739/6921
f 1207/1722/6922 1208/1724/6923 1224/1740/6924
f 1210/1726/6925 1211/1727/6926 1225/1741/6927
f 1213/1729/6928 1214/1730/6929 1228/1744/6930
f 1215/1731/6931 1216/1732/6932 1227/1743/6933
f 1217/1733/6934 1197/1711/6935 1218/1734/6936
f 1270/1753/6937 1238/1754/6938 1232/1755/6939
f 1232/1755/6940 1321/1749/6941 1270/1753/6942
f 1273/1758/6943 1235/1759/6944 1261/1760/6945
f 1261/1760/6946 1271/1761/6947 1273/1758/6948
f 1235/1762/6949 1236/1763/6950 1240/1764/6951
f 1240/1764/6952 1261/1765/6953 1235/1762/6954
f 1252/1766/6955 1238/1767/6956 1237/1768/6957
f 1237/1768/6958 1263/1771/6959 1252/1766/6960
f 1268/1769/6961 1237/1770/6962 1238/1754/6963
f 1238/1754/6964 1270/1753/6965 1268/1769/6966
f 1269/1772/6967 1240/1764/6968 1237/1770/6969
f 1237/1770/6970 1262/1773/6971 1269/1772/6972
f 1238/1774/6973 1252/1775/6974 1250/1776/6975
f 1250/1776/6976 1232/1777/6977 1238/1774/6978
f 1257/1833/6979 1321/1934/6980 1233/1778/6981
f 1233/1778/6982 1255/1779/6983 1257/1833/6984
f 1235/1780/6985 1273/1781/6986 1248/1782/6987
f 1248/1782/6988 1247/1783/6989 1235/1780/6990
f 1250/1786/6991 1265/1787/6992 1249/1788/6993
f 1246/1789/6994 1235/1780/6995 1247/1783/6996
f 1229/1790/6997 1246/1791/6998 1247/1792/6999
f 1247/1792/7000 1253/1793/7001 1229/1790/7002
f 1254/1794/7003 1253/1793/7004 1247/1792/7005
f 1247/1792/7006 1248/1795/7007 1254/1794/7008
f 1243/1796/7009 1229/1790/7010 1263/1797/7011
f 1263/1797/7012 1229/1790/7013 1252/1798/7014
f 1258/1751/7015 1322/1799/7016 1312/1800/7017
f 1258/1751/7018 1312/1800/7019 1274/1752/7020
f 1251/1803/7021 1322/1804/7022 1257/1802/7023
f 1257/1802/7024 1256/1801/7025 1251/1803/7026
f 1252/1775/7027 1289/1805/7028 1295/1806/7029
f 1295/1806/7030 1250/1776/7031 1252/1775/7032
f 1249/1757/7033 1234/1756/7034 1232/1807/7035
f 1232/1807/7036 1250/1808/7037 1249/1757/7038
f 1249/1757/7039 1244/1809/7040 1241/1810/7041
f 1241/1810/7042 1234/1756/7043 1249/1757/7044
f 1313/1811/7045 1312/1812/7046 1322/1813/7047
f 1322/1813/7048 1251/1814/7049 1313/1811/7050
f 1240/1815/7051 1236/1816/7052 1242/1817/7053
f 1242/1817/7054 1243/1818/7055 1240/1815/7056
f 1265/1819/7057 1259/1820/7058 1266/1821/7059
f 1254/1822/7060 1229/1823/7061 1253/1824/7062
f 1236/1816/7063 1235/1780/7064 1246/1789/7065
f 1246/1789/7066 1242/1817/7067 1236/1816/7068
f 1246/1791/7069 1229/1790/7070 1243/1796/7071
f 1243/1796/7072 1242/1825/7073 1246/1791/7074
f 1260/1826/7075 1233/1827/7076 1267/1828/7077
f 1256/1785/7078 1245/1829/7079 1260/1830/7080
f 1260/1830/7081 1259/1784/7082 1256/1785/7083
f 1245/1831/7084 1256/1801/7085 1257/1802/7086
f 1257/1802/7087 1255/1832/7088 1245/1831/7089
f 1259/1784/7090 1251/1834/7091 1256/1785/7092
f 1266/1835/7093 1259/1784/7094 1260/1830/7095
f 1260/1830/7096 1267/1836/7097 1266/1835/7098
f 1245/1831/7099 1255/1832/7100 1233/1827/7101
f 1233/1827/7102 1260/1826/7103 1245/1831/7104
f 1294/1837/7105 1300/1838/7106 1272/1839/7107
f 1272/1839/7108 1230/1840/7109 1294/1837/7110
f 1243/1818/7111 1263/1771/7112 1237/1768/7113
f 1237/1768/7114 1240/1815/7115 1243/1818/7116
f 1237/1770/7117 1268/1769/7118 1262/1773/7119
f 1249/1788/7120 1265/1787/7121 1264/1841/7122
f 1264/1841/7123 1244/1842/7124 1249/1788/7125
f 1265/1787/7126 1266/1835/7127 1267/1836/7128
f 1267/1836/7129 1264/1841/7130 1265/1787/7131
f 1267/1828/7132 1233/1827/7133 1264/1843/7134
f 1264/1843/7135 1233/1827/7136 1241/1810/7137
f 1241/1810/7138 1244/1809/7139 1264/1843/7140
f 1231/1844/7141 1271/1761/7142 1261/1760/7143
f 1261/1760/7144 1269/1845/7145 1231/1844/7146
f 1239/1748/7147 1230/1840/7148 1268/1745/7149
f 1268/1745/7150 1270/1753/7151 1239/1748/7152
f 1230/1840/7153 1272/1839/7154 1262/1846/7155
f 1262/1846/7156 1268/1745/7157 1230/1840/7158
f 1270/1753/7159 1321/1749/7160 1258/1751/7161
f 1258/1751/7162 1239/1748/7163 1270/1753/7164
f 1272/1839/7165 1231/1844/7166 1269/1845/7167
f 1269/1845/7168 1262/1846/7169 1272/1839/7170
f 1248/1782/7171 1273/1781/7172 1283/1847/7173
f 1283/1847/7174 1303/1848/7175 1248/1782/7176
f 1283/1849/7177 1273/1758/7178 1271/1761/7179
f 1271/1761/7180 1284/1850/7181 1283/1849/7182
f 1277/1750/7183 1278/1851/7184 1276/1852/7185
f 1278/1851/7186 1279/1853/7187 1276/1852/7188
f 1283/1849/7189 1284/1850/7190 1285/1857/7191
f 1285/1857/7192 1282/1858/7193 1283/1849/7194
f 1288/1859/7195 1285/1860/7196 1287/1861/7197
f 1289/1862/7198 1290/1863/7199 1292/1866/7200
f 1292/1866/7201 1279/1864/7202 1289/1862/7203
f 1277/1750/7204 1280/1854/7205 1278/1851/7206
f 1291/1865/7207 1276/1852/7208 1279/1853/7209
f 1279/1853/7210 1292/1868/7211 1291/1865/7212
f 1287/1861/7213 1293/1867/7214 1292/1868/7215
f 1292/1868/7216 1288/1859/7217 1287/1861/7218
f 1294/1837/7219 1230/1840/7220 1239/1748/7221
f 1239/1748/7222 1275/1747/7223 1294/1837/7224
f 1279/1869/7225 1278/1870/7226 1295/1806/7227
f 1295/1806/7228 1289/1805/7229 1279/1869/7230
f 1277/1750/7231 1297/1871/7232 1280/1854/7233
f 1298/1872/7234 1299/1873/7235 1296/1874/7236
f 1296/1874/7237 1277/1933/7238 1298/1872/7239
f 1301/1875/7240 1231/1844/7241 1272/1839/7242
f 1272/1839/7243 1300/1838/7244 1301/1875/7245
f 1282/1876/7246 1302/1877/7247 1303/1848/7248
f 1303/1848/7249 1283/1847/7250 1282/1876/7251
f 1295/1880/7252 1281/1918/7253 1306/1881/7254
f 1307/1882/7255 1302/1877/7256 1282/1876/7257
f 1308/1883/7258 1309/1884/7259 1302/1885/7260
f 1302/1885/7261 1307/1886/7262 1308/1883/7263
f 1310/1887/7264 1303/1888/7265 1302/1885/7266
f 1302/1885/7267 1309/1884/7268 1310/1887/7269
f 1311/1889/7270 1290/1891/7271 1308/1883/7272
f 1308/1890/7273 1289/1805/7274 1252/1775/7275
f 1252/1775/7276 1229/1823/7277 1308/1890/7278
f 1290/1891/7279 1289/1892/7280 1308/1883/7281
f 1313/1895/7282 1304/1893/7283 1298/1894/7284
f 1298/1894/7285 1312/1896/7286 1313/1895/7287
f 1303/1888/7288 1310/1887/7289 1254/1794/7290
f 1254/1794/7291 1248/1795/7292 1303/1888/7293
f 1281/1856/7294 1295/1897/7295 1278/1898/7296
f 1278/1898/7297 1280/1855/7298 1281/1856/7299
f 1281/1856/7300 1280/1855/7301 1297/1899/7302
f 1297/1899/7303 1314/1900/7304 1281/1856/7305
f 1288/1901/7306 1311/1902/7307 1315/1903/7308
f 1315/1903/7309 1286/1904/7310 1288/1901/7311
f 1313/1811/7312 1295/1806/7313 1306/1905/7314
f 1306/1905/7315 1305/1906/7316 1313/1811/7317
f 1310/1907/7318 1309/1908/7319 1308/1890/7320
f 1286/1904/7321 1315/1903/7322 1307/1882/7323
f 1307/1882/7324 1282/1876/7325 1286/1904/7326
f 1307/1886/7327 1315/1909/7328 1311/1889/7329
f 1311/1889/7330 1308/1883/7331 1307/1886/7332
f 1317/1910/7333 1320/1922/7334 1296/1911/7335
f 1304/1878/7336 1305/1879/7337 1317/1912/7338
f 1317/1912/7339 1318/1913/7340 1304/1878/7341
f 1318/1914/7342 1299/1915/7343 1298/1894/7344
f 1298/1894/7345 1304/1893/7346 1318/1914/7347
f 1305/1879/7348 1304/1878/7349 1313/1916/7350
f 1316/1917/7351 1320/1921/7352 1317/1912/7353
f 1317/1912/7354 1305/1879/7355 1316/1917/7356
f 1318/1914/7357 1317/1910/7358 1296/1911/7359
f 1296/1911/7360 1299/1915/7361 1318/1914/7362
f 1295/1806/7363 1313/1811/7364 1251/1814/7365
f 1251/1814/7366 1250/1776/7367 1295/1806/7368
f 1284/1850/7369 1271/1761/7370 1231/1844/7371
f 1231/1844/7372 1301/1875/7373 1284/1850/7374
f 1311/1902/7375 1288/1901/7376 1292/1866/7377
f 1292/1866/7378 1290/1863/7379 1311/1902/7380
f 1293/1867/7381 1291/1865/7382 1292/1868/7383
f 1281/1918/7384 1314/1919/7385 1319/1920/7386
f 1319/1920/7387 1306/1881/7388 1281/1918/7389
f 1306/1881/7390 1319/1920/7391 1320/1921/7392
f 1320/1921/7393 1316/1917/7394 1306/1881/7395
f 1320/1922/7396 1319/1923/7397 1296/1911/7398
f 1319/1923/7399 1314/1900/7400 1297/1899/7401
f 1297/1899/7402 1296/1911/7403 1319/1923/7404
f 1301/1875/7405 1287/1924/7406 1285/1857/7407
f 1285/1857/7408 1284/1850/7409 1301/1875/7410
f 1275/1747/7411 1276/1852/7412 1291/1746/7413
f 1291/1746/7414 1294/1837/7415 1275/1747/7416
f 1294/1837/7417 1291/1746/7418 1293/1925/7419
f 1293/1925/7420 1300/1838/7421 1294/1837/7422
f 1274/1752/7423 1277/1750/7424 1276/1852/7425
f 1274/1752/7426 1276/1852/7427 1275/1747/7428
f 1300/1838/7429 1293/1925/7430 1287/1924/7431
f 1287/1924/7432 1301/1875/7433 1300/1838/7434
f 1312/1800/7435 1298/1872/7436 1277/1933/7437
f 1277/1933/7438 1274/1752/7439 1312/1800/7440
f 1261/1765/7441 1240/1764/7442 1269/1772/7443
f 1282/1926/7444 1285/1860/7445 1288/1859/7446
f 1288/1859/7447 1286/1927/7448 1282/1926/7449
f 1297/1871/7450 1277/1750/7451 1296/1928/7452
f 1308/1890/7453 1229/1823/7454 1254/1822/7455
f 1254/1822/7456 1310/1907/7457 1308/1890/7458
f 1251/1814/7459 1259/1820/7460 1265/1819/7461
f 1265/1819/7462 1250/1776/7463 1251/1814/7464
f 1316/1929/7465 1305/1906/7466 1306/1905/7467
f 1321/1934/7468 1322/1799/7469 1258/1751/7470
f 1321/1934/7471 1257/1833/7472 1322/1799/7473
f 1234/1930/7474 1241/1931/7475 1233/1932/7476
f 1233/1932/7477 1321/1749/7478 1234/1930/7479
f 1232/1755/7480 1234/1930/7481 1321/1749/7482
f 1239/1748/7483 1258/1751/7484 1274/1752/7485
f 1274/1752/7486 1275/1747/7487 1239/1748/7488
