# This file uses feet as units for non-parametric coordinates.

g default
v 25.072670 56.244923 30.322269
v 28.301846 56.072998 31.014610
v 28.516151 56.183887 23.742931
v 25.300900 56.893608 23.820518
v 28.590992 56.494637 16.663422
v 25.313885 57.246536 16.808220
v 28.718910 56.695927 9.314861
v 25.409779 57.454437 9.459610
v 28.193409 56.919708 0.759977
v 24.790302 57.544113 1.278408
v 26.442350 56.924156 -4.760952
v 23.451321 57.518974 -3.545397
v 23.364077 56.880348 -10.408672
v 20.971678 57.462368 -8.734982
v 18.439877 56.958000 -15.588850
v 16.561769 57.469490 -13.344254
v 12.642384 57.123184 -19.076746
v 11.432240 57.502640 -16.358007
v 6.345778 57.021873 -21.673573
v 5.865005 57.442715 -18.675753
v 0.000790 56.923172 -22.437334
v 0.001865 57.464325 -19.002613
v 11.610058 57.894058 24.312439
v 11.086071 56.178741 30.516800
v 24.672520 55.075661 32.002655
v 10.999439 55.045639 31.944344
v 24.352467 52.836510 32.554420
v 10.744347 52.887154 32.769917
v 24.427563 50.901672 32.323891
v 10.797474 50.825886 32.485466
v 24.419960 49.448002 31.231594
v 10.935276 49.347702 31.109230
v 28.288857 54.832958 32.469898
v 28.482044 52.589012 32.806564
v 28.579384 51.133671 32.548901
v 28.583763 49.361919 31.315891
v 28.107376 48.897472 24.739468
v 11.696018 58.990479 17.289961
v 12.057774 59.454720 10.148500
v 11.799526 59.508064 3.012231
v 11.791196 59.392281 0.509246
v 11.015636 59.257591 -2.271338
v 9.159931 59.192017 -4.499395
v 7.280538 59.207489 -5.476346
v 5.071987 59.267097 -5.962769
v 0.001362 59.365181 -6.427669
v 4.831600 59.881622 2.689554
v 0.001575 60.026566 2.223347
v 5.013363 59.833488 9.784388
v 0.002003 59.873360 9.314446
v 4.496334 59.359001 17.372923
v 0.002236 59.407513 16.904005
v 4.473022 58.313774 24.236334
v 0.002393 58.444519 23.786364
v 4.552383 56.478966 30.624050
v 0.002155 56.626385 30.439936
v 4.679508 55.270676 32.033371
v 4.580902 53.122044 32.768299
v 4.461056 50.883461 32.490768
v 4.351318 49.407391 30.924252
v 0.000551 55.347168 32.054447
v 0.006407 53.186783 32.802971
v 0.000439 50.992741 32.525932
v 0.001755 49.405556 30.916372
v 27.850517 49.620235 -0.234510
v 5.018866 49.930660 -22.458759
v 15.236916 49.945171 -18.517557
v 21.045658 50.080956 -13.860525
v 24.975033 49.694046 -7.805670
v 0.002544 49.785057 -22.788214
v 30.080719 53.606152 30.608707
v 29.766079 53.866516 23.928146
v 29.787449 54.004524 16.730629
v 30.003895 54.060265 9.209251
v 29.231020 54.384964 0.577385
v 27.427254 54.477276 -5.254847
v 24.231661 54.454979 -11.074268
v 19.160460 54.480419 -16.576286
v 13.299122 54.632156 -20.499060
v 6.606199 54.572540 -22.980785
v -0.001953 54.687080 -23.777668
v 29.880054 51.403511 24.023323
v 30.571110 51.513779 30.512955
v 28.880356 51.942448 -0.635145
v 5.520723 52.055840 -23.226227
v 15.719778 52.021515 -19.180428
v 21.396357 52.150990 -14.548794
v 25.922150 52.085339 -8.241526
v -0.002308 51.609764 -23.668743
v 30.202877 53.535759 31.123222
v 30.305202 52.712570 31.397667
v 30.458683 52.063393 31.085320
v 7.057495 56.041805 -22.047518
v 13.431694 56.154430 -19.483927
v 19.140486 55.779778 -15.782440
v 23.970995 55.660297 -10.446156
v 26.916075 55.733757 -4.755070
v 28.689072 56.341228 0.790119
v 29.290840 56.011951 9.193462
v 29.122540 55.768753 16.424629
v 29.057796 55.485794 23.379089
v 29.322639 55.510212 31.048847
v 29.480522 54.466831 32.203388
v 29.410023 52.590286 32.493935
v 29.545101 51.190712 32.247780
v 29.894821 49.283405 30.900539
v 28.917850 49.122093 23.809776
v 28.251791 50.205402 -0.525578
v 25.573524 50.199841 -7.842005
v 21.218102 50.326023 -14.014421
v 15.522606 50.291714 -18.687677
v 5.542606 50.294315 -22.705111
v -25.068718 56.056042 30.248350
v -28.238262 55.709686 30.817511
v -28.463081 56.132885 23.739134
v -25.291483 56.761894 23.809784
v -28.609133 56.518112 16.668617
v -25.292765 57.114693 16.806412
v -28.694893 56.660229 9.319456
v -25.376583 57.259239 9.457769
v -28.006813 56.788799 0.790108
v -24.764324 57.343941 1.287825
v -26.364971 56.796494 -4.730452
v -23.419235 57.303471 -3.534204
v -23.313641 56.790031 -10.365364
v -20.946747 57.291512 -8.721094
v -18.405933 56.882034 -15.553223
v -16.544983 57.349480 -13.330738
v -12.631866 57.100727 -19.070587
v -11.422138 57.421181 -16.346565
v -6.336597 56.963860 -21.639647
v -5.859554 57.399841 -18.669249
v -11.591108 57.673016 24.270844
v -11.081781 56.160423 30.508862
v -10.993103 55.025848 31.908476
v -24.636845 54.876045 31.541883
v -10.729641 52.878510 32.689926
v -24.298958 52.719860 32.251747
v -10.791142 50.828331 32.490410
v -24.418974 50.883827 32.368122
v -10.934898 49.420502 31.072168
v -24.416513 49.389511 31.267727
v -28.417868 54.577908 31.771675
v -28.461460 52.497391 32.315369
v -28.546803 51.168518 32.284119
v -28.545420 49.511238 31.295536
v -28.044647 49.077568 24.739965
v -11.659030 58.629845 17.253075
v -12.021084 59.154320 10.133612
v -11.772751 59.318802 3.014856
v -11.768978 59.245132 0.515042
v -11.000584 59.168343 -2.264753
v -9.153732 59.177361 -4.497832
v -7.279049 59.243294 -5.480192
v -5.071507 59.332512 -5.970348
v -4.830784 59.948051 2.688302
v -5.005135 59.740253 9.779502
v -4.484019 59.215805 17.358398
v -4.460906 58.193855 24.209757
v -4.546444 56.432777 30.604891
v -4.672949 55.252506 32.012253
v -4.579920 53.124844 32.801979
v -4.457672 50.890999 32.482384
v -4.347462 49.392303 30.931231
v 0.649361 48.997730 24.976501
v 0.742126 48.431870 -0.459759
v -28.139313 49.832966 -0.185835
v -5.017200 49.940487 -22.443178
v -15.244579 49.934395 -18.535416
v 1.082439 48.504189 -10.198654
v -25.047825 49.560432 -7.844185
v -21.086435 50.054115 -13.897745
v -29.079563 55.481979 23.376875
v -28.996178 55.237854 30.887163
v -29.605316 53.818077 30.726164
v -29.876488 53.886848 23.932371
v -29.325630 55.866268 16.429890
v -30.067520 54.053879 16.737217
v -29.416267 56.058666 9.198805
v -30.126322 54.081871 9.212898
v -28.778681 56.362640 0.767262
v -29.381399 54.401222 0.540188
v -26.998955 56.622234 -4.780146
v -27.566732 54.481857 -5.310530
v -23.966520 55.632652 -10.447744
v -24.218277 54.455051 -11.065456
v -19.113560 55.743980 -15.750969
v -19.160999 54.485291 -16.573395
v -13.412926 56.132442 -19.460453
v -13.289738 54.618393 -20.477730
v -7.052647 56.023060 -22.027372
v -6.608421 54.576439 -22.981503
v -29.470249 49.620148 30.835253
v -28.870544 49.210358 23.804760
v -29.872726 51.412140 24.016703
v -29.791147 51.526169 30.579971
v -28.477524 50.145061 -0.432394
v -29.175146 51.991905 -0.583139
v -15.528461 50.260582 -18.705032
v -5.538483 50.259193 -22.713686
v -5.519440 52.053314 -23.214947
v -15.717571 52.021454 -19.171822
v -21.205809 50.293755 -14.003439
v -21.385185 52.151211 -14.535664
v -25.514105 50.182838 -7.814405
v -25.914989 52.087120 -8.235611
v -29.028799 54.182732 31.743412
v -29.568752 53.429054 31.253328
v -29.096832 52.481178 32.115211
v -29.621239 52.658199 31.549677
v -29.241020 51.226585 32.016319
v -29.723740 52.069920 31.331118
v -0.000191 56.124504 -23.198267
v 0.000412 50.375050 -23.175545
v -26.451403 49.141548 -0.198568
v -26.284342 48.946617 24.807240
v -26.502968 49.428814 31.226633
v -26.504128 50.955181 32.270554
v -26.408384 52.542351 32.213352
v -26.556858 54.674446 31.563543
v -26.678183 55.914562 30.579300
v -26.934431 56.659187 23.807388
v -26.989922 56.934704 16.741249
v -27.066708 57.006615 9.392485
v -26.420471 57.134861 1.032597
v -24.915882 57.065887 -4.142704
v -22.152096 57.061890 -9.559893
v -17.489620 57.111984 -14.460424
v -12.030785 57.178265 -17.718647
v -6.102295 57.156586 -20.174221
v 0.002316 57.156273 -20.738255
v 6.108807 57.186378 -20.190748
v 12.042759 57.245438 -17.727991
v 17.514408 57.205986 -14.483774
v 22.190685 57.200157 -9.589079
v 24.968346 57.226669 -4.162680
v 26.511333 57.213554 1.016209
v 27.098755 57.130924 9.392658
v 26.998920 56.989578 16.753639
v 26.967476 56.750538 23.790409
v 26.711781 56.163971 30.696739
v 26.506092 54.925606 32.222717
v 26.444187 52.663383 32.651787
v 26.528599 50.943329 32.421715
v 26.522102 49.456142 31.191387
v 26.328297 48.873306 24.810410
v 26.293810 49.172798 -0.218941
v -0.000198 49.728584 -29.814474
v -0.349785 49.518799 -23.547247
v 35.230652 49.670544 4.055408
v 34.408993 49.673721 -2.134506
v 28.450769 49.730019 -1.634758
v 29.060719 49.782524 4.074974
v 32.467323 49.737888 -8.718117
v 26.773584 49.794853 -6.358364
v 29.240177 49.695313 -14.175203
v 24.070742 49.744240 -11.335133
v 24.882847 49.745819 -19.483927
v 20.551844 49.803810 -15.171993
v 19.565884 49.720245 -23.882483
v 16.124691 49.782814 -18.760084
v 13.460743 49.732018 -27.169142
v 11.109282 49.785561 -21.451118
v 6.890007 49.665718 -29.096216
v 5.667368 49.822685 -23.013214
v 29.242409 49.772930 16.381763
v 35.309368 49.613449 16.338219
v 36.954449 66.081657 33.098083
v 30.621479 64.875732 33.598564
v 29.878368 49.561096 31.082130
v 29.808624 50.874706 31.888988
v 35.602673 50.971626 31.457001
v 35.250298 49.488445 30.393589
v -0.037106 72.869392 -32.072762
v 7.084301 72.788414 -31.265665
v 13.851078 72.303925 -29.211683
v 20.237896 71.706398 -25.833429
v 25.800150 70.954575 -21.379486
v 30.456560 69.918785 -16.115841
v 33.892651 68.712082 -10.396315
v 35.881573 66.783478 -3.558670
v 36.521442 64.773880 3.317688
v 36.828793 61.894745 17.183487
v 30.318275 58.255245 33.398930
v 36.029144 58.317142 33.004688
v -0.002766 71.885445 -24.902800
v 5.657009 71.801025 -24.383238
v 11.062319 71.434654 -22.678772
v 16.137424 70.958878 -19.849966
v 20.518696 70.196564 -16.153337
v 23.879841 69.290581 -12.043554
v 26.439396 68.285278 -7.353455
v 28.126713 66.573662 -2.356760
v 29.096561 64.873672 3.389854
v 29.263630 61.997765 17.179642
v 30.507439 61.248394 33.699589
v 36.499340 62.362930 33.292313
v 35.724628 54.642654 32.543068
v 30.022209 54.214207 32.769611
v 0.000305 51.831280 -23.339676
v 5.607975 51.826591 -22.757715
v 10.959816 51.795635 -21.194887
v 15.914507 51.769825 -18.512981
v 20.304276 51.720829 -14.976881
v 23.697735 51.655670 -11.141684
v 26.408442 51.592422 -6.271999
v 28.135218 51.458496 -1.640259
v 28.780203 51.320084 4.033524
v 28.993855 51.096970 16.403778
v 35.979916 52.231140 16.637978
v 29.788845 68.443932 17.648315
v 29.762234 72.782715 2.966560
v 29.054340 75.380371 -3.072718
v 27.508150 77.962181 -8.410099
v 24.802586 79.512039 -13.145628
v 21.134876 80.953476 -17.363943
v 16.535547 82.157265 -21.039986
v 11.249264 82.769531 -23.870623
v 5.742542 83.333580 -25.613314
v 0.002644 83.458771 -26.124849
v -0.020000 92.980194 -34.169151
v 7.295551 92.821510 -33.371170
v 14.261242 91.900909 -31.213037
v 20.937504 90.776382 -27.720846
v 26.752232 89.358986 -23.217474
v 31.693605 87.408829 -17.965012
v 35.424240 85.111824 -12.019920
v 37.459881 81.480103 -4.878510
v 37.964039 77.700043 2.646904
v 38.130665 72.312889 17.926888
v 37.138836 68.817108 32.316391
v 30.639210 67.455536 32.713509
v 29.989902 70.548935 17.876930
v 30.226721 76.556770 2.762123
v 29.828510 79.934654 -3.498220
v 28.223972 82.987991 -9.095358
v 25.359310 85.563309 -13.880770
v 21.363558 87.394485 -17.986973
v 16.678623 88.877487 -21.624449
v 11.323269 89.795937 -24.489019
v 5.784550 90.498413 -26.288576
v 0.006115 90.635307 -26.839109
v 32.015133 49.374397 31.264397
v 32.088398 50.732925 32.431053
v 32.301052 54.159569 33.274307
v 32.562702 58.169830 33.885040
v 32.765575 61.475624 34.169151
v 32.970318 65.100990 34.114944
v 33.203754 68.229721 33.396301
v 33.474483 71.009979 31.591293
v 33.641293 72.188393 29.142250
v 33.996861 74.825958 18.334610
v 33.910545 80.342186 3.020798
v 33.675686 83.774483 -3.958170
v 30.405481 86.625664 -9.706654
v 27.506052 89.261635 -15.001865
v 23.411608 91.270767 -19.566479
v 18.126642 92.776863 -23.545464
v 12.078037 93.739227 -26.470774
v 6.330944 94.363602 -28.216364
v 0.117397 94.836731 -29.287767
v 29.336281 61.934780 27.723019
v 29.201260 59.542091 27.405716
v 29.037647 54.978783 26.890923
v 28.948994 51.142044 26.432037
v 29.775257 67.727661 28.380318
v 29.601192 65.623207 28.202621
v 31.830217 79.676224 3.174553
v 32.680847 79.947372 3.189896
v 31.332743 82.937431 -3.407734
v 32.472916 83.548210 -3.865417
v 29.351343 85.727188 -9.414646
v 29.836130 86.416122 -9.733158
v 26.194912 87.865677 -14.405737
v 26.762974 88.781693 -14.843191
v 22.294382 89.674911 -18.315788
v 22.921719 90.782700 -19.039442
v 17.227558 91.378899 -22.346090
v 17.579556 92.274124 -23.017569
v 11.678211 92.387726 -25.266806
v 11.867634 93.271225 -25.961092
v 5.988918 93.167755 -27.133677
v 6.093151 93.967072 -27.740725
v 0.054554 93.223770 -27.679976
v 0.218136 94.200729 -28.542147
v 31.329243 74.112930 18.001625
v 31.985310 74.441711 18.129730
v 31.400257 71.478073 28.763969
v 30.830036 71.027351 28.575241
v 31.154850 70.362396 31.053947
v 30.667728 69.859421 30.935760
v 37.191296 63.862625 28.443977
v 36.752964 59.303665 28.095642
v 36.303082 54.721733 27.990738
v 36.027828 52.017494 27.814713
v 35.632725 49.763702 27.566139
v 29.102558 49.761627 26.780640
v 37.755985 69.572052 28.854630
v -0.031742 88.439110 -33.771629
v 7.260883 88.299072 -32.960953
v 14.193180 87.475426 -30.823343
v 20.815670 86.471222 -27.352160
v 26.584232 85.201340 -22.855707
v 31.472208 83.458717 -17.596676
v 35.152252 81.417709 -11.682030
v 37.145195 78.171295 -4.586395
v 37.670101 74.779236 2.793701
v 37.824818 69.967957 17.759026
v 37.525494 67.299034 28.685616
v 36.222301 80.310616 2.969833
v 37.369373 79.860390 2.771965
v 35.967846 83.932686 -4.427608
v 36.901291 83.604202 -4.649231
v 33.998516 87.551964 -11.392649
v 34.961521 87.124702 -11.848997
v 30.383694 90.033058 -16.932463
v 31.203678 89.792404 -17.535265
v 25.280865 92.130577 -21.930151
v 26.062893 92.054306 -22.661821
v 19.905033 93.665619 -26.159723
v 20.286633 93.624847 -26.698439
v 13.443691 94.820961 -29.275702
v 13.769184 94.885391 -29.924540
v 6.944813 95.699722 -31.588583
v 7.097668 95.709869 -32.106491
v 0.035587 95.917442 -32.288704
v 0.073627 95.812996 -32.981926
v 36.511181 74.728600 18.319664
v 37.291561 74.496117 18.170876
v 35.957592 72.069199 29.160408
v 37.252605 71.443924 29.098412
v 37.344303 70.418655 30.915916
v 35.635502 71.024521 31.500175
v 0.133339 50.393105 -30.177534
v 6.997303 50.887253 -29.525579
v 13.752880 50.760818 -27.533262
v 19.887424 50.745537 -24.196020
v 25.256372 50.787949 -19.735653
v 29.620098 50.964691 -14.497217
v 32.860668 50.950737 -8.889975
v 34.910656 51.101151 -2.246071
v 35.726051 51.107922 4.183971
v 35.872471 50.722221 16.379387
v 35.864704 50.468689 27.558861
v 35.578037 50.212219 31.048645
v 32.054569 50.000175 32.030960
v 29.792725 50.286663 31.658260
v 28.948673 50.640678 26.625771
v 29.005890 50.647259 16.375347
v 28.802332 50.739548 4.066315
v 28.178997 50.793251 -1.608290
v 26.483257 50.877579 -6.263338
v 23.750216 50.896782 -11.152561
v 20.336575 50.917740 -14.977388
v 15.933043 50.933716 -18.504982
v 10.976656 50.954346 -21.176914
v 5.616362 50.964195 -22.734234
v -0.009956 50.954872 -23.302652
v -0.002857 49.287888 -28.938890
v 6.714920 49.269753 -28.206793
v 13.144238 49.287323 -26.355921
v 19.081547 49.282700 -23.168871
v 24.259678 49.304634 -18.869043
v 28.467365 49.291145 -13.708353
v 31.661573 49.295319 -8.375916
v 33.523930 49.278404 -2.011827
v 34.315502 49.277977 4.086868
v 34.318890 49.266899 16.341354
v 34.596695 49.284840 27.877796
v 30.430954 49.276142 27.000523
v 30.948307 49.245071 16.492805
v 31.051842 49.242634 4.255413
v 30.230537 49.240337 -1.638020
v 28.073526 49.284256 -6.900097
v 25.256283 49.294907 -12.026564
v 21.511875 49.308304 -16.139292
v 16.923773 49.326511 -19.951431
v 11.656490 49.307899 -22.763796
v 5.951057 49.338924 -24.403742
v -0.002113 49.290298 -25.048704
v 34.602165 49.454044 30.949039
v 34.495602 50.114410 31.853325
v 30.546883 49.262844 31.276371
v 30.409847 50.218552 32.098557
v 34.551289 50.827454 32.208855
v 34.892616 54.186665 32.978733
v 35.269154 58.176445 33.564140
v 35.592350 62.012497 33.900307
v 35.853008 65.728386 33.871208
v 36.073811 68.573723 33.162697
v 31.147205 67.635567 33.130653
v 31.307301 64.835777 33.960640
v 31.217270 61.253582 34.053890
v 31.083622 58.123436 33.768875
v 30.745346 54.181858 33.091228
v 30.397537 50.831882 32.276897
v -30.418928 49.278980 4.079418
v -29.812923 49.260948 -1.772377
v -28.073240 49.293541 -6.906828
v -25.232811 49.275890 -12.019810
v -21.501408 49.295212 -16.138603
v -16.911736 49.290497 -19.940670
v -11.645508 49.295021 -22.759136
v -5.947247 49.316319 -24.399916
v -30.414419 49.268444 27.004879
v -30.424002 49.293362 16.342224
v -35.206242 49.692009 4.060274
v -34.411037 49.664162 -2.137299
v -34.870743 51.043613 -2.381863
v -35.702156 51.031277 3.955170
v -28.189606 66.568115 -2.447815
v -29.081177 64.874008 3.390953
v -32.442448 49.746094 -8.724319
v -32.829945 50.909416 -8.925064
v -26.565365 68.251526 -7.388420
v -29.262543 49.651875 -14.205593
v -29.621456 50.955437 -14.506813
v -23.890808 69.288177 -12.040730
v -24.894388 49.699196 -19.504580
v -25.055267 50.794270 -19.933201
v -20.489101 70.199669 -16.131996
v -19.573227 49.720539 -23.905445
v -19.753227 50.719463 -24.346256
v -16.100845 70.963898 -19.810307
v -13.460167 49.737549 -27.140560
v -13.569599 50.733650 -27.561752
v -11.033714 71.439713 -22.633808
v -6.860451 49.712059 -29.078693
v -6.880531 50.812172 -29.526669
v -5.641804 71.803993 -24.352991
v -32.755325 61.477280 34.131573
v -32.964417 65.100204 34.107449
v -31.167524 64.873810 33.838505
v -30.867573 61.239944 33.888367
v -35.838303 50.579620 16.375679
v -35.274338 49.622608 16.338749
v -29.240829 61.994812 17.185556
v -33.191925 68.232285 33.397118
v -31.251926 67.700836 33.136017
v -30.132030 49.400047 31.159895
v -29.952984 50.301994 31.715216
v -29.391678 50.441273 31.225286
v -29.481050 49.616425 30.789307
v -29.970757 58.253685 33.105034
v -29.194519 59.575562 27.442209
v -29.028246 54.977913 26.890766
v -29.642574 54.327339 32.347115
v -37.292519 63.850861 28.443924
v -36.837059 59.293152 28.100159
v -36.814705 61.895550 17.182970
v -7.073841 72.788300 -31.265060
v -13.842453 72.301468 -29.209454
v -20.230068 71.706062 -25.832687
v -25.791992 70.954315 -21.378094
v -30.447071 69.919609 -16.117241
v -33.880009 68.714851 -10.396172
v -35.822865 66.791039 -3.539703
v -36.505833 64.773834 3.317886
v -30.248152 54.249241 32.895206
v -30.069311 50.946362 31.890842
v -32.079140 50.738441 32.416878
v -32.290062 54.165726 33.242756
v -36.326759 54.717613 27.994608
v -7.250584 88.298958 -32.963547
v -14.184490 87.475334 -30.824219
v -20.806026 86.470123 -27.351715
v -26.573963 85.201180 -22.855255
v -31.462948 83.458618 -17.596634
v -35.143471 81.416550 -11.682819
v -37.135426 78.172195 -4.587296
v -37.627026 74.783943 2.796539
v -37.813557 69.968307 17.759298
v -32.551079 58.175137 33.844044
v -30.637295 58.166481 33.618065
v -35.927929 51.068443 27.673449
v -35.916142 51.223183 16.418177
v -29.778906 68.444099 17.648327
v -29.767693 72.781357 2.966087
v -29.024937 75.383530 -3.060310
v -27.505444 77.962296 -8.412491
v -24.770142 79.516457 -13.127911
v -21.107979 80.955994 -17.344112
v -16.513226 82.156364 -21.020538
v -11.233242 82.768410 -23.855339
v -5.727581 83.333374 -25.597574
v -5.596191 51.827896 -22.752172
v -10.944290 51.806484 -21.154743
v -15.903385 51.770004 -18.512383
v -20.285336 51.718773 -14.960983
v -23.685604 51.656349 -11.140297
v -26.349754 51.590359 -6.237118
v -28.033503 51.460487 -1.619204
v -28.789572 51.323895 4.046383
v -28.894588 51.097076 16.406609
v -30.172680 61.286156 33.402100
v -29.327215 61.942764 27.728642
v -28.944626 51.147896 26.434801
v -29.417402 51.038227 31.430969
v -5.694439 49.800903 -23.029816
v -5.604858 50.970909 -22.739437
v -11.065517 49.776474 -21.409706
v -10.960224 50.949242 -21.145195
v -16.078636 49.790405 -18.749828
v -15.923389 50.932068 -18.501808
v -20.510935 49.762482 -15.151369
v -20.313400 50.913319 -14.959034
v -24.008821 49.716972 -11.326502
v -23.734446 50.889915 -11.151476
v -26.765743 49.834969 -6.389429
v -26.437138 50.884705 -6.240028
v -28.439644 49.697109 -1.621861
v -28.104233 50.803368 -1.591930
v -29.081665 49.802647 4.100204
v -28.817780 50.753956 4.076563
v -29.132874 49.814201 16.348669
v -28.907059 50.651600 16.371016
v -29.123566 49.781479 26.819712
v -28.953871 50.648666 26.641895
v -35.832844 50.293953 27.650965
v -35.622063 49.689877 27.759697
v -29.979515 70.551888 17.878130
v -30.220318 76.557358 2.765131
v -29.823368 79.936554 -3.501038
v -28.217705 82.988510 -9.098934
v -25.305305 85.592773 -13.852917
v -21.366291 87.372314 -18.014381
v -16.671955 88.858414 -21.650871
v -11.307743 89.800453 -24.483665
v -5.774174 90.502075 -26.287285
v -30.449797 64.867188 33.413555
v -29.591106 65.622307 28.202322
v -30.745335 70.021637 30.914137
v -30.659584 67.511322 32.713425
v -31.258341 70.380295 31.222012
v -6.701008 49.266350 -28.204018
v -13.136993 49.283310 -26.353603
v -19.072630 49.284920 -23.169638
v -24.256281 49.284035 -18.873880
v -28.464300 49.280762 -13.713896
v -31.651054 49.294109 -8.377895
v -33.511425 49.289101 -2.010536
v -34.304188 49.282883 4.087120
v -34.307102 49.269012 16.340208
v -34.867287 49.329571 28.053534
v -32.044731 50.011940 32.018120
v -32.009052 49.439629 31.251322
v -34.385666 49.408394 30.987026
v -34.645424 50.144028 31.873285
v -34.565529 50.818771 32.237831
v -34.906067 54.179794 33.008804
v -35.265167 58.173191 33.562748
v -35.570282 62.019989 33.855637
v -35.849777 65.725616 33.855675
v -36.055786 68.583778 33.166611
v -35.620369 71.019005 31.503260
v -33.468925 71.002975 31.595844
v -29.766792 67.729187 28.378012
v -31.922672 79.823883 3.116224
v -32.747623 80.070602 3.079393
v -32.287132 84.148941 -4.996151
v -31.761051 83.222893 -3.440453
v -31.346722 74.121552 18.108322
v -32.103306 74.454887 18.239658
v -29.984539 86.573158 -9.910759
v -29.367661 85.669342 -9.455051
v -26.918015 88.977768 -14.947048
v -26.113960 87.895836 -14.353672
v -22.855793 90.750679 -18.988121
v -22.295475 89.665985 -18.380127
v -17.446087 92.382126 -23.172455
v -17.218945 91.368095 -22.394547
v -11.993938 93.278046 -25.898361
v -11.678158 92.392151 -25.253059
v -6.056240 94.000122 -27.793259
v -5.978321 93.165215 -27.137527
v -30.896235 71.113129 28.625938
v -31.505997 71.535294 28.869925
v -33.900574 80.347641 3.022942
v -33.659958 83.809402 -3.940029
v -30.655941 87.020325 -10.160843
v -27.631145 89.412018 -15.194481
v -23.370182 91.318146 -19.665398
v -17.809696 92.831177 -23.733589
v -12.354610 93.715431 -26.349411
v -6.180676 94.396576 -28.267029
v -33.629551 72.185310 29.142408
v -33.987740 74.829086 18.333950
v -35.934345 58.215328 33.203903
v -36.580978 62.382225 33.258499
v -35.491764 54.062622 32.690384
v -35.303967 50.728088 31.811033
v -35.234005 50.121201 31.522993
v -34.914394 49.321194 30.668295
v -37.349213 68.626045 32.125027
v -37.106003 66.033081 32.909958
v -37.614731 67.290169 28.687466
v -37.804924 69.568878 28.855431
v -7.285679 92.821892 -33.373070
v -14.250813 91.900200 -31.213310
v -20.927387 90.776245 -27.719498
v -26.742634 89.358566 -23.218239
v -31.688602 87.409836 -17.968651
v -35.427094 85.120499 -12.018528
v -37.447643 81.482079 -4.876274
v -37.951298 77.700218 2.647057
v -38.130669 72.314117 17.927448
v -36.212551 80.306114 2.969345
v -37.431629 79.812881 2.840424
v -37.085735 83.367981 -4.548500
v -35.942966 83.918404 -4.435143
v -36.292988 74.744049 18.349173
v -37.307541 74.400711 18.445072
v -35.213760 86.796219 -11.913219
v -33.969990 87.511642 -11.400848
v -31.405602 89.638908 -17.581013
v -30.367458 90.046738 -16.921089
v -26.046604 92.014206 -22.730362
v -25.273464 92.194672 -22.259750
v -20.397289 93.606003 -26.719009
v -19.900333 93.649933 -26.094666
v -13.750179 94.862816 -29.971970
v -13.441730 94.797913 -29.190666
v -6.988766 95.726379 -32.103317
v -6.941853 95.655014 -31.358864
v -35.934151 72.065384 29.165033
v -37.394287 71.267792 29.037712
v -37.527203 70.122086 30.929434
v 0.074116 95.476074 -33.739990
v -7.172329 95.216782 -32.904991
v -14.021709 94.351578 -30.739037
v -20.803318 93.048584 -27.381943
v -26.506565 91.386482 -23.148209
v -31.672680 89.030663 -17.918633
v -35.495487 85.961792 -12.014107
v -37.464325 82.695724 -4.822330
v -37.994102 79.253662 2.642094
v -37.937515 73.876266 18.324366
v -37.805466 70.382416 29.135574
v -37.478668 69.200546 31.843462
v -35.967712 69.588959 32.622643
v -33.484261 69.480682 32.830414
v -31.248060 68.902084 32.554523
v -30.609673 68.578125 31.980074
v -30.081043 69.314819 28.910936
v -30.303989 72.221771 18.197226
v -30.630707 78.182755 3.017809
v -30.423290 81.561050 -3.336212
v -28.677395 84.464737 -9.140587
v -25.666439 86.906036 -13.960320
v -21.756077 88.705101 -18.120201
v -16.925129 90.276947 -21.906075
v -11.448406 91.275467 -24.724472
v -5.854870 92.009857 -26.581215
v 0.080402 92.228867 -27.188349
v 5.862095 92.023117 -26.571962
v 11.461315 91.274841 -24.729883
v 16.895779 90.320259 -21.850447
v 21.716465 88.742989 -18.052645
v 25.757854 86.855202 -14.056665
v 28.688915 84.479767 -9.128443
v 30.335392 81.419060 -3.364714
v 30.639200 78.098106 3.008156
v 30.277821 72.215698 18.174904
v 30.056133 69.251846 28.888481
v 30.610592 68.216095 32.229645
v 31.112270 68.354156 32.763054
v 33.191151 69.061554 33.018089
v 35.908939 69.366974 32.810356
v 37.303196 69.257576 32.108490
v 37.731541 69.962151 30.210075
v 37.898685 73.971802 18.398224
v 37.964779 79.419121 2.636330
v 37.383278 83.082542 -4.840889
v 35.348076 86.500549 -12.063656
v 31.555988 89.249329 -17.888990
v 26.517033 91.460701 -23.056570
v 20.781612 93.119125 -27.340994
v 14.103168 94.392807 -30.711065
v 7.235844 95.215286 -32.941536
v 33.524319 49.643738 -5.449827
v 32.595928 49.265709 -5.197187
v 29.155060 49.275555 -4.272253
v 27.688066 49.841286 -4.022003
v 27.420330 50.883461 -3.964422
v 27.358265 51.566856 -3.981527
v 27.379574 67.420593 -4.888369
v 28.404736 76.628387 -5.785984
v 29.184645 81.393623 -6.359581
v 29.664997 82.857635 -6.294542
v 30.492168 84.247787 -6.398306
v 31.203243 84.919556 -6.822769
v 34.995819 85.829483 -7.841255
v 36.130981 85.460793 -8.211781
v 36.576519 84.959671 -8.479612
v 36.666237 83.243828 -8.517563
v 36.366379 79.735489 -8.206203
v 35.083458 67.724754 -7.040531
v 33.888153 51.131969 -5.571901
v 31.609814 85.131973 -6.844950
v -28.946173 49.292587 -4.342482
v -27.646120 49.822319 -4.023506
v -27.385586 50.885590 -3.957146
v -27.323349 51.561920 -3.971302
v -27.278847 67.424667 -4.887890
v -28.387562 76.635353 -5.778961
v -29.183170 81.402046 -6.363831
v -29.664825 82.921951 -6.327930
v -30.590668 84.372314 -6.580067
v -31.266560 85.180191 -6.942307
v -32.042034 85.414589 -7.123062
v -34.980221 85.811211 -7.856064
v -36.460888 85.090416 -8.188484
v -36.734550 84.366989 -8.457813
v -36.667274 83.253662 -8.520885
v -36.356194 79.741013 -8.208561
v -35.043240 67.729973 -7.023399
v -33.856724 51.097160 -5.658218
v -33.517040 49.617241 -5.458908
v -32.584702 49.272602 -5.197399
v -35.443317 49.597187 30.444563
v -35.652679 50.330009 30.873920
v -35.689461 50.927402 31.193310
v -35.967247 54.170517 32.030418
v -36.413113 58.473415 32.528526
v -36.937698 62.725636 32.650375
v -37.436790 66.296021 32.139786
v -37.687344 68.514862 31.397055
v 36.454838 58.441185 32.486832
v 36.120792 54.615982 31.912155
v 35.869976 51.236153 30.887207
v 35.779072 50.342323 30.381523
v 35.623844 49.711777 29.887154
v 37.597240 68.828903 31.613266
v 37.324635 66.276527 32.393410
v 36.906101 62.553864 32.669327
v 30.415737 68.465057 31.690826
v 30.236256 67.558258 31.895355
v 29.975399 65.136795 32.217499
v 29.715832 61.475784 32.152107
v 29.642406 58.613823 32.063675
v 29.473011 54.418678 31.488777
v 29.318779 50.940830 30.839108
v 29.298462 50.360355 30.687000
v -30.201077 67.583664 31.812098
v -29.812510 65.182861 31.667465
v -29.561047 61.573616 31.317347
v -29.437599 58.804546 31.111872
v -29.272842 54.589157 30.495363
v -29.141476 51.073578 30.109999
v -29.115477 50.511963 30.012691
v 35.022083 49.654549 5.442719
v 34.946251 49.730385 5.446449
v 34.287418 49.654549 -1.218430
v 34.212685 49.730385 -1.203560
v 32.290821 49.654549 -7.800341
v 32.220421 49.730385 -7.771179
v 29.048519 49.654549 -13.866262
v 28.985157 49.730385 -13.823927
v 24.685114 49.654549 -19.183102
v 24.631229 49.730385 -19.129217
v 19.368288 49.654549 -23.546513
v 19.325954 49.730385 -23.483152
v 13.347729 49.654549 -26.769686
v 13.318752 49.730385 -26.699720
v 6.832451 49.654549 -28.868208
v 6.817623 49.730385 -28.793695
v 0.004887 49.730385 -29.567213
v 0.004887 49.654549 -29.643415
v 32.920483 49.730385 5.438995
v 32.844646 49.654549 5.442719
v 32.151821 49.654549 -0.793629
v 32.226563 49.730385 -0.808495
v 30.279125 49.654549 -6.967073
v 30.349527 49.730385 -6.996235
v 27.238047 49.654549 -12.656544
v 27.301409 49.730385 -12.698879
v 23.145426 49.654549 -17.643417
v 23.199314 49.730385 -17.697302
v 18.158566 49.654549 -21.736036
v 18.200899 49.730385 -21.799397
v 12.519672 49.654549 -24.770582
v 12.548653 49.730385 -24.840544
v 6.408733 49.654549 -26.738878
v 6.423561 49.730385 -26.813395
v 0.004887 49.654549 -27.465971
v 0.004887 49.730385 -27.542173
v 34.946259 46.246231 5.446449
v 35.022091 46.322067 5.442719
v 34.287426 46.322067 -1.218430
v 34.212692 46.246231 -1.203560
v 32.290829 46.322067 -7.800341
v 32.220428 46.246231 -7.771179
v 29.048519 46.322067 -13.866262
v 28.985157 46.246231 -13.823927
v 24.685114 46.322067 -19.183102
v 24.631229 46.246231 -19.129217
v 19.368288 46.322067 -23.546513
v 19.325954 46.246231 -23.483152
v 13.347729 46.322067 -26.769686
v 13.318752 46.246231 -26.699720
v 6.832451 46.322067 -28.868208
v 6.817623 46.246231 -28.793695
v 0.004887 46.322067 -29.643415
v 0.004887 46.246231 -29.567213
v 32.844646 46.322067 5.442719
v 32.920483 46.246231 5.438995
v 32.151821 46.322067 -0.793629
v 32.226563 46.246231 -0.808495
v 30.279125 46.322067 -6.967073
v 30.349527 46.246231 -6.996235
v 27.238047 46.322067 -12.656544
v 27.301409 46.246231 -12.698879
v 23.145428 46.322067 -17.643419
v 23.199312 46.246231 -17.697304
v 18.158573 46.322067 -21.736036
v 18.200907 46.246231 -21.799397
v 12.519676 46.322067 -24.770582
v 12.548653 46.246231 -24.840544
v 6.408733 46.322067 -26.738874
v 6.423561 46.246231 -26.813391
v 0.004887 46.246231 -27.542170
v 0.004887 46.322067 -27.465967
v 35.091015 46.322067 28.145607
v 35.022087 4.203110 5.442722
v 34.946251 4.278946 5.446445
v 34.212685 4.278946 -1.203564
v 34.287422 4.203110 -1.218426
v 32.220421 4.278946 -7.771179
v 32.290825 4.203110 -7.800341
v 28.985161 4.278946 -13.823927
v 29.048519 4.203110 -13.866262
v 24.631229 4.278946 -19.129217
v 24.685114 4.203110 -19.183102
v 19.325954 4.278946 -23.483152
v 19.368292 4.203110 -23.546513
v 13.316917 4.278946 -26.684240
v 13.346077 4.203110 -26.754644
v 6.803455 4.278946 -28.775888
v 6.818348 4.203110 -28.850607
v 0.004887 4.278946 -29.567213
v 0.004887 4.203110 -29.643415
v 32.920483 4.278946 5.438995
v 32.844646 4.203110 5.442719
v 32.226563 4.278946 -0.808495
v 32.151821 4.203110 -0.793629
v 30.349527 4.278946 -6.996235
v 30.279125 4.203110 -6.967073
v 27.301409 4.278946 -12.698879
v 27.238050 4.203110 -12.656544
v 23.199310 4.278946 -17.697302
v 23.145426 4.203110 -17.643417
v 18.200903 4.278946 -21.799397
v 18.158566 4.203110 -21.736036
v 12.541969 4.278946 -24.813353
v 12.512806 4.203110 -24.742949
v 6.407722 4.278946 -26.790262
v 6.392830 4.203110 -26.715548
v 0.004887 4.203110 -27.465971
v 0.004887 4.278946 -27.542173
v 34.946251 0.000000 5.446445
v 35.022087 0.075836 5.442722
v 34.212685 0.000000 -1.203564
v 34.287422 0.075836 -1.218426
v 32.220421 0.000000 -7.771179
v 32.290825 0.075836 -7.800341
v 28.985161 0.000000 -13.823927
v 29.048523 0.075836 -13.866262
v 24.631229 0.000000 -19.129217
v 24.685114 0.075836 -19.183102
v 19.325954 0.000000 -23.483152
v 19.368292 0.075836 -23.546513
v 13.316917 0.000000 -26.684240
v 13.346077 0.075836 -26.754644
v 6.803455 0.000000 -28.775888
v 6.818348 0.075836 -28.850607
v 0.004887 0.075836 -29.643415
v 0.004887 0.000000 -29.567213
v 32.920483 0.000000 5.438995
v 32.844646 0.075836 5.442719
v 32.226563 0.000000 -0.808495
v 32.151821 0.075836 -0.793629
v 30.349527 0.000000 -6.996235
v 30.279125 0.075836 -6.967073
v 27.301409 0.000000 -12.698879
v 27.238050 0.075836 -12.656544
v 23.199312 0.000000 -17.697304
v 23.145428 0.075836 -17.643419
v 18.200907 0.000000 -21.799397
v 18.158569 0.075836 -21.736036
v 12.541969 0.000000 -24.813353
v 12.512806 0.075836 -24.742949
v 6.407722 0.000000 -26.790262
v 6.392834 0.075836 -26.715542
v 0.004887 0.000000 -27.542170
v 0.004887 0.075836 -27.465967
v 32.913578 0.075836 28.069778
v 32.989414 0.000000 28.069778
v 35.015182 0.075836 31.194340
v 35.015182 0.000000 31.118504
v 35.091019 0.075836 31.118504
v 32.913578 0.075836 31.118507
v 32.989414 0.000000 31.118507
v 32.989414 0.075836 31.194344
v 32.837742 46.322067 28.069778
v 32.913578 46.322067 27.993942
v 35.015179 49.654549 31.194336
v 35.091015 49.654549 31.118500
v 35.015179 49.730385 31.118500
v 35.015179 49.730385 28.069778
v 35.091015 49.654549 28.069778
v 35.091015 46.246231 31.118500
v 35.015179 46.246231 31.194336
v 32.989414 46.322067 31.194344
v 32.989414 4.278946 31.194344
v 32.913578 4.278946 31.118507
v 35.091019 4.278946 31.118504
v 35.015182 4.278946 31.194340
v 35.091019 0.075836 28.069775
v 35.015182 0.000000 28.069775
v 32.989414 49.730385 28.145615
v 32.913578 49.654549 27.993942
v 32.837742 49.654549 28.069778
v 32.913578 49.654549 31.194344
v 32.913578 49.730385 31.118507
v 30.876764 49.654549 -10.943996
v 30.876764 46.322067 -10.943996
v 30.809435 46.246231 -10.908009
v 29.020163 46.246231 -9.951622
v 28.952833 46.322067 -9.915634
v 28.952833 49.654549 -9.915634
v 29.020163 49.730385 -9.951622
v 30.809435 49.730385 -10.908009
v 33.513836 49.654549 -4.577551
v 33.513836 46.322067 -4.577551
v 33.440777 46.246231 -4.555387
v 31.499294 46.246231 -3.966448
v 31.426235 46.322067 -3.944286
v 31.426235 49.654549 -3.944286
v 31.499294 49.730385 -3.966448
v 33.440777 49.730385 -4.555387
v 34.799206 49.654549 2.178139
v 34.799206 46.322067 2.178139
v 34.723637 46.246231 2.187477
v 32.707417 46.246231 2.382805
v 32.631847 46.322067 2.392143
v 32.631847 49.654549 2.392143
v 32.707417 49.730385 2.382805
v 34.723637 49.730385 2.187477
v 27.048336 49.654549 -16.673651
v 27.048336 46.322067 -16.673651
v 26.989323 46.246231 -16.625219
v 25.421009 46.246231 -15.338140
v 25.361994 46.322067 -15.289707
v 25.361996 49.654549 -15.289705
v 25.421007 49.730385 -15.338139
v 26.989323 49.730385 -16.625219
v 22.175678 49.654549 -21.546328
v 22.175678 46.322067 -21.546328
v 22.127237 46.246231 -21.487312
v 20.840158 46.246231 -19.918999
v 20.791721 46.322067 -19.859983
v 20.791721 49.654549 -19.859983
v 20.840151 49.730385 -19.918999
v 22.127237 49.730385 -21.487312
v 16.464756 49.654549 -25.351480
v 16.464760 46.322067 -25.351480
v 16.429008 46.246231 -25.284597
v 15.479012 46.246231 -23.507277
v 15.443264 46.322067 -23.440393
v 15.443264 49.654549 -23.440393
v 15.479008 49.730385 -23.507277
v 16.429012 49.730385 -25.284597
v 10.140839 49.654549 -27.970938
v 10.140839 46.322067 -27.970938
v 10.118824 46.246231 -27.898367
v 9.533813 46.246231 -25.969858
v 9.511803 46.322067 -25.897287
v 9.511803 49.654549 -25.897287
v 9.533813 49.730385 -25.969858
v 10.118824 49.730385 -27.898367
v 3.450401 49.654549 -29.422041
v 3.450401 46.322067 -29.422041
v 3.442917 46.246231 -29.346323
v 3.244053 46.246231 -27.334055
v 3.236572 46.322067 -27.258333
v 3.236572 49.654549 -27.258337
v 3.244053 49.730385 -27.334059
v 3.442917 49.730385 -29.346323
v 34.781738 4.203110 2.180729
v 34.781738 0.075836 2.180729
v 34.706192 0.000000 2.190060
v 32.691002 0.000000 2.385242
v 32.615459 0.075836 2.394577
v 32.615459 4.203110 2.394577
v 32.691002 4.278946 2.385242
v 34.706192 4.278946 2.190060
v 33.491364 4.203110 -4.570734
v 33.491364 0.075836 -4.570734
v 33.418354 0.000000 -4.548586
v 31.478172 0.000000 -3.960041
v 31.405163 0.075836 -3.937893
v 31.405163 4.203110 -3.937893
v 31.478168 4.278946 -3.960041
v 33.418354 4.278946 -4.548586
v 30.856058 4.203110 -10.932926
v 30.856058 0.075836 -10.932926
v 30.788773 0.000000 -10.896963
v 29.000692 0.000000 -9.941216
v 28.933407 0.075836 -9.905252
v 28.933407 4.203110 -9.905252
v 29.000692 4.278946 -9.941216
v 30.788769 4.278946 -10.896963
v 27.030186 4.203110 -16.658754
v 27.030186 0.075836 -16.658754
v 26.971207 0.000000 -16.610353
v 25.403946 0.000000 -15.324137
v 25.344969 0.075836 -15.275734
v 25.344971 4.203110 -15.275732
v 25.403944 4.278946 -15.324135
v 26.971207 4.278946 -16.610353
v 22.160776 4.203110 -21.528175
v 22.160776 0.075836 -21.528175
v 22.112373 0.000000 -21.469198
v 20.826151 0.000000 -19.901936
v 20.777752 0.075836 -19.842958
v 20.777750 4.203110 -19.842957
v 20.826149 4.278946 -19.901934
v 22.112373 4.278946 -21.469198
v 16.478668 4.203110 -25.319876
v 16.478668 0.075836 -25.319876
v 16.442703 0.000000 -25.252588
v 15.486954 0.000000 -23.464510
v 15.450989 0.075836 -23.397223
v 15.450985 4.203110 -23.397223
v 15.486950 4.278946 -23.464510
v 16.442703 4.278946 -25.252588
v 10.116470 4.203110 -27.955187
v 10.116470 0.075836 -27.955187
v 10.094322 0.000000 -27.882179
v 9.505772 0.000000 -25.941996
v 9.483627 0.075836 -25.868984
v 9.483627 4.203110 -25.868984
v 9.505772 4.278946 -25.941996
v 10.094322 4.278946 -27.882179
v 3.448101 4.203110 -29.410471
v 3.448101 0.075836 -29.410471
v 3.440620 0.000000 -29.334778
v 3.241890 0.000000 -27.323177
v 3.234413 0.075836 -27.247480
v 3.234413 4.203110 -27.247484
v 3.241890 4.278946 -27.323181
v 3.440620 4.278946 -29.334778
v -35.012314 49.654545 5.442720
v -34.936478 49.730381 5.446445
v -35.005409 49.730389 28.069777
v -35.081245 49.654552 28.069777
v -34.713863 49.730385 2.187477
v -34.789436 49.654552 2.178135
v -34.277649 49.654545 -1.218426
v -34.202911 49.730381 -1.203556
v -33.431004 49.730385 -4.555389
v -33.504063 49.654549 -4.577553
v -32.281052 49.654545 -7.800343
v -32.210648 49.730381 -7.771175
v -30.799662 49.730385 -10.908007
v -30.866995 49.654549 -10.943998
v -29.038748 49.654549 -13.866262
v -28.975388 49.730381 -13.823925
v -26.979549 49.730385 -16.625221
v -27.038567 49.654552 -16.673649
v -24.675343 49.654549 -19.183098
v -24.621458 49.730385 -19.129217
v -22.117468 49.730385 -21.487310
v -22.165903 49.654549 -21.546328
v -19.358519 49.654549 -23.546515
v -19.316183 49.730385 -23.483152
v -16.419239 49.730385 -25.284599
v -16.454987 49.654545 -25.351482
v -13.337959 49.654549 -26.769688
v -13.308979 49.730385 -26.699722
v -10.109051 49.730385 -27.898369
v -10.131065 49.654549 -27.970936
v -6.822678 49.654549 -28.868206
v -6.807850 49.730385 -28.793694
v -3.433144 49.730385 -29.346325
v -3.440628 49.654549 -29.422039
v -32.910709 49.730385 5.438995
v -32.834873 49.654549 5.442720
v -32.903805 49.654549 27.993940
v -32.979641 49.730385 28.145613
v -32.622074 49.654549 2.392145
v -32.697643 49.730385 2.382807
v -32.216785 49.730385 -0.808495
v -32.142048 49.654549 -0.793625
v -31.416466 49.654552 -3.944286
v -31.489523 49.730385 -3.966444
v -30.339756 49.730385 -6.996231
v -30.269354 49.654549 -6.967070
v -28.943060 49.654549 -9.915632
v -29.010389 49.730385 -9.951620
v -27.291637 49.730385 -12.698875
v -27.228277 49.654549 -12.656546
v -25.352222 49.654549 -15.289703
v -25.411238 49.730385 -15.338140
v -23.189539 49.730385 -17.697306
v -23.135654 49.654549 -17.643417
v -20.781950 49.654549 -19.859983
v -20.830383 49.730381 -19.919003
v -18.191130 49.730385 -21.799398
v -18.148794 49.654549 -21.736036
v -15.433487 49.654552 -23.440395
v -15.469238 49.730385 -23.507275
v -12.538879 49.730385 -24.840542
v -12.509903 49.654549 -24.770580
v -9.502029 49.654549 -25.897289
v -9.524044 49.730385 -25.969856
v -6.413788 49.730385 -26.813396
v -6.398960 49.654549 -26.738876
v -3.226799 49.654549 -27.258337
v -3.234283 49.730385 -27.334059
v -34.936478 46.246235 5.446445
v -35.012314 46.322071 5.442720
v -35.081245 46.322063 28.145609
v -34.789436 46.322063 2.178135
v -34.713863 46.246231 2.187477
v -34.202911 46.246235 -1.203556
v -34.277649 46.322071 -1.218426
v -33.504063 46.322067 -4.577553
v -33.431004 46.246231 -4.555389
v -32.210648 46.246235 -7.771175
v -32.281052 46.322071 -7.800343
v -30.866995 46.322067 -10.943998
v -30.799662 46.246231 -10.908007
v -28.975388 46.246235 -13.823925
v -29.038748 46.322067 -13.866262
v -27.038567 46.322063 -16.673649
v -26.979549 46.246231 -16.625221
v -24.621458 46.246231 -19.129217
v -24.675343 46.322067 -19.183098
v -22.165903 46.322067 -21.546328
v -22.117468 46.246231 -21.487310
v -19.316183 46.246231 -23.483152
v -19.358519 46.322067 -23.546515
v -16.454987 46.322067 -25.351482
v -16.419237 46.246231 -25.284594
v -13.308979 46.246231 -26.699722
v -13.337959 46.322067 -26.769688
v -10.131065 46.322067 -27.970936
v -10.109051 46.246231 -27.898369
v -6.807850 46.246231 -28.793694
v -6.822678 46.322067 -28.868206
v -3.440628 46.322067 -29.422039
v -3.433144 46.246231 -29.346325
v -32.834873 46.322067 5.442720
v -32.910709 46.246231 5.438995
v -32.903805 46.322067 27.993940
v -32.697643 46.246231 2.382807
v -32.622074 46.322067 2.392145
v -32.142048 46.322067 -0.793625
v -32.216785 46.246231 -0.808495
v -31.489523 46.246231 -3.966444
v -31.416466 46.322063 -3.944286
v -30.269354 46.322067 -6.967070
v -30.339756 46.246231 -6.996231
v -29.010389 46.246231 -9.951620
v -28.943058 46.322067 -9.915634
v -27.228277 46.322067 -12.656546
v -27.291637 46.246231 -12.698875
v -25.411238 46.246231 -15.338140
v -25.352222 46.322067 -15.289703
v -23.135654 46.322067 -17.643417
v -23.189539 46.246231 -17.697306
v -20.830385 46.246231 -19.919001
v -20.781950 46.322067 -19.859983
v -18.148798 46.322067 -21.736040
v -18.191133 46.246231 -21.799395
v -15.469238 46.246231 -23.507275
v -15.433491 46.322067 -23.440392
v -12.509903 46.322067 -24.770580
v -12.538883 46.246231 -24.840546
v -9.524044 46.246231 -25.969856
v -9.502029 46.322067 -25.897289
v -6.398960 46.322067 -26.738876
v -6.413788 46.246231 -26.813389
v -3.234283 46.246231 -27.334055
v -3.226799 46.322067 -27.258333
v -35.012314 4.203110 5.442720
v -34.936478 4.278946 5.446445
v -34.696419 4.278946 2.190067
v -34.771965 4.203110 2.180729
v -34.277649 4.203110 -1.218426
v -34.202911 4.278946 -1.203556
v -33.408581 4.278946 -4.548584
v -33.481590 4.203110 -4.570736
v -32.281052 4.203110 -7.800343
v -32.210648 4.278946 -7.771175
v -30.778997 4.278944 -10.896963
v -30.846285 4.203108 -10.932924
v -29.038748 4.203108 -13.866262
v -28.975388 4.278946 -13.823925
v -26.961435 4.278946 -16.610353
v -27.020414 4.203110 -16.658751
v -24.675343 4.203110 -19.183098
v -24.621458 4.278946 -19.129217
v -22.102602 4.278946 -21.469202
v -22.151005 4.203110 -21.528175
v -19.358519 4.203110 -23.546515
v -19.316183 4.278946 -23.483152
v -16.432930 4.278946 -25.252590
v -16.468895 4.203110 -25.319874
v -13.336306 4.203110 -26.754648
v -13.307144 4.278946 -26.684238
v -10.084551 4.278946 -27.882175
v -10.106697 4.203110 -27.955189
v -6.808575 4.203109 -28.850609
v -6.793684 4.278946 -28.775892
v -3.430851 4.278946 -29.334774
v -3.438324 4.203110 -29.410471
v -32.910709 4.278946 5.438995
v -32.834873 4.203110 5.442720
v -32.605686 4.203110 2.394577
v -32.681229 4.278946 2.385242
v -32.216785 4.278946 -0.808495
v -32.142048 4.203110 -0.793625
v -31.395390 4.203110 -3.937889
v -31.468395 4.278944 -3.960043
v -30.339756 4.278946 -6.996231
v -30.269354 4.203108 -6.967070
v -28.923635 4.203108 -9.905249
v -28.990921 4.278946 -9.941212
v -27.291637 4.278946 -12.698875
v -27.228277 4.203110 -12.656546
v -25.335197 4.203110 -15.275730
v -25.394173 4.278946 -15.324131
v -23.189539 4.278946 -17.697306
v -23.135654 4.203110 -17.643417
v -20.767977 4.203110 -19.842958
v -20.816378 4.278946 -19.901934
v -18.191130 4.278946 -21.799398
v -18.148794 4.203110 -21.736036
v -15.441214 4.203110 -23.397223
v -15.477179 4.278946 -23.464514
v -12.532196 4.278945 -24.813351
v -12.503033 4.203109 -24.742950
v -9.473854 4.203110 -25.868984
v -9.496000 4.278946 -25.941999
v -6.397951 4.278946 -26.790262
v -6.383059 4.203109 -26.715548
v -3.224640 4.203110 -27.247484
v -3.232121 4.278946 -27.323177
v -34.936478 0.000000 5.446445
v -35.012314 0.075836 5.442720
v -35.081245 0.075836 28.069773
v -35.005409 0.000000 28.069773
v -34.771965 0.075836 2.180729
v -34.696419 0.000000 2.190067
v -34.202911 0.000000 -1.203556
v -34.277649 0.075836 -1.218426
v -33.481590 0.075836 -4.570736
v -33.408581 0.000000 -4.548584
v -32.210648 0.000000 -7.771175
v -32.281052 0.075836 -7.800343
v -30.846285 0.075836 -10.932924
v -30.778997 0.000000 -10.896963
v -28.975388 0.000000 -13.823925
v -29.038748 0.075836 -13.866262
v -27.020414 0.075836 -16.658751
v -26.961435 0.000000 -16.610353
v -24.621458 0.000000 -19.129217
v -24.675343 0.075836 -19.183098
v -22.151005 0.075836 -21.528175
v -22.102602 0.000000 -21.469202
v -19.316183 0.000000 -23.483152
v -19.358519 0.075836 -23.546515
v -16.468895 0.075836 -25.319874
v -16.432930 0.000000 -25.252590
v -13.307144 0.000000 -26.684238
v -13.336306 0.075836 -26.754648
v -10.106697 0.075836 -27.955189
v -10.084551 0.000000 -27.882175
v -6.793684 0.000000 -28.775892
v -6.808575 0.075836 -28.850609
v -3.438324 0.075836 -29.410471
v -3.430851 0.000000 -29.334774
v -32.681229 0.000000 2.385242
v -32.605686 0.075836 2.394577
v -32.142048 0.075836 -0.793625
v -32.216785 0.000000 -0.808495
v -32.834873 0.075836 5.442720
v -32.910709 0.000000 5.438995
v -32.979641 0.000000 28.069777
v -32.903805 0.075836 28.069777
v -31.468395 0.000000 -3.960043
v -31.395390 0.075836 -3.937889
v -30.269354 0.075836 -6.967070
v -30.339756 0.000000 -6.996231
v -28.990921 0.000000 -9.941212
v -28.923634 0.075836 -9.905251
v -27.228277 0.075836 -12.656546
v -27.291637 0.000000 -12.698875
v -25.394173 0.000000 -15.324139
v -25.335197 0.075836 -15.275730
v -23.135654 0.075836 -17.643417
v -23.189539 0.000000 -17.697306
v -20.816380 0.000000 -19.901939
v -20.767979 0.075836 -19.842957
v -18.148798 0.075836 -21.736040
v -18.191133 0.000000 -21.799395
v -15.477180 0.000000 -23.464512
v -15.441216 0.075836 -23.397221
v -12.503033 0.075836 -24.742950
v -12.532196 0.000000 -24.813351
v -9.496000 0.000000 -25.941999
v -9.473854 0.075836 -25.868984
v -6.383060 0.075836 -26.715546
v -6.397951 0.000000 -26.790262
v -3.232117 0.000000 -27.323174
v -3.224640 0.075836 -27.247480
v -32.979641 0.000000 31.118505
v -32.903805 0.075836 31.118505
v -35.005413 0.075836 31.194342
v -35.081249 0.075836 31.118505
v -35.081249 4.278946 31.118505
v -35.005413 4.278946 31.194342
v -35.005413 0.000000 31.118505
v -32.979641 0.075836 31.194342
v -32.979641 4.278946 31.194342
v -32.903805 4.278946 31.118505
v -32.827969 46.322067 28.069777
v -32.827969 49.654549 28.069777
v -35.005413 49.654552 31.194342
v -35.005413 49.730389 31.118505
v -32.903805 49.730385 31.118505
v -32.903805 49.654549 31.194342
v -35.081249 49.654552 31.118505
v -35.005413 46.246227 31.194342
v -35.081249 46.246227 31.118505
v -32.979641 46.322067 31.194342
v 35.091022 4.120081 28.144089
v 35.090759 4.203110 28.060703
v 35.091022 4.287889 28.145615
v 35.091019 4.205227 28.228626
v 35.015182 4.363791 28.069775
v 35.014923 4.278946 27.984928
v 32.989155 4.278946 27.984932
v 32.989414 4.363791 28.069778
v 32.913578 4.120081 28.144089
v 32.913578 4.205227 28.228630
v 32.913578 4.288019 28.145615
v 32.913322 4.203110 28.060833
v -35.081245 4.120079 28.144087
v -35.081245 4.205227 28.228628
v -35.081245 4.287888 28.145613
v -35.080986 4.203110 28.060703
v -35.005150 4.278946 27.984932
v -35.005409 4.363789 28.069777
v -32.903805 4.120079 28.144087
v -32.903549 4.203110 28.060833
v -32.903805 4.288017 28.145613
v -32.903805 4.205227 28.228628
v -32.979641 4.363789 28.069777
v -32.979378 4.278946 27.984932
v -32.953484 46.272251 27.998421
v -32.979641 46.174904 28.069777
v -32.832508 46.272324 28.119516
v -32.903805 46.174934 28.145613
v -35.005409 46.161388 28.069773
v -35.005150 46.246227 27.984928
v -32.818962 46.246227 31.118505
v -32.903805 46.161385 31.118505
v 32.963257 46.272251 27.998417
v 32.989410 46.174908 28.069775
v 32.913578 46.174934 28.145615
v 32.842289 46.272331 28.119514
v 35.015182 46.161388 28.069775
v 35.014919 46.246231 27.984924
v 32.828732 46.246231 31.118507
v 32.913574 46.161388 31.118504
vt 0.485617 0.904079
vt 0.486840 0.941197
vt 0.478295 0.943181
vt 0.764175 0.071903
vt 0.485291 0.866181
vt 0.771746 0.103309
vt 0.484828 0.826539
vt 0.780136 0.135772
vt 0.488301 0.781545
vt 0.788578 0.173968
vt 0.496775 0.753799
vt 0.792225 0.200153
vt 0.511889 0.724802
vt 0.793967 0.229480
vt 0.537126 0.698726
vt 0.791580 0.262050
vt 0.566590 0.681532
vt 0.784814 0.292223
vt 0.598514 0.668577
vt 0.776538 0.322181
vt 0.631271 0.665897
vt 0.030558 0.055347
vt 0.495569 0.939436
vt 0.494525 0.904259
vt 0.567492 0.906473
vt 0.570047 0.940935
vt 0.570494 0.950677
vt 0.497584 0.950526
vt 0.571821 0.963013
vt 0.499296 0.963006
vt 0.571496 0.974087
vt 0.498898 0.973548
vt 0.570717 0.984818
vt 0.496398 0.012236
vt 0.487755 0.951624
vt 0.478229 0.953069
vt 0.488093 0.963920
vt 0.477212 0.964661
vt 0.487675 0.973215
vt 0.476757 0.972213
vt 0.487695 0.012414
vt 0.476746 0.983372
vt 0.488667 0.039144
vt 0.481261 0.039487
vt 0.494367 0.866450
vt 0.567282 0.868613
vt 0.493979 0.826916
vt 0.565659 0.830550
vt 0.497616 0.783020
vt 0.567312 0.792625
vt 0.504954 0.757193
vt 0.567439 0.779309
vt 0.518442 0.729464
vt 0.571653 0.764513
vt 0.542237 0.704918
vt 0.581618 0.752684
vt 0.569833 0.688960
vt 0.591677 0.747548
vt 0.599759 0.676765
vt 0.603468 0.745044
vt 0.631179 0.675282
vt 0.630505 0.742805
vt 0.630057 0.788798
vt 0.604367 0.791065
vt 0.629702 0.826334
vt 0.603081 0.828670
vt 0.629323 0.866518
vt 0.605471 0.868915
vt 0.629015 0.903164
vt 0.605321 0.905604
vt 0.628817 0.939453
vt 0.604810 0.940657
vt 0.604121 0.950442
vt 0.604572 0.962445
vt 0.605159 0.974396
vt 0.605750 0.985816
vt 0.628807 0.950269
vt 0.628799 0.962282
vt 0.628864 0.973926
vt 0.628924 0.985858
vt 0.489551 0.143014
vt 0.482828 0.143212
vt 0.798239 0.101451
vt 0.812348 0.149385
vt 0.818708 0.215749
vt 0.818556 0.182780
vt 0.599436 0.235930
vt 0.769347 0.072200
vt 0.760625 0.038368
vt 0.768573 0.038090
vt 0.775063 0.068037
vt 0.776954 0.103007
vt 0.783312 0.099805
vt 0.785236 0.134943
vt 0.792665 0.132829
vt 0.793064 0.172561
vt 0.800460 0.171634
vt 0.796083 0.198905
vt 0.804085 0.199308
vt 0.798204 0.228015
vt 0.805798 0.229639
vt 0.796132 0.260710
vt 0.803829 0.263853
vt 0.789480 0.290936
vt 0.797767 0.295646
vt 0.780887 0.320928
vt 0.788118 0.326899
vt 0.028243 0.052128
vt 0.794290 0.392437
vt 0.797880 0.360865
vt 0.807476 0.363712
vt 0.803456 0.393556
vt 0.821581 0.252268
vt 0.829042 0.253166
vt 0.815566 0.149400
vt 0.802088 0.102256
vt 0.808855 0.099191
vt 0.822623 0.147434
vt 0.821145 0.182498
vt 0.828596 0.180393
vt 0.823077 0.216809
vt 0.830918 0.215827
vt 0.328728 0.087200
vt 0.326218 0.091990
vt 0.762388 0.032621
vt 0.768022 0.035635
vt 0.800655 0.404773
vt 0.805405 0.400250
vt 0.797290 0.400733
vt 0.804256 0.397176
vt 0.770118 0.942498
vt 0.772282 0.906232
vt 0.304469 0.047144
vt 0.778539 0.944546
vt 0.773413 0.868378
vt 0.273142 0.039273
vt 0.774534 0.828971
vt 0.240805 0.030360
vt 0.771534 0.784119
vt 0.202678 0.021739
vt 0.763885 0.756268
vt 0.176537 0.018497
vt 0.749388 0.727072
vt 0.147263 0.018101
vt 0.724691 0.700536
vt 0.114902 0.022281
vt 0.695621 0.682733
vt 0.085259 0.030994
vt 0.663961 0.669253
vt 0.055958 0.041183
vt 0.761638 0.940623
vt 0.687429 0.941025
vt 0.690493 0.906926
vt 0.763506 0.906014
vt 0.759305 0.949943
vt 0.686895 0.950611
vt 0.757597 0.962031
vt 0.685592 0.962773
vt 0.758311 0.971789
vt 0.686107 0.973702
vt 0.758507 0.981634
vt 0.642278 0.012946
vt 0.769563 0.950893
vt 0.779572 0.952195
vt 0.768885 0.962871
vt 0.779861 0.963439
vt 0.769406 0.971405
vt 0.780295 0.970389
vt 0.769575 0.981329
vt 0.714693 0.010121
vt 0.705912 0.037394
vt 0.713370 0.037512
vt 0.691313 0.869322
vt 0.764315 0.868510
vt 0.693628 0.831460
vt 0.765427 0.829159
vt 0.692691 0.793648
vt 0.762633 0.785363
vt 0.692826 0.780365
vt 0.755786 0.759435
vt 0.688914 0.765535
vt 0.742838 0.731509
vt 0.679195 0.753547
vt 0.719517 0.706559
vt 0.669246 0.748230
vt 0.692246 0.690093
vt 0.657500 0.745516
vt 0.662564 0.677349
vt 0.655702 0.791483
vt 0.656270 0.829044
vt 0.653112 0.869172
vt 0.652652 0.905736
vt 0.652799 0.940684
vt 0.653442 0.950354
vt 0.653044 0.962318
vt 0.652540 0.974232
vt 0.615143 0.013985
vt 0.594721 0.038116
vt 0.595413 0.143520
vt 0.715600 0.140753
vt 0.708021 0.140871
vt 0.594358 0.183683
vt 0.256617 0.069105
vt 0.303918 0.085145
vt 0.190427 0.059690
vt 0.223451 0.061459
vt 0.304231 0.041965
vt 0.308535 0.036180
vt 0.338323 0.045243
vt 0.337145 0.050827
vt 0.273546 0.033844
vt 0.276926 0.027223
vt 0.241733 0.025162
vt 0.243930 0.017673
vt 0.204074 0.017000
vt 0.204954 0.009476
vt 0.177683 0.014850
vt 0.177004 0.006433
vt 0.148471 0.013862
vt 0.146479 0.006485
vt 0.116003 0.017781
vt 0.112443 0.010369
vt 0.086256 0.026323
vt 0.081079 0.018351
vt 0.056933 0.036841
vt 0.050506 0.030017
vt 0.012704 0.072640
vt 0.012192 0.065022
vt 0.041908 0.061330
vt 0.044177 0.070884
vt 0.153156 0.045674
vt 0.153465 0.053716
vt 0.256721 0.065958
vt 0.258970 0.058907
vt 0.306635 0.074645
vt 0.303277 0.081371
vt 0.223845 0.059009
vt 0.226324 0.051550
vt 0.189683 0.055137
vt 0.191176 0.047230
vt 0.341112 0.044915
vt 0.342009 0.048928
vt 0.344087 0.043022
vt 0.003134 0.065141
vt 0.008021 0.064015
vt 0.005953 0.068923
vt 0.775207 0.354407
vt 0.792440 0.078849
vt 0.797332 0.076544
vt 0.767686 0.350648
vt 0.023974 0.044893
vt 0.702762 0.172671
vt 0.152808 0.057001
vt 0.620294 0.234340
vt 0.788592 0.080665
vt 0.324239 0.095758
vt 0.686755 0.198179
vt 0.662605 0.217641
vt 0.040621 0.075969
vt 0.010824 0.077449
vt 0.003747 0.071860
vt 0.000522 0.066770
vt 0.341659 0.052463
vt 0.335844 0.055306
vt 0.665372 0.661102
vt 0.764311 0.348587
vt 0.631372 0.656472
vt 0.699003 0.675376
vt 0.729938 0.694451
vt 0.756049 0.722570
vt 0.772071 0.753064
vt 0.780575 0.782860
vt 0.783779 0.828748
vt 0.782735 0.868285
vt 0.781361 0.906389
vt 0.495128 0.174585
vt 0.817079 0.252722
vt 0.578565 0.234821
vt 0.511543 0.199763
vt 0.535956 0.218824
vt 0.792385 0.364042
vt 0.788639 0.393893
vt 0.793224 0.402924
vt 0.764045 0.023975
vt 0.756908 0.031378
vt 0.754935 0.040005
vt 0.597257 0.660349
vt 0.563332 0.674076
vt 0.531930 0.692445
vt 0.505180 0.720038
vt 0.488467 0.750357
vt 0.478882 0.780057
vt 0.475456 0.826113
vt 0.475936 0.865794
vt 0.476332 0.904051
vt 0.487748 0.983601
vt 0.479162 0.012236
vt 0.706272 0.010652
vt 0.780433 0.980644
vt 0.652076 0.985627
vt 0.597187 0.014164
vt 0.687064 0.984288
vt 0.697689 0.010888
vt 0.579214 0.014131
vt 0.552043 0.013357
vt 0.498970 0.983372
vt 0.767070 0.027153
vt 0.770468 0.032810
vt 0.797807 0.407964
vt 0.349484 0.047109
vt 0.347311 0.044929
vt 0.005715 0.062426
vt 0.485056 0.469478
vt 0.484413 0.434657
vt 0.504089 0.435757
vt 0.503553 0.471509
vt 0.504396 0.417726
vt 0.482226 0.417631
vt 0.481835 0.400013
vt 0.505500 0.400266
vt 0.479651 0.364140
vt 0.501667 0.366011
vt 0.475012 0.329864
vt 0.497966 0.329532
vt 0.474759 0.292555
vt 0.495744 0.291952
vt 0.477389 0.259190
vt 0.498396 0.258282
vt 0.474479 0.227217
vt 0.495000 0.223504
vt 0.466583 0.196070
vt 0.486192 0.188754
vt 0.472901 0.590482
vt 0.479914 0.535117
vt 0.497937 0.535745
vt 0.493212 0.595416
vt 0.017007 0.385203
vt 0.017116 0.351540
vt 0.025171 0.351473
vt 0.025056 0.386144
vt 0.112510 0.754456
vt 0.103250 0.722440
vt 0.146931 0.723596
vt 0.161583 0.756734
vt 0.025079 0.332810
vt 0.016882 0.332903
vt 0.017319 0.314214
vt 0.024126 0.314163
vt 0.121480 0.783587
vt 0.116991 0.769017
vt 0.168464 0.772018
vt 0.175674 0.787286
vt 0.016147 0.279913
vt 0.023371 0.279443
vt 0.126127 0.813075
vt 0.183206 0.817353
vt 0.015158 0.242733
vt 0.021179 0.242929
vt 0.129759 0.842346
vt 0.189324 0.848245
vt 0.013301 0.205465
vt 0.019236 0.205596
vt 0.132049 0.873862
vt 0.193558 0.880673
vt 0.011132 0.168130
vt 0.017115 0.168356
vt 0.132342 0.905622
vt 0.193933 0.913361
vt 0.007938 0.131523
vt 0.014815 0.130926
vt 0.131740 0.936486
vt 0.193397 0.944790
vt 0.004366 0.094785
vt 0.008456 0.094810
vt 0.129313 0.967298
vt 0.189556 0.975869
vt 0.791982 0.475292
vt 0.794449 0.494118
vt 0.785211 0.492988
vt 0.783448 0.474583
vt 0.022351 0.451257
vt 0.015751 0.450938
vt 0.086474 0.647160
vt 0.121550 0.643645
vt 0.796129 0.511002
vt 0.785095 0.509208
vt 0.013395 0.570376
vt 0.019402 0.565511
vt 0.021003 0.569278
vt 0.017017 0.572350
vt 0.066178 0.565927
vt 0.043625 0.569606
vt 0.042080 0.562039
vt 0.064015 0.557740
vt 0.092135 0.515989
vt 0.125105 0.459610
vt 0.110459 0.517279
vt 0.131490 0.118927
vt 0.129066 0.080677
vt 0.214315 0.073840
vt 0.214771 0.112677
vt 0.131298 0.156921
vt 0.211996 0.151029
vt 0.130206 0.195760
vt 0.208490 0.190409
vt 0.127961 0.234060
vt 0.203514 0.228886
vt 0.123931 0.271849
vt 0.195822 0.266691
vt 0.118580 0.307687
vt 0.186190 0.303366
vt 0.177696 0.322746
vt 0.113582 0.326746
vt 0.097847 0.382528
vt 0.108685 0.345817
vt 0.169579 0.342157
vt 0.151473 0.380880
vt 0.081910 0.456127
vt 0.773928 0.440992
vt 0.765301 0.427714
vt 0.773163 0.423811
vt 0.782337 0.439144
vt 0.030380 0.452716
vt 0.067806 0.514056
vt 0.043351 0.513374
vt 0.023487 0.959307
vt 0.024046 0.928238
vt 0.025254 0.897433
vt 0.026753 0.866335
vt 0.027984 0.835293
vt 0.028632 0.807161
vt 0.029371 0.776704
vt 0.029487 0.763134
vt 0.029071 0.749644
vt 0.028706 0.718617
vt 0.027317 0.651867
vt 0.788718 0.458506
vt 0.780572 0.459044
vt 0.081571 0.565233
vt 0.080311 0.555715
vt 0.025096 0.573906
vt 0.024075 0.567776
vt 0.011221 0.961521
vt 0.012833 0.928167
vt 0.019305 0.928151
vt 0.018907 0.959375
vt 0.014025 0.896901
vt 0.020640 0.897185
vt 0.015660 0.865729
vt 0.022181 0.866066
vt 0.017323 0.834720
vt 0.023599 0.835034
vt 0.017810 0.806493
vt 0.024447 0.806915
vt 0.019348 0.775985
vt 0.025461 0.776379
vt 0.019861 0.762527
vt 0.025739 0.762851
vt 0.019377 0.748967
vt 0.020106 0.718101
vt 0.025527 0.718361
vt 0.025409 0.749317
vt 0.019916 0.651879
vt 0.024862 0.651989
vt 0.019094 0.595637
vt 0.023962 0.596513
vt 0.016714 0.510972
vt 0.132979 0.641921
vt 0.167776 0.723853
vt 0.187093 0.757654
vt 0.195235 0.773688
vt 0.203880 0.789635
vt 0.216919 0.820637
vt 0.224678 0.852596
vt 0.230302 0.885596
vt 0.232107 0.919191
vt 0.231867 0.951318
vt 0.226936 0.982539
vt 0.101289 0.564437
vt 0.099971 0.556127
vt 0.127308 0.570162
vt 0.118234 0.563284
vt 0.119524 0.559419
vt 0.130878 0.568673
vt 0.770649 0.420308
vt 0.767310 0.416250
vt 0.777430 0.408671
vt 0.780779 0.413548
vt 0.783304 0.416962
vt 0.794902 0.433232
vt 0.803112 0.454906
vt 0.807577 0.476188
vt 0.810367 0.496464
vt 0.811665 0.511532
vt 0.800945 0.517968
vt 0.814033 0.517620
vt 0.811829 0.527019
vt 0.800531 0.528151
vt 0.084674 0.589561
vt 0.071865 0.591653
vt 0.047339 0.594755
vt 0.026703 0.597544
vt 0.114433 0.565670
vt 0.114075 0.560675
vt 0.104470 0.586349
vt 0.115805 0.584973
vt 0.186971 0.719639
vt 0.191522 0.717964
vt 0.212717 0.753920
vt 0.205350 0.754603
vt 0.153897 0.639842
vt 0.157677 0.638354
vt 0.212423 0.771126
vt 0.218243 0.771096
vt 0.225277 0.788384
vt 0.220348 0.788406
vt 0.237179 0.820449
vt 0.230800 0.820581
vt 0.246354 0.851217
vt 0.238345 0.850999
vt 0.251410 0.887353
vt 0.245027 0.886619
vt 0.253257 0.922166
vt 0.247122 0.921004
vt 0.252557 0.954922
vt 0.247136 0.953872
vt 0.248200 0.986811
vt 0.241092 0.985678
vt 0.134529 0.582624
vt 0.138276 0.580963
vt 0.807831 0.688771
vt 0.808017 0.731097
vt 0.801489 0.731109
vt 0.800959 0.687117
vt 0.227871 0.786351
vt 0.220497 0.770012
vt 0.241587 0.818342
vt 0.251096 0.850967
vt 0.256294 0.886516
vt 0.257186 0.922529
vt 0.256158 0.954750
vt 0.253201 0.988839
vt 0.803670 0.541947
vt 0.807959 0.601125
vt 0.796853 0.601544
vt 0.790863 0.543198
vt 0.787841 0.529711
vt 0.176412 0.721989
vt 0.142097 0.639861
vt 0.195597 0.756129
vt 0.212441 0.788817
vt 0.203616 0.772485
vt 0.224443 0.820420
vt 0.232291 0.852076
vt 0.238386 0.886118
vt 0.240305 0.920113
vt 0.240239 0.952686
vt 0.235492 0.984005
vt 0.119434 0.566509
vt 0.124036 0.581783
vt 0.085210 0.538476
vt 0.063127 0.537476
vt 0.042684 0.534275
vt 0.024684 0.528692
vt 0.028923 0.512357
vt 0.020657 0.510950
vt 0.019916 0.525992
vt 0.016459 0.523372
vt 0.011416 0.594049
vt 0.022088 0.574859
vt 0.118619 0.532662
vt 0.105097 0.536922
vt 0.122560 0.518186
vt 0.239373 0.073361
vt 0.238784 0.111912
vt 0.235416 0.149898
vt 0.231273 0.189162
vt 0.225575 0.227593
vt 0.216797 0.265358
vt 0.205787 0.302065
vt 0.196388 0.321523
vt 0.187247 0.340932
vt 0.167121 0.380350
vt 0.137686 0.460669
vt 0.820340 0.688691
vt 0.827042 0.688960
vt 0.825814 0.731855
vt 0.820371 0.732018
vt 0.821611 0.600675
vt 0.826060 0.601070
vt 0.820812 0.752447
vt 0.827465 0.752079
vt 0.828004 0.772548
vt 0.821947 0.773096
vt 0.825980 0.809577
vt 0.820400 0.809691
vt 0.823074 0.848017
vt 0.817340 0.848049
vt 0.820102 0.884600
vt 0.816574 0.884476
vt 0.818265 0.922183
vt 0.814384 0.921919
vt 0.818403 0.957663
vt 0.815527 0.957429
vt 0.814545 0.995561
vt 0.810902 0.994598
vt 0.815967 0.540090
vt 0.823528 0.538367
vt 0.822096 0.525510
vt 0.133065 0.520072
vt 0.124570 0.525353
vt 0.146565 0.463307
vt 0.150960 0.462733
vt 0.251626 0.112026
vt 0.253072 0.074375
vt 0.257454 0.075034
vt 0.256781 0.112443
vt 0.248893 0.149833
vt 0.254108 0.150005
vt 0.243860 0.189164
vt 0.248907 0.189013
vt 0.236794 0.226918
vt 0.241267 0.226688
vt 0.226580 0.265003
vt 0.230455 0.265518
vt 0.213133 0.301567
vt 0.217177 0.301842
vt 0.209184 0.322508
vt 0.205514 0.321447
vt 0.176285 0.380343
vt 0.195796 0.341041
vt 0.199563 0.342116
vt 0.180104 0.381564
vt 0.800258 0.771648
vt 0.800922 0.751511
vt 0.801396 0.808935
vt 0.800787 0.845402
vt 0.799003 0.883677
vt 0.796533 0.921939
vt 0.796081 0.956273
vt 0.794821 0.989990
vt 0.127571 0.529612
vt 0.121336 0.535763
vt 0.784428 0.407871
vt 0.788352 0.412031
vt 0.763682 0.425067
vt 0.500253 0.222769
vt 0.491134 0.186833
vt 0.503563 0.259239
vt 0.499815 0.294631
vt 0.503783 0.329482
vt 0.507709 0.365808
vt 0.511644 0.400278
vt 0.510712 0.419088
vt 0.509353 0.471362
vt 0.509512 0.437686
vt 0.503517 0.536132
vt 0.504817 0.597185
vt 0.010178 0.651119
vt 0.008930 0.716204
vt 0.009318 0.747077
vt 0.011250 0.775291
vt 0.011427 0.761071
vt 0.010015 0.805525
vt 0.009449 0.834301
vt 0.007490 0.865360
vt 0.005877 0.896596
vt 0.004641 0.927941
vt 0.002887 0.960332
vt 0.497880 0.607078
vt 0.779354 0.404667
vt 0.493375 0.613130
vt 0.479546 0.613726
vt 0.760948 0.419426
vt 0.800231 0.432853
vt 0.808094 0.453893
vt 0.813593 0.477177
vt 0.817505 0.498171
vt 0.819060 0.513710
vt 0.100135 0.551889
vt 0.115518 0.557213
vt 0.080367 0.551382
vt 0.063049 0.553130
vt 0.041355 0.557778
vt 0.023042 0.564107
vt 0.820654 0.517991
vt 0.787974 0.516796
vt 0.401988 0.803752
vt 0.394380 0.803589
vt 0.393556 0.769467
vt 0.401364 0.770135
vt 0.393232 0.751108
vt 0.401377 0.751494
vt 0.400462 0.732855
vt 0.393865 0.732749
vt 0.393930 0.698242
vt 0.401288 0.698580
vt 0.395527 0.660215
vt 0.401729 0.661405
vt 0.396982 0.623284
vt 0.402813 0.624049
vt 0.398625 0.586087
vt 0.404368 0.586757
vt 0.400567 0.549005
vt 0.406825 0.549910
vt 0.406117 0.511951
vt 0.410015 0.513255
vt 0.742479 0.155195
vt 0.752398 0.152352
vt 0.753671 0.171924
vt 0.744107 0.174310
vt 0.404743 0.869354
vt 0.398846 0.869775
vt 0.755273 0.188028
vt 0.745010 0.191186
vt 0.462091 0.075857
vt 0.458953 0.078060
vt 0.454483 0.075599
vt 0.456498 0.072034
vt 0.428850 0.097378
vt 0.404450 0.093306
vt 0.409733 0.075384
vt 0.432108 0.079815
vt 0.751298 0.115059
vt 0.740222 0.116462
vt 0.740334 0.098160
vt 0.751384 0.096751
vt 0.283161 0.539288
vt 0.199684 0.534194
vt 0.199629 0.495685
vt 0.285034 0.501410
vt 0.283923 0.577339
vt 0.203039 0.572585
vt 0.285592 0.616224
vt 0.207164 0.611988
vt 0.288415 0.654547
vt 0.212716 0.650480
vt 0.293011 0.692300
vt 0.220900 0.688292
vt 0.298940 0.728081
vt 0.231064 0.724929
vt 0.309520 0.766121
vt 0.248460 0.763505
vt 0.239915 0.744180
vt 0.304263 0.747129
vt 0.321104 0.802618
vt 0.267412 0.801981
vt 0.338522 0.875963
vt 0.295356 0.880440
vt 0.395404 0.870111
vt 0.741105 0.137738
vt 0.751350 0.136012
vt 0.378466 0.932347
vt 0.397932 0.930050
vt 0.369248 0.221631
vt 0.325960 0.221631
vt 0.353638 0.143315
vt 0.388170 0.147934
vt 0.359178 0.253409
vt 0.310487 0.254030
vt 0.354415 0.267488
vt 0.303302 0.269056
vt 0.344454 0.310718
vt 0.287954 0.313806
vt 0.295917 0.284096
vt 0.349765 0.281539
vt 0.340276 0.339651
vt 0.281297 0.344280
vt 0.337412 0.370741
vt 0.276541 0.376291
vt 0.336527 0.402093
vt 0.275616 0.408615
vt 0.336550 0.432584
vt 0.275618 0.439697
vt 0.338346 0.463002
vt 0.278903 0.470440
vt 0.443019 0.426796
vt 0.442920 0.457467
vt 0.442373 0.396305
vt 0.441608 0.365639
vt 0.440991 0.334959
vt 0.440914 0.307229
vt 0.440895 0.277148
vt 0.441722 0.250659
vt 0.441037 0.263865
vt 0.442892 0.220170
vt 0.446583 0.154229
vt 0.395035 0.073486
vt 0.391973 0.091001
vt 0.449201 0.100849
vt 0.450702 0.083093
vt 0.455113 0.456168
vt 0.447450 0.457526
vt 0.447674 0.426820
vt 0.454240 0.426787
vt 0.447020 0.396183
vt 0.453555 0.396168
vt 0.446147 0.365462
vt 0.452529 0.365418
vt 0.445340 0.334809
vt 0.451722 0.334699
vt 0.445094 0.307105
vt 0.451702 0.306974
vt 0.444743 0.276950
vt 0.450750 0.276877
vt 0.450611 0.263528
vt 0.444700 0.263677
vt 0.445309 0.250439
vt 0.451578 0.250215
vt 0.445988 0.220022
vt 0.451332 0.219842
vt 0.448976 0.154483
vt 0.453645 0.154715
vt 0.456753 0.099068
vt 0.451942 0.099872
vt 0.405498 0.930313
vt 0.305322 0.221305
vt 0.342391 0.141237
vt 0.285046 0.254380
vt 0.276696 0.270222
vt 0.254522 0.316602
vt 0.267932 0.285991
vt 0.246356 0.348074
vt 0.240214 0.380674
vt 0.237805 0.413861
vt 0.237506 0.445598
vt 0.241999 0.476534
vt 0.372561 0.087195
vt 0.375919 0.070466
vt 0.348962 0.070205
vt 0.346442 0.067521
vt 0.350249 0.061113
vt 0.351893 0.063852
vt 0.431872 0.898870
vt 0.453052 0.900964
vt 0.446073 0.936777
vt 0.426340 0.930604
vt 0.434778 0.865135
vt 0.455880 0.865817
vt 0.435831 0.830418
vt 0.456801 0.830610
vt 0.435969 0.795678
vt 0.456891 0.795394
vt 0.436686 0.763455
vt 0.456136 0.760471
vt 0.435189 0.729521
vt 0.455986 0.727671
vt 0.433847 0.696926
vt 0.453636 0.693229
vt 0.453741 0.710664
vt 0.433731 0.713122
vt 0.431427 0.662902
vt 0.452330 0.660749
vt 0.428244 0.594897
vt 0.449144 0.595151
vt 0.453445 0.532294
vt 0.428854 0.536628
vt 0.740298 0.093945
vt 0.726927 0.093917
vt 0.728788 0.087768
vt 0.740345 0.088963
vt 0.727380 0.098022
vt 0.726113 0.116975
vt 0.726457 0.139138
vt 0.727803 0.159994
vt 0.729239 0.179727
vt 0.730178 0.195043
vt 0.729997 0.204626
vt 0.742081 0.202857
vt 0.744662 0.208572
vt 0.733244 0.209820
vt 0.361380 0.085441
vt 0.363129 0.068620
vt 0.285546 0.216733
vt 0.264345 0.250073
vt 0.256526 0.256223
vt 0.281192 0.215201
vt 0.317739 0.136200
vt 0.321885 0.137987
vt 0.258874 0.268129
vt 0.252795 0.267976
vt 0.251886 0.284697
vt 0.240899 0.316417
vt 0.232934 0.315913
vt 0.245461 0.284835
vt 0.232864 0.346467
vt 0.225470 0.346540
vt 0.225678 0.381570
vt 0.218809 0.383123
vt 0.223035 0.415369
vt 0.216880 0.415710
vt 0.222483 0.447939
vt 0.216845 0.449141
vt 0.228127 0.479983
vt 0.221523 0.482720
vt 0.338792 0.080076
vt 0.342002 0.081970
vt 0.750102 0.369067
vt 0.756374 0.368040
vt 0.758107 0.417669
vt 0.750961 0.411243
vt 0.758290 0.432052
vt 0.241051 0.283594
vt 0.228600 0.314149
vt 0.219937 0.346613
vt 0.214465 0.383124
vt 0.213037 0.415139
vt 0.213465 0.449502
vt 0.216304 0.483622
vt 0.744901 0.222736
vt 0.756794 0.222143
vt 0.756202 0.281450
vt 0.745939 0.282129
vt 0.756895 0.207450
vt 0.327910 0.137759
vt 0.291261 0.218002
vt 0.270459 0.251375
vt 0.263195 0.268477
vt 0.254750 0.284786
vt 0.242981 0.316119
vt 0.234703 0.347188
vt 0.227857 0.381282
vt 0.225235 0.415126
vt 0.224733 0.447578
vt 0.229865 0.479271
vt 0.347706 0.080194
vt 0.359234 0.957165
vt 0.336428 0.958421
vt 0.329706 0.936175
vt 0.354020 0.933638
vt 0.382191 0.953787
vt 0.399351 0.948751
vt 0.406494 0.944686
vt 0.402461 0.946951
vt 0.402079 0.929813
vt 0.430555 0.512856
vt 0.439727 0.515021
vt 0.464257 0.098122
vt 0.453617 0.083869
vt 0.317202 0.956160
vt 0.305247 0.952552
vt 0.299243 0.939253
vt 0.311373 0.937993
vt 0.175622 0.533773
vt 0.174520 0.495420
vt 0.179581 0.571789
vt 0.184332 0.611067
vt 0.190630 0.649454
vt 0.199862 0.687204
vt 0.211308 0.723964
vt 0.230738 0.762649
vt 0.221118 0.743316
vt 0.251756 0.801755
vt 0.282785 0.881754
vt 0.737715 0.369497
vt 0.738697 0.413015
vt 0.731997 0.412122
vt 0.730675 0.369472
vt 0.727896 0.281651
vt 0.733587 0.282393
vt 0.741739 0.433426
vt 0.732802 0.432318
vt 0.741615 0.454020
vt 0.743715 0.490225
vt 0.736888 0.489451
vt 0.733799 0.452645
vt 0.745957 0.529745
vt 0.741227 0.528628
vt 0.749138 0.564557
vt 0.744903 0.564461
vt 0.752815 0.601691
vt 0.748344 0.602333
vt 0.756385 0.638089
vt 0.752836 0.640059
vt 0.771217 0.673454
vt 0.768275 0.675824
vt 0.723594 0.222683
vt 0.732587 0.222983
vt 0.721772 0.209931
vt 0.289766 0.940808
vt 0.270261 0.885429
vt 0.274480 0.884146
vt 0.294969 0.940886
vt 0.160786 0.495639
vt 0.162712 0.533859
vt 0.157593 0.534079
vt 0.156387 0.496376
vt 0.166305 0.571541
vt 0.161233 0.572021
vt 0.172140 0.611287
vt 0.167089 0.611611
vt 0.179833 0.648597
vt 0.175152 0.648482
vt 0.191247 0.687241
vt 0.187346 0.687914
vt 0.206825 0.724119
vt 0.202129 0.723980
vt 0.210976 0.744883
vt 0.215180 0.743774
vt 0.224275 0.763058
vt 0.220168 0.764541
vt 0.243471 0.801959
vt 0.239391 0.803468
vt 0.761217 0.489995
vt 0.760539 0.454042
vt 0.763252 0.525970
vt 0.766437 0.565360
vt 0.769793 0.599159
vt 0.774356 0.634061
vt 0.785372 0.665009
vt 0.301634 0.955215
vt 0.296577 0.950493
vt 0.722942 0.096531
vt 0.723718 0.092283
vt 0.751392 0.093052
vt 0.458356 0.901740
vt 0.451067 0.938205
vt 0.461105 0.866043
vt 0.462160 0.830591
vt 0.462228 0.795234
vt 0.461564 0.759974
vt 0.461285 0.727293
vt 0.458919 0.692655
vt 0.459259 0.710119
vt 0.457697 0.660263
vt 0.454725 0.594927
vt 0.456634 0.532097
vt 0.461148 0.154914
vt 0.459070 0.219575
vt 0.459381 0.249545
vt 0.458345 0.262956
vt 0.459577 0.306059
vt 0.458810 0.276242
vt 0.459640 0.334433
vt 0.460779 0.365082
vt 0.461861 0.395978
vt 0.462224 0.426951
vt 0.463074 0.458930
vt 0.457100 0.518900
vt 0.451288 0.516196
vt 0.453993 0.517824
vt 0.726173 0.085835
vt 0.749583 0.087621
vt 0.722601 0.116011
vt 0.722424 0.139515
vt 0.721828 0.162626
vt 0.721412 0.182978
vt 0.721846 0.198134
vt 0.377933 0.054549
vt 0.378212 0.059040
vt 0.363849 0.061698
vt 0.362380 0.057933
vt 0.397688 0.055630
vt 0.397356 0.060204
vt 0.414244 0.058148
vt 0.413484 0.062657
vt 0.435214 0.063608
vt 0.434309 0.067946
vt 0.452909 0.070122
vt 0.451455 0.074188
vt 0.722260 0.205184
vt 0.753728 0.200697
vt 0.304786 0.956816
vt 0.118930 0.537067
vt 0.248708 0.266162
vt 0.471751 0.613156
vt 0.409224 0.946701
vt 0.404180 0.950810
vt 0.400904 0.952455
vt 0.383284 0.958017
vt 0.361057 0.961403
vt 0.338546 0.962006
vt 0.318821 0.960533
vt 0.042503 0.538234
vt 0.062179 0.540970
vt 0.023054 0.531931
vt 0.019040 0.529655
vt 0.014606 0.526412
vt 0.104050 0.541129
vt 0.084024 0.542376
vt 0.497045 0.610466
vt 0.958178 0.865018
vt 0.958782 0.865008
vt 0.962390 0.992270
vt 0.961784 0.992290
vt 0.958320 0.847080
vt 0.957713 0.847095
vt 0.957219 0.828251
vt 0.957823 0.828236
vt 0.957426 0.809446
vt 0.956822 0.809460
vt 0.956447 0.790661
vt 0.957053 0.790648
vt 0.956649 0.771858
vt 0.956045 0.771871
vt 0.955667 0.753067
vt 0.956274 0.753054
vt 0.955863 0.734253
vt 0.955256 0.734265
vt 0.954857 0.715439
vt 0.955469 0.715425
vt 0.955192 0.695653
vt 0.954564 0.695680
vt 0.954468 0.675894
vt 0.955104 0.675888
vt 0.955125 0.656260
vt 0.954487 0.656260
vt 0.954567 0.636635
vt 0.955208 0.636637
vt 0.955376 0.616960
vt 0.954731 0.616953
vt 0.954766 0.597301
vt 0.955405 0.597309
vt 0.955620 0.577687
vt 0.954973 0.577684
vt 0.954883 0.557978
vt 0.955520 0.557978
vt 0.970177 0.864198
vt 0.970781 0.864186
vt 0.974422 0.991453
vt 0.973844 0.992328
vt 0.970255 0.846545
vt 0.969647 0.846559
vt 0.969299 0.827937
vt 0.969900 0.827920
vt 0.969332 0.809161
vt 0.968721 0.809176
vt 0.968549 0.790397
vt 0.969149 0.790383
vt 0.968566 0.771595
vt 0.967955 0.771609
vt 0.967784 0.752813
vt 0.968384 0.752800
vt 0.967816 0.734005
vt 0.967203 0.734017
vt 0.967070 0.715206
vt 0.967675 0.715195
vt 0.967543 0.695528
vt 0.966908 0.695532
vt 0.967177 0.675815
vt 0.967808 0.675816
vt 0.967671 0.656310
vt 0.967025 0.656307
vt 0.967338 0.636728
vt 0.967974 0.636733
vt 0.967990 0.617188
vt 0.967344 0.617179
vt 0.967575 0.597527
vt 0.968214 0.597538
vt 0.968241 0.577855
vt 0.967595 0.577851
vt 0.967715 0.557977
vt 0.968355 0.557978
vt 0.938957 0.847563
vt 0.938353 0.847580
vt 0.937841 0.828737
vt 0.938448 0.828725
vt 0.938153 0.809864
vt 0.937552 0.809876
vt 0.936984 0.791062
vt 0.937593 0.791051
vt 0.937345 0.772241
vt 0.936743 0.772253
vt 0.936182 0.753463
vt 0.936792 0.753450
vt 0.936507 0.734646
vt 0.935904 0.734663
vt 0.935233 0.715876
vt 0.935846 0.715855
vt 0.935232 0.695908
vt 0.934604 0.695946
vt 0.934024 0.676047
vt 0.934666 0.676033
vt 0.934691 0.656349
vt 0.934055 0.656352
vt 0.933924 0.636627
vt 0.934568 0.636623
vt 0.934726 0.616934
vt 0.934083 0.616939
vt 0.934208 0.597297
vt 0.934849 0.597291
vt 0.934979 0.577704
vt 0.934336 0.577710
vt 0.934389 0.558035
vt 0.935029 0.558033
vt 0.989665 0.845955
vt 0.989060 0.845977
vt 0.988638 0.827411
vt 0.989244 0.827393
vt 0.988805 0.808683
vt 0.988200 0.808699
vt 0.987836 0.789934
vt 0.988441 0.789919
vt 0.988042 0.771150
vt 0.987436 0.771165
vt 0.987085 0.752379
vt 0.987690 0.752365
vt 0.987327 0.733595
vt 0.986721 0.733608
vt 0.986507 0.714859
vt 0.987112 0.714847
vt 0.987863 0.695410
vt 0.987220 0.695402
vt 0.987549 0.675923
vt 0.988192 0.675931
vt 0.988311 0.656478
vt 0.987670 0.656469
vt 0.987851 0.636961
vt 0.988492 0.636971
vt 0.988621 0.617367
vt 0.987980 0.617363
vt 0.988147 0.597713
vt 0.988789 0.597714
vt 0.988851 0.578002
vt 0.988209 0.578001
vt 0.988311 0.558047
vt 0.988953 0.558050
vt 0.883746 0.857692
vt 0.883184 0.857697
vt 0.882910 0.840034
vt 0.883472 0.840027
vt 0.883182 0.822400
vt 0.882619 0.822405
vt 0.882504 0.804747
vt 0.883078 0.804737
vt 0.882770 0.787089
vt 0.882179 0.787114
vt 0.882076 0.769412
vt 0.882713 0.769352
vt 0.882638 0.751625
vt 0.882045 0.751619
vt 0.881813 0.733260
vt 0.882407 0.733249
vt 0.882162 0.714885
vt 0.881569 0.714882
vt 0.881250 0.696521
vt 0.881843 0.696507
vt 0.881502 0.678429
vt 0.880909 0.678428
vt 0.880474 0.660032
vt 0.881067 0.660019
vt 0.880635 0.641579
vt 0.880038 0.641576
vt 0.879400 0.623414
vt 0.879993 0.623419
vt 0.880502 0.605220
vt 0.879908 0.605212
vt 0.879073 0.586895
vt 0.879662 0.586890
vt 0.895013 0.857331
vt 0.894437 0.857337
vt 0.894165 0.839869
vt 0.894743 0.839862
vt 0.894480 0.822240
vt 0.893897 0.822246
vt 0.893836 0.804609
vt 0.894419 0.804598
vt 0.894190 0.786937
vt 0.893606 0.786961
vt 0.893691 0.769295
vt 0.894244 0.769245
vt 0.894458 0.751591
vt 0.893861 0.751586
vt 0.893536 0.733220
vt 0.894127 0.733219
vt 0.893973 0.714774
vt 0.893376 0.714773
vt 0.892964 0.696411
vt 0.893554 0.696406
vt 0.893305 0.678278
vt 0.892709 0.678279
vt 0.892192 0.659944
vt 0.892783 0.659939
vt 0.892457 0.641566
vt 0.891863 0.641561
vt 0.891300 0.623445
vt 0.891893 0.623451
vt 0.892112 0.605247
vt 0.891519 0.605240
vt 0.890941 0.586781
vt 0.891534 0.586775
vt 0.861216 0.874967
vt 0.861781 0.874955
vt 0.863349 0.994470
vt 0.862781 0.994476
vt 0.861573 0.858007
vt 0.861010 0.858016
vt 0.860882 0.840304
vt 0.861441 0.840297
vt 0.861267 0.822639
vt 0.860707 0.822649
vt 0.860349 0.805024
vt 0.860919 0.805014
vt 0.860672 0.787340
vt 0.860079 0.787355
vt 0.859487 0.769618
vt 0.860107 0.769661
vt 0.859194 0.751935
vt 0.858601 0.751938
vt 0.858481 0.733589
vt 0.859074 0.733580
vt 0.858734 0.715306
vt 0.858142 0.715311
vt 0.857942 0.696948
vt 0.858536 0.696938
vt 0.858091 0.678947
vt 0.857498 0.678954
vt 0.857150 0.660540
vt 0.857743 0.660526
vt 0.857093 0.642136
vt 0.856498 0.642152
vt 0.856114 0.623699
vt 0.856705 0.623708
vt 0.857060 0.605452
vt 0.856466 0.605458
vt 0.855763 0.587120
vt 0.856354 0.587114
vt 0.917626 0.856977
vt 0.917053 0.856989
vt 0.916874 0.839549
vt 0.917449 0.839542
vt 0.917283 0.873452
vt 0.917853 0.873437
vt 0.919626 0.993643
vt 0.919057 0.993650
vt 0.917335 0.821998
vt 0.916758 0.822003
vt 0.916618 0.804403
vt 0.917196 0.804400
vt 0.917249 0.786774
vt 0.916671 0.786778
vt 0.916793 0.769155
vt 0.917370 0.769146
vt 0.917838 0.751558
vt 0.917245 0.751542
vt 0.916902 0.733038
vt 0.917495 0.733039
vt 0.917348 0.714562
vt 0.916755 0.714551
vt 0.916318 0.696069
vt 0.916910 0.696066
vt 0.916675 0.677931
vt 0.916083 0.677926
vt 0.915518 0.659529
vt 0.916111 0.659521
vt 0.915835 0.641232
vt 0.915242 0.641238
vt 0.914711 0.623190
vt 0.915303 0.623182
vt 0.915440 0.604997
vt 0.914848 0.604994
vt 0.914358 0.586555
vt 0.914951 0.586550
vt 0.637249 0.528786
vt 0.637095 0.529182
vt 0.623472 0.526115
vt 0.623857 0.525704
vt 0.615618 0.523135
vt 0.615220 0.523070
vt 0.613864 0.508578
vt 0.614500 0.508646
vt 0.615437 0.523373
vt 0.623466 0.525615
vt 0.605629 0.528572
vt 0.605233 0.528172
vt 0.626408 0.509636
vt 0.627035 0.509758
vt 0.651231 0.631210
vt 0.650889 0.630687
vt 0.669029 0.632453
vt 0.669334 0.633350
vt 0.684568 0.636891
vt 0.684153 0.636879
vt 0.683491 0.630211
vt 0.684001 0.630240
vt 0.684351 0.637173
vt 0.696406 0.643538
vt 0.696134 0.644078
vt 0.674876 0.643625
vt 0.674619 0.643046
vt 0.611983 0.291460
vt 0.612193 0.291418
vt 0.669596 0.633264
vt 0.671641 0.290106
vt 0.672208 0.289332
vt 0.686274 0.292065
vt 0.686784 0.292101
vt 0.686414 0.654055
vt 0.922249 0.577862
vt 0.922492 0.558092
vt 0.922020 0.617126
vt 0.922141 0.597488
vt 0.922069 0.656474
vt 0.921874 0.636750
vt 0.922668 0.696169
vt 0.921940 0.676204
vt 0.924524 0.734916
vt 0.923757 0.716175
vt 0.925371 0.772474
vt 0.924745 0.753693
vt 0.926186 0.810101
vt 0.925550 0.791284
vt 0.926832 0.847667
vt 0.926420 0.828951
vt 0.699760 0.632348
vt 0.644352 0.512582
vt 0.644507 0.513001
vt 0.845134 0.605785
vt 0.844819 0.587225
vt 0.845470 0.642648
vt 0.844994 0.624112
vt 0.846482 0.679303
vt 0.845865 0.661007
vt 0.847127 0.715618
vt 0.846645 0.697310
vt 0.847585 0.752238
vt 0.847177 0.733931
vt 0.849441 0.787537
vt 0.848566 0.769937
vt 0.850126 0.822795
vt 0.849518 0.805185
vt 0.850365 0.857956
vt 0.850085 0.840426
vt 0.612830 0.534997
vt 0.622435 0.291014
vt 0.596469 0.509294
vt 0.595951 0.508873
vt 0.597388 0.291636
vt 0.989561 0.863564
vt 0.993196 0.990923
vt 0.939399 0.865570
vt 0.942972 0.993259
vt 0.897663 0.994350
vt 0.897213 0.993928
vt 0.895282 0.873854
vt 0.852033 0.994576
vt 0.850475 0.874602
vt 0.883461 0.874588
vt 0.885340 0.994133
vt 0.884904 0.994583
vt 0.938795 0.865594
vt 0.927400 0.865475
vt 0.990164 0.863537
vt 0.894711 0.873859
vt 0.884025 0.874584
vt 0.955277 0.252309
vt 0.957440 0.124589
vt 0.958048 0.124602
vt 0.955883 0.252313
vt 0.955624 0.270302
vt 0.955341 0.289213
vt 0.954735 0.289204
vt 0.955015 0.270296
vt 0.955158 0.308068
vt 0.955000 0.326930
vt 0.954392 0.326924
vt 0.954552 0.308061
vt 0.954812 0.345785
vt 0.954662 0.364654
vt 0.954053 0.364650
vt 0.954206 0.345780
vt 0.954491 0.383529
vt 0.954371 0.402411
vt 0.953760 0.402412
vt 0.953883 0.383527
vt 0.954272 0.421340
vt 0.954188 0.440099
vt 0.953550 0.440142
vt 0.953657 0.421349
vt 0.954686 0.459753
vt 0.955023 0.479366
vt 0.954381 0.479374
vt 0.954047 0.459762
vt 0.955322 0.499004
vt 0.955406 0.518652
vt 0.954767 0.518663
vt 0.954676 0.499015
vt 0.955630 0.538267
vt 0.954983 0.538274
vt 0.967323 0.252995
vt 0.969538 0.124413
vt 0.970128 0.125285
vt 0.967930 0.253000
vt 0.967604 0.270703
vt 0.967460 0.289391
vt 0.966857 0.289381
vt 0.966993 0.270696
vt 0.967105 0.308214
vt 0.967135 0.327050
vt 0.966534 0.327044
vt 0.966491 0.308206
vt 0.966767 0.345898
vt 0.966801 0.364739
vt 0.966199 0.364735
vt 0.966154 0.345892
vt 0.966459 0.383583
vt 0.966559 0.402416
vt 0.965956 0.402420
vt 0.965845 0.383581
vt 0.966470 0.421266
vt 0.967033 0.440125
vt 0.966387 0.440119
vt 0.965845 0.421276
vt 0.967278 0.459572
vt 0.967832 0.479146
vt 0.967193 0.479157
vt 0.966629 0.459582
vt 0.967956 0.498727
vt 0.968226 0.518391
vt 0.967586 0.518400
vt 0.967309 0.498738
vt 0.968254 0.538093
vt 0.967609 0.538099
vt 0.935825 0.251953
vt 0.937935 0.124732
vt 0.938557 0.123832
vt 0.936431 0.251970
vt 0.936194 0.270041
vt 0.935899 0.288946
vt 0.935290 0.288941
vt 0.935588 0.270030
vt 0.935820 0.307874
vt 0.935476 0.326759
vt 0.934865 0.326755
vt 0.935217 0.307869
vt 0.935451 0.345643
vt 0.935132 0.364523
vt 0.934520 0.364519
vt 0.934847 0.345639
vt 0.935114 0.383423
vt 0.934777 0.402356
vt 0.934164 0.402352
vt 0.934511 0.383419
vt 0.934662 0.421313
vt 0.934009 0.440395
vt 0.933383 0.440391
vt 0.934054 0.421309
vt 0.934287 0.459987
vt 0.934360 0.479603
vt 0.933715 0.479608
vt 0.933652 0.459995
vt 0.934646 0.499231
vt 0.934841 0.518814
vt 0.934199 0.518814
vt 0.934002 0.499233
vt 0.934989 0.538359
vt 0.934345 0.538360
vt 0.987082 0.271072
vt 0.986871 0.289697
vt 0.986264 0.289686
vt 0.986475 0.271057
vt 0.986645 0.308468
vt 0.986495 0.327289
vt 0.985887 0.327281
vt 0.986037 0.308459
vt 0.986308 0.346106
vt 0.986171 0.364927
vt 0.985563 0.364920
vt 0.985700 0.346099
vt 0.986018 0.383693
vt 0.986023 0.402405
vt 0.985416 0.402402
vt 0.985410 0.383687
vt 0.986245 0.420957
vt 0.987600 0.439368
vt 0.986962 0.439439
vt 0.985638 0.420966
vt 0.988082 0.459098
vt 0.988393 0.478817
vt 0.987752 0.478826
vt 0.987441 0.459119
vt 0.988626 0.498553
vt 0.988809 0.518325
vt 0.988166 0.518319
vt 0.987985 0.498551
vt 0.988862 0.538109
vt 0.988220 0.538102
vt 0.878393 0.313356
vt 0.878341 0.331349
vt 0.877773 0.331351
vt 0.877824 0.313358
vt 0.878343 0.349302
vt 0.878706 0.367306
vt 0.878131 0.367319
vt 0.877775 0.349308
vt 0.879127 0.385392
vt 0.879303 0.403766
vt 0.878709 0.403770
vt 0.878533 0.385417
vt 0.879471 0.422127
vt 0.879591 0.440504
vt 0.878997 0.440505
vt 0.878878 0.422145
vt 0.879698 0.458869
vt 0.879732 0.477250
vt 0.879139 0.477248
vt 0.879105 0.458884
vt 0.879738 0.495331
vt 0.879658 0.513747
vt 0.879065 0.513745
vt 0.879146 0.495344
vt 0.879581 0.532192
vt 0.879290 0.550361
vt 0.878697 0.550377
vt 0.878985 0.532206
vt 0.880149 0.568546
vt 0.879554 0.568565
vt 0.889880 0.313561
vt 0.889843 0.331322
vt 0.889252 0.331324
vt 0.889292 0.313563
vt 0.889892 0.349224
vt 0.890363 0.367159
vt 0.889766 0.367175
vt 0.889298 0.349232
vt 0.890952 0.385056
vt 0.891027 0.403475
vt 0.890437 0.403491
vt 0.890356 0.385079
vt 0.891289 0.421937
vt 0.891309 0.440311
vt 0.890719 0.440321
vt 0.890693 0.421953
vt 0.891509 0.458755
vt 0.891443 0.477126
vt 0.890852 0.477133
vt 0.890913 0.458767
vt 0.891542 0.495256
vt 0.891373 0.513600
vt 0.890783 0.513608
vt 0.890947 0.495266
vt 0.891401 0.531976
vt 0.891186 0.550099
vt 0.890594 0.550116
vt 0.890808 0.531993
vt 0.891756 0.568296
vt 0.891163 0.568313
vt 0.855308 0.296032
vt 0.855329 0.174146
vt 0.855908 0.174145
vt 0.855883 0.296036
vt 0.855895 0.313345
vt 0.855984 0.331423
vt 0.855416 0.331424
vt 0.855324 0.313342
vt 0.856022 0.349481
vt 0.855778 0.367549
vt 0.855204 0.367548
vt 0.855453 0.349480
vt 0.855656 0.385757
vt 0.855949 0.404018
vt 0.855355 0.404022
vt 0.855062 0.385768
vt 0.856025 0.422262
vt 0.856256 0.440618
vt 0.855662 0.440621
vt 0.855433 0.422270
vt 0.856267 0.458897
vt 0.856421 0.477267
vt 0.855828 0.477268
vt 0.855674 0.458904
vt 0.856322 0.495264
vt 0.856329 0.513688
vt 0.855735 0.513685
vt 0.855730 0.495268
vt 0.856033 0.532087
vt 0.856000 0.550520
vt 0.855409 0.550540
vt 0.855437 0.532083
vt 0.856707 0.568766
vt 0.856112 0.568771
vt 0.912971 0.313626
vt 0.913055 0.331305
vt 0.912468 0.331305
vt 0.912385 0.313622
vt 0.912387 0.296907
vt 0.912756 0.174285
vt 0.913337 0.174285
vt 0.912969 0.296913
vt 0.913264 0.349055
vt 0.913506 0.366766
vt 0.912921 0.366773
vt 0.912677 0.349058
vt 0.914318 0.384380
vt 0.914399 0.403012
vt 0.913806 0.403027
vt 0.913727 0.384410
vt 0.914666 0.421525
vt 0.914677 0.440044
vt 0.914084 0.440056
vt 0.914074 0.421553
vt 0.914884 0.458519
vt 0.914801 0.477018
vt 0.914209 0.477026
vt 0.914292 0.458541
vt 0.914915 0.495153
vt 0.914705 0.513570
vt 0.914112 0.513574
vt 0.914323 0.495170
vt 0.914781 0.531860
vt 0.914597 0.549918
vt 0.914005 0.549921
vt 0.914189 0.531866
vt 0.915084 0.568097
vt 0.914493 0.568111
vt 0.523651 0.523112
vt 0.537330 0.520627
vt 0.537724 0.521158
vt 0.523830 0.523602
vt 0.546200 0.518472
vt 0.547673 0.501242
vt 0.548266 0.501271
vt 0.546640 0.518469
vt 0.546350 0.518789
vt 0.537749 0.520546
vt 0.557234 0.525137
vt 0.556845 0.525622
vt 0.536194 0.501097
vt 0.536776 0.501058
vt 0.654345 0.291548
vt 0.671895 0.289194
vt 0.653973 0.292171
vt 0.687293 0.285290
vt 0.686881 0.285319
vt 0.687077 0.285017
vt 0.698832 0.278053
vt 0.699093 0.278593
vt 0.677817 0.278978
vt 0.678052 0.278407
vt 0.554318 0.290726
vt 0.553826 0.290709
vt 0.544047 0.290200
vt 0.543444 0.291008
vt 0.689555 0.268029
vt 0.922258 0.538332
vt 0.922130 0.518763
vt 0.921935 0.499204
vt 0.921657 0.479649
vt 0.921692 0.459974
vt 0.921711 0.440309
vt 0.922580 0.421186
vt 0.922677 0.402238
vt 0.923099 0.383327
vt 0.923047 0.364433
vt 0.923437 0.345553
vt 0.923393 0.326666
vt 0.923812 0.307773
vt 0.923830 0.288857
vt 0.924029 0.270075
vt 0.702291 0.289679
vt 0.520529 0.502513
vt 0.520827 0.501972
vt 0.844776 0.568662
vt 0.844283 0.550342
vt 0.844402 0.531799
vt 0.844443 0.513436
vt 0.844708 0.495131
vt 0.844526 0.477124
vt 0.844655 0.458808
vt 0.844354 0.440495
vt 0.844413 0.422181
vt 0.844044 0.403902
vt 0.844038 0.385690
vt 0.844118 0.367694
vt 0.844591 0.349466
vt 0.844382 0.331437
vt 0.844456 0.313532
vt 0.548585 0.532950
vt 0.567897 0.290807
vt 0.564072 0.503058
vt 0.563618 0.503458
vt 0.988968 0.125603
vt 0.986776 0.253409
vt 0.889968 0.296767
vt 0.890477 0.174251
vt 0.890935 0.173819
vt 0.844356 0.296584
vt 0.844370 0.174181
vt 0.877913 0.296123
vt 0.877915 0.173752
vt 0.878363 0.174203
vt 0.924396 0.252203
vt 0.987382 0.253430
vt 0.889384 0.296768
vt 0.878487 0.296122
vt 0.596308 0.509777
vt 0.595726 0.509312
vt 0.595125 0.508930
vt 0.595292 0.508469
vt 0.583021 0.507764
vt 0.583048 0.507287
vt 0.896258 0.994013
vt 0.896641 0.993515
vt 0.896808 0.994425
vt 0.885901 0.993722
vt 0.897262 0.994816
vt 0.563917 0.503995
vt 0.564318 0.503611
vt 0.564648 0.502687
vt 0.564759 0.503279
vt 0.575148 0.501695
vt 0.575193 0.502262
vt 0.890057 0.173751
vt 0.889899 0.174680
vt 0.889511 0.174180
vt 0.878939 0.174615
vt 0.890519 0.173348
vt 0.578068 0.292300
vt 0.577986 0.292852
vt 0.568388 0.291625
vt 0.567991 0.290718
vt 0.527529 0.292051
vt 0.527473 0.291629
vt 0.528260 0.291444
vt 0.528100 0.292010
vt 0.544002 0.290065
vt 0.989367 0.125583
vt 0.926308 0.124519
vt 0.653589 0.292186
vt 0.654044 0.291428
vt 0.520412 0.501539
vt 0.519865 0.501150
vt 0.700270 0.631545
vt 0.702786 0.290467
vt 0.639602 0.292711
vt 0.639527 0.293269
vt 0.638925 0.293202
vt 0.638761 0.292499
vt 0.586429 0.294165
vt 0.586369 0.293714
vt 0.597282 0.291614
vt 0.596774 0.292443
vt 0.623018 0.291883
vt 0.622712 0.290939
vt 0.993593 0.990938
vt 0.942342 0.992369
vt 0.930756 0.992714
vt 0.650891 0.631341
vt 0.650499 0.630670
vt 0.644853 0.512205
vt 0.645504 0.511869
vt 0.714389 0.631108
vt 0.716854 0.290998
vn 0.176908 0.982572 0.057051
vn 0.095504 0.973671 0.206987
vn 0.441007 0.896825 0.034892
vn 0.332983 0.925348 0.181256
vn 0.223143 0.974214 0.033378
vn 0.493534 0.869042 0.034504
vn 0.213413 0.976886 0.012182
vn 0.449711 0.893108 0.010873
vn 0.191400 0.981312 -0.019814
vn 0.460723 0.884132 -0.077747
vn 0.169828 0.982811 -0.072395
vn 0.529797 0.812490 -0.243259
vn 0.151769 0.982289 -0.109885
vn 0.506614 0.776066 -0.375584
vn 0.111897 0.986000 -0.123623
vn 0.375217 0.815196 -0.441211
vn 0.062458 0.990385 -0.123441
vn 0.224019 0.863059 -0.452708
vn 0.022346 0.990786 -0.133582
vn 0.104359 0.873396 -0.475698
vn -0.003638 0.989132 -0.146987
vn -0.003348 0.877719 -0.479163
vn 0.074657 0.988299 0.133013
vn 0.064728 0.984081 0.165512
vn 0.031243 0.963938 0.264288
vn 0.036215 0.949338 0.312163
vn -0.004463 0.575346 0.817898
vn 0.011711 0.550146 0.834987
vn 0.001994 0.103295 0.994649
vn 0.009477 0.102837 0.994653
vn 0.003280 -0.408426 0.912785
vn 0.005143 -0.396909 0.917844
vn 0.003183 -0.949121 0.314895
vn -0.002096 -0.980373 0.197140
vn -0.000435 -0.999956 0.009386
vn -0.072793 0.478865 0.874865
vn 0.056008 0.451524 0.890500
vn -0.069295 0.041824 0.996719
vn 0.043515 0.026465 0.998702
vn -0.038012 -0.409109 0.911694
vn 0.065708 -0.408277 0.910490
vn -0.006740 -0.989795 0.142336
vn 0.041947 -0.953757 0.297636
vn 0.016369 -0.999759 0.014617
vn 0.150348 -0.988629 0.002700
vn 0.096918 0.991390 0.088053
vn 0.124525 0.989663 0.071144
vn 0.114210 0.993011 0.029767
vn 0.148786 0.988604 0.022925
vn 0.117445 0.993009 -0.011846
vn 0.152503 0.988194 -0.014660
vn 0.116512 0.991445 -0.058840
vn 0.141352 0.987970 -0.062731
vn 0.106847 0.990568 -0.085786
vn 0.122529 0.988040 -0.093617
vn 0.097018 0.988209 -0.118454
vn 0.084118 0.990746 -0.106519
vn 0.064741 0.988615 -0.135829
vn 0.058454 0.991449 -0.116672
vn 0.034066 0.992338 -0.118766
vn 0.031952 0.988767 -0.146012
vn 0.002921 0.992638 -0.121080
vn 0.000366 0.988685 -0.150008
vn 0.003527 0.999399 -0.034475
vn 0.037106 0.999046 -0.023026
vn -0.006322 0.999143 0.040915
vn 0.035416 0.998666 0.037584
vn -0.013417 0.995064 0.098326
vn 0.033013 0.993740 0.106726
vn -0.012551 0.979482 0.201140
vn 0.035218 0.977155 0.209588
vn -0.008651 0.936168 0.351446
vn 0.033609 0.933681 0.356525
vn 0.021809 0.554488 0.831906
vn 0.008498 0.113089 0.993549
vn -0.006102 -0.443196 0.896404
vn -0.010471 -0.938976 0.343825
vn -0.001841 0.557396 0.830245
vn 0.000857 0.111104 0.993808
vn 0.000881 -0.437581 0.899179
vn 0.001249 -0.933302 0.359089
vn 0.029684 -0.999485 -0.012221
vn 0.188122 -0.979989 -0.065052
vn 0.002301 -0.998780 -0.049319
vn 0.048745 -0.986394 -0.157005
vn 0.071561 -0.991099 -0.112259
vn 0.096785 -0.990833 -0.094248
vn 0.079377 -0.992317 -0.094901
vn -0.002772 -0.985435 -0.170031
vn 0.873313 0.487135 0.004949
vn 0.812387 0.579670 0.063323
vn 0.924078 0.381989 -0.012821
vn 0.922259 0.386281 -0.015032
vn 0.896152 0.442831 0.028503
vn 0.930514 0.365476 0.023912
vn 0.907239 0.420296 -0.016389
vn 0.944448 0.328060 -0.019862
vn 0.901109 0.408936 -0.144131
vn 0.932224 0.328355 -0.152121
vn 0.843673 0.399254 -0.358905
vn 0.839423 0.402994 -0.364644
vn 0.747925 0.418245 -0.515441
vn 0.721533 0.431598 -0.541400
vn 0.602266 0.448149 -0.660635
vn 0.570520 0.442387 -0.691954
vn 0.421190 0.493658 -0.760855
vn 0.387608 0.468628 -0.793818
vn 0.247289 0.500523 -0.829654
vn 0.203461 0.456470 -0.866163
vn -0.000895 0.498267 -0.867023
vn 0.832679 -0.551322 -0.051862
vn 0.930722 -0.360674 -0.060590
vn 0.743529 -0.667223 0.044471
vn 0.944861 -0.327412 -0.006319
vn 0.878553 -0.463937 -0.113612
vn 0.929270 -0.352358 -0.110912
vn 0.457173 -0.359006 -0.813700
vn 0.275152 -0.387712 -0.879756
vn 0.461925 -0.280648 -0.841345
vn 0.272949 -0.292775 -0.916396
vn 0.694790 -0.350196 -0.628195
vn 0.699441 -0.268848 -0.662196
vn 0.819910 -0.387455 -0.421457
vn 0.844090 -0.272479 -0.461809
vn 0.000016 -0.315744 -0.948844
vn 0.000491 -0.387310 -0.921950
vn 0.612507 0.390670 0.687177
vn 0.892514 0.274392 0.357950
vn 0.552604 0.040593 0.832455
vn 0.808849 0.040539 0.586618
vn 0.839851 -0.154381 0.520400
vn 0.585073 -0.317749 0.746140
vn -0.166951 0.983255 0.073052
vn -0.418867 0.905788 0.064010
vn -0.122162 0.961644 0.245597
vn -0.351105 0.911402 0.214643
vn -0.182925 0.982629 0.031266
vn -0.424859 0.904495 0.037204
vn -0.176936 0.984191 0.007827
vn -0.373612 0.927572 0.004825
vn -0.168722 0.985448 -0.020637
vn -0.311878 0.949489 -0.034693
vn -0.152398 0.986137 -0.065637
vn -0.334642 0.927239 -0.168055
vn -0.137619 0.986070 -0.093420
vn -0.424750 0.839651 -0.338489
vn -0.105109 0.988797 -0.105985
vn -0.366257 0.828147 -0.424298
vn -0.060804 0.991953 -0.111047
vn -0.220721 0.869290 -0.442286
vn -0.026032 0.990939 -0.131765
vn -0.106283 0.876159 -0.470158
vn -0.043184 0.950629 0.307310
vn -0.066520 0.985908 0.153492
vn -0.039546 0.963353 0.265306
vn -0.068477 0.989775 0.125125
vn -0.026622 0.548013 0.836046
vn -0.030678 0.533945 0.844962
vn -0.027709 0.174018 0.984353
vn -0.023815 0.149175 0.988524
vn -0.013897 -0.354082 0.935111
vn -0.005997 -0.383653 0.923458
vn -0.000606 -0.984424 0.175809
vn 0.003592 -0.944387 0.328816
vn 0.018965 0.441488 0.897067
vn -0.033194 0.425250 0.904467
vn 0.005305 0.178166 0.983986
vn -0.024409 0.155130 0.987593
vn -0.021136 -0.308257 0.951068
vn -0.106578 -0.312651 0.943870
vn -0.008840 -0.992455 0.122289
vn -0.114351 -0.951385 0.285991
vn -0.022704 -0.999645 0.013952
vn -0.203907 -0.978983 0.003690
vn -0.098289 0.991577 0.084349
vn -0.109405 0.991783 0.066310
vn -0.119125 0.992215 0.036313
vn -0.136391 0.990319 0.025813
vn -0.127262 0.991866 -0.002390
vn -0.144508 0.989464 -0.008833
vn -0.130539 0.990116 -0.051285
vn -0.141966 0.988275 -0.056196
vn -0.123329 0.989273 -0.078292
vn -0.130703 0.987760 -0.085132
vn -0.100398 0.989423 -0.104699
vn -0.108141 0.987527 -0.114441
vn -0.072793 0.990111 -0.119925
vn -0.035246 0.991862 -0.122344
vn -0.075346 0.987560 -0.138016
vn -0.035157 0.988162 -0.149332
vn -0.047888 0.998766 -0.013149
vn -0.059614 0.997030 0.048755
vn -0.059514 0.992520 0.106594
vn -0.053720 0.978583 0.198720
vn -0.043088 0.937811 0.344463
vn -0.026153 0.558119 0.829349
vn -0.013169 0.117624 0.992971
vn 0.002503 -0.445158 0.895449
vn 0.002568 -0.942572 0.333993
vn -0.172634 -0.983466 -0.054697
vn -0.033698 -0.999397 -0.008419
vn -0.062629 -0.991946 -0.110095
vn -0.044828 -0.988427 -0.144924
vn -0.088960 -0.992227 -0.087021
vn -0.071379 -0.992528 -0.098957
vn -0.000309 -0.999992 0.004100
vn -0.843813 0.534702 0.045541
vn -0.905102 0.423567 0.037155
vn -0.816643 0.568844 0.097525
vn -0.905053 0.420045 0.066643
vn -0.861303 0.507116 0.031472
vn -0.919835 0.391141 0.030203
vn -0.870739 0.491256 -0.021957
vn -0.940787 0.337877 -0.027534
vn -0.864081 0.485855 -0.131565
vn -0.935329 0.317081 -0.156906
vn -0.859567 0.339541 -0.381912
vn -0.801335 0.489134 -0.344399
vn -0.729076 0.406749 -0.550457
vn -0.720070 0.452997 -0.525635
vn -0.563752 0.460371 -0.685742
vn -0.594810 0.469373 -0.652602
vn -0.385983 0.481074 -0.787138
vn -0.419670 0.504172 -0.754777
vn -0.204400 0.464909 -0.861440
vn -0.247676 0.508764 -0.824509
vn -0.957023 -0.288992 0.024295
vn -0.929298 -0.368053 -0.030687
vn -0.780517 -0.621283 0.069294
vn -0.816088 -0.577068 -0.031506
vn -0.871505 -0.476754 -0.114829
vn -0.921017 -0.373157 -0.111721
vn -0.460352 -0.344250 -0.818271
vn -0.464771 -0.266642 -0.844328
vn -0.274242 -0.385596 -0.880970
vn -0.274309 -0.279133 -0.920239
vn -0.704963 -0.322172 -0.631848
vn -0.701547 -0.267483 -0.660519
vn -0.820657 -0.367616 -0.437470
vn -0.835226 -0.288953 -0.467872
vn -0.569365 0.357787 0.740143
vn -0.808479 0.274580 0.520546
vn -0.762973 0.120582 0.635085
vn -0.514618 0.116234 0.849505
vn -0.894912 -0.109929 0.432492
vn -0.693815 -0.265588 0.669391
vn -0.000514 0.449164 -0.893449
vn -0.085116 -0.996276 0.013767
vn 0.104977 -0.994283 -0.019516
vn -0.091552 -0.995794 0.003460
vn 0.101129 -0.994858 -0.005541
vn 0.091481 -0.995278 -0.032440
vn -0.088065 -0.995777 0.025931
vn 0.095149 -0.994213 -0.049877
vn -0.076341 -0.996400 0.036867
vn -0.064877 -0.996942 0.043567
vn 0.083918 -0.994612 -0.060873
vn -0.057090 -0.996646 0.058635
vn 0.074084 -0.994439 -0.074853
vn -0.044587 -0.996690 0.067975
vn 0.057680 -0.994778 -0.084201
vn -0.031625 -0.996523 0.077076
vn 0.038083 -0.995193 -0.090224
vn -0.011868 -0.997083 0.075401
vn 0.018320 -0.995708 -0.090723
vn 0.001229 -0.997981 0.063501
vn -0.000083 -0.995053 -0.099347
vn -0.091695 -0.995787 -0.000425
vn 0.091139 -0.995838 -0.000059
vn -0.085518 -0.996333 0.002563
vn 0.086847 -0.996212 0.004473
vn 0.792575 -0.592384 -0.144589
vn 0.980456 -0.096080 -0.171681
vn 0.764904 -0.642536 -0.045487
vn 0.993257 -0.098767 -0.060704
vn -0.996487 0.048358 0.068374
vn -0.991067 0.103251 0.084416
vn -0.976132 0.055741 0.209905
vn -0.965616 0.135692 0.221752
vn 0.770519 -0.593669 -0.232073
vn 0.720842 -0.599882 -0.347172
vn 0.949675 -0.104166 -0.295408
vn 0.887722 -0.104875 -0.448275
vn -0.936865 0.064041 0.343778
vn -0.921654 0.155439 0.355518
vn -0.883940 0.070636 0.462235
vn -0.858910 0.152732 0.488821
vn 0.637638 -0.630166 -0.443067
vn 0.804009 -0.101310 -0.585923
vn -0.809368 0.076202 0.582337
vn -0.780484 0.137649 0.609834
vn 0.541683 -0.645341 -0.538623
vn 0.691566 -0.095470 -0.715976
vn -0.685706 0.079484 0.723526
vn -0.664355 0.114642 0.738573
vn 0.422297 -0.652607 -0.629102
vn 0.550052 -0.090782 -0.830182
vn -0.548916 0.081681 0.831877
vn -0.535184 0.100628 0.838721
vn 0.285722 -0.642213 -0.711284
vn 0.378507 -0.090684 -0.921146
vn -0.381999 0.084819 0.920262
vn -0.379437 0.098024 0.920010
vn 0.151315 -0.658866 -0.736885
vn 0.193654 -0.092463 -0.976703
vn -0.190376 0.088428 0.977720
vn -0.189923 0.100503 0.976641
vn -0.006127 -0.678676 -0.734413
vn 0.000885 -0.096374 -0.995345
vn 0.001775 0.089367 0.995997
vn 0.001504 0.102633 0.994718
vn -0.004747 0.113344 0.993544
vn -0.231110 0.127034 0.964599
vn 0.039904 -0.039949 0.998405
vn -0.204718 -0.024408 0.978517
vn 0.971198 -0.237963 -0.012147
vn 0.686181 -0.727353 -0.010651
vn -0.998858 0.045410 0.014847
vn -0.995947 0.087123 0.022327
vn -0.042355 0.279991 0.959068
vn -0.283414 0.285429 0.915536
vn -0.088863 -0.989187 0.116673
vn -0.183202 -0.555103 0.811356
vn -0.589644 -0.798337 0.122384
vn -0.710784 -0.377808 0.593336
vn -0.982186 0.020740 0.186761
vn -0.985668 0.012581 0.168226
vn -0.775380 -0.035151 0.630516
vn -0.784385 -0.070235 0.616285
vn 0.994078 -0.108666 0.000619
vn 0.992701 -0.115427 -0.034956
vn 0.994367 -0.105387 0.011282
vn 0.194000 -0.091761 -0.976701
vn -0.000189 -0.093510 -0.995618
vn 0.192737 -0.103820 -0.975743
vn 0.000073 -0.104518 -0.994523
vn 0.372132 -0.089089 -0.923894
vn 0.364619 -0.102984 -0.925444
vn 0.539048 -0.089253 -0.837532
vn 0.523035 -0.103722 -0.845977
vn 0.677086 -0.094081 -0.729866
vn 0.655279 -0.109313 -0.747435
vn 0.790613 -0.101535 -0.603839
vn 0.767613 -0.118492 -0.629865
vn 0.876027 -0.105705 -0.470535
vn 0.856248 -0.124956 -0.501224
vn 0.946606 -0.106010 -0.304465
vn 0.936184 -0.125830 -0.328218
vn 0.993264 -0.092240 -0.070129
vn 0.979234 -0.098774 -0.177045
vn 0.989829 -0.116961 -0.080989
vn 0.975875 -0.119698 -0.182594
vn 0.995191 -0.094131 -0.027092
vn -0.232340 -0.240058 0.942545
vn 0.021096 -0.274364 0.961395
vn -0.220126 -0.176313 0.959405
vn 0.030372 -0.192635 0.980800
vn 0.996828 -0.076970 -0.020224
vn 0.995725 -0.092359 0.000773
vn 0.995029 -0.099581 -0.001342
vn 0.001489 0.077255 0.997010
vn -0.192672 0.075901 0.978323
vn -0.385828 0.069707 0.919934
vn -0.557258 0.060703 0.828117
vn -0.695118 0.049401 0.717196
vn -0.821536 0.035463 0.569053
vn -0.892637 0.025833 0.450035
vn -0.941344 0.016391 0.337051
vn -0.981574 0.014272 0.190551
vn -0.998161 0.019518 0.057398
vn -0.999676 0.022677 0.011578
vn 0.046996 -0.125433 0.990988
vn -0.206556 -0.114949 0.971659
vn -0.979197 0.045032 0.197853
vn -0.773484 0.016089 0.633612
vn -0.988253 0.005788 0.152716
vn -0.807063 -0.102105 0.581571
vn 0.007654 -0.748685 0.662882
vn -0.115164 -0.738955 0.663840
vn -0.007784 -0.110509 0.993845
vn -0.181865 -0.119499 0.976035
vn -0.252829 -0.747075 0.614782
vn -0.375134 -0.145923 0.915413
vn -0.368054 -0.746770 0.553959
vn -0.545332 -0.157721 0.823248
vn -0.462336 -0.739994 0.488522
vn -0.674449 -0.173659 0.717608
vn -0.538785 -0.752132 0.379484
vn -0.800080 -0.198952 0.565941
vn -0.590225 -0.749569 0.299633
vn -0.872532 -0.204956 0.443487
vn -0.616240 -0.756531 0.218883
vn -0.924418 -0.185322 0.333327
vn -0.572201 -0.819662 0.027230
vn -0.982625 -0.179618 0.046751
vn -0.580747 -0.807740 0.101431
vn -0.969717 -0.178416 0.166782
vn -0.589195 -0.807990 -0.001052
vn -0.985856 -0.167518 0.005087
vn -0.622593 -0.782503 0.008255
vn -0.985062 -0.170649 0.023075
vn 0.586544 -0.809906 -0.004239
vn -0.990195 0.136018 0.031814
vn -0.981404 0.165957 0.096458
vn -0.949812 0.205805 0.235589
vn -0.899924 0.211768 0.381170
vn -0.827618 0.192109 0.527392
vn -0.739193 0.164495 0.653097
vn -0.634034 0.125267 0.763092
vn -0.517164 0.108389 0.848995
vn -0.370431 0.106492 0.922735
vn -0.187714 0.112938 0.975709
vn 0.000948 0.117394 0.993085
vn -0.976805 0.079695 0.198747
vn -0.779542 0.098023 0.618632
vn -0.741381 0.398393 0.540034
vn -0.387384 0.536505 0.749731
vn -0.852631 0.443896 0.275640
vn -0.415412 0.735049 0.535851
vn 0.045493 -0.641101 0.766107
vn 0.028117 -0.987932 0.152317
vn 0.223334 -0.639482 0.735652
vn 0.156143 -0.943318 0.292866
vn 0.247271 -0.203463 0.947344
vn 0.252779 -0.285302 0.924503
vn 0.245282 -0.133000 0.960285
vn 0.246040 -0.050834 0.967926
vn 0.219878 0.105630 0.969792
vn 0.222824 0.258886 0.939855
vn -0.159053 0.563634 0.810567
vn 0.154759 0.564870 0.810538
vn -0.159628 0.779936 0.605160
vn 0.157263 0.781029 0.604370
vn -0.997289 0.066990 0.030461
vn -0.998980 0.040564 0.019832
vn -0.999430 0.026546 0.020839
vn -0.999305 0.017124 0.033123
vn -0.972246 0.130313 0.194310
vn -0.782283 0.209810 0.586526
vn -0.991823 0.121795 0.038114
vn -0.996110 0.078416 0.040203
vn -0.679538 0.675715 0.285722
vn -0.256404 0.897297 0.359325
vn -0.578402 0.698552 0.421279
vn -0.226953 0.859240 0.458475
vn -0.308805 0.908888 0.280290
vn -0.760543 0.620248 0.192007
vn -0.598980 0.625588 0.499862
vn -0.387597 0.757311 0.525593
vn -0.591655 0.558782 0.581125
vn -0.434391 0.693820 0.574384
vn -0.510289 0.556742 0.655472
vn -0.380453 0.687011 0.619089
vn -0.412848 0.569100 0.711113
vn -0.304950 0.704521 0.640824
vn -0.343670 0.570517 0.745923
vn -0.248287 0.711831 0.657001
vn -0.252583 0.549334 0.796514
vn -0.182642 0.697192 0.693229
vn -0.134801 0.546678 0.826421
vn -0.097263 0.694689 0.712704
vn -0.005114 0.701260 0.712887
vn 0.002845 0.550050 0.835127
vn -0.828056 0.543922 0.135913
vn -0.360221 0.897065 0.255960
vn -0.032326 0.891603 0.451664
vn -0.059574 0.925809 0.373267
vn -0.053045 0.888219 0.456347
vn -0.056416 0.880843 0.470035
vn -0.037506 0.900087 0.434092
vn -0.028197 0.915107 0.402224
vn -0.032317 0.922022 0.385786
vn -0.026995 0.917704 0.396346
vn -0.014622 0.914125 0.405168
vn 0.002441 0.915436 0.402457
vn -0.116763 0.954818 0.273294
vn -0.087843 0.951496 0.294854
vn -0.932162 0.349383 0.094900
vn -0.897008 0.407876 0.170334
vn -0.847069 0.430384 0.311839
vn -0.810816 0.389055 0.437280
vn -0.735790 0.377848 0.562001
vn -0.640724 0.373536 0.670779
vn -0.538228 0.349364 0.766978
vn -0.450920 0.337728 0.826203
vn -0.327866 0.322388 0.888014
vn -0.172040 0.317447 0.932539
vn -0.002675 0.315163 0.949034
vn -0.952487 0.235835 0.192743
vn -0.951069 0.297828 0.082258
vn 0.987141 -0.107080 0.118690
vn 0.988264 -0.104452 0.111462
vn 0.986877 -0.108552 0.119540
vn 0.987130 -0.116399 0.109664
vn 0.995422 -0.095234 0.008083
vn 0.990621 -0.136635 0.000108
vn 0.727704 -0.684946 0.036005
vn 0.980024 -0.188157 0.064423
vn -0.962488 -0.236495 0.132993
vn 0.989415 -0.083799 0.118474
vn 0.991271 -0.051494 0.121365
vn 0.999162 -0.033178 0.023985
vn 0.203379 0.010838 -0.979040
vn -0.001217 0.006672 -0.999977
vn 0.380466 0.012391 -0.924712
vn 0.533128 0.003178 -0.846028
vn 0.663782 -0.017046 -0.747732
vn 0.774256 -0.042384 -0.631451
vn 0.867801 -0.059960 -0.493281
vn 0.950369 -0.057137 -0.305835
vn 0.998017 -0.040703 -0.048006
vn 0.987018 -0.052973 -0.151621
vn 0.998917 -0.045613 -0.009245
vn 0.486940 0.814648 0.315022
vn 0.531209 0.779594 0.331737
vn 0.139927 0.919574 0.367157
vn 0.144119 0.889407 0.433803
vn 0.515490 0.813745 0.268494
vn 0.146332 0.943530 0.297218
vn 0.578283 0.783454 0.227570
vn 0.609942 0.791426 0.040203
vn 0.095415 0.898048 0.429426
vn 0.110971 0.919161 0.377927
vn 0.533841 0.843541 -0.058761
vn 0.102623 0.936141 0.336318
vn 0.418321 0.899568 -0.125636
vn 0.073533 0.951933 0.297348
vn 0.322141 0.928766 -0.183352
vn 0.039195 0.957006 0.287406
vn 0.240241 0.943202 -0.229466
vn 0.016696 0.951501 0.307193
vn 0.134075 0.948412 -0.287295
vn 0.009790 0.954647 0.297579
vn -0.000079 0.950814 -0.309762
vn 0.001475 0.959563 0.281491
vn 0.637661 0.730658 0.243983
vn 0.163350 0.946003 0.279991
vn 0.589790 0.654184 0.473488
vn 0.950776 0.279692 0.133405
vn 0.953968 0.283199 0.098709
vn 0.001055 0.387365 -0.921926
vn 0.217229 0.395109 -0.892581
vn 0.397876 0.400656 -0.825330
vn 0.544166 0.369776 -0.753093
vn 0.679727 0.316859 -0.661492
vn 0.796366 0.269114 -0.541645
vn 0.892877 0.226990 -0.388904
vn 0.954552 0.255068 -0.154177
vn 0.952666 0.292012 0.084596
vn 0.961822 0.273539 0.008697
vn 0.588125 0.518657 0.620568
vn 0.706237 -0.255392 0.660307
vn 0.692595 -0.499858 0.520052
vn 0.406773 -0.897732 0.169155
vn 0.685729 -0.185796 0.703744
vn 0.686094 -0.139935 0.713928
vn 0.693000 -0.080377 0.716443
vn 0.696552 0.047956 0.715902
vn 0.694450 0.186145 0.695046
vn -0.749981 -0.660123 -0.042026
vn -0.993436 -0.095985 -0.062232
vn -0.782342 -0.606953 -0.139815
vn -0.980144 -0.093735 -0.174731
vn -0.760200 -0.606936 -0.231787
vn -0.950400 -0.101965 -0.293841
vn -0.717063 -0.606856 -0.342849
vn -0.888409 -0.103966 -0.447124
vn -0.639816 -0.627189 -0.444150
vn -0.803343 -0.099777 -0.587098
vn -0.548500 -0.641574 -0.536219
vn -0.690846 -0.093704 -0.716904
vn -0.419979 -0.660203 -0.622696
vn -0.545259 -0.089994 -0.833423
vn -0.284578 -0.652802 -0.702043
vn -0.373076 -0.091110 -0.923317
vn -0.152074 -0.662488 -0.733473
vn -0.192360 -0.093513 -0.976859
vn 0.267044 -0.020381 0.963469
vn 0.272440 0.116837 0.955053
vn -0.011564 -0.039876 0.999138
vn 0.018033 0.102012 0.994620
vn -0.942543 -0.333772 -0.014457
vn -0.672971 -0.739550 -0.013268
vn 0.303162 0.294088 0.906424
vn 0.055895 0.293597 0.954294
vn 0.094613 -0.985099 0.143624
vn 0.582767 -0.807570 0.090633
vn 0.306436 -0.491072 0.815442
vn 0.846308 -0.227422 0.481707
vn 0.998874 0.044914 0.015290
vn 0.989951 0.030041 0.138182
vn 0.999422 0.030309 0.015377
vn 0.993083 0.022808 0.115177
vn 0.028495 -0.193245 0.980737
vn 0.057541 -0.277305 0.959057
vn 0.322053 -0.181877 0.929087
vn 0.342584 -0.246798 0.906492
vn -0.194040 -0.092284 -0.976643
vn -0.193751 -0.103835 -0.975540
vn -0.370123 -0.089312 -0.924680
vn -0.364697 -0.103031 -0.925408
vn -0.536932 -0.088727 -0.838946
vn -0.523059 -0.103711 -0.845963
vn -0.677656 -0.093494 -0.729412
vn -0.655200 -0.109388 -0.747494
vn -0.790058 -0.101322 -0.604601
vn -0.767490 -0.118810 -0.629955
vn -0.876844 -0.105526 -0.469051
vn -0.856480 -0.125735 -0.500632
vn -0.979125 -0.098187 -0.177972
vn -0.975554 -0.122430 -0.182498
vn -0.947354 -0.105930 -0.302159
vn -0.936769 -0.127792 -0.325780
vn -0.993319 -0.090773 -0.071263
vn -0.989512 -0.118580 -0.082491
vn -0.995202 -0.093166 -0.029877
vn -0.992617 -0.115023 -0.038494
vn -0.996686 -0.078150 -0.022560
vn 0.281440 -0.108107 0.953470
vn -0.007515 -0.120815 0.992647
vn -0.995248 -0.097247 0.004959
vn -0.993601 -0.110933 0.021227
vn 0.991344 0.102088 0.082557
vn 0.995856 0.088202 0.022164
vn 0.996457 0.050699 0.067112
vn 0.998754 0.047914 0.013955
vn 0.964068 0.134548 0.229062
vn 0.974423 0.057242 0.217311
vn 0.926883 0.154005 0.342302
vn 0.939909 0.065236 0.335134
vn 0.777880 0.134817 0.613781
vn 0.858795 0.147647 0.490583
vn 0.805373 0.076125 0.587860
vn 0.886734 0.071704 0.456685
vn 0.664153 0.116584 0.738450
vn 0.684042 0.078864 0.725167
vn 0.533921 0.104338 0.839072
vn 0.547800 0.081522 0.832628
vn 0.379287 0.100581 0.919796
vn 0.382752 0.084967 0.919936
vn 0.191978 0.101761 0.976109
vn 0.193986 0.088446 0.977009
vn 0.196765 0.074786 0.977594
vn 0.386422 0.068272 0.919792
vn 0.556036 0.059295 0.829040
vn 0.693306 0.048938 0.718980
vn 0.818212 0.038780 0.573607
vn 0.895747 0.030405 0.443523
vn 0.979931 0.018660 0.198462
vn 0.943332 0.019374 0.331284
vn 0.998203 0.022128 0.055686
vn 0.999640 0.024924 0.009975
vn 0.986277 0.050236 0.157274
vn 0.997323 0.069699 0.022111
vn 0.999593 0.015145 0.024168
vn 0.994791 0.018598 0.100229
vn 0.187410 -0.130327 0.973598
vn 0.123597 -0.736709 0.664819
vn 0.376783 -0.142651 0.915252
vn 0.254864 -0.743604 0.618141
vn 0.369477 -0.743699 0.557135
vn 0.546382 -0.146198 0.824677
vn 0.677127 -0.158098 0.718682
vn 0.463460 -0.739171 0.488704
vn 0.800174 -0.194109 0.567489
vn 0.534522 -0.753192 0.383390
vn 0.590798 -0.748431 0.301347
vn 0.870797 -0.216156 0.441575
vn 0.922854 -0.206579 0.325064
vn 0.963671 -0.203954 0.172457
vn 0.646413 -0.732362 0.213998
vn 0.650448 -0.751083 0.113102
vn 0.980267 -0.192173 0.046333
vn 0.667330 -0.744160 0.029954
vn 0.984995 -0.172529 0.004262
vn 0.673283 -0.739384 0.001153
vn 0.663419 -0.748220 0.006507
vn 0.986576 -0.162457 0.016580
vn -0.591281 -0.806464 -0.001813
vn 0.980831 0.168412 0.098017
vn 0.989729 0.139170 0.032694
vn 0.948234 0.211778 0.236648
vn 0.899064 0.215815 0.380931
vn 0.741693 0.161384 0.651036
vn 0.825222 0.188074 0.532575
vn 0.635812 0.132982 0.760301
vn 0.512677 0.118076 0.850424
vn 0.368212 0.110717 0.923126
vn 0.188275 0.114502 0.975419
vn 0.996278 0.080779 0.030091
vn 0.981094 0.084643 0.174039
vn 0.395067 0.748858 0.532104
vn 0.372285 0.529925 0.761960
vn 0.851469 0.450505 0.268416
vn 0.898368 0.315615 0.305487
vn 0.012387 -0.997378 0.071297
vn -0.019857 -0.994825 -0.099640
vn -0.040034 -0.994379 -0.098023
vn 0.031186 -0.996704 0.074896
vn 0.044259 -0.996833 0.066064
vn -0.057556 -0.994558 -0.086844
vn 0.054927 -0.996906 0.056235
vn -0.070254 -0.994921 -0.072093
vn -0.080274 -0.995232 -0.055399
vn 0.063414 -0.996959 0.045288
vn -0.092505 -0.994676 -0.045424
vn 0.074757 -0.996463 0.038381
vn -0.089841 -0.995841 -0.015155
vn -0.083584 -0.996086 -0.028736
vn 0.080517 -0.996665 0.013278
vn 0.086600 -0.995976 0.023052
vn -0.084149 -0.996444 -0.004178
vn 0.094002 -0.995563 0.004264
vn -0.074928 -0.997189 -0.000718
vn 0.094750 -0.995501 0.000483
vn -0.071933 -0.997395 0.005387
vn 0.076240 -0.997074 0.005552
vn -0.142158 -0.650838 0.745789
vn -0.065439 -0.953947 0.292751
vn 0.031188 -0.619505 0.784373
vn -0.003888 -0.985921 0.167167
vn -0.161858 -0.280948 0.945976
vn -0.171936 -0.190508 0.966512
vn -0.199299 -0.122515 0.972250
vn -0.231908 -0.046373 0.971632
vn -0.239713 0.101545 0.965519
vn -0.246159 0.273229 0.929920
vn -0.218446 0.560098 0.799107
vn 0.104455 0.559859 0.821977
vn -0.201130 0.794159 0.573462
vn 0.142882 0.803220 0.578293
vn 0.990161 0.134532 0.038500
vn 0.966469 0.160881 0.200136
vn 0.665424 0.688524 0.288351
vn 0.546056 0.721103 0.426420
vn 0.226597 0.902943 0.365168
vn 0.236998 0.845225 0.478985
vn 0.290439 0.914390 0.282022
vn 0.748187 0.633420 0.197470
vn 0.599784 0.622647 0.502563
vn 0.380585 0.761764 0.524282
vn 0.563197 0.582061 0.586527
vn 0.489348 0.580865 0.650488
vn 0.399162 0.717515 0.570826
vn 0.356500 0.708893 0.608586
vn 0.428191 0.557083 0.711556
vn 0.306014 0.704832 0.639975
vn 0.355741 0.546104 0.758431
vn 0.247901 0.709884 0.659249
vn 0.251791 0.541370 0.802197
vn 0.184302 0.691421 0.698548
vn 0.135307 0.544837 0.827554
vn 0.098126 0.692551 0.714663
vn 0.343950 0.902540 0.259074
vn 0.814455 0.562621 0.141846
vn 0.051168 0.925732 0.374702
vn 0.028921 0.892217 0.450680
vn 0.016909 0.886150 0.463090
vn 0.030954 0.894467 0.446062
vn 0.021525 0.908689 0.416918
vn 0.019293 0.920749 0.389678
vn 0.026323 0.923960 0.381582
vn 0.025402 0.917804 0.396221
vn 0.016112 0.912062 0.409737
vn 0.110350 0.955312 0.274229
vn 0.079570 0.951807 0.296196
vn 0.929266 0.356093 0.098297
vn 0.889652 0.421632 0.175344
vn 0.820128 0.471673 0.323905
vn 0.784325 0.427332 0.449691
vn 0.720312 0.387604 0.575250
vn 0.639296 0.378070 0.669599
vn 0.546932 0.354377 0.758474
vn 0.445597 0.339648 0.828301
vn 0.323785 0.323011 0.889285
vn 0.171464 0.317575 0.932602
vn 0.946986 0.308880 0.088380
vn -0.982965 -0.118503 0.140487
vn -0.986683 -0.112795 0.117192
vn -0.994759 -0.102229 -0.001807
vn -0.993796 -0.111162 -0.003411
vn -0.980436 -0.122872 0.153779
vn -0.981298 -0.128280 0.143524
vn -0.751527 -0.650640 0.108974
vn -0.980881 -0.194273 0.011459
vn -0.959119 -0.245051 0.141568
vn 0.983271 -0.165741 0.075553
vn -0.990343 -0.094384 0.101551
vn -0.994055 -0.040943 0.100888
vn -0.994658 -0.103055 0.005999
vn -0.998531 -0.052596 0.013015
vn -0.204113 0.015482 -0.978825
vn -0.379828 0.012467 -0.924973
vn -0.530995 -0.003274 -0.847368
vn -0.660303 -0.030436 -0.750382
vn -0.766472 -0.063091 -0.639171
vn -0.856592 -0.088701 -0.508314
vn -0.983614 -0.079273 -0.161925
vn -0.942530 -0.091685 -0.321296
vn -0.996839 -0.057677 -0.054645
vn -0.998262 -0.056795 -0.015707
vn -0.188437 0.886659 0.422288
vn -0.607962 0.737120 0.295019
vn -0.150822 0.918073 0.366598
vn -0.527117 0.794535 0.301434
vn -0.530975 0.806259 0.260792
vn -0.156316 0.941316 0.299148
vn -0.185997 0.897416 0.400061
vn -0.682874 0.712527 0.161209
vn -0.148295 0.942422 0.299750
vn -0.592863 0.798139 -0.107180
vn -0.197206 0.921609 0.334286
vn -0.691027 0.722520 -0.021121
vn -0.087015 0.956336 0.279016
vn -0.458641 0.872270 -0.169686
vn -0.045428 0.958635 0.280990
vn -0.339639 0.915359 -0.216249
vn -0.022550 0.953602 0.300226
vn -0.240185 0.943521 -0.228209
vn -0.010796 0.954309 0.298625
vn -0.127026 0.954881 -0.268453
vn -0.594633 0.761837 0.256936
vn -0.191569 0.939652 0.283472
vn -0.640616 0.625686 0.445115
vn -0.953980 0.283522 0.097659
vn -0.963639 0.247472 0.100783
vn -0.216029 0.399525 -0.890905
vn -0.393546 0.395919 -0.829681
vn -0.541692 0.357117 -0.760945
vn -0.678394 0.294773 -0.672971
vn -0.795441 0.220357 -0.564549
vn -0.897870 0.142831 -0.416448
vn -0.968013 0.161257 -0.192216
vn -0.976931 0.213164 -0.012946
vn -0.960399 0.268271 0.075268
vn -0.714568 0.438020 0.545464
vn -0.669715 -0.254078 0.697801
vn -0.563436 -0.581016 0.587333
vn -0.296659 -0.936766 0.185643
vn -0.666234 -0.194110 0.720037
vn -0.677190 -0.136590 0.723020
vn -0.695033 -0.075187 0.715036
vn -0.712358 0.045522 0.700338
vn -0.739482 0.186362 0.646866
vn 0.844029 0.099439 0.526998
vn 0.789354 0.217919 0.573961
vn 0.877281 0.034032 0.478770
vn 0.904663 -0.002047 0.426123
vn 0.913867 -0.030178 0.404890
vn 0.919036 -0.049450 0.391059
vn 0.999700 0.021774 -0.011253
vn 0.036875 0.999320 -0.000412
vn 0.999756 0.021923 -0.002689
vn 0.035463 0.999371 -0.000095
vn 0.038581 0.999246 -0.004246
vn 0.993734 0.021911 -0.109606
vn 0.037990 0.999252 -0.007222
vn 0.982139 0.021953 -0.186870
vn 0.956715 0.021697 -0.290216
vn 0.923655 0.022034 -0.382591
vn 0.038110 0.999207 -0.011560
vn 0.035408 0.999265 -0.014666
vn 0.881714 0.021698 -0.471286
vn 0.831268 0.022034 -0.555435
vn 0.035122 0.999207 -0.018773
vn 0.031867 0.999265 -0.021292
vn 0.772829 0.021697 -0.634243
vn 0.706936 0.022033 -0.706934
vn 0.030785 0.999207 -0.025264
vn 0.027100 0.999265 -0.027099
vn 0.634245 0.021697 -0.772828
vn 0.554353 0.021984 -0.831991
vn 0.025265 0.999207 -0.030784
vn 0.021317 0.999261 -0.031993
vn 0.471869 0.021624 -0.881403
vn 0.382592 0.021855 -0.923659
vn 0.018824 0.999204 -0.035158
vn 0.014825 0.999249 -0.035791
vn 0.012031 0.999231 -0.037308
vn 0.306502 0.021761 -0.951621
vn 0.008347 0.999227 -0.038417
vn 0.211905 0.021756 -0.977048
vn 0.004430 0.999233 -0.038909
vn 0.112782 0.021811 -0.993380
vn 0.000000 0.999211 -0.039729
vn 0.000000 0.021696 -0.999765
vn -0.999682 0.022686 0.010998
vn -0.999377 0.035298 -0.000217
vn -0.035134 0.999383 0.000388
vn -0.002720 0.999965 -0.007924
vn -0.993629 0.022734 0.110381
vn -0.033329 0.999438 0.003711
vn -0.982123 0.022752 0.186862
vn -0.033020 0.999435 0.006288
vn -0.031128 0.999471 0.009443
vn -0.031331 0.999425 0.012978
vn -0.956685 0.023092 0.290207
vn -0.923642 0.022673 0.382584
vn -0.028688 0.999471 0.015335
vn -0.028197 0.999425 0.018841
vn -0.881686 0.023093 0.471270
vn -0.831256 0.022673 0.555427
vn -0.025145 0.999471 0.020636
vn -0.023980 0.999425 0.023979
vn -0.772804 0.023093 0.634224
vn -0.706926 0.022673 0.706924
vn -0.020636 0.999471 0.025145
vn -0.018907 0.999422 0.028248
vn -0.634225 0.023093 0.772804
vn -0.556145 0.022628 0.830777
vn -0.015513 0.999464 0.028835
vn -0.013002 0.999423 0.031389
vn -0.473760 0.022963 0.880355
vn -0.382586 0.022573 0.923644
vn -0.306511 0.022724 0.951596
vn -0.010256 0.999439 0.031884
vn -0.211917 0.022813 0.977021
vn -0.007039 0.999446 0.032518
vn -0.112792 0.022825 0.993356
vn -0.003746 0.999445 0.033089
vn 0.000000 0.023011 0.999735
vn 0.000000 0.999464 0.032728
vn 0.993734 -0.021911 -0.109606
vn 0.038581 -0.999246 -0.004245
vn 0.982139 -0.021953 -0.186870
vn 0.037990 -0.999252 -0.007223
vn 0.956715 -0.021697 -0.290216
vn 0.038110 -0.999207 -0.011560
vn 0.923655 -0.022034 -0.382590
vn 0.035408 -0.999265 -0.014666
vn 0.881714 -0.021698 -0.471286
vn 0.035122 -0.999207 -0.018774
vn 0.831268 -0.022034 -0.555435
vn 0.031866 -0.999265 -0.021293
vn 0.772830 -0.021697 -0.634243
vn 0.030785 -0.999207 -0.025265
vn 0.706936 -0.022034 -0.706934
vn 0.027100 -0.999265 -0.027100
vn 0.634244 -0.021697 -0.772828
vn 0.025265 -0.999207 -0.030786
vn 0.554353 -0.021984 -0.831991
vn 0.021317 -0.999261 -0.031993
vn 0.471869 -0.021625 -0.881403
vn 0.018824 -0.999205 -0.035157
vn 0.382592 -0.021855 -0.923659
vn 0.014825 -0.999249 -0.035792
vn 0.012031 -0.999231 -0.037309
vn 0.008347 -0.999227 -0.038415
vn 0.306502 -0.021760 -0.951621
vn 0.211905 -0.021756 -0.977048
vn 0.004430 -0.999233 -0.038910
vn 0.000000 -0.999210 -0.039730
vn 0.112782 -0.021811 -0.993380
vn 0.000000 -0.021696 -0.999765
vn -0.033329 -0.999438 0.003711
vn -0.993629 -0.022734 0.110381
vn -0.033020 -0.999435 0.006287
vn -0.982123 -0.022752 0.186862
vn -0.031128 -0.999471 0.009443
vn -0.956685 -0.023092 0.290207
vn -0.031331 -0.999425 0.012978
vn -0.923642 -0.022672 0.382585
vn -0.028688 -0.999471 0.015334
vn -0.881687 -0.023093 0.471270
vn -0.028197 -0.999425 0.018840
vn -0.831256 -0.022673 0.555427
vn -0.025145 -0.999471 0.020635
vn -0.772804 -0.023094 0.634224
vn -0.023980 -0.999425 0.023979
vn -0.706926 -0.022674 0.706924
vn -0.020636 -0.999471 0.025145
vn -0.634225 -0.023094 0.772804
vn -0.018907 -0.999422 0.028247
vn -0.556145 -0.022628 0.830777
vn -0.015513 -0.999464 0.028836
vn -0.473760 -0.022963 0.880355
vn -0.013002 -0.999423 0.031389
vn -0.382586 -0.022573 0.923644
vn -0.306511 -0.022724 0.951596
vn -0.211917 -0.022811 0.977021
vn -0.010257 -0.999439 0.031882
vn -0.007039 -0.999446 0.032518
vn -0.112792 -0.022823 0.993356
vn 0.000000 -0.023009 0.999735
vn -0.003746 -0.999445 0.033088
vn 0.000000 -0.999464 0.032727
vn 0.038388 0.999254 -0.004226
vn 0.993815 0.017803 -0.109613
vn 0.038224 0.999243 -0.007299
vn 0.982066 0.017754 -0.187700
vn 0.956792 0.017637 -0.290239
vn 0.923733 0.017813 -0.382623
vn 0.037862 0.999217 -0.011485
vn 0.035662 0.999255 -0.014772
vn 0.881784 0.017636 -0.471324
vn 0.831338 0.017813 -0.555482
vn 0.034894 0.999217 -0.018651
vn 0.032095 0.999255 -0.021445
vn 0.772891 0.017637 -0.634294
vn 0.706995 0.017813 -0.706994
vn 0.030585 0.999217 -0.025100
vn 0.027295 0.999255 -0.027295
vn 0.634295 0.017637 -0.772890
vn 0.554980 0.017806 -0.831673
vn 0.025100 0.999217 -0.030585
vn 0.021450 0.999253 -0.032145
vn 0.470092 0.017643 -0.882441
vn 0.382623 0.017813 -0.923733
vn 0.018589 0.999218 -0.034897
vn 0.014772 0.999255 -0.035662
vn 0.011919 0.999241 -0.037077
vn 0.305660 0.017747 -0.951975
vn 0.008369 0.999233 -0.038267
vn 0.213178 0.017698 -0.976853
vn 0.004538 0.999234 -0.038862
vn 0.115555 0.017699 -0.993143
vn -0.000000 0.999205 -0.039872
vn -0.000000 0.017566 -0.999846
vn -0.993718 0.018389 0.110393
vn -0.033529 0.999431 0.003732
vn -0.982054 0.018500 0.187693
vn -0.032810 0.999442 0.006276
vn -0.031370 0.999463 0.009516
vn -0.031110 0.999433 0.012886
vn -0.956774 0.018663 0.290234
vn -0.923723 0.018443 0.382618
vn -0.028911 0.999463 0.015453
vn -0.027998 0.999433 0.018708
vn -0.881768 0.018664 0.471314
vn -0.831328 0.018443 0.555475
vn -0.025341 0.999463 0.020797
vn -0.023810 0.999433 0.023810
vn -0.772876 0.018663 0.634283
vn -0.706987 0.018443 0.706986
vn -0.020797 0.999463 0.025341
vn -0.018666 0.999434 0.027973
vn -0.634284 0.018663 0.772875
vn -0.554939 0.018452 0.831686
vn -0.015423 0.999462 0.028956
vn -0.012886 0.999433 0.031110
vn -0.469999 0.018655 0.882470
vn -0.382619 0.018444 0.923722
vn -0.306733 0.018508 0.951616
vn -0.010234 0.999442 0.031792
vn -0.215379 0.018544 0.976354
vn -0.007137 0.999448 0.032434
vn -0.116659 0.018525 0.992999
vn -0.003866 0.999447 0.033037
vn -0.000000 0.018691 0.999825
vn 0.000000 0.999468 0.032612
vn 0.036955 -0.999317 -0.000439
vn 0.999773 -0.017652 -0.011928
vn 0.036160 -0.999346 -0.000097
vn 0.999838 -0.017820 -0.002689
vn 0.038388 -0.999254 -0.004226
vn 0.038224 -0.999243 -0.007299
vn 0.993815 -0.017803 -0.109613
vn 0.982066 -0.017754 -0.187700
vn 0.956792 -0.017637 -0.290239
vn 0.037862 -0.999217 -0.011485
vn 0.923733 -0.017813 -0.382623
vn 0.035662 -0.999255 -0.014772
vn 0.881784 -0.017636 -0.471324
vn 0.034894 -0.999217 -0.018651
vn 0.831338 -0.017813 -0.555482
vn 0.032095 -0.999255 -0.021445
vn 0.772891 -0.017637 -0.634294
vn 0.030585 -0.999217 -0.025100
vn 0.706995 -0.017813 -0.706994
vn 0.027294 -0.999255 -0.027294
vn 0.634295 -0.017637 -0.772890
vn 0.025100 -0.999217 -0.030585
vn 0.554980 -0.017806 -0.831673
vn 0.021450 -0.999253 -0.032145
vn 0.470092 -0.017643 -0.882441
vn 0.018589 -0.999218 -0.034897
vn 0.382623 -0.017813 -0.923733
vn 0.014772 -0.999255 -0.035662
vn 0.011919 -0.999241 -0.037077
vn 0.008369 -0.999233 -0.038267
vn 0.305660 -0.017747 -0.951975
vn 0.213178 -0.017698 -0.976853
vn 0.004537 -0.999234 -0.038862
vn 0.000000 -0.999205 -0.039872
vn 0.115555 -0.017699 -0.993143
vn -0.000000 -0.017566 -0.999846
vn -0.993718 -0.018389 0.110393
vn -0.982054 -0.018500 0.187693
vn -0.033529 -0.999431 0.003732
vn -0.032810 -0.999442 0.006276
vn -0.999764 -0.018399 0.011591
vn -0.035159 -0.999382 0.000411
vn -0.999836 -0.017913 0.002689
vn -0.035963 -0.999353 0.000097
vn -0.031370 -0.999463 0.009516
vn -0.956774 -0.018663 0.290234
vn -0.031109 -0.999433 0.012886
vn -0.923723 -0.018443 0.382618
vn -0.028911 -0.999463 0.015453
vn -0.881768 -0.018664 0.471314
vn -0.027998 -0.999433 0.018708
vn -0.831328 -0.018443 0.555475
vn -0.025341 -0.999462 0.020797
vn -0.772876 -0.018663 0.634283
vn -0.023810 -0.999433 0.023810
vn -0.706987 -0.018444 0.706986
vn -0.020797 -0.999463 0.025341
vn -0.634284 -0.018664 0.772875
vn -0.018666 -0.999434 0.027973
vn -0.554940 -0.018453 0.831686
vn -0.015423 -0.999462 0.028956
vn -0.469999 -0.018655 0.882470
vn -0.012886 -0.999433 0.031110
vn -0.382619 -0.018444 0.923722
vn -0.306733 -0.018508 0.951616
vn -0.215379 -0.018543 0.976354
vn -0.010234 -0.999442 0.031792
vn -0.007137 -0.999448 0.032434
vn -0.116659 -0.018524 0.992999
vn -0.000000 -0.018689 0.999825
vn -0.003866 -0.999447 0.033037
vn 0.000000 -0.999468 0.032612
vn -0.999542 -0.017805 0.024490
vn -0.035489 -0.999090 0.023679
vn 0.035646 -0.017291 0.999215
vn 0.999542 -0.017804 0.024490
vn 0.036033 0.000000 0.999351
vn 0.999700 0.000000 0.024504
vn 0.035489 -0.999090 0.023679
vn -0.035646 -0.017291 0.999215
vn -0.999698 0.000000 0.024562
vn -0.036030 -0.000000 0.999351
vn -0.999814 -0.019266 -0.000323
vn -0.001164 -0.015313 -0.999882
vn -0.001122 0.035352 -0.999374
vn 0.035283 0.021855 0.999138
vn 0.035265 0.999080 0.024400
vn -0.000000 0.021934 0.999759
vn -0.000000 0.999700 0.024481
vn 0.999461 0.021902 0.024465
vn 0.999700 0.000000 0.024495
vn 0.035326 0.000000 0.999376
vn 0.002720 0.999965 -0.007924
vn 0.001122 0.035352 -0.999374
vn 0.000000 0.021934 0.999759
vn -0.000000 0.999700 0.024481
vn 0.999972 -0.003072 -0.006775
vn -0.003853 -0.006041 0.999974
vn -1.000000 -0.000000 0.000000
vn -0.999996 -0.000024 0.002676
vn 0.999948 0.000034 -0.010244
vn 1.000000 0.000000 -0.000000
vn -0.999753 -0.019300 0.011027
vn 0.999699 -0.021800 -0.011253
vn -0.999765 0.018342 0.011591
vn -0.999968 0.007405 0.002995
vn 0.999773 0.017645 -0.011928
vn 0.999968 0.007408 -0.003086
vn 0.999996 0.000025 -0.002676
vn 0.031415 -0.999506 0.000092
vn -0.035229 -0.999379 0.000875
vn -0.035206 0.999380 0.000412
vn 0.037010 0.999315 -0.000440
vn -0.999700 0.021774 -0.011253
vn -0.999756 0.021923 -0.002689
vn -0.036875 0.999320 -0.000412
vn -0.035463 0.999371 -0.000095
vn -0.038581 0.999246 -0.004246
vn -0.037991 0.999252 -0.007223
vn -0.993734 0.021911 -0.109606
vn -0.982139 0.021953 -0.186870
vn -0.035408 0.999265 -0.014667
vn -0.923655 0.022034 -0.382591
vn -0.038110 0.999207 -0.011560
vn -0.956715 0.021698 -0.290216
vn -0.031867 0.999265 -0.021293
vn -0.831268 0.022033 -0.555435
vn -0.035122 0.999207 -0.018774
vn -0.881714 0.021698 -0.471286
vn -0.027100 0.999265 -0.027099
vn -0.706936 0.022033 -0.706934
vn -0.030785 0.999207 -0.025265
vn -0.772829 0.021697 -0.634243
vn -0.021317 0.999261 -0.031994
vn -0.554353 0.021984 -0.831991
vn -0.025264 0.999207 -0.030783
vn -0.634245 0.021697 -0.772828
vn -0.014825 0.999249 -0.035790
vn -0.382592 0.021855 -0.923659
vn -0.018824 0.999204 -0.035159
vn -0.471869 0.021625 -0.881403
vn -0.012031 0.999231 -0.037307
vn -0.008347 0.999227 -0.038416
vn -0.306502 0.021761 -0.951621
vn -0.211905 0.021756 -0.977048
vn -0.004430 0.999233 -0.038910
vn -0.112782 0.021811 -0.993380
vn 0.999377 0.035299 -0.000217
vn 0.035134 0.999383 0.000389
vn 0.999682 0.022686 0.010998
vn 0.993629 0.022734 0.110381
vn 0.982123 0.022751 0.186862
vn 0.033329 0.999438 0.003711
vn 0.033020 0.999435 0.006288
vn 0.923642 0.022674 0.382584
vn 0.031331 0.999425 0.012977
vn 0.956685 0.023093 0.290207
vn 0.031128 0.999471 0.009443
vn 0.831256 0.022673 0.555428
vn 0.028197 0.999425 0.018840
vn 0.881687 0.023094 0.471270
vn 0.028688 0.999471 0.015333
vn 0.706926 0.022673 0.706924
vn 0.023980 0.999425 0.023979
vn 0.772804 0.023093 0.634224
vn 0.025145 0.999471 0.020635
vn 0.556145 0.022627 0.830777
vn 0.018907 0.999422 0.028247
vn 0.634225 0.023093 0.772804
vn 0.020636 0.999471 0.025146
vn 0.382586 0.022573 0.923644
vn 0.013002 0.999423 0.031390
vn 0.473760 0.022962 0.880355
vn 0.015513 0.999464 0.028834
vn 0.306511 0.022724 0.951596
vn 0.211917 0.022812 0.977021
vn 0.010256 0.999439 0.031884
vn 0.007039 0.999446 0.032519
vn 0.112793 0.022826 0.993356
vn 0.003746 0.999445 0.033089
vn -0.031415 -0.999506 0.000092
vn -0.050961 -0.998695 -0.003463
vn -0.999699 -0.021800 -0.011253
vn -0.999972 -0.003072 -0.006775
vn -0.993734 -0.021911 -0.109606
vn -0.982139 -0.021953 -0.186870
vn -0.038581 -0.999246 -0.004245
vn -0.037991 -0.999252 -0.007223
vn -0.956715 -0.021698 -0.290216
vn -0.923655 -0.022034 -0.382590
vn -0.038110 -0.999207 -0.011561
vn -0.035408 -0.999265 -0.014666
vn -0.881714 -0.021698 -0.471286
vn -0.831268 -0.022033 -0.555435
vn -0.035122 -0.999207 -0.018773
vn -0.031866 -0.999265 -0.021292
vn -0.772830 -0.021697 -0.634243
vn -0.706936 -0.022033 -0.706934
vn -0.030785 -0.999207 -0.025264
vn -0.027100 -0.999265 -0.027101
vn -0.634244 -0.021697 -0.772828
vn -0.554353 -0.021984 -0.831991
vn -0.025265 -0.999207 -0.030784
vn -0.021317 -0.999261 -0.031992
vn -0.471870 -0.021625 -0.881403
vn -0.382592 -0.021855 -0.923659
vn -0.018824 -0.999205 -0.035157
vn -0.014825 -0.999249 -0.035792
vn -0.211905 -0.021756 -0.977048
vn -0.008347 -0.999227 -0.038415
vn -0.306502 -0.021761 -0.951621
vn -0.012031 -0.999231 -0.037309
vn -0.112782 -0.021811 -0.993380
vn -0.004430 -0.999233 -0.038909
vn 0.033329 -0.999438 0.003711
vn 0.033020 -0.999435 0.006287
vn 0.993629 -0.022734 0.110381
vn 0.982123 -0.022751 0.186862
vn 0.031128 -0.999471 0.009441
vn 0.031331 -0.999425 0.012977
vn 0.956685 -0.023093 0.290207
vn 0.923642 -0.022673 0.382584
vn 0.028688 -0.999471 0.015334
vn 0.028197 -0.999425 0.018841
vn 0.881687 -0.023093 0.471270
vn 0.831256 -0.022673 0.555427
vn 0.025145 -0.999471 0.020636
vn 0.023980 -0.999425 0.023979
vn 0.772804 -0.023093 0.634224
vn 0.706925 -0.022674 0.706925
vn 0.020636 -0.999471 0.025146
vn 0.018907 -0.999422 0.028247
vn 0.634225 -0.023094 0.772804
vn 0.556145 -0.022628 0.830777
vn 0.015513 -0.999464 0.028835
vn 0.013002 -0.999423 0.031389
vn 0.473760 -0.022963 0.880355
vn 0.382586 -0.022573 0.923644
vn 0.007039 -0.999446 0.032518
vn 0.211917 -0.022811 0.977021
vn 0.010256 -0.999439 0.031881
vn 0.306511 -0.022724 0.951596
vn 0.003746 -0.999445 0.033089
vn 0.112793 -0.022823 0.993356
vn -0.038388 0.999254 -0.004226
vn -0.038224 0.999243 -0.007299
vn -0.993815 0.017803 -0.109613
vn -0.982066 0.017754 -0.187700
vn -0.035662 0.999255 -0.014772
vn -0.923733 0.017813 -0.382623
vn -0.037862 0.999217 -0.011485
vn -0.956792 0.017637 -0.290239
vn -0.032095 0.999255 -0.021445
vn -0.831338 0.017812 -0.555482
vn -0.034894 0.999217 -0.018651
vn -0.881784 0.017636 -0.471324
vn -0.027294 0.999255 -0.027294
vn -0.706995 0.017813 -0.706994
vn -0.030585 0.999217 -0.025100
vn -0.772891 0.017636 -0.634294
vn -0.021450 0.999253 -0.032145
vn -0.554980 0.017806 -0.831673
vn -0.025100 0.999217 -0.030585
vn -0.634295 0.017637 -0.772890
vn -0.014772 0.999255 -0.035662
vn -0.382623 0.017813 -0.923733
vn -0.018589 0.999218 -0.034897
vn -0.470092 0.017643 -0.882441
vn -0.011919 0.999241 -0.037077
vn -0.008369 0.999233 -0.038267
vn -0.305660 0.017747 -0.951975
vn -0.213178 0.017698 -0.976853
vn -0.004538 0.999234 -0.038862
vn -0.115555 0.017699 -0.993143
vn 0.993718 0.018390 0.110393
vn 0.982054 0.018501 0.187693
vn 0.033530 0.999431 0.003732
vn 0.032810 0.999442 0.006276
vn 0.923723 0.018443 0.382618
vn 0.031110 0.999433 0.012886
vn 0.956774 0.018663 0.290234
vn 0.031370 0.999463 0.009516
vn 0.831328 0.018443 0.555475
vn 0.027998 0.999433 0.018708
vn 0.881768 0.018663 0.471314
vn 0.028911 0.999463 0.015453
vn 0.706987 0.018443 0.706986
vn 0.023810 0.999433 0.023810
vn 0.772876 0.018663 0.634283
vn 0.025341 0.999463 0.020797
vn 0.554939 0.018452 0.831686
vn 0.018666 0.999434 0.027973
vn 0.634284 0.018663 0.772875
vn 0.020797 0.999463 0.025341
vn 0.382619 0.018444 0.923722
vn 0.012886 0.999433 0.031109
vn 0.469999 0.018655 0.882470
vn 0.015423 0.999462 0.028956
vn 0.306733 0.018508 0.951616
vn 0.215379 0.018544 0.976354
vn 0.010234 0.999442 0.031792
vn 0.007137 0.999448 0.032434
vn 0.116659 0.018525 0.992999
vn 0.003866 0.999447 0.033037
vn -0.036955 -0.999317 -0.000439
vn -0.036160 -0.999346 -0.000097
vn -0.999773 -0.017652 -0.011928
vn -0.999838 -0.017820 -0.002689
vn -0.982066 -0.017754 -0.187700
vn -0.038224 -0.999243 -0.007299
vn -0.993815 -0.017803 -0.109613
vn -0.038388 -0.999254 -0.004226
vn -0.956792 -0.017637 -0.290239
vn -0.923733 -0.017813 -0.382623
vn -0.037862 -0.999217 -0.011485
vn -0.035662 -0.999255 -0.014772
vn -0.881784 -0.017636 -0.471324
vn -0.831338 -0.017812 -0.555482
vn -0.034894 -0.999217 -0.018651
vn -0.032095 -0.999255 -0.021445
vn -0.772891 -0.017637 -0.634294
vn -0.706995 -0.017813 -0.706994
vn -0.030585 -0.999217 -0.025100
vn -0.027295 -0.999255 -0.027295
vn -0.634295 -0.017637 -0.772890
vn -0.554980 -0.017806 -0.831673
vn -0.025100 -0.999217 -0.030585
vn -0.021450 -0.999253 -0.032145
vn -0.470092 -0.017643 -0.882441
vn -0.382623 -0.017813 -0.923733
vn -0.018589 -0.999218 -0.034897
vn -0.014772 -0.999255 -0.035662
vn -0.213178 -0.017698 -0.976853
vn -0.008369 -0.999233 -0.038267
vn -0.305660 -0.017747 -0.951975
vn -0.011919 -0.999241 -0.037077
vn -0.115555 -0.017699 -0.993143
vn -0.004537 -0.999234 -0.038862
vn 0.032810 -0.999442 0.006276
vn 0.982054 -0.018501 0.187693
vn 0.033529 -0.999431 0.003732
vn 0.993718 -0.018390 0.110393
vn 0.999764 -0.018399 0.011591
vn 0.999836 -0.017913 0.002689
vn 0.035159 -0.999382 0.000411
vn 0.035963 -0.999353 0.000097
vn 0.031370 -0.999463 0.009516
vn 0.031109 -0.999433 0.012886
vn 0.956774 -0.018663 0.290234
vn 0.923723 -0.018443 0.382618
vn 0.028911 -0.999463 0.015453
vn 0.027998 -0.999433 0.018708
vn 0.881768 -0.018663 0.471314
vn 0.831328 -0.018443 0.555475
vn 0.025341 -0.999463 0.020797
vn 0.023810 -0.999433 0.023810
vn 0.772876 -0.018664 0.634283
vn 0.706987 -0.018444 0.706986
vn 0.020797 -0.999463 0.025341
vn 0.018666 -0.999434 0.027973
vn 0.634284 -0.018664 0.772875
vn 0.554939 -0.018453 0.831686
vn 0.015423 -0.999462 0.028956
vn 0.012886 -0.999433 0.031110
vn 0.469999 -0.018655 0.882470
vn 0.382619 -0.018444 0.923722
vn 0.007137 -0.999448 0.032434
vn 0.215379 -0.018543 0.976354
vn 0.010234 -0.999442 0.031792
vn 0.306733 -0.018507 0.951616
vn 0.003866 -0.999447 0.033037
vn 0.116659 -0.018524 0.992999
vn 0.999542 -0.017804 0.024490
vn 0.035489 -0.999090 0.023679
vn -0.035646 -0.017291 0.999215
vn -0.036033 -0.000000 0.999351
vn -0.999542 -0.017804 0.024490
vn -0.999700 -0.000000 0.024504
vn -0.035489 -0.999090 0.023679
vn 0.035646 -0.017291 0.999215
vn 0.999698 -0.000000 0.024562
vn 0.036030 0.000000 0.999351
vn 0.999814 -0.019265 -0.000323
vn 0.001164 -0.015312 -0.999882
vn -0.035283 0.021855 0.999138
vn -0.035265 0.999080 0.024400
vn -0.999461 0.021903 0.024465
vn -0.999700 -0.000000 0.024495
vn -0.035326 -0.000000 0.999376
vn 0.003853 -0.006041 0.999974
vn 0.999211 -0.001802 0.039663
vn 1.000000 -0.000000 0.000000
vn 0.999996 -0.000024 0.002676
vn -0.999948 0.000034 -0.010244
vn -1.000000 0.000000 -0.000000
vn 0.999753 -0.019299 0.011027
vn 0.999765 0.018342 0.011591
vn 0.999968 0.007405 0.002995
vn -0.999773 0.017645 -0.011928
vn -0.999968 0.007408 -0.003086
vn -0.999996 0.000025 -0.002676
vn 0.035229 -0.999379 0.000875
vn 0.035206 0.999380 0.000412
vn -0.037010 0.999315 -0.000440
vn 0.049641 0.001992 -0.998765
vn 0.049753 0.998754 -0.003855
vn -0.049550 0.001997 -0.998770
vn -0.049497 0.998768 -0.003531
vn -0.999947 0.000034 -0.010260
vn -0.049641 0.001992 -0.998765
vn -0.049753 0.998754 -0.003855
vn 0.049498 0.998768 -0.003531
vn 0.049550 0.001997 -0.998770
vn 0.999947 0.000034 -0.010260
vn 0.035148 -0.999378 -0.002947
vn 0.036317 -0.002195 -0.999338
vn -0.057122 -0.001780 -0.998366
vn 0.999687 -0.002164 -0.024933
vn 0.001230 -0.999704 -0.024302
vn 0.001335 -0.999516 0.031074
vn -0.001335 -0.999516 0.031074
vn -0.035148 -0.999378 -0.002947
vn -0.036317 -0.002195 -0.999338
vn -0.001230 -0.999704 -0.024302
vn -0.999687 -0.002164 -0.024933
vn 0.050961 -0.998695 -0.003463
vn 0.057122 -0.001780 -0.998366
vn -0.999212 -0.001802 0.039663
s 1
g SM_Chair_07
f 240/1/1 241/2/2 3/295/3
f 3/295/3 241/2/2 2/3/4
f 240/1/1 3/295/3 239/5/5
f 239/5/5 3/295/3 5/294/6
f 239/5/5 5/294/6 238/7/7
f 238/7/7 5/294/6 7/293/8
f 238/7/7 7/293/8 237/9/9
f 237/9/9 7/293/8 9/292/10
f 236/11/11 237/9/9 11/291/12
f 11/291/12 237/9/9 9/292/10
f 236/11/11 11/291/12 235/13/13
f 235/13/13 11/291/12 13/290/14
f 234/15/15 235/13/13 15/289/16
f 15/289/16 235/13/13 13/290/14
f 233/17/17 234/15/15 17/288/18
f 17/288/18 234/15/15 15/289/16
f 233/17/17 17/288/18 232/19/19
f 232/19/19 17/288/18 19/287/20
f 232/19/19 19/287/20 231/21/21
f 231/21/21 19/287/20 21/267/22
f 4/24/23 23/25/24 1/23/25
f 1/23/25 23/25/24 24/26/26
f 1/23/25 24/26/26 25/28/27
f 25/28/27 24/26/26 26/27/28
f 25/28/27 26/27/28 27/30/29
f 27/30/29 26/27/28 28/29/30
f 28/29/30 30/31/31 27/30/29
f 27/30/29 30/31/31 29/32/32
f 30/31/31 32/33/33 29/32/32
f 29/32/32 32/33/33 31/306/34
f 31/34/34 32/305/33 165/198/35
f 241/2/2 242/35/36 2/3/4
f 2/3/4 242/35/36 33/36/37
f 242/35/36 243/37/38 33/36/37
f 33/36/37 243/37/38 34/38/39
f 243/37/38 244/39/40 34/38/39
f 34/38/39 244/39/40 35/40/41
f 245/296/42 36/42/43 244/39/40
f 244/39/40 36/42/43 35/40/41
f 246/43/44 37/44/45 245/41/42
f 245/41/42 37/44/45 36/297/43
f 23/25/24 4/24/23 38/46/46
f 38/46/46 4/24/23 6/45/47
f 38/46/46 6/45/47 39/48/48
f 39/48/48 6/45/47 8/47/49
f 39/48/48 8/47/49 40/50/50
f 40/50/50 8/47/49 10/49/51
f 40/50/50 10/49/51 41/52/52
f 41/52/52 10/49/51 12/51/53
f 41/52/52 12/51/53 42/54/54
f 42/54/54 12/51/53 14/53/55
f 14/53/55 16/55/56 42/54/54
f 42/54/54 16/55/56 43/56/57
f 16/55/56 18/57/58 43/56/57
f 43/56/57 18/57/58 44/58/59
f 44/58/59 18/57/58 45/60/60
f 45/60/60 18/57/58 20/59/61
f 45/60/60 20/59/61 46/62/62
f 46/62/62 20/59/61 22/61/63
f 46/62/62 48/63/64 45/60/60
f 45/60/60 48/63/64 47/64/65
f 48/63/64 50/65/66 47/64/65
f 47/64/65 50/65/66 49/66/67
f 50/65/66 52/67/68 49/66/67
f 49/66/67 52/67/68 51/68/69
f 52/67/68 54/69/70 51/68/69
f 51/68/69 54/69/70 53/70/71
f 54/69/70 56/71/72 53/70/71
f 53/70/71 56/71/72 55/72/73
f 38/46/46 51/68/69 23/25/24
f 23/25/24 51/68/69 53/70/71
f 39/48/48 49/66/67 38/46/46
f 38/46/46 49/66/67 51/68/69
f 39/48/48 40/50/50 49/66/67
f 49/66/67 40/50/50 47/64/65
f 55/72/73 24/26/26 53/70/71
f 53/70/71 24/26/26 23/25/24
f 55/72/73 57/73/74 24/26/26
f 24/26/26 57/73/74 26/27/28
f 26/27/28 57/73/74 28/29/30
f 28/29/30 57/73/74 58/74/75
f 58/74/75 59/75/76 28/29/30
f 28/29/30 59/75/76 30/31/31
f 59/75/76 60/76/77 30/31/31
f 30/31/31 60/76/77 32/33/33
f 32/305/33 60/304/77 165/198/35
f 56/71/72 61/77/78 55/72/73
f 55/72/73 61/77/78 57/73/74
f 57/73/74 61/77/78 58/74/75
f 58/74/75 61/77/78 62/78/79
f 58/74/75 62/78/79 59/75/76
f 59/75/76 62/78/79 63/79/80
f 59/75/76 63/79/80 60/76/77
f 60/76/77 63/79/80 64/80/81
f 60/304/77 64/301/81 165/198/35
f 246/43/44 247/81/82 37/44/45
f 37/44/45 247/81/82 65/82/83
f 170/202/84 66/278/85 67/280/86
f 69/276/87 170/202/84 68/279/88
f 170/202/84 67/280/86 68/279/88
f 66/278/85 170/202/84 70/87/89
f 65/82/83 247/81/82 69/276/87
f 247/81/82 170/202/84 69/276/87
f 42/54/54 47/64/65 41/52/52
f 41/52/52 47/64/65 40/50/50
f 45/60/60 47/64/65 44/58/59
f 47/64/65 43/56/57 44/58/59
f 47/64/65 42/54/54 43/56/57
f 101/88/90 102/89/91 72/91/92
f 72/91/92 102/89/91 71/90/93
f 100/92/94 101/88/90 73/93/95
f 73/93/95 101/88/90 72/91/92
f 99/94/96 100/92/94 74/95/97
f 74/95/97 100/92/94 73/93/95
f 98/96/98 99/94/96 75/97/99
f 75/97/99 99/94/96 74/95/97
f 98/96/98 75/97/99 97/98/100
f 97/98/100 75/97/99 76/99/101
f 97/98/100 76/99/101 96/100/102
f 96/100/102 76/99/101 77/101/103
f 96/100/102 77/101/103 95/102/104
f 95/102/104 77/101/103 78/103/105
f 95/102/104 78/103/105 94/104/106
f 94/104/106 78/103/105 79/105/107
f 94/104/106 79/105/107 93/106/108
f 93/106/108 79/105/107 80/107/109
f 93/106/108 213/250/110 19/20/20
f 19/20/20 213/250/110 21/266/22
f 107/110/111 82/111/112 106/109/113
f 106/109/113 82/111/112 83/112/114
f 108/113/115 84/114/116 107/110/111
f 107/110/111 84/114/116 82/111/112
f 111/115/117 112/116/118 86/118/119
f 86/118/119 112/116/118 85/117/120
f 110/119/121 111/115/117 87/120/122
f 87/120/122 111/115/117 86/118/119
f 109/121/123 110/119/121 88/122/124
f 88/122/124 110/119/121 87/120/122
f 89/249/125 85/117/120 214/248/126
f 214/248/126 85/117/120 112/116/118
f 88/122/124 84/114/116 109/121/123
f 109/121/123 84/114/116 108/113/115
f 102/89/91 103/125/127 71/90/93
f 71/90/93 103/125/127 90/126/128
f 103/125/127 104/307/129 90/126/128
f 90/126/128 104/307/129 91/308/130
f 91/128/130 104/127/129 92/130/131
f 92/130/131 104/127/129 105/129/132
f 106/109/113 83/112/114 105/129/132
f 105/129/132 83/112/114 92/130/131
f 19/20/20 17/18/18 93/106/108
f 93/106/108 17/18/18 94/104/106
f 17/18/18 15/16/16 94/104/106
f 94/104/106 15/16/16 95/102/104
f 15/16/16 13/14/14 95/102/104
f 95/102/104 13/14/14 96/100/102
f 13/14/14 11/12/12 96/100/102
f 96/100/102 11/12/12 97/98/100
f 11/12/12 9/10/10 97/98/100
f 97/98/100 9/10/10 98/96/98
f 9/10/10 7/8/8 98/96/98
f 98/96/98 7/8/8 99/94/96
f 5/6/6 100/92/94 7/8/8
f 7/8/8 100/92/94 99/94/96
f 3/4/3 101/88/90 5/6/6
f 5/6/6 101/88/90 100/92/94
f 2/286/4 102/89/91 3/4/3
f 3/4/3 102/89/91 101/88/90
f 103/125/127 102/89/91 33/285/37
f 33/285/37 102/89/91 2/286/4
f 104/307/129 103/125/127 34/284/39
f 34/284/39 103/125/127 33/285/37
f 105/129/132 104/127/129 35/283/41
f 35/283/41 104/127/129 34/309/39
f 106/109/113 105/129/132 36/282/43
f 36/282/43 105/129/132 35/283/41
f 36/282/43 37/281/45 106/109/113
f 106/109/113 37/281/45 107/110/111
f 37/281/45 65/277/83 107/110/111
f 107/110/111 65/277/83 108/113/115
f 108/113/115 65/277/83 109/121/123
f 109/121/123 65/277/83 69/85/87
f 68/86/88 110/119/121 69/85/87
f 69/85/87 110/119/121 109/121/123
f 67/84/86 111/115/117 68/86/88
f 68/86/88 111/115/117 110/119/121
f 66/83/85 112/116/118 67/84/86
f 67/84/86 112/116/118 111/115/117
f 222/132/133 115/275/134 221/131/135
f 221/131/135 115/275/134 114/134/136
f 222/132/133 223/135/137 115/275/134
f 115/275/134 223/135/137 117/274/138
f 223/135/137 224/137/139 117/274/138
f 117/274/138 224/137/139 119/273/140
f 224/137/139 225/139/141 119/273/140
f 119/273/140 225/139/141 121/272/142
f 226/141/143 123/271/144 225/139/141
f 225/139/141 123/271/144 121/272/142
f 226/141/143 227/143/145 123/271/144
f 123/271/144 227/143/145 125/270/146
f 228/145/147 127/269/148 227/143/145
f 227/143/145 127/269/148 125/270/146
f 229/147/149 129/268/150 228/145/147
f 228/145/147 129/268/150 127/269/148
f 229/147/149 230/149/151 129/268/150
f 129/268/150 230/149/151 131/265/152
f 230/149/151 231/21/21 131/265/152
f 131/265/152 231/21/21 21/267/22
f 134/152/153 133/153/154 113/151/155
f 113/151/155 133/153/154 116/154/156
f 113/151/155 136/155/157 134/152/153
f 134/152/153 136/155/157 135/156/158
f 136/155/157 138/157/159 135/156/158
f 135/156/158 138/157/159 137/158/160
f 140/159/161 139/160/162 138/157/159
f 138/157/159 139/160/162 137/158/160
f 142/161/163 141/302/164 140/159/161
f 140/159/161 141/302/164 139/160/162
f 142/303/163 165/198/35 141/162/164
f 221/131/135 114/134/136 220/163/165
f 220/163/165 114/134/136 143/164/166
f 220/163/165 143/164/166 219/165/167
f 219/165/167 143/164/166 144/166/168
f 219/165/167 144/166/168 218/167/169
f 218/167/169 144/166/168 145/168/170
f 217/169/171 218/167/169 146/299/172
f 146/299/172 218/167/169 145/168/170
f 216/171/173 217/298/171 147/172/174
f 147/172/174 217/298/171 146/170/172
f 133/153/154 148/173/175 116/154/156
f 116/154/156 148/173/175 118/174/176
f 148/173/175 149/175/177 118/174/176
f 118/174/176 149/175/177 120/176/178
f 149/175/177 150/177/179 120/176/178
f 120/176/178 150/177/179 122/178/180
f 150/177/179 151/179/181 122/178/180
f 122/178/180 151/179/181 124/180/182
f 151/179/181 152/181/183 124/180/182
f 124/180/182 152/181/183 126/182/184
f 153/183/185 128/184/186 152/181/183
f 152/181/183 128/184/186 126/182/184
f 154/185/187 155/187/188 130/186/189
f 130/186/189 155/187/188 132/188/190
f 155/187/188 46/62/62 132/188/190
f 132/188/190 46/62/62 22/61/63
f 156/189/191 48/63/64 155/187/188
f 155/187/188 48/63/64 46/62/62
f 157/190/192 50/65/66 156/189/191
f 156/189/191 50/65/66 48/63/64
f 158/191/193 52/67/68 157/190/192
f 157/190/192 52/67/68 50/65/66
f 159/192/194 54/69/70 158/191/193
f 158/191/193 54/69/70 52/67/68
f 160/193/195 56/71/72 159/192/194
f 159/192/194 56/71/72 54/69/70
f 133/153/154 159/192/194 148/173/175
f 148/173/175 159/192/194 158/191/193
f 149/175/177 148/173/175 157/190/192
f 157/190/192 148/173/175 158/191/193
f 156/189/191 150/177/179 157/190/192
f 157/190/192 150/177/179 149/175/177
f 160/193/195 159/192/194 134/152/153
f 134/152/153 159/192/194 133/153/154
f 135/156/158 161/194/196 134/152/153
f 134/152/153 161/194/196 160/193/195
f 135/156/158 137/158/160 161/194/196
f 161/194/196 137/158/160 162/195/197
f 139/160/162 163/196/198 137/158/160
f 137/158/160 163/196/198 162/195/197
f 141/302/164 164/300/199 139/160/162
f 139/160/162 164/300/199 163/196/198
f 141/162/164 165/198/35 164/197/199
f 161/194/196 61/77/78 160/193/195
f 160/193/195 61/77/78 56/71/72
f 161/194/196 162/195/197 61/77/78
f 61/77/78 162/195/197 62/78/79
f 162/195/197 163/196/198 62/78/79
f 62/78/79 163/196/198 63/79/80
f 163/196/198 164/300/199 63/79/80
f 63/79/80 164/300/199 64/80/81
f 164/197/199 165/198/35 64/301/81
f 167/200/200 215/201/201 147/172/174
f 147/172/174 215/201/201 216/171/173
f 170/202/84 169/258/202 168/254/203
f 171/252/204 172/257/205 170/202/84
f 172/257/205 169/258/202 170/202/84
f 168/254/203 70/87/89 170/202/84
f 166/199/206 215/201/201 170/202/84
f 152/181/183 151/179/181 156/189/191
f 151/179/181 150/177/179 156/189/191
f 155/187/188 154/185/187 156/189/191
f 156/189/191 154/185/187 153/183/185
f 156/189/191 153/183/185 152/181/183
f 173/207/207 176/208/208 174/210/209
f 174/210/209 176/208/208 175/209/210
f 177/211/211 178/212/212 173/207/207
f 173/207/207 178/212/212 176/208/208
f 179/213/213 180/214/214 177/211/211
f 177/211/211 180/214/214 178/212/212
f 181/215/215 182/216/216 179/213/213
f 179/213/213 182/216/216 180/214/214
f 184/218/217 182/216/216 183/217/218
f 183/217/218 182/216/216 181/215/215
f 186/220/219 184/218/217 185/219/220
f 185/219/220 184/218/217 183/217/218
f 188/222/221 186/220/219 187/221/222
f 187/221/222 186/220/219 185/219/220
f 190/224/223 188/222/221 189/223/224
f 189/223/224 188/222/221 187/221/222
f 192/226/225 190/224/223 191/225/226
f 191/225/226 190/224/223 189/223/224
f 196/228/227 195/229/228 193/227/229
f 193/227/229 195/229/228 194/230/230
f 194/230/230 195/229/228 197/232/231
f 197/232/231 195/229/228 198/231/232
f 199/233/233 202/234/234 200/236/235
f 200/236/235 202/234/234 201/235/236
f 203/237/237 204/238/238 199/233/233
f 199/233/233 204/238/238 202/234/234
f 205/239/239 206/240/240 203/237/237
f 203/237/237 206/240/240 204/238/238
f 206/240/240 205/239/239 198/231/232
f 198/231/232 205/239/239 197/232/231
f 174/210/209 175/209/210 207/242/241
f 207/242/241 175/209/210 208/241/242
f 210/243/243 209/311/244 208/241/242
f 208/241/242 209/311/244 207/242/241
f 210/312/243 212/245/245 209/244/244
f 209/244/244 212/245/245 211/246/246
f 212/245/245 196/228/227 211/246/246
f 211/246/246 196/228/227 193/227/229
f 191/225/226 131/150/152 213/108/110
f 213/108/110 131/150/152 21/22/22
f 131/150/152 191/225/226 129/148/150
f 129/148/150 191/225/226 189/223/224
f 129/148/150 189/223/224 127/146/148
f 127/146/148 189/223/224 187/221/222
f 127/146/148 187/221/222 125/144/146
f 125/144/146 187/221/222 185/219/220
f 125/144/146 185/219/220 123/142/144
f 123/142/144 185/219/220 183/217/218
f 123/142/144 183/217/218 121/140/142
f 121/140/142 183/217/218 181/215/215
f 121/140/142 181/215/215 119/138/140
f 119/138/140 181/215/215 179/213/213
f 179/213/213 177/211/211 119/138/140
f 119/138/140 177/211/211 117/136/138
f 177/211/211 173/207/207 117/136/138
f 117/136/138 173/207/207 115/133/134
f 173/207/207 174/210/209 115/133/134
f 115/133/134 174/210/209 114/264/136
f 114/264/136 174/210/209 143/263/166
f 143/263/166 174/210/209 207/242/241
f 209/311/244 144/310/168 207/242/241
f 207/242/241 144/310/168 143/263/166
f 211/246/246 145/261/170 209/244/244
f 209/244/244 145/261/170 144/262/168
f 145/261/170 211/246/246 146/260/172
f 146/260/172 211/246/246 193/227/229
f 146/260/172 193/227/229 147/259/174
f 147/259/174 193/227/229 194/230/230
f 147/259/174 194/230/230 167/253/200
f 167/253/200 194/230/230 197/232/231
f 197/232/231 205/239/239 167/253/200
f 167/253/200 205/239/239 171/205/204
f 205/239/239 203/237/237 171/205/204
f 171/205/204 203/237/237 172/206/205
f 203/237/237 199/233/233 172/206/205
f 172/206/205 199/233/233 169/203/202
f 199/233/233 200/236/235 169/203/202
f 169/203/202 200/236/235 168/204/203
f 89/123/125 214/124/126 201/235/236
f 201/235/236 214/124/126 200/236/235
f 93/106/108 80/107/109 213/250/110
f 213/250/110 80/107/109 81/247/247
f 191/225/226 213/108/110 192/226/225
f 192/226/225 213/108/110 81/251/247
f 70/255/89 214/248/126 66/83/85
f 66/83/85 214/248/126 112/116/118
f 200/236/235 214/124/126 168/204/203
f 168/204/203 214/124/126 70/256/89
f 216/171/173 215/201/201 165/198/35
f 165/198/35 215/201/201 166/199/206
f 217/298/171 216/171/173 142/303/163
f 142/303/163 216/171/173 165/198/35
f 142/161/163 140/159/161 217/169/171
f 217/169/171 140/159/161 218/167/169
f 138/157/159 219/165/167 140/159/161
f 140/159/161 219/165/167 218/167/169
f 138/157/159 136/155/157 219/165/167
f 219/165/167 136/155/157 220/163/165
f 136/155/157 113/151/155 220/163/165
f 220/163/165 113/151/155 221/131/135
f 116/154/156 222/132/133 113/151/155
f 113/151/155 222/132/133 221/131/135
f 116/154/156 118/174/176 222/132/133
f 222/132/133 118/174/176 223/135/137
f 118/174/176 120/176/178 223/135/137
f 223/135/137 120/176/178 224/137/139
f 120/176/178 122/178/180 224/137/139
f 224/137/139 122/178/180 225/139/141
f 124/180/182 226/141/143 122/178/180
f 122/178/180 226/141/143 225/139/141
f 124/180/182 126/182/184 226/141/143
f 226/141/143 126/182/184 227/143/145
f 128/184/186 228/145/147 126/182/184
f 126/182/184 228/145/147 227/143/145
f 130/186/189 229/147/149 128/184/186
f 128/184/186 229/147/149 228/145/147
f 130/186/189 132/188/190 229/147/149
f 229/147/149 132/188/190 230/149/151
f 132/188/190 22/61/63 230/149/151
f 230/149/151 22/61/63 231/21/21
f 232/19/19 231/21/21 20/59/61
f 20/59/61 231/21/21 22/61/63
f 18/57/58 233/17/17 20/59/61
f 20/59/61 233/17/17 232/19/19
f 234/15/15 233/17/17 16/55/56
f 16/55/56 233/17/17 18/57/58
f 235/13/13 234/15/15 14/53/55
f 14/53/55 234/15/15 16/55/56
f 12/51/53 236/11/11 14/53/55
f 14/53/55 236/11/11 235/13/13
f 237/9/9 236/11/11 10/49/51
f 10/49/51 236/11/11 12/51/53
f 8/47/49 238/7/7 10/49/51
f 10/49/51 238/7/7 237/9/9
f 6/45/47 239/5/5 8/47/49
f 8/47/49 239/5/5 238/7/7
f 4/24/23 240/1/1 6/45/47
f 6/45/47 240/1/1 239/5/5
f 241/2/2 240/1/1 1/23/25
f 1/23/25 240/1/1 4/24/23
f 242/35/36 241/2/2 25/28/27
f 25/28/27 241/2/2 1/23/25
f 243/37/38 242/35/36 27/30/29
f 27/30/29 242/35/36 25/28/27
f 244/39/40 243/37/38 29/32/32
f 29/32/32 243/37/38 27/30/29
f 31/306/34 245/296/42 29/32/32
f 29/32/32 245/296/42 244/39/40
f 245/41/42 31/34/34 246/43/44
f 31/34/34 165/198/35 246/43/44
f 247/81/82 246/43/44 166/199/206
f 166/199/206 246/43/44 165/198/35
f 167/200/200 171/252/204 215/201/201
f 170/202/84 215/201/201 171/252/204
f 166/199/206 170/202/84 247/81/82
f 154/185/187 130/186/189 153/183/185
f 153/183/185 130/186/189 128/184/186
s 43
f 473/314/248 466/315/249 472/313/250
f 472/313/250 466/315/249 467/316/251
f 781/317/252 782/318/253 465/320/254
f 465/320/254 782/318/253 474/319/255
f 475/321/256 464/322/257 474/319/255
f 474/319/255 464/322/257 465/320/254
f 476/323/258 463/324/259 475/321/256
f 475/321/256 463/324/259 464/322/257
f 476/323/258 477/325/260 463/324/259
f 463/324/259 477/325/260 462/326/261
f 477/325/260 478/327/262 462/326/261
f 462/326/261 478/327/262 461/328/263
f 479/329/264 460/330/265 478/327/262
f 478/327/262 460/330/265 461/328/263
f 479/329/264 480/331/266 460/330/265
f 460/330/265 480/331/266 459/332/267
f 471/334/268 468/335/269 470/333/270
f 470/333/270 468/335/269 469/336/271
f 251/338/272 441/339/273 250/337/274
f 250/337/274 441/339/273 442/340/275
f 294/342/276 312/343/277 293/341/278
f 293/341/278 312/343/277 313/344/279
f 780/346/280 254/347/281 798/345/282
f 798/345/282 254/347/281 440/348/283
f 786/350/284 787/351/285 292/349/286
f 292/349/286 787/351/285 314/352/287
f 254/347/281 256/353/288 440/348/283
f 440/348/283 256/353/288 439/354/289
f 292/349/286 314/352/287 291/355/290
f 291/355/290 314/352/287 315/356/291
f 258/357/292 438/358/293 256/353/288
f 256/353/288 438/358/293 439/354/289
f 291/355/290 315/356/291 290/359/294
f 290/359/294 315/356/291 316/360/295
f 260/361/296 437/362/297 258/357/292
f 258/357/292 437/362/297 438/358/293
f 290/359/294 316/360/295 289/363/298
f 289/363/298 316/360/295 317/364/299
f 262/365/300 436/366/301 260/361/296
f 260/361/296 436/366/301 437/362/297
f 289/363/298 317/364/299 288/367/302
f 288/367/302 317/364/299 318/368/303
f 264/369/304 435/370/305 262/365/300
f 262/365/300 435/370/305 436/366/301
f 288/367/302 318/368/303 287/371/306
f 287/371/306 318/368/303 319/372/307
f 248/373/308 434/374/309 264/369/304
f 264/369/304 434/374/309 435/370/305
f 287/371/306 319/372/307 286/375/310
f 286/375/310 319/372/307 320/376/311
f 348/378/312 492/379/313 347/377/314
f 347/377/314 492/379/313 493/380/315
f 471/334/268 472/313/250 468/335/269
f 468/335/269 472/313/250 467/316/251
f 443/381/316 267/382/317 442/340/275
f 442/340/275 267/382/317 250/337/274
f 295/383/318 311/384/319 294/342/276
f 294/342/276 311/384/319 312/343/277
f 349/385/320 491/386/321 348/378/312
f 348/378/312 491/386/321 492/379/313
f 483/387/322 484/388/323 270/390/324
f 270/390/324 484/388/323 447/389/325
f 840/391/326 841/392/327 284/394/328
f 284/394/328 841/392/327 299/393/329
f 392/395/330 408/396/331 409/397/332
f 275/398/333 274/399/334 400/401/335
f 400/401/335 274/399/334 399/400/336
f 276/402/337 275/398/333 401/403/338
f 401/403/338 275/398/333 400/401/335
f 277/404/339 276/402/337 402/405/340
f 402/405/340 276/402/337 401/403/338
f 278/406/341 277/404/339 403/407/342
f 403/407/342 277/404/339 402/405/340
f 279/408/343 278/406/341 404/409/344
f 404/409/344 278/406/341 403/407/342
f 280/410/345 279/408/343 405/411/346
f 405/411/346 279/408/343 404/409/344
f 797/413/347 280/410/345 796/412/348
f 796/412/348 280/410/345 405/411/346
f 282/414/349 281/415/350 407/417/351
f 407/417/351 281/415/350 406/416/352
f 283/418/353 282/414/349 408/396/331
f 408/396/331 282/414/349 407/417/351
f 496/420/354 344/421/355 495/419/356
f 495/419/356 344/421/355 345/422/357
f 310/423/358 283/418/353 394/425/359
f 394/425/359 283/418/353 393/424/360
f 286/375/310 300/426/361 287/371/306
f 287/371/306 300/426/361 301/427/362
f 287/371/306 301/427/362 288/367/302
f 288/367/302 301/427/362 302/428/363
f 288/367/302 302/428/363 289/363/298
f 289/363/298 302/428/363 303/429/364
f 289/363/298 303/429/364 290/359/294
f 290/359/294 303/429/364 304/430/365
f 290/359/294 304/430/365 291/355/290
f 291/355/290 304/430/365 305/431/366
f 291/355/290 305/431/366 292/349/286
f 292/349/286 305/431/366 306/432/367
f 785/433/368 786/350/284 306/432/367
f 306/432/367 786/350/284 292/349/286
f 293/341/278 307/434/369 294/342/276
f 294/342/276 307/434/369 308/435/370
f 294/342/276 308/435/370 295/383/318
f 295/383/318 308/435/370 309/436/371
f 347/377/314 493/380/315 346/437/372
f 346/437/372 493/380/315 494/438/373
f 346/437/372 494/438/373 345/422/357
f 345/422/357 494/438/373 495/419/356
f 839/439/374 840/391/326 296/440/375
f 296/440/375 840/391/326 284/394/328
f 842/441/376 271/442/377 841/392/327
f 841/392/327 271/442/377 299/393/329
f 249/443/378 265/444/379 458/446/380
f 458/446/380 265/444/379 457/445/381
f 263/447/382 456/448/383 265/444/379
f 265/444/379 456/448/383 457/445/381
f 261/449/384 455/450/385 263/447/382
f 263/447/382 455/450/385 456/448/383
f 259/451/386 454/452/387 261/449/384
f 261/449/384 454/452/387 455/450/385
f 257/453/388 453/454/389 259/451/386
f 259/451/386 453/454/389 454/452/387
f 255/455/390 452/456/391 257/453/388
f 257/453/388 452/456/391 453/454/389
f 783/457/392 784/458/393 255/455/390
f 255/455/390 784/458/393 452/456/391
f 253/460/394 450/461/395 252/459/396
f 252/459/396 450/461/395 451/462/397
f 266/463/398 449/464/399 253/460/394
f 253/460/394 449/464/399 450/461/395
f 397/465/400 448/466/401 266/463/398
f 266/463/398 448/466/401 449/464/399
f 267/382/317 443/381/316 396/467/402
f 311/384/319 333/468/403 312/343/277
f 312/343/277 333/468/403 334/469/404
f 312/343/277 334/469/404 313/344/279
f 313/344/279 334/469/404 335/470/405
f 787/351/285 788/471/406 314/352/287
f 314/352/287 788/471/406 336/472/407
f 314/352/287 336/472/407 315/356/291
f 315/356/291 336/472/407 337/473/408
f 315/356/291 337/473/408 316/360/295
f 316/360/295 337/473/408 338/474/409
f 316/360/295 338/474/409 317/364/299
f 317/364/299 338/474/409 339/475/410
f 317/364/299 339/475/410 318/368/303
f 318/368/303 339/475/410 340/476/411
f 318/368/303 340/476/411 319/372/307
f 319/372/307 340/476/411 341/477/412
f 319/372/307 341/477/412 320/376/311
f 320/376/311 341/477/412 342/478/413
f 838/479/414 839/439/374 269/480/415
f 269/480/415 839/439/374 296/440/375
f 765/482/416 766/483/417 391/481/418
f 391/481/418 766/483/417 390/484/419
f 446/485/420 343/486/421 482/488/422
f 482/488/422 343/486/421 481/487/423
f 486/490/424 345/422/357 485/489/425
f 485/489/425 345/422/357 344/421/355
f 345/422/357 486/490/424 346/437/372
f 346/437/372 486/490/424 487/491/426
f 346/437/372 487/491/426 347/377/314
f 347/377/314 487/491/426 488/492/427
f 347/377/314 488/492/427 348/378/312
f 348/378/312 488/492/427 489/493/428
f 348/378/312 489/493/428 349/385/320
f 349/385/320 489/493/428 490/494/429
f 767/495/430 768/496/431 350/498/432
f 350/498/432 768/496/431 433/497/433
f 311/384/319 295/383/318 362/499/434
f 362/499/434 295/383/318 363/500/435
f 363/500/435 295/383/318 364/501/436
f 364/501/436 295/383/318 309/436/371
f 365/502/437 364/501/436 309/436/371
f 837/503/438 838/479/414 332/504/439
f 332/504/439 838/479/414 269/480/415
f 333/468/403 311/384/319 366/506/440
f 366/506/440 311/384/319 367/505/441
f 368/507/442 369/508/443 370/510/444
f 370/510/444 369/508/443 371/509/445
f 369/508/443 368/507/442 387/512/446
f 387/512/446 368/507/442 386/511/447
f 790/513/448 791/514/449 372/516/450
f 372/516/450 791/514/449 373/515/451
f 372/516/450 373/515/451 374/518/452
f 374/518/452 373/515/451 375/517/453
f 374/518/452 375/517/453 376/520/454
f 376/520/454 375/517/453 377/519/455
f 376/520/454 377/519/455 378/522/456
f 378/522/456 377/519/455 379/521/457
f 378/522/456 379/521/457 380/524/458
f 380/524/458 379/521/457 381/523/459
f 380/524/458 381/523/459 382/526/460
f 382/526/460 381/523/459 383/525/461
f 383/525/461 385/527/462 382/526/460
f 382/526/460 385/527/462 384/528/463
f 386/511/447 389/529/464 387/512/446
f 387/512/446 389/529/464 388/530/465
f 388/530/465 389/529/464 390/484/419
f 390/484/419 389/529/464 391/481/418
f 354/532/466 371/533/445 353/531/467
f 353/531/467 371/533/445 369/534/443
f 373/515/451 791/514/449 355/535/468
f 355/535/468 791/514/449 799/536/469
f 355/535/468 356/537/470 373/515/451
f 373/515/451 356/537/470 375/517/453
f 357/538/471 377/519/455 356/537/470
f 356/537/470 377/519/455 375/517/453
f 358/539/472 379/521/457 357/538/471
f 357/538/471 379/521/457 377/519/455
f 358/539/472 359/540/473 379/521/457
f 379/521/457 359/540/473 381/523/459
f 359/540/473 360/541/474 381/523/459
f 381/523/459 360/541/474 383/525/461
f 361/542/475 385/527/462 360/541/474
f 360/541/474 385/527/462 383/525/461
f 351/543/476 352/544/477 388/546/465
f 388/546/465 352/544/477 387/545/446
f 353/531/467 369/534/443 352/544/477
f 352/544/477 369/534/443 387/545/446
f 351/543/476 388/546/465 350/498/432
f 350/498/432 388/546/465 390/547/419
f 763/549/478 386/511/447 762/548/479
f 762/548/479 386/511/447 368/507/442
f 762/548/479 368/507/442 761/550/480
f 761/550/480 368/507/442 370/510/444
f 789/552/481 790/513/448 760/551/482
f 760/551/482 790/513/448 372/516/450
f 760/551/482 372/516/450 759/553/483
f 759/553/483 372/516/450 374/518/452
f 759/553/483 374/518/452 758/554/484
f 758/554/484 374/518/452 376/520/454
f 758/554/484 376/520/454 757/555/485
f 757/555/485 376/520/454 378/522/456
f 757/555/485 378/522/456 756/556/486
f 756/556/486 378/522/456 380/524/458
f 756/556/486 380/524/458 755/557/487
f 755/557/487 380/524/458 382/526/460
f 755/557/487 382/526/460 754/558/488
f 754/558/488 382/526/460 384/528/463
f 391/481/418 836/559/489 765/482/416
f 764/560/490 389/529/464 763/549/478
f 763/549/478 389/529/464 386/511/447
f 828/562/491 393/424/360 835/561/492
f 835/561/492 393/424/360 392/395/330
f 829/563/493 394/425/359 828/562/491
f 828/562/491 394/425/359 393/424/360
f 829/563/493 830/564/494 394/425/359
f 394/425/359 830/564/494 395/565/495
f 396/467/402 444/566/496 832/568/497
f 832/568/497 444/566/496 831/567/498
f 397/465/400 470/569/270 270/390/324
f 270/390/324 470/569/270 483/387/322
f 843/570/499 270/390/324 447/389/325
f 834/572/500 409/397/332 833/571/501
f 833/571/501 409/397/332 398/573/502
f 400/401/335 399/400/336 322/575/503
f 322/575/503 399/400/336 321/574/504
f 401/403/338 400/401/335 323/576/505
f 323/576/505 400/401/335 322/575/503
f 402/405/340 401/403/338 324/577/506
f 324/577/506 401/403/338 323/576/505
f 403/407/342 402/405/340 325/578/507
f 325/578/507 402/405/340 324/577/506
f 404/409/344 403/407/342 326/579/508
f 326/579/508 403/407/342 325/578/507
f 405/411/346 404/409/344 327/580/509
f 327/580/509 404/409/344 326/579/508
f 796/412/348 405/411/346 795/581/510
f 795/581/510 405/411/346 327/580/509
f 407/417/351 406/416/352 329/583/511
f 329/583/511 406/416/352 328/582/512
f 408/396/331 407/417/351 330/584/513
f 330/584/513 407/417/351 329/583/511
f 330/584/513 398/573/502 408/396/331
f 408/396/331 398/573/502 409/397/332
f 409/397/332 834/572/500 392/395/330
f 392/395/330 834/572/500 835/561/492
f 411/586/514 413/587/515 410/585/516
f 410/585/516 413/587/515 412/588/517
f 411/586/514 410/585/516 429/590/518
f 429/590/518 410/585/516 428/589/519
f 793/592/520 415/593/521 792/591/522
f 792/591/522 415/593/521 414/594/523
f 415/593/521 417/595/524 414/594/523
f 414/594/523 417/595/524 416/596/525
f 417/595/524 419/597/526 416/596/525
f 416/596/525 419/597/526 418/598/527
f 419/597/526 421/599/528 418/598/527
f 418/598/527 421/599/528 420/600/529
f 421/599/528 423/601/530 420/600/529
f 420/600/529 423/601/530 422/602/531
f 423/601/530 425/603/532 422/602/531
f 422/602/531 425/603/532 424/604/533
f 425/603/532 427/605/534 424/604/533
f 424/604/533 427/605/534 426/606/535
f 429/590/518 428/589/519 431/608/536
f 431/608/536 428/589/519 430/607/537
f 431/608/536 430/607/537 432/609/538
f 432/609/538 430/607/537 433/497/433
f 770/611/539 771/612/540 431/610/536
f 431/610/536 771/612/540 429/613/518
f 728/615/541 427/616/534 779/614/542
f 779/614/542 427/616/534 425/617/532
f 778/618/543 779/614/542 423/619/530
f 423/619/530 779/614/542 425/617/532
f 777/620/544 778/618/543 421/621/528
f 421/621/528 778/618/543 423/619/530
f 776/622/545 777/620/544 419/623/526
f 419/623/526 777/620/544 421/621/528
f 775/624/546 776/622/545 417/625/524
f 417/625/524 776/622/545 419/623/526
f 774/626/547 775/624/546 415/627/521
f 415/627/521 775/624/546 417/625/524
f 794/629/548 774/626/547 793/628/520
f 793/628/520 774/626/547 415/627/521
f 772/630/549 773/631/550 411/633/514
f 411/633/514 773/631/550 413/632/515
f 771/612/540 772/630/549 429/613/518
f 429/613/518 772/630/549 411/633/514
f 430/607/537 351/543/476 433/497/433
f 433/497/433 351/543/476 350/498/432
f 351/543/476 430/607/537 352/544/477
f 352/544/477 430/607/537 428/589/519
f 353/531/467 352/544/477 410/585/516
f 410/585/516 352/544/477 428/589/519
f 353/531/467 410/585/516 354/532/466
f 354/532/466 410/585/516 412/588/517
f 799/635/469 792/591/522 355/634/468
f 355/634/468 792/591/522 414/594/523
f 355/634/468 414/594/523 356/636/470
f 356/636/470 414/594/523 416/596/525
f 356/636/470 416/596/525 357/637/471
f 357/637/471 416/596/525 418/598/527
f 357/637/471 418/598/527 358/638/472
f 358/638/472 418/598/527 420/600/529
f 359/639/473 358/638/472 422/602/531
f 422/602/531 358/638/472 420/600/529
f 359/639/473 422/602/531 360/640/474
f 360/640/474 422/602/531 424/604/533
f 426/606/535 361/641/475 424/604/533
f 424/604/533 361/641/475 360/640/474
f 431/610/536 432/642/538 770/611/539
f 770/611/539 432/642/538 769/643/551
f 275/398/333 435/370/305 274/399/334
f 274/399/334 435/370/305 434/374/309
f 436/366/301 435/370/305 276/402/337
f 276/402/337 435/370/305 275/398/333
f 437/362/297 436/366/301 277/404/339
f 277/404/339 436/366/301 276/402/337
f 438/358/293 437/362/297 278/406/341
f 278/406/341 437/362/297 277/404/339
f 439/354/289 438/358/293 279/408/343
f 279/408/343 438/358/293 278/406/341
f 440/348/283 439/354/289 280/410/345
f 280/410/345 439/354/289 279/408/343
f 798/345/282 440/348/283 797/413/347
f 797/413/347 440/348/283 280/410/345
f 442/340/275 441/339/273 282/414/349
f 282/414/349 441/339/273 281/415/350
f 310/423/358 442/340/275 283/418/353
f 283/418/353 442/340/275 282/414/349
f 443/381/316 310/423/358 444/566/496
f 444/566/496 310/423/358 395/565/495
f 830/564/494 831/567/498 395/565/495
f 395/565/495 831/567/498 444/566/496
f 485/489/425 482/488/422 272/645/552
f 272/645/552 482/488/422 445/644/553
f 446/485/420 344/421/355 484/646/323
f 484/646/323 344/421/355 496/420/354
f 843/570/499 447/389/325 842/441/376
f 842/441/376 447/389/325 271/442/377
f 448/466/401 365/502/437 449/464/399
f 449/464/399 365/502/437 309/436/371
f 449/464/399 309/436/371 450/461/395
f 450/461/395 309/436/371 308/435/370
f 450/461/395 308/435/370 451/462/397
f 451/462/397 308/435/370 307/434/369
f 784/458/393 785/433/368 452/456/391
f 452/456/391 785/433/368 306/432/367
f 452/456/391 306/432/367 453/454/389
f 453/454/389 306/432/367 305/431/366
f 453/454/389 305/431/366 454/452/387
f 454/452/387 305/431/366 304/430/365
f 454/452/387 304/430/365 455/450/385
f 455/450/385 304/430/365 303/429/364
f 455/450/385 303/429/364 456/448/383
f 456/448/383 303/429/364 302/428/363
f 456/448/383 302/428/363 457/445/381
f 457/445/381 302/428/363 301/427/362
f 457/445/381 301/427/362 458/446/380
f 458/446/380 301/427/362 300/426/361
f 460/330/265 459/332/267 264/647/304
f 264/647/304 459/332/267 248/648/308
f 262/649/300 461/328/263 264/647/304
f 264/647/304 461/328/263 460/330/265
f 462/326/261 461/328/263 260/650/296
f 260/650/296 461/328/263 262/649/300
f 258/651/292 463/324/259 260/650/296
f 260/650/296 463/324/259 462/326/261
f 256/652/288 464/322/257 258/651/292
f 258/651/292 464/322/257 463/324/259
f 254/653/281 465/320/254 256/652/288
f 256/652/288 465/320/254 464/322/257
f 781/317/252 465/320/254 780/654/280
f 780/654/280 465/320/254 254/653/281
f 250/655/274 467/316/251 251/656/272
f 251/656/272 467/316/251 466/315/249
f 250/655/274 267/657/317 467/316/251
f 467/316/251 267/657/317 468/335/269
f 469/336/271 468/335/269 396/658/402
f 396/658/402 468/335/269 267/657/317
f 266/463/398 471/659/268 397/465/400
f 397/465/400 471/659/268 470/569/270
f 471/659/268 266/463/398 472/660/250
f 472/660/250 266/463/398 253/460/394
f 472/660/250 253/460/394 473/661/248
f 473/661/248 253/460/394 252/459/396
f 782/663/253 783/457/392 474/662/255
f 474/662/255 783/457/392 255/455/390
f 474/662/255 255/455/390 475/664/256
f 475/664/256 255/455/390 257/453/388
f 475/664/256 257/453/388 476/665/258
f 476/665/258 257/453/388 259/451/386
f 477/666/260 476/665/258 261/449/384
f 261/449/384 476/665/258 259/451/386
f 477/666/260 261/449/384 478/667/262
f 478/667/262 261/449/384 263/447/382
f 478/667/262 263/447/382 479/668/264
f 479/668/264 263/447/382 265/444/379
f 479/668/264 265/444/379 480/669/266
f 480/669/266 265/444/379 249/443/378
f 832/670/497 469/336/271 396/658/402
f 482/488/422 481/487/423 445/644/553
f 445/644/553 481/487/423 273/671/554
f 469/336/271 481/672/423 343/673/421
f 343/486/421 446/485/420 483/674/322
f 483/674/322 446/485/420 484/646/323
f 298/675/555 486/490/424 272/645/552
f 272/645/552 486/490/424 485/489/425
f 486/490/424 298/675/555 487/491/426
f 487/491/426 298/675/555 285/676/556
f 487/491/426 285/676/556 488/492/427
f 488/492/427 285/676/556 297/677/557
f 488/492/427 297/677/557 489/493/428
f 489/493/428 297/677/557 268/678/558
f 489/493/428 268/678/558 490/494/429
f 490/494/429 268/678/558 331/679/559
f 492/680/313 491/681/321 269/480/415
f 269/480/415 491/681/321 332/504/439
f 493/682/315 492/680/313 296/440/375
f 296/440/375 492/680/313 269/480/415
f 493/682/315 296/440/375 494/683/373
f 494/683/373 296/440/375 284/394/328
f 494/683/373 284/394/328 495/684/356
f 495/684/356 284/394/328 299/393/329
f 271/442/377 496/685/354 299/393/329
f 299/393/329 496/685/354 495/684/356
f 768/496/431 769/686/551 433/497/433
f 433/497/433 769/686/551 432/609/538
f 766/687/417 767/495/430 390/547/419
f 390/547/419 767/495/430 350/498/432
f 446/485/420 482/488/422 344/421/355
f 344/421/355 482/488/422 485/489/425
f 496/685/354 271/442/377 484/388/323
f 484/388/323 271/442/377 447/389/325
f 507/688/560 510/689/561 508/691/562
f 508/691/562 510/689/561 509/690/563
f 508/691/562 509/690/563 818/693/564
f 818/693/564 509/690/563 817/692/565
f 513/694/566 514/695/567 516/697/568
f 516/697/568 514/695/567 517/696/569
f 516/697/568 517/696/569 519/699/570
f 519/699/570 517/696/569 520/698/571
f 519/699/570 520/698/571 522/701/572
f 522/701/572 520/698/571 523/700/573
f 522/701/572 523/700/573 525/703/574
f 525/703/574 523/700/573 526/702/575
f 525/703/574 526/702/575 528/705/576
f 528/705/576 526/702/575 529/704/577
f 528/705/576 529/704/577 248/707/308
f 248/707/308 529/704/577 434/706/309
f 534/709/578 533/710/579 531/708/580
f 531/708/580 533/710/579 532/711/581
f 510/689/561 507/688/560 535/713/582
f 535/713/582 507/688/560 536/712/583
f 533/710/579 539/714/584 532/711/581
f 532/711/581 539/714/584 538/715/585
f 540/716/586 543/717/587 541/719/588
f 541/719/588 543/717/587 542/718/589
f 545/721/590 847/722/591 546/720/592
f 546/720/592 847/722/591 848/723/593
f 562/725/594 561/726/595 559/724/596
f 559/724/596 561/726/595 560/727/597
f 551/728/598 564/729/599 274/731/334
f 274/731/334 564/729/599 399/730/336
f 552/732/600 565/733/601 551/728/598
f 551/728/598 565/733/601 564/729/599
f 553/734/602 566/735/603 552/732/600
f 552/732/600 566/735/603 565/733/601
f 554/736/604 567/737/605 553/734/602
f 553/734/602 567/737/605 566/735/603
f 555/738/606 568/739/607 554/736/604
f 554/736/604 568/739/607 567/737/605
f 556/740/608 569/741/609 555/738/606
f 555/738/606 569/741/609 568/739/607
f 557/742/610 570/743/611 816/745/612
f 816/745/612 570/743/611 815/744/613
f 558/746/614 571/747/615 557/742/610
f 557/742/610 571/747/615 570/743/611
f 550/748/616 572/749/617 558/746/614
f 558/746/614 572/749/617 571/747/615
f 551/728/598 274/731/334 529/704/577
f 529/704/577 274/731/334 434/706/309
f 551/728/598 529/704/577 552/732/600
f 552/732/600 529/704/577 526/702/575
f 552/732/600 526/702/575 553/734/602
f 553/734/602 526/702/575 523/700/573
f 553/734/602 523/700/573 554/736/604
f 554/736/604 523/700/573 520/698/571
f 554/736/604 520/698/571 555/738/606
f 555/738/606 520/698/571 517/696/569
f 555/738/606 517/696/569 556/740/608
f 556/740/608 517/696/569 514/695/567
f 509/690/563 557/742/610 817/692/565
f 817/692/565 557/742/610 816/745/612
f 557/742/610 509/690/563 558/746/614
f 558/746/614 509/690/563 510/689/561
f 576/750/618 510/689/561 535/713/582
f 574/752/619 534/709/578 573/751/620
f 573/751/620 534/709/578 531/708/580
f 559/724/596 574/752/619 562/725/594
f 562/725/594 574/752/619 573/751/620
f 563/753/621 576/750/618 575/754/622
f 578/756/623 577/757/624 512/755/625
f 512/755/625 577/757/624 537/758/626
f 579/760/627 578/756/623 511/759/628
f 511/759/628 578/756/623 512/755/625
f 805/762/629 579/760/627 804/761/630
f 804/761/630 579/760/627 511/759/628
f 581/764/631 580/765/632 518/763/633
f 518/763/633 580/765/632 515/766/634
f 582/768/635 581/764/631 521/767/636
f 521/767/636 581/764/631 518/763/633
f 583/770/637 582/768/635 524/769/638
f 524/769/638 582/768/635 521/767/636
f 584/772/639 583/770/637 527/771/640
f 527/771/640 583/770/637 524/769/638
f 585/774/641 584/772/639 530/773/642
f 530/773/642 584/772/639 527/771/640
f 320/776/311 585/774/641 286/775/310
f 286/775/310 585/774/641 530/773/642
f 586/777/643 300/778/361 530/773/642
f 530/773/642 300/778/361 286/775/310
f 587/779/644 586/777/643 527/771/640
f 527/771/640 586/777/643 530/773/642
f 588/780/645 587/779/644 524/769/638
f 524/769/638 587/779/644 527/771/640
f 589/781/646 588/780/645 521/767/636
f 521/767/636 588/780/645 524/769/638
f 590/782/647 589/781/646 518/763/633
f 518/763/633 589/781/646 521/767/636
f 591/783/648 590/782/647 515/766/634
f 515/766/634 590/782/647 518/763/633
f 592/784/649 803/785/650 511/759/628
f 511/759/628 803/785/650 804/761/630
f 593/786/651 592/784/649 512/755/625
f 512/755/625 592/784/649 511/759/628
f 594/787/652 593/786/651 537/758/626
f 537/758/626 593/786/651 512/755/625
f 847/722/591 545/721/590 846/788/653
f 846/788/653 545/721/590 596/789/654
f 597/790/655 546/720/592 849/791/656
f 849/791/656 546/720/592 848/723/593
f 458/793/380 600/794/657 249/792/378
f 249/792/378 600/794/657 599/795/658
f 600/794/657 602/796/659 599/795/658
f 599/795/658 602/796/659 601/797/660
f 601/797/660 602/796/659 603/799/661
f 603/799/661 602/796/659 604/798/662
f 604/798/662 606/800/663 603/799/661
f 603/799/661 606/800/663 605/801/664
f 606/800/663 608/802/665 605/801/664
f 605/801/664 608/802/665 607/803/666
f 607/803/666 608/802/665 609/805/667
f 609/805/667 608/802/665 610/804/668
f 802/807/669 612/808/670 801/806/671
f 801/806/671 612/808/670 611/809/672
f 612/808/670 614/810/673 611/809/672
f 611/809/672 614/810/673 613/811/674
f 614/810/673 616/812/675 613/811/674
f 613/811/674 616/812/675 615/813/676
f 617/814/677 615/813/676 618/815/678
f 618/815/678 615/813/676 616/812/675
f 536/712/583 620/816/679 535/713/582
f 622/817/680 621/818/681 578/756/623
f 578/756/623 621/818/681 577/757/624
f 623/819/682 622/817/680 579/760/627
f 579/760/627 622/817/680 578/756/623
f 806/820/683 623/819/682 805/762/629
f 805/762/629 623/819/682 579/760/627
f 625/821/684 624/822/685 581/764/631
f 581/764/631 624/822/685 580/765/632
f 626/823/686 625/821/684 582/768/635
f 582/768/635 625/821/684 581/764/631
f 627/824/687 626/823/686 583/770/637
f 583/770/637 626/823/686 582/768/635
f 628/825/688 627/824/687 584/772/639
f 584/772/639 627/824/687 583/770/637
f 629/826/689 628/825/688 585/774/641
f 585/774/641 628/825/688 584/772/639
f 342/827/413 629/826/689 320/776/311
f 320/776/311 629/826/689 585/774/641
f 596/789/654 631/828/690 846/788/653
f 846/788/653 631/828/690 845/829/691
f 634/831/692 742/832/693 632/830/694
f 632/830/694 742/832/693 743/833/695
f 504/834/696 635/835/697 480/837/266
f 480/837/266 635/835/697 459/836/267
f 636/839/698 635/835/697 503/838/699
f 503/838/699 635/835/697 504/834/696
f 502/840/700 637/841/701 503/838/699
f 503/838/699 637/841/701 636/839/698
f 501/842/702 638/843/703 502/840/700
f 502/840/700 638/843/703 637/841/701
f 639/845/704 638/843/703 500/844/705
f 500/844/705 638/843/703 501/842/702
f 640/847/706 639/845/704 499/846/707
f 499/846/707 639/845/704 500/844/705
f 641/849/708 819/850/709 498/848/710
f 498/848/710 819/850/709 800/851/711
f 642/853/712 641/849/708 497/852/713
f 497/852/713 641/849/708 498/848/710
f 643/855/714 642/853/712 506/854/715
f 506/854/715 642/853/712 497/852/713
f 644/856/716 643/855/714 505/857/717
f 505/857/717 643/855/714 506/854/715
f 648/859/718 647/860/719 645/858/720
f 645/858/720 647/860/719 646/861/721
f 561/726/595 562/725/594 649/862/722
f 649/862/722 562/725/594 650/863/723
f 651/864/724 650/863/723 573/751/620
f 573/751/620 650/863/723 562/725/594
f 652/865/725 651/864/724 531/708/580
f 531/708/580 651/864/724 573/751/620
f 653/866/726 652/865/725 532/711/581
f 532/711/581 652/865/725 531/708/580
f 654/867/727 653/866/726 538/715/585
f 538/715/585 653/866/726 532/711/581
f 740/868/728 741/869/729 655/871/730
f 655/871/730 741/869/729 656/870/731
f 596/789/654 577/757/624 631/828/690
f 594/787/652 537/758/626 546/720/592
f 546/720/592 537/758/626 545/721/590
f 657/872/732 844/873/733 631/828/690
f 631/828/690 844/873/733 845/829/691
f 621/818/681 657/872/732 577/757/624
f 577/757/624 657/872/732 631/828/690
f 658/874/734 661/875/735 659/877/736
f 659/877/736 661/875/735 660/876/737
f 659/877/736 663/878/738 658/874/734
f 658/874/734 663/878/738 662/879/739
f 661/875/735 808/880/740 660/876/737
f 660/876/737 808/880/740 809/881/741
f 665/882/742 667/883/743 664/885/744
f 664/885/744 667/883/743 666/884/745
f 667/883/743 669/886/746 666/884/745
f 666/884/745 669/886/746 668/887/747
f 669/886/746 671/888/748 668/887/747
f 668/887/747 671/888/748 670/889/749
f 671/888/748 673/890/750 670/889/749
f 670/889/749 673/890/750 672/891/751
f 673/890/750 675/892/752 672/891/751
f 672/891/751 675/892/752 674/893/753
f 675/892/752 384/894/463 674/893/753
f 674/893/753 384/894/463 385/895/462
f 677/896/754 676/897/755 663/878/738
f 663/878/738 676/897/755 662/879/739
f 676/897/755 677/896/754 632/830/694
f 632/830/694 677/896/754 634/831/692
f 678/898/756 659/899/736 679/901/757
f 679/901/757 659/899/736 660/900/737
f 660/900/737 810/902/758 679/901/757
f 664/885/744 666/884/745 680/903/759
f 680/903/759 666/884/745 681/904/760
f 666/884/745 668/887/747 681/904/760
f 681/904/760 668/887/747 682/905/761
f 668/887/747 670/889/749 682/905/761
f 682/905/761 670/889/749 683/906/762
f 683/906/762 670/889/749 684/907/763
f 684/907/763 670/889/749 672/891/751
f 684/907/763 672/891/751 685/908/764
f 685/908/764 672/891/751 674/893/753
f 685/908/764 674/893/753 361/909/475
f 361/909/475 674/893/753 385/895/462
f 677/911/754 663/912/738 686/910/765
f 686/910/765 663/912/738 687/913/766
f 663/912/738 659/899/736 687/913/766
f 687/913/766 659/899/736 678/898/756
f 686/910/765 656/870/731 677/911/754
f 677/911/754 656/870/731 634/914/692
f 745/915/767 746/916/768 662/879/739
f 662/879/739 746/916/768 658/874/734
f 746/916/768 747/917/769 658/874/734
f 658/874/734 747/917/769 661/875/735
f 747/917/769 807/918/770 661/875/735
f 661/875/735 807/918/770 808/880/740
f 748/919/771 749/920/772 665/882/742
f 665/882/742 749/920/772 667/883/743
f 749/920/772 750/921/773 667/883/743
f 667/883/743 750/921/773 669/886/746
f 750/921/773 751/922/774 669/886/746
f 669/886/746 751/922/774 671/888/748
f 751/922/774 752/923/775 671/888/748
f 671/888/748 752/923/775 673/890/750
f 752/923/775 753/924/776 673/890/750
f 673/890/750 753/924/776 675/892/752
f 753/924/776 754/925/488 675/892/752
f 675/892/752 754/925/488 384/894/463
f 676/897/755 632/830/694 744/926/777
f 744/926/777 632/830/694 743/833/695
f 744/926/777 745/915/767 676/897/755
f 676/897/755 745/915/767 662/879/739
f 824/927/778 825/928/779 549/930/780
f 549/930/780 825/928/779 548/929/781
f 823/931/782 824/927/778 563/753/621
f 563/753/621 824/927/778 549/930/780
f 823/931/782 563/753/621 822/932/783
f 822/932/783 563/753/621 575/754/622
f 620/816/679 820/933/784 619/935/785
f 619/935/785 820/933/784 821/934/786
f 644/856/716 505/857/717 646/937/721
f 646/937/721 505/857/717 540/936/586
f 617/814/677 543/717/587 505/938/717
f 505/938/717 543/717/587 540/716/586
f 618/815/678 850/939/787 617/814/677
f 617/814/677 850/939/787 543/717/587
f 826/940/788 827/941/789 696/943/790
f 696/943/790 827/941/789 697/942/791
f 572/749/617 550/748/616 548/929/781
f 548/929/781 550/748/616 549/930/780
f 564/729/599 698/944/792 399/730/336
f 399/730/336 698/944/792 321/945/504
f 565/733/601 699/946/793 564/729/599
f 564/729/599 699/946/793 698/944/792
f 566/735/603 700/947/794 565/733/601
f 565/733/601 700/947/794 699/946/793
f 567/737/605 701/948/795 566/735/603
f 566/735/603 701/948/795 700/947/794
f 568/739/607 702/949/796 567/737/605
f 567/737/605 702/949/796 701/948/795
f 569/741/609 703/950/797 568/739/607
f 568/739/607 703/950/797 702/949/796
f 570/743/611 704/951/798 815/744/613
f 815/744/613 704/951/798 814/952/799
f 571/747/615 705/953/800 570/743/611
f 570/743/611 705/953/800 704/951/798
f 572/749/617 706/954/801 571/747/615
f 571/747/615 706/954/801 705/953/800
f 706/954/801 572/749/617 697/942/791
f 697/942/791 572/749/617 696/943/790
f 696/943/790 548/929/781 826/940/788
f 826/940/788 548/929/781 825/928/779
f 710/956/802 709/957/803 707/955/804
f 707/955/804 709/957/803 708/958/805
f 712/959/806 711/960/807 708/958/805
f 708/958/805 711/960/807 707/955/804
f 811/961/808 812/962/809 710/956/802
f 710/956/802 812/962/809 709/957/803
f 716/964/810 715/965/811 714/963/812
f 714/963/812 715/965/811 713/966/813
f 718/967/814 717/968/815 716/964/810
f 716/964/810 717/968/815 715/965/811
f 720/969/816 719/970/817 718/967/814
f 718/967/814 719/970/817 717/968/815
f 722/971/818 721/972/819 720/969/816
f 720/969/816 721/972/819 719/970/817
f 722/971/818 724/973/820 721/972/819
f 721/972/819 724/973/820 723/974/821
f 724/973/820 426/975/535 723/974/821
f 723/974/821 426/975/535 427/976/534
f 726/977/822 725/978/823 712/959/806
f 712/959/806 725/978/823 711/960/807
f 725/978/823 726/977/822 655/871/730
f 655/871/730 726/977/822 727/979/824
f 712/981/806 737/982/825 726/980/822
f 726/980/822 737/982/825 738/983/826
f 729/985/827 723/986/821 728/984/541
f 728/984/541 723/986/821 427/987/534
f 730/988/828 721/989/819 729/985/827
f 729/985/827 721/989/819 723/986/821
f 731/990/829 719/991/817 730/988/828
f 730/988/828 719/991/817 721/989/819
f 732/992/830 717/993/815 731/990/829
f 731/990/829 717/993/815 719/991/817
f 733/994/831 715/995/811 732/992/830
f 732/992/830 715/995/811 717/993/815
f 734/996/832 713/997/813 733/994/831
f 733/994/831 713/997/813 715/995/811
f 812/998/809 813/999/833 709/1001/803
f 709/1001/803 813/999/833 735/1000/834
f 736/1002/835 708/1003/805 735/1000/834
f 735/1000/834 708/1003/805 709/1001/803
f 708/1003/805 736/1002/835 712/981/806
f 712/981/806 736/1002/835 737/982/825
f 725/978/823 655/871/730 686/910/765
f 686/910/765 655/871/730 656/870/731
f 711/960/807 725/978/823 687/913/766
f 687/913/766 725/978/823 686/910/765
f 678/898/756 707/955/804 687/913/766
f 687/913/766 707/955/804 711/960/807
f 710/956/802 707/955/804 679/901/757
f 679/901/757 707/955/804 678/898/756
f 810/902/758 811/961/808 679/901/757
f 679/901/757 811/961/808 710/956/802
f 681/1004/760 716/964/810 680/1005/759
f 680/1005/759 716/964/810 714/963/812
f 718/967/814 716/964/810 682/1006/761
f 682/1006/761 716/964/810 681/1004/760
f 720/969/816 718/967/814 683/1007/762
f 683/1007/762 718/967/814 682/1006/761
f 684/1008/763 722/971/818 683/1007/762
f 683/1007/762 722/971/818 720/969/816
f 724/973/820 722/971/818 685/1009/764
f 685/1009/764 722/971/818 684/1008/763
f 426/975/535 724/973/820 361/1010/475
f 361/1010/475 724/973/820 685/1009/764
f 726/980/822 738/983/826 727/1012/824
f 727/1012/824 738/983/826 739/1011/836
f 575/754/622 576/750/618 619/935/785
f 619/935/785 576/750/618 535/713/582
f 822/932/783 575/754/622 821/934/786
f 821/934/786 575/754/622 619/935/785
f 649/862/722 691/1013/837 648/859/718
f 648/859/718 691/1013/837 692/1014/838
f 541/1015/588 560/727/597 645/858/720
f 645/858/720 560/727/597 561/726/595
f 597/790/655 849/791/656 618/815/678
f 618/815/678 849/791/656 850/939/787
f 594/787/652 597/790/655 616/812/675
f 616/812/675 597/790/655 618/815/678
f 593/786/651 594/787/652 614/810/673
f 614/810/673 594/787/652 616/812/675
f 592/784/649 593/786/651 612/808/670
f 612/808/670 593/786/651 614/810/673
f 803/785/650 592/784/649 802/807/669
f 802/807/669 592/784/649 612/808/670
f 590/782/647 591/783/648 608/802/665
f 608/802/665 591/783/648 610/804/668
f 589/781/646 590/782/647 606/800/663
f 606/800/663 590/782/647 608/802/665
f 588/780/645 589/781/646 604/798/662
f 604/798/662 589/781/646 606/800/663
f 587/779/644 588/780/645 602/796/659
f 602/796/659 588/780/645 604/798/662
f 586/777/643 587/779/644 600/794/657
f 600/794/657 587/779/644 602/796/659
f 300/778/361 586/777/643 458/793/380
f 458/793/380 586/777/643 600/794/657
f 248/1017/308 459/836/267 528/1016/576
f 528/1016/576 459/836/267 635/835/697
f 525/1018/574 528/1016/576 636/839/698
f 636/839/698 528/1016/576 635/835/697
f 522/1019/572 525/1018/574 637/841/701
f 637/841/701 525/1018/574 636/839/698
f 519/1020/570 522/1019/572 638/843/703
f 638/843/703 522/1019/572 637/841/701
f 516/1021/568 519/1020/570 639/845/704
f 639/845/704 519/1020/570 638/843/703
f 513/1022/566 516/1021/568 640/847/706
f 640/847/706 516/1021/568 639/845/704
f 508/1023/562 818/1024/564 641/849/708
f 641/849/708 818/1024/564 819/850/709
f 507/1025/560 508/1023/562 642/853/712
f 642/853/712 508/1023/562 641/849/708
f 507/1025/560 642/853/712 536/1026/583
f 536/1026/583 642/853/712 643/855/714
f 536/1026/583 643/855/714 620/1027/679
f 620/1027/679 643/855/714 644/856/716
f 615/813/676 617/814/677 506/1028/715
f 506/1028/715 617/814/677 505/938/717
f 497/1029/713 613/811/674 506/1028/715
f 506/1028/715 613/811/674 615/813/676
f 611/809/672 613/811/674 498/1030/710
f 498/1030/710 613/811/674 497/1029/713
f 801/806/671 611/809/672 800/1031/711
f 800/1031/711 611/809/672 498/1030/710
f 607/803/666 609/805/667 500/1032/705
f 500/1032/705 609/805/667 499/1033/707
f 605/801/664 607/803/666 501/1034/702
f 501/1034/702 607/803/666 500/1032/705
f 603/799/661 605/801/664 502/1035/700
f 502/1035/700 605/801/664 501/1034/702
f 601/797/660 603/799/661 503/1036/699
f 503/1036/699 603/799/661 502/1035/700
f 599/795/658 601/797/660 504/1037/696
f 504/1037/696 601/797/660 503/1036/699
f 480/1038/266 249/792/378 504/1037/696
f 504/1037/696 249/792/378 599/795/658
f 647/1040/719 693/1041/839 644/856/716
f 820/1039/784 644/856/716 693/1041/839
f 648/859/718 692/1014/838 647/860/719
f 647/860/719 692/1014/838 693/1042/839
f 646/861/721 540/1043/586 645/858/720
f 645/858/720 540/1043/586 541/1015/588
f 691/1013/837 649/862/722 690/1044/840
f 690/1044/840 649/862/722 650/863/723
f 651/864/724 688/1045/841 650/863/723
f 650/863/723 688/1045/841 690/1044/840
f 689/1046/842 688/1045/841 652/865/725
f 652/865/725 688/1045/841 651/864/724
f 695/1047/843 689/1046/842 653/866/726
f 653/866/726 689/1046/842 652/865/725
f 694/1048/844 695/1047/843 654/867/727
f 654/867/727 695/1047/843 653/866/726
f 630/1050/845 633/1051/846 533/1049/579
f 533/1049/579 633/1051/846 539/1052/584
f 595/1054/847 630/1050/845 534/1053/578
f 534/1053/578 630/1050/845 533/1049/579
f 544/1056/848 595/1054/847 574/1055/619
f 574/1055/619 595/1054/847 534/1053/578
f 547/1058/849 544/1056/848 559/1057/596
f 559/1057/596 544/1056/848 574/1055/619
f 559/1057/596 560/1059/597 547/1058/849
f 547/1058/849 560/1059/597 598/1060/850
f 655/871/730 727/979/824 740/868/728
f 740/868/728 727/979/824 739/1061/836
f 656/870/731 741/869/729 634/914/692
f 634/914/692 741/869/729 742/1062/693
f 561/726/595 649/862/722 645/858/720
f 645/858/720 649/862/722 648/859/718
f 542/718/589 598/1060/850 541/719/588
f 541/719/588 598/1060/850 560/1059/597
f 535/713/582 620/816/679 619/935/785
f 396/467/402 443/381/316 444/566/496
f 698/944/792 729/985/827 321/945/504
f 321/945/504 729/985/827 728/984/541
f 699/946/793 730/988/828 698/944/792
f 698/944/792 730/988/828 729/985/827
f 700/947/794 731/990/829 699/946/793
f 699/946/793 731/990/829 730/988/828
f 701/948/795 732/992/830 700/947/794
f 700/947/794 732/992/830 731/990/829
f 702/949/796 733/994/831 701/948/795
f 701/948/795 733/994/831 732/992/830
f 703/950/797 734/996/832 702/949/796
f 702/949/796 734/996/832 733/994/831
f 704/951/798 735/1000/834 814/952/799
f 814/952/799 735/1000/834 813/999/833
f 705/953/800 736/1002/835 704/951/798
f 704/951/798 736/1002/835 735/1000/834
f 736/1002/835 705/953/800 737/982/825
f 737/982/825 705/953/800 706/954/801
f 738/983/826 737/982/825 697/942/791
f 697/942/791 737/982/825 706/954/801
f 738/983/826 827/941/789 739/1011/836
f 739/1011/836 827/941/789 694/1063/844
f 739/1061/836 694/1048/844 740/868/728
f 740/868/728 694/1048/844 654/867/727
f 538/715/585 741/869/729 654/867/727
f 654/867/727 741/869/729 740/868/728
f 741/869/729 538/715/585 742/1062/693
f 742/1062/693 538/715/585 539/714/584
f 743/833/695 742/832/693 633/1051/846
f 633/1051/846 742/832/693 539/1052/584
f 657/872/732 744/926/777 844/873/733
f 844/873/733 744/926/777 743/833/695
f 745/915/767 744/926/777 621/818/681
f 621/818/681 744/926/777 657/872/732
f 746/916/768 745/915/767 622/817/680
f 622/817/680 745/915/767 621/818/681
f 747/917/769 746/916/768 623/819/682
f 623/819/682 746/916/768 622/817/680
f 807/918/770 747/917/769 806/820/683
f 806/820/683 747/917/769 623/819/682
f 749/920/772 748/919/771 625/821/684
f 625/821/684 748/919/771 624/822/685
f 750/921/773 749/920/772 626/823/686
f 626/823/686 749/920/772 625/821/684
f 751/922/774 750/921/773 627/824/687
f 627/824/687 750/921/773 626/823/686
f 752/923/775 751/922/774 628/825/688
f 628/825/688 751/922/774 627/824/687
f 753/924/776 752/923/775 629/826/689
f 629/826/689 752/923/775 628/825/688
f 754/925/488 753/924/776 342/827/413
f 342/827/413 753/924/776 629/826/689
f 341/477/412 755/557/487 342/478/413
f 342/478/413 755/557/487 754/558/488
f 340/476/411 756/556/486 341/477/412
f 341/477/412 756/556/486 755/557/487
f 339/475/410 757/555/485 340/476/411
f 340/476/411 757/555/485 756/556/486
f 338/474/409 758/554/484 339/475/410
f 339/475/410 758/554/484 757/555/485
f 337/473/408 759/553/483 338/474/409
f 338/474/409 759/553/483 758/554/484
f 336/472/407 760/551/482 337/473/408
f 337/473/408 760/551/482 759/553/483
f 788/471/406 789/552/481 336/472/407
f 336/472/407 789/552/481 760/551/482
f 334/469/404 762/548/479 335/470/405
f 335/470/405 762/548/479 761/550/480
f 333/468/403 763/549/478 334/469/404
f 334/469/404 763/549/478 762/548/479
f 366/506/440 764/560/490 333/468/403
f 333/468/403 764/560/490 763/549/478
f 836/559/489 837/503/438 765/482/416
f 765/482/416 837/503/438 332/504/439
f 765/482/416 332/504/439 766/483/417
f 766/483/417 332/504/439 491/681/321
f 767/495/430 766/687/417 349/385/320
f 349/385/320 766/687/417 491/386/321
f 349/385/320 490/494/429 767/495/430
f 767/495/430 490/494/429 768/496/431
f 769/686/551 768/496/431 331/679/559
f 331/679/559 768/496/431 490/494/429
f 770/611/539 769/643/551 833/571/501
f 833/571/501 769/643/551 331/1064/559
f 770/611/539 398/573/502 771/612/540
f 771/612/540 398/573/502 330/584/513
f 772/630/549 771/612/540 329/583/511
f 329/583/511 771/612/540 330/584/513
f 329/583/511 328/582/512 772/630/549
f 772/630/549 328/582/512 773/631/550
f 795/581/510 327/580/509 794/629/548
f 794/629/548 327/580/509 774/626/547
f 327/580/509 326/579/508 774/626/547
f 774/626/547 326/579/508 775/624/546
f 326/579/508 325/578/507 775/624/546
f 775/624/546 325/578/507 776/622/545
f 325/578/507 324/577/506 776/622/545
f 776/622/545 324/577/506 777/620/544
f 324/577/506 323/576/505 777/620/544
f 777/620/544 323/576/505 778/618/543
f 323/576/505 322/575/503 778/618/543
f 778/618/543 322/575/503 779/614/542
f 322/575/503 321/574/504 779/614/542
f 779/614/542 321/574/504 728/615/541
f 393/424/360 283/418/353 392/395/330
f 392/395/330 283/418/353 408/396/331
f 362/499/434 367/505/441 311/384/319
f 545/721/590 537/758/626 596/789/654
f 596/789/654 537/758/626 577/757/624
f 548/929/781 696/943/790 572/749/617
f 394/425/359 395/565/495 310/423/358
f 597/790/655 594/787/652 546/720/592
f 576/750/618 563/753/621 550/748/616
f 550/748/616 563/753/621 549/930/780
f 251/656/272 466/315/249 780/654/280
f 780/654/280 466/315/249 781/317/252
f 466/315/249 473/314/248 781/317/252
f 781/317/252 473/314/248 782/318/253
f 783/457/392 782/663/253 252/459/396
f 252/459/396 782/663/253 473/661/248
f 784/458/393 783/457/392 451/462/397
f 451/462/397 783/457/392 252/459/396
f 785/433/368 784/458/393 307/434/369
f 307/434/369 784/458/393 451/462/397
f 786/350/284 785/433/368 293/341/278
f 293/341/278 785/433/368 307/434/369
f 787/351/285 786/350/284 313/344/279
f 313/344/279 786/350/284 293/341/278
f 788/471/406 787/351/285 335/470/405
f 335/470/405 787/351/285 313/344/279
f 789/552/481 788/471/406 761/550/480
f 761/550/480 788/471/406 335/470/405
f 790/513/448 789/552/481 370/510/444
f 370/510/444 789/552/481 761/550/480
f 370/510/444 371/509/445 790/513/448
f 790/513/448 371/509/445 791/514/449
f 371/509/445 799/536/469 791/514/449
f 799/635/469 354/532/466 792/591/522
f 792/591/522 354/532/466 412/588/517
f 413/587/515 793/592/520 412/588/517
f 412/588/517 793/592/520 792/591/522
f 773/631/550 794/629/548 413/632/515
f 413/632/515 794/629/548 793/628/520
f 328/582/512 795/581/510 773/631/550
f 773/631/550 795/581/510 794/629/548
f 406/416/352 796/412/348 328/582/512
f 328/582/512 796/412/348 795/581/510
f 281/415/350 797/413/347 406/416/352
f 406/416/352 797/413/347 796/412/348
f 441/339/273 798/345/282 281/415/350
f 281/415/350 798/345/282 797/413/347
f 780/346/280 798/345/282 251/338/272
f 251/338/272 798/345/282 441/339/273
f 799/635/469 371/533/445 354/532/466
f 609/805/667 801/806/671 499/1033/707
f 499/1033/707 801/806/671 800/1031/711
f 610/804/668 802/807/669 609/805/667
f 609/805/667 802/807/669 801/806/671
f 591/783/648 803/785/650 610/804/668
f 610/804/668 803/785/650 802/807/669
f 803/785/650 591/783/648 804/761/630
f 804/761/630 591/783/648 515/766/634
f 580/765/632 805/762/629 515/766/634
f 515/766/634 805/762/629 804/761/630
f 624/822/685 806/820/683 580/765/632
f 580/765/632 806/820/683 805/762/629
f 748/919/771 807/918/770 624/822/685
f 624/822/685 807/918/770 806/820/683
f 807/918/770 748/919/771 808/880/740
f 808/880/740 748/919/771 665/882/742
f 808/880/740 665/882/742 809/881/741
f 809/881/741 665/882/742 664/885/744
f 680/903/759 810/1065/758 664/885/744
f 664/885/744 810/1065/758 809/881/741
f 714/963/812 811/961/808 680/1005/759
f 680/1005/759 811/961/808 810/902/758
f 812/962/809 811/961/808 713/966/813
f 713/966/813 811/961/808 714/963/812
f 813/999/833 812/998/809 734/996/832
f 734/996/832 812/998/809 713/997/813
f 814/952/799 813/999/833 703/950/797
f 703/950/797 813/999/833 734/996/832
f 815/744/613 814/952/799 569/741/609
f 569/741/609 814/952/799 703/950/797
f 816/745/612 815/744/613 556/740/608
f 556/740/608 815/744/613 569/741/609
f 556/740/608 514/695/567 816/745/612
f 816/745/612 514/695/567 817/692/565
f 818/693/564 817/692/565 513/694/566
f 513/694/566 817/692/565 514/695/567
f 819/850/709 818/1024/564 640/847/706
f 640/847/706 818/1024/564 513/1022/566
f 800/851/711 819/850/709 499/846/707
f 499/846/707 819/850/709 640/847/706
f 809/881/741 810/1065/758 660/876/737
f 644/856/716 646/937/721 647/1040/719
f 469/336/271 343/673/421 470/333/270
f 470/333/270 343/673/421 483/1066/322
f 821/934/786 820/933/784 692/1068/838
f 692/1068/838 820/933/784 693/1067/839
f 691/1069/837 822/932/783 692/1068/838
f 692/1068/838 822/932/783 821/934/786
f 691/1069/837 690/1070/840 822/932/783
f 822/932/783 690/1070/840 823/931/782
f 690/1070/840 688/1071/841 823/931/782
f 823/931/782 688/1071/841 824/927/778
f 688/1071/841 689/1072/842 824/927/778
f 824/927/778 689/1072/842 825/928/779
f 826/940/788 825/928/779 695/1073/843
f 695/1073/843 825/928/779 689/1072/842
f 827/941/789 826/940/788 694/1063/844
f 694/1063/844 826/940/788 695/1073/843
f 738/983/826 697/942/791 827/941/789
f 644/856/716 820/1039/784 620/1027/679
f 298/1074/555 829/563/493 285/1075/556
f 285/1075/556 829/563/493 828/562/491
f 830/564/494 829/563/493 272/1076/552
f 272/1076/552 829/563/493 298/1074/555
f 831/567/498 830/564/494 445/1077/553
f 445/1077/553 830/564/494 272/1076/552
f 832/568/497 831/567/498 273/1078/554
f 273/1078/554 831/567/498 445/1077/553
f 268/1079/558 834/572/500 331/1064/559
f 331/1064/559 834/572/500 833/571/501
f 834/572/500 268/1079/558 835/561/492
f 835/561/492 268/1079/558 297/1080/557
f 285/1075/556 828/562/491 297/1080/557
f 297/1080/557 828/562/491 835/561/492
f 481/672/423 469/336/271 273/1081/554
f 469/336/271 832/670/497 273/1081/554
f 770/611/539 833/571/501 398/573/502
f 389/529/464 764/560/490 391/481/418
f 391/481/418 764/560/490 836/559/489
f 764/560/490 366/506/440 836/559/489
f 836/559/489 366/506/440 837/503/438
f 366/506/440 367/505/441 837/503/438
f 837/503/438 367/505/441 838/479/414
f 367/505/441 362/499/434 838/479/414
f 838/479/414 362/499/434 839/439/374
f 362/499/434 363/500/435 839/439/374
f 839/439/374 363/500/435 840/391/326
f 363/500/435 364/501/436 840/391/326
f 840/391/326 364/501/436 841/392/327
f 365/502/437 842/441/376 364/501/436
f 364/501/436 842/441/376 841/392/327
f 365/502/437 448/466/401 842/441/376
f 842/441/376 448/466/401 843/570/499
f 448/466/401 397/465/400 843/570/499
f 843/570/499 397/465/400 270/390/324
f 844/873/733 743/833/695 633/1051/846
f 844/873/733 633/1051/846 845/829/691
f 845/829/691 633/1051/846 630/1050/845
f 845/829/691 630/1050/845 846/788/653
f 846/788/653 630/1050/845 595/1054/847
f 544/1056/848 847/722/591 595/1054/847
f 595/1054/847 847/722/591 846/788/653
f 847/722/591 544/1056/848 848/723/593
f 848/723/593 544/1056/848 547/1058/849
f 849/791/656 848/723/593 598/1060/850
f 598/1060/850 848/723/593 547/1058/849
f 850/939/787 849/791/656 542/718/589
f 542/718/589 849/791/656 598/1060/850
f 543/717/587 850/939/787 542/718/589
f 310/423/358 443/381/316 442/340/275
f 576/750/618 550/748/616 510/689/561
f 510/689/561 550/748/616 558/746/614
s 205
f 851/1082/851 852/1083/852 1010/1085/853
f 1010/1085/853 852/1083/852 1009/1084/854
f 1048/1086/855 1041/1087/856 854/1089/857
f 854/1089/857 1041/1087/856 853/1088/858
f 1033/1091/859 855/1092/860 1040/1090/861
f 1040/1090/861 855/1092/860 856/1093/862
f 1025/1095/863 857/1096/864 1032/1094/865
f 1032/1094/865 857/1096/864 858/1097/866
f 1049/1099/867 859/1100/868 1056/1098/869
f 1056/1098/869 859/1100/868 860/1101/870
f 1057/1103/871 861/1104/872 1064/1102/873
f 1064/1102/873 861/1104/872 862/1105/874
f 1065/1107/875 863/1108/876 1072/1106/877
f 1072/1106/877 863/1108/876 864/1109/878
f 1080/1110/879 1073/1111/880 866/1113/881
f 866/1113/881 1073/1111/880 865/1112/882
f 1088/1114/883 1081/1115/884 867/1117/885
f 867/1117/885 1081/1115/884 868/1116/886
f 870/1119/887 1021/1120/888 869/1118/889
f 869/1118/889 1021/1120/888 1020/1121/890
f 1046/1122/891 1047/1123/892 871/1125/893
f 871/1125/893 1047/1123/892 872/1124/894
f 1039/1127/895 874/1128/896 1038/1126/897
f 1038/1126/897 874/1128/896 873/1129/898
f 1031/1131/899 876/1132/900 1030/1130/901
f 1030/1130/901 876/1132/900 875/1133/902
f 1055/1135/903 878/1136/904 1054/1134/905
f 1054/1134/905 878/1136/904 877/1137/906
f 1063/1139/907 880/1140/908 1062/1138/909
f 1062/1138/909 880/1140/908 879/1141/910
f 1071/1143/911 882/1144/912 1070/1142/913
f 1070/1142/913 882/1144/912 881/1145/914
f 1078/1146/915 1079/1147/916 883/1149/917
f 883/1149/917 1079/1147/916 884/1148/918
f 1086/1150/919 1087/1151/920 885/1153/921
f 885/1153/921 1087/1151/920 886/1152/922
f 1042/1154/923 1043/1155/924 889/1157/925
f 889/1157/925 1043/1155/924 890/1156/926
f 1034/1158/927 1035/1159/928 891/1161/929
f 891/1161/929 1035/1159/928 892/1160/930
f 1026/1162/931 1027/1163/932 893/1165/933
f 893/1165/933 1027/1163/932 894/1164/934
f 1050/1166/935 1051/1167/936 895/1169/937
f 895/1169/937 1051/1167/936 896/1168/938
f 1058/1170/939 1059/1171/940 897/1173/941
f 897/1173/941 1059/1171/940 898/1172/942
f 1066/1174/943 1067/1175/944 899/1177/945
f 899/1177/945 1067/1175/944 900/1176/946
f 1075/1179/947 902/1180/948 1074/1178/949
f 1074/1178/949 902/1180/948 901/1181/950
f 1083/1183/951 904/1184/952 1082/1182/953
f 1082/1182/953 904/1184/952 903/1185/954
f 1044/1186/955 1045/1187/956 908/1189/957
f 908/1189/957 1045/1187/956 907/1188/958
f 1036/1190/959 1037/1191/960 910/1193/961
f 910/1193/961 1037/1191/960 909/1192/962
f 1028/1194/963 1029/1195/964 912/1197/965
f 912/1197/965 1029/1195/964 911/1196/966
f 1052/1198/967 1053/1199/968 914/1201/969
f 914/1201/969 1053/1199/968 913/1200/970
f 1060/1202/971 1061/1203/972 916/1205/973
f 916/1205/973 1061/1203/972 915/1204/974
f 1068/1206/975 1069/1207/976 918/1209/977
f 918/1209/977 1069/1207/976 917/1208/978
f 1077/1211/979 919/1212/980 1076/1210/981
f 1076/1210/981 919/1212/980 920/1213/982
f 1085/1215/983 922/1216/984 1084/1214/985
f 1084/1214/985 922/1216/984 921/1217/986
f 1096/1218/987 1089/1219/988 926/1221/989
f 926/1221/989 1089/1219/988 927/1220/990
f 1097/1223/991 929/1224/992 1104/1222/993
f 1104/1222/993 929/1224/992 928/1225/994
f 1105/1227/995 931/1228/996 1112/1226/997
f 1112/1226/997 931/1228/996 930/1229/998
f 1113/1231/999 933/1232/1000 1120/1230/1001
f 1120/1230/1001 933/1232/1000 932/1233/1002
f 1121/1235/1003 935/1236/1004 1128/1234/1005
f 1128/1234/1005 935/1236/1004 934/1237/1006
f 1129/1239/1007 937/1240/1008 1136/1238/1009
f 1136/1238/1009 937/1240/1008 936/1241/1010
f 1144/1242/1011 1137/1243/1012 938/1245/1013
f 938/1245/1013 1137/1243/1012 939/1244/1014
f 1152/1246/1015 1145/1247/1016 940/1249/1017
f 940/1249/1017 1145/1247/1016 941/1248/1018
f 1094/1250/1019 1095/1251/1020 945/1253/1021
f 945/1253/1021 1095/1251/1020 944/1252/1022
f 1103/1255/1023 946/1256/1024 1102/1254/1025
f 1102/1254/1025 946/1256/1024 947/1257/1026
f 1111/1259/1027 948/1260/1028 1110/1258/1029
f 1110/1258/1029 948/1260/1028 949/1261/1030
f 1119/1263/1031 950/1264/1032 1118/1262/1033
f 1118/1262/1033 950/1264/1032 951/1265/1034
f 1127/1267/1035 952/1268/1036 1126/1266/1037
f 1126/1266/1037 952/1268/1036 953/1269/1038
f 1135/1271/1039 954/1272/1040 1134/1270/1041
f 1134/1270/1041 954/1272/1040 955/1273/1042
f 1142/1274/1043 1143/1275/1044 957/1277/1045
f 957/1277/1045 1143/1275/1044 956/1276/1046
f 1150/1278/1047 1151/1279/1048 958/1281/1049
f 958/1281/1049 1151/1279/1048 959/1280/1050
f 960/1282/1051 961/1283/1052 1019/1285/1053
f 1019/1285/1053 961/1283/1052 1018/1284/1054
f 1091/1287/1055 962/1288/1056 1090/1286/1057
f 1090/1286/1057 962/1288/1056 963/1289/1058
f 1098/1290/1059 1099/1291/1060 965/1293/1061
f 965/1293/1061 1099/1291/1060 964/1292/1062
f 1106/1294/1063 1107/1295/1064 967/1297/1065
f 967/1297/1065 1107/1295/1064 966/1296/1066
f 1114/1298/1067 1115/1299/1068 969/1301/1069
f 969/1301/1069 1115/1299/1068 968/1300/1070
f 1122/1302/1071 1123/1303/1072 971/1305/1073
f 971/1305/1073 1123/1303/1072 970/1304/1074
f 1130/1306/1075 1131/1307/1076 973/1309/1077
f 973/1309/1077 1131/1307/1076 972/1308/1078
f 1139/1311/1079 974/1312/1080 1138/1310/1081
f 1138/1310/1081 974/1312/1080 975/1313/1082
f 1147/1315/1083 977/1316/1084 1146/1314/1085
f 1146/1314/1085 977/1316/1084 976/1317/1086
f 1093/1319/1087 981/1320/1088 1092/1318/1089
f 1092/1318/1089 981/1320/1088 980/1321/1090
f 979/1322/1091 978/1323/1092 996/1325/1093
f 996/1325/1093 978/1323/1092 997/1324/1094
f 1100/1326/1095 1101/1327/1096 982/1329/1097
f 982/1329/1097 1101/1327/1096 983/1328/1098
f 1108/1330/1099 1109/1331/1100 984/1333/1101
f 984/1333/1101 1109/1331/1100 985/1332/1102
f 1116/1334/1103 1117/1335/1104 986/1337/1105
f 986/1337/1105 1117/1335/1104 987/1336/1106
f 1124/1338/1107 1125/1339/1108 988/1341/1109
f 988/1341/1109 1125/1339/1108 989/1340/1110
f 1132/1342/1111 1133/1343/1112 990/1345/1113
f 990/1345/1113 1133/1343/1112 991/1344/1114
f 1141/1347/1115 993/1348/1116 1140/1346/1117
f 1140/1346/1117 993/1348/1116 992/1349/1118
f 1149/1351/1119 995/1352/1120 1148/1350/1121
f 1148/1350/1121 995/1352/1120 994/1353/1122
f 996/1354/1093 997/1355/1094 1001/1357/1123
f 1001/1357/1123 997/1355/1094 1002/1356/1124
f 998/1358/1125 1000/1359/1126 1017/1361/1127
f 1017/1361/1127 1000/1359/1126 1016/1360/1128
f 999/1362/1129 998/1358/1125 1002/1356/1124
f 1002/1356/1124 998/1358/1125 1003/1363/1130
f 1000/1359/1126 999/1362/1129 1018/1365/1054
f 1018/1365/1054 999/1362/1129 1019/1364/1053
f 1001/1357/1123 1003/1363/1130 1015/1367/1131
f 1015/1367/1131 1003/1363/1130 1014/1366/1132
f 1005/1368/1133 1004/1369/1134 1021/1371/888
f 1021/1371/888 1004/1369/1134 1022/1370/1135
f 1006/1372/1136 1008/1373/1137 1023/1375/1138
f 1023/1375/1138 1008/1373/1137 1024/1374/1139
f 1007/1376/1140 1006/1372/1136 1011/1378/1141
f 1011/1378/1141 1006/1372/1136 1012/1377/1142
f 1008/1373/1137 1007/1376/1140 1009/1380/854
f 1009/1380/854 1007/1376/1140 1010/1379/853
f 1011/1381/1141 1012/1382/1142 1016/1360/1128
f 1016/1360/1128 1012/1382/1142 1017/1361/1127
f 1020/1383/890 1022/1370/1135 1190/1385/1143
f 1190/1385/1143 1022/1370/1135 1430/1384/1144
f 1023/1375/1138 1024/1374/1139 1434/1387/1145
f 1434/1387/1145 1024/1374/1139 1433/1386/1146
f 853/1088/858 1041/1087/856 889/1157/925
f 889/1157/925 1041/1087/856 1042/1154/923
f 855/1092/860 1033/1091/859 891/1161/929
f 891/1161/929 1033/1091/859 1034/1158/927
f 857/1096/864 1025/1095/863 893/1165/933
f 893/1165/933 1025/1095/863 1026/1162/931
f 859/1100/868 1049/1099/867 895/1169/937
f 895/1169/937 1049/1099/867 1050/1166/935
f 861/1104/872 1057/1103/871 897/1173/941
f 897/1173/941 1057/1103/871 1058/1170/939
f 863/1108/876 1065/1107/875 899/1177/945
f 899/1177/945 1065/1107/875 1066/1174/943
f 865/1112/882 1073/1111/880 901/1181/950
f 901/1181/950 1073/1111/880 1074/1178/949
f 1081/1115/884 1082/1182/953 868/1116/886
f 868/1116/886 1082/1182/953 903/1185/954
f 1048/1086/855 854/1089/857 1047/1123/892
f 1047/1123/892 854/1089/857 872/1124/894
f 1040/1090/861 856/1093/862 1039/1127/895
f 1039/1127/895 856/1093/862 874/1128/896
f 1032/1094/865 858/1097/866 1031/1131/899
f 1031/1131/899 858/1097/866 876/1132/900
f 1056/1098/869 860/1101/870 1055/1135/903
f 1055/1135/903 860/1101/870 878/1136/904
f 1064/1102/873 862/1105/874 1063/1139/907
f 1063/1139/907 862/1105/874 880/1140/908
f 1072/1106/877 864/1109/878 1071/1143/911
f 1071/1143/911 864/1109/878 882/1144/912
f 1079/1147/916 1080/1110/879 884/1148/918
f 884/1148/918 1080/1110/879 866/1113/881
f 1087/1151/920 1088/1114/883 886/1152/922
f 886/1152/922 1088/1114/883 867/1117/885
f 1010/1379/853 1007/1376/1140 923/1388/1147
f 923/1388/1147 1007/1376/1140 1011/1378/1141
f 1009/1380/854 1020/1383/890 1008/1373/1137
f 1008/1373/1137 1020/1383/890 1024/1374/1139
f 907/1188/958 1045/1187/956 871/1125/893
f 871/1125/893 1045/1187/956 1046/1122/891
f 909/1192/962 1037/1191/960 873/1129/898
f 873/1129/898 1037/1191/960 1038/1126/897
f 911/1196/966 1029/1195/964 875/1133/902
f 875/1133/902 1029/1195/964 1030/1130/901
f 913/1200/970 1053/1199/968 877/1137/906
f 877/1137/906 1053/1199/968 1054/1134/905
f 915/1204/974 1061/1203/972 879/1141/910
f 879/1141/910 1061/1203/972 1062/1138/909
f 917/1208/978 1069/1207/976 881/1145/914
f 881/1145/914 1069/1207/976 1070/1142/913
f 919/1212/980 1077/1211/979 883/1149/917
f 883/1149/917 1077/1211/979 1078/1146/915
f 1085/1215/983 1086/1150/919 922/1216/984
f 922/1216/984 1086/1150/919 885/1153/921
f 1084/1389/985 921/1390/986 1083/1183/951
f 1083/1183/951 921/1390/986 904/1184/952
f 1076/1391/981 920/1392/982 1075/1179/947
f 1075/1179/947 920/1392/982 902/1180/948
f 1067/1175/944 1068/1393/975 900/1176/946
f 900/1176/946 1068/1393/975 918/1394/977
f 1059/1171/940 1060/1395/971 898/1172/942
f 898/1172/942 1060/1395/971 916/1396/973
f 1051/1167/936 1052/1397/967 896/1168/938
f 896/1168/938 1052/1397/967 914/1398/969
f 1027/1163/932 1028/1399/963 894/1164/934
f 894/1164/934 1028/1399/963 912/1400/965
f 1035/1159/928 1036/1401/959 892/1160/930
f 892/1160/930 1036/1401/959 910/1402/961
f 1043/1155/924 1044/1403/955 890/1156/926
f 890/1156/926 1044/1403/955 908/1404/957
f 1012/1377/1142 1006/1372/1136 1013/1405/1148
f 1013/1405/1148 1006/1372/1136 1023/1375/1138
f 963/1289/1058 927/1220/990 1090/1286/1057
f 1090/1286/1057 927/1220/990 1089/1219/988
f 965/1293/1061 929/1224/992 1098/1290/1059
f 1098/1290/1059 929/1224/992 1097/1223/991
f 967/1297/1065 931/1228/996 1106/1294/1063
f 1106/1294/1063 931/1228/996 1105/1227/995
f 969/1301/1069 933/1232/1000 1114/1298/1067
f 1114/1298/1067 933/1232/1000 1113/1231/999
f 971/1305/1073 935/1236/1004 1122/1302/1071
f 1122/1302/1071 935/1236/1004 1121/1235/1003
f 973/1309/1077 937/1240/1008 1130/1306/1075
f 1130/1306/1075 937/1240/1008 1129/1239/1007
f 975/1313/1082 939/1244/1014 1138/1310/1081
f 1138/1310/1081 939/1244/1014 1137/1243/1012
f 1145/1247/1016 1146/1314/1085 941/1248/1018
f 941/1248/1018 1146/1314/1085 976/1317/1086
f 926/1221/989 944/1252/1022 1096/1218/987
f 1096/1218/987 944/1252/1022 1095/1251/1020
f 946/1256/1024 1103/1255/1023 928/1225/994
f 928/1225/994 1103/1255/1023 1104/1222/993
f 948/1260/1028 1111/1259/1027 930/1229/998
f 930/1229/998 1111/1259/1027 1112/1226/997
f 950/1264/1032 1119/1263/1031 932/1233/1002
f 932/1233/1002 1119/1263/1031 1120/1230/1001
f 952/1268/1036 1127/1267/1035 934/1237/1006
f 934/1237/1006 1127/1267/1035 1128/1234/1005
f 954/1272/1040 1135/1271/1039 936/1241/1010
f 936/1241/1010 1135/1271/1039 1136/1238/1009
f 938/1245/1013 956/1276/1046 1144/1242/1011
f 1144/1242/1011 956/1276/1046 1143/1275/1044
f 1151/1279/1048 1152/1246/1015 959/1280/1050
f 959/1280/1050 1152/1246/1015 940/1249/1017
f 1093/1319/1087 1094/1250/1019 981/1320/1088
f 981/1320/1088 1094/1250/1019 945/1253/1021
f 1101/1327/1096 1102/1254/1025 983/1328/1098
f 983/1328/1098 1102/1254/1025 947/1257/1026
f 1109/1331/1100 1110/1258/1029 985/1332/1102
f 985/1332/1102 1110/1258/1029 949/1261/1030
f 1117/1335/1104 1118/1262/1033 987/1336/1106
f 987/1336/1106 1118/1262/1033 951/1265/1034
f 1125/1339/1108 1126/1266/1037 989/1340/1110
f 989/1340/1110 1126/1266/1037 953/1269/1038
f 1133/1343/1112 1134/1270/1041 991/1344/1114
f 991/1344/1114 1134/1270/1041 955/1273/1042
f 1141/1347/1115 1142/1274/1043 993/1348/1116
f 993/1348/1116 1142/1274/1043 957/1277/1045
f 1149/1351/1119 1150/1278/1047 995/1352/1120
f 995/1352/1120 1150/1278/1047 958/1281/1049
f 1015/1367/1131 1448/1406/1149 1001/1357/1123
f 1448/1406/1149 1447/1407/1150 1001/1357/1123
f 1447/1407/1150 996/1354/1093 1001/1357/1123
f 1148/1408/1121 994/1409/1122 1147/1315/1083
f 1147/1315/1083 994/1409/1122 977/1316/1084
f 974/1312/1080 1139/1311/1079 992/1411/1118
f 992/1411/1118 1139/1311/1079 1140/1410/1117
f 1131/1307/1076 1132/1412/1111 972/1308/1078
f 972/1308/1078 1132/1412/1111 990/1413/1113
f 1123/1303/1072 1124/1414/1107 970/1304/1074
f 970/1304/1074 1124/1414/1107 988/1415/1109
f 1115/1299/1068 1116/1416/1103 968/1300/1070
f 968/1300/1070 1116/1416/1103 986/1417/1105
f 1107/1295/1064 1108/1418/1099 966/1296/1066
f 966/1296/1066 1108/1418/1099 984/1419/1101
f 1099/1291/1060 1100/1420/1095 964/1292/1062
f 964/1292/1062 1100/1420/1095 982/1421/1097
f 962/1288/1056 1091/1287/1055 980/1423/1090
f 980/1423/1090 1091/1287/1055 1092/1422/1089
f 1002/1356/1124 997/1424/1094 999/1362/1129
f 999/1362/1129 997/1424/1094 1019/1364/1053
f 998/1358/1125 1017/1361/1127 1003/1363/1130
f 1003/1363/1130 1017/1361/1127 1014/1366/1132
f 1017/1361/1127 1012/1382/1142 1014/1366/1132
f 1014/1366/1132 1012/1382/1142 1013/1425/1148
f 923/1428/1147 1011/1381/1141 1441/1427/1151
f 1016/1360/1128 1442/1426/1152 1011/1381/1141
f 1442/1426/1152 1441/1427/1151 1011/1381/1141
f 852/1083/852 869/1118/889 1009/1084/854
f 1009/1084/854 869/1118/889 1020/1121/890
f 870/1119/887 905/1429/1153 1021/1120/888
f 1021/1120/888 905/1429/1153 1005/1430/1133
f 851/1082/851 1010/1085/853 888/1431/1154
f 888/1431/1154 1010/1085/853 923/1432/1147
f 943/1435/1155 979/1322/1091 1450/1434/1156
f 996/1325/1093 1447/1433/1150 979/1322/1091
f 1447/1433/1150 1450/1434/1156 979/1322/1091
f 1019/1285/1053 997/1436/1094 960/1282/1051
f 960/1282/1051 997/1436/1094 978/1437/1092
f 924/1438/1157 1440/1439/1158 961/1283/1052
f 1018/1284/1054 961/1283/1052 1439/1440/1159
f 1440/1439/1158 1439/1440/1159 961/1283/1052
f 998/1358/1125 999/1362/1129 1000/1359/1126
f 1001/1357/1123 1002/1356/1124 1003/1363/1130
f 1006/1372/1136 1007/1376/1140 1008/1373/1137
f 1020/1383/890 1021/1371/888 1022/1370/1135
f 1026/1162/931 1025/1095/863 891/1161/929
f 891/1161/929 1025/1095/863 855/1092/860
f 892/1160/930 1027/1163/932 891/1161/929
f 891/1161/929 1027/1163/932 1026/1162/931
f 910/1402/961 1028/1399/963 892/1160/930
f 892/1160/930 1028/1399/963 1027/1163/932
f 909/1192/962 1029/1195/964 910/1193/961
f 910/1193/961 1029/1195/964 1028/1194/963
f 1030/1130/901 1029/1195/964 873/1129/898
f 873/1129/898 1029/1195/964 909/1192/962
f 873/1129/898 874/1128/896 1030/1130/901
f 1030/1130/901 874/1128/896 1031/1131/899
f 1032/1094/865 1031/1131/899 856/1093/862
f 856/1093/862 1031/1131/899 874/1128/896
f 856/1093/862 855/1092/860 1032/1094/865
f 1032/1094/865 855/1092/860 1025/1095/863
f 1034/1158/927 1033/1091/859 889/1157/925
f 889/1157/925 1033/1091/859 853/1088/858
f 890/1156/926 1035/1159/928 889/1157/925
f 889/1157/925 1035/1159/928 1034/1158/927
f 908/1404/957 1036/1401/959 890/1156/926
f 890/1156/926 1036/1401/959 1035/1159/928
f 907/1188/958 1037/1191/960 908/1189/957
f 908/1189/957 1037/1191/960 1036/1190/959
f 1038/1126/897 1037/1191/960 871/1125/893
f 871/1125/893 1037/1191/960 907/1188/958
f 871/1125/893 872/1124/894 1038/1126/897
f 1038/1126/897 872/1124/894 1039/1127/895
f 1040/1090/861 1039/1127/895 854/1089/857
f 854/1089/857 1039/1127/895 872/1124/894
f 854/1089/857 853/1088/858 1040/1090/861
f 1040/1090/861 853/1088/858 1033/1091/859
f 1042/1154/923 1041/1087/856 888/1431/1154
f 888/1431/1154 1041/1087/856 851/1082/851
f 887/1441/1160 1043/1155/924 888/1431/1154
f 888/1431/1154 1043/1155/924 1042/1154/923
f 1044/1403/955 1043/1155/924 906/1442/1161
f 906/1442/1161 1043/1155/924 887/1441/1160
f 905/1429/1153 1045/1187/956 906/1443/1161
f 906/1443/1161 1045/1187/956 1044/1186/955
f 1046/1122/891 1045/1187/956 870/1119/887
f 870/1119/887 1045/1187/956 905/1429/1153
f 870/1119/887 869/1118/889 1046/1122/891
f 1046/1122/891 869/1118/889 1047/1123/892
f 852/1083/852 1048/1086/855 869/1118/889
f 869/1118/889 1048/1086/855 1047/1123/892
f 852/1083/852 851/1082/851 1048/1086/855
f 1048/1086/855 851/1082/851 1041/1087/856
f 1050/1166/935 1049/1099/867 893/1165/933
f 893/1165/933 1049/1099/867 857/1096/864
f 894/1164/934 1051/1167/936 893/1165/933
f 893/1165/933 1051/1167/936 1050/1166/935
f 912/1400/965 1052/1397/967 894/1164/934
f 894/1164/934 1052/1397/967 1051/1167/936
f 911/1196/966 1053/1199/968 912/1197/965
f 912/1197/965 1053/1199/968 1052/1198/967
f 1054/1134/905 1053/1199/968 875/1133/902
f 875/1133/902 1053/1199/968 911/1196/966
f 875/1133/902 876/1132/900 1054/1134/905
f 1054/1134/905 876/1132/900 1055/1135/903
f 1056/1098/869 1055/1135/903 858/1097/866
f 858/1097/866 1055/1135/903 876/1132/900
f 858/1097/866 857/1096/864 1056/1098/869
f 1056/1098/869 857/1096/864 1049/1099/867
f 1058/1170/939 1057/1103/871 895/1169/937
f 895/1169/937 1057/1103/871 859/1100/868
f 896/1168/938 1059/1171/940 895/1169/937
f 895/1169/937 1059/1171/940 1058/1170/939
f 914/1398/969 1060/1395/971 896/1168/938
f 896/1168/938 1060/1395/971 1059/1171/940
f 913/1200/970 1061/1203/972 914/1201/969
f 914/1201/969 1061/1203/972 1060/1202/971
f 1062/1138/909 1061/1203/972 877/1137/906
f 877/1137/906 1061/1203/972 913/1200/970
f 877/1137/906 878/1136/904 1062/1138/909
f 1062/1138/909 878/1136/904 1063/1139/907
f 1064/1102/873 1063/1139/907 860/1101/870
f 860/1101/870 1063/1139/907 878/1136/904
f 860/1101/870 859/1100/868 1064/1102/873
f 1064/1102/873 859/1100/868 1057/1103/871
f 1066/1174/943 1065/1107/875 897/1173/941
f 897/1173/941 1065/1107/875 861/1104/872
f 898/1172/942 1067/1175/944 897/1173/941
f 897/1173/941 1067/1175/944 1066/1174/943
f 916/1396/973 1068/1393/975 898/1172/942
f 898/1172/942 1068/1393/975 1067/1175/944
f 915/1204/974 1069/1207/976 916/1205/973
f 916/1205/973 1069/1207/976 1068/1206/975
f 1070/1142/913 1069/1207/976 879/1141/910
f 879/1141/910 1069/1207/976 915/1204/974
f 879/1141/910 880/1140/908 1070/1142/913
f 1070/1142/913 880/1140/908 1071/1143/911
f 1072/1106/877 1071/1143/911 862/1105/874
f 862/1105/874 1071/1143/911 880/1140/908
f 862/1105/874 861/1104/872 1072/1106/877
f 1072/1106/877 861/1104/872 1065/1107/875
f 1074/1178/949 1073/1111/880 899/1177/945
f 899/1177/945 1073/1111/880 863/1108/876
f 900/1176/946 1075/1179/947 899/1177/945
f 899/1177/945 1075/1179/947 1074/1178/949
f 918/1394/977 1076/1391/981 900/1176/946
f 900/1176/946 1076/1391/981 1075/1179/947
f 917/1208/978 1077/1211/979 918/1209/977
f 918/1209/977 1077/1211/979 1076/1210/981
f 1078/1146/915 1077/1211/979 881/1145/914
f 881/1145/914 1077/1211/979 917/1208/978
f 881/1145/914 882/1144/912 1078/1146/915
f 1078/1146/915 882/1144/912 1079/1147/916
f 1080/1110/879 1079/1147/916 864/1109/878
f 864/1109/878 1079/1147/916 882/1144/912
f 864/1109/878 863/1108/876 1080/1110/879
f 1080/1110/879 863/1108/876 1073/1111/880
f 901/1181/950 1082/1182/953 865/1112/882
f 865/1112/882 1082/1182/953 1081/1115/884
f 902/1180/948 1083/1183/951 901/1181/950
f 901/1181/950 1083/1183/951 1082/1182/953
f 920/1392/982 1084/1389/985 902/1180/948
f 902/1180/948 1084/1389/985 1083/1183/951
f 919/1212/980 1085/1215/983 920/1213/982
f 920/1213/982 1085/1215/983 1084/1214/985
f 883/1149/917 1086/1150/919 919/1212/980
f 919/1212/980 1086/1150/919 1085/1215/983
f 883/1149/917 884/1148/918 1086/1150/919
f 1086/1150/919 884/1148/918 1087/1151/920
f 1088/1114/883 1087/1151/920 866/1113/881
f 866/1113/881 1087/1151/920 884/1148/918
f 866/1113/881 865/1112/882 1088/1114/883
f 1088/1114/883 865/1112/882 1081/1115/884
f 1090/1286/1057 1089/1219/988 961/1283/1052
f 961/1283/1052 1089/1219/988 924/1438/1157
f 960/1282/1051 1091/1287/1055 961/1283/1052
f 961/1283/1052 1091/1287/1055 1090/1286/1057
f 1092/1422/1089 1091/1287/1055 978/1437/1092
f 978/1437/1092 1091/1287/1055 960/1282/1051
f 979/1322/1091 1093/1319/1087 978/1323/1092
f 978/1323/1092 1093/1319/1087 1092/1318/1089
f 979/1322/1091 943/1435/1155 1093/1319/1087
f 1093/1319/1087 943/1435/1155 1094/1250/1019
f 943/1435/1155 942/1444/1162 1094/1250/1019
f 1094/1250/1019 942/1444/1162 1095/1251/1020
f 1095/1251/1020 942/1444/1162 1096/1218/987
f 1096/1218/987 942/1444/1162 925/1445/1163
f 925/1445/1163 924/1438/1157 1096/1218/987
f 1096/1218/987 924/1438/1157 1089/1219/988
f 1098/1290/1059 1097/1223/991 963/1289/1058
f 963/1289/1058 1097/1223/991 927/1220/990
f 962/1288/1056 1099/1291/1060 963/1289/1058
f 963/1289/1058 1099/1291/1060 1098/1290/1059
f 1099/1291/1060 962/1288/1056 1100/1420/1095
f 1100/1420/1095 962/1288/1056 980/1423/1090
f 981/1320/1088 1101/1327/1096 980/1321/1090
f 980/1321/1090 1101/1327/1096 1100/1326/1095
f 945/1253/1021 1102/1254/1025 981/1320/1088
f 981/1320/1088 1102/1254/1025 1101/1327/1096
f 945/1253/1021 944/1252/1022 1102/1254/1025
f 1102/1254/1025 944/1252/1022 1103/1255/1023
f 1104/1222/993 1103/1255/1023 926/1221/989
f 926/1221/989 1103/1255/1023 944/1252/1022
f 926/1221/989 927/1220/990 1104/1222/993
f 1104/1222/993 927/1220/990 1097/1223/991
f 1106/1294/1063 1105/1227/995 965/1293/1061
f 965/1293/1061 1105/1227/995 929/1224/992
f 964/1292/1062 1107/1295/1064 965/1293/1061
f 965/1293/1061 1107/1295/1064 1106/1294/1063
f 1107/1295/1064 964/1292/1062 1108/1418/1099
f 1108/1418/1099 964/1292/1062 982/1421/1097
f 983/1328/1098 1109/1331/1100 982/1329/1097
f 982/1329/1097 1109/1331/1100 1108/1330/1099
f 947/1257/1026 1110/1258/1029 983/1328/1098
f 983/1328/1098 1110/1258/1029 1109/1331/1100
f 947/1257/1026 946/1256/1024 1110/1258/1029
f 1110/1258/1029 946/1256/1024 1111/1259/1027
f 1112/1226/997 1111/1259/1027 928/1225/994
f 928/1225/994 1111/1259/1027 946/1256/1024
f 928/1225/994 929/1224/992 1112/1226/997
f 1112/1226/997 929/1224/992 1105/1227/995
f 1114/1298/1067 1113/1231/999 967/1297/1065
f 967/1297/1065 1113/1231/999 931/1228/996
f 966/1296/1066 1115/1299/1068 967/1297/1065
f 967/1297/1065 1115/1299/1068 1114/1298/1067
f 1115/1299/1068 966/1296/1066 1116/1416/1103
f 1116/1416/1103 966/1296/1066 984/1419/1101
f 985/1332/1102 1117/1335/1104 984/1333/1101
f 984/1333/1101 1117/1335/1104 1116/1334/1103
f 949/1261/1030 1118/1262/1033 985/1332/1102
f 985/1332/1102 1118/1262/1033 1117/1335/1104
f 949/1261/1030 948/1260/1028 1118/1262/1033
f 1118/1262/1033 948/1260/1028 1119/1263/1031
f 1120/1230/1001 1119/1263/1031 930/1229/998
f 930/1229/998 1119/1263/1031 948/1260/1028
f 930/1229/998 931/1228/996 1120/1230/1001
f 1120/1230/1001 931/1228/996 1113/1231/999
f 1122/1302/1071 1121/1235/1003 969/1301/1069
f 969/1301/1069 1121/1235/1003 933/1232/1000
f 968/1300/1070 1123/1303/1072 969/1301/1069
f 969/1301/1069 1123/1303/1072 1122/1302/1071
f 1123/1303/1072 968/1300/1070 1124/1414/1107
f 1124/1414/1107 968/1300/1070 986/1417/1105
f 987/1336/1106 1125/1339/1108 986/1337/1105
f 986/1337/1105 1125/1339/1108 1124/1338/1107
f 951/1265/1034 1126/1266/1037 987/1336/1106
f 987/1336/1106 1126/1266/1037 1125/1339/1108
f 951/1265/1034 950/1264/1032 1126/1266/1037
f 1126/1266/1037 950/1264/1032 1127/1267/1035
f 1128/1234/1005 1127/1267/1035 932/1233/1002
f 932/1233/1002 1127/1267/1035 950/1264/1032
f 932/1233/1002 933/1232/1000 1128/1234/1005
f 1128/1234/1005 933/1232/1000 1121/1235/1003
f 1130/1306/1075 1129/1239/1007 971/1305/1073
f 971/1305/1073 1129/1239/1007 935/1236/1004
f 971/1305/1073 970/1304/1074 1130/1306/1075
f 1130/1306/1075 970/1304/1074 1131/1307/1076
f 1131/1307/1076 970/1304/1074 1132/1412/1111
f 1132/1412/1111 970/1304/1074 988/1415/1109
f 988/1341/1109 989/1340/1110 1132/1342/1111
f 1132/1342/1111 989/1340/1110 1133/1343/1112
f 953/1269/1038 1134/1270/1041 989/1340/1110
f 989/1340/1110 1134/1270/1041 1133/1343/1112
f 953/1269/1038 952/1268/1036 1134/1270/1041
f 1134/1270/1041 952/1268/1036 1135/1271/1039
f 1136/1238/1009 1135/1271/1039 934/1237/1006
f 934/1237/1006 1135/1271/1039 952/1268/1036
f 934/1237/1006 935/1236/1004 1136/1238/1009
f 1136/1238/1009 935/1236/1004 1129/1239/1007
f 1138/1310/1081 1137/1243/1012 973/1309/1077
f 973/1309/1077 1137/1243/1012 937/1240/1008
f 972/1308/1078 1139/1311/1079 973/1309/1077
f 973/1309/1077 1139/1311/1079 1138/1310/1081
f 1139/1311/1079 972/1308/1078 1140/1410/1117
f 1140/1410/1117 972/1308/1078 990/1413/1113
f 991/1344/1114 1141/1347/1115 990/1345/1113
f 990/1345/1113 1141/1347/1115 1140/1346/1117
f 955/1273/1042 1142/1274/1043 991/1344/1114
f 991/1344/1114 1142/1274/1043 1141/1347/1115
f 955/1273/1042 954/1272/1040 1142/1274/1043
f 1142/1274/1043 954/1272/1040 1143/1275/1044
f 1144/1242/1011 1143/1275/1044 936/1241/1010
f 936/1241/1010 1143/1275/1044 954/1272/1040
f 936/1241/1010 937/1240/1008 1144/1242/1011
f 1144/1242/1011 937/1240/1008 1137/1243/1012
f 975/1313/1082 1146/1314/1085 939/1244/1014
f 939/1244/1014 1146/1314/1085 1145/1247/1016
f 974/1312/1080 1147/1315/1083 975/1313/1082
f 975/1313/1082 1147/1315/1083 1146/1314/1085
f 992/1411/1118 1148/1408/1121 974/1312/1080
f 974/1312/1080 1148/1408/1121 1147/1315/1083
f 993/1348/1116 1149/1351/1119 992/1349/1118
f 992/1349/1118 1149/1351/1119 1148/1350/1121
f 957/1277/1045 1150/1278/1047 993/1348/1116
f 993/1348/1116 1150/1278/1047 1149/1351/1119
f 957/1277/1045 956/1276/1046 1150/1278/1047
f 1150/1278/1047 956/1276/1046 1151/1279/1048
f 1152/1246/1015 1151/1279/1048 938/1245/1013
f 938/1245/1013 1151/1279/1048 956/1276/1046
f 938/1245/1013 939/1244/1014 1152/1246/1015
f 1152/1246/1015 939/1244/1014 1145/1247/1016
f 1153/1446/1164 1156/1447/1165 1154/1449/1166
f 1154/1449/1166 1156/1447/1165 1155/1448/1167
f 1157/1450/1168 1160/1451/1169 1158/1453/1170
f 1158/1453/1170 1160/1451/1169 1159/1452/1171
f 1164/1455/1172 1163/1456/1173 1161/1454/1174
f 1161/1454/1174 1163/1456/1173 1162/1457/1175
f 1168/1459/1176 1167/1460/1177 1165/1458/1178
f 1165/1458/1178 1167/1460/1177 1166/1461/1179
f 1172/1463/1180 1171/1464/1181 1169/1462/1182
f 1169/1462/1182 1171/1464/1181 1170/1465/1183
f 1176/1467/1184 1175/1468/1185 1173/1466/1186
f 1173/1466/1186 1175/1468/1185 1174/1469/1187
f 1180/1471/1188 1179/1472/1189 1177/1470/1190
f 1177/1470/1190 1179/1472/1189 1178/1473/1191
f 1181/1474/1192 1184/1475/1193 1182/1477/1194
f 1182/1477/1194 1184/1475/1193 1183/1476/1195
f 1185/1478/1196 867/1117/885 1186/1479/1197
f 1186/1479/1197 867/1117/885 868/1116/886
f 1190/1481/1143 1189/1482/1198 1187/1480/1199
f 1187/1480/1199 1189/1482/1198 1188/1483/1200
f 1191/1484/1201 1194/1485/1202 1192/1487/1203
f 1192/1487/1203 1194/1485/1202 1193/1486/1204
f 1198/1489/1205 1197/1490/1206 1195/1488/1207
f 1195/1488/1207 1197/1490/1206 1196/1491/1208
f 1202/1493/1209 1201/1494/1210 1199/1492/1211
f 1199/1492/1211 1201/1494/1210 1200/1495/1212
f 1206/1497/1213 1205/1498/1214 1203/1496/1215
f 1203/1496/1215 1205/1498/1214 1204/1499/1216
f 1210/1501/1217 1209/1502/1218 1207/1500/1219
f 1207/1500/1219 1209/1502/1218 1208/1503/1220
f 1214/1505/1221 1213/1506/1222 1211/1504/1223
f 1211/1504/1223 1213/1506/1222 1212/1507/1224
f 1215/1508/1225 1218/1509/1226 1216/1511/1227
f 1216/1511/1227 1218/1509/1226 1217/1510/1228
f 1219/1512/1229 885/1153/921 1220/1513/1230
f 1220/1513/1230 885/1153/921 886/1152/922
f 1221/1514/1231 1468/1515/1232 1222/1517/1233
f 1222/1517/1233 1468/1515/1232 1223/1516/1234
f 1224/1518/1235 1227/1519/1236 1225/1521/1237
f 1225/1521/1237 1227/1519/1236 1226/1520/1238
f 1228/1522/1239 1231/1523/1240 1229/1525/1241
f 1229/1525/1241 1231/1523/1240 1230/1524/1242
f 1232/1526/1243 1235/1527/1244 1233/1529/1245
f 1233/1529/1245 1235/1527/1244 1234/1528/1246
f 1236/1530/1247 1239/1531/1248 1237/1533/1249
f 1237/1533/1249 1239/1531/1248 1238/1532/1250
f 1240/1534/1251 1243/1535/1252 1241/1537/1253
f 1241/1537/1253 1243/1535/1252 1242/1536/1254
f 1244/1538/1255 1247/1539/1256 1245/1541/1257
f 1245/1541/1257 1247/1539/1256 1246/1540/1258
f 1251/1543/1259 1250/1544/1260 1248/1542/1261
f 1248/1542/1261 1250/1544/1260 1249/1545/1262
f 903/1185/954 904/1184/952 1252/1546/1263
f 1252/1546/1263 904/1184/952 1253/1547/1264
f 1257/1548/1265 1260/1549/1266 1258/1551/1267
f 1258/1551/1267 1260/1549/1266 1259/1550/1268
f 1261/1552/1269 1264/1553/1270 1262/1555/1271
f 1262/1555/1271 1264/1553/1270 1263/1554/1272
f 1265/1556/1273 1268/1557/1274 1266/1559/1275
f 1266/1559/1275 1268/1557/1274 1267/1558/1276
f 1269/1560/1277 1272/1561/1278 1270/1563/1279
f 1270/1563/1279 1272/1561/1278 1271/1562/1280
f 1273/1564/1281 1276/1565/1282 1274/1567/1283
f 1274/1567/1283 1276/1565/1282 1275/1566/1284
f 1277/1568/1285 1280/1569/1286 1278/1571/1287
f 1278/1571/1287 1280/1569/1286 1279/1570/1288
f 1284/1573/1289 1283/1574/1290 1281/1572/1291
f 1281/1572/1291 1283/1574/1290 1282/1575/1292
f 921/1217/986 922/1216/984 1285/1576/1293
f 1285/1576/1293 922/1216/984 1286/1577/1294
f 1289/1578/1295 1292/1579/1296 1290/1581/1297
f 1290/1581/1297 1292/1579/1296 1291/1580/1298
f 1296/1583/1299 1295/1584/1300 1293/1582/1301
f 1293/1582/1301 1295/1584/1300 1294/1585/1302
f 1300/1587/1303 1299/1588/1304 1297/1586/1305
f 1297/1586/1305 1299/1588/1304 1298/1589/1306
f 1304/1591/1307 1303/1592/1308 1301/1590/1309
f 1301/1590/1309 1303/1592/1308 1302/1593/1310
f 1308/1595/1311 1307/1596/1312 1305/1594/1313
f 1305/1594/1313 1307/1596/1312 1306/1597/1314
f 1312/1599/1315 1311/1600/1316 1309/1598/1317
f 1309/1598/1317 1311/1600/1316 1310/1601/1318
f 1313/1602/1319 1316/1603/1320 1314/1605/1321
f 1314/1605/1321 1316/1603/1320 1315/1604/1322
f 1317/1606/1323 940/1249/1017 1318/1607/1324
f 1318/1607/1324 940/1249/1017 941/1248/1018
f 1321/1608/1325 1324/1609/1326 1322/1611/1327
f 1322/1611/1327 1324/1609/1326 1323/1610/1328
f 1328/1613/1329 1327/1614/1330 1325/1612/1331
f 1325/1612/1331 1327/1614/1330 1326/1615/1332
f 1332/1617/1333 1331/1618/1334 1329/1616/1335
f 1329/1616/1335 1331/1618/1334 1330/1619/1336
f 1336/1621/1337 1335/1622/1338 1333/1620/1339
f 1333/1620/1339 1335/1622/1338 1334/1623/1340
f 1340/1625/1341 1339/1626/1342 1337/1624/1343
f 1337/1624/1343 1339/1626/1342 1338/1627/1344
f 1344/1629/1345 1343/1630/1346 1341/1628/1347
f 1341/1628/1347 1343/1630/1346 1342/1631/1348
f 1345/1632/1349 1348/1633/1350 1346/1635/1351
f 1346/1635/1351 1348/1633/1350 1347/1634/1352
f 1349/1636/1353 958/1281/1049 1350/1637/1354
f 1350/1637/1354 958/1281/1049 959/1280/1050
f 1351/1638/1355 1354/1639/1356 1352/1641/1357
f 1352/1641/1357 1354/1639/1356 1353/1640/1358
f 1358/1643/1359 1357/1644/1360 1355/1642/1361
f 1355/1642/1361 1357/1644/1360 1356/1645/1362
f 1359/1646/1363 1362/1647/1364 1360/1649/1365
f 1360/1649/1365 1362/1647/1364 1361/1648/1366
f 1363/1650/1367 1366/1651/1368 1364/1653/1369
f 1364/1653/1369 1366/1651/1368 1365/1652/1370
f 1367/1654/1371 1370/1655/1372 1368/1657/1373
f 1368/1657/1373 1370/1655/1372 1369/1656/1374
f 1371/1658/1375 1374/1659/1376 1372/1661/1377
f 1372/1661/1377 1374/1659/1376 1373/1660/1378
f 1375/1662/1379 1378/1663/1380 1376/1665/1381
f 1376/1665/1381 1378/1663/1380 1377/1664/1382
f 1382/1667/1383 1381/1668/1384 1379/1666/1385
f 1379/1666/1385 1381/1668/1384 1380/1669/1386
f 976/1317/1086 977/1316/1084 1383/1670/1387
f 1383/1670/1387 977/1316/1084 1384/1671/1388
f 1388/1673/1389 1387/1674/1390 1385/1672/1391
f 1385/1672/1391 1387/1674/1390 1386/1675/1392
f 1389/1676/1393 1392/1677/1394 1390/1679/1395
f 1390/1679/1395 1392/1677/1394 1391/1678/1396
f 1393/1680/1397 1396/1681/1398 1394/1683/1399
f 1394/1683/1399 1396/1681/1398 1395/1682/1400
f 1397/1684/1401 1400/1685/1402 1398/1687/1403
f 1398/1687/1403 1400/1685/1402 1399/1686/1404
f 1401/1688/1405 1404/1689/1406 1402/1691/1407
f 1402/1691/1407 1404/1689/1406 1403/1690/1408
f 1405/1692/1409 1408/1693/1410 1406/1695/1411
f 1406/1695/1411 1408/1693/1410 1407/1694/1412
f 1409/1696/1413 1412/1697/1414 1410/1699/1415
f 1410/1699/1415 1412/1697/1414 1411/1698/1416
f 1416/1701/1417 1415/1702/1418 1413/1700/1419
f 1413/1700/1419 1415/1702/1418 1414/1703/1420
f 994/1353/1122 995/1352/1120 1417/1704/1421
f 1417/1704/1421 995/1352/1120 1418/1705/1422
f 1392/1706/1394 1420/1707/1423 1391/1709/1396
f 1391/1709/1396 1420/1707/1423 1419/1708/1424
f 1421/1710/1425 1424/1711/1426 1422/1713/1427
f 1422/1713/1427 1424/1711/1426 1423/1712/1428
f 1425/1714/1429 1419/1708/1424 1421/1710/1425
f 1421/1710/1425 1419/1708/1424 1426/1715/1430
f 1422/1713/1427 1353/1716/1358 1425/1714/1429
f 1425/1714/1429 1353/1716/1358 1354/1717/1356
f 1420/1707/1423 1428/1718/1431 1426/1715/1430
f 1426/1715/1430 1428/1718/1431 1427/1719/1432
f 1256/1720/1433 1189/1721/1198 1429/1722/1434
f 1429/1722/1434 1189/1721/1198 1430/1384/1144
f 1431/1723/1435 1434/1387/1145 1432/1724/1436
f 1432/1724/1436 1434/1387/1145 1433/1386/1146
f 1435/1725/1437 1437/1726/1438 1431/1723/1435
f 1431/1723/1435 1437/1726/1438 1436/1727/1439
f 1432/1724/1436 1155/1728/1167 1435/1725/1437
f 1435/1725/1437 1155/1728/1167 1156/1729/1165
f 1437/1730/1438 1423/1712/1428 1436/1731/1439
f 1436/1731/1439 1423/1712/1428 1424/1711/1426
f 1438/1732/1440 1427/1719/1432 1470/1733/1441
f 1470/1733/1441 1427/1719/1432 1428/1718/1431
f 1159/1452/1171 1227/1519/1236 1158/1453/1170
f 1158/1453/1170 1227/1519/1236 1224/1518/1235
f 1163/1456/1173 1231/1523/1240 1162/1457/1175
f 1162/1457/1175 1231/1523/1240 1228/1522/1239
f 1167/1460/1177 1235/1527/1244 1166/1461/1179
f 1166/1461/1179 1235/1527/1244 1232/1526/1243
f 1171/1464/1181 1239/1531/1248 1170/1465/1183
f 1170/1465/1183 1239/1531/1248 1236/1530/1247
f 1175/1468/1185 1243/1535/1252 1174/1469/1187
f 1174/1469/1187 1243/1535/1252 1240/1534/1251
f 1179/1472/1189 1247/1539/1256 1178/1473/1191
f 1178/1473/1191 1247/1539/1256 1244/1538/1255
f 1183/1476/1195 1251/1543/1259 1182/1477/1194
f 1182/1477/1194 1251/1543/1259 1248/1542/1261
f 1186/1479/1197 868/1116/886 1252/1546/1263
f 1252/1546/1263 868/1116/886 903/1185/954
f 1193/1486/1204 1160/1451/1169 1192/1487/1203
f 1192/1487/1203 1160/1451/1169 1157/1450/1168
f 1197/1490/1206 1164/1455/1172 1196/1491/1208
f 1196/1491/1208 1164/1455/1172 1161/1454/1174
f 1201/1494/1210 1168/1459/1176 1200/1495/1212
f 1200/1495/1212 1168/1459/1176 1165/1458/1178
f 1205/1498/1214 1172/1463/1180 1204/1499/1216
f 1204/1499/1216 1172/1463/1180 1169/1462/1182
f 1209/1502/1218 1176/1467/1184 1208/1503/1220
f 1208/1503/1220 1176/1467/1184 1173/1466/1186
f 1213/1506/1222 1180/1471/1188 1212/1507/1224
f 1212/1507/1224 1180/1471/1188 1177/1470/1190
f 1216/1511/1227 1217/1510/1228 1181/1474/1192
f 1181/1474/1192 1217/1510/1228 1184/1475/1193
f 1220/1513/1230 886/1152/922 1185/1478/1196
f 1185/1478/1196 886/1152/922 867/1117/885
f 1437/1726/1438 1435/1725/1437 1223/1734/1234
f 1223/1734/1234 1435/1725/1437 1156/1729/1165
f 1155/1728/1167 1432/1724/1436 1190/1385/1143
f 1190/1385/1143 1432/1724/1436 1433/1386/1146
f 1259/1550/1268 1194/1485/1202 1258/1551/1267
f 1258/1551/1267 1194/1485/1202 1191/1484/1201
f 1263/1554/1272 1198/1489/1205 1262/1555/1271
f 1262/1555/1271 1198/1489/1205 1195/1488/1207
f 1267/1558/1276 1202/1493/1209 1266/1559/1275
f 1266/1559/1275 1202/1493/1209 1199/1492/1211
f 1271/1562/1280 1206/1497/1213 1270/1563/1279
f 1270/1563/1279 1206/1497/1213 1203/1496/1215
f 1275/1566/1284 1210/1501/1217 1274/1567/1283
f 1274/1567/1283 1210/1501/1217 1207/1500/1219
f 1279/1570/1288 1214/1505/1221 1278/1571/1287
f 1278/1571/1287 1214/1505/1221 1211/1504/1223
f 1283/1574/1290 1218/1509/1226 1282/1575/1292
f 1282/1575/1292 1218/1509/1226 1215/1508/1225
f 1286/1577/1294 922/1216/984 1219/1512/1229
f 1219/1512/1229 922/1216/984 885/1153/921
f 904/1184/952 921/1390/986 1253/1547/1264
f 1253/1547/1264 921/1390/986 1285/1735/1293
f 1250/1544/1260 1284/1736/1289 1249/1545/1262
f 1249/1545/1262 1284/1736/1289 1281/1737/1291
f 1245/1541/1257 1246/1540/1258 1277/1739/1285
f 1277/1739/1285 1246/1540/1258 1280/1738/1286
f 1241/1537/1253 1242/1536/1254 1273/1741/1281
f 1273/1741/1281 1242/1536/1254 1276/1740/1282
f 1237/1533/1249 1238/1532/1250 1269/1743/1277
f 1269/1743/1277 1238/1532/1250 1272/1742/1278
f 1233/1529/1245 1234/1528/1246 1265/1745/1273
f 1265/1745/1273 1234/1528/1246 1268/1744/1274
f 1229/1525/1241 1230/1524/1242 1261/1747/1269
f 1261/1747/1269 1230/1524/1242 1264/1746/1270
f 1225/1521/1237 1226/1520/1238 1257/1749/1265
f 1257/1749/1265 1226/1520/1238 1260/1748/1266
f 1436/1727/1439 1438/1750/1440 1431/1723/1435
f 1431/1723/1435 1438/1750/1440 1434/1387/1145
f 1358/1643/1359 1355/1642/1361 1291/1580/1298
f 1291/1580/1298 1355/1642/1361 1290/1581/1297
f 1362/1647/1364 1359/1646/1363 1295/1584/1300
f 1295/1584/1300 1359/1646/1363 1294/1585/1302
f 1366/1651/1368 1363/1650/1367 1299/1588/1304
f 1299/1588/1304 1363/1650/1367 1298/1589/1306
f 1370/1655/1372 1367/1654/1371 1303/1592/1308
f 1303/1592/1308 1367/1654/1371 1302/1593/1310
f 1374/1659/1376 1371/1658/1375 1307/1596/1312
f 1307/1596/1312 1371/1658/1375 1306/1597/1314
f 1378/1663/1380 1375/1662/1379 1311/1600/1316
f 1311/1600/1316 1375/1662/1379 1310/1601/1318
f 1382/1667/1383 1379/1666/1385 1315/1604/1322
f 1315/1604/1322 1379/1666/1385 1314/1605/1321
f 1318/1607/1324 941/1248/1018 1383/1670/1387
f 1383/1670/1387 941/1248/1018 976/1317/1086
f 1292/1579/1296 1289/1578/1295 1323/1610/1328
f 1323/1610/1328 1289/1578/1295 1322/1611/1327
f 1293/1582/1301 1326/1615/1332 1296/1583/1299
f 1296/1583/1299 1326/1615/1332 1327/1614/1330
f 1297/1586/1305 1330/1619/1336 1300/1587/1303
f 1300/1587/1303 1330/1619/1336 1331/1618/1334
f 1301/1590/1309 1334/1623/1340 1304/1591/1307
f 1304/1591/1307 1334/1623/1340 1335/1622/1338
f 1305/1594/1313 1338/1627/1344 1308/1595/1311
f 1308/1595/1311 1338/1627/1344 1339/1626/1342
f 1309/1598/1317 1342/1631/1348 1312/1599/1315
f 1312/1599/1315 1342/1631/1348 1343/1630/1346
f 1316/1603/1320 1313/1602/1319 1347/1634/1352
f 1347/1634/1352 1313/1602/1319 1346/1635/1351
f 1350/1637/1354 959/1280/1050 1317/1606/1323
f 1317/1606/1323 959/1280/1050 940/1249/1017
f 1386/1675/1392 1387/1674/1390 1321/1608/1325
f 1321/1608/1325 1387/1674/1390 1324/1609/1326
f 1394/1683/1399 1395/1682/1400 1325/1612/1331
f 1325/1612/1331 1395/1682/1400 1328/1613/1329
f 1398/1687/1403 1399/1686/1404 1329/1616/1335
f 1329/1616/1335 1399/1686/1404 1332/1617/1333
f 1402/1691/1407 1403/1690/1408 1333/1620/1339
f 1333/1620/1339 1403/1690/1408 1336/1621/1337
f 1406/1695/1411 1407/1694/1412 1337/1624/1343
f 1337/1624/1343 1407/1694/1412 1340/1625/1341
f 1410/1699/1415 1411/1698/1416 1341/1628/1347
f 1341/1628/1347 1411/1698/1416 1344/1629/1345
f 1414/1703/1420 1415/1702/1418 1345/1632/1349
f 1345/1632/1349 1415/1702/1418 1348/1633/1350
f 1418/1705/1422 995/1352/1120 1349/1636/1353
f 1349/1636/1353 995/1352/1120 958/1281/1049
f 1428/1718/1431 1420/1707/1423 1460/1752/1442
f 1460/1752/1442 1420/1707/1423 1457/1751/1443
f 1420/1707/1423 1392/1706/1394 1457/1751/1443
f 977/1316/1084 994/1409/1122 1384/1671/1388
f 1384/1671/1388 994/1409/1122 1417/1753/1421
f 1381/1668/1384 1416/1754/1417 1380/1669/1386
f 1380/1669/1386 1416/1754/1417 1413/1755/1419
f 1412/1756/1414 1409/1757/1413 1377/1664/1382
f 1377/1664/1382 1409/1757/1413 1376/1665/1381
f 1408/1758/1410 1405/1759/1409 1373/1660/1378
f 1373/1660/1378 1405/1759/1409 1372/1661/1377
f 1404/1760/1406 1401/1761/1405 1369/1656/1374
f 1369/1656/1374 1401/1761/1405 1368/1657/1373
f 1400/1762/1402 1397/1763/1401 1365/1652/1370
f 1365/1652/1370 1397/1763/1401 1364/1653/1369
f 1396/1764/1398 1393/1765/1397 1361/1648/1366
f 1361/1648/1366 1393/1765/1397 1360/1649/1365
f 1357/1644/1360 1388/1766/1389 1356/1645/1362
f 1356/1645/1362 1388/1766/1389 1385/1767/1391
f 1419/1708/1424 1425/1714/1429 1391/1768/1396
f 1391/1768/1396 1425/1714/1429 1354/1717/1356
f 1421/1710/1425 1426/1715/1430 1424/1711/1426
f 1424/1711/1426 1426/1715/1430 1427/1719/1432
f 1438/1732/1440 1436/1731/1439 1427/1719/1432
f 1427/1719/1432 1436/1731/1439 1424/1711/1426
f 1223/1769/1234 1453/1770/1444 1437/1730/1438
f 1423/1712/1428 1437/1730/1438 1452/1771/1445
f 1437/1730/1438 1453/1770/1444 1452/1771/1445
f 1190/1481/1143 1187/1480/1199 1155/1448/1167
f 1155/1448/1167 1187/1480/1199 1154/1449/1166
f 1188/1483/1200 1189/1482/1198 1254/1773/1446
f 1254/1773/1446 1189/1482/1198 1256/1772/1433
f 1223/1516/1234 1156/1447/1165 1222/1517/1233
f 1222/1517/1233 1156/1447/1165 1153/1446/1164
f 1389/1676/1393 1320/1774/1447 1392/1677/1394
f 1320/1774/1447 1458/1775/1448 1392/1677/1394
f 1392/1677/1394 1458/1775/1448 1457/1776/1443
f 1354/1639/1356 1351/1638/1355 1391/1778/1396
f 1391/1778/1396 1351/1638/1355 1390/1777/1395
f 1287/1779/1449 1352/1641/1357 1454/1781/1450
f 1353/1640/1358 1451/1780/1451 1352/1641/1357
f 1352/1641/1357 1451/1780/1451 1454/1781/1450
f 1023/1375/1138 1434/1387/1145 1013/1405/1148
f 1013/1405/1148 1434/1387/1145 1438/1750/1440
f 1020/1383/890 1190/1385/1143 1024/1374/1139
f 1024/1374/1139 1190/1385/1143 1433/1386/1146
f 1004/1369/1134 1429/1722/1434 1022/1370/1135
f 1022/1370/1135 1429/1722/1434 1430/1384/1144
f 1421/1710/1425 1422/1713/1427 1425/1714/1429
f 1420/1707/1423 1426/1715/1430 1419/1708/1424
f 1431/1723/1435 1432/1724/1436 1435/1725/1437
f 1190/1385/1143 1430/1384/1144 1189/1721/1198
f 1232/1526/1243 1231/1523/1240 1166/1461/1179
f 1166/1461/1179 1231/1523/1240 1163/1456/1173
f 1232/1526/1243 1233/1529/1245 1231/1523/1240
f 1231/1523/1240 1233/1529/1245 1230/1524/1242
f 1233/1529/1245 1265/1745/1273 1230/1524/1242
f 1230/1524/1242 1265/1745/1273 1264/1746/1270
f 1265/1556/1273 1266/1559/1275 1264/1553/1270
f 1264/1553/1270 1266/1559/1275 1263/1554/1272
f 1199/1492/1211 1198/1489/1205 1266/1559/1275
f 1266/1559/1275 1198/1489/1205 1263/1554/1272
f 1198/1489/1205 1199/1492/1211 1197/1490/1206
f 1197/1490/1206 1199/1492/1211 1200/1495/1212
f 1197/1490/1206 1200/1495/1212 1164/1455/1172
f 1164/1455/1172 1200/1495/1212 1165/1458/1178
f 1164/1455/1172 1165/1458/1178 1163/1456/1173
f 1163/1456/1173 1165/1458/1178 1166/1461/1179
f 1228/1522/1239 1227/1519/1236 1162/1457/1175
f 1162/1457/1175 1227/1519/1236 1159/1452/1171
f 1228/1522/1239 1229/1525/1241 1227/1519/1236
f 1227/1519/1236 1229/1525/1241 1226/1520/1238
f 1229/1525/1241 1261/1747/1269 1226/1520/1238
f 1226/1520/1238 1261/1747/1269 1260/1748/1266
f 1261/1552/1269 1262/1555/1271 1260/1549/1266
f 1260/1549/1266 1262/1555/1271 1259/1550/1268
f 1195/1488/1207 1194/1485/1202 1262/1555/1271
f 1262/1555/1271 1194/1485/1202 1259/1550/1268
f 1194/1485/1202 1195/1488/1207 1193/1486/1204
f 1193/1486/1204 1195/1488/1207 1196/1491/1208
f 1193/1486/1204 1196/1491/1208 1160/1451/1169
f 1160/1451/1169 1196/1491/1208 1161/1454/1174
f 1160/1451/1169 1161/1454/1174 1159/1452/1171
f 1159/1452/1171 1161/1454/1174 1162/1457/1175
f 1224/1518/1235 1222/1517/1233 1158/1453/1170
f 1158/1453/1170 1222/1517/1233 1153/1446/1164
f 1224/1518/1235 1225/1521/1237 1222/1517/1233
f 1222/1517/1233 1225/1521/1237 1221/1514/1231
f 1221/1514/1231 1225/1521/1237 1255/1782/1452
f 1255/1782/1452 1225/1521/1237 1257/1749/1265
f 1257/1548/1265 1258/1551/1267 1255/1783/1452
f 1255/1783/1452 1258/1551/1267 1254/1773/1446
f 1191/1484/1201 1188/1483/1200 1258/1551/1267
f 1258/1551/1267 1188/1483/1200 1254/1773/1446
f 1188/1483/1200 1191/1484/1201 1187/1480/1199
f 1187/1480/1199 1191/1484/1201 1192/1487/1203
f 1154/1449/1166 1187/1480/1199 1157/1450/1168
f 1157/1450/1168 1187/1480/1199 1192/1487/1203
f 1154/1449/1166 1157/1450/1168 1153/1446/1164
f 1153/1446/1164 1157/1450/1168 1158/1453/1170
f 1236/1530/1247 1235/1527/1244 1170/1465/1183
f 1170/1465/1183 1235/1527/1244 1167/1460/1177
f 1236/1530/1247 1237/1533/1249 1235/1527/1244
f 1235/1527/1244 1237/1533/1249 1234/1528/1246
f 1237/1533/1249 1269/1743/1277 1234/1528/1246
f 1234/1528/1246 1269/1743/1277 1268/1744/1274
f 1269/1560/1277 1270/1563/1279 1268/1557/1274
f 1268/1557/1274 1270/1563/1279 1267/1558/1276
f 1203/1496/1215 1202/1493/1209 1270/1563/1279
f 1270/1563/1279 1202/1493/1209 1267/1558/1276
f 1202/1493/1209 1203/1496/1215 1201/1494/1210
f 1201/1494/1210 1203/1496/1215 1204/1499/1216
f 1201/1494/1210 1204/1499/1216 1168/1459/1176
f 1168/1459/1176 1204/1499/1216 1169/1462/1182
f 1168/1459/1176 1169/1462/1182 1167/1460/1177
f 1167/1460/1177 1169/1462/1182 1170/1465/1183
f 1240/1534/1251 1239/1531/1248 1174/1469/1187
f 1174/1469/1187 1239/1531/1248 1171/1464/1181
f 1240/1534/1251 1241/1537/1253 1239/1531/1248
f 1239/1531/1248 1241/1537/1253 1238/1532/1250
f 1241/1537/1253 1273/1741/1281 1238/1532/1250
f 1238/1532/1250 1273/1741/1281 1272/1742/1278
f 1273/1564/1281 1274/1567/1283 1272/1561/1278
f 1272/1561/1278 1274/1567/1283 1271/1562/1280
f 1207/1500/1219 1206/1497/1213 1274/1567/1283
f 1274/1567/1283 1206/1497/1213 1271/1562/1280
f 1206/1497/1213 1207/1500/1219 1205/1498/1214
f 1205/1498/1214 1207/1500/1219 1208/1503/1220
f 1205/1498/1214 1208/1503/1220 1172/1463/1180
f 1172/1463/1180 1208/1503/1220 1173/1466/1186
f 1172/1463/1180 1173/1466/1186 1171/1464/1181
f 1171/1464/1181 1173/1466/1186 1174/1469/1187
f 1244/1538/1255 1243/1535/1252 1178/1473/1191
f 1178/1473/1191 1243/1535/1252 1175/1468/1185
f 1244/1538/1255 1245/1541/1257 1243/1535/1252
f 1243/1535/1252 1245/1541/1257 1242/1536/1254
f 1245/1541/1257 1277/1739/1285 1242/1536/1254
f 1242/1536/1254 1277/1739/1285 1276/1740/1282
f 1277/1568/1285 1278/1571/1287 1276/1565/1282
f 1276/1565/1282 1278/1571/1287 1275/1566/1284
f 1211/1504/1223 1210/1501/1217 1278/1571/1287
f 1278/1571/1287 1210/1501/1217 1275/1566/1284
f 1210/1501/1217 1211/1504/1223 1209/1502/1218
f 1209/1502/1218 1211/1504/1223 1212/1507/1224
f 1209/1502/1218 1212/1507/1224 1176/1467/1184
f 1176/1467/1184 1212/1507/1224 1177/1470/1190
f 1176/1467/1184 1177/1470/1190 1175/1468/1185
f 1175/1468/1185 1177/1470/1190 1178/1473/1191
f 1248/1542/1261 1247/1539/1256 1182/1477/1194
f 1182/1477/1194 1247/1539/1256 1179/1472/1189
f 1248/1542/1261 1249/1545/1262 1247/1539/1256
f 1247/1539/1256 1249/1545/1262 1246/1540/1258
f 1249/1545/1262 1281/1737/1291 1246/1540/1258
f 1246/1540/1258 1281/1737/1291 1280/1738/1286
f 1281/1572/1291 1282/1575/1292 1280/1569/1286
f 1280/1569/1286 1282/1575/1292 1279/1570/1288
f 1215/1508/1225 1214/1505/1221 1282/1575/1292
f 1282/1575/1292 1214/1505/1221 1279/1570/1288
f 1214/1505/1221 1215/1508/1225 1213/1506/1222
f 1213/1506/1222 1215/1508/1225 1216/1511/1227
f 1213/1506/1222 1216/1511/1227 1180/1471/1188
f 1180/1471/1188 1216/1511/1227 1181/1474/1192
f 1180/1471/1188 1181/1474/1192 1179/1472/1189
f 1179/1472/1189 1181/1474/1192 1182/1477/1194
f 1251/1543/1259 1183/1476/1195 1252/1546/1263
f 1252/1546/1263 1183/1476/1195 1186/1479/1197
f 1252/1546/1263 1253/1547/1264 1251/1543/1259
f 1251/1543/1259 1253/1547/1264 1250/1544/1260
f 1253/1547/1264 1285/1735/1293 1250/1544/1260
f 1250/1544/1260 1285/1735/1293 1284/1736/1289
f 1285/1576/1293 1286/1577/1294 1284/1573/1289
f 1284/1573/1289 1286/1577/1294 1283/1574/1290
f 1218/1509/1226 1283/1574/1290 1219/1512/1229
f 1219/1512/1229 1283/1574/1290 1286/1577/1294
f 1218/1509/1226 1219/1512/1229 1217/1510/1228
f 1217/1510/1228 1219/1512/1229 1220/1513/1230
f 1217/1510/1228 1220/1513/1230 1184/1475/1193
f 1184/1475/1193 1220/1513/1230 1185/1478/1196
f 1184/1475/1193 1185/1478/1196 1183/1476/1195
f 1183/1476/1195 1185/1478/1196 1186/1479/1197
f 1355/1642/1361 1352/1641/1357 1290/1581/1297
f 1290/1581/1297 1352/1641/1357 1287/1779/1449
f 1355/1642/1361 1356/1645/1362 1352/1641/1357
f 1352/1641/1357 1356/1645/1362 1351/1638/1355
f 1385/1767/1391 1390/1777/1395 1356/1645/1362
f 1356/1645/1362 1390/1777/1395 1351/1638/1355
f 1385/1672/1391 1386/1675/1392 1390/1679/1395
f 1390/1679/1395 1386/1675/1392 1389/1676/1393
f 1389/1676/1393 1386/1675/1392 1320/1774/1447
f 1320/1774/1447 1386/1675/1392 1321/1608/1325
f 1320/1774/1447 1321/1608/1325 1319/1784/1453
f 1319/1784/1453 1321/1608/1325 1322/1611/1327
f 1288/1785/1454 1319/1784/1453 1289/1578/1295
f 1289/1578/1295 1319/1784/1453 1322/1611/1327
f 1288/1785/1454 1289/1578/1295 1287/1779/1449
f 1287/1779/1449 1289/1578/1295 1290/1581/1297
f 1359/1646/1363 1358/1643/1359 1294/1585/1302
f 1294/1585/1302 1358/1643/1359 1291/1580/1298
f 1359/1646/1363 1360/1649/1365 1358/1643/1359
f 1358/1643/1359 1360/1649/1365 1357/1644/1360
f 1388/1766/1389 1357/1644/1360 1393/1765/1397
f 1393/1765/1397 1357/1644/1360 1360/1649/1365
f 1393/1680/1397 1394/1683/1399 1388/1673/1389
f 1388/1673/1389 1394/1683/1399 1387/1674/1390
f 1324/1609/1326 1387/1674/1390 1325/1612/1331
f 1325/1612/1331 1387/1674/1390 1394/1683/1399
f 1324/1609/1326 1325/1612/1331 1323/1610/1328
f 1323/1610/1328 1325/1612/1331 1326/1615/1332
f 1293/1582/1301 1292/1579/1296 1326/1615/1332
f 1326/1615/1332 1292/1579/1296 1323/1610/1328
f 1292/1579/1296 1293/1582/1301 1291/1580/1298
f 1291/1580/1298 1293/1582/1301 1294/1585/1302
f 1363/1650/1367 1362/1647/1364 1298/1589/1306
f 1298/1589/1306 1362/1647/1364 1295/1584/1300
f 1363/1650/1367 1364/1653/1369 1362/1647/1364
f 1362/1647/1364 1364/1653/1369 1361/1648/1366
f 1396/1764/1398 1361/1648/1366 1397/1763/1401
f 1397/1763/1401 1361/1648/1366 1364/1653/1369
f 1397/1684/1401 1398/1687/1403 1396/1681/1398
f 1396/1681/1398 1398/1687/1403 1395/1682/1400
f 1328/1613/1329 1395/1682/1400 1329/1616/1335
f 1329/1616/1335 1395/1682/1400 1398/1687/1403
f 1328/1613/1329 1329/1616/1335 1327/1614/1330
f 1327/1614/1330 1329/1616/1335 1330/1619/1336
f 1297/1586/1305 1296/1583/1299 1330/1619/1336
f 1330/1619/1336 1296/1583/1299 1327/1614/1330
f 1296/1583/1299 1297/1586/1305 1295/1584/1300
f 1295/1584/1300 1297/1586/1305 1298/1589/1306
f 1367/1654/1371 1366/1651/1368 1302/1593/1310
f 1302/1593/1310 1366/1651/1368 1299/1588/1304
f 1367/1654/1371 1368/1657/1373 1366/1651/1368
f 1366/1651/1368 1368/1657/1373 1365/1652/1370
f 1400/1762/1402 1365/1652/1370 1401/1761/1405
f 1401/1761/1405 1365/1652/1370 1368/1657/1373
f 1401/1688/1405 1402/1691/1407 1400/1685/1402
f 1400/1685/1402 1402/1691/1407 1399/1686/1404
f 1332/1617/1333 1399/1686/1404 1333/1620/1339
f 1333/1620/1339 1399/1686/1404 1402/1691/1407
f 1332/1617/1333 1333/1620/1339 1331/1618/1334
f 1331/1618/1334 1333/1620/1339 1334/1623/1340
f 1301/1590/1309 1300/1587/1303 1334/1623/1340
f 1334/1623/1340 1300/1587/1303 1331/1618/1334
f 1300/1587/1303 1301/1590/1309 1299/1588/1304
f 1299/1588/1304 1301/1590/1309 1302/1593/1310
f 1371/1658/1375 1370/1655/1372 1306/1597/1314
f 1306/1597/1314 1370/1655/1372 1303/1592/1308
f 1371/1658/1375 1372/1661/1377 1370/1655/1372
f 1370/1655/1372 1372/1661/1377 1369/1656/1374
f 1404/1760/1406 1369/1656/1374 1405/1759/1409
f 1405/1759/1409 1369/1656/1374 1372/1661/1377
f 1405/1692/1409 1406/1695/1411 1404/1689/1406
f 1404/1689/1406 1406/1695/1411 1403/1690/1408
f 1336/1621/1337 1403/1690/1408 1337/1624/1343
f 1337/1624/1343 1403/1690/1408 1406/1695/1411
f 1336/1621/1337 1337/1624/1343 1335/1622/1338
f 1335/1622/1338 1337/1624/1343 1338/1627/1344
f 1305/1594/1313 1304/1591/1307 1338/1627/1344
f 1338/1627/1344 1304/1591/1307 1335/1622/1338
f 1304/1591/1307 1305/1594/1313 1303/1592/1308
f 1303/1592/1308 1305/1594/1313 1306/1597/1314
f 1375/1662/1379 1374/1659/1376 1310/1601/1318
f 1310/1601/1318 1374/1659/1376 1307/1596/1312
f 1374/1659/1376 1375/1662/1379 1373/1660/1378
f 1373/1660/1378 1375/1662/1379 1376/1665/1381
f 1408/1758/1410 1373/1660/1378 1409/1757/1413
f 1409/1757/1413 1373/1660/1378 1376/1665/1381
f 1408/1693/1410 1409/1696/1413 1407/1694/1412
f 1407/1694/1412 1409/1696/1413 1410/1699/1415
f 1340/1625/1341 1407/1694/1412 1341/1628/1347
f 1341/1628/1347 1407/1694/1412 1410/1699/1415
f 1340/1625/1341 1341/1628/1347 1339/1626/1342
f 1339/1626/1342 1341/1628/1347 1342/1631/1348
f 1309/1598/1317 1308/1595/1311 1342/1631/1348
f 1342/1631/1348 1308/1595/1311 1339/1626/1342
f 1308/1595/1311 1309/1598/1317 1307/1596/1312
f 1307/1596/1312 1309/1598/1317 1310/1601/1318
f 1379/1666/1385 1378/1663/1380 1314/1605/1321
f 1314/1605/1321 1378/1663/1380 1311/1600/1316
f 1379/1666/1385 1380/1669/1386 1378/1663/1380
f 1378/1663/1380 1380/1669/1386 1377/1664/1382
f 1412/1756/1414 1377/1664/1382 1413/1755/1419
f 1413/1755/1419 1377/1664/1382 1380/1669/1386
f 1413/1700/1419 1414/1703/1420 1412/1697/1414
f 1412/1697/1414 1414/1703/1420 1411/1698/1416
f 1344/1629/1345 1411/1698/1416 1345/1632/1349
f 1345/1632/1349 1411/1698/1416 1414/1703/1420
f 1344/1629/1345 1345/1632/1349 1343/1630/1346
f 1343/1630/1346 1345/1632/1349 1346/1635/1351
f 1313/1602/1319 1312/1599/1315 1346/1635/1351
f 1346/1635/1351 1312/1599/1315 1343/1630/1346
f 1312/1599/1315 1313/1602/1319 1311/1600/1316
f 1311/1600/1316 1313/1602/1319 1314/1605/1321
f 1382/1667/1383 1315/1604/1322 1383/1670/1387
f 1383/1670/1387 1315/1604/1322 1318/1607/1324
f 1383/1670/1387 1384/1671/1388 1382/1667/1383
f 1382/1667/1383 1384/1671/1388 1381/1668/1384
f 1416/1754/1417 1381/1668/1384 1417/1753/1421
f 1417/1753/1421 1381/1668/1384 1384/1671/1388
f 1417/1704/1421 1418/1705/1422 1416/1701/1417
f 1416/1701/1417 1418/1705/1422 1415/1702/1418
f 1348/1633/1350 1415/1702/1418 1349/1636/1353
f 1349/1636/1353 1415/1702/1418 1418/1705/1422
f 1348/1633/1350 1349/1636/1353 1347/1634/1352
f 1347/1634/1352 1349/1636/1353 1350/1637/1354
f 1347/1634/1352 1350/1637/1354 1316/1603/1320
f 1316/1603/1320 1350/1637/1354 1317/1606/1323
f 1316/1603/1320 1317/1606/1323 1315/1604/1322
f 1315/1604/1322 1317/1606/1323 1318/1607/1324
f 1016/1360/1128 1000/1359/1126 1442/1426/1152
f 1442/1426/1152 1000/1359/1126 1439/1786/1159
f 1439/1786/1159 1000/1359/1126 1018/1365/1054
f 1441/1427/1151 1440/1787/1158 1443/1789/1455
f 1443/1789/1455 1440/1787/1158 1444/1788/1456
f 1443/1789/1455 1444/1788/1456 1446/1791/1457
f 1446/1791/1457 1444/1788/1456 1445/1790/1458
f 1446/1792/1457 1445/1793/1458 1449/1794/1459
f 1449/1794/1459 1445/1793/1458 1450/1434/1156
f 925/1445/1163 1444/1795/1456 924/1438/1157
f 924/1438/1157 1444/1795/1456 1440/1439/1158
f 942/1444/1162 943/1435/1155 1445/1793/1458
f 1445/1793/1458 943/1435/1155 1450/1434/1156
f 1444/1795/1456 925/1445/1163 1445/1793/1458
f 1445/1793/1458 925/1445/1163 942/1444/1162
f 1440/1787/1158 1441/1427/1151 1439/1786/1159
f 1439/1786/1159 1441/1427/1151 1442/1426/1152
f 1447/1433/1150 1448/1796/1149 1450/1434/1156
f 1450/1434/1156 1448/1796/1149 1449/1794/1459
f 1353/1716/1358 1422/1713/1427 1451/1797/1451
f 1423/1712/1428 1452/1771/1445 1422/1713/1427
f 1452/1771/1445 1451/1797/1451 1422/1713/1427
f 1453/1770/1444 1456/1799/1460 1454/1798/1450
f 1454/1798/1450 1456/1799/1460 1455/1800/1461
f 1455/1800/1461 1456/1799/1460 1462/1802/1462
f 1462/1802/1462 1456/1799/1460 1461/1801/1463
f 1458/1775/1448 1462/1804/1462 1459/1803/1464
f 1459/1803/1464 1462/1804/1462 1461/1805/1463
f 1454/1781/1450 1455/1806/1461 1287/1779/1449
f 1287/1779/1449 1455/1806/1461 1288/1785/1454
f 1319/1784/1453 1462/1804/1462 1320/1774/1447
f 1320/1774/1447 1462/1804/1462 1458/1775/1448
f 1319/1784/1453 1288/1785/1454 1462/1804/1462
f 1462/1804/1462 1288/1785/1454 1455/1806/1461
f 1452/1771/1445 1453/1770/1444 1451/1797/1451
f 1451/1797/1451 1453/1770/1444 1454/1798/1450
f 1457/1776/1443 1458/1775/1448 1460/1807/1442
f 1460/1807/1442 1458/1775/1448 1459/1803/1464
f 1463/1808/1465 1464/1809/1466 1468/1811/1232
f 1468/1811/1232 1464/1809/1466 1467/1810/1467
f 1464/1812/1466 1463/1813/1465 1466/1815/1468
f 1466/1815/1468 1463/1813/1465 1465/1814/1469
f 1465/1814/1469 1469/1816/1470 1466/1815/1468
f 1466/1815/1468 1469/1816/1470 1470/1733/1441
f 1254/1773/1446 1256/1772/1433 1255/1783/1452
f 1255/1783/1452 1256/1772/1433 1463/1817/1465
f 1255/1782/1452 1463/1818/1465 1221/1514/1231
f 1221/1514/1231 1463/1818/1465 1468/1515/1232
f 1429/1722/1434 1465/1819/1469 1256/1720/1433
f 1256/1720/1433 1465/1819/1469 1463/1820/1465
f 1466/1815/1468 1470/1733/1441 1459/1821/1464
f 1428/1718/1431 1460/1752/1442 1470/1733/1441
f 1460/1752/1442 1459/1821/1464 1470/1733/1441
f 1464/1812/1466 1466/1815/1468 1461/1822/1463
f 1461/1822/1463 1466/1815/1468 1459/1821/1464
f 1467/1810/1467 1464/1809/1466 1456/1799/1460
f 1456/1799/1460 1464/1809/1466 1461/1801/1463
f 1468/1811/1232 1467/1810/1467 1223/1769/1234
f 1223/1769/1234 1467/1810/1467 1453/1770/1444
f 1453/1770/1444 1467/1810/1467 1456/1799/1460
f 1469/1816/1470 1438/1732/1440 1470/1733/1441
f 1477/1823/1471 1013/1405/1148 1469/1824/1470
f 1469/1824/1470 1013/1405/1148 1438/1750/1440
f 1471/1825/1472 1472/1826/1473 1474/1828/1474
f 1474/1828/1474 1472/1826/1473 1473/1827/1475
f 1471/1830/1472 1476/1831/1476 1472/1829/1473
f 1472/1829/1473 1476/1831/1476 1475/1832/1477
f 1474/1828/1474 1473/1827/1475 1477/1834/1471
f 1477/1834/1471 1473/1827/1475 1478/1833/1478
f 905/1429/1153 906/1443/1161 1005/1430/1133
f 1005/1430/1133 906/1443/1161 1471/1835/1472
f 906/1442/1161 887/1441/1160 1471/1837/1472
f 1471/1837/1472 887/1441/1160 1476/1836/1476
f 1004/1369/1134 1005/1368/1133 1474/1839/1474
f 1474/1839/1474 1005/1368/1133 1471/1838/1472
f 1473/1827/1475 1449/1840/1459 1478/1833/1478
f 1015/1367/1131 1478/1833/1478 1448/1406/1149
f 1449/1840/1459 1448/1406/1149 1478/1833/1478
f 1449/1840/1459 1473/1827/1475 1446/1841/1457
f 1446/1841/1457 1473/1827/1475 1472/1826/1473
f 1472/1829/1473 1475/1832/1477 1446/1791/1457
f 1446/1791/1457 1475/1832/1477 1443/1789/1455
f 1004/1369/1134 1474/1839/1474 1429/1722/1434
f 1429/1722/1434 1474/1839/1474 1465/1819/1469
f 1474/1842/1474 1477/1823/1471 1465/1843/1469
f 1465/1843/1469 1477/1823/1471 1469/1824/1470
f 1475/1832/1477 1476/1831/1476 923/1428/1147
f 1477/1834/1471 1478/1833/1478 1013/1425/1148
f 923/1428/1147 1441/1427/1151 1475/1832/1477
f 1475/1832/1477 1441/1427/1151 1443/1789/1455
f 887/1441/1160 888/1431/1154 1476/1836/1476
f 1476/1836/1476 888/1431/1154 923/1432/1147
f 1013/1425/1148 1478/1833/1478 1014/1366/1132
f 1014/1366/1132 1478/1833/1478 1015/1367/1131
