# This file uses feet as units for non-parametric coordinates.

g default
v 3.750569 -6.115732 -12.078381
v 15.417397 -6.115732 -3.126107
v 14.210765 -6.115732 -6.039184
v 12.291286 -6.115732 -8.540698
v 9.789771 -6.115732 -10.460184
v 7.201231 -4.861824 -12.878000
v 16.628580 4.861824 -3.450641
v 15.296681 4.861824 -6.666136
v 13.177933 4.861824 -9.427346
v 10.416725 4.861824 -11.546101
v 7.201231 4.861824 -12.878000
v 3.750569 4.861824 -13.332294
v 3.750569 -4.861824 -13.332294
v 16.628580 -4.861824 -3.450641
v 15.296681 -4.861824 -6.666136
v 13.177933 -4.861824 -9.427346
v 10.416725 -4.861824 -11.546101
v 6.876695 -6.115732 -11.666818
v 15.417397 6.115733 -3.126107
v 14.210765 6.115733 -6.039184
v 12.291286 6.115733 -8.540698
v 9.789771 6.115733 -10.460184
v 6.876695 6.115733 -11.666818
v 3.750569 6.115733 -12.078381
v 3.750569 -5.802255 -13.018814
v 16.325785 -5.802255 -3.369509
v 15.025203 -5.802255 -6.509398
v 12.956271 -5.802255 -9.205687
v 10.259987 -5.802255 -11.274618
v 7.120097 -5.802255 -12.575210
v 16.325785 5.802257 -3.369509
v 15.025203 5.802257 -6.509398
v 12.956271 5.802257 -9.205687
v 10.259987 5.802257 -11.274618
v 7.120096 5.802257 -12.575210
v 3.750569 5.802257 -13.018814
v 17.082867 -4.861824 -0.000001
v 17.082867 4.861824 -0.000001
v 16.769388 5.802257 -0.000001
v 15.828958 -6.115732 -0.000001
v 15.828958 6.115733 -0.000001
v 16.769388 -5.802255 -0.000001
v 3.540408 -7.695323 -9.175871
v 11.673751 -7.695323 -4.574443
v 10.219822 -7.695323 -6.469243
v 8.325024 -7.695323 -7.923174
v 6.118484 -7.695323 -8.837153
v 3.113386 -20.187321 -6.640523
v 7.664328 -20.507481 -1.915458
v 6.129795 -20.248508 -5.235978
v 6.627948 -22.697922 -1.915458
v 5.466911 -21.746189 -5.157060
v 0.000006 -23.996077 -1.913300
v 0.000005 -22.590887 -5.339360
v 0.000005 -21.588047 -6.323125
v 3.277905 -13.458481 -7.042951
v 9.050803 -13.642555 -1.915458
v 7.015180 -13.593657 -5.309884
v 3.453002 -9.611677 -7.831669
v 4.344012 -23.873730 -1.915458
v 4.010837 -22.528027 -5.227008
v 3.704193 -21.588047 -6.081520
v 0.000005 -7.695323 -9.217591
v 10.574108 -9.833126 -1.915459
v 9.575070 -9.680761 -3.994136
v 8.092319 -9.662368 -5.811309
v 6.192719 -9.630943 -7.077703
v 12.740721 -6.812806 -1.915459
v 0.000005 -20.187321 -6.756474
v 0.000005 -13.443823 -7.220280
v 0.000005 -9.542788 -8.035179
v 0.000006 -24.040154 -0.000005
v 3.515148 -8.216635 -8.472230
v 12.044679 -8.216635 -1.915459
v 11.060237 -8.216635 -4.254266
v 5.899173 -8.216635 -8.184137
v 0.000006 -8.216635 -8.608050
v 7.984688 -8.216635 -7.369846
v 9.731254 -8.216635 -6.049409
v 7.043831 -20.423847 -3.647992
v 6.252282 -22.417660 -3.667060
v 0.007466 -23.582037 -3.744681
v 8.164551 -13.660944 -3.691900
v 4.250957 -23.479115 -3.691698
v 5.363219 -13.531855 -6.411554
v 4.671902 -20.218935 -6.176994
v 4.436552 -21.073051 -6.116844
v 12.736656 -7.751144 -1.915459
v 9.056628 -13.642555 -0.000000
v 10.630739 -9.833126 -0.000000
v 0.857862 -7.328642 -9.217580
v 12.437839 6.115733 -2.327734
v 11.539365 6.115733 -4.496848
v 10.110096 6.115733 -6.359511
v 8.247437 6.115733 -7.788780
v 6.078323 6.115733 -8.687258
v 3.750569 6.115733 -8.993715
v 3.314420 -6.115732 -10.041474
v 13.227593 -6.115732 -2.527563
v 12.269454 -6.115732 -4.915943
v 10.690613 -6.115732 -6.960726
v 8.655179 -6.115732 -8.522450
v 6.273310 -6.115732 -9.500456
v 2.114571 6.115733 -12.078380
v 2.339400 -6.115732 -10.690459
v 12.226906 6.837982 -2.271212
v 11.363194 6.800977 -4.360641
v 9.942916 6.800977 -6.199019
v 8.099774 6.800977 -7.572190
v 6.022696 6.800977 -8.471034
v 3.747027 6.800977 -8.763644
v 3.685656 7.515122 -7.786240
v 5.748685 7.515122 -7.542802
v 7.630540 7.515122 -6.729142
v 9.246936 7.515122 -5.493638
v 10.466355 7.515122 -3.870671
v 11.234209 7.515122 -2.013430
v 3.540407 -6.812806 -9.175867
v 12.620267 -6.830391 -2.169094
v 11.673750 -6.812806 -4.574439
v 10.219821 -6.812806 -6.469238
v 8.325023 -6.812806 -7.923170
v 6.118484 -6.812806 -8.837150
v 3.316865 -6.812806 -9.836082
v 13.126744 -6.812806 -2.439956
v 12.165614 -6.812806 -4.826170
v 10.589012 -6.812806 -6.847384
v 8.601824 -6.812806 -8.382862
v 6.252778 -6.812806 -9.309226
v 2.155277 -6.812806 -10.611299
v 2.123781 -6.115732 -12.078380
v 1.948305 -6.812806 -12.448019
v 0.894877 -7.329369 -12.616173
v 2.119176 -5.802255 -13.018811
v 2.114571 -4.861824 -13.332292
v 1.951758 -4.861824 -14.206054
v 0.894877 -4.861824 -14.869050
v 0.000005 -4.861824 -15.001850
v 2.114571 4.861824 -13.332292
v 1.950288 4.861824 -14.215195
v 0.894877 4.861824 -14.897346
v 0.000005 4.861824 -15.001847
v 2.114571 5.802257 -13.018811
v 1.979679 6.825577 -12.078379
v 0.894877 7.515122 -12.078379
v 2.114571 6.115733 -8.993715
v 1.946177 6.825577 -8.841240
v 0.941145 7.515122 -7.827673
v 0.000001 7.646162 -7.264533
v 0.000005 -7.486378 -12.659874
v 0.000005 7.646162 -12.078387
v 1.130451 -6.812806 -9.217580
v 0.000005 -7.486378 -9.217589
v 3.652230 7.646163 -7.252879
v 5.609985 7.646162 -6.953563
v 7.343119 7.646163 -6.225662
v 8.842843 7.646163 -5.098963
v 10.010592 7.646163 -3.624591
v 10.695798 7.646163 -1.883704
v 0.894877 7.185835 -13.461563
v 0.000005 7.321237 -13.524940
v 0.894877 6.203764 -14.498297
v 0.000005 6.284677 -14.624717
v 1.979679 6.587697 -13.213436
v 1.968032 5.865720 -13.979615
v 1.957417 -6.495615 -13.356630
v 0.894877 -7.043790 -13.660162
v 0.000005 -7.166320 -13.739261
v 1.956792 -5.903180 -13.922770
v 0.894877 -6.181846 -14.495037
v 0.000005 -6.271617 -14.616644
v 12.744292 6.115733 -0.000001
v 11.492221 7.515122 -0.000001
v 13.414120 -6.812806 -0.000001
v 1.231086 -6.963982 -12.546442
v 12.527872 6.837651 -0.000001
v 10.937469 7.646163 -0.000000
v 13.572276 -6.115732 -0.000001
v 12.774156 -6.812806 -0.000001
v 0.000006 7.646162 -0.000005
v 16.628580 4.861824 3.450639
v 16.628580 -4.861824 3.450639
v 15.296681 4.861824 6.666135
v 15.296681 -4.861824 6.666135
v 13.177933 4.861824 9.427346
v 13.177933 -4.861824 9.427346
v 10.416726 4.861824 11.546101
v 10.416726 -4.861824 11.546101
v 7.201231 4.861824 12.878000
v 7.201231 -4.861824 12.878000
v 3.750570 4.861824 13.332294
v 15.417397 -6.115732 3.126105
v 13.227593 -6.115732 2.527561
v 15.417397 6.115733 3.126105
v 14.210765 -6.115732 6.039183
v 12.269454 -6.115732 4.915942
v 14.210765 6.115733 6.039183
v 12.437839 6.115733 2.327733
v 12.291286 -6.115732 8.540698
v 10.690614 -6.115732 6.960725
v 12.291286 6.115733 8.540698
v 11.539365 6.115733 4.496847
v 9.789772 -6.115732 10.460184
v 8.655180 -6.115732 8.522450
v 9.789772 6.115733 10.460184
v 10.110097 6.115733 6.359510
v 6.876696 -6.115732 11.666818
v 6.273311 -6.115732 9.500456
v 6.876696 6.115733 11.666818
v 8.247437 6.115733 7.788780
v 3.750570 -6.115732 12.078381
v 3.314420 -6.115732 10.041474
v 3.750570 6.115733 12.078381
v 6.078324 6.115733 8.687258
v 2.114572 -4.861824 13.332292
v 2.114572 4.861824 13.332292
v 2.123782 -6.115732 12.078380
v 3.750570 6.115733 8.993715
v 2.114572 6.115733 8.993715
v 16.325785 -5.802255 3.369508
v 15.025203 -5.802255 6.509397
v 16.325785 5.802257 3.369508
v 12.956271 -5.802255 9.205687
v 15.025203 5.802257 6.509397
v 10.259988 -5.802255 11.274618
v 12.956271 5.802257 9.205687
v 7.120098 -5.802255 12.575210
v 10.259988 5.802257 11.274618
v 3.750570 -5.802255 13.018814
v 3.750570 -4.861824 13.332294
v 7.120097 5.802257 12.575210
v 3.750570 5.802257 13.018814
v 2.114572 6.115733 12.078380
v 2.119177 -5.802255 13.018811
v 2.114572 5.802257 13.018811
v 2.339401 -6.115732 10.690459
v 12.736656 -7.751144 1.915458
v 12.740721 -6.812806 1.915458
v 11.673750 -6.812806 4.574438
v 11.673751 -7.695323 4.574442
v 10.219822 -6.812806 6.469237
v 10.219823 -7.695323 6.469242
v 8.325024 -6.812806 7.923170
v 8.325025 -7.695323 7.923174
v 6.118485 -6.812806 8.837150
v 6.118485 -7.695323 8.837153
v 3.540407 -6.812806 9.175867
v 3.540409 -7.695323 9.175871
v 0.857862 -7.328642 9.217580
v 7.984689 -8.216635 7.369846
v 5.899174 -8.216635 8.184137
v 3.515149 -8.216635 8.472230
v 0.000006 -7.695323 9.217582
v 0.000007 -8.216635 8.608042
v 7.766642 -20.610588 -0.000000
v 6.764485 -22.853773 -0.000000
v 6.627948 -22.697922 1.915458
v 6.129796 -20.248508 5.235978
v 7.043831 -20.423847 3.647991
v 5.466911 -21.746189 5.157060
v 3.113387 -20.187321 6.640523
v 4.436553 -21.073051 6.116844
v 3.704193 -21.588047 6.081520
v 4.413509 -24.087919 -0.000000
v 0.000006 -23.996077 1.913291
v 4.010837 -22.528027 5.227008
v 0.007466 -23.582037 3.744671
v 0.000006 -22.590887 5.339351
v 0.000006 -21.588047 6.323115
v 0.000006 -20.187321 6.756464
v 3.277905 -13.458481 7.042951
v 0.000006 -13.443823 7.220270
v 7.664328 -20.507481 1.915458
v 9.050803 -13.642555 1.915458
v 8.164551 -13.660944 3.691899
v 4.671902 -20.218935 6.176994
v 5.363219 -13.531855 6.411554
v 10.574108 -9.833126 1.915458
v 9.575070 -9.680761 3.994135
v 7.015180 -13.593657 5.309884
v 8.092319 -9.662368 5.811309
v 6.192720 -9.630943 7.077703
v 3.453003 -9.611677 7.831669
v 0.000006 -9.542788 8.035171
v 4.344012 -23.873730 1.915458
v 6.252282 -22.417660 3.667059
v 12.134227 -8.216635 -0.000001
v 9.731255 -8.216635 6.049408
v 11.060237 -8.216635 4.254265
v 12.044679 -8.216635 1.915458
v 1.130452 -6.812806 9.217580
v 0.000006 -7.486378 9.217580
v 12.738981 -7.751144 -0.000001
v 4.250957 -23.479115 3.691697
v 12.226906 6.837982 2.271211
v 11.363194 6.800977 4.360640
v 9.942917 6.800977 6.199018
v 8.099775 6.800977 7.572190
v 6.022697 6.800977 8.471034
v 3.747028 6.800977 8.763644
v 1.946178 6.825577 8.841240
v 11.234209 7.515122 2.013429
v 10.466355 7.515122 3.870670
v 9.246937 7.515122 5.493637
v 7.630541 7.515122 6.729142
v 5.748686 7.515122 7.542802
v 3.685657 7.515122 7.786240
v 0.941145 7.515122 7.827673
v 0.000001 7.646162 7.264523
v 3.652230 7.646163 7.252879
v 5.609986 7.646162 6.953563
v 7.343119 7.646163 6.225662
v 8.842843 7.646163 5.098963
v 10.010592 7.646163 3.624590
v 10.695798 7.646163 1.883703
v 13.126744 -6.812806 2.439955
v 12.165614 -6.812806 4.826169
v 10.589013 -6.812806 6.847383
v 8.601825 -6.812806 8.382862
v 6.252779 -6.812806 9.309226
v 3.316866 -6.812806 9.836082
v 2.155277 -6.812806 10.611299
v 12.620267 -6.830391 2.169092
v 1.948306 -6.812806 12.448019
v 1.231087 -6.963982 12.546442
v 0.894878 -7.329369 12.616173
v 0.000006 -7.486378 12.659864
v 1.957419 -6.495615 13.356630
v 0.894878 -7.043790 13.660162
v 1.951759 -4.861824 14.206054
v 1.950289 4.861824 14.215195
v 0.894878 4.861824 14.897346
v 0.894878 -4.861824 14.869050
v 0.000006 4.861824 15.001838
v 1.968034 5.865720 13.979615
v 1.979680 6.587697 13.213436
v 0.894878 6.203764 14.498297
v 0.894878 7.185835 13.461563
v 0.000006 6.284677 14.624707
v 1.979680 6.825577 12.078379
v 0.894878 7.515122 12.078379
v 0.000006 -4.861824 15.001841
v 0.000006 7.646162 12.078378
v 0.000006 7.321237 13.524930
v 1.956793 -5.903180 13.922770
v 0.000006 -7.166320 13.739251
v 0.894878 -6.181846 14.495037
v 0.000006 -6.271617 14.616635
v 12.774156 -6.812806 -0.000001
vt 0.027198 0.551066
vt 0.118561 0.551066
vt 0.118561 0.830333
vt 0.027198 0.830333
vt 0.209982 0.551066
vt 0.209982 0.830333
vt 0.300784 0.551066
vt 0.300784 0.830333
vt 0.389946 0.551066
vt 0.389946 0.830333
vt 0.478211 0.551066
vt 0.478211 0.830333
vt 0.563086 0.551066
vt 0.563086 0.830333
vt 0.118561 0.491256
vt 0.027198 0.491256
vt 0.027198 0.890590
vt 0.118561 0.890590
vt 0.209982 0.491256
vt 0.209982 0.890590
vt 0.300784 0.491256
vt 0.300784 0.890590
vt 0.389946 0.491256
vt 0.389946 0.890590
vt 0.478211 0.491256
vt 0.478211 0.890590
vt 0.563086 0.491256
vt 0.563086 0.890590
vt 0.027198 0.520583
vt 0.118561 0.520583
vt 0.118561 0.861184
vt 0.027198 0.861184
vt 0.209982 0.520583
vt 0.209982 0.861184
vt 0.300784 0.520583
vt 0.300784 0.861184
vt 0.389946 0.520583
vt 0.389946 0.861184
vt 0.478211 0.520583
vt 0.478211 0.861184
vt 0.563086 0.520583
vt 0.563086 0.861184
vt 0.027198 0.976439
vt 0.118561 0.976439
vt 0.209982 0.976439
vt 0.300784 0.976439
vt 0.389946 0.976439
vt 0.478211 0.976439
vt 0.563086 0.976439
vt 0.563086 0.431926
vt 0.118561 0.431926
vt 0.209982 0.431926
vt 0.300784 0.431926
vt 0.389946 0.431926
vt 0.478211 0.431926
vt 0.627641 0.890590
vt 0.609056 0.452384
vt 0.627641 0.491256
vt 0.627641 0.520583
vt 0.627641 0.551066
vt 0.627641 0.830333
vt 0.627641 0.861184
vt 0.627641 0.976439
vt 0.027198 0.431926
vt 0.844054 0.539442
vt 0.821312 0.523627
vt 0.910673 0.419514
vt 0.874432 0.493392
vt 0.887922 0.410631
vt 0.931291 0.355039
vt 0.907646 0.349254
vt 0.945706 0.289576
vt 0.921706 0.285908
vt 0.954789 0.223272
vt 0.930439 0.221557
vt 0.957511 0.150582
vt 0.934035 0.150423
vt 0.935414 0.051733
vt 0.787128 0.425888
vt 0.816785 0.364736
vt 0.839789 0.298511
vt 0.855191 0.232246
vt 0.474321 0.320673
vt 0.414237 0.269199
vt 0.509163 0.279274
vt 0.455766 0.235575
vt 0.555936 0.192746
vt 0.521040 0.169598
vt 0.571268 0.102335
vt 0.367570 0.201130
vt 0.316069 0.086414
vt 0.412887 0.176061
vt 0.365199 0.062160
vt 0.499534 0.131148
vt 0.480438 0.021369
vt 0.530990 0.117356
vt 0.529324 0.014262
vt 0.578758 0.017508
vt 0.757013 0.136510
vt 0.767041 0.043895
vt 0.658690 0.414209
vt 0.687528 0.365443
vt 0.731621 0.256896
vt 0.866318 0.150331
vt 0.876501 0.053236
vt 0.945429 0.075318
vt 0.958813 0.083118
vt 0.941139 0.051451
vt 0.757458 0.471670
vt 0.909790 0.151449
vt 0.836008 0.466097
vt 0.865514 0.400379
vt 0.906293 0.218965
vt 0.914054 0.053506
vt 0.898293 0.281299
vt 0.885294 0.341201
vt 0.805155 0.509907
vt 0.534584 0.236944
vt 0.489131 0.201852
vt 0.420519 0.037417
vt 0.709369 0.311998
vt 0.455119 0.151526
vt 0.746485 0.199419
vt 0.564623 0.146701
vt 0.543942 0.137020
vt 0.852737 0.480762
vt 0.669733 0.748089
vt 0.651094 0.768470
vt 0.704290 0.724096
vt 0.727759 0.713389
vt 0.059190 0.012449
vt 0.123452 0.032947
vt 0.115124 0.052601
vt 0.053397 0.033637
vt 0.183387 0.064353
vt 0.171684 0.080998
vt 0.236486 0.106018
vt 0.963042 0.904811
vt 0.956318 0.976683
vt 0.936001 0.973557
vt 0.943187 0.904819
vt 0.963460 0.833020
vt 0.943527 0.832894
vt 0.962933 0.761558
vt 0.222688 0.121168
vt 0.942692 0.761044
vt 0.281910 0.155779
vt 0.265732 0.168965
vt 0.318322 0.212619
vt 0.300410 0.221967
vt 0.344052 0.274448
vt 0.324855 0.281586
vt 0.359592 0.318251
vt 0.341754 0.329722
vt 0.100690 0.088971
vt 0.045695 0.072655
vt 0.151031 0.114804
vt 0.196215 0.149686
vt 0.234999 0.191861
vt 0.266385 0.240239
vt 0.288124 0.294644
vt 0.311961 0.368748
vt 0.303891 0.399136
vt 0.963602 0.690210
vt 0.943347 0.690538
vt 0.962961 0.617828
vt 0.942437 0.619392
vt 0.705896 0.615901
vt 0.703565 0.598595
vt 0.735860 0.617019
vt 0.744399 0.597251
vt 0.927521 0.907737
vt 0.928044 0.832366
vt 0.927710 0.761704
vt 0.928087 0.690893
vt 0.928256 0.620481
vt 0.686620 0.588446
vt 0.740597 0.546989
vt 0.787581 0.628696
vt 0.767408 0.640423
vt 0.752249 0.535197
vt 0.818788 0.604558
vt 0.770297 0.517564
vt 0.839305 0.588065
vt 0.786959 0.663504
vt 0.816727 0.695408
vt 0.791976 0.693577
vt 0.856536 0.694876
vt 0.881924 0.693086
vt 0.816505 0.970816
vt 0.790971 0.970293
vt 0.856829 0.970935
vt 0.882230 0.970722
vt 0.667224 0.794240
vt 0.686865 0.829438
vt 0.667390 0.824089
vt 0.726988 0.837077
vt 0.752731 0.840137
vt 0.668287 0.918897
vt 0.648895 0.910021
vt 0.958826 0.532596
vt 0.938151 0.534788
vt 0.921023 0.545710
vt 0.225776 0.416819
vt 0.019507 0.416823
vt 0.702499 0.955161
vt 0.726669 0.975792
vt 0.917281 0.968960
vt 0.273267 0.299862
vt 0.250489 0.247697
vt 0.221438 0.202006
vt 0.225446 0.313119
vt 0.216947 0.257532
vt 0.196280 0.208322
vt 0.164289 0.165740
vt 0.122427 0.132584
vt 0.072996 0.113129
vt 0.019510 0.106267
vt 0.185110 0.161857
vt 0.143159 0.127831
vt 0.095031 0.103968
vt 0.043183 0.088686
vt 0.729034 0.797903
vt 0.753942 0.795931
vt 0.720276 0.759706
vt 0.744769 0.751976
vt 0.689956 0.798878
vt 0.684197 0.772075
vt 0.803965 0.648679
vt 0.837182 0.627693
vt 0.859682 0.615382
vt 0.813070 0.667367
vt 0.850014 0.657648
vt 0.874481 0.650243
vt 0.805847 0.614568
vt 0.027198 0.551066
vt 0.118561 0.830333
vt 0.027198 0.830333
vt 0.118561 0.551066
vt 0.209982 0.830333
vt 0.209982 0.551066
vt 0.300784 0.830333
vt 0.300784 0.551066
vt 0.389946 0.830333
vt 0.389946 0.551066
vt 0.478211 0.830333
vt 0.478211 0.551066
vt 0.563086 0.830333
vt 0.118561 0.491256
vt 0.027198 0.491256
vt 0.118561 0.431926
vt 0.027198 0.890590
vt 0.118561 0.890590
vt 0.027198 0.976439
vt 0.209982 0.491256
vt 0.209982 0.431926
vt 0.209982 0.890590
vt 0.118561 0.976439
vt 0.300784 0.491256
vt 0.300784 0.431926
vt 0.300784 0.890590
vt 0.209982 0.976439
vt 0.389946 0.491256
vt 0.389946 0.431926
vt 0.389946 0.890590
vt 0.300784 0.976439
vt 0.478211 0.491256
vt 0.478211 0.431926
vt 0.478211 0.890590
vt 0.389946 0.976439
vt 0.563086 0.491256
vt 0.563086 0.431926
vt 0.563086 0.890590
vt 0.478211 0.976439
vt 0.627641 0.551066
vt 0.627641 0.830333
vt 0.627641 0.491256
vt 0.563086 0.976439
vt 0.627641 0.976439
vt 0.118561 0.520583
vt 0.027198 0.861184
vt 0.209982 0.520583
vt 0.118561 0.861184
vt 0.300784 0.520583
vt 0.209982 0.861184
vt 0.389946 0.520583
vt 0.300784 0.861184
vt 0.478211 0.520583
vt 0.389946 0.861184
vt 0.563086 0.520583
vt 0.563086 0.551066
vt 0.478211 0.861184
vt 0.563086 0.861184
vt 0.627641 0.890590
vt 0.027198 0.520583
vt 0.627641 0.520583
vt 0.627641 0.861184
vt 0.027198 0.431926
vt 0.609056 0.452384
vt 0.844054 0.539442
vt 0.852737 0.480762
vt 0.874432 0.493392
vt 0.910673 0.419514
vt 0.887922 0.410631
vt 0.931291 0.355039
vt 0.907646 0.349254
vt 0.945706 0.289576
vt 0.921706 0.285908
vt 0.954789 0.223272
vt 0.930439 0.221557
vt 0.957511 0.150582
vt 0.934035 0.150423
vt 0.945429 0.075318
vt 0.898293 0.281299
vt 0.906293 0.218965
vt 0.909790 0.151449
vt 0.935414 0.051733
vt 0.914054 0.053506
vt 0.474321 0.320673
vt 0.414237 0.269199
vt 0.455766 0.235575
vt 0.555936 0.192746
vt 0.534584 0.236944
vt 0.521040 0.169598
vt 0.571268 0.102335
vt 0.543942 0.137020
vt 0.530990 0.117356
vt 0.367570 0.201130
vt 0.316069 0.086414
vt 0.365199 0.062160
vt 0.499534 0.131148
vt 0.420519 0.037417
vt 0.480438 0.021369
vt 0.529324 0.014262
vt 0.578758 0.017508
vt 0.757013 0.136510
vt 0.767041 0.043895
vt 0.658690 0.414209
vt 0.509163 0.279274
vt 0.687528 0.365443
vt 0.709369 0.311998
vt 0.564623 0.146701
vt 0.746485 0.199419
vt 0.757458 0.471670
vt 0.787128 0.425888
vt 0.816785 0.364736
vt 0.731621 0.256896
vt 0.839789 0.298511
vt 0.855191 0.232246
vt 0.866318 0.150331
vt 0.876501 0.053236
vt 0.412887 0.176061
vt 0.489131 0.201852
vt 0.805155 0.509907
vt 0.885294 0.341201
vt 0.865514 0.400379
vt 0.836008 0.466097
vt 0.958813 0.083118
vt 0.941139 0.051451
vt 0.821312 0.523627
vt 0.455119 0.151526
vt 0.059190 0.012449
vt 0.115124 0.052601
vt 0.053397 0.033637
vt 0.123452 0.032947
vt 0.171684 0.080998
vt 0.183387 0.064353
vt 0.222688 0.121168
vt 0.236486 0.106018
vt 0.265732 0.168965
vt 0.281910 0.155779
vt 0.300410 0.221967
vt 0.318322 0.212619
vt 0.324855 0.281586
vt 0.344052 0.274448
vt 0.341754 0.329722
vt 0.100690 0.088971
vt 0.045695 0.072655
vt 0.151031 0.114804
vt 0.196215 0.149686
vt 0.234999 0.191861
vt 0.266385 0.240239
vt 0.288124 0.294644
vt 0.311961 0.368748
vt 0.303891 0.399136
vt 0.273267 0.299862
vt 0.250489 0.247697
vt 0.221438 0.202006
vt 0.185110 0.161857
vt 0.143159 0.127831
vt 0.095031 0.103968
vt 0.043183 0.088686
vt 0.963042 0.904811
vt 0.956318 0.976683
vt 0.943187 0.904819
vt 0.963460 0.833020
vt 0.943527 0.832894
vt 0.962933 0.761558
vt 0.942692 0.761044
vt 0.963602 0.690210
vt 0.943347 0.690538
vt 0.962961 0.617828
vt 0.942437 0.619392
vt 0.958826 0.532596
vt 0.938151 0.534788
vt 0.735860 0.617019
vt 0.705896 0.615901
vt 0.744399 0.597251
vt 0.927521 0.907737
vt 0.928044 0.832366
vt 0.927710 0.761704
vt 0.928087 0.690893
vt 0.928256 0.620481
vt 0.921023 0.545710
vt 0.703565 0.598595
vt 0.686620 0.588446
vt 0.740597 0.546989
vt 0.787581 0.628696
vt 0.767408 0.640423
vt 0.805847 0.614568
vt 0.818788 0.604558
vt 0.770297 0.517564
vt 0.839305 0.588065
vt 0.803965 0.648679
vt 0.786959 0.663504
vt 0.837182 0.627693
vt 0.816727 0.695408
vt 0.791976 0.693577
vt 0.816505 0.970816
vt 0.790971 0.970293
vt 0.856829 0.970935
vt 0.856536 0.694876
vt 0.882230 0.970722
vt 0.684197 0.772075
vt 0.689956 0.798878
vt 0.667224 0.794240
vt 0.720276 0.759706
vt 0.729034 0.797903
vt 0.704290 0.724096
vt 0.744769 0.751976
vt 0.686865 0.829438
vt 0.667390 0.824089
vt 0.668287 0.918897
vt 0.648895 0.910021
vt 0.702499 0.955161
vt 0.726988 0.837077
vt 0.726669 0.975792
vt 0.936001 0.973557
vt 0.359592 0.318251
vt 0.752249 0.535197
vt 0.881924 0.693086
vt 0.752731 0.840137
vt 0.917281 0.968960
vt 0.225776 0.416819
vt 0.019507 0.416823
vt 0.225446 0.313119
vt 0.216947 0.257532
vt 0.196280 0.208322
vt 0.164289 0.165740
vt 0.122427 0.132584
vt 0.072996 0.113129
vt 0.019510 0.106267
vt 0.753942 0.795931
vt 0.651094 0.768470
vt 0.669733 0.748089
vt 0.813070 0.667367
vt 0.859682 0.615382
vt 0.850014 0.657648
vt 0.874481 0.650243
vt 0.727759 0.713389
vt 0.368564 0.413775
vt 0.552534 0.391715
vt 0.546695 0.382320
vt 0.540787 0.376525
vt 0.554973 0.402504
vt 0.458941 0.359471
vt 0.469827 0.366438
vt 0.455822 0.332830
vt 0.442245 0.325392
vt 0.384962 0.325392
vt 0.376579 0.327613
vt 0.368562 0.370976
vt 0.457707 0.339189
vt 0.368559 0.342615
vt 0.457710 0.359471
vt 0.532535 0.373972
vt 0.492808 0.371239
vt 0.555233 0.413775
vt 0.370473 0.334092
vt 0.450551 0.327661
vt 0.462013 0.363063
vt 0.368562 0.370976
vt 0.368559 0.342615
vt 0.457707 0.339189
vt 0.457710 0.359471
vt 0.368564 0.413775
vt 0.384962 0.325392
vt 0.442245 0.325392
vt 0.450551 0.327661
vt 0.455822 0.332830
vt 0.370473 0.334092
vt 0.462013 0.363063
vt 0.469827 0.366438
vt 0.492808 0.371239
vt 0.532535 0.373972
vt 0.554973 0.402504
vt 0.555233 0.413775
vt 0.552534 0.391715
vt 0.546695 0.382320
vt 0.540787 0.376525
vt 0.376579 0.327613
vt 0.458941 0.359471
vn 0.987419 -0.158124 -0.000000
vn 0.953769 0.158130 -0.255577
vn 0.987419 0.158124 -0.000000
vn 0.953769 -0.158130 -0.255577
vn 0.855144 0.158117 -0.493688
vn 0.953769 0.158130 -0.255577
vn 0.855144 -0.158117 -0.493688
vn 0.698173 0.158112 -0.698251
vn 0.855144 0.158117 -0.493688
vn 0.698173 -0.158112 -0.698251
vn 0.493688 0.158117 -0.855144
vn 0.698173 0.158112 -0.698251
vn 0.493688 -0.158117 -0.855144
vn 0.255540 0.158119 -0.953781
vn 0.493688 0.158117 -0.855144
vn 0.255540 -0.158119 -0.953781
vn 0.064164 0.158811 -0.985222
vn 0.255540 0.158119 -0.953781
vn 0.167242 -0.984898 -0.044793
vn 0.173091 -0.984906 -0.000000
vn 0.000000 -1.000000 -0.000000
vn 0.173091 0.984906 -0.000000
vn 0.167242 0.984898 -0.044793
vn 0.000000 1.000000 0.000000
vn 0.149934 -0.984901 -0.086545
vn 0.167242 -0.984898 -0.044793
vn 0.000000 -1.000000 -0.000000
vn 0.167242 0.984898 -0.044793
vn 0.149934 0.984901 -0.086545
vn 0.000000 1.000000 0.000000
vn 0.122411 -0.984902 -0.122411
vn 0.149934 -0.984901 -0.086545
vn 0.000000 -1.000000 -0.000000
vn 0.149934 0.984901 -0.086545
vn 0.122411 0.984902 -0.122411
vn 0.000000 1.000000 0.000000
vn 0.086546 -0.984912 -0.149858
vn 0.122411 -0.984902 -0.122411
vn 0.000000 -1.000000 -0.000000
vn 0.122411 0.984902 -0.122411
vn 0.086546 0.984912 -0.149858
vn 0.000000 1.000000 0.000000
vn 0.044754 -0.984899 -0.167243
vn 0.086546 -0.984912 -0.149858
vn 0.000000 -1.000000 -0.000000
vn 0.086546 0.984912 -0.149858
vn 0.044754 0.984899 -0.167243
vn 0.000000 1.000000 0.000000
vn 0.011383 -0.985956 -0.166620
vn 0.044754 -0.984899 -0.167243
vn 0.000000 -1.000000 -0.000000
vn 0.044754 0.984899 -0.167243
vn 0.011384 0.985954 -0.166626
vn 0.000000 1.000000 0.000000
vn 0.064164 0.158811 -0.985222
vn 0.000000 -0.159959 -0.987124
vn 0.000000 0.160237 -0.987078
vn 0.011383 -0.985956 -0.166620
vn 0.000000 -1.000000 -0.000000
vn 0.000000 -0.985664 -0.168721
vn 0.000000 1.000000 0.000000
vn 0.011384 0.985954 -0.166626
vn 0.000000 1.000000 0.000000
vn 0.987419 -0.158124 -0.000000
vn 0.700028 -0.689034 -0.187599
vn 0.953769 -0.158130 -0.255577
vn 0.953769 0.158130 -0.255577
vn 0.724813 0.688946 -0.000000
vn 0.987419 0.158124 -0.000000
vn 0.953769 -0.158130 -0.255577
vn 0.627645 -0.689006 -0.362397
vn 0.855144 -0.158117 -0.493688
vn 0.855144 0.158117 -0.493688
vn 0.700065 0.688993 -0.187609
vn 0.953769 0.158130 -0.255577
vn 0.855144 -0.158117 -0.493688
vn 0.512483 -0.689002 -0.512483
vn 0.698173 -0.158112 -0.698251
vn 0.698173 0.158112 -0.698251
vn 0.627679 0.688965 -0.362416
vn 0.855144 0.158117 -0.493688
vn 0.698173 -0.158112 -0.698251
vn 0.362397 -0.689006 -0.627645
vn 0.493688 -0.158117 -0.855144
vn 0.493688 0.158117 -0.855144
vn 0.512510 0.688961 -0.512510
vn 0.698173 0.158112 -0.698251
vn 0.493688 -0.158117 -0.855144
vn 0.187589 -0.688996 -0.700068
vn 0.255540 -0.158119 -0.953781
vn 0.255540 0.158119 -0.953781
vn 0.362416 0.688965 -0.627679
vn 0.493688 0.158117 -0.855144
vn 0.255540 -0.158119 -0.953781
vn 0.046919 -0.697482 -0.715065
vn 0.064163 -0.158849 -0.985216
vn 0.064164 0.158811 -0.985222
vn 0.187599 0.688955 -0.700105
vn 0.255540 0.158119 -0.953781
vn 0.064163 -0.158849 -0.985216
vn 0.046919 -0.697482 -0.715065
vn 0.000000 -0.159959 -0.987124
vn 0.011384 0.985954 -0.166626
vn 0.046922 0.697422 -0.715123
vn 0.000000 0.987081 -0.160225
vn 0.724774 -0.688987 -0.000000
vn 0.167242 -0.984898 -0.044793
vn 0.700028 -0.689034 -0.187599
vn 0.700065 0.688993 -0.187609
vn 0.173091 0.984906 -0.000000
vn 0.724813 0.688946 -0.000000
vn 0.700028 -0.689034 -0.187599
vn 0.149934 -0.984901 -0.086545
vn 0.627645 -0.689006 -0.362397
vn 0.627679 0.688965 -0.362416
vn 0.167242 0.984898 -0.044793
vn 0.700065 0.688993 -0.187609
vn 0.627645 -0.689006 -0.362397
vn 0.122411 -0.984902 -0.122411
vn 0.512483 -0.689002 -0.512483
vn 0.512510 0.688961 -0.512510
vn 0.149934 0.984901 -0.086545
vn 0.627679 0.688965 -0.362416
vn 0.512483 -0.689002 -0.512483
vn 0.086546 -0.984912 -0.149858
vn 0.362397 -0.689006 -0.627645
vn 0.362416 0.688965 -0.627679
vn 0.122411 0.984902 -0.122411
vn 0.512510 0.688961 -0.512510
vn 0.362397 -0.689006 -0.627645
vn 0.044754 -0.984899 -0.167243
vn 0.187589 -0.688996 -0.700068
vn 0.187599 0.688955 -0.700105
vn 0.086546 0.984912 -0.149858
vn 0.362416 0.688965 -0.627679
vn 0.187589 -0.688996 -0.700068
vn 0.011383 -0.985956 -0.166620
vn 0.046919 -0.697482 -0.715065
vn 0.046922 0.697422 -0.715123
vn 0.044754 0.984899 -0.167243
vn 0.187599 0.688955 -0.700105
vn 0.046919 -0.697482 -0.715065
vn 0.000000 -0.985664 -0.168721
vn 0.000000 -0.706092 -0.708120
vn 0.046922 0.697422 -0.715123
vn 0.000000 0.160237 -0.987078
vn 0.000000 0.707068 -0.707146
vn 0.987419 -0.158124 -0.000000
vn 0.953769 -0.158130 -0.255577
vn 0.953769 0.158130 -0.255577
vn 0.953769 -0.158130 -0.255577
vn 0.855144 -0.158117 -0.493688
vn 0.855144 0.158117 -0.493688
vn 0.855144 -0.158117 -0.493688
vn 0.698173 -0.158112 -0.698251
vn 0.698173 0.158112 -0.698251
vn 0.698173 -0.158112 -0.698251
vn 0.493688 -0.158117 -0.855144
vn 0.493688 0.158117 -0.855144
vn 0.493688 -0.158117 -0.855144
vn 0.255540 -0.158119 -0.953781
vn 0.255540 0.158119 -0.953781
vn 0.255540 -0.158119 -0.953781
vn 0.064163 -0.158849 -0.985216
vn 0.064164 0.158811 -0.985222
vn 0.173091 -0.984906 -0.000000
vn 0.000000 -1.000000 -0.000000
vn 0.000000 -1.000000 -0.000000
vn 0.167242 0.984898 -0.044793
vn 0.000000 1.000000 0.000000
vn 0.000000 1.000000 0.000000
vn 0.167242 -0.984898 -0.044793
vn 0.000000 -1.000000 -0.000000
vn 0.000000 -1.000000 -0.000000
vn 0.149934 0.984901 -0.086545
vn 0.000000 1.000000 0.000000
vn 0.000000 1.000000 0.000000
vn 0.149934 -0.984901 -0.086545
vn 0.000000 -1.000000 -0.000000
vn 0.000000 -1.000000 -0.000000
vn 0.122411 0.984902 -0.122411
vn 0.000000 1.000000 0.000000
vn 0.000000 1.000000 0.000000
vn 0.122411 -0.984902 -0.122411
vn 0.000000 -1.000000 -0.000000
vn 0.000000 -1.000000 -0.000000
vn 0.086546 0.984912 -0.149858
vn 0.000000 1.000000 0.000000
vn 0.000000 1.000000 0.000000
vn 0.086546 -0.984912 -0.149858
vn 0.000000 -1.000000 -0.000000
vn 0.000000 -1.000000 -0.000000
vn 0.044754 0.984899 -0.167243
vn 0.000000 1.000000 0.000000
vn 0.000000 1.000000 0.000000
vn 0.044754 -0.984899 -0.167243
vn 0.000000 -1.000000 -0.000000
vn 0.000000 -1.000000 -0.000000
vn 0.011384 0.985954 -0.166626
vn 0.000000 1.000000 0.000000
vn 0.000000 1.000000 0.000000
vn 0.064164 0.158811 -0.985222
vn 0.064163 -0.158849 -0.985216
vn 0.000000 -0.159959 -0.987124
vn 0.000000 -1.000000 -0.000000
vn 0.000000 -1.000000 -0.000000
vn 0.000000 -0.985664 -0.168721
vn 0.011384 0.985954 -0.166626
vn 0.000000 0.987081 -0.160225
vn 0.000000 1.000000 0.000000
vn 0.987419 -0.158124 -0.000000
vn 0.724774 -0.688987 -0.000000
vn 0.700028 -0.689034 -0.187599
vn 0.953769 0.158130 -0.255577
vn 0.700065 0.688993 -0.187609
vn 0.724813 0.688946 -0.000000
vn 0.953769 -0.158130 -0.255577
vn 0.700028 -0.689034 -0.187599
vn 0.627645 -0.689006 -0.362397
vn 0.855144 0.158117 -0.493688
vn 0.627679 0.688965 -0.362416
vn 0.700065 0.688993 -0.187609
vn 0.855144 -0.158117 -0.493688
vn 0.627645 -0.689006 -0.362397
vn 0.512483 -0.689002 -0.512483
vn 0.698173 0.158112 -0.698251
vn 0.512510 0.688961 -0.512510
vn 0.627679 0.688965 -0.362416
vn 0.698173 -0.158112 -0.698251
vn 0.512483 -0.689002 -0.512483
vn 0.362397 -0.689006 -0.627645
vn 0.493688 0.158117 -0.855144
vn 0.362416 0.688965 -0.627679
vn 0.512510 0.688961 -0.512510
vn 0.493688 -0.158117 -0.855144
vn 0.362397 -0.689006 -0.627645
vn 0.187589 -0.688996 -0.700068
vn 0.255540 0.158119 -0.953781
vn 0.187599 0.688955 -0.700105
vn 0.362416 0.688965 -0.627679
vn 0.255540 -0.158119 -0.953781
vn 0.187589 -0.688996 -0.700068
vn 0.046919 -0.697482 -0.715065
vn 0.064164 0.158811 -0.985222
vn 0.046922 0.697422 -0.715123
vn 0.187599 0.688955 -0.700105
vn 0.046919 -0.697482 -0.715065
vn 0.000000 -0.706092 -0.708120
vn 0.000000 -0.159959 -0.987124
vn 0.046922 0.697422 -0.715123
vn 0.000000 0.707068 -0.707146
vn 0.000000 0.987081 -0.160225
vn 0.724774 -0.688987 -0.000000
vn 0.173091 -0.984906 -0.000000
vn 0.167242 -0.984898 -0.044793
vn 0.700065 0.688993 -0.187609
vn 0.167242 0.984898 -0.044793
vn 0.173091 0.984906 -0.000000
vn 0.700028 -0.689034 -0.187599
vn 0.167242 -0.984898 -0.044793
vn 0.149934 -0.984901 -0.086545
vn 0.627679 0.688965 -0.362416
vn 0.149934 0.984901 -0.086545
vn 0.167242 0.984898 -0.044793
vn 0.627645 -0.689006 -0.362397
vn 0.149934 -0.984901 -0.086545
vn 0.122411 -0.984902 -0.122411
vn 0.512510 0.688961 -0.512510
vn 0.122411 0.984902 -0.122411
vn 0.149934 0.984901 -0.086545
vn 0.512483 -0.689002 -0.512483
vn 0.122411 -0.984902 -0.122411
vn 0.086546 -0.984912 -0.149858
vn 0.362416 0.688965 -0.627679
vn 0.086546 0.984912 -0.149858
vn 0.122411 0.984902 -0.122411
vn 0.362397 -0.689006 -0.627645
vn 0.086546 -0.984912 -0.149858
vn 0.044754 -0.984899 -0.167243
vn 0.187599 0.688955 -0.700105
vn 0.044754 0.984899 -0.167243
vn 0.086546 0.984912 -0.149858
vn 0.187589 -0.688996 -0.700068
vn 0.044754 -0.984899 -0.167243
vn 0.011383 -0.985956 -0.166620
vn 0.046922 0.697422 -0.715123
vn 0.011384 0.985954 -0.166626
vn 0.044754 0.984899 -0.167243
vn 0.046919 -0.697482 -0.715065
vn 0.011383 -0.985956 -0.166620
vn 0.000000 -0.985664 -0.168721
vn 0.046922 0.697422 -0.715123
vn 0.064164 0.158811 -0.985222
vn 0.000000 0.160237 -0.987078
vn 0.999611 -0.027873 -0.000000
vn 0.877104 -0.446622 -0.176684
vn 0.980170 -0.004249 -0.198114
vn 0.869053 -0.000429 -0.494719
vn 0.877104 -0.446622 -0.176684
vn 0.785148 -0.428401 -0.447230
vn 0.707107 0.000000 -0.707107
vn 0.785148 -0.428401 -0.447230
vn 0.643031 -0.417343 -0.642134
vn 0.500005 0.000000 -0.866023
vn 0.643031 -0.417343 -0.642134
vn 0.454478 -0.418964 -0.786078
vn 0.258701 0.000000 -0.965958
vn 0.454478 -0.418964 -0.786078
vn 0.232539 -0.429018 -0.872851
vn 0.073117 -0.000585 -0.997323
vn 0.232539 -0.429018 -0.872851
vn 0.063193 -0.442855 -0.894364
vn 0.073117 -0.000585 -0.997323
vn 0.063193 -0.442855 -0.894364
vn 0.012650 -0.019725 -0.999726
vn 0.232539 -0.429018 -0.872851
vn 0.356404 -0.710000 -0.607352
vn 0.189465 -0.685038 -0.703439
vn 0.063193 -0.442855 -0.894364
vn 0.189465 -0.685038 -0.703439
vn 0.058286 -0.632059 -0.772725
vn 0.013917 -0.425238 -0.904975
vn 0.058286 -0.632059 -0.772725
vn 0.034891 -0.598411 -0.800429
vn 0.952149 -0.305636 -0.000000
vn 0.726141 -0.687546 -0.000000
vn 0.712531 -0.679047 -0.176622
vn 0.709419 -0.212237 -0.672071
vn 0.869645 -0.243268 -0.429579
vn 0.559115 -0.505550 -0.657122
vn 0.140193 -0.179335 -0.973748
vn 0.364558 -0.334308 -0.869100
vn 0.168049 -0.505883 -0.846075
vn 0.248915 -0.968525 0.000000
vn -0.010819 -0.999941 -0.000000
vn 0.013003 -0.990991 -0.133300
vn 0.217920 -0.734924 -0.642182
vn 0.027502 -0.924672 -0.379770
vn 0.029762 -0.779316 -0.625924
vn 0.168049 -0.505883 -0.846075
vn 0.217920 -0.734924 -0.642182
vn 0.039704 -0.510520 -0.858949
vn 0.039006 -0.179806 -0.982929
vn 0.140193 -0.179335 -0.973748
vn 0.039704 -0.510520 -0.858949
vn 0.165937 -0.139330 -0.976244
vn 0.039006 -0.179806 -0.982929
vn 0.052903 -0.137227 -0.989126
vn 0.957033 -0.289979 -0.000000
vn 0.952149 -0.305636 -0.000000
vn 0.937164 -0.288502 -0.196191
vn 0.932059 -0.282799 -0.226475
vn 0.937164 -0.288502 -0.196191
vn 0.832685 -0.241174 -0.498469
vn 0.417720 -0.126778 -0.899687
vn 0.165937 -0.139330 -0.976244
vn 0.414762 -0.156876 -0.896305
vn 0.957033 -0.289979 -0.000000
vn 0.932059 -0.282799 -0.226475
vn 0.842852 -0.538146 -0.000000
vn 0.820125 -0.526009 -0.225187
vn 0.932059 -0.282799 -0.226475
vn 0.719819 -0.521307 -0.458366
vn 0.719819 -0.521307 -0.458366
vn 0.676469 -0.198356 -0.709256
vn 0.577922 -0.489269 -0.653164
vn 0.577922 -0.489269 -0.653164
vn 0.676469 -0.198356 -0.709256
vn 0.363015 -0.429521 -0.826881
vn 0.363015 -0.429521 -0.826881
vn 0.165937 -0.139330 -0.976244
vn 0.126898 -0.332624 -0.934483
vn 0.126898 -0.332624 -0.934483
vn 0.165937 -0.139330 -0.976244
vn 0.049684 -0.303601 -0.951503
vn 0.712531 -0.679047 -0.176622
vn 0.247722 -0.953933 -0.169254
vn 0.670362 -0.617032 -0.412173
vn 0.726141 -0.687546 -0.000000
vn 0.247722 -0.953933 -0.169254
vn 0.712531 -0.679047 -0.176622
vn 0.820125 -0.526009 -0.225187
vn 0.667991 -0.744170 -0.000000
vn 0.842852 -0.538146 -0.000000
vn 0.454478 -0.418964 -0.786078
vn 0.643031 -0.417343 -0.642134
vn 0.356404 -0.710000 -0.607352
vn 0.643031 -0.417343 -0.642134
vn 0.785148 -0.428401 -0.447230
vn 0.487154 -0.731199 -0.477525
vn 0.719819 -0.521307 -0.458366
vn 0.573870 -0.753360 -0.321125
vn 0.631931 -0.759409 -0.154796
vn 0.073117 -0.000585 -0.997323
vn 0.012650 -0.019725 -0.999726
vn 0.017308 -0.009161 -0.999808
vn 0.012650 -0.019725 -0.999726
vn 0.013917 -0.425238 -0.904975
vn 0.000000 0.000000 -1.000000
vn 0.869053 -0.000429 -0.494719
vn 0.980170 -0.004249 -0.198114
vn 0.877104 -0.446622 -0.176684
vn 0.707107 0.000000 -0.707107
vn 0.869053 -0.000429 -0.494719
vn 0.785148 -0.428401 -0.447230
vn 0.500005 0.000000 -0.866023
vn 0.707107 0.000000 -0.707107
vn 0.643031 -0.417343 -0.642134
vn 0.258701 0.000000 -0.965958
vn 0.500005 0.000000 -0.866023
vn 0.454478 -0.418964 -0.786078
vn 0.073117 -0.000585 -0.997323
vn 0.258701 0.000000 -0.965958
vn 0.232539 -0.429018 -0.872851
vn 0.063193 -0.442855 -0.894364
vn 0.013917 -0.425238 -0.904975
vn 0.012650 -0.019725 -0.999726
vn 0.126898 -0.332624 -0.934483
vn 0.049684 -0.303601 -0.951503
vn 0.034891 -0.598411 -0.800429
vn 0.165937 -0.139330 -0.976244
vn 0.140193 -0.179335 -0.973748
vn 0.039006 -0.179806 -0.982929
vn 0.165937 -0.139330 -0.976244
vn 0.052903 -0.137227 -0.989126
vn 0.049684 -0.303601 -0.951503
vn 0.559115 -0.505550 -0.657122
vn 0.217920 -0.734924 -0.642182
vn 0.168049 -0.505883 -0.846075
vn 0.719819 -0.521307 -0.458366
vn 0.832685 -0.241174 -0.498469
vn 0.676469 -0.198356 -0.709256
vn 0.363015 -0.429521 -0.826881
vn 0.414762 -0.156876 -0.896305
vn 0.165937 -0.139330 -0.976244
vn 0.140193 -0.179335 -0.973748
vn 0.168049 -0.505883 -0.846075
vn 0.039704 -0.510520 -0.858949
vn 0.217920 -0.734924 -0.642182
vn 0.029762 -0.779316 -0.625924
vn 0.039704 -0.510520 -0.858949
vn 0.999611 -0.027873 -0.000000
vn 0.888839 -0.458220 -0.000000
vn 0.877104 -0.446622 -0.176684
vn 0.820125 -0.526009 -0.225187
vn 0.631931 -0.759409 -0.154796
vn 0.667991 -0.744170 -0.000000
vn 0.932059 -0.282799 -0.226475
vn 0.820125 -0.526009 -0.225187
vn 0.842852 -0.538146 -0.000000
vn 0.937164 -0.288502 -0.196191
vn 0.932059 -0.282799 -0.226475
vn 0.957033 -0.289979 -0.000000
vn 0.712531 -0.679047 -0.176622
vn 0.937164 -0.288502 -0.196191
vn 0.952149 -0.305636 -0.000000
vn 0.013003 -0.990991 -0.133300
vn 0.247722 -0.953933 -0.169254
vn 0.248915 -0.968525 0.000000
vn 0.726141 -0.687546 -0.000000
vn 0.248915 -0.968525 0.000000
vn 0.247722 -0.953933 -0.169254
vn 0.631931 -0.759409 -0.154796
vn 0.820125 -0.526009 -0.225187
vn 0.719819 -0.521307 -0.458366
vn 0.487154 -0.731199 -0.477525
vn 0.719819 -0.521307 -0.458366
vn 0.577922 -0.489269 -0.653164
vn 0.356404 -0.710000 -0.607352
vn 0.577922 -0.489269 -0.653164
vn 0.363015 -0.429521 -0.826881
vn 0.356404 -0.710000 -0.607352
vn 0.363015 -0.429521 -0.826881
vn 0.189465 -0.685038 -0.703439
vn 0.189465 -0.685038 -0.703439
vn 0.126898 -0.332624 -0.934483
vn 0.058286 -0.632059 -0.772725
vn 0.058286 -0.632059 -0.772725
vn 0.126898 -0.332624 -0.934483
vn 0.034891 -0.598411 -0.800429
vn 0.487154 -0.731199 -0.477525
vn 0.577922 -0.489269 -0.653164
vn 0.356404 -0.710000 -0.607352
vn 0.573870 -0.753360 -0.321125
vn 0.719819 -0.521307 -0.458366
vn 0.487154 -0.731199 -0.477525
vn 0.189465 -0.685038 -0.703439
vn 0.363015 -0.429521 -0.826881
vn 0.126898 -0.332624 -0.934483
vn 0.631931 -0.759409 -0.154796
vn 0.877104 -0.446622 -0.176684
vn 0.667991 -0.744170 -0.000000
vn 0.869645 -0.243268 -0.429579
vn 0.937164 -0.288502 -0.196191
vn 0.670362 -0.617032 -0.412173
vn 0.240627 -0.893280 -0.379671
vn 0.013003 -0.990991 -0.133300
vn 0.027502 -0.924672 -0.379770
vn 0.869645 -0.243268 -0.429579
vn 0.676469 -0.198356 -0.709256
vn 0.832685 -0.241174 -0.498469
vn 0.240627 -0.893280 -0.379671
vn 0.559115 -0.505550 -0.657122
vn 0.670362 -0.617032 -0.412173
vn 0.719819 -0.521307 -0.458366
vn 0.932059 -0.282799 -0.226475
vn 0.832685 -0.241174 -0.498469
vn 0.363015 -0.429521 -0.826881
vn 0.676469 -0.198356 -0.709256
vn 0.414762 -0.156876 -0.896305
vn 0.414762 -0.156876 -0.896305
vn 0.709419 -0.212237 -0.672071
vn 0.417720 -0.126778 -0.899687
vn 0.417720 -0.126778 -0.899687
vn 0.709419 -0.212237 -0.672071
vn 0.364558 -0.334308 -0.869100
vn 0.559115 -0.505550 -0.657122
vn 0.168049 -0.505883 -0.846075
vn 0.364558 -0.334308 -0.869100
vn 0.140193 -0.179335 -0.973748
vn 0.417720 -0.126778 -0.899687
vn 0.364558 -0.334308 -0.869100
vn 0.631931 -0.759409 -0.154796
vn 0.785148 -0.428401 -0.447230
vn 0.877104 -0.446622 -0.176684
vn 0.232539 -0.429018 -0.872851
vn 0.454478 -0.418964 -0.786078
vn 0.356404 -0.710000 -0.607352
vn 0.063193 -0.442855 -0.894364
vn 0.232539 -0.429018 -0.872851
vn 0.189465 -0.685038 -0.703439
vn 0.013917 -0.425238 -0.904975
vn 0.063193 -0.442855 -0.894364
vn 0.058286 -0.632059 -0.772725
vn 0.869645 -0.243268 -0.429579
vn 0.670362 -0.617032 -0.412173
vn 0.559115 -0.505550 -0.657122
vn 0.217920 -0.734924 -0.642182
vn 0.240627 -0.893280 -0.379671
vn 0.027502 -0.924672 -0.379770
vn 0.937164 -0.288502 -0.196191
vn 0.869645 -0.243268 -0.429579
vn 0.832685 -0.241174 -0.498469
vn 0.417720 -0.126778 -0.899687
vn 0.140193 -0.179335 -0.973748
vn 0.165937 -0.139330 -0.976244
vn 0.247722 -0.953933 -0.169254
vn 0.240627 -0.893280 -0.379671
vn 0.670362 -0.617032 -0.412173
vn 0.643031 -0.417343 -0.642134
vn 0.487154 -0.731199 -0.477525
vn 0.356404 -0.710000 -0.607352
vn 0.785148 -0.428401 -0.447230
vn 0.573870 -0.753360 -0.321125
vn 0.487154 -0.731199 -0.477525
vn 0.877104 -0.446622 -0.176684
vn 0.888839 -0.458220 -0.000000
vn 0.667991 -0.744170 -0.000000
vn 0.937164 -0.288502 -0.196191
vn 0.712531 -0.679047 -0.176622
vn 0.670362 -0.617032 -0.412173
vn 0.240627 -0.893280 -0.379671
vn 0.247722 -0.953933 -0.169254
vn 0.013003 -0.990991 -0.133300
vn 0.869645 -0.243268 -0.429579
vn 0.709419 -0.212237 -0.672071
vn 0.676469 -0.198356 -0.709256
vn 0.240627 -0.893280 -0.379671
vn 0.217920 -0.734924 -0.642182
vn 0.559115 -0.505550 -0.657122
vn 0.414762 -0.156876 -0.896305
vn 0.676469 -0.198356 -0.709256
vn 0.709419 -0.212237 -0.672071
vn 0.709419 -0.212237 -0.672071
vn 0.559115 -0.505550 -0.657122
vn 0.364558 -0.334308 -0.869100
vn 0.631931 -0.759409 -0.154796
vn 0.573870 -0.753360 -0.321125
vn 0.785148 -0.428401 -0.447230
vn 0.957738 0.287641 -0.000000
vn 0.783486 0.584047 -0.212225
vn 0.811452 0.584420 -0.000000
vn 0.923838 0.290585 -0.249165
vn 0.705467 0.579079 -0.408637
vn 0.783486 0.584047 -0.212225
vn 0.821791 0.307665 -0.479586
vn 0.571658 0.580624 -0.579727
vn 0.705467 0.579079 -0.408637
vn 0.665554 0.324278 -0.672221
vn 0.404488 0.593088 -0.696159
vn 0.571658 0.580624 -0.579727
vn 0.474438 0.352339 -0.806700
vn 0.213079 0.575072 -0.789867
vn 0.404488 0.593088 -0.696159
vn 0.244710 0.310634 -0.918490
vn 0.068730 0.588907 -0.805273
vn 0.213079 0.575072 -0.789867
vn 0.078616 0.304562 -0.949243
vn 0.475404 0.764934 -0.434588
vn 0.068730 0.588907 -0.805273
vn 0.811452 0.584420 -0.000000
vn 0.395528 0.912450 -0.104846
vn 0.406305 0.913738 -0.000000
vn 0.783486 0.584047 -0.212225
vn 0.367308 0.905131 -0.214061
vn 0.395528 0.912450 -0.104846
vn 0.705467 0.579079 -0.408637
vn 0.301423 0.904658 -0.301228
vn 0.367308 0.905131 -0.214061
vn 0.571658 0.580624 -0.579727
vn 0.215413 0.903596 -0.370287
vn 0.301423 0.904658 -0.301228
vn 0.404488 0.593088 -0.696159
vn 0.111804 0.903401 -0.413965
vn 0.215413 0.903596 -0.370287
vn 0.213079 0.575072 -0.789867
vn 0.028866 0.904153 -0.426232
vn 0.111804 0.903401 -0.413965
vn 0.068730 0.588907 -0.805273
vn 0.130640 0.976196 -0.173134
vn 0.028866 0.904153 -0.426232
vn 0.028866 0.904153 -0.426232
vn 0.091828 0.992544 -0.080152
vn 0.014853 0.971816 -0.235274
vn 0.111804 0.903401 -0.413965
vn 0.014853 0.971816 -0.235274
vn 0.059416 0.977163 -0.204017
vn 0.215413 0.903596 -0.370287
vn 0.059416 0.977163 -0.204017
vn 0.110797 0.975265 -0.191264
vn 0.301423 0.904658 -0.301228
vn 0.110797 0.975265 -0.191264
vn 0.160457 0.973733 -0.161548
vn 0.367308 0.905131 -0.214061
vn 0.160457 0.973733 -0.161548
vn 0.210288 0.969727 -0.124130
vn 0.395528 0.912450 -0.104846
vn 0.210288 0.969727 -0.124130
vn 0.222915 0.973139 -0.057532
vn 0.406305 0.913738 -0.000000
vn 0.222915 0.973139 -0.057532
vn 0.229930 0.973207 -0.000000
vn 0.950823 -0.170531 -0.258564
vn 0.977638 -0.210296 -0.000000
vn 0.660056 -0.731395 -0.171427
vn 0.849456 -0.191449 -0.491702
vn 0.950823 -0.170531 -0.258564
vn 0.580089 -0.744174 -0.331212
vn 0.690333 -0.211996 -0.691736
vn 0.849456 -0.191449 -0.491702
vn 0.464444 -0.754477 -0.463742
vn 0.480135 -0.211687 -0.851269
vn 0.690333 -0.211996 -0.691736
vn 0.327392 -0.750374 -0.574242
vn 0.267277 -0.263223 -0.926972
vn 0.480135 -0.211687 -0.851269
vn 0.178072 -0.774894 -0.606490
vn 0.375334 -0.260397 -0.889560
vn 0.267277 -0.263223 -0.926972
vn 0.200205 -0.833684 -0.514674
vn 0.815683 -0.260738 -0.516408
vn 0.375334 -0.260397 -0.889560
vn 0.407298 -0.880365 -0.243034
vn 0.660056 -0.731395 -0.171427
vn 0.026977 -0.999599 -0.008557
vn 0.001637 -0.999998 -0.001092
vn 0.580089 -0.744174 -0.331212
vn 0.001637 -0.999998 -0.001092
vn 0.000000 -1.000000 -0.000000
vn 0.464444 -0.754477 -0.463742
vn 0.000000 -1.000000 -0.000000
vn 0.000000 -1.000000 -0.000000
vn 0.327392 -0.750374 -0.574242
vn 0.000000 -1.000000 -0.000000
vn 0.000000 -1.000000 -0.000000
vn 0.178072 -0.774894 -0.606490
vn 0.000000 -1.000000 -0.000000
vn 0.000000 -1.000000 -0.000000
vn 0.200205 -0.833684 -0.514674
vn 0.000000 -1.000000 -0.000000
vn 0.515705 -0.856682 0.012007
vn 0.815683 -0.260738 -0.516408
vn 0.660682 -0.739205 -0.130673
vn 0.976483 -0.180966 -0.117187
vn 0.515705 -0.856682 0.012007
vn 0.519417 -0.851550 -0.071187
vn 0.660682 -0.739205 -0.130673
vn 0.480742 -0.870493 -0.105493
vn 0.179508 -0.983755 0.001793
vn 0.172096 -0.975388 -0.137849
vn 0.976483 -0.180966 -0.117187
vn 0.765522 -0.562594 -0.312193
vn 0.982591 -0.134926 -0.127714
vn 0.480742 -0.870493 -0.105493
vn 0.172096 -0.975388 -0.137849
vn 0.354642 -0.815284 -0.457757
vn 0.982591 -0.134926 -0.127714
vn 0.809175 -0.082025 -0.581814
vn 0.982620 -0.030681 -0.183074
vn 0.982620 -0.030681 -0.183074
vn 0.810570 0.072515 -0.581134
vn 0.984590 0.020116 -0.173718
vn 0.809175 -0.082025 -0.581814
vn 0.333061 0.127712 -0.934216
vn 0.810570 0.072515 -0.581134
vn 0.339201 -0.126932 -0.932111
vn 0.115993 0.125836 -0.985247
vn 0.333061 0.127712 -0.934216
vn 0.783779 0.297457 -0.545170
vn 0.791284 0.539322 -0.288101
vn 0.986972 0.119761 -0.107441
vn 0.334810 0.489038 -0.805447
vn 0.335728 0.831806 -0.442024
vn 0.783779 0.297457 -0.545170
vn 0.333061 0.127712 -0.934216
vn 0.156091 0.513089 -0.844023
vn 0.334810 0.489038 -0.805447
vn 0.986972 0.119761 -0.107441
vn 0.815370 0.575170 -0.065961
vn 0.981417 0.189539 -0.029940
vn 0.335728 0.831806 -0.442024
vn 0.815370 0.575170 -0.065961
vn 0.791284 0.539322 -0.288101
vn 0.981417 0.189539 -0.029940
vn 0.475404 0.764934 -0.434588
vn 0.667814 0.304317 -0.679276
vn 0.815370 0.575170 -0.065961
vn 0.130640 0.976196 -0.173134
vn 0.475404 0.764934 -0.434588
vn 0.340659 0.933738 -0.109934
vn 0.091828 0.992544 -0.080152
vn 0.130640 0.976196 -0.173134
vn 0.652664 -0.757647 -0.000000
vn 0.026977 -0.999599 -0.008557
vn 0.660056 -0.731395 -0.171427
vn 0.957738 0.287641 -0.000000
vn 0.923838 0.290585 -0.249165
vn 0.783486 0.584047 -0.212225
vn 0.923838 0.290585 -0.249165
vn 0.821791 0.307665 -0.479586
vn 0.705467 0.579079 -0.408637
vn 0.821791 0.307665 -0.479586
vn 0.665554 0.324278 -0.672221
vn 0.571658 0.580624 -0.579727
vn 0.665554 0.324278 -0.672221
vn 0.474438 0.352339 -0.806700
vn 0.404488 0.593088 -0.696159
vn 0.474438 0.352339 -0.806700
vn 0.244710 0.310634 -0.918490
vn 0.213079 0.575072 -0.789867
vn 0.244710 0.310634 -0.918490
vn 0.078616 0.304562 -0.949243
vn 0.068730 0.588907 -0.805273
vn 0.078616 0.304562 -0.949243
vn 0.667814 0.304317 -0.679276
vn 0.475404 0.764934 -0.434588
vn 0.977638 -0.210296 -0.000000
vn 0.652664 -0.757647 -0.000000
vn 0.660056 -0.731395 -0.171427
vn 0.950823 -0.170531 -0.258564
vn 0.660056 -0.731395 -0.171427
vn 0.580089 -0.744174 -0.331212
vn 0.849456 -0.191449 -0.491702
vn 0.580089 -0.744174 -0.331212
vn 0.464444 -0.754477 -0.463742
vn 0.690333 -0.211996 -0.691736
vn 0.464444 -0.754477 -0.463742
vn 0.327392 -0.750374 -0.574242
vn 0.480135 -0.211687 -0.851269
vn 0.327392 -0.750374 -0.574242
vn 0.178072 -0.774894 -0.606490
vn 0.267277 -0.263223 -0.926972
vn 0.178072 -0.774894 -0.606490
vn 0.200205 -0.833684 -0.514674
vn 0.375334 -0.260397 -0.889560
vn 0.200205 -0.833684 -0.514674
vn 0.407298 -0.880365 -0.243034
vn 0.001637 -0.999998 -0.001092
vn 0.580089 -0.744174 -0.331212
vn 0.660056 -0.731395 -0.171427
vn 0.000000 -1.000000 -0.000000
vn 0.464444 -0.754477 -0.463742
vn 0.580089 -0.744174 -0.331212
vn 0.000000 -1.000000 -0.000000
vn 0.327392 -0.750374 -0.574242
vn 0.464444 -0.754477 -0.463742
vn 0.000000 -1.000000 -0.000000
vn 0.178072 -0.774894 -0.606490
vn 0.327392 -0.750374 -0.574242
vn 0.000000 -1.000000 -0.000000
vn 0.200205 -0.833684 -0.514674
vn 0.178072 -0.774894 -0.606490
vn 0.515705 -0.856682 0.012007
vn 0.407298 -0.880365 -0.243034
vn 0.200205 -0.833684 -0.514674
vn 0.815683 -0.260738 -0.516408
vn 0.407298 -0.880365 -0.243034
vn 0.660682 -0.739205 -0.130673
vn 0.480742 -0.870493 -0.105493
vn 0.589797 -0.807525 0.006549
vn 0.179508 -0.983755 0.001793
vn 0.982620 -0.030681 -0.183074
vn 0.809175 -0.082025 -0.581814
vn 0.810570 0.072515 -0.581134
vn 0.339201 -0.126932 -0.932111
vn 0.145560 -0.129985 -0.980773
vn 0.115993 0.125836 -0.985247
vn 0.986972 0.119761 -0.107441
vn 0.791284 0.539322 -0.288101
vn 0.815370 0.575170 -0.065961
vn 0.981417 0.189539 -0.029940
vn 0.815370 0.575170 -0.065961
vn 0.475404 0.764934 -0.434588
vn 0.340659 0.933738 -0.109934
vn 0.147528 0.982717 -0.111816
vn 0.091828 0.992544 -0.080152
vn 0.652664 -0.757647 -0.000000
vn 0.000000 -1.000000 -0.000000
vn 0.026977 -0.999599 -0.008557
vn 0.000000 1.000000 0.000000
vn 0.000000 1.000000 0.000000
vn 0.000000 1.000000 0.000000
vn 0.000000 1.000000 0.000000
vn 0.000000 1.000000 0.000000
vn 0.000000 1.000000 0.000000
vn 0.000000 1.000000 0.000000
vn 0.000000 1.000000 0.000000
vn 0.000000 1.000000 0.000000
vn 0.000000 1.000000 0.000000
vn 0.000000 1.000000 0.000000
vn 0.000000 1.000000 0.000000
vn 0.000000 1.000000 0.000000
vn 0.000000 1.000000 0.000000
vn 0.000000 1.000000 0.000000
vn 0.000000 1.000000 0.000000
vn 0.000000 1.000000 0.000000
vn 0.000000 1.000000 0.000000
vn 0.000000 1.000000 0.000000
vn 0.000000 1.000000 0.000000
vn 0.000000 1.000000 0.000000
vn 0.164587 0.871665 -0.461639
vn 0.147528 0.982717 -0.111816
vn 0.335728 0.831806 -0.442024
vn 0.156091 0.513089 -0.844023
vn 0.335728 0.831806 -0.442024
vn 0.334810 0.489038 -0.805447
vn 0.986972 0.119761 -0.107441
vn 0.984590 0.020116 -0.173718
vn 0.783779 0.297457 -0.545170
vn 0.783779 0.297457 -0.545170
vn 0.810570 0.072515 -0.581134
vn 0.334810 0.489038 -0.805447
vn 0.354642 -0.815284 -0.457757
vn 0.790087 -0.299049 -0.535100
vn 0.765522 -0.562594 -0.312193
vn 0.162487 -0.844127 -0.510928
vn 0.336839 -0.466818 -0.817692
vn 0.354642 -0.815284 -0.457757
vn 0.336839 -0.466818 -0.817692
vn 0.809175 -0.082025 -0.581814
vn 0.790087 -0.299049 -0.535100
vn 0.162952 -0.496147 -0.852810
vn 0.339201 -0.126932 -0.932111
vn 0.336839 -0.466818 -0.817692
vn 0.765522 -0.562594 -0.312193
vn 0.790087 -0.299049 -0.535100
vn 0.982591 -0.134926 -0.127714
vn 0.028866 0.904153 -0.426232
vn 0.130640 0.976196 -0.173134
vn 0.091828 0.992544 -0.080152
vn 0.111804 0.903401 -0.413965
vn 0.028866 0.904153 -0.426232
vn 0.014853 0.971816 -0.235274
vn 0.215413 0.903596 -0.370287
vn 0.111804 0.903401 -0.413965
vn 0.059416 0.977163 -0.204017
vn 0.301423 0.904658 -0.301228
vn 0.215413 0.903596 -0.370287
vn 0.110797 0.975265 -0.191264
vn 0.367308 0.905131 -0.214061
vn 0.301423 0.904658 -0.301228
vn 0.160457 0.973733 -0.161548
vn 0.395528 0.912450 -0.104846
vn 0.367308 0.905131 -0.214061
vn 0.210288 0.969727 -0.124130
vn 0.406305 0.913738 -0.000000
vn 0.395528 0.912450 -0.104846
vn 0.222915 0.973139 -0.057532
vn 0.976483 -0.180966 -0.117187
vn 0.660682 -0.739205 -0.130673
vn 0.765522 -0.562594 -0.312193
vn 0.765522 -0.562594 -0.312193
vn 0.660682 -0.739205 -0.130673
vn 0.519417 -0.851550 -0.071187
vn 0.172096 -0.975388 -0.137849
vn 0.162487 -0.844127 -0.510928
vn 0.354642 -0.815284 -0.457757
vn 0.982591 -0.134926 -0.127714
vn 0.790087 -0.299049 -0.535100
vn 0.809175 -0.082025 -0.581814
vn 0.333061 0.127712 -0.934216
vn 0.115993 0.125836 -0.985247
vn 0.156091 0.513089 -0.844023
vn 0.147528 0.982717 -0.111816
vn 0.340659 0.933738 -0.109934
vn 0.335728 0.831806 -0.442024
vn 0.156091 0.513089 -0.844023
vn 0.164587 0.871665 -0.461639
vn 0.335728 0.831806 -0.442024
vn 0.984590 0.020116 -0.173718
vn 0.810570 0.072515 -0.581134
vn 0.783779 0.297457 -0.545170
vn 0.162487 -0.844127 -0.510928
vn 0.162952 -0.496147 -0.852810
vn 0.336839 -0.466818 -0.817692
vn 0.162952 -0.496147 -0.852810
vn 0.145560 -0.129985 -0.980773
vn 0.339201 -0.126932 -0.932111
vn 0.660682 -0.739205 -0.130673
vn 0.407298 -0.880365 -0.243034
vn 0.515705 -0.856682 0.012007
vn 0.515705 -0.856682 0.012007
vn 0.589797 -0.807525 0.006549
vn 0.480742 -0.870493 -0.105493
vn 0.811452 0.584420 -0.000000
vn 0.783486 0.584047 -0.212225
vn 0.395528 0.912450 -0.104846
vn 0.783486 0.584047 -0.212225
vn 0.705467 0.579079 -0.408637
vn 0.367308 0.905131 -0.214061
vn 0.705467 0.579079 -0.408637
vn 0.571658 0.580624 -0.579727
vn 0.301423 0.904658 -0.301228
vn 0.571658 0.580624 -0.579727
vn 0.404488 0.593088 -0.696159
vn 0.215413 0.903596 -0.370287
vn 0.404488 0.593088 -0.696159
vn 0.213079 0.575072 -0.789867
vn 0.111804 0.903401 -0.413965
vn 0.213079 0.575072 -0.789867
vn 0.068730 0.588907 -0.805273
vn 0.028866 0.904153 -0.426232
vn 0.068730 0.588907 -0.805273
vn 0.475404 0.764934 -0.434588
vn 0.130640 0.976196 -0.173134
vn 0.809175 -0.082025 -0.581814
vn 0.339201 -0.126932 -0.932111
vn 0.333061 0.127712 -0.934216
vn 0.335728 0.831806 -0.442024
vn 0.791284 0.539322 -0.288101
vn 0.783779 0.297457 -0.545170
vn 0.335728 0.831806 -0.442024
vn 0.340659 0.933738 -0.109934
vn 0.815370 0.575170 -0.065961
vn 0.815370 0.575170 -0.065961
vn 0.340659 0.933738 -0.109934
vn 0.130640 0.976196 -0.173134
vn 0.810570 0.072515 -0.581134
vn 0.333061 0.127712 -0.934216
vn 0.334810 0.489038 -0.805447
vn 0.354642 -0.815284 -0.457757
vn 0.336839 -0.466818 -0.817692
vn 0.790087 -0.299049 -0.535100
vn 0.336839 -0.466818 -0.817692
vn 0.339201 -0.126932 -0.932111
vn 0.809175 -0.082025 -0.581814
vn 0.515705 -0.856682 0.012007
vn 0.480742 -0.870493 -0.105493
vn 0.519417 -0.851550 -0.071187
vn 0.519417 -0.851550 -0.071187
vn 0.354642 -0.815284 -0.457757
vn 0.765522 -0.562594 -0.312193
vn 0.519417 -0.851550 -0.071187
vn 0.480742 -0.870493 -0.105493
vn 0.354642 -0.815284 -0.457757
vn 0.987419 -0.158124 -0.000000
vn 0.987419 0.158124 -0.000000
vn 0.953769 0.158130 0.255577
vn 0.953769 -0.158130 0.255577
vn 0.953769 0.158130 0.255577
vn 0.855144 0.158117 0.493688
vn 0.855144 -0.158117 0.493688
vn 0.855144 0.158117 0.493688
vn 0.698173 0.158112 0.698251
vn 0.698173 -0.158112 0.698251
vn 0.698173 0.158112 0.698251
vn 0.493688 0.158117 0.855144
vn 0.493688 -0.158117 0.855144
vn 0.493688 0.158117 0.855144
vn 0.255540 0.158119 0.953781
vn 0.255540 -0.158119 0.953781
vn 0.255540 0.158119 0.953781
vn 0.064183 0.158811 0.985221
vn 0.167242 -0.984898 0.044793
vn 0.000000 -1.000000 -0.000000
vn 0.173091 -0.984906 -0.000000
vn 0.173091 0.984906 -0.000000
vn 0.000000 1.000000 0.000000
vn 0.167242 0.984898 0.044793
vn 0.149934 -0.984901 0.086545
vn 0.000000 -1.000000 -0.000000
vn 0.167242 -0.984898 0.044793
vn 0.167242 0.984898 0.044793
vn 0.000000 1.000000 0.000000
vn 0.149934 0.984901 0.086545
vn 0.122411 -0.984902 0.122411
vn 0.000000 -1.000000 -0.000000
vn 0.149934 -0.984901 0.086545
vn 0.149934 0.984901 0.086545
vn 0.000000 1.000000 0.000000
vn 0.122411 0.984902 0.122411
vn 0.086546 -0.984912 0.149858
vn 0.000000 -1.000000 -0.000000
vn 0.122411 -0.984902 0.122411
vn 0.122411 0.984902 0.122411
vn 0.000000 1.000000 0.000000
vn 0.086546 0.984912 0.149858
vn 0.044754 -0.984899 0.167243
vn 0.000000 -1.000000 -0.000000
vn 0.086546 -0.984912 0.149858
vn 0.086546 0.984912 0.149858
vn 0.000000 1.000000 0.000000
vn 0.044754 0.984899 0.167243
vn 0.011383 -0.985956 0.166620
vn 0.000000 -1.000000 -0.000000
vn 0.044754 -0.984899 0.167243
vn 0.044754 0.984899 0.167243
vn 0.000000 1.000000 0.000000
vn 0.011384 0.985954 0.166626
vn 0.064183 0.158811 0.985221
vn 0.000000 0.160237 0.987078
vn 0.000000 -0.159959 0.987124
vn 0.011383 -0.985956 0.166620
vn 0.000000 -0.985664 0.168721
vn 0.000000 -1.000000 -0.000000
vn 0.000000 1.000000 0.000000
vn 0.000000 1.000000 0.000000
vn 0.011384 0.985954 0.166626
vn 0.987419 -0.158124 -0.000000
vn 0.953769 -0.158130 0.255577
vn 0.700028 -0.689034 0.187599
vn 0.953769 0.158130 0.255577
vn 0.987419 0.158124 -0.000000
vn 0.724813 0.688946 -0.000000
vn 0.953769 -0.158130 0.255577
vn 0.855144 -0.158117 0.493688
vn 0.627645 -0.689006 0.362397
vn 0.855144 0.158117 0.493688
vn 0.953769 0.158130 0.255577
vn 0.700065 0.688993 0.187609
vn 0.855144 -0.158117 0.493688
vn 0.698173 -0.158112 0.698251
vn 0.512483 -0.689002 0.512483
vn 0.698173 0.158112 0.698251
vn 0.855144 0.158117 0.493688
vn 0.627679 0.688965 0.362416
vn 0.698173 -0.158112 0.698251
vn 0.493688 -0.158117 0.855144
vn 0.362397 -0.689006 0.627645
vn 0.493688 0.158117 0.855144
vn 0.698173 0.158112 0.698251
vn 0.512510 0.688961 0.512510
vn 0.493688 -0.158117 0.855144
vn 0.255540 -0.158119 0.953781
vn 0.187589 -0.688996 0.700068
vn 0.255540 0.158119 0.953781
vn 0.493688 0.158117 0.855144
vn 0.362416 0.688965 0.627679
vn 0.255540 -0.158119 0.953781
vn 0.064183 -0.158849 0.985214
vn 0.046938 -0.697482 0.715064
vn 0.064183 0.158811 0.985221
vn 0.255540 0.158119 0.953781
vn 0.187599 0.688955 0.700105
vn 0.064183 -0.158849 0.985214
vn 0.000000 -0.159959 0.987124
vn 0.046938 -0.697482 0.715064
vn 0.011384 0.985954 0.166626
vn 0.000000 0.987081 0.160225
vn 0.046942 0.697422 0.715122
vn 0.724774 -0.688987 -0.000000
vn 0.700028 -0.689034 0.187599
vn 0.167242 -0.984898 0.044793
vn 0.700065 0.688993 0.187609
vn 0.724813 0.688946 -0.000000
vn 0.173091 0.984906 -0.000000
vn 0.700028 -0.689034 0.187599
vn 0.627645 -0.689006 0.362397
vn 0.149934 -0.984901 0.086545
vn 0.627679 0.688965 0.362416
vn 0.700065 0.688993 0.187609
vn 0.167242 0.984898 0.044793
vn 0.627645 -0.689006 0.362397
vn 0.512483 -0.689002 0.512483
vn 0.122411 -0.984902 0.122411
vn 0.512510 0.688961 0.512510
vn 0.627679 0.688965 0.362416
vn 0.149934 0.984901 0.086545
vn 0.512483 -0.689002 0.512483
vn 0.362397 -0.689006 0.627645
vn 0.086546 -0.984912 0.149858
vn 0.362416 0.688965 0.627679
vn 0.512510 0.688961 0.512510
vn 0.122411 0.984902 0.122411
vn 0.362397 -0.689006 0.627645
vn 0.187589 -0.688996 0.700068
vn 0.044754 -0.984899 0.167243
vn 0.187599 0.688955 0.700105
vn 0.362416 0.688965 0.627679
vn 0.086546 0.984912 0.149858
vn 0.187589 -0.688996 0.700068
vn 0.046938 -0.697482 0.715064
vn 0.011383 -0.985956 0.166620
vn 0.046942 0.697422 0.715122
vn 0.187599 0.688955 0.700105
vn 0.044754 0.984899 0.167243
vn 0.046938 -0.697482 0.715064
vn 0.000000 -0.706092 0.708120
vn 0.000000 -0.985664 0.168721
vn 0.046942 0.697422 0.715122
vn 0.000000 0.707068 0.707146
vn 0.000000 0.160237 0.987078
vn 0.987419 -0.158124 -0.000000
vn 0.953769 0.158130 0.255577
vn 0.953769 -0.158130 0.255577
vn 0.953769 -0.158130 0.255577
vn 0.855144 0.158117 0.493688
vn 0.855144 -0.158117 0.493688
vn 0.855144 -0.158117 0.493688
vn 0.698173 0.158112 0.698251
vn 0.698173 -0.158112 0.698251
vn 0.698173 -0.158112 0.698251
vn 0.493688 0.158117 0.855144
vn 0.493688 -0.158117 0.855144
vn 0.493688 -0.158117 0.855144
vn 0.255540 0.158119 0.953781
vn 0.255540 -0.158119 0.953781
vn 0.255540 -0.158119 0.953781
vn 0.064183 0.158811 0.985221
vn 0.064183 -0.158849 0.985214
vn 0.173091 -0.984906 -0.000000
vn 0.000000 -1.000000 -0.000000
vn 0.000000 -1.000000 -0.000000
vn 0.167242 0.984898 0.044793
vn 0.000000 1.000000 0.000000
vn 0.000000 1.000000 0.000000
vn 0.167242 -0.984898 0.044793
vn 0.000000 -1.000000 -0.000000
vn 0.000000 -1.000000 -0.000000
vn 0.149934 0.984901 0.086545
vn 0.000000 1.000000 0.000000
vn 0.000000 1.000000 0.000000
vn 0.149934 -0.984901 0.086545
vn 0.000000 -1.000000 -0.000000
vn 0.000000 -1.000000 -0.000000
vn 0.122411 0.984902 0.122411
vn 0.000000 1.000000 0.000000
vn 0.000000 1.000000 0.000000
vn 0.122411 -0.984902 0.122411
vn 0.000000 -1.000000 -0.000000
vn 0.000000 -1.000000 -0.000000
vn 0.086546 0.984912 0.149858
vn 0.000000 1.000000 0.000000
vn 0.000000 1.000000 0.000000
vn 0.086546 -0.984912 0.149858
vn 0.000000 -1.000000 -0.000000
vn 0.000000 -1.000000 -0.000000
vn 0.044754 0.984899 0.167243
vn 0.000000 1.000000 0.000000
vn 0.000000 1.000000 0.000000
vn 0.044754 -0.984899 0.167243
vn 0.000000 -1.000000 -0.000000
vn 0.000000 -1.000000 -0.000000
vn 0.011384 0.985954 0.166626
vn 0.000000 1.000000 0.000000
vn 0.000000 1.000000 0.000000
vn 0.064183 0.158811 0.985221
vn 0.000000 -0.159959 0.987124
vn 0.064183 -0.158849 0.985214
vn 0.000000 -1.000000 -0.000000
vn 0.000000 -0.985664 0.168721
vn 0.000000 -1.000000 -0.000000
vn 0.011384 0.985954 0.166626
vn 0.000000 1.000000 0.000000
vn 0.000000 0.987081 0.160225
vn 0.987419 -0.158124 -0.000000
vn 0.700028 -0.689034 0.187599
vn 0.724774 -0.688987 -0.000000
vn 0.953769 0.158130 0.255577
vn 0.724813 0.688946 -0.000000
vn 0.700065 0.688993 0.187609
vn 0.953769 -0.158130 0.255577
vn 0.627645 -0.689006 0.362397
vn 0.700028 -0.689034 0.187599
vn 0.855144 0.158117 0.493688
vn 0.700065 0.688993 0.187609
vn 0.627679 0.688965 0.362416
vn 0.855144 -0.158117 0.493688
vn 0.512483 -0.689002 0.512483
vn 0.627645 -0.689006 0.362397
vn 0.698173 0.158112 0.698251
vn 0.627679 0.688965 0.362416
vn 0.512510 0.688961 0.512510
vn 0.698173 -0.158112 0.698251
vn 0.362397 -0.689006 0.627645
vn 0.512483 -0.689002 0.512483
vn 0.493688 0.158117 0.855144
vn 0.512510 0.688961 0.512510
vn 0.362416 0.688965 0.627679
vn 0.493688 -0.158117 0.855144
vn 0.187589 -0.688996 0.700068
vn 0.362397 -0.689006 0.627645
vn 0.255540 0.158119 0.953781
vn 0.362416 0.688965 0.627679
vn 0.187599 0.688955 0.700105
vn 0.255540 -0.158119 0.953781
vn 0.046938 -0.697482 0.715064
vn 0.187589 -0.688996 0.700068
vn 0.064183 0.158811 0.985221
vn 0.187599 0.688955 0.700105
vn 0.046942 0.697422 0.715122
vn 0.046938 -0.697482 0.715064
vn 0.000000 -0.159959 0.987124
vn 0.000000 -0.706092 0.708120
vn 0.046942 0.697422 0.715122
vn 0.000000 0.987081 0.160225
vn 0.000000 0.707068 0.707146
vn 0.724774 -0.688987 -0.000000
vn 0.167242 -0.984898 0.044793
vn 0.173091 -0.984906 -0.000000
vn 0.700065 0.688993 0.187609
vn 0.173091 0.984906 -0.000000
vn 0.167242 0.984898 0.044793
vn 0.700028 -0.689034 0.187599
vn 0.149934 -0.984901 0.086545
vn 0.167242 -0.984898 0.044793
vn 0.627679 0.688965 0.362416
vn 0.167242 0.984898 0.044793
vn 0.149934 0.984901 0.086545
vn 0.627645 -0.689006 0.362397
vn 0.122411 -0.984902 0.122411
vn 0.149934 -0.984901 0.086545
vn 0.512510 0.688961 0.512510
vn 0.149934 0.984901 0.086545
vn 0.122411 0.984902 0.122411
vn 0.512483 -0.689002 0.512483
vn 0.086546 -0.984912 0.149858
vn 0.122411 -0.984902 0.122411
vn 0.362416 0.688965 0.627679
vn 0.122411 0.984902 0.122411
vn 0.086546 0.984912 0.149858
vn 0.362397 -0.689006 0.627645
vn 0.044754 -0.984899 0.167243
vn 0.086546 -0.984912 0.149858
vn 0.187599 0.688955 0.700105
vn 0.086546 0.984912 0.149858
vn 0.044754 0.984899 0.167243
vn 0.187589 -0.688996 0.700068
vn 0.011383 -0.985956 0.166620
vn 0.044754 -0.984899 0.167243
vn 0.046942 0.697422 0.715122
vn 0.044754 0.984899 0.167243
vn 0.011384 0.985954 0.166626
vn 0.046938 -0.697482 0.715064
vn 0.000000 -0.985664 0.168721
vn 0.011383 -0.985956 0.166620
vn 0.046942 0.697422 0.715122
vn 0.000000 0.160237 0.987078
vn 0.064183 0.158811 0.985221
vn 0.999611 -0.027873 -0.000000
vn 0.980170 -0.004249 0.198114
vn 0.877104 -0.446622 0.176684
vn 0.869053 -0.000429 0.494719
vn 0.785148 -0.428401 0.447230
vn 0.877104 -0.446622 0.176684
vn 0.707107 -0.000000 0.707107
vn 0.643031 -0.417343 0.642134
vn 0.785148 -0.428401 0.447230
vn 0.500005 -0.000000 0.866023
vn 0.454478 -0.418964 0.786078
vn 0.643031 -0.417343 0.642134
vn 0.258701 -0.000000 0.965958
vn 0.232539 -0.429018 0.872851
vn 0.454478 -0.418964 0.786078
vn 0.073136 -0.000585 0.997322
vn 0.063173 -0.442855 0.894365
vn 0.232539 -0.429018 0.872851
vn 0.073136 -0.000585 0.997322
vn 0.012650 -0.019725 0.999726
vn 0.063173 -0.442855 0.894365
vn 0.232539 -0.429018 0.872851
vn 0.189465 -0.685038 0.703439
vn 0.356404 -0.710000 0.607352
vn 0.063173 -0.442855 0.894365
vn 0.058286 -0.632059 0.772725
vn 0.189465 -0.685038 0.703439
vn 0.013917 -0.425238 0.904975
vn 0.034893 -0.598449 0.800401
vn 0.058286 -0.632059 0.772725
vn 0.952149 -0.305636 -0.000000
vn 0.712531 -0.679047 0.176622
vn 0.726141 -0.687546 -0.000000
vn 0.709419 -0.212237 0.672071
vn 0.559142 -0.505539 0.657108
vn 0.869654 -0.243260 0.429564
vn 0.140174 -0.179335 0.973751
vn 0.168049 -0.505883 0.846075
vn 0.364592 -0.334304 0.869088
vn 0.248915 -0.968525 0.000000
vn 0.013003 -0.990991 0.133300
vn -0.010819 -0.999941 -0.000000
vn 0.217920 -0.734924 0.642182
vn 0.029763 -0.779335 0.625900
vn 0.027502 -0.924665 0.379787
vn 0.168049 -0.505883 0.846075
vn 0.039704 -0.510520 0.858949
vn 0.217920 -0.734924 0.642182
vn 0.039005 -0.179799 0.982930
vn 0.039704 -0.510520 0.858949
vn 0.140174 -0.179335 0.973751
vn 0.165918 -0.139330 0.976247
vn 0.052901 -0.137222 0.989127
vn 0.039005 -0.179799 0.982930
vn 0.957033 -0.289979 -0.000000
vn 0.937164 -0.288502 0.196191
vn 0.952149 -0.305636 -0.000000
vn 0.932059 -0.282799 0.226475
vn 0.832685 -0.241174 0.498469
vn 0.937164 -0.288502 0.196191
vn 0.417720 -0.126778 0.899687
vn 0.414762 -0.156876 0.896305
vn 0.165918 -0.139330 0.976247
vn 0.957033 -0.289979 -0.000000
vn 0.842852 -0.538146 -0.000000
vn 0.932059 -0.282799 0.226475
vn 0.820125 -0.526009 0.225187
vn 0.719819 -0.521307 0.458366
vn 0.932059 -0.282799 0.226475
vn 0.719819 -0.521307 0.458366
vn 0.577922 -0.489269 0.653164
vn 0.676469 -0.198356 0.709256
vn 0.577922 -0.489269 0.653164
vn 0.363015 -0.429521 0.826881
vn 0.676469 -0.198356 0.709256
vn 0.363015 -0.429521 0.826881
vn 0.126917 -0.332624 0.934480
vn 0.165918 -0.139330 0.976247
vn 0.126917 -0.332624 0.934480
vn 0.049688 -0.303624 0.951496
vn 0.165918 -0.139330 0.976247
vn 0.712531 -0.679047 0.176622
vn 0.670362 -0.617032 0.412173
vn 0.247722 -0.953933 0.169254
vn 0.726141 -0.687546 -0.000000
vn 0.712531 -0.679047 0.176622
vn 0.247722 -0.953933 0.169254
vn 0.820125 -0.526009 0.225187
vn 0.842852 -0.538146 -0.000000
vn 0.667991 -0.744170 -0.000000
vn 0.454478 -0.418964 0.786078
vn 0.356404 -0.710000 0.607352
vn 0.643031 -0.417343 0.642134
vn 0.643031 -0.417343 0.642134
vn 0.487154 -0.731199 0.477525
vn 0.785148 -0.428401 0.447230
vn 0.719819 -0.521307 0.458366
vn 0.631931 -0.759409 0.154796
vn 0.573870 -0.753360 0.321125
vn 0.073136 -0.000585 0.997322
vn 0.017308 -0.009161 0.999808
vn 0.012650 -0.019725 0.999726
vn 0.012650 -0.019725 0.999726
vn 0.000000 -0.000000 1.000000
vn 0.013917 -0.425238 0.904975
vn 0.869053 -0.000429 0.494719
vn 0.877104 -0.446622 0.176684
vn 0.980170 -0.004249 0.198114
vn 0.707107 -0.000000 0.707107
vn 0.785148 -0.428401 0.447230
vn 0.869053 -0.000429 0.494719
vn 0.500005 -0.000000 0.866023
vn 0.643031 -0.417343 0.642134
vn 0.707107 -0.000000 0.707107
vn 0.258701 -0.000000 0.965958
vn 0.454478 -0.418964 0.786078
vn 0.500005 -0.000000 0.866023
vn 0.073136 -0.000585 0.997322
vn 0.232539 -0.429018 0.872851
vn 0.258701 -0.000000 0.965958
vn 0.063173 -0.442855 0.894365
vn 0.012650 -0.019725 0.999726
vn 0.013917 -0.425238 0.904975
vn 0.126917 -0.332624 0.934480
vn 0.034893 -0.598449 0.800401
vn 0.049688 -0.303624 0.951496
vn 0.165918 -0.139330 0.976247
vn 0.039005 -0.179799 0.982930
vn 0.140174 -0.179335 0.973751
vn 0.165918 -0.139330 0.976247
vn 0.049688 -0.303624 0.951496
vn 0.052901 -0.137222 0.989127
vn 0.559142 -0.505539 0.657108
vn 0.168049 -0.505883 0.846075
vn 0.217920 -0.734924 0.642182
vn 0.719819 -0.521307 0.458366
vn 0.676469 -0.198356 0.709256
vn 0.832685 -0.241174 0.498469
vn 0.363015 -0.429521 0.826881
vn 0.165918 -0.139330 0.976247
vn 0.414762 -0.156876 0.896305
vn 0.140174 -0.179335 0.973751
vn 0.039704 -0.510520 0.858949
vn 0.168049 -0.505883 0.846075
vn 0.217920 -0.734924 0.642182
vn 0.039704 -0.510520 0.858949
vn 0.029763 -0.779335 0.625900
vn 0.999611 -0.027873 -0.000000
vn 0.877104 -0.446622 0.176684
vn 0.888839 -0.458220 -0.000000
vn 0.820125 -0.526009 0.225187
vn 0.667991 -0.744170 -0.000000
vn 0.631931 -0.759409 0.154796
vn 0.932059 -0.282799 0.226475
vn 0.842852 -0.538146 -0.000000
vn 0.820125 -0.526009 0.225187
vn 0.937164 -0.288502 0.196191
vn 0.957033 -0.289979 -0.000000
vn 0.932059 -0.282799 0.226475
vn 0.712531 -0.679047 0.176622
vn 0.952149 -0.305636 -0.000000
vn 0.937164 -0.288502 0.196191
vn 0.013003 -0.990991 0.133300
vn 0.248915 -0.968525 0.000000
vn 0.247722 -0.953933 0.169254
vn 0.726141 -0.687546 -0.000000
vn 0.247722 -0.953933 0.169254
vn 0.248915 -0.968525 0.000000
vn 0.631931 -0.759409 0.154796
vn 0.719819 -0.521307 0.458366
vn 0.820125 -0.526009 0.225187
vn 0.487154 -0.731199 0.477525
vn 0.577922 -0.489269 0.653164
vn 0.719819 -0.521307 0.458366
vn 0.356404 -0.710000 0.607352
vn 0.363015 -0.429521 0.826881
vn 0.577922 -0.489269 0.653164
vn 0.356404 -0.710000 0.607352
vn 0.189465 -0.685038 0.703439
vn 0.363015 -0.429521 0.826881
vn 0.189465 -0.685038 0.703439
vn 0.058286 -0.632059 0.772725
vn 0.126917 -0.332624 0.934480
vn 0.058286 -0.632059 0.772725
vn 0.034893 -0.598449 0.800401
vn 0.126917 -0.332624 0.934480
vn 0.487154 -0.731199 0.477525
vn 0.356404 -0.710000 0.607352
vn 0.577922 -0.489269 0.653164
vn 0.573870 -0.753360 0.321125
vn 0.487154 -0.731199 0.477525
vn 0.719819 -0.521307 0.458366
vn 0.189465 -0.685038 0.703439
vn 0.126917 -0.332624 0.934480
vn 0.363015 -0.429521 0.826881
vn 0.631931 -0.759409 0.154796
vn 0.667991 -0.744170 -0.000000
vn 0.877104 -0.446622 0.176684
vn 0.869654 -0.243260 0.429564
vn 0.670362 -0.617032 0.412173
vn 0.937164 -0.288502 0.196191
vn 0.240627 -0.893280 0.379671
vn 0.027502 -0.924665 0.379787
vn 0.013003 -0.990991 0.133300
vn 0.869654 -0.243260 0.429564
vn 0.832685 -0.241174 0.498469
vn 0.676469 -0.198356 0.709256
vn 0.240627 -0.893280 0.379671
vn 0.670362 -0.617032 0.412173
vn 0.559142 -0.505539 0.657108
vn 0.719819 -0.521307 0.458366
vn 0.832685 -0.241174 0.498469
vn 0.932059 -0.282799 0.226475
vn 0.363015 -0.429521 0.826881
vn 0.414762 -0.156876 0.896305
vn 0.676469 -0.198356 0.709256
vn 0.414762 -0.156876 0.896305
vn 0.417720 -0.126778 0.899687
vn 0.709419 -0.212237 0.672071
vn 0.417720 -0.126778 0.899687
vn 0.364592 -0.334304 0.869088
vn 0.709419 -0.212237 0.672071
vn 0.559142 -0.505539 0.657108
vn 0.364592 -0.334304 0.869088
vn 0.168049 -0.505883 0.846075
vn 0.140174 -0.179335 0.973751
vn 0.364592 -0.334304 0.869088
vn 0.417720 -0.126778 0.899687
vn 0.631931 -0.759409 0.154796
vn 0.877104 -0.446622 0.176684
vn 0.785148 -0.428401 0.447230
vn 0.232539 -0.429018 0.872851
vn 0.356404 -0.710000 0.607352
vn 0.454478 -0.418964 0.786078
vn 0.063173 -0.442855 0.894365
vn 0.189465 -0.685038 0.703439
vn 0.232539 -0.429018 0.872851
vn 0.013917 -0.425238 0.904975
vn 0.058286 -0.632059 0.772725
vn 0.063173 -0.442855 0.894365
vn 0.869654 -0.243260 0.429564
vn 0.559142 -0.505539 0.657108
vn 0.670362 -0.617032 0.412173
vn 0.217920 -0.734924 0.642182
vn 0.027502 -0.924665 0.379787
vn 0.240627 -0.893280 0.379671
vn 0.937164 -0.288502 0.196191
vn 0.832685 -0.241174 0.498469
vn 0.869654 -0.243260 0.429564
vn 0.417720 -0.126778 0.899687
vn 0.165918 -0.139330 0.976247
vn 0.140174 -0.179335 0.973751
vn 0.247722 -0.953933 0.169254
vn 0.670362 -0.617032 0.412173
vn 0.240627 -0.893280 0.379671
vn 0.643031 -0.417343 0.642134
vn 0.356404 -0.710000 0.607352
vn 0.487154 -0.731199 0.477525
vn 0.785148 -0.428401 0.447230
vn 0.487154 -0.731199 0.477525
vn 0.573870 -0.753360 0.321125
vn 0.877104 -0.446622 0.176684
vn 0.667991 -0.744170 -0.000000
vn 0.888839 -0.458220 -0.000000
vn 0.937164 -0.288502 0.196191
vn 0.670362 -0.617032 0.412173
vn 0.712531 -0.679047 0.176622
vn 0.240627 -0.893280 0.379671
vn 0.013003 -0.990991 0.133300
vn 0.247722 -0.953933 0.169254
vn 0.869654 -0.243260 0.429564
vn 0.676469 -0.198356 0.709256
vn 0.709419 -0.212237 0.672071
vn 0.240627 -0.893280 0.379671
vn 0.559142 -0.505539 0.657108
vn 0.217920 -0.734924 0.642182
vn 0.414762 -0.156876 0.896305
vn 0.709419 -0.212237 0.672071
vn 0.676469 -0.198356 0.709256
vn 0.709419 -0.212237 0.672071
vn 0.364592 -0.334304 0.869088
vn 0.559142 -0.505539 0.657108
vn 0.631931 -0.759409 0.154796
vn 0.785148 -0.428401 0.447230
vn 0.573870 -0.753360 0.321125
vn 0.957738 0.287641 -0.000000
vn 0.811452 0.584420 -0.000000
vn 0.783486 0.584047 0.212225
vn 0.923838 0.290585 0.249165
vn 0.783486 0.584047 0.212225
vn 0.705467 0.579079 0.408637
vn 0.821791 0.307665 0.479586
vn 0.705467 0.579079 0.408637
vn 0.571658 0.580624 0.579727
vn 0.665554 0.324278 0.672221
vn 0.571658 0.580624 0.579727
vn 0.404488 0.593088 0.696159
vn 0.474438 0.352339 0.806700
vn 0.404488 0.593088 0.696159
vn 0.213079 0.575072 0.789867
vn 0.244710 0.310634 0.918490
vn 0.213079 0.575072 0.789867
vn 0.068730 0.588907 0.805273
vn 0.078616 0.304562 0.949243
vn 0.068730 0.588907 0.805273
vn 0.475404 0.764934 0.434588
vn 0.811452 0.584420 -0.000000
vn 0.406305 0.913738 -0.000000
vn 0.395528 0.912450 0.104846
vn 0.783486 0.584047 0.212225
vn 0.395528 0.912450 0.104846
vn 0.367308 0.905131 0.214061
vn 0.705467 0.579079 0.408637
vn 0.367308 0.905131 0.214061
vn 0.301423 0.904658 0.301228
vn 0.571658 0.580624 0.579727
vn 0.301423 0.904658 0.301228
vn 0.215338 0.903611 0.370293
vn 0.404488 0.593088 0.696159
vn 0.215338 0.903611 0.370293
vn 0.111766 0.903405 0.413966
vn 0.213079 0.575072 0.789867
vn 0.111766 0.903405 0.413966
vn 0.028866 0.904153 0.426232
vn 0.068730 0.588907 0.805273
vn 0.028866 0.904153 0.426232
vn 0.130640 0.976196 0.173134
vn 0.028866 0.904153 0.426232
vn 0.014834 0.971816 0.235274
vn 0.091828 0.992544 0.080152
vn 0.111766 0.903405 0.413966
vn 0.059377 0.977165 0.204018
vn 0.014834 0.971816 0.235274
vn 0.215338 0.903611 0.370293
vn 0.110759 0.975269 0.191264
vn 0.059377 0.977165 0.204018
vn 0.301423 0.904658 0.301228
vn 0.160457 0.973733 0.161548
vn 0.110759 0.975269 0.191264
vn 0.367308 0.905131 0.214061
vn 0.210288 0.969727 0.124130
vn 0.160457 0.973733 0.161548
vn 0.395528 0.912450 0.104846
vn 0.222915 0.973139 0.057532
vn 0.210288 0.969727 0.124130
vn 0.406305 0.913738 -0.000000
vn 0.229930 0.973207 -0.000000
vn 0.222915 0.973139 0.057532
vn 0.950823 -0.170531 0.258564
vn 0.660056 -0.731395 0.171427
vn 0.977638 -0.210296 -0.000000
vn 0.849456 -0.191449 0.491702
vn 0.580089 -0.744174 0.331212
vn 0.950823 -0.170531 0.258564
vn 0.690333 -0.211996 0.691736
vn 0.464444 -0.754477 0.463742
vn 0.849456 -0.191449 0.491702
vn 0.480135 -0.211687 0.851269
vn 0.327392 -0.750374 0.574242
vn 0.690333 -0.211996 0.691736
vn 0.267277 -0.263223 0.926972
vn 0.178072 -0.774894 0.606490
vn 0.480135 -0.211687 0.851269
vn 0.375334 -0.260397 0.889560
vn 0.200205 -0.833684 0.514674
vn 0.267277 -0.263223 0.926972
vn 0.815683 -0.260738 0.516408
vn 0.407298 -0.880365 0.243034
vn 0.375334 -0.260397 0.889560
vn 0.660056 -0.731395 0.171427
vn 0.001637 -0.999998 0.001092
vn 0.026977 -0.999599 0.008557
vn 0.580089 -0.744174 0.331212
vn 0.000000 -1.000000 -0.000000
vn 0.001637 -0.999998 0.001092
vn 0.464444 -0.754477 0.463742
vn 0.000000 -1.000000 -0.000000
vn 0.000000 -1.000000 -0.000000
vn 0.327392 -0.750374 0.574242
vn 0.000000 -1.000000 -0.000000
vn 0.000000 -1.000000 -0.000000
vn 0.178072 -0.774894 0.606490
vn 0.000000 -1.000000 -0.000000
vn 0.000000 -1.000000 -0.000000
vn 0.200205 -0.833684 0.514674
vn 0.515705 -0.856682 -0.012007
vn 0.000000 -1.000000 -0.000000
vn 0.815683 -0.260738 0.516408
vn 0.976483 -0.180966 0.117187
vn 0.660682 -0.739205 0.130673
vn 0.515705 -0.856682 -0.012007
vn 0.660682 -0.739205 0.130673
vn 0.519417 -0.851550 0.071187
vn 0.480742 -0.870493 0.105493
vn 0.172096 -0.975388 0.137849
vn 0.179508 -0.983755 -0.001793
vn 0.976483 -0.180966 0.117187
vn 0.982591 -0.134924 0.127712
vn 0.765522 -0.562594 0.312193
vn 0.480742 -0.870493 0.105493
vn 0.354642 -0.815284 0.457757
vn 0.172096 -0.975388 0.137849
vn 0.982591 -0.134924 0.127712
vn 0.982622 -0.030680 0.183067
vn 0.809175 -0.082025 0.581814
vn 0.982622 -0.030680 0.183067
vn 0.984591 0.020116 0.173715
vn 0.810570 0.072515 0.581134
vn 0.809175 -0.082025 0.581814
vn 0.810570 0.072515 0.581134
vn 0.333061 0.127712 0.934216
vn 0.339201 -0.126932 0.932111
vn 0.333061 0.127712 0.934216
vn 0.115993 0.125836 0.985247
vn 0.783779 0.297457 0.545170
vn 0.986973 0.119758 0.107439
vn 0.791284 0.539322 0.288101
vn 0.334810 0.489038 0.805447
vn 0.783779 0.297457 0.545170
vn 0.335711 0.831812 0.442027
vn 0.333061 0.127712 0.934216
vn 0.334810 0.489038 0.805447
vn 0.156080 0.513055 0.844046
vn 0.986973 0.119758 0.107439
vn 0.981417 0.189539 0.029940
vn 0.815370 0.575170 0.065961
vn 0.335711 0.831812 0.442027
vn 0.791284 0.539322 0.288101
vn 0.815370 0.575170 0.065961
vn 0.981417 0.189539 0.029940
vn 0.667803 0.304321 0.679284
vn 0.475404 0.764934 0.434588
vn 0.815370 0.575170 0.065961
vn 0.475404 0.764934 0.434588
vn 0.130640 0.976196 0.173134
vn 0.340659 0.933738 0.109934
vn 0.130640 0.976196 0.173134
vn 0.091828 0.992544 0.080152
vn 0.652664 -0.757647 -0.000000
vn 0.660056 -0.731395 0.171427
vn 0.026977 -0.999599 0.008557
vn 0.957738 0.287641 -0.000000
vn 0.783486 0.584047 0.212225
vn 0.923838 0.290585 0.249165
vn 0.923838 0.290585 0.249165
vn 0.705467 0.579079 0.408637
vn 0.821791 0.307665 0.479586
vn 0.821791 0.307665 0.479586
vn 0.571658 0.580624 0.579727
vn 0.665554 0.324278 0.672221
vn 0.665554 0.324278 0.672221
vn 0.404488 0.593088 0.696159
vn 0.474438 0.352339 0.806700
vn 0.474438 0.352339 0.806700
vn 0.213079 0.575072 0.789867
vn 0.244710 0.310634 0.918490
vn 0.244710 0.310634 0.918490
vn 0.068730 0.588907 0.805273
vn 0.078616 0.304562 0.949243
vn 0.078616 0.304562 0.949243
vn 0.475404 0.764934 0.434588
vn 0.667803 0.304321 0.679284
vn 0.977638 -0.210296 -0.000000
vn 0.660056 -0.731395 0.171427
vn 0.652664 -0.757647 -0.000000
vn 0.950823 -0.170531 0.258564
vn 0.580089 -0.744174 0.331212
vn 0.660056 -0.731395 0.171427
vn 0.849456 -0.191449 0.491702
vn 0.464444 -0.754477 0.463742
vn 0.580089 -0.744174 0.331212
vn 0.690333 -0.211996 0.691736
vn 0.327392 -0.750374 0.574242
vn 0.464444 -0.754477 0.463742
vn 0.480135 -0.211687 0.851269
vn 0.178072 -0.774894 0.606490
vn 0.327392 -0.750374 0.574242
vn 0.267277 -0.263223 0.926972
vn 0.200205 -0.833684 0.514674
vn 0.178072 -0.774894 0.606490
vn 0.375334 -0.260397 0.889560
vn 0.407298 -0.880365 0.243034
vn 0.200205 -0.833684 0.514674
vn 0.001637 -0.999998 0.001092
vn 0.660056 -0.731395 0.171427
vn 0.580089 -0.744174 0.331212
vn 0.000000 -1.000000 -0.000000
vn 0.580089 -0.744174 0.331212
vn 0.464444 -0.754477 0.463742
vn 0.000000 -1.000000 -0.000000
vn 0.464444 -0.754477 0.463742
vn 0.327392 -0.750374 0.574242
vn 0.000000 -1.000000 -0.000000
vn 0.327392 -0.750374 0.574242
vn 0.178072 -0.774894 0.606490
vn 0.000000 -1.000000 -0.000000
vn 0.178072 -0.774894 0.606490
vn 0.200205 -0.833684 0.514674
vn 0.515705 -0.856682 -0.012007
vn 0.200205 -0.833684 0.514674
vn 0.407298 -0.880365 0.243034
vn 0.815683 -0.260738 0.516408
vn 0.660682 -0.739205 0.130673
vn 0.407298 -0.880365 0.243034
vn 0.480742 -0.870493 0.105493
vn 0.179508 -0.983755 -0.001793
vn 0.589797 -0.807525 -0.006549
vn 0.982622 -0.030680 0.183067
vn 0.810570 0.072515 0.581134
vn 0.809175 -0.082025 0.581814
vn 0.339201 -0.126932 0.932111
vn 0.115993 0.125836 0.985247
vn 0.145530 -0.129975 0.980779
vn 0.986973 0.119758 0.107439
vn 0.815370 0.575170 0.065961
vn 0.791284 0.539322 0.288101
vn 0.981417 0.189539 0.029940
vn 0.475404 0.764934 0.434588
vn 0.815370 0.575170 0.065961
vn 0.340659 0.933738 0.109934
vn 0.091828 0.992544 0.080152
vn 0.147528 0.982717 0.111816
vn 0.652664 -0.757647 -0.000000
vn 0.026977 -0.999599 0.008557
vn 0.000000 -1.000000 -0.000000
vn 0.000000 1.000000 0.000000
vn 0.000000 1.000000 0.000000
vn 0.000000 1.000000 0.000000
vn 0.000000 1.000000 0.000000
vn 0.000000 1.000000 0.000000
vn 0.000000 1.000000 0.000000
vn 0.000000 1.000000 0.000000
vn 0.000000 1.000000 0.000000
vn 0.000000 1.000000 0.000000
vn 0.000000 1.000000 0.000000
vn 0.000000 1.000000 0.000000
vn 0.000000 1.000000 0.000000
vn 0.000000 1.000000 0.000000
vn 0.000000 1.000000 0.000000
vn 0.000000 1.000000 0.000000
vn 0.000000 1.000000 0.000000
vn 0.000000 1.000000 0.000000
vn 0.000000 1.000000 0.000000
vn 0.000000 1.000000 0.000000
vn 0.000000 1.000000 0.000000
vn 0.000000 1.000000 0.000000
vn 0.164593 0.871696 0.461578
vn 0.335711 0.831812 0.442027
vn 0.147528 0.982717 0.111816
vn 0.156080 0.513055 0.844046
vn 0.334810 0.489038 0.805447
vn 0.335711 0.831812 0.442027
vn 0.986973 0.119758 0.107439
vn 0.783779 0.297457 0.545170
vn 0.984591 0.020116 0.173715
vn 0.783779 0.297457 0.545170
vn 0.334810 0.489038 0.805447
vn 0.810570 0.072515 0.581134
vn 0.354642 -0.815284 0.457757
vn 0.765522 -0.562594 0.312193
vn 0.790087 -0.299049 0.535100
vn 0.162487 -0.844127 0.510928
vn 0.354642 -0.815284 0.457757
vn 0.336839 -0.466818 0.817692
vn 0.336839 -0.466818 0.817692
vn 0.790087 -0.299049 0.535100
vn 0.809175 -0.082025 0.581814
vn 0.162944 -0.496182 0.852791
vn 0.336839 -0.466818 0.817692
vn 0.339201 -0.126932 0.932111
vn 0.765522 -0.562594 0.312193
vn 0.982591 -0.134924 0.127712
vn 0.790087 -0.299049 0.535100
vn 0.028866 0.904153 0.426232
vn 0.091828 0.992544 0.080152
vn 0.130640 0.976196 0.173134
vn 0.111766 0.903405 0.413966
vn 0.014834 0.971816 0.235274
vn 0.028866 0.904153 0.426232
vn 0.215338 0.903611 0.370293
vn 0.059377 0.977165 0.204018
vn 0.111766 0.903405 0.413966
vn 0.301423 0.904658 0.301228
vn 0.110759 0.975269 0.191264
vn 0.215338 0.903611 0.370293
vn 0.367308 0.905131 0.214061
vn 0.160457 0.973733 0.161548
vn 0.301423 0.904658 0.301228
vn 0.395528 0.912450 0.104846
vn 0.210288 0.969727 0.124130
vn 0.367308 0.905131 0.214061
vn 0.406305 0.913738 -0.000000
vn 0.222915 0.973139 0.057532
vn 0.395528 0.912450 0.104846
vn 0.976483 -0.180966 0.117187
vn 0.765522 -0.562594 0.312193
vn 0.660682 -0.739205 0.130673
vn 0.765522 -0.562594 0.312193
vn 0.519417 -0.851550 0.071187
vn 0.660682 -0.739205 0.130673
vn 0.172096 -0.975388 0.137849
vn 0.354642 -0.815284 0.457757
vn 0.162487 -0.844127 0.510928
vn 0.982591 -0.134924 0.127712
vn 0.809175 -0.082025 0.581814
vn 0.790087 -0.299049 0.535100
vn 0.333061 0.127712 0.934216
vn 0.156080 0.513055 0.844046
vn 0.115993 0.125836 0.985247
vn 0.147528 0.982717 0.111816
vn 0.335711 0.831812 0.442027
vn 0.340659 0.933738 0.109934
vn 0.156080 0.513055 0.844046
vn 0.335711 0.831812 0.442027
vn 0.164593 0.871696 0.461578
vn 0.984591 0.020116 0.173715
vn 0.783779 0.297457 0.545170
vn 0.810570 0.072515 0.581134
vn 0.162487 -0.844127 0.510928
vn 0.336839 -0.466818 0.817692
vn 0.162944 -0.496182 0.852791
vn 0.162944 -0.496182 0.852791
vn 0.339201 -0.126932 0.932111
vn 0.145530 -0.129975 0.980779
vn 0.660682 -0.739205 0.130673
vn 0.515705 -0.856682 -0.012007
vn 0.407298 -0.880365 0.243034
vn 0.515705 -0.856682 -0.012007
vn 0.480742 -0.870493 0.105493
vn 0.589797 -0.807525 -0.006549
vn 0.811452 0.584420 -0.000000
vn 0.395528 0.912450 0.104846
vn 0.783486 0.584047 0.212225
vn 0.783486 0.584047 0.212225
vn 0.367308 0.905131 0.214061
vn 0.705467 0.579079 0.408637
vn 0.705467 0.579079 0.408637
vn 0.301423 0.904658 0.301228
vn 0.571658 0.580624 0.579727
vn 0.571658 0.580624 0.579727
vn 0.215338 0.903611 0.370293
vn 0.404488 0.593088 0.696159
vn 0.404488 0.593088 0.696159
vn 0.111766 0.903405 0.413966
vn 0.213079 0.575072 0.789867
vn 0.213079 0.575072 0.789867
vn 0.028866 0.904153 0.426232
vn 0.068730 0.588907 0.805273
vn 0.068730 0.588907 0.805273
vn 0.130640 0.976196 0.173134
vn 0.475404 0.764934 0.434588
vn 0.809175 -0.082025 0.581814
vn 0.333061 0.127712 0.934216
vn 0.339201 -0.126932 0.932111
vn 0.335711 0.831812 0.442027
vn 0.783779 0.297457 0.545170
vn 0.791284 0.539322 0.288101
vn 0.335711 0.831812 0.442027
vn 0.815370 0.575170 0.065961
vn 0.340659 0.933738 0.109934
vn 0.815370 0.575170 0.065961
vn 0.130640 0.976196 0.173134
vn 0.340659 0.933738 0.109934
vn 0.810570 0.072515 0.581134
vn 0.334810 0.489038 0.805447
vn 0.333061 0.127712 0.934216
vn 0.354642 -0.815284 0.457757
vn 0.790087 -0.299049 0.535100
vn 0.336839 -0.466818 0.817692
vn 0.336839 -0.466818 0.817692
vn 0.809175 -0.082025 0.581814
vn 0.339201 -0.126932 0.932111
vn 0.515705 -0.856682 -0.012007
vn 0.519417 -0.851550 0.071187
vn 0.480742 -0.870493 0.105493
vn 0.519417 -0.851550 0.071187
vn 0.765522 -0.562594 0.312193
vn 0.354642 -0.815284 0.457757
vn 0.519417 -0.851550 0.071187
vn 0.354642 -0.815284 0.457757
vn 0.480742 -0.870493 0.105493
vn -1.000000 0.000000 0.000000
vn -1.000000 0.000000 0.000000
vn -1.000000 0.000000 0.000000
vn -1.000000 0.000000 0.000000
vn -1.000000 0.000000 0.000000
vn -1.000000 0.000000 0.000000
vn -1.000000 0.000000 0.000000
vn -1.000000 0.000000 0.000000
vn -1.000000 -0.000000 0.000000
vn -1.000000 0.000000 0.000000
vn -1.000000 0.000000 0.000000
vn -1.000000 0.000000 0.000000
vn -1.000000 0.000000 0.000000
vn -1.000000 0.000000 0.000000
vn -1.000000 0.000000 0.000000
vn -1.000000 0.000000 0.000000
vn -1.000000 0.000000 0.000000
vn -1.000000 0.000000 0.000000
vn -1.000000 0.000000 0.000000
vn -1.000000 0.000000 0.000000
vn -1.000000 0.000000 0.000000
vn -1.000000 -0.000000 0.000000
vn -1.000000 0.000000 0.000000
vn -1.000000 0.000000 0.000000
vn -1.000000 0.000000 0.000000
vn -1.000000 0.000000 0.000000
vn -1.000000 -0.000000 0.000000
vn -1.000000 0.000000 0.000000
vn -1.000000 0.000000 0.000000
vn -1.000000 -0.000000 0.000000
vn -0.999998 0.000156 -0.001920
vn -1.000000 -0.000000 0.000000
vn -1.000000 -0.000000 0.000000
vn -1.000000 -0.000156 -0.000682
vn -1.000000 -0.000000 0.000000
vn -0.999996 -0.000624 0.002807
vn -1.000000 0.000000 0.000000
vn -0.999996 -0.000624 0.002807
vn -1.000000 -0.000000 0.000000
vn -1.000000 0.000000 0.000000
vn -1.000000 0.000000 0.000000
vn -1.000000 -0.000000 0.000000
vn -1.000000 -0.000156 -0.000682
vn -0.999998 0.000156 -0.001920
vn -1.000000 -0.000000 0.000000
vn -1.000000 0.000000 0.000000
vn -1.000000 0.000000 0.000000
vn -1.000000 0.000000 0.000000
vn -1.000000 0.000000 0.000000
vn -1.000000 0.000000 0.000000
vn -1.000000 0.000000 0.000000
vn -1.000000 0.000000 0.000000
vn -1.000000 0.000000 0.000000
vn -1.000000 0.000000 0.000000
vn -1.000000 0.000000 0.000000
vn -1.000000 -0.000000 0.000000
vn -1.000000 0.000000 0.000000
vn -1.000000 0.000000 0.000000
vn -1.000000 0.000000 0.000000
vn -1.000000 0.000000 0.000000
vn -1.000000 0.000000 0.000000
vn -1.000000 0.000000 0.000000
vn -1.000000 0.000000 0.000000
vn -1.000000 0.000000 0.000000
vn -1.000000 -0.000000 0.000000
vn -1.000000 0.000000 0.000000
vn -1.000000 0.000000 0.000000
vn -1.000000 0.000000 0.000000
vn -1.000000 0.000000 0.000000
vn -1.000000 0.000000 0.000000
vn -1.000000 0.000000 0.000000
vn -1.000000 0.000000 0.000000
vn -1.000000 0.000000 0.000000
vn -1.000000 0.000000 0.000000
vn -1.000000 0.000000 0.000000
vn -1.000000 0.000000 0.000000
vn -1.000000 0.000000 0.000000
vn -1.000000 0.000000 0.000000
vn -1.000000 -0.000000 0.000000
vn -1.000000 0.000000 0.000000
vn -1.000000 0.000000 0.000000
vn -1.000000 0.000000 0.000000
vn -1.000000 -0.000000 0.000000
vn -1.000000 0.000000 0.000000
vn -1.000000 0.000000 0.000000
vn -1.000000 -0.000000 0.000000
vn -1.000000 0.000000 0.000000
vn -0.999998 0.000156 0.001920
vn -1.000000 -0.000000 0.000000
vn -1.000000 -0.000000 0.000000
vn -1.000000 -0.000156 0.000702
vn -0.999996 -0.000624 -0.002807
vn -1.000000 -0.000000 0.000000
vn -1.000000 0.000000 0.000000
vn -1.000000 -0.000000 0.000000
vn -0.999996 -0.000624 -0.002807
vn -1.000000 0.000000 0.000000
vn -1.000000 -0.000000 0.000000
vn -1.000000 0.000000 0.000000
vn -1.000000 -0.000156 0.000702
vn -1.000000 -0.000000 0.000000
vn -0.999998 0.000156 0.001920
vn -1.000000 0.000000 0.000000
vn -1.000000 0.000000 0.000000
vn -1.000000 0.000000 0.000000
vn -1.000000 0.000000 0.000000
vn -1.000000 0.000000 0.000000
vn -1.000000 0.000000 0.000000
vn -1.000000 0.000000 0.000000
vn -1.000000 0.000000 0.000000
vn -1.000000 0.000000 0.000000
vn -1.000000 0.000000 0.000000
vn -1.000000 0.000000 0.000000
vn -1.000000 -0.000000 0.000000
s off
g SM_Lamp_02a
f 37/1/1 7/3/2 38/4/3
f 14/2/4 8/6/5 7/3/6
f 15/5/7 9/8/8 8/6/9
f 16/7/10 10/10/11 9/8/12
f 17/9/13 11/12/14 10/10/15
f 6/11/16 12/14/17 11/12/18
f 2/15/19 40/16/20 99/51/21
f 41/17/22 19/18/23 172/43/24
f 3/19/25 2/15/26 100/52/27
f 19/18/28 20/20/29 92/44/30
f 4/21/31 3/19/32 101/53/33
f 20/20/34 21/22/35 93/45/36
f 5/23/37 4/21/38 102/54/39
f 21/22/40 22/24/41 94/46/42
f 18/25/43 5/23/44 103/55/45
f 22/24/46 23/26/47 95/47/48
f 1/27/49 18/25/50 98/50/51
f 23/26/52 24/28/53 96/48/54
f 12/14/55 135/60/56 139/61/57
f 1/27/58 98/50/59 131/58/60
f 97/49/61 24/28/62 146/63/63
f 37/1/64 26/30/65 14/2/66
f 7/3/67 39/32/68 38/4/69
f 14/2/70 27/33/71 15/5/72
f 8/6/73 31/31/74 7/3/75
f 15/5/76 28/35/77 16/7/78
f 9/8/79 32/34/80 8/6/81
f 16/7/82 29/37/83 17/9/84
f 10/10/85 33/36/86 9/8/87
f 17/9/88 30/39/89 6/11/90
f 11/12/91 34/38/92 10/10/93
f 6/11/94 25/41/95 13/13/96
f 12/14/97 35/40/98 11/12/99
f 13/13/100 25/41/101 135/60/102
f 24/28/103 36/42/104 104/56/105
f 42/29/106 2/15/107 26/30/108
f 31/31/109 41/17/110 39/32/111
f 26/30/112 3/19/113 27/33/114
f 32/34/115 19/18/116 31/31/117
f 27/33/118 4/21/119 28/35/120
f 33/36/121 20/20/122 32/34/123
f 28/35/124 5/23/125 29/37/126
f 34/38/127 21/22/128 33/36/129
f 29/37/130 18/25/131 30/39/132
f 35/40/133 22/24/134 34/38/135
f 30/39/136 1/27/137 25/41/138
f 36/42/139 23/26/140 35/40/141
f 25/41/142 131/58/143 134/59/144
f 36/42/145 139/61/146 143/62/147
f 37/1/148 14/2/149 7/3/150
f 14/2/151 15/5/152 8/6/153
f 15/5/154 16/7/155 9/8/156
f 16/7/157 17/9/158 10/10/159
f 17/9/160 6/11/161 11/12/162
f 6/11/163 13/13/164 12/14/165
f 40/16/166 178/64/167 99/51/168
f 19/18/169 92/44/170 172/43/171
f 2/15/172 99/51/173 100/52/174
f 20/20/175 93/45/176 92/44/177
f 3/19/178 100/52/179 101/53/180
f 21/22/181 94/46/182 93/45/183
f 4/21/184 101/53/185 102/54/186
f 22/24/187 95/47/188 94/46/189
f 5/23/190 102/54/191 103/55/192
f 23/26/193 96/48/194 95/47/195
f 18/25/196 103/55/197 98/50/198
f 24/28/199 97/49/200 96/48/201
f 12/14/202 13/13/203 135/60/204
f 98/50/205 105/57/206 131/58/207
f 24/28/208 104/56/209 146/63/210
f 37/1/211 42/29/212 26/30/213
f 7/3/214 31/31/215 39/32/216
f 14/2/217 26/30/218 27/33/219
f 8/6/220 32/34/221 31/31/222
f 15/5/223 27/33/224 28/35/225
f 9/8/226 33/36/227 32/34/228
f 16/7/229 28/35/230 29/37/231
f 10/10/232 34/38/233 33/36/234
f 17/9/235 29/37/236 30/39/237
f 11/12/238 35/40/239 34/38/240
f 6/11/241 30/39/242 25/41/243
f 12/14/244 36/42/245 35/40/246
f 25/41/247 134/59/248 135/60/249
f 36/42/250 143/62/251 104/56/252
f 42/29/253 40/16/254 2/15/255
f 31/31/256 19/18/257 41/17/258
f 26/30/259 2/15/260 3/19/261
f 32/34/262 20/20/263 19/18/264
f 27/33/265 3/19/266 4/21/267
f 33/36/268 21/22/269 20/20/270
f 28/35/271 4/21/272 5/23/273
f 34/38/274 22/24/275 21/22/276
f 29/37/277 5/23/278 18/25/279
f 35/40/280 23/26/281 22/24/282
f 30/39/283 18/25/284 1/27/285
f 36/42/286 24/28/287 23/26/288
f 25/41/289 1/27/290 131/58/291
f 36/42/292 12/14/293 139/61/294
f 349/65/295 88/126/296 68/68/297
f 120/67/298 88/126/299 44/69/300
f 121/70/301 44/69/302 45/71/303
f 122/72/304 45/71/305 46/73/306
f 123/74/307 46/73/308 47/75/309
f 118/76/310 47/75/311 43/77/312
f 118/76/313 43/77/314 91/106/315
f 47/75/316 78/115/317 76/113/318
f 43/77/319 76/113/320 73/110/321
f 63/78/322 73/110/323 77/114/324
f 255/83/325 256/84/326 51/86/327
f 50/87/328 80/118/329 52/88/330
f 48/89/331 87/125/332 62/96/333
f 264/90/334 72/91/335 53/93/336
f 61/94/337 82/120/338 54/95/339
f 62/96/340 61/94/341 55/97/342
f 69/98/343 48/89/344 55/97/345
f 56/99/346 69/98/347 70/100/348
f 89/101/349 255/83/350 49/85/351
f 57/102/352 49/85/353 83/121/354
f 86/124/355 56/99/356 85/123/357
f 89/101/358 57/102/359 90/109/360
f 64/79/361 57/102/362 65/80/363
f 65/80/364 58/103/365 66/81/366
f 66/81/367 58/103/368 67/82/369
f 67/82/370 56/99/371 59/104/372
f 59/104/373 56/99/374 71/105/375
f 51/86/376 60/92/377 81/119/378
f 256/84/379 60/92/380 51/86/381
f 64/79/382 287/117/383 90/109/384
f 46/73/385 45/71/386 78/115/387
f 45/71/388 44/69/389 79/116/390
f 65/80/391 75/112/392 74/111/393
f 118/76/394 91/106/395 152/107/396
f 91/106/397 63/78/398 153/108/399
f 120/67/400 68/68/401 88/126/402
f 121/70/403 120/67/404 44/69/405
f 122/72/406 121/70/407 45/71/408
f 123/74/409 122/72/410 46/73/411
f 118/76/412 123/74/413 47/75/414
f 43/77/415 63/78/416 91/106/417
f 59/104/418 71/105/419 77/114/420
f 56/99/421 48/89/422 69/98/423
f 56/99/424 70/100/425 71/105/426
f 52/88/427 61/94/428 62/96/429
f 65/80/430 83/121/431 58/103/432
f 67/82/433 85/123/434 56/99/435
f 48/89/436 62/96/437 55/97/438
f 61/94/439 54/95/440 55/97/441
f 349/65/442 293/66/443 88/126/444
f 64/79/445 74/111/446 287/117/447
f 57/102/448 64/79/449 90/109/450
f 49/85/451 57/102/452 89/101/453
f 51/86/454 49/85/455 255/83/456
f 53/93/457 60/92/458 264/90/459
f 256/84/460 264/90/461 60/92/462
f 74/111/463 64/79/464 65/80/465
f 79/116/466 65/80/467 66/81/468
f 78/115/469 66/81/470 67/82/471
f 78/115/472 67/82/473 76/113/474
f 76/113/475 59/104/476 73/110/477
f 73/110/478 59/104/479 77/114/480
f 79/116/481 66/81/482 78/115/483
f 75/112/484 65/80/485 79/116/486
f 76/113/487 67/82/488 59/104/489
f 74/111/490 88/126/491 287/117/492
f 80/118/493 49/85/494 81/119/495
f 84/122/496 53/93/497 82/120/498
f 80/118/499 58/103/500 83/121/501
f 84/122/502 52/88/503 81/119/504
f 65/80/505 57/102/506 83/121/507
f 67/82/508 58/103/509 85/123/510
f 85/123/511 50/87/512 86/124/513
f 86/124/514 50/87/515 87/125/516
f 52/88/517 62/96/518 87/125/519
f 48/89/520 86/124/521 87/125/522
f 74/111/523 44/69/524 88/126/525
f 47/75/526 46/73/527 78/115/528
f 43/77/529 47/75/530 76/113/531
f 63/78/532 43/77/533 73/110/534
f 80/118/535 81/119/536 52/88/537
f 61/94/538 84/122/539 82/120/540
f 49/85/541 80/118/542 83/121/543
f 86/124/544 48/89/545 56/99/546
f 60/92/547 84/122/548 81/119/549
f 45/71/550 79/116/551 78/115/552
f 44/69/553 75/112/554 79/116/555
f 88/126/556 293/66/557 287/117/558
f 49/85/559 51/86/560 81/119/561
f 84/122/562 60/92/563 53/93/564
f 80/118/565 50/87/566 58/103/567
f 84/122/568 61/94/569 52/88/570
f 85/123/571 58/103/572 50/87/573
f 50/87/574 52/88/575 87/125/576
f 74/111/577 75/112/578 44/69/579
f 172/131/580 106/133/581 176/134/582
f 92/132/583 107/136/584 106/133/585
f 93/135/586 108/145/587 107/136/588
f 94/137/589 109/148/590 108/145/591
f 95/147/592 110/150/593 109/148/594
f 96/149/595 111/152/596 110/150/597
f 97/151/598 147/154/599 111/152/600
f 176/134/601 117/155/602 173/156/603
f 106/133/604 116/157/605 117/155/606
f 107/136/607 115/158/608 116/157/609
f 108/145/610 114/159/611 115/158/612
f 109/148/613 113/160/614 114/159/615
f 110/150/616 112/161/617 113/160/618
f 111/152/619 148/162/620 112/161/621
f 112/161/622 149/163/623 154/209/624
f 113/160/625 154/209/626 155/210/627
f 114/159/628 155/210/629 156/211/630
f 115/158/631 156/211/632 157/219/633
f 116/157/634 157/219/635 158/220/636
f 117/155/637 158/220/638 159/221/639
f 173/156/640 159/221/641 177/222/642
f 99/138/643 178/139/644 125/141/645
f 100/142/646 99/138/647 126/143/648
f 101/144/649 100/142/650 127/146/651
f 102/164/652 101/144/653 128/165/654
f 103/166/655 102/164/656 129/167/657
f 98/201/658 103/166/659 124/202/660
f 105/170/661 98/168/662 130/171/663
f 125/141/664 119/172/665 120/173/666
f 126/143/667 120/173/668 121/174/669
f 127/146/670 121/174/671 122/175/672
f 128/165/673 122/175/674 123/176/675
f 129/167/676 123/176/677 118/203/678
f 124/169/679 118/177/680 152/178/681
f 105/170/682 132/179/683 131/180/684
f 152/178/685 175/235/686 132/179/687
f 133/182/688 153/183/689 150/184/690
f 131/180/691 166/229/692 134/185/693
f 133/182/694 150/184/695 167/230/696
f 134/185/697 136/186/698 135/187/699
f 135/187/700 140/190/701 139/191/702
f 136/186/703 141/192/704 140/190/705
f 137/188/706 142/193/707 141/192/708
f 165/228/709 164/227/710 143/194/711
f 162/225/712 160/223/713 165/228/714
f 141/129/715 163/226/716 162/225/717
f 143/194/718 144/195/719 104/196/720
f 160/223/721 144/195/722 164/227/723
f 104/196/724 147/199/725 146/200/726
f 144/195/727 148/206/728 147/199/729
f 145/197/730 149/207/731 148/206/732
f 174/140/733 119/172/734 125/141/735
f 172/131/736 92/132/737 106/133/738
f 92/132/739 93/135/740 107/136/741
f 93/135/742 94/137/743 108/145/744
f 94/137/745 95/147/746 109/148/747
f 95/147/748 96/149/749 110/150/750
f 96/149/751 97/151/752 111/152/753
f 97/151/754 146/153/755 147/154/756
f 178/139/757 174/140/758 125/141/759
f 99/138/760 125/141/761 126/143/762
f 100/142/763 126/143/764 127/146/765
f 101/144/766 127/146/767 128/165/768
f 102/164/769 128/165/770 129/167/771
f 103/166/772 129/167/773 124/202/774
f 98/168/775 124/169/776 130/171/777
f 120/173/778 126/143/779 125/141/780
f 121/174/781 127/146/782 126/143/783
f 122/175/784 128/165/785 127/146/786
f 123/176/787 129/167/788 128/165/789
f 118/203/790 124/202/791 129/167/792
f 152/178/793 130/171/794 124/169/795
f 105/170/796 130/171/797 132/179/798
f 133/182/799 91/181/800 153/183/801
f 135/187/802 136/186/803 140/190/804
f 137/188/805 138/189/806 142/193/807
f 143/194/808 164/227/809 144/195/810
f 104/196/811 144/195/812 147/199/813
f 145/197/814 151/198/815 149/207/816
f 174/140/817 179/208/818 119/172/819
f 149/204/820 180/205/821 154/212/822
f 154/212/823 180/205/824 155/213/825
f 155/213/826 180/205/827 156/214/828
f 156/214/829 180/205/830 157/215/831
f 157/215/832 180/205/833 158/216/834
f 158/216/835 180/205/836 159/217/837
f 159/217/838 180/205/839 177/218/840
f 161/224/841 151/198/842 160/223/843
f 163/226/844 160/223/845 162/225/846
f 143/194/847 139/128/848 165/228/849
f 165/228/850 140/127/851 162/225/852
f 167/230/853 169/232/854 166/229/855
f 168/231/856 170/233/857 167/230/858
f 170/233/859 136/186/860 169/232/861
f 171/234/862 137/188/863 170/233/864
f 166/229/865 169/232/866 134/185/867
f 112/161/868 148/162/869 149/163/870
f 113/160/871 112/161/872 154/209/873
f 114/159/874 113/160/875 155/210/876
f 115/158/877 114/159/878 156/211/879
f 116/157/880 115/158/881 157/219/882
f 117/155/883 116/157/884 158/220/885
f 173/156/886 117/155/887 159/221/888
f 131/180/889 132/179/890 166/229/891
f 166/229/892 132/179/893 175/235/894
f 150/184/895 168/231/896 167/230/897
f 134/185/898 169/232/899 136/186/900
f 141/129/901 142/130/902 163/226/903
f 151/198/904 145/197/905 160/223/906
f 163/226/907 161/224/908 160/223/909
f 139/128/910 140/127/911 165/228/912
f 168/231/913 171/234/914 170/233/915
f 171/234/916 138/189/917 137/188/918
f 132/179/919 130/171/920 152/178/921
f 152/178/922 91/181/923 133/182/924
f 176/134/925 106/133/926 117/155/927
f 106/133/928 107/136/929 116/157/930
f 107/136/931 108/145/932 115/158/933
f 108/145/934 109/148/935 114/159/936
f 109/148/937 110/150/938 113/160/939
f 110/150/940 111/152/941 112/161/942
f 111/152/943 147/154/944 148/162/945
f 136/186/946 137/188/947 141/192/948
f 160/223/949 164/227/950 165/228/951
f 160/223/952 145/197/953 144/195/954
f 144/195/955 145/197/956 148/206/957
f 140/127/958 141/129/959 162/225/960
f 167/230/961 170/233/962 169/232/963
f 170/233/964 137/188/965 136/186/966
f 152/178/967 133/182/968 175/235/969
f 175/235/970 167/230/971 166/229/972
f 175/235/973 133/182/974 167/230/975
f 37/236/976 38/238/977 181/237/978
f 182/239/979 181/237/980 183/240/981
f 184/241/982 183/240/983 185/242/984
f 186/243/985 185/242/986 187/244/987
f 188/245/988 187/244/989 189/246/990
f 190/247/991 189/246/992 191/248/993
f 192/249/994 193/251/995 40/250/996
f 41/252/997 172/254/998 194/253/999
f 195/255/1000 196/256/1001 192/249/1002
f 194/253/1003 198/258/1004 197/257/1005
f 199/259/1006 200/260/1007 195/255/1008
f 197/257/1009 202/262/1010 201/261/1011
f 203/263/1012 204/264/1013 199/259/1014
f 201/261/1015 206/266/1016 205/265/1017
f 207/267/1018 208/268/1019 203/263/1020
f 205/265/1021 210/270/1022 209/269/1023
f 211/271/1024 212/272/1025 207/267/1026
f 209/269/1027 214/274/1028 213/273/1029
f 191/248/1030 216/276/1031 215/275/1032
f 211/271/1033 217/277/1034 212/272/1035
f 218/278/1036 219/279/1037 213/273/1038
f 37/236/1039 182/239/1040 220/280/1041
f 181/237/1042 38/238/1043 39/281/1044
f 182/239/1045 184/241/1046 221/282/1047
f 183/240/1048 181/237/1049 222/283/1050
f 184/241/1051 186/243/1052 223/284/1053
f 185/242/1054 183/240/1055 224/285/1056
f 186/243/1057 188/245/1058 225/286/1059
f 187/244/1060 185/242/1061 226/287/1062
f 188/245/1063 190/247/1064 227/288/1065
f 189/246/1066 187/244/1067 228/289/1068
f 190/247/1069 230/291/1070 229/290/1071
f 191/248/1072 189/246/1073 231/292/1074
f 230/291/1075 215/275/1076 229/290/1077
f 213/273/1078 233/294/1079 232/293/1080
f 42/295/1081 220/280/1082 192/249/1083
f 222/283/1084 39/281/1085 41/252/1086
f 220/280/1087 221/282/1088 195/255/1089
f 224/285/1090 222/283/1091 194/253/1092
f 221/282/1093 223/284/1094 199/259/1095
f 226/287/1096 224/285/1097 197/257/1098
f 223/284/1099 225/286/1100 203/263/1101
f 228/289/1102 226/287/1103 201/261/1104
f 225/286/1105 227/288/1106 207/267/1107
f 231/292/1108 228/289/1109 205/265/1110
f 227/288/1111 229/290/1112 211/271/1113
f 232/293/1114 231/292/1115 209/269/1116
f 229/290/1117 234/296/1118 217/277/1119
f 232/293/1120 235/297/1121 216/276/1122
f 37/236/1123 181/237/1124 182/239/1125
f 182/239/1126 183/240/1127 184/241/1128
f 184/241/1129 185/242/1130 186/243/1131
f 186/243/1132 187/244/1133 188/245/1134
f 188/245/1135 189/246/1136 190/247/1137
f 190/247/1138 191/248/1139 230/291/1140
f 40/250/1141 193/251/1142 178/298/1143
f 194/253/1144 172/254/1145 198/258/1146
f 192/249/1147 196/256/1148 193/251/1149
f 197/257/1150 198/258/1151 202/262/1152
f 195/255/1153 200/260/1154 196/256/1155
f 201/261/1156 202/262/1157 206/266/1158
f 199/259/1159 204/264/1160 200/260/1161
f 205/265/1162 206/266/1163 210/270/1164
f 203/263/1165 208/268/1166 204/264/1167
f 209/269/1168 210/270/1169 214/274/1170
f 207/267/1171 212/272/1172 208/268/1173
f 213/273/1174 214/274/1175 218/278/1176
f 191/248/1177 215/275/1178 230/291/1179
f 212/272/1180 217/277/1181 236/299/1182
f 213/273/1183 219/279/1184 233/294/1185
f 37/236/1186 220/280/1187 42/295/1188
f 181/237/1189 39/281/1190 222/283/1191
f 182/239/1192 221/282/1193 220/280/1194
f 183/240/1195 222/283/1196 224/285/1197
f 184/241/1198 223/284/1199 221/282/1200
f 185/242/1201 224/285/1202 226/287/1203
f 186/243/1204 225/286/1205 223/284/1206
f 187/244/1207 226/287/1208 228/289/1209
f 188/245/1210 227/288/1211 225/286/1212
f 189/246/1213 228/289/1214 231/292/1215
f 190/247/1216 229/290/1217 227/288/1218
f 191/248/1219 231/292/1220 232/293/1221
f 229/290/1222 215/275/1223 234/296/1224
f 232/293/1225 233/294/1226 235/297/1227
f 42/295/1228 192/249/1229 40/250/1230
f 222/283/1231 41/252/1232 194/253/1233
f 220/280/1234 195/255/1235 192/249/1236
f 224/285/1237 194/253/1238 197/257/1239
f 221/282/1240 199/259/1241 195/255/1242
f 226/287/1243 197/257/1244 201/261/1245
f 223/284/1246 203/263/1247 199/259/1248
f 228/289/1249 201/261/1250 205/265/1251
f 225/286/1252 207/267/1253 203/263/1254
f 231/292/1255 205/265/1256 209/269/1257
f 227/288/1258 211/271/1259 207/267/1260
f 232/293/1261 209/269/1262 213/273/1263
f 229/290/1264 217/277/1265 211/271/1266
f 232/293/1267 216/276/1268 191/248/1269
f 349/300/1270 238/302/1271 237/301/1272
f 239/303/1273 240/304/1274 237/301/1275
f 241/305/1276 242/306/1277 240/304/1278
f 243/307/1279 244/308/1280 242/306/1281
f 245/309/1282 246/310/1283 244/308/1284
f 247/311/1285 248/312/1286 246/310/1287
f 247/311/1288 249/313/1289 248/312/1290
f 246/310/1291 251/315/1292 250/314/1293
f 248/312/1294 252/316/1295 251/315/1296
f 253/317/1297 254/318/1298 252/316/1299
f 255/319/1300 257/321/1301 256/320/1302
f 258/322/1303 260/324/1304 259/323/1305
f 261/325/1306 263/327/1307 262/326/1308
f 264/328/1309 265/330/1310 72/329/1311
f 266/331/1312 268/333/1313 267/332/1314
f 263/327/1315 269/334/1316 266/331/1317
f 270/335/1318 269/334/1319 261/325/1320
f 271/336/1321 272/337/1322 270/335/1323
f 89/338/1324 273/339/1325 255/319/1326
f 274/340/1327 275/341/1328 273/339/1329
f 276/342/1330 277/343/1331 271/336/1332
f 89/338/1333 90/344/1334 274/340/1335
f 278/345/1336 279/346/1337 274/340/1338
f 279/346/1339 281/348/1340 280/347/1341
f 281/348/1342 282/349/1343 280/347/1344
f 282/349/1345 283/350/1346 271/336/1347
f 283/350/1348 284/351/1349 271/336/1350
f 257/321/1351 286/353/1352 285/352/1353
f 256/320/1354 257/321/1355 285/352/1356
f 278/345/1357 90/344/1358 287/354/1359
f 244/308/1360 250/314/1361 242/306/1362
f 242/306/1363 288/355/1364 240/304/1365
f 279/346/1366 290/357/1367 289/356/1368
f 247/311/1369 291/358/1370 249/313/1371
f 249/313/1372 292/359/1373 253/317/1374
f 239/303/1375 237/301/1376 238/302/1377
f 241/305/1378 240/304/1379 239/303/1380
f 243/307/1381 242/306/1382 241/305/1383
f 245/309/1384 244/308/1385 243/307/1386
f 247/311/1387 246/310/1388 245/309/1389
f 248/312/1390 249/313/1391 253/317/1392
f 283/350/1393 254/318/1394 284/351/1395
f 271/336/1396 270/335/1397 261/325/1398
f 271/336/1399 284/351/1400 272/337/1401
f 260/324/1402 263/327/1403 266/331/1404
f 279/346/1405 280/347/1406 275/341/1407
f 282/349/1408 271/336/1409 277/343/1410
f 261/325/1411 269/334/1412 263/327/1413
f 266/331/1414 269/334/1415 268/333/1416
f 349/300/1417 237/301/1418 293/360/1419
f 278/345/1420 287/354/1421 290/357/1422
f 274/340/1423 90/344/1424 278/345/1425
f 273/339/1426 89/338/1427 274/340/1428
f 257/321/1429 255/319/1430 273/339/1431
f 265/330/1432 264/328/1433 285/352/1434
f 256/320/1435 285/352/1436 264/328/1437
f 290/357/1438 279/346/1439 278/345/1440
f 288/355/1441 281/348/1442 279/346/1443
f 250/314/1444 282/349/1445 281/348/1446
f 250/314/1447 251/315/1448 282/349/1449
f 251/315/1450 252/316/1451 283/350/1452
f 252/316/1453 254/318/1454 283/350/1455
f 288/355/1456 250/314/1457 281/348/1458
f 289/356/1459 288/355/1460 279/346/1461
f 251/315/1462 283/350/1463 282/349/1464
f 290/357/1465 287/354/1466 237/301/1467
f 259/323/1468 286/353/1469 273/339/1470
f 294/361/1471 267/332/1472 265/330/1473
f 259/323/1474 275/341/1475 280/347/1476
f 294/361/1477 286/353/1478 260/324/1479
f 279/346/1480 275/341/1481 274/340/1482
f 282/349/1483 277/343/1484 280/347/1485
f 277/343/1486 276/342/1487 258/322/1488
f 276/342/1489 262/326/1490 258/322/1491
f 260/324/1492 262/326/1493 263/327/1494
f 261/325/1495 262/326/1496 276/342/1497
f 290/357/1498 237/301/1499 240/304/1500
f 246/310/1501 250/314/1502 244/308/1503
f 248/312/1504 251/315/1505 246/310/1506
f 253/317/1507 252/316/1508 248/312/1509
f 259/323/1510 260/324/1511 286/353/1512
f 266/331/1513 267/332/1514 294/361/1515
f 273/339/1516 275/341/1517 259/323/1518
f 276/342/1519 271/336/1520 261/325/1521
f 285/352/1522 286/353/1523 294/361/1524
f 242/306/1525 250/314/1526 288/355/1527
f 240/304/1528 288/355/1529 289/356/1530
f 237/301/1531 287/354/1532 293/360/1533
f 273/339/1534 286/353/1535 257/321/1536
f 294/361/1537 265/330/1538 285/352/1539
f 259/323/1540 280/347/1541 258/322/1542
f 294/361/1543 260/324/1544 266/331/1545
f 277/343/1546 258/322/1547 280/347/1548
f 258/322/1549 262/326/1550 260/324/1551
f 290/357/1552 240/304/1553 289/356/1554
f 172/362/1555 176/364/1556 295/363/1557
f 198/365/1558 295/363/1559 296/366/1560
f 202/367/1561 296/366/1562 297/368/1563
f 206/369/1564 297/368/1565 298/370/1566
f 210/371/1567 298/370/1568 299/372/1569
f 214/373/1570 299/372/1571 300/374/1572
f 218/375/1573 300/374/1574 301/376/1575
f 176/364/1576 173/378/1577 302/377/1578
f 295/363/1579 302/377/1580 303/379/1581
f 296/366/1582 303/379/1583 304/380/1584
f 297/368/1585 304/380/1586 305/381/1587
f 298/370/1588 305/381/1589 306/382/1590
f 299/372/1591 306/382/1592 307/383/1593
f 300/374/1594 307/383/1595 308/384/1596
f 307/383/1597 310/386/1598 309/385/1599
f 306/382/1600 311/387/1601 310/386/1602
f 305/381/1603 312/388/1604 311/387/1605
f 304/380/1606 313/389/1607 312/388/1608
f 303/379/1609 314/390/1610 313/389/1611
f 302/377/1612 315/391/1613 314/390/1614
f 173/378/1615 177/392/1616 315/391/1617
f 193/393/1618 316/395/1619 178/394/1620
f 196/396/1621 317/397/1622 193/393/1623
f 200/398/1624 318/399/1625 196/396/1626
f 204/400/1627 319/401/1628 200/398/1629
f 208/402/1630 320/403/1631 204/400/1632
f 212/404/1633 321/405/1634 208/402/1635
f 236/406/1636 322/408/1637 212/407/1638
f 316/395/1639 239/410/1640 323/409/1641
f 317/397/1642 241/411/1643 239/410/1644
f 318/399/1645 243/412/1646 241/411/1647
f 319/401/1648 245/413/1649 243/412/1650
f 320/403/1651 247/414/1652 245/413/1653
f 321/415/1654 291/417/1655 247/416/1656
f 236/406/1657 217/419/1658 324/418/1659
f 291/417/1660 324/418/1661 325/420/1662
f 326/421/1663 327/423/1664 292/422/1665
f 217/419/1666 234/425/1667 328/424/1668
f 326/421/1669 329/426/1670 327/423/1671
f 234/425/1672 215/428/1673 330/427/1674
f 215/428/1675 216/430/1676 331/429/1677
f 330/427/1678 331/429/1679 332/431/1680
f 333/432/1681 332/431/1682 334/433/1683
f 335/434/1684 235/436/1685 336/435/1686
f 337/437/1687 335/434/1688 338/438/1689
f 332/439/1690 337/437/1691 339/440/1692
f 235/436/1693 233/442/1694 340/441/1695
f 338/438/1696 336/435/1697 340/441/1698
f 233/442/1699 219/444/1700 301/443/1701
f 340/441/1702 301/443/1703 308/445/1704
f 341/446/1705 308/445/1706 309/447/1707
f 174/448/1708 316/395/1709 323/409/1710
f 172/362/1711 295/363/1712 198/365/1713
f 198/365/1714 296/366/1715 202/367/1716
f 202/367/1717 297/368/1718 206/369/1719
f 206/369/1720 298/370/1721 210/371/1722
f 210/371/1723 299/372/1724 214/373/1725
f 214/373/1726 300/374/1727 218/375/1728
f 218/375/1729 301/376/1730 219/449/1731
f 178/394/1732 316/395/1733 174/448/1734
f 193/393/1735 317/397/1736 316/395/1737
f 196/396/1738 318/399/1739 317/397/1740
f 200/398/1741 319/401/1742 318/399/1743
f 204/400/1744 320/403/1745 319/401/1746
f 208/402/1747 321/405/1748 320/403/1749
f 212/407/1750 322/408/1751 321/415/1752
f 239/410/1753 316/395/1754 317/397/1755
f 241/411/1756 317/397/1757 318/399/1758
f 243/412/1759 318/399/1760 319/401/1761
f 245/413/1762 319/401/1763 320/403/1764
f 247/414/1765 320/403/1766 321/405/1767
f 291/417/1768 321/415/1769 322/408/1770
f 236/406/1771 324/418/1772 322/408/1773
f 326/421/1774 292/422/1775 249/450/1776
f 215/428/1777 331/429/1778 330/427/1779
f 333/432/1780 334/433/1781 342/451/1782
f 235/436/1783 340/441/1784 336/435/1785
f 233/442/1786 301/443/1787 340/441/1788
f 341/446/1789 309/447/1790 343/452/1791
f 174/448/1792 323/409/1793 179/453/1794
f 309/454/1795 310/456/1796 180/455/1797
f 310/456/1798 311/457/1799 180/455/1800
f 311/457/1801 312/458/1802 180/455/1803
f 312/458/1804 313/459/1805 180/455/1806
f 313/459/1807 314/460/1808 180/455/1809
f 314/460/1810 315/461/1811 180/455/1812
f 315/461/1813 177/462/1814 180/455/1815
f 344/463/1816 338/438/1817 343/452/1818
f 339/440/1819 337/437/1820 338/438/1821
f 235/436/1822 335/434/1823 216/464/1824
f 335/434/1825 337/437/1826 331/465/1827
f 329/426/1828 328/424/1829 345/466/1830
f 346/467/1831 329/426/1832 347/468/1833
f 347/468/1834 345/466/1835 330/427/1836
f 348/469/1837 347/468/1838 333/432/1839
f 328/424/1840 234/425/1841 345/466/1842
f 307/383/1843 309/385/1844 308/384/1845
f 306/382/1846 310/386/1847 307/383/1848
f 305/381/1849 311/387/1850 306/382/1851
f 304/380/1852 312/388/1853 305/381/1854
f 303/379/1855 313/389/1856 304/380/1857
f 302/377/1858 314/390/1859 303/379/1860
f 173/378/1861 315/391/1862 302/377/1863
f 217/419/1864 328/424/1865 324/418/1866
f 328/424/1867 325/420/1868 324/418/1869
f 327/423/1870 329/426/1871 346/467/1872
f 234/425/1873 330/427/1874 345/466/1875
f 332/439/1876 339/440/1877 334/470/1878
f 343/452/1879 338/438/1880 341/446/1881
f 339/440/1882 338/438/1883 344/463/1884
f 216/464/1885 335/434/1886 331/465/1887
f 346/467/1888 347/468/1889 348/469/1890
f 348/469/1891 333/432/1892 342/451/1893
f 324/418/1894 291/417/1895 322/408/1896
f 291/417/1897 326/421/1898 249/450/1899
f 176/364/1900 302/377/1901 295/363/1902
f 295/363/1903 303/379/1904 296/366/1905
f 296/366/1906 304/380/1907 297/368/1908
f 297/368/1909 305/381/1910 298/370/1911
f 298/370/1912 306/382/1913 299/372/1914
f 299/372/1915 307/383/1916 300/374/1917
f 300/374/1918 308/384/1919 301/376/1920
f 330/427/1921 332/431/1922 333/432/1923
f 338/438/1924 335/434/1925 336/435/1926
f 338/438/1927 340/441/1928 341/446/1929
f 340/441/1930 308/445/1931 341/446/1932
f 331/465/1933 337/437/1934 332/439/1935
f 329/426/1936 345/466/1937 347/468/1938
f 347/468/1939 330/427/1940 333/432/1941
f 291/417/1942 325/420/1943 326/421/1944
f 325/420/1945 328/424/1946 329/426/1947
f 325/420/1948 329/426/1949 326/421/1950
f 151/484/1951 153/485/1952 149/482/1953
f 153/485/1954 151/484/1955 150/483/1956
f 149/482/1957 153/485/1958 180/471/1959
f 151/484/1960 138/479/1961 150/483/1962
f 138/479/1963 151/484/1964 142/480/1965
f 150/483/1966 171/490/1967 168/478/1968
f 142/480/1969 151/484/1970 161/489/1971
f 180/471/1972 77/491/1973 71/477/1974
f 71/477/1975 70/487/1976 180/471/1977
f 70/487/1978 69/486/1979 180/471/1980
f 53/475/1981 72/488/1982 180/471/1983
f 82/472/1984 180/471/1985 54/473/1986
f 55/474/1987 54/473/1988 180/471/1989
f 69/486/1990 55/474/1991 180/471/1992
f 82/472/1993 53/475/1994 180/471/1995
f 161/489/1996 163/481/1997 142/480/1998
f 150/483/1999 138/479/2000 171/490/2001
f 153/485/2002 63/476/2003 77/491/2004
f 77/491/2005 180/471/2006 153/485/2007
f 343/493/2008 292/495/2009 327/494/2010
f 292/495/2011 343/493/2012 309/492/2013
f 309/492/2014 180/496/2015 292/495/2016
f 343/493/2017 342/498/2018 334/497/2019
f 342/498/2020 343/493/2021 327/494/2022
f 327/494/2023 346/500/2024 348/499/2025
f 334/497/2026 344/501/2027 343/493/2028
f 180/496/2029 284/503/2030 254/502/2031
f 284/503/2032 180/496/2033 272/504/2034
f 272/504/2035 180/496/2036 270/505/2037
f 265/506/2038 180/496/2039 72/507/2040
f 267/508/2041 268/509/2042 180/496/2043
f 269/510/2044 180/496/2045 268/509/2046
f 270/505/2047 180/496/2048 269/510/2049
f 267/508/2050 180/496/2051 265/506/2052
f 344/501/2053 334/497/2054 339/511/2055
f 327/494/2056 348/499/2057 342/498/2058
f 292/495/2059 254/502/2060 253/512/2061
f 254/502/2062 292/495/2063 180/496/2064
