# This file uses feet as units for non-parametric coordinates.

g default
v 29.444565 174.229095 -43.416592
v 31.414541 174.229095 -43.416592
v 31.414541 174.229095 -40.903225
v 29.444565 174.229095 -40.903225
v 29.444565 176.143341 -43.416592
v 31.414541 176.143341 -43.416592
v 31.414541 176.143341 -40.903225
v 29.444565 176.143341 -40.903225
v 29.444565 174.229095 -43.966591
v 31.964540 174.229095 -43.966591
v 29.444565 176.143341 -43.966591
v 31.964540 176.143341 -43.966591
v 31.964540 176.143341 -40.353226
v 31.964540 174.229095 -40.353226
v 29.444565 176.143341 -40.353226
v 29.444565 174.229095 -40.353226
v -31.414541 90.423843 -43.416592
v 31.414541 90.423843 -43.416592
v 31.414541 90.423843 -40.903225
v -31.414541 90.423843 -40.903225
v -31.414541 183.558334 -43.416592
v -31.414541 183.558334 -40.903225
v 31.414541 183.558334 -40.903225
v 31.414541 183.558334 -43.416592
v 0.000000 188.842331 -43.416592
v 0.000000 188.842331 -40.903225
v -29.444565 174.229095 -43.416592
v -31.414541 174.229095 -43.416592
v -31.414541 174.229095 -40.903225
v -29.444565 174.229095 -40.903225
v -29.444565 176.143341 -43.416592
v -31.414541 176.143341 -43.416592
v -31.414541 176.143341 -40.903225
v -29.444565 176.143341 -40.903225
v -29.444565 174.229095 -43.966591
v -31.964540 174.229095 -43.966591
v -29.444565 176.143341 -43.966591
v -31.964540 176.143341 -43.966591
v -31.964540 176.143341 -40.353226
v -31.964540 174.229095 -40.353226
v -29.444565 176.143341 -40.353226
v -29.444565 174.229095 -40.353226
v -31.514864 92.317329 -43.416592
v -33.654099 92.317329 -44.530224
v -51.547562 92.317329 -4.934711
v -53.686790 92.317329 -6.048344
v -33.654099 144.421051 -44.530224
v -53.686790 139.184143 -6.048344
v -51.547562 139.184143 -4.934711
v -31.514864 144.421051 -43.416592
v 31.514864 92.317329 -43.416592
v 33.654099 92.317329 -44.530224
v 51.547562 92.317329 -4.934711
v 53.686790 92.317329 -6.048344
v 33.654099 129.169922 -44.530224
v 53.686790 123.932999 -6.048344
v 51.547562 123.932999 -4.934711
v 31.514864 129.169922 -43.416592
v -28.708408 64.903992 -30.138325
v -29.659557 65.317505 -30.441509
v -30.610712 64.903992 -30.744698
v -31.004696 63.905689 -30.870281
v -30.610714 62.907383 -30.744698
v -29.659559 62.493874 -30.441509
v -28.708408 62.907383 -30.138325
v -28.314430 63.905689 -30.012743
v -44.289558 64.903992 18.742813
v -45.240711 65.317505 18.439629
v -46.191864 64.903992 18.136444
v -46.585846 63.905689 18.010860
v -46.191864 62.907383 18.136444
v -45.240711 62.493874 18.439629
v -44.289558 62.907383 18.742813
v -43.895576 63.905689 18.868397
v 44.393547 64.558762 20.759609
v 44.393539 64.972275 19.761307
v 44.393547 64.558762 18.763000
v 44.393555 63.560463 18.349487
v 44.393570 62.562157 18.763000
v 44.393570 62.148647 19.761307
v 44.393570 62.562157 20.759609
v 44.393555 63.560463 21.173126
v -44.393547 64.558762 20.759609
v -44.393539 64.972275 19.761307
v -44.393547 64.558762 18.763000
v -44.393555 63.560463 18.349487
v -44.393570 62.562157 18.763000
v -44.393570 62.148647 19.761307
v -44.393570 62.562157 20.759609
v -44.393555 63.560463 21.173126
v 27.755123 64.558762 -30.919388
v 27.755117 64.972275 -31.917690
v 27.755123 64.558762 -32.915997
v 27.755127 63.560463 -33.329510
v 27.755136 62.562157 -32.915997
v 27.755136 62.148647 -31.917690
v 27.755136 62.562157 -30.919388
v 27.755127 63.560463 -30.505871
v -27.755123 64.558762 -30.919388
v -27.755117 64.972275 -31.917690
v -27.755123 64.558762 -32.915997
v -27.755127 63.560463 -33.329510
v -27.755136 62.562157 -32.915997
v -27.755136 62.148647 -31.917690
v -27.755136 62.562157 -30.919388
v -27.755127 63.560463 -30.505871
v -32.901634 2.836790 -37.173172
v -34.046867 -0.565252 -37.509796
v -34.284927 -0.485443 -38.096138
v -33.381477 2.983525 -38.353279
v -34.869671 -0.407517 -38.338753
v -34.557922 3.130491 -38.841988
v -35.458565 -0.377123 -38.095524
v -35.741814 3.191596 -38.353012
v -35.706654 -0.412065 -37.508934
v -36.239658 3.131042 -37.172783
v -35.468594 -0.491874 -36.922581
v -35.759815 2.984307 -35.992664
v -34.883854 -0.569799 -36.679970
v -34.583374 2.837341 -35.503960
v -34.294952 -0.600194 -36.923195
v -33.399475 2.776236 -35.992939
v -27.332624 65.922310 -33.300201
v -26.651022 65.713882 -31.623882
v -29.003733 66.131073 -33.994396
v -30.685429 66.217873 -33.299812
v -31.392601 66.131859 -31.623329
v -30.710995 65.923424 -29.947008
v -29.039890 65.714661 -29.252815
v -27.358196 65.627869 -29.947401
v -55.884743 0.113738 25.204113
v -56.123920 0.111354 24.612822
v -56.703423 0.196798 24.360357
v -57.283787 0.320018 24.594612
v -57.525051 0.408834 25.178366
v -57.285873 0.411218 25.769661
v -56.706375 0.325775 26.022121
v -56.126003 0.202554 25.787868
v -54.446770 3.409765 24.944864
v -54.930054 3.391398 23.757204
v -56.096802 3.553574 23.250402
v -57.263546 3.801291 23.721340
v -57.746830 3.989439 24.894152
v -57.263546 4.007806 26.081818
v -56.096802 3.845631 26.588619
v -54.930054 3.597913 26.117683
v -43.425602 65.485062 17.804308
v -42.739113 65.511162 19.491356
v -45.082939 65.715431 17.084412
v -46.740273 66.067314 17.753370
v -47.426765 66.334572 19.419319
v -46.740273 66.360664 21.106367
v -45.082939 66.130295 21.826263
v -43.425606 65.778419 21.157305
v -72.886459 90.423843 36.057072
v 0.000000 90.423843 32.458084
v 48.495911 90.423843 39.719990
v 45.464920 90.423843 39.635551
v 42.433929 90.423843 39.403336
v 39.402943 90.423836 39.044464
v 36.371948 90.423843 38.580040
v 33.340958 90.423836 38.031174
v 30.309971 90.423843 37.418980
v 27.278978 90.423843 36.764565
v 24.247986 90.423843 36.089035
v 69.712837 90.423843 36.764561
v 66.681847 90.423843 37.418976
v 63.650860 90.423843 38.031174
v 60.619869 90.423843 38.580040
v 57.588879 90.423843 39.044464
v 54.557892 90.423843 39.403339
v 51.526901 90.423843 39.635551
v 21.216995 90.423843 35.413513
v 18.186003 90.423843 34.759094
v 15.155009 90.423836 34.146896
v 12.124016 90.423843 33.598034
v 9.093021 90.423836 33.133610
v 6.062027 90.423843 32.774734
v 3.031033 90.423843 32.542522
v 72.886459 90.423843 36.057072
v -48.495911 90.423843 39.719990
v -45.464920 90.423843 39.635551
v -42.433929 90.423843 39.403336
v -39.402943 90.423836 39.044464
v -36.371948 90.423843 38.580040
v -33.340958 90.423836 38.031174
v -30.309971 90.423843 37.418980
v -27.278978 90.423843 36.764565
v -24.247986 90.423843 36.089035
v -69.712837 90.423843 36.764561
v -66.681847 90.423843 37.418976
v -63.650860 90.423843 38.031174
v -60.619869 90.423843 38.580040
v -57.588879 90.423843 39.044464
v -54.557892 90.423843 39.403339
v -51.526901 90.423843 39.635551
v -21.216995 90.423843 35.413513
v -18.186003 90.423843 34.759094
v -15.155009 90.423836 34.146896
v -12.124016 90.423843 33.598034
v -9.093021 90.423836 33.133610
v -6.062027 90.423843 32.774734
v -3.031033 90.423843 32.542522
v 31.444956 90.423843 -43.416580
v 32.970573 92.317329 -45.843243
v 32.970573 63.230896 -45.843243
v -72.883850 68.286819 36.058422
v -72.884972 65.124390 36.057846
v -30.309969 68.286819 35.547783
v -30.317722 68.286835 34.125126
v -59.163960 68.286842 9.703010
v -31.593872 68.286835 9.701523
v -72.886086 87.261414 36.057266
v -30.309971 87.261414 35.547783
v -30.317722 87.261398 34.125126
v -59.166191 87.261406 9.701859
v -31.593872 87.261398 9.701523
v -30.309969 77.774124 37.371536
v -30.309971 82.517761 36.798962
v -30.309967 73.030464 36.798962
v -30.309969 75.402290 37.212486
v -30.309969 70.658646 36.215786
v -30.309969 80.145935 37.212486
v -30.309971 84.889587 36.215782
v -71.580177 92.317329 33.547215
v -71.576759 63.230896 33.548992
v -73.719482 92.317329 32.433537
v -73.719482 63.230896 32.433537
v -75.447739 80.612534 40.980015
v -75.523201 77.774109 41.125793
v -77.664238 77.774109 40.011215
v -77.588440 80.612534 39.865612
v -75.223579 83.340469 40.548637
v -77.363960 83.340469 39.434399
v -74.859344 85.854546 39.848228
v -76.999428 85.854546 38.734146
v -74.369019 88.058151 38.905708
v -76.508842 88.058151 37.791763
v -73.771469 89.866608 37.757305
v -75.911072 89.866608 36.643471
v -73.089630 91.210403 36.447136
v -75.229073 91.210403 35.333385
v -72.349724 92.037918 35.025566
v -74.489067 92.037918 33.911869
v -72.346375 63.510300 35.027306
v -74.489067 63.510300 33.911869
v -73.086472 64.337822 36.448776
v -75.229073 64.337822 35.333385
v -73.768623 65.681610 37.758781
v -75.911072 65.681610 36.643471
v -74.366600 67.490082 38.906963
v -76.508842 67.490082 37.791763
v -74.857445 69.693680 39.849213
v -76.999428 69.693680 38.734146
v -75.222275 72.207764 40.549316
v -77.363960 72.207764 39.434399
v -75.447075 74.935699 40.980362
v -77.588440 74.935699 39.865612
v -31.514936 92.317329 -43.416630
v -31.511524 63.230896 -43.414852
v -32.970573 92.317329 -45.843243
v -32.970573 63.230896 -45.843243
v -31.514715 90.423843 -43.416515
v -31.511745 65.124390 -43.414967
v 0.000000 68.286819 0.084128
v 0.000000 68.286819 32.458084
v 0.000000 65.124390 32.458084
v 0.000000 87.261414 0.084128
v 0.000000 87.261414 32.458084
v 72.883850 68.286819 36.058422
v 48.495911 68.286819 39.719990
v 60.619869 68.286819 38.580040
v 36.371948 68.286819 38.580040
v 42.433929 68.286819 39.403336
v 30.309971 68.286819 37.418980
v 66.681847 68.286819 37.418976
v 54.557892 68.286819 39.403339
v 39.402943 68.286827 39.044464
v 45.464920 68.286819 39.635551
v 33.340958 68.286827 38.031174
v 27.278980 68.286819 36.764565
v 63.650860 68.286819 38.031174
v 69.712837 68.286819 36.764561
v 57.588879 68.286819 39.044464
v 51.526901 68.286819 39.635551
v 27.278980 68.286819 4.390600
v 24.247986 68.286819 3.715080
v 21.216995 68.286819 3.039557
v 18.186003 68.286819 2.385139
v 15.155009 68.286819 1.772944
v 12.124015 68.286804 1.224078
v 9.093022 68.286835 0.759650
v 6.062027 68.286804 0.400779
v 3.031034 68.286819 0.168567
v 24.247986 68.286819 36.089035
v 21.216995 68.286819 35.413513
v 18.186003 68.286819 34.759094
v 15.155009 68.286819 34.146896
v 12.124016 68.286812 33.598034
v 9.093021 68.286835 33.133606
v 6.062027 68.286812 32.774734
v 3.031033 68.286819 32.542522
v 48.495911 65.124390 39.719990
v 45.464920 65.124390 39.635551
v 42.433929 65.124390 39.403336
v 39.402943 65.124390 39.044464
v 36.371948 65.124390 38.580040
v 33.340958 65.124390 38.031174
v 30.309971 65.124390 37.418980
v 27.278978 65.124390 36.764565
v 24.247986 65.124390 36.089035
v 69.712837 65.124390 36.764561
v 66.681847 65.124390 37.418976
v 63.650860 65.124390 38.031174
v 60.619869 65.124390 38.580040
v 57.588879 65.124390 39.044464
v 54.557892 65.124390 39.403339
v 51.526901 65.124390 39.635551
v 21.216995 65.124390 35.413513
v 18.186003 65.124390 34.759094
v 15.155009 65.124390 34.146896
v 12.124016 65.124390 33.598034
v 9.093021 65.124390 33.133610
v 6.062027 65.124390 32.774734
v 3.031033 65.124390 32.542522
v 72.884972 65.124390 36.057846
v 30.309969 68.286819 35.547783
v 27.278980 68.286819 35.547783
v 45.480431 68.286835 36.341698
v 42.449436 68.286842 36.109482
v 39.418449 68.286827 35.750618
v 36.387455 68.286850 35.286186
v 33.356468 68.286827 34.737328
v 30.317722 68.286835 34.125126
v 59.163960 68.286842 9.703010
v 31.593872 68.286835 9.701523
v 72.886086 87.261414 36.057266
v 48.495911 87.261414 39.719990
v 60.619869 87.261414 38.580040
v 36.371948 87.261414 38.580040
v 42.433929 87.261414 39.403336
v 30.309971 87.261414 37.418980
v 66.681847 87.261414 37.418976
v 54.557892 87.261414 39.403339
v 39.402943 87.261406 39.044464
v 45.464920 87.261414 39.635551
v 33.340958 87.261406 38.031174
v 27.278980 87.261414 36.764565
v 63.650860 87.261414 38.031174
v 69.712837 87.261414 36.764561
v 57.588879 87.261414 39.044464
v 51.526901 87.261414 39.635551
v 27.278980 87.261414 4.390600
v 24.247986 87.261414 3.715080
v 21.216995 87.261414 3.039557
v 18.186003 87.261414 2.385139
v 15.155009 87.261414 1.772944
v 12.124015 87.261429 1.224078
v 9.093022 87.261398 0.759650
v 6.062027 87.261429 0.400779
v 3.031034 87.261414 0.168567
v 24.247986 87.261414 36.089035
v 21.216995 87.261414 35.413513
v 18.186003 87.261414 34.759094
v 15.155009 87.261414 34.146896
v 12.124016 87.261421 33.598034
v 9.093021 87.261398 33.133606
v 6.062027 87.261421 32.774734
v 3.031033 87.261414 32.542522
v 30.309971 87.261414 35.547783
v 27.278980 87.261414 35.547783
v 30.309969 77.774124 37.371536
v 27.278978 77.774124 37.371536
v 30.309971 82.517761 36.798962
v 27.278978 82.517761 36.798962
v 27.278978 73.030464 36.798962
v 30.309967 73.030464 36.798962
v 27.278978 70.658646 36.215786
v 27.278978 75.402290 37.212486
v 30.309969 75.402290 37.212486
v 30.309969 70.658646 36.215786
v 30.309969 80.145935 37.212486
v 30.309971 84.889587 36.215782
v 27.278978 84.889587 36.215782
v 27.278978 80.145943 37.212486
v -48.495911 68.286819 39.719990
v -60.619869 68.286819 38.580040
v -36.371948 68.286819 38.580040
v -42.433929 68.286819 39.403336
v -30.309971 68.286819 37.418980
v -66.681847 68.286819 37.418976
v -54.557892 68.286819 39.403339
v -39.402943 68.286827 39.044464
v -45.464920 68.286819 39.635551
v -33.340958 68.286827 38.031174
v -27.278980 68.286819 36.764565
v -63.650860 68.286819 38.031174
v -69.712837 68.286819 36.764561
v -57.588879 68.286819 39.044464
v -51.526901 68.286819 39.635551
v -27.278980 68.286819 4.390600
v -24.247986 68.286819 3.715080
v -21.216995 68.286819 3.039557
v -18.186003 68.286819 2.385139
v -15.155009 68.286819 1.772944
v -12.124015 68.286804 1.224078
v -9.093022 68.286835 0.759650
v -6.062027 68.286804 0.400779
v -3.031034 68.286819 0.168567
v -24.247986 68.286819 36.089035
v -21.216995 68.286819 35.413513
v -18.186003 68.286819 34.759094
v -15.155009 68.286819 34.146896
v -12.124016 68.286812 33.598034
v -9.093021 68.286835 33.133606
v -6.062027 68.286812 32.774734
v -3.031033 68.286819 32.542522
v -48.495911 65.124390 39.719990
v -45.464920 65.124390 39.635551
v -42.433929 65.124390 39.403336
v -39.402943 65.124390 39.044464
v -36.371948 65.124390 38.580040
v -33.340958 65.124390 38.031174
v -30.309971 65.124390 37.418980
v -27.278978 65.124390 36.764565
v -24.247986 65.124390 36.089035
v -69.712837 65.124390 36.764561
v -66.681847 65.124390 37.418976
v -63.650860 65.124390 38.031174
v -60.619869 65.124390 38.580040
v -57.588879 65.124390 39.044464
v -54.557892 65.124390 39.403339
v -51.526901 65.124390 39.635551
v -21.216995 65.124390 35.413513
v -18.186003 65.124390 34.759094
v -15.155009 65.124390 34.146896
v -12.124016 65.124390 33.598034
v -9.093021 65.124390 33.133610
v -6.062027 65.124390 32.774734
v -3.031033 65.124390 32.542522
v -27.278980 68.286819 35.547783
v -45.480431 68.286835 36.341698
v -42.449436 68.286842 36.109482
v -39.418449 68.286827 35.750618
v -36.387455 68.286850 35.286186
v -33.356468 68.286827 34.737328
v -48.495911 87.261414 39.719990
v -60.619869 87.261414 38.580040
v -36.371948 87.261414 38.580040
v -42.433929 87.261414 39.403336
v -30.309971 87.261414 37.418980
v -66.681847 87.261414 37.418976
v -54.557892 87.261414 39.403339
v -39.402943 87.261406 39.044464
v -45.464920 87.261414 39.635551
v -33.340958 87.261406 38.031174
v -27.278980 87.261414 36.764565
v -63.650860 87.261414 38.031174
v -69.712837 87.261414 36.764561
v -57.588879 87.261414 39.044464
v -51.526901 87.261414 39.635551
v -27.278980 87.261414 4.390600
v -24.247986 87.261414 3.715080
v -21.216995 87.261414 3.039557
v -18.186003 87.261414 2.385139
v -15.155009 87.261414 1.772944
v -12.124015 87.261429 1.224078
v -9.093022 87.261398 0.759650
v -6.062027 87.261429 0.400779
v -3.031034 87.261414 0.168567
v -24.247986 87.261414 36.089035
v -21.216995 87.261414 35.413513
v -18.186003 87.261414 34.759094
v -15.155009 87.261414 34.146896
v -12.124016 87.261421 33.598034
v -9.093021 87.261398 33.133606
v -6.062027 87.261421 32.774734
v -3.031033 87.261414 32.542522
v -27.278980 87.261414 35.547783
v -45.480431 87.261398 36.341698
v -42.449436 87.261391 36.109482
v -39.418449 87.261406 35.750618
v -36.387455 87.261383 35.286186
v -33.356468 87.261406 34.737328
v -27.278978 77.774124 37.371536
v -27.278978 82.517761 36.798962
v -27.278978 73.030464 36.798962
v -27.278978 70.658646 36.215786
v -27.278978 75.402290 37.212486
v -27.278978 84.889587 36.215782
v -27.278978 80.145943 37.212486
v 71.580177 92.317329 33.547215
v 71.576759 63.230896 33.548992
v 73.719482 92.317329 32.433537
v 73.719482 63.230896 32.433537
v 75.447739 80.612534 40.980015
v 75.523201 77.774109 41.125793
v 77.664238 77.774109 40.011215
v 77.588440 80.612534 39.865612
v 75.223579 83.340469 40.548637
v 77.363960 83.340469 39.434399
v 74.859344 85.854546 39.848228
v 76.999428 85.854546 38.734146
v 74.369019 88.058151 38.905708
v 76.508842 88.058151 37.791763
v 73.771469 89.866608 37.757305
v 75.911072 89.866608 36.643471
v 73.089630 91.210403 36.447136
v 75.229073 91.210403 35.333385
v 72.349724 92.037918 35.025566
v 74.489067 92.037918 33.911869
v 72.346375 63.510300 35.027306
v 74.489067 63.510300 33.911869
v 73.086472 64.337822 36.448776
v 75.229073 64.337822 35.333385
v 73.768623 65.681610 37.758781
v 75.911072 65.681610 36.643471
v 74.366600 67.490082 38.906963
v 76.508842 67.490082 37.791763
v 74.857445 69.693680 39.849213
v 76.999428 69.693680 38.734146
v 75.222275 72.207764 40.549316
v 77.363960 72.207764 39.434399
v 75.447075 74.935699 40.980362
v 77.588440 74.935699 39.865612
v 31.514936 92.317329 -43.416630
v 31.514715 90.423843 -43.416515
v -72.886459 90.423843 36.057072
v 0.000000 90.423843 32.458084
v 48.495911 90.423843 39.719990
v 45.464920 90.423843 39.635551
v 42.433929 90.423843 39.403336
v 39.402943 90.423836 39.044464
v 36.371948 90.423843 38.580040
v 33.340958 90.423836 38.031174
v 30.309971 90.423843 37.418980
v 27.278978 90.423843 36.764565
v 24.247986 90.423843 36.089035
v 69.712837 90.423843 36.764561
v 66.681847 90.423843 37.418976
v 63.650860 90.423843 38.031174
v 60.619869 90.423843 38.580040
v 57.588879 90.423843 39.044464
v 54.557892 90.423843 39.403339
v 51.526901 90.423843 39.635551
v 21.216995 90.423843 35.413513
v 18.186003 90.423843 34.759094
v 15.155009 90.423836 34.146896
v 12.124016 90.423843 33.598034
v 9.093021 90.423836 33.133610
v 6.062027 90.423843 32.774734
v 3.031033 90.423843 32.542522
v 72.886459 90.423843 36.057072
v -31.444965 90.423843 -43.416588
v -48.495911 90.423843 39.719990
v -45.464920 90.423843 39.635551
v -42.433929 90.423843 39.403336
v -39.402943 90.423836 39.044464
v -36.371948 90.423843 38.580040
v -33.340958 90.423836 38.031174
v -30.309971 90.423843 37.418980
v -27.278978 90.423843 36.764565
v -24.247986 90.423843 36.089035
v -69.712837 90.423843 36.764561
v -66.681847 90.423843 37.418976
v -63.650860 90.423843 38.031174
v -60.619869 90.423843 38.580040
v -57.588879 90.423843 39.044464
v -54.557892 90.423843 39.403339
v -51.526901 90.423843 39.635551
v -21.216995 90.423843 35.413513
v -18.186003 90.423843 34.759094
v -15.155009 90.423836 34.146896
v -12.124016 90.423843 33.598034
v -9.093021 90.423836 33.133610
v -6.062027 90.423843 32.774734
v -3.031033 90.423843 32.542522
v 31.444956 90.423843 -43.416580
v -72.886459 65.124390 36.057072
v 0.000000 65.124390 32.458084
v 48.495911 65.124390 39.719990
v 45.464920 65.124390 39.635551
v 42.433929 65.124390 39.403336
v 39.402943 65.124390 39.044464
v 36.371948 65.124390 38.580040
v 33.340958 65.124390 38.031174
v 30.309971 65.124390 37.418980
v 27.278978 65.124390 36.764565
v 24.247986 65.124390 36.089035
v 69.712837 65.124390 36.764561
v 66.681847 65.124390 37.418976
v 63.650860 65.124390 38.031174
v 60.619869 65.124390 38.580040
v 57.588879 65.124390 39.044464
v 54.557892 65.124390 39.403339
v 51.526901 65.124390 39.635551
v 21.216995 65.124390 35.413513
v 18.186003 65.124390 34.759094
v 15.155009 65.124390 34.146896
v 12.124016 65.124390 33.598034
v 9.093021 65.124390 33.133610
v 6.062027 65.124390 32.774734
v 3.031033 65.124390 32.542522
v 72.886459 65.124390 36.057072
v -31.444965 65.124390 -43.416588
v -48.495911 65.124390 39.719990
v -45.464920 65.124390 39.635551
v -42.433929 65.124390 39.403336
v -39.402943 65.124390 39.044464
v -36.371948 65.124390 38.580040
v -33.340958 65.124390 38.031174
v -30.309971 65.124390 37.418980
v -27.278978 65.124390 36.764565
v -24.247986 65.124390 36.089035
v -69.712837 65.124390 36.764561
v -66.681847 65.124390 37.418976
v -63.650860 65.124390 38.031174
v -60.619869 65.124390 38.580040
v -57.588879 65.124390 39.044464
v -54.557892 65.124390 39.403339
v -51.526901 65.124390 39.635551
v -21.216995 65.124390 35.413513
v -18.186003 65.124390 34.759094
v -15.155009 65.124390 34.146896
v -12.124016 65.124390 33.598034
v -9.093021 65.124390 33.133610
v -6.062027 65.124390 32.774734
v -3.031033 65.124390 32.542522
v 31.444956 65.124390 -43.416580
v 73.719482 92.317329 32.433537
v 73.719482 63.230896 32.433537
v 77.664238 77.774109 40.011215
v 77.588440 80.612534 39.865612
v 77.363960 83.340469 39.434399
v 76.999428 85.854546 38.734146
v 76.508842 88.058151 37.791763
v 75.911072 89.866608 36.643471
v 75.229073 91.210403 35.333385
v 74.489067 92.037918 33.911869
v 74.489067 63.510300 33.911869
v 75.229073 64.337822 35.333385
v 75.911072 65.681610 36.643471
v 76.508842 67.490082 37.791763
v 76.999428 69.693680 38.734146
v 77.363960 72.207764 39.434399
v 77.588440 74.935699 39.865612
v 32.970573 92.317329 -45.843243
v 32.970573 63.230896 -45.843243
v 32.970573 63.230896 -45.843243
v -71.580177 63.230896 33.547215
v -73.719482 63.230896 32.433537
v -31.514936 63.230896 -43.416630
v -32.970573 63.230896 -45.843243
v 71.580177 63.230896 33.547215
v 73.719482 63.230896 32.433537
v 31.514936 63.230896 -43.416630
v -31.444956 65.124397 -43.416580
v 31.514936 63.230911 -43.416630
v 31.514715 65.124397 -43.416515
v -31.514936 63.230911 -43.416630
v -31.514715 65.124397 -43.416515
v 32.901634 2.836790 -37.173172
v 34.046867 -0.565252 -37.509796
v 34.284927 -0.485443 -38.096138
v 33.381477 2.983525 -38.353279
v 34.869671 -0.407517 -38.338753
v 34.557922 3.130491 -38.841988
v 35.458565 -0.377123 -38.095524
v 35.741814 3.191596 -38.353012
v 35.706654 -0.412065 -37.508934
v 36.239658 3.131042 -37.172783
v 35.468594 -0.491874 -36.922581
v 35.759815 2.984307 -35.992664
v 34.883854 -0.569799 -36.679970
v 34.583374 2.837341 -35.503960
v 34.294952 -0.600194 -36.923195
v 33.399475 2.776236 -35.992939
v 27.332624 65.922310 -33.300201
v 26.651022 65.713882 -31.623882
v 29.003733 66.131073 -33.994396
v 30.685429 66.217873 -33.299812
v 31.392601 66.131859 -31.623329
v 30.710995 65.923424 -29.947008
v 29.039890 65.714661 -29.252815
v 27.358196 65.627869 -29.947401
v 55.884743 0.113738 25.204113
v 56.123920 0.111354 24.612822
v 56.703423 0.196798 24.360357
v 57.283787 0.320018 24.594612
v 57.525051 0.408834 25.178366
v 57.285873 0.411218 25.769661
v 56.706375 0.325775 26.022121
v 56.126003 0.202554 25.787868
v 54.446770 3.409765 24.944864
v 54.930054 3.391398 23.757204
v 56.096802 3.553574 23.250402
v 57.263546 3.801291 23.721340
v 57.746830 3.989439 24.894152
v 57.263546 4.007806 26.081818
v 56.096802 3.845631 26.588619
v 54.930054 3.597913 26.117683
v 43.425602 65.485062 17.804308
v 42.739113 65.511162 19.491356
v 45.082939 65.715431 17.084412
v 46.740273 66.067314 17.753370
v 47.426765 66.334572 19.419319
v 46.740273 66.360664 21.106367
v 45.082939 66.130295 21.826263
v 43.425606 65.778419 21.157305
v 72.886459 90.423843 36.057072
v 72.883850 68.286819 36.058422
v 72.884972 65.124390 36.057846
v 30.309969 68.286819 35.547783
v 30.317722 68.286835 34.125126
v 59.163960 68.286842 9.703010
v 31.593872 68.286835 9.701523
v 72.886086 87.261414 36.057266
v 30.309971 87.261414 35.547783
v 30.317722 87.261398 34.125126
v 59.166191 87.261406 9.701859
v 31.593872 87.261398 9.701523
v 30.309969 77.774124 37.371536
v 30.309971 82.517761 36.798962
v 30.309967 73.030464 36.798962
v 30.309969 75.402290 37.212486
v 30.309969 70.658646 36.215786
v 30.309969 80.145935 37.212486
v 30.309971 84.889587 36.215782
v 71.580177 92.317329 33.547215
v 71.576759 63.230896 33.548992
v 75.447739 80.612534 40.980015
v 75.523201 77.774109 41.125793
v 75.223579 83.340469 40.548637
v 74.859344 85.854546 39.848228
v 74.369019 88.058151 38.905708
v 73.771469 89.866608 37.757305
v 73.089630 91.210403 36.447136
v 72.349724 92.037918 35.025566
v 72.346375 63.510300 35.027306
v 73.086472 64.337822 36.448776
v 73.768623 65.681610 37.758781
v 74.366600 67.490082 38.906963
v 74.857445 69.693680 39.849213
v 75.222275 72.207764 40.549316
v 75.447075 74.935699 40.980362
v 31.514936 92.317329 -43.416630
v 31.511524 63.230896 -43.414852
v 31.514715 90.423843 -43.416515
v 31.511745 65.124390 -43.414967
v 45.480431 68.286835 36.341698
v 42.449436 68.286842 36.109482
v 39.418449 68.286827 35.750618
v 36.387455 68.286850 35.286186
v 33.356468 68.286827 34.737328
v 45.480431 87.261398 36.341698
v 42.449436 87.261391 36.109482
v 39.418449 87.261406 35.750618
v 36.387455 87.261383 35.286186
v 33.356468 87.261406 34.737328
v -72.883850 87.261406 36.058422
v -30.309969 87.261406 35.547783
v -30.317722 87.261421 34.125126
v -59.163960 87.261429 9.703010
v -31.593872 87.261421 9.701523
v 0.000000 87.261406 0.084128
v 0.000000 87.261406 32.458084
v 72.883850 87.261406 36.058422
v 48.495911 87.261406 39.719990
v 60.619869 87.261406 38.580040
v 36.371948 87.261406 38.580040
v 42.433929 87.261406 39.403336
v 30.309971 87.261406 37.418980
v 66.681847 87.261406 37.418976
v 54.557892 87.261406 39.403339
v 39.402943 87.261414 39.044464
v 45.464920 87.261406 39.635551
v 33.340958 87.261414 38.031174
v 27.278980 87.261406 36.764565
v 63.650860 87.261406 38.031174
v 69.712837 87.261406 36.764561
v 57.588879 87.261406 39.044464
v 51.526901 87.261406 39.635551
v 27.278980 87.261406 4.390600
v 24.247986 87.261406 3.715080
v 21.216995 87.261406 3.039557
v 18.186003 87.261406 2.385139
v 15.155009 87.261406 1.772944
v 12.124015 87.261391 1.224078
v 9.093022 87.261421 0.759650
v 6.062027 87.261391 0.400779
v 3.031034 87.261406 0.168567
v 24.247986 87.261406 36.089035
v 21.216995 87.261406 35.413513
v 18.186003 87.261406 34.759094
v 15.155009 87.261406 34.146896
v 12.124016 87.261398 33.598034
v 9.093021 87.261421 33.133606
v 6.062027 87.261398 32.774734
v 3.031033 87.261406 32.542522
v 30.309969 87.261406 35.547783
v 27.278980 87.261406 35.547783
v 45.480431 87.261421 36.341698
v 42.449436 87.261429 36.109482
v 39.418449 87.261414 35.750618
v 36.387455 87.261436 35.286186
v 33.356468 87.261414 34.737328
v 30.317722 87.261421 34.125126
v 59.163960 87.261429 9.703010
v 31.593872 87.261421 9.701523
v -48.495911 87.261406 39.719990
v -60.619869 87.261406 38.580040
v -36.371948 87.261406 38.580040
v -42.433929 87.261406 39.403336
v -30.309971 87.261406 37.418980
v -66.681847 87.261406 37.418976
v -54.557892 87.261406 39.403339
v -39.402943 87.261414 39.044464
v -45.464920 87.261406 39.635551
v -33.340958 87.261414 38.031174
v -27.278980 87.261406 36.764565
v -63.650860 87.261406 38.031174
v -69.712837 87.261406 36.764561
v -57.588879 87.261406 39.044464
v -51.526901 87.261406 39.635551
v -27.278980 87.261406 4.390600
v -24.247986 87.261406 3.715080
v -21.216995 87.261406 3.039557
v -18.186003 87.261406 2.385139
v -15.155009 87.261406 1.772944
v -12.124015 87.261391 1.224078
v -9.093022 87.261421 0.759650
v -6.062027 87.261391 0.400779
v -3.031034 87.261406 0.168567
v -24.247986 87.261406 36.089035
v -21.216995 87.261406 35.413513
v -18.186003 87.261406 34.759094
v -15.155009 87.261406 34.146896
v -12.124016 87.261398 33.598034
v -9.093021 87.261421 33.133606
v -6.062027 87.261398 32.774734
v -3.031033 87.261406 32.542522
v -27.278980 87.261406 35.547783
v -45.480431 87.261421 36.341698
v -42.449436 87.261429 36.109482
v -39.418449 87.261414 35.750618
v -36.387455 87.261436 35.286186
v -33.356468 87.261414 34.737328
v 51.547562 111.402519 -4.934711
v 51.547562 110.141243 -4.934711
v 32.176208 110.141243 -42.271004
v 32.176208 111.402519 -42.271000
v 37.748650 111.402519 -10.027570
v 37.748650 110.141243 -10.027570
v 28.419140 110.141243 -28.009344
v 28.419140 111.402519 -28.009344
v 44.522095 111.402519 -6.116290
v 29.111109 110.141243 -35.819519
v 29.111109 111.402519 -35.819519
v 31.771297 110.141243 -18.332937
v 31.771299 111.402519 -18.332937
v 44.522095 110.141243 -6.116290
v 34.564400 110.141243 -13.753350
v 29.634493 110.141243 -23.255281
v 29.634493 111.402519 -23.255281
v 34.564400 111.402519 -13.753350
v 48.019081 110.141243 -5.354894
v 41.088120 110.141243 -7.560109
v 41.088120 111.402519 -7.560109
v 48.019081 111.402519 -5.354894
v 30.495352 110.141243 -39.130188
v 28.320156 110.141243 -32.169182
v 30.495352 111.402519 -39.130188
v 28.320156 111.402519 -32.169182
v 31.317242 111.402519 -40.711212
v 29.747612 111.402519 -37.506702
v 49.781349 111.402519 -5.123477
v 46.264679 111.402519 -5.671615
v 42.795258 111.402519 -6.731571
v 39.404602 111.402519 -8.644560
v 36.124199 111.402519 -11.751794
v 33.102386 111.402519 -15.968357
v 28.622925 111.402519 -34.047424
v 30.604288 111.402519 -20.783205
v 28.895065 111.402519 -25.685287
v 28.239866 111.402519 -30.163563
v 36.124199 110.141243 -11.751794
v 33.102386 110.141243 -15.968357
v 28.895065 110.141243 -25.685287
v 30.604290 110.141243 -20.783205
v 49.781349 110.141243 -5.123477
v 46.264679 110.141243 -5.671615
v 39.404602 110.141243 -8.644560
v 42.795258 110.141243 -6.731571
v 31.317242 110.141243 -40.711212
v 29.747612 110.141243 -37.506702
v 28.622925 110.141243 -34.047424
v 28.239866 110.141243 -30.163563
v -51.547562 111.402519 -4.934711
v -51.547562 110.141243 -4.934711
v -32.176208 110.141243 -42.271004
v -32.176208 111.402519 -42.271000
v -37.748650 111.402519 -10.027570
v -37.748650 110.141243 -10.027570
v -28.419140 110.141243 -28.009344
v -28.419140 111.402519 -28.009344
v -44.522095 111.402519 -6.116290
v -29.111109 110.141243 -35.819519
v -29.111109 111.402519 -35.819519
v -31.771297 110.141243 -18.332937
v -31.771297 111.402519 -18.332937
v -44.522095 110.141243 -6.116290
v -34.564400 110.141243 -13.753350
v -29.634495 110.141243 -23.255281
v -29.634495 111.402519 -23.255281
v -34.564400 111.402519 -13.753350
v -48.019077 110.141243 -5.354894
v -41.088120 110.141243 -7.560109
v -41.088120 111.402519 -7.560109
v -48.019077 111.402519 -5.354894
v -30.495352 110.141243 -39.130188
v -28.320156 110.141243 -32.169182
v -30.495352 111.402519 -39.130188
v -28.320156 111.402519 -32.169182
v -31.317244 111.402519 -40.711212
v -29.747610 111.402519 -37.506702
v -49.781349 111.402519 -5.123477
v -46.264679 111.402519 -5.671615
v -42.795261 111.402519 -6.731571
v -39.404602 111.402519 -8.644560
v -36.124203 111.402519 -11.751794
v -33.102383 111.402519 -15.968357
v -28.622927 111.402519 -34.047424
v -30.604286 111.402519 -20.783205
v -28.895067 111.402519 -25.685287
v -28.239866 111.402519 -30.163563
v -36.124203 110.141243 -11.751794
v -33.102383 110.141243 -15.968357
v -28.895067 110.141243 -25.685287
v -30.604288 110.141243 -20.783205
v -49.781349 110.141243 -5.123477
v -46.264679 110.141243 -5.671615
v -39.404602 110.141243 -8.644560
v -42.795261 110.141243 -6.731571
v -31.317244 110.141243 -40.711212
v -29.747610 110.141243 -37.506702
v -28.622927 110.141243 -34.047424
v -28.239866 110.141243 -30.163563
v -51.547562 126.657883 -4.934711
v -51.547562 125.396606 -4.934711
v -32.176208 125.396606 -42.271004
v -32.176208 126.657883 -42.271000
v -37.748650 126.657883 -10.027570
v -37.748650 125.396606 -10.027570
v -28.419140 125.396606 -28.009344
v -28.419140 126.657883 -28.009344
v -44.522095 126.657883 -6.116290
v -29.111109 125.396606 -35.819519
v -29.111109 126.657883 -35.819519
v -31.771297 125.396606 -18.332937
v -31.771297 126.657883 -18.332937
v -44.522095 125.396606 -6.116290
v -34.564400 125.396606 -13.753350
v -29.634495 125.396606 -23.255281
v -29.634495 126.657883 -23.255281
v -34.564400 126.657883 -13.753350
v -48.019077 125.396606 -5.354894
v -41.088120 125.396606 -7.560109
v -41.088120 126.657883 -7.560109
v -48.019077 126.657883 -5.354894
v -30.495352 125.396606 -39.130188
v -28.320156 125.396606 -32.169182
v -30.495352 126.657883 -39.130188
v -28.320156 126.657883 -32.169182
v -31.317244 126.657883 -40.711212
v -29.747610 126.657883 -37.506702
v -49.781349 126.657883 -5.123477
v -46.264679 126.657883 -5.671615
v -42.795261 126.657883 -6.731571
v -39.404602 126.657883 -8.644560
v -36.124203 126.657883 -11.751794
v -33.102383 126.657883 -15.968357
v -28.622927 126.657883 -34.047424
v -30.604286 126.657883 -20.783205
v -28.895067 126.657883 -25.685287
v -28.239866 126.657883 -30.163563
v -36.124203 125.396606 -11.751794
v -33.102383 125.396606 -15.968357
v -28.895067 125.396606 -25.685287
v -30.604288 125.396606 -20.783205
v -49.781349 125.396606 -5.123477
v -46.264679 125.396606 -5.671615
v -39.404602 125.396606 -8.644560
v -42.795261 125.396606 -6.731571
v -31.317244 125.396606 -40.711212
v -29.747610 125.396606 -37.506702
v -28.622927 125.396606 -34.047424
v -28.239866 125.396606 -30.163563
v 45.464920 68.286835 39.635551
v 39.402939 68.286835 39.044464
v 33.340958 68.286835 38.031174
v 69.712830 68.286835 36.764565
v 63.650848 68.286835 38.031174
v 57.588882 68.286835 39.044464
v 51.526901 68.286835 39.635551
v 42.433929 68.286835 39.403336
v 30.309967 68.286835 37.418976
v 66.681839 68.286835 37.418976
v 54.557892 68.286835 39.403336
v 36.371948 68.286835 38.580040
v 60.619873 68.286835 38.580032
v 72.885864 68.286835 36.057381
v 48.495911 68.286835 39.719986
v 48.495911 87.261414 39.719986
v 45.464920 87.261414 39.635551
v 42.433929 87.261414 39.403336
v 39.402939 87.261414 39.044464
v 36.371948 87.261414 38.580040
v 33.340958 87.261414 38.031174
v 30.309967 87.261414 37.418976
v 69.712830 87.261414 36.764565
v 72.885864 87.261414 36.057381
v 66.681839 87.261414 37.418976
v 63.650848 87.261414 38.031174
v 60.619873 87.261414 38.580032
v 57.588882 87.261414 39.044464
v 54.557892 87.261414 39.403336
v 51.526901 87.261414 39.635551
v 48.495911 87.261414 36.426140
v 45.464920 87.261414 36.341698
v 42.433929 87.261406 36.109482
v 39.402939 87.261421 35.750618
v 36.371948 87.261398 35.286186
v 33.340958 87.261421 34.737328
v 30.309967 87.261398 34.125130
v 68.598145 87.261414 33.710640
v 71.333130 87.261414 33.072433
v 66.095581 87.261406 34.243538
v 63.355652 87.261421 34.790779
v 60.619873 87.261406 35.286186
v 57.588882 87.261414 35.750610
v 54.557892 87.261406 36.109489
v 51.526901 87.261406 36.341698
v 48.495911 68.286835 36.426140
v 45.464920 68.286835 36.341698
v 42.433929 68.286827 36.109482
v 39.402939 68.286842 35.750618
v 36.371948 68.286819 35.286186
v 33.340958 68.286842 34.737328
v 30.309967 68.286819 34.125130
v 71.333130 68.286835 33.072433
v 68.598145 68.286835 33.710640
v 66.095581 68.286827 34.243538
v 63.355652 68.286842 34.790779
v 60.619873 68.286827 35.286186
v 57.588882 68.286835 35.750610
v 54.557892 68.286827 36.109489
v 51.526901 68.286827 36.341698
v -45.464920 68.286835 39.635551
v -39.402939 68.286835 39.044464
v -33.340958 68.286835 38.031174
v -69.712830 68.286835 36.764565
v -63.650848 68.286835 38.031174
v -57.588867 68.286835 39.044464
v -51.526901 68.286835 39.635551
v -42.433929 68.286835 39.403336
v -30.309967 68.286835 37.418976
v -66.681824 68.286835 37.418976
v -54.557892 68.286835 39.403336
v -36.371948 68.286835 38.580040
v -60.619873 68.286835 38.580032
v -72.885864 68.286835 36.057381
v -48.495911 68.286835 39.719986
v -48.495911 87.261414 39.719986
v -45.464920 87.261414 39.635551
v -42.433929 87.261414 39.403336
v -39.402939 87.261414 39.044464
v -36.371948 87.261414 38.580040
v -33.340958 87.261414 38.031174
v -30.309967 87.261414 37.418976
v -69.712830 87.261414 36.764565
v -72.885864 87.261414 36.057381
v -66.681824 87.261414 37.418976
v -63.650848 87.261414 38.031174
v -60.619873 87.261414 38.580032
v -57.588867 87.261414 39.044464
v -54.557892 87.261414 39.403336
v -51.526901 87.261414 39.635551
v -30.309967 87.261398 34.125130
v -30.309967 68.286819 34.125130
v 53.516464 80.743103 40.304565
v 51.526901 84.632362 40.304565
v 56.122742 77.774124 40.304565
v 54.763535 79.174950 40.304565
v 52.465622 82.604065 40.304565
v 49.537323 74.805145 40.304565
v 51.526901 70.915886 40.304565
v 46.931061 77.774124 40.304565
v 48.290253 76.373299 40.304565
v 50.588181 72.944183 40.304565
v 53.516464 74.805145 40.304565
v 54.763535 76.373299 40.304565
v 52.465622 72.944183 40.304565
v 49.537323 80.743103 40.304565
v 48.290253 79.174950 40.304565
v 50.588181 82.604065 40.304565
v 53.516464 80.743103 38.845673
v 52.465622 82.604065 38.845673
v 51.526901 84.632362 38.845673
v 54.763535 79.174950 38.845673
v 56.122742 77.774124 38.845673
v 49.537323 74.805145 38.845673
v 50.588181 72.944183 38.845673
v 51.526901 70.915886 38.845673
v 48.290253 76.373299 38.845673
v 46.931061 77.774124 38.845673
v 53.516464 74.805145 38.845673
v 52.465622 72.944183 38.845673
v 54.763535 76.373299 38.845673
v 49.537323 80.743103 38.845673
v 50.588181 82.604065 38.845673
v 48.290253 79.174950 38.845673
v 52.207092 79.401405 40.179504
v 51.526901 79.534859 40.179504
v 52.781799 79.031174 40.179504
v 50.846710 79.401405 40.179504
v 50.272003 79.031174 40.179504
v 50.846710 76.146843 40.179504
v 50.272003 76.517075 40.179504
v 51.526901 76.013390 40.179504
v 52.207092 76.146843 40.179504
v 52.781799 76.517075 40.179504
v 53.145615 77.093941 40.179504
v 53.274780 77.774124 40.179504
v 53.145615 78.454308 40.179504
v 49.908188 77.093941 40.179504
v 49.779022 77.774124 40.179504
v 49.908188 78.454308 40.179504
v 52.207092 79.401405 40.997009
v 52.781815 79.031174 40.997009
v 53.145615 78.454308 40.997009
v 53.274780 77.774124 40.997009
v 53.145615 77.093941 40.997009
v 52.781815 76.517075 40.997009
v 52.207092 76.146843 40.997009
v 51.526901 76.013390 40.997009
v 50.846710 76.146843 40.997009
v 50.272003 76.517075 40.997009
v 49.908188 77.093941 40.997009
v 49.779022 77.774124 40.997009
v 49.908188 78.454308 40.997009
v 50.272003 79.031174 40.997009
v 50.846710 79.401405 40.997009
v 51.526901 79.534859 40.997009
v 52.438431 79.951462 42.326622
v 53.205475 79.456306 42.327019
v 53.692078 78.686394 42.326523
v 53.865250 77.774124 42.326408
v 53.692078 76.861855 42.326523
v 53.205475 76.091942 42.327019
v 52.438431 75.596786 42.326622
v 51.526901 75.418167 42.326622
v 50.615372 75.596786 42.326622
v 49.848343 76.091942 42.327019
v 49.361725 76.861855 42.326523
v 49.188553 77.774124 42.326408
v 49.361725 78.686394 42.326523
v 49.848343 79.456306 42.327019
v 50.615372 79.951462 42.326622
v 51.526901 80.130081 42.326622
v 51.516861 77.774124 44.403351
v 52.179108 79.316231 43.937119
v 52.716187 78.969765 43.938431
v 53.057083 78.430305 43.936935
v 53.181946 77.774124 43.936798
v 53.057083 77.117943 43.936935
v 52.716187 76.578484 43.938431
v 52.179108 76.232018 43.937119
v 51.526917 76.103821 43.937164
v 50.874756 76.231857 43.937065
v 50.337509 76.578316 43.938339
v 49.996475 77.117821 43.936798
v 49.871490 77.774124 43.936630
v 49.996475 78.430428 43.936798
v 50.337509 78.969933 43.938339
v 50.874756 79.316391 43.937065
v 51.526917 79.444427 43.937164
v 49.477615 78.641129 43.283264
v 49.313049 77.774124 43.283218
v 49.477615 76.907120 43.283264
v 49.936523 76.179161 43.284302
v 50.661560 75.712257 43.283371
v 51.526901 75.542511 43.283432
v 52.392242 75.712257 43.283394
v 53.117294 76.179161 43.284264
v 53.576187 76.907120 43.283264
v 53.740753 77.774124 43.283218
v 53.576187 78.641129 43.283264
v 53.117294 79.369087 43.284302
v 52.392242 79.835991 43.283371
v 51.526901 80.005737 43.283432
v 50.661560 79.835991 43.283371
v 49.936523 79.369087 43.284302
v -50.846710 79.401405 40.179504
v -51.526901 79.534859 40.179504
v -50.272003 79.031174 40.179504
v -52.207092 79.401405 40.179504
v -52.781799 79.031174 40.179504
v -52.207092 76.146843 40.179504
v -52.781799 76.517075 40.179504
v -51.526901 76.013390 40.179504
v -50.846710 76.146843 40.179504
v -50.272003 76.517075 40.179504
v -49.908188 77.093941 40.179504
v -49.779022 77.774124 40.179504
v -49.908188 78.454308 40.179504
v -53.145615 77.093941 40.179504
v -53.274780 77.774124 40.179504
v -53.145615 78.454308 40.179504
v -50.846710 79.401405 40.997009
v -50.271988 79.031174 40.997009
v -49.908188 78.454308 40.997009
v -49.779022 77.774124 40.997009
v -49.908188 77.093941 40.997009
v -50.271988 76.517075 40.997009
v -50.846710 76.146843 40.997009
v -51.526901 76.013390 40.997009
v -52.207092 76.146843 40.997009
v -52.781799 76.517075 40.997009
v -53.145615 77.093941 40.997009
v -53.274780 77.774124 40.997009
v -53.145615 78.454308 40.997009
v -52.781799 79.031174 40.997009
v -52.207092 79.401405 40.997009
v -51.526901 79.534859 40.997009
v -50.615372 79.951462 42.326622
v -49.848328 79.456306 42.327019
v -49.361725 78.686394 42.326523
v -49.188553 77.774124 42.326408
v -49.361725 76.861855 42.326523
v -49.848328 76.091942 42.327019
v -50.615372 75.596786 42.326622
v -51.526901 75.418167 42.326622
v -52.438431 75.596786 42.326622
v -53.205460 76.091942 42.327019
v -53.692078 76.861855 42.326523
v -53.865250 77.774124 42.326408
v -53.692078 78.686394 42.326523
v -53.205460 79.456306 42.327019
v -52.438431 79.951462 42.326622
v -51.526901 80.130081 42.326622
v -51.536942 77.774124 44.403351
v -50.874695 79.316231 43.937119
v -50.337616 78.969765 43.938431
v -49.996719 78.430305 43.936935
v -49.871857 77.774124 43.936798
v -49.996719 77.117943 43.936935
v -50.337616 76.578484 43.938431
v -50.874695 76.232018 43.937119
v -51.526886 76.103821 43.937164
v -52.179047 76.231857 43.937065
v -52.716293 76.578316 43.938339
v -53.057327 77.117821 43.936798
v -53.182312 77.774124 43.936630
v -53.057327 78.430428 43.936798
v -52.716293 78.969933 43.938339
v -52.179047 79.316391 43.937065
v -51.526886 79.444427 43.937164
v -53.576187 78.641129 43.283264
v -53.740753 77.774124 43.283218
v -53.576187 76.907120 43.283264
v -53.117279 76.179161 43.284302
v -52.392242 75.712257 43.283371
v -51.526901 75.542511 43.283432
v -50.661560 75.712257 43.283394
v -49.936508 76.179161 43.284264
v -49.477615 76.907120 43.283264
v -49.313049 77.774124 43.283218
v -49.477615 78.641129 43.283264
v -49.936508 79.369087 43.284302
v -50.661560 79.835991 43.283371
v -51.526901 80.005737 43.283432
v -52.392242 79.835991 43.283371
v -53.117279 79.369087 43.284302
v -49.537338 80.743103 40.304565
v -51.526901 84.632362 40.304565
v -46.931061 77.774124 40.304565
v -48.290268 79.174950 40.304565
v -50.588181 82.604065 40.304565
v -53.516479 74.805145 40.304565
v -51.526901 70.915886 40.304565
v -56.122742 77.774124 40.304565
v -54.763550 76.373299 40.304565
v -52.465622 72.944183 40.304565
v -49.537338 74.805145 40.304565
v -48.290268 76.373299 40.304565
v -50.588181 72.944183 40.304565
v -53.516479 80.743103 40.304565
v -54.763550 79.174950 40.304565
v -52.465622 82.604065 40.304565
v -49.537338 80.743103 38.845673
v -50.588181 82.604065 38.845673
v -51.526901 84.632362 38.845673
v -48.290268 79.174950 38.845673
v -46.931061 77.774124 38.845673
v -53.516479 74.805145 38.845673
v -52.465622 72.944183 38.845673
v -51.526901 70.915886 38.845673
v -54.763550 76.373299 38.845673
v -56.122742 77.774124 38.845673
v -49.537338 74.805145 38.845673
v -50.588181 72.944183 38.845673
v -48.290268 76.373299 38.845673
v -53.516479 80.743103 38.845673
v -52.465622 82.604065 38.845673
v -54.763550 79.174950 38.845673
v 28.708408 64.903992 -30.138325
v 29.659557 65.317505 -30.441509
v 30.610712 64.903992 -30.744698
v 31.004696 63.905689 -30.870281
v 30.610714 62.907383 -30.744698
v 29.659559 62.493874 -30.441509
v 28.708408 62.907383 -30.138325
v 28.314430 63.905689 -30.012743
v 44.289558 64.903992 18.742813
v 45.240711 65.317505 18.439629
v 46.191864 64.903992 18.136444
v 46.585846 63.905689 18.010860
v 46.191864 62.907383 18.136444
v 45.240711 62.493874 18.439629
v 44.289558 62.907383 18.742813
v 43.895576 63.905689 18.868397
vt 0.347240 0.001953
vt 0.360314 0.001953
vt 0.360314 0.008880
vt 0.347240 0.008880
vt 0.187680 0.003943
vt 0.180754 0.003943
vt 0.180754 0.001953
vt 0.187680 0.001953
vt 0.606851 0.003943
vt 0.599925 0.003943
vt 0.599925 0.001953
vt 0.606851 0.001953
vt 0.532692 0.009081
vt 0.532692 0.001953
vt 0.534682 0.001953
vt 0.534682 0.011071
vt 0.523598 0.009081
vt 0.521607 0.011071
vt 0.523598 0.001953
vt 0.521607 0.001953
vt 0.549931 0.011071
vt 0.549931 0.003943
vt 0.551922 0.001953
vt 0.551922 0.011071
vt 0.540837 0.003943
vt 0.538847 0.001953
vt 0.540837 0.011071
vt 0.538847 0.011071
vt 0.162781 0.024076
vt 0.153663 0.024076
vt 0.153663 0.017150
vt 0.162781 0.017150
vt 0.491069 0.001953
vt 0.497995 0.001953
vt 0.497995 0.011071
vt 0.491069 0.011071
vt 0.980968 0.762953
vt 0.971810 0.762953
vt 0.980968 0.648489
vt 0.971810 0.648489
vt 0.647098 0.362022
vt 0.533429 0.718135
vt 0.533429 0.381141
vt 0.954571 0.206765
vt 0.963665 0.206765
vt 0.954571 0.543759
vt 0.963665 0.543759
vt 0.533429 0.358066
vt 0.647098 0.001953
vt 0.760767 0.358066
vt 0.967605 0.547715
vt 0.967605 0.884708
vt 0.958511 0.547715
vt 0.958511 0.884708
vt 0.980968 0.877417
vt 0.971810 0.877417
vt 0.760767 0.718135
vt 0.760767 0.381141
vt 0.533429 0.021073
vt 0.760767 0.021072
vt 0.491069 0.015027
vt 0.497995 0.015027
vt 0.491069 0.024145
vt 0.497995 0.024145
vt 0.556087 0.008880
vt 0.556087 0.001953
vt 0.569161 0.008880
vt 0.569161 0.001953
vt 0.874283 0.001953
vt 0.883401 0.001953
vt 0.874283 0.008880
vt 0.883401 0.008880
vt 0.746216 0.011071
vt 0.746216 0.001953
vt 0.748206 0.009081
vt 0.748206 0.001953
vt 0.595522 0.001953
vt 0.595522 0.003943
vt 0.588596 0.001953
vt 0.588596 0.003943
vt 0.740061 0.001953
vt 0.742051 0.001953
vt 0.740061 0.009081
vt 0.742051 0.011071
vt 0.730967 0.009081
vt 0.728977 0.011071
vt 0.757301 0.009081
vt 0.759291 0.011071
vt 0.330523 0.001953
vt 0.330523 0.003943
vt 0.323597 0.001953
vt 0.323597 0.003943
vt 0.757301 0.001953
vt 0.759291 0.001953
vt 0.728977 0.001953
vt 0.730967 0.001953
vt 0.529334 0.637105
vt 0.521115 0.637105
vt 0.529334 0.436927
vt 0.521115 0.436927
vt 0.504443 0.638764
vt 0.356599 0.638764
vt 0.504443 0.458705
vt 0.356599 0.438586
vt 0.985110 0.476524
vt 0.993328 0.476524
vt 0.985110 0.656583
vt 0.993328 0.656583
vt 0.339852 0.653039
vt 0.519910 0.653039
vt 0.339852 0.800883
vt 0.540029 0.800883
vt 0.186664 0.442013
vt 0.186664 0.433254
vt 0.344211 0.442013
vt 0.344211 0.433255
vt 0.154155 0.665860
vt 0.301999 0.685979
vt 0.154155 0.807444
vt 0.301999 0.807444
vt 0.149797 0.665860
vt 0.149797 0.807444
vt 0.001953 0.685979
vt 0.001953 0.807444
vt 0.295521 0.896785
vt 0.416985 0.896785
vt 0.295521 0.905004
vt 0.416985 0.905004
vt 0.159500 0.640079
vt 0.159500 0.648838
vt 0.001953 0.640079
vt 0.001953 0.648838
vt 0.993328 0.797723
vt 0.993328 0.939307
vt 0.985110 0.797723
vt 0.985110 0.939307
vt 0.950416 0.741669
vt 0.954325 0.741669
vt 0.950416 0.927305
vt 0.954326 0.927305
vt 0.923047 0.741669
vt 0.926957 0.741669
vt 0.923047 0.927305
vt 0.926957 0.927305
vt 0.930867 0.741669
vt 0.930867 0.927305
vt 0.934777 0.741669
vt 0.934776 0.927305
vt 0.938687 0.741669
vt 0.938686 0.927305
vt 0.942596 0.741669
vt 0.942596 0.927305
vt 0.946506 0.741669
vt 0.946506 0.927305
vt 0.891492 0.478017
vt 0.895402 0.478017
vt 0.891492 0.799281
vt 0.895402 0.799281
vt 0.899311 0.478017
vt 0.903221 0.478017
vt 0.899311 0.799281
vt 0.903221 0.799281
vt 0.907131 0.478017
vt 0.907131 0.799281
vt 0.911041 0.478017
vt 0.911041 0.799281
vt 0.914951 0.478017
vt 0.914951 0.799281
vt 0.918861 0.478017
vt 0.918860 0.799281
vt 0.887582 0.478017
vt 0.887582 0.799281
vt 0.923508 0.001953
vt 0.927418 0.001953
vt 0.923508 0.202809
vt 0.927418 0.202809
vt 0.931328 0.001953
vt 0.935238 0.001953
vt 0.931328 0.202809
vt 0.935238 0.202809
vt 0.939148 0.001953
vt 0.939148 0.202809
vt 0.943058 0.001953
vt 0.943058 0.202809
vt 0.946968 0.001953
vt 0.946968 0.202809
vt 0.950877 0.001953
vt 0.950877 0.202809
vt 0.919599 0.001953
vt 0.919599 0.202809
vt 0.486815 0.026262
vt 0.473829 0.026262
vt 0.486815 0.022789
vt 0.473829 0.022789
vt 0.486815 0.019316
vt 0.473829 0.019316
vt 0.473829 0.015844
vt 0.486815 0.015844
vt 0.473829 0.012371
vt 0.486815 0.012371
vt 0.473829 0.008898
vt 0.486815 0.008898
vt 0.486815 0.005426
vt 0.473829 0.005426
vt 0.486815 0.001953
vt 0.473829 0.001953
vt 0.486815 0.029735
vt 0.473829 0.029735
vt 0.891713 0.244507
vt 0.897328 0.244507
vt 0.891713 0.474061
vt 0.897328 0.474061
vt 0.886099 0.244507
vt 0.886099 0.474061
vt 0.880486 0.244507
vt 0.880486 0.474061
vt 0.874872 0.244507
vt 0.874872 0.474061
vt 0.869259 0.244507
vt 0.869259 0.474061
vt 0.863644 0.244507
vt 0.863644 0.474061
vt 0.858028 0.244507
vt 0.858028 0.474061
vt 0.902944 0.244507
vt 0.902944 0.474061
vt 0.874283 0.014467
vt 0.875915 0.012836
vt 0.874283 0.016775
vt 0.878223 0.012836
vt 0.875915 0.018407
vt 0.879855 0.014467
vt 0.879855 0.016775
vt 0.878223 0.018407
vt 0.889214 0.007525
vt 0.887582 0.005893
vt 0.891522 0.007525
vt 0.887582 0.003585
vt 0.889214 0.001953
vt 0.891522 0.001953
vt 0.893154 0.003585
vt 0.893154 0.005893
vt 0.764934 0.686416
vt 0.770550 0.686416
vt 0.764934 0.915969
vt 0.770550 0.915969
vt 0.804234 0.686416
vt 0.809850 0.686416
vt 0.804234 0.915969
vt 0.809850 0.915969
vt 0.798619 0.686416
vt 0.798619 0.915969
vt 0.793005 0.686416
vt 0.793005 0.915969
vt 0.787392 0.686416
vt 0.787392 0.915969
vt 0.781778 0.686416
vt 0.781778 0.915969
vt 0.776164 0.686416
vt 0.776164 0.915969
vt 0.131233 0.030858
vt 0.131233 0.017435
vt 0.134731 0.030858
vt 0.134731 0.017435
vt 0.111365 0.030858
vt 0.107854 0.030858
vt 0.111365 0.017435
vt 0.107854 0.017435
vt 0.114751 0.030858
vt 0.114751 0.017435
vt 0.118064 0.030858
vt 0.118064 0.017435
vt 0.121327 0.030858
vt 0.121327 0.017435
vt 0.124580 0.030858
vt 0.124580 0.017435
vt 0.127871 0.030858
vt 0.127871 0.017435
vt 0.644032 0.794704
vt 0.644024 0.863360
vt 0.544265 0.794704
vt 0.544265 0.863360
vt 0.176511 0.001953
vt 0.176511 0.007101
vt 0.167929 0.009518
vt 0.159347 0.011628
vt 0.150765 0.013124
vt 0.142183 0.013700
vt 0.107855 0.001953
vt 0.133601 0.013124
vt 0.125019 0.011628
vt 0.116437 0.009518
vt 0.107854 0.007101
vt 0.764934 0.240551
vt 0.764934 0.001953
vt 0.870179 0.240551
vt 0.870179 0.001953
vt 0.352178 0.447458
vt 0.352178 0.552703
vt 0.032865 0.447458
vt 0.032865 0.552703
vt 0.026834 0.448469
vt 0.021035 0.451463
vt 0.015691 0.456326
vt 0.011007 0.462869
vt 0.007163 0.470843
vt 0.004306 0.479940
vt 0.002547 0.489810
vt 0.001953 0.500081
vt 0.002547 0.510351
vt 0.004306 0.520222
vt 0.007163 0.529319
vt 0.011007 0.537292
vt 0.015691 0.543836
vt 0.026834 0.551692
vt 0.021035 0.548698
vt 0.001953 0.556659
vt 0.315910 0.556659
vt 0.001953 0.563510
vt 0.326148 0.563510
vt 0.321940 0.557670
vt 0.327739 0.560664
vt 0.333083 0.565527
vt 0.326148 0.574953
vt 0.337767 0.572070
vt 0.341612 0.580044
vt 0.344468 0.589141
vt 0.346227 0.599011
vt 0.346821 0.609282
vt 0.326148 0.643610
vt 0.346227 0.619552
vt 0.344468 0.629423
vt 0.341612 0.638519
vt 0.337767 0.646493
vt 0.333083 0.653037
vt 0.327739 0.657899
vt 0.326148 0.655053
vt 0.321940 0.660893
vt 0.315910 0.661904
vt 0.001953 0.661904
vt 0.001953 0.655053
vt 0.218637 0.643610
vt 0.218637 0.574953
vt 0.833591 0.244507
vt 0.833591 0.255744
vt 0.764934 0.244507
vt 0.764934 0.255744
vt 0.764934 0.266980
vt 0.833591 0.266980
vt 0.764934 0.278200
vt 0.833591 0.278200
vt 0.764934 0.289388
vt 0.833591 0.289389
vt 0.764934 0.300534
vt 0.833591 0.300534
vt 0.764934 0.311629
vt 0.833591 0.311629
vt 0.764934 0.322673
vt 0.833591 0.322673
vt 0.764934 0.333672
vt 0.833591 0.333672
vt 0.764934 0.344644
vt 0.833591 0.344644
vt 0.177935 0.015091
vt 0.166968 0.130273
vt 0.166968 0.017535
vt 0.188902 0.012647
vt 0.188902 0.129787
vt 0.177935 0.132232
vt 0.199869 0.010279
vt 0.199869 0.127419
vt 0.210836 0.008064
vt 0.210836 0.125204
vt 0.221804 0.006078
vt 0.221804 0.123218
vt 0.232771 0.004397
vt 0.232771 0.121538
vt 0.243738 0.003099
vt 0.243738 0.120239
vt 0.254705 0.002259
vt 0.254705 0.119399
vt 0.265673 0.001953
vt 0.265673 0.119094
vt 0.938809 0.637827
vt 0.950327 0.637827
vt 0.938809 0.648867
vt 0.950327 0.648867
vt 0.938809 0.626788
vt 0.950327 0.626788
vt 0.938809 0.615748
vt 0.950327 0.615748
vt 0.938809 0.604708
vt 0.950327 0.604708
vt 0.938809 0.593669
vt 0.950327 0.593669
vt 0.938809 0.582629
vt 0.950327 0.582629
vt 0.938809 0.571589
vt 0.950327 0.571589
vt 0.938809 0.560549
vt 0.950327 0.560549
vt 0.938809 0.715105
vt 0.950327 0.715105
vt 0.938809 0.726145
vt 0.950327 0.726145
vt 0.938809 0.704065
vt 0.950327 0.704065
vt 0.938809 0.693026
vt 0.950327 0.693026
vt 0.938809 0.681986
vt 0.950327 0.681986
vt 0.938809 0.670946
vt 0.950327 0.670946
vt 0.938809 0.659907
vt 0.950327 0.659907
vt 0.938809 0.549510
vt 0.950327 0.549510
vt 0.938809 0.538470
vt 0.950327 0.538470
vt 0.938809 0.527431
vt 0.950327 0.527431
vt 0.938809 0.516391
vt 0.950327 0.516391
vt 0.938809 0.505351
vt 0.950327 0.505351
vt 0.938809 0.494311
vt 0.950327 0.494311
vt 0.938809 0.483272
vt 0.950327 0.483272
vt 0.938809 0.472232
vt 0.950327 0.472232
vt 0.938809 0.737694
vt 0.950327 0.737698
vt 0.156001 0.137044
vt 0.156001 0.130273
vt 0.166968 0.134676
vt 0.090197 0.145370
vt 0.101109 0.133146
vt 0.101165 0.145064
vt 0.112132 0.144224
vt 0.112076 0.132306
vt 0.123099 0.142925
vt 0.123043 0.131007
vt 0.134066 0.141245
vt 0.134010 0.129327
vt 0.145033 0.139259
vt 0.144977 0.127341
vt 0.155973 0.125125
vt 0.013427 0.134676
vt 0.051596 0.036758
vt 0.024394 0.137044
vt 0.035361 0.139259
vt 0.046329 0.141245
vt 0.057296 0.142925
vt 0.068263 0.144224
vt 0.079230 0.145064
vt 0.001953 0.132121
vt 0.151355 0.036752
vt 0.923047 0.306643
vt 0.923047 0.295603
vt 0.934565 0.306643
vt 0.934565 0.295603
vt 0.923047 0.317682
vt 0.934565 0.317682
vt 0.923047 0.328722
vt 0.934565 0.328722
vt 0.923047 0.339762
vt 0.934565 0.339762
vt 0.923047 0.350802
vt 0.934565 0.350802
vt 0.923047 0.361841
vt 0.934565 0.361841
vt 0.923047 0.372881
vt 0.934565 0.372881
vt 0.923047 0.383921
vt 0.934565 0.383921
vt 0.923047 0.229364
vt 0.923047 0.218325
vt 0.934565 0.229364
vt 0.934565 0.218325
vt 0.923047 0.240404
vt 0.934565 0.240404
vt 0.923047 0.251444
vt 0.934565 0.251444
vt 0.923047 0.262484
vt 0.934565 0.262484
vt 0.923047 0.273523
vt 0.934565 0.273523
vt 0.923047 0.284563
vt 0.934565 0.284563
vt 0.923047 0.394961
vt 0.934565 0.394961
vt 0.923047 0.406001
vt 0.934565 0.406001
vt 0.923047 0.417040
vt 0.934565 0.417040
vt 0.923047 0.428080
vt 0.934565 0.428080
vt 0.923047 0.439120
vt 0.934565 0.439120
vt 0.923047 0.450159
vt 0.934565 0.450159
vt 0.923047 0.461199
vt 0.934565 0.461199
vt 0.923047 0.472239
vt 0.934565 0.472239
vt 0.923047 0.206767
vt 0.934565 0.206765
vt 0.890558 0.165077
vt 0.901587 0.165077
vt 0.890597 0.173947
vt 0.901549 0.173947
vt 0.890619 0.182593
vt 0.901526 0.182593
vt 0.890613 0.191149
vt 0.901532 0.191149
vt 0.890619 0.199705
vt 0.901526 0.199705
vt 0.890597 0.208350
vt 0.901549 0.208350
vt 0.890558 0.217221
vt 0.901587 0.217221
vt 0.890538 0.226201
vt 0.901608 0.226201
vt 0.155633 0.811400
vt 0.270788 0.819982
vt 0.272898 0.828564
vt 0.274394 0.837146
vt 0.274970 0.845728
vt 0.155633 0.880057
vt 0.274394 0.854310
vt 0.272898 0.862893
vt 0.270788 0.871475
vt 0.268371 0.880057
vt 0.890537 0.156096
vt 0.901608 0.156096
vt 0.268371 0.811400
vt 0.833591 0.444781
vt 0.764934 0.444781
vt 0.833591 0.433544
vt 0.764934 0.433544
vt 0.764934 0.422308
vt 0.833591 0.422308
vt 0.764934 0.411088
vt 0.833591 0.411088
vt 0.764934 0.399900
vt 0.833591 0.399900
vt 0.764934 0.388754
vt 0.833591 0.388754
vt 0.764934 0.377659
vt 0.833591 0.377659
vt 0.764934 0.366615
vt 0.833591 0.366615
vt 0.764934 0.355615
vt 0.833591 0.355615
vt 0.353411 0.015091
vt 0.364378 0.017535
vt 0.364378 0.130273
vt 0.342443 0.012647
vt 0.342443 0.129787
vt 0.353411 0.132232
vt 0.331476 0.010279
vt 0.331476 0.127419
vt 0.320509 0.008064
vt 0.320509 0.125204
vt 0.309542 0.006078
vt 0.309542 0.123218
vt 0.298574 0.004397
vt 0.298574 0.121538
vt 0.287607 0.003099
vt 0.287607 0.120239
vt 0.276640 0.002259
vt 0.276640 0.119399
vt 0.938809 0.306637
vt 0.938809 0.295597
vt 0.950327 0.306637
vt 0.950327 0.295597
vt 0.938809 0.317676
vt 0.950327 0.317676
vt 0.938809 0.328716
vt 0.950327 0.328716
vt 0.938809 0.339756
vt 0.950327 0.339756
vt 0.938809 0.350795
vt 0.950327 0.350795
vt 0.938809 0.361835
vt 0.950327 0.361835
vt 0.938809 0.372875
vt 0.950327 0.372875
vt 0.938809 0.383914
vt 0.950327 0.383914
vt 0.938809 0.229359
vt 0.938809 0.218319
vt 0.950327 0.229359
vt 0.950327 0.218319
vt 0.938809 0.240399
vt 0.950327 0.240399
vt 0.938809 0.251438
vt 0.950327 0.251438
vt 0.938809 0.262478
vt 0.950327 0.262478
vt 0.938809 0.273518
vt 0.950327 0.273518
vt 0.938809 0.284557
vt 0.950327 0.284557
vt 0.938809 0.394954
vt 0.950327 0.394954
vt 0.938809 0.405994
vt 0.950327 0.405994
vt 0.938809 0.417033
vt 0.950327 0.417033
vt 0.938809 0.428073
vt 0.950327 0.428073
vt 0.938809 0.439113
vt 0.950327 0.439113
vt 0.938809 0.450152
vt 0.950327 0.450152
vt 0.938809 0.461192
vt 0.950327 0.461192
vt 0.938809 0.206770
vt 0.950327 0.206765
vt 0.375345 0.130273
vt 0.364378 0.134676
vt 0.375345 0.137044
vt 0.441148 0.145370
vt 0.430181 0.145064
vt 0.430237 0.133146
vt 0.419214 0.144224
vt 0.419270 0.132306
vt 0.408246 0.142925
vt 0.408303 0.131007
vt 0.397279 0.141245
vt 0.397335 0.129327
vt 0.386312 0.139259
vt 0.386368 0.127341
vt 0.375373 0.125125
vt 0.517919 0.134676
vt 0.506951 0.137044
vt 0.479749 0.036758
vt 0.495984 0.139259
vt 0.485017 0.141245
vt 0.474050 0.142925
vt 0.463082 0.144224
vt 0.452115 0.145064
vt 0.529392 0.132121
vt 0.095540 0.928907
vt 0.095540 0.917863
vt 0.164197 0.928907
vt 0.164197 0.917864
vt 0.095540 0.906768
vt 0.164197 0.906768
vt 0.095540 0.895623
vt 0.164197 0.895623
vt 0.095540 0.939907
vt 0.164197 0.939907
vt 0.095540 0.884407
vt 0.164197 0.884407
vt 0.306357 0.804839
vt 0.408721 0.804839
vt 0.306357 0.877748
vt 0.408721 0.877748
vt 0.379991 0.036752
vt 0.923047 0.637835
vt 0.934565 0.637835
vt 0.923047 0.648875
vt 0.934565 0.648875
vt 0.923047 0.626796
vt 0.934565 0.626796
vt 0.923047 0.615756
vt 0.934565 0.615756
vt 0.923047 0.604716
vt 0.934565 0.604716
vt 0.923047 0.593676
vt 0.934565 0.593676
vt 0.923047 0.582637
vt 0.934565 0.582637
vt 0.923047 0.571597
vt 0.934565 0.571597
vt 0.923047 0.560557
vt 0.934565 0.560557
vt 0.923047 0.715114
vt 0.934565 0.715114
vt 0.923047 0.726153
vt 0.934565 0.726153
vt 0.923047 0.704074
vt 0.934565 0.704074
vt 0.923047 0.693034
vt 0.934565 0.693034
vt 0.923047 0.681994
vt 0.934565 0.681994
vt 0.923047 0.670955
vt 0.934565 0.670955
vt 0.923047 0.659915
vt 0.934565 0.659915
vt 0.923047 0.549517
vt 0.934565 0.549517
vt 0.923047 0.538478
vt 0.934565 0.538478
vt 0.923047 0.527438
vt 0.934565 0.527438
vt 0.923047 0.516398
vt 0.934565 0.516398
vt 0.923047 0.505358
vt 0.934565 0.505358
vt 0.923047 0.494319
vt 0.934565 0.494319
vt 0.923047 0.483279
vt 0.934565 0.483279
vt 0.923047 0.737711
vt 0.934565 0.737713
vt 0.017736 0.329492
vt 0.017774 0.320622
vt 0.028765 0.329492
vt 0.028726 0.320622
vt 0.017797 0.311976
vt 0.028703 0.311976
vt 0.017790 0.303420
vt 0.028710 0.303420
vt 0.017797 0.294864
vt 0.028703 0.294864
vt 0.017774 0.286218
vt 0.028726 0.286218
vt 0.017736 0.277348
vt 0.028765 0.277348
vt 0.017715 0.268368
vt 0.028785 0.268368
vt 0.070610 0.264412
vt 0.053446 0.147147
vt 0.062028 0.149257
vt 0.044863 0.145650
vt 0.036282 0.145075
vt 0.001953 0.264412
vt 0.027699 0.145650
vt 0.019117 0.147147
vt 0.010535 0.149257
vt 0.001953 0.151674
vt 0.017715 0.338473
vt 0.028785 0.338473
vt 0.070610 0.151674
vt 0.980537 0.644533
vt 0.971810 0.644533
vt 0.980537 0.330577
vt 0.971810 0.325221
vt 0.993850 0.727152
vt 0.985116 0.727151
vt 0.993850 0.716867
vt 0.985118 0.716865
vt 0.993850 0.793767
vt 0.985110 0.793766
vt 0.993850 0.787651
vt 0.985110 0.787651
vt 0.993850 0.706840
vt 0.985119 0.706840
vt 0.993850 0.697307
vt 0.985120 0.697306
vt 0.993850 0.688454
vt 0.985121 0.688453
vt 0.993850 0.680407
vt 0.985122 0.680406
vt 0.993850 0.673181
vt 0.985123 0.673181
vt 0.993850 0.666654
vt 0.985123 0.666653
vt 0.993850 0.660540
vt 0.985124 0.660539
vt 0.993850 0.781126
vt 0.985110 0.781126
vt 0.993850 0.773902
vt 0.985111 0.773901
vt 0.993850 0.765854
vt 0.985112 0.765853
vt 0.993850 0.757004
vt 0.985113 0.757003
vt 0.993850 0.747468
vt 0.985114 0.747467
vt 0.993850 0.737442
vt 0.985115 0.737441
vt 0.967870 0.321266
vt 0.967870 0.007309
vt 0.976597 0.321266
vt 0.976596 0.001953
vt 0.754465 0.899780
vt 0.754465 0.910063
vt 0.745731 0.899779
vt 0.745732 0.910067
vt 0.754465 0.833164
vt 0.754465 0.839280
vt 0.745724 0.833165
vt 0.745724 0.839279
vt 0.754465 0.920091
vt 0.745734 0.920091
vt 0.754465 0.929625
vt 0.745735 0.929624
vt 0.754465 0.938477
vt 0.745736 0.938478
vt 0.754465 0.946523
vt 0.745737 0.946526
vt 0.754465 0.953751
vt 0.745737 0.953751
vt 0.754465 0.960278
vt 0.745738 0.960277
vt 0.754465 0.966391
vt 0.745738 0.966392
vt 0.754465 0.845805
vt 0.745724 0.845805
vt 0.754465 0.853028
vt 0.745725 0.853030
vt 0.754465 0.861077
vt 0.745726 0.861078
vt 0.754465 0.869927
vt 0.745727 0.869927
vt 0.754465 0.879463
vt 0.745728 0.879464
vt 0.754465 0.889488
vt 0.745730 0.889491
vt 0.980676 0.240550
vt 0.980676 0.001953
vt 0.989457 0.235283
vt 0.989457 0.007220
vt 0.991468 0.244504
vt 0.991468 0.472568
vt 0.984617 0.244505
vt 0.984617 0.244757
vt 0.984617 0.472567
vt 0.529411 0.430249
vt 0.517928 0.432808
vt 0.379461 0.142685
vt 0.001953 0.430249
vt 0.151903 0.142685
vt 0.013436 0.432808
vt 0.506960 0.435176
vt 0.024404 0.435176
vt 0.495993 0.437392
vt 0.485026 0.439378
vt 0.474059 0.441058
vt 0.463092 0.442357
vt 0.452125 0.443197
vt 0.441157 0.443502
vt 0.430190 0.443197
vt 0.419223 0.442357
vt 0.408256 0.441058
vt 0.397289 0.439378
vt 0.386321 0.437392
vt 0.375354 0.435176
vt 0.364387 0.432809
vt 0.035371 0.437392
vt 0.046338 0.439378
vt 0.057305 0.441058
vt 0.068272 0.442357
vt 0.079240 0.443197
vt 0.090207 0.443502
vt 0.101174 0.443197
vt 0.112141 0.442357
vt 0.123108 0.441058
vt 0.134076 0.439378
vt 0.145043 0.437392
vt 0.156010 0.435176
vt 0.166977 0.432809
vt 0.353420 0.430364
vt 0.177944 0.430364
vt 0.342453 0.427920
vt 0.331485 0.425552
vt 0.320518 0.423337
vt 0.309551 0.421351
vt 0.298584 0.419670
vt 0.287617 0.418372
vt 0.276649 0.417532
vt 0.265682 0.417226
vt 0.254715 0.417532
vt 0.243747 0.418372
vt 0.232780 0.419670
vt 0.221813 0.421351
vt 0.188911 0.427920
vt 0.210846 0.423337
vt 0.199879 0.425552
vt 0.425511 0.926020
vt 0.388330 0.997322
vt 0.422664 0.925385
vt 0.294726 0.926020
vt 0.297574 0.925385
vt 0.331907 0.997322
vt 0.419944 0.924798
vt 0.300293 0.924798
vt 0.417225 0.924249
vt 0.414506 0.923756
vt 0.411786 0.923340
vt 0.409067 0.923018
vt 0.406348 0.922809
vt 0.403628 0.922733
vt 0.400909 0.922809
vt 0.398190 0.923018
vt 0.395470 0.923340
vt 0.392751 0.923756
vt 0.390032 0.924249
vt 0.387312 0.924798
vt 0.384593 0.925385
vt 0.303012 0.924249
vt 0.305732 0.923756
vt 0.308451 0.923340
vt 0.311170 0.923018
vt 0.313890 0.922809
vt 0.316609 0.922733
vt 0.319328 0.922809
vt 0.322048 0.923018
vt 0.324767 0.923340
vt 0.327486 0.923756
vt 0.330206 0.924249
vt 0.332925 0.924798
vt 0.335645 0.925385
vt 0.381874 0.925991
vt 0.338364 0.925991
vt 0.379154 0.926597
vt 0.376435 0.927184
vt 0.373715 0.927734
vt 0.370996 0.928226
vt 0.368277 0.928643
vt 0.365557 0.928965
vt 0.362838 0.929173
vt 0.360119 0.929249
vt 0.357399 0.929173
vt 0.354680 0.928965
vt 0.351961 0.928643
vt 0.349241 0.928226
vt 0.341083 0.926597
vt 0.346522 0.927734
vt 0.343802 0.927184
vt 0.352178 0.447458
vt 0.032865 0.447458
vt 0.352178 0.552703
vt 0.032865 0.552703
vt 0.026834 0.448469
vt 0.021035 0.451463
vt 0.015691 0.456326
vt 0.011007 0.462869
vt 0.007163 0.470843
vt 0.004306 0.479940
vt 0.002547 0.489810
vt 0.001953 0.500081
vt 0.002547 0.510351
vt 0.004306 0.520222
vt 0.007163 0.529319
vt 0.011007 0.537292
vt 0.015691 0.543836
vt 0.026834 0.551692
vt 0.021035 0.548698
vt 0.980537 0.644533
vt 0.980537 0.330577
vt 0.971810 0.644533
vt 0.971810 0.325221
vt 0.967870 0.321266
vt 0.976597 0.321266
vt 0.967870 0.007309
vt 0.976596 0.001953
vt 0.980676 0.240550
vt 0.989457 0.235283
vt 0.980676 0.001953
vt 0.989457 0.007220
vt 0.991468 0.244504
vt 0.991468 0.472568
vt 0.984617 0.244505
vt 0.984617 0.472567
vt 0.984617 0.244757
vt 0.486815 0.026262
vt 0.486815 0.022789
vt 0.473829 0.026262
vt 0.473829 0.022789
vt 0.486815 0.019316
vt 0.473829 0.019316
vt 0.473829 0.015844
vt 0.486815 0.015844
vt 0.473829 0.012371
vt 0.486815 0.012371
vt 0.473829 0.008898
vt 0.486815 0.008898
vt 0.486815 0.005426
vt 0.473829 0.005426
vt 0.486815 0.001953
vt 0.473829 0.001953
vt 0.486815 0.029735
vt 0.473829 0.029735
vt 0.891713 0.244507
vt 0.891713 0.474061
vt 0.897328 0.244507
vt 0.897328 0.474061
vt 0.886099 0.244507
vt 0.886099 0.474061
vt 0.880486 0.244507
vt 0.880486 0.474061
vt 0.874872 0.244507
vt 0.874872 0.474061
vt 0.869259 0.244507
vt 0.869259 0.474061
vt 0.863644 0.244507
vt 0.863644 0.474061
vt 0.858028 0.244507
vt 0.858028 0.474061
vt 0.902944 0.244507
vt 0.902944 0.474061
vt 0.874283 0.014467
vt 0.874283 0.016775
vt 0.875915 0.012836
vt 0.878223 0.012836
vt 0.875915 0.018407
vt 0.879855 0.014467
vt 0.879855 0.016775
vt 0.878223 0.018407
vt 0.889214 0.007525
vt 0.891522 0.007525
vt 0.887582 0.005893
vt 0.887582 0.003585
vt 0.889214 0.001953
vt 0.891522 0.001953
vt 0.893154 0.003585
vt 0.893154 0.005893
vt 0.764934 0.686416
vt 0.764934 0.915969
vt 0.770550 0.686416
vt 0.770550 0.915969
vt 0.804234 0.686416
vt 0.804234 0.915969
vt 0.809850 0.686416
vt 0.809850 0.915969
vt 0.798619 0.686416
vt 0.798619 0.915969
vt 0.793005 0.686416
vt 0.793005 0.915969
vt 0.787392 0.686416
vt 0.787392 0.915969
vt 0.781778 0.686416
vt 0.781778 0.915969
vt 0.776164 0.686416
vt 0.776164 0.915969
vt 0.131233 0.030858
vt 0.134731 0.030858
vt 0.131233 0.017435
vt 0.134731 0.017435
vt 0.111365 0.030858
vt 0.111365 0.017435
vt 0.107854 0.030858
vt 0.107854 0.017435
vt 0.114751 0.030858
vt 0.114751 0.017435
vt 0.118064 0.030858
vt 0.118064 0.017435
vt 0.121327 0.030858
vt 0.121327 0.017435
vt 0.124580 0.030858
vt 0.124580 0.017435
vt 0.127871 0.030858
vt 0.127871 0.017435
vt 0.644032 0.794704
vt 0.544265 0.794704
vt 0.644024 0.863360
vt 0.544265 0.863360
vt 0.176511 0.001953
vt 0.167929 0.009518
vt 0.176511 0.007101
vt 0.159347 0.011628
vt 0.150765 0.013124
vt 0.107855 0.001953
vt 0.142183 0.013700
vt 0.133601 0.013124
vt 0.125019 0.011628
vt 0.116437 0.009518
vt 0.107854 0.007101
vt 0.001953 0.556659
vt 0.001953 0.563510
vt 0.315910 0.556659
vt 0.326148 0.563510
vt 0.321940 0.557670
vt 0.327739 0.560664
vt 0.333083 0.565527
vt 0.326148 0.574953
vt 0.337767 0.572070
vt 0.341612 0.580044
vt 0.344468 0.589141
vt 0.346227 0.599011
vt 0.346821 0.609282
vt 0.326148 0.643610
vt 0.346227 0.619552
vt 0.344468 0.629423
vt 0.341612 0.638519
vt 0.337767 0.646493
vt 0.333083 0.653037
vt 0.327739 0.657899
vt 0.326148 0.655053
vt 0.321940 0.660893
vt 0.315910 0.661904
vt 0.001953 0.661904
vt 0.001953 0.655053
vt 0.218637 0.643610
vt 0.218637 0.574953
vt 0.095540 0.928907
vt 0.164197 0.928907
vt 0.095540 0.917863
vt 0.164197 0.917864
vt 0.095540 0.906768
vt 0.164197 0.906768
vt 0.095540 0.895623
vt 0.164197 0.895623
vt 0.095540 0.939907
vt 0.164197 0.939907
vt 0.095540 0.884407
vt 0.164197 0.884407
vt 0.306357 0.804839
vt 0.306357 0.877748
vt 0.408721 0.804839
vt 0.408721 0.877748
vt 0.177935 0.015091
vt 0.166968 0.017535
vt 0.166968 0.130273
vt 0.188902 0.012647
vt 0.188902 0.129787
vt 0.177935 0.132232
vt 0.199869 0.010279
vt 0.199869 0.127419
vt 0.210836 0.008064
vt 0.210836 0.125204
vt 0.221804 0.006078
vt 0.221804 0.123218
vt 0.232771 0.004397
vt 0.232771 0.121538
vt 0.243738 0.003099
vt 0.243738 0.120239
vt 0.254705 0.002259
vt 0.254705 0.119399
vt 0.265673 0.001953
vt 0.265673 0.119094
vt 0.156001 0.137044
vt 0.166968 0.134676
vt 0.156001 0.130273
vt 0.090197 0.145370
vt 0.101165 0.145064
vt 0.101109 0.133146
vt 0.112132 0.144224
vt 0.112076 0.132306
vt 0.123099 0.142925
vt 0.123043 0.131007
vt 0.134066 0.141245
vt 0.134010 0.129327
vt 0.145033 0.139259
vt 0.144977 0.127341
vt 0.155973 0.125125
vt 0.013427 0.134676
vt 0.024394 0.137044
vt 0.051596 0.036758
vt 0.035361 0.139259
vt 0.046329 0.141245
vt 0.057296 0.142925
vt 0.068263 0.144224
vt 0.079230 0.145064
vt 0.001953 0.132121
vt 0.151355 0.036752
vt 0.353411 0.015091
vt 0.364378 0.130273
vt 0.364378 0.017535
vt 0.342443 0.012647
vt 0.342443 0.129787
vt 0.353411 0.132232
vt 0.331476 0.010279
vt 0.331476 0.127419
vt 0.320509 0.008064
vt 0.320509 0.125204
vt 0.309542 0.006078
vt 0.309542 0.123218
vt 0.298574 0.004397
vt 0.298574 0.121538
vt 0.287607 0.003099
vt 0.287607 0.120239
vt 0.276640 0.002259
vt 0.276640 0.119399
vt 0.364378 0.134676
vt 0.375345 0.130273
vt 0.375345 0.137044
vt 0.441148 0.145370
vt 0.430237 0.133146
vt 0.430181 0.145064
vt 0.419214 0.144224
vt 0.419270 0.132306
vt 0.408246 0.142925
vt 0.408303 0.131007
vt 0.397279 0.141245
vt 0.397335 0.129327
vt 0.386312 0.139259
vt 0.386368 0.127341
vt 0.375373 0.125125
vt 0.517919 0.134676
vt 0.479749 0.036758
vt 0.506951 0.137044
vt 0.495984 0.139259
vt 0.485017 0.141245
vt 0.474050 0.142925
vt 0.463082 0.144224
vt 0.452115 0.145064
vt 0.529392 0.132121
vt 0.379991 0.036752
vt 0.698076 0.888399
vt 0.693512 0.888400
vt 0.698076 0.898526
vt 0.693512 0.898527
vt 0.693512 0.858902
vt 0.698076 0.858903
vt 0.693512 0.850074
vt 0.698076 0.850076
vt 0.693512 0.975595
vt 0.698076 0.975595
vt 0.693512 0.969088
vt 0.698076 0.969088
vt 0.693512 0.962552
vt 0.698076 0.962552
vt 0.693512 0.955945
vt 0.698076 0.955944
vt 0.693512 0.934747
vt 0.698076 0.934748
vt 0.693512 0.926724
vt 0.698076 0.926724
vt 0.693512 0.801204
vt 0.698076 0.801203
vt 0.693512 0.794708
vt 0.698076 0.794704
vt 0.693512 0.814246
vt 0.698076 0.814247
vt 0.693512 0.807711
vt 0.698076 0.807710
vt 0.693512 0.820857
vt 0.698076 0.820852
vt 0.693512 0.827612
vt 0.698076 0.827607
vt 0.698076 0.908431
vt 0.693512 0.908431
vt 0.698076 0.917897
vt 0.693512 0.917896
vt 0.693512 0.942175
vt 0.698076 0.942174
vt 0.693512 0.949189
vt 0.698076 0.949190
vt 0.693512 0.982094
vt 0.698076 0.982094
vt 0.693512 0.834628
vt 0.698076 0.834621
vt 0.693512 0.842050
vt 0.698076 0.842052
vt 0.693512 0.868367
vt 0.698076 0.868368
vt 0.693512 0.878272
vt 0.698076 0.878272
vt 0.703363 0.879067
vt 0.708722 0.875392
vt 0.703363 0.722089
vt 0.708722 0.725765
vt 0.713996 0.871581
vt 0.719104 0.867503
vt 0.713997 0.729575
vt 0.719104 0.733654
vt 0.723960 0.738136
vt 0.728481 0.743155
vt 0.732584 0.748845
vt 0.736184 0.755341
vt 0.739198 0.762777
vt 0.741542 0.771287
vt 0.743217 0.780604
vt 0.744222 0.790457
vt 0.744556 0.800579
vt 0.744222 0.810700
vt 0.743217 0.820554
vt 0.741542 0.829870
vt 0.739198 0.838380
vt 0.736184 0.845816
vt 0.732584 0.852312
vt 0.723960 0.863021
vt 0.728481 0.858002
vt 0.648196 0.951681
vt 0.653555 0.948005
vt 0.648196 0.794702
vt 0.653555 0.798378
vt 0.658829 0.944195
vt 0.663937 0.940116
vt 0.658829 0.802188
vt 0.668793 0.935634
vt 0.673314 0.930615
vt 0.677417 0.924925
vt 0.681017 0.918429
vt 0.684031 0.910993
vt 0.686375 0.902483
vt 0.688050 0.893166
vt 0.689054 0.883313
vt 0.689389 0.873191
vt 0.689054 0.863069
vt 0.663937 0.806267
vt 0.688050 0.853216
vt 0.668793 0.810749
vt 0.686375 0.843900
vt 0.673314 0.815767
vt 0.677416 0.821458
vt 0.681017 0.827954
vt 0.684031 0.835390
vt 0.998047 0.095649
vt 0.998047 0.105776
vt 0.993483 0.095649
vt 0.993483 0.105777
vt 0.993483 0.066151
vt 0.993483 0.057323
vt 0.998047 0.066152
vt 0.998047 0.057325
vt 0.993483 0.182845
vt 0.993483 0.176338
vt 0.998047 0.182845
vt 0.998047 0.176338
vt 0.993483 0.169802
vt 0.993483 0.163194
vt 0.998047 0.169802
vt 0.998047 0.163194
vt 0.993483 0.141997
vt 0.993483 0.133973
vt 0.998047 0.141997
vt 0.998047 0.133973
vt 0.993483 0.008454
vt 0.993483 0.001957
vt 0.998047 0.008453
vt 0.998047 0.001953
vt 0.993483 0.021496
vt 0.993483 0.014961
vt 0.998047 0.021497
vt 0.998047 0.014959
vt 0.993483 0.028107
vt 0.998047 0.028102
vt 0.993483 0.034862
vt 0.998047 0.034856
vt 0.998047 0.115680
vt 0.998047 0.125146
vt 0.993483 0.115681
vt 0.993483 0.125146
vt 0.993483 0.149424
vt 0.998047 0.149423
vt 0.993483 0.156438
vt 0.998047 0.156439
vt 0.993483 0.189343
vt 0.998047 0.189343
vt 0.993483 0.041878
vt 0.998047 0.041870
vt 0.993483 0.049300
vt 0.998047 0.049302
vt 0.993483 0.075616
vt 0.998047 0.075618
vt 0.993483 0.085521
vt 0.998047 0.085522
vt 0.561848 0.892829
vt 0.404870 0.892829
vt 0.558172 0.887471
vt 0.408546 0.887471
vt 0.554362 0.882196
vt 0.550283 0.877089
vt 0.412356 0.882196
vt 0.416435 0.877089
vt 0.420916 0.872233
vt 0.425935 0.867711
vt 0.431626 0.863609
vt 0.438121 0.860009
vt 0.445558 0.856994
vt 0.454068 0.854650
vt 0.463384 0.852976
vt 0.473237 0.851971
vt 0.483359 0.851636
vt 0.493481 0.851971
vt 0.503334 0.852976
vt 0.512650 0.854650
vt 0.521161 0.856995
vt 0.528597 0.860009
vt 0.535093 0.863609
vt 0.545802 0.872233
vt 0.540783 0.867712
vt 0.915476 0.001953
vt 0.915476 0.158932
vt 0.910118 0.005629
vt 0.910118 0.155256
vt 0.904843 0.009439
vt 0.899735 0.013518
vt 0.904843 0.151445
vt 0.894879 0.018000
vt 0.890358 0.023019
vt 0.886256 0.028709
vt 0.882655 0.035205
vt 0.879641 0.042641
vt 0.877297 0.051151
vt 0.875622 0.060467
vt 0.874618 0.070321
vt 0.874283 0.080442
vt 0.874618 0.090564
vt 0.899736 0.147367
vt 0.875622 0.100418
vt 0.894880 0.142885
vt 0.877297 0.109734
vt 0.890358 0.137866
vt 0.886256 0.132176
vt 0.882656 0.125680
vt 0.879641 0.118244
vt 0.698076 0.888399
vt 0.698076 0.898526
vt 0.693512 0.888400
vt 0.693512 0.898527
vt 0.693512 0.858902
vt 0.693512 0.850074
vt 0.698076 0.858903
vt 0.698076 0.850076
vt 0.693512 0.975595
vt 0.693512 0.969088
vt 0.698076 0.975595
vt 0.698076 0.969088
vt 0.693512 0.962552
vt 0.693512 0.955945
vt 0.698076 0.962552
vt 0.698076 0.955944
vt 0.693512 0.934747
vt 0.693512 0.926724
vt 0.698076 0.934748
vt 0.698076 0.926724
vt 0.693512 0.801204
vt 0.693512 0.794708
vt 0.698076 0.801203
vt 0.698076 0.794704
vt 0.693512 0.814246
vt 0.693512 0.807711
vt 0.698076 0.814247
vt 0.698076 0.807710
vt 0.693512 0.820857
vt 0.698076 0.820852
vt 0.693512 0.827612
vt 0.698076 0.827607
vt 0.698076 0.908431
vt 0.698076 0.917897
vt 0.693512 0.908431
vt 0.693512 0.917896
vt 0.693512 0.942175
vt 0.698076 0.942174
vt 0.693512 0.949189
vt 0.698076 0.949190
vt 0.693512 0.982094
vt 0.698076 0.982094
vt 0.693512 0.834628
vt 0.698076 0.834621
vt 0.693512 0.842050
vt 0.698076 0.842052
vt 0.693512 0.868367
vt 0.698076 0.868368
vt 0.693512 0.878272
vt 0.698076 0.878272
vt 0.703363 0.879067
vt 0.703363 0.722089
vt 0.708722 0.875392
vt 0.708722 0.725765
vt 0.713996 0.871581
vt 0.719104 0.867503
vt 0.713997 0.729575
vt 0.719104 0.733654
vt 0.723960 0.738136
vt 0.728481 0.743155
vt 0.732584 0.748845
vt 0.736184 0.755341
vt 0.739198 0.762777
vt 0.741542 0.771287
vt 0.743217 0.780604
vt 0.744222 0.790457
vt 0.744556 0.800579
vt 0.744222 0.810700
vt 0.743217 0.820554
vt 0.741542 0.829870
vt 0.739198 0.838380
vt 0.736184 0.845816
vt 0.732584 0.852312
vt 0.723960 0.863021
vt 0.728481 0.858002
vt 0.648196 0.951681
vt 0.648196 0.794702
vt 0.653555 0.948005
vt 0.653555 0.798378
vt 0.658829 0.944195
vt 0.663937 0.940116
vt 0.658829 0.802188
vt 0.668793 0.935634
vt 0.673314 0.930615
vt 0.677417 0.924925
vt 0.681017 0.918429
vt 0.684031 0.910993
vt 0.686375 0.902483
vt 0.688050 0.893166
vt 0.689054 0.883313
vt 0.689389 0.873191
vt 0.689054 0.863069
vt 0.663937 0.806267
vt 0.688050 0.853216
vt 0.668793 0.810749
vt 0.686375 0.843900
vt 0.673314 0.815767
vt 0.677416 0.821458
vt 0.681017 0.827954
vt 0.684031 0.835390
vt 0.699150 0.722091
vt 0.699150 0.790748
vt 0.687389 0.722091
vt 0.687389 0.790748
vt 0.849688 0.341231
vt 0.837833 0.341231
vt 0.849688 0.330489
vt 0.837833 0.330489
vt 0.849688 0.352049
vt 0.837833 0.352049
vt 0.849688 0.362998
vt 0.837833 0.362998
vt 0.849688 0.374099
vt 0.837833 0.374099
vt 0.849688 0.385338
vt 0.837833 0.385338
vt 0.849688 0.396671
vt 0.837833 0.396671
vt 0.849688 0.255562
vt 0.837833 0.255562
vt 0.849688 0.244507
vt 0.837833 0.244507
vt 0.849688 0.265886
vt 0.837833 0.265886
vt 0.837833 0.276560
vt 0.849688 0.276560
vt 0.837833 0.287126
vt 0.849688 0.287126
vt 0.837833 0.298116
vt 0.849688 0.298116
vt 0.837833 0.308985
vt 0.849688 0.308985
vt 0.837833 0.319762
vt 0.849688 0.319762
vt 0.151241 0.811400
vt 0.151241 0.880451
vt 0.140210 0.811400
vt 0.140210 0.880451
vt 0.505845 0.001953
vt 0.517312 0.001953
vt 0.505845 0.074846
vt 0.517312 0.074846
vt 0.543280 0.790748
vt 0.543280 0.722091
vt 0.554471 0.790748
vt 0.554471 0.722091
vt 0.565618 0.790748
vt 0.565618 0.722091
vt 0.576715 0.790748
vt 0.576715 0.722091
vt 0.587758 0.790748
vt 0.587758 0.722091
vt 0.598755 0.790748
vt 0.598755 0.722091
vt 0.609723 0.790748
vt 0.609723 0.722091
vt 0.620693 0.790748
vt 0.620693 0.722091
vt 0.631694 0.790748
vt 0.631694 0.722091
vt 0.642741 0.790748
vt 0.642741 0.722091
vt 0.653838 0.790748
vt 0.653838 0.722091
vt 0.664984 0.790748
vt 0.664984 0.722091
vt 0.676171 0.790748
vt 0.676171 0.722091
vt 0.001953 0.880451
vt 0.001953 0.811400
vt 0.011906 0.880451
vt 0.011906 0.811400
vt 0.021013 0.811400
vt 0.021013 0.880451
vt 0.030984 0.880451
vt 0.030984 0.811400
vt 0.040940 0.880451
vt 0.040940 0.811400
vt 0.051970 0.880451
vt 0.051970 0.811400
vt 0.063000 0.880451
vt 0.063000 0.811400
vt 0.074030 0.880451
vt 0.074030 0.811400
vt 0.085060 0.880451
vt 0.085060 0.811400
vt 0.096090 0.880451
vt 0.096090 0.811400
vt 0.107120 0.880451
vt 0.107120 0.811400
vt 0.118150 0.880451
vt 0.118150 0.811400
vt 0.129181 0.880451
vt 0.129181 0.811400
vt 0.086771 0.217982
vt 0.074852 0.217982
vt 0.086771 0.149326
vt 0.074852 0.149326
vt 0.291122 0.866841
vt 0.291122 0.877582
vt 0.279266 0.866841
vt 0.279266 0.877582
vt 0.291122 0.856022
vt 0.279266 0.856022
vt 0.291122 0.845074
vt 0.279266 0.845074
vt 0.291122 0.833973
vt 0.279266 0.833973
vt 0.291122 0.822734
vt 0.279266 0.822734
vt 0.291122 0.811400
vt 0.279266 0.811400
vt 0.291122 0.952509
vt 0.291122 0.963564
vt 0.279266 0.952509
vt 0.279266 0.963564
vt 0.291122 0.942186
vt 0.279266 0.942186
vt 0.291122 0.931511
vt 0.279266 0.931511
vt 0.291122 0.920946
vt 0.279266 0.920946
vt 0.291122 0.909956
vt 0.279266 0.909956
vt 0.291122 0.899086
vt 0.279266 0.899086
vt 0.291122 0.888310
vt 0.279266 0.888310
vt 0.157823 0.636123
vt 0.146062 0.636123
vt 0.157823 0.567466
vt 0.146062 0.567466
vt 0.001953 0.567466
vt 0.013144 0.567466
vt 0.001953 0.636123
vt 0.013144 0.636123
vt 0.024291 0.567466
vt 0.024291 0.636123
vt 0.035388 0.567466
vt 0.035388 0.636123
vt 0.046431 0.567466
vt 0.046431 0.636123
vt 0.057428 0.567466
vt 0.057428 0.636123
vt 0.068396 0.567466
vt 0.068396 0.636123
vt 0.079366 0.567466
vt 0.079366 0.636123
vt 0.090367 0.567466
vt 0.090367 0.636123
vt 0.101414 0.567466
vt 0.101414 0.636123
vt 0.112511 0.567466
vt 0.112511 0.636123
vt 0.123657 0.567466
vt 0.123657 0.636123
vt 0.134844 0.567466
vt 0.134844 0.636123
vt 0.874283 0.210676
vt 0.874283 0.142019
vt 0.886201 0.210676
vt 0.886201 0.142019
vt 0.193303 0.962282
vt 0.193303 0.970022
vt 0.188001 0.962282
vt 0.188001 0.970022
vt 0.210034 0.962282
vt 0.210034 0.970022
vt 0.204732 0.962282
vt 0.204732 0.970022
vt 0.213436 0.978037
vt 0.213436 0.970024
vt 0.218738 0.978037
vt 0.218738 0.970024
vt 0.213436 0.955023
vt 0.213436 0.948036
vt 0.218738 0.955023
vt 0.218738 0.948036
vt 0.213436 0.962284
vt 0.218738 0.962284
vt 0.196282 0.978035
vt 0.196282 0.970022
vt 0.201584 0.978035
vt 0.201584 0.970022
vt 0.196282 0.955021
vt 0.196282 0.948034
vt 0.201584 0.955021
vt 0.201584 0.948034
vt 0.196282 0.962282
vt 0.201584 0.962282
vt 0.193303 0.978035
vt 0.188001 0.978035
vt 0.193303 0.948034
vt 0.193303 0.955021
vt 0.188001 0.948034
vt 0.188001 0.955021
vt 0.210034 0.978035
vt 0.204732 0.978035
vt 0.210034 0.948034
vt 0.210034 0.955021
vt 0.204732 0.948034
vt 0.204732 0.955021
vt 0.131127 0.946701
vt 0.134524 0.954041
vt 0.127731 0.954041
vt 0.131127 0.996333
vt 0.127731 0.988993
vt 0.134524 0.988993
vt 0.114498 0.971517
vt 0.119416 0.966448
vt 0.119416 0.976586
vt 0.147757 0.971517
vt 0.142839 0.976586
vt 0.142839 0.966448
vt 0.123928 0.960774
vt 0.138326 0.960774
vt 0.138326 0.982260
vt 0.123928 0.982260
vt 0.171366 0.987278
vt 0.171366 0.984320
vt 0.173874 0.987278
vt 0.173874 0.984320
vt 0.168892 0.987278
vt 0.168892 0.984320
vt 0.166425 0.987278
vt 0.166425 0.984320
vt 0.163920 0.987278
vt 0.163920 0.984320
vt 0.161415 0.987278
vt 0.161415 0.984320
vt 0.158947 0.987278
vt 0.158947 0.984320
vt 0.156473 0.987278
vt 0.156473 0.984320
vt 0.153965 0.987278
vt 0.153965 0.984320
vt 0.193782 0.987278
vt 0.191275 0.987278
vt 0.193782 0.984320
vt 0.191275 0.984320
vt 0.188802 0.987278
vt 0.188802 0.984320
vt 0.186334 0.987278
vt 0.186334 0.984320
vt 0.183829 0.987278
vt 0.183829 0.984320
vt 0.181324 0.987278
vt 0.181324 0.984320
vt 0.178856 0.987278
vt 0.178856 0.984320
vt 0.176382 0.987278
vt 0.176382 0.984320
vt 0.173871 0.991127
vt 0.173871 0.996446
vt 0.171030 0.991127
vt 0.171030 0.996446
vt 0.168195 0.991127
vt 0.168195 0.996446
vt 0.165301 0.991127
vt 0.165301 0.996446
vt 0.162406 0.991127
vt 0.162406 0.996446
vt 0.159564 0.991127
vt 0.159564 0.996446
vt 0.156706 0.991127
vt 0.156706 0.996446
vt 0.153763 0.991127
vt 0.153763 0.996446
vt 0.199760 0.991127
vt 0.199760 0.996446
vt 0.196817 0.991127
vt 0.196817 0.996446
vt 0.193959 0.991127
vt 0.193959 0.996446
vt 0.191117 0.991127
vt 0.191117 0.996446
vt 0.188221 0.991127
vt 0.188221 0.996446
vt 0.185328 0.991127
vt 0.185328 0.996446
vt 0.182492 0.991127
vt 0.182492 0.996446
vt 0.179651 0.991127
vt 0.179651 0.996446
vt 0.176762 0.991127
vt 0.176762 0.996446
vt 0.167115 0.971779
vt 0.169032 0.972174
vt 0.166024 0.974360
vt 0.169035 0.974963
vt 0.169024 0.967083
vt 0.172040 0.974346
vt 0.170942 0.971765
vt 0.174664 0.972612
vt 0.172646 0.970634
vt 0.173798 0.968963
vt 0.176428 0.970036
vt 0.174214 0.967088
vt 0.177054 0.967091
vt 0.176441 0.964139
vt 0.173810 0.965209
vt 0.174689 0.961568
vt 0.172673 0.963544
vt 0.170976 0.962429
vt 0.172067 0.959847
vt 0.169060 0.962032
vt 0.169056 0.959245
vt 0.166051 0.959861
vt 0.167148 0.962442
vt 0.163427 0.961596
vt 0.165444 0.963572
vt 0.164292 0.965245
vt 0.161663 0.964172
vt 0.161037 0.967117
vt 0.163876 0.967120
vt 0.161650 0.970069
vt 0.164281 0.969000
vt 0.163403 0.972641
vt 0.165418 0.970664
vt 0.160560 0.958790
vt 0.157934 0.962641
vt 0.164482 0.956201
vt 0.169046 0.955286
vt 0.173622 0.956186
vt 0.177549 0.958767
vt 0.180170 0.962620
vt 0.181082 0.967098
vt 0.180156 0.971566
vt 0.177530 0.975417
vt 0.173609 0.978006
vt 0.169045 0.978921
vt 0.164470 0.978022
vt 0.160542 0.975441
vt 0.157922 0.971589
vt 0.157009 0.967109
vt 0.060621 0.987278
vt 0.060621 0.984320
vt 0.063129 0.987278
vt 0.063129 0.984320
vt 0.058147 0.987278
vt 0.058147 0.984320
vt 0.055680 0.987278
vt 0.055680 0.984320
vt 0.053175 0.987278
vt 0.053175 0.984320
vt 0.050670 0.987278
vt 0.050670 0.984320
vt 0.048202 0.987278
vt 0.048202 0.984320
vt 0.045728 0.987278
vt 0.045728 0.984320
vt 0.043220 0.987278
vt 0.043220 0.984320
vt 0.083037 0.987278
vt 0.080530 0.987278
vt 0.083037 0.984320
vt 0.080530 0.984320
vt 0.078057 0.987278
vt 0.078057 0.984320
vt 0.075589 0.987278
vt 0.075589 0.984320
vt 0.073084 0.987278
vt 0.073084 0.984320
vt 0.070579 0.987278
vt 0.070579 0.984320
vt 0.068111 0.987278
vt 0.068111 0.984320
vt 0.065637 0.987278
vt 0.065637 0.984320
vt 0.063126 0.991127
vt 0.063126 0.996446
vt 0.060285 0.991127
vt 0.060285 0.996446
vt 0.057450 0.991127
vt 0.057450 0.996446
vt 0.054556 0.991127
vt 0.054556 0.996446
vt 0.051661 0.991127
vt 0.051661 0.996446
vt 0.048819 0.991127
vt 0.048819 0.996446
vt 0.045961 0.991127
vt 0.045961 0.996446
vt 0.043018 0.991127
vt 0.043018 0.996446
vt 0.089015 0.991127
vt 0.089015 0.996446
vt 0.086072 0.991127
vt 0.086072 0.996446
vt 0.083214 0.991127
vt 0.083214 0.996446
vt 0.080372 0.991127
vt 0.080372 0.996446
vt 0.077476 0.991127
vt 0.077476 0.996446
vt 0.074583 0.991127
vt 0.074583 0.996446
vt 0.071747 0.991127
vt 0.071747 0.996446
vt 0.068906 0.991127
vt 0.068906 0.996446
vt 0.066016 0.991127
vt 0.066016 0.996446
vt 0.056370 0.971779
vt 0.058287 0.972174
vt 0.055279 0.974360
vt 0.058290 0.974963
vt 0.058279 0.967083
vt 0.061295 0.974346
vt 0.060197 0.971765
vt 0.063919 0.972612
vt 0.061901 0.970634
vt 0.063053 0.968963
vt 0.065683 0.970036
vt 0.063469 0.967088
vt 0.066309 0.967091
vt 0.065696 0.964139
vt 0.063065 0.965209
vt 0.063944 0.961568
vt 0.061928 0.963544
vt 0.060231 0.962429
vt 0.061322 0.959847
vt 0.058315 0.962032
vt 0.058311 0.959245
vt 0.055306 0.959861
vt 0.056403 0.962442
vt 0.052682 0.961596
vt 0.054699 0.963572
vt 0.053547 0.965245
vt 0.050918 0.964172
vt 0.050292 0.967117
vt 0.053131 0.967120
vt 0.050905 0.970069
vt 0.053536 0.969000
vt 0.052658 0.972641
vt 0.054673 0.970664
vt 0.049815 0.958790
vt 0.047189 0.962641
vt 0.053737 0.956201
vt 0.058301 0.955286
vt 0.062877 0.956186
vt 0.066804 0.958767
vt 0.069425 0.962620
vt 0.070337 0.967098
vt 0.069411 0.971566
vt 0.066785 0.975417
vt 0.062864 0.978006
vt 0.058300 0.978921
vt 0.053724 0.978022
vt 0.049797 0.975441
vt 0.047177 0.971589
vt 0.046264 0.967109
vt 0.082558 0.962282
vt 0.082558 0.970022
vt 0.077256 0.962282
vt 0.077256 0.970022
vt 0.099289 0.962282
vt 0.099289 0.970022
vt 0.093987 0.962282
vt 0.093987 0.970022
vt 0.102691 0.978037
vt 0.102691 0.970024
vt 0.107993 0.978037
vt 0.107993 0.970024
vt 0.102691 0.955023
vt 0.102691 0.948036
vt 0.107993 0.955023
vt 0.107993 0.948036
vt 0.102691 0.962284
vt 0.107993 0.962284
vt 0.085537 0.978035
vt 0.085537 0.970022
vt 0.090839 0.978035
vt 0.090839 0.970022
vt 0.085537 0.955021
vt 0.085537 0.948034
vt 0.090839 0.955021
vt 0.090839 0.948034
vt 0.085537 0.962282
vt 0.090839 0.962282
vt 0.082558 0.978035
vt 0.077256 0.978035
vt 0.082558 0.948034
vt 0.082558 0.955021
vt 0.077256 0.948034
vt 0.077256 0.955021
vt 0.099289 0.978035
vt 0.093987 0.978035
vt 0.099289 0.948034
vt 0.099289 0.955021
vt 0.093987 0.948034
vt 0.093987 0.955021
vt 0.020382 0.946701
vt 0.023779 0.954041
vt 0.016986 0.954041
vt 0.020382 0.996333
vt 0.016986 0.988993
vt 0.023779 0.988993
vt 0.003753 0.971517
vt 0.008671 0.966448
vt 0.008671 0.976586
vt 0.037012 0.971517
vt 0.032093 0.976586
vt 0.032093 0.966448
vt 0.013183 0.960774
vt 0.027581 0.960774
vt 0.027581 0.982260
vt 0.013183 0.982260
vt 0.950416 0.741669
vt 0.950416 0.927305
vt 0.954325 0.741669
vt 0.954326 0.927305
vt 0.923047 0.741669
vt 0.923047 0.927305
vt 0.926957 0.741669
vt 0.926957 0.927305
vt 0.930867 0.741669
vt 0.930867 0.927305
vt 0.934777 0.741669
vt 0.934776 0.927305
vt 0.938687 0.741669
vt 0.938686 0.927305
vt 0.942596 0.741669
vt 0.942596 0.927305
vt 0.946506 0.741669
vt 0.946506 0.927305
vn 0.000000 0.000000 -1.000000
vn 0.000000 0.000000 -1.000000
vn 0.000000 0.000000 -1.000000
vn 0.000000 0.000000 -1.000000
vn 0.000000 0.000000 -1.000000
vn 0.000000 0.000000 -1.000000
vn 1.000000 0.000000 0.000000
vn 1.000000 0.000000 0.000000
vn 1.000000 0.000000 0.000000
vn 1.000000 0.000000 0.000000
vn 1.000000 0.000000 0.000000
vn 1.000000 0.000000 0.000000
vn 0.000000 0.000000 1.000000
vn 0.000000 0.000000 1.000000
vn 0.000000 0.000000 1.000000
vn 0.000000 0.000000 1.000000
vn 0.000000 0.000000 1.000000
vn 0.000000 0.000000 1.000000
vn 0.000000 -1.000000 0.000000
vn 0.000000 -1.000000 0.000000
vn 0.000000 -1.000000 0.000000
vn 0.000000 -1.000000 0.000000
vn 0.000000 -1.000000 0.000000
vn 0.000000 -1.000000 0.000000
vn -1.000000 0.000000 0.000000
vn -1.000000 0.000000 0.000000
vn -1.000000 0.000000 0.000000
vn -1.000000 0.000000 0.000000
vn -1.000000 0.000000 0.000000
vn -1.000000 0.000000 0.000000
vn 0.000000 1.000000 0.000000
vn 0.000000 1.000000 0.000000
vn 0.000000 1.000000 0.000000
vn 0.000000 1.000000 0.000000
vn 0.000000 1.000000 0.000000
vn 0.000000 1.000000 0.000000
vn 0.000000 1.000000 0.000000
vn 0.000000 1.000000 0.000000
vn 0.000000 1.000000 0.000000
vn 0.000000 1.000000 0.000000
vn 0.000000 1.000000 0.000000
vn 0.000000 1.000000 0.000000
vn 0.000000 -1.000000 0.000000
vn 0.000000 -1.000000 0.000000
vn 0.000000 -1.000000 0.000000
vn 0.000000 -1.000000 0.000000
vn 0.000000 -1.000000 0.000000
vn 0.000000 -1.000000 0.000000
vn -1.000000 0.000000 0.000000
vn -1.000000 0.000000 0.000000
vn -1.000000 0.000000 0.000000
vn -1.000000 0.000000 0.000000
vn -1.000000 0.000000 0.000000
vn -1.000000 0.000000 0.000000
vn 0.000000 -1.000000 0.000000
vn 0.000000 -1.000000 0.000000
vn 0.000000 -1.000000 0.000000
vn 0.000000 -1.000000 0.000000
vn 0.000000 -1.000000 0.000000
vn 0.000000 -1.000000 0.000000
vn 0.000000 1.000000 0.000000
vn 0.000000 1.000000 0.000002
vn 0.000000 1.000000 0.000010
vn 0.000000 1.000000 0.000010
vn 0.000000 1.000000 0.000002
vn 0.000000 1.000000 0.000011
vn 0.000000 1.000000 0.000000
vn 0.000000 1.000000 0.000000
vn 0.165872 0.986147 0.000000
vn 0.165872 0.986147 0.000000
vn 0.000000 1.000000 0.000000
vn 0.165872 0.986147 0.000000
vn -0.000000 0.000000 1.000000
vn -0.000000 0.000000 1.000000
vn -0.000000 0.000000 1.000000
vn -1.000000 0.000000 0.000000
vn -1.000000 0.000000 0.000000
vn -1.000000 0.000000 0.000000
vn -1.000000 0.000000 0.000000
vn -1.000000 0.000000 0.000000
vn -1.000000 0.000000 0.000000
vn 0.000000 0.000000 -1.000000
vn 0.000000 0.000000 -1.000000
vn -0.000000 0.000000 -1.000000
vn 1.000000 0.000000 0.000000
vn 1.000000 0.000000 0.000000
vn 1.000000 0.000000 0.000000
vn 1.000000 0.000000 0.000000
vn 1.000000 0.000000 0.000000
vn 1.000000 0.000000 0.000000
vn -0.165872 0.986147 0.000000
vn -0.165872 0.986147 0.000000
vn 0.000000 1.000000 0.000000
vn 0.000000 1.000000 0.000000
vn -0.165872 0.986147 0.000000
vn 0.000000 1.000000 0.000000
vn 0.000000 0.000000 1.000000
vn -0.000000 0.000000 1.000000
vn 0.000000 0.000000 1.000000
vn 0.000000 0.000000 -1.000000
vn 0.000000 0.000000 -1.000000
vn 0.000000 0.000000 -1.000000
vn 0.000000 0.000000 1.000000
vn -0.000000 0.000000 1.000000
vn -0.000000 0.000000 1.000000
vn -0.000000 0.000000 -1.000000
vn 0.000000 0.000000 -1.000000
vn -0.000000 0.000000 -1.000000
vn 0.000000 0.000000 -1.000000
vn 0.000000 0.000000 -1.000000
vn 0.000000 0.000000 -1.000000
vn 0.000000 0.000000 -1.000000
vn 0.000000 0.000000 -1.000000
vn 0.000000 0.000000 -1.000000
vn -1.000000 0.000000 0.000000
vn -1.000000 0.000000 0.000000
vn -1.000000 0.000000 0.000000
vn -1.000000 0.000000 0.000000
vn -1.000000 0.000000 0.000000
vn -1.000000 0.000000 0.000000
vn 0.000000 0.000000 1.000000
vn 0.000000 0.000000 1.000000
vn 0.000000 0.000000 1.000000
vn 0.000000 0.000000 1.000000
vn 0.000000 0.000000 1.000000
vn 0.000000 0.000000 1.000000
vn 0.000000 -1.000000 0.000000
vn 0.000000 -1.000000 0.000000
vn 0.000000 -1.000000 0.000000
vn 0.000000 -1.000000 0.000000
vn 0.000000 -1.000000 0.000000
vn 0.000000 -1.000000 0.000000
vn 1.000000 0.000000 0.000000
vn 1.000000 0.000000 0.000000
vn 1.000000 0.000000 0.000000
vn 1.000000 0.000000 0.000000
vn 1.000000 0.000000 0.000000
vn 1.000000 0.000000 0.000000
vn 0.000000 1.000000 0.000000
vn 0.000000 1.000000 -0.000002
vn 0.000000 1.000000 -0.000010
vn 0.000000 1.000000 -0.000010
vn 0.000000 1.000000 -0.000002
vn 0.000000 1.000000 -0.000011
vn 0.000000 1.000000 0.000000
vn 0.000000 1.000000 0.000000
vn 0.000000 1.000000 0.000000
vn 0.000000 1.000000 0.000000
vn 0.000000 1.000000 0.000000
vn 0.000000 1.000000 0.000000
vn 0.000000 -1.000000 0.000000
vn 0.000000 -1.000000 0.000000
vn 0.000000 -1.000000 0.000000
vn 0.000000 -1.000000 0.000000
vn 0.000000 -1.000000 0.000000
vn 0.000000 -1.000000 0.000000
vn 1.000000 0.000000 0.000000
vn 1.000000 0.000000 0.000000
vn 1.000000 0.000000 0.000000
vn 1.000000 0.000000 0.000000
vn 1.000000 0.000000 0.000000
vn 1.000000 0.000000 0.000000
vn 0.000000 -1.000000 0.000000
vn 0.000000 -1.000000 0.000000
vn 0.000000 -1.000000 0.000000
vn 0.000000 -1.000000 0.000000
vn 0.000000 -1.000000 0.000000
vn 0.000000 -1.000000 0.000000
vn 0.000000 1.000000 0.000011
vn 0.000000 1.000000 0.000002
vn 0.000000 1.000000 0.000010
vn 0.000000 1.000000 0.000010
vn 0.000000 1.000000 0.000002
vn 0.000000 1.000000 0.000000
vn 0.461754 0.000000 -0.887008
vn 0.461754 0.000000 -0.887008
vn 0.461754 0.000000 -0.887008
vn 0.461754 0.000000 -0.887008
vn 0.461754 0.000000 -0.887008
vn 0.461754 0.000000 -0.887008
vn 0.887008 0.000000 0.461754
vn 0.887008 0.000000 0.461754
vn 0.887008 0.000000 0.461754
vn 0.887008 0.000000 0.461754
vn 0.887008 0.000000 0.461754
vn 0.887008 0.000000 0.461754
vn -0.461755 0.000000 0.887007
vn -0.461755 0.000000 0.887007
vn -0.461755 0.000000 0.887007
vn -0.461755 0.000000 0.887007
vn -0.461755 0.000000 0.887007
vn -0.461755 0.000000 0.887007
vn -0.887008 0.000000 -0.461754
vn -0.887008 0.000000 -0.461754
vn -0.887008 0.000000 -0.461754
vn -0.887008 0.000000 -0.461754
vn -0.887008 0.000000 -0.461754
vn -0.887008 0.000000 -0.461754
vn -0.055337 0.992793 0.106297
vn -0.055337 0.992793 0.106297
vn -0.055337 0.992793 0.106302
vn -0.055337 0.992793 0.106302
vn -0.055337 0.992793 0.106297
vn -0.055337 0.992793 0.106302
vn 0.887008 0.000000 -0.461754
vn 0.887008 0.000000 -0.461754
vn 0.887008 0.000000 -0.461754
vn 0.887008 0.000000 -0.461754
vn 0.887008 0.000000 -0.461754
vn 0.887008 0.000000 -0.461754
vn -0.887008 0.000000 0.461754
vn -0.887008 0.000000 0.461754
vn -0.887008 0.000000 0.461754
vn -0.887008 0.000000 0.461754
vn -0.887008 0.000000 0.461754
vn -0.887008 0.000000 0.461754
vn 0.461755 0.000000 0.887008
vn 0.461755 0.000000 0.887007
vn 0.461755 0.000000 0.887008
vn 0.461755 0.000000 0.887008
vn 0.461755 0.000000 0.887007
vn 0.461755 0.000000 0.887007
vn 0.055337 0.992793 0.106301
vn 0.055337 0.992793 0.106301
vn 0.055337 0.992793 0.106298
vn 0.055337 0.992793 0.106298
vn 0.055337 0.992793 0.106301
vn 0.055337 0.992793 0.106298
vn -0.461755 0.000000 -0.887008
vn -0.461755 0.000000 -0.887008
vn -0.461755 0.000000 -0.887008
vn -0.461755 0.000000 -0.887008
vn -0.461755 0.000000 -0.887008
vn -0.461755 0.000000 -0.887008
vn 0.673711 0.707104 0.214750
vn 0.000000 1.000000 0.000001
vn 0.673706 0.707110 0.214748
vn -0.000000 1.000000 -0.000000
vn -0.673705 0.707111 -0.214747
vn -0.673709 0.707106 -0.214749
vn -0.952768 0.000005 -0.303700
vn -0.952768 -0.000000 -0.303701
vn -0.673706 -0.707110 -0.214746
vn -0.673708 -0.707107 -0.214749
vn -0.000000 -1.000000 0.000001
vn 0.000000 -1.000000 -0.000001
vn 0.673708 -0.707107 0.214749
vn 0.673710 -0.707105 0.214748
vn 0.952767 -0.000001 0.303701
vn 0.952768 0.000003 0.303700
vn 0.000000 0.707110 0.707103
vn 0.000000 -0.000002 1.000000
vn 0.000000 0.707105 0.707109
vn 0.000000 -0.000003 1.000000
vn 0.000000 -0.707108 0.707106
vn 0.000000 -1.000000 0.000005
vn 0.000000 -0.707110 0.707103
vn 0.000000 -1.000000 -0.000005
vn 0.000000 -0.707110 -0.707103
vn 0.000000 -0.707108 -0.707106
vn 0.000000 -0.000003 -1.000000
vn 0.000000 -0.000002 -1.000000
vn 0.000000 0.707105 -0.707109
vn 0.000000 0.707110 -0.707103
vn 0.000000 1.000000 -0.000006
vn 0.000000 1.000000 0.000006
vn 0.000000 0.707108 0.707106
vn 0.000000 -0.000002 1.000000
vn 0.000000 0.707107 0.707107
vn 0.000000 -0.000001 1.000000
vn 0.000000 -0.707110 0.707104
vn 0.000000 -1.000000 0.000004
vn 0.000000 -0.707111 0.707103
vn 0.000000 -1.000000 -0.000004
vn 0.000000 -0.707112 -0.707102
vn 0.000000 -0.707109 -0.707104
vn 0.000000 -0.000002 -1.000000
vn 0.000000 -0.000002 -1.000000
vn 0.000000 0.707105 -0.707108
vn 0.000000 0.707109 -0.707105
vn 0.000000 1.000000 0.000005
vn 0.000000 1.000000 -0.000005
vn 0.948253 -0.316060 -0.030356
vn 0.947706 -0.313391 -0.060322
vn 0.663749 -0.225519 -0.713147
vn 0.663749 -0.225519 -0.713147
vn 0.947706 -0.313391 -0.060322
vn 0.642649 -0.221961 -0.733305
vn 0.663749 -0.225519 -0.713147
vn 0.642649 -0.221961 -0.733305
vn -0.012199 -0.139607 -0.990132
vn -0.012199 -0.139607 -0.990132
vn 0.642649 -0.221961 -0.733305
vn -0.012501 -0.139728 -0.990111
vn -0.012501 -0.139728 -0.990111
vn -0.671363 -0.106207 -0.733480
vn -0.012199 -0.139607 -0.990132
vn -0.012199 -0.139607 -0.990132
vn -0.671363 -0.106207 -0.733480
vn -0.693026 -0.106302 -0.713032
vn -0.671363 -0.106207 -0.733480
vn -0.987861 -0.143112 -0.060416
vn -0.693026 -0.106302 -0.713032
vn -0.693026 -0.106302 -0.713032
vn -0.987861 -0.143112 -0.060416
vn -0.988872 -0.145695 -0.030095
vn -0.987861 -0.143112 -0.060416
vn -0.710081 -0.236954 0.663052
vn -0.988872 -0.145695 -0.030095
vn -0.988872 -0.145695 -0.030095
vn -0.710081 -0.236954 0.663052
vn -0.709091 -0.237052 0.664076
vn -0.709091 -0.237052 0.664076
vn -0.710081 -0.236954 0.663052
vn -0.016231 -0.325084 0.945546
vn -0.016231 -0.325084 0.945546
vn -0.710081 -0.236954 0.663052
vn 0.010066 -0.327049 0.944954
vn -0.016231 -0.325084 0.945546
vn 0.010066 -0.327049 0.944954
vn 0.665430 -0.357085 0.655510
vn 0.665430 -0.357085 0.655510
vn 0.010066 -0.327049 0.944954
vn 0.685405 -0.356885 0.634707
vn 0.665430 -0.357085 0.655510
vn 0.685405 -0.356885 0.634707
vn 0.948253 -0.316060 -0.030356
vn 0.948253 -0.316060 -0.030356
vn 0.685405 -0.356885 0.634707
vn 0.947706 -0.313391 -0.060322
vn 0.709226 -0.011569 -0.704886
vn 0.995098 -0.098889 -0.000377
vn 0.709850 -0.011680 -0.704257
vn 0.709850 -0.011680 -0.704257
vn 0.995098 -0.098889 -0.000377
vn 0.995090 -0.098971 0.000561
vn 0.007383 0.076069 -0.997075
vn 0.709226 -0.011569 -0.704886
vn 0.008174 0.075999 -0.997074
vn 0.008174 0.075999 -0.997074
vn 0.709226 -0.011569 -0.704886
vn 0.709850 -0.011680 -0.704257
vn -0.699349 0.112698 -0.705840
vn 0.007383 0.076069 -0.997075
vn -0.698865 0.112698 -0.706319
vn -0.698865 0.112698 -0.706319
vn 0.007383 0.076069 -0.997075
vn 0.008174 0.075999 -0.997074
vn -0.997040 0.076861 -0.001727
vn -0.699349 0.112698 -0.705840
vn -0.997035 0.076916 -0.002360
vn -0.997035 0.076916 -0.002360
vn -0.699349 0.112698 -0.705840
vn -0.698865 0.112698 -0.706319
vn -0.711247 -0.010460 0.702864
vn -0.997040 0.076861 -0.001727
vn -0.711726 -0.010375 0.702381
vn -0.711726 -0.010375 0.702381
vn -0.997040 0.076861 -0.001727
vn -0.997035 0.076916 -0.002360
vn -0.009327 -0.098112 0.995132
vn -0.711247 -0.010460 0.702864
vn -0.010115 -0.098042 0.995131
vn -0.010115 -0.098042 0.995131
vn -0.711247 -0.010460 0.702864
vn -0.711726 -0.010375 0.702381
vn 0.697488 -0.134741 0.703815
vn -0.009327 -0.098112 0.995132
vn 0.696851 -0.134740 0.704446
vn 0.696851 -0.134740 0.704446
vn -0.009327 -0.098112 0.995132
vn -0.010115 -0.098042 0.995131
vn 0.995098 -0.098889 -0.000377
vn 0.697488 -0.134741 0.703815
vn 0.995090 -0.098971 0.000561
vn 0.995090 -0.098971 0.000561
vn 0.697488 -0.134741 0.703815
vn 0.696851 -0.134740 0.704446
vn -0.091510 -0.990997 -0.097732
vn -0.091514 -0.990996 -0.097734
vn -0.091515 -0.990996 -0.097733
vn -0.091514 -0.990996 -0.097734
vn -0.091514 -0.990996 -0.097733
vn -0.091515 -0.990996 -0.097733
vn -0.091515 -0.990996 -0.097733
vn -0.091514 -0.990996 -0.097733
vn -0.091514 -0.990996 -0.097733
vn -0.091514 -0.990996 -0.097733
vn -0.091513 -0.990996 -0.097733
vn -0.091514 -0.990996 -0.097733
vn -0.091513 -0.990996 -0.097733
vn -0.091512 -0.990996 -0.097733
vn -0.091514 -0.990996 -0.097733
vn -0.091512 -0.990996 -0.097733
vn -0.091514 -0.990996 -0.097736
vn -0.091514 -0.990996 -0.097733
vn -0.177704 -0.981158 0.075837
vn -0.177704 -0.981157 0.075837
vn -0.177703 -0.981158 0.075836
vn -0.177704 -0.981157 0.075837
vn -0.177701 -0.981158 0.075835
vn -0.177703 -0.981158 0.075836
vn -0.177701 -0.981158 0.075835
vn -0.177701 -0.981158 0.075835
vn -0.177703 -0.981158 0.075836
vn -0.177701 -0.981158 0.075835
vn -0.177704 -0.981158 0.075836
vn -0.177703 -0.981158 0.075836
vn -0.177704 -0.981158 0.075836
vn -0.177707 -0.981157 0.075838
vn -0.177703 -0.981158 0.075836
vn -0.177707 -0.981157 0.075838
vn -0.177704 -0.981158 0.075838
vn -0.177703 -0.981158 0.075836
vn 0.694865 -0.195100 -0.692170
vn 0.982818 -0.183810 0.016800
vn 0.695489 -0.195154 -0.691527
vn 0.695489 -0.195154 -0.691527
vn 0.982818 -0.183810 0.016800
vn 0.982817 -0.183727 0.017740
vn -0.001205 -0.098497 -0.995137
vn 0.694865 -0.195100 -0.692170
vn -0.000424 -0.098634 -0.995124
vn -0.000424 -0.098634 -0.995124
vn 0.694865 -0.195100 -0.692170
vn 0.695489 -0.195154 -0.691527
vn -0.697697 0.049414 -0.714687
vn -0.001205 -0.098497 -0.995137
vn -0.697223 0.049289 -0.715157
vn -0.697223 0.049289 -0.715157
vn -0.001205 -0.098497 -0.995137
vn -0.000424 -0.098634 -0.995124
vn -0.986675 0.162004 -0.015047
vn -0.697697 0.049414 -0.714687
vn -0.986675 0.161948 -0.015678
vn -0.986675 0.161948 -0.015678
vn -0.697697 0.049414 -0.714687
vn -0.697223 0.049289 -0.715157
vn -0.698803 0.173314 0.694001
vn -0.986675 0.162004 -0.015047
vn -0.699275 0.173356 0.693514
vn -0.699275 0.173356 0.693514
vn -0.986675 0.162004 -0.015047
vn -0.986675 0.161948 -0.015678
vn -0.002653 0.076705 0.997050
vn -0.698803 0.173314 0.694001
vn -0.003432 0.076842 0.997037
vn -0.003432 0.076842 0.997037
vn -0.698803 0.173314 0.694001
vn -0.699275 0.173356 0.693514
vn 0.693921 -0.071227 0.716520
vn -0.002653 0.076705 0.997050
vn 0.693294 -0.071062 0.717143
vn 0.693294 -0.071062 0.717143
vn -0.002653 0.076705 0.997050
vn -0.003432 0.076842 0.997037
vn 0.982818 -0.183810 0.016800
vn 0.693921 -0.071227 0.716520
vn 0.982817 -0.183727 0.017740
vn 0.982817 -0.183727 0.017740
vn 0.693921 -0.071227 0.716520
vn 0.693294 -0.071062 0.717143
vn 0.917058 -0.397970 0.024989
vn 0.916288 -0.400490 -0.004989
vn 0.639661 -0.403431 -0.654277
vn 0.639661 -0.403431 -0.654277
vn 0.916288 -0.400490 -0.004989
vn 0.637244 -0.403256 -0.656738
vn -0.027394 -0.309361 -0.950550
vn 0.639661 -0.403431 -0.654277
vn -0.000407 -0.313656 -0.949537
vn -0.000407 -0.313656 -0.949537
vn 0.639661 -0.403431 -0.654277
vn 0.637244 -0.403256 -0.656738
vn -0.710303 -0.167234 -0.683741
vn -0.027394 -0.309361 -0.950550
vn -0.689029 -0.172562 -0.703890
vn -0.689029 -0.172562 -0.703890
vn -0.027394 -0.309361 -0.950550
vn -0.000407 -0.313656 -0.949537
vn -0.998070 -0.061955 -0.004338
vn -0.710303 -0.167234 -0.683741
vn -0.997300 -0.064754 -0.034646
vn -0.997300 -0.064754 -0.034646
vn -0.710303 -0.167234 -0.683741
vn -0.689029 -0.172562 -0.703890
vn -0.724874 -0.054956 0.686686
vn -0.998070 -0.061955 -0.004338
vn -0.744495 -0.053459 0.665484
vn -0.744495 -0.053459 0.665484
vn -0.998070 -0.061955 -0.004338
vn -0.997300 -0.064754 -0.034646
vn -0.041824 -0.151696 0.987542
vn -0.724874 -0.054956 0.686686
vn -0.041378 -0.151978 0.987517
vn -0.041378 -0.151978 0.987517
vn -0.724874 -0.054956 0.686686
vn -0.744495 -0.053459 0.665484
vn -0.041824 -0.151696 0.987542
vn -0.041378 -0.151978 0.987517
vn 0.642170 -0.294921 0.707559
vn 0.642170 -0.294921 0.707559
vn -0.041378 -0.151978 0.987517
vn 0.661770 -0.300067 0.687037
vn 0.642170 -0.294921 0.707559
vn 0.661770 -0.300067 0.687037
vn 0.917058 -0.397970 0.024989
vn 0.917058 -0.397970 0.024989
vn 0.661770 -0.300067 0.687037
vn 0.916288 -0.400490 -0.004989
vn 0.000012 0.000061 1.000000
vn 0.000028 0.000037 1.000000
vn 0.000038 0.000023 1.000000
vn 0.000038 0.000023 1.000000
vn 0.000028 0.000037 1.000000
vn 0.000054 0.000000 1.000000
vn -0.999996 -0.000232 0.002868
vn -0.999984 -0.001535 0.005450
vn -0.999986 -0.001301 0.005184
vn -0.999996 -0.000232 0.002868
vn -0.999986 -0.001301 0.005184
vn -0.999991 -0.000771 0.004271
vn -0.999996 -0.000232 0.002868
vn -0.999991 -0.000771 0.004271
vn -0.999995 -0.000230 0.003040
vn -0.999996 -0.000232 0.002868
vn -0.999997 0.000000 0.002400
vn -0.999996 0.000232 0.002868
vn -0.999996 0.000232 0.002868
vn -0.999997 0.000000 0.002400
vn -0.999995 0.000230 0.003040
vn -0.999996 0.000232 0.002868
vn -0.999995 0.000230 0.003040
vn -0.999991 0.000770 0.004265
vn -0.999996 0.000232 0.002868
vn -0.999991 0.000770 0.004265
vn -0.999986 0.001299 0.005184
vn -0.999996 0.000232 0.002868
vn -0.999986 0.001299 0.005184
vn -0.999984 0.001537 0.005448
vn -0.999996 -0.000232 0.002868
vn -0.999995 -0.000230 0.003040
vn -0.999997 0.000000 0.002400
vn 0.000000 0.000000 -1.000000
vn 0.000000 0.000000 -1.000000
vn 0.000000 0.000000 -1.000000
vn 0.000000 0.000000 -1.000000
vn 0.000000 0.000000 -1.000000
vn 0.000000 0.000000 -1.000000
vn -0.887008 0.000000 -0.461754
vn -0.887008 0.000000 -0.461754
vn -0.887008 0.000000 -0.461754
vn -0.887008 0.000000 -0.461754
vn -0.887008 0.000000 -0.461754
vn -0.887008 0.000000 -0.461754
vn -0.887008 0.000000 -0.461754
vn -0.887008 0.000000 -0.461754
vn -0.887008 -0.000000 -0.461755
vn -0.887008 -0.000000 -0.461755
vn -0.887008 0.000000 -0.461754
vn -0.887008 -0.000000 -0.461754
vn -0.887008 -0.000000 -0.461754
vn -0.887008 0.000000 -0.461754
vn -0.887008 0.000001 -0.461754
vn -0.887008 0.000001 -0.461754
vn -0.887008 0.000000 -0.461754
vn -0.887007 -0.000001 -0.461756
vn -0.887007 -0.000001 -0.461756
vn -0.887008 0.000000 -0.461754
vn -0.887007 -0.000001 -0.461755
vn -0.887007 -0.000001 -0.461755
vn -0.887008 0.000000 -0.461754
vn -0.887008 0.000001 -0.461753
vn -0.887008 0.000001 -0.461753
vn -0.887008 0.000000 -0.461754
vn -0.887008 -0.000001 -0.461755
vn -0.887008 -0.000001 -0.461755
vn -0.887008 0.000000 -0.461754
vn -0.887007 0.000002 -0.461756
vn -0.887007 0.000002 -0.461756
vn -0.887008 0.000000 -0.461754
vn -0.887008 -0.000002 -0.461754
vn -0.887008 -0.000002 -0.461754
vn -0.887008 0.000000 -0.461754
vn -0.887008 0.000002 -0.461754
vn -0.887008 0.000002 -0.461754
vn -0.887008 0.000000 -0.461754
vn -0.887008 -0.000002 -0.461754
vn -0.887008 -0.000002 -0.461754
vn -0.887008 0.000000 -0.461754
vn -0.887008 0.000005 -0.461753
vn -0.887008 0.000005 -0.461753
vn -0.887008 0.000000 -0.461754
vn -0.887010 0.000002 -0.461751
vn -0.887008 0.000000 -0.461754
vn -0.887005 -0.000001 -0.461760
vn -0.887010 0.000002 -0.461751
vn -0.887005 -0.000001 -0.461760
vn -0.887007 -0.000066 -0.461756
vn -0.887010 0.000002 -0.461751
vn 0.887010 0.000131 0.461751
vn 0.887009 0.000132 0.461753
vn 0.887010 0.000131 0.461751
vn 0.887010 0.000131 0.461751
vn 0.887009 0.000132 0.461753
vn 0.887009 0.000132 0.461753
vn 0.887009 0.000132 0.461753
vn 0.887010 0.000120 0.461750
vn 0.887009 0.000132 0.461753
vn 0.887010 0.000120 0.461750
vn 0.887008 0.000138 0.461755
vn 0.887009 0.000132 0.461753
vn 0.887008 0.000138 0.461755
vn 0.887010 0.000136 0.461751
vn 0.887009 0.000132 0.461753
vn 0.887009 0.000132 0.461753
vn 0.887010 0.000136 0.461751
vn 0.887009 0.000133 0.461752
vn 0.887010 0.000136 0.461751
vn 0.887010 0.000137 0.461751
vn 0.887009 0.000133 0.461752
vn 0.887010 0.000137 0.461751
vn 0.887009 0.000129 0.461753
vn 0.887009 0.000133 0.461752
vn 0.887009 0.000129 0.461753
vn 0.887010 0.000128 0.461751
vn 0.887009 0.000133 0.461752
vn 0.887010 0.000128 0.461751
vn 0.887008 0.000136 0.461754
vn 0.887009 0.000133 0.461752
vn 0.887008 0.000136 0.461754
vn 0.887009 0.000132 0.461752
vn 0.887009 0.000133 0.461752
vn 0.887009 0.000132 0.461752
vn 0.887011 0.000131 0.461749
vn 0.887009 0.000133 0.461752
vn 0.887008 0.000130 0.461754
vn 0.887009 0.000133 0.461753
vn 0.887011 0.000131 0.461749
vn 0.887009 0.000133 0.461753
vn 0.887008 0.000134 0.461755
vn 0.887011 0.000131 0.461749
vn 0.887008 0.000134 0.461755
vn 0.887010 0.000139 0.461751
vn 0.887011 0.000131 0.461749
vn 0.887010 0.000139 0.461751
vn 0.887184 -0.000032 0.461416
vn 0.887011 0.000131 0.461749
vn 0.887499 0.001672 0.460807
vn 0.887044 0.000920 0.461685
vn 0.887184 -0.000032 0.461416
vn 0.887184 -0.000032 0.461416
vn 0.887044 0.000920 0.461685
vn 0.887011 0.000131 0.461749
vn 0.887499 0.001672 0.460807
vn 0.887135 0.001368 0.461507
vn 0.887044 0.000920 0.461685
vn 0.887135 0.001368 0.461507
vn 0.887000 0.000982 0.461768
vn 0.887044 0.000920 0.461685
vn 0.887009 0.000128 0.461752
vn 0.887009 0.000140 0.461752
vn 0.887000 0.000982 0.461768
vn 0.887000 0.000982 0.461768
vn 0.887009 0.000140 0.461752
vn 0.887044 0.000920 0.461685
vn 0.887011 0.000131 0.461749
vn 0.887009 0.000132 0.461752
vn 0.887009 0.000133 0.461752
vn 0.887009 0.000133 0.461752
vn 0.887009 0.000132 0.461752
vn 0.887009 0.000132 0.461753
vn 0.887009 0.000132 0.461752
vn 0.887008 0.000130 0.461754
vn 0.887011 0.000131 0.461749
vn -0.217534 0.000000 0.976053
vn -0.217534 0.000000 0.976053
vn -0.217534 0.000000 0.976053
vn -0.217534 0.000000 0.976053
vn -0.217534 0.000000 0.976053
vn -0.217534 0.000000 0.976053
vn -0.217534 0.000000 0.976053
vn -0.217534 0.000000 0.976053
vn -0.214294 0.000000 0.976769
vn -0.214294 0.000000 0.976769
vn -0.217534 0.000000 0.976053
vn -0.214294 0.000000 0.976769
vn -0.214294 0.000000 0.976769
vn -0.214294 0.000000 0.976769
vn -0.204527 0.000000 0.978861
vn -0.204527 0.000000 0.978861
vn -0.214294 0.000000 0.976769
vn -0.204527 0.000000 0.978861
vn -0.204527 0.000000 0.978861
vn -0.204527 0.000000 0.978861
vn -0.188112 0.000000 0.982148
vn -0.188112 0.000000 0.982148
vn -0.204527 0.000000 0.978861
vn -0.188112 0.000000 0.982148
vn -0.188112 0.000000 0.982148
vn -0.188112 0.000000 0.982148
vn -0.164868 0.000000 0.986316
vn -0.164868 0.000000 0.986316
vn -0.188112 0.000000 0.982148
vn -0.164868 0.000000 0.986316
vn -0.164868 0.000000 0.986316
vn -0.164868 0.000000 0.986316
vn -0.134578 0.000000 0.990903
vn -0.134578 0.000000 0.990903
vn -0.164868 0.000000 0.986316
vn -0.134578 0.000000 0.990903
vn -0.134578 0.000000 0.990903
vn -0.134578 0.000000 0.990903
vn -0.097046 0.000000 0.995280
vn -0.097046 0.000000 0.995280
vn -0.134578 0.000000 0.990903
vn -0.097046 0.000000 0.995280
vn -0.097046 0.000000 0.995280
vn -0.097046 0.000000 0.995280
vn -0.052164 0.000000 0.998639
vn -0.052164 0.000000 0.998639
vn -0.097046 0.000000 0.995280
vn -0.052164 0.000000 0.998639
vn -0.052164 0.000000 0.998639
vn -0.052164 0.000000 0.998639
vn -0.000000 0.000000 1.000000
vn -0.000000 0.000000 1.000000
vn -0.052164 0.000000 0.998639
vn 0.000000 0.000000 1.000000
vn 0.000000 1.000000 0.000000
vn 0.000000 1.000000 0.000000
vn 0.000000 1.000000 0.000000
vn 0.000000 1.000000 0.000000
vn 0.000000 1.000000 0.000000
vn 0.000000 1.000000 0.000000
vn 0.000000 1.000000 0.000000
vn 0.000000 1.000000 0.000000
vn 0.000000 1.000000 0.000000
vn 0.000000 1.000000 0.000000
vn 0.000000 1.000000 0.000000
vn 0.000000 1.000000 0.000000
vn 0.000000 1.000000 0.000000
vn 0.000000 1.000000 0.000000
vn 0.000000 1.000000 0.000000
vn -0.000003 1.000000 -0.000000
vn -0.000001 1.000000 0.000000
vn 0.000000 1.000000 0.000000
vn 0.000000 1.000000 0.000000
vn -0.000001 1.000000 0.000000
vn 0.000000 1.000000 0.000000
vn 0.000003 1.000000 -0.000000
vn 0.000002 1.000000 -0.000000
vn -0.000003 1.000000 -0.000000
vn -0.000003 1.000000 -0.000000
vn 0.000002 1.000000 -0.000000
vn -0.000001 1.000000 0.000000
vn -0.000001 1.000000 -0.000000
vn 0.000001 1.000000 -0.000000
vn 0.000003 1.000000 -0.000000
vn 0.000003 1.000000 -0.000000
vn 0.000001 1.000000 -0.000000
vn 0.000002 1.000000 -0.000000
vn -0.000002 1.000000 -0.000000
vn -0.000003 1.000000 -0.000000
vn -0.000001 1.000000 -0.000000
vn -0.000001 1.000000 -0.000000
vn -0.000003 1.000000 -0.000000
vn 0.000001 1.000000 -0.000000
vn 0.000002 1.000000 -0.000000
vn 0.000001 1.000000 -0.000000
vn -0.000002 1.000000 -0.000000
vn -0.000002 1.000000 -0.000000
vn 0.000001 1.000000 -0.000000
vn -0.000003 1.000000 -0.000000
vn 0.000000 1.000000 0.000000
vn 0.000000 1.000000 -0.000000
vn 0.000002 1.000000 -0.000000
vn 0.000002 1.000000 -0.000000
vn 0.000000 1.000000 -0.000000
vn 0.000001 1.000000 -0.000000
vn -0.052166 0.000000 0.998639
vn -0.052165 0.000000 0.998638
vn -0.000001 0.000000 1.000000
vn -0.000001 0.000000 1.000000
vn -0.052165 0.000000 0.998638
vn 0.000001 0.000000 1.000000
vn -0.097047 0.000000 0.995280
vn -0.097047 0.000000 0.995280
vn -0.052166 0.000000 0.998639
vn -0.052166 0.000000 0.998639
vn -0.097047 0.000000 0.995280
vn -0.052165 0.000000 0.998638
vn -0.134578 0.000000 0.990903
vn -0.134578 0.000000 0.990903
vn -0.097047 0.000000 0.995280
vn -0.097047 0.000000 0.995280
vn -0.134578 0.000000 0.990903
vn -0.097047 0.000000 0.995280
vn -0.164868 0.000000 0.986316
vn -0.164868 0.000000 0.986316
vn -0.134578 0.000000 0.990903
vn -0.134578 0.000000 0.990903
vn -0.164868 0.000000 0.986316
vn -0.134578 0.000000 0.990903
vn -0.188112 0.000000 0.982148
vn -0.188113 0.000000 0.982148
vn -0.164868 0.000000 0.986316
vn -0.164868 0.000000 0.986316
vn -0.188113 0.000000 0.982148
vn -0.164868 0.000000 0.986316
vn -0.204526 0.000000 0.978861
vn -0.204526 0.000000 0.978861
vn -0.188112 0.000000 0.982148
vn -0.188112 0.000000 0.982148
vn -0.204526 0.000000 0.978861
vn -0.188113 0.000000 0.982148
vn -0.214295 0.000000 0.976769
vn -0.214295 0.000000 0.976769
vn -0.204526 0.000000 0.978861
vn -0.204526 0.000000 0.978861
vn -0.214295 0.000000 0.976769
vn -0.204526 0.000000 0.978861
vn -0.217535 0.000000 0.976053
vn -0.217536 0.000000 0.976052
vn -0.214295 0.000000 0.976769
vn -0.214295 0.000000 0.976769
vn -0.217536 0.000000 0.976052
vn -0.214295 0.000000 0.976769
vn 0.204527 0.000000 0.978861
vn 0.204527 0.000000 0.978861
vn 0.214278 0.000000 0.976773
vn 0.214278 0.000000 0.976773
vn 0.204527 0.000000 0.978861
vn 0.214301 -0.000025 0.976768
vn 0.188113 0.000000 0.982147
vn 0.188113 0.000000 0.982147
vn 0.204527 0.000000 0.978861
vn 0.204527 0.000000 0.978861
vn 0.188113 0.000000 0.982147
vn 0.204527 0.000000 0.978861
vn 0.164868 0.000000 0.986316
vn 0.164867 0.000000 0.986316
vn 0.188113 0.000000 0.982147
vn 0.188113 0.000000 0.982147
vn 0.164867 0.000000 0.986316
vn 0.188113 0.000000 0.982147
vn 0.134579 0.000000 0.990903
vn 0.134577 0.000000 0.990903
vn 0.164868 0.000000 0.986316
vn 0.164868 0.000000 0.986316
vn 0.134577 0.000000 0.990903
vn 0.164867 0.000000 0.986316
vn 0.097048 0.000000 0.995280
vn 0.097047 0.000000 0.995280
vn 0.134579 0.000000 0.990903
vn 0.134579 0.000000 0.990903
vn 0.097047 0.000000 0.995280
vn 0.134577 0.000000 0.990903
vn 0.052164 0.000000 0.998639
vn 0.052165 0.000000 0.998639
vn 0.097048 0.000000 0.995280
vn 0.097048 0.000000 0.995280
vn 0.052165 0.000000 0.998639
vn 0.097047 0.000000 0.995280
vn -0.000001 0.000000 1.000000
vn 0.000001 0.000000 1.000000
vn 0.052164 0.000000 0.998639
vn 0.052164 0.000000 0.998639
vn 0.000001 0.000000 1.000000
vn 0.052165 0.000000 0.998639
vn -0.214294 0.000000 0.976769
vn -0.214294 0.000000 0.976769
vn -0.217535 0.000000 0.976053
vn -0.217535 0.000000 0.976053
vn -0.214294 0.000000 0.976769
vn -0.217536 0.000000 0.976052
vn -0.204527 0.000000 0.978861
vn -0.204528 0.000000 0.978861
vn -0.214294 0.000000 0.976769
vn -0.214294 0.000000 0.976769
vn -0.204528 0.000000 0.978861
vn -0.214294 0.000000 0.976769
vn -0.188112 0.000000 0.982148
vn -0.188111 0.000000 0.982148
vn -0.204527 0.000000 0.978861
vn -0.204527 0.000000 0.978861
vn -0.188111 0.000000 0.982148
vn -0.204528 0.000000 0.978861
vn -0.164868 0.000000 0.986316
vn -0.164867 0.000000 0.986316
vn -0.188112 0.000000 0.982148
vn -0.188112 0.000000 0.982148
vn -0.164867 0.000000 0.986316
vn -0.188111 0.000000 0.982148
vn -0.134579 0.000001 0.990903
vn -0.134578 0.000001 0.990903
vn -0.164868 0.000000 0.986316
vn -0.164868 0.000000 0.986316
vn -0.134578 0.000001 0.990903
vn -0.164867 0.000000 0.986316
vn -0.097046 0.000000 0.995280
vn -0.097045 0.000000 0.995280
vn -0.134579 0.000001 0.990903
vn -0.134579 0.000001 0.990903
vn -0.097045 0.000000 0.995280
vn -0.134578 0.000001 0.990903
vn -0.052165 0.000000 0.998639
vn -0.052164 0.000000 0.998639
vn -0.097046 0.000000 0.995280
vn -0.097046 0.000000 0.995280
vn -0.052164 0.000000 0.998639
vn -0.097045 0.000000 0.995280
vn 0.000000 0.000000 1.000000
vn -0.000000 0.000000 1.000000
vn -0.052165 0.000000 0.998639
vn -0.052165 0.000000 0.998639
vn -0.000000 0.000000 1.000000
vn -0.052164 0.000000 0.998639
vn 0.214278 0.000000 0.976773
vn 0.214301 -0.000025 0.976768
vn 0.217409 -0.000051 0.976081
vn 0.217409 -0.000051 0.976081
vn 0.214301 -0.000025 0.976768
vn 0.217456 -0.000101 0.976070
vn -0.000001 1.000000 0.000000
vn -0.000001 1.000000 0.000003
vn 0.000000 1.000000 0.000000
vn 0.000000 1.000000 0.000000
vn -0.000001 1.000000 0.000003
vn 0.000000 1.000000 0.000000
vn 0.000000 1.000000 0.000000
vn 0.000000 1.000000 0.000000
vn 0.000000 1.000000 0.000000
vn 0.000000 1.000000 0.000000
vn 0.000000 1.000000 0.000000
vn 0.000000 1.000000 0.000000
vn 0.000002 1.000000 0.000000
vn 0.000001 1.000000 0.000000
vn -0.000000 1.000000 0.000003
vn -0.000000 1.000000 0.000003
vn 0.000001 1.000000 0.000000
vn 0.000001 1.000000 0.000008
vn 0.000001 1.000000 0.000008
vn 0.000001 1.000000 0.000000
vn -0.000000 1.000000 0.000005
vn 0.000001 1.000000 0.000008
vn -0.000000 1.000000 0.000005
vn -0.000002 1.000000 0.000003
vn -0.000002 1.000000 0.000003
vn -0.000000 1.000000 0.000005
vn -0.000001 1.000000 0.000002
vn -0.000002 1.000000 0.000003
vn -0.000001 1.000000 0.000002
vn 0.000001 1.000000 0.000007
vn 0.000001 1.000000 0.000007
vn -0.000001 1.000000 0.000002
vn 0.000001 1.000000 0.000007
vn 0.000001 1.000000 0.000007
vn 0.000001 1.000000 0.000007
vn -0.000003 1.000000 0.000003
vn -0.000003 1.000000 0.000003
vn 0.000001 1.000000 0.000007
vn -0.000005 1.000000 0.000001
vn -0.000005 1.000000 0.000001
vn 0.000000 1.000000 0.000014
vn -0.000001 1.000000 0.000003
vn 0.000000 1.000000 0.000000
vn -0.000000 1.000000 0.000000
vn 0.000000 1.000000 0.000001
vn 0.000000 1.000000 0.000001
vn -0.000000 1.000000 0.000000
vn 0.000000 1.000000 0.000001
vn 0.000000 1.000000 0.000001
vn -0.000000 1.000000 0.000000
vn 0.000000 1.000000 0.000001
vn 0.000000 1.000000 0.000001
vn -0.000000 1.000000 0.000000
vn 0.000000 1.000000 0.000001
vn 0.000000 1.000000 0.000001
vn -0.000000 1.000000 0.000000
vn 0.000000 1.000000 0.000001
vn 0.000000 1.000000 0.000001
vn -0.000000 1.000000 0.000000
vn 0.000000 1.000000 0.000001
vn 0.000000 1.000000 0.000001
vn -0.000000 1.000000 0.000000
vn 0.000002 1.000000 0.000000
vn -0.000000 1.000000 0.000000
vn 0.000001 1.000000 0.000000
vn 0.000002 1.000000 0.000000
vn 0.000000 1.000000 0.000000
vn -0.000000 1.000000 0.000000
vn 0.000000 1.000000 0.000000
vn -0.000005 1.000000 0.000001
vn -0.000001 1.000000 0.000003
vn -0.000003 1.000000 0.000003
vn -0.000003 1.000000 0.000003
vn -0.000001 1.000000 0.000003
vn -0.000001 1.000000 0.000000
vn -0.000000 1.000000 0.000000
vn 0.000001 1.000000 0.000000
vn -0.000000 1.000000 0.000000
vn -0.052166 0.000000 0.998639
vn -0.000001 0.000000 1.000000
vn -0.052165 0.000000 0.998639
vn -0.052165 0.000000 0.998639
vn -0.000001 0.000000 1.000000
vn 0.000001 0.000000 1.000000
vn -0.097047 0.000000 0.995280
vn -0.052166 0.000000 0.998639
vn -0.097047 0.000000 0.995280
vn -0.097047 0.000000 0.995280
vn -0.052166 0.000000 0.998639
vn -0.052165 0.000000 0.998639
vn -0.134578 0.000000 0.990903
vn -0.097047 0.000000 0.995280
vn -0.134577 0.000000 0.990903
vn -0.134577 0.000000 0.990903
vn -0.097047 0.000000 0.995280
vn -0.097047 0.000000 0.995280
vn -0.164867 0.000000 0.986316
vn -0.134578 0.000000 0.990903
vn -0.164867 0.000000 0.986316
vn -0.164867 0.000000 0.986316
vn -0.134578 0.000000 0.990903
vn -0.134577 0.000000 0.990903
vn -0.188112 0.000000 0.982148
vn -0.164867 0.000000 0.986316
vn -0.188112 0.000000 0.982148
vn -0.188112 0.000000 0.982148
vn -0.164867 0.000000 0.986316
vn -0.164867 0.000000 0.986316
vn -0.204526 0.000000 0.978861
vn -0.188112 0.000000 0.982148
vn -0.204525 0.000000 0.978861
vn -0.204525 0.000000 0.978861
vn -0.188112 0.000000 0.982148
vn -0.188112 0.000000 0.982148
vn -0.214294 0.000000 0.976769
vn -0.204526 0.000000 0.978861
vn -0.214294 0.000000 0.976769
vn -0.214294 0.000000 0.976769
vn -0.204526 0.000000 0.978861
vn -0.204525 0.000000 0.978861
vn -0.217535 0.000000 0.976053
vn -0.214294 0.000000 0.976769
vn -0.217535 0.000000 0.976053
vn -0.217535 0.000000 0.976053
vn -0.214294 0.000000 0.976769
vn -0.214294 0.000000 0.976769
vn 0.204528 0.000000 0.978861
vn 0.214379 0.000000 0.976751
vn 0.204527 0.000000 0.978861
vn 0.204527 0.000000 0.978861
vn 0.214379 0.000000 0.976751
vn 0.214386 0.000008 0.976749
vn 0.188113 0.000000 0.982147
vn 0.204528 0.000000 0.978861
vn 0.188112 0.000000 0.982148
vn 0.188112 0.000000 0.982148
vn 0.204528 0.000000 0.978861
vn 0.204527 0.000000 0.978861
vn 0.164868 0.000000 0.986316
vn 0.188113 0.000000 0.982147
vn 0.164867 0.000000 0.986316
vn 0.164867 0.000000 0.986316
vn 0.188113 0.000000 0.982147
vn 0.188112 0.000000 0.982148
vn 0.134579 0.000000 0.990903
vn 0.164868 0.000000 0.986316
vn 0.134577 0.000000 0.990903
vn 0.134577 0.000000 0.990903
vn 0.164868 0.000000 0.986316
vn 0.164867 0.000000 0.986316
vn 0.097048 0.000000 0.995280
vn 0.134579 0.000000 0.990903
vn 0.097047 0.000000 0.995280
vn 0.097047 0.000000 0.995280
vn 0.134579 0.000000 0.990903
vn 0.134577 0.000000 0.990903
vn 0.052164 0.000000 0.998639
vn 0.097048 0.000000 0.995280
vn 0.052165 0.000000 0.998639
vn 0.052165 0.000000 0.998639
vn 0.097048 0.000000 0.995280
vn 0.097047 0.000000 0.995280
vn -0.000001 0.000000 1.000000
vn 0.052164 0.000000 0.998639
vn 0.000001 0.000000 1.000000
vn 0.000001 0.000000 1.000000
vn 0.052164 0.000000 0.998639
vn 0.052165 0.000000 0.998639
vn -0.214294 0.000000 0.976769
vn -0.217535 0.000000 0.976053
vn -0.214294 0.000000 0.976769
vn -0.214294 0.000000 0.976769
vn -0.217535 0.000000 0.976053
vn -0.217535 0.000000 0.976053
vn -0.204527 0.000000 0.978861
vn -0.214294 0.000000 0.976769
vn -0.204527 0.000000 0.978861
vn -0.204527 0.000000 0.978861
vn -0.214294 0.000000 0.976769
vn -0.214294 0.000000 0.976769
vn -0.188112 0.000000 0.982148
vn -0.204527 0.000000 0.978861
vn -0.188111 0.000000 0.982148
vn -0.188111 0.000000 0.982148
vn -0.204527 0.000000 0.978861
vn -0.204527 0.000000 0.978861
vn -0.164868 -0.000000 0.986316
vn -0.188112 0.000000 0.982148
vn -0.164866 0.000000 0.986316
vn -0.164866 0.000000 0.986316
vn -0.188112 0.000000 0.982148
vn -0.188111 0.000000 0.982148
vn -0.134579 -0.000001 0.990903
vn -0.164868 -0.000000 0.986316
vn -0.134578 -0.000001 0.990903
vn -0.134578 -0.000001 0.990903
vn -0.164868 -0.000000 0.986316
vn -0.164866 0.000000 0.986316
vn -0.097046 -0.000000 0.995280
vn -0.134579 -0.000001 0.990903
vn -0.097045 -0.000000 0.995280
vn -0.097045 -0.000000 0.995280
vn -0.134579 -0.000001 0.990903
vn -0.134578 -0.000001 0.990903
vn -0.052165 -0.000000 0.998639
vn -0.097046 -0.000000 0.995280
vn -0.052164 -0.000000 0.998639
vn -0.052164 -0.000000 0.998639
vn -0.097046 -0.000000 0.995280
vn -0.097045 -0.000000 0.995280
vn 0.000000 0.000000 1.000000
vn -0.052165 -0.000000 0.998639
vn 0.000000 -0.000000 1.000000
vn 0.000000 -0.000000 1.000000
vn -0.052165 -0.000000 0.998639
vn -0.052164 -0.000000 0.998639
vn 0.214379 0.000000 0.976751
vn 0.217571 0.000017 0.976044
vn 0.214386 0.000008 0.976749
vn 0.214386 0.000008 0.976749
vn 0.217571 0.000017 0.976044
vn 0.217586 0.000033 0.976041
vn 0.000000 0.255037 0.966931
vn 0.000000 0.255036 0.966931
vn 0.000000 0.205623 0.978631
vn 0.000000 0.205623 0.978631
vn 0.000000 0.255036 0.966931
vn 0.000000 0.205623 0.978631
vn 0.000000 0.205623 0.978631
vn 0.000000 0.205623 0.978631
vn 0.000000 0.119834 0.992794
vn 0.000000 0.119834 0.992794
vn 0.000000 0.205623 0.978631
vn 0.000000 0.119834 0.992794
vn 0.000000 0.119834 0.992794
vn 0.000000 0.119834 0.992794
vn 0.000000 -0.000000 1.000000
vn 0.000000 -0.000000 1.000000
vn 0.000000 0.119834 0.992794
vn 0.000000 -0.000000 1.000000
vn 0.000000 -0.000000 1.000000
vn 0.000000 -0.000000 1.000000
vn 0.000000 -0.119833 0.992794
vn 0.000000 -0.119833 0.992794
vn 0.000000 -0.000000 1.000000
vn 0.000000 -0.119833 0.992794
vn 0.000000 -0.119833 0.992794
vn 0.000000 -0.119833 0.992794
vn 0.000000 -0.205623 0.978631
vn 0.000000 -0.205623 0.978631
vn 0.000000 -0.119833 0.992794
vn 0.000000 -0.205623 0.978631
vn 0.000000 -0.205623 0.978631
vn 0.000000 -0.205623 0.978631
vn 0.000000 -0.255037 0.966931
vn 0.000000 -0.255037 0.966931
vn 0.000000 -0.205623 0.978631
vn 0.000000 -0.255037 0.966931
vn 0.000000 -0.255037 0.966931
vn 0.000000 -0.255037 0.966931
vn 0.000000 -0.271094 0.962553
vn 0.000000 -0.271094 0.962553
vn 0.000000 -0.255037 0.966931
vn 0.000000 -0.271094 0.962553
vn -1.000000 0.000000 -0.000000
vn -1.000000 0.000001 -0.000000
vn -1.000000 -0.000001 -0.000000
vn -1.000000 0.000000 -0.000000
vn -1.000000 -0.000001 -0.000000
vn -1.000000 -0.000000 -0.000000
vn -1.000000 0.000000 -0.000000
vn -1.000000 0.000000 -0.000000
vn -1.000000 -0.000000 -0.000000
vn -1.000000 0.000000 -0.000000
vn -1.000000 0.000000 -0.000000
vn -1.000000 0.000001 -0.000000
vn -1.000000 0.000000 -0.000000
vn -1.000000 0.000001 -0.000000
vn -1.000000 0.000001 -0.000000
vn -1.000000 0.000000 -0.000000
vn -1.000000 0.000001 -0.000000
vn -1.000000 0.000000 -0.000000
vn -1.000000 0.000000 -0.000000
vn -1.000000 0.000000 -0.000000
vn -1.000000 0.000000 0.000000
vn 0.000000 0.271093 0.962553
vn 0.000000 0.271093 0.962553
vn 0.000000 0.255037 0.966931
vn 0.000000 0.255037 0.966931
vn 0.000000 0.271093 0.962553
vn 0.000000 0.255036 0.966931
vn -1.000000 0.000000 -0.000000
vn -1.000000 0.000002 0.000000
vn -1.000000 0.000001 -0.000000
vn -1.000000 0.000000 -0.000000
vn -1.000000 0.000000 -0.000000
vn -1.000000 0.000000 -0.000000
vn 0.217534 0.000000 0.976053
vn 0.217534 0.000000 0.976053
vn 0.217534 0.000000 0.976053
vn 0.217534 0.000000 0.976053
vn 0.217534 0.000000 0.976053
vn 0.217534 0.000000 0.976053
vn 0.217534 0.000000 0.976053
vn 0.214294 0.000000 0.976769
vn 0.217534 0.000000 0.976053
vn 0.217534 0.000000 0.976053
vn 0.214294 0.000000 0.976769
vn 0.214294 0.000000 0.976769
vn 0.214294 0.000000 0.976769
vn 0.204527 0.000000 0.978861
vn 0.214294 0.000000 0.976769
vn 0.214294 0.000000 0.976769
vn 0.204527 0.000000 0.978861
vn 0.204527 0.000000 0.978861
vn 0.204527 0.000000 0.978861
vn 0.188112 0.000000 0.982148
vn 0.204527 0.000000 0.978861
vn 0.204527 0.000000 0.978861
vn 0.188112 0.000000 0.982148
vn 0.188112 0.000000 0.982148
vn 0.188112 0.000000 0.982148
vn 0.164868 0.000000 0.986316
vn 0.188112 0.000000 0.982148
vn 0.188112 0.000000 0.982148
vn 0.164868 0.000000 0.986316
vn 0.164868 0.000000 0.986316
vn 0.164868 0.000000 0.986316
vn 0.134578 0.000000 0.990903
vn 0.164868 0.000000 0.986316
vn 0.164868 0.000000 0.986316
vn 0.134578 0.000000 0.990903
vn 0.134578 0.000000 0.990903
vn 0.134578 0.000000 0.990903
vn 0.097046 0.000000 0.995280
vn 0.134578 0.000000 0.990903
vn 0.134578 0.000000 0.990903
vn 0.097046 0.000000 0.995280
vn 0.097046 0.000000 0.995280
vn 0.097046 0.000000 0.995280
vn 0.052164 0.000000 0.998639
vn 0.097046 0.000000 0.995280
vn 0.097046 0.000000 0.995280
vn 0.052164 0.000000 0.998639
vn 0.052164 0.000000 0.998639
vn 0.052164 0.000000 0.998639
vn -0.000000 0.000000 1.000000
vn 0.052164 0.000000 0.998639
vn 0.052164 0.000000 0.998639
vn -0.000000 0.000000 1.000000
vn 0.000000 0.000000 1.000000
vn 0.000000 1.000000 0.000000
vn 0.000000 1.000000 0.000000
vn 0.000000 1.000000 0.000000
vn 0.000000 1.000000 0.000000
vn 0.000000 1.000000 0.000000
vn 0.000000 1.000000 0.000000
vn 0.000000 1.000000 0.000000
vn 0.000000 1.000000 0.000000
vn 0.000000 1.000000 0.000000
vn 0.000000 1.000000 0.000000
vn 0.000000 1.000000 0.000000
vn 0.000000 1.000000 0.000000
vn 0.000000 1.000000 0.000000
vn 0.000000 1.000000 0.000000
vn 0.000000 1.000000 0.000000
vn 0.000003 1.000000 -0.000000
vn 0.000000 1.000000 0.000000
vn 0.000001 1.000000 0.000000
vn 0.000001 1.000000 0.000000
vn 0.000000 1.000000 0.000000
vn 0.000000 1.000000 0.000000
vn -0.000003 1.000000 -0.000000
vn 0.000003 1.000000 -0.000000
vn -0.000002 1.000000 -0.000000
vn -0.000002 1.000000 -0.000000
vn 0.000003 1.000000 -0.000000
vn 0.000001 1.000000 0.000000
vn 0.000001 1.000000 0.000000
vn -0.000003 1.000000 -0.000000
vn -0.000001 1.000000 -0.000000
vn -0.000001 1.000000 -0.000000
vn -0.000003 1.000000 -0.000000
vn -0.000002 1.000000 -0.000000
vn 0.000002 1.000000 0.000000
vn 0.000001 1.000000 0.000000
vn 0.000003 1.000000 -0.000000
vn 0.000003 1.000000 -0.000000
vn 0.000001 1.000000 0.000000
vn -0.000001 1.000000 -0.000000
vn -0.000002 1.000000 0.000000
vn 0.000002 1.000000 0.000000
vn -0.000001 1.000000 -0.000000
vn -0.000001 1.000000 -0.000000
vn 0.000002 1.000000 0.000000
vn 0.000003 1.000000 -0.000000
vn 0.000000 1.000000 0.000000
vn -0.000002 1.000000 0.000000
vn 0.000000 1.000000 -0.000000
vn 0.000000 1.000000 -0.000000
vn -0.000002 1.000000 0.000000
vn -0.000001 1.000000 -0.000000
vn 0.052166 0.000000 0.998639
vn 0.000001 0.000000 1.000000
vn 0.052165 0.000000 0.998638
vn 0.052165 0.000000 0.998638
vn 0.000001 0.000000 1.000000
vn -0.000001 0.000000 1.000000
vn 0.097047 0.000000 0.995280
vn 0.052166 0.000000 0.998639
vn 0.097047 0.000000 0.995280
vn 0.097047 0.000000 0.995280
vn 0.052166 0.000000 0.998639
vn 0.052165 0.000000 0.998638
vn 0.134578 0.000000 0.990903
vn 0.097047 0.000000 0.995280
vn 0.134578 0.000000 0.990903
vn 0.134578 0.000000 0.990903
vn 0.097047 0.000000 0.995280
vn 0.097047 0.000000 0.995280
vn 0.164867 0.000000 0.986316
vn 0.134578 0.000000 0.990903
vn 0.164867 0.000000 0.986316
vn 0.164867 0.000000 0.986316
vn 0.134578 0.000000 0.990903
vn 0.134578 0.000000 0.990903
vn 0.188112 0.000000 0.982148
vn 0.164867 0.000000 0.986316
vn 0.188112 0.000000 0.982148
vn 0.188112 0.000000 0.982148
vn 0.164867 0.000000 0.986316
vn 0.164867 0.000000 0.986316
vn 0.204526 0.000000 0.978861
vn 0.188112 0.000000 0.982148
vn 0.204526 0.000000 0.978861
vn 0.204526 0.000000 0.978861
vn 0.188112 0.000000 0.982148
vn 0.188112 0.000000 0.982148
vn 0.214294 0.000000 0.976769
vn 0.204526 0.000000 0.978861
vn 0.214295 0.000000 0.976769
vn 0.214295 0.000000 0.976769
vn 0.204526 0.000000 0.978861
vn 0.204526 0.000000 0.978861
vn 0.217535 0.000000 0.976053
vn 0.214294 0.000000 0.976769
vn 0.217535 0.000000 0.976052
vn 0.217535 0.000000 0.976052
vn 0.214294 0.000000 0.976769
vn 0.214295 0.000000 0.976769
vn -0.204527 0.000000 0.978861
vn -0.214278 0.000000 0.976773
vn -0.204527 0.000000 0.978861
vn -0.204527 0.000000 0.978861
vn -0.214278 0.000000 0.976773
vn -0.214301 -0.000025 0.976768
vn -0.188113 0.000000 0.982147
vn -0.204527 0.000000 0.978861
vn -0.188113 0.000000 0.982147
vn -0.188113 0.000000 0.982147
vn -0.204527 0.000000 0.978861
vn -0.204527 0.000000 0.978861
vn -0.164868 0.000000 0.986316
vn -0.188113 0.000000 0.982147
vn -0.164867 0.000000 0.986316
vn -0.164867 0.000000 0.986316
vn -0.188113 0.000000 0.982147
vn -0.188113 0.000000 0.982147
vn -0.134579 0.000000 0.990903
vn -0.164868 0.000000 0.986316
vn -0.134577 0.000000 0.990903
vn -0.134577 0.000000 0.990903
vn -0.164868 0.000000 0.986316
vn -0.164867 0.000000 0.986316
vn -0.097048 0.000000 0.995280
vn -0.134579 0.000000 0.990903
vn -0.097047 0.000000 0.995280
vn -0.097047 0.000000 0.995280
vn -0.134579 0.000000 0.990903
vn -0.134577 0.000000 0.990903
vn -0.052164 0.000000 0.998639
vn -0.097048 0.000000 0.995280
vn -0.052165 0.000000 0.998639
vn -0.052165 0.000000 0.998639
vn -0.097048 0.000000 0.995280
vn -0.097047 0.000000 0.995280
vn 0.000001 0.000000 1.000000
vn -0.052164 0.000000 0.998639
vn -0.000001 0.000000 1.000000
vn -0.000001 0.000000 1.000000
vn -0.052164 0.000000 0.998639
vn -0.052165 0.000000 0.998639
vn 0.214294 0.000000 0.976769
vn 0.217535 0.000000 0.976053
vn 0.214294 0.000000 0.976769
vn 0.214294 0.000000 0.976769
vn 0.217535 0.000000 0.976053
vn 0.217535 0.000000 0.976052
vn 0.204527 0.000000 0.978861
vn 0.214294 0.000000 0.976769
vn 0.204528 0.000000 0.978861
vn 0.204528 0.000000 0.978861
vn 0.214294 0.000000 0.976769
vn 0.214294 0.000000 0.976769
vn 0.188112 0.000000 0.982148
vn 0.204527 0.000000 0.978861
vn 0.188111 0.000000 0.982148
vn 0.188111 0.000000 0.982148
vn 0.204527 0.000000 0.978861
vn 0.204528 0.000000 0.978861
vn 0.164868 0.000000 0.986316
vn 0.188112 0.000000 0.982148
vn 0.164867 0.000000 0.986316
vn 0.164867 0.000000 0.986316
vn 0.188112 0.000000 0.982148
vn 0.188111 0.000000 0.982148
vn 0.134579 0.000001 0.990903
vn 0.164868 0.000000 0.986316
vn 0.134578 0.000001 0.990903
vn 0.134578 0.000001 0.990903
vn 0.164868 0.000000 0.986316
vn 0.164867 0.000000 0.986316
vn 0.097046 0.000000 0.995280
vn 0.134579 0.000001 0.990903
vn 0.097045 0.000000 0.995280
vn 0.097045 0.000000 0.995280
vn 0.134579 0.000001 0.990903
vn 0.134578 0.000001 0.990903
vn 0.052165 0.000000 0.998639
vn 0.097046 0.000000 0.995280
vn 0.052164 0.000000 0.998639
vn 0.052164 0.000000 0.998639
vn 0.097046 0.000000 0.995280
vn 0.097045 0.000000 0.995280
vn 0.000000 0.000000 1.000000
vn 0.052165 0.000000 0.998639
vn -0.000000 0.000000 1.000000
vn -0.000000 0.000000 1.000000
vn 0.052165 0.000000 0.998639
vn 0.052164 0.000000 0.998639
vn -0.214278 0.000000 0.976773
vn -0.217409 -0.000051 0.976081
vn -0.214301 -0.000025 0.976768
vn -0.214301 -0.000025 0.976768
vn -0.217409 -0.000051 0.976081
vn -0.217455 -0.000101 0.976070
vn 0.000000 1.000000 0.000000
vn 0.000001 1.000000 0.000003
vn 0.000000 1.000000 0.000000
vn 0.000000 1.000000 0.000000
vn 0.000001 1.000000 0.000003
vn 0.000001 1.000000 0.000000
vn 0.000000 1.000000 0.000000
vn 0.000000 1.000000 0.000000
vn 0.000000 1.000000 0.000000
vn 0.000000 1.000000 0.000000
vn 0.000000 1.000000 0.000000
vn 0.000000 1.000000 0.000000
vn -0.000002 1.000000 0.000001
vn 0.000000 1.000000 0.000004
vn -0.000001 1.000000 0.000000
vn 0.000000 1.000000 0.000004
vn -0.000001 1.000000 0.000007
vn -0.000001 1.000000 0.000000
vn -0.000001 1.000000 0.000000
vn -0.000001 1.000000 0.000007
vn 0.000000 1.000000 0.000003
vn -0.000001 1.000000 0.000007
vn 0.000002 1.000000 0.000002
vn 0.000000 1.000000 0.000003
vn 0.000000 1.000000 0.000003
vn 0.000002 1.000000 0.000002
vn 0.000001 1.000000 0.000001
vn 0.000002 1.000000 0.000002
vn -0.000001 1.000000 0.000005
vn 0.000001 1.000000 0.000001
vn 0.000001 1.000000 0.000001
vn -0.000001 1.000000 0.000005
vn -0.000001 1.000000 0.000006
vn -0.000001 1.000000 0.000005
vn 0.000003 1.000000 0.000003
vn -0.000001 1.000000 0.000006
vn -0.000001 1.000000 0.000006
vn 0.000003 1.000000 0.000003
vn 0.000005 1.000000 0.000002
vn 0.000005 1.000000 0.000002
vn 0.000001 1.000000 0.000003
vn -0.000000 1.000000 0.000014
vn -0.000000 1.000000 0.000000
vn -0.000000 1.000000 0.000001
vn 0.000000 1.000000 0.000000
vn -0.000000 1.000000 0.000001
vn -0.000000 1.000000 0.000001
vn 0.000000 1.000000 0.000000
vn -0.000000 1.000000 0.000001
vn -0.000000 1.000000 0.000001
vn 0.000000 1.000000 0.000000
vn -0.000000 1.000000 0.000001
vn -0.000000 1.000000 0.000001
vn 0.000000 1.000000 0.000000
vn -0.000000 1.000000 0.000001
vn -0.000000 1.000000 0.000001
vn 0.000000 1.000000 0.000000
vn -0.000000 1.000000 0.000001
vn -0.000000 1.000000 0.000001
vn 0.000000 1.000000 0.000000
vn -0.000000 1.000000 0.000001
vn -0.000002 1.000000 0.000001
vn 0.000000 1.000000 0.000000
vn -0.000002 1.000000 0.000001
vn -0.000001 1.000000 0.000000
vn 0.000000 1.000000 0.000000
vn -0.000000 1.000000 0.000000
vn -0.000000 1.000000 0.000000
vn 0.000000 1.000000 0.000000
vn 0.000001 1.000000 0.000000
vn 0.000001 1.000000 0.000003
vn 0.000003 1.000000 0.000003
vn 0.000003 1.000000 0.000003
vn 0.000001 1.000000 0.000003
vn 0.000005 1.000000 0.000002
vn 0.097046 0.000000 0.995280
vn 0.134578 0.000000 0.990903
vn 0.097046 0.000000 0.995280
vn 0.097046 0.000000 0.995280
vn 0.134578 0.000000 0.990903
vn 0.134578 0.000000 0.990903
vn 0.134578 0.000000 0.990903
vn 0.164867 0.000000 0.986316
vn 0.134578 0.000000 0.990903
vn 0.134578 0.000000 0.990903
vn 0.164867 0.000000 0.986316
vn 0.164868 0.000000 0.986316
vn 0.164867 0.000000 0.986316
vn 0.187880 0.000000 0.982192
vn 0.164868 0.000000 0.986316
vn 0.164868 0.000000 0.986316
vn 0.187880 0.000000 0.982192
vn 0.187880 0.000000 0.982192
vn 0.076389 0.000000 0.997078
vn 0.097046 0.000000 0.995280
vn 0.076390 0.000000 0.997078
vn 0.076390 0.000000 0.997078
vn 0.097046 0.000000 0.995280
vn 0.097046 0.000000 0.995280
vn 0.187880 0.000000 0.982192
vn 0.197496 0.000000 0.980304
vn 0.187880 0.000000 0.982192
vn 0.187880 0.000000 0.982192
vn 0.197496 0.000000 0.980304
vn 0.197498 0.000000 0.980303
vn -0.886758 0.000000 -0.462235
vn -0.886758 0.000000 -0.462235
vn -0.886758 0.000000 -0.462235
vn -0.886758 0.000000 -0.462235
vn -0.886758 0.000000 -0.462235
vn -0.886758 0.000000 -0.462235
vn 0.000000 1.000000 0.000000
vn 0.000000 1.000000 0.000000
vn -0.000001 1.000000 0.000000
vn 0.052166 0.000000 0.998639
vn 0.052165 0.000000 0.998639
vn 0.000001 0.000000 1.000000
vn 0.000001 0.000000 1.000000
vn 0.052165 0.000000 0.998639
vn -0.000001 0.000000 1.000000
vn 0.097047 0.000000 0.995280
vn 0.097047 0.000000 0.995280
vn 0.052166 0.000000 0.998639
vn 0.052166 0.000000 0.998639
vn 0.097047 0.000000 0.995280
vn 0.052165 0.000000 0.998639
vn 0.134578 0.000000 0.990903
vn 0.134578 0.000000 0.990903
vn 0.097047 0.000000 0.995280
vn 0.097047 0.000000 0.995280
vn 0.134578 0.000000 0.990903
vn 0.097047 0.000000 0.995280
vn 0.164868 0.000000 0.986316
vn 0.164867 0.000000 0.986316
vn 0.134578 0.000000 0.990903
vn 0.134578 0.000000 0.990903
vn 0.164867 0.000000 0.986316
vn 0.134578 0.000000 0.990903
vn 0.188113 0.000000 0.982148
vn 0.188113 0.000000 0.982147
vn 0.164868 0.000000 0.986316
vn 0.164868 0.000000 0.986316
vn 0.188113 0.000000 0.982147
vn 0.164867 0.000000 0.986316
vn 0.204526 0.000000 0.978861
vn 0.204526 0.000000 0.978861
vn 0.188113 0.000000 0.982148
vn 0.188113 0.000000 0.982148
vn 0.204526 0.000000 0.978861
vn 0.188113 0.000000 0.982147
vn 0.214295 0.000000 0.976769
vn 0.214295 0.000000 0.976769
vn 0.204526 0.000000 0.978861
vn 0.204526 0.000000 0.978861
vn 0.214295 0.000000 0.976769
vn 0.204526 0.000000 0.978861
vn 0.217535 0.000000 0.976053
vn 0.217535 0.000000 0.976053
vn 0.214295 0.000000 0.976769
vn 0.214295 0.000000 0.976769
vn 0.217535 0.000000 0.976053
vn 0.214295 0.000000 0.976769
vn -0.204528 0.000000 0.978861
vn -0.204527 0.000000 0.978861
vn -0.214379 0.000000 0.976751
vn -0.214379 0.000000 0.976751
vn -0.204527 0.000000 0.978861
vn -0.214386 0.000008 0.976749
vn -0.188113 0.000000 0.982147
vn -0.188112 0.000000 0.982148
vn -0.204528 0.000000 0.978861
vn -0.204528 0.000000 0.978861
vn -0.188112 0.000000 0.982148
vn -0.204527 0.000000 0.978861
vn -0.164868 0.000000 0.986316
vn -0.164867 0.000000 0.986316
vn -0.188113 0.000000 0.982147
vn -0.188113 0.000000 0.982147
vn -0.164867 0.000000 0.986316
vn -0.188112 0.000000 0.982148
vn -0.134579 0.000000 0.990903
vn -0.134577 0.000000 0.990903
vn -0.164868 0.000000 0.986316
vn -0.164868 0.000000 0.986316
vn -0.134577 0.000000 0.990903
vn -0.164867 0.000000 0.986316
vn -0.097048 0.000000 0.995280
vn -0.097047 0.000000 0.995280
vn -0.134579 0.000000 0.990903
vn -0.134579 0.000000 0.990903
vn -0.097047 0.000000 0.995280
vn -0.134577 0.000000 0.990903
vn -0.052164 0.000000 0.998639
vn -0.052165 0.000000 0.998639
vn -0.097048 0.000000 0.995280
vn -0.097048 0.000000 0.995280
vn -0.052165 0.000000 0.998639
vn -0.097047 0.000000 0.995280
vn 0.000001 0.000000 1.000000
vn -0.000001 0.000000 1.000000
vn -0.052164 0.000000 0.998639
vn -0.052164 0.000000 0.998639
vn -0.000001 0.000000 1.000000
vn -0.052165 0.000000 0.998639
vn 0.214294 0.000000 0.976769
vn 0.214294 0.000000 0.976769
vn 0.217535 0.000000 0.976053
vn 0.217535 0.000000 0.976053
vn 0.214294 0.000000 0.976769
vn 0.217535 0.000000 0.976053
vn 0.204527 0.000000 0.978861
vn 0.204527 0.000000 0.978861
vn 0.214294 0.000000 0.976769
vn 0.214294 0.000000 0.976769
vn 0.204527 0.000000 0.978861
vn 0.214294 0.000000 0.976769
vn 0.188112 0.000000 0.982148
vn 0.188112 0.000000 0.982148
vn 0.204527 0.000000 0.978861
vn 0.204527 0.000000 0.978861
vn 0.188112 0.000000 0.982148
vn 0.204527 0.000000 0.978861
vn 0.164868 -0.000000 0.986316
vn 0.164867 0.000000 0.986316
vn 0.188112 0.000000 0.982148
vn 0.188112 0.000000 0.982148
vn 0.164867 0.000000 0.986316
vn 0.188112 0.000000 0.982148
vn 0.134579 -0.000001 0.990903
vn 0.134578 -0.000001 0.990903
vn 0.164868 -0.000000 0.986316
vn 0.164868 -0.000000 0.986316
vn 0.134578 -0.000001 0.990903
vn 0.164867 0.000000 0.986316
vn 0.097047 -0.000000 0.995280
vn 0.097046 -0.000000 0.995280
vn 0.134579 -0.000001 0.990903
vn 0.134579 -0.000001 0.990903
vn 0.097046 -0.000000 0.995280
vn 0.134578 -0.000001 0.990903
vn 0.052165 -0.000000 0.998639
vn 0.052164 -0.000000 0.998639
vn 0.097047 -0.000000 0.995280
vn 0.097047 -0.000000 0.995280
vn 0.052164 -0.000000 0.998639
vn 0.097046 -0.000000 0.995280
vn 0.000000 0.000000 1.000000
vn 0.000000 -0.000000 1.000000
vn 0.052165 -0.000000 0.998639
vn 0.052165 -0.000000 0.998639
vn 0.000000 -0.000000 1.000000
vn 0.052164 -0.000000 0.998639
vn -0.214379 0.000000 0.976751
vn -0.214386 0.000008 0.976749
vn -0.217572 0.000017 0.976044
vn -0.217572 0.000017 0.976044
vn -0.214386 0.000008 0.976749
vn -0.217586 0.000034 0.976041
vn 0.000000 0.255036 0.966932
vn 0.000000 0.205623 0.978631
vn 0.000000 0.255036 0.966932
vn 0.000000 0.255036 0.966932
vn 0.000000 0.205623 0.978631
vn 0.000000 0.205623 0.978631
vn 0.000000 0.205623 0.978631
vn 0.000000 0.119834 0.992794
vn 0.000000 0.205623 0.978631
vn 0.000000 0.205623 0.978631
vn 0.000000 0.119834 0.992794
vn 0.000000 0.119834 0.992794
vn 0.000000 0.119834 0.992794
vn 0.000000 -0.000000 1.000000
vn 0.000000 0.119834 0.992794
vn 0.000000 0.119834 0.992794
vn 0.000000 -0.000000 1.000000
vn 0.000000 -0.000000 1.000000
vn 0.000000 -0.000000 1.000000
vn 0.000000 -0.119833 0.992794
vn 0.000000 -0.000000 1.000000
vn 0.000000 -0.000000 1.000000
vn 0.000000 -0.119833 0.992794
vn 0.000000 -0.119833 0.992794
vn 0.000000 -0.119833 0.992794
vn 0.000000 -0.205623 0.978631
vn 0.000000 -0.119833 0.992794
vn 0.000000 -0.119833 0.992794
vn 0.000000 -0.205623 0.978631
vn 0.000000 -0.205623 0.978631
vn 0.000000 -0.205623 0.978631
vn 0.000000 -0.255037 0.966931
vn 0.000000 -0.205623 0.978631
vn 0.000000 -0.205623 0.978631
vn 0.000000 -0.255037 0.966931
vn 0.000000 -0.255037 0.966931
vn 0.000000 -0.255037 0.966931
vn 0.000000 -0.271094 0.962553
vn 0.000000 -0.255037 0.966931
vn 0.000000 -0.255037 0.966931
vn 0.000000 -0.271094 0.962553
vn 0.000000 -0.271094 0.962553
vn 1.000000 -0.000000 -0.000000
vn 1.000000 -0.000001 -0.000000
vn 1.000000 0.000000 -0.000000
vn 1.000000 -0.000000 -0.000000
vn 1.000000 -0.000001 -0.000000
vn 1.000000 -0.000001 -0.000000
vn 1.000000 0.000000 -0.000000
vn 1.000000 -0.000001 -0.000000
vn 1.000000 -0.000000 -0.000000
vn 1.000000 0.000000 -0.000000
vn 1.000000 0.000001 -0.000000
vn 1.000000 0.000000 -0.000000
vn 1.000000 0.000000 -0.000000
vn 1.000000 0.000001 -0.000000
vn 1.000000 0.000001 -0.000000
vn 1.000000 0.000000 -0.000000
vn 1.000000 0.000000 -0.000000
vn 1.000000 0.000001 -0.000000
vn 1.000000 0.000000 -0.000000
vn 1.000000 0.000000 0.000000
vn 1.000000 0.000000 -0.000000
vn 0.000000 0.271093 0.962553
vn 0.000000 0.255036 0.966932
vn 0.000000 0.271093 0.962553
vn 0.000000 0.271093 0.962553
vn 0.000000 0.255036 0.966932
vn 0.000000 0.255036 0.966932
vn 1.000000 -0.000000 -0.000000
vn 1.000000 0.000000 -0.000000
vn 1.000000 0.000000 0.000000
vn 1.000000 0.000000 -0.000000
vn 1.000000 0.000000 -0.000000
vn 1.000000 -0.000000 -0.000000
vn 0.000000 1.000000 0.000000
vn 0.000000 1.000000 0.000000
vn 0.000000 1.000000 0.000004
vn 0.000000 1.000000 0.000004
vn 0.000000 1.000000 0.000000
vn 0.000000 1.000000 0.000004
vn 0.461757 -0.000006 0.887006
vn 0.461757 -0.000002 0.887007
vn 0.458638 0.116029 0.881015
vn 0.458638 0.116029 0.881015
vn 0.461757 -0.000002 0.887007
vn 0.458637 0.116033 0.881016
vn 0.076344 -0.986237 0.146656
vn 0.076345 -0.986237 0.146657
vn 0.148084 -0.947182 0.284461
vn 0.148084 -0.947182 0.284461
vn 0.076345 -0.986237 0.146657
vn 0.148085 -0.947181 0.284464
vn 0.458638 0.116029 0.881015
vn 0.458637 0.116033 0.881016
vn 0.448667 0.236434 0.861857
vn 0.448667 0.236434 0.861857
vn 0.458637 0.116033 0.881016
vn 0.448665 0.236439 0.861856
vn 0.448667 0.236434 0.861857
vn 0.448665 0.236439 0.861856
vn 0.429830 0.365391 0.825673
vn 0.429830 0.365391 0.825673
vn 0.448665 0.236439 0.861856
vn 0.429826 0.365396 0.825673
vn 0.429830 0.365391 0.825673
vn 0.429826 0.365396 0.825673
vn 0.398137 0.506526 0.764800
vn 0.398137 0.506526 0.764800
vn 0.429826 0.365396 0.825673
vn 0.398134 0.506532 0.764797
vn 0.398137 0.506526 0.764800
vn 0.398134 0.506532 0.764797
vn 0.346782 0.660293 0.666150
vn 0.346782 0.660293 0.666150
vn 0.398134 0.506532 0.764797
vn 0.346781 0.660299 0.666145
vn 0.346782 0.660293 0.666150
vn 0.346781 0.660299 0.666145
vn 0.266087 0.817276 0.511134
vn 0.266087 0.817276 0.511134
vn 0.346781 0.660299 0.666145
vn 0.266084 0.817279 0.511130
vn 0.266087 0.817276 0.511134
vn 0.266084 0.817279 0.511130
vn 0.148090 0.947178 0.284471
vn 0.148090 0.947178 0.284471
vn 0.266084 0.817279 0.511130
vn 0.148086 0.947180 0.284466
vn 0.148090 0.947178 0.284471
vn 0.148086 0.947180 0.284466
vn 0.076347 0.986237 0.146656
vn 0.076347 0.986237 0.146656
vn 0.148086 0.947180 0.284466
vn 0.076347 0.986238 0.146651
vn 0.148084 -0.947182 0.284461
vn 0.148085 -0.947181 0.284464
vn 0.266080 -0.817284 0.511125
vn 0.266080 -0.817284 0.511125
vn 0.148085 -0.947181 0.284464
vn 0.266081 -0.817282 0.511127
vn 0.266080 -0.817284 0.511125
vn 0.266081 -0.817282 0.511127
vn 0.346778 -0.660305 0.666140
vn 0.346778 -0.660305 0.666140
vn 0.266081 -0.817282 0.511127
vn 0.346779 -0.660299 0.666145
vn 0.346778 -0.660305 0.666140
vn 0.346779 -0.660299 0.666145
vn 0.398133 -0.506543 0.764791
vn 0.398133 -0.506543 0.764791
vn 0.346779 -0.660299 0.666145
vn 0.398133 -0.506536 0.764795
vn 0.398133 -0.506543 0.764791
vn 0.398133 -0.506536 0.764795
vn 0.429825 -0.365407 0.825668
vn 0.429825 -0.365407 0.825668
vn 0.398133 -0.506536 0.764795
vn 0.429825 -0.365401 0.825671
vn 0.429825 -0.365407 0.825668
vn 0.429825 -0.365401 0.825671
vn 0.448662 -0.236449 0.861855
vn 0.448662 -0.236449 0.861855
vn 0.429825 -0.365401 0.825671
vn 0.448664 -0.236444 0.861856
vn 0.448662 -0.236449 0.861855
vn 0.448664 -0.236444 0.861856
vn 0.458638 -0.116043 0.881014
vn 0.458638 -0.116043 0.881014
vn 0.448664 -0.236444 0.861856
vn 0.458639 -0.116039 0.881014
vn 0.458638 -0.116043 0.881014
vn 0.458639 -0.116039 0.881014
vn 0.461757 -0.000006 0.887006
vn 0.461757 -0.000006 0.887006
vn 0.458639 -0.116039 0.881014
vn 0.461757 -0.000002 0.887007
vn 0.000000 1.000000 -0.000001
vn 0.000000 1.000000 0.000005
vn 0.000000 1.000000 -0.000000
vn 0.000000 1.000000 -0.000000
vn 0.000000 1.000000 0.000005
vn 0.000000 1.000000 0.000005
vn -0.461758 -0.000006 0.887006
vn -0.458639 0.116028 0.881015
vn -0.461757 -0.000002 0.887007
vn -0.461757 -0.000002 0.887007
vn -0.458639 0.116028 0.881015
vn -0.458637 0.116033 0.881016
vn -0.076344 -0.986237 0.146656
vn -0.148084 -0.947182 0.284460
vn -0.076345 -0.986237 0.146656
vn -0.076345 -0.986237 0.146656
vn -0.148084 -0.947182 0.284460
vn -0.148085 -0.947181 0.284463
vn -0.458639 0.116028 0.881015
vn -0.448667 0.236435 0.861856
vn -0.458637 0.116033 0.881016
vn -0.458637 0.116033 0.881016
vn -0.448667 0.236435 0.861856
vn -0.448665 0.236440 0.861856
vn -0.448667 0.236435 0.861856
vn -0.429829 0.365391 0.825673
vn -0.448665 0.236440 0.861856
vn -0.448665 0.236440 0.861856
vn -0.429829 0.365391 0.825673
vn -0.429826 0.365396 0.825673
vn -0.429829 0.365391 0.825673
vn -0.398137 0.506526 0.764799
vn -0.429826 0.365396 0.825673
vn -0.429826 0.365396 0.825673
vn -0.398137 0.506526 0.764799
vn -0.398135 0.506533 0.764796
vn -0.398137 0.506526 0.764799
vn -0.346782 0.660293 0.666149
vn -0.398135 0.506533 0.764796
vn -0.398135 0.506533 0.764796
vn -0.346782 0.660293 0.666149
vn -0.346781 0.660300 0.666143
vn -0.346782 0.660293 0.666149
vn -0.266088 0.817277 0.511132
vn -0.346781 0.660300 0.666143
vn -0.346781 0.660300 0.666143
vn -0.266088 0.817277 0.511132
vn -0.266084 0.817280 0.511129
vn -0.266088 0.817277 0.511132
vn -0.148090 0.947177 0.284472
vn -0.266084 0.817280 0.511129
vn -0.266084 0.817280 0.511129
vn -0.148090 0.947177 0.284472
vn -0.148086 0.947179 0.284468
vn -0.148090 0.947177 0.284472
vn -0.076347 0.986236 0.146660
vn -0.148086 0.947179 0.284468
vn -0.148086 0.947179 0.284468
vn -0.076347 0.986236 0.146660
vn -0.076347 0.986237 0.146654
vn -0.148084 -0.947182 0.284460
vn -0.266081 -0.817284 0.511123
vn -0.148085 -0.947181 0.284463
vn -0.148085 -0.947181 0.284463
vn -0.266081 -0.817284 0.511123
vn -0.266082 -0.817282 0.511127
vn -0.266081 -0.817284 0.511123
vn -0.346779 -0.660306 0.666139
vn -0.266082 -0.817282 0.511127
vn -0.266082 -0.817282 0.511127
vn -0.346779 -0.660306 0.666139
vn -0.346780 -0.660300 0.666144
vn -0.346779 -0.660306 0.666139
vn -0.398133 -0.506543 0.764790
vn -0.346780 -0.660300 0.666144
vn -0.346780 -0.660300 0.666144
vn -0.398133 -0.506543 0.764790
vn -0.398133 -0.506537 0.764794
vn -0.398133 -0.506543 0.764790
vn -0.429826 -0.365407 0.825668
vn -0.398133 -0.506537 0.764794
vn -0.398133 -0.506537 0.764794
vn -0.429826 -0.365407 0.825668
vn -0.429826 -0.365401 0.825671
vn -0.429826 -0.365407 0.825668
vn -0.448663 -0.236449 0.861855
vn -0.429826 -0.365401 0.825671
vn -0.429826 -0.365401 0.825671
vn -0.448663 -0.236449 0.861855
vn -0.448663 -0.236443 0.861856
vn -0.448663 -0.236449 0.861855
vn -0.458638 -0.116043 0.881014
vn -0.448663 -0.236443 0.861856
vn -0.448663 -0.236443 0.861856
vn -0.458638 -0.116043 0.881014
vn -0.458639 -0.116038 0.881014
vn -0.458638 -0.116043 0.881014
vn -0.461758 -0.000006 0.887006
vn -0.458639 -0.116038 0.881014
vn -0.458639 -0.116038 0.881014
vn -0.461758 -0.000006 0.887006
vn -0.461757 -0.000002 0.887007
vn 0.000000 1.000000 -0.000002
vn 0.000000 1.000000 0.000006
vn 0.000000 1.000000 -0.000002
vn 0.000000 1.000000 -0.000002
vn 0.000000 1.000000 0.000006
vn 0.000000 1.000000 0.000006
vn 0.000000 0.000060 1.000000
vn 0.000001 0.000060 1.000000
vn -0.000000 0.000060 1.000000
vn -0.000000 0.000060 1.000000
vn 0.000001 0.000060 1.000000
vn -0.000094 -0.003114 0.999995
vn 0.000001 0.000060 1.000000
vn 0.000001 0.000060 1.000000
vn -0.000094 -0.003114 0.999995
vn 0.000000 1.000000 -0.000002
vn 0.000000 1.000000 -0.000000
vn -0.000000 1.000000 -0.000000
vn 0.000000 1.000000 0.000001
vn -0.000000 1.000000 -0.000000
vn 0.000000 1.000000 0.000000
vn 0.000000 1.000000 0.000001
vn 0.000000 1.000000 0.000001
vn 0.000000 1.000000 0.000000
vn 0.000000 1.000000 0.000000
vn 0.000000 1.000000 0.000000
vn 0.000000 1.000000 0.000000
vn 0.000000 1.000000 0.000000
vn 0.000000 1.000000 0.000000
vn 0.000000 1.000000 0.000000
vn 0.000001 1.000000 0.000000
vn 0.000000 1.000000 0.000000
vn -0.000000 1.000000 0.000000
vn 0.000000 1.000000 -0.000000
vn -0.000001 1.000000 -0.000000
vn 0.000000 1.000000 -0.000000
vn 0.000000 1.000000 0.000001
vn 0.000000 1.000000 -0.000001
vn 0.000000 1.000000 0.000001
vn 0.000000 1.000000 -0.000000
vn 0.000000 1.000000 -0.000000
vn 0.000000 1.000000 0.000000
vn 0.000000 1.000000 0.000000
vn -0.000001 1.000000 -0.000000
vn -0.000000 1.000000 0.000000
vn 0.000000 1.000000 -0.000000
vn -0.000000 1.000000 -0.000000
vn 0.000001 1.000000 0.000000
vn 0.000000 1.000000 0.000000
vn 0.000000 1.000000 0.000000
vn 0.000000 1.000000 -0.000000
vn 0.000000 1.000000 -0.000000
vn 0.000001 1.000000 -0.000004
vn 0.000001 1.000000 0.000001
vn -0.000001 1.000000 0.000002
vn 0.000001 1.000000 -0.000003
vn -0.000002 1.000000 -0.000001
vn 0.000000 1.000000 -0.000001
vn 0.000000 1.000000 0.000001
vn 0.000000 1.000000 0.000000
vn 0.000001 1.000000 0.000000
vn 0.000000 1.000000 0.000000
vn -0.000000 1.000000 0.000000
vn 0.000000 1.000000 -0.000000
vn 0.000000 1.000000 -0.000001
vn -0.000001 1.000000 0.000000
vn 0.000000 -1.000000 0.000000
vn 0.000000 -1.000000 -0.000000
vn 0.000000 -1.000000 -0.000000
vn 0.000000 -1.000000 0.000000
vn 0.000000 -1.000000 0.000000
vn 0.000000 -1.000000 -0.000000
vn 0.000000 -1.000000 -0.000001
vn 0.000000 -1.000000 -0.000002
vn 0.000000 -1.000000 0.000000
vn 0.000000 -1.000000 0.000000
vn 0.000000 -1.000000 -0.000000
vn 0.000000 -1.000000 -0.000000
vn 0.000000 -1.000000 0.000000
vn 0.000000 -1.000000 -0.000000
vn 0.000000 -1.000000 0.000000
vn 0.000000 -1.000000 -0.000000
vn 0.000000 -1.000000 -0.000000
vn 0.000000 -1.000000 0.000000
vn 0.000000 -1.000000 -0.000000
vn 0.000000 -1.000000 -0.000000
vn 0.000000 -1.000000 0.000000
vn 0.000000 -1.000000 -0.000001
vn 0.000000 -1.000000 0.000001
vn 0.000000 -1.000000 0.000000
vn 0.000000 -1.000000 -0.000001
vn 0.000000 -1.000000 0.000000
vn 0.000000 -1.000000 0.000000
vn 0.000000 -1.000000 0.000001
vn 0.000000 -1.000000 0.000000
vn 0.000000 -1.000000 0.000000
vn 0.000000 -1.000000 0.000000
vn 0.000000 -1.000000 -0.000000
vn 0.000000 -1.000000 0.000000
vn 0.000000 -1.000000 0.000000
vn 0.000000 -1.000000 0.000000
vn 0.000000 -1.000000 0.000000
vn 0.000000 -1.000000 -0.000000
vn 0.000000 -1.000000 -0.000000
vn 0.000000 -1.000000 0.000000
vn 0.000000 -1.000000 0.000001
vn 0.000000 -1.000000 0.000001
vn 0.000000 -1.000000 -0.000001
vn 0.000000 -1.000000 0.000000
vn 0.000000 -1.000000 -0.000000
vn 0.000000 -1.000000 0.000000
vn 0.000000 -1.000000 -0.000000
vn 0.000000 -1.000000 -0.000000
vn 0.000000 -1.000000 0.000000
vn 0.000000 -1.000000 0.000000
vn 0.000000 -1.000000 0.000000
vn 0.000000 -1.000000 -0.000000
vn 0.887008 0.000000 -0.461754
vn 0.887008 0.000000 -0.461754
vn 0.887008 0.000000 -0.461754
vn 0.887008 0.000000 -0.461754
vn 0.887008 -0.000000 -0.461755
vn 0.887008 -0.000000 -0.461754
vn 0.887008 0.000001 -0.461754
vn 0.887007 -0.000000 -0.461756
vn 0.887007 -0.000001 -0.461755
vn 0.887008 0.000000 -0.461753
vn 0.887007 0.000001 -0.461755
vn 0.887007 0.000004 -0.461755
vn 0.887008 0.000000 -0.461755
vn 0.887008 0.000000 -0.461754
vn 0.887008 0.000001 -0.461753
vn 0.887009 0.000006 -0.461751
vn 0.887011 -0.000000 -0.461749
vn 0.887006 0.000010 -0.461758
vn 0.887010 -0.000049 -0.461751
vn 0.000000 -1.000000 -0.000001
vn 0.000000 -1.000000 -0.000002
vn 0.000000 -1.000000 -0.000001
vn 0.000000 -1.000000 -0.000002
vn 0.000000 -1.000000 -0.000002
vn 0.000000 -1.000000 -0.000001
vn 0.000000 -1.000000 0.000000
vn 0.000000 -1.000000 -0.000000
vn 0.000000 -1.000000 -0.000002
vn 0.000000 -1.000000 -0.000000
vn 0.000000 -1.000000 -0.000002
vn 0.000000 -1.000000 -0.000002
vn 0.000000 -1.000000 0.000006
vn 0.000000 -1.000000 0.000006
vn 0.000000 -1.000000 -0.000003
vn 0.000000 -1.000000 0.000006
vn 0.000000 -1.000000 -0.000003
vn 0.000000 -1.000000 -0.000003
vn 0.000000 -0.000060 1.000000
vn 0.000000 -0.000060 1.000000
vn 0.000000 -0.000060 1.000000
vn -0.000001 -0.000060 1.000000
vn -0.000001 -0.000060 1.000000
vn -0.000001 -0.000060 1.000000
vn -0.948253 -0.316061 -0.030356
vn -0.663747 -0.225520 -0.713148
vn -0.947706 -0.313391 -0.060322
vn -0.663747 -0.225520 -0.713148
vn -0.642649 -0.221962 -0.733305
vn -0.947706 -0.313391 -0.060322
vn -0.663747 -0.225520 -0.713148
vn 0.012200 -0.139608 -0.990132
vn -0.642649 -0.221962 -0.733305
vn 0.012200 -0.139608 -0.990132
vn 0.012501 -0.139729 -0.990111
vn -0.642649 -0.221962 -0.733305
vn 0.012501 -0.139729 -0.990111
vn 0.012200 -0.139608 -0.990132
vn 0.671363 -0.106207 -0.733480
vn 0.012200 -0.139608 -0.990132
vn 0.693025 -0.106302 -0.713033
vn 0.671363 -0.106207 -0.733480
vn 0.671363 -0.106207 -0.733480
vn 0.693025 -0.106302 -0.713033
vn 0.987861 -0.143112 -0.060417
vn 0.693025 -0.106302 -0.713033
vn 0.988872 -0.145695 -0.030095
vn 0.987861 -0.143112 -0.060417
vn 0.987861 -0.143112 -0.060417
vn 0.988872 -0.145695 -0.030095
vn 0.710081 -0.236955 0.663052
vn 0.988872 -0.145695 -0.030095
vn 0.709091 -0.237052 0.664076
vn 0.710081 -0.236955 0.663052
vn 0.709091 -0.237052 0.664076
vn 0.016231 -0.325084 0.945546
vn 0.710081 -0.236955 0.663052
vn 0.016231 -0.325084 0.945546
vn -0.010066 -0.327049 0.944954
vn 0.710081 -0.236955 0.663052
vn 0.016231 -0.325084 0.945546
vn -0.665429 -0.357086 0.655510
vn -0.010066 -0.327049 0.944954
vn -0.665429 -0.357086 0.655510
vn -0.685405 -0.356885 0.634707
vn -0.010066 -0.327049 0.944954
vn -0.665429 -0.357086 0.655510
vn -0.948253 -0.316061 -0.030356
vn -0.685405 -0.356885 0.634707
vn -0.948253 -0.316061 -0.030356
vn -0.947706 -0.313391 -0.060322
vn -0.685405 -0.356885 0.634707
vn -0.709226 -0.011569 -0.704886
vn -0.709850 -0.011680 -0.704256
vn -0.995098 -0.098889 -0.000377
vn -0.709850 -0.011680 -0.704256
vn -0.995090 -0.098971 0.000561
vn -0.995098 -0.098889 -0.000377
vn -0.007384 0.076069 -0.997075
vn -0.008174 0.075999 -0.997074
vn -0.709226 -0.011569 -0.704886
vn -0.008174 0.075999 -0.997074
vn -0.709850 -0.011680 -0.704256
vn -0.709226 -0.011569 -0.704886
vn 0.699349 0.112698 -0.705840
vn 0.698865 0.112698 -0.706319
vn -0.007384 0.076069 -0.997075
vn 0.698865 0.112698 -0.706319
vn -0.008174 0.075999 -0.997074
vn -0.007384 0.076069 -0.997075
vn 0.997040 0.076861 -0.001727
vn 0.997035 0.076916 -0.002359
vn 0.699349 0.112698 -0.705840
vn 0.997035 0.076916 -0.002359
vn 0.698865 0.112698 -0.706319
vn 0.699349 0.112698 -0.705840
vn 0.711248 -0.010460 0.702863
vn 0.711725 -0.010375 0.702382
vn 0.997040 0.076861 -0.001727
vn 0.711725 -0.010375 0.702382
vn 0.997035 0.076916 -0.002359
vn 0.997040 0.076861 -0.001727
vn 0.009328 -0.098112 0.995132
vn 0.010114 -0.098042 0.995131
vn 0.711248 -0.010460 0.702863
vn 0.010114 -0.098042 0.995131
vn 0.711725 -0.010375 0.702382
vn 0.711248 -0.010460 0.702863
vn -0.697487 -0.134741 0.703815
vn -0.696851 -0.134740 0.704446
vn 0.009328 -0.098112 0.995132
vn -0.696851 -0.134740 0.704446
vn 0.010114 -0.098042 0.995131
vn 0.009328 -0.098112 0.995132
vn -0.995098 -0.098889 -0.000377
vn -0.995090 -0.098971 0.000561
vn -0.697487 -0.134741 0.703815
vn -0.995090 -0.098971 0.000561
vn -0.696851 -0.134740 0.704446
vn -0.697487 -0.134741 0.703815
vn 0.091511 -0.990997 -0.097732
vn 0.091515 -0.990996 -0.097733
vn 0.091514 -0.990996 -0.097734
vn 0.091514 -0.990996 -0.097734
vn 0.091515 -0.990996 -0.097733
vn 0.091514 -0.990996 -0.097733
vn 0.091515 -0.990996 -0.097733
vn 0.091514 -0.990996 -0.097733
vn 0.091514 -0.990996 -0.097733
vn 0.091514 -0.990996 -0.097733
vn 0.091514 -0.990996 -0.097733
vn 0.091512 -0.990996 -0.097733
vn 0.091512 -0.990996 -0.097733
vn 0.091514 -0.990996 -0.097733
vn 0.091511 -0.990996 -0.097733
vn 0.091511 -0.990996 -0.097733
vn 0.091514 -0.990996 -0.097733
vn 0.091514 -0.990996 -0.097735
vn 0.177704 -0.981158 0.075837
vn 0.177703 -0.981158 0.075836
vn 0.177706 -0.981157 0.075837
vn 0.177706 -0.981157 0.075837
vn 0.177703 -0.981158 0.075836
vn 0.177702 -0.981158 0.075835
vn 0.177702 -0.981158 0.075835
vn 0.177703 -0.981158 0.075836
vn 0.177701 -0.981158 0.075835
vn 0.177701 -0.981158 0.075835
vn 0.177703 -0.981158 0.075836
vn 0.177703 -0.981158 0.075836
vn 0.177703 -0.981158 0.075836
vn 0.177703 -0.981158 0.075836
vn 0.177706 -0.981157 0.075837
vn 0.177706 -0.981157 0.075837
vn 0.177703 -0.981158 0.075836
vn 0.177704 -0.981157 0.075838
vn -0.694865 -0.195100 -0.692170
vn -0.695489 -0.195154 -0.691527
vn -0.982818 -0.183810 0.016800
vn -0.695489 -0.195154 -0.691527
vn -0.982817 -0.183727 0.017740
vn -0.982818 -0.183810 0.016800
vn 0.001205 -0.098497 -0.995137
vn 0.000424 -0.098634 -0.995124
vn -0.694865 -0.195100 -0.692170
vn 0.000424 -0.098634 -0.995124
vn -0.695489 -0.195154 -0.691527
vn -0.694865 -0.195100 -0.692170
vn 0.697697 0.049414 -0.714687
vn 0.697224 0.049289 -0.715157
vn 0.001205 -0.098497 -0.995137
vn 0.697224 0.049289 -0.715157
vn 0.000424 -0.098634 -0.995124
vn 0.001205 -0.098497 -0.995137
vn 0.986675 0.162004 -0.015048
vn 0.986675 0.161948 -0.015678
vn 0.697697 0.049414 -0.714687
vn 0.986675 0.161948 -0.015678
vn 0.697224 0.049289 -0.715157
vn 0.697697 0.049414 -0.714687
vn 0.698803 0.173314 0.694001
vn 0.699276 0.173356 0.693514
vn 0.986675 0.162004 -0.015048
vn 0.699276 0.173356 0.693514
vn 0.986675 0.161948 -0.015678
vn 0.986675 0.162004 -0.015048
vn 0.002653 0.076705 0.997050
vn 0.003432 0.076842 0.997037
vn 0.698803 0.173314 0.694001
vn 0.003432 0.076842 0.997037
vn 0.699276 0.173356 0.693514
vn 0.698803 0.173314 0.694001
vn -0.693921 -0.071227 0.716520
vn -0.693294 -0.071062 0.717142
vn 0.002653 0.076705 0.997050
vn -0.693294 -0.071062 0.717142
vn 0.003432 0.076842 0.997037
vn 0.002653 0.076705 0.997050
vn -0.982818 -0.183810 0.016800
vn -0.982817 -0.183727 0.017740
vn -0.693921 -0.071227 0.716520
vn -0.982817 -0.183727 0.017740
vn -0.693294 -0.071062 0.717142
vn -0.693921 -0.071227 0.716520
vn -0.917058 -0.397970 0.024989
vn -0.639661 -0.403430 -0.654277
vn -0.916288 -0.400488 -0.004989
vn -0.639661 -0.403430 -0.654277
vn -0.637245 -0.403255 -0.656738
vn -0.916288 -0.400488 -0.004989
vn 0.027395 -0.309361 -0.950550
vn 0.000406 -0.313656 -0.949537
vn -0.639661 -0.403430 -0.654277
vn 0.000406 -0.313656 -0.949537
vn -0.637245 -0.403255 -0.656738
vn -0.639661 -0.403430 -0.654277
vn 0.710304 -0.167234 -0.683740
vn 0.689029 -0.172561 -0.703891
vn 0.027395 -0.309361 -0.950550
vn 0.689029 -0.172561 -0.703891
vn 0.000406 -0.313656 -0.949537
vn 0.027395 -0.309361 -0.950550
vn 0.998070 -0.061956 -0.004338
vn 0.997300 -0.064752 -0.034646
vn 0.710304 -0.167234 -0.683740
vn 0.997300 -0.064752 -0.034646
vn 0.689029 -0.172561 -0.703891
vn 0.710304 -0.167234 -0.683740
vn 0.724874 -0.054956 0.686686
vn 0.744496 -0.053459 0.665483
vn 0.998070 -0.061956 -0.004338
vn 0.744496 -0.053459 0.665483
vn 0.997300 -0.064752 -0.034646
vn 0.998070 -0.061956 -0.004338
vn 0.041824 -0.151696 0.987542
vn 0.041378 -0.151978 0.987517
vn 0.724874 -0.054956 0.686686
vn 0.041378 -0.151978 0.987517
vn 0.744496 -0.053459 0.665483
vn 0.724874 -0.054956 0.686686
vn 0.041824 -0.151696 0.987542
vn -0.642170 -0.294921 0.707559
vn 0.041378 -0.151978 0.987517
vn -0.642170 -0.294921 0.707559
vn -0.661770 -0.300067 0.687037
vn 0.041378 -0.151978 0.987517
vn -0.642170 -0.294921 0.707559
vn -0.917058 -0.397970 0.024989
vn -0.661770 -0.300067 0.687037
vn -0.917058 -0.397970 0.024989
vn -0.916288 -0.400488 -0.004989
vn -0.661770 -0.300067 0.687037
vn -0.000012 0.000061 1.000000
vn -0.000038 0.000023 1.000000
vn -0.000028 0.000037 1.000000
vn -0.000038 0.000023 1.000000
vn -0.000054 0.000000 1.000000
vn -0.000028 0.000037 1.000000
vn 0.999996 -0.000232 0.002868
vn 0.999986 -0.001303 0.005184
vn 0.999984 -0.001537 0.005450
vn 0.999996 -0.000232 0.002868
vn 0.999991 -0.000771 0.004271
vn 0.999986 -0.001303 0.005184
vn 0.999996 -0.000232 0.002868
vn 0.999995 -0.000230 0.003040
vn 0.999991 -0.000771 0.004271
vn 0.999996 -0.000232 0.002868
vn 0.999996 0.000232 0.002868
vn 0.999997 0.000000 0.002400
vn 0.999996 0.000232 0.002868
vn 0.999995 0.000230 0.003040
vn 0.999997 0.000000 0.002400
vn 0.999996 0.000232 0.002868
vn 0.999991 0.000771 0.004265
vn 0.999995 0.000230 0.003040
vn 0.999996 0.000232 0.002868
vn 0.999986 0.001301 0.005184
vn 0.999991 0.000771 0.004265
vn 0.999996 0.000232 0.002868
vn 0.999984 0.001535 0.005448
vn 0.999986 0.001301 0.005184
vn 0.999996 -0.000232 0.002868
vn 0.999997 0.000000 0.002400
vn 0.999995 -0.000230 0.003040
vn -0.887009 0.000131 0.461751
vn -0.887009 0.000131 0.461751
vn -0.887009 0.000132 0.461753
vn -0.887009 0.000131 0.461751
vn -0.887009 0.000132 0.461752
vn -0.887009 0.000132 0.461753
vn -0.887009 0.000132 0.461753
vn -0.887009 0.000132 0.461752
vn -0.887008 0.000120 0.461753
vn -0.887008 0.000120 0.461753
vn -0.887009 0.000132 0.461752
vn -0.887009 0.000137 0.461752
vn -0.887009 0.000137 0.461752
vn -0.887009 0.000132 0.461752
vn -0.887010 0.000135 0.461750
vn -0.887009 0.000132 0.461752
vn -0.887009 0.000133 0.461752
vn -0.887010 0.000135 0.461750
vn -0.887010 0.000135 0.461750
vn -0.887009 0.000133 0.461752
vn -0.887010 0.000136 0.461751
vn -0.887010 0.000136 0.461751
vn -0.887009 0.000133 0.461752
vn -0.887009 0.000131 0.461753
vn -0.887009 0.000131 0.461753
vn -0.887009 0.000133 0.461752
vn -0.887010 0.000128 0.461750
vn -0.887010 0.000128 0.461750
vn -0.887009 0.000133 0.461752
vn -0.887009 0.000135 0.461753
vn -0.887009 0.000135 0.461753
vn -0.887009 0.000133 0.461752
vn -0.887009 0.000132 0.461752
vn -0.887009 0.000132 0.461752
vn -0.887009 0.000133 0.461752
vn -0.887011 0.000131 0.461749
vn -0.887008 0.000128 0.461755
vn -0.887011 0.000131 0.461749
vn -0.887008 0.000135 0.461753
vn -0.887008 0.000135 0.461753
vn -0.887011 0.000131 0.461749
vn -0.887008 0.000132 0.461755
vn -0.887008 0.000132 0.461755
vn -0.887011 0.000131 0.461749
vn -0.887010 0.000137 0.461751
vn -0.887010 0.000137 0.461751
vn -0.887011 0.000131 0.461749
vn -0.887184 -0.000033 0.461416
vn -0.887498 0.001670 0.460808
vn -0.887184 -0.000033 0.461416
vn -0.887044 0.000918 0.461685
vn -0.887184 -0.000033 0.461416
vn -0.887011 0.000131 0.461749
vn -0.887044 0.000918 0.461685
vn -0.887498 0.001670 0.460808
vn -0.887044 0.000918 0.461685
vn -0.887135 0.001368 0.461508
vn -0.887135 0.001368 0.461508
vn -0.887044 0.000918 0.461685
vn -0.887000 0.000981 0.461768
vn -0.887009 0.000128 0.461753
vn -0.887000 0.000981 0.461768
vn -0.887009 0.000141 0.461753
vn -0.887000 0.000981 0.461768
vn -0.887044 0.000918 0.461685
vn -0.887009 0.000141 0.461753
vn -0.887011 0.000131 0.461749
vn -0.887009 0.000133 0.461752
vn -0.887009 0.000132 0.461752
vn -0.887009 0.000133 0.461752
vn -0.887009 0.000132 0.461753
vn -0.887009 0.000132 0.461752
vn -0.887009 0.000132 0.461752
vn -0.887011 0.000131 0.461749
vn -0.887008 0.000128 0.461755
vn -0.097046 0.000000 0.995280
vn -0.097046 0.000000 0.995280
vn -0.134577 0.000000 0.990903
vn -0.097046 0.000000 0.995280
vn -0.134579 0.000000 0.990903
vn -0.134577 0.000000 0.990903
vn -0.134577 0.000000 0.990903
vn -0.134579 0.000000 0.990903
vn -0.164867 0.000000 0.986316
vn -0.134579 0.000000 0.990903
vn -0.164868 0.000000 0.986316
vn -0.164867 0.000000 0.986316
vn -0.164867 0.000000 0.986316
vn -0.164868 0.000000 0.986316
vn -0.187879 0.000000 0.982192
vn -0.164868 0.000000 0.986316
vn -0.187880 0.000000 0.982192
vn -0.187879 0.000000 0.982192
vn -0.076390 0.000000 0.997078
vn -0.076389 0.000000 0.997078
vn -0.097046 0.000000 0.995280
vn -0.076389 0.000000 0.997078
vn -0.097046 0.000000 0.995280
vn -0.097046 0.000000 0.995280
vn -0.187879 0.000000 0.982192
vn -0.187880 0.000000 0.982192
vn -0.197496 0.000000 0.980304
vn -0.187880 0.000000 0.982192
vn -0.197498 0.000000 0.980303
vn -0.197496 0.000000 0.980304
vn 0.886758 0.000000 -0.462235
vn 0.886758 0.000000 -0.462235
vn 0.886758 0.000000 -0.462235
vn 0.886758 0.000000 -0.462235
vn 0.886758 0.000000 -0.462235
vn 0.886758 0.000000 -0.462235
vn 0.000000 -1.000000 0.000000
vn 0.000000 -1.000000 0.000000
vn 0.000000 -1.000000 0.000000
vn 0.000000 -1.000000 0.000000
vn 0.000000 -1.000000 0.000000
vn 0.000000 -1.000000 0.000000
vn 0.000000 -1.000000 0.000000
vn 0.000000 -1.000000 0.000000
vn 0.000003 -1.000000 0.000000
vn 0.000001 -1.000000 0.000000
vn -0.000003 -1.000000 -0.000000
vn -0.000002 -1.000000 0.000000
vn 0.000001 -1.000000 0.000000
vn -0.000001 -1.000000 0.000000
vn 0.000002 -1.000000 0.000000
vn 0.000003 -1.000000 0.000000
vn -0.000002 -1.000000 -0.000000
vn -0.000001 -1.000000 -0.000000
vn 0.000000 -1.000000 0.000000
vn 0.000000 -1.000000 0.000000
vn 0.000001 -1.000000 -0.000008
vn 0.000000 -1.000000 -0.000001
vn 0.000001 -1.000000 -0.000001
vn -0.000002 -1.000000 -0.000003
vn 0.000000 -1.000000 -0.000007
vn -0.000001 -1.000000 -0.000001
vn -0.000001 -1.000000 -0.000008
vn 0.000000 -1.000000 -0.000005
vn 0.000002 -1.000000 -0.000003
vn 0.000001 -1.000000 -0.000002
vn -0.000001 -1.000000 -0.000006
vn -0.000001 -1.000000 -0.000007
vn 0.000003 -1.000000 -0.000003
vn 0.000005 -1.000000 -0.000000
vn -0.000000 -1.000000 0.000000
vn -0.000000 -1.000000 0.000000
vn -0.000000 -1.000000 -0.000001
vn 0.000000 -1.000000 -0.000000
vn -0.000000 -1.000000 -0.000001
vn -0.000000 -1.000000 -0.000001
vn -0.000000 -1.000000 -0.000001
vn -0.000000 -1.000000 -0.000000
vn -0.000000 -1.000000 -0.000001
vn -0.000000 -1.000000 0.000000
vn 0.000000 -1.000000 0.000000
vn 0.000000 -1.000000 0.000000
vn 0.000000 -1.000000 0.000000
vn 0.000000 -1.000000 0.000000
vn 0.000000 -1.000000 0.000000
vn 0.000000 -1.000000 0.000000
vn 0.000000 -1.000000 0.000000
vn 0.000000 -1.000000 0.000000
vn 0.000000 -1.000000 0.000000
vn -0.000003 -1.000000 0.000000
vn -0.000001 -1.000000 0.000000
vn 0.000003 -1.000000 -0.000000
vn 0.000002 -1.000000 0.000000
vn -0.000001 -1.000000 0.000000
vn 0.000001 -1.000000 0.000000
vn -0.000002 -1.000000 -0.000000
vn -0.000003 -1.000000 0.000000
vn 0.000002 -1.000000 -0.000000
vn 0.000001 -1.000000 -0.000000
vn 0.000000 -1.000000 0.000000
vn -0.000001 -1.000000 0.000001
vn -0.000001 -1.000000 -0.000003
vn 0.000002 -1.000000 -0.000003
vn 0.000001 -1.000000 -0.000001
vn -0.000000 -1.000000 -0.000006
vn 0.000001 -1.000000 -0.000006
vn -0.000000 -1.000000 -0.000004
vn -0.000002 -1.000000 -0.000002
vn -0.000001 -1.000000 -0.000002
vn 0.000001 -1.000000 -0.000004
vn 0.000001 -1.000000 -0.000006
vn -0.000003 -1.000000 -0.000002
vn -0.000005 -1.000000 -0.000000
vn 0.000000 -1.000000 0.000000
vn 0.000000 -1.000000 -0.000000
vn -0.000000 -1.000000 -0.000000
vn 0.000000 -1.000000 -0.000001
vn 0.000000 -1.000000 -0.000001
vn 0.000000 -1.000000 -0.000001
vn 0.000000 -1.000000 -0.000001
vn 0.000000 -1.000000 -0.000000
vn 0.000000 -1.000000 -0.000000
vn 0.000000 -1.000000 0.000000
vn -0.000000 -1.000000 0.000000
vn -0.887641 0.000000 0.460536
vn -0.887641 0.000000 0.460536
vn -0.853741 0.000000 0.520698
vn -0.887641 0.000000 0.460536
vn -0.853742 0.000000 0.520697
vn -0.853741 0.000000 0.520698
vn -0.968842 0.000000 0.247679
vn -0.968842 0.000000 0.247679
vn -0.989466 0.000000 0.144765
vn -0.968842 0.000000 0.247679
vn -0.989466 0.000000 0.144765
vn -0.989466 0.000000 0.144765
vn -0.118247 0.000000 0.992984
vn -0.118247 0.000000 0.992984
vn -0.154008 0.000000 0.988070
vn -0.118247 0.000000 0.992984
vn -0.154008 0.000000 0.988070
vn -0.154008 0.000000 0.988070
vn -0.212746 0.000000 0.977108
vn -0.212745 0.000000 0.977108
vn -0.292181 0.000000 0.956363
vn -0.212745 0.000000 0.977108
vn -0.292181 0.000000 0.956363
vn -0.292181 0.000000 0.956363
vn -0.594259 0.000000 0.804274
vn -0.594259 0.000000 0.804274
vn -0.687684 0.000000 0.726011
vn -0.594259 0.000000 0.804274
vn -0.687683 0.000000 0.726011
vn -0.687684 0.000000 0.726011
vn -0.881681 0.000000 -0.471846
vn -0.881681 0.000001 -0.471846
vn -0.875959 0.000002 -0.482386
vn -0.881681 0.000001 -0.471846
vn -0.875958 0.000003 -0.482388
vn -0.875959 0.000002 -0.482386
vn -0.922600 0.000000 -0.385757
vn -0.922601 0.000000 -0.385756
vn -0.898055 0.000000 -0.439883
vn -0.922601 0.000000 -0.385756
vn -0.898056 0.000000 -0.439881
vn -0.898055 0.000000 -0.439883
vn -0.922600 0.000000 -0.385757
vn -0.950999 0.000000 -0.309192
vn -0.922601 0.000000 -0.385756
vn -0.950999 0.000000 -0.309192
vn -0.951000 0.000000 -0.309192
vn -0.922601 0.000000 -0.385756
vn -0.977320 0.000000 -0.211766
vn -0.977320 0.000000 -0.211766
vn -0.950999 0.000000 -0.309192
vn -0.977320 0.000000 -0.211766
vn -0.951000 0.000000 -0.309192
vn -0.950999 0.000000 -0.309192
vn -0.812820 0.000000 0.582515
vn -0.812821 0.000000 0.582514
vn -0.760191 0.000000 0.649699
vn -0.812821 0.000000 0.582514
vn -0.760192 0.000000 0.649698
vn -0.760191 0.000000 0.649699
vn -0.760192 0.000000 0.649698
vn -0.687684 0.000000 0.726011
vn -0.760191 0.000000 0.649699
vn -0.687684 0.000000 0.726011
vn -0.687683 0.000000 0.726011
vn -0.760191 0.000000 0.649699
vn -0.594259 0.000000 0.804274
vn -0.491382 0.000000 0.870944
vn -0.594259 0.000000 0.804274
vn -0.491382 0.000000 0.870944
vn -0.491382 0.000000 0.870944
vn -0.594259 0.000000 0.804274
vn -0.491382 0.000000 0.870944
vn -0.387585 0.000000 0.921834
vn -0.491382 0.000000 0.870944
vn -0.387585 0.000000 0.921834
vn -0.387586 0.000000 0.921834
vn -0.491382 0.000000 0.870944
vn -0.387585 0.000000 0.921834
vn -0.292181 0.000000 0.956363
vn -0.387586 0.000000 0.921834
vn -0.292181 0.000000 0.956363
vn -0.292181 0.000000 0.956363
vn -0.387586 0.000000 0.921834
vn -0.212746 0.000000 0.977108
vn -0.154008 0.000000 0.988070
vn -0.212745 0.000000 0.977108
vn -0.154008 0.000000 0.988070
vn -0.154008 0.000000 0.988070
vn -0.212745 0.000000 0.977108
vn -0.118247 0.000000 0.992984
vn -0.106271 0.000000 0.994337
vn -0.118247 0.000000 0.992984
vn -0.106271 0.000000 0.994337
vn -0.106272 0.000000 0.994337
vn -0.118247 0.000000 0.992984
vn -0.881681 0.000000 -0.471846
vn -0.898055 0.000000 -0.439883
vn -0.881681 0.000001 -0.471846
vn -0.898055 0.000000 -0.439883
vn -0.898056 0.000000 -0.439881
vn -0.881681 0.000001 -0.471846
vn -0.977320 0.000000 -0.211766
vn -0.995171 0.000000 -0.098153
vn -0.977320 0.000000 -0.211766
vn -0.995171 0.000000 -0.098153
vn -0.995171 0.000000 -0.098154
vn -0.977320 0.000000 -0.211766
vn -0.995171 0.000000 -0.098153
vn -0.999717 0.000000 0.023788
vn -0.995171 0.000000 -0.098154
vn -0.999717 0.000000 0.023788
vn -0.999717 0.000000 0.023788
vn -0.995171 0.000000 -0.098154
vn -0.999717 0.000000 0.023788
vn -0.989466 0.000000 0.144765
vn -0.999717 0.000000 0.023788
vn -0.989466 0.000000 0.144765
vn -0.989466 0.000000 0.144765
vn -0.999717 0.000000 0.023788
vn -0.968842 0.000000 0.247679
vn -0.944248 0.000000 0.329235
vn -0.968842 0.000000 0.247679
vn -0.944248 0.000000 0.329235
vn -0.944248 -0.000001 0.329234
vn -0.968842 0.000000 0.247679
vn -0.944248 0.000000 0.329235
vn -0.917297 -0.000002 0.398203
vn -0.944248 -0.000001 0.329234
vn -0.917297 -0.000002 0.398203
vn -0.917298 -0.000002 0.398202
vn -0.944248 -0.000001 0.329234
vn -0.917297 -0.000002 0.398203
vn -0.887641 0.000000 0.460536
vn -0.917298 -0.000002 0.398202
vn -0.887641 0.000000 0.460536
vn -0.887641 0.000000 0.460536
vn -0.917298 -0.000002 0.398202
vn -0.853742 0.000000 0.520697
vn -0.812821 0.000000 0.582514
vn -0.853741 0.000000 0.520698
vn -0.812821 0.000000 0.582514
vn -0.812820 0.000000 0.582515
vn -0.853741 0.000000 0.520698
vn 0.000000 1.000000 0.000008
vn 0.000000 1.000000 0.000003
vn 0.000000 1.000000 -0.000000
vn 0.000000 1.000000 -0.000000
vn 0.000000 1.000000 0.000003
vn 0.000000 1.000000 0.000000
vn 0.000000 1.000000 0.000003
vn 0.000000 1.000000 -0.000006
vn 0.000000 1.000000 0.000000
vn 0.000000 1.000000 -0.000006
vn 0.000000 1.000000 0.000000
vn 0.000000 1.000000 0.000000
vn 0.000000 1.000000 0.000000
vn 0.000000 1.000000 0.000000
vn 0.000000 1.000000 0.000002
vn 0.000000 1.000000 0.000002
vn 0.000000 1.000000 0.000000
vn 0.000000 1.000000 0.000000
vn 0.000000 1.000000 0.000000
vn 0.000000 1.000000 0.000000
vn 0.000000 1.000000 0.000001
vn 0.000000 1.000000 0.000001
vn 0.000000 1.000000 0.000000
vn 0.000000 1.000000 0.000000
vn 0.000000 1.000000 0.000000
vn 0.000000 1.000000 0.000000
vn 0.000000 1.000000 -0.000001
vn 0.000000 1.000000 -0.000001
vn 0.000000 1.000000 0.000000
vn 0.000000 1.000000 0.000000
vn 0.000000 1.000000 0.000000
vn 0.000000 1.000000 0.000000
vn 0.000000 1.000000 -0.000002
vn 0.000000 1.000000 -0.000002
vn 0.000000 1.000000 0.000000
vn 0.000000 1.000000 0.000000
vn 0.000000 1.000000 0.000000
vn 0.000000 1.000000 0.000000
vn 0.000000 1.000000 0.000000
vn 0.000000 1.000000 0.000000
vn 0.000000 1.000000 0.000000
vn 0.000000 1.000000 0.000001
vn 0.000000 1.000000 0.000001
vn 0.000000 1.000000 0.000000
vn 0.000000 1.000000 0.000000
vn 0.000000 1.000000 0.000000
vn 0.000000 1.000000 0.000000
vn 0.000000 1.000000 0.000000
vn 0.000000 1.000000 0.000000
vn 0.000000 1.000000 0.000000
vn 0.000000 1.000000 0.000000
vn 0.000000 1.000000 0.000000
vn 0.000000 1.000000 0.000000
vn 0.000000 1.000000 0.000001
vn 0.000000 1.000000 0.000001
vn 0.000000 1.000000 0.000000
vn 0.000000 1.000000 -0.000000
vn 0.000000 1.000000 -0.000000
vn 0.000000 1.000000 0.000000
vn 0.000000 1.000000 -0.000002
vn 0.000000 1.000000 -0.000002
vn 0.000000 1.000000 0.000000
vn 0.000000 1.000000 0.000002
vn 0.000000 1.000000 0.000000
vn 0.000000 1.000000 0.000000
vn 0.000000 1.000000 0.000002
vn 0.000000 1.000000 0.000002
vn 0.000000 1.000000 0.000000
vn 0.000000 1.000000 0.000020
vn 0.000000 -1.000000 0.000000
vn 0.000000 -1.000000 -0.000000
vn 0.000000 -1.000000 -0.000000
vn 0.000000 -1.000000 -0.000000
vn 0.000000 -1.000000 -0.000000
vn 0.000000 -1.000000 -0.000001
vn 0.000000 -1.000000 -0.000000
vn 0.000000 -1.000000 0.000000
vn 0.000000 -1.000000 -0.000001
vn 0.000000 -1.000000 0.000000
vn 0.000000 -1.000000 -0.000000
vn 0.000000 -1.000000 -0.000001
vn 0.000000 -1.000000 -0.000001
vn 0.000000 -1.000000 -0.000000
vn 0.000000 -1.000000 -0.000001
vn 0.000000 -1.000000 -0.000000
vn 0.000000 -1.000000 0.000000
vn 0.000000 -1.000000 -0.000001
vn 0.000000 -1.000000 0.000000
vn 0.000000 -1.000000 -0.000001
vn 0.000000 -1.000000 -0.000001
vn 0.000000 -1.000000 -0.000001
vn 0.000000 -1.000000 -0.000004
vn 0.000000 -1.000000 -0.000001
vn 0.000000 -1.000000 -0.000004
vn 0.000000 -1.000000 0.000000
vn 0.000000 -1.000000 -0.000001
vn 0.000000 -1.000000 0.000000
vn 0.000000 -1.000000 0.000000
vn 0.000000 -1.000000 -0.000001
vn 0.000000 -1.000000 0.000000
vn 0.000000 -1.000000 0.000000
vn 0.000000 -1.000000 -0.000001
vn 0.000000 -1.000000 0.000000
vn 0.000000 -1.000000 0.000000
vn 0.000000 -1.000000 -0.000001
vn 0.000000 -1.000000 0.000000
vn 0.000000 -1.000000 0.000000
vn 0.000000 -1.000000 -0.000001
vn 0.000000 -1.000000 0.000000
vn 0.000000 -1.000000 0.000000
vn 0.000000 -1.000000 -0.000001
vn 0.000000 -1.000000 0.000000
vn 0.000000 -1.000000 -0.000000
vn 0.000000 -1.000000 -0.000001
vn 0.000000 -1.000000 -0.000001
vn 0.000000 -1.000000 -0.000000
vn 0.000000 -1.000000 0.000001
vn 0.000000 -1.000000 -0.000000
vn 0.000000 -1.000000 -0.000001
vn 0.000000 -1.000000 0.000001
vn 0.000000 -1.000000 0.000001
vn 0.000000 -1.000000 -0.000001
vn 0.000000 -1.000000 0.000000
vn 0.000000 -1.000000 -0.000001
vn 0.000000 -1.000000 0.000001
vn 0.000000 -1.000000 0.000000
vn 0.000000 -1.000000 0.000000
vn 0.000000 -1.000000 0.000001
vn 0.000000 -1.000000 0.000000
vn 0.000000 -1.000000 0.000000
vn 0.000000 -1.000000 0.000001
vn 0.000000 -1.000000 -0.000000
vn 0.000000 -1.000000 -0.000000
vn 0.000000 -1.000000 0.000001
vn 0.000000 -1.000000 -0.000003
vn 0.000000 -1.000000 -0.000003
vn 0.000000 -1.000000 0.000001
vn 0.000000 -1.000000 0.000013
vn 0.887641 0.000000 0.460536
vn 0.853741 0.000000 0.520698
vn 0.887641 -0.000001 0.460536
vn 0.887641 -0.000001 0.460536
vn 0.853741 0.000000 0.520698
vn 0.853742 0.000000 0.520697
vn 0.968842 0.000000 0.247679
vn 0.989466 0.000000 0.144765
vn 0.968842 0.000000 0.247679
vn 0.968842 0.000000 0.247679
vn 0.989466 0.000000 0.144765
vn 0.989466 0.000000 0.144765
vn 0.118247 0.000000 0.992984
vn 0.154008 0.000000 0.988070
vn 0.118247 0.000000 0.992984
vn 0.118247 0.000000 0.992984
vn 0.154008 0.000000 0.988070
vn 0.154008 0.000000 0.988070
vn 0.212746 0.000000 0.977108
vn 0.292182 0.000000 0.956363
vn 0.212745 0.000000 0.977108
vn 0.212745 0.000000 0.977108
vn 0.292182 0.000000 0.956363
vn 0.292181 0.000000 0.956363
vn 0.594259 0.000000 0.804274
vn 0.687685 0.000000 0.726010
vn 0.594259 0.000000 0.804274
vn 0.594259 0.000000 0.804274
vn 0.687685 0.000000 0.726010
vn 0.687685 0.000000 0.726009
vn 0.881682 0.000000 -0.471843
vn 0.875961 0.000000 -0.482383
vn 0.881682 0.000000 -0.471844
vn 0.881682 0.000000 -0.471844
vn 0.875961 0.000000 -0.482383
vn 0.875961 0.000000 -0.482383
vn 0.922602 0.000000 -0.385754
vn 0.898055 0.000000 -0.439884
vn 0.922602 0.000000 -0.385754
vn 0.922602 0.000000 -0.385754
vn 0.898055 0.000000 -0.439884
vn 0.898055 0.000000 -0.439884
vn 0.922602 0.000000 -0.385754
vn 0.922602 0.000000 -0.385754
vn 0.951000 0.000000 -0.309190
vn 0.951000 0.000000 -0.309190
vn 0.922602 0.000000 -0.385754
vn 0.951000 0.000000 -0.309191
vn 0.977320 0.000000 -0.211767
vn 0.951000 0.000000 -0.309190
vn 0.977320 0.000000 -0.211766
vn 0.977320 0.000000 -0.211766
vn 0.951000 0.000000 -0.309190
vn 0.951000 0.000000 -0.309191
vn 0.812820 0.000000 0.582515
vn 0.760190 0.000000 0.649700
vn 0.812821 0.000000 0.582514
vn 0.812821 0.000000 0.582514
vn 0.760190 0.000000 0.649700
vn 0.760190 0.000000 0.649701
vn 0.760190 0.000000 0.649701
vn 0.760190 0.000000 0.649700
vn 0.687685 0.000000 0.726010
vn 0.687685 0.000000 0.726010
vn 0.760190 0.000000 0.649700
vn 0.687685 0.000000 0.726009
vn 0.594259 0.000000 0.804274
vn 0.594259 0.000000 0.804274
vn 0.491382 0.000000 0.870944
vn 0.491382 0.000000 0.870944
vn 0.594259 0.000000 0.804274
vn 0.491382 0.000000 0.870944
vn 0.491382 0.000000 0.870944
vn 0.491382 0.000000 0.870944
vn 0.387587 0.000000 0.921833
vn 0.387587 0.000000 0.921833
vn 0.491382 0.000000 0.870944
vn 0.387587 0.000000 0.921833
vn 0.387587 0.000000 0.921833
vn 0.387587 0.000000 0.921833
vn 0.292182 0.000000 0.956363
vn 0.292182 0.000000 0.956363
vn 0.387587 0.000000 0.921833
vn 0.292181 0.000000 0.956363
vn 0.212746 0.000000 0.977108
vn 0.212745 0.000000 0.977108
vn 0.154008 0.000000 0.988070
vn 0.154008 0.000000 0.988070
vn 0.212745 0.000000 0.977108
vn 0.154008 0.000000 0.988070
vn 0.118247 0.000000 0.992984
vn 0.118247 0.000000 0.992984
vn 0.106271 0.000000 0.994337
vn 0.106271 0.000000 0.994337
vn 0.118247 0.000000 0.992984
vn 0.106272 0.000000 0.994337
vn 0.881682 0.000000 -0.471843
vn 0.881682 0.000000 -0.471844
vn 0.898055 0.000000 -0.439884
vn 0.898055 0.000000 -0.439884
vn 0.881682 0.000000 -0.471844
vn 0.898055 0.000000 -0.439884
vn 0.977320 0.000000 -0.211767
vn 0.977320 0.000000 -0.211766
vn 0.995171 0.000000 -0.098153
vn 0.995171 0.000000 -0.098153
vn 0.977320 0.000000 -0.211766
vn 0.995171 0.000000 -0.098152
vn 0.995171 0.000000 -0.098153
vn 0.995171 0.000000 -0.098152
vn 0.999717 0.000000 0.023788
vn 0.999717 0.000000 0.023788
vn 0.995171 0.000000 -0.098152
vn 0.999717 0.000000 0.023788
vn 0.999717 0.000000 0.023788
vn 0.999717 0.000000 0.023788
vn 0.989466 0.000000 0.144765
vn 0.989466 0.000000 0.144765
vn 0.999717 0.000000 0.023788
vn 0.989466 0.000000 0.144765
vn 0.968842 0.000000 0.247679
vn 0.968842 0.000000 0.247679
vn 0.944249 0.000000 0.329232
vn 0.944249 0.000000 0.329232
vn 0.968842 0.000000 0.247679
vn 0.944249 -0.000001 0.329233
vn 0.944249 0.000000 0.329232
vn 0.944249 -0.000001 0.329233
vn 0.917298 -0.000004 0.398203
vn 0.917298 -0.000004 0.398203
vn 0.944249 -0.000001 0.329233
vn 0.917297 -0.000004 0.398203
vn 0.917298 -0.000004 0.398203
vn 0.917297 -0.000004 0.398203
vn 0.887641 -0.000001 0.460536
vn 0.887641 -0.000001 0.460536
vn 0.917297 -0.000004 0.398203
vn 0.887641 0.000000 0.460536
vn 0.853742 0.000000 0.520697
vn 0.853741 0.000000 0.520698
vn 0.812821 0.000000 0.582514
vn 0.812821 0.000000 0.582514
vn 0.853741 0.000000 0.520698
vn 0.812820 0.000000 0.582515
vn 0.000000 1.000000 -0.000002
vn 0.000000 1.000000 -0.000000
vn 0.000000 1.000000 -0.000001
vn 0.000000 1.000000 -0.000000
vn 0.000000 1.000000 0.000000
vn 0.000000 1.000000 -0.000001
vn 0.000000 1.000000 -0.000001
vn 0.000000 1.000000 0.000000
vn 0.000000 1.000000 0.000001
vn 0.000000 1.000000 0.000001
vn 0.000000 1.000000 0.000000
vn 0.000000 1.000000 0.000000
vn 0.000000 1.000000 0.000000
vn 0.000000 1.000000 -0.000001
vn 0.000000 1.000000 0.000000
vn 0.000000 1.000000 -0.000001
vn 0.000000 1.000000 -0.000004
vn 0.000000 1.000000 0.000000
vn 0.000000 1.000000 -0.000004
vn 0.000000 1.000000 0.000000
vn 0.000000 1.000000 0.000000
vn 0.000000 1.000000 0.000000
vn 0.000000 1.000000 0.000000
vn 0.000000 1.000000 0.000000
vn 0.000000 1.000000 0.000000
vn 0.000000 1.000000 0.000000
vn 0.000000 1.000000 0.000000
vn 0.000000 1.000000 0.000000
vn 0.000000 1.000000 0.000000
vn 0.000000 1.000000 0.000000
vn 0.000000 1.000000 0.000000
vn 0.000000 1.000000 0.000000
vn 0.000000 1.000000 0.000000
vn 0.000000 1.000000 0.000000
vn 0.000000 1.000000 0.000000
vn 0.000000 1.000000 0.000000
vn 0.000000 1.000000 0.000000
vn 0.000000 1.000000 0.000000
vn 0.000000 1.000000 0.000000
vn 0.000000 1.000000 0.000000
vn 0.000000 1.000000 0.000000
vn 0.000000 1.000000 0.000000
vn 0.000000 1.000000 0.000000
vn 0.000000 1.000000 -0.000000
vn 0.000000 1.000000 0.000000
vn 0.000000 1.000000 -0.000000
vn 0.000000 1.000000 -0.000002
vn 0.000000 1.000000 0.000000
vn 0.000000 1.000000 -0.000002
vn 0.000000 1.000000 0.000000
vn 0.000000 1.000000 0.000000
vn 0.000000 1.000000 0.000000
vn 0.000000 1.000000 0.000001
vn 0.000000 1.000000 0.000000
vn 0.000000 1.000000 0.000001
vn 0.000000 1.000000 0.000002
vn 0.000000 1.000000 0.000000
vn 0.000000 1.000000 0.000002
vn 0.000000 1.000000 0.000000
vn 0.000000 1.000000 0.000000
vn 0.000000 1.000000 0.000000
vn 0.000000 1.000000 0.000000
vn 0.000000 1.000000 0.000000
vn 0.000000 1.000000 0.000000
vn 0.000000 1.000000 0.000000
vn 0.000000 1.000000 0.000000
vn 0.000000 1.000000 0.000000
vn 0.000000 1.000000 0.000000
vn 0.000000 1.000000 0.000000
vn 0.000000 -1.000000 0.000000
vn 0.000000 -1.000000 0.000000
vn 0.000000 -1.000000 -0.000001
vn 0.000000 -1.000000 0.000000
vn 0.000000 -1.000000 -0.000000
vn 0.000000 -1.000000 -0.000001
vn 0.000000 -1.000000 -0.000001
vn 0.000000 -1.000000 -0.000000
vn 0.000000 -1.000000 -0.000001
vn 0.000000 -1.000000 -0.000001
vn 0.000000 -1.000000 -0.000000
vn 0.000000 -1.000000 0.000001
vn 0.000000 -1.000000 -0.000000
vn 0.000000 -1.000000 0.000000
vn 0.000000 -1.000000 0.000001
vn 0.000000 -1.000000 0.000001
vn 0.000000 -1.000000 0.000000
vn 0.000000 -1.000000 -0.000001
vn 0.000000 -1.000000 -0.000001
vn 0.000000 -1.000000 0.000000
vn 0.000000 -1.000000 0.000000
vn 0.000000 -1.000000 0.000000
vn 0.000000 -1.000000 0.000000
vn 0.000000 -1.000000 0.000000
vn 0.000000 -1.000000 0.000000
vn 0.000000 -1.000000 0.000000
vn 0.000000 -1.000000 0.000000
vn 0.000000 -1.000000 0.000000
vn 0.000000 -1.000000 0.000000
vn 0.000000 -1.000000 -0.000001
vn 0.000000 -1.000000 -0.000001
vn 0.000000 -1.000000 0.000000
vn 0.000000 -1.000000 0.000001
vn 0.000000 -1.000000 0.000001
vn 0.000000 -1.000000 0.000000
vn 0.000000 -1.000000 0.000000
vn 0.000000 -1.000000 0.000000
vn 0.000000 -1.000000 0.000000
vn 0.000000 -1.000000 0.000002
vn 0.000000 -1.000000 0.000002
vn 0.000000 -1.000000 0.000000
vn 0.000000 -1.000000 -0.000001
vn 0.000000 -1.000000 -0.000001
vn 0.000000 -1.000000 0.000000
vn 0.000000 -1.000000 -0.000000
vn 0.000000 -1.000000 0.000000
vn 0.000000 -1.000000 0.000000
vn 0.000000 -1.000000 -0.000000
vn 0.000000 -1.000000 -0.000000
vn 0.000000 -1.000000 0.000000
vn 0.000000 -1.000000 -0.000001
vn 0.000000 -1.000000 0.000000
vn 0.000000 -1.000000 -0.000001
vn 0.000000 -1.000000 -0.000001
vn 0.000000 -1.000000 -0.000001
vn 0.000000 -1.000000 -0.000001
vn 0.000000 -1.000000 0.000002
vn 0.000000 -1.000000 -0.000001
vn 0.000000 -1.000000 0.000001
vn 0.000000 -1.000000 0.000002
vn 0.000000 -1.000000 0.000001
vn 0.000000 -1.000000 0.000001
vn 0.000000 -1.000000 0.000002
vn 0.000000 -1.000000 0.000001
vn 0.000000 -1.000000 0.000000
vn 0.000000 -1.000000 0.000002
vn 0.000000 -1.000000 0.000000
vn 0.000000 -1.000000 0.000000
vn 0.000000 -1.000000 0.000002
vn 0.887641 0.000000 0.460536
vn 0.853740 0.000000 0.520699
vn 0.887642 -0.000001 0.460535
vn 0.887642 -0.000001 0.460535
vn 0.853740 0.000000 0.520699
vn 0.853740 0.000000 0.520700
vn 0.968842 0.000000 0.247679
vn 0.989466 0.000000 0.144765
vn 0.968842 0.000000 0.247679
vn 0.968842 0.000000 0.247679
vn 0.989466 0.000000 0.144765
vn 0.989466 0.000000 0.144765
vn 0.118247 0.000000 0.992984
vn 0.154009 0.000000 0.988069
vn 0.118247 0.000000 0.992984
vn 0.118247 0.000000 0.992984
vn 0.154009 0.000000 0.988069
vn 0.154009 0.000000 0.988070
vn 0.212746 0.000000 0.977108
vn 0.292182 0.000000 0.956363
vn 0.212745 0.000000 0.977108
vn 0.212745 0.000000 0.977108
vn 0.292182 0.000000 0.956363
vn 0.292181 0.000000 0.956363
vn 0.594259 0.000000 0.804274
vn 0.687685 0.000000 0.726010
vn 0.594260 0.000000 0.804273
vn 0.594260 0.000000 0.804273
vn 0.687685 0.000000 0.726010
vn 0.687685 0.000000 0.726009
vn 0.881681 0.000000 -0.471846
vn 0.875961 0.000000 -0.482383
vn 0.881681 0.000000 -0.471846
vn 0.881681 0.000000 -0.471846
vn 0.875961 0.000000 -0.482383
vn 0.875961 0.000000 -0.482383
vn 0.922602 0.000000 -0.385754
vn 0.898054 0.000000 -0.439886
vn 0.922601 0.000000 -0.385755
vn 0.922601 0.000000 -0.385755
vn 0.898054 0.000000 -0.439886
vn 0.898054 0.000000 -0.439886
vn 0.922602 0.000000 -0.385754
vn 0.922601 0.000000 -0.385755
vn 0.951000 0.000000 -0.309191
vn 0.951000 0.000000 -0.309191
vn 0.922601 0.000000 -0.385755
vn 0.951000 0.000000 -0.309191
vn 0.977320 0.000000 -0.211766
vn 0.951000 0.000000 -0.309191
vn 0.977320 0.000000 -0.211766
vn 0.977320 0.000000 -0.211766
vn 0.951000 0.000000 -0.309191
vn 0.951000 0.000000 -0.309191
vn 0.812825 0.000000 0.582509
vn 0.760190 0.000000 0.649700
vn 0.812823 0.000000 0.582510
vn 0.812823 0.000000 0.582510
vn 0.760190 0.000000 0.649700
vn 0.760190 0.000000 0.649701
vn 0.760190 0.000000 0.649701
vn 0.760190 0.000000 0.649700
vn 0.687685 0.000000 0.726010
vn 0.687685 0.000000 0.726010
vn 0.760190 0.000000 0.649700
vn 0.687685 0.000000 0.726009
vn 0.594259 0.000000 0.804274
vn 0.594260 0.000000 0.804273
vn 0.491380 0.000000 0.870946
vn 0.491380 0.000000 0.870946
vn 0.594260 0.000000 0.804273
vn 0.491380 0.000000 0.870945
vn 0.491380 0.000000 0.870946
vn 0.491380 0.000000 0.870945
vn 0.387586 0.000000 0.921833
vn 0.387586 0.000000 0.921833
vn 0.491380 0.000000 0.870945
vn 0.387587 0.000000 0.921833
vn 0.387586 0.000000 0.921833
vn 0.387587 0.000000 0.921833
vn 0.292182 0.000000 0.956363
vn 0.292182 0.000000 0.956363
vn 0.387587 0.000000 0.921833
vn 0.292181 0.000000 0.956363
vn 0.212746 0.000000 0.977108
vn 0.212745 0.000000 0.977108
vn 0.154009 0.000000 0.988069
vn 0.154009 0.000000 0.988069
vn 0.212745 0.000000 0.977108
vn 0.154009 0.000000 0.988070
vn 0.118247 0.000000 0.992984
vn 0.118247 0.000000 0.992984
vn 0.106271 0.000000 0.994337
vn 0.106271 0.000000 0.994337
vn 0.118247 0.000000 0.992984
vn 0.106272 0.000000 0.994337
vn 0.881681 0.000000 -0.471846
vn 0.881681 0.000000 -0.471846
vn 0.898054 0.000000 -0.439886
vn 0.898054 0.000000 -0.439886
vn 0.881681 0.000000 -0.471846
vn 0.898054 0.000000 -0.439886
vn 0.977320 0.000000 -0.211766
vn 0.977320 0.000000 -0.211766
vn 0.995171 0.000000 -0.098153
vn 0.995171 0.000000 -0.098153
vn 0.977320 0.000000 -0.211766
vn 0.995171 0.000000 -0.098154
vn 0.995171 0.000000 -0.098153
vn 0.995171 0.000000 -0.098154
vn 0.999717 0.000000 0.023789
vn 0.999717 0.000000 0.023789
vn 0.995171 0.000000 -0.098154
vn 0.999717 0.000000 0.023789
vn 0.999717 0.000000 0.023789
vn 0.999717 0.000000 0.023789
vn 0.989466 0.000000 0.144765
vn 0.989466 0.000000 0.144765
vn 0.999717 0.000000 0.023789
vn 0.989466 0.000000 0.144765
vn 0.968842 0.000000 0.247679
vn 0.968842 0.000000 0.247679
vn 0.944248 0.000000 0.329235
vn 0.944248 0.000000 0.329235
vn 0.968842 0.000000 0.247679
vn 0.944248 -0.000001 0.329234
vn 0.944248 0.000000 0.329235
vn 0.944248 -0.000001 0.329234
vn 0.917300 -0.000004 0.398198
vn 0.917300 -0.000004 0.398198
vn 0.944248 -0.000001 0.329234
vn 0.917300 -0.000004 0.398198
vn 0.917300 -0.000004 0.398198
vn 0.917300 -0.000004 0.398198
vn 0.887642 -0.000001 0.460535
vn 0.887642 -0.000001 0.460535
vn 0.917300 -0.000004 0.398198
vn 0.887641 0.000000 0.460536
vn 0.853740 0.000000 0.520700
vn 0.853740 0.000000 0.520699
vn 0.812823 0.000000 0.582510
vn 0.812823 0.000000 0.582510
vn 0.853740 0.000000 0.520699
vn 0.812825 0.000000 0.582509
vn 0.000000 1.000000 0.000000
vn 0.000000 1.000000 0.000000
vn 0.000000 1.000000 -0.000000
vn 0.000000 1.000000 0.000000
vn 0.000000 1.000000 0.000000
vn 0.000000 1.000000 -0.000000
vn 0.000000 1.000000 -0.000000
vn 0.000000 1.000000 0.000000
vn 0.000000 1.000000 0.000000
vn 0.000000 1.000000 0.000000
vn 0.000000 1.000000 0.000000
vn 0.000000 1.000000 0.000003
vn 0.000000 1.000000 0.000000
vn 0.000000 1.000000 -0.000003
vn 0.000000 1.000000 0.000003
vn 0.000000 1.000000 -0.000003
vn 0.000000 1.000000 -0.000007
vn 0.000000 1.000000 0.000003
vn 0.000000 1.000000 -0.000007
vn 0.000000 1.000000 0.000000
vn 0.000000 1.000000 0.000003
vn 0.000000 1.000000 0.000000
vn 0.000000 1.000000 0.000000
vn 0.000000 1.000000 0.000003
vn 0.000000 1.000000 0.000000
vn 0.000000 1.000000 0.000000
vn 0.000000 1.000000 0.000003
vn 0.000000 1.000000 0.000000
vn 0.000000 1.000000 0.000000
vn 0.000000 1.000000 0.000003
vn 0.000000 1.000000 0.000000
vn 0.000000 1.000000 -0.000001
vn 0.000000 1.000000 0.000003
vn 0.000000 1.000000 -0.000001
vn 0.000000 1.000000 -0.000003
vn 0.000000 1.000000 0.000003
vn 0.000000 1.000000 -0.000003
vn 0.000000 1.000000 0.000004
vn 0.000000 1.000000 0.000003
vn 0.000000 1.000000 0.000004
vn 0.000000 1.000000 0.000000
vn 0.000000 1.000000 0.000003
vn 0.000000 1.000000 0.000000
vn 0.000000 1.000000 0.000000
vn 0.000000 1.000000 0.000003
vn 0.000000 1.000000 0.000000
vn 0.000000 1.000000 0.000000
vn 0.000000 1.000000 0.000003
vn 0.000000 1.000000 0.000000
vn 0.000000 1.000000 0.000000
vn 0.000000 1.000000 0.000003
vn 0.000000 1.000000 0.000000
vn 0.000000 1.000000 0.000001
vn 0.000000 1.000000 0.000003
vn 0.000000 1.000000 0.000001
vn 0.000000 1.000000 -0.000000
vn 0.000000 1.000000 0.000003
vn 0.000000 1.000000 -0.000000
vn 0.000000 1.000000 -0.000006
vn 0.000000 1.000000 0.000003
vn 0.000000 1.000000 -0.000006
vn 0.000000 1.000000 0.000000
vn 0.000000 1.000000 0.000003
vn 0.000000 1.000000 0.000003
vn 0.000000 1.000000 0.000000
vn 0.000000 1.000000 0.000015
vn 0.000000 1.000000 0.000000
vn 0.000000 1.000000 0.000000
vn 0.000000 1.000000 0.000015
vn 0.000000 -1.000000 0.000000
vn 0.000000 -1.000000 0.000000
vn 0.000000 -1.000000 0.000000
vn 0.000000 -1.000000 0.000000
vn 0.000000 -1.000000 0.000000
vn 0.000000 -1.000000 0.000000
vn 0.000000 -1.000000 0.000000
vn 0.000000 -1.000000 0.000000
vn 0.000000 -1.000000 0.000000
vn 0.000000 -1.000000 0.000000
vn 0.000000 -1.000000 0.000000
vn 0.000000 -1.000000 -0.000000
vn 0.000000 -1.000000 0.000000
vn 0.000000 -1.000000 -0.000000
vn 0.000000 -1.000000 -0.000000
vn 0.000000 -1.000000 -0.000000
vn 0.000000 -1.000000 -0.000000
vn 0.000000 -1.000000 -0.000001
vn 0.000000 -1.000000 -0.000001
vn 0.000000 -1.000000 -0.000000
vn 0.000000 -1.000000 -0.000001
vn 0.000000 -1.000000 -0.000001
vn 0.000000 -1.000000 -0.000000
vn 0.000000 -1.000000 -0.000002
vn 0.000000 -1.000000 -0.000002
vn 0.000000 -1.000000 -0.000000
vn 0.000000 -1.000000 -0.000001
vn 0.000000 -1.000000 -0.000001
vn 0.000000 -1.000000 -0.000000
vn 0.000000 -1.000000 0.000003
vn 0.000000 -1.000000 0.000003
vn 0.000000 -1.000000 -0.000000
vn 0.000000 -1.000000 -0.000001
vn 0.000000 -1.000000 -0.000001
vn 0.000000 -1.000000 -0.000000
vn 0.000000 -1.000000 0.000001
vn 0.000000 -1.000000 0.000001
vn 0.000000 -1.000000 -0.000000
vn 0.000000 -1.000000 -0.000002
vn 0.000000 -1.000000 -0.000002
vn 0.000000 -1.000000 -0.000000
vn 0.000000 -1.000000 0.000001
vn 0.000000 -1.000000 0.000001
vn 0.000000 -1.000000 -0.000000
vn 0.000000 -1.000000 0.000001
vn 0.000000 -1.000000 -0.000000
vn 0.000000 -1.000000 -0.000000
vn 0.000000 -1.000000 0.000001
vn 0.000000 -1.000000 0.000001
vn 0.000000 -1.000000 -0.000000
vn 0.000000 -1.000000 0.000000
vn 0.000000 -1.000000 -0.000000
vn 0.000000 -1.000000 0.000001
vn 0.000000 -1.000000 0.000000
vn 0.000000 -1.000000 0.000000
vn 0.000000 -1.000000 0.000001
vn 0.000000 -1.000000 0.000000
vn 0.000000 -1.000000 0.000001
vn 0.000000 -1.000000 0.000001
vn 0.000000 -1.000000 0.000000
vn 0.000000 -1.000000 0.000001
vn 0.000000 -1.000000 0.000000
vn 0.000000 -1.000000 0.000000
vn 0.000000 -1.000000 0.000000
vn 0.000000 -1.000000 0.000000
vn 0.000000 -1.000000 0.000000
vn 0.000000 -1.000000 0.000000
vn 0.000000 -1.000000 0.000000
vn 0.000000 -1.000000 0.000000
vn 0.217537 0.000000 0.976052
vn 0.217535 0.000000 0.976053
vn 0.214369 0.000000 0.976753
vn 0.214369 0.000000 0.976753
vn 0.217535 0.000000 0.976053
vn 0.214367 0.000000 0.976753
vn -0.000001 1.000000 0.000000
vn 0.000000 1.000000 0.000000
vn 0.000001 1.000000 0.000000
vn 0.000001 1.000000 0.000000
vn 0.000000 1.000000 0.000000
vn 0.000000 1.000000 0.000000
vn 0.000000 1.000000 0.000000
vn -0.000000 1.000000 0.000000
vn -0.000001 1.000000 0.000000
vn -0.000001 1.000000 0.000000
vn -0.000000 1.000000 0.000000
vn 0.000000 1.000000 0.000000
vn 0.000000 1.000000 0.000000
vn 0.000001 1.000000 0.000000
vn 0.000000 1.000000 0.000000
vn 0.000000 1.000000 0.000000
vn 0.000001 1.000000 0.000000
vn -0.000000 1.000000 0.000000
vn -0.000001 1.000000 0.000000
vn -0.000002 1.000000 -0.000003
vn 0.000000 1.000000 0.000000
vn 0.000000 1.000000 0.000000
vn -0.000002 1.000000 -0.000003
vn 0.000001 1.000000 0.000000
vn 0.000001 1.000000 0.000003
vn 0.000002 1.000000 -0.000000
vn -0.000001 1.000000 0.000000
vn -0.000001 1.000000 0.000000
vn 0.000002 1.000000 -0.000000
vn -0.000002 1.000000 -0.000003
vn -0.000007 1.000000 0.000000
vn -0.000003 1.000000 0.000000
vn 0.000001 1.000000 0.000003
vn 0.000001 1.000000 0.000003
vn -0.000003 1.000000 0.000000
vn 0.000002 1.000000 -0.000000
vn -0.000001 1.000000 0.000000
vn 0.000000 1.000000 0.000000
vn 0.000000 1.000000 0.000000
vn 0.000000 1.000000 0.000000
vn 0.000000 1.000000 0.000000
vn 0.000000 1.000000 0.000000
vn 0.000001 1.000000 -0.000002
vn 0.000001 1.000000 -0.000000
vn -0.000001 1.000000 0.000000
vn -0.000001 1.000000 0.000000
vn 0.000001 1.000000 -0.000000
vn 0.000000 1.000000 0.000000
vn -0.000001 1.000000 0.000001
vn 0.000001 1.000000 -0.000000
vn -0.000001 1.000000 -0.000000
vn -0.000001 1.000000 -0.000000
vn 0.000001 1.000000 -0.000000
vn 0.000001 1.000000 -0.000002
vn 0.000000 1.000000 0.000000
vn -0.000001 1.000000 0.000001
vn -0.000000 1.000000 0.000000
vn -0.000000 1.000000 0.000000
vn -0.000001 1.000000 0.000001
vn -0.000001 1.000000 -0.000000
vn -0.000001 1.000000 0.000000
vn 0.000000 1.000000 0.000000
vn -0.000001 1.000000 0.000000
vn -0.000001 1.000000 0.000000
vn 0.000000 1.000000 0.000000
vn -0.000000 1.000000 0.000000
vn -0.000000 1.000000 -0.000002
vn -0.000001 1.000000 0.000000
vn -0.000001 1.000000 -0.000003
vn -0.000001 1.000000 -0.000003
vn -0.000001 1.000000 0.000000
vn -0.000001 1.000000 0.000000
vn 0.000001 1.000000 0.000000
vn -0.000000 1.000000 -0.000002
vn 0.000001 1.000000 -0.000002
vn 0.000001 1.000000 -0.000002
vn -0.000000 1.000000 -0.000002
vn -0.000001 1.000000 -0.000003
vn 0.000000 1.000000 0.000000
vn 0.000001 1.000000 0.000000
vn 0.000001 1.000000 0.000000
vn 0.000001 1.000000 0.000000
vn 0.000001 1.000000 0.000000
vn 0.000001 1.000000 -0.000002
vn 0.197982 0.000000 -0.980206
vn 0.197982 0.000000 -0.980206
vn 0.188112 0.000000 -0.982148
vn 0.188112 0.000000 -0.982148
vn 0.197982 0.000000 -0.980206
vn 0.188111 0.000000 -0.982148
vn 0.887148 0.000000 -0.461484
vn 0.887148 0.000000 -0.461484
vn 0.887148 0.000000 -0.461484
vn 0.887148 0.000000 -0.461484
vn 0.887148 0.000000 -0.461484
vn 0.887148 0.000000 -0.461484
vn -0.197982 0.000000 0.980206
vn -0.197982 0.000000 0.980206
vn -0.188113 0.000000 0.982147
vn -0.188113 0.000000 0.982147
vn -0.197982 0.000000 0.980206
vn -0.188113 0.000000 0.982147
vn -0.188113 0.000000 0.982147
vn -0.188113 0.000000 0.982147
vn -0.164868 0.000000 0.986316
vn -0.164868 0.000000 0.986316
vn -0.188113 0.000000 0.982147
vn -0.164867 0.000000 0.986316
vn -0.164868 0.000000 0.986316
vn -0.164867 0.000000 0.986316
vn -0.134577 0.000000 0.990903
vn -0.134577 0.000000 0.990903
vn -0.164867 0.000000 0.986316
vn -0.134577 0.000000 0.990903
vn -0.134577 0.000000 0.990903
vn -0.134577 0.000000 0.990903
vn -0.097048 0.000000 0.995280
vn -0.097048 0.000000 0.995280
vn -0.134577 0.000000 0.990903
vn -0.097047 0.000000 0.995280
vn -0.097048 0.000000 0.995280
vn -0.097047 0.000000 0.995280
vn -0.052165 0.000000 0.998639
vn -0.052165 0.000000 0.998639
vn -0.097047 0.000000 0.995280
vn -0.052163 0.000000 0.998639
vn -0.052165 0.000000 0.998639
vn -0.052163 0.000000 0.998639
vn -0.000001 0.000000 1.000000
vn -0.000001 0.000000 1.000000
vn -0.052163 0.000000 0.998639
vn 0.000001 0.000000 1.000000
vn -0.000001 0.000000 1.000000
vn 0.000001 0.000000 1.000000
vn 0.052163 0.000000 0.998639
vn 0.052163 0.000000 0.998639
vn 0.000001 0.000000 1.000000
vn 0.052165 0.000000 0.998639
vn 0.052163 0.000000 0.998639
vn 0.052165 0.000000 0.998639
vn 0.097047 0.000000 0.995280
vn 0.097047 0.000000 0.995280
vn 0.052165 0.000000 0.998639
vn 0.097048 0.000000 0.995280
vn 0.097047 0.000000 0.995280
vn 0.097048 0.000000 0.995280
vn 0.134579 0.000000 0.990903
vn 0.134579 0.000000 0.990903
vn 0.097048 0.000000 0.995280
vn 0.134579 0.000000 0.990903
vn 0.134579 0.000000 0.990903
vn 0.134579 0.000000 0.990903
vn 0.164867 0.000000 0.986316
vn 0.164867 0.000000 0.986316
vn 0.134579 0.000000 0.990903
vn 0.164868 0.000000 0.986316
vn 0.164867 0.000000 0.986316
vn 0.164868 0.000000 0.986316
vn 0.188112 0.000000 0.982148
vn 0.188112 0.000000 0.982148
vn 0.164868 0.000000 0.986316
vn 0.188113 0.000000 0.982147
vn 0.188112 0.000000 0.982148
vn 0.188113 0.000000 0.982147
vn 0.204526 0.000000 0.978861
vn 0.204526 0.000000 0.978861
vn 0.188113 0.000000 0.982147
vn 0.204527 0.000000 0.978861
vn 0.204526 0.000000 0.978861
vn 0.204527 0.000000 0.978861
vn 0.214367 0.000000 0.976753
vn 0.214367 0.000000 0.976753
vn 0.204527 0.000000 0.978861
vn 0.214369 0.000000 0.976753
vn -0.227243 0.000000 -0.973838
vn -0.227245 0.000000 -0.973838
vn -0.218209 0.000000 -0.975902
vn -0.218209 0.000000 -0.975902
vn -0.227245 0.000000 -0.973838
vn -0.218210 0.000000 -0.975902
vn -0.218210 0.000000 -0.975902
vn -0.201797 0.000000 -0.979427
vn -0.218209 0.000000 -0.975902
vn -0.218209 0.000000 -0.975902
vn -0.201797 0.000000 -0.979427
vn -0.201797 0.000000 -0.979427
vn -0.201797 0.000000 -0.979427
vn -0.201797 0.000000 -0.979427
vn -0.187053 0.000000 -0.982350
vn -0.187053 0.000000 -0.982350
vn -0.201797 0.000000 -0.979427
vn -0.187053 0.000000 -0.982350
vn -0.187053 0.000000 -0.982350
vn -0.187053 0.000000 -0.982350
vn -0.164182 0.000000 -0.986430
vn -0.164182 0.000000 -0.986430
vn -0.187053 0.000000 -0.982350
vn -0.164183 0.000000 -0.986430
vn -0.164182 0.000000 -0.986430
vn -0.164183 0.000000 -0.986430
vn -0.134578 0.000000 -0.990903
vn -0.134578 0.000000 -0.990903
vn -0.164183 0.000000 -0.986430
vn -0.134580 0.000000 -0.990903
vn -0.134578 0.000000 -0.990903
vn -0.134580 0.000000 -0.990903
vn -0.097046 0.000000 -0.995280
vn -0.097046 0.000000 -0.995280
vn -0.134580 0.000000 -0.990903
vn -0.097049 0.000000 -0.995280
vn -0.097046 0.000000 -0.995280
vn -0.097049 0.000000 -0.995280
vn -0.052164 0.000000 -0.998639
vn -0.052164 0.000000 -0.998639
vn -0.097049 0.000000 -0.995280
vn -0.052165 0.000000 -0.998638
vn -0.052164 0.000000 -0.998639
vn -0.052165 0.000000 -0.998638
vn 0.000001 0.000000 -1.000000
vn 0.000001 0.000000 -1.000000
vn -0.052165 0.000000 -0.998638
vn -0.000001 0.000000 -1.000000
vn 0.000001 0.000000 -1.000000
vn -0.000001 0.000000 -1.000000
vn 0.052166 0.000000 -0.998638
vn 0.052166 0.000000 -0.998638
vn -0.000001 0.000000 -1.000000
vn 0.052165 0.000000 -0.998639
vn 0.052166 0.000000 -0.998638
vn 0.052165 0.000000 -0.998639
vn 0.097046 0.000000 -0.995280
vn 0.097046 0.000000 -0.995280
vn 0.052165 0.000000 -0.998639
vn 0.097047 0.000000 -0.995280
vn 0.097046 0.000000 -0.995280
vn 0.097047 0.000000 -0.995280
vn 0.134577 0.000000 -0.990903
vn 0.134577 0.000000 -0.990903
vn 0.097047 0.000000 -0.995280
vn 0.134578 0.000000 -0.990903
vn 0.134577 0.000000 -0.990903
vn 0.134578 0.000000 -0.990903
vn 0.164867 0.000000 -0.986316
vn 0.164867 0.000000 -0.986316
vn 0.134578 0.000000 -0.990903
vn 0.164868 0.000000 -0.986316
vn 0.164867 0.000000 -0.986316
vn 0.164868 0.000000 -0.986316
vn 0.188111 0.000000 -0.982148
vn 0.188111 0.000000 -0.982148
vn 0.164868 0.000000 -0.986316
vn 0.188112 0.000000 -0.982148
vn -1.000000 0.000000 0.000000
vn -1.000000 0.000000 0.000000
vn -1.000000 0.000000 0.000000
vn -1.000000 0.000000 0.000000
vn -1.000000 0.000000 0.000000
vn -1.000000 0.000000 0.000000
vn 0.000001 -1.000000 0.000000
vn -0.000001 -1.000000 0.000000
vn 0.000000 -1.000000 0.000000
vn 0.000000 -1.000000 0.000000
vn -0.000001 -1.000000 0.000000
vn 0.000000 -1.000000 0.000000
vn -0.000000 -1.000000 0.000000
vn 0.000001 -1.000000 0.000000
vn 0.000000 -1.000000 0.000000
vn 0.000000 -1.000000 0.000000
vn 0.000001 -1.000000 0.000000
vn 0.000000 -1.000000 0.000000
vn -0.000000 -1.000000 0.000000
vn -0.000000 -1.000000 0.000000
vn -0.000001 -1.000000 0.000000
vn -0.000001 -1.000000 0.000000
vn -0.000000 -1.000000 0.000000
vn 0.000000 -1.000000 0.000000
vn 0.000001 -1.000000 -0.000000
vn -0.000000 -1.000000 0.000000
vn 0.000002 -1.000000 0.000003
vn 0.000002 -1.000000 0.000003
vn -0.000000 -1.000000 0.000000
vn -0.000001 -1.000000 0.000000
vn -0.000001 -1.000000 -0.000003
vn 0.000001 -1.000000 -0.000000
vn -0.000002 -1.000000 0.000000
vn -0.000002 -1.000000 0.000000
vn 0.000001 -1.000000 -0.000000
vn 0.000002 -1.000000 0.000003
vn 0.000007 -1.000000 0.000000
vn -0.000001 -1.000000 -0.000003
vn 0.000003 -1.000000 0.000000
vn 0.000003 -1.000000 0.000000
vn -0.000001 -1.000000 -0.000003
vn -0.000002 -1.000000 0.000000
vn 0.000001 -1.000000 0.000001
vn 0.000000 -1.000000 0.000001
vn 0.000000 -1.000000 0.000000
vn 0.000000 -1.000000 0.000000
vn 0.000000 -1.000000 0.000001
vn 0.000000 -1.000000 0.000000
vn -0.000001 -1.000000 0.000003
vn 0.000001 -1.000000 0.000001
vn -0.000001 -1.000000 0.000001
vn -0.000001 -1.000000 0.000001
vn 0.000001 -1.000000 0.000001
vn 0.000000 -1.000000 0.000000
vn -0.000001 -1.000000 0.000003
vn -0.000001 -1.000000 0.000001
vn 0.000001 -1.000000 0.000001
vn 0.000001 -1.000000 0.000001
vn -0.000001 -1.000000 0.000001
vn 0.000001 -1.000000 0.000000
vn 0.000001 -1.000000 0.000001
vn 0.000001 -1.000000 0.000000
vn 0.000000 -1.000000 0.000000
vn 0.000000 -1.000000 0.000000
vn 0.000001 -1.000000 0.000000
vn -0.000000 -1.000000 0.000000
vn 0.000000 -1.000000 0.000000
vn -0.000000 -1.000000 0.000000
vn 0.000001 -1.000000 0.000000
vn 0.000001 -1.000000 0.000000
vn -0.000000 -1.000000 0.000000
vn 0.000001 -1.000000 0.000000
vn 0.000001 -1.000000 0.000000
vn 0.000001 -1.000000 0.000000
vn 0.000001 -1.000000 0.000003
vn 0.000001 -1.000000 0.000003
vn 0.000001 -1.000000 0.000000
vn 0.000000 -1.000000 0.000002
vn 0.000001 -1.000000 0.000003
vn 0.000000 -1.000000 0.000002
vn -0.000001 -1.000000 0.000002
vn -0.000001 -1.000000 0.000002
vn 0.000000 -1.000000 0.000002
vn -0.000001 -1.000000 0.000000
vn -0.000001 -1.000000 0.000002
vn -0.000001 -1.000000 0.000000
vn -0.000001 -1.000000 0.000000
vn -0.000001 -1.000000 0.000000
vn -0.000001 -1.000000 0.000000
vn 0.000000 -1.000000 0.000000
vn -0.217537 0.000000 0.976052
vn -0.214368 0.000000 0.976753
vn -0.217535 0.000000 0.976053
vn -0.217535 0.000000 0.976053
vn -0.214368 0.000000 0.976753
vn -0.214366 0.000000 0.976753
vn 0.197982 0.000000 0.980206
vn 0.188113 0.000000 0.982147
vn 0.197982 0.000000 0.980206
vn 0.197982 0.000000 0.980206
vn 0.188113 0.000000 0.982147
vn 0.188113 0.000000 0.982147
vn 0.188113 0.000000 0.982147
vn 0.164868 0.000000 0.986316
vn 0.188113 0.000000 0.982147
vn 0.188113 0.000000 0.982147
vn 0.164868 0.000000 0.986316
vn 0.164867 0.000000 0.986316
vn 0.164868 0.000000 0.986316
vn 0.134577 0.000000 0.990903
vn 0.164867 0.000000 0.986316
vn 0.164867 0.000000 0.986316
vn 0.134577 0.000000 0.990903
vn 0.134577 0.000000 0.990903
vn 0.134577 0.000000 0.990903
vn 0.097048 0.000000 0.995280
vn 0.134577 0.000000 0.990903
vn 0.134577 0.000000 0.990903
vn 0.097048 0.000000 0.995280
vn 0.097047 0.000000 0.995280
vn 0.097048 0.000000 0.995280
vn 0.052165 0.000000 0.998639
vn 0.097047 0.000000 0.995280
vn 0.097047 0.000000 0.995280
vn 0.052165 0.000000 0.998639
vn 0.052163 0.000000 0.998639
vn 0.052165 0.000000 0.998639
vn 0.000001 0.000000 1.000000
vn 0.052163 0.000000 0.998639
vn 0.052163 0.000000 0.998639
vn 0.000001 0.000000 1.000000
vn -0.000001 0.000000 1.000000
vn 0.000001 0.000000 1.000000
vn -0.052163 0.000000 0.998639
vn -0.000001 0.000000 1.000000
vn -0.000001 0.000000 1.000000
vn -0.052163 0.000000 0.998639
vn -0.052165 0.000000 0.998639
vn -0.052163 0.000000 0.998639
vn -0.097047 0.000000 0.995280
vn -0.052165 0.000000 0.998639
vn -0.052165 0.000000 0.998639
vn -0.097047 0.000000 0.995280
vn -0.097048 0.000000 0.995280
vn -0.097047 0.000000 0.995280
vn -0.134579 0.000000 0.990903
vn -0.097048 0.000000 0.995280
vn -0.097048 0.000000 0.995280
vn -0.134579 0.000000 0.990903
vn -0.134579 0.000000 0.990903
vn -0.134579 0.000000 0.990903
vn -0.164867 0.000000 0.986316
vn -0.134579 0.000000 0.990903
vn -0.134579 0.000000 0.990903
vn -0.164867 0.000000 0.986316
vn -0.164868 0.000000 0.986316
vn -0.164867 0.000000 0.986316
vn -0.188112 0.000000 0.982148
vn -0.164868 0.000000 0.986316
vn -0.164868 0.000000 0.986316
vn -0.188112 0.000000 0.982148
vn -0.188113 0.000000 0.982147
vn -0.188112 0.000000 0.982148
vn -0.204526 0.000000 0.978861
vn -0.188113 0.000000 0.982147
vn -0.188113 0.000000 0.982147
vn -0.204526 0.000000 0.978861
vn -0.204527 0.000000 0.978861
vn -0.204526 0.000000 0.978861
vn -0.214366 0.000000 0.976753
vn -0.204527 0.000000 0.978861
vn -0.204527 0.000000 0.978861
vn -0.214366 0.000000 0.976753
vn -0.214368 0.000000 0.976753
vn 1.000000 0.000000 0.000000
vn 1.000000 0.000000 0.000000
vn 1.000000 0.000000 0.000000
vn 1.000000 0.000000 0.000000
vn 1.000000 0.000000 0.000000
vn 1.000000 0.000000 0.000000
vn 0.830725 0.556684 0.000000
vn 0.890275 0.455423 0.000000
vn 0.830724 0.556684 0.000000
vn 0.830724 0.556684 0.000000
vn 0.890275 0.455423 0.000000
vn 0.890275 0.455423 0.000000
vn -0.830724 -0.556685 0.000000
vn -0.890274 -0.455426 0.000000
vn -0.830724 -0.556685 0.000000
vn -0.830724 -0.556685 0.000000
vn -0.890274 -0.455426 0.000000
vn -0.890273 -0.455426 0.000000
vn 0.907519 -0.420011 0.000000
vn 0.890276 -0.455422 0.000000
vn 0.907519 -0.420011 0.000000
vn 0.907519 -0.420011 0.000000
vn 0.890276 -0.455422 0.000000
vn 0.890276 -0.455422 0.000000
vn 0.751519 -0.659711 0.000000
vn 0.717687 -0.696366 0.000000
vn 0.751520 -0.659711 0.000000
vn 0.751520 -0.659711 0.000000
vn 0.717687 -0.696366 0.000000
vn 0.717687 -0.696366 0.000000
vn 0.830724 -0.556684 0.000000
vn 0.751519 -0.659711 0.000000
vn 0.830725 -0.556684 0.000000
vn 0.830725 -0.556684 0.000000
vn 0.751519 -0.659711 0.000000
vn 0.751520 -0.659711 0.000000
vn -0.907519 0.420011 0.000000
vn -0.890274 0.455426 0.000000
vn -0.907519 0.420011 0.000000
vn -0.907519 0.420011 0.000000
vn -0.890274 0.455426 0.000000
vn -0.890274 0.455425 0.000000
vn -0.751521 0.659709 0.000000
vn -0.717691 0.696362 0.000000
vn -0.751520 0.659710 0.000000
vn -0.751520 0.659710 0.000000
vn -0.717691 0.696362 0.000000
vn -0.717690 0.696363 0.000000
vn -0.830724 0.556685 0.000000
vn -0.751521 0.659709 0.000000
vn -0.830724 0.556685 0.000000
vn -0.830724 0.556685 0.000000
vn -0.751521 0.659709 0.000000
vn -0.751520 0.659710 0.000000
vn 0.890275 0.455423 0.000000
vn 0.907519 0.420010 0.000000
vn 0.890275 0.455423 0.000000
vn 0.890275 0.455423 0.000000
vn 0.907519 0.420010 0.000000
vn 0.907520 0.420010 0.000000
vn 0.717687 0.696366 0.000000
vn 0.751520 0.659711 0.000000
vn 0.717687 0.696366 0.000000
vn 0.717687 0.696366 0.000000
vn 0.751520 0.659711 0.000000
vn 0.751519 0.659711 0.000000
vn 0.751520 0.659711 0.000000
vn 0.830725 0.556684 0.000000
vn 0.751519 0.659711 0.000000
vn 0.751519 0.659711 0.000000
vn 0.830725 0.556684 0.000000
vn 0.830724 0.556684 0.000000
vn -0.890274 -0.455426 0.000000
vn -0.907519 -0.420010 0.000000
vn -0.890273 -0.455426 0.000000
vn -0.890273 -0.455426 0.000000
vn -0.907519 -0.420010 0.000000
vn -0.907520 -0.420010 0.000000
vn -0.717690 -0.696363 0.000000
vn -0.751520 -0.659710 0.000000
vn -0.717691 -0.696362 0.000000
vn -0.717691 -0.696362 0.000000
vn -0.751520 -0.659710 0.000000
vn -0.751521 -0.659709 0.000000
vn -0.751520 -0.659710 0.000000
vn -0.830724 -0.556685 0.000000
vn -0.751521 -0.659709 0.000000
vn -0.751521 -0.659709 0.000000
vn -0.830724 -0.556685 0.000000
vn -0.830724 -0.556685 0.000000
vn 0.890276 -0.455422 0.000000
vn 0.830724 -0.556684 0.000000
vn 0.890276 -0.455422 0.000000
vn 0.890276 -0.455422 0.000000
vn 0.830724 -0.556684 0.000000
vn 0.830725 -0.556684 0.000000
vn -0.890274 0.455426 0.000000
vn -0.830724 0.556685 0.000000
vn -0.890274 0.455425 0.000000
vn -0.890274 0.455425 0.000000
vn -0.830724 0.556685 0.000000
vn -0.830724 0.556685 0.000000
vn 0.000000 0.000000 1.000000
vn 0.000000 0.000000 1.000000
vn 0.000000 0.000000 1.000000
vn 0.000000 0.000000 1.000000
vn 0.000000 0.000000 1.000000
vn 0.000000 0.000000 1.000000
vn 0.000000 0.000000 1.000000
vn 0.000000 0.000000 1.000000
vn 0.000000 0.000000 1.000000
vn 0.000000 0.000000 1.000000
vn 0.000000 0.000000 1.000000
vn 0.000000 0.000000 1.000000
vn 0.000000 0.000000 1.000000
vn 0.000000 0.000000 1.000000
vn 0.000000 0.000000 1.000000
vn 0.000000 0.000000 1.000000
vn 0.000000 0.000000 1.000000
vn 0.000000 0.000000 1.000000
vn 0.000000 0.000000 1.000000
vn 0.000000 0.000000 1.000000
vn 0.000000 0.000000 1.000000
vn 0.000000 0.000000 1.000000
vn 0.000000 0.000000 1.000000
vn 0.000000 0.000000 1.000000
vn 0.000000 0.000000 1.000000
vn 0.000000 0.000000 1.000000
vn 0.000000 0.000000 1.000000
vn 0.000000 0.000000 1.000000
vn 0.000000 0.000000 1.000000
vn 0.000000 0.000000 1.000000
vn 0.000000 0.000000 1.000000
vn 0.000000 0.000000 1.000000
vn 0.000000 0.000000 1.000000
vn 0.000000 0.000000 1.000000
vn 0.000000 0.000000 1.000000
vn 0.000000 0.000000 1.000000
vn 0.000000 0.000000 1.000000
vn 0.000000 0.000000 1.000000
vn 0.000000 0.000000 1.000000
vn 0.000000 0.000000 1.000000
vn 0.000000 0.000000 1.000000
vn 0.000000 0.000000 1.000000
vn 0.351100 0.894228 -0.277640
vn 0.372490 0.928036 -0.000004
vn 0.000000 0.962373 -0.271730
vn 0.000000 1.000000 0.000000
vn 0.681031 0.674598 -0.284805
vn 0.710316 0.703883 -0.000010
vn 0.897452 0.343892 -0.276259
vn 0.930967 0.365104 0.000000
vn 0.962979 -0.000001 -0.269575
vn 1.000000 0.000004 0.000000
vn 0.897451 -0.343891 -0.276261
vn 0.930970 -0.365096 -0.000004
vn 0.681029 -0.674599 -0.284807
vn 0.710312 -0.703887 -0.000010
vn 0.351100 -0.894227 -0.277644
vn 0.372492 -0.928036 0.000000
vn -0.000000 -0.962373 -0.271730
vn 0.000000 -1.000000 0.000000
vn -0.351104 -0.894226 -0.277644
vn -0.372491 -0.928036 0.000000
vn -0.681032 -0.674598 -0.284805
vn -0.710316 -0.703883 0.000000
vn -0.897450 -0.343898 -0.276257
vn -0.930968 -0.365101 0.000000
vn -0.962980 -0.000000 -0.269573
vn -1.000000 -0.000000 0.000000
vn -0.897448 0.343899 -0.276260
vn -0.930969 0.365098 0.000000
vn -0.681031 0.674599 -0.284804
vn -0.710318 0.703881 0.000000
vn -0.351104 0.894226 -0.277643
vn -0.372492 0.928036 0.000000
vn 0.361007 0.912047 -0.194538
vn 0.696033 0.690070 -0.198348
vn 0.914968 0.354214 -0.193303
vn 0.982416 -0.000980 -0.186700
vn 0.914332 -0.354974 -0.194910
vn 0.696034 -0.690069 -0.198349
vn 0.361007 -0.912046 -0.194539
vn -0.001010 -0.982074 -0.188494
vn -0.361803 -0.911374 -0.196205
vn -0.696032 -0.690070 -0.198349
vn -0.914965 -0.354222 -0.193305
vn -0.982416 0.000981 -0.186700
vn -0.914329 0.354983 -0.194910
vn -0.696032 0.690072 -0.198347
vn -0.361009 0.912045 -0.194541
vn -0.000000 0.981761 -0.190118
vn 0.173939 0.449559 0.876152
vn 0.349610 0.346330 0.870533
vn 0.340633 0.864566 0.369451
vn 0.658483 0.652597 0.374856
vn -0.000836 0.000000 1.000000
vn 0.867390 0.333843 0.369032
vn 0.451648 0.170342 0.875784
vn 0.932483 -0.001436 0.361211
vn 0.473961 -0.000000 0.880546
vn 0.451647 -0.170341 0.875785
vn 0.866245 -0.334882 0.370775
vn 0.349616 -0.346332 0.870530
vn 0.658488 -0.652598 0.374846
vn 0.340637 -0.864562 0.369458
vn 0.173934 -0.449552 0.876157
vn -0.001476 -0.932333 0.361598
vn 0.000165 -0.473420 0.880837
vn -0.174114 -0.450702 0.875530
vn -0.341727 -0.863385 0.371201
vn -0.350933 -0.347955 0.869352
vn -0.658503 -0.652615 0.374789
vn -0.867416 -0.333868 0.368947
vn -0.454290 -0.171472 0.874196
vn -0.932522 0.001434 0.361110
vn -0.477135 -0.000000 0.878830
vn -0.454290 0.171471 0.874196
vn -0.866275 0.334898 0.370689
vn -0.658504 0.652616 0.374787
vn -0.350933 0.347955 0.869352
vn -0.340645 0.864587 0.369391
vn -0.174114 0.450703 0.875529
vn 0.000012 0.931670 0.363307
vn 0.000165 0.473421 0.880836
vn 0.351100 0.894229 -0.277640
vn 0.372490 0.928036 -0.000004
vn 0.000000 0.962373 -0.271730
vn 0.000000 1.000000 0.000000
vn 0.681032 0.674597 -0.284805
vn 0.710316 0.703883 -0.000010
vn 0.897452 0.343892 -0.276259
vn 0.930968 0.365101 0.000000
vn 0.962979 -0.000000 -0.269575
vn 1.000000 0.000000 0.000000
vn 0.897452 -0.343890 -0.276261
vn 0.930970 -0.365096 -0.000004
vn 0.681029 -0.674599 -0.284807
vn 0.710312 -0.703887 -0.000010
vn 0.351100 -0.894228 -0.277643
vn 0.372492 -0.928036 0.000000
vn -0.000000 -0.962373 -0.271730
vn 0.000000 -1.000000 0.000000
vn -0.351103 -0.894227 -0.277643
vn -0.372491 -0.928036 0.000000
vn -0.681030 -0.674600 -0.284804
vn -0.710316 -0.703883 0.000000
vn -0.897449 -0.343902 -0.276257
vn -0.930967 -0.365104 0.000000
vn -0.962980 0.000001 -0.269573
vn -1.000000 -0.000004 0.000000
vn -0.897447 0.343905 -0.276260
vn -0.930969 0.365098 0.000000
vn -0.681030 0.674601 -0.284803
vn -0.710318 0.703881 0.000000
vn -0.351103 0.894227 -0.277642
vn -0.372492 0.928036 0.000000
vn 0.361006 0.912047 -0.194537
vn 0.696035 0.690068 -0.198348
vn 0.914968 0.354214 -0.193304
vn 0.982416 -0.000981 -0.186701
vn 0.914332 -0.354974 -0.194910
vn 0.696033 -0.690069 -0.198349
vn 0.361006 -0.912047 -0.194539
vn -0.001010 -0.982074 -0.188493
vn -0.361804 -0.911373 -0.196206
vn -0.696035 -0.690067 -0.198350
vn -0.914965 -0.354221 -0.193304
vn -0.982416 0.000980 -0.186700
vn -0.914330 0.354981 -0.194910
vn -0.696035 0.690067 -0.198348
vn -0.361010 0.912045 -0.194541
vn -0.000000 0.981761 -0.190118
vn 0.173939 0.449560 0.876151
vn 0.349611 0.346330 0.870533
vn 0.340634 0.864566 0.369451
vn 0.658482 0.652599 0.374855
vn -0.000836 0.000000 1.000000
vn 0.867389 0.333845 0.369032
vn 0.451649 0.170340 0.875784
vn 0.932483 -0.001434 0.361211
vn 0.473961 -0.000000 0.880546
vn 0.451647 -0.170338 0.875785
vn 0.866246 -0.334880 0.370775
vn 0.349616 -0.346331 0.870530
vn 0.658488 -0.652598 0.374846
vn 0.340638 -0.864561 0.369458
vn 0.173933 -0.449554 0.876156
vn -0.001476 -0.932333 0.361597
vn 0.000165 -0.473420 0.880837
vn -0.174114 -0.450702 0.875530
vn -0.341727 -0.863385 0.371201
vn -0.350933 -0.347954 0.869353
vn -0.658504 -0.652614 0.374790
vn -0.867417 -0.333865 0.368947
vn -0.454291 -0.171471 0.874195
vn -0.932522 0.001436 0.361110
vn -0.477135 -0.000000 0.878830
vn -0.454290 0.171472 0.874196
vn -0.866276 0.334898 0.370689
vn -0.658504 0.652615 0.374787
vn -0.350933 0.347956 0.869352
vn -0.340645 0.864588 0.369391
vn -0.174114 0.450703 0.875529
vn 0.000012 0.931669 0.363307
vn 0.000165 0.473420 0.880837
vn 0.830725 0.556684 0.000000
vn 0.890275 0.455423 0.000000
vn 0.830724 0.556684 0.000000
vn 0.830724 0.556684 0.000000
vn 0.890275 0.455423 0.000000
vn 0.890275 0.455423 0.000000
vn -0.830723 -0.556685 0.000000
vn -0.890274 -0.455426 0.000000
vn -0.830723 -0.556687 0.000000
vn -0.830723 -0.556687 0.000000
vn -0.890274 -0.455426 0.000000
vn -0.890273 -0.455426 0.000000
vn 0.907519 -0.420011 0.000000
vn 0.890276 -0.455422 0.000000
vn 0.907519 -0.420011 0.000000
vn 0.907519 -0.420011 0.000000
vn 0.890276 -0.455422 0.000000
vn 0.890276 -0.455422 0.000000
vn 0.751519 -0.659711 0.000000
vn 0.717687 -0.696366 0.000000
vn 0.751520 -0.659711 0.000000
vn 0.751520 -0.659711 0.000000
vn 0.717687 -0.696366 0.000000
vn 0.717687 -0.696366 0.000000
vn 0.830724 -0.556684 0.000000
vn 0.751519 -0.659711 0.000000
vn 0.830725 -0.556684 0.000000
vn 0.830725 -0.556684 0.000000
vn 0.751519 -0.659711 0.000000
vn 0.751520 -0.659711 0.000000
vn -0.907519 0.420011 0.000000
vn -0.890274 0.455426 0.000000
vn -0.907519 0.420011 0.000000
vn -0.907519 0.420011 0.000000
vn -0.890274 0.455426 0.000000
vn -0.890274 0.455425 0.000000
vn -0.751522 0.659708 0.000000
vn -0.717691 0.696362 0.000000
vn -0.751522 0.659708 0.000000
vn -0.751522 0.659708 0.000000
vn -0.717691 0.696362 0.000000
vn -0.717690 0.696363 0.000000
vn -0.830723 0.556687 0.000000
vn -0.751522 0.659708 0.000000
vn -0.830723 0.556685 0.000000
vn -0.830723 0.556685 0.000000
vn -0.751522 0.659708 0.000000
vn -0.751522 0.659708 0.000000
vn 0.890275 0.455423 0.000000
vn 0.907519 0.420010 0.000000
vn 0.890275 0.455423 0.000000
vn 0.890275 0.455423 0.000000
vn 0.907519 0.420010 0.000000
vn 0.907520 0.420010 0.000000
vn 0.717687 0.696366 0.000000
vn 0.751520 0.659711 0.000000
vn 0.717687 0.696366 0.000000
vn 0.717687 0.696366 0.000000
vn 0.751520 0.659711 0.000000
vn 0.751519 0.659711 0.000000
vn 0.751520 0.659711 0.000000
vn 0.830725 0.556684 0.000000
vn 0.751519 0.659711 0.000000
vn 0.751519 0.659711 0.000000
vn 0.830725 0.556684 0.000000
vn 0.830724 0.556684 0.000000
vn -0.890274 -0.455426 0.000000
vn -0.907519 -0.420010 0.000000
vn -0.890273 -0.455426 0.000000
vn -0.890273 -0.455426 0.000000
vn -0.907519 -0.420010 0.000000
vn -0.907520 -0.420010 0.000000
vn -0.717690 -0.696363 0.000000
vn -0.751522 -0.659708 0.000000
vn -0.717691 -0.696362 0.000000
vn -0.717691 -0.696362 0.000000
vn -0.751522 -0.659708 0.000000
vn -0.751522 -0.659708 0.000000
vn -0.751522 -0.659708 0.000000
vn -0.830723 -0.556685 0.000000
vn -0.751522 -0.659708 0.000000
vn -0.751522 -0.659708 0.000000
vn -0.830723 -0.556685 0.000000
vn -0.830723 -0.556687 0.000000
vn 0.890276 -0.455422 0.000000
vn 0.830724 -0.556684 0.000000
vn 0.890276 -0.455422 0.000000
vn 0.890276 -0.455422 0.000000
vn 0.830724 -0.556684 0.000000
vn 0.830725 -0.556684 0.000000
vn -0.890274 0.455426 0.000000
vn -0.830723 0.556687 0.000000
vn -0.890274 0.455425 0.000000
vn -0.890274 0.455425 0.000000
vn -0.830723 0.556687 0.000000
vn -0.830723 0.556685 0.000000
vn 0.000000 0.000000 1.000000
vn 0.000000 0.000000 1.000000
vn 0.000000 0.000000 1.000000
vn 0.000000 0.000000 1.000000
vn 0.000000 0.000000 1.000000
vn 0.000000 0.000000 1.000000
vn 0.000000 0.000000 1.000000
vn 0.000000 0.000000 1.000000
vn 0.000000 0.000000 1.000000
vn 0.000000 0.000000 1.000000
vn 0.000000 0.000000 1.000000
vn 0.000000 0.000000 1.000000
vn 0.000000 0.000000 1.000000
vn 0.000000 0.000000 1.000000
vn 0.000000 0.000000 1.000000
vn 0.000000 0.000000 1.000000
vn 0.000000 0.000000 1.000000
vn 0.000000 0.000000 1.000000
vn 0.000000 0.000000 1.000000
vn 0.000000 0.000000 1.000000
vn 0.000000 0.000000 1.000000
vn 0.000000 0.000000 1.000000
vn 0.000000 0.000000 1.000000
vn 0.000000 0.000000 1.000000
vn 0.000000 0.000000 1.000000
vn 0.000000 0.000000 1.000000
vn 0.000000 0.000000 1.000000
vn 0.000000 0.000000 1.000000
vn 0.000000 0.000000 1.000000
vn 0.000000 0.000000 1.000000
vn 0.000000 0.000000 1.000000
vn 0.000000 0.000000 1.000000
vn 0.000000 0.000000 1.000000
vn 0.000000 0.000000 1.000000
vn 0.000000 0.000000 1.000000
vn 0.000000 0.000000 1.000000
vn 0.000000 0.000000 1.000000
vn 0.000000 0.000000 1.000000
vn 0.000000 0.000000 1.000000
vn 0.000000 0.000000 1.000000
vn 0.000000 0.000000 1.000000
vn 0.000000 0.000000 1.000000
vn -0.673712 0.707103 0.214750
vn -0.673706 0.707109 0.214747
vn 0.000000 1.000000 0.000000
vn 0.000000 1.000000 -0.000001
vn 0.673706 0.707110 -0.214748
vn 0.673709 0.707106 -0.214750
vn 0.952768 0.000005 -0.303699
vn 0.952768 0.000000 -0.303701
vn 0.673707 -0.707109 -0.214747
vn 0.673708 -0.707107 -0.214748
vn 0.000001 -1.000000 0.000001
vn 0.000000 -1.000000 -0.000000
vn -0.673708 -0.707108 0.214749
vn -0.673709 -0.707106 0.214747
vn -0.952768 -0.000003 0.303700
vn -0.952768 0.000002 0.303699
s off
g SM_Vanity_02
f 10/29/1 9/30/2 12/32/3
f 12/32/4 9/30/5 11/31/6
f 12/1/7 13/2/8 10/4/9
f 10/4/10 13/2/11 14/3/12
f 15/33/13 16/34/14 13/36/15
f 13/36/16 16/34/17 14/35/18
f 1/14/19 9/15/20 2/13/21
f 2/13/22 9/15/23 10/16/24
f 1/5/25 5/6/26 9/8/27
f 9/8/28 5/6/29 11/7/30
f 5/21/31 6/22/32 11/24/33
f 11/24/34 6/22/35 12/23/36
f 6/22/37 7/25/38 12/23/39
f 12/23/40 7/25/41 13/26/42
f 3/17/43 2/13/44 14/18/45
f 14/18/46 2/13/47 10/16/48
f 8/9/49 4/10/50 15/12/51
f 15/12/52 4/10/53 16/11/54
f 4/19/55 3/17/56 16/20/57
f 16/20/58 3/17/59 14/18/60
f 8/27/61 15/28/62 7/25/63
f 7/25/64 15/28/65 13/26/66
f 25/37/67 26/38/68 24/39/69
f 24/39/70 26/38/71 23/40/72
f 26/41/73 19/42/74 23/43/75
f 17/44/76 20/45/77 21/46/78
f 21/46/79 20/45/80 22/47/81
f 17/48/82 25/49/83 18/50/84
f 18/51/85 24/52/86 19/53/87
f 19/53/88 24/52/89 23/54/90
f 21/55/91 22/56/92 25/37/93
f 25/37/94 22/56/95 26/38/96
f 20/57/97 26/41/98 22/58/99
f 17/48/100 21/59/101 25/49/102
f 20/57/103 19/42/104 26/41/105
f 18/50/106 25/49/107 24/60/108
f 36/61/109 38/62/110 35/63/111
f 35/63/112 38/62/113 37/64/114
f 38/65/115 36/66/116 39/67/117
f 39/67/118 36/66/119 40/68/120
f 41/69/121 39/70/122 42/71/123
f 42/71/124 39/70/125 40/72/126
f 36/73/127 35/74/128 28/75/129
f 28/75/130 35/74/131 27/76/132
f 27/77/133 35/78/134 31/79/135
f 31/79/136 35/78/137 37/80/138
f 31/81/139 37/82/140 32/83/141
f 32/83/142 37/82/143 38/84/144
f 32/83/145 38/84/146 33/85/147
f 33/85/148 38/84/149 39/86/150
f 29/87/151 40/88/152 28/75/153
f 28/75/154 40/88/155 36/73/156
f 34/89/157 41/90/158 30/91/159
f 30/91/160 41/90/161 42/92/162
f 30/93/163 42/94/164 29/87/165
f 29/87/166 42/94/167 40/88/168
f 39/86/169 41/95/170 33/85/171
f 33/85/172 41/95/173 34/96/174
f 43/97/175 44/98/176 50/99/177
f 50/99/178 44/98/179 47/100/180
f 45/101/181 43/102/182 49/103/183
f 49/103/184 43/102/185 50/104/186
f 46/105/187 45/106/188 48/107/189
f 48/107/190 45/106/191 49/108/192
f 46/109/193 48/110/194 44/111/195
f 44/111/196 48/110/197 47/112/198
f 48/113/199 49/114/200 47/115/201
f 47/115/202 49/114/203 50/116/204
f 55/117/205 56/118/206 52/119/207
f 52/119/208 56/118/209 54/120/210
f 58/121/211 51/122/212 57/123/213
f 57/123/214 51/122/215 53/124/216
f 54/125/217 56/126/218 53/127/219
f 53/127/220 56/126/221 57/128/222
f 55/129/223 58/130/224 56/131/225
f 56/131/226 58/130/227 57/132/228
f 51/133/229 58/134/230 52/135/231
f 52/135/232 58/134/233 55/136/234
s 1
f 59/137/235 60/138/236 67/139/237
f 67/139/237 60/138/236 68/140/238
f 60/141/236 61/142/239 68/143/238
f 68/143/238 61/142/239 69/144/240
f 61/142/239 62/145/241 69/144/240
f 69/144/240 62/145/241 70/146/242
f 62/145/241 63/147/243 70/146/242
f 70/146/242 63/147/243 71/148/244
f 63/147/243 64/149/245 71/148/244
f 71/148/244 64/149/245 72/150/246
f 64/149/245 65/151/247 72/150/246
f 72/150/246 65/151/247 73/152/248
f 65/151/247 66/153/249 73/152/248
f 73/152/248 66/153/249 74/154/250
f 67/139/237 74/154/250 59/137/235
f 59/137/235 74/154/250 66/153/249
s 2
f 83/155/251 90/156/252 75/157/253
f 75/157/253 90/156/252 82/158/254
f 89/159/255 88/160/256 81/161/257
f 81/161/257 88/160/256 80/162/258
f 88/160/256 87/163/259 80/162/258
f 80/162/258 87/163/259 79/164/260
f 87/163/259 86/165/261 79/164/260
f 79/164/260 86/165/261 78/166/262
f 86/165/261 85/167/263 78/166/262
f 78/166/262 85/167/263 77/168/264
f 85/167/263 84/169/265 77/168/264
f 77/168/264 84/169/265 76/170/266
f 84/171/265 83/155/251 76/172/266
f 76/172/266 83/155/251 75/157/253
f 90/156/252 89/159/255 82/158/254
f 82/158/254 89/159/255 81/161/257
s 4
f 99/173/267 106/174/268 91/175/269
f 91/175/269 106/174/268 98/176/270
f 105/177/271 104/178/272 97/179/273
f 97/179/273 104/178/272 96/180/274
f 104/178/272 103/181/275 96/180/274
f 96/180/274 103/181/275 95/182/276
f 103/181/275 102/183/277 95/182/276
f 95/182/276 102/183/277 94/184/278
f 102/183/277 101/185/279 94/184/278
f 94/184/278 101/185/279 93/186/280
f 101/185/279 100/187/281 93/186/280
f 93/186/280 100/187/281 92/188/282
f 100/189/281 99/173/267 92/190/282
f 92/190/282 99/173/267 91/175/269
f 106/174/268 105/177/271 98/176/270
f 98/176/270 105/177/271 97/179/273
s off
f 107/191/283 108/192/284 110/193/285
f 110/193/286 108/192/287 109/194/288
f 110/193/289 109/194/290 112/195/291
f 112/195/292 109/194/293 111/196/294
f 111/196/295 113/197/296 112/195/297
f 112/195/298 113/197/299 114/198/300
f 113/197/301 115/199/302 114/198/303
f 114/198/304 115/199/305 116/200/306
f 115/199/307 117/201/308 116/200/309
f 116/200/310 117/201/311 118/202/312
f 118/202/313 117/201/314 120/203/315
f 120/203/316 117/201/317 119/204/318
f 120/203/319 119/204/320 122/205/321
f 122/205/322 119/204/323 121/206/324
f 122/207/325 121/208/326 107/191/327
f 107/191/328 121/208/329 108/192/330
f 123/209/331 124/210/332 110/211/333
f 110/211/334 124/210/335 107/212/336
f 125/213/337 123/209/338 112/214/339
f 112/214/340 123/209/341 110/211/342
f 126/215/343 125/213/344 114/216/345
f 114/216/346 125/213/347 112/214/348
f 127/217/349 126/215/350 116/218/351
f 116/218/352 126/215/353 114/216/354
f 128/219/355 127/217/356 118/220/357
f 118/220/358 127/217/359 116/218/360
f 129/221/361 128/219/362 120/222/363
f 120/222/364 128/219/365 118/220/366
f 130/223/367 129/221/368 122/224/369
f 122/224/370 129/221/371 120/222/372
f 124/210/373 130/225/374 107/212/375
f 107/212/376 130/225/377 122/226/378
f 108/227/379 121/228/380 109/229/381
f 121/228/382 119/230/383 109/229/384
f 109/229/385 119/230/386 111/231/387
f 119/230/388 117/232/389 111/231/390
f 117/232/391 115/233/392 111/231/393
f 115/233/394 113/234/395 111/231/396
f 137/235/397 136/236/398 138/237/399
f 136/236/400 135/238/401 138/237/402
f 135/238/403 134/239/404 138/237/405
f 134/239/406 133/240/407 138/237/408
f 133/240/409 132/241/410 138/237/411
f 132/241/412 131/242/413 138/237/414
f 147/243/415 148/244/416 140/245/417
f 140/245/418 148/244/419 139/246/420
f 149/247/421 147/248/422 141/249/423
f 141/249/424 147/248/425 140/250/426
f 150/251/427 149/247/428 142/252/429
f 142/252/430 149/247/431 141/249/432
f 151/253/433 150/251/434 143/254/435
f 143/254/436 150/251/437 142/252/438
f 152/255/439 151/253/440 144/256/441
f 144/256/442 151/253/443 143/254/444
f 153/257/445 152/255/446 145/258/447
f 145/258/448 152/255/449 144/256/450
f 154/259/451 153/257/452 146/260/453
f 146/260/454 153/257/455 145/258/456
f 148/244/457 154/259/458 139/246/459
f 139/246/460 154/259/461 146/260/462
f 139/261/463 131/262/464 140/263/465
f 140/263/466 131/262/467 132/264/468
f 141/265/469 140/266/470 133/267/471
f 133/267/472 140/266/473 132/268/474
f 142/269/475 141/265/476 134/270/477
f 134/270/478 141/265/479 133/267/480
f 143/271/481 142/269/482 135/272/483
f 135/272/484 142/269/485 134/270/486
f 144/273/487 143/271/488 136/274/489
f 136/274/490 143/271/491 135/272/492
f 145/275/493 144/273/494 137/276/495
f 137/276/496 144/273/497 136/274/498
f 145/275/499 137/276/500 146/277/501
f 146/277/502 137/276/503 138/278/504
f 146/277/505 138/278/506 139/261/507
f 139/261/508 138/278/509 131/262/510
f 216/279/511 211/280/512 217/281/513
f 217/281/514 211/280/515 212/282/516
f 210/283/517 209/284/518 222/285/519
f 210/283/520 222/285/521 220/286/522
f 210/283/523 220/286/524 221/287/525
f 210/283/526 218/288/527 215/289/528
f 215/289/529 218/288/530 223/290/531
f 215/289/532 223/290/533 219/291/534
f 215/289/535 219/291/536 224/292/537
f 215/289/538 224/292/539 214/293/540
f 210/283/541 221/287/542 218/288/543
f 206/294/544 262/295/545 205/296/546
f 205/296/547 262/295/548 261/297/549
f 261/298/550 262/299/551 227/300/552
f 262/299/553 228/301/554 227/300/555
f 227/300/556 228/301/557 244/302/558
f 244/302/559 228/301/560 242/303/561
f 242/303/562 228/301/563 240/304/564
f 240/304/565 228/301/566 238/305/567
f 238/305/568 228/301/569 236/306/570
f 236/306/571 228/301/572 234/307/573
f 234/307/574 228/301/575 232/308/576
f 232/308/577 228/301/578 231/309/579
f 231/309/580 228/301/581 258/310/582
f 258/310/583 228/301/584 256/311/585
f 256/311/586 228/301/587 254/312/588
f 254/312/589 228/301/590 252/313/591
f 252/313/592 228/301/593 250/314/594
f 228/301/595 246/315/596 250/314/597
f 246/315/598 248/316/599 250/314/600
f 259/317/601 225/318/602 263/319/603
f 263/319/604 225/318/605 155/320/606
f 225/318/607 243/321/608 155/320/609
f 243/321/610 241/322/611 155/320/612
f 241/322/613 239/323/614 155/320/615
f 155/320/616 239/323/617 213/324/618
f 239/323/619 237/325/620 213/324/621
f 237/325/622 235/326/623 213/324/624
f 235/326/625 233/327/626 213/324/627
f 233/327/628 229/328/629 213/324/630
f 229/328/631 230/329/632 213/324/633
f 230/329/634 207/330/635 213/324/636
f 257/331/637 255/332/638 207/330/639
f 255/332/640 253/333/641 207/330/642
f 253/333/643 251/334/644 207/330/645
f 251/334/646 249/335/647 207/330/648
f 247/336/649 208/337/650 249/335/651
f 249/335/652 208/337/653 207/330/654
f 247/336/655 245/338/656 208/337/657
f 245/338/658 226/339/659 208/337/660
f 260/340/661 264/341/662 226/339/663
f 226/339/664 264/341/665 208/337/666
f 207/330/667 211/342/668 213/324/669
f 213/324/670 211/342/671 216/343/672
f 230/329/673 257/331/674 207/330/675
f 353/344/676 354/345/677 286/346/678
f 286/346/679 354/345/680 287/347/681
f 287/347/682 354/345/683 288/348/684
f 288/348/685 354/345/686 355/349/687
f 288/348/688 355/349/689 289/350/690
f 289/350/691 355/349/692 356/351/693
f 289/350/694 356/351/695 290/352/696
f 290/352/697 356/351/698 357/353/699
f 290/352/700 357/353/701 291/354/702
f 291/354/703 357/353/704 358/355/705
f 291/354/706 358/355/707 292/356/708
f 292/356/709 358/355/710 359/357/711
f 292/356/712 359/357/713 293/358/714
f 293/358/715 359/357/716 360/359/717
f 293/358/718 360/359/719 294/360/720
f 294/360/721 360/359/722 361/361/723
f 294/360/724 361/361/725 265/362/726
f 265/362/727 361/361/728 268/363/729
f 287/364/730 328/365/731 286/366/732
f 288/367/733 296/368/734 287/364/735
f 287/364/736 296/368/737 295/369/738
f 289/370/739 297/371/740 288/367/741
f 288/367/742 297/371/743 296/368/744
f 290/372/745 298/373/746 289/370/747
f 289/370/748 298/373/749 297/371/750
f 291/374/751 299/375/752 290/372/753
f 290/372/754 299/375/755 298/373/756
f 292/376/757 300/377/758 291/374/759
f 291/374/760 300/377/761 299/375/762
f 293/378/763 301/379/764 292/376/765
f 292/376/766 301/379/767 300/377/768
f 294/380/769 302/381/770 293/378/771
f 293/378/772 302/381/773 301/379/774
f 265/382/775 266/383/776 294/380/777
f 294/380/778 266/383/779 302/381/780
f 279/384/781 304/385/782 271/386/783
f 271/386/784 304/385/785 303/387/786
f 274/388/787 305/389/788 279/384/789
f 279/384/790 305/389/791 304/385/792
f 278/390/793 306/391/794 274/388/795
f 274/388/796 306/391/797 305/389/798
f 273/392/799 307/393/800 278/390/801
f 278/390/802 307/393/803 306/391/804
f 280/394/805 308/395/806 273/392/807
f 273/392/808 308/395/809 307/393/810
f 275/396/811 309/397/812 280/394/813
f 280/394/814 309/397/815 308/395/816
f 281/398/817 310/399/818 275/396/819
f 275/396/820 310/399/821 309/397/822
f 295/400/823 311/401/824 281/398/825
f 281/398/826 311/401/827 310/399/828
f 276/402/829 313/403/830 283/404/831
f 283/404/832 313/403/833 312/405/834
f 282/406/835 314/407/836 276/402/837
f 276/402/838 314/407/839 313/403/840
f 272/408/841 315/409/842 282/406/843
f 282/406/844 315/409/845 314/407/846
f 284/410/847 316/411/848 272/408/849
f 272/408/850 316/411/851 315/409/852
f 277/412/853 317/413/854 284/410/855
f 284/410/856 317/413/857 316/411/858
f 285/414/859 318/415/860 277/412/861
f 277/412/862 318/415/863 317/413/864
f 271/386/865 303/387/866 285/414/867
f 285/414/868 303/387/869 318/415/870
f 296/416/871 319/417/872 295/400/873
f 295/400/874 319/417/875 311/401/876
f 297/418/877 320/419/878 296/416/879
f 296/416/880 320/419/881 319/417/882
f 298/420/883 321/421/884 297/418/885
f 297/418/886 321/421/887 320/419/888
f 299/422/889 322/423/890 298/420/891
f 298/420/892 322/423/893 321/421/894
f 300/424/895 323/425/896 299/422/897
f 299/422/898 323/425/899 322/423/900
f 301/426/901 324/427/902 300/424/903
f 300/424/904 324/427/905 323/425/906
f 302/428/907 325/429/908 301/426/909
f 301/426/910 325/429/911 324/427/912
f 266/430/913 267/431/914 302/428/915
f 302/428/916 267/431/917 325/429/918
f 283/404/919 312/405/920 270/432/921
f 270/432/922 312/405/923 326/433/924
f 275/434/925 327/435/926 281/436/927
f 281/436/928 327/435/929 328/365/930
f 281/436/931 328/365/932 295/369/933
f 287/364/934 295/369/935 328/365/936
f 271/437/937 329/438/938 279/439/939
f 279/439/940 329/438/941 274/440/942
f 274/440/943 329/438/944 330/441/945
f 274/440/946 330/441/947 278/442/948
f 278/442/949 330/441/950 331/443/951
f 278/442/952 331/443/953 273/444/954
f 273/444/955 331/443/956 332/445/957
f 273/444/958 332/445/959 280/446/960
f 280/446/961 332/445/962 333/447/963
f 333/447/964 334/448/965 327/435/966
f 283/449/967 335/450/968 276/451/969
f 276/451/970 335/450/971 282/452/972
f 282/452/973 335/450/974 272/453/975
f 272/453/976 335/450/977 284/454/978
f 284/454/979 335/450/980 277/455/981
f 277/455/982 335/450/983 285/456/984
f 285/456/985 335/450/986 271/437/987
f 335/450/988 329/438/989 271/437/990
f 270/457/991 335/450/992 283/449/993
f 333/447/994 327/435/995 280/446/996
f 280/446/997 327/435/998 275/434/999
f 336/458/1000 329/438/1001 335/450/1002
f 346/459/1003 338/460/1004 158/461/1005
f 158/461/1006 338/460/1007 157/462/1008
f 341/463/1009 346/459/1010 159/464/1011
f 159/464/1012 346/459/1013 158/461/1014
f 345/465/1015 341/463/1016 160/466/1017
f 160/466/1018 341/463/1019 159/464/1020
f 340/467/1021 345/465/1022 161/468/1023
f 161/468/1024 345/465/1025 160/466/1026
f 347/469/1027 340/467/1028 162/470/1029
f 162/470/1030 340/467/1031 161/468/1032
f 342/471/1033 347/469/1034 163/472/1035
f 163/472/1036 347/469/1037 162/470/1038
f 348/473/1039 342/471/1040 164/474/1041
f 164/474/1042 342/471/1043 163/472/1044
f 362/475/1045 348/473/1046 165/476/1047
f 165/476/1048 348/473/1049 164/474/1050
f 343/477/1051 350/478/1052 167/479/1053
f 167/479/1054 350/478/1055 166/480/1056
f 349/481/1057 343/477/1058 168/482/1059
f 168/482/1060 343/477/1061 167/479/1062
f 339/483/1063 349/481/1064 169/484/1065
f 169/484/1066 349/481/1067 168/482/1068
f 351/485/1069 339/483/1070 170/486/1071
f 170/486/1072 339/483/1073 169/484/1074
f 344/487/1075 351/485/1076 171/488/1077
f 171/488/1078 351/485/1079 170/486/1080
f 352/489/1081 344/487/1082 172/490/1083
f 172/490/1084 344/487/1085 171/488/1086
f 338/460/1087 352/489/1088 157/462/1089
f 157/462/1090 352/489/1091 172/490/1092
f 363/491/1093 362/475/1094 173/492/1095
f 173/492/1096 362/475/1097 165/476/1098
f 364/493/1099 363/491/1100 174/494/1101
f 174/494/1102 363/491/1103 173/492/1104
f 365/495/1105 364/493/1106 175/496/1107
f 175/496/1108 364/493/1109 174/494/1110
f 366/497/1111 365/495/1112 176/498/1113
f 176/498/1114 365/495/1115 175/496/1116
f 367/499/1117 366/497/1118 177/500/1119
f 177/500/1120 366/497/1121 176/498/1122
f 368/501/1123 367/499/1124 178/502/1125
f 178/502/1126 367/499/1127 177/500/1128
f 369/503/1129 368/501/1130 179/504/1131
f 179/504/1132 368/501/1133 178/502/1134
f 269/505/1135 369/503/1136 156/506/1137
f 156/506/1138 369/503/1139 179/504/1140
f 350/478/1141 337/507/1142 166/480/1143
f 166/480/1144 337/507/1145 180/508/1146
f 383/509/1147 384/510/1148 374/511/1149
f 374/511/1150 384/510/1151 375/512/1152
f 374/511/1153 375/512/1154 382/513/1155
f 382/513/1156 375/512/1157 385/514/1158
f 382/513/1159 385/514/1160 372/515/1161
f 372/515/1162 385/514/1163 373/516/1164
f 372/515/1165 373/516/1166 380/517/1167
f 380/517/1168 373/516/1169 379/518/1170
f 380/517/1171 379/518/1172 377/519/1173
f 377/519/1174 379/518/1175 376/520/1176
f 377/519/1177 376/520/1178 381/521/1179
f 381/521/1180 376/520/1181 378/522/1182
f 381/521/1183 378/522/1184 327/523/1185
f 327/523/1186 378/522/1187 328/524/1188
f 286/525/1189 378/526/1190 376/527/1191
f 286/525/1192 376/527/1193 379/528/1194
f 373/529/1195 286/525/1196 379/528/1197
f 353/530/1198 373/529/1199 385/531/1200
f 353/530/1201 385/531/1202 375/532/1203
f 353/530/1204 375/532/1205 384/533/1206
f 353/530/1207 384/533/1208 371/534/1209
f 370/535/1210 371/536/1211 383/509/1212
f 383/509/1213 371/536/1214 384/510/1215
f 286/525/1216 328/537/1217 378/526/1218
f 353/530/1219 286/525/1220 373/529/1221
f 462/538/1222 401/539/1223 463/540/1224
f 463/540/1225 401/539/1226 402/541/1227
f 402/541/1228 403/542/1229 463/540/1230
f 463/540/1231 403/542/1232 464/543/1233
f 403/542/1234 404/544/1235 464/543/1236
f 464/543/1237 404/544/1238 465/545/1239
f 404/544/1240 405/546/1241 465/545/1242
f 465/545/1243 405/546/1244 466/547/1245
f 405/546/1246 406/548/1247 466/547/1248
f 466/547/1249 406/548/1250 467/549/1251
f 406/548/1252 407/550/1253 467/549/1254
f 467/549/1255 407/550/1256 468/551/1257
f 407/550/1258 408/552/1259 468/551/1260
f 468/551/1261 408/552/1262 469/553/1263
f 408/552/1264 409/554/1265 469/553/1266
f 469/553/1267 409/554/1268 470/555/1269
f 409/554/1270 265/362/1271 470/555/1272
f 470/555/1273 265/362/1274 268/363/1275
f 402/556/1276 401/557/1277 441/558/1278
f 403/559/1279 402/556/1280 411/560/1281
f 411/560/1282 402/556/1283 410/561/1284
f 404/562/1285 403/559/1286 412/563/1287
f 412/563/1288 403/559/1289 411/560/1290
f 405/564/1291 404/562/1292 413/565/1293
f 413/565/1294 404/562/1295 412/563/1296
f 406/566/1297 405/564/1298 414/567/1299
f 414/567/1300 405/564/1301 413/565/1302
f 407/568/1303 406/566/1304 415/569/1305
f 415/569/1306 406/566/1307 414/567/1308
f 408/570/1309 407/568/1310 416/571/1311
f 416/571/1312 407/568/1313 415/569/1314
f 409/572/1315 408/570/1316 417/573/1317
f 417/573/1318 408/570/1319 416/571/1320
f 265/382/1321 409/572/1322 266/383/1323
f 266/383/1324 409/572/1325 417/573/1326
f 394/574/1327 386/575/1328 419/576/1329
f 419/576/1330 386/575/1331 418/577/1332
f 389/578/1333 394/574/1334 420/579/1335
f 420/579/1336 394/574/1337 419/576/1338
f 393/580/1339 389/578/1340 421/581/1341
f 421/581/1342 389/578/1343 420/579/1344
f 388/582/1345 393/580/1346 422/583/1347
f 422/583/1348 393/580/1349 421/581/1350
f 395/584/1351 388/582/1352 423/585/1353
f 423/585/1354 388/582/1355 422/583/1356
f 390/586/1357 395/584/1358 424/587/1359
f 424/587/1360 395/584/1361 423/585/1362
f 396/588/1363 390/586/1364 425/589/1365
f 425/589/1366 390/586/1367 424/587/1368
f 410/590/1369 396/588/1370 426/591/1371
f 426/591/1372 396/588/1373 425/589/1374
f 391/592/1375 398/593/1376 428/594/1377
f 428/594/1378 398/593/1379 427/595/1380
f 397/596/1381 391/592/1382 429/597/1383
f 429/597/1384 391/592/1385 428/594/1386
f 387/598/1387 397/596/1388 430/599/1389
f 430/599/1390 397/596/1391 429/597/1392
f 399/600/1393 387/598/1394 431/601/1395
f 431/601/1396 387/598/1397 430/599/1398
f 392/602/1399 399/600/1400 432/603/1401
f 432/603/1402 399/600/1403 431/601/1404
f 400/604/1405 392/602/1406 433/605/1407
f 433/605/1408 392/602/1409 432/603/1410
f 386/575/1411 400/604/1412 418/577/1413
f 418/577/1414 400/604/1415 433/605/1416
f 411/606/1417 410/590/1418 434/607/1419
f 434/607/1420 410/590/1421 426/591/1422
f 412/608/1423 411/606/1424 435/609/1425
f 435/609/1426 411/606/1427 434/607/1428
f 413/610/1429 412/608/1430 436/611/1431
f 436/611/1432 412/608/1433 435/609/1434
f 414/612/1435 413/610/1436 437/613/1437
f 437/613/1438 413/610/1439 436/611/1440
f 415/614/1441 414/612/1442 438/615/1443
f 438/615/1444 414/612/1445 437/613/1446
f 416/616/1447 415/614/1448 439/617/1449
f 439/617/1450 415/614/1451 438/615/1452
f 417/618/1453 416/616/1454 440/619/1455
f 440/619/1456 416/616/1457 439/617/1458
f 266/430/1459 417/618/1460 267/431/1461
f 267/431/1462 417/618/1463 440/619/1464
f 398/593/1465 207/620/1466 427/595/1467
f 427/595/1468 207/620/1469 208/621/1470
f 441/558/1471 209/622/1472 396/623/1473
f 396/623/1474 209/622/1475 390/624/1476
f 396/623/1477 410/561/1478 441/558/1479
f 402/556/1480 441/558/1481 410/561/1482
f 386/625/1483 394/626/1484 442/627/1485
f 394/626/1486 389/628/1487 442/627/1488
f 442/627/1489 389/628/1490 443/629/1491
f 389/628/1492 393/630/1493 443/629/1494
f 443/629/1495 393/630/1496 444/631/1497
f 393/630/1498 388/632/1499 444/631/1500
f 444/631/1501 388/632/1502 445/633/1503
f 388/632/1504 395/634/1505 445/633/1506
f 445/633/1507 395/634/1508 446/635/1509
f 446/635/1510 209/622/1511 210/636/1512
f 398/637/1513 391/638/1514 211/639/1515
f 391/638/1516 397/640/1517 211/639/1518
f 397/640/1519 387/641/1520 211/639/1521
f 387/641/1522 399/642/1523 211/639/1524
f 399/642/1525 392/643/1526 211/639/1527
f 392/643/1528 400/644/1529 211/639/1530
f 400/644/1531 386/625/1532 211/639/1533
f 386/625/1534 442/627/1535 211/639/1536
f 207/645/1537 398/637/1538 211/639/1539
f 390/624/1540 209/622/1541 395/634/1542
f 395/634/1543 209/622/1544 446/635/1545
f 443/646/1546 444/647/1547 481/648/1548
f 481/648/1549 444/647/1550 482/649/1551
f 444/647/1552 445/650/1553 482/649/1554
f 482/649/1555 445/650/1556 483/651/1557
f 445/650/1558 446/652/1559 483/651/1560
f 483/651/1561 446/652/1562 484/653/1563
f 442/654/1564 443/646/1565 480/655/1566
f 480/655/1567 443/646/1568 481/648/1569
f 446/652/1570 210/656/1571 484/653/1572
f 484/653/1573 210/656/1574 215/657/1575
f 212/658/1576 442/659/1577 217/660/1578
f 217/660/1579 442/659/1580 480/661/1581
f 212/662/1582 211/639/1583 442/627/1584
f 455/663/1585 182/664/1586 447/665/1587
f 447/665/1588 182/664/1589 181/666/1590
f 450/667/1591 183/668/1592 455/663/1593
f 455/663/1594 183/668/1595 182/664/1596
f 454/669/1597 184/670/1598 450/667/1599
f 450/667/1600 184/670/1601 183/668/1602
f 449/671/1603 185/672/1604 454/669/1605
f 454/669/1606 185/672/1607 184/670/1608
f 456/673/1609 186/674/1610 449/671/1611
f 449/671/1612 186/674/1613 185/672/1614
f 451/675/1615 187/676/1616 456/673/1617
f 456/673/1618 187/676/1619 186/674/1620
f 457/677/1621 188/678/1622 451/675/1623
f 451/675/1624 188/678/1625 187/676/1626
f 471/679/1627 189/680/1628 457/677/1629
f 457/677/1630 189/680/1631 188/678/1632
f 452/681/1633 191/682/1634 459/683/1635
f 459/683/1636 191/682/1637 190/684/1638
f 458/685/1639 192/686/1640 452/681/1641
f 452/681/1642 192/686/1643 191/682/1644
f 448/687/1645 193/688/1646 458/685/1647
f 458/685/1648 193/688/1649 192/686/1650
f 460/689/1651 194/690/1652 448/687/1653
f 448/687/1654 194/690/1655 193/688/1656
f 453/691/1657 195/692/1658 460/689/1659
f 460/689/1660 195/692/1661 194/690/1662
f 461/693/1663 196/694/1664 453/691/1665
f 453/691/1666 196/694/1667 195/692/1668
f 447/665/1669 181/666/1670 461/693/1671
f 461/693/1672 181/666/1673 196/694/1674
f 472/695/1675 197/696/1676 471/679/1677
f 471/679/1678 197/696/1679 189/680/1680
f 473/697/1681 198/698/1682 472/695/1683
f 472/695/1684 198/698/1685 197/696/1686
f 474/699/1687 199/700/1688 473/697/1689
f 473/697/1690 199/700/1691 198/698/1692
f 475/701/1693 200/702/1694 474/699/1695
f 474/699/1696 200/702/1697 199/700/1698
f 476/703/1699 201/704/1700 475/701/1701
f 475/701/1702 201/704/1703 200/702/1704
f 477/705/1705 202/706/1706 476/703/1707
f 476/703/1708 202/706/1709 201/704/1710
f 478/707/1711 203/708/1712 477/705/1713
f 477/705/1714 203/708/1715 202/706/1716
f 269/505/1717 156/506/1718 478/707/1719
f 478/707/1720 156/506/1721 203/708/1722
f 459/683/1723 190/684/1724 213/709/1725
f 213/709/1726 190/684/1727 155/710/1728
f 224/711/1729 219/712/1730 490/713/1731
f 490/713/1732 219/712/1733 486/714/1734
f 219/712/1735 223/715/1736 486/714/1737
f 486/714/1738 223/715/1739 491/716/1740
f 223/715/1741 218/717/1742 491/716/1743
f 491/716/1744 218/717/1745 485/718/1746
f 218/717/1747 221/719/1748 485/718/1749
f 485/718/1750 221/719/1751 489/720/1752
f 221/719/1753 220/721/1754 489/720/1755
f 489/720/1756 220/721/1757 487/722/1758
f 220/721/1759 222/723/1760 487/722/1761
f 487/722/1762 222/723/1763 488/724/1764
f 222/723/1765 209/725/1766 488/724/1767
f 488/724/1768 209/725/1769 441/726/1770
f 401/727/1771 487/728/1772 488/729/1773
f 401/727/1774 489/730/1775 487/728/1776
f 485/731/1777 489/730/1778 401/727/1779
f 462/732/1780 491/733/1781 485/731/1782
f 462/732/1783 486/734/1784 491/733/1785
f 462/732/1786 490/735/1787 486/734/1788
f 462/732/1789 479/736/1790 490/735/1791
f 214/737/1792 224/711/1793 479/738/1794
f 479/738/1795 224/711/1796 490/713/1797
f 401/727/1798 488/729/1799 441/739/1800
f 462/732/1801 485/731/1802 401/727/1803
f 492/740/1804 494/741/1805 526/742/1806
f 526/742/1807 494/741/1808 205/743/1809
f 497/744/1810 498/745/1811 496/746/1812
f 496/746/1813 498/745/1814 499/747/1815
f 493/748/1816 495/749/1817 512/750/1818
f 512/750/1819 495/749/1820 513/751/1821
f 496/746/1822 499/747/1823 500/752/1824
f 500/752/1825 499/747/1826 501/753/1827
f 500/752/1828 501/753/1829 502/754/1830
f 502/754/1831 501/753/1832 503/755/1833
f 502/754/1834 503/755/1835 504/756/1836
f 504/756/1837 503/755/1838 505/757/1839
f 504/756/1840 505/757/1841 506/758/1842
f 506/758/1843 505/757/1844 507/759/1845
f 506/758/1846 507/759/1847 508/760/1848
f 508/760/1849 507/759/1850 509/761/1851
f 508/760/1852 509/761/1853 510/762/1854
f 510/762/1855 509/761/1856 511/763/1857
f 510/762/1858 511/763/1859 492/764/1860
f 492/764/1861 511/763/1862 494/765/1863
f 512/750/1864 513/751/1865 514/766/1866
f 514/766/1867 513/751/1868 515/767/1869
f 514/766/1870 515/767/1871 516/768/1872
f 516/768/1873 515/767/1874 517/769/1875
f 516/768/1876 517/769/1877 518/770/1878
f 518/770/1879 517/769/1880 519/771/1881
f 518/770/1882 519/771/1883 520/772/1884
f 520/772/1885 519/771/1886 521/773/1887
f 520/772/1888 521/773/1889 522/774/1890
f 522/774/1891 521/773/1892 523/775/1893
f 522/774/1894 523/775/1895 524/776/1896
f 524/776/1897 523/775/1898 525/777/1899
f 524/776/1900 525/777/1901 497/744/1902
f 497/744/1903 525/777/1904 498/745/1905
f 225/778/1906 259/779/1907 227/780/1908
f 227/780/1909 259/779/1910 261/781/1911
f 230/782/1912 229/783/1913 231/784/1914
f 231/784/1915 229/783/1916 232/785/1917
f 226/786/1918 245/787/1919 228/788/1920
f 228/788/1921 245/787/1922 246/789/1923
f 229/783/1924 233/790/1925 232/785/1926
f 232/785/1927 233/790/1928 234/791/1929
f 233/790/1930 235/792/1931 234/791/1932
f 234/791/1933 235/792/1934 236/793/1935
f 235/792/1936 237/794/1937 236/793/1938
f 236/793/1939 237/794/1940 238/795/1941
f 237/794/1942 239/796/1943 238/795/1944
f 238/795/1945 239/796/1946 240/797/1947
f 239/796/1948 241/798/1949 240/797/1950
f 240/797/1951 241/798/1952 242/799/1953
f 241/798/1954 243/800/1955 242/799/1956
f 242/799/1957 243/800/1958 244/801/1959
f 243/800/1960 225/802/1961 244/801/1962
f 244/801/1963 225/802/1964 227/803/1965
f 245/787/1966 247/804/1967 246/789/1968
f 246/789/1969 247/804/1970 248/805/1971
f 247/804/1972 249/806/1973 248/805/1974
f 248/805/1975 249/806/1976 250/807/1977
f 249/806/1978 251/808/1979 250/807/1980
f 250/807/1981 251/808/1982 252/809/1983
f 251/808/1984 253/810/1985 252/809/1986
f 252/809/1987 253/810/1988 254/811/1989
f 253/810/1990 255/812/1991 254/811/1992
f 254/811/1993 255/812/1994 256/813/1995
f 255/812/1996 257/814/1997 256/813/1998
f 256/813/1999 257/814/2000 258/815/2001
f 257/814/2002 230/782/2003 258/815/2004
f 258/815/2005 230/782/2006 231/784/2007
f 205/816/2008 261/817/2009 526/818/2010
f 526/818/2011 261/817/2012 259/819/2013
f 526/820/2014 259/821/2015 527/822/2016
f 527/822/2017 259/821/2018 204/823/2019
f 259/821/2020 263/824/2021 204/823/2022
s 6
f 528/825/2023 564/826/2024 554/827/2025
f 553/828/2026 578/829/2027 539/830/2028
f 564/826/2024 565/831/2029 554/827/2025
f 539/830/2028 578/829/2027 540/832/2030
f 565/831/2029 566/833/2031 554/827/2025
f 566/833/2031 567/834/2032 554/827/2025
f 567/834/2032 568/835/2033 554/827/2025
f 568/835/2033 569/836/2034 554/827/2025
f 569/836/2034 570/837/2035 554/827/2025
f 570/837/2035 555/838/2036 554/827/2025
f 555/838/2036 556/839/2037 554/827/2025
f 556/839/2037 557/840/2038 554/827/2025
f 557/840/2038 558/841/2039 554/827/2025
f 558/841/2039 559/842/2040 554/827/2025
f 559/842/2040 560/843/2041 554/827/2025
f 560/843/2041 561/844/2042 554/827/2025
f 561/844/2042 562/845/2043 554/827/2025
f 540/832/2030 578/829/2027 541/846/2044
f 541/846/2044 578/829/2027 542/847/2045
f 542/847/2045 578/829/2027 543/848/2046
f 543/848/2046 578/829/2027 544/849/2047
f 544/849/2047 578/829/2027 545/850/2048
f 545/850/2048 578/829/2027 530/851/2049
f 530/851/2049 578/829/2027 531/852/2050
f 531/852/2050 578/829/2027 532/853/2051
f 532/853/2051 578/829/2027 533/854/2052
f 533/854/2052 578/829/2027 534/855/2053
f 534/855/2053 578/829/2027 535/856/2054
f 535/856/2054 578/829/2027 536/857/2055
f 536/857/2055 578/829/2027 537/858/2056
f 562/845/2043 563/859/2057 554/827/2025
f 537/858/2056 578/829/2027 538/860/2058
f 563/859/2057 571/861/2059 554/827/2025
f 554/827/2025 571/861/2059 578/829/2027
f 571/861/2059 572/862/2060 578/829/2027
f 572/862/2060 573/863/2061 578/829/2027
f 573/863/2061 574/864/2062 578/829/2027
f 574/864/2062 575/865/2063 578/829/2027
f 575/865/2063 576/866/2064 578/829/2027
f 576/866/2064 577/867/2065 578/829/2027
f 577/867/2065 529/868/2066 578/829/2027
f 529/868/2066 552/869/2067 578/829/2027
f 552/869/2067 551/870/2068 578/829/2027
f 551/870/2068 550/871/2069 578/829/2027
f 550/871/2069 549/872/2070 578/829/2027
f 538/860/2058 578/829/2027 546/873/2071
f 549/872/2070 548/874/2072 578/829/2027
f 546/873/2071 578/829/2027 547/875/2073
f 578/829/2027 548/874/2072 547/875/2073
s 8
f 579/876/2074 605/877/2075 615/878/2076
f 604/879/2077 590/880/2078 629/881/2079
f 615/878/2076 605/877/2075 616/882/2080
f 590/880/2078 591/883/2081 629/881/2079
f 616/882/2080 605/877/2075 617/884/2082
f 617/884/2082 605/877/2075 618/885/2083
f 618/885/2083 605/877/2075 619/886/2084
f 619/886/2084 605/877/2075 620/887/2085
f 620/887/2085 605/877/2075 621/888/2086
f 621/888/2086 605/877/2075 606/889/2087
f 606/889/2087 605/877/2075 607/890/2088
f 607/890/2088 605/877/2075 608/891/2089
f 608/891/2089 605/877/2075 609/892/2090
f 609/892/2090 605/877/2075 610/893/2091
f 610/893/2091 605/877/2075 611/894/2092
f 611/894/2092 605/877/2075 612/895/2093
f 612/895/2093 605/877/2075 613/896/2094
f 591/883/2081 592/897/2095 629/881/2079
f 592/897/2095 593/898/2096 629/881/2079
f 593/898/2096 594/899/2097 629/881/2079
f 594/899/2097 595/900/2098 629/881/2079
f 595/900/2098 596/901/2099 629/881/2079
f 596/901/2099 581/902/2100 629/881/2079
f 581/902/2100 582/903/2101 629/881/2079
f 582/903/2101 583/904/2102 629/881/2079
f 583/904/2102 584/905/2103 629/881/2079
f 584/905/2103 585/906/2104 629/881/2079
f 585/906/2104 586/907/2105 629/881/2079
f 586/907/2105 587/908/2106 629/881/2079
f 587/908/2106 588/909/2107 629/881/2079
f 613/896/2094 605/877/2075 614/910/2108
f 588/909/2107 589/911/2109 629/881/2079
f 614/910/2108 605/877/2075 622/912/2110
f 605/877/2075 629/881/2079 622/912/2110
f 622/912/2110 629/881/2079 623/913/2111
f 623/913/2111 629/881/2079 624/914/2112
f 624/914/2112 629/881/2079 625/915/2113
f 625/915/2113 629/881/2079 626/916/2114
f 626/916/2114 629/881/2079 627/917/2115
f 627/917/2115 629/881/2079 628/918/2116
f 628/918/2116 629/881/2079 580/919/2117
f 580/919/2117 629/881/2079 603/920/2118
f 603/920/2118 629/881/2079 602/921/2119
f 602/921/2119 629/881/2079 601/922/2120
f 601/922/2120 629/881/2079 600/923/2121
f 589/911/2109 597/924/2122 629/881/2079
f 600/923/2121 629/881/2079 599/925/2123
f 597/924/2122 598/926/2124 629/881/2079
f 629/881/2079 598/926/2124 599/925/2123
s 10
f 647/927/2125 630/928/2126 648/929/2127
f 648/929/2127 630/928/2126 631/930/2128
f 630/928/2126 639/931/2129 631/930/2128
f 639/931/2129 638/932/2130 631/930/2128
f 638/932/2130 637/933/2131 631/930/2128
f 637/933/2131 636/934/2132 631/930/2128
f 636/934/2132 635/935/2133 631/930/2128
f 635/935/2133 634/936/2134 631/930/2128
f 634/936/2134 633/937/2135 631/930/2128
f 633/937/2135 632/938/2136 631/930/2128
f 632/938/2136 646/939/2137 631/930/2128
f 646/939/2137 645/940/2138 631/930/2128
f 645/940/2138 644/941/2139 631/930/2128
f 644/941/2139 643/942/2140 631/930/2128
f 643/942/2140 642/943/2141 631/930/2128
f 631/930/2128 642/943/2141 640/944/2142
f 640/944/2142 642/943/2141 641/945/2143
s off
f 654/946/2144 656/947/2145 655/948/2146
f 656/947/2147 649/949/2148 655/948/2149
f 650/950/2150 651/951/2151 652/952/2152
f 651/951/2153 653/953/2154 652/952/2155
f 649/954/2156 656/955/2157 653/956/2158
f 656/955/2159 652/957/2160 653/956/2161
f 660/958/2162 658/959/2163 661/960/2164
f 658/959/2165 659/961/2166 657/962/2167
f 662/963/2168 665/964/2169 663/965/2170
f 665/964/2171 664/966/2172 663/965/2173
f 665/964/2174 667/967/2175 664/966/2176
f 667/967/2177 666/968/2178 664/966/2179
f 666/968/2180 667/967/2181 668/969/2182
f 667/967/2183 669/970/2184 668/969/2185
f 668/969/2186 669/970/2187 670/971/2188
f 669/970/2189 671/972/2190 670/971/2191
f 670/971/2192 671/972/2193 672/973/2194
f 671/972/2195 673/974/2196 672/973/2197
f 673/974/2198 675/975/2199 672/973/2200
f 675/975/2201 674/976/2202 672/973/2203
f 675/975/2204 677/977/2205 674/976/2206
f 677/977/2207 676/978/2208 674/976/2209
f 677/979/2210 662/963/2211 676/980/2212
f 662/963/2213 663/965/2214 676/980/2215
f 678/981/2216 665/982/2217 679/983/2218
f 665/982/2219 662/984/2220 679/983/2221
f 680/985/2222 667/986/2223 678/981/2224
f 667/986/2225 665/982/2226 678/981/2227
f 681/987/2228 669/988/2229 680/985/2230
f 669/988/2231 667/986/2232 680/985/2233
f 682/989/2234 671/990/2235 681/987/2236
f 671/990/2237 669/988/2238 681/987/2239
f 683/991/2240 673/992/2241 682/989/2242
f 673/992/2243 671/990/2244 682/989/2245
f 684/993/2246 675/994/2247 683/991/2248
f 675/994/2249 673/992/2250 683/991/2251
f 685/995/2252 677/996/2253 684/993/2254
f 677/996/2255 675/994/2256 684/993/2257
f 679/983/2258 662/984/2259 685/997/2260
f 662/984/2261 677/998/2262 685/997/2263
f 663/999/2264 664/1000/2265 676/1001/2266
f 676/1001/2267 664/1000/2268 674/1002/2269
f 664/1000/2270 666/1003/2271 674/1002/2272
f 674/1002/2273 666/1003/2274 672/1004/2275
f 672/1004/2276 666/1003/2277 670/1005/2278
f 670/1005/2279 666/1003/2280 668/1006/2281
f 692/1007/2282 693/1008/2283 691/1009/2284
f 691/1009/2285 693/1008/2286 690/1010/2287
f 690/1010/2288 693/1008/2289 689/1011/2290
f 689/1011/2291 693/1008/2292 688/1012/2293
f 688/1012/2294 693/1008/2295 687/1013/2296
f 687/1013/2297 693/1008/2298 686/1014/2299
f 702/1015/2300 695/1016/2301 703/1017/2302
f 695/1016/2303 694/1018/2304 703/1017/2305
f 704/1019/2306 696/1020/2307 702/1021/2308
f 696/1020/2309 695/1022/2310 702/1021/2311
f 705/1023/2312 697/1024/2313 704/1019/2314
f 697/1024/2315 696/1020/2316 704/1019/2317
f 706/1025/2318 698/1026/2319 705/1023/2320
f 698/1026/2321 697/1024/2322 705/1023/2323
f 707/1027/2324 699/1028/2325 706/1025/2326
f 699/1028/2327 698/1026/2328 706/1025/2329
f 708/1029/2330 700/1030/2331 707/1027/2332
f 700/1030/2333 699/1028/2334 707/1027/2335
f 709/1031/2336 701/1032/2337 708/1029/2338
f 701/1032/2339 700/1030/2340 708/1029/2341
f 703/1017/2342 694/1018/2343 709/1031/2344
f 694/1018/2345 701/1032/2346 709/1031/2347
f 694/1033/2348 695/1034/2349 686/1035/2350
f 695/1034/2351 687/1036/2352 686/1035/2353
f 696/1037/2354 688/1038/2355 695/1039/2356
f 688/1038/2357 687/1040/2358 695/1039/2359
f 697/1041/2360 689/1042/2361 696/1037/2362
f 689/1042/2363 688/1038/2364 696/1037/2365
f 698/1043/2366 690/1044/2367 697/1041/2368
f 690/1044/2369 689/1042/2370 697/1041/2371
f 699/1045/2372 691/1046/2373 698/1043/2374
f 691/1046/2375 690/1044/2376 698/1043/2377
f 700/1047/2378 692/1048/2379 699/1045/2380
f 692/1048/2381 691/1046/2382 699/1045/2383
f 700/1047/2384 701/1049/2385 692/1048/2386
f 701/1049/2387 693/1050/2388 692/1048/2389
f 701/1049/2390 694/1033/2391 693/1050/2392
f 694/1033/2393 686/1035/2394 693/1050/2395
f 720/1051/2396 721/1052/2397 715/1053/2398
f 721/1052/2399 716/1054/2400 715/1053/2401
f 714/1055/2402 726/1056/2403 713/1057/2404
f 714/1055/2405 724/1058/2406 726/1056/2407
f 714/1055/2408 725/1059/2409 724/1058/2410
f 714/1055/2411 719/1060/2412 722/1061/2413
f 719/1060/2414 727/1062/2415 722/1061/2416
f 719/1060/2417 723/1063/2418 727/1062/2419
f 719/1060/2420 728/1064/2421 723/1063/2422
f 719/1060/2423 718/1065/2424 728/1064/2425
f 714/1055/2426 722/1061/2427 725/1059/2428
f 746/1066/2429 748/1067/2430 729/1068/2431
f 748/1067/2432 710/1069/2433 729/1068/2434
f 729/1068/2435 710/1069/2436 738/1070/2437
f 738/1070/2438 710/1069/2439 737/1071/2440
f 737/1071/2441 710/1069/2442 736/1072/2443
f 710/1069/2444 717/1073/2445 736/1072/2446
f 736/1072/2447 717/1073/2448 735/1074/2449
f 735/1074/2450 717/1073/2451 734/1075/2452
f 734/1075/2453 717/1073/2454 733/1076/2455
f 733/1076/2456 717/1073/2457 731/1077/2458
f 731/1077/2459 717/1073/2460 732/1078/2461
f 732/1078/2462 717/1073/2463 711/1079/2464
f 745/1080/2465 711/1079/2466 744/1081/2467
f 744/1081/2468 711/1079/2469 743/1082/2470
f 743/1082/2471 711/1079/2472 742/1083/2473
f 742/1083/2474 711/1079/2475 741/1084/2476
f 740/1085/2477 741/1084/2478 712/1086/2479
f 741/1084/2480 711/1079/2481 712/1086/2482
f 740/1085/2483 712/1086/2484 739/1087/2485
f 739/1087/2486 712/1086/2487 730/1088/2488
f 747/1089/2489 730/1088/2490 749/1090/2491
f 730/1088/2492 712/1086/2493 749/1090/2494
f 711/1079/2495 717/1073/2496 715/1091/2497
f 717/1073/2498 720/1092/2499 715/1091/2500
f 732/1078/2501 711/1079/2502 745/1080/2503
f 751/1093/2504 756/1094/2505 752/1095/2506
f 756/1094/2507 757/1096/2508 752/1095/2509
f 752/1095/2510 757/1096/2511 753/1097/2512
f 757/1096/2513 758/1098/2514 753/1097/2515
f 753/1097/2516 758/1098/2517 754/1099/2518
f 758/1098/2519 759/1100/2520 754/1099/2521
f 750/1101/2522 755/1102/2523 751/1093/2524
f 755/1102/2525 756/1094/2526 751/1093/2527
f 754/1099/2528 759/1100/2529 714/1103/2530
f 759/1100/2531 719/1104/2532 714/1103/2533
f 716/1105/2534 721/1106/2535 750/1107/2536
f 721/1106/2537 755/1108/2538 750/1107/2539
s 11
f 784/1109/2540 783/1110/2541 801/1111/2542
f 785/1112/2543 784/1109/2540 793/1113/2544
f 784/1109/2540 792/1114/2545 793/1113/2544
f 786/1115/2546 785/1112/2543 794/1116/2547
f 785/1112/2543 793/1113/2544 794/1116/2547
f 787/1117/2548 786/1115/2546 795/1118/2549
f 786/1115/2546 794/1116/2547 795/1118/2549
f 788/1119/2550 787/1117/2548 796/1120/2551
f 787/1117/2548 795/1118/2549 796/1120/2551
f 789/1121/2552 788/1119/2550 797/1122/2553
f 788/1119/2550 796/1120/2551 797/1122/2553
f 790/1123/2554 789/1121/2552 798/1124/2555
f 789/1121/2552 797/1122/2553 798/1124/2555
f 791/1125/2556 790/1123/2554 799/1126/2557
f 790/1123/2554 798/1124/2555 799/1126/2557
f 765/1127/2558 791/1125/2556 766/1128/2559
f 791/1125/2556 799/1126/2557 766/1128/2559
f 772/1129/2560 778/1130/2561 800/1131/2562
f 778/1130/2561 801/1111/2542 800/1131/2562
f 778/1130/2561 792/1114/2545 801/1111/2542
f 784/1109/2540 801/1111/2542 792/1114/2545
f 768/1132/2563 776/1133/2564 802/1134/2565
f 776/1133/2564 771/1135/2566 802/1134/2565
f 771/1135/2566 803/1136/2567 802/1134/2565
f 771/1135/2566 775/1137/2568 803/1136/2567
f 775/1137/2568 804/1138/2569 803/1136/2567
f 775/1137/2568 770/1139/2570 804/1138/2569
f 770/1139/2570 805/1140/2571 804/1138/2569
f 770/1139/2570 777/1141/2572 805/1140/2571
f 777/1141/2572 806/1142/2573 805/1140/2571
f 806/1142/2573 800/1131/2562 807/1143/2574
f 780/1144/2575 773/1145/2576 808/1146/2577
f 773/1145/2576 779/1147/2578 808/1146/2577
f 779/1147/2578 769/1148/2579 808/1146/2577
f 769/1148/2579 781/1149/2580 808/1146/2577
f 781/1149/2580 774/1150/2581 808/1146/2577
f 774/1150/2581 782/1151/2582 808/1146/2577
f 782/1151/2582 768/1132/2563 808/1146/2577
f 808/1146/2577 768/1132/2563 802/1134/2565
f 767/1152/2583 780/1144/2575 808/1146/2577
f 806/1142/2573 777/1141/2572 800/1131/2562
f 777/1141/2572 772/1129/2560 800/1131/2562
f 809/1153/2584 808/1146/2577 802/1134/2565
f 826/1154/2585 842/1155/2586 825/1156/2587
f 827/1157/2588 835/1158/2589 826/1154/2585
f 835/1158/2589 834/1159/2590 826/1154/2585
f 828/1160/2591 836/1161/2592 827/1157/2588
f 836/1161/2592 835/1158/2589 827/1157/2588
f 829/1162/2593 837/1163/2594 828/1160/2591
f 837/1163/2594 836/1161/2592 828/1160/2591
f 830/1164/2595 838/1165/2596 829/1162/2593
f 838/1165/2596 837/1163/2594 829/1162/2593
f 831/1166/2597 839/1167/2598 830/1164/2595
f 839/1167/2598 838/1165/2596 830/1164/2595
f 832/1168/2599 840/1169/2600 831/1166/2597
f 840/1169/2600 839/1167/2598 831/1166/2597
f 833/1170/2601 841/1171/2602 832/1168/2599
f 841/1171/2602 840/1169/2600 832/1168/2599
f 765/1127/2558 766/1128/2559 833/1170/2601
f 766/1128/2559 841/1171/2602 833/1170/2601
f 842/1155/2586 820/1172/2603 761/1173/2604
f 820/1172/2603 814/1174/2605 761/1173/2604
f 820/1172/2603 842/1155/2586 834/1159/2590
f 826/1154/2585 834/1159/2590 842/1155/2586
f 810/1175/2606 843/1176/2607 818/1177/2608
f 818/1177/2608 843/1176/2607 813/1178/2609
f 843/1176/2607 844/1179/2610 813/1178/2609
f 813/1178/2609 844/1179/2610 817/1180/2611
f 844/1179/2610 845/1181/2612 817/1180/2611
f 817/1180/2611 845/1181/2612 812/1182/2613
f 845/1181/2612 846/1183/2614 812/1182/2613
f 812/1182/2613 846/1183/2614 819/1184/2615
f 846/1183/2614 847/1185/2616 819/1184/2615
f 847/1185/2616 762/1186/2617 761/1173/2604
f 822/1187/2618 763/1188/2619 815/1189/2620
f 815/1189/2620 763/1188/2619 821/1190/2621
f 821/1190/2621 763/1188/2619 811/1191/2622
f 811/1191/2622 763/1188/2619 823/1192/2623
f 823/1192/2623 763/1188/2619 816/1193/2624
f 816/1193/2624 763/1188/2619 824/1194/2625
f 824/1194/2625 763/1188/2619 810/1175/2606
f 810/1175/2606 763/1188/2619 843/1176/2607
f 760/1195/2626 763/1188/2619 822/1187/2618
f 814/1174/2605 819/1184/2615 761/1173/2604
f 819/1184/2615 847/1185/2616 761/1173/2604
f 764/1196/2627 843/1176/2607 763/1188/2619
s off
f 860/1197/2628 859/1198/2629 881/1199/2630
f 859/1198/2631 887/1200/2632 881/1199/2633
f 888/1201/2634 884/1202/2635 854/1203/2636
f 884/1202/2637 855/1204/2638 854/1203/2639
f 890/1205/2640 876/1206/2641 866/1207/2642
f 876/1206/2643 869/1208/2644 866/1207/2645
f 891/1209/2646 877/1210/2647 861/1211/2648
f 877/1210/2649 856/1212/2650 861/1211/2651
f 892/1213/2652 879/1214/2653 853/1215/2654
f 879/1214/2655 852/1216/2656 853/1215/2657
f 894/1217/2658 874/1218/2659 850/1219/2660
f 874/1218/2661 851/1220/2662 850/1219/2663
f 895/1221/2664 875/1222/2665 870/1223/2666
f 875/1222/2667 872/1224/2668 870/1223/2669
f 895/1221/2670 857/1225/2671 875/1222/2672
f 857/1225/2673 858/1226/2674 875/1222/2675
f 896/1227/2676 882/1228/2677 857/1225/2678
f 882/1228/2679 858/1226/2680 857/1225/2681
f 865/1229/2682 862/1230/2683 880/1231/2684
f 862/1230/2685 886/1232/2686 880/1231/2687
f 886/1232/2688 853/1215/2689 880/1231/2690
f 853/1215/2691 852/1216/2692 880/1231/2693
f 892/1213/2694 867/1233/2695 879/1214/2696
f 867/1233/2697 868/1234/2698 879/1214/2699
f 867/1233/2700 893/1235/2701 868/1234/2702
f 893/1235/2703 878/1236/2704 868/1234/2705
f 893/1235/2706 861/1211/2707 878/1236/2708
f 861/1211/2709 856/1212/2710 878/1236/2711
f 891/1209/2712 866/1207/2713 877/1210/2714
f 866/1207/2715 869/1208/2716 877/1210/2717
f 890/1205/2718 849/1237/2719 876/1206/2720
f 849/1237/2721 848/1238/2722 876/1206/2723
f 894/1217/2724 870/1223/2725 874/1218/2726
f 870/1223/2727 872/1224/2728 874/1218/2729
f 896/1227/2730 871/1239/2731 882/1228/2732
f 871/1239/2733 873/1240/2734 882/1228/2735
f 871/1239/2736 897/1241/2737 873/1240/2738
f 897/1241/2739 885/1242/2740 873/1240/2741
f 897/1241/2742 854/1203/2743 885/1242/2744
f 854/1203/2745 855/1204/2746 885/1242/2747
f 888/1201/2748 863/1243/2749 884/1202/2750
f 863/1243/2751 864/1244/2752 884/1202/2753
f 863/1243/2754 889/1245/2755 864/1244/2756
f 889/1245/2757 883/1246/2758 864/1244/2759
f 889/1245/2760 859/1198/2761 883/1246/2762
f 859/1198/2763 860/1197/2764 883/1246/2765
f 887/1200/2766 862/1230/2767 881/1199/2768
f 862/1230/2769 865/1229/2770 881/1199/2771
f 851/1247/2772 874/1248/2773 848/1249/2774
f 848/1249/2775 874/1248/2776 876/1250/2777
f 874/1248/2778 872/1251/2779 876/1250/2780
f 872/1251/2781 875/1252/2782 876/1250/2783
f 876/1250/2784 875/1252/2785 869/1253/2786
f 869/1253/2787 875/1252/2788 877/1254/2789
f 877/1254/2790 875/1252/2791 856/1255/2792
f 856/1255/2793 875/1252/2794 878/1256/2795
f 878/1256/2796 875/1252/2797 868/1257/2798
f 868/1257/2799 875/1252/2800 879/1258/2801
f 879/1258/2802 875/1252/2803 852/1259/2804
f 852/1259/2805 875/1252/2806 880/1260/2807
f 880/1260/2808 875/1252/2809 865/1261/2810
f 865/1261/2811 875/1252/2812 881/1262/2813
f 881/1262/2814 875/1252/2815 860/1263/2816
f 860/1263/2817 875/1252/2818 883/1264/2819
f 883/1264/2820 875/1252/2821 864/1265/2822
f 864/1265/2823 875/1252/2824 884/1266/2825
f 884/1266/2826 875/1252/2827 855/1267/2828
f 855/1267/2829 875/1252/2830 885/1268/2831
f 885/1268/2832 875/1252/2833 873/1269/2834
f 875/1252/2835 858/1270/2836 873/1269/2837
f 873/1269/2838 858/1270/2839 882/1271/2840
f 849/1272/2841 890/1273/2842 850/1274/2843
f 850/1274/2844 890/1273/2845 894/1275/2846
f 890/1273/2847 866/1276/2848 894/1275/2849
f 866/1276/2850 891/1277/2851 894/1275/2852
f 894/1275/2853 891/1277/2854 870/1278/2855
f 891/1277/2856 861/1279/2857 870/1278/2858
f 861/1279/2859 893/1280/2860 870/1278/2861
f 893/1280/2862 867/1281/2863 870/1278/2864
f 867/1281/2865 892/1282/2866 870/1278/2867
f 892/1282/2868 853/1283/2869 870/1278/2870
f 853/1283/2871 886/1284/2872 870/1278/2873
f 886/1284/2874 862/1285/2875 870/1278/2876
f 862/1285/2877 887/1286/2878 870/1278/2879
f 887/1286/2880 859/1287/2881 870/1278/2882
f 859/1287/2883 889/1288/2884 870/1278/2885
f 870/1278/2886 889/1288/2887 895/1289/2888
f 889/1288/2889 863/1290/2890 895/1289/2891
f 895/1289/2892 863/1290/2893 857/1291/2894
f 863/1290/2895 888/1292/2896 857/1291/2897
f 857/1291/2898 888/1292/2899 896/1293/2900
f 896/1293/2901 888/1292/2902 871/1294/2903
f 871/1294/2904 888/1292/2905 897/1295/2906
f 897/1295/2907 888/1292/2908 854/1296/2909
f 910/1297/2910 931/1298/2911 909/1299/2912
f 909/1299/2913 931/1298/2914 937/1300/2915
f 938/1301/2916 904/1302/2917 934/1303/2918
f 934/1303/2919 904/1302/2920 905/1304/2921
f 940/1305/2922 916/1306/2923 926/1307/2924
f 926/1307/2925 916/1306/2926 919/1308/2927
f 941/1309/2928 911/1310/2929 927/1311/2930
f 927/1311/2931 911/1310/2932 906/1312/2933
f 942/1313/2934 903/1314/2935 929/1315/2936
f 929/1315/2937 903/1314/2938 902/1316/2939
f 944/1317/2940 900/1318/2941 924/1319/2942
f 924/1319/2943 900/1318/2944 901/1320/2945
f 945/1321/2946 920/1322/2947 925/1323/2948
f 925/1323/2949 920/1322/2950 922/1324/2951
f 945/1321/2952 925/1323/2953 907/1325/2954
f 907/1325/2955 925/1323/2956 908/1326/2957
f 946/1327/2958 907/1325/2959 932/1328/2960
f 932/1328/2961 907/1325/2962 908/1326/2963
f 915/1329/2964 930/1330/2965 912/1331/2966
f 912/1331/2967 930/1330/2968 936/1332/2969
f 936/1332/2970 930/1330/2971 903/1314/2972
f 903/1314/2973 930/1330/2974 902/1316/2975
f 942/1313/2976 929/1315/2977 917/1333/2978
f 917/1333/2979 929/1315/2980 918/1334/2981
f 917/1333/2982 918/1334/2983 943/1335/2984
f 943/1335/2985 918/1334/2986 928/1336/2987
f 943/1335/2988 928/1336/2989 911/1310/2990
f 911/1310/2991 928/1336/2992 906/1312/2993
f 941/1309/2994 927/1311/2995 916/1306/2996
f 916/1306/2997 927/1311/2998 919/1308/2999
f 940/1305/3000 926/1307/3001 899/1337/3002
f 899/1337/3003 926/1307/3004 898/1338/3005
f 944/1317/3006 924/1319/3007 920/1322/3008
f 920/1322/3009 924/1319/3010 922/1324/3011
f 946/1327/3012 932/1328/3013 921/1339/3014
f 921/1339/3015 932/1328/3016 923/1340/3017
f 921/1339/3018 923/1340/3019 947/1341/3020
f 947/1341/3021 923/1340/3022 935/1342/3023
f 947/1341/3024 935/1342/3025 904/1302/3026
f 904/1302/3027 935/1342/3028 905/1304/3029
f 938/1301/3030 934/1303/3031 913/1343/3032
f 913/1343/3033 934/1303/3034 914/1344/3035
f 913/1343/3036 914/1344/3037 939/1345/3038
f 939/1345/3039 914/1344/3040 933/1346/3041
f 939/1345/3042 933/1346/3043 909/1299/3044
f 909/1299/3045 933/1346/3046 910/1297/3047
f 937/1300/3048 931/1298/3049 912/1331/3050
f 912/1331/3051 931/1298/3052 915/1329/3053
f 901/1347/3054 898/1348/3055 924/1349/3056
f 898/1348/3057 926/1350/3058 924/1349/3059
f 924/1349/3060 926/1350/3061 922/1351/3062
f 922/1351/3063 926/1350/3064 925/1352/3065
f 926/1350/3066 919/1353/3067 925/1352/3068
f 919/1353/3069 927/1354/3070 925/1352/3071
f 927/1354/3072 906/1355/3073 925/1352/3074
f 906/1355/3075 928/1356/3076 925/1352/3077
f 928/1356/3078 918/1357/3079 925/1352/3080
f 918/1357/3081 929/1358/3082 925/1352/3083
f 929/1358/3084 902/1359/3085 925/1352/3086
f 902/1359/3087 930/1360/3088 925/1352/3089
f 930/1360/3090 915/1361/3091 925/1352/3092
f 915/1361/3093 931/1362/3094 925/1352/3095
f 931/1362/3096 910/1363/3097 925/1352/3098
f 910/1363/3099 933/1364/3100 925/1352/3101
f 933/1364/3102 914/1365/3103 925/1352/3104
f 914/1365/3105 934/1366/3106 925/1352/3107
f 934/1366/3108 905/1367/3109 925/1352/3110
f 905/1367/3111 935/1368/3112 925/1352/3113
f 935/1368/3114 923/1369/3115 925/1352/3116
f 925/1352/3117 923/1369/3118 908/1370/3119
f 923/1369/3120 932/1371/3121 908/1370/3122
f 899/1372/3123 900/1373/3124 940/1374/3125
f 900/1373/3126 944/1375/3127 940/1374/3128
f 940/1374/3129 944/1375/3130 916/1376/3131
f 916/1376/3132 944/1375/3133 941/1377/3134
f 944/1375/3135 920/1378/3136 941/1377/3137
f 941/1377/3138 920/1378/3139 911/1379/3140
f 911/1379/3141 920/1378/3142 943/1380/3143
f 943/1380/3144 920/1378/3145 917/1381/3146
f 917/1381/3147 920/1378/3148 942/1382/3149
f 942/1382/3150 920/1378/3151 903/1383/3152
f 903/1383/3153 920/1378/3154 936/1384/3155
f 936/1384/3156 920/1378/3157 912/1385/3158
f 912/1385/3159 920/1378/3160 937/1386/3161
f 937/1386/3162 920/1378/3163 909/1387/3164
f 909/1387/3165 920/1378/3166 939/1388/3167
f 920/1378/3168 945/1389/3169 939/1388/3170
f 939/1388/3171 945/1389/3172 913/1390/3173
f 945/1389/3174 907/1391/3175 913/1390/3176
f 913/1390/3177 907/1391/3178 938/1392/3179
f 907/1391/3180 946/1393/3181 938/1392/3182
f 946/1393/3183 921/1394/3184 938/1392/3185
f 921/1394/3186 947/1395/3187 938/1392/3188
f 947/1395/3189 904/1396/3190 938/1392/3191
f 960/1397/3192 981/1398/3193 959/1399/3194
f 959/1399/3195 981/1398/3196 987/1400/3197
f 988/1401/3198 954/1402/3199 984/1403/3200
f 984/1403/3201 954/1402/3202 955/1404/3203
f 990/1405/3204 966/1406/3205 976/1407/3206
f 976/1407/3207 966/1406/3208 969/1408/3209
f 991/1409/3210 961/1410/3211 977/1411/3212
f 977/1411/3213 961/1410/3214 956/1412/3215
f 992/1413/3216 953/1414/3217 979/1415/3218
f 979/1415/3219 953/1414/3220 952/1416/3221
f 994/1417/3222 950/1418/3223 974/1419/3224
f 974/1419/3225 950/1418/3226 951/1420/3227
f 995/1421/3228 970/1422/3229 975/1423/3230
f 975/1423/3231 970/1422/3232 972/1424/3233
f 995/1421/3234 975/1423/3235 957/1425/3236
f 957/1425/3237 975/1423/3238 958/1426/3239
f 996/1427/3240 957/1425/3241 982/1428/3242
f 982/1428/3243 957/1425/3244 958/1426/3245
f 965/1429/3246 980/1430/3247 962/1431/3248
f 962/1431/3249 980/1430/3250 986/1432/3251
f 986/1432/3252 980/1430/3253 953/1414/3254
f 953/1414/3255 980/1430/3256 952/1416/3257
f 992/1413/3258 979/1415/3259 967/1433/3260
f 967/1433/3261 979/1415/3262 968/1434/3263
f 967/1433/3264 968/1434/3265 993/1435/3266
f 993/1435/3267 968/1434/3268 978/1436/3269
f 993/1435/3270 978/1436/3271 961/1410/3272
f 961/1410/3273 978/1436/3274 956/1412/3275
f 991/1409/3276 977/1411/3277 966/1406/3278
f 966/1406/3279 977/1411/3280 969/1408/3281
f 990/1405/3282 976/1407/3283 949/1437/3284
f 949/1437/3285 976/1407/3286 948/1438/3287
f 994/1417/3288 974/1419/3289 970/1422/3290
f 970/1422/3291 974/1419/3292 972/1424/3293
f 996/1427/3294 982/1428/3295 971/1439/3296
f 971/1439/3297 982/1428/3298 973/1440/3299
f 971/1439/3300 973/1440/3301 997/1441/3302
f 997/1441/3303 973/1440/3304 985/1442/3305
f 997/1441/3306 985/1442/3307 954/1402/3308
f 954/1402/3309 985/1442/3310 955/1404/3311
f 988/1401/3312 984/1403/3313 963/1443/3314
f 963/1443/3315 984/1403/3316 964/1444/3317
f 963/1443/3318 964/1444/3319 989/1445/3320
f 989/1445/3321 964/1444/3322 983/1446/3323
f 989/1445/3324 983/1446/3325 959/1399/3326
f 959/1399/3327 983/1446/3328 960/1397/3329
f 987/1400/3330 981/1398/3331 962/1431/3332
f 962/1431/3333 981/1398/3334 965/1429/3335
f 951/1447/3336 948/1448/3337 974/1449/3338
f 948/1448/3339 976/1450/3340 974/1449/3341
f 974/1449/3342 976/1450/3343 972/1451/3344
f 972/1451/3345 976/1450/3346 975/1452/3347
f 976/1450/3348 969/1453/3349 975/1452/3350
f 969/1453/3351 977/1454/3352 975/1452/3353
f 977/1454/3354 956/1455/3355 975/1452/3356
f 956/1455/3357 978/1456/3358 975/1452/3359
f 978/1456/3360 968/1457/3361 975/1452/3362
f 968/1457/3363 979/1458/3364 975/1452/3365
f 979/1458/3366 952/1459/3367 975/1452/3368
f 952/1459/3369 980/1460/3370 975/1452/3371
f 980/1460/3372 965/1461/3373 975/1452/3374
f 965/1461/3375 981/1462/3376 975/1452/3377
f 981/1462/3378 960/1463/3379 975/1452/3380
f 960/1463/3381 983/1464/3382 975/1452/3383
f 983/1464/3384 964/1465/3385 975/1452/3386
f 964/1465/3387 984/1466/3388 975/1452/3389
f 984/1466/3390 955/1467/3391 975/1452/3392
f 955/1467/3393 985/1468/3394 975/1452/3395
f 985/1468/3396 973/1469/3397 975/1452/3398
f 975/1452/3399 973/1469/3400 958/1470/3401
f 973/1469/3402 982/1471/3403 958/1470/3404
f 949/1472/3405 950/1473/3406 990/1474/3407
f 950/1473/3408 994/1475/3409 990/1474/3410
f 990/1474/3411 994/1475/3412 966/1476/3413
f 966/1476/3414 994/1475/3415 991/1477/3416
f 994/1475/3417 970/1478/3418 991/1477/3419
f 991/1477/3420 970/1478/3421 961/1479/3422
f 961/1479/3423 970/1478/3424 993/1480/3425
f 993/1480/3426 970/1478/3427 967/1481/3428
f 967/1481/3429 970/1478/3430 992/1482/3431
f 992/1482/3432 970/1478/3433 953/1483/3434
f 953/1483/3435 970/1478/3436 986/1484/3437
f 986/1484/3438 970/1478/3439 962/1485/3440
f 962/1485/3441 970/1478/3442 987/1486/3443
f 987/1486/3444 970/1478/3445 959/1487/3446
f 959/1487/3447 970/1478/3448 989/1488/3449
f 970/1478/3450 995/1489/3451 989/1488/3452
f 989/1488/3453 995/1489/3454 963/1490/3455
f 995/1489/3456 957/1491/3457 963/1490/3458
f 963/1490/3459 957/1491/3460 988/1492/3461
f 957/1491/3462 996/1493/3463 988/1492/3464
f 996/1493/3465 971/1494/3466 988/1492/3467
f 971/1494/3468 997/1495/3469 988/1492/3470
f 997/1495/3471 954/1496/3472 988/1492/3473
f 1011/1497/3474 1021/1498/3475 1001/1499/3476
f 1001/1499/3477 1021/1498/3478 1020/1500/3479
f 1029/1501/3480 1014/1502/3481 1028/1503/3482
f 1028/1503/3483 1014/1502/3484 1013/1504/3485
f 1030/1505/3486 1015/1506/3487 1029/1501/3488
f 1029/1501/3489 1015/1506/3490 1014/1502/3491
f 1031/1507/3492 1016/1508/3493 1030/1505/3494
f 1030/1505/3495 1016/1508/3496 1015/1506/3497
f 1032/1509/3498 1017/1510/3499 1031/1507/3500
f 1031/1507/3501 1017/1510/3502 1016/1508/3503
f 1033/1511/3504 1018/1512/3505 1032/1509/3506
f 1032/1509/3507 1018/1512/3508 1017/1510/3509
f 1034/1513/3510 1019/1514/3511 1033/1511/3512
f 1033/1511/3513 1019/1514/3514 1018/1512/3515
f 1035/1515/3516 1020/1516/3517 1036/1517/3518
f 1036/1517/3519 1020/1516/3520 1021/1518/3521
f 1037/1519/3522 1022/1520/3523 1035/1515/3524
f 1035/1515/3525 1022/1520/3526 1020/1516/3527
f 1023/1521/3528 1022/1520/3529 1038/1522/3530
f 1038/1522/3531 1022/1520/3532 1037/1519/3533
f 1024/1523/3534 1023/1521/3535 1039/1524/3536
f 1039/1524/3537 1023/1521/3538 1038/1522/3539
f 1025/1525/3540 1024/1523/3541 1040/1526/3542
f 1040/1526/3543 1024/1523/3544 1039/1524/3545
f 1026/1527/3546 1025/1525/3547 1041/1528/3548
f 1041/1528/3549 1025/1525/3550 1040/1526/3551
f 1027/1529/3552 1026/1527/3553 1042/1530/3554
f 1042/1530/3555 1026/1527/3556 1041/1528/3557
f 1013/1504/3558 1027/1529/3559 1028/1503/3560
f 1028/1503/3561 1027/1529/3562 1042/1530/3563
f 1049/1531/3564 1034/1532/3565 1048/1533/3566
f 1048/1533/3567 1034/1532/3568 1033/1534/3569
f 1036/1535/3570 1021/1536/3571 1050/1537/3572
f 1050/1537/3573 1021/1536/3574 1011/1538/3575
f 1019/1539/3576 1006/1540/3577 1018/1541/3578
f 1018/1541/3579 1006/1540/3580 1000/1542/3581
f 1018/1541/3582 1000/1542/3583 1017/1543/3584
f 1017/1543/3585 1000/1542/3586 1009/1544/3587
f 1017/1543/3588 1009/1544/3589 1016/1545/3590
f 1016/1545/3591 1009/1544/3592 999/1546/3593
f 1016/1545/3594 999/1546/3595 1015/1547/3596
f 1015/1547/3597 999/1546/3598 1005/1548/3599
f 1015/1547/3600 1005/1548/3601 1014/1549/3602
f 1014/1549/3603 1005/1548/3604 998/1550/3605
f 1014/1549/3606 998/1550/3607 1013/1551/3608
f 1013/1551/3609 998/1550/3610 1012/1552/3611
f 1013/1551/3612 1012/1552/3613 1027/1553/3614
f 1027/1553/3615 1012/1552/3616 1004/1554/3617
f 1027/1553/3618 1004/1554/3619 1026/1555/3620
f 1026/1555/3621 1004/1554/3622 1008/1556/3623
f 1026/1555/3624 1008/1556/3625 1025/1557/3626
f 1025/1557/3627 1008/1556/3628 1003/1558/3629
f 1025/1557/3630 1003/1558/3631 1024/1559/3632
f 1024/1559/3633 1003/1558/3634 1010/1560/3635
f 1024/1559/3636 1010/1560/3637 1023/1561/3638
f 1023/1561/3639 1010/1560/3640 1002/1562/3641
f 1023/1561/3642 1002/1562/3643 1022/1563/3644
f 1022/1563/3645 1002/1562/3646 1007/1564/3647
f 1022/1563/3648 1007/1564/3649 1020/1500/3650
f 1020/1500/3651 1007/1564/3652 1001/1499/3653
f 1036/1565/3654 1050/1566/3655 1035/1567/3656
f 1035/1567/3657 1050/1566/3658 1051/1568/3659
f 1051/1568/3660 1052/1569/3661 1035/1567/3662
f 1035/1567/3663 1052/1569/3664 1037/1570/3665
f 1037/1570/3666 1052/1569/3667 1038/1571/3668
f 1038/1571/3669 1052/1569/3670 1053/1572/3671
f 1038/1571/3672 1053/1572/3673 1039/1573/3674
f 1039/1573/3675 1053/1572/3676 1054/1574/3677
f 1039/1573/3678 1054/1574/3679 1040/1575/3680
f 1040/1575/3681 1054/1574/3682 1055/1576/3683
f 1040/1575/3684 1055/1576/3685 1041/1577/3686
f 1041/1577/3687 1055/1576/3688 1056/1578/3689
f 1041/1577/3690 1056/1578/3691 1042/1579/3692
f 1042/1579/3693 1056/1578/3694 1057/1580/3695
f 1042/1579/3696 1057/1580/3697 1028/1581/3698
f 1028/1581/3699 1057/1580/3700 1043/1582/3701
f 1028/1581/3702 1043/1582/3703 1029/1583/3704
f 1029/1583/3705 1043/1582/3706 1044/1584/3707
f 1029/1583/3708 1044/1584/3709 1030/1585/3710
f 1030/1585/3711 1044/1584/3712 1045/1586/3713
f 1030/1585/3714 1045/1586/3715 1031/1587/3716
f 1031/1587/3717 1045/1586/3718 1046/1588/3719
f 1031/1587/3720 1046/1588/3721 1032/1589/3722
f 1032/1589/3723 1046/1588/3724 1047/1590/3725
f 1032/1589/3726 1047/1590/3727 1033/1534/3728
f 1033/1534/3729 1047/1590/3730 1048/1533/3731
f 1049/1591/3732 1006/1592/3733 1034/1593/3734
f 1034/1593/3735 1006/1592/3736 1019/1594/3737
f 1044/1595/3738 1043/1596/3739 998/1597/3740
f 998/1597/3741 1043/1596/3742 1012/1598/3743
f 1045/1599/3744 1044/1595/3745 1005/1600/3746
f 1005/1600/3747 1044/1595/3748 998/1597/3749
f 1046/1601/3750 1045/1599/3751 999/1602/3752
f 999/1602/3753 1045/1599/3754 1005/1600/3755
f 1047/1603/3756 1046/1601/3757 1009/1604/3758
f 1009/1604/3759 1046/1601/3760 999/1602/3761
f 1048/1605/3762 1047/1603/3763 1000/1606/3764
f 1000/1606/3765 1047/1603/3766 1009/1604/3767
f 1049/1607/3768 1048/1605/3769 1006/1608/3770
f 1006/1608/3771 1048/1605/3772 1000/1606/3773
f 1051/1609/3774 1050/1610/3775 1001/1611/3776
f 1001/1611/3777 1050/1610/3778 1011/1612/3779
f 1052/1613/3780 1051/1609/3781 1007/1614/3782
f 1007/1614/3783 1051/1609/3784 1001/1611/3785
f 1052/1613/3786 1007/1614/3787 1053/1615/3788
f 1053/1615/3789 1007/1614/3790 1002/1616/3791
f 1053/1615/3792 1002/1616/3793 1054/1617/3794
f 1054/1617/3795 1002/1616/3796 1010/1618/3797
f 1054/1617/3798 1010/1618/3799 1055/1619/3800
f 1055/1619/3801 1010/1618/3802 1003/1620/3803
f 1055/1619/3804 1003/1620/3805 1056/1621/3806
f 1056/1621/3807 1003/1620/3808 1008/1622/3809
f 1056/1621/3810 1008/1622/3811 1057/1623/3812
f 1057/1623/3813 1008/1622/3814 1004/1624/3815
f 1057/1623/3816 1004/1624/3817 1043/1596/3818
f 1043/1596/3819 1004/1624/3820 1012/1598/3821
f 1071/1625/3822 1061/1626/3823 1081/1627/3824
f 1081/1627/3825 1061/1626/3826 1080/1628/3827
f 1079/1629/3828 1078/1630/3829 1066/1631/3830
f 1066/1631/3831 1078/1630/3832 1060/1632/3833
f 1078/1630/3834 1077/1633/3835 1060/1632/3836
f 1060/1632/3837 1077/1633/3838 1069/1634/3839
f 1077/1633/3840 1076/1635/3841 1069/1634/3842
f 1069/1634/3843 1076/1635/3844 1059/1636/3845
f 1076/1635/3846 1075/1637/3847 1059/1636/3848
f 1059/1636/3849 1075/1637/3850 1065/1638/3851
f 1075/1637/3852 1074/1639/3853 1065/1638/3854
f 1065/1638/3855 1074/1639/3856 1058/1640/3857
f 1074/1639/3858 1073/1641/3859 1058/1640/3860
f 1058/1640/3861 1073/1641/3862 1072/1642/3863
f 1073/1641/3864 1087/1643/3865 1072/1642/3866
f 1072/1642/3867 1087/1643/3868 1064/1644/3869
f 1087/1643/3870 1086/1645/3871 1064/1644/3872
f 1064/1644/3873 1086/1645/3874 1068/1646/3875
f 1086/1645/3876 1085/1647/3877 1068/1646/3878
f 1068/1646/3879 1085/1647/3880 1063/1648/3881
f 1085/1647/3882 1084/1649/3883 1063/1648/3884
f 1063/1648/3885 1084/1649/3886 1070/1650/3887
f 1084/1649/3888 1083/1651/3889 1070/1650/3890
f 1070/1650/3891 1083/1651/3892 1062/1652/3893
f 1083/1651/3894 1082/1653/3895 1062/1652/3896
f 1062/1652/3897 1082/1653/3898 1067/1654/3899
f 1082/1653/3900 1080/1628/3901 1067/1654/3902
f 1067/1654/3903 1080/1628/3904 1061/1626/3905
f 1089/1655/3906 1088/1656/3907 1066/1657/3908
f 1066/1657/3909 1088/1656/3910 1079/1658/3911
f 1106/1659/3912 1107/1660/3913 1090/1661/3914
f 1090/1661/3915 1107/1660/3916 1094/1662/3917
f 1111/1663/3918 1112/1664/3919 1095/1665/3920
f 1095/1665/3921 1112/1664/3922 1099/1666/3923
f 1113/1667/3924 1117/1668/3925 1096/1669/3926
f 1096/1669/3927 1117/1668/3928 1102/1670/3929
f 1118/1671/3930 1110/1672/3931 1101/1673/3932
f 1101/1673/3933 1110/1672/3934 1092/1674/3935
f 1116/1675/3936 1118/1671/3937 1100/1676/3938
f 1100/1676/3939 1118/1671/3940 1101/1673/3941
f 1108/1677/3942 1120/1678/3943 1091/1679/3944
f 1091/1679/3945 1120/1678/3946 1105/1680/3947
f 1121/1681/3948 1115/1682/3949 1104/1683/3950
f 1104/1683/3951 1115/1682/3952 1097/1684/3953
f 1119/1685/3954 1121/1681/3955 1103/1686/3956
f 1103/1686/3957 1121/1681/3958 1104/1683/3959
f 1107/1660/3960 1108/1687/3961 1094/1662/3962
f 1094/1662/3963 1108/1687/3964 1091/1688/3965
f 1110/1689/3966 1109/1690/3967 1092/1691/3968
f 1092/1691/3969 1109/1690/3970 1093/1692/3971
f 1109/1690/3972 1106/1659/3973 1093/1692/3974
f 1093/1692/3975 1106/1659/3976 1090/1661/3977
f 1112/1664/3978 1113/1693/3979 1099/1666/3980
f 1099/1666/3981 1113/1693/3982 1096/1694/3983
f 1115/1695/3984 1114/1696/3985 1097/1697/3986
f 1097/1697/3987 1114/1696/3988 1098/1698/3989
f 1114/1696/3990 1111/1663/3991 1098/1698/3992
f 1098/1698/3993 1111/1663/3994 1095/1665/3995
f 1117/1668/3996 1116/1675/3997 1102/1670/3998
f 1102/1670/3999 1116/1675/4000 1100/1676/4001
f 1120/1678/4002 1119/1685/4003 1105/1680/4004
f 1105/1680/4005 1119/1685/4006 1103/1686/4007
f 1096/1699/4008 1102/1700/4009 1099/1701/4010
f 1091/1702/4011 1105/1703/4012 1094/1704/4013
f 1097/1705/4014 1098/1706/4015 1104/1707/4016
f 1092/1708/4017 1093/1709/4018 1101/1710/4019
f 1099/1701/4020 1102/1700/4021 1095/1711/4022
f 1102/1700/4023 1100/1712/4024 1095/1711/4025
f 1094/1704/4026 1105/1703/4027 1090/1713/4028
f 1105/1703/4029 1103/1714/4030 1090/1713/4031
f 1095/1711/4032 1100/1712/4033 1098/1706/4034
f 1098/1706/4035 1100/1712/4036 1104/1707/4037
f 1100/1712/4038 1101/1710/4039 1104/1707/4040
f 1101/1710/4041 1093/1709/4042 1104/1707/4043
f 1104/1707/4044 1093/1709/4045 1103/1714/4046
f 1093/1709/4047 1090/1713/4048 1103/1714/4049
s 27
f 1138/1715/4050 1122/1716/4051 1153/1717/4052
f 1153/1717/4052 1122/1716/4051 1123/1718/4053
f 1138/1715/4050 1139/1719/4054 1122/1716/4051
f 1122/1716/4051 1139/1719/4054 1124/1720/4055
f 1139/1719/4054 1140/1721/4056 1124/1720/4055
f 1124/1720/4055 1140/1721/4056 1134/1722/4057
f 1140/1721/4056 1141/1723/4058 1134/1722/4057
f 1134/1722/4057 1141/1723/4058 1133/1724/4059
f 1141/1723/4058 1142/1725/4060 1133/1724/4059
f 1133/1724/4059 1142/1725/4060 1132/1726/4061
f 1142/1725/4060 1143/1727/4062 1132/1726/4061
f 1132/1726/4061 1143/1727/4062 1131/1728/4063
f 1143/1727/4062 1144/1729/4064 1131/1728/4063
f 1131/1728/4063 1144/1729/4064 1130/1730/4065
f 1144/1729/4064 1145/1731/4066 1130/1730/4065
f 1130/1730/4065 1145/1731/4066 1129/1732/4067
f 1145/1733/4066 1146/1734/4068 1129/1735/4067
f 1129/1735/4067 1146/1734/4068 1127/1736/4069
f 1146/1734/4068 1147/1737/4070 1127/1736/4069
f 1127/1736/4069 1147/1737/4070 1128/1738/4071
f 1147/1737/4070 1148/1739/4072 1128/1738/4071
f 1128/1738/4071 1148/1739/4072 1135/1740/4073
f 1148/1739/4072 1149/1741/4074 1135/1740/4073
f 1135/1740/4073 1149/1741/4074 1136/1742/4075
f 1149/1741/4074 1150/1743/4076 1136/1742/4075
f 1136/1742/4075 1150/1743/4076 1137/1744/4077
f 1150/1743/4076 1151/1745/4078 1137/1744/4077
f 1137/1744/4077 1151/1745/4078 1126/1746/4079
f 1151/1745/4078 1152/1747/4080 1126/1746/4079
f 1126/1746/4079 1152/1747/4080 1125/1748/4081
f 1152/1747/4080 1153/1717/4052 1125/1748/4081
f 1125/1748/4081 1153/1717/4052 1123/1718/4053
f 1138/1749/4050 1154/1750/4082 1139/1751/4054
f 1139/1751/4054 1154/1750/4082 1155/1752/4083
f 1140/1753/4056 1139/1751/4054 1156/1754/4084
f 1156/1754/4084 1139/1751/4054 1155/1752/4083
f 1141/1755/4058 1140/1753/4056 1157/1756/4085
f 1157/1756/4085 1140/1753/4056 1156/1754/4084
f 1141/1755/4058 1157/1756/4085 1142/1757/4060
f 1142/1757/4060 1157/1756/4085 1158/1758/4086
f 1142/1757/4060 1158/1758/4086 1143/1759/4062
f 1143/1759/4062 1158/1758/4086 1159/1760/4087
f 1144/1761/4064 1143/1759/4062 1160/1762/4088
f 1160/1762/4088 1143/1759/4062 1159/1760/4087
f 1145/1763/4066 1144/1761/4064 1161/1764/4089
f 1161/1764/4089 1144/1761/4064 1160/1762/4088
f 1145/1765/4066 1161/1766/4089 1146/1767/4068
f 1146/1767/4068 1161/1766/4089 1162/1768/4090
f 1146/1767/4068 1162/1768/4090 1147/1769/4070
f 1147/1769/4070 1162/1768/4090 1163/1770/4091
f 1148/1771/4072 1147/1769/4070 1164/1772/4092
f 1164/1772/4092 1147/1769/4070 1163/1770/4091
f 1149/1773/4074 1148/1771/4072 1165/1774/4093
f 1165/1774/4093 1148/1771/4072 1164/1772/4092
f 1149/1773/4074 1165/1774/4093 1150/1775/4076
f 1150/1775/4076 1165/1774/4093 1166/1776/4094
f 1150/1775/4076 1166/1776/4094 1151/1777/4078
f 1151/1777/4078 1166/1776/4094 1167/1778/4095
f 1152/1779/4080 1151/1777/4078 1168/1780/4096
f 1168/1780/4096 1151/1777/4078 1167/1778/4095
f 1153/1781/4052 1152/1779/4080 1169/1782/4097
f 1169/1782/4097 1152/1779/4080 1168/1780/4096
f 1153/1781/4052 1169/1782/4097 1138/1749/4050
f 1138/1749/4050 1169/1782/4097 1154/1750/4082
f 1171/1783/4098 1172/1784/4099 1199/1785/4100
f 1199/1785/4100 1172/1784/4099 1198/1786/4101
f 1171/1783/4098 1170/1787/4102 1172/1784/4099
f 1198/1786/4101 1172/1784/4099 1197/1788/4103
f 1197/1788/4103 1172/1784/4099 1173/1789/4104
f 1172/1784/4099 1170/1787/4102 1173/1789/4104
f 1197/1788/4103 1173/1789/4104 1196/1790/4105
f 1196/1790/4105 1173/1789/4104 1174/1791/4106
f 1173/1789/4104 1170/1787/4102 1174/1791/4106
f 1174/1791/4106 1175/1792/4107 1196/1790/4105
f 1196/1790/4105 1175/1792/4107 1195/1793/4108
f 1174/1791/4106 1170/1787/4102 1175/1792/4107
f 1175/1792/4107 1176/1794/4109 1195/1793/4108
f 1195/1793/4108 1176/1794/4109 1194/1795/4110
f 1175/1792/4107 1170/1787/4102 1176/1794/4109
f 1194/1795/4110 1176/1794/4109 1193/1796/4111
f 1193/1796/4111 1176/1794/4109 1177/1797/4112
f 1176/1794/4109 1170/1787/4102 1177/1797/4112
f 1193/1796/4111 1177/1797/4112 1192/1798/4113
f 1192/1798/4113 1177/1797/4112 1178/1799/4114
f 1177/1797/4112 1170/1787/4102 1178/1799/4114
f 1178/1799/4114 1179/1800/4115 1192/1798/4113
f 1192/1798/4113 1179/1800/4115 1191/1801/4116
f 1178/1799/4114 1170/1787/4102 1179/1800/4115
f 1179/1800/4115 1180/1802/4117 1191/1801/4116
f 1191/1801/4116 1180/1802/4117 1190/1803/4118
f 1179/1800/4115 1170/1787/4102 1180/1802/4117
f 1190/1803/4118 1180/1802/4117 1189/1804/4119
f 1189/1804/4119 1180/1802/4117 1181/1805/4120
f 1180/1802/4117 1170/1787/4102 1181/1805/4120
f 1189/1804/4119 1181/1805/4120 1188/1806/4121
f 1188/1806/4121 1181/1805/4120 1182/1807/4122
f 1181/1805/4120 1170/1787/4102 1182/1807/4122
f 1182/1807/4122 1183/1808/4123 1188/1806/4121
f 1188/1806/4121 1183/1808/4123 1187/1809/4124
f 1182/1807/4122 1170/1787/4102 1183/1808/4123
f 1202/1810/4125 1187/1809/4124 1184/1811/4126
f 1184/1811/4126 1187/1809/4124 1183/1808/4123
f 1183/1808/4123 1170/1787/4102 1184/1811/4126
f 1202/1810/4125 1184/1811/4126 1201/1812/4127
f 1201/1812/4127 1184/1811/4126 1185/1813/4128
f 1184/1811/4126 1170/1787/4102 1185/1813/4128
f 1201/1812/4127 1185/1813/4128 1200/1814/4129
f 1200/1814/4129 1185/1813/4128 1186/1815/4130
f 1185/1813/4128 1170/1787/4102 1186/1815/4130
f 1170/1787/4102 1171/1783/4098 1186/1815/4130
f 1199/1785/4100 1200/1814/4129 1171/1783/4098
f 1171/1783/4098 1200/1814/4129 1186/1815/4130
f 1165/1816/4093 1188/1806/4121 1166/1817/4094
f 1166/1817/4094 1188/1806/4121 1187/1809/4124
f 1164/1818/4092 1189/1804/4119 1165/1816/4093
f 1165/1816/4093 1189/1804/4119 1188/1806/4121
f 1163/1819/4091 1190/1803/4118 1164/1818/4092
f 1164/1818/4092 1190/1803/4118 1189/1804/4119
f 1191/1801/4116 1190/1803/4118 1162/1820/4090
f 1162/1820/4090 1190/1803/4118 1163/1819/4091
f 1161/1821/4089 1192/1798/4113 1162/1820/4090
f 1162/1820/4090 1192/1798/4113 1191/1801/4116
f 1160/1822/4088 1193/1796/4111 1161/1821/4089
f 1161/1821/4089 1193/1796/4111 1192/1798/4113
f 1159/1823/4087 1194/1795/4110 1160/1822/4088
f 1160/1822/4088 1194/1795/4110 1193/1796/4111
f 1195/1793/4108 1194/1795/4110 1158/1824/4086
f 1158/1824/4086 1194/1795/4110 1159/1823/4087
f 1157/1825/4085 1196/1790/4105 1158/1824/4086
f 1158/1824/4086 1196/1790/4105 1195/1793/4108
f 1156/1826/4084 1197/1788/4103 1157/1825/4085
f 1157/1825/4085 1197/1788/4103 1196/1790/4105
f 1155/1827/4083 1198/1786/4101 1156/1826/4084
f 1156/1826/4084 1198/1786/4101 1197/1788/4103
f 1199/1785/4100 1198/1786/4101 1154/1828/4082
f 1154/1828/4082 1198/1786/4101 1155/1827/4083
f 1200/1814/4129 1199/1785/4100 1169/1829/4097
f 1169/1829/4097 1199/1785/4100 1154/1828/4082
f 1168/1830/4096 1201/1812/4127 1169/1829/4097
f 1169/1829/4097 1201/1812/4127 1200/1814/4129
f 1167/1831/4095 1202/1810/4125 1168/1830/4096
f 1168/1830/4096 1202/1810/4125 1201/1812/4127
f 1187/1809/4124 1202/1810/4125 1166/1817/4094
f 1166/1817/4094 1202/1810/4125 1167/1831/4095
s 30
f 1219/1832/4131 1203/1833/4132 1234/1834/4133
f 1234/1834/4133 1203/1833/4132 1204/1835/4134
f 1219/1832/4131 1220/1836/4135 1203/1833/4132
f 1203/1833/4132 1220/1836/4135 1205/1837/4136
f 1220/1836/4135 1221/1838/4137 1205/1837/4136
f 1205/1837/4136 1221/1838/4137 1215/1839/4138
f 1221/1838/4137 1222/1840/4139 1215/1839/4138
f 1215/1839/4138 1222/1840/4139 1214/1841/4140
f 1222/1840/4139 1223/1842/4141 1214/1841/4140
f 1214/1841/4140 1223/1842/4141 1213/1843/4142
f 1223/1842/4141 1224/1844/4143 1213/1843/4142
f 1213/1843/4142 1224/1844/4143 1212/1845/4144
f 1224/1844/4143 1225/1846/4145 1212/1845/4144
f 1212/1845/4144 1225/1846/4145 1211/1847/4146
f 1225/1846/4145 1226/1848/4147 1211/1847/4146
f 1211/1847/4146 1226/1848/4147 1210/1849/4148
f 1226/1850/4147 1227/1851/4149 1210/1852/4148
f 1210/1852/4148 1227/1851/4149 1208/1853/4150
f 1227/1851/4149 1228/1854/4151 1208/1853/4150
f 1208/1853/4150 1228/1854/4151 1209/1855/4152
f 1228/1854/4151 1229/1856/4153 1209/1855/4152
f 1209/1855/4152 1229/1856/4153 1216/1857/4154
f 1229/1856/4153 1230/1858/4155 1216/1857/4154
f 1216/1857/4154 1230/1858/4155 1217/1859/4156
f 1230/1858/4155 1231/1860/4157 1217/1859/4156
f 1217/1859/4156 1231/1860/4157 1218/1861/4158
f 1231/1860/4157 1232/1862/4159 1218/1861/4158
f 1218/1861/4158 1232/1862/4159 1207/1863/4160
f 1232/1862/4159 1233/1864/4161 1207/1863/4160
f 1207/1863/4160 1233/1864/4161 1206/1865/4162
f 1233/1864/4161 1234/1834/4133 1206/1865/4162
f 1206/1865/4162 1234/1834/4133 1204/1835/4134
f 1219/1866/4131 1235/1867/4163 1220/1868/4135
f 1220/1868/4135 1235/1867/4163 1236/1869/4164
f 1221/1870/4137 1220/1868/4135 1237/1871/4165
f 1237/1871/4165 1220/1868/4135 1236/1869/4164
f 1222/1872/4139 1221/1870/4137 1238/1873/4166
f 1238/1873/4166 1221/1870/4137 1237/1871/4165
f 1222/1872/4139 1238/1873/4166 1223/1874/4141
f 1223/1874/4141 1238/1873/4166 1239/1875/4167
f 1223/1874/4141 1239/1875/4167 1224/1876/4143
f 1224/1876/4143 1239/1875/4167 1240/1877/4168
f 1225/1878/4145 1224/1876/4143 1241/1879/4169
f 1241/1879/4169 1224/1876/4143 1240/1877/4168
f 1226/1880/4147 1225/1878/4145 1242/1881/4170
f 1242/1881/4170 1225/1878/4145 1241/1879/4169
f 1226/1882/4147 1242/1883/4170 1227/1884/4149
f 1227/1884/4149 1242/1883/4170 1243/1885/4171
f 1227/1884/4149 1243/1885/4171 1228/1886/4151
f 1228/1886/4151 1243/1885/4171 1244/1887/4172
f 1229/1888/4153 1228/1886/4151 1245/1889/4173
f 1245/1889/4173 1228/1886/4151 1244/1887/4172
f 1230/1890/4155 1229/1888/4153 1246/1891/4174
f 1246/1891/4174 1229/1888/4153 1245/1889/4173
f 1230/1890/4155 1246/1891/4174 1231/1892/4157
f 1231/1892/4157 1246/1891/4174 1247/1893/4175
f 1231/1892/4157 1247/1893/4175 1232/1894/4159
f 1232/1894/4159 1247/1893/4175 1248/1895/4176
f 1233/1896/4161 1232/1894/4159 1249/1897/4177
f 1249/1897/4177 1232/1894/4159 1248/1895/4176
f 1234/1898/4133 1233/1896/4161 1250/1899/4178
f 1250/1899/4178 1233/1896/4161 1249/1897/4177
f 1234/1898/4133 1250/1899/4178 1219/1866/4131
f 1219/1866/4131 1250/1899/4178 1235/1867/4163
f 1252/1900/4179 1253/1901/4180 1280/1902/4181
f 1280/1902/4181 1253/1901/4180 1279/1903/4182
f 1252/1900/4179 1251/1904/4183 1253/1901/4180
f 1279/1903/4182 1253/1901/4180 1278/1905/4184
f 1278/1905/4184 1253/1901/4180 1254/1906/4185
f 1253/1901/4180 1251/1904/4183 1254/1906/4185
f 1278/1905/4184 1254/1906/4185 1277/1907/4186
f 1277/1907/4186 1254/1906/4185 1255/1908/4187
f 1254/1906/4185 1251/1904/4183 1255/1908/4187
f 1255/1908/4187 1256/1909/4188 1277/1907/4186
f 1277/1907/4186 1256/1909/4188 1276/1910/4189
f 1255/1908/4187 1251/1904/4183 1256/1909/4188
f 1256/1909/4188 1257/1911/4190 1276/1910/4189
f 1276/1910/4189 1257/1911/4190 1275/1912/4191
f 1256/1909/4188 1251/1904/4183 1257/1911/4190
f 1275/1912/4191 1257/1911/4190 1274/1913/4192
f 1274/1913/4192 1257/1911/4190 1258/1914/4193
f 1257/1911/4190 1251/1904/4183 1258/1914/4193
f 1274/1913/4192 1258/1914/4193 1273/1915/4194
f 1273/1915/4194 1258/1914/4193 1259/1916/4195
f 1258/1914/4193 1251/1904/4183 1259/1916/4195
f 1259/1916/4195 1260/1917/4196 1273/1915/4194
f 1273/1915/4194 1260/1917/4196 1272/1918/4197
f 1259/1916/4195 1251/1904/4183 1260/1917/4196
f 1260/1917/4196 1261/1919/4198 1272/1918/4197
f 1272/1918/4197 1261/1919/4198 1271/1920/4199
f 1260/1917/4196 1251/1904/4183 1261/1919/4198
f 1271/1920/4199 1261/1919/4198 1270/1921/4200
f 1270/1921/4200 1261/1919/4198 1262/1922/4201
f 1261/1919/4198 1251/1904/4183 1262/1922/4201
f 1270/1921/4200 1262/1922/4201 1269/1923/4202
f 1269/1923/4202 1262/1922/4201 1263/1924/4203
f 1262/1922/4201 1251/1904/4183 1263/1924/4203
f 1263/1924/4203 1264/1925/4204 1269/1923/4202
f 1269/1923/4202 1264/1925/4204 1268/1926/4205
f 1263/1924/4203 1251/1904/4183 1264/1925/4204
f 1283/1927/4206 1268/1926/4205 1265/1928/4207
f 1265/1928/4207 1268/1926/4205 1264/1925/4204
f 1264/1925/4204 1251/1904/4183 1265/1928/4207
f 1283/1927/4206 1265/1928/4207 1282/1929/4208
f 1282/1929/4208 1265/1928/4207 1266/1930/4209
f 1265/1928/4207 1251/1904/4183 1266/1930/4209
f 1282/1929/4208 1266/1930/4209 1281/1931/4210
f 1281/1931/4210 1266/1930/4209 1267/1932/4211
f 1266/1930/4209 1251/1904/4183 1267/1932/4211
f 1251/1904/4183 1252/1900/4179 1267/1932/4211
f 1280/1902/4181 1281/1931/4210 1252/1900/4179
f 1252/1900/4179 1281/1931/4210 1267/1932/4211
f 1246/1933/4174 1269/1923/4202 1247/1934/4175
f 1247/1934/4175 1269/1923/4202 1268/1926/4205
f 1245/1935/4173 1270/1921/4200 1246/1933/4174
f 1246/1933/4174 1270/1921/4200 1269/1923/4202
f 1244/1936/4172 1271/1920/4199 1245/1935/4173
f 1245/1935/4173 1271/1920/4199 1270/1921/4200
f 1272/1918/4197 1271/1920/4199 1243/1937/4171
f 1243/1937/4171 1271/1920/4199 1244/1936/4172
f 1242/1938/4170 1273/1915/4194 1243/1937/4171
f 1243/1937/4171 1273/1915/4194 1272/1918/4197
f 1241/1939/4169 1274/1913/4192 1242/1938/4170
f 1242/1938/4170 1274/1913/4192 1273/1915/4194
f 1240/1940/4168 1275/1912/4191 1241/1939/4169
f 1241/1939/4169 1275/1912/4191 1274/1913/4192
f 1276/1910/4189 1275/1912/4191 1239/1941/4167
f 1239/1941/4167 1275/1912/4191 1240/1940/4168
f 1238/1942/4166 1277/1907/4186 1239/1941/4167
f 1239/1941/4167 1277/1907/4186 1276/1910/4189
f 1237/1943/4165 1278/1905/4184 1238/1942/4166
f 1238/1942/4166 1278/1905/4184 1277/1907/4186
f 1236/1944/4164 1279/1903/4182 1237/1943/4165
f 1237/1943/4165 1279/1903/4182 1278/1905/4184
f 1280/1902/4181 1279/1903/4182 1235/1945/4163
f 1235/1945/4163 1279/1903/4182 1236/1944/4164
f 1281/1931/4210 1280/1902/4181 1250/1946/4178
f 1250/1946/4178 1280/1902/4181 1235/1945/4163
f 1249/1947/4177 1282/1929/4208 1250/1946/4178
f 1250/1946/4178 1282/1929/4208 1281/1931/4210
f 1248/1948/4176 1283/1927/4206 1249/1947/4177
f 1249/1947/4177 1283/1927/4206 1282/1929/4208
f 1268/1926/4205 1283/1927/4206 1247/1934/4175
f 1247/1934/4175 1283/1927/4206 1248/1948/4176
s off
f 1300/1949/4212 1301/1950/4213 1284/1951/4214
f 1284/1951/4215 1301/1950/4216 1288/1952/4217
f 1305/1953/4218 1306/1954/4219 1289/1955/4220
f 1289/1955/4221 1306/1954/4222 1293/1956/4223
f 1307/1957/4224 1311/1958/4225 1290/1959/4226
f 1290/1959/4227 1311/1958/4228 1296/1960/4229
f 1312/1961/4230 1304/1962/4231 1295/1963/4232
f 1295/1963/4233 1304/1962/4234 1286/1964/4235
f 1310/1965/4236 1312/1961/4237 1294/1966/4238
f 1294/1966/4239 1312/1961/4240 1295/1963/4241
f 1302/1967/4242 1314/1968/4243 1285/1969/4244
f 1285/1969/4245 1314/1968/4246 1299/1970/4247
f 1315/1971/4248 1309/1972/4249 1298/1973/4250
f 1298/1973/4251 1309/1972/4252 1291/1974/4253
f 1313/1975/4254 1315/1971/4255 1297/1976/4256
f 1297/1976/4257 1315/1971/4258 1298/1973/4259
f 1301/1950/4260 1302/1977/4261 1288/1952/4262
f 1288/1952/4263 1302/1977/4264 1285/1978/4265
f 1304/1979/4266 1303/1980/4267 1286/1981/4268
f 1286/1981/4269 1303/1980/4270 1287/1982/4271
f 1303/1980/4272 1300/1949/4273 1287/1982/4274
f 1287/1982/4275 1300/1949/4276 1284/1951/4277
f 1306/1954/4278 1307/1983/4279 1293/1956/4280
f 1293/1956/4281 1307/1983/4282 1290/1984/4283
f 1309/1985/4284 1308/1986/4285 1291/1987/4286
f 1291/1987/4287 1308/1986/4288 1292/1988/4289
f 1308/1986/4290 1305/1953/4291 1292/1988/4292
f 1292/1988/4293 1305/1953/4294 1289/1955/4295
f 1311/1958/4296 1310/1965/4297 1296/1960/4298
f 1296/1960/4299 1310/1965/4300 1294/1966/4301
f 1314/1968/4302 1313/1975/4303 1299/1970/4304
f 1299/1970/4305 1313/1975/4306 1297/1976/4307
f 1290/1989/4308 1296/1990/4309 1293/1991/4310
f 1285/1992/4311 1299/1993/4312 1288/1994/4313
f 1291/1995/4314 1292/1996/4315 1298/1997/4316
f 1286/1998/4317 1287/1999/4318 1295/2000/4319
f 1293/1991/4320 1296/1990/4321 1289/2001/4322
f 1296/1990/4323 1294/2002/4324 1289/2001/4325
f 1288/1994/4326 1299/1993/4327 1284/2003/4328
f 1299/1993/4329 1297/2004/4330 1284/2003/4331
f 1289/2001/4332 1294/2002/4333 1292/1996/4334
f 1292/1996/4335 1294/2002/4336 1298/1997/4337
f 1294/2002/4338 1295/2000/4339 1298/1997/4340
f 1295/2000/4341 1287/1999/4342 1298/1997/4343
f 1298/1997/4344 1287/1999/4345 1297/2004/4346
f 1287/1999/4347 1284/2003/4348 1297/2004/4349
s 33
f 1316/2005/4350 1324/2006/4351 1317/2007/4352
f 1324/2006/4351 1325/2008/4353 1317/2007/4352
f 1317/2009/4352 1325/2010/4353 1318/2011/4354
f 1325/2010/4353 1326/2012/4355 1318/2011/4354
f 1318/2011/4354 1326/2012/4355 1319/2013/4356
f 1326/2012/4355 1327/2014/4357 1319/2013/4356
f 1319/2013/4356 1327/2014/4357 1320/2015/4358
f 1327/2014/4357 1328/2016/4359 1320/2015/4358
f 1320/2015/4358 1328/2016/4359 1321/2017/4360
f 1328/2016/4359 1329/2018/4361 1321/2017/4360
f 1321/2017/4360 1329/2018/4361 1322/2019/4362
f 1329/2018/4361 1330/2020/4363 1322/2019/4362
f 1322/2019/4362 1330/2020/4363 1323/2021/4364
f 1330/2020/4363 1331/2022/4365 1323/2021/4364
f 1324/2006/4351 1316/2005/4350 1331/2022/4365
f 1316/2005/4350 1323/2021/4364 1331/2022/4365
