# This file uses feet as units for non-parametric coordinates.

g default
v -113.521950 110.575302 121.567841
v -112.756172 110.575302 122.029755
v -114.980751 109.239105 122.826447
v -114.214973 109.239105 123.288361
v -115.442757 109.239105 122.060760
v -101.316048 109.239105 122.826447
v -100.854164 109.239105 122.060760
v -102.081947 109.239105 123.288361
v -102.774971 110.575302 121.567841
v -103.540749 110.575302 122.029755
v -102.312965 110.575302 120.802063
v -101.316048 109.239105 111.164063
v -102.081947 109.239105 110.702057
v -100.854164 109.239105 111.929840
v -102.774971 110.575302 112.422668
v -103.540749 110.575302 111.960541
v -114.980751 109.239105 111.164063
v -115.442757 109.239105 111.929840
v -114.214973 109.239105 110.702057
v -113.521950 110.575302 112.422668
v -112.756172 110.575302 111.960541
v -113.983864 110.575302 113.188446
v -101.316048 0.000000 122.826447
v -100.854164 0.000000 122.060760
v -102.081947 0.000000 123.288361
v -114.980751 0.000000 122.826447
v -114.214973 0.000000 123.288361
v -101.316048 0.000000 111.164063
v -102.081947 0.000000 110.702057
v -114.980751 0.000000 111.164063
v -115.442757 0.000000 111.929840
v -114.214973 0.000000 110.702057
v -113.982246 110.575302 120.804657
v -102.312965 110.575302 113.188446
v -115.442757 0.000000 122.060760
v -100.854164 0.000000 111.929840
v -112.945313 141.675369 -107.023178
v -103.274414 141.675369 -107.023178
v -113.945221 141.675369 -116.092270
v -115.404114 0.545769 -106.764481
v -115.404114 0.545769 -117.350876
v -101.815521 0.545769 -118.350876
v -101.815521 0.545769 -105.764481
v -115.404114 140.339066 -106.764481
v -101.815521 140.339066 -105.764481
v -100.815521 140.339066 -117.350876
v -114.404114 140.339066 -118.350876
v -102.274414 141.675369 -108.023178
v -103.274414 141.675369 -117.092270
v -112.945221 141.675369 -117.092270
v -114.404114 0.545769 -105.764481
v -114.404114 0.545769 -118.350876
v -114.404114 140.339066 -105.764481
v -100.815521 140.339066 -106.764481
v -101.815521 140.339066 -118.350876
v -115.404114 140.339066 -117.350876
v -113.695313 141.675369 -107.273178
v -102.524414 141.675369 -107.273178
v -102.524414 141.675369 -116.842270
v -113.695221 141.675369 -116.842270
v -115.154114 0.545769 -106.014481
v -115.154114 0.545769 -118.100876
v -101.065521 0.545769 -118.100876
v -101.065521 0.545769 -106.014481
v -115.154114 140.339066 -106.014481
v -101.065521 140.339066 -106.014481
v -101.065521 140.339066 -118.100876
v -115.154114 140.339066 -118.100876
v -113.945313 141.675369 -108.023178
v -102.274414 141.675369 -116.092270
v -100.815521 0.545769 -117.350876
v -100.815521 0.545769 -106.764481
v 113.408951 110.575302 121.426208
v 112.643173 110.575302 121.888123
v 113.869247 110.575302 120.663025
v 100.741165 0.000000 111.788208
v 100.741165 0.000000 121.919128
v 115.329758 0.000000 121.919128
v 115.329758 0.000000 111.788208
v 114.101974 109.239105 123.146729
v 101.968948 109.239105 123.146729
v 103.427750 110.575302 121.888123
v 102.199966 110.575302 120.660431
v 100.741165 109.239105 121.919128
v 100.741165 109.239105 111.788208
v 102.199966 110.575302 113.046814
v 103.427750 110.575302 111.818909
v 101.968948 109.239105 110.560425
v 114.101974 109.239105 110.560425
v 112.643173 110.575302 111.818909
v 113.870865 110.575302 113.046814
v 115.329758 109.239105 111.788208
v 115.329758 109.239105 121.919128
v 114.101974 0.000000 123.146729
v 101.968948 0.000000 123.146729
v 101.968948 0.000000 110.560425
v 114.101974 0.000000 110.560425
v 114.867752 109.239105 122.684814
v 101.203049 109.239105 122.684814
v 102.661972 110.575302 121.426208
v 101.203049 109.239105 111.022430
v 102.661972 110.575302 112.281036
v 114.867752 109.239105 111.022430
v 113.408951 110.575302 112.281036
v 101.203049 0.000000 122.684814
v 114.867752 0.000000 122.684814
v 101.203049 0.000000 111.022430
v 114.867752 0.000000 111.022430
v 113.733978 141.675369 -107.872375
v 112.983978 141.675369 -107.622375
v 113.983978 141.675369 -108.622375
v 114.442780 0.545769 -106.363678
v 115.192780 0.545769 -106.613678
v 115.442780 0.545769 -107.363678
v 114.442780 140.339066 -106.363678
v 101.854187 140.339066 -106.363678
v 103.313080 141.675369 -107.622375
v 100.854187 140.339066 -107.363678
v 100.854187 140.339066 -117.950058
v 102.313080 141.675369 -116.691483
v 102.313080 141.675369 -108.622375
v 101.854187 140.339066 -118.950058
v 114.442780 140.339066 -118.950058
v 112.983887 141.675369 -117.691483
v 103.313080 141.675369 -117.691483
v 115.442780 140.339066 -117.950058
v 115.442780 140.339066 -107.363678
v 113.983887 141.675369 -116.691483
v 101.854187 0.545769 -106.363678
v 100.854187 0.545769 -107.363678
v 100.854187 0.545769 -117.950073
v 101.854187 0.545769 -118.950073
v 114.442780 0.545769 -118.950073
v 115.442780 0.545769 -117.950073
v 115.192780 140.339066 -106.613678
v 102.563080 141.675369 -107.872375
v 101.104187 140.339066 -106.613678
v 101.104187 140.339066 -118.700058
v 102.563080 141.675369 -117.441483
v 113.733887 141.675369 -117.441483
v 115.192780 140.339066 -118.700058
v 101.104187 0.545769 -106.613678
v 101.104187 0.545769 -118.700073
v 115.192780 0.545769 -118.700073
v 100.157944 101.643173 112.281158
v -100.524628 100.674866 111.602264
v -101.492920 100.674866 117.302261
v 100.157944 101.643173 117.302261
v 101.126282 32.537964 112.281158
v 100.157944 32.537964 117.588058
v -101.492920 32.537964 117.302261
v -100.524628 32.537964 111.602264
v 101.126282 100.674866 112.281158
v 100.157944 100.674866 111.602264
v -101.492920 100.674866 112.281158
v -100.524628 101.643173 112.281158
v -100.524628 100.674866 117.588058
v -100.524628 101.643173 117.302261
v 100.157944 100.674866 117.588058
v 101.126282 100.674866 117.302261
v 100.157944 31.569672 112.281158
v 100.157944 32.537964 111.602264
v 100.157944 31.569672 117.302261
v 101.126282 32.537964 117.302261
v -100.524628 31.569672 117.302261
v -100.524628 32.537964 117.588058
v -100.524628 31.569672 112.281158
v -101.492920 32.537964 112.281158
v -109.992188 128.853928 -119.747742
v 110.758621 128.853928 -119.747742
v 110.758621 128.853928 -122.962646
v -109.992188 128.853928 -122.962646
v -109.992188 58.780422 -119.747742
v -109.992188 58.780426 -122.962646
v 110.758621 58.780426 -122.962646
v 110.758621 58.780422 -119.747742
v -109.992188 59.748726 -123.930931
v -109.992188 127.885620 -123.930939
v 110.758621 127.885620 -123.930939
v 110.758621 59.748726 -123.930931
v -111.057312 59.748726 -119.747734
v -111.057312 127.885620 -119.747742
v -111.057312 127.885620 -122.962646
v -111.057312 59.748726 -122.962639
v 110.758621 59.748726 -118.779533
v 110.758621 127.885620 -118.779541
v -109.992188 127.885620 -118.779541
v -109.992188 59.748726 -118.779533
v 111.823792 59.748726 -122.962639
v 111.823792 127.885620 -122.962646
v 111.823792 127.885620 -119.747742
v 111.823792 59.748726 -119.747734
v 84.161697 82.768860 111.509705
v 97.865891 77.003067 111.734406
v 101.036606 69.704559 110.509705
v 100.036606 32.048370 111.509705
v 100.036606 54.192566 111.509705
v 89.838608 82.513962 111.509705
v 96.547714 79.905670 110.692398
v 86.506699 82.824265 111.509705
v 99.346512 73.563461 111.678909
v 92.618118 81.914261 111.509705
v 84.159409 83.768860 110.509705
v 98.866196 77.005569 110.746902
v 100.036606 69.704559 111.509705
v 100.036606 31.048370 110.509705
v 101.036606 32.048370 110.509705
v 101.036606 56.490570 110.509705
v 90.096115 83.494568 110.509705
v 95.547897 79.902161 111.674210
v 86.509811 83.824265 110.509705
v 100.346512 73.563568 110.679001
v 93.618118 81.913361 110.509705
v 100.036606 56.490570 111.509705
v 101.036606 54.192566 110.509705
v 100.439011 55.585968 110.262207
v 99.789108 55.585968 110.912109
v 99.789108 54.844360 110.912109
v 100.439011 54.844360 110.262207
v -99.301804 73.563461 111.678909
v -99.991898 69.704559 111.509705
v -97.821198 77.003067 111.734406
v -95.503189 79.902161 111.674210
v -90.051392 83.494568 110.509705
v -93.573395 81.913361 110.509705
v -96.502991 79.905670 110.692398
v -98.821503 77.005569 110.746902
v -100.301804 73.563568 110.679001
v -100.991898 69.704559 110.509705
v -99.991898 32.048370 111.509705
v -99.991898 54.192566 111.509705
v -100.991898 54.192566 110.509705
v -100.991898 32.048370 110.509705
v -99.991898 56.490570 111.509705
v -100.991898 56.490570 110.509705
v -89.793900 82.513962 111.509705
v -86.461990 82.824265 111.509705
v -92.573395 81.914261 111.509705
v -84.116989 82.768860 111.509705
v -86.465195 83.824265 110.509705
v -84.114700 83.768860 110.509705
v -99.991898 31.048370 110.509705
v -100.394394 55.585968 110.262207
v -100.394394 54.844360 110.262207
v -99.744400 55.585968 110.912109
v -99.744400 54.844360 110.912109
v 99.346512 73.563469 -106.826790
v 100.036606 69.704567 -106.657585
v 97.865891 77.003067 -106.882294
v 95.547897 79.902168 -106.822197
v 90.096115 83.494568 -105.657593
v 93.618118 81.913368 -105.657585
v 96.547714 79.905670 -105.840393
v 98.866196 77.005569 -105.894791
v 100.346512 73.563568 -105.826996
v 101.036606 69.704567 -105.657585
v 100.036606 32.048370 -106.657593
v 100.036606 54.192570 -106.657593
v 101.036606 54.192570 -105.657593
v 101.036606 32.048370 -105.657593
v 100.036606 56.490570 -106.657593
v 101.036606 56.490570 -105.657593
v 89.838608 82.513969 -106.657600
v 86.506699 82.824265 -106.657593
v 92.618118 81.914268 -106.657600
v 84.161697 82.768867 -106.657585
v 86.509811 83.824265 -105.657593
v 84.159409 83.768867 -105.657585
v 100.036606 31.048370 -105.657593
v 100.439011 55.585968 -105.410095
v 100.439011 54.844368 -105.410088
v 99.789108 55.585968 -106.059998
v 99.789108 54.844368 -106.059990
v -99.301804 73.563469 -106.826790
v -99.991898 69.704567 -106.657585
v -97.821198 77.003067 -106.882294
v -95.503189 79.902168 -106.822197
v -90.051392 83.494568 -105.657593
v -93.573395 81.913368 -105.657585
v -96.502991 79.905670 -105.840393
v -98.821503 77.005569 -105.894791
v -100.301804 73.563568 -105.826996
v -100.991898 69.704567 -105.657585
v -99.991898 32.048370 -106.657593
v -99.991898 54.192570 -106.657593
v -100.991898 54.192570 -105.657593
v -100.991898 32.048370 -105.657593
v -99.991898 56.490570 -106.657593
v -100.991898 56.490570 -105.657593
v -89.793900 82.513969 -106.657600
v -92.573395 81.914268 -106.657600
v -86.461990 82.824265 -106.657593
v -84.116989 82.768867 -106.657585
v -86.465195 83.824265 -105.657593
v -84.114700 83.768867 -105.657585
v -99.991898 31.048370 -105.657593
v -100.394394 54.844368 -105.410088
v -100.394394 55.585968 -105.410095
v -99.744400 55.585968 -106.059998
v -99.744400 54.844368 -106.059990
v -68.811974 161.408035 -109.321152
v -81.211174 156.157440 -110.223053
v -91.163063 150.301331 -110.223022
v -77.560173 102.005936 -109.209641
v -61.402168 169.511139 -107.754120
v -60.422478 164.289230 -109.209641
v -45.127968 101.146042 -109.282028
v -23.451569 180.031937 -111.744339
v -37.936066 176.458939 -112.614334
v -68.675163 162.267136 -111.744339
v -81.211174 156.157440 -111.744354
v -91.163063 150.301331 -111.744324
v -60.790672 170.573730 -111.744324
v -12.434967 181.066132 -111.744324
v -78.605171 101.984238 -111.744339
v -23.442772 179.161942 -107.307236
v -37.936066 176.458633 -107.312729
v -49.111259 173.594131 -107.318527
v -45.950966 102.005341 -107.878433
v -12.545265 180.203537 -107.305130
v -68.675163 162.267136 -110.223038
v -81.164574 155.288132 -109.477829
v -91.679863 149.021942 -110.223053
v -90.892067 149.448242 -109.597046
v -78.605171 101.984238 -110.223038
v -77.502159 101.146042 -110.223038
v -60.593559 169.721832 -107.326416
v -60.790672 170.573730 -108.314423
v -46.230766 101.982040 -108.749527
v -23.442772 179.161942 -112.614334
v -38.109070 177.311539 -111.744339
v -68.811470 161.407944 -112.614334
v -81.166374 155.288635 -112.614319
v -90.895668 149.449234 -112.614334
v -91.679863 149.021942 -111.744354
v -60.560875 169.733032 -112.614319
v -61.387169 169.456131 -111.744339
v -59.717064 164.611038 -112.614334
v -60.602562 165.150238 -111.744324
v -49.409660 174.411636 -111.744339
v -12.545265 180.203140 -112.614334
v -77.711174 102.005341 -112.614334
v -77.502159 101.146042 -111.744339
v -23.451569 180.031937 -108.186234
v -38.109070 177.311539 -108.314438
v -49.409660 174.411636 -108.314438
v -45.299667 102.016037 -107.464127
v -45.218468 101.995438 -112.614334
v -12.434967 181.066132 -107.982513
v -78.328362 102.010536 -109.220924
v -78.212868 101.355637 -110.223038
v -77.685570 101.360840 -109.570541
v -45.838165 101.355331 -108.683334
v -78.326469 102.010040 -112.614334
v -77.685570 101.360840 -112.396835
v -78.212868 101.355637 -111.744339
v -45.125069 101.146042 -108.314438
v -78.281059 101.466835 -109.570534
v -78.281059 101.466835 -112.396828
v -60.569176 165.827942 -107.784515
v -59.745964 165.969543 -107.334137
v -60.602562 165.150238 -110.223022
v -49.111259 173.594437 -112.614334
v -45.176071 101.146042 -111.744339
v -45.084770 101.357941 -112.396835
v -0.948265 180.709351 -107.304138
v -1.009270 181.614136 -107.982513
v -0.948265 180.708542 -112.614334
v 43.281029 102.016037 -107.464127
v 10.526726 180.203537 -107.305130
v 21.424126 179.161942 -107.307236
v 35.917427 176.458633 -107.312729
v 47.092628 173.594131 -107.318527
v 66.793434 161.408035 -109.321152
v 79.145927 155.288132 -109.477829
v 76.309731 102.010536 -109.220924
v 75.541634 102.005936 -109.209641
v 58.574928 169.721832 -107.326416
v 57.727333 165.969543 -107.334137
v 88.873436 149.448242 -109.597046
v 44.212135 101.982040 -108.749527
v 58.403831 164.289230 -109.209641
v 43.199837 101.995438 -112.614334
v 35.917427 176.458939 -112.614334
v 21.424126 179.161942 -112.614334
v 47.092628 173.594437 -112.614334
v 79.147728 155.288635 -112.614319
v 66.792931 161.407944 -112.614334
v 75.692528 102.005341 -112.614334
v 76.307838 102.010040 -112.614334
v 10.526726 180.203140 -112.614334
v 88.877037 149.449234 -112.614334
v 57.698433 164.611038 -112.614334
v 79.192528 156.157440 -110.223053
v 66.656532 162.267136 -110.223038
v 66.656532 162.267136 -111.744339
v 79.192528 156.157440 -111.744354
v 59.368629 169.456131 -111.744339
v 58.584038 165.150238 -111.744324
v 58.584038 165.150238 -110.223022
v 59.383537 169.511139 -107.754120
v 76.586525 101.984238 -110.223038
v 89.661232 149.021942 -110.223053
v 89.661232 149.021942 -111.744354
v 76.586525 101.984238 -111.744339
v 89.144432 150.301331 -110.223022
v 89.144432 150.301331 -111.744324
v 43.109337 101.146042 -109.282028
v 75.483528 101.146042 -110.223038
v 75.483528 101.146042 -111.744339
v 43.157433 101.146042 -111.744339
v 21.432930 180.031937 -111.744339
v 36.090431 177.311539 -111.744339
v 36.090431 177.311539 -108.314438
v 21.432930 180.031937 -108.186234
v 10.416328 181.066132 -111.744324
v 10.416328 181.066132 -107.982513
v 47.391029 174.411636 -111.744339
v 47.391029 174.411636 -108.314438
v 58.772026 170.573730 -111.744324
v 58.772026 170.573730 -108.314423
v 76.262535 101.466835 -109.570534
v 75.667030 101.360840 -109.570541
v 58.542336 169.733032 -112.614319
v 76.262535 101.466835 -112.396828
v 76.194328 101.355637 -111.744339
v 43.106438 101.146042 -108.314438
v 58.550636 165.827942 -107.784515
v 43.819633 101.355331 -108.683334
v 43.066231 101.357941 -112.396835
v 75.667030 101.360840 -112.396835
v 76.194328 101.355637 -110.223038
v 43.681435 101.776642 -107.841934
v -1.009270 181.614136 -111.744324
v -100.532349 101.643173 -107.648560
v 100.150223 101.643173 -107.648529
v 100.150223 101.643173 -112.669647
v -100.532349 101.643173 -112.669678
v -100.532349 31.569672 -107.648560
v -100.532349 31.569672 -112.669678
v 100.150223 31.569672 -112.669647
v 100.150223 31.569672 -107.648529
v -100.532349 100.674866 -106.969666
v -100.532349 32.537971 -106.969673
v 100.150223 32.537971 -106.969643
v 100.150223 100.674866 -106.969635
v 101.118515 100.674866 -107.648529
v 101.118515 32.537971 -107.648537
v 101.118515 32.537971 -112.669655
v 101.118515 100.674866 -112.669647
v 100.150223 100.674866 -112.955444
v 100.150223 32.537971 -112.955452
v -100.532349 32.537971 -112.955482
v -100.532349 100.674866 -112.955475
v -101.500687 100.674866 -112.669678
v -101.500687 32.537971 -112.669685
v -101.500687 32.537971 -107.648567
v -101.500687 100.674866 -107.648560
vt 0.572190 0.245746
vt 0.570862 0.246462
vt 0.573110 0.244520
vt 0.550319 0.249835
vt 0.553385 0.246462
vt 0.573928 0.249937
vt 0.547764 0.227044
vt 0.551137 0.230007
vt 0.955865 0.734417
vt 0.932870 0.734417
vt 0.932870 0.527764
vt 0.955865 0.527764
vt 0.910794 0.734417
vt 0.910794 0.527764
vt 0.930008 0.527764
vt 0.930008 0.734417
vt 0.884937 0.734417
vt 0.884937 0.527764
vt 0.551341 0.244520
vt 0.547560 0.247075
vt 0.573928 0.224693
vt 0.570862 0.227963
vt 0.553487 0.227759
vt 0.550830 0.224284
vt 0.576585 0.247075
vt 0.907933 0.527764
vt 0.573110 0.230212
vt 0.576585 0.227554
vt 0.907933 0.734417
vt 0.958727 0.734417
vt 0.575563 0.248813
vt 0.548684 0.248813
vt 0.958727 0.527764
vt 0.552159 0.245746
vt 0.549195 0.225204
vt 0.552159 0.228577
vt 0.575563 0.225817
vt 0.977941 0.527764
vt 0.572293 0.228679
vt 0.146056 0.069816
vt 0.977941 0.734417
vt 0.146056 0.051011
vt 0.173446 0.051011
vt 0.931439 0.734417
vt 0.173446 0.069816
vt 0.172629 0.071350
vt 0.931439 0.527764
vt 0.171096 0.072065
vt 0.148305 0.072065
vt 0.147078 0.071350
vt 0.147078 0.049581
vt 0.957296 0.527764
vt 0.957296 0.734417
vt 0.909363 0.527764
vt 0.909363 0.734417
vt 0.883506 0.734417
vt 0.883506 0.527764
vt 0.148305 0.048558
vt 0.171096 0.048558
vt 0.172629 0.049581
vt 0.979372 0.527764
vt 0.979372 0.734417
vt 0.117201 0.050966
vt 0.118734 0.050455
vt 0.116690 0.052294
vt 0.753053 0.591910
vt 0.733328 0.591910
vt 0.731386 0.566461
vt 0.754892 0.566461
vt 0.143058 0.049841
vt 0.143058 0.070997
vt 0.140094 0.068442
vt 0.140094 0.052294
vt 0.929599 0.999869
vt 0.929599 0.737415
vt 0.953208 0.737415
vt 0.953208 0.999869
vt 0.956070 0.737415
vt 0.975999 0.737415
vt 0.975999 0.999869
vt 0.956070 0.999869
vt 0.880440 0.737415
vt 0.904049 0.737415
vt 0.904049 0.999869
vt 0.880440 0.999869
vt 0.906911 0.737415
vt 0.926840 0.737415
vt 0.926840 0.999869
vt 0.906911 0.999869
vt 0.113931 0.070997
vt 0.113931 0.049841
vt 0.116690 0.068442
vt 0.114340 0.048411
vt 0.115770 0.047900
vt 0.139583 0.050966
vt 0.137948 0.050455
vt 0.140912 0.047900
vt 0.142445 0.048411
vt 0.142445 0.072632
vt 0.754892 0.590070
vt 0.731386 0.590070
vt 0.139583 0.069975
vt 0.117201 0.069975
vt 0.118734 0.070486
vt 0.115770 0.073041
vt 0.954639 0.999869
vt 0.954639 0.737415
vt 0.114340 0.072632
vt 0.137948 0.070486
vt 0.140912 0.073041
vt 0.928169 0.737415
vt 0.754483 0.591501
vt 0.928169 0.999869
vt 0.731692 0.591501
vt 0.905480 0.999869
vt 0.731692 0.565235
vt 0.905480 0.737415
vt 0.754483 0.565235
vt 0.879009 0.999869
vt 0.879009 0.737415
vt 0.877579 0.737415
vt 0.877579 0.999869
vt 0.733328 0.564519
vt 0.753053 0.564519
vt 0.572190 0.245746
vt 0.570862 0.246462
vt 0.573110 0.244520
vt 0.173446 0.051011
vt 0.173446 0.069816
vt 0.146056 0.069816
vt 0.146056 0.051011
vt 0.573928 0.249937
vt 0.550319 0.249835
vt 0.553385 0.246462
vt 0.551341 0.244520
vt 0.547560 0.247075
vt 0.547764 0.227044
vt 0.551137 0.230007
vt 0.553487 0.227759
vt 0.550830 0.224284
vt 0.573928 0.224693
vt 0.570862 0.227963
vt 0.573110 0.230212
vt 0.576585 0.227554
vt 0.576585 0.247075
vt 0.932870 0.527764
vt 0.955865 0.527764
vt 0.955865 0.734417
vt 0.932870 0.734417
vt 0.930008 0.527764
vt 0.930008 0.734417
vt 0.910794 0.734417
vt 0.910794 0.527764
vt 0.907933 0.527764
vt 0.907933 0.734417
vt 0.884937 0.734417
vt 0.884937 0.527764
vt 0.977941 0.527764
vt 0.977941 0.734417
vt 0.958727 0.734417
vt 0.958727 0.527764
vt 0.575563 0.248813
vt 0.548684 0.248813
vt 0.552159 0.245746
vt 0.549195 0.225204
vt 0.552159 0.228577
vt 0.575563 0.225817
vt 0.572293 0.228679
vt 0.931439 0.734417
vt 0.931439 0.527764
vt 0.957296 0.527764
vt 0.957296 0.734417
vt 0.909363 0.734417
vt 0.909363 0.527764
vt 0.883506 0.734417
vt 0.883506 0.527764
vt 0.979372 0.527764
vt 0.979372 0.734417
vt 0.172629 0.071350
vt 0.171096 0.072065
vt 0.148305 0.072065
vt 0.147078 0.071350
vt 0.147078 0.049581
vt 0.148305 0.048558
vt 0.171096 0.048558
vt 0.172629 0.049581
vt 0.117201 0.050966
vt 0.118734 0.050455
vt 0.116690 0.052294
vt 0.754892 0.590070
vt 0.754483 0.591501
vt 0.753053 0.591910
vt 0.115770 0.047900
vt 0.140912 0.047900
vt 0.137948 0.050455
vt 0.143058 0.049841
vt 0.143058 0.070997
vt 0.140094 0.068442
vt 0.140094 0.052294
vt 0.140912 0.073041
vt 0.115770 0.073041
vt 0.118734 0.070486
vt 0.137948 0.070486
vt 0.113931 0.070997
vt 0.113931 0.049841
vt 0.116690 0.068442
vt 0.929599 0.999869
vt 0.929599 0.737415
vt 0.953208 0.737415
vt 0.953208 0.999869
vt 0.956070 0.737415
vt 0.975999 0.737415
vt 0.975999 0.999869
vt 0.956070 0.999869
vt 0.880440 0.737415
vt 0.904049 0.737415
vt 0.904049 0.999869
vt 0.880440 0.999869
vt 0.906911 0.737415
vt 0.926840 0.737415
vt 0.926840 0.999869
vt 0.906911 0.999869
vt 0.114340 0.048411
vt 0.139583 0.050966
vt 0.142445 0.048411
vt 0.142445 0.072632
vt 0.139583 0.069975
vt 0.117201 0.069975
vt 0.114340 0.072632
vt 0.954639 0.999869
vt 0.954639 0.737415
vt 0.928169 0.737415
vt 0.928169 0.999869
vt 0.879009 0.999869
vt 0.877579 0.999869
vt 0.877579 0.737415
vt 0.879009 0.737415
vt 0.905480 0.999869
vt 0.905480 0.737415
vt 0.754483 0.565235
vt 0.754892 0.566461
vt 0.753053 0.564519
vt 0.733328 0.591910
vt 0.731692 0.591501
vt 0.731386 0.590070
vt 0.731386 0.566461
vt 0.733328 0.564519
vt 0.731692 0.565235
vt 0.797609 0.707209
vt 0.797405 0.209076
vt 0.804559 0.209076
vt 0.387306 0.406223
vt 0.804559 0.707209
vt 0.000131 0.205078
vt 0.000131 0.197822
vt 0.492847 0.197924
vt 0.770870 0.411770
vt 0.770870 0.540852
vt 0.390372 0.540954
vt 0.390372 0.411770
vt 0.492847 0.205078
vt 0.587315 0.567555
vt 0.387306 0.278368
vt 0.763614 0.278368
vt 0.763614 0.406223
vt 0.765453 0.278368
vt 0.763614 0.276631
vt 0.387306 0.276631
vt 0.418886 0.567249
vt 0.418886 0.560299
vt 0.587315 0.560299
vt 0.418886 0.570553
vt 0.389861 0.541771
vt 0.388635 0.540954
vt 0.772608 0.540852
vt 0.771279 0.541669
vt 0.385466 0.278368
vt 0.387306 0.407960
vt 0.385466 0.406223
vt 0.765453 0.406223
vt 0.388635 0.411770
vt 0.389861 0.410953
vt 0.763614 0.407960
vt 0.590688 0.567555
vt 0.590688 0.560299
vt 0.771279 0.410953
vt 0.772608 0.411770
vt 0.587520 0.570553
vt 0.587520 0.577605
vt 0.418886 0.577605
vt 0.001868 0.540867
vt 0.001868 0.411377
vt 0.383899 0.411377
vt 0.383899 0.540867
vt 0.384206 0.410560
vt 0.385535 0.411377
vt 0.000131 0.411377
vt 0.001459 0.410560
vt 0.811909 0.997212
vt 0.812011 0.603121
vt 0.817735 0.603121
vt 0.817735 0.997212
vt 0.002890 0.132961
vt 0.002890 0.127340
vt 0.401580 0.127238
vt 0.401580 0.132961
vt 0.385637 0.540867
vt 0.384206 0.541787
vt 0.001459 0.541787
vt 0.000131 0.540867
vt 0.000131 0.132961
vt 0.811909 0.999869
vt 0.817735 0.999869
vt 0.000131 0.127340
vt 0.380731 0.277054
vt 0.380731 0.405726
vt 0.001868 0.405726
vt 0.001868 0.277054
vt 0.404340 0.127238
vt 0.817735 0.600362
vt 0.812011 0.600362
vt 0.404340 0.132961
vt 0.000131 0.405726
vt 0.001868 0.407566
vt 0.380731 0.407566
vt 0.382468 0.405726
vt 0.380731 0.275316
vt 0.382468 0.277054
vt 0.000131 0.277054
vt 0.001868 0.275316
vt 0.410881 0.938650
vt 0.410881 0.946009
vt 0.001357 0.239818
vt 0.001766 0.945702
vt 0.548766 0.214023
vt 0.001766 0.938446
vt 0.410881 0.952550
vt 0.410881 0.959602
vt 0.370613 0.239818
vt 0.371942 0.247075
vt 0.000131 0.247075
vt 0.001766 0.959500
vt 0.000131 0.272319
vt 0.371942 0.272319
vt 0.019038 0.223262
vt 0.025170 0.222751
vt 0.013928 0.224284
vt 0.001766 0.952550
vt 0.410881 0.966858
vt 0.410881 0.974217
vt 0.001766 0.974012
vt 0.001766 0.966552
vt 0.410881 0.999869
vt 0.001766 0.999767
vt 0.412516 0.951323
vt 0.412516 0.958682
vt 0.412516 0.966143
vt 0.412516 0.974012
vt 0.790084 0.594945
vt 0.375961 0.270888
vt 0.375961 0.272319
vt 0.374939 0.272319
vt 0.374939 0.270888
vt 0.459631 0.147473
vt 0.458302 0.146042
vt 0.459018 0.144612
vt 0.461164 0.146962
vt 0.003620 0.214023
vt 0.003109 0.212490
vt 0.549482 0.212490
vt 0.358144 0.224284
vt 0.363459 0.228167
vt 0.008409 0.228167
vt 0.029463 0.222751
vt 0.412516 0.932212
vt 0.410881 0.932212
vt 0.410881 0.929502
vt 0.412516 0.929195
vt 0.412516 0.943965
vt 0.412516 0.999869
vt 0.367854 0.233482
vt 0.412516 0.938344
vt 0.004116 0.233482
vt 0.352932 0.223262
vt 0.346698 0.222751
vt 0.342303 0.222751
vt 0.410850 0.615162
vt 0.001766 0.929502
vt 0.001735 0.615264
vt 0.412485 0.615469
vt 0.410881 0.605983
vt 0.001766 0.606085
vt 0.001766 0.598931
vt 0.410881 0.598931
vt 0.410881 0.577877
vt 0.001766 0.578184
vt 0.001766 0.570825
vt 0.742969 0.270888
vt 0.742969 0.272319
vt 0.744195 0.270888
vt 0.744195 0.272319
vt 0.550504 0.215658
vt 0.551832 0.215045
vt 0.533012 0.208076
vt 0.532399 0.209507
vt 0.002788 0.146042
vt 0.002277 0.144612
vt 0.001357 0.147473
vt 0.000131 0.146962
vt 0.790084 0.999869
vt 0.863339 0.612521
vt 0.856082 0.613849
vt 0.856082 0.241731
vt 0.863339 0.243060
vt 0.410881 0.570416
vt 0.001766 0.545070
vt 0.410881 0.544764
vt 0.410881 0.585031
vt 0.001766 0.585133
vt 0.412516 0.593412
vt 0.001868 0.081111
vt 0.001357 0.080293
vt 0.830838 0.613849
vt 0.410881 0.592083
vt 0.830838 0.241731
vt 0.879895 0.594737
vt 0.878873 0.599950
vt 0.880508 0.588707
vt 0.412516 0.585951
vt 0.412516 0.570519
vt 0.412516 0.578593
vt 0.412516 0.612421
vt 0.003197 0.124342
vt 0.410881 0.612421
vt 0.412516 0.600668
vt 0.412516 0.544764
vt 0.412516 0.606289
vt 0.001766 0.932212
vt 0.000131 0.951017
vt 0.000131 0.958580
vt 0.743157 0.252935
vt 0.744179 0.252935
vt 0.744179 0.254365
vt 0.743157 0.254365
vt 0.003197 0.219753
vt 0.002481 0.218220
vt 0.548853 0.218220
vt 0.548240 0.219753
vt 0.822061 0.522995
vt 0.820733 0.522484
vt 0.822981 0.520337
vt 0.823492 0.521666
vt 0.415514 0.999869
vt 0.874990 0.605469
vt 0.874990 0.250112
vt 0.878873 0.255529
vt 0.880406 0.584211
vt 0.000131 0.973910
vt 0.000131 0.965938
vt 0.000131 0.932212
vt 0.000131 0.929195
vt 0.000131 0.943965
vt 0.000131 0.999767
vt 0.379096 0.068335
vt 0.378891 0.069153
vt 0.380118 0.112078
vt 0.845743 0.194916
vt 0.869675 0.245820
vt 0.000131 0.938344
vt 0.869675 0.609761
vt 0.879895 0.260639
vt 0.880508 0.266873
vt 0.880406 0.271268
vt 0.000100 0.615469
vt 0.001766 0.592185
vt 0.001766 0.612524
vt 0.000131 0.593514
vt 0.845743 0.152604
vt 0.000131 0.586360
vt 0.000131 0.578695
vt 0.000131 0.570927
vt 0.000131 0.612421
vt 0.000131 0.600668
vt 0.000131 0.545070
vt 0.000131 0.606494
vt 0.376047 0.254365
vt 0.376047 0.252935
vt 0.374923 0.254365
vt 0.374923 0.252935
vt 0.001985 0.215658
vt 0.000554 0.215045
vt 0.794513 0.999256
vt 0.793082 0.999869
vt 0.826614 0.518600
vt 0.827841 0.519213
vt 0.807557 0.207837
vt 0.808988 0.207224
vt 0.415514 0.594945
vt 0.442965 0.150560
vt 0.442965 0.152604
vt 0.442965 0.194916
vt 0.000539 0.124342
vt 0.000131 0.081213
vt 0.845743 0.150560
vt 0.382775 0.111976
vt 0.380629 0.069153
vt 0.425700 0.135959
vt 0.425700 0.137287
vt 0.000131 0.137287
vt 0.000131 0.135959
vt 0.000131 0.141614
vt 0.000131 0.140285
vt 0.425700 0.140285
vt 0.425700 0.141614
vt 0.831656 0.619167
vt 0.874581 0.619167
vt 0.874581 0.616407
vt 0.831656 0.997008
vt 0.830838 0.997519
vt 0.874581 0.997008
vt 0.831656 0.999052
vt 0.874581 0.999869
vt 0.830838 0.618758
vt 0.831656 0.617429
vt 0.439967 0.194832
vt 0.037700 0.194832
vt 0.037700 0.152316
vt 0.439967 0.152316
vt 0.439967 0.150374
vt 0.037700 0.150374
vt 0.728388 0.578392
vt 0.594094 0.578392
vt 0.594094 0.572668
vt 0.728388 0.572668
vt 0.803336 0.865167
vt 0.803336 0.999869
vt 0.797715 0.999869
vt 0.797511 0.865167
vt 0.645323 0.147478
vt 0.562233 0.000000
vt 0.584104 0.001022
vt 0.604442 0.002964
vt 0.631526 0.008074
vt 0.652477 0.013389
vt 0.471089 0.248199
vt 0.376246 0.248199
vt 0.376246 0.245133
vt 0.912958 0.000183
vt 0.899263 0.139587
vt 0.387274 0.225545
vt 0.901799 0.507903
vt 0.471089 0.245133
vt 0.442998 0.264211
vt 0.872180 0.144595
vt 0.907113 0.408154
vt 0.376669 0.262269
vt 0.920215 0.134272
vt 0.414357 0.225545
vt 0.376669 0.259203
vt 0.376246 0.249937
vt 0.375122 0.249528
vt 0.442896 0.259203
vt 0.957110 0.111379
vt 0.374917 0.248199
vt 0.973768 0.000183
vt 0.974893 0.000183
vt 0.376246 0.243396
vt 0.414357 0.228815
vt 0.471907 0.243396
vt 0.471907 0.249937
vt 0.492676 0.590312
vt 0.908544 0.408154
vt 0.425529 0.547797
vt 0.425529 0.551169
vt 0.376567 0.264006
vt 0.374932 0.264006
vt 0.375034 0.263597
vt 0.376363 0.263597
vt 0.623794 0.266153
vt 0.624202 0.267890
vt 0.442589 0.267890
vt 0.387274 0.228815
vt 0.435820 0.225545
vt 0.442998 0.266153
vt 0.441567 0.265437
vt 0.440750 0.265846
vt 0.980207 0.099932
vt 0.435820 0.228815
vt 0.369797 0.225545
vt 0.369797 0.228815
vt 0.436944 0.228815
vt 0.851739 0.146639
vt 0.462833 0.590312
vt 0.462833 0.583260
vt 0.492676 0.582953
vt 0.374917 0.245133
vt 0.375122 0.243907
vt 0.443100 0.257772
vt 0.435206 0.230757
vt 0.435206 0.223705
vt 0.436944 0.225545
vt 0.414255 0.230757
vt 0.376363 0.257772
vt 0.387580 0.230757
vt 0.369491 0.230757
vt 0.387580 0.223705
vt 0.414255 0.223705
vt 0.998501 0.088997
vt 0.376260 0.257363
vt 0.442896 0.257363
vt 0.624100 0.257363
vt 0.623691 0.257772
vt 0.375136 0.262269
vt 0.375034 0.257772
vt 0.374932 0.257363
vt 0.415922 0.556586
vt 0.375136 0.259203
vt 0.623998 0.259203
vt 0.623794 0.264211
vt 0.690225 0.259203
vt 0.690225 0.262269
vt 0.690327 0.264006
vt 0.427239 0.235492
vt 0.367957 0.223705
vt 0.427239 0.238661
vt 0.006467 0.053585
vt 0.689756 0.564610
vt 0.689756 0.567676
vt 0.594912 0.567676
vt 0.940042 0.117409
vt 0.594912 0.564610
vt 0.001357 0.028137
vt 0.398827 0.238661
vt 0.104683 0.072799
vt 0.515058 0.582647
vt 0.690634 0.263597
vt 0.691758 0.263597
vt 0.691860 0.264006
vt 0.674042 0.020645
vt 0.672407 0.027595
vt 0.626042 0.265846
vt 0.625225 0.265437
vt 0.593686 0.564610
vt 0.593890 0.563384
vt 0.479449 0.147478
vt 0.540771 0.001022
vt 0.520432 0.002964
vt 0.493349 0.008074
vt 0.690634 0.257363
vt 0.595014 0.562873
vt 0.472295 0.013389
vt 0.452468 0.027595
vt 0.450731 0.020645
vt 0.690675 0.569516
vt 0.690634 0.257772
vt 0.398827 0.235492
vt 0.375423 0.238661
vt 0.375423 0.235492
vt 0.444511 0.235492
vt 0.444511 0.238661
vt 0.375218 0.240398
vt 0.373379 0.238661
vt 0.941677 0.126914
vt 0.829970 0.147558
vt 0.747186 0.000183
vt 0.515058 0.590312
vt 0.439838 0.590312
vt 0.373379 0.235492
vt 0.375218 0.233755
vt 0.691656 0.262269
vt 0.426217 0.240398
vt 0.398111 0.240398
vt 0.444102 0.240398
vt 0.416025 0.547797
vt 0.415514 0.557301
vt 0.424099 0.556586
vt 0.595014 0.569516
vt 0.690675 0.562873
vt 0.691860 0.257363
vt 0.398111 0.233755
vt 0.426217 0.233755
vt 0.445533 0.233755
vt 0.691758 0.257772
vt 0.691656 0.259203
vt 0.593686 0.567676
vt 0.578841 0.555462
vt 0.593890 0.569107
vt 0.104172 0.074230
vt 0.012293 0.073923
vt 0.439838 0.583260
vt 0.423690 0.557301
vt 0.788170 0.144595
vt 0.426756 0.545855
vt 0.415514 0.545855
vt 0.564218 0.554951
vt 0.416740 0.590312
vt 0.416740 0.583260
vt 0.569438 0.555462
vt 0.569336 0.546775
vt 0.417251 0.591947
vt 0.415514 0.590312
vt 0.514752 0.580807
vt 0.578841 0.552191
vt 0.568825 0.546059
vt 0.577001 0.546059
vt 0.538360 0.580603
vt 0.577410 0.546775
vt 0.579965 0.557301
vt 0.568825 0.557301
vt 0.538258 0.582647
vt 0.463140 0.581523
vt 0.716200 0.548410
vt 0.492676 0.581318
vt 0.440451 0.581523
vt 0.716711 0.546979
vt 0.417149 0.581523
vt 0.492676 0.591947
vt 0.760882 0.139587
vt 0.740032 0.134272
vt 0.703035 0.111379
vt 0.679938 0.099932
vt 0.685252 0.000183
vt 0.686478 0.000183
vt 0.808508 0.146639
vt 0.661643 0.088997
vt 0.720103 0.117409
vt 0.718570 0.126914
vt 0.463140 0.591947
vt 0.440451 0.591947
vt 0.514752 0.591947
vt 0.415514 0.582136
vt 0.538258 0.590312
vt 0.583943 0.590312
vt 0.583943 0.582953
vt 0.613581 0.583260
vt 0.613581 0.590312
vt 0.561458 0.590312
vt 0.561458 0.582647
vt 0.636577 0.590312
vt 0.636577 0.583260
vt 0.659777 0.583260
vt 0.659777 0.590312
vt 0.661003 0.590312
vt 0.659266 0.591947
vt 0.561662 0.580807
vt 0.583840 0.581318
vt 0.613275 0.581523
vt 0.635963 0.581523
vt 0.659266 0.581523
vt 0.613275 0.591947
vt 0.583840 0.591947
vt 0.635963 0.591947
vt 0.561662 0.591947
vt 0.661003 0.582136
vt 0.538360 0.591947
vt 0.119809 0.016281
vt 0.000131 0.011682
vt 0.718142 0.548001
vt 0.717631 0.548819
vt 0.580680 0.550250
vt 0.716200 0.546059
vt 0.565648 0.554542
vt 0.566159 0.555360
vt 0.564218 0.556279
vt 0.427471 0.553111
vt 0.564218 0.557301
vt 0.924897 0.519350
vt 0.883505 0.496967
vt 0.967208 0.408154
vt 0.940738 0.524766
vt 0.826614 0.999869
vt 0.827841 0.999358
vt 0.806637 0.204975
vt 0.806126 0.206304
vt 0.822061 0.999358
vt 0.820733 0.999869
vt 0.807557 0.700144
vt 0.808988 0.700655
vt 0.000744 0.209507
vt 0.000131 0.208076
vt 0.000131 0.220775
vt 0.001459 0.221388
vt 0.549978 0.221388
vt 0.551408 0.220775
vt 0.794513 0.467601
vt 0.793082 0.466988
vt 0.415514 0.567249
vt 0.415514 0.560299
vt 0.591097 0.577809
vt 0.591097 0.570553
vt 0.415514 0.570553
vt 0.415514 0.577605
vt 0.804559 0.209076
vt 0.804559 0.707209
vt 0.797609 0.707209
vt 0.797405 0.209076
vt 0.492847 0.197924
vt 0.492847 0.205078
vt 0.000131 0.205078
vt 0.000131 0.197822
vt 0.390372 0.540954
vt 0.390372 0.411770
vt 0.770870 0.411770
vt 0.770870 0.540852
vt 0.418886 0.560299
vt 0.587315 0.560299
vt 0.587315 0.567555
vt 0.418886 0.567249
vt 0.763614 0.278368
vt 0.763614 0.406223
vt 0.387306 0.406223
vt 0.387306 0.278368
vt 0.587520 0.577605
vt 0.418886 0.577605
vt 0.418886 0.570553
vt 0.587520 0.570553
vt 0.389861 0.541771
vt 0.388635 0.540954
vt 0.772608 0.540852
vt 0.771279 0.541669
vt 0.765453 0.278368
vt 0.763614 0.276631
vt 0.387306 0.276631
vt 0.385466 0.278368
vt 0.388635 0.411770
vt 0.389861 0.410953
vt 0.387306 0.407960
vt 0.385466 0.406223
vt 0.765453 0.406223
vt 0.763614 0.407960
vt 0.771279 0.410953
vt 0.772608 0.411770
vt 0.591097 0.577809
vt 0.591097 0.570553
vt 0.415514 0.560299
vt 0.415514 0.567249
vt 0.590688 0.567555
vt 0.590688 0.560299
vt 0.415514 0.570553
vt 0.415514 0.577605
vn -0.237832 0.940344 0.243289
vn -0.070167 0.912527 0.402954
vn -0.371708 0.925415 0.073761
vn 0.000000 -1.000000 -0.000000
vn 0.000000 -1.000000 -0.000000
vn 0.000000 -1.000000 -0.000000
vn 0.000000 -1.000000 -0.000000
vn 0.000000 -1.000000 -0.000000
vn 0.000000 -1.000000 -0.000000
vn -0.070167 0.912527 0.402954
vn -0.207751 0.781257 0.588624
vn 0.207731 0.781250 0.588639
vn 0.207731 0.781250 0.588639
vn 0.070164 0.912527 0.402953
vn -0.070167 0.912527 0.402954
vn 0.371991 0.925308 0.073675
vn 0.568874 0.800154 0.190096
vn 0.568898 0.800140 -0.190080
vn 0.568898 0.800140 -0.190080
vn 0.371991 0.925308 -0.073672
vn 0.371991 0.925308 0.073675
vn 0.070198 0.912516 -0.402973
vn 0.207770 0.781257 -0.588617
vn -0.207787 0.781245 -0.588627
vn -0.207787 0.781245 -0.588627
vn -0.070193 0.912516 -0.402972
vn 0.070198 0.912516 -0.402973
vn -0.371979 0.925314 -0.073657
vn -0.568871 0.800154 -0.190102
vn -0.568794 0.800231 0.190012
vn -0.568794 0.800231 0.190012
vn -0.371708 0.925415 0.073761
vn -0.371979 0.925314 -0.073657
vn 0.268031 -0.000000 0.963410
vn -0.268064 -0.000000 0.963401
vn -0.268065 -0.000000 0.963401
vn -0.268065 -0.000000 0.963401
vn 0.268030 -0.000000 0.963411
vn 0.268031 -0.000000 0.963410
vn 0.963398 -0.000000 0.268076
vn 0.963398 -0.000000 0.268076
vn 0.963405 0.000000 -0.268050
vn 0.963405 0.000000 -0.268050
vn 0.963405 0.000000 -0.268051
vn 0.963398 -0.000000 0.268076
vn 0.268072 0.000000 -0.963399
vn 0.268073 0.000000 -0.963399
vn -0.268106 0.000000 -0.963389
vn -0.268106 0.000000 -0.963389
vn -0.268107 0.000000 -0.963389
vn 0.268072 0.000000 -0.963399
vn -0.963389 0.000000 -0.268107
vn -0.963389 0.000000 -0.268107
vn -0.963382 -0.000000 0.268132
vn -0.963382 -0.000000 0.268132
vn -0.963382 -0.000000 0.268132
vn -0.963389 0.000000 -0.268107
vn -0.207751 0.781257 0.588624
vn -0.070167 0.912527 0.402954
vn -0.237832 0.940344 0.243289
vn -0.237832 0.940344 0.243289
vn -0.406669 0.821149 0.400417
vn -0.207751 0.781257 0.588624
vn 0.070164 0.912527 0.402953
vn 0.207731 0.781250 0.588639
vn 0.406673 0.821159 0.400394
vn 0.406673 0.821159 0.400394
vn 0.237813 0.940347 0.243293
vn 0.070164 0.912527 0.402953
vn 0.568874 0.800154 0.190096
vn 0.371991 0.925308 0.073675
vn 0.237813 0.940347 0.243293
vn 0.237813 0.940347 0.243293
vn 0.406673 0.821159 0.400394
vn 0.568874 0.800154 0.190096
vn 0.371991 0.925308 -0.073672
vn 0.568898 0.800140 -0.190080
vn 0.406693 0.821157 -0.400378
vn 0.406693 0.821157 -0.400378
vn 0.237826 0.940352 -0.243264
vn 0.371991 0.925308 -0.073672
vn 0.207770 0.781257 -0.588617
vn 0.070198 0.912516 -0.402973
vn 0.237826 0.940352 -0.243264
vn 0.237826 0.940352 -0.243264
vn 0.406693 0.821157 -0.400378
vn 0.207770 0.781257 -0.588617
vn -0.070193 0.912516 -0.402972
vn -0.207787 0.781245 -0.588627
vn -0.406703 0.821145 -0.400392
vn -0.406703 0.821145 -0.400392
vn -0.237845 0.940351 -0.243250
vn -0.070193 0.912516 -0.402972
vn -0.568871 0.800154 -0.190102
vn -0.371979 0.925314 -0.073657
vn -0.237845 0.940351 -0.243250
vn -0.237845 0.940351 -0.243250
vn -0.406703 0.821145 -0.400392
vn -0.568871 0.800154 -0.190102
vn -0.568794 0.800231 0.190012
vn -0.406669 0.821149 0.400417
vn -0.237832 0.940344 0.243289
vn -0.237832 0.940344 0.243289
vn -0.371708 0.925415 0.073761
vn -0.568794 0.800231 0.190012
vn 0.268031 -0.000000 0.963410
vn 0.268030 -0.000000 0.963411
vn 0.707073 -0.000000 0.707140
vn 0.707073 -0.000000 0.707140
vn 0.707074 -0.000000 0.707140
vn 0.268031 -0.000000 0.963410
vn -0.268065 -0.000000 0.963401
vn -0.268064 -0.000000 0.963401
vn -0.707057 -0.000000 0.707157
vn -0.707057 -0.000000 0.707157
vn -0.707057 -0.000000 0.707156
vn -0.268065 -0.000000 0.963401
vn 0.963398 -0.000000 0.268076
vn 0.963398 -0.000000 0.268076
vn 0.707074 -0.000000 0.707140
vn 0.707074 -0.000000 0.707140
vn 0.707073 -0.000000 0.707140
vn 0.963398 -0.000000 0.268076
vn 0.963405 0.000000 -0.268051
vn 0.963405 0.000000 -0.268050
vn 0.707124 0.000000 -0.707090
vn 0.707124 0.000000 -0.707090
vn 0.707123 0.000000 -0.707091
vn 0.963405 0.000000 -0.268051
vn 0.268073 0.000000 -0.963399
vn 0.268072 0.000000 -0.963399
vn 0.707123 0.000000 -0.707091
vn 0.707123 0.000000 -0.707091
vn 0.707124 0.000000 -0.707090
vn 0.268073 0.000000 -0.963399
vn -0.268107 0.000000 -0.963389
vn -0.268106 0.000000 -0.963389
vn -0.707107 0.000000 -0.707107
vn -0.707107 0.000000 -0.707107
vn -0.707107 0.000000 -0.707107
vn -0.268107 0.000000 -0.963389
vn -0.963389 0.000000 -0.268107
vn -0.963389 0.000000 -0.268107
vn -0.707107 0.000000 -0.707107
vn -0.707107 0.000000 -0.707107
vn -0.707107 0.000000 -0.707107
vn -0.963389 0.000000 -0.268107
vn -0.963382 -0.000000 0.268132
vn -0.963382 -0.000000 0.268132
vn -0.707057 -0.000000 0.707156
vn -0.707057 -0.000000 0.707156
vn -0.707057 -0.000000 0.707157
vn -0.963382 -0.000000 0.268132
vn -0.070193 0.912516 -0.402972
vn -0.237845 0.940351 -0.243250
vn -0.371979 0.925314 -0.073657
vn 0.070164 0.912527 0.402953
vn 0.237813 0.940347 0.243293
vn 0.371991 0.925308 0.073675
vn 0.237826 0.940352 -0.243264
vn 0.070198 0.912516 -0.402973
vn 0.371991 0.925308 -0.073672
vn -0.070193 0.912516 -0.402972
vn -0.371979 0.925314 -0.073657
vn 0.371991 0.925308 -0.073672
vn 0.371991 0.925308 -0.073672
vn 0.070198 0.912516 -0.402973
vn -0.070193 0.912516 -0.402972
vn 0.371991 0.925308 -0.073672
vn -0.371979 0.925314 -0.073657
vn -0.371708 0.925415 0.073761
vn -0.371708 0.925415 0.073761
vn 0.371991 0.925308 0.073675
vn 0.371991 0.925308 -0.073672
vn 0.070164 0.912527 0.402953
vn 0.371991 0.925308 0.073675
vn -0.371708 0.925415 0.073761
vn -0.371708 0.925415 0.073761
vn -0.070167 0.912527 0.402954
vn 0.070164 0.912527 0.402953
vn 0.000000 -1.000000 -0.000000
vn 0.000000 -1.000000 -0.000000
vn 0.000000 -1.000000 -0.000000
vn 0.000000 -1.000000 -0.000000
vn 0.000000 -1.000000 -0.000000
vn 0.000000 -1.000000 -0.000000
vn 0.000000 -1.000000 -0.000000
vn 0.000000 -1.000000 -0.000000
vn 0.000000 -1.000000 -0.000000
vn 0.000000 -1.000000 -0.000000
vn 0.000000 -1.000000 -0.000000
vn 0.000000 -1.000000 -0.000000
vn 0.000000 -1.000000 -0.000000
vn 0.000000 -1.000000 -0.000000
vn 0.000000 -1.000000 -0.000000
vn 0.000000 -1.000000 -0.000000
vn 0.000000 -1.000000 -0.000000
vn 0.000000 -1.000000 -0.000000
vn 0.000000 -1.000000 -0.000000
vn 0.000000 -1.000000 -0.000000
vn 0.000000 -1.000000 -0.000000
vn 0.000000 -1.000000 -0.000000
vn 0.000000 -1.000000 -0.000000
vn 0.000000 -1.000000 -0.000000
vn -0.258345 0.926872 0.272335
vn -0.039390 0.914398 0.402895
vn -0.370717 0.927847 0.040856
vn 0.000000 -1.000000 -0.000000
vn 0.000000 -1.000000 -0.000000
vn 0.000000 -1.000000 -0.000000
vn -0.138087 0.754784 0.641275
vn 0.138087 0.754789 0.641269
vn 0.039389 0.914399 0.402894
vn 0.039389 0.914399 0.402894
vn -0.039390 0.914398 0.402895
vn -0.138087 0.754784 0.641275
vn 0.609590 0.782866 0.124584
vn 0.609596 0.782861 -0.124583
vn 0.370703 0.927852 -0.040857
vn 0.370703 0.927852 -0.040857
vn 0.370703 0.927853 0.040856
vn 0.609590 0.782866 0.124584
vn 0.138094 0.754768 -0.641292
vn -0.138094 0.754768 -0.641292
vn -0.039390 0.914390 -0.402913
vn -0.039390 0.914390 -0.402913
vn 0.039390 0.914390 -0.402913
vn 0.138094 0.754768 -0.641292
vn -0.609596 0.782861 -0.124585
vn -0.609609 0.782850 0.124589
vn -0.370717 0.927847 0.040856
vn -0.370717 0.927847 0.040856
vn -0.370701 0.927853 -0.040860
vn -0.609596 0.782861 -0.124585
vn -0.160183 -0.000000 0.987087
vn -0.160182 -0.000000 0.987088
vn 0.160183 -0.000000 0.987087
vn 0.160183 -0.000000 0.987087
vn 0.160182 -0.000000 0.987088
vn -0.160183 -0.000000 0.987087
vn 0.987087 -0.000000 0.160182
vn 0.987087 0.000000 -0.160183
vn 0.987087 0.000000 -0.160182
vn 0.987087 0.000000 -0.160182
vn 0.987087 -0.000000 0.160183
vn 0.987087 -0.000000 0.160182
vn 0.160182 0.000000 -0.987087
vn -0.160183 0.000000 -0.987087
vn -0.160182 0.000000 -0.987087
vn -0.160182 0.000000 -0.987087
vn 0.160183 0.000000 -0.987087
vn 0.160182 0.000000 -0.987087
vn -0.987087 0.000000 -0.160182
vn -0.987087 -0.000000 0.160183
vn -0.987087 -0.000000 0.160182
vn -0.987087 -0.000000 0.160182
vn -0.987087 0.000000 -0.160183
vn -0.987087 0.000000 -0.160182
vn -0.408625 0.821225 0.398266
vn -0.138087 0.754784 0.641275
vn -0.039390 0.914398 0.402895
vn -0.039390 0.914398 0.402895
vn -0.258345 0.926872 0.272335
vn -0.408625 0.821225 0.398266
vn 0.258336 0.926875 0.272332
vn 0.039389 0.914399 0.402894
vn 0.138087 0.754789 0.641269
vn 0.138087 0.754789 0.641269
vn 0.408617 0.821234 0.398254
vn 0.258336 0.926875 0.272332
vn 0.609596 0.782861 -0.124583
vn 0.408630 0.821224 -0.398261
vn 0.258339 0.926871 -0.272343
vn 0.258339 0.926871 -0.272343
vn 0.370703 0.927852 -0.040857
vn 0.609596 0.782861 -0.124583
vn -0.258339 0.926871 -0.272343
vn -0.039390 0.914390 -0.402913
vn -0.138094 0.754768 -0.641292
vn -0.138094 0.754768 -0.641292
vn -0.408630 0.821224 -0.398261
vn -0.258339 0.926871 -0.272343
vn 0.707106 -0.000000 0.707108
vn 0.160182 -0.000000 0.987088
vn 0.160183 -0.000000 0.987087
vn 0.160183 -0.000000 0.987087
vn 0.707108 -0.000000 0.707106
vn 0.707106 -0.000000 0.707108
vn -0.707106 -0.000000 0.707108
vn -0.160182 -0.000000 0.987088
vn -0.160183 -0.000000 0.987087
vn -0.160183 -0.000000 0.987087
vn -0.707108 -0.000000 0.707106
vn -0.707106 -0.000000 0.707108
vn 0.707108 0.000000 -0.707106
vn 0.987087 0.000000 -0.160182
vn 0.987087 0.000000 -0.160183
vn 0.987087 0.000000 -0.160183
vn 0.707106 0.000000 -0.707108
vn 0.707108 0.000000 -0.707106
vn -0.707106 0.000000 -0.707108
vn -0.160182 0.000000 -0.987087
vn -0.160183 0.000000 -0.987087
vn -0.160183 0.000000 -0.987087
vn -0.707108 0.000000 -0.707106
vn -0.707106 0.000000 -0.707108
vn -0.609609 0.782850 0.124589
vn -0.408625 0.821225 0.398266
vn -0.258345 0.926872 0.272335
vn -0.258345 0.926872 0.272335
vn -0.370717 0.927847 0.040856
vn -0.609609 0.782850 0.124589
vn 0.370703 0.927853 0.040856
vn 0.258336 0.926875 0.272332
vn 0.408617 0.821234 0.398254
vn 0.408617 0.821234 0.398254
vn 0.609590 0.782866 0.124584
vn 0.370703 0.927853 0.040856
vn 0.039390 0.914390 -0.402913
vn 0.258339 0.926871 -0.272343
vn 0.408630 0.821224 -0.398261
vn 0.408630 0.821224 -0.398261
vn 0.138094 0.754768 -0.641292
vn 0.039390 0.914390 -0.402913
vn -0.370701 0.927853 -0.040860
vn -0.258339 0.926871 -0.272343
vn -0.408630 0.821224 -0.398261
vn -0.408630 0.821224 -0.398261
vn -0.609596 0.782861 -0.124585
vn -0.370701 0.927853 -0.040860
vn 0.987087 -0.000000 0.160183
vn 0.707106 -0.000000 0.707108
vn 0.707108 -0.000000 0.707106
vn 0.707108 -0.000000 0.707106
vn 0.987087 -0.000000 0.160182
vn 0.987087 -0.000000 0.160183
vn -0.987087 -0.000000 0.160183
vn -0.707106 -0.000000 0.707108
vn -0.707108 -0.000000 0.707106
vn -0.707108 -0.000000 0.707106
vn -0.987087 -0.000000 0.160182
vn -0.987087 -0.000000 0.160183
vn 0.160183 0.000000 -0.987087
vn 0.707108 0.000000 -0.707106
vn 0.707106 0.000000 -0.707108
vn 0.707106 0.000000 -0.707108
vn 0.160182 0.000000 -0.987087
vn 0.160183 0.000000 -0.987087
vn -0.987087 0.000000 -0.160183
vn -0.707106 0.000000 -0.707108
vn -0.707108 0.000000 -0.707106
vn -0.707108 0.000000 -0.707106
vn -0.987087 0.000000 -0.160182
vn -0.987087 0.000000 -0.160183
vn 0.039389 0.914399 0.402894
vn 0.258336 0.926875 0.272332
vn 0.370703 0.927853 0.040856
vn -0.039390 0.914398 0.402895
vn 0.039389 0.914399 0.402894
vn 0.370703 0.927853 0.040856
vn 0.370703 0.927853 0.040856
vn -0.370717 0.927847 0.040856
vn -0.039390 0.914398 0.402895
vn 0.258339 0.926871 -0.272343
vn 0.039390 0.914390 -0.402913
vn 0.370703 0.927852 -0.040857
vn 0.039390 0.914390 -0.402913
vn -0.039390 0.914390 -0.402913
vn -0.370701 0.927853 -0.040860
vn -0.370701 0.927853 -0.040860
vn 0.370703 0.927852 -0.040857
vn 0.039390 0.914390 -0.402913
vn -0.039390 0.914390 -0.402913
vn -0.258339 0.926871 -0.272343
vn -0.370701 0.927853 -0.040860
vn -0.370701 0.927853 -0.040860
vn -0.370717 0.927847 0.040856
vn 0.370703 0.927853 0.040856
vn 0.370703 0.927853 0.040856
vn 0.370703 0.927852 -0.040857
vn -0.370701 0.927853 -0.040860
vn 0.000000 -1.000000 -0.000000
vn 0.000000 -1.000000 -0.000000
vn 0.000000 -1.000000 -0.000000
vn 0.000000 -1.000000 -0.000000
vn 0.000000 -1.000000 -0.000000
vn 0.000000 -1.000000 -0.000000
vn 0.000000 -1.000000 -0.000000
vn 0.000000 -1.000000 -0.000000
vn 0.000000 -1.000000 -0.000000
vn 0.000000 -1.000000 -0.000000
vn 0.000000 -1.000000 -0.000000
vn 0.000000 -1.000000 -0.000000
vn 0.000000 -1.000000 -0.000000
vn 0.000000 -1.000000 -0.000000
vn 0.000000 -1.000000 -0.000000
vn 0.000000 -1.000000 -0.000000
vn 0.000000 -1.000000 -0.000000
vn 0.000000 -1.000000 -0.000000
vn 0.000000 -1.000000 -0.000000
vn 0.000000 -1.000000 -0.000000
vn 0.000000 -1.000000 -0.000000
vn 0.000000 -1.000000 -0.000000
vn 0.000000 -1.000000 -0.000000
vn 0.000000 -1.000000 -0.000000
vn 0.000000 -1.000000 -0.000000
vn 0.000000 -1.000000 -0.000000
vn 0.000000 -1.000000 -0.000000
vn 0.237832 0.940344 0.243289
vn 0.371708 0.925415 0.073761
vn 0.070167 0.912527 0.402954
vn 0.000000 -1.000000 -0.000000
vn 0.000000 -1.000000 -0.000000
vn 0.000000 -1.000000 -0.000000
vn 0.000000 -1.000000 -0.000000
vn 0.000000 -1.000000 -0.000000
vn 0.000000 -1.000000 -0.000000
vn 0.070167 0.912527 0.402954
vn -0.070164 0.912527 0.402953
vn -0.207731 0.781250 0.588639
vn -0.207731 0.781250 0.588639
vn 0.207751 0.781257 0.588624
vn 0.070167 0.912527 0.402954
vn -0.371991 0.925308 0.073675
vn -0.371991 0.925308 -0.073672
vn -0.568898 0.800140 -0.190080
vn -0.568898 0.800140 -0.190080
vn -0.568874 0.800154 0.190096
vn -0.371991 0.925308 0.073675
vn -0.070198 0.912516 -0.402973
vn 0.070194 0.912516 -0.402972
vn 0.207787 0.781245 -0.588627
vn 0.207787 0.781245 -0.588627
vn -0.207770 0.781257 -0.588617
vn -0.070198 0.912516 -0.402973
vn 0.371979 0.925314 -0.073657
vn 0.371708 0.925415 0.073761
vn 0.568794 0.800231 0.190012
vn 0.568794 0.800231 0.190012
vn 0.568871 0.800154 -0.190102
vn 0.371979 0.925314 -0.073657
vn -0.268031 -0.000000 0.963410
vn -0.268030 -0.000000 0.963411
vn 0.268065 -0.000000 0.963401
vn 0.268065 -0.000000 0.963401
vn 0.268064 -0.000000 0.963401
vn -0.268031 -0.000000 0.963410
vn -0.963398 -0.000000 0.268076
vn -0.963405 0.000000 -0.268051
vn -0.963405 0.000000 -0.268050
vn -0.963405 0.000000 -0.268050
vn -0.963398 -0.000000 0.268076
vn -0.963398 -0.000000 0.268076
vn -0.268072 0.000000 -0.963399
vn 0.268107 0.000000 -0.963389
vn 0.268106 0.000000 -0.963389
vn 0.268106 0.000000 -0.963389
vn -0.268073 0.000000 -0.963399
vn -0.268072 0.000000 -0.963399
vn 0.963389 0.000000 -0.268107
vn 0.963382 -0.000000 0.268132
vn 0.963382 -0.000000 0.268132
vn 0.963382 -0.000000 0.268132
vn 0.963389 0.000000 -0.268107
vn 0.963389 0.000000 -0.268107
vn 0.207751 0.781257 0.588624
vn 0.406669 0.821149 0.400417
vn 0.237832 0.940344 0.243289
vn 0.237832 0.940344 0.243289
vn 0.070167 0.912527 0.402954
vn 0.207751 0.781257 0.588624
vn -0.070164 0.912527 0.402953
vn -0.237813 0.940347 0.243293
vn -0.406673 0.821159 0.400394
vn -0.406673 0.821159 0.400394
vn -0.207731 0.781250 0.588639
vn -0.070164 0.912527 0.402953
vn -0.568874 0.800154 0.190096
vn -0.406673 0.821159 0.400394
vn -0.237813 0.940347 0.243293
vn -0.237813 0.940347 0.243293
vn -0.371991 0.925308 0.073675
vn -0.568874 0.800154 0.190096
vn -0.371991 0.925308 -0.073672
vn -0.237826 0.940352 -0.243264
vn -0.406693 0.821157 -0.400378
vn -0.406693 0.821157 -0.400378
vn -0.568898 0.800140 -0.190080
vn -0.371991 0.925308 -0.073672
vn -0.207770 0.781257 -0.588617
vn -0.406693 0.821157 -0.400378
vn -0.237826 0.940352 -0.243264
vn -0.237826 0.940352 -0.243264
vn -0.070198 0.912516 -0.402973
vn -0.207770 0.781257 -0.588617
vn 0.070194 0.912516 -0.402972
vn 0.237845 0.940351 -0.243250
vn 0.406703 0.821145 -0.400392
vn 0.406703 0.821145 -0.400392
vn 0.207787 0.781245 -0.588627
vn 0.070194 0.912516 -0.402972
vn 0.568871 0.800154 -0.190102
vn 0.406703 0.821145 -0.400392
vn 0.237845 0.940351 -0.243250
vn 0.237845 0.940351 -0.243250
vn 0.371979 0.925314 -0.073657
vn 0.568871 0.800154 -0.190102
vn 0.568794 0.800231 0.190012
vn 0.371708 0.925415 0.073761
vn 0.237832 0.940344 0.243289
vn 0.237832 0.940344 0.243289
vn 0.406669 0.821149 0.400417
vn 0.568794 0.800231 0.190012
vn -0.268031 -0.000000 0.963410
vn -0.707074 -0.000000 0.707140
vn -0.707073 -0.000000 0.707140
vn -0.707073 -0.000000 0.707140
vn -0.268030 -0.000000 0.963411
vn -0.268031 -0.000000 0.963410
vn 0.268065 -0.000000 0.963401
vn 0.707058 -0.000000 0.707156
vn 0.707057 -0.000000 0.707157
vn 0.707057 -0.000000 0.707157
vn 0.268064 -0.000000 0.963401
vn 0.268065 -0.000000 0.963401
vn -0.963398 -0.000000 0.268076
vn -0.707073 -0.000000 0.707140
vn -0.707074 -0.000000 0.707140
vn -0.707074 -0.000000 0.707140
vn -0.963398 -0.000000 0.268076
vn -0.963398 -0.000000 0.268076
vn -0.963405 0.000000 -0.268051
vn -0.707123 0.000000 -0.707091
vn -0.707124 0.000000 -0.707090
vn -0.707124 0.000000 -0.707090
vn -0.963405 0.000000 -0.268050
vn -0.963405 0.000000 -0.268051
vn -0.268073 0.000000 -0.963399
vn -0.707124 0.000000 -0.707090
vn -0.707123 0.000000 -0.707091
vn -0.707123 0.000000 -0.707091
vn -0.268072 0.000000 -0.963399
vn -0.268073 0.000000 -0.963399
vn 0.268107 0.000000 -0.963389
vn 0.707107 0.000000 -0.707106
vn 0.707107 0.000000 -0.707107
vn 0.707107 0.000000 -0.707107
vn 0.268106 0.000000 -0.963389
vn 0.268107 0.000000 -0.963389
vn 0.963389 0.000000 -0.268107
vn 0.707107 0.000000 -0.707107
vn 0.707107 0.000000 -0.707106
vn 0.707107 0.000000 -0.707106
vn 0.963389 0.000000 -0.268107
vn 0.963389 0.000000 -0.268107
vn 0.963382 -0.000000 0.268132
vn 0.707057 -0.000000 0.707157
vn 0.707058 -0.000000 0.707156
vn 0.707058 -0.000000 0.707156
vn 0.963382 -0.000000 0.268132
vn 0.963382 -0.000000 0.268132
vn 0.070194 0.912516 -0.402972
vn 0.371979 0.925314 -0.073657
vn 0.237845 0.940351 -0.243250
vn -0.070164 0.912527 0.402953
vn -0.371991 0.925308 0.073675
vn -0.237813 0.940347 0.243293
vn -0.237826 0.940352 -0.243264
vn -0.371991 0.925308 -0.073672
vn -0.070198 0.912516 -0.402973
vn 0.070194 0.912516 -0.402972
vn -0.070198 0.912516 -0.402973
vn -0.371991 0.925308 -0.073672
vn -0.371991 0.925308 -0.073672
vn 0.371979 0.925314 -0.073657
vn 0.070194 0.912516 -0.402972
vn -0.371991 0.925308 -0.073672
vn -0.371991 0.925308 0.073675
vn 0.371708 0.925415 0.073761
vn 0.371708 0.925415 0.073761
vn 0.371979 0.925314 -0.073657
vn -0.371991 0.925308 -0.073672
vn -0.070164 0.912527 0.402953
vn 0.070167 0.912527 0.402954
vn 0.371708 0.925415 0.073761
vn 0.371708 0.925415 0.073761
vn -0.371991 0.925308 0.073675
vn -0.070164 0.912527 0.402953
vn 0.000000 -1.000000 -0.000000
vn 0.000000 -1.000000 -0.000000
vn 0.000000 -1.000000 -0.000000
vn 0.000000 -1.000000 -0.000000
vn 0.000000 -1.000000 -0.000000
vn 0.000000 -1.000000 -0.000000
vn 0.000000 -1.000000 -0.000000
vn 0.000000 -1.000000 -0.000000
vn 0.000000 -1.000000 -0.000000
vn 0.000000 -1.000000 -0.000000
vn 0.000000 -1.000000 -0.000000
vn 0.000000 -1.000000 -0.000000
vn 0.000000 -1.000000 -0.000000
vn 0.000000 -1.000000 -0.000000
vn 0.000000 -1.000000 -0.000000
vn 0.000000 -1.000000 -0.000000
vn 0.000000 -1.000000 -0.000000
vn 0.000000 -1.000000 -0.000000
vn 0.000000 -1.000000 -0.000000
vn 0.000000 -1.000000 -0.000000
vn 0.000000 -1.000000 -0.000000
vn 0.000000 -1.000000 -0.000000
vn 0.000000 -1.000000 -0.000000
vn 0.000000 -1.000000 -0.000000
vn 0.258345 0.926872 0.272335
vn 0.370717 0.927847 0.040856
vn 0.039390 0.914398 0.402895
vn 0.000000 -1.000000 -0.000000
vn 0.000000 -1.000000 -0.000000
vn 0.000000 -1.000000 -0.000000
vn 0.138087 0.754784 0.641275
vn 0.039390 0.914398 0.402895
vn -0.039389 0.914399 0.402894
vn -0.039389 0.914399 0.402894
vn -0.138087 0.754789 0.641269
vn 0.138087 0.754784 0.641275
vn -0.609590 0.782866 0.124584
vn -0.370703 0.927853 0.040856
vn -0.370703 0.927852 -0.040857
vn -0.370703 0.927852 -0.040857
vn -0.609596 0.782861 -0.124583
vn -0.609590 0.782866 0.124584
vn -0.138094 0.754768 -0.641292
vn -0.039390 0.914390 -0.402913
vn 0.039390 0.914390 -0.402913
vn 0.039390 0.914390 -0.402913
vn 0.138094 0.754768 -0.641292
vn -0.138094 0.754768 -0.641292
vn 0.609596 0.782861 -0.124585
vn 0.370701 0.927853 -0.040860
vn 0.370717 0.927847 0.040856
vn 0.370717 0.927847 0.040856
vn 0.609609 0.782850 0.124589
vn 0.609596 0.782861 -0.124585
vn 0.160183 -0.000000 0.987087
vn -0.160182 -0.000000 0.987088
vn -0.160183 -0.000000 0.987087
vn -0.160183 -0.000000 0.987087
vn 0.160182 -0.000000 0.987088
vn 0.160183 -0.000000 0.987087
vn -0.987087 -0.000000 0.160182
vn -0.987087 -0.000000 0.160183
vn -0.987087 0.000000 -0.160182
vn -0.987087 0.000000 -0.160182
vn -0.987087 0.000000 -0.160183
vn -0.987087 -0.000000 0.160182
vn -0.160182 0.000000 -0.987087
vn -0.160183 0.000000 -0.987087
vn 0.160182 0.000000 -0.987087
vn 0.160182 0.000000 -0.987087
vn 0.160183 0.000000 -0.987087
vn -0.160182 0.000000 -0.987087
vn 0.987087 0.000000 -0.160182
vn 0.987087 0.000000 -0.160183
vn 0.987087 -0.000000 0.160182
vn 0.987087 -0.000000 0.160182
vn 0.987087 -0.000000 0.160183
vn 0.987087 0.000000 -0.160182
vn 0.408625 0.821225 0.398266
vn 0.258345 0.926872 0.272335
vn 0.039390 0.914398 0.402895
vn 0.039390 0.914398 0.402895
vn 0.138087 0.754784 0.641275
vn 0.408625 0.821225 0.398266
vn -0.258336 0.926875 0.272332
vn -0.408617 0.821234 0.398254
vn -0.138087 0.754789 0.641269
vn -0.138087 0.754789 0.641269
vn -0.039389 0.914399 0.402894
vn -0.258336 0.926875 0.272332
vn -0.609596 0.782861 -0.124583
vn -0.370703 0.927852 -0.040857
vn -0.258339 0.926871 -0.272343
vn -0.258339 0.926871 -0.272343
vn -0.408630 0.821224 -0.398261
vn -0.609596 0.782861 -0.124583
vn 0.258339 0.926871 -0.272343
vn 0.408630 0.821224 -0.398261
vn 0.138094 0.754768 -0.641292
vn 0.138094 0.754768 -0.641292
vn 0.039390 0.914390 -0.402913
vn 0.258339 0.926871 -0.272343
vn -0.707106 -0.000000 0.707108
vn -0.707108 -0.000000 0.707106
vn -0.160183 -0.000000 0.987087
vn -0.160183 -0.000000 0.987087
vn -0.160182 -0.000000 0.987088
vn -0.707106 -0.000000 0.707108
vn 0.707106 -0.000000 0.707108
vn 0.707108 -0.000000 0.707106
vn 0.160183 -0.000000 0.987087
vn 0.160183 -0.000000 0.987087
vn 0.160182 -0.000000 0.987088
vn 0.707106 -0.000000 0.707108
vn -0.707108 0.000000 -0.707106
vn -0.707106 0.000000 -0.707108
vn -0.987087 0.000000 -0.160183
vn -0.987087 0.000000 -0.160183
vn -0.987087 0.000000 -0.160182
vn -0.707108 0.000000 -0.707106
vn 0.707106 0.000000 -0.707108
vn 0.707108 0.000000 -0.707106
vn 0.160183 0.000000 -0.987087
vn 0.160183 0.000000 -0.987087
vn 0.160182 0.000000 -0.987087
vn 0.707106 0.000000 -0.707108
vn 0.609609 0.782850 0.124589
vn 0.370717 0.927847 0.040856
vn 0.258345 0.926872 0.272335
vn 0.258345 0.926872 0.272335
vn 0.408625 0.821225 0.398266
vn 0.609609 0.782850 0.124589
vn -0.370703 0.927853 0.040856
vn -0.609590 0.782866 0.124584
vn -0.408617 0.821234 0.398254
vn -0.408617 0.821234 0.398254
vn -0.258336 0.926875 0.272332
vn -0.370703 0.927853 0.040856
vn -0.039390 0.914390 -0.402913
vn -0.138094 0.754768 -0.641292
vn -0.408630 0.821224 -0.398261
vn -0.408630 0.821224 -0.398261
vn -0.258339 0.926871 -0.272343
vn -0.039390 0.914390 -0.402913
vn 0.370701 0.927853 -0.040860
vn 0.609596 0.782861 -0.124585
vn 0.408630 0.821224 -0.398261
vn 0.408630 0.821224 -0.398261
vn 0.258339 0.926871 -0.272343
vn 0.370701 0.927853 -0.040860
vn -0.987087 -0.000000 0.160183
vn -0.987087 -0.000000 0.160182
vn -0.707108 -0.000000 0.707106
vn -0.707108 -0.000000 0.707106
vn -0.707106 -0.000000 0.707108
vn -0.987087 -0.000000 0.160183
vn 0.987087 -0.000000 0.160183
vn 0.987087 -0.000000 0.160182
vn 0.707108 -0.000000 0.707106
vn 0.707108 -0.000000 0.707106
vn 0.707106 -0.000000 0.707108
vn 0.987087 -0.000000 0.160183
vn -0.160183 0.000000 -0.987087
vn -0.160182 0.000000 -0.987087
vn -0.707106 0.000000 -0.707108
vn -0.707106 0.000000 -0.707108
vn -0.707108 0.000000 -0.707106
vn -0.160183 0.000000 -0.987087
vn 0.987087 0.000000 -0.160183
vn 0.987087 0.000000 -0.160182
vn 0.707108 0.000000 -0.707106
vn 0.707108 0.000000 -0.707106
vn 0.707106 0.000000 -0.707108
vn 0.987087 0.000000 -0.160183
vn -0.039389 0.914399 0.402894
vn -0.370703 0.927853 0.040856
vn -0.258336 0.926875 0.272332
vn 0.039390 0.914398 0.402895
vn 0.370717 0.927847 0.040856
vn -0.370703 0.927853 0.040856
vn -0.370703 0.927853 0.040856
vn -0.039389 0.914399 0.402894
vn 0.039390 0.914398 0.402895
vn -0.258339 0.926871 -0.272343
vn -0.370703 0.927852 -0.040857
vn -0.039390 0.914390 -0.402913
vn -0.039390 0.914390 -0.402913
vn -0.370703 0.927852 -0.040857
vn 0.370701 0.927853 -0.040860
vn 0.370701 0.927853 -0.040860
vn 0.039390 0.914390 -0.402913
vn -0.039390 0.914390 -0.402913
vn 0.039390 0.914390 -0.402913
vn 0.370701 0.927853 -0.040860
vn 0.258339 0.926871 -0.272343
vn 0.370701 0.927853 -0.040860
vn -0.370703 0.927852 -0.040857
vn -0.370703 0.927853 0.040856
vn -0.370703 0.927853 0.040856
vn 0.370717 0.927847 0.040856
vn 0.370701 0.927853 -0.040860
vn 0.000000 -1.000000 -0.000000
vn 0.000000 -1.000000 -0.000000
vn 0.000000 -1.000000 -0.000000
vn 0.000000 -1.000000 -0.000000
vn 0.000000 -1.000000 -0.000000
vn 0.000000 -1.000000 -0.000000
vn 0.000000 -1.000000 -0.000000
vn 0.000000 -1.000000 -0.000000
vn 0.000000 -1.000000 -0.000000
vn 0.000000 -1.000000 -0.000000
vn 0.000000 -1.000000 -0.000000
vn 0.000000 -1.000000 -0.000000
vn 0.000000 -1.000000 -0.000000
vn 0.000000 -1.000000 -0.000000
vn 0.000000 -1.000000 -0.000000
vn 0.000000 -1.000000 -0.000000
vn 0.000000 -1.000000 -0.000000
vn 0.000000 -1.000000 -0.000000
vn 0.000000 -1.000000 -0.000000
vn 0.000000 -1.000000 -0.000000
vn 0.000000 -1.000000 -0.000000
vn 0.000000 -1.000000 -0.000000
vn 0.000000 -1.000000 -0.000000
vn 0.000000 -1.000000 -0.000000
vn 0.000000 -1.000000 -0.000000
vn 0.000000 -1.000000 -0.000000
vn 0.000000 -1.000000 -0.000000
vn 0.000000 1.000000 0.000000
vn 0.000000 1.000000 0.000000
vn 0.000000 1.000000 0.000000
vn 0.000000 1.000000 0.000000
vn 0.000000 1.000000 0.000000
vn 0.000000 1.000000 0.000000
vn 0.000000 -1.000000 -0.000000
vn 0.000000 -1.000000 -0.000000
vn 0.000000 -1.000000 -0.000000
vn 0.000000 -1.000000 -0.000000
vn 0.000000 -1.000000 -0.000000
vn 0.000000 -1.000000 -0.000000
vn 0.277806 0.277815 -0.919588
vn 0.277805 -0.277815 -0.919589
vn -0.277815 -0.277813 -0.919586
vn -0.277815 -0.277813 -0.919586
vn -0.277815 0.277815 -0.919586
vn 0.277806 0.277815 -0.919588
vn -0.923880 0.382682 0.000000
vn -0.923881 -0.382681 -0.000000
vn -0.923881 -0.382681 -0.000000
vn -0.923881 -0.382681 -0.000000
vn -0.923880 0.382682 0.000000
vn -0.923880 0.382682 0.000000
vn -0.139920 0.139920 0.980227
vn -0.139920 -0.139919 0.980227
vn 0.139914 -0.139919 0.980228
vn 0.139914 -0.139919 0.980228
vn 0.139914 0.139920 0.980228
vn -0.139920 0.139920 0.980227
vn 0.923876 0.382693 0.000000
vn 0.923876 -0.382692 -0.000000
vn 0.923876 -0.382692 -0.000000
vn 0.923876 -0.382692 -0.000000
vn 0.923876 0.382693 0.000000
vn 0.923876 0.382693 0.000000
vn 0.194189 0.563149 -0.803214
vn 0.563134 0.194193 -0.803224
vn 0.277806 0.277815 -0.919588
vn -0.277815 0.277815 -0.919586
vn -0.563152 0.194195 -0.803211
vn -0.194195 0.563149 -0.803213
vn -0.281812 0.094644 0.954790
vn -0.139920 0.139920 0.980227
vn -0.094644 0.281810 0.954791
vn 0.094641 0.281810 0.954791
vn 0.139914 0.139920 0.980228
vn 0.281800 0.094642 0.954794
vn 0.563134 -0.194193 -0.803224
vn 0.194190 -0.563148 -0.803215
vn 0.277805 -0.277815 -0.919589
vn 0.139914 -0.139919 0.980228
vn 0.094641 -0.281809 0.954791
vn 0.281800 -0.094642 0.954794
vn -0.281812 -0.094644 0.954790
vn -0.094644 -0.281809 0.954791
vn -0.139920 -0.139919 0.980227
vn -0.277815 -0.277813 -0.919586
vn -0.194194 -0.563147 -0.803215
vn -0.563152 -0.194194 -0.803212
vn -0.094644 0.281810 0.954791
vn -0.139920 0.139920 0.980227
vn 0.139914 0.139920 0.980228
vn 0.139914 0.139920 0.980228
vn 0.094641 0.281810 0.954791
vn -0.094644 0.281810 0.954791
vn 0.707093 0.707121 0.000000
vn 0.923876 0.382693 0.000000
vn 0.923876 0.382693 0.000000
vn 0.923876 0.382693 0.000000
vn 0.707093 0.707121 0.000000
vn 0.707093 0.707121 0.000000
vn 0.194189 0.563149 -0.803214
vn 0.277806 0.277815 -0.919588
vn -0.277815 0.277815 -0.919586
vn -0.277815 0.277815 -0.919586
vn -0.194195 0.563149 -0.803213
vn 0.194189 0.563149 -0.803214
vn -0.707110 0.707104 0.000000
vn -0.923880 0.382682 0.000000
vn -0.923880 0.382682 0.000000
vn -0.923880 0.382682 0.000000
vn -0.707110 0.707104 0.000000
vn -0.707110 0.707104 0.000000
vn -0.707111 -0.707103 -0.000000
vn -0.923881 -0.382681 -0.000000
vn -0.923881 -0.382681 -0.000000
vn -0.923881 -0.382681 -0.000000
vn -0.707111 -0.707103 -0.000000
vn -0.707111 -0.707103 -0.000000
vn -0.194194 -0.563147 -0.803215
vn -0.277815 -0.277813 -0.919586
vn 0.277805 -0.277815 -0.919589
vn 0.277805 -0.277815 -0.919589
vn 0.194190 -0.563148 -0.803215
vn -0.194194 -0.563147 -0.803215
vn 0.707094 -0.707119 -0.000000
vn 0.923876 -0.382692 -0.000000
vn 0.923876 -0.382692 -0.000000
vn 0.923876 -0.382692 -0.000000
vn 0.707094 -0.707119 -0.000000
vn 0.707094 -0.707119 -0.000000
vn 0.094641 -0.281809 0.954791
vn 0.139914 -0.139919 0.980228
vn -0.139920 -0.139919 0.980227
vn -0.139920 -0.139919 0.980227
vn -0.094644 -0.281809 0.954791
vn 0.094641 -0.281809 0.954791
vn -0.277815 -0.277813 -0.919586
vn -0.563152 -0.194194 -0.803212
vn -0.563152 0.194195 -0.803211
vn -0.563152 0.194195 -0.803211
vn -0.277815 0.277815 -0.919586
vn -0.277815 -0.277813 -0.919586
vn 0.277806 0.277815 -0.919588
vn 0.563134 0.194193 -0.803224
vn 0.563134 -0.194193 -0.803224
vn 0.563134 -0.194193 -0.803224
vn 0.277805 -0.277815 -0.919589
vn 0.277806 0.277815 -0.919588
vn -0.281812 -0.094644 0.954790
vn -0.139920 -0.139919 0.980227
vn -0.139920 0.139920 0.980227
vn -0.139920 0.139920 0.980227
vn -0.281812 0.094644 0.954790
vn -0.281812 -0.094644 0.954790
vn 0.139914 -0.139919 0.980228
vn 0.281800 -0.094642 0.954794
vn 0.281800 0.094642 0.954794
vn 0.281800 0.094642 0.954794
vn 0.139914 0.139920 0.980228
vn 0.139914 -0.139919 0.980228
vn 0.360588 0.932725 0.000000
vn -0.360598 0.932721 0.000000
vn -0.360598 0.932721 0.000000
vn -0.360598 0.932721 0.000000
vn 0.360588 0.932725 0.000000
vn 0.360588 0.932725 0.000000
vn 0.360589 -0.932725 -0.000000
vn 0.360589 -0.932725 -0.000000
vn -0.360599 -0.932721 -0.000000
vn -0.360599 -0.932721 -0.000000
vn -0.360599 -0.932721 -0.000000
vn 0.360589 -0.932725 -0.000000
vn 0.322180 0.344263 -0.881864
vn 0.322180 -0.344261 -0.881864
vn -0.322188 -0.344260 -0.881861
vn -0.322188 -0.344260 -0.881861
vn -0.322189 0.344261 -0.881861
vn 0.322180 0.344263 -0.881864
vn -1.000000 0.000000 0.000000
vn -1.000000 0.000000 0.000000
vn -1.000000 0.000000 0.000000
vn -1.000000 0.000000 0.000000
vn -1.000000 0.000000 0.000000
vn -1.000000 0.000000 0.000000
vn -0.322171 0.344245 0.881874
vn -0.322172 -0.344243 0.881874
vn 0.322163 -0.344245 0.881877
vn 0.322163 -0.344245 0.881877
vn 0.322163 0.344245 0.881876
vn -0.322171 0.344245 0.881874
vn 1.000000 0.000000 0.000000
vn 1.000000 0.000000 0.000000
vn 1.000000 0.000000 0.000000
vn 1.000000 0.000000 0.000000
vn 1.000000 0.000000 0.000000
vn 1.000000 0.000000 0.000000
vn 0.228644 0.688373 -0.688378
vn 0.652717 0.241671 -0.718022
vn 0.322180 0.344263 -0.881864
vn -0.322189 0.344261 -0.881861
vn -0.652732 0.241672 -0.718008
vn -0.228649 0.688372 -0.688377
vn -0.652701 0.241658 0.718041
vn -0.322171 0.344245 0.881874
vn -0.228638 0.688341 0.688412
vn 0.228632 0.688342 0.688413
vn 0.322163 0.344245 0.881876
vn 0.652686 0.241658 0.718055
vn 0.652717 -0.241671 -0.718022
vn 0.228643 -0.688372 -0.688380
vn 0.322180 -0.344261 -0.881864
vn 0.322163 -0.344245 0.881877
vn 0.228632 -0.688341 0.688414
vn 0.652686 -0.241657 0.718055
vn -0.652701 -0.241658 0.718041
vn -0.228638 -0.688340 0.688413
vn -0.322172 -0.344243 0.881874
vn -0.322188 -0.344260 -0.881861
vn -0.228650 -0.688371 -0.688379
vn -0.652733 -0.241671 -0.718008
vn -0.228638 0.688341 0.688412
vn -0.322171 0.344245 0.881874
vn 0.322163 0.344245 0.881876
vn 0.322163 0.344245 0.881876
vn 0.228632 0.688342 0.688413
vn -0.228638 0.688341 0.688412
vn 0.360588 0.932725 0.000000
vn 0.672659 0.739953 0.000000
vn 0.672659 0.739953 0.000000
vn 0.672659 0.739953 0.000000
vn 0.360588 0.932725 0.000000
vn 0.360588 0.932725 0.000000
vn 0.228644 0.688373 -0.688378
vn 0.322180 0.344263 -0.881864
vn -0.322189 0.344261 -0.881861
vn -0.322189 0.344261 -0.881861
vn -0.228649 0.688372 -0.688377
vn 0.228644 0.688373 -0.688378
vn -0.360598 0.932721 0.000000
vn -0.672675 0.739938 0.000000
vn -0.672675 0.739938 0.000000
vn -0.672675 0.739938 0.000000
vn -0.360598 0.932721 0.000000
vn -0.360598 0.932721 0.000000
vn -0.360599 -0.932721 -0.000000
vn -0.672676 -0.739937 -0.000000
vn -0.672676 -0.739937 -0.000000
vn -0.672676 -0.739937 -0.000000
vn -0.360599 -0.932721 -0.000000
vn -0.360599 -0.932721 -0.000000
vn -0.228650 -0.688371 -0.688379
vn -0.322188 -0.344260 -0.881861
vn 0.322180 -0.344261 -0.881864
vn 0.322180 -0.344261 -0.881864
vn 0.228643 -0.688372 -0.688380
vn -0.228650 -0.688371 -0.688379
vn 0.360589 -0.932725 -0.000000
vn 0.672660 -0.739951 -0.000000
vn 0.672660 -0.739951 -0.000000
vn 0.672660 -0.739951 -0.000000
vn 0.360589 -0.932725 -0.000000
vn 0.360589 -0.932725 -0.000000
vn 0.228632 -0.688341 0.688414
vn 0.322163 -0.344245 0.881877
vn -0.322172 -0.344243 0.881874
vn -0.322172 -0.344243 0.881874
vn -0.228638 -0.688340 0.688413
vn 0.228632 -0.688341 0.688414
vn -0.322188 -0.344260 -0.881861
vn -0.652733 -0.241671 -0.718008
vn -0.652732 0.241672 -0.718008
vn -0.652732 0.241672 -0.718008
vn -0.322189 0.344261 -0.881861
vn -0.322188 -0.344260 -0.881861
vn 0.322180 0.344263 -0.881864
vn 0.652717 0.241671 -0.718022
vn 0.652717 -0.241671 -0.718022
vn 0.652717 -0.241671 -0.718022
vn 0.322180 -0.344261 -0.881864
vn 0.322180 0.344263 -0.881864
vn -0.652701 -0.241658 0.718041
vn -0.322172 -0.344243 0.881874
vn -0.322171 0.344245 0.881874
vn -0.322171 0.344245 0.881874
vn -0.652701 0.241658 0.718041
vn -0.652701 -0.241658 0.718041
vn 0.322163 -0.344245 0.881877
vn 0.652686 -0.241657 0.718055
vn 0.652686 0.241658 0.718055
vn 0.652686 0.241658 0.718055
vn 0.322163 0.344245 0.881876
vn 0.322163 -0.344245 0.881877
vn 0.000000 -0.032743 0.999464
vn 0.000000 -0.032743 0.999464
vn 0.000000 -0.020602 0.999788
vn 0.000000 -0.020602 0.999788
vn 0.000000 -0.020602 0.999788
vn 0.000000 -0.032743 0.999464
vn 0.211572 0.911816 0.351893
vn 0.484573 0.845107 0.225796
vn 0.484570 0.845110 -0.225791
vn 0.484570 0.845110 -0.225791
vn 0.211572 0.911816 -0.351893
vn 0.211572 0.911816 0.351893
vn 0.658393 0.690040 0.300605
vn 0.810439 0.471240 0.348025
vn 0.810441 0.471238 -0.348024
vn 0.810441 0.471238 -0.348024
vn 0.658394 0.690036 -0.300614
vn 0.658393 0.690040 0.300605
vn 0.894802 0.251165 0.369116
vn 0.925937 0.073590 0.370438
vn 0.925939 0.073586 -0.370436
vn 0.925939 0.073586 -0.370436
vn 0.894791 0.251164 -0.369142
vn 0.894802 0.251165 0.369116
vn 0.000000 -0.000000 1.000000
vn 0.000000 -0.020602 0.999788
vn 0.000000 -0.020602 0.999788
vn 0.000000 -0.020602 0.999788
vn 0.000000 -0.000000 1.000000
vn 0.000000 -0.000000 1.000000
vn 0.925937 0.073590 0.370438
vn 0.923880 -0.000000 0.382684
vn 0.923880 0.000000 -0.382683
vn 0.923880 0.000000 -0.382683
vn 0.925939 0.073586 -0.370436
vn 0.925937 0.073590 0.370438
vn 0.000000 -0.000000 1.000000
vn 0.000000 -0.000000 1.000000
vn 0.000000 0.075209 0.997168
vn 0.000000 0.075209 0.997168
vn 0.000000 0.033632 0.999434
vn 0.000000 0.033632 0.999434
vn 0.000000 0.033632 0.999434
vn 0.000000 0.075209 0.997168
vn 0.000000 0.075209 0.997168
vn 0.000000 -0.000000 1.000000
vn 0.000000 -0.000000 1.000000
vn 0.000000 0.075209 0.997168
vn 0.658394 0.690036 -0.300614
vn 0.484570 0.845110 -0.225791
vn 0.484573 0.845107 0.225796
vn 0.484573 0.845107 0.225796
vn 0.658393 0.690040 0.300605
vn 0.658394 0.690036 -0.300614
vn 0.894791 0.251164 -0.369142
vn 0.810441 0.471238 -0.348024
vn 0.810439 0.471240 0.348025
vn 0.810439 0.471240 0.348025
vn 0.894802 0.251165 0.369116
vn 0.894791 0.251164 -0.369142
vn 0.810439 0.471240 0.348025
vn 0.658393 0.690040 0.300605
vn 0.525574 0.660873 0.535742
vn 0.525574 0.660873 0.535742
vn 0.638112 0.416695 0.647440
vn 0.810439 0.471240 0.348025
vn 0.341586 -0.341586 0.875579
vn 0.241836 -0.686118 0.686118
vn 0.686118 -0.241836 0.686118
vn 0.706226 0.049796 0.706234
vn 0.925937 0.073590 0.370438
vn 0.894802 0.251165 0.369116
vn 0.894802 0.251165 0.369116
vn 0.692180 0.200340 0.693361
vn 0.706226 0.049796 0.706234
vn -0.010907 0.923399 0.383687
vn -0.008316 0.707073 0.707092
vn 0.025101 0.706837 0.706931
vn 0.025101 0.706837 0.706931
vn 0.031391 0.925347 0.377819
vn -0.010907 0.923399 0.383687
vn 0.484573 0.845107 0.225796
vn 0.381310 0.801768 0.460185
vn 0.525574 0.660873 0.535742
vn 0.525574 0.660873 0.535742
vn 0.658393 0.690040 0.300605
vn 0.484573 0.845107 0.225796
vn 0.686118 -0.241836 0.686118
vn 0.707107 -0.000000 0.707107
vn 0.382684 -0.000000 0.923880
vn 0.382684 -0.000000 0.923880
vn 0.341586 -0.341586 0.875579
vn 0.686118 -0.241836 0.686118
vn 0.923880 -0.000000 0.382684
vn 0.925937 0.073590 0.370438
vn 0.706226 0.049796 0.706234
vn 0.706226 0.049796 0.706234
vn 0.707107 -0.000000 0.707107
vn 0.923880 -0.000000 0.382684
vn 0.211572 0.911816 0.351893
vn 0.104753 0.696640 0.709732
vn 0.381310 0.801768 0.460185
vn 0.381310 0.801768 0.460185
vn 0.484573 0.845107 0.225796
vn 0.211572 0.911816 0.351893
vn 0.031391 0.925347 0.377819
vn 0.025101 0.706837 0.706931
vn 0.104753 0.696640 0.709732
vn 0.104753 0.696640 0.709732
vn 0.211572 0.911816 0.351893
vn 0.031391 0.925347 0.377819
vn 0.692180 0.200340 0.693361
vn 0.894802 0.251165 0.369116
vn 0.810439 0.471240 0.348025
vn 0.810439 0.471240 0.348025
vn 0.638112 0.416695 0.647440
vn 0.692180 0.200340 0.693361
vn 0.010907 0.923399 0.383687
vn -0.010907 0.923399 0.383687
vn -0.010907 0.923399 -0.383687
vn -0.010907 0.923399 -0.383687
vn 0.010907 0.923399 -0.383687
vn 0.010907 0.923399 0.383687
vn 0.010907 0.923399 0.383687
vn 0.008316 0.707073 0.707092
vn -0.008316 0.707073 0.707092
vn -0.008316 0.707073 0.707092
vn -0.010907 0.923399 0.383687
vn 0.010907 0.923399 0.383687
vn 0.707107 -0.000000 0.707107
vn 0.707107 -0.000000 0.707107
vn 0.382683 -0.000000 0.923880
vn 0.382683 -0.000000 0.923880
vn 0.382681 -0.000000 0.923880
vn 0.707107 -0.000000 0.707107
vn 0.751523 -0.581641 0.311300
vn 0.751523 -0.581641 -0.311299
vn 0.751526 -0.581642 -0.311290
vn 0.751526 -0.581642 -0.311290
vn 0.751528 -0.581641 0.311288
vn 0.751523 -0.581641 0.311300
vn 0.751528 -0.581641 0.311288
vn 0.589998 -0.551186 0.589998
vn 0.589998 -0.551186 0.589998
vn 0.589998 -0.551186 0.589998
vn 0.751523 -0.581641 0.311300
vn 0.751528 -0.581641 0.311288
vn 0.000000 -0.551201 0.834372
vn 0.000000 -0.551201 0.834372
vn 0.000000 -0.551201 0.834372
vn 0.000000 -0.551201 0.834372
vn 0.000000 -0.551201 0.834372
vn 0.000000 -0.551201 0.834372
vn 0.271630 0.704390 0.655784
vn 0.521212 0.675779 0.521212
vn 0.521212 0.675779 0.521212
vn 0.521212 0.675779 0.521212
vn 0.271641 0.704390 0.655779
vn 0.271630 0.704390 0.655784
vn 0.341586 -0.341586 0.875579
vn -0.341586 -0.341586 0.875579
vn -0.241836 -0.686118 0.686118
vn -0.241836 -0.686118 0.686118
vn 0.241836 -0.686118 0.686118
vn 0.341586 -0.341586 0.875579
vn 0.382681 -0.000000 0.923880
vn 0.382683 -0.000000 0.923880
vn -0.382649 -0.000000 0.923894
vn -0.382649 -0.000000 0.923894
vn -0.382651 -0.000000 0.923893
vn 0.382681 -0.000000 0.923880
vn 0.271630 0.704390 0.655784
vn 0.271641 0.704390 0.655779
vn -0.271612 0.704390 0.655791
vn -0.271612 0.704390 0.655791
vn -0.271624 0.704380 0.655797
vn 0.271630 0.704390 0.655784
vn 0.000000 -0.004625 0.999989
vn 0.000000 0.033632 0.999434
vn 0.000000 0.033632 0.999434
vn 0.000000 0.033632 0.999434
vn 0.000000 -0.004625 0.999989
vn 0.000000 -0.004625 0.999989
vn -0.211574 0.911816 -0.351893
vn -0.484569 0.845110 -0.225790
vn -0.484572 0.845107 0.225795
vn -0.484572 0.845107 0.225795
vn -0.211574 0.911816 0.351893
vn -0.211574 0.911816 -0.351893
vn -0.894802 0.251163 0.369116
vn -0.894791 0.251163 -0.369142
vn -0.925939 0.073586 -0.370436
vn -0.925939 0.073586 -0.370436
vn -0.925937 0.073590 0.370438
vn -0.894802 0.251163 0.369116
vn 0.341586 -0.341586 0.875579
vn 0.382684 -0.000000 0.923880
vn -0.382683 -0.000000 0.923880
vn -0.382683 -0.000000 0.923880
vn -0.341586 -0.341586 0.875579
vn 0.341586 -0.341586 0.875579
vn -0.925939 0.073586 -0.370436
vn -0.923880 0.000000 -0.382684
vn -0.923880 -0.000000 0.382683
vn -0.923880 -0.000000 0.382683
vn -0.925937 0.073590 0.370438
vn -0.925939 0.073586 -0.370436
vn 0.000000 -0.032743 0.999464
vn 0.000000 -0.032743 0.999464
vn 0.000000 -0.004625 0.999989
vn 0.000000 -0.004625 0.999989
vn 0.000000 -0.004625 0.999989
vn 0.000000 -0.032743 0.999464
vn 0.000000 -0.000000 1.000000
vn 0.000000 0.075209 0.997168
vn 0.000000 -0.000000 1.000000
vn 0.000000 -0.000000 1.000000
vn 0.000000 0.075209 0.997168
vn 0.000000 -0.000000 1.000000
vn 0.000000 0.075209 0.997168
vn 0.000000 0.075209 0.997168
vn 0.000000 -0.000000 1.000000
vn 0.000000 -0.000000 1.000000
vn 0.000000 -0.000000 1.000000
vn 0.000000 0.075209 0.997168
vn -0.810439 0.471240 0.348024
vn -0.810441 0.471238 -0.348024
vn -0.894791 0.251163 -0.369142
vn -0.894791 0.251163 -0.369142
vn -0.894802 0.251163 0.369116
vn -0.810439 0.471240 0.348024
vn -0.810439 0.471240 0.348024
vn -0.638112 0.416696 0.647440
vn -0.525575 0.660876 0.535737
vn -0.525575 0.660876 0.535737
vn -0.658392 0.690043 0.300601
vn -0.810439 0.471240 0.348024
vn -0.341586 -0.341586 0.875579
vn -0.686118 -0.241836 0.686118
vn -0.241836 -0.686118 0.686118
vn -0.706226 0.049796 0.706234
vn -0.692181 0.200339 0.693362
vn -0.894802 0.251163 0.369116
vn -0.894802 0.251163 0.369116
vn -0.925937 0.073590 0.370438
vn -0.706226 0.049796 0.706234
vn 0.010907 0.923399 0.383687
vn -0.031393 0.925347 0.377819
vn -0.025100 0.706836 0.706932
vn -0.025100 0.706836 0.706932
vn 0.008316 0.707073 0.707092
vn 0.010907 0.923399 0.383687
vn -0.484572 0.845107 0.225795
vn -0.658392 0.690043 0.300601
vn -0.525575 0.660876 0.535737
vn -0.525575 0.660876 0.535737
vn -0.381310 0.801769 0.460185
vn -0.484572 0.845107 0.225795
vn -0.686118 -0.241836 0.686118
vn -0.341586 -0.341586 0.875579
vn -0.382683 -0.000000 0.923880
vn -0.382683 -0.000000 0.923880
vn -0.707107 -0.000000 0.707107
vn -0.686118 -0.241836 0.686118
vn -0.923880 -0.000000 0.382683
vn -0.707107 -0.000000 0.707107
vn -0.706226 0.049796 0.706234
vn -0.706226 0.049796 0.706234
vn -0.925937 0.073590 0.370438
vn -0.923880 -0.000000 0.382683
vn -0.211574 0.911816 0.351893
vn -0.484572 0.845107 0.225795
vn -0.381310 0.801769 0.460185
vn -0.381310 0.801769 0.460185
vn -0.104754 0.696640 0.709732
vn -0.211574 0.911816 0.351893
vn -0.031393 0.925347 0.377819
vn -0.211574 0.911816 0.351893
vn -0.104754 0.696640 0.709732
vn -0.104754 0.696640 0.709732
vn -0.025100 0.706836 0.706932
vn -0.031393 0.925347 0.377819
vn -0.692181 0.200339 0.693362
vn -0.638112 0.416696 0.647440
vn -0.810439 0.471240 0.348024
vn -0.810439 0.471240 0.348024
vn -0.894802 0.251163 0.369116
vn -0.692181 0.200339 0.693362
vn -1.000000 0.000000 0.000000
vn -1.000000 0.000000 0.000000
vn -1.000000 0.000000 0.000000
vn -1.000000 0.000000 0.000000
vn -1.000000 0.000000 0.000000
vn -1.000000 0.000000 0.000000
vn -0.707057 -0.000000 0.707157
vn -0.382651 -0.000000 0.923893
vn -0.382649 -0.000000 0.923894
vn -0.382649 -0.000000 0.923894
vn -0.707057 -0.000000 0.707157
vn -0.707057 -0.000000 0.707157
vn -0.751547 -0.581602 0.311315
vn -0.751547 -0.581603 -0.311313
vn -0.751545 -0.581591 -0.311339
vn -0.751545 -0.581591 -0.311339
vn -0.751547 -0.581590 0.311337
vn -0.751547 -0.581602 0.311315
vn -0.751547 -0.581602 0.311315
vn -0.751547 -0.581590 0.311337
vn -0.589991 -0.551164 0.590025
vn -0.589991 -0.551164 0.590025
vn -0.589998 -0.551186 0.589998
vn -0.751547 -0.581602 0.311315
vn -0.271624 0.704380 0.655797
vn -0.271612 0.704390 0.655791
vn -0.521213 0.675757 0.521239
vn -0.521213 0.675757 0.521239
vn -0.521238 0.675739 0.521238
vn -0.271624 0.704380 0.655797
vn 0.000000 -1.000000 -0.000000
vn 0.000000 -1.000000 -0.000000
vn 0.000000 -1.000000 -0.000000
vn 0.000000 -1.000000 -0.000000
vn 0.000000 -1.000000 -0.000000
vn 0.000000 -1.000000 -0.000000
vn 0.000000 -0.032743 -0.999464
vn 0.000000 -0.020601 -0.999788
vn 0.000000 -0.020601 -0.999788
vn 0.000000 -0.020601 -0.999788
vn 0.000000 -0.032743 -0.999464
vn 0.000000 -0.032743 -0.999464
vn 1.000000 0.000000 0.000000
vn 1.000000 0.000000 0.000000
vn 0.923880 -0.382683 -0.000000
vn 0.923880 -0.382683 -0.000000
vn 0.923880 -0.382683 -0.000000
vn 1.000000 0.000000 0.000000
vn 0.000000 0.000000 -1.000000
vn 0.000000 0.000000 -1.000000
vn 0.000000 -0.020601 -0.999788
vn 0.000000 -0.020601 -0.999788
vn 0.000000 -0.020601 -0.999788
vn 0.000000 0.000000 -1.000000
vn 0.000000 0.000000 -1.000000
vn 0.000000 0.075252 -0.997165
vn 0.000000 0.000000 -1.000000
vn 0.000000 0.033616 -0.999435
vn 0.000000 0.033616 -0.999435
vn 0.000000 0.075252 -0.997165
vn 0.000000 0.075252 -0.997165
vn 0.000000 0.075252 -0.997165
vn 0.000000 0.033616 -0.999435
vn 0.000000 0.000000 -1.000000
vn 0.000000 0.075252 -0.997165
vn 0.000000 0.000000 -1.000000
vn 0.031391 0.925347 -0.377819
vn 0.031391 0.925347 0.377819
vn 0.211572 0.911816 0.351893
vn 0.211572 0.911816 0.351893
vn 0.211572 0.911816 -0.351893
vn 0.031391 0.925347 -0.377819
vn -0.010907 0.923399 -0.383687
vn -0.010907 0.923399 0.383687
vn 0.031391 0.925347 0.377819
vn 0.031391 0.925347 0.377819
vn 0.031391 0.925347 -0.377819
vn -0.010907 0.923399 -0.383687
vn 0.810441 0.471238 -0.348024
vn 0.638114 0.416685 -0.647444
vn 0.525569 0.660876 -0.535743
vn 0.525569 0.660876 -0.535743
vn 0.658394 0.690036 -0.300614
vn 0.810441 0.471238 -0.348024
vn 0.341586 -0.341586 -0.875579
vn 0.686118 -0.241836 -0.686118
vn 0.241836 -0.686118 -0.686118
vn 0.706222 0.049787 -0.706238
vn 0.692147 0.200339 -0.693395
vn 0.894791 0.251164 -0.369142
vn 0.894791 0.251164 -0.369142
vn 0.925939 0.073586 -0.370436
vn 0.706222 0.049787 -0.706238
vn -0.010907 0.923399 -0.383687
vn 0.031391 0.925347 -0.377819
vn 0.025101 0.706837 -0.706931
vn 0.025101 0.706837 -0.706931
vn -0.008316 0.707073 -0.707092
vn -0.010907 0.923399 -0.383687
vn 0.484570 0.845110 -0.225791
vn 0.658394 0.690036 -0.300614
vn 0.525569 0.660876 -0.535743
vn 0.525569 0.660876 -0.535743
vn 0.381308 0.801770 -0.460183
vn 0.484570 0.845110 -0.225791
vn 0.686118 -0.241836 -0.686118
vn 0.341586 -0.341586 -0.875579
vn 0.382684 0.000000 -0.923880
vn 0.382684 0.000000 -0.923880
vn 0.707107 0.000000 -0.707107
vn 0.686118 -0.241836 -0.686118
vn 0.923880 0.000000 -0.382683
vn 0.707107 0.000000 -0.707107
vn 0.706222 0.049787 -0.706238
vn 0.706222 0.049787 -0.706238
vn 0.925939 0.073586 -0.370436
vn 0.923880 0.000000 -0.382683
vn 0.211572 0.911816 -0.351893
vn 0.484570 0.845110 -0.225791
vn 0.381308 0.801770 -0.460183
vn 0.381308 0.801770 -0.460183
vn 0.104753 0.696640 -0.709732
vn 0.211572 0.911816 -0.351893
vn 0.031391 0.925347 -0.377819
vn 0.211572 0.911816 -0.351893
vn 0.104753 0.696640 -0.709732
vn 0.104753 0.696640 -0.709732
vn 0.025101 0.706837 -0.706931
vn 0.031391 0.925347 -0.377819
vn 0.692147 0.200339 -0.693395
vn 0.638114 0.416685 -0.647444
vn 0.810441 0.471238 -0.348024
vn 0.810441 0.471238 -0.348024
vn 0.894791 0.251164 -0.369142
vn 0.692147 0.200339 -0.693395
vn 0.707107 -0.707107 -0.000000
vn 0.923880 -0.382683 -0.000000
vn 0.923880 -0.382683 -0.000000
vn 0.923880 -0.382683 -0.000000
vn 0.707107 -0.707107 -0.000000
vn 0.707107 -0.707107 -0.000000
vn -0.008316 0.707073 -0.707092
vn 0.008316 0.707073 -0.707092
vn 0.010907 0.923399 -0.383687
vn 0.010907 0.923399 -0.383687
vn -0.010907 0.923399 -0.383687
vn -0.008316 0.707073 -0.707092
vn 1.000000 0.000000 0.000000
vn 1.000000 0.000000 0.000000
vn 1.000000 0.000000 0.000000
vn 1.000000 0.000000 0.000000
vn 1.000000 0.000000 0.000000
vn 1.000000 0.000000 0.000000
vn 0.707105 0.000000 -0.707108
vn 0.382680 0.000000 -0.923881
vn 0.382682 0.000000 -0.923880
vn 0.382682 0.000000 -0.923880
vn 0.707105 0.000000 -0.707108
vn 0.707105 0.000000 -0.707108
vn 0.751526 -0.581642 -0.311290
vn 0.751523 -0.581641 -0.311299
vn 0.589996 -0.551187 -0.589997
vn 0.589996 -0.551187 -0.589997
vn 0.589997 -0.551188 -0.589997
vn 0.751526 -0.581642 -0.311290
vn 0.000000 -0.551204 -0.834370
vn 0.000000 -0.551204 -0.834370
vn 0.000000 -0.551204 -0.834370
vn 0.000000 -0.551204 -0.834370
vn 0.000000 -0.551204 -0.834370
vn 0.000000 -0.551204 -0.834370
vn 0.521210 0.675780 -0.521211
vn 0.521209 0.675781 -0.521211
vn 0.655778 0.704390 -0.271641
vn 0.655778 0.704390 -0.271641
vn 0.655783 0.704390 -0.271631
vn 0.521210 0.675780 -0.521211
vn 0.737091 0.675794 0.000000
vn 0.737091 0.675794 0.000000
vn 0.655783 0.704390 -0.271631
vn 0.655783 0.704390 -0.271631
vn 0.655778 0.704390 -0.271641
vn 0.737091 0.675794 0.000000
vn -0.241836 -0.686118 -0.686118
vn -0.341586 -0.341586 -0.875579
vn 0.341586 -0.341586 -0.875579
vn 0.341586 -0.341586 -0.875579
vn 0.241836 -0.686118 -0.686118
vn -0.241836 -0.686118 -0.686118
vn -0.382648 0.000000 -0.923894
vn 0.382682 0.000000 -0.923880
vn 0.382680 0.000000 -0.923881
vn 0.382680 0.000000 -0.923881
vn -0.382650 0.000000 -0.923893
vn -0.382648 0.000000 -0.923894
vn 0.000000 0.675797 -0.737088
vn 0.000000 0.675797 -0.737088
vn 0.000000 0.675797 -0.737088
vn 0.000000 0.675797 -0.737088
vn 0.000000 0.675797 -0.737088
vn 0.000000 0.675797 -0.737088
vn 0.000000 0.033616 -0.999435
vn 0.000000 0.033616 -0.999435
vn 0.000000 -0.004636 -0.999989
vn 0.000000 -0.004636 -0.999989
vn 0.000000 -0.004636 -0.999989
vn 0.000000 0.033616 -0.999435
vn -0.810441 0.471238 -0.348024
vn -0.810439 0.471240 0.348024
vn -0.658392 0.690043 0.300601
vn -0.658392 0.690043 0.300601
vn -0.658392 0.690039 -0.300610
vn -0.810441 0.471238 -0.348024
vn -0.382684 0.000000 -0.923880
vn 0.382684 0.000000 -0.923880
vn 0.341586 -0.341586 -0.875579
vn 0.341586 -0.341586 -0.875579
vn -0.341586 -0.341586 -0.875579
vn -0.382684 0.000000 -0.923880
vn -1.000000 0.000000 0.000000
vn -0.923880 -0.382683 -0.000000
vn -0.923880 -0.382683 -0.000000
vn -0.923880 -0.382683 -0.000000
vn -1.000000 0.000000 0.000000
vn -1.000000 0.000000 0.000000
vn 0.000000 -0.004636 -0.999989
vn 0.000000 -0.032743 -0.999464
vn 0.000000 -0.032743 -0.999464
vn 0.000000 -0.032743 -0.999464
vn 0.000000 -0.004636 -0.999989
vn 0.000000 -0.004636 -0.999989
vn 0.000000 0.000000 -1.000000
vn 0.000000 0.000000 -1.000000
vn 0.000000 0.075252 -0.997165
vn 0.000000 0.000000 -1.000000
vn 0.000000 0.000000 -1.000000
vn 0.000000 0.075252 -0.997165
vn 0.000000 0.075252 -0.997165
vn 0.000000 0.000000 -1.000000
vn 0.000000 0.000000 -1.000000
vn 0.000000 0.000000 -1.000000
vn 0.000000 0.075252 -0.997165
vn 0.000000 0.075252 -0.997165
vn -0.031393 0.925347 0.377819
vn -0.031393 0.925347 -0.377819
vn -0.211574 0.911816 -0.351893
vn -0.211574 0.911816 -0.351893
vn -0.211574 0.911816 0.351893
vn -0.031393 0.925347 0.377819
vn -0.658392 0.690043 0.300601
vn -0.484572 0.845107 0.225795
vn -0.484569 0.845110 -0.225790
vn -0.484569 0.845110 -0.225790
vn -0.658392 0.690039 -0.300610
vn -0.658392 0.690043 0.300601
vn -0.031393 0.925347 0.377819
vn 0.010907 0.923399 0.383687
vn 0.010907 0.923399 -0.383687
vn 0.010907 0.923399 -0.383687
vn -0.031393 0.925347 -0.377819
vn -0.031393 0.925347 0.377819
vn -0.810441 0.471238 -0.348024
vn -0.658392 0.690039 -0.300610
vn -0.525571 0.660879 -0.535738
vn -0.525571 0.660879 -0.535738
vn -0.638114 0.416686 -0.647444
vn -0.810441 0.471238 -0.348024
vn -0.341586 -0.341586 -0.875579
vn -0.241836 -0.686118 -0.686118
vn -0.686118 -0.241836 -0.686118
vn -0.706222 0.049787 -0.706238
vn -0.925939 0.073586 -0.370436
vn -0.894791 0.251163 -0.369142
vn -0.894791 0.251163 -0.369142
vn -0.692147 0.200337 -0.693395
vn -0.706222 0.049787 -0.706238
vn 0.010907 0.923399 -0.383687
vn 0.008316 0.707073 -0.707092
vn -0.025100 0.706836 -0.706932
vn -0.025100 0.706836 -0.706932
vn -0.031393 0.925347 -0.377819
vn 0.010907 0.923399 -0.383687
vn -0.484569 0.845110 -0.225790
vn -0.381308 0.801771 -0.460182
vn -0.525571 0.660879 -0.535738
vn -0.525571 0.660879 -0.535738
vn -0.658392 0.690039 -0.300610
vn -0.484569 0.845110 -0.225790
vn -0.686118 -0.241836 -0.686118
vn -0.707107 0.000000 -0.707107
vn -0.382684 0.000000 -0.923880
vn -0.382684 0.000000 -0.923880
vn -0.341586 -0.341586 -0.875579
vn -0.686118 -0.241836 -0.686118
vn -0.923880 0.000000 -0.382684
vn -0.925939 0.073586 -0.370436
vn -0.706222 0.049787 -0.706238
vn -0.706222 0.049787 -0.706238
vn -0.707107 0.000000 -0.707107
vn -0.923880 0.000000 -0.382684
vn -0.211574 0.911816 -0.351893
vn -0.104754 0.696640 -0.709732
vn -0.381308 0.801771 -0.460182
vn -0.381308 0.801771 -0.460182
vn -0.484569 0.845110 -0.225790
vn -0.211574 0.911816 -0.351893
vn -0.031393 0.925347 -0.377819
vn -0.025100 0.706836 -0.706932
vn -0.104754 0.696640 -0.709732
vn -0.104754 0.696640 -0.709732
vn -0.211574 0.911816 -0.351893
vn -0.031393 0.925347 -0.377819
vn -0.692147 0.200337 -0.693395
vn -0.894791 0.251163 -0.369142
vn -0.810441 0.471238 -0.348024
vn -0.810441 0.471238 -0.348024
vn -0.638114 0.416686 -0.647444
vn -0.692147 0.200337 -0.693395
vn -0.707107 -0.707107 -0.000000
vn -0.707107 -0.707107 -0.000000
vn -0.923880 -0.382683 -0.000000
vn -0.923880 -0.382683 -0.000000
vn -0.923880 -0.382683 -0.000000
vn -0.707107 -0.707107 -0.000000
vn -0.707055 0.000000 -0.707158
vn -0.707055 0.000000 -0.707158
vn -0.382648 0.000000 -0.923894
vn -0.382648 0.000000 -0.923894
vn -0.382650 0.000000 -0.923893
vn -0.707055 0.000000 -0.707158
vn -0.751547 -0.581603 -0.311313
vn -0.589997 -0.551188 -0.589997
vn -0.589989 -0.551165 -0.590025
vn -0.589989 -0.551165 -0.590025
vn -0.751545 -0.581591 -0.311339
vn -0.751547 -0.581603 -0.311313
vn -0.521201 0.675766 -0.521239
vn -0.655824 0.704344 -0.271653
vn -0.655811 0.704354 -0.271655
vn -0.655811 0.704354 -0.271655
vn -0.521165 0.675792 -0.521241
vn -0.521201 0.675766 -0.521239
vn -0.655824 0.704344 -0.271653
vn -0.737143 0.675737 0.000000
vn -0.737143 0.675737 0.000000
vn -0.737143 0.675737 0.000000
vn -0.655811 0.704354 -0.271655
vn -0.655824 0.704344 -0.271653
vn -0.000000 -0.002033 0.999998
vn -0.000000 -0.002035 0.999998
vn 0.000003 -0.002035 0.999998
vn 0.000001 -0.002034 0.999998
vn 0.000001 -0.002034 0.999998
vn -0.000000 -0.002033 0.999998
vn 0.000001 -0.002034 0.999998
vn -0.000001 -0.002036 0.999998
vn -0.000000 -0.002033 0.999998
vn -0.014682 0.004040 0.999884
vn -0.014674 0.004040 0.999884
vn -0.014678 0.004040 0.999884
vn -0.014678 0.004040 0.999884
vn -0.014680 0.004040 0.999884
vn -0.014682 0.004040 0.999884
vn -0.000001 -0.002036 0.999998
vn 0.000005 -0.002056 0.999998
vn -0.000005 -0.002043 0.999998
vn 0.000003 -0.002035 0.999998
vn 0.000001 -0.002034 0.999998
vn -0.000000 -0.002033 0.999998
vn -0.014678 0.004040 0.999884
vn -0.014674 0.004040 0.999884
vn -0.014682 0.004040 0.999884
vn -0.014681 0.004039 0.999884
vn -0.014678 0.004041 0.999884
vn -0.014680 0.004040 0.999884
vn -0.014680 0.004040 0.999884
vn -0.014678 0.004040 0.999884
vn -0.014681 0.004039 0.999884
vn 0.000000 0.000000 -1.000000
vn 0.000000 0.000000 -1.000000
vn 0.000000 0.000000 -1.000000
vn 0.000000 0.000000 -1.000000
vn 0.000000 0.000000 -1.000000
vn 0.000000 0.000000 -1.000000
vn 0.000000 0.000000 -1.000000
vn 0.000000 0.000000 -1.000000
vn 0.000000 0.000000 -1.000000
vn 0.000000 0.000000 -1.000000
vn 0.000000 0.000000 -1.000000
vn 0.000000 0.000000 -1.000000
vn 0.000000 0.000000 -1.000000
vn 0.000000 0.000000 -1.000000
vn 0.000000 0.000000 -1.000000
vn 0.000000 0.000000 -1.000000
vn 0.000000 0.000000 -1.000000
vn 0.000000 0.000000 -1.000000
vn 0.000000 0.000000 -1.000000
vn 0.000000 0.000000 -1.000000
vn 0.000000 0.000000 -1.000000
vn 0.000000 0.000000 -1.000000
vn 0.000000 0.000000 -1.000000
vn 0.000000 0.000000 -1.000000
vn 0.000000 0.000000 -1.000000
vn 0.000000 0.000000 -1.000000
vn 0.000000 0.000000 -1.000000
vn -0.359508 0.867882 -0.342835
vn -0.440631 0.824044 -0.356084
vn -0.432363 0.811636 0.392823
vn -0.432363 0.811636 0.392823
vn -0.362236 0.869488 0.335821
vn -0.359508 0.867882 -0.342835
vn -0.898569 -0.164008 -0.407032
vn -0.983319 -0.179551 0.029070
vn -0.823176 -0.173989 0.540472
vn -0.823176 -0.173989 0.540472
vn -0.907990 -0.159576 -0.387414
vn -0.898569 -0.164008 -0.407032
vn -0.885017 -0.241001 -0.398327
vn -0.924003 -0.365200 -0.113350
vn -0.923703 -0.370253 0.098417
vn -0.923703 -0.370253 0.098417
vn -0.848810 -0.227814 0.477098
vn -0.885017 -0.241001 -0.398327
vn -0.440631 0.824044 -0.356084
vn -0.698036 0.632309 -0.336051
vn -0.680233 0.613005 0.401880
vn -0.680233 0.613005 0.401880
vn -0.432363 0.811636 0.392823
vn -0.440631 0.824044 -0.356084
vn -0.041358 -0.998392 0.038777
vn -0.131394 -0.981586 0.138649
vn -0.128893 -0.981615 -0.140781
vn -0.128893 -0.981615 -0.140781
vn 0.000000 -0.987700 -0.156359
vn -0.041358 -0.998392 0.038777
vn -0.304593 0.858342 -0.412881
vn -0.359508 0.867882 -0.342835
vn -0.362236 0.869488 0.335821
vn -0.362236 0.869488 0.335821
vn -0.316608 0.886496 0.337467
vn -0.304593 0.858342 -0.412881
vn -0.127279 0.917476 -0.376879
vn -0.199555 0.903343 -0.379670
vn -0.203644 0.915581 0.346758
vn -0.203644 0.915581 0.346758
vn -0.127988 0.918303 0.374617
vn -0.127279 0.917476 -0.376879
vn -0.127279 0.917476 -0.376879
vn -0.127988 0.918303 0.374617
vn -0.065736 0.898312 0.434412
vn -0.065736 0.898312 0.434412
vn -0.063886 0.924059 -0.376874
vn -0.127279 0.917476 -0.376879
vn -0.263352 0.887076 -0.379134
vn -0.266806 0.898612 0.348297
vn -0.203644 0.915581 0.346758
vn -0.203644 0.915581 0.346758
vn -0.199555 0.903343 -0.379670
vn -0.263352 0.887076 -0.379134
vn -0.263352 0.887076 -0.379134
vn -0.591641 0.731041 -0.339912
vn -0.566897 0.772222 0.286883
vn -0.566897 0.772222 0.286883
vn -0.266806 0.898612 0.348297
vn -0.263352 0.887076 -0.379134
vn -0.680233 0.613005 0.401880
vn -0.895503 0.361730 0.259278
vn -0.508937 0.398305 0.763110
vn -0.029002 -0.496897 0.867325
vn -0.015597 -0.541747 0.840397
vn -0.115750 -0.791818 0.599689
vn -0.115750 -0.791818 0.599689
vn -0.104759 -0.794067 0.598735
vn -0.029002 -0.496897 0.867325
vn -0.698036 0.632309 -0.336051
vn -0.572510 0.490862 -0.656725
vn -0.904713 0.365450 -0.218953
vn -0.591641 0.731041 -0.339912
vn -0.452966 0.578334 -0.678492
vn -0.855299 0.460787 -0.236935
vn -0.924003 -0.365200 -0.113350
vn -0.923383 -0.230367 -0.307075
vn -0.919545 -0.349552 -0.179582
vn -0.919545 -0.349552 -0.179582
vn -0.848345 -0.529443 -0.000732
vn -0.924003 -0.365200 -0.113350
vn 0.077340 -0.949610 0.303742
vn 0.000000 -0.698969 0.715152
vn 0.000000 -0.698969 0.715152
vn 0.000000 -0.698969 0.715152
vn -0.077347 -0.949608 0.303747
vn 0.077340 -0.949610 0.303742
vn -0.065736 0.898312 0.434412
vn -0.052014 0.624140 0.779579
vn 0.001033 0.601117 0.799160
vn 0.001033 0.601117 0.799160
vn -0.000526 0.897047 0.441934
vn -0.065736 0.898312 0.434412
vn -0.127988 0.918303 0.374617
vn -0.203644 0.915581 0.346758
vn -0.165485 0.735615 0.656876
vn -0.165485 0.735615 0.656876
vn -0.101576 0.706553 0.700333
vn -0.127988 0.918303 0.374617
vn -0.203644 0.915581 0.346758
vn -0.266806 0.898612 0.348297
vn -0.213503 0.722714 0.657345
vn -0.213503 0.722714 0.657345
vn -0.165485 0.735615 0.656876
vn -0.203644 0.915581 0.346758
vn -0.362236 0.869488 0.335821
vn -0.432363 0.811636 0.392823
vn -0.331078 0.603513 0.725368
vn -0.331078 0.603513 0.725368
vn -0.317590 0.710182 0.628314
vn -0.362236 0.869488 0.335821
vn -0.213503 0.722714 0.657345
vn -0.266806 0.898612 0.348297
vn -0.566897 0.772222 0.286883
vn -0.566897 0.772222 0.286883
vn -0.355690 0.671553 0.650001
vn -0.213503 0.722714 0.657345
vn -0.446048 -0.107327 0.888550
vn -0.823176 -0.173989 0.540472
vn -0.816785 -0.178154 0.548747
vn -0.816785 -0.178154 0.548747
vn -0.463090 -0.106405 0.879901
vn -0.446048 -0.107327 0.888550
vn -0.052014 0.624140 0.779579
vn -0.065736 0.898312 0.434412
vn -0.127988 0.918303 0.374617
vn -0.127988 0.918303 0.374617
vn -0.101576 0.706553 0.700333
vn -0.052014 0.624140 0.779579
vn -0.848810 -0.227814 0.477098
vn -0.923703 -0.370253 0.098417
vn -0.928865 -0.254773 0.268887
vn -0.928865 -0.254773 0.268887
vn -0.566844 -0.143695 0.811196
vn -0.848810 -0.227814 0.477098
vn -0.331078 0.603513 0.725368
vn -0.432363 0.811636 0.392823
vn -0.680233 0.613005 0.401880
vn -0.680233 0.613005 0.401880
vn -0.508937 0.398305 0.763110
vn -0.331078 0.603513 0.725368
vn -0.104759 -0.794067 0.598735
vn -0.099599 -0.874705 0.474310
vn -0.027617 0.081645 0.996279
vn -0.027617 0.081645 0.996279
vn -0.029002 -0.496897 0.867325
vn -0.104759 -0.794067 0.598735
vn -0.255066 0.714483 0.651502
vn -0.316608 0.886496 0.337467
vn -0.362236 0.869488 0.335821
vn -0.362236 0.869488 0.335821
vn -0.317590 0.710182 0.628314
vn -0.255066 0.714483 0.651502
vn -0.199555 0.903343 -0.379670
vn -0.127279 0.917476 -0.376879
vn -0.100518 0.702880 -0.704171
vn -0.100518 0.702880 -0.704171
vn -0.152989 0.690468 -0.707000
vn -0.199555 0.903343 -0.379670
vn -0.263352 0.887076 -0.379134
vn -0.199555 0.903343 -0.379670
vn -0.152989 0.690468 -0.707000
vn -0.152989 0.690468 -0.707000
vn -0.200390 0.678859 -0.706395
vn -0.263352 0.887076 -0.379134
vn -0.440631 0.824044 -0.356084
vn -0.359508 0.867882 -0.342835
vn -0.305737 0.699338 -0.646105
vn -0.305737 0.699338 -0.646105
vn -0.357970 0.649999 -0.670343
vn -0.440631 0.824044 -0.356084
vn -0.727467 -0.129777 -0.673758
vn -0.898569 -0.164008 -0.407032
vn -0.907990 -0.159576 -0.387414
vn -0.907990 -0.159576 -0.387414
vn -0.701595 -0.115582 -0.703140
vn -0.727467 -0.129777 -0.673758
vn -0.452966 0.578334 -0.678492
vn -0.591641 0.731041 -0.339912
vn -0.263352 0.887076 -0.379134
vn -0.263352 0.887076 -0.379134
vn -0.200390 0.678859 -0.706395
vn -0.452966 0.578334 -0.678492
vn -0.127279 0.917476 -0.376879
vn -0.063886 0.924059 -0.376874
vn -0.050542 0.711985 -0.700373
vn -0.050542 0.711985 -0.700373
vn -0.100518 0.702880 -0.704171
vn -0.127279 0.917476 -0.376879
vn -0.923383 -0.230367 -0.307075
vn -0.924003 -0.365200 -0.113350
vn -0.885017 -0.241001 -0.398327
vn -0.885017 -0.241001 -0.398327
vn -0.684512 -0.181364 -0.706081
vn -0.923383 -0.230367 -0.307075
vn -0.698036 0.632309 -0.336051
vn -0.440631 0.824044 -0.356084
vn -0.357970 0.649999 -0.670343
vn -0.357970 0.649999 -0.670343
vn -0.572510 0.490862 -0.656725
vn -0.698036 0.632309 -0.336051
vn -0.000024 -0.712307 -0.701868
vn -0.093836 -0.741156 -0.664743
vn -0.015547 -0.333642 -0.942572
vn -0.015547 -0.333642 -0.942572
vn -0.000055 -0.322909 -0.946430
vn -0.000024 -0.712307 -0.701868
vn -0.305737 0.699338 -0.646105
vn -0.359508 0.867882 -0.342835
vn -0.304593 0.858342 -0.412881
vn -0.304593 0.858342 -0.412881
vn -0.244150 0.693204 -0.678129
vn -0.305737 0.699338 -0.646105
vn -0.000055 -0.322909 -0.946430
vn 0.000055 -0.322909 -0.946430
vn 0.000024 -0.712306 -0.701869
vn 0.000024 -0.712306 -0.701869
vn -0.000024 -0.712307 -0.701868
vn -0.000055 -0.322909 -0.946430
vn -0.855299 0.460787 -0.236935
vn -0.729303 0.596448 0.335211
vn -0.566897 0.772222 0.286883
vn -0.566897 0.772222 0.286883
vn -0.591641 0.731041 -0.339912
vn -0.855299 0.460787 -0.236935
vn -0.680233 0.613005 0.401880
vn -0.698036 0.632309 -0.336051
vn -0.904713 0.365450 -0.218953
vn -0.904713 0.365450 -0.218953
vn -0.895503 0.361730 0.259278
vn -0.680233 0.613005 0.401880
vn -0.848345 -0.529443 -0.000732
vn -0.848345 -0.529443 0.000732
vn -0.923703 -0.370253 0.098417
vn -0.923703 -0.370253 0.098417
vn -0.924003 -0.365200 -0.113350
vn -0.848345 -0.529443 -0.000732
vn -0.828415 -0.418009 0.372824
vn -0.498872 -0.224095 0.837203
vn -0.545751 -0.639326 0.541681
vn -0.545751 -0.639326 0.541681
vn -0.695647 -0.449867 0.560086
vn -0.828415 -0.418009 0.372824
vn -0.923703 -0.370253 0.098417
vn -0.848345 -0.529443 0.000732
vn -0.915513 -0.367704 0.163185
vn -0.915513 -0.367704 0.163185
vn -0.928865 -0.254773 0.268887
vn -0.923703 -0.370253 0.098417
vn -0.255837 -0.961427 0.101020
vn -0.131394 -0.981586 0.138649
vn -0.104759 -0.794067 0.598735
vn -0.104759 -0.794067 0.598735
vn -0.115750 -0.791818 0.599689
vn -0.255837 -0.961427 0.101020
vn -0.355690 0.671553 0.650001
vn -0.566897 0.772222 0.286883
vn -0.729303 0.596448 0.335211
vn -0.015547 -0.333642 -0.942572
vn -0.093836 -0.741156 -0.664743
vn -0.109448 -0.723182 -0.681930
vn -0.109448 -0.723182 -0.681930
vn -0.002841 -0.371915 -0.928262
vn -0.015547 -0.333642 -0.942572
vn -0.093836 -0.741156 -0.664743
vn -0.128893 -0.981615 -0.140781
vn -0.255837 -0.961427 -0.101020
vn -0.255837 -0.961427 -0.101020
vn -0.109448 -0.723182 -0.681930
vn -0.093836 -0.741156 -0.664743
vn -0.131394 -0.981586 0.138649
vn -0.041358 -0.998392 0.038777
vn -0.099599 -0.874705 0.474310
vn -0.099599 -0.874705 0.474310
vn -0.104759 -0.794067 0.598735
vn -0.131394 -0.981586 0.138649
vn -0.000024 -0.712307 -0.701868
vn 0.000000 -0.987700 -0.156359
vn -0.128893 -0.981615 -0.140781
vn -0.128893 -0.981615 -0.140781
vn -0.093836 -0.741156 -0.664743
vn -0.000024 -0.712307 -0.701868
vn 0.000000 -0.987700 -0.156359
vn -0.000024 -0.712307 -0.701868
vn 0.000024 -0.712306 -0.701869
vn 0.000024 -0.712306 -0.701869
vn 0.000000 -0.987700 -0.156359
vn 0.000000 -0.987700 -0.156359
vn -0.128893 -0.981615 -0.140781
vn -0.131394 -0.981586 0.138649
vn -0.255837 -0.961427 0.101020
vn -0.255837 -0.961427 0.101020
vn -0.255837 -0.961427 -0.101020
vn -0.128893 -0.981615 -0.140781
vn -0.099599 -0.874705 0.474310
vn -0.041358 -0.998392 0.038777
vn -0.077347 -0.949608 0.303747
vn -0.828415 -0.418009 0.372824
vn -0.695647 -0.449867 0.560086
vn -0.816785 -0.178154 0.548747
vn -0.816785 -0.178154 0.548747
vn -0.976496 -0.189021 0.103569
vn -0.828415 -0.418009 0.372824
vn -0.983319 -0.179551 0.029070
vn -0.976496 -0.189021 0.103569
vn -0.816785 -0.178154 0.548747
vn -0.816785 -0.178154 0.548747
vn -0.695647 -0.449867 0.560086
vn -0.483340 -0.414006 0.771351
vn -0.483340 -0.414006 0.771351
vn -0.463090 -0.106405 0.879901
vn -0.816785 -0.178154 0.548747
vn -0.000005 -0.002043 0.999998
vn -0.000000 -0.002033 0.999998
vn -0.000001 -0.002036 0.999998
vn -0.983319 -0.179551 0.029070
vn -0.816785 -0.178154 0.548747
vn -0.823176 -0.173989 0.540472
vn 0.000000 0.000000 -1.000000
vn 0.000000 0.000000 -1.000000
vn 0.000000 0.000000 -1.000000
vn -0.065736 0.898312 0.434412
vn -0.000526 0.897047 0.441934
vn -0.000534 0.921786 -0.387700
vn -0.000534 0.921786 -0.387700
vn -0.063886 0.924059 -0.376874
vn -0.065736 0.898312 0.434412
vn 0.000000 0.000000 -1.000000
vn 0.000000 0.000000 -1.000000
vn 0.000000 0.000000 -1.000000
vn -0.000000 -0.002035 0.999998
vn -0.000000 -0.002033 0.999998
vn 0.000000 -0.002033 0.999998
vn -0.041358 -0.998392 0.038777
vn 0.041356 -0.998392 0.038773
vn 0.077340 -0.949610 0.303742
vn 0.077340 -0.949610 0.303742
vn -0.077347 -0.949608 0.303747
vn -0.041358 -0.998392 0.038777
vn -0.041358 -0.998392 0.038777
vn 0.000000 -0.987700 -0.156359
vn 0.000000 -0.987700 -0.156359
vn 0.000000 -0.987700 -0.156359
vn 0.041356 -0.998392 0.038773
vn -0.041358 -0.998392 0.038777
vn 0.000000 0.000000 -1.000000
vn 0.000000 0.000000 -1.000000
vn 0.000000 0.000000 -1.000000
vn -0.483340 -0.414006 0.771351
vn -0.695647 -0.449867 0.560086
vn -0.545751 -0.639326 0.541681
vn 0.000000 -0.002033 0.999998
vn -0.000003 -0.002035 0.999998
vn -0.000000 -0.002035 0.999998
vn -0.000001 -0.002034 0.999998
vn 0.000000 -0.002033 0.999998
vn -0.000001 -0.002034 0.999998
vn -0.000001 -0.002034 0.999998
vn 0.000000 -0.002033 0.999998
vn 0.000001 -0.002036 0.999998
vn 0.014682 0.004040 0.999884
vn 0.014680 0.004040 0.999884
vn 0.014678 0.004040 0.999884
vn 0.014678 0.004040 0.999884
vn 0.014675 0.004040 0.999884
vn 0.014682 0.004040 0.999884
vn 0.000001 -0.002036 0.999998
vn 0.000005 -0.002043 0.999998
vn -0.000005 -0.002056 0.999998
vn -0.000003 -0.002035 0.999998
vn 0.000000 -0.002033 0.999998
vn -0.000001 -0.002034 0.999998
vn 0.014678 0.004040 0.999884
vn 0.014682 0.004040 0.999884
vn 0.014675 0.004040 0.999884
vn 0.014681 0.004039 0.999884
vn 0.014678 0.004040 0.999884
vn 0.014680 0.004040 0.999884
vn 0.014680 0.004040 0.999884
vn 0.014678 0.004041 0.999884
vn 0.014681 0.004039 0.999884
vn 0.000000 0.000000 -1.000000
vn 0.000000 0.000000 -1.000000
vn 0.000000 0.000000 -1.000000
vn 0.000000 0.000000 -1.000000
vn 0.000000 0.000000 -1.000000
vn 0.000000 0.000000 -1.000000
vn 0.000000 0.000000 -1.000000
vn 0.000000 0.000000 -1.000000
vn 0.000000 0.000000 -1.000000
vn 0.000000 0.000000 -1.000000
vn 0.000000 0.000000 -1.000000
vn 0.000000 0.000000 -1.000000
vn 0.000000 0.000000 -1.000000
vn 0.000000 0.000000 -1.000000
vn 0.000000 0.000000 -1.000000
vn 0.000000 0.000000 -1.000000
vn 0.000000 0.000000 -1.000000
vn 0.000000 0.000000 -1.000000
vn 0.000000 0.000000 -1.000000
vn 0.000000 0.000000 -1.000000
vn 0.000000 0.000000 -1.000000
vn 0.000000 0.000000 -1.000000
vn 0.000000 0.000000 -1.000000
vn 0.000000 0.000000 -1.000000
vn 0.000000 0.000000 -1.000000
vn 0.000000 0.000000 -1.000000
vn 0.000000 0.000000 -1.000000
vn 0.359510 0.867885 -0.342825
vn 0.362237 0.869491 0.335813
vn 0.432363 0.811635 0.392823
vn 0.432363 0.811635 0.392823
vn 0.440632 0.824044 -0.356084
vn 0.359510 0.867885 -0.342825
vn 0.898557 -0.163997 -0.407063
vn 0.907991 -0.159580 -0.387409
vn 0.823174 -0.173975 0.540479
vn 0.823174 -0.173975 0.540479
vn 0.983317 -0.179558 0.029079
vn 0.898557 -0.163997 -0.407063
vn 0.885017 -0.241001 -0.398326
vn 0.848810 -0.227814 0.477098
vn 0.923728 -0.370193 0.098406
vn 0.923728 -0.370193 0.098406
vn 0.924028 -0.365139 -0.113338
vn 0.885017 -0.241001 -0.398326
vn 0.440632 0.824044 -0.356084
vn 0.432363 0.811635 0.392823
vn 0.680233 0.613005 0.401880
vn 0.680233 0.613005 0.401880
vn 0.698036 0.632309 -0.336051
vn 0.440632 0.824044 -0.356084
vn 0.041356 -0.998392 0.038773
vn 0.000000 -0.987700 -0.156359
vn 0.128873 -0.981618 -0.140777
vn 0.128873 -0.981618 -0.140777
vn 0.131373 -0.981590 0.138645
vn 0.041356 -0.998392 0.038773
vn 0.304592 0.858336 -0.412896
vn 0.316610 0.886488 0.337487
vn 0.362237 0.869491 0.335813
vn 0.362237 0.869491 0.335813
vn 0.359510 0.867885 -0.342825
vn 0.304592 0.858336 -0.412896
vn 0.127279 0.917476 -0.376880
vn 0.127988 0.918303 0.374617
vn 0.203644 0.915581 0.346758
vn 0.203644 0.915581 0.346758
vn 0.199555 0.903343 -0.379670
vn 0.127279 0.917476 -0.376880
vn 0.127279 0.917476 -0.376880
vn 0.063976 0.924077 -0.376813
vn 0.065819 0.898332 0.434359
vn 0.065819 0.898332 0.434359
vn 0.127988 0.918303 0.374617
vn 0.127279 0.917476 -0.376880
vn 0.263352 0.887076 -0.379133
vn 0.199555 0.903343 -0.379670
vn 0.203644 0.915581 0.346758
vn 0.203644 0.915581 0.346758
vn 0.266806 0.898612 0.348297
vn 0.263352 0.887076 -0.379133
vn 0.263352 0.887076 -0.379133
vn 0.266806 0.898612 0.348297
vn 0.566887 0.772228 0.286886
vn 0.566887 0.772228 0.286886
vn 0.591614 0.731067 -0.339901
vn 0.263352 0.887076 -0.379133
vn 0.680233 0.613005 0.401880
vn 0.508937 0.398305 0.763110
vn 0.895503 0.361730 0.259278
vn 0.029002 -0.496896 0.867325
vn 0.104758 -0.794071 0.598730
vn 0.115752 -0.791828 0.599674
vn 0.115752 -0.791828 0.599674
vn 0.015599 -0.541745 0.840398
vn 0.029002 -0.496896 0.867325
vn 0.698036 0.632309 -0.336051
vn 0.904713 0.365450 -0.218953
vn 0.572509 0.490862 -0.656725
vn 0.591614 0.731067 -0.339901
vn 0.855273 0.460846 -0.236914
vn 0.452975 0.578359 -0.678465
vn 0.924028 -0.365139 -0.113338
vn 0.848410 -0.529340 -0.000711
vn 0.919608 -0.349395 -0.179566
vn 0.919608 -0.349395 -0.179566
vn 0.923406 -0.230289 -0.307064
vn 0.924028 -0.365139 -0.113338
vn 0.001033 0.601117 0.799160
vn 0.052148 0.624150 0.779562
vn 0.065819 0.898332 0.434359
vn 0.065819 0.898332 0.434359
vn -0.000526 0.897047 0.441934
vn 0.001033 0.601117 0.799160
vn 0.127988 0.918303 0.374617
vn 0.101577 0.706552 0.700333
vn 0.165485 0.735615 0.656876
vn 0.165485 0.735615 0.656876
vn 0.203644 0.915581 0.346758
vn 0.127988 0.918303 0.374617
vn 0.203644 0.915581 0.346758
vn 0.165485 0.735615 0.656876
vn 0.213503 0.722714 0.657344
vn 0.213503 0.722714 0.657344
vn 0.266806 0.898612 0.348297
vn 0.203644 0.915581 0.346758
vn 0.362237 0.869491 0.335813
vn 0.317599 0.710196 0.628294
vn 0.331078 0.603513 0.725368
vn 0.331078 0.603513 0.725368
vn 0.432363 0.811635 0.392823
vn 0.362237 0.869491 0.335813
vn 0.213503 0.722714 0.657344
vn 0.355691 0.671555 0.649998
vn 0.566887 0.772228 0.286886
vn 0.566887 0.772228 0.286886
vn 0.266806 0.898612 0.348297
vn 0.213503 0.722714 0.657344
vn 0.446045 -0.107317 0.888554
vn 0.463052 -0.106397 0.879922
vn 0.816776 -0.178163 0.548757
vn 0.816776 -0.178163 0.548757
vn 0.823174 -0.173975 0.540479
vn 0.446045 -0.107317 0.888554
vn 0.052148 0.624150 0.779562
vn 0.101577 0.706552 0.700333
vn 0.127988 0.918303 0.374617
vn 0.127988 0.918303 0.374617
vn 0.065819 0.898332 0.434359
vn 0.052148 0.624150 0.779562
vn 0.848810 -0.227814 0.477098
vn 0.566844 -0.143695 0.811196
vn 0.928887 -0.254701 0.268878
vn 0.928887 -0.254701 0.268878
vn 0.923728 -0.370193 0.098406
vn 0.848810 -0.227814 0.477098
vn 0.331078 0.603513 0.725368
vn 0.508937 0.398305 0.763110
vn 0.680233 0.613005 0.401880
vn 0.680233 0.613005 0.401880
vn 0.432363 0.811635 0.392823
vn 0.331078 0.603513 0.725368
vn 0.104758 -0.794071 0.598730
vn 0.029002 -0.496896 0.867325
vn 0.027617 0.081649 0.996278
vn 0.027617 0.081649 0.996278
vn 0.099580 -0.874690 0.474343
vn 0.104758 -0.794071 0.598730
vn 0.255065 0.714470 0.651517
vn 0.317599 0.710196 0.628294
vn 0.362237 0.869491 0.335813
vn 0.362237 0.869491 0.335813
vn 0.316610 0.886488 0.337487
vn 0.255065 0.714470 0.651517
vn 0.199555 0.903343 -0.379670
vn 0.152989 0.690468 -0.707000
vn 0.100518 0.702879 -0.704171
vn 0.100518 0.702879 -0.704171
vn 0.127279 0.917476 -0.376880
vn 0.199555 0.903343 -0.379670
vn 0.263352 0.887076 -0.379133
vn 0.200389 0.678859 -0.706395
vn 0.152989 0.690468 -0.707000
vn 0.152989 0.690468 -0.707000
vn 0.199555 0.903343 -0.379670
vn 0.263352 0.887076 -0.379133
vn 0.440632 0.824044 -0.356084
vn 0.357971 0.649998 -0.670343
vn 0.305746 0.699350 -0.646087
vn 0.305746 0.699350 -0.646087
vn 0.359510 0.867885 -0.342825
vn 0.440632 0.824044 -0.356084
vn 0.727432 -0.129771 -0.673797
vn 0.701592 -0.115594 -0.703141
vn 0.907991 -0.159580 -0.387409
vn 0.907991 -0.159580 -0.387409
vn 0.898557 -0.163997 -0.407063
vn 0.727432 -0.129771 -0.673797
vn 0.452975 0.578359 -0.678465
vn 0.200389 0.678859 -0.706395
vn 0.263352 0.887076 -0.379133
vn 0.263352 0.887076 -0.379133
vn 0.591614 0.731067 -0.339901
vn 0.452975 0.578359 -0.678465
vn 0.127279 0.917476 -0.376880
vn 0.100518 0.702879 -0.704171
vn 0.050696 0.711992 -0.700355
vn 0.050696 0.711992 -0.700355
vn 0.063976 0.924077 -0.376813
vn 0.127279 0.917476 -0.376880
vn 0.923406 -0.230289 -0.307064
vn 0.684512 -0.181364 -0.706081
vn 0.885017 -0.241001 -0.398326
vn 0.885017 -0.241001 -0.398326
vn 0.924028 -0.365139 -0.113338
vn 0.923406 -0.230289 -0.307064
vn 0.698036 0.632309 -0.336051
vn 0.572509 0.490862 -0.656725
vn 0.357971 0.649998 -0.670343
vn 0.357971 0.649998 -0.670343
vn 0.440632 0.824044 -0.356084
vn 0.698036 0.632309 -0.336051
vn 0.000024 -0.712306 -0.701869
vn 0.000055 -0.322909 -0.946430
vn 0.015545 -0.333638 -0.942573
vn 0.015545 -0.333638 -0.942573
vn 0.093837 -0.741158 -0.664740
vn 0.000024 -0.712306 -0.701869
vn 0.305746 0.699350 -0.646087
vn 0.244143 0.693191 -0.678145
vn 0.304592 0.858336 -0.412896
vn 0.304592 0.858336 -0.412896
vn 0.359510 0.867885 -0.342825
vn 0.305746 0.699350 -0.646087
vn 0.855273 0.460846 -0.236914
vn 0.591614 0.731067 -0.339901
vn 0.566887 0.772228 0.286886
vn 0.566887 0.772228 0.286886
vn 0.729295 0.596456 0.335214
vn 0.855273 0.460846 -0.236914
vn 0.680233 0.613005 0.401880
vn 0.895503 0.361730 0.259278
vn 0.904713 0.365450 -0.218953
vn 0.904713 0.365450 -0.218953
vn 0.698036 0.632309 -0.336051
vn 0.680233 0.613005 0.401880
vn 0.848410 -0.529340 -0.000711
vn 0.924028 -0.365139 -0.113338
vn 0.923728 -0.370193 0.098406
vn 0.923728 -0.370193 0.098406
vn 0.848410 -0.529340 0.000711
vn 0.848410 -0.529340 -0.000711
vn 0.805620 -0.354796 0.474444
vn 0.619905 -0.530251 0.578404
vn 0.526160 -0.669811 0.523936
vn 0.526160 -0.669811 0.523936
vn 0.498803 -0.223966 0.837278
vn 0.805620 -0.354796 0.474444
vn 0.923728 -0.370193 0.098406
vn 0.928887 -0.254701 0.268878
vn 0.915579 -0.367547 0.163171
vn 0.915579 -0.367547 0.163171
vn 0.848410 -0.529340 0.000711
vn 0.923728 -0.370193 0.098406
vn 0.255810 -0.961435 0.101012
vn 0.115752 -0.791828 0.599674
vn 0.104758 -0.794071 0.598730
vn 0.104758 -0.794071 0.598730
vn 0.131373 -0.981590 0.138645
vn 0.255810 -0.961435 0.101012
vn 0.355691 0.671555 0.649998
vn 0.729295 0.596456 0.335214
vn 0.566887 0.772228 0.286886
vn 0.015545 -0.333638 -0.942573
vn 0.002841 -0.371915 -0.928263
vn 0.109449 -0.723198 -0.681913
vn 0.109449 -0.723198 -0.681913
vn 0.093837 -0.741158 -0.664740
vn 0.015545 -0.333638 -0.942573
vn 0.093837 -0.741158 -0.664740
vn 0.109449 -0.723198 -0.681913
vn 0.255810 -0.961435 -0.101012
vn 0.255810 -0.961435 -0.101012
vn 0.128873 -0.981618 -0.140777
vn 0.093837 -0.741158 -0.664740
vn 0.131373 -0.981590 0.138645
vn 0.104758 -0.794071 0.598730
vn 0.099580 -0.874690 0.474343
vn 0.099580 -0.874690 0.474343
vn 0.041356 -0.998392 0.038773
vn 0.131373 -0.981590 0.138645
vn 0.000024 -0.712306 -0.701869
vn 0.093837 -0.741158 -0.664740
vn 0.128873 -0.981618 -0.140777
vn 0.128873 -0.981618 -0.140777
vn 0.000000 -0.987700 -0.156359
vn 0.000024 -0.712306 -0.701869
vn 0.128873 -0.981618 -0.140777
vn 0.255810 -0.961435 -0.101012
vn 0.255810 -0.961435 0.101012
vn 0.255810 -0.961435 0.101012
vn 0.131373 -0.981590 0.138645
vn 0.128873 -0.981618 -0.140777
vn 0.099580 -0.874690 0.474343
vn 0.077340 -0.949610 0.303742
vn 0.041356 -0.998392 0.038773
vn 0.805620 -0.354796 0.474444
vn 0.976491 -0.189061 0.103540
vn 0.816776 -0.178163 0.548757
vn 0.816776 -0.178163 0.548757
vn 0.619905 -0.530251 0.578404
vn 0.805620 -0.354796 0.474444
vn 0.983317 -0.179558 0.029079
vn 0.816776 -0.178163 0.548757
vn 0.976491 -0.189061 0.103540
vn 0.816776 -0.178163 0.548757
vn 0.463052 -0.106397 0.879922
vn 0.522093 -0.350785 0.777411
vn 0.522093 -0.350785 0.777411
vn 0.619905 -0.530251 0.578404
vn 0.816776 -0.178163 0.548757
vn 0.000005 -0.002043 0.999998
vn 0.000001 -0.002036 0.999998
vn 0.000000 -0.002033 0.999998
vn 0.983317 -0.179558 0.029079
vn 0.823174 -0.173975 0.540479
vn 0.816776 -0.178163 0.548757
vn 0.000000 0.000000 -1.000000
vn 0.000000 0.000000 -1.000000
vn 0.000000 0.000000 -1.000000
vn 0.065819 0.898332 0.434359
vn 0.063976 0.924077 -0.376813
vn -0.000534 0.921786 -0.387700
vn -0.000534 0.921786 -0.387700
vn -0.000526 0.897047 0.441934
vn 0.065819 0.898332 0.434359
vn 0.000000 0.000000 -1.000000
vn 0.000000 0.000000 -1.000000
vn 0.000000 0.000000 -1.000000
vn 0.522093 -0.350785 0.777411
vn 0.526160 -0.669811 0.523936
vn 0.619905 -0.530251 0.578404
vn -0.063886 0.924059 -0.376874
vn -0.000534 0.921786 -0.387700
vn 0.001072 0.694118 -0.719860
vn 0.001072 0.694118 -0.719860
vn -0.050542 0.711985 -0.700373
vn -0.063886 0.924059 -0.376874
vn 0.001072 0.694118 -0.719860
vn -0.000534 0.921786 -0.387700
vn 0.063976 0.924077 -0.376813
vn 0.063976 0.924077 -0.376813
vn 0.050696 0.711992 -0.700355
vn 0.001072 0.694118 -0.719860
vn 0.000000 1.000000 0.000000
vn 0.000000 1.000000 0.000000
vn 0.000000 1.000000 0.000000
vn 0.000000 1.000000 0.000000
vn 0.000000 1.000000 0.000000
vn 0.000000 1.000000 0.000000
vn 0.000000 -1.000000 -0.000000
vn 0.000000 -1.000000 -0.000000
vn 0.000000 -1.000000 -0.000000
vn 0.000000 -1.000000 -0.000000
vn 0.000000 -1.000000 -0.000000
vn 0.000000 -1.000000 -0.000000
vn -0.277806 0.277815 0.919588
vn -0.277805 -0.277815 0.919589
vn 0.277815 -0.277813 0.919586
vn 0.277815 -0.277813 0.919586
vn 0.277815 0.277815 0.919586
vn -0.277806 0.277815 0.919588
vn 0.923880 0.382682 0.000000
vn 0.923881 -0.382681 -0.000000
vn 0.923881 -0.382681 -0.000000
vn 0.923881 -0.382681 -0.000000
vn 0.923880 0.382682 0.000000
vn 0.923880 0.382682 0.000000
vn 0.139920 0.139920 -0.980227
vn 0.139920 -0.139919 -0.980227
vn -0.139914 -0.139919 -0.980228
vn -0.139914 -0.139919 -0.980228
vn -0.139914 0.139920 -0.980228
vn 0.139920 0.139920 -0.980227
vn -0.923876 0.382693 0.000000
vn -0.923876 -0.382692 -0.000000
vn -0.923876 -0.382692 -0.000000
vn -0.923876 -0.382692 -0.000000
vn -0.923876 0.382693 0.000000
vn -0.923876 0.382693 0.000000
vn -0.194189 0.563149 0.803215
vn -0.563134 0.194193 0.803224
vn -0.277806 0.277815 0.919588
vn 0.277815 0.277815 0.919586
vn 0.563152 0.194195 0.803211
vn 0.194195 0.563149 0.803213
vn 0.281812 0.094644 -0.954790
vn 0.139920 0.139920 -0.980227
vn 0.094644 0.281810 -0.954791
vn -0.094641 0.281810 -0.954791
vn -0.139914 0.139920 -0.980228
vn -0.281800 0.094642 -0.954794
vn -0.563134 -0.194193 0.803224
vn -0.194190 -0.563148 0.803215
vn -0.277805 -0.277815 0.919589
vn -0.139914 -0.139919 -0.980228
vn -0.094641 -0.281809 -0.954792
vn -0.281800 -0.094642 -0.954794
vn 0.281812 -0.094644 -0.954790
vn 0.094644 -0.281809 -0.954791
vn 0.139920 -0.139919 -0.980227
vn 0.277815 -0.277813 0.919586
vn 0.194194 -0.563147 0.803215
vn 0.563152 -0.194194 0.803212
vn 0.094644 0.281810 -0.954791
vn 0.139920 0.139920 -0.980227
vn -0.139914 0.139920 -0.980228
vn -0.139914 0.139920 -0.980228
vn -0.094641 0.281810 -0.954791
vn 0.094644 0.281810 -0.954791
vn -0.707093 0.707121 0.000000
vn -0.923876 0.382693 0.000000
vn -0.923876 0.382693 0.000000
vn -0.923876 0.382693 0.000000
vn -0.707093 0.707121 0.000000
vn -0.707093 0.707121 0.000000
vn -0.194189 0.563149 0.803215
vn -0.277806 0.277815 0.919588
vn 0.277815 0.277815 0.919586
vn 0.277815 0.277815 0.919586
vn 0.194195 0.563149 0.803213
vn -0.194189 0.563149 0.803215
vn 0.707110 0.707104 0.000000
vn 0.923880 0.382682 0.000000
vn 0.923880 0.382682 0.000000
vn 0.923880 0.382682 0.000000
vn 0.707110 0.707104 0.000000
vn 0.707110 0.707104 0.000000
vn 0.707111 -0.707103 -0.000000
vn 0.923881 -0.382681 -0.000000
vn 0.923881 -0.382681 -0.000000
vn 0.923881 -0.382681 -0.000000
vn 0.707111 -0.707103 -0.000000
vn 0.707111 -0.707103 -0.000000
vn 0.194194 -0.563147 0.803215
vn 0.277815 -0.277813 0.919586
vn -0.277805 -0.277815 0.919589
vn -0.277805 -0.277815 0.919589
vn -0.194190 -0.563148 0.803215
vn 0.194194 -0.563147 0.803215
vn -0.707094 -0.707119 -0.000000
vn -0.923876 -0.382692 -0.000000
vn -0.923876 -0.382692 -0.000000
vn -0.923876 -0.382692 -0.000000
vn -0.707094 -0.707119 -0.000000
vn -0.707094 -0.707119 -0.000000
vn -0.094641 -0.281809 -0.954792
vn -0.139914 -0.139919 -0.980228
vn 0.139920 -0.139919 -0.980227
vn 0.139920 -0.139919 -0.980227
vn 0.094644 -0.281809 -0.954791
vn -0.094641 -0.281809 -0.954792
vn 0.277815 -0.277813 0.919586
vn 0.563152 -0.194194 0.803212
vn 0.563152 0.194195 0.803211
vn 0.563152 0.194195 0.803211
vn 0.277815 0.277815 0.919586
vn 0.277815 -0.277813 0.919586
vn -0.277806 0.277815 0.919588
vn -0.563134 0.194193 0.803224
vn -0.563134 -0.194193 0.803224
vn -0.563134 -0.194193 0.803224
vn -0.277805 -0.277815 0.919589
vn -0.277806 0.277815 0.919588
vn 0.281812 -0.094644 -0.954790
vn 0.139920 -0.139919 -0.980227
vn 0.139920 0.139920 -0.980227
vn 0.139920 0.139920 -0.980227
vn 0.281812 0.094644 -0.954790
vn 0.281812 -0.094644 -0.954790
vn -0.139914 -0.139919 -0.980228
vn -0.281800 -0.094642 -0.954794
vn -0.281800 0.094642 -0.954794
vn -0.281800 0.094642 -0.954794
vn -0.139914 0.139920 -0.980228
vn -0.139914 -0.139919 -0.980228
s off
g SM_Bed_01
f 1/1/1 2/2/2 33/3/3
f 36/43/4 24/45/5 35/40/6
f 35/40/7 31/42/8 36/43/9
f 2/2/10 4/6/11 8/4/12
f 8/4/13 10/5/14 2/2/15
f 11/19/16 7/20/17 14/7/18
f 14/7/19 34/8/20 11/19/21
f 16/23/22 13/24/23 19/21/24
f 19/21/25 21/22/26 16/23/27
f 22/27/28 18/28/29 5/25/30
f 5/25/31 33/3/32 22/27/33
f 8/11/34 4/12/35 27/9/36
f 27/9/37 25/10/38 8/11/39
f 7/15/40 24/16/41 36/13/42
f 36/13/43 14/14/44 7/15/45
f 13/26/46 29/29/47 32/17/48
f 32/17/49 19/18/50 13/26/51
f 18/38/52 31/41/53 35/30/54
f 35/30/55 5/33/56 18/38/57
f 4/6/58 2/2/59 1/1/60
f 1/1/61 3/31/62 4/6/63
f 10/5/64 8/4/65 6/32/66
f 6/32/67 9/34/68 10/5/69
f 7/20/70 11/19/71 9/34/72
f 9/34/73 6/32/74 7/20/75
f 34/8/76 14/7/77 12/35/78
f 12/35/79 15/36/80 34/8/81
f 13/24/82 16/23/83 15/36/84
f 15/36/85 12/35/86 13/24/87
f 21/22/88 19/21/89 17/37/90
f 17/37/91 20/39/92 21/22/93
f 18/28/94 22/27/95 20/39/96
f 20/39/97 17/37/98 18/28/99
f 5/25/100 3/31/101 1/1/102
f 1/1/103 33/3/104 5/25/105
f 8/11/106 25/10/107 23/44/108
f 23/44/109 6/47/110 8/11/111
f 27/9/112 4/12/113 3/52/114
f 3/52/115 26/53/116 27/9/117
f 24/16/118 7/15/119 6/47/120
f 6/47/121 23/44/122 24/16/123
f 14/14/124 36/13/125 28/55/126
f 28/55/127 12/54/128 14/14/129
f 29/29/130 13/26/131 12/54/132
f 12/54/133 28/55/134 29/29/135
f 19/18/136 32/17/137 30/56/138
f 30/56/139 17/57/140 19/18/141
f 31/41/142 18/38/143 17/61/144
f 17/61/145 30/62/146 31/41/147
f 5/33/148 35/30/149 26/53/150
f 26/53/151 3/52/152 5/33/153
f 21/22/154 20/39/155 22/27/156
f 10/5/157 9/34/158 11/19/159
f 15/36/160 16/23/161 34/8/162
f 21/22/163 22/27/164 34/8/165
f 34/8/166 16/23/167 21/22/168
f 34/8/169 22/27/170 33/3/171
f 33/3/172 11/19/173 34/8/174
f 10/5/175 11/19/176 33/3/177
f 33/3/178 2/2/179 10/5/180
f 24/45/181 23/46/182 25/48/183
f 25/48/184 27/49/185 35/40/186
f 35/40/187 24/45/188 25/48/189
f 27/49/190 26/50/191 35/40/192
f 31/42/193 30/51/194 32/58/195
f 32/58/196 29/59/197 36/43/198
f 36/43/199 31/42/200 32/58/201
f 36/43/202 29/59/203 28/60/204
f 57/63/205 37/64/206 69/65/207
f 51/100/208 61/112/209 40/66/210
f 53/94/211 45/97/212 38/96/213
f 38/96/214 37/64/215 53/94/216
f 54/70/217 46/71/218 70/72/219
f 70/72/220 48/73/221 54/70/222
f 55/110/223 47/105/224 50/104/225
f 50/104/226 49/109/227 55/110/228
f 56/90/229 44/91/230 69/65/231
f 69/65/232 39/92/233 56/90/234
f 53/74/235 51/75/236 43/76/237
f 43/76/238 45/77/239 53/74/240
f 72/78/241 71/79/242 46/80/243
f 46/80/244 54/81/245 72/78/246
f 42/82/247 52/83/248 47/84/249
f 47/84/250 55/85/251 42/82/252
f 41/86/253 40/87/254 44/88/255
f 44/88/256 56/89/257 41/86/258
f 65/93/259 53/94/260 37/64/261
f 37/64/262 57/63/263 65/93/264
f 58/95/265 38/96/266 45/97/267
f 45/97/268 66/98/269 58/95/270
f 46/71/271 67/99/272 59/102/273
f 59/102/274 70/72/275 46/71/276
f 60/103/277 50/104/278 47/105/279
f 47/105/280 68/108/281 60/103/282
f 66/106/283 45/77/284 43/76/285
f 43/76/286 64/107/287 66/106/288
f 61/111/289 51/75/290 53/74/291
f 53/74/292 65/113/293 61/111/294
f 67/119/295 46/122/296 71/121/297
f 71/121/298 63/120/299 67/119/300
f 68/115/301 47/84/302 52/83/303
f 52/83/304 62/117/305 68/115/306
f 44/91/307 65/93/308 57/63/309
f 57/63/310 69/65/311 44/91/312
f 48/73/313 58/95/314 66/98/315
f 66/98/316 54/70/317 48/73/318
f 49/109/319 59/102/320 67/99/321
f 67/99/322 55/110/323 49/109/324
f 39/92/325 60/103/326 68/108/327
f 68/108/328 56/90/329 39/92/330
f 54/81/331 66/106/332 64/107/333
f 64/107/334 72/78/335 54/81/336
f 40/87/337 61/111/338 65/113/339
f 65/113/340 44/88/341 40/87/342
f 55/85/343 67/119/344 63/120/345
f 63/120/346 42/82/347 55/85/348
f 56/89/349 68/115/350 62/117/351
f 62/117/352 41/86/353 56/89/354
f 38/96/355 58/95/356 48/73/357
f 37/64/358 38/96/359 48/73/360
f 48/73/361 69/65/362 37/64/363
f 59/102/364 49/109/365 70/72/366
f 49/109/367 50/104/368 39/92/369
f 39/92/370 70/72/371 49/109/372
f 50/104/373 60/103/374 39/92/375
f 39/92/376 69/65/377 48/73/378
f 48/73/379 70/72/380 39/92/381
f 64/118/382 43/69/383 72/124/384
f 51/100/385 40/66/386 72/124/387
f 72/124/388 43/69/389 51/100/390
f 41/67/391 62/114/392 52/101/393
f 52/101/394 42/68/395 71/123/396
f 71/123/397 41/67/398 52/101/399
f 71/123/400 42/68/401 63/116/402
f 41/67/403 71/123/404 72/124/405
f 72/124/406 40/66/407 41/67/408
f 73/125/409 75/127/410 74/126/411
f 76/128/412 79/131/413 78/130/414
f 78/130/415 77/129/416 76/128/417
f 74/126/418 82/134/419 81/133/420
f 81/133/421 80/132/422 74/126/423
f 83/135/424 86/138/425 85/137/426
f 85/137/427 84/136/428 83/135/429
f 87/139/430 90/142/431 89/141/432
f 89/141/433 88/140/434 87/139/435
f 91/143/436 75/127/437 93/145/438
f 93/145/439 92/144/440 91/143/441
f 81/146/442 95/149/443 94/148/444
f 94/148/445 80/147/446 81/146/447
f 84/150/448 85/153/449 76/152/450
f 76/152/451 77/151/452 84/150/453
f 88/154/454 89/157/455 97/156/456
f 97/156/457 96/155/458 88/154/459
f 92/158/460 93/161/461 78/160/462
f 78/160/463 79/159/464 92/158/465
f 80/132/466 98/162/467 73/125/468
f 73/125/469 74/126/470 80/132/471
f 82/134/472 100/164/473 99/163/474
f 99/163/475 81/133/476 82/134/477
f 84/136/478 99/163/479 100/164/480
f 100/164/481 83/135/482 84/136/483
f 86/138/484 102/166/485 101/165/486
f 101/165/487 85/137/488 86/138/489
f 88/140/490 101/165/491 102/166/492
f 102/166/493 87/139/494 88/140/495
f 90/142/496 104/168/497 103/167/498
f 103/167/499 89/141/500 90/142/501
f 92/144/502 103/167/503 104/168/504
f 104/168/505 91/143/506 92/144/507
f 93/145/508 75/127/509 73/125/510
f 73/125/511 98/162/512 93/145/513
f 81/146/514 99/170/515 105/169/516
f 105/169/517 95/149/518 81/146/519
f 94/148/520 106/172/521 98/171/522
f 98/171/523 80/147/524 94/148/525
f 77/151/526 105/169/527 99/170/528
f 99/170/529 84/150/530 77/151/531
f 85/153/532 101/174/533 107/173/534
f 107/173/535 76/152/536 85/153/537
f 96/155/538 107/173/539 101/174/540
f 101/174/541 88/154/542 96/155/543
f 89/157/544 103/176/545 108/175/546
f 108/175/547 97/156/548 89/157/549
f 79/159/550 108/178/551 103/177/552
f 103/177/553 92/158/554 79/159/555
f 93/161/556 98/171/557 106/172/558
f 106/172/559 78/160/560 93/161/561
f 90/142/562 91/143/563 104/168/564
f 82/134/565 83/135/566 100/164/567
f 102/166/568 86/138/569 87/139/570
f 90/142/571 87/139/572 86/138/573
f 86/138/574 91/143/575 90/142/576
f 86/138/577 83/135/578 75/127/579
f 75/127/580 91/143/581 86/138/582
f 82/134/583 74/126/584 75/127/585
f 75/127/586 83/135/587 82/134/588
f 77/129/589 95/180/590 105/179/591
f 95/180/592 77/129/593 78/130/594
f 78/130/595 94/181/596 95/180/597
f 94/181/598 78/130/599 106/182/600
f 79/131/601 97/184/602 108/183/603
f 97/184/604 79/131/605 76/128/606
f 76/128/607 96/185/608 97/184/609
f 76/128/610 107/186/611 96/185/612
f 109/187/613 111/189/614 110/188/615
f 112/190/616 114/192/617 113/191/618
f 115/193/619 110/188/620 117/195/621
f 117/195/622 116/194/623 115/193/624
f 118/196/625 121/199/626 120/198/627
f 120/198/628 119/197/629 118/196/630
f 122/200/631 125/203/632 124/202/633
f 124/202/634 123/201/635 122/200/636
f 126/204/637 128/206/638 111/189/639
f 111/189/640 127/205/641 126/204/642
f 115/207/643 116/210/644 129/209/645
f 129/209/646 112/208/647 115/207/648
f 130/211/649 118/214/650 119/213/651
f 119/213/652 131/212/653 130/211/654
f 132/215/655 122/218/656 123/217/657
f 123/217/658 133/216/659 132/215/660
f 134/219/661 126/222/662 127/221/663
f 127/221/664 114/220/665 134/219/666
f 135/223/667 109/187/668 110/188/669
f 110/188/670 115/193/671 135/223/672
f 136/224/673 137/225/674 116/194/675
f 116/194/676 117/195/677 136/224/678
f 119/197/679 120/198/680 139/227/681
f 139/227/682 138/226/683 119/197/684
f 140/228/685 141/229/686 123/201/687
f 123/201/688 124/202/689 140/228/690
f 137/230/691 142/231/692 129/209/693
f 129/209/694 116/210/695 137/230/696
f 113/232/697 135/233/698 115/207/699
f 115/207/700 112/208/701 113/232/702
f 138/234/703 143/237/704 131/236/705
f 131/236/706 119/235/707 138/234/708
f 141/238/709 144/239/710 133/216/711
f 133/216/712 123/217/713 141/238/714
f 127/205/715 111/189/716 109/187/717
f 109/187/718 135/223/719 127/205/720
f 121/199/721 118/196/722 137/225/723
f 137/225/724 136/224/725 121/199/726
f 125/203/727 122/200/728 138/226/729
f 138/226/730 139/227/731 125/203/732
f 128/206/733 126/204/734 141/229/735
f 141/229/736 140/228/737 128/206/738
f 118/214/739 130/211/740 142/231/741
f 142/231/742 137/230/743 118/214/744
f 114/220/745 127/221/746 135/233/747
f 135/233/748 113/232/749 114/220/750
f 122/218/751 132/215/752 143/237/753
f 143/237/754 138/234/755 122/218/756
f 126/222/757 134/219/758 144/239/759
f 144/239/760 141/238/761 126/222/762
f 117/195/763 121/199/764 136/224/765
f 110/188/766 111/189/767 121/199/768
f 121/199/769 117/195/770 110/188/771
f 139/227/772 120/198/773 125/203/774
f 125/203/775 120/198/776 128/206/777
f 128/206/778 124/202/779 125/203/780
f 124/202/781 128/206/782 140/228/783
f 128/206/784 120/198/785 121/199/786
f 121/199/787 111/189/788 128/206/789
f 142/240/790 130/242/791 129/241/792
f 112/190/793 129/241/794 130/242/795
f 130/242/796 114/192/797 112/190/798
f 134/243/799 133/245/800 144/244/801
f 133/245/802 134/243/803 131/247/804
f 131/247/805 132/246/806 133/245/807
f 131/247/808 143/248/809 132/246/810
f 134/243/811 114/192/812 130/242/813
f 130/242/814 131/247/815 134/243/816
f 145/251/817 156/253/818 158/249/819
f 158/249/820 148/250/821 145/251/822
f 161/256/823 163/261/824 165/254/825
f 165/254/826 167/255/827 161/256/828
f 154/259/829 162/260/830 152/257/831
f 152/257/832 146/258/833 154/259/834
f 155/270/835 168/271/836 151/262/837
f 151/262/838 147/269/839 155/270/840
f 157/264/841 166/265/842 150/252/843
f 150/252/844 159/263/845 157/264/846
f 160/289/847 164/290/848 149/272/849
f 149/272/850 153/288/851 160/289/852
f 145/273/853 153/274/854 154/259/855
f 146/258/856 155/275/857 156/276/858
f 147/266/859 157/264/860 158/267/861
f 148/268/862 159/263/863 160/277/864
f 149/281/865 161/282/866 162/260/867
f 150/252/868 163/278/869 164/279/870
f 151/280/871 165/283/872 166/265/873
f 152/257/874 167/286/875 168/287/876
f 158/267/877 157/264/878 159/263/879
f 159/263/880 148/268/881 158/267/882
f 148/789/883 160/289/884 153/288/885
f 153/288/886 145/790/887 148/789/888
f 145/273/889 154/259/890 146/258/891
f 146/258/892 156/276/893 145/273/894
f 156/788/895 155/270/896 147/269/897
f 147/269/898 158/787/899 156/788/900
f 165/284/901 151/262/902 168/271/903
f 168/271/904 167/285/905 165/284/906
f 167/286/907 152/257/908 162/260/909
f 162/260/910 161/282/911 167/286/912
f 161/791/913 149/272/914 164/290/915
f 164/290/916 163/792/917 161/791/918
f 163/278/919 150/252/920 166/265/921
f 166/265/922 165/283/923 163/278/924
f 152/257/925 168/287/926 155/275/927
f 155/275/928 146/258/929 152/257/930
f 154/259/931 153/274/932 149/281/933
f 149/281/934 162/260/935 154/259/936
f 151/280/937 166/265/938 157/264/939
f 157/264/940 147/266/941 151/280/942
f 150/252/943 164/279/944 160/277/945
f 160/277/946 159/263/947 150/252/948
f 171/301/949 172/302/950 169/299/951
f 169/299/952 170/300/953 171/301/954
f 175/305/955 176/306/956 173/303/957
f 173/303/958 174/304/959 175/305/960
f 179/293/961 180/294/962 177/291/963
f 177/291/964 178/292/965 179/293/966
f 183/533/967 184/534/968 181/531/969
f 181/531/970 182/532/971 183/533/972
f 187/317/973 188/318/974 185/315/975
f 185/315/976 186/316/977 187/317/978
f 191/537/979 192/538/980 189/535/981
f 189/535/982 190/536/983 191/537/984
f 171/295/985 190/296/986 179/293/987
f 178/292/988 183/297/989 172/298/990
f 182/323/991 187/317/992 169/324/993
f 170/325/994 186/316/995 191/326/996
f 189/307/997 175/308/998 180/294/999
f 185/315/1000 176/327/1001 192/328/1002
f 181/329/1003 173/330/1004 188/318/1005
f 177/291/1006 174/309/1007 184/310/1008
f 169/324/1009 187/317/1010 186/316/1011
f 186/316/1012 170/325/1013 169/324/1014
f 170/300/1015 191/321/1016 190/320/1017
f 190/320/1018 171/301/1019 170/300/1020
f 171/295/1021 179/293/1022 178/292/1023
f 178/292/1024 172/298/1025 171/295/1026
f 172/302/1027 183/313/1028 182/312/1029
f 182/312/1030 169/299/1031 172/302/1032
f 173/303/1033 181/311/1034 184/314/1035
f 184/314/1036 174/304/1037 173/303/1038
f 174/309/1039 177/291/1040 180/294/1041
f 180/294/1042 175/308/1043 174/309/1044
f 175/305/1045 189/319/1046 192/322/1047
f 192/322/1048 176/306/1049 175/305/1050
f 176/327/1051 185/315/1052 188/318/1053
f 188/318/1054 173/330/1055 176/327/1056
f 177/291/1057 184/310/1058 183/297/1059
f 183/297/1060 178/292/1061 177/291/1062
f 179/293/1063 190/296/1064 189/307/1065
f 189/307/1066 180/294/1067 179/293/1068
f 181/329/1069 188/318/1070 187/317/1071
f 187/317/1072 182/323/1073 181/329/1074
f 185/315/1075 192/328/1076 191/326/1077
f 191/326/1078 186/316/1079 185/315/1080
f 201/333/1081 220/339/1082 221/340/1083
f 221/340/1084 205/341/1085 201/333/1086
f 209/331/1087 213/332/1088 252/334/1089
f 252/334/1090 251/336/1091 209/331/1092
f 199/337/1093 204/338/1094 254/342/1095
f 254/342/1096 253/348/1097 199/337/1098
f 212/349/1099 195/350/1100 256/351/1101
f 256/351/1102 255/352/1103 212/349/1104
f 214/343/1105 205/341/1106 221/340/1107
f 221/340/1108 234/344/1109 214/343/1110
f 195/350/1111 208/353/1112 262/354/1113
f 262/354/1114 256/351/1115 195/350/1116
f 198/345/1117 200/346/1118 202/347/1119
f 238/371/1120 223/372/1121 210/373/1122
f 210/373/1123 202/347/1124 238/371/1125
f 200/346/1126 193/374/1127 202/347/1128
f 253/348/1129 252/334/1130 213/332/1131
f 213/332/1132 199/337/1133 253/348/1134
f 255/352/1135 254/342/1136 204/338/1137
f 204/338/1138 212/349/1139 255/352/1140
f 204/338/1141 199/337/1142 210/355/1143
f 210/355/1144 194/356/1145 204/338/1146
f 196/515/1147 206/523/1148 207/524/1149
f 205/358/1150 195/350/1151 212/349/1152
f 212/349/1153 201/357/1154 205/358/1155
f 203/377/1156 193/378/1157 200/375/1158
f 200/375/1159 211/376/1160 203/377/1161
f 213/332/1162 202/379/1163 210/355/1164
f 210/355/1165 199/337/1166 213/332/1167
f 207/524/1168 215/517/1169 197/516/1170
f 197/516/1171 196/515/1172 207/524/1173
f 208/353/1174 195/350/1175 205/358/1176
f 205/358/1177 214/380/1178 208/353/1179
f 209/331/1180 198/382/1181 202/379/1182
f 202/379/1183 213/332/1184 209/331/1185
f 211/376/1186 200/375/1187 198/382/1188
f 198/382/1189 209/331/1190 211/376/1191
f 201/357/1192 212/349/1193 204/338/1194
f 204/338/1195 194/356/1196 201/357/1197
f 241/387/1198 203/377/1199 268/388/1200
f 268/388/1201 295/389/1202 241/387/1203
f 241/387/1204 239/390/1205 193/378/1206
f 193/378/1207 203/377/1208 241/387/1209
f 219/362/1210 216/363/1211 217/360/1212
f 217/360/1213 218/361/1214 219/362/1215
f 216/335/1216 270/368/1217 262/369/1218
f 262/369/1219 208/370/1220 216/335/1221
f 208/370/1222 214/403/1223 217/402/1224
f 217/402/1225 216/335/1226 208/370/1227
f 214/780/1228 234/404/1229 245/405/1230
f 245/405/1231 217/779/1232 214/780/1233
f 197/366/1234 215/367/1235 219/364/1236
f 219/364/1237 218/365/1238 197/366/1239
f 196/515/1240 230/518/1241 242/519/1242
f 242/519/1243 206/523/1244 196/515/1245
f 218/361/1246 217/360/1247 245/398/1248
f 245/398/1249 246/399/1250 218/361/1251
f 197/366/1252 218/365/1253 246/406/1254
f 246/406/1255 231/407/1256 197/366/1257
f 194/383/1258 210/373/1259 223/372/1260
f 223/372/1261 222/381/1262 194/383/1263
f 278/392/1264 279/393/1265 225/394/1266
f 225/394/1267 224/391/1268 278/392/1269
f 228/395/1270 282/396/1271 283/397/1272
f 283/397/1273 229/415/1274 228/395/1275
f 196/515/1276 197/516/1277 231/520/1278
f 231/520/1279 230/518/1280 196/515/1281
f 283/397/1282 289/416/1283 235/417/1284
f 235/417/1285 229/415/1286 283/397/1287
f 220/339/1288 201/333/1289 194/383/1290
f 194/383/1291 222/381/1292 220/339/1293
f 236/384/1294 238/371/1295 237/385/1296
f 237/385/1297 238/371/1298 239/386/1299
f 238/371/1300 202/347/1301 193/374/1302
f 193/374/1303 239/386/1304 238/371/1305
f 227/418/1306 281/419/1307 282/396/1308
f 282/396/1309 228/395/1310 227/418/1311
f 227/418/1312 222/429/1313 223/420/1314
f 223/420/1315 226/424/1316 227/418/1317
f 230/518/1318 233/521/1319 242/519/1320
f 221/430/1321 220/431/1322 228/395/1323
f 228/395/1324 229/415/1325 221/430/1326
f 241/387/1327 240/434/1328 237/432/1329
f 237/432/1330 239/390/1331 241/387/1332
f 225/394/1333 226/424/1334 223/420/1335
f 223/420/1336 238/435/1337 225/394/1338
f 233/521/1339 230/518/1340 231/520/1341
f 231/520/1342 232/522/1343 233/521/1344
f 235/417/1345 234/436/1346 221/430/1347
f 221/430/1348 229/415/1349 235/417/1350
f 224/391/1351 225/394/1352 238/435/1353
f 238/435/1354 236/437/1355 224/391/1356
f 240/434/1357 224/391/1358 236/437/1359
f 236/437/1360 237/432/1361 240/434/1362
f 220/431/1363 222/429/1364 227/418/1365
f 227/418/1366 228/395/1367 220/431/1368
f 244/511/1369 243/512/1370 298/513/1371
f 298/513/1372 297/514/1373 244/511/1374
f 244/401/1375 246/399/1376 245/398/1377
f 245/398/1378 243/400/1379 244/401/1380
f 235/446/1381 289/447/1382 298/448/1383
f 298/448/1384 243/445/1385 235/446/1386
f 235/446/1387 243/445/1388 245/782/1389
f 245/782/1390 234/781/1391 235/446/1392
f 231/407/1393 246/406/1394 244/408/1395
f 244/408/1396 232/409/1397 231/407/1398
f 269/359/1399 206/410/1400 242/453/1401
f 242/453/1402 296/498/1403 269/359/1404
f 247/411/1405 248/412/1406 275/413/1407
f 275/413/1408 274/414/1409 247/411/1410
f 259/525/1411 215/526/1412 207/527/1413
f 207/527/1414 260/528/1415 259/525/1416
f 261/423/1417 288/425/1418 275/413/1419
f 275/413/1420 248/412/1421 261/423/1422
f 263/426/1423 265/427/1424 264/428/1425
f 250/454/1426 277/455/1427 291/456/1428
f 291/456/1429 265/427/1430 250/454/1431
f 264/428/1432 265/427/1433 266/457/1434
f 267/438/1435 211/376/1436 209/331/1437
f 209/331/1438 251/336/1439 267/438/1440
f 268/388/1441 203/377/1442 211/376/1443
f 211/376/1444 267/438/1445 268/388/1446
f 254/342/1447 249/440/1448 250/439/1449
f 250/439/1450 253/348/1451 254/342/1452
f 257/421/1453 260/503/1454 269/422/1455
f 248/458/1456 247/459/1457 255/352/1458
f 255/352/1459 256/351/1460 248/458/1461
f 268/388/1462 267/438/1463 264/460/1464
f 264/460/1465 266/461/1466 268/388/1467
f 252/334/1468 253/348/1469 250/439/1470
f 250/439/1471 265/462/1472 252/334/1473
f 260/503/1474 257/421/1475 258/433/1476
f 258/433/1477 259/502/1478 260/503/1479
f 262/354/1480 261/463/1481 248/458/1482
f 248/458/1483 256/351/1484 262/354/1485
f 251/336/1486 252/334/1487 265/462/1488
f 265/462/1489 263/469/1490 251/336/1491
f 267/438/1492 251/336/1493 263/469/1494
f 263/469/1495 264/460/1496 267/438/1497
f 247/459/1498 249/440/1499 254/342/1500
f 254/342/1501 255/352/1502 247/459/1503
f 269/529/1504 260/528/1505 207/527/1506
f 207/527/1507 206/530/1508 269/529/1509
f 266/461/1510 293/474/1511 295/389/1512
f 295/389/1513 268/388/1514 266/461/1515
f 270/508/1516 216/509/1517 219/510/1518
f 219/510/1519 271/507/1520 270/508/1521
f 271/443/1522 273/444/1523 272/441/1524
f 272/441/1525 270/442/1526 271/443/1527
f 262/369/1528 270/368/1529 272/490/1530
f 272/490/1531 261/491/1532 262/369/1533
f 261/786/1534 272/785/1535 299/492/1536
f 299/492/1537 288/493/1538 261/786/1539
f 258/451/1540 273/452/1541 271/449/1542
f 271/449/1543 259/450/1544 258/451/1545
f 219/775/1546 215/776/1547 259/450/1548
f 259/450/1549 271/449/1550 219/775/1551
f 296/464/1552 284/465/1553 257/421/1554
f 257/421/1555 269/422/1556 296/464/1557
f 299/487/1558 272/441/1559 273/444/1560
f 273/444/1561 300/486/1562 299/487/1563
f 300/495/1564 273/772/1565 258/771/1566
f 258/771/1567 285/494/1568 300/495/1569
f 277/455/1570 250/454/1571 249/470/1572
f 249/470/1573 276/468/1574 277/455/1575
f 281/419/1576 227/418/1577 226/424/1578
f 226/424/1579 280/475/1580 281/419/1581
f 285/466/1582 258/433/1583 257/421/1584
f 257/421/1585 284/465/1586 285/466/1587
f 286/467/1588 287/478/1589 233/500/1590
f 233/500/1591 232/501/1592 286/467/1593
f 249/470/1594 247/411/1595 274/414/1596
f 274/414/1597 276/468/1598 249/470/1599
f 290/471/1600 292/472/1601 291/456/1602
f 292/472/1603 293/473/1604 291/456/1605
f 291/456/1606 293/473/1607 266/457/1608
f 266/457/1609 265/427/1610 291/456/1611
f 240/434/1612 294/476/1613 278/392/1614
f 278/392/1615 224/391/1616 240/434/1617
f 226/424/1618 225/394/1619 279/393/1620
f 279/393/1621 280/475/1622 226/424/1623
f 240/434/1624 241/387/1625 295/389/1626
f 295/389/1627 294/476/1628 240/434/1629
f 281/419/1630 280/475/1631 277/477/1632
f 277/477/1633 276/479/1634 281/419/1635
f 284/465/1636 296/464/1637 287/506/1638
f 275/481/1639 283/397/1640 282/396/1641
f 282/396/1642 274/480/1643 275/481/1644
f 295/389/1645 293/474/1646 292/482/1647
f 292/482/1648 294/476/1649 295/389/1650
f 279/393/1651 291/483/1652 277/477/1653
f 277/477/1654 280/475/1655 279/393/1656
f 287/506/1657 286/505/1658 285/466/1659
f 285/466/1660 284/465/1661 287/506/1662
f 289/416/1663 283/397/1664 275/481/1665
f 275/481/1666 288/484/1667 289/416/1668
f 278/392/1669 290/485/1670 291/483/1671
f 291/483/1672 279/393/1673 278/392/1674
f 294/476/1675 292/482/1676 290/485/1677
f 290/485/1678 278/392/1679 294/476/1680
f 274/480/1681 282/396/1682 281/419/1683
f 281/419/1684 276/479/1685 274/480/1686
f 296/504/1687 242/499/1688 233/500/1689
f 233/500/1690 287/478/1691 296/504/1692
f 297/488/1693 298/489/1694 299/487/1695
f 299/487/1696 300/486/1697 297/488/1698
f 289/447/1699 288/784/1700 299/783/1701
f 299/783/1702 298/448/1703 289/447/1704
f 285/773/1705 286/497/1706 297/496/1707
f 297/496/1708 300/774/1709 285/773/1710
f 286/497/1711 232/778/1712 244/777/1713
f 244/777/1714 297/496/1715 286/497/1716
f 347/539/1717 366/540/1718 320/541/1719
f 316/542/1720 317/543/1721 347/539/1722
f 317/543/1723 318/544/1724 347/539/1725
f 322/551/1726 350/555/1727 304/572/1728
f 304/572/1729 301/767/1730 322/551/1731
f 318/544/1732 327/639/1733 361/640/1734
f 320/541/1735 316/542/1736 347/539/1737
f 324/768/1738 350/555/1739 322/551/1740
f 329/769/1741 306/770/1742 301/767/1743
f 301/767/1744 304/572/1745 329/769/1746
f 348/548/1747 309/549/1748 330/554/1749
f 348/548/1750 363/557/1751 309/549/1752
f 332/563/1753 342/565/1754 354/566/1755
f 354/566/1756 333/587/1757 332/563/1758
f 348/548/1759 330/554/1760 341/592/1761
f 354/566/1762 334/608/1763 333/587/1764
f 342/565/1765 332/563/1766 338/630/1767
f 338/630/1768 348/548/1769 342/565/1770
f 338/630/1771 363/557/1772 348/548/1773
f 310/550/1774 311/558/1775 302/568/1776
f 302/568/1777 321/582/1778 310/550/1779
f 339/573/1780 362/574/1781 305/616/1782
f 305/616/1783 337/674/1784 339/573/1785
f 335/545/1786 315/546/1787 325/547/1788
f 325/547/1789 323/552/1790 335/545/1791
f 311/558/1792 312/583/1793 303/588/1794
f 303/588/1795 302/568/1796 311/558/1797
f 307/553/1798 326/556/1799 343/559/1800
f 343/559/1801 364/562/1802 307/553/1803
f 339/589/1804 310/550/1805 321/582/1806
f 321/582/1807 362/590/1808 339/589/1809
f 308/571/1810 331/593/1811 345/594/1812
f 345/594/1813 344/595/1814 308/571/1815
f 308/571/1816 344/595/1817 349/635/1818
f 349/635/1819 314/666/1820 308/571/1821
f 340/667/1822 346/690/1823 345/594/1824
f 345/594/1825 331/593/1826 340/667/1827
f 340/667/1828 313/696/1829 328/697/1830
f 328/697/1831 346/690/1832 340/667/1833
f 303/588/1834 323/591/1835 324/599/1836
f 304/575/1837 350/576/1838 358/577/1839
f 358/577/1840 352/578/1841 304/575/1842
f 312/583/1843 334/600/1844 335/601/1845
f 313/696/1846 336/700/1847 337/701/1848
f 315/546/1849 354/560/1850 359/561/1851
f 359/561/1852 356/564/1853 315/546/1854
f 427/579/1855 369/580/1856 347/581/1857
f 347/581/1858 357/584/1859 427/579/1860
f 349/635/1861 320/702/1862 366/706/1863
f 366/706/1864 367/710/1865 349/635/1866
f 344/595/1867 345/594/1868 317/711/1869
f 317/711/1870 316/713/1871 344/595/1872
f 345/594/1873 346/690/1874 318/714/1875
f 318/714/1876 317/711/1877 345/594/1878
f 321/582/1879 302/568/1880 322/602/1881
f 322/602/1882 301/604/1883 321/582/1884
f 318/714/1885 346/690/1886 328/697/1887
f 328/697/1888 327/716/1889 318/714/1890
f 327/675/1891 305/616/1892 360/676/1893
f 360/676/1894 361/691/1895 327/675/1896
f 320/702/1897 349/635/1898 344/595/1899
f 344/595/1900 316/713/1901 320/702/1902
f 323/552/1903 325/547/1904 350/567/1905
f 350/567/1906 324/569/1907 323/552/1908
f 322/602/1909 302/568/1910 303/588/1911
f 303/588/1912 324/599/1913 322/602/1914
f 352/578/1915 353/585/1916 329/586/1917
f 329/586/1918 304/575/1919 352/578/1920
f 306/605/1921 362/590/1922 321/582/1923
f 321/582/1924 301/604/1925 306/605/1926
f 331/593/1927 308/571/1928 330/717/1929
f 330/717/1930 309/728/1931 331/593/1932
f 340/667/1933 331/593/1934 309/728/1935
f 309/728/1936 363/729/1937 340/667/1938
f 311/558/1939 310/550/1940 332/606/1941
f 332/606/1942 333/607/1943 311/558/1944
f 338/693/1945 339/573/1946 337/674/1947
f 337/674/1948 336/694/1949 338/693/1950
f 336/700/1951 313/696/1952 340/667/1953
f 340/667/1954 363/729/1955 336/700/1956
f 308/571/1957 314/666/1958 341/730/1959
f 341/730/1960 330/717/1961 308/571/1962
f 354/560/1963 315/546/1964 335/545/1965
f 335/545/1966 334/570/1967 354/560/1968
f 312/583/1969 311/558/1970 333/607/1971
f 333/607/1972 334/600/1973 312/583/1974
f 365/598/1975 355/603/1976 342/609/1977
f 342/609/1978 348/610/1979 365/598/1980
f 332/606/1981 310/550/1982 339/589/1983
f 339/589/1984 338/624/1985 332/606/1986
f 348/610/1987 383/611/1988 430/612/1989
f 430/612/1990 365/598/1991 348/610/1992
f 337/701/1993 305/731/1994 328/697/1995
f 328/697/1996 313/696/1997 337/701/1998
f 303/588/1999 312/583/2000 335/601/2001
f 335/601/2002 323/591/2003 303/588/2004
f 356/564/2005 351/596/2006 325/547/2007
f 325/547/2008 315/546/2009 356/564/2010
f 329/695/2011 353/762/2012 357/763/2013
f 357/763/2014 319/764/2015 329/695/2016
f 325/547/2017 351/596/2018 358/597/2019
f 358/597/2020 350/567/2021 325/547/2022
f 351/613/2023 326/556/2024 352/578/2025
f 352/578/2026 358/577/2027 351/613/2028
f 327/716/2029 328/697/2030 305/731/2031
f 342/609/2032 355/603/2033 359/614/2034
f 359/614/2035 354/615/2036 342/609/2037
f 355/603/2038 343/559/2039 356/617/2040
f 356/617/2041 359/614/2042 355/603/2043
f 326/556/2044 307/553/2045 353/585/2046
f 353/585/2047 352/578/2048 326/556/2049
f 365/598/2050 364/562/2051 343/559/2052
f 343/559/2053 355/603/2054 365/598/2055
f 364/562/2056 365/598/2057 430/612/2058
f 430/612/2059 411/618/2060 364/562/2061
f 343/559/2062 326/556/2063 351/613/2064
f 351/613/2065 356/617/2066 343/559/2067
f 353/585/2068 307/553/2069 357/584/2070
f 329/695/2071 319/764/2072 360/676/2073
f 360/676/2074 306/765/2075 329/695/2076
f 362/574/2077 306/765/2078 360/676/2079
f 360/676/2080 319/764/2081 347/766/2082
f 347/766/2083 361/691/2084 360/676/2085
f 361/640/2086 347/539/2087 318/544/2088
f 362/574/2089 360/676/2090 305/616/2091
f 363/557/2092 338/630/2093 336/663/2094
f 349/635/2095 367/710/2096 434/732/2097
f 434/732/2098 314/666/2099 349/635/2100
f 368/664/2101 348/548/2102 341/592/2103
f 366/540/2104 347/539/2105 369/645/2106
f 307/553/2107 408/619/2108 427/579/2109
f 427/579/2110 357/584/2111 307/553/2112
f 307/553/2113 364/562/2114 411/618/2115
f 411/618/2116 408/619/2117 307/553/2118
f 348/548/2119 368/664/2120 383/665/2121
f 347/766/2122 319/764/2123 357/763/2124
f 369/645/2125 370/646/2126 366/540/2127
f 371/647/2128 369/645/2129 372/648/2130
f 372/648/2131 369/645/2132 373/651/2133
f 375/626/2134 374/632/2135 377/634/2136
f 377/634/2137 376/688/2138 375/626/2139
f 373/651/2140 379/652/2141 378/653/2142
f 370/646/2143 369/645/2144 371/647/2145
f 380/689/2146 375/626/2147 376/688/2148
f 381/756/2149 377/634/2150 374/632/2151
f 374/632/2152 382/757/2153 381/756/2154
f 383/665/2155 385/692/2156 384/718/2157
f 383/665/2158 384/718/2159 386/719/2160
f 388/720/2161 387/721/2162 390/722/2163
f 390/722/2164 389/723/2165 388/720/2166
f 383/665/2167 391/724/2168 385/692/2169
f 390/722/2170 387/721/2171 392/725/2172
f 389/723/2173 383/665/2174 393/726/2175
f 393/726/2176 388/720/2177 389/723/2178
f 393/726/2179 383/665/2180 386/719/2181
f 396/623/2182 395/625/2183 394/633/2184
f 394/633/2185 397/656/2186 396/623/2187
f 399/686/2188 398/698/2189 401/699/2190
f 401/699/2191 400/703/2192 399/686/2193
f 404/627/2194 403/628/2195 402/629/2196
f 402/629/2197 405/631/2198 404/627/2199
f 397/656/2200 394/633/2201 406/657/2202
f 406/657/2203 407/658/2204 397/656/2205
f 408/619/2206 411/618/2207 410/620/2208
f 410/620/2209 409/621/2210 408/619/2211
f 399/659/2212 400/660/2213 395/625/2214
f 395/625/2215 396/623/2216 399/659/2217
f 412/733/2218 415/734/2219 414/735/2220
f 414/735/2221 413/736/2222 412/733/2223
f 412/733/2224 416/737/2225 417/738/2226
f 417/738/2227 415/734/2228 412/733/2229
f 418/739/2230 413/736/2231 414/735/2232
f 414/735/2233 419/740/2234 418/739/2235
f 418/739/2236 419/740/2237 421/741/2238
f 421/741/2239 420/742/2240 418/739/2241
f 406/657/2242 380/661/2243 403/662/2244
f 377/622/2245 423/636/2246 422/637/2247
f 422/637/2248 376/638/2249 377/622/2250
f 407/658/2251 404/668/2252 392/669/2253
f 420/742/2254 398/743/2255 424/744/2256
f 405/631/2257 426/643/2258 425/644/2259
f 425/644/2260 390/650/2261 405/631/2262
f 366/706/2263 370/745/2264 417/738/2265
f 417/738/2266 367/710/2267 366/706/2268
f 415/734/2269 371/746/2270 372/747/2271
f 372/747/2272 414/735/2273 415/734/2274
f 414/735/2275 372/747/2276 373/748/2277
f 373/748/2278 419/740/2279 414/735/2280
f 395/625/2281 374/671/2282 375/672/2283
f 375/672/2284 394/633/2285 395/625/2286
f 373/748/2287 378/749/2288 421/741/2289
f 421/741/2290 419/740/2291 373/748/2292
f 378/704/2293 379/705/2294 428/707/2295
f 428/707/2296 401/699/2297 378/704/2298
f 370/745/2299 371/746/2300 415/734/2301
f 415/734/2302 417/738/2303 370/745/2304
f 403/628/2305 380/654/2306 376/677/2307
f 376/677/2308 402/629/2309 403/628/2310
f 375/672/2311 380/661/2312 406/657/2313
f 406/657/2314 394/633/2315 375/672/2316
f 423/636/2317 377/622/2318 381/641/2319
f 381/641/2320 429/642/2321 423/636/2322
f 382/673/2323 374/671/2324 395/625/2325
f 395/625/2326 400/660/2327 382/673/2328
f 413/736/2329 384/750/2330 385/751/2331
f 385/751/2332 412/733/2333 413/736/2334
f 418/739/2335 386/752/2336 384/750/2337
f 384/750/2338 413/736/2339 418/739/2340
f 397/656/2341 387/680/2342 388/681/2343
f 388/681/2344 396/623/2345 397/656/2346
f 393/708/2347 424/709/2348 398/698/2349
f 398/698/2350 399/686/2351 393/708/2352
f 424/744/2353 386/752/2354 418/739/2355
f 418/739/2356 420/742/2357 424/744/2358
f 412/733/2359 385/751/2360 391/753/2361
f 391/753/2362 416/737/2363 412/733/2364
f 390/650/2365 392/678/2366 404/627/2367
f 404/627/2368 405/631/2369 390/650/2370
f 407/658/2371 392/669/2372 387/680/2373
f 387/680/2374 397/656/2375 407/658/2376
f 430/612/2377 383/611/2378 389/649/2379
f 389/649/2380 431/655/2381 430/612/2382
f 388/681/2383 393/682/2384 399/659/2385
f 399/659/2386 396/623/2387 388/681/2388
f 398/743/2389 420/742/2390 421/741/2391
f 421/741/2392 401/754/2393 398/743/2394
f 406/657/2395 403/662/2396 404/668/2397
f 404/668/2398 407/658/2399 406/657/2400
f 426/643/2401 405/631/2402 402/629/2403
f 402/629/2404 432/685/2405 426/643/2406
f 381/712/2407 433/715/2408 427/758/2409
f 427/758/2410 429/759/2411 381/712/2412
f 402/629/2413 376/677/2414 422/687/2415
f 422/687/2416 432/685/2417 402/629/2418
f 432/670/2419 422/637/2420 423/636/2421
f 423/636/2422 409/621/2423 432/670/2424
f 378/749/2425 401/754/2426 421/741/2427
f 389/649/2428 390/679/2429 425/683/2430
f 425/683/2431 431/655/2432 389/649/2433
f 431/655/2434 425/683/2435 426/684/2436
f 426/684/2437 410/620/2438 431/655/2439
f 409/621/2440 423/636/2441 429/642/2442
f 429/642/2443 408/619/2444 409/621/2445
f 430/612/2446 431/655/2447 410/620/2448
f 410/620/2449 411/618/2450 430/612/2451
f 410/620/2452 426/684/2453 432/670/2454
f 432/670/2455 409/621/2456 410/620/2457
f 429/642/2458 427/579/2459 408/619/2460
f 381/712/2461 382/760/2462 428/707/2463
f 428/707/2464 433/715/2465 381/712/2466
f 400/703/2467 428/707/2468 382/760/2469
f 428/707/2470 379/705/2471 369/761/2472
f 369/761/2473 433/715/2474 428/707/2475
f 379/652/2476 373/651/2477 369/645/2478
f 400/703/2479 401/699/2480 428/707/2481
f 386/719/2482 424/727/2483 393/726/2484
f 417/738/2485 416/737/2486 434/732/2487
f 434/732/2488 367/710/2489 417/738/2490
f 368/664/2491 391/724/2492 383/665/2493
f 369/761/2494 427/758/2495 433/715/2496
f 314/666/2497 434/732/2498 368/755/2499
f 368/755/2500 341/730/2501 314/666/2502
f 368/755/2503 434/732/2504 416/737/2505
f 416/737/2506 391/753/2507 368/755/2508
f 435/793/2509 436/794/2510 437/795/2511
f 437/795/2512 438/796/2513 435/793/2514
f 439/797/2515 440/798/2516 441/799/2517
f 441/799/2518 442/800/2519 439/797/2520
f 443/801/2521 444/802/2522 445/803/2523
f 445/803/2524 446/804/2525 443/801/2526
f 447/805/2527 448/806/2528 449/807/2529
f 449/807/2530 450/808/2531 447/805/2532
f 451/809/2533 452/810/2534 453/811/2535
f 453/811/2536 454/812/2537 451/809/2538
f 455/813/2539 456/814/2540 457/815/2541
f 457/815/2542 458/816/2543 455/813/2544
f 435/817/2545 458/818/2546 443/801/2547
f 446/804/2548 447/819/2549 436/820/2550
f 450/821/2551 451/809/2552 437/822/2553
f 438/823/2554 454/812/2555 455/824/2556
f 457/825/2557 439/826/2558 444/802/2559
f 453/811/2560 440/827/2561 456/828/2562
f 449/829/2563 441/830/2564 452/810/2565
f 445/803/2566 442/831/2567 448/832/2568
f 437/822/2569 451/809/2570 454/812/2571
f 454/812/2572 438/823/2573 437/822/2574
f 438/833/2575 455/813/2576 458/816/2577
f 458/816/2578 435/834/2579 438/833/2580
f 435/817/2581 443/801/2582 446/804/2583
f 446/804/2584 436/820/2585 435/817/2586
f 436/835/2587 447/805/2588 450/808/2589
f 450/808/2590 437/836/2591 436/835/2592
f 441/837/2593 449/807/2594 448/806/2595
f 448/806/2596 442/838/2597 441/837/2598
f 442/831/2599 445/803/2600 444/802/2601
f 444/802/2602 439/826/2603 442/831/2604
f 439/839/2605 457/815/2606 456/814/2607
f 456/814/2608 440/840/2609 439/839/2610
f 440/827/2611 453/811/2612 452/810/2613
f 452/810/2614 441/830/2615 440/827/2616
f 445/803/2617 448/832/2618 447/819/2619
f 447/819/2620 446/804/2621 445/803/2622
f 443/801/2623 458/818/2624 457/825/2625
f 457/825/2626 444/802/2627 443/801/2628
f 449/829/2629 452/810/2630 451/809/2631
f 451/809/2632 450/821/2633 449/829/2634
f 453/811/2635 456/828/2636 455/824/2637
f 455/824/2638 454/812/2639 453/811/2640
