# This file uses feet as units for non-parametric coordinates.

g default
v -29.000000 8.999989 36.612736
v -36.500000 10.032471 36.612736
v -36.500000 0.000000 36.612736
v 29.000008 8.999990 36.612724
v 0.000004 8.999990 36.612732
v 36.499992 0.000000 -38.387272
v 36.500000 10.032471 -38.387272
v 36.500000 10.032471 36.612732
v 36.499996 0.000000 36.612728
v 28.999992 8.999990 -38.387268
v -36.500008 0.000000 -38.387268
v -36.500004 10.032471 -38.387260
v -0.000008 8.999990 -38.387268
v -73.944931 62.059860 -38.387253
v -73.229828 55.345016 -38.387257
v -70.016937 42.771065 -38.387264
v -64.756287 31.637627 -38.387264
v -49.057484 15.468460 -38.387264
v -42.571194 11.994728 -38.387268
v -74.000000 69.000000 36.612736
v -70.016922 42.771065 36.612743
v -67.617889 37.001808 36.612736
v -60.363586 25.469707 36.612740
v -55.059471 20.020058 36.612740
v -49.057472 15.468460 36.612736
v -66.500229 69.059494 36.612736
v -66.448090 62.487762 36.612736
v -65.810471 56.500488 36.612736
v -64.630310 50.763771 36.612736
v -62.954323 45.320129 36.612740
v -60.831062 40.214088 36.612740
v -58.366631 35.594452 36.612740
v -54.588013 30.288773 36.612736
v -50.078224 25.655251 36.612736
v -44.996117 21.801243 36.612736
v -39.609535 18.916477 36.612736
v -34.203239 17.143368 36.612736
v -28.572906 16.499989 36.612736
v -73.944931 62.059860 36.612736
v -73.229828 55.345016 36.612736
v -71.904022 48.900452 36.612743
v -64.756271 31.637627 36.612743
v -42.571182 11.994728 36.612736
v -74.000000 69.000000 -38.387253
v -66.448090 62.487762 -38.387257
v -66.500229 69.059494 -38.387260
v -65.810471 56.500488 -38.387253
v -71.904037 48.900452 -38.387268
v -64.630310 50.763771 -38.387260
v -62.954338 45.320129 -38.387253
v -67.617889 37.001808 -38.387260
v -60.831078 40.214088 -38.387260
v -58.366646 35.594452 -38.387253
v -60.363594 25.469707 -38.387260
v -54.588020 30.288773 -38.387260
v -55.059486 20.020058 -38.387260
v -50.078236 25.655251 -38.387260
v -44.996124 21.801243 -38.387268
v -39.609543 18.916477 -38.387268
v -34.203243 17.143368 -38.387260
v -29.000008 8.999989 -38.387268
v -28.572914 16.499989 -38.387260
v 73.944931 62.059860 -38.387276
v 73.944931 62.059860 36.612724
v 70.016922 42.771069 -38.387280
v 67.617897 37.001808 36.612724
v 64.756287 31.637630 36.612728
v 55.059479 20.020061 -38.387276
v 55.059486 20.020061 36.612724
v 49.057472 15.468460 -38.387272
v 49.057487 15.468460 36.612724
v 42.571175 11.994730 -38.387276
v 42.571198 11.994730 36.612732
v 66.500237 69.059486 36.612724
v 74.000000 69.000000 36.612724
v 66.448090 62.487759 36.612720
v 73.229843 55.345020 36.612728
v 65.810478 56.500488 36.612724
v 71.904037 48.900452 36.612724
v 64.630318 50.763771 36.612724
v 70.016937 42.771069 36.612728
v 62.954338 45.320129 36.612724
v 60.831078 40.214088 36.612724
v 58.366646 35.594452 36.612724
v 60.363594 25.469711 36.612724
v 54.588020 30.288771 36.612724
v 50.078239 25.655251 36.612724
v 44.996124 21.801241 36.612732
v 39.609543 18.916479 36.612732
v 34.203247 17.143370 36.612732
v 28.572918 16.499990 36.612732
v 0.000004 16.499990 36.612732
v 74.000000 69.000000 -38.387276
v 66.500221 69.059486 -38.387276
v 66.448074 62.487759 -38.387280
v 73.229828 55.345020 -38.387272
v 65.810463 56.500488 -38.387276
v 71.904022 48.900452 -38.387276
v 64.630302 50.763771 -38.387276
v 62.954323 45.320129 -38.387276
v 67.617882 37.001808 -38.387276
v 60.831062 40.214088 -38.387276
v 58.366631 35.594452 -38.387276
v 64.756271 31.637630 -38.387280
v 54.588005 30.288771 -38.387268
v 60.363586 25.469711 -38.387276
v 50.078224 25.655251 -38.387276
v 44.996117 21.801241 -38.387268
v 39.609535 18.916479 -38.387268
v 34.203232 17.143370 -38.387276
v 28.572906 16.499990 -38.387268
v -0.000004 16.499990 -38.387268
v -8.397423 103.889183 -35.434944
v -17.107702 102.818420 -35.528137
v -26.502853 100.718430 -35.575089
v -33.703560 98.573051 -35.930893
v -42.229134 94.684189 -35.846909
v -49.534756 90.135506 -35.365967
v -56.300865 84.091110 -33.500816
v -66.500229 69.059494 -31.476021
v -47.150826 80.259872 -28.006981
v -42.668903 76.186409 -27.923088
v -39.253952 71.257706 -26.373520
v -37.654793 64.435379 -25.705872
v -39.021175 50.921349 -25.715958
v -42.321785 42.316967 -25.371193
v -29.749592 43.326149 -25.461708
v -29.253174 73.316055 -22.482948
v -16.363453 74.334557 -21.812065
v -28.157574 62.047470 -21.699997
v -15.911961 62.028255 -20.889633
v -29.956211 49.221794 -23.071331
v -16.359951 49.205551 -22.629974
v -32.382042 85.248611 -25.910461
v -17.402054 87.332718 -24.760185
v -54.530674 81.917969 -29.837830
v -48.962364 82.908737 -28.844635
v -42.401485 82.683403 -27.399345
v -35.643456 70.749771 -24.408257
v -39.522285 43.225155 -25.336578
v -37.154125 50.298119 -24.270874
v -35.108299 61.563942 -23.806492
v -8.107887 104.267532 -38.387253
v -17.015730 103.189041 -38.387253
v -25.768875 101.268379 -38.387260
v -33.775063 98.728302 -38.387253
v -42.145905 94.863190 -38.387253
v -49.653305 90.171112 -38.387260
v -56.463547 84.422112 -38.387253
v -63.554359 74.392609 -38.387245
v -19.216461 95.218681 -28.291054
v -32.686302 92.451340 -29.364334
v -41.452965 89.750641 -30.198570
v -48.820194 86.330048 -30.531120
v -60.559925 79.532639 -32.595863
v -59.430515 76.446747 -28.734459
v -63.852486 74.211639 -31.771393
v -60.538963 79.602066 -38.387245
v -8.395790 101.649910 -32.169182
v -16.515991 100.733070 -32.216484
v -25.736259 99.058838 -32.740570
v -33.755863 96.778320 -33.152107
v -42.073315 93.216850 -33.266388
v -49.070965 88.961174 -32.865356
v -55.786484 83.081665 -31.862968
v -63.132813 74.037247 -29.923653
v -66.500229 69.059494 -28.843681
v -59.780445 78.816803 -30.275436
v -37.595665 57.841854 -25.723427
v -56.263615 78.436539 -28.695206
v -52.423443 79.730904 -28.664268
v -64.025589 68.808609 -28.618149
v -62.131874 73.254684 -28.711609
v 0.000000 96.527771 -28.220032
v 0.000000 104.204781 -35.423820
v 54.530670 81.917969 -29.837845
v 48.962368 82.908737 -28.844643
v 48.820213 86.330040 -30.531136
v 28.157572 62.047470 -21.700005
v 15.911928 62.028259 -20.889641
v 16.363438 74.334557 -21.812073
v 29.253159 73.316063 -22.482948
v 16.359943 49.205551 -22.629982
v 29.956188 49.221790 -23.071346
v 39.021194 50.921349 -25.715965
v 42.321777 42.316971 -25.371201
v 37.154129 50.298119 -24.270882
v 0.000000 74.638412 -21.621758
v 35.108284 61.563938 -23.806499
v 29.749578 43.326149 -25.461723
v 41.452965 89.750641 -30.198578
v 32.382034 85.248619 -25.910469
v 32.686287 92.451340 -29.364342
v 17.402040 87.332718 -24.760193
v 19.216442 95.218674 -28.291061
v 0.000000 88.488907 -24.652374
v 35.643425 70.749779 -24.408264
v 42.401489 82.683403 -27.399353
v 52.423454 79.730904 -28.664284
v 47.150810 80.259880 -28.006996
v 42.668900 76.186409 -27.923088
v 39.522278 43.225151 -25.336586
v 37.595650 57.841850 -25.723434
v 37.654831 64.435387 -25.705879
v -0.000008 104.572823 -38.387260
v 8.107864 104.267532 -38.387253
v 8.397415 103.889183 -35.434944
v 17.015724 103.189041 -38.387253
v 17.107666 102.818420 -35.528137
v 25.768852 101.268379 -38.387260
v 26.502831 100.718430 -35.575104
v 33.775043 98.728302 -38.387268
v 33.703541 98.573059 -35.930908
v 42.145885 94.863190 -38.387268
v 42.229141 94.684189 -35.846924
v 49.653309 90.171120 -38.387260
v 49.534737 90.135513 -35.365967
v 56.463551 84.422119 -38.387268
v 56.300861 84.091110 -33.500839
v 60.559910 79.532631 -32.595871
v 60.538944 79.602058 -38.387260
v 63.554325 74.392601 -38.387260
v 63.852478 74.211639 -31.771408
v 66.500221 69.059486 -31.476036
v 0.000000 102.053848 -32.348083
v 8.395767 101.649910 -32.169182
v 16.515978 100.733063 -32.216484
v 25.736227 99.058838 -32.740570
v 33.755856 96.778313 -33.152122
v 42.073296 93.216843 -33.266388
v 49.070965 88.961182 -32.865372
v 55.786491 83.081673 -31.862984
v 39.253967 71.257713 -26.373528
v 56.263607 78.436539 -28.695221
v 59.780437 78.816803 -30.275452
v 16.930626 102.671173 -39.380173
v 25.631458 100.758293 -39.356270
v 63.132805 74.037247 -29.923660
v 66.500214 69.059486 -28.843697
v 59.430534 76.446739 -28.734474
v 62.131874 73.254677 -28.711624
v 64.025581 68.808617 -28.618172
v -16.930639 102.671173 -39.380173
v -41.927383 94.450043 -39.292503
v -63.209618 74.217300 -39.039818
v -60.200317 79.348351 -39.142296
v -66.448090 62.487762 -38.387241
v -65.810471 56.500488 -38.387238
v -62.954338 45.320129 -38.387253
v -58.366646 35.594452 -38.387253
v -54.588020 30.288773 -38.387245
v -50.078236 25.655251 -38.387245
v -44.996124 21.801243 -38.387253
v -39.609543 18.916477 -38.387253
v -34.203243 17.143368 -38.387253
v -28.572914 16.499989 -38.387253
v -59.576569 78.881081 -39.929901
v -59.895348 40.656990 -39.929893
v -7.971375 102.559288 -39.929909
v -16.747549 101.557030 -39.929909
v -25.346405 99.700119 -39.929901
v -33.181652 97.158913 -39.929909
v -41.460316 93.566910 -39.929901
v -48.770344 88.944138 -39.929909
v -55.519028 83.433937 -39.929893
v -62.636108 73.925697 -39.929901
v -65.056297 68.970322 -39.929901
v -65.076561 62.544327 -39.929905
v -64.436150 56.696289 -39.929901
v -61.979095 45.627850 -39.929905
v -57.509293 36.125370 -39.929897
v -53.821831 30.928062 -39.929901
v -49.391476 26.432182 -39.929901
v -44.424725 22.692200 -39.929905
v -39.195206 19.884937 -39.929901
v -33.993553 18.102051 -39.929909
v -28.519844 17.537411 -39.929909
v -60.831078 40.214088 -38.387245
v -64.630310 50.763771 -38.387245
v -63.658409 51.011559 -39.929893
v -8.063141 103.707787 -39.396385
v -25.631462 100.758293 -39.356255
v -33.575768 98.201233 -39.370514
v -56.152893 84.097092 -39.234192
v -66.500229 69.059494 -38.387245
v -49.364193 89.769386 -39.305771
v -0.000004 17.952789 -39.929909
v 28.519844 17.537411 -39.929913
v 7.971367 102.559288 -39.929909
v -0.000008 102.925339 -39.929916
v 33.993553 18.102051 -39.929913
v 28.572910 16.499990 -38.387260
v 34.203236 17.143370 -38.387260
v 39.609531 18.916479 -38.387260
v 39.195190 19.884939 -39.929909
v 44.996113 21.801241 -38.387260
v 44.424713 22.692200 -39.929913
v 50.078220 25.655251 -38.387260
v 49.391464 26.432180 -39.929909
v 54.588009 30.288771 -38.387260
v 53.821823 30.928061 -39.929909
v 58.366627 35.594452 -38.387268
v 57.509277 36.125370 -39.929913
v 61.979080 45.627850 -39.929920
v 59.895332 40.656990 -39.929916
v 60.831059 40.214088 -38.387260
v 62.954319 45.320129 -38.387268
v 65.076553 62.544331 -39.929913
v 64.436134 56.696289 -39.929916
v 65.810455 56.500488 -38.387268
v 66.448074 62.487759 -38.387272
v 65.056282 68.970329 -39.929916
v 66.500214 69.059486 -38.387260
v -0.000004 16.499990 -38.387253
v 63.658394 51.011559 -39.929916
v 64.630295 50.763771 -38.387260
v 8.063133 103.707787 -39.396385
v -0.000008 104.041649 -39.372566
v 16.747543 101.557030 -39.929909
v 25.346397 99.700119 -39.929916
v 33.181648 97.158913 -39.929909
v 33.575768 98.201233 -39.370514
v 41.460312 93.566910 -39.929916
v 41.927387 94.450050 -39.292503
v 48.770325 88.944130 -39.929909
v 49.364197 89.769379 -39.305786
v 55.519020 83.433937 -39.929916
v 56.152885 84.097099 -39.234207
v 59.576553 78.881073 -39.929916
v 60.200314 79.348351 -39.142311
v 62.636093 73.925690 -39.929916
v 63.209614 74.217308 -39.039833
v -29.662029 40.141529 39.466927
v -39.591160 43.170975 36.598335
v -50.534714 31.550117 36.645809
v -50.078220 25.655251 36.598335
v -44.996113 21.801243 36.598335
v -39.609531 18.916477 36.598335
v -34.203243 17.143368 36.598335
v -28.666740 19.412609 39.484875
v -29.749592 43.326149 -25.461708
v -29.724554 44.223392 28.521347
v -29.730824 44.253204 -17.301296
v -39.551521 43.399506 28.559696
v -29.750820 43.328556 36.598335
v -40.866863 39.701611 39.558296
v -52.021374 27.658741 36.598335
v -48.678963 28.792969 39.566097
v -43.573254 24.360661 39.468307
v -38.592140 21.628609 39.482426
v -33.661488 19.957951 39.519714
v -28.572910 16.499989 36.598335
v -39.522285 43.225155 -25.336578
v -39.549011 43.401047 -17.337582
v -42.550140 42.048431 36.645794
v -39.920914 42.380180 38.916195
v -52.942753 28.598186 36.612732
v -50.358593 26.684940 39.130997
v -50.463043 30.937057 38.756847
v -42.321785 42.316952 -25.371197
v -42.165268 41.999615 38.656445
v -51.856033 29.082726 38.728634
v -29.728600 42.370720 38.847927
v -44.619450 22.474686 38.744347
v -39.332127 19.648270 38.698296
v -34.064251 17.863068 38.721237
v -28.596169 17.231169 38.774426
v -42.477558 42.409878 -17.337433
v -42.452991 42.403324 28.561356
v 28.666714 19.412609 39.484867
v 29.662014 40.141529 39.466923
v 33.661434 19.957951 39.519703
v 39.551571 43.399502 28.559689
v 29.724556 44.223389 28.521336
v 29.730818 44.253201 -17.301304
v 39.549004 43.401051 -17.337589
v 39.591183 43.170971 36.598331
v 39.522278 43.225151 -25.336586
v 42.165283 41.999611 38.656433
v 39.920929 42.380180 38.916183
v 50.534744 31.550119 36.598328
v 51.856049 29.082729 38.728626
v 50.463058 30.937059 38.756836
v 29.728584 42.370720 38.847923
v 40.866886 39.701611 39.558285
v 48.678978 28.792971 39.566086
v 50.358604 26.684940 39.130985
v 44.619473 22.474689 38.744343
v 43.573254 24.360661 39.468327
v 39.332115 19.648270 38.698288
v 38.592155 21.628611 39.482414
v 34.064194 17.863070 38.721230
v 28.596134 17.231171 38.774418
v 42.321785 42.316952 -25.371204
v 42.372738 42.401371 -17.337440
v 42.435532 42.394821 28.561348
v 42.550156 42.048431 36.645782
v 53.008804 28.666197 36.645798
v 52.021393 27.658739 36.598328
v 29.750801 43.328560 36.598328
v 50.078247 25.655251 36.598328
v 44.996117 21.801241 36.598328
v 39.609589 18.916479 36.598328
v 34.203239 17.143370 36.598328
v 28.572876 16.499990 36.598328
v 29.749578 43.326149 -25.461723
v -42.550140 42.048431 36.645794
v -39.159798 50.964024 36.693287
v -37.790703 64.417282 36.693287
v -39.371490 70.535332 36.693287
v -42.422394 75.710480 36.693287
v -47.127510 79.557968 36.693287
v -52.126320 80.918518 36.693287
v -57.135750 80.321190 36.693291
v -61.521667 77.862152 36.693291
v -64.776550 73.943634 36.693287
v -66.500229 69.059486 36.612743
v -66.448090 62.487762 36.612740
v -65.810471 56.500488 36.612736
v -62.954330 45.320126 36.612740
v -60.831070 40.214085 36.612740
v -58.366627 35.594444 36.612736
v -54.588013 30.288773 36.612736
v -42.321785 42.316967 -25.371193
v -39.021175 50.921341 -25.715958
v -37.654793 64.435379 -25.705872
v -39.253952 71.257706 -26.373520
v -42.190735 76.575150 -25.690742
v -46.826744 80.881683 -25.716721
v -52.097183 82.110153 -25.723183
v -57.169510 81.105347 -25.675049
v -61.302849 78.639900 -25.682129
v -64.611870 74.483162 -25.662498
v -66.500229 69.059479 -25.706436
v -50.534714 31.550117 36.645809
v -44.543583 43.686436 39.859726
v -41.487328 51.450916 39.877674
v -40.014114 64.246140 39.798107
v -41.827114 69.662704 39.880066
v -44.167007 74.206467 39.836956
v -48.181847 77.572189 39.808735
v -54.574757 78.533012 39.850777
v -60.756298 75.773300 39.853901
v -64.027283 69.149529 39.854313
v -63.889252 60.617676 39.801178
v -59.700077 43.822960 39.815441
v -55.745434 37.157978 39.929920
v -53.038265 33.118690 39.889557
v -52.942760 28.598179 36.612732
v -52.423443 79.730888 -28.664268
v -56.263615 78.436539 -28.695206
v -59.430515 76.446747 -28.734459
v -62.131874 73.254684 -28.711594
v -64.025574 68.808624 -28.618149
v -50.944763 31.838387 39.116528
v -42.980289 42.875702 38.993996
v -39.714703 51.101894 38.850906
v -38.193367 64.434479 38.971226
v -39.798473 70.395203 38.951996
v -42.740566 75.443291 38.645294
v -47.339039 79.155144 38.596016
v -52.156223 80.489792 38.599167
v -57.008354 79.942230 38.765999
v -61.289467 77.589890 38.858978
v -64.408798 73.764877 38.930775
v -66.051544 68.973389 38.960472
v -65.848587 62.537018 39.066353
v -65.241333 56.617805 39.103085
v -62.404938 45.486431 39.119400
v -60.352612 40.423298 39.182148
v -57.977627 35.820351 39.186298
v -54.198433 30.548721 39.170345
v -52.908978 29.470329 38.720566
v -47.150826 80.259842 -28.006981
v -52.140625 81.389053 -28.021408
v -56.992332 80.576218 -27.882401
v -60.909035 78.178589 -27.882164
v -64.097214 74.229813 -27.802132
v -66.500229 69.059494 -28.843666
v -64.630310 50.763771 36.612736
v -64.110809 50.885010 39.128086
v -62.022141 51.342812 39.899750
v -40.183914 58.083031 39.854366
v -37.788338 57.864643 36.693287
v -37.595665 57.841839 -25.723423
v -38.251583 57.920040 38.951996
v -42.668903 76.186401 -27.923080
v 53.038277 33.118690 39.889549
v 44.543594 43.686432 39.859718
v 55.745445 37.157982 39.929901
v 42.321789 42.316952 -25.371204
v 39.021172 50.921341 -25.715958
v 39.159805 50.964020 36.693283
v 42.550156 42.048431 36.645782
v 37.595657 57.841839 -25.723431
v 37.654785 64.435387 -25.705879
v 37.790718 64.417282 36.693275
v 37.788345 57.864639 36.693283
v 39.253937 71.257713 -26.373528
v 39.371506 70.535332 36.693283
v 42.190720 76.575150 -25.690750
v 42.422409 75.710480 36.693283
v 46.826736 80.881691 -25.716736
v 47.127525 79.557968 36.693275
v 52.097176 82.110153 -25.723190
v 52.126343 80.918518 36.693275
v 57.169510 81.105347 -25.675064
v 57.135757 80.321198 36.693275
v 64.611862 74.483170 -25.662521
v 66.500214 69.059479 -25.706451
v 66.500237 69.059486 36.612717
v 64.776558 73.943642 36.693275
v 61.302841 78.639893 -25.682144
v 61.521683 77.862152 36.693275
v 54.198441 30.548719 39.170334
v 52.908989 29.470329 38.720558
v 50.944771 31.838390 39.116520
v 57.977638 35.820351 39.186279
v 59.700089 43.822960 39.815422
v 60.352623 40.423302 39.182129
v 62.404953 45.486431 39.119381
v 42.980309 42.875702 38.993988
v 39.714714 51.101898 38.850899
v 41.487335 51.450920 39.877670
v 63.889267 60.617680 39.801159
v 65.241333 56.617809 39.103069
v 62.022156 51.342812 39.899734
v 38.251598 57.920040 38.951984
v 40.183929 58.083031 39.854355
v 65.848618 62.537022 39.066334
v 40.014122 64.246140 39.798103
v 38.193375 64.434486 38.971222
v 39.798485 70.395203 38.951988
v 41.827126 69.662712 39.880058
v 64.027290 69.149529 39.854294
v 42.740578 75.443291 38.645287
v 44.167015 74.206467 39.836952
v 48.181854 77.572189 39.808723
v 52.156235 80.489792 38.599159
v 54.574760 78.533012 39.850769
v 57.008369 79.942238 38.765984
v 64.408798 73.764877 38.930763
v 66.051559 68.973389 38.960449
v 60.756310 75.773293 39.853882
v 52.140617 81.389061 -28.021423
v 47.150818 80.259850 -28.006996
v 52.423439 79.730888 -28.664284
v 56.992332 80.576210 -27.882416
v 56.263607 78.436539 -28.695221
v 64.097206 74.229820 -27.802147
v 62.131870 73.254677 -28.711601
v 64.025566 68.808617 -28.618172
v 66.500221 69.059486 -28.843681
v 60.909031 78.178581 -27.882179
v 59.430504 76.446739 -28.734474
v 54.588020 30.288771 36.612724
v 53.008812 28.666193 36.645798
v 50.534729 31.550119 36.693275
v 58.366646 35.594452 36.612724
v 60.831078 40.214088 36.612724
v 62.954338 45.320129 36.612724
v 64.630318 50.763771 36.612724
v 64.110817 50.885010 39.128075
v 65.810486 56.500488 36.612724
v 66.448090 62.487759 36.612720
v 47.339058 79.155144 38.596008
v 61.289474 77.589890 38.858963
v 42.668900 76.186401 -27.923096
vt 0.019978 0.437323
vt 0.019978 0.092552
vt 0.066097 0.092552
vt 0.066097 0.437323
vt 0.546060 0.064547
vt 0.511582 0.069293
vt 0.511582 0.023174
vt 0.679372 0.064547
vt 0.847162 0.023174
vt 0.812684 0.064547
vt 0.847162 0.069293
vt 0.019978 0.092552
vt 0.066097 0.092552
vt 0.066097 0.437323
vt 0.019978 0.437323
vt 0.546060 0.064547
vt 0.511582 0.069293
vt 0.511582 0.023174
vt 0.812684 0.064547
vt 0.847162 0.023174
vt 0.847162 0.069293
vt 0.679372 0.064547
vt 0.332744 0.989116
vt 0.332744 0.957212
vt 0.677517 0.957213
vt 0.677518 0.989116
vt 0.332745 0.926170
vt 0.677517 0.926169
vt 0.332744 0.895926
vt 0.677517 0.895927
vt 0.332744 0.866447
vt 0.677517 0.866446
vt 0.332744 0.837724
vt 0.677517 0.837724
vt 0.332745 0.809778
vt 0.677516 0.809777
vt 0.332744 0.774972
vt 0.677517 0.774973
vt 0.332744 0.740017
vt 0.677517 0.740017
vt 0.332744 0.705390
vt 0.677517 0.705391
vt 0.332745 0.671567
vt 0.677517 0.671568
vt 0.952479 0.566266
vt 0.952479 0.221491
vt 0.986956 0.221492
vt 0.986956 0.566266
vt 0.942106 0.534676
vt 0.942107 0.505526
vt 0.942109 0.476965
vt 0.942106 0.449125
vt 0.942107 0.421972
vt 0.942107 0.395935
vt 0.942108 0.363659
vt 0.942108 0.331369
vt 0.942107 0.299364
vt 0.942107 0.268409
vt 0.942107 0.239283
vt 0.942107 0.210577
vt 0.942108 0.077994
vt 0.907658 0.565972
vt 0.907657 0.535155
vt 0.907657 0.505582
vt 0.907657 0.476975
vt 0.907657 0.449164
vt 0.907657 0.422189
vt 0.907658 0.396230
vt 0.907658 0.363779
vt 0.907657 0.331409
vt 0.907657 0.299487
vt 0.907657 0.268547
vt 0.907658 0.210063
vt 0.942106 0.565971
vt 0.907657 0.242195
vt 0.907658 0.077995
vt 0.907658 0.565972
vt 0.907657 0.535155
vt 0.942106 0.534676
vt 0.942106 0.565971
vt 0.907657 0.505582
vt 0.942107 0.505526
vt 0.907657 0.476975
vt 0.942109 0.476965
vt 0.907657 0.449164
vt 0.942106 0.449125
vt 0.907657 0.422189
vt 0.942107 0.421972
vt 0.907658 0.396230
vt 0.942107 0.395935
vt 0.907658 0.363779
vt 0.942108 0.363659
vt 0.907657 0.331409
vt 0.942108 0.331369
vt 0.907657 0.299487
vt 0.942107 0.299364
vt 0.907657 0.268547
vt 0.942107 0.268409
vt 0.907657 0.242195
vt 0.942107 0.239283
vt 0.907658 0.210063
vt 0.942107 0.210577
vt 0.907658 0.077995
vt 0.942108 0.077994
vt 0.332743 0.642237
vt 0.677517 0.642237
vt 0.332744 0.957212
vt 0.677517 0.957213
vt 0.677518 0.989116
vt 0.332744 0.989116
vt 0.332745 0.926170
vt 0.677517 0.926169
vt 0.332744 0.895926
vt 0.677517 0.895927
vt 0.332744 0.866447
vt 0.677517 0.866446
vt 0.332744 0.837724
vt 0.677517 0.837724
vt 0.332745 0.809778
vt 0.677516 0.809777
vt 0.332744 0.774972
vt 0.677517 0.774973
vt 0.332744 0.740017
vt 0.677517 0.740017
vt 0.332744 0.705390
vt 0.677517 0.705391
vt 0.332745 0.671567
vt 0.677517 0.671568
vt 0.332743 0.642237
vt 0.677517 0.642237
vt 0.952479 0.221491
vt 0.986956 0.221492
vt 0.986956 0.566266
vt 0.952479 0.566266
vt 0.907658 0.565972
vt 0.907657 0.535155
vt 0.942106 0.534676
vt 0.942106 0.565971
vt 0.907657 0.505582
vt 0.942107 0.505526
vt 0.907657 0.476975
vt 0.942109 0.476965
vt 0.907657 0.449164
vt 0.942106 0.449125
vt 0.907657 0.422189
vt 0.942107 0.421972
vt 0.907658 0.396230
vt 0.942107 0.395935
vt 0.907658 0.363779
vt 0.942108 0.363659
vt 0.907657 0.331409
vt 0.942108 0.331369
vt 0.907657 0.299487
vt 0.942107 0.299364
vt 0.907657 0.268547
vt 0.942107 0.268409
vt 0.907657 0.242195
vt 0.942107 0.239283
vt 0.907658 0.210063
vt 0.942107 0.210577
vt 0.907658 0.077995
vt 0.942108 0.077994
vt 0.907658 0.565972
vt 0.942106 0.565971
vt 0.942106 0.534676
vt 0.907657 0.535155
vt 0.907657 0.505582
vt 0.942107 0.505526
vt 0.907657 0.476975
vt 0.942109 0.476965
vt 0.907657 0.449164
vt 0.942106 0.449125
vt 0.907657 0.422189
vt 0.942107 0.421972
vt 0.942107 0.395935
vt 0.907658 0.396230
vt 0.942108 0.363659
vt 0.907658 0.363779
vt 0.907657 0.331409
vt 0.942108 0.331369
vt 0.907657 0.299487
vt 0.942107 0.299364
vt 0.907657 0.268547
vt 0.942107 0.268409
vt 0.907657 0.242195
vt 0.942107 0.239283
vt 0.907658 0.210063
vt 0.942107 0.210577
vt 0.907658 0.077995
vt 0.942108 0.077994
vt 0.201302 0.902665
vt 0.201427 0.876000
vt 0.219330 0.874715
vt 0.095979 0.779129
vt 0.095312 0.722640
vt 0.151633 0.724482
vt 0.147851 0.784005
vt 0.036347 0.724816
vt 0.036655 0.787647
vt 0.041892 0.821597
vt 0.152346 0.649463
vt 0.094477 0.812800
vt 0.231793 0.839890
vt 0.204965 0.797665
vt 0.241783 0.799167
vt 0.212312 0.728795
vt 0.251417 0.737190
vt 0.216824 0.649462
vt 0.256798 0.649463
vt 0.137661 0.815466
vt 0.196084 0.845078
vt 0.305490 0.649462
vt 0.319125 0.649462
vt 0.317750 0.687898
vt 0.304153 0.688357
vt 0.312965 0.730015
vt 0.299917 0.728754
vt 0.304655 0.771450
vt 0.291165 0.772359
vt 0.293651 0.809402
vt 0.282991 0.806040
vt 0.277940 0.849511
vt 0.266821 0.845876
vt 0.260296 0.886711
vt 0.247949 0.880433
vt 0.240574 0.922895
vt 0.220500 0.912548
vt 0.202932 0.935057
vt 0.226040 0.948126
vt 0.211631 0.971843
vt 0.184828 0.957281
vt 0.288328 0.649462
vt 0.286134 0.687887
vt 0.282334 0.725046
vt 0.276629 0.767677
vt 0.267884 0.804701
vt 0.253303 0.843304
vt 0.235740 0.876181
vt 0.211762 0.909382
vt 0.192770 0.929457
vt 0.177611 0.951516
vt 0.201331 0.396272
vt 0.201462 0.422930
vt 0.219365 0.424220
vt 0.096005 0.519777
vt 0.095328 0.576270
vt 0.151647 0.574436
vt 0.147875 0.514912
vt 0.036362 0.574081
vt 0.036683 0.511247
vt 0.041927 0.477296
vt 0.094510 0.486107
vt 0.231826 0.459041
vt 0.204993 0.501264
vt 0.241808 0.499765
vt 0.212326 0.570133
vt 0.251432 0.561738
vt 0.137691 0.483453
vt 0.196120 0.453852
vt 0.317758 0.611034
vt 0.304159 0.610571
vt 0.312979 0.568921
vt 0.299932 0.570178
vt 0.304679 0.527485
vt 0.291188 0.526574
vt 0.293678 0.489531
vt 0.283017 0.492889
vt 0.277970 0.449419
vt 0.266853 0.453052
vt 0.260327 0.412215
vt 0.247981 0.418495
vt 0.240598 0.376035
vt 0.220528 0.386386
vt 0.202950 0.363885
vt 0.226053 0.350805
vt 0.211633 0.327094
vt 0.184840 0.341669
vt 0.286139 0.611043
vt 0.282348 0.573882
vt 0.276651 0.531256
vt 0.267910 0.494229
vt 0.253333 0.455625
vt 0.235773 0.422750
vt 0.211788 0.389551
vt 0.192793 0.369487
vt 0.177620 0.347435
vt 0.185523 0.913084
vt 0.188921 0.893950
vt 0.187657 0.868652
vt 0.179746 0.930289
vt 0.165960 0.849736
vt 0.264597 0.888779
vt 0.244433 0.925014
vt 0.282255 0.851261
vt 0.229459 0.950148
vt 0.169715 0.979094
vt 0.162800 0.974112
vt 0.170533 0.947745
vt 0.141050 0.834229
vt 0.298544 0.810975
vt 0.214687 0.973545
vt 0.196942 0.995724
vt 0.156914 0.965554
vt 0.108482 0.827230
vt 0.309545 0.772578
vt 0.077309 0.827380
vt 0.318006 0.730783
vt 0.322982 0.688284
vt 0.045024 0.832456
vt 0.324223 0.649463
vt 0.007102 0.786766
vt 0.007129 0.512122
vt 0.004575 0.845115
vt 0.008652 0.832328
vt 0.322989 0.610647
vt 0.318019 0.568148
vt 0.008692 0.466557
vt 0.309566 0.526356
vt 0.298570 0.487955
vt 0.004617 0.453769
vt 0.282286 0.447666
vt 0.045062 0.466436
vt 0.077348 0.471521
vt 0.108517 0.471681
vt 0.141086 0.464689
vt 0.165996 0.449188
vt 0.187695 0.430276
vt 0.264628 0.410146
vt 0.188953 0.404986
vt 0.244457 0.373914
vt 0.229470 0.348785
vt 0.162802 0.324843
vt 0.169716 0.319861
vt 0.185549 0.385856
vt 0.179766 0.368659
vt 0.196938 0.303221
vt 0.214689 0.325395
vt 0.170544 0.351208
vt 0.156918 0.333403
vt 0.476476 0.138924
vt 0.085625 0.044478
vt 0.473877 0.163898
vt 0.090228 0.084814
vt 0.098771 0.124330
vt 0.110469 0.160338
vt 0.127046 0.198380
vt 0.148407 0.231939
vt 0.173881 0.262868
vt 0.465746 0.187612
vt 0.452899 0.211504
vt 0.435773 0.234206
vt 0.415188 0.254462
vt 0.391403 0.271373
vt 0.347812 0.291897
vt 0.370633 0.282338
vt 0.270134 0.306165
vt 0.297016 0.303241
vt 0.240722 0.305939
vt 0.194917 0.281393
vt 0.217772 0.295265
vt 0.323113 0.299587
vt 0.083945 0.007871
vt 0.474585 0.007871
vt 0.484312 0.007871
vt 0.485011 0.139383
vt 0.482039 0.165705
vt 0.473629 0.191001
vt 0.460134 0.216139
vt 0.442174 0.239854
vt 0.420594 0.260929
vt 0.395861 0.278563
vt 0.374295 0.290057
vt 0.350515 0.299967
vt 0.325106 0.307759
vt 0.298314 0.312707
vt 0.270482 0.315651
vt 0.079800 0.044950
vt 0.093278 0.125814
vt 0.105113 0.162380
vt 0.170089 0.266541
vt 0.239752 0.315486
vt 0.078198 0.007871
vt 0.084526 0.085752
vt 0.122248 0.200939
vt 0.143975 0.235157
vt 0.215549 0.299887
vt 0.191920 0.285485
vt 0.474585 0.007871
vt 0.476476 0.138924
vt 0.085625 0.044478
vt 0.083945 0.007871
vt 0.473877 0.163898
vt 0.485011 0.139383
vt 0.482039 0.165705
vt 0.473629 0.191001
vt 0.465746 0.187612
vt 0.460134 0.216139
vt 0.452899 0.211504
vt 0.442174 0.239854
vt 0.435773 0.234206
vt 0.420594 0.260929
vt 0.415188 0.254462
vt 0.395861 0.278563
vt 0.391403 0.271373
vt 0.347812 0.291897
vt 0.370633 0.282338
vt 0.374295 0.290057
vt 0.350515 0.299967
vt 0.270134 0.306165
vt 0.297016 0.303241
vt 0.298314 0.312707
vt 0.270482 0.315651
vt 0.240722 0.305939
vt 0.239752 0.315486
vt 0.484312 0.007871
vt 0.323113 0.299587
vt 0.325106 0.307759
vt 0.079800 0.044950
vt 0.078198 0.007871
vt 0.090228 0.084814
vt 0.084526 0.085752
vt 0.098771 0.124330
vt 0.093278 0.125814
vt 0.110469 0.160338
vt 0.105113 0.162380
vt 0.127046 0.198380
vt 0.122248 0.200939
vt 0.148407 0.231939
vt 0.143975 0.235157
vt 0.173881 0.262868
vt 0.170089 0.266541
vt 0.194917 0.281393
vt 0.191920 0.285485
vt 0.217772 0.295265
vt 0.215549 0.299887
vt 0.494909 0.501872
vt 0.590192 0.506353
vt 0.497491 0.524724
vt 0.648428 0.552179
vt 0.648838 0.506767
vt 0.859306 0.506863
vt 0.859571 0.552241
vt 0.611416 0.552012
vt 0.600449 0.553472
vt 0.539418 0.606720
vt 0.548299 0.601561
vt 0.600448 0.506713
vt 0.588481 0.557755
vt 0.538490 0.592500
vt 0.529234 0.600085
vt 0.508598 0.575221
vt 0.517710 0.569894
vt 0.495455 0.550979
vt 0.505108 0.547270
vt 0.487338 0.526744
vt 0.484375 0.501609
vt 0.611613 0.506828
vt 0.494903 0.238391
vt 0.590192 0.233886
vt 0.497483 0.215538
vt 0.648424 0.188031
vt 0.648835 0.233445
vt 0.859305 0.233336
vt 0.859567 0.187964
vt 0.611415 0.188202
vt 0.600449 0.186753
vt 0.539391 0.133541
vt 0.548271 0.138695
vt 0.600449 0.233510
vt 0.588476 0.182474
vt 0.538468 0.147762
vt 0.529205 0.140177
vt 0.508580 0.165044
vt 0.517694 0.170370
vt 0.495441 0.189292
vt 0.505095 0.192996
vt 0.487326 0.213524
vt 0.484362 0.238653
vt 0.611613 0.233389
vt 0.477348 0.528966
vt 0.473847 0.502006
vt 0.473837 0.238263
vt 0.485969 0.554908
vt 0.477337 0.211303
vt 0.499673 0.580803
vt 0.485954 0.185362
vt 0.518538 0.605660
vt 0.499653 0.159466
vt 0.610405 0.566003
vt 0.600448 0.564236
vt 0.604635 0.572906
vt 0.555077 0.609524
vt 0.555046 0.130729
vt 0.604631 0.167306
vt 0.600449 0.175984
vt 0.610399 0.174204
vt 0.896692 0.233274
vt 0.896692 0.506923
vt 0.530876 0.614579
vt 0.518512 0.134605
vt 0.648215 0.566003
vt 0.648213 0.174203
vt 0.896690 0.552057
vt 0.896691 0.188137
vt 0.859583 0.566003
vt 0.859576 0.174203
vt 0.540651 0.615755
vt 0.530848 0.125685
vt 0.540619 0.124503
vt 0.896689 0.566003
vt 0.896690 0.174203
vt 0.382637 0.548950
vt 0.344056 0.500493
vt 0.395205 0.530795
vt 0.706865 0.721980
vt 0.706654 0.693548
vt 0.707037 0.669688
vt 0.707419 0.647028
vt 0.707254 0.602449
vt 0.707403 0.625993
vt 0.387563 0.560752
vt 0.372941 0.555102
vt 0.405648 0.537305
vt 0.413795 0.500617
vt 0.417011 0.516482
vt 0.426886 0.493365
vt 0.336201 0.504591
vt 0.320863 0.467024
vt 0.330246 0.465106
vt 0.433417 0.423830
vt 0.440266 0.442157
vt 0.424689 0.466256
vt 0.314631 0.435669
vt 0.324396 0.434970
vt 0.443147 0.414878
vt 0.323614 0.407070
vt 0.314597 0.405942
vt 0.322010 0.378835
vt 0.331821 0.382698
vt 0.433572 0.385030
vt 0.335228 0.355622
vt 0.342529 0.362458
vt 0.361129 0.347728
vt 0.379086 0.333170
vt 0.390143 0.343473
vt 0.401281 0.335919
vt 0.435472 0.363633
vt 0.443310 0.385263
vt 0.418320 0.355497
vt 0.696214 0.669118
vt 0.697190 0.646850
vt 0.697248 0.603329
vt 0.697164 0.626209
vt 0.434842 0.468519
vt 0.356896 0.339221
vt 0.420921 0.346494
vt 0.364187 0.562015
vt 0.327476 0.512023
vt 0.415309 0.543636
vt 0.395986 0.568104
vt 0.311019 0.469832
vt 0.382050 0.566539
vt 0.375969 0.574521
vt 0.387968 0.575122
vt 0.427531 0.521546
vt 0.304166 0.436713
vt 0.437702 0.497196
vt 0.304218 0.404753
vt 0.445914 0.471327
vt 0.312532 0.374680
vt 0.451523 0.443932
vt 0.328762 0.349518
vt 0.454398 0.415184
vt 0.353077 0.331401
vt 0.453534 0.383310
vt 0.378362 0.324485
vt 0.444159 0.358449
vt 0.403974 0.326961
vt 0.426910 0.338827
vt 0.993812 0.888974
vt 0.706952 0.888972
vt 0.707005 0.843960
vt 0.993811 0.844620
vt 0.706947 0.811738
vt 0.993812 0.811929
vt 0.706982 0.781670
vt 0.993811 0.781433
vt 0.703772 0.749673
vt 0.993812 0.752014
vt 0.993811 0.724023
vt 0.696183 0.721888
vt 0.993811 0.695717
vt 0.695359 0.692930
vt 0.993811 0.671512
vt 0.993813 0.647939
vt 0.688314 0.667372
vt 0.993812 0.624441
vt 0.686407 0.646251
vt 0.993812 0.600692
vt 0.686215 0.626257
vt 0.706240 0.576254
vt 0.993811 0.576254
vt 0.686528 0.604726
vt 0.694690 0.577978
vt 0.685728 0.581593
vt 0.382637 0.548950
vt 0.344056 0.500493
vt 0.395205 0.530795
vt 0.706952 0.888972
vt 0.707005 0.843960
vt 0.993811 0.844620
vt 0.993812 0.888974
vt 0.706947 0.811738
vt 0.706982 0.781670
vt 0.993811 0.781433
vt 0.993812 0.811929
vt 0.703772 0.749673
vt 0.993812 0.752014
vt 0.706865 0.721980
vt 0.993811 0.724023
vt 0.706654 0.693548
vt 0.993811 0.695717
vt 0.707037 0.669688
vt 0.993811 0.671512
vt 0.707419 0.647028
vt 0.993813 0.647939
vt 0.707254 0.602449
vt 0.706240 0.576254
vt 0.993811 0.576254
vt 0.993812 0.600692
vt 0.707403 0.625993
vt 0.993812 0.624441
vt 0.387563 0.560752
vt 0.382050 0.566539
vt 0.372941 0.555102
vt 0.405648 0.537305
vt 0.413795 0.500617
vt 0.417011 0.516482
vt 0.426886 0.493365
vt 0.336201 0.504591
vt 0.320863 0.467024
vt 0.330246 0.465106
vt 0.433417 0.423830
vt 0.440266 0.442157
vt 0.424689 0.466256
vt 0.314631 0.435669
vt 0.324396 0.434970
vt 0.443147 0.414878
vt 0.323614 0.407070
vt 0.314597 0.405942
vt 0.322010 0.378835
vt 0.331821 0.382698
vt 0.433572 0.385030
vt 0.335228 0.355622
vt 0.342529 0.362458
vt 0.361129 0.347728
vt 0.379086 0.333170
vt 0.390143 0.343473
vt 0.401281 0.335919
vt 0.435472 0.363633
vt 0.443310 0.385263
vt 0.418320 0.355497
vt 0.696214 0.669118
vt 0.695359 0.692930
vt 0.688314 0.667372
vt 0.697190 0.646850
vt 0.686407 0.646251
vt 0.697248 0.603329
vt 0.686528 0.604726
vt 0.685728 0.581593
vt 0.694690 0.577978
vt 0.697164 0.626209
vt 0.686215 0.626257
vt 0.395986 0.568104
vt 0.387968 0.575122
vt 0.375969 0.574521
vt 0.364187 0.562015
vt 0.415309 0.543636
vt 0.427531 0.521546
vt 0.437702 0.497196
vt 0.327476 0.512023
vt 0.311019 0.469832
vt 0.445914 0.471327
vt 0.434842 0.468519
vt 0.451523 0.443932
vt 0.304166 0.436713
vt 0.454398 0.415184
vt 0.304218 0.404753
vt 0.312532 0.374680
vt 0.453534 0.383310
vt 0.328762 0.349518
vt 0.353077 0.331401
vt 0.356896 0.339221
vt 0.378362 0.324485
vt 0.403974 0.326961
vt 0.444159 0.358449
vt 0.420921 0.346494
vt 0.426910 0.338827
vt 0.696183 0.721888
vn -1.000000 0.000000 0.000000
vn -1.000000 0.000000 0.000000
vn -1.000000 0.000000 0.000000
vn -1.000000 0.000000 0.000000
vn -1.000000 -0.000000 0.000000
vn -1.000000 0.000000 0.000000
vn 0.000000 0.000000 1.000000
vn 0.000000 0.000000 1.000000
vn 0.000000 0.000000 1.000000
vn 0.000000 0.000000 1.000000
vn 0.000000 0.000000 1.000000
vn 0.000000 0.000000 1.000000
vn 0.000000 0.000000 1.000000
vn 0.000000 0.000000 1.000000
vn 0.000000 0.000000 1.000000
vn 0.000000 0.000000 1.000000
vn 0.000000 0.000000 1.000000
vn 0.000000 0.000000 1.000000
vn 0.000000 0.000000 1.000000
vn 0.000000 0.000000 1.000000
vn 0.000000 0.000000 1.000000
vn 1.000000 -0.000000 -0.000000
vn 1.000000 -0.000000 -0.000000
vn 1.000000 -0.000001 -0.000000
vn 1.000000 -0.000001 -0.000000
vn 1.000000 -0.000001 -0.000000
vn 1.000000 -0.000000 -0.000000
vn -0.000000 -0.000000 -1.000000
vn -0.000000 -0.000000 -1.000000
vn -0.000000 0.000000 -1.000000
vn -0.000000 0.000000 -1.000000
vn -0.000000 0.000000 -1.000000
vn -0.000000 0.000000 -1.000000
vn -0.000000 0.000000 -1.000000
vn -0.000000 0.000000 -1.000000
vn -0.000000 0.000000 -1.000000
vn -0.000000 0.000000 -1.000000
vn -0.000000 -0.000000 -1.000000
vn -0.000000 0.000000 -1.000000
vn -0.000000 0.000000 -1.000000
vn -0.000000 0.000000 -1.000000
vn -0.000000 0.000000 -1.000000
vn -0.999969 -0.007935 0.000000
vn -0.999969 -0.007935 0.000000
vn -0.998413 -0.056313 0.000000
vn -0.998413 -0.056313 0.000000
vn -0.998413 -0.056313 0.000000
vn -0.999969 -0.007935 0.000000
vn -0.998413 -0.056313 0.000000
vn -0.998413 -0.056313 0.000000
vn -0.988186 -0.153258 0.000000
vn -0.988186 -0.153258 0.000000
vn -0.988186 -0.153258 0.000000
vn -0.998413 -0.056313 0.000000
vn -0.988186 -0.153258 0.000000
vn -0.988186 -0.153258 0.000000
vn -0.968871 -0.247566 0.000000
vn -0.968871 -0.247566 0.000000
vn -0.968871 -0.247566 0.000000
vn -0.988186 -0.153258 0.000000
vn -0.968871 -0.247566 0.000000
vn -0.968871 -0.247566 0.000000
vn -0.940821 -0.338903 0.000000
vn -0.940821 -0.338903 0.000000
vn -0.940821 -0.338903 0.000000
vn -0.968871 -0.247566 0.000000
vn -0.940821 -0.338903 0.000000
vn -0.940821 -0.338903 0.000000
vn -0.904148 -0.427218 0.000000
vn -0.904148 -0.427218 0.000000
vn -0.904149 -0.427218 0.000000
vn -0.940821 -0.338903 0.000000
vn -0.904149 -0.427218 0.000000
vn -0.904148 -0.427218 0.000000
vn -0.846453 -0.532464 0.000000
vn -0.846453 -0.532464 0.000000
vn -0.846453 -0.532464 0.000000
vn -0.904149 -0.427218 0.000000
vn -0.846453 -0.532464 0.000000
vn -0.846453 -0.532464 0.000000
vn -0.767718 -0.640788 0.000000
vn -0.767718 -0.640788 0.000000
vn -0.767718 -0.640788 0.000000
vn -0.846453 -0.532464 0.000000
vn -0.767718 -0.640788 0.000000
vn -0.767718 -0.640788 0.000000
vn -0.662562 -0.749007 0.000000
vn -0.662562 -0.749007 0.000000
vn -0.662562 -0.749007 0.000000
vn -0.767718 -0.640788 0.000000
vn -0.662562 -0.749007 0.000000
vn -0.662562 -0.749007 0.000000
vn -0.540621 -0.841266 0.000000
vn -0.540621 -0.841266 0.000000
vn -0.540621 -0.841266 0.000000
vn -0.662562 -0.749007 0.000000
vn -0.540621 -0.841266 0.000000
vn -0.540621 -0.841266 0.000000
vn -0.397264 -0.917704 0.000000
vn -0.397264 -0.917704 0.000000
vn -0.397264 -0.917704 0.000000
vn -0.540621 -0.841266 0.000000
vn -0.397264 -0.917704 0.000000
vn -0.397264 -0.917704 0.000000
vn -0.307544 -0.951534 0.000000
vn -0.307544 -0.951534 0.000000
vn -0.307544 -0.951534 0.000000
vn -0.397264 -0.917704 0.000000
vn -0.007932 0.999969 0.000000
vn -0.007932 0.999969 0.000000
vn -0.007932 0.999969 0.000000
vn -0.007932 0.999969 0.000000
vn -0.007932 0.999969 0.000000
vn -0.007932 0.999969 0.000000
vn 0.000000 0.000000 1.000000
vn 0.000000 0.000000 1.000000
vn 0.000000 0.000000 1.000000
vn 0.000000 0.000000 1.000000
vn 0.000000 0.000000 1.000000
vn 0.000000 0.000000 1.000000
vn 0.000000 0.000000 1.000000
vn 0.000000 0.000000 1.000000
vn 0.000000 0.000000 1.000000
vn 0.000000 0.000000 1.000000
vn 0.000000 0.000000 1.000000
vn 0.000000 0.000000 1.000000
vn 0.000000 0.000000 1.000000
vn 0.000000 0.000000 1.000000
vn 0.000000 0.000000 1.000000
vn 0.000000 0.000000 1.000000
vn 0.000000 0.000000 1.000000
vn 0.000000 0.000000 1.000000
vn 0.000000 0.000000 1.000000
vn 0.000000 0.000000 1.000000
vn 0.000000 0.000000 1.000000
vn 0.000000 0.000000 1.000000
vn 0.000000 0.000000 1.000000
vn 0.000000 0.000000 1.000000
vn 0.000000 0.000000 1.000000
vn 0.000000 0.000000 1.000000
vn 0.000000 0.000000 1.000000
vn 0.000000 0.000000 1.000000
vn 0.000000 0.000000 1.000000
vn 0.000000 0.000000 1.000000
vn 0.000000 0.000000 1.000000
vn 0.000000 0.000000 1.000000
vn 0.000000 0.000000 1.000000
vn 0.000000 0.000000 1.000000
vn 0.000000 0.000000 1.000000
vn 0.000000 0.000000 1.000000
vn 0.000000 0.000000 1.000000
vn 0.000000 0.000000 1.000000
vn 0.000000 0.000000 1.000000
vn 0.000000 0.000000 1.000000
vn 0.000000 0.000000 1.000000
vn 0.000000 0.000000 1.000000
vn 0.000000 0.000000 1.000000
vn 0.000000 0.000000 1.000000
vn 0.000000 0.000000 1.000000
vn 0.000000 0.000000 1.000000
vn 0.000000 0.000000 1.000000
vn 0.000000 0.000000 1.000000
vn 0.000000 0.000000 1.000000
vn 0.000000 0.000000 1.000000
vn 0.000000 0.000000 1.000000
vn 0.000000 0.000000 1.000000
vn 0.000000 0.000000 1.000000
vn 0.000000 0.000000 1.000000
vn 0.000000 0.000000 1.000000
vn 0.000000 0.000000 1.000000
vn 0.000000 0.000000 1.000000
vn 0.000000 0.000000 1.000000
vn 0.000000 0.000000 1.000000
vn 0.000000 0.000000 1.000000
vn 0.000000 0.000000 1.000000
vn 0.000000 0.000000 1.000000
vn 0.000000 0.000000 1.000000
vn 0.000000 0.000000 1.000000
vn 0.000000 0.000000 1.000000
vn 0.000000 0.000000 1.000000
vn 0.000000 0.000000 1.000000
vn 0.000000 0.000000 1.000000
vn 0.000000 0.000000 1.000000
vn 0.000000 0.000000 1.000000
vn 0.000000 0.000000 1.000000
vn 0.000000 0.000000 1.000000
vn 0.000000 0.000000 1.000000
vn 0.000000 0.000000 1.000000
vn 0.000000 0.000000 1.000000
vn 0.000000 0.000000 1.000000
vn 0.000000 0.000000 1.000000
vn 0.000000 0.000000 1.000000
vn -0.000000 -0.000000 -1.000000
vn -0.000000 -0.000000 -1.000000
vn -0.000000 -0.000000 -1.000000
vn -0.000000 -0.000000 -1.000000
vn -0.000000 -0.000000 -1.000000
vn -0.000000 -0.000000 -1.000000
vn -0.000000 -0.000000 -1.000000
vn -0.000000 -0.000000 -1.000000
vn -0.000000 -0.000000 -1.000000
vn -0.000000 -0.000000 -1.000000
vn -0.000000 -0.000000 -1.000000
vn -0.000000 -0.000000 -1.000000
vn -0.000000 -0.000000 -1.000000
vn -0.000000 -0.000000 -1.000000
vn -0.000000 -0.000000 -1.000000
vn -0.000000 -0.000000 -1.000000
vn -0.000000 -0.000000 -1.000000
vn -0.000000 -0.000000 -1.000000
vn -0.000000 -0.000000 -1.000000
vn -0.000000 -0.000000 -1.000000
vn -0.000000 -0.000000 -1.000000
vn -0.000000 -0.000000 -1.000000
vn -0.000000 -0.000000 -1.000000
vn -0.000000 -0.000000 -1.000000
vn -0.000000 -0.000000 -1.000000
vn -0.000000 -0.000000 -1.000000
vn -0.000000 -0.000000 -1.000000
vn -0.000000 -0.000000 -1.000000
vn -0.000000 -0.000000 -1.000000
vn -0.000000 -0.000000 -1.000000
vn -0.000000 -0.000000 -1.000000
vn -0.000000 -0.000000 -1.000000
vn -0.000000 -0.000000 -1.000000
vn -0.000000 -0.000000 -1.000000
vn -0.000000 -0.000000 -1.000000
vn -0.000000 -0.000000 -1.000000
vn -0.000000 -0.000000 -1.000000
vn -0.000000 -0.000000 -1.000000
vn -0.000000 -0.000000 -1.000000
vn -0.000000 -0.000000 -1.000000
vn -0.000000 -0.000000 -1.000000
vn -0.000000 -0.000000 -1.000000
vn -0.000000 -0.000000 -1.000000
vn -0.000000 -0.000000 -1.000000
vn -0.000000 -0.000000 -1.000000
vn -0.000000 -0.000000 -1.000000
vn -0.000000 -0.000000 -1.000000
vn -0.000000 -0.000000 -1.000000
vn -0.000000 -0.000000 -1.000000
vn -0.000000 -0.000000 -1.000000
vn -0.000000 -0.000000 -1.000000
vn -0.000000 -0.000000 -1.000000
vn -0.000000 -0.000000 -1.000000
vn -0.000000 -0.000000 -1.000000
vn -0.000000 -0.000000 -1.000000
vn -0.000000 -0.000000 -1.000000
vn -0.000000 -0.000000 -1.000000
vn -0.000000 -0.000000 -1.000000
vn -0.000000 -0.000000 -1.000000
vn -0.000000 -0.000000 -1.000000
vn -0.000000 -0.000000 -1.000000
vn -0.000000 0.000000 -1.000000
vn -0.000000 0.000000 -1.000000
vn -0.000000 0.000000 -1.000000
vn -0.000000 -0.000000 -1.000000
vn -0.000000 -0.000000 -1.000000
vn -0.000000 0.000000 -1.000000
vn -0.000000 0.000000 -1.000000
vn -0.000000 0.000000 -1.000000
vn -0.000000 0.000000 -1.000000
vn -0.000000 0.000000 -1.000000
vn -0.000000 0.000000 -1.000000
vn -0.000000 0.000000 -1.000000
vn -0.000000 -0.000000 -1.000000
vn -0.000000 0.000000 -1.000000
vn -0.000000 0.000000 -1.000000
vn -0.000000 0.000000 -1.000000
vn -0.000000 0.000000 -1.000000
vn 0.999969 -0.007935 -0.000000
vn 0.998413 -0.056313 -0.000000
vn 0.998413 -0.056313 -0.000000
vn 0.998413 -0.056313 -0.000000
vn 0.999969 -0.007935 -0.000000
vn 0.999969 -0.007935 -0.000000
vn 0.998413 -0.056313 -0.000000
vn 0.988186 -0.153258 -0.000000
vn 0.988186 -0.153258 -0.000000
vn 0.988186 -0.153258 -0.000000
vn 0.998413 -0.056313 -0.000000
vn 0.998413 -0.056313 -0.000000
vn 0.988186 -0.153258 -0.000000
vn 0.968871 -0.247566 -0.000000
vn 0.968871 -0.247566 -0.000000
vn 0.968871 -0.247566 -0.000000
vn 0.988186 -0.153258 -0.000000
vn 0.988186 -0.153258 -0.000000
vn 0.968871 -0.247566 -0.000000
vn 0.940821 -0.338903 -0.000000
vn 0.940821 -0.338903 -0.000000
vn 0.940821 -0.338903 -0.000000
vn 0.968871 -0.247566 -0.000000
vn 0.968871 -0.247566 -0.000000
vn 0.940821 -0.338903 -0.000000
vn 0.904148 -0.427218 -0.000000
vn 0.904148 -0.427218 -0.000000
vn 0.904148 -0.427218 -0.000000
vn 0.940821 -0.338903 -0.000000
vn 0.940821 -0.338903 -0.000000
vn 0.904148 -0.427218 -0.000000
vn 0.846453 -0.532464 -0.000000
vn 0.846453 -0.532464 -0.000000
vn 0.846453 -0.532464 -0.000000
vn 0.904148 -0.427218 -0.000000
vn 0.904148 -0.427218 -0.000000
vn 0.846453 -0.532464 -0.000000
vn 0.767718 -0.640788 -0.000000
vn 0.767718 -0.640788 -0.000000
vn 0.767718 -0.640788 -0.000000
vn 0.846453 -0.532464 -0.000000
vn 0.846453 -0.532464 -0.000000
vn 0.767718 -0.640788 -0.000000
vn 0.662562 -0.749007 -0.000000
vn 0.662562 -0.749007 -0.000000
vn 0.662562 -0.749007 -0.000000
vn 0.767718 -0.640788 -0.000000
vn 0.767718 -0.640788 -0.000000
vn 0.662562 -0.749007 -0.000000
vn 0.540621 -0.841266 -0.000000
vn 0.540621 -0.841266 -0.000000
vn 0.540621 -0.841266 -0.000000
vn 0.662562 -0.749007 -0.000000
vn 0.662562 -0.749007 -0.000000
vn 0.540621 -0.841266 -0.000000
vn 0.397264 -0.917704 -0.000000
vn 0.397264 -0.917704 -0.000000
vn 0.397264 -0.917704 -0.000000
vn 0.540621 -0.841266 -0.000000
vn 0.540621 -0.841266 -0.000000
vn 0.397264 -0.917704 -0.000000
vn 0.307544 -0.951534 -0.000000
vn 0.307544 -0.951534 -0.000000
vn 0.307544 -0.951534 -0.000000
vn 0.397264 -0.917704 -0.000000
vn 0.397264 -0.917704 -0.000000
vn 0.007932 0.999969 -0.000000
vn 0.007932 0.999969 -0.000000
vn 0.007932 0.999969 -0.000000
vn 0.007932 0.999969 -0.000000
vn 0.007932 0.999969 -0.000000
vn 0.007932 0.999969 -0.000000
vn 0.000000 0.000000 1.000000
vn 0.000000 0.000000 1.000000
vn 0.000000 0.000000 1.000000
vn 0.000000 0.000000 1.000000
vn 0.000000 0.000000 1.000000
vn 0.000000 0.000000 1.000000
vn 0.000000 0.000000 1.000000
vn 0.000000 0.000000 1.000000
vn 0.000000 0.000000 1.000000
vn 0.000000 0.000000 1.000000
vn 0.000000 0.000000 1.000000
vn 0.000000 0.000000 1.000000
vn 0.000000 0.000000 1.000000
vn 0.000000 0.000000 1.000000
vn 0.000000 0.000000 1.000000
vn 0.000000 0.000000 1.000000
vn 0.000000 0.000000 1.000000
vn 0.000000 0.000000 1.000000
vn 0.000000 0.000000 1.000000
vn 0.000000 0.000000 1.000000
vn 0.000000 0.000000 1.000000
vn 0.000000 0.000000 1.000000
vn 0.000000 0.000000 1.000000
vn 0.000000 0.000000 1.000000
vn 0.000000 0.000000 1.000000
vn 0.000000 0.000000 1.000000
vn 0.000000 0.000000 1.000000
vn 0.000000 0.000000 1.000000
vn 0.000000 0.000000 1.000000
vn 0.000000 0.000000 1.000000
vn 0.000000 0.000000 1.000000
vn 0.000000 0.000000 1.000000
vn 0.000000 0.000000 1.000000
vn 0.000000 0.000000 1.000000
vn 0.000000 0.000000 1.000000
vn 0.000000 0.000000 1.000000
vn 0.000000 0.000000 1.000000
vn 0.000000 0.000000 1.000000
vn 0.000000 0.000000 1.000000
vn 0.000000 0.000000 1.000000
vn 0.000000 0.000000 1.000000
vn 0.000000 0.000000 1.000000
vn 0.000000 0.000000 1.000000
vn 0.000000 0.000000 1.000000
vn 0.000000 0.000000 1.000000
vn 0.000000 0.000000 1.000000
vn 0.000000 0.000000 1.000000
vn 0.000000 0.000000 1.000000
vn 0.000000 0.000000 1.000000
vn 0.000000 0.000000 1.000000
vn 0.000000 0.000000 1.000000
vn 0.000000 0.000000 1.000000
vn 0.000000 0.000000 1.000000
vn 0.000000 0.000000 1.000000
vn 0.000000 0.000000 1.000000
vn 0.000000 0.000000 1.000000
vn 0.000000 0.000000 1.000000
vn 0.000000 0.000000 1.000000
vn 0.000000 0.000000 1.000000
vn 0.000000 0.000000 1.000000
vn 0.000000 0.000000 1.000000
vn 0.000000 0.000000 1.000000
vn 0.000000 0.000000 1.000000
vn 0.000000 0.000000 1.000000
vn 0.000000 0.000000 1.000000
vn 0.000000 0.000000 1.000000
vn 0.000000 0.000000 1.000000
vn 0.000000 0.000000 1.000000
vn 0.000000 0.000000 1.000000
vn 0.000000 0.000000 1.000000
vn 0.000000 0.000000 1.000000
vn 0.000000 0.000000 1.000000
vn 0.000000 0.000000 1.000000
vn 0.000000 0.000000 1.000000
vn 0.000000 0.000000 1.000000
vn 0.000000 0.000000 1.000000
vn 0.000000 0.000000 1.000000
vn 0.000000 0.000000 1.000000
vn -0.000000 -0.000000 -1.000000
vn -0.000000 -0.000000 -1.000000
vn -0.000000 -0.000000 -1.000000
vn -0.000000 -0.000000 -1.000000
vn -0.000000 -0.000000 -1.000000
vn -0.000000 -0.000000 -1.000000
vn -0.000000 -0.000000 -1.000000
vn -0.000000 -0.000000 -1.000000
vn -0.000000 -0.000000 -1.000000
vn -0.000000 -0.000000 -1.000000
vn -0.000000 -0.000000 -1.000000
vn -0.000000 -0.000000 -1.000000
vn -0.000000 -0.000000 -1.000000
vn -0.000000 -0.000000 -1.000000
vn -0.000000 -0.000000 -1.000000
vn -0.000000 -0.000000 -1.000000
vn -0.000000 -0.000000 -1.000000
vn -0.000000 -0.000000 -1.000000
vn -0.000000 -0.000000 -1.000000
vn -0.000000 -0.000000 -1.000000
vn -0.000000 -0.000000 -1.000000
vn -0.000000 -0.000000 -1.000000
vn -0.000000 -0.000000 -1.000000
vn -0.000000 -0.000000 -1.000000
vn -0.000000 -0.000000 -1.000000
vn -0.000000 -0.000000 -1.000000
vn -0.000000 -0.000000 -1.000000
vn -0.000000 -0.000000 -1.000000
vn -0.000000 -0.000000 -1.000000
vn -0.000000 -0.000000 -1.000000
vn -0.000000 -0.000000 -1.000000
vn -0.000000 -0.000000 -1.000000
vn -0.000000 -0.000000 -1.000000
vn -0.000000 -0.000000 -1.000000
vn -0.000000 -0.000000 -1.000000
vn -0.000000 -0.000000 -1.000000
vn -0.000000 -0.000000 -1.000000
vn -0.000000 -0.000000 -1.000000
vn -0.000000 -0.000000 -1.000000
vn -0.000000 -0.000000 -1.000000
vn -0.000000 -0.000000 -1.000000
vn -0.000000 -0.000000 -1.000000
vn -0.000000 -0.000000 -1.000000
vn -0.000000 -0.000000 -1.000000
vn -0.000000 -0.000000 -1.000000
vn -0.000000 -0.000000 -1.000000
vn -0.000000 -0.000000 -1.000000
vn -0.000000 -0.000000 -1.000000
vn -0.000000 -0.000000 -1.000000
vn -0.000000 -0.000000 -1.000000
vn -0.000000 -0.000000 -1.000000
vn -0.000000 -0.000000 -1.000000
vn -0.000000 -0.000000 -1.000000
vn -0.000000 -0.000000 -1.000000
vn -0.000000 -0.000000 -1.000000
vn -0.000000 -0.000000 -1.000000
vn -0.000000 -0.000000 -1.000000
vn -0.000000 -0.000000 -1.000000
vn -0.000000 -0.000000 -1.000000
vn -0.000000 -0.000000 -1.000000
vn -0.000000 -0.000000 -1.000000
vn -0.000000 -0.000000 -1.000000
vn -0.000000 -0.000000 -1.000000
vn -0.000000 -0.000000 -1.000000
vn -0.000000 -0.000000 -1.000000
vn -0.000000 -0.000000 -1.000000
vn -0.000000 -0.000000 -1.000000
vn -0.000000 -0.000000 -1.000000
vn -0.000000 -0.000000 -1.000000
vn -0.000000 -0.000000 -1.000000
vn -0.000000 -0.000000 -1.000000
vn -0.000000 -0.000000 -1.000000
vn -0.000000 -0.000000 -1.000000
vn -0.000000 -0.000000 -1.000000
vn -0.000000 0.000000 -1.000000
vn -0.000000 0.000000 -1.000000
vn -0.000000 -0.000000 -1.000000
vn -0.000000 -0.000000 -1.000000
vn -0.332465 0.524621 0.783734
vn -0.205126 0.352748 0.912958
vn -0.313932 0.531115 0.786996
vn -0.129598 -0.010092 0.991515
vn -0.035990 0.150610 0.987938
vn -0.143097 0.145548 0.978948
vn -0.006811 -0.255446 0.966799
vn -0.018674 -0.045279 0.998800
vn -0.077219 -0.189960 0.978750
vn -0.561312 0.187504 0.806084
vn -0.155694 -0.035288 0.987175
vn -0.273037 -0.022113 0.961749
vn -0.143097 0.145548 0.978948
vn -0.364108 0.025207 0.931016
vn -0.129598 -0.010092 0.991515
vn -0.129598 -0.010092 0.991515
vn -0.273037 -0.022113 0.961749
vn -0.077219 -0.189960 0.978750
vn -0.004823 -0.398360 0.917217
vn -0.006811 -0.255446 0.966799
vn -0.077219 -0.189960 0.978750
vn -0.247656 0.484104 0.839232
vn -0.155623 0.307264 0.938813
vn -0.186387 0.486833 0.853377
vn -0.186387 0.486833 0.853377
vn -0.060584 0.296270 0.953181
vn -0.100761 0.471249 0.876226
vn -0.060584 0.296270 0.953181
vn 0.000000 0.295239 0.955423
vn -0.100761 0.471249 0.876226
vn -0.155623 0.307264 0.938813
vn -0.143097 0.145548 0.978948
vn -0.060584 0.296270 0.953181
vn -0.035990 0.150610 0.987938
vn 0.000000 0.128889 0.991659
vn -0.060584 0.296270 0.953181
vn -0.349990 0.036747 0.936032
vn -0.143097 0.145548 0.978948
vn -0.234241 0.233493 0.943722
vn -0.177178 0.296189 0.938552
vn -0.143086 0.067223 0.987425
vn -0.205126 0.352748 0.912958
vn -0.205126 0.352748 0.912958
vn -0.143086 0.067223 0.987425
vn -0.234241 0.233493 0.943722
vn -0.234241 0.233493 0.943722
vn -0.411893 -0.056775 0.909462
vn -0.349990 0.036747 0.936032
vn -0.039289 -0.209259 0.977071
vn -0.077219 -0.189960 0.978750
vn -0.273037 -0.022113 0.961749
vn -0.364108 0.025207 0.931016
vn -0.672908 0.080440 0.735339
vn -0.273037 -0.022113 0.961749
vn -0.349990 0.036747 0.936032
vn -0.568799 0.004960 0.822461
vn -0.364108 0.025207 0.931016
vn -0.313932 0.531115 0.786996
vn -0.205126 0.352748 0.912958
vn -0.247656 0.484104 0.839232
vn -0.078036 0.995755 -0.048811
vn -0.073914 0.923164 0.377233
vn 0.000000 0.922321 0.386424
vn 0.000000 0.922321 0.386424
vn -0.000000 0.999188 -0.040283
vn -0.078036 0.995755 -0.048811
vn -0.167332 0.984866 -0.045153
vn -0.160872 0.913572 0.373506
vn -0.073914 0.923164 0.377233
vn -0.073914 0.923164 0.377233
vn -0.078036 0.995755 -0.048811
vn -0.167332 0.984866 -0.045153
vn -0.251884 0.966866 -0.041529
vn -0.247702 0.902996 0.351059
vn -0.160872 0.913572 0.373506
vn -0.160872 0.913572 0.373506
vn -0.167332 0.984866 -0.045153
vn -0.251884 0.966866 -0.041529
vn -0.359141 0.926841 -0.109467
vn -0.337589 0.882015 0.328760
vn -0.247702 0.902996 0.351059
vn -0.247702 0.902996 0.351059
vn -0.251884 0.966866 -0.041529
vn -0.359141 0.926841 -0.109467
vn -0.469065 0.877813 -0.097072
vn -0.442906 0.853680 0.273980
vn -0.337589 0.882015 0.328760
vn -0.337589 0.882015 0.328760
vn -0.359141 0.926841 -0.109467
vn -0.469065 0.877813 -0.097072
vn -0.587138 0.803383 -0.099224
vn -0.562662 0.797868 0.216376
vn -0.442906 0.853680 0.273980
vn -0.442906 0.853680 0.273980
vn -0.469065 0.877813 -0.097072
vn -0.587138 0.803383 -0.099224
vn -0.701354 0.712509 -0.020808
vn -0.665400 0.717239 0.206906
vn -0.562662 0.797868 0.216376
vn -0.562662 0.797868 0.216376
vn -0.587138 0.803383 -0.099224
vn -0.701354 0.712509 -0.020808
vn -0.864903 0.496837 -0.071389
vn -0.855785 0.513490 0.062937
vn -0.781998 0.611512 0.120551
vn -0.781998 0.611512 0.120551
vn -0.809003 0.585655 -0.050215
vn -0.864903 0.496837 -0.071389
vn -0.885153 0.379622 -0.269057
vn -0.889423 0.457084 0.000000
vn -0.855785 0.513490 0.062937
vn -0.855785 0.513490 0.062937
vn -0.864903 0.496837 -0.071389
vn -0.885153 0.379622 -0.269057
vn 0.000000 0.470957 0.882156
vn 0.000000 0.689111 0.724656
vn -0.046393 0.642394 0.764969
vn -0.046393 0.642394 0.764969
vn -0.100761 0.471249 0.876226
vn 0.000000 0.470957 0.882156
vn -0.100761 0.471249 0.876226
vn -0.120372 0.702341 0.701589
vn -0.194285 0.674127 0.712605
vn -0.194285 0.674127 0.712605
vn -0.186387 0.486833 0.853377
vn -0.100761 0.471249 0.876226
vn -0.335682 0.685514 0.646056
vn -0.247656 0.484104 0.839232
vn -0.186387 0.486833 0.853377
vn -0.186387 0.486833 0.853377
vn -0.270847 0.687898 0.673378
vn -0.335682 0.685514 0.646056
vn -0.420448 0.677575 0.603420
vn -0.313932 0.531115 0.786996
vn -0.247656 0.484104 0.839232
vn -0.247656 0.484104 0.839232
vn -0.335682 0.685514 0.646056
vn -0.420448 0.677575 0.603420
vn -0.473801 0.644094 0.600546
vn -0.332465 0.524621 0.783734
vn -0.313932 0.531115 0.786996
vn -0.313932 0.531115 0.786996
vn -0.420448 0.677575 0.603420
vn -0.473801 0.644094 0.600546
vn -0.247656 0.484104 0.839232
vn -0.234241 0.233493 0.943722
vn -0.155623 0.307264 0.938813
vn -0.205126 0.352748 0.912958
vn -0.234241 0.233493 0.943722
vn -0.247656 0.484104 0.839232
vn -0.143097 0.145548 0.978948
vn -0.155623 0.307264 0.938813
vn -0.234241 0.233493 0.943722
vn -0.143097 0.145548 0.978948
vn -0.349990 0.036747 0.936032
vn -0.364108 0.025207 0.931016
vn -0.129598 -0.010092 0.991515
vn -0.364108 0.025207 0.931016
vn -0.273037 -0.022113 0.961749
vn -0.039289 -0.209259 0.977071
vn -0.004823 -0.398360 0.917217
vn -0.077219 -0.189960 0.978750
vn -0.155694 -0.035288 0.987175
vn -0.039289 -0.209259 0.977071
vn -0.273037 -0.022113 0.961749
vn -0.411893 -0.056775 0.909462
vn -0.482577 -0.046158 0.874637
vn -0.349990 0.036747 0.936032
vn -0.349990 0.036747 0.936032
vn -0.482577 -0.046158 0.874637
vn -0.568799 0.004960 0.822461
vn -0.143097 0.145548 0.978948
vn -0.035990 0.150610 0.987938
vn -0.060584 0.296270 0.953181
vn -0.186387 0.486833 0.853377
vn -0.155623 0.307264 0.938813
vn -0.060584 0.296270 0.953181
vn -0.283533 0.432390 0.855948
vn -0.332465 0.524621 0.783734
vn -0.562123 0.566593 0.602486
vn -0.809003 0.585655 -0.050215
vn -0.781998 0.611512 0.120551
vn -0.665400 0.717239 0.206906
vn -0.665400 0.717239 0.206906
vn -0.701354 0.712509 -0.020808
vn -0.809003 0.585655 -0.050215
vn -0.000000 0.999188 -0.040283
vn -0.000000 0.687773 -0.725926
vn -0.052892 0.672091 -0.738577
vn -0.052892 0.672091 -0.738577
vn -0.078036 0.995755 -0.048811
vn -0.000000 0.999188 -0.040283
vn -0.078036 0.995755 -0.048811
vn -0.052892 0.672091 -0.738577
vn -0.115159 0.678886 -0.725157
vn -0.115159 0.678886 -0.725157
vn -0.167332 0.984866 -0.045153
vn -0.078036 0.995755 -0.048811
vn -0.167332 0.984866 -0.045153
vn -0.115159 0.678886 -0.725157
vn -0.180491 0.670411 -0.719702
vn -0.180491 0.670411 -0.719702
vn -0.251884 0.966866 -0.041529
vn -0.167332 0.984866 -0.045153
vn -0.251884 0.966866 -0.041529
vn -0.180491 0.670411 -0.719702
vn -0.245864 0.639223 -0.728660
vn -0.245864 0.639223 -0.728660
vn -0.359141 0.926841 -0.109467
vn -0.251884 0.966866 -0.041529
vn -0.359141 0.926841 -0.109467
vn -0.245864 0.639223 -0.728660
vn -0.347832 0.642999 -0.682324
vn -0.347832 0.642999 -0.682324
vn -0.469065 0.877813 -0.097072
vn -0.359141 0.926841 -0.109467
vn -0.469065 0.877813 -0.097072
vn -0.347832 0.642999 -0.682324
vn -0.423548 0.584541 -0.692039
vn -0.423548 0.584541 -0.692039
vn -0.587138 0.803383 -0.099224
vn -0.469065 0.877813 -0.097072
vn -0.587138 0.803383 -0.099224
vn -0.423548 0.584541 -0.692039
vn -0.525831 0.543941 -0.653934
vn -0.525831 0.543941 -0.653934
vn -0.701354 0.712509 -0.020808
vn -0.587138 0.803383 -0.099224
vn -0.701354 0.712509 -0.020808
vn -0.525831 0.543941 -0.653934
vn -0.648406 0.460961 -0.605875
vn -0.648406 0.460961 -0.605875
vn -0.809003 0.585655 -0.050215
vn -0.701354 0.712509 -0.020808
vn -0.809003 0.585655 -0.050215
vn -0.648406 0.460961 -0.605875
vn -0.725199 0.394504 -0.564316
vn -0.725199 0.394504 -0.564316
vn -0.864903 0.496837 -0.071389
vn -0.809003 0.585655 -0.050215
vn -0.864903 0.496837 -0.071389
vn -0.725199 0.394504 -0.564316
vn -0.885153 0.379622 -0.269057
vn -0.073914 0.923164 0.377233
vn -0.046393 0.642394 0.764969
vn 0.000000 0.689111 0.724656
vn 0.000000 0.689111 0.724656
vn 0.000000 0.922321 0.386424
vn -0.073914 0.923164 0.377233
vn -0.120372 0.702341 0.701589
vn -0.046393 0.642394 0.764969
vn -0.073914 0.923164 0.377233
vn -0.073914 0.923164 0.377233
vn -0.160872 0.913572 0.373506
vn -0.120372 0.702341 0.701589
vn -0.194285 0.674127 0.712605
vn -0.120372 0.702341 0.701589
vn -0.160872 0.913572 0.373506
vn -0.160872 0.913572 0.373506
vn -0.247702 0.902996 0.351059
vn -0.194285 0.674127 0.712605
vn -0.194285 0.674127 0.712605
vn -0.247702 0.902996 0.351059
vn -0.337589 0.882015 0.328760
vn -0.337589 0.882015 0.328760
vn -0.270847 0.687898 0.673378
vn -0.194285 0.674127 0.712605
vn -0.442906 0.853680 0.273980
vn -0.335682 0.685514 0.646056
vn -0.270847 0.687898 0.673378
vn -0.270847 0.687898 0.673378
vn -0.337589 0.882015 0.328760
vn -0.442906 0.853680 0.273980
vn -0.562662 0.797868 0.216376
vn -0.420448 0.677575 0.603420
vn -0.335682 0.685514 0.646056
vn -0.335682 0.685514 0.646056
vn -0.442906 0.853680 0.273980
vn -0.562662 0.797868 0.216376
vn -0.665400 0.717239 0.206906
vn -0.473801 0.644094 0.600546
vn -0.420448 0.677575 0.603420
vn -0.420448 0.677575 0.603420
vn -0.562662 0.797868 0.216376
vn -0.665400 0.717239 0.206906
vn -0.781998 0.611512 0.120551
vn -0.562123 0.566593 0.602486
vn -0.473801 0.644094 0.600546
vn -0.473801 0.644094 0.600546
vn -0.665400 0.717239 0.206906
vn -0.781998 0.611512 0.120551
vn -0.855785 0.513490 0.062937
vn -0.660828 0.500895 0.558937
vn -0.562123 0.566593 0.602486
vn -0.562123 0.566593 0.602486
vn -0.781998 0.611512 0.120551
vn -0.855785 0.513490 0.062937
vn -0.666421 0.486727 0.564783
vn -0.660828 0.500895 0.558937
vn -0.855785 0.513490 0.062937
vn -0.855785 0.513490 0.062937
vn -0.889423 0.457084 0.000000
vn -0.666421 0.486727 0.564783
vn -0.364108 0.025207 0.931016
vn -0.568799 0.004960 0.822461
vn -0.672908 0.080440 0.735339
vn -0.672908 0.080440 0.735339
vn -0.561312 0.187504 0.806084
vn -0.273037 -0.022113 0.961749
vn -0.143086 0.067223 0.987425
vn -0.411893 -0.056775 0.909462
vn -0.234241 0.233493 0.943722
vn -0.205126 0.352748 0.912958
vn -0.332465 0.524621 0.783734
vn -0.177178 0.296189 0.938552
vn -0.562123 0.566593 0.602486
vn -0.450489 0.442113 0.775626
vn -0.283533 0.432390 0.855948
vn -0.332465 0.524621 0.783734
vn -0.283533 0.432390 0.855948
vn -0.177178 0.296189 0.938552
vn -0.332465 0.524621 0.783734
vn -0.473801 0.644094 0.600546
vn -0.562123 0.566593 0.602486
vn -0.450489 0.442113 0.775626
vn -0.660828 0.500895 0.558937
vn -0.591358 0.360692 0.721247
vn -0.450489 0.442113 0.775626
vn -0.562123 0.566593 0.602486
vn -0.660828 0.500895 0.558937
vn -0.660828 0.500895 0.558937
vn -0.666421 0.486727 0.564783
vn -0.127223 0.260672 0.957008
vn -0.127223 0.260672 0.957008
vn -0.591358 0.360692 0.721247
vn -0.660828 0.500895 0.558937
vn 0.332466 0.524621 0.783735
vn 0.313933 0.531116 0.786996
vn 0.205126 0.352748 0.912958
vn 0.129598 -0.010092 0.991515
vn 0.035990 0.150610 0.987938
vn 0.018510 -0.046065 0.998767
vn 0.005245 -0.295861 0.955216
vn 0.077219 -0.189960 0.978750
vn 0.018510 -0.046065 0.998767
vn 0.561308 0.187504 0.806086
vn 0.273036 -0.022114 0.961750
vn 0.155694 -0.035288 0.987175
vn 0.018510 -0.046065 0.998767
vn 0.000000 0.128889 0.991659
vn -0.018674 -0.045279 0.998800
vn 0.143097 0.145548 0.978948
vn 0.129598 -0.010092 0.991515
vn 0.364108 0.025207 0.931016
vn -0.006811 -0.255446 0.966799
vn 0.005245 -0.295861 0.955216
vn 0.018510 -0.046065 0.998767
vn 0.018510 -0.046065 0.998767
vn -0.018674 -0.045279 0.998800
vn -0.006811 -0.255446 0.966799
vn 0.129598 -0.010092 0.991515
vn 0.077219 -0.189960 0.978750
vn 0.273036 -0.022114 0.961750
vn -0.004823 -0.398360 0.917217
vn 0.004114 -0.403635 0.914911
vn 0.005245 -0.295861 0.955216
vn 0.005245 -0.295861 0.955216
vn -0.006811 -0.255446 0.966799
vn -0.004823 -0.398360 0.917217
vn 0.004114 -0.403635 0.914911
vn 0.077219 -0.189960 0.978750
vn 0.005245 -0.295861 0.955216
vn 0.247656 0.484104 0.839232
vn 0.186388 0.486834 0.853377
vn 0.155624 0.307264 0.938813
vn 0.186388 0.486834 0.853377
vn 0.100761 0.471249 0.876226
vn 0.060584 0.296270 0.953181
vn 0.060584 0.296270 0.953181
vn 0.100761 0.471249 0.876226
vn 0.000000 0.295239 0.955423
vn 0.155624 0.307264 0.938813
vn 0.060584 0.296270 0.953181
vn 0.143097 0.145548 0.978948
vn 0.035990 0.150610 0.987938
vn 0.060584 0.296270 0.953181
vn 0.000000 0.128889 0.991659
vn 0.349990 0.036747 0.936032
vn 0.234241 0.233493 0.943722
vn 0.143097 0.145548 0.978948
vn 0.177178 0.296189 0.938552
vn 0.205126 0.352748 0.912958
vn 0.143086 0.067222 0.987425
vn 0.205126 0.352748 0.912958
vn 0.234241 0.233493 0.943722
vn 0.143086 0.067222 0.987425
vn 0.234241 0.233493 0.943722
vn 0.349990 0.036747 0.936032
vn 0.411893 -0.056775 0.909462
vn 0.039290 -0.209259 0.977071
vn 0.273036 -0.022114 0.961750
vn 0.077219 -0.189960 0.978750
vn 0.364108 0.025207 0.931016
vn 0.273036 -0.022114 0.961750
vn 0.672909 0.080440 0.735339
vn 0.349990 0.036747 0.936032
vn 0.364108 0.025207 0.931016
vn 0.568792 0.004961 0.822467
vn 0.313933 0.531116 0.786996
vn 0.247656 0.484104 0.839232
vn 0.205126 0.352748 0.912958
vn 0.078035 0.995755 -0.048811
vn -0.000000 0.999188 -0.040283
vn 0.000000 0.922321 0.386424
vn 0.000000 0.922321 0.386424
vn 0.073914 0.923164 0.377233
vn 0.078035 0.995755 -0.048811
vn 0.167332 0.984866 -0.045152
vn 0.078035 0.995755 -0.048811
vn 0.073914 0.923164 0.377233
vn 0.073914 0.923164 0.377233
vn 0.160872 0.913572 0.373506
vn 0.167332 0.984866 -0.045152
vn 0.251884 0.966866 -0.041528
vn 0.167332 0.984866 -0.045152
vn 0.160872 0.913572 0.373506
vn 0.160872 0.913572 0.373506
vn 0.247702 0.902995 0.351060
vn 0.251884 0.966866 -0.041528
vn 0.359141 0.926842 -0.109465
vn 0.251884 0.966866 -0.041528
vn 0.247702 0.902995 0.351060
vn 0.247702 0.902995 0.351060
vn 0.337589 0.882015 0.328759
vn 0.359141 0.926842 -0.109465
vn 0.469064 0.877813 -0.097073
vn 0.359141 0.926842 -0.109465
vn 0.337589 0.882015 0.328759
vn 0.337589 0.882015 0.328759
vn 0.442906 0.853680 0.273979
vn 0.469064 0.877813 -0.097073
vn 0.587138 0.803383 -0.099223
vn 0.469064 0.877813 -0.097073
vn 0.442906 0.853680 0.273979
vn 0.442906 0.853680 0.273979
vn 0.562662 0.797868 0.216377
vn 0.587138 0.803383 -0.099223
vn 0.701355 0.712509 -0.020807
vn 0.587138 0.803383 -0.099223
vn 0.562662 0.797868 0.216377
vn 0.562662 0.797868 0.216377
vn 0.665400 0.717239 0.206905
vn 0.701355 0.712509 -0.020807
vn 0.864902 0.496838 -0.071387
vn 0.809004 0.585654 -0.050214
vn 0.781998 0.611512 0.120550
vn 0.781998 0.611512 0.120550
vn 0.855784 0.513490 0.062934
vn 0.864902 0.496838 -0.071387
vn 0.885152 0.379623 -0.269058
vn 0.864902 0.496838 -0.071387
vn 0.855784 0.513490 0.062934
vn 0.855784 0.513490 0.062934
vn 0.889423 0.457084 -0.000000
vn 0.885152 0.379623 -0.269058
vn 0.000000 0.470957 0.882156
vn 0.046394 0.642394 0.764969
vn 0.000000 0.689111 0.724656
vn 0.046394 0.642394 0.764969
vn 0.100761 0.471249 0.876226
vn 0.120372 0.702341 0.701589
vn 0.100761 0.471249 0.876226
vn 0.194285 0.674127 0.712605
vn 0.120372 0.702341 0.701589
vn 0.194285 0.674127 0.712605
vn 0.186388 0.486834 0.853377
vn 0.270847 0.687899 0.673377
vn 0.335681 0.685514 0.646056
vn 0.270847 0.687899 0.673377
vn 0.186388 0.486834 0.853377
vn 0.186388 0.486834 0.853377
vn 0.247656 0.484104 0.839232
vn 0.335681 0.685514 0.646056
vn 0.420449 0.677575 0.603419
vn 0.335681 0.685514 0.646056
vn 0.247656 0.484104 0.839232
vn 0.247656 0.484104 0.839232
vn 0.313933 0.531116 0.786996
vn 0.420449 0.677575 0.603419
vn 0.473801 0.644094 0.600545
vn 0.420449 0.677575 0.603419
vn 0.313933 0.531116 0.786996
vn 0.313933 0.531116 0.786996
vn 0.332466 0.524621 0.783735
vn 0.473801 0.644094 0.600545
vn 0.247656 0.484104 0.839232
vn 0.155624 0.307264 0.938813
vn 0.234241 0.233493 0.943722
vn 0.205126 0.352748 0.912958
vn 0.247656 0.484104 0.839232
vn 0.234241 0.233493 0.943722
vn 0.143097 0.145548 0.978948
vn 0.234241 0.233493 0.943722
vn 0.155624 0.307264 0.938813
vn 0.143097 0.145548 0.978948
vn 0.364108 0.025207 0.931016
vn 0.349990 0.036747 0.936032
vn 0.129598 -0.010092 0.991515
vn 0.273036 -0.022114 0.961750
vn 0.364108 0.025207 0.931016
vn 0.039290 -0.209259 0.977071
vn 0.077219 -0.189960 0.978750
vn 0.004114 -0.403635 0.914911
vn 0.155694 -0.035288 0.987175
vn 0.273036 -0.022114 0.961750
vn 0.039290 -0.209259 0.977071
vn 0.411893 -0.056775 0.909462
vn 0.349990 0.036747 0.936032
vn 0.482572 -0.046153 0.874640
vn 0.349990 0.036747 0.936032
vn 0.568792 0.004961 0.822467
vn 0.482572 -0.046153 0.874640
vn 0.143097 0.145548 0.978948
vn 0.060584 0.296270 0.953181
vn 0.035990 0.150610 0.987938
vn 0.186388 0.486834 0.853377
vn 0.060584 0.296270 0.953181
vn 0.155624 0.307264 0.938813
vn 0.283533 0.432391 0.855948
vn 0.562123 0.566594 0.602486
vn 0.332466 0.524621 0.783735
vn 0.809004 0.585654 -0.050214
vn 0.701355 0.712509 -0.020807
vn 0.665400 0.717239 0.206905
vn 0.665400 0.717239 0.206905
vn 0.781998 0.611512 0.120550
vn 0.809004 0.585654 -0.050214
vn 0.052892 0.672091 -0.738577
vn -0.000000 0.687773 -0.725926
vn -0.000000 0.999188 -0.040283
vn -0.000000 0.999188 -0.040283
vn 0.078035 0.995755 -0.048811
vn 0.052892 0.672091 -0.738577
vn 0.115159 0.678886 -0.725157
vn 0.052892 0.672091 -0.738577
vn 0.078035 0.995755 -0.048811
vn 0.078035 0.995755 -0.048811
vn 0.167332 0.984866 -0.045152
vn 0.115159 0.678886 -0.725157
vn 0.180491 0.670412 -0.719702
vn 0.115159 0.678886 -0.725157
vn 0.167332 0.984866 -0.045152
vn 0.167332 0.984866 -0.045152
vn 0.251884 0.966866 -0.041528
vn 0.180491 0.670412 -0.719702
vn 0.245865 0.639224 -0.728658
vn 0.180491 0.670412 -0.719702
vn 0.251884 0.966866 -0.041528
vn 0.251884 0.966866 -0.041528
vn 0.359141 0.926842 -0.109465
vn 0.245865 0.639224 -0.728658
vn 0.347832 0.642999 -0.682324
vn 0.245865 0.639224 -0.728658
vn 0.359141 0.926842 -0.109465
vn 0.359141 0.926842 -0.109465
vn 0.469064 0.877813 -0.097073
vn 0.347832 0.642999 -0.682324
vn 0.423546 0.584540 -0.692042
vn 0.347832 0.642999 -0.682324
vn 0.469064 0.877813 -0.097073
vn 0.469064 0.877813 -0.097073
vn 0.587138 0.803383 -0.099223
vn 0.423546 0.584540 -0.692042
vn 0.525830 0.543940 -0.653936
vn 0.423546 0.584540 -0.692042
vn 0.587138 0.803383 -0.099223
vn 0.587138 0.803383 -0.099223
vn 0.701355 0.712509 -0.020807
vn 0.525830 0.543940 -0.653936
vn 0.648406 0.460961 -0.605875
vn 0.525830 0.543940 -0.653936
vn 0.701355 0.712509 -0.020807
vn 0.701355 0.712509 -0.020807
vn 0.809004 0.585654 -0.050214
vn 0.648406 0.460961 -0.605875
vn 0.725203 0.394507 -0.564309
vn 0.648406 0.460961 -0.605875
vn 0.809004 0.585654 -0.050214
vn 0.809004 0.585654 -0.050214
vn 0.864902 0.496838 -0.071387
vn 0.725203 0.394507 -0.564309
vn 0.864902 0.496838 -0.071387
vn 0.885152 0.379623 -0.269058
vn 0.725203 0.394507 -0.564309
vn 0.073914 0.923164 0.377233
vn 0.000000 0.922321 0.386424
vn 0.000000 0.689111 0.724656
vn 0.000000 0.689111 0.724656
vn 0.046394 0.642394 0.764969
vn 0.073914 0.923164 0.377233
vn 0.120372 0.702341 0.701589
vn 0.160872 0.913572 0.373506
vn 0.073914 0.923164 0.377233
vn 0.073914 0.923164 0.377233
vn 0.046394 0.642394 0.764969
vn 0.120372 0.702341 0.701589
vn 0.194285 0.674127 0.712605
vn 0.247702 0.902995 0.351060
vn 0.160872 0.913572 0.373506
vn 0.160872 0.913572 0.373506
vn 0.120372 0.702341 0.701589
vn 0.194285 0.674127 0.712605
vn 0.337589 0.882015 0.328759
vn 0.247702 0.902995 0.351060
vn 0.194285 0.674127 0.712605
vn 0.194285 0.674127 0.712605
vn 0.270847 0.687899 0.673377
vn 0.337589 0.882015 0.328759
vn 0.442906 0.853680 0.273979
vn 0.337589 0.882015 0.328759
vn 0.270847 0.687899 0.673377
vn 0.270847 0.687899 0.673377
vn 0.335681 0.685514 0.646056
vn 0.442906 0.853680 0.273979
vn 0.562662 0.797868 0.216377
vn 0.442906 0.853680 0.273979
vn 0.335681 0.685514 0.646056
vn 0.335681 0.685514 0.646056
vn 0.420449 0.677575 0.603419
vn 0.562662 0.797868 0.216377
vn 0.665400 0.717239 0.206905
vn 0.562662 0.797868 0.216377
vn 0.420449 0.677575 0.603419
vn 0.420449 0.677575 0.603419
vn 0.473801 0.644094 0.600545
vn 0.665400 0.717239 0.206905
vn 0.781998 0.611512 0.120550
vn 0.665400 0.717239 0.206905
vn 0.473801 0.644094 0.600545
vn 0.473801 0.644094 0.600545
vn 0.562123 0.566594 0.602486
vn 0.781998 0.611512 0.120550
vn 0.855784 0.513490 0.062934
vn 0.781998 0.611512 0.120550
vn 0.562123 0.566594 0.602486
vn 0.562123 0.566594 0.602486
vn 0.660830 0.500895 0.558935
vn 0.855784 0.513490 0.062934
vn 0.666421 0.486726 0.564783
vn 0.889423 0.457084 -0.000000
vn 0.855784 0.513490 0.062934
vn 0.855784 0.513490 0.062934
vn 0.660830 0.500895 0.558935
vn 0.666421 0.486726 0.564783
vn 0.364108 0.025207 0.931016
vn 0.672909 0.080440 0.735339
vn 0.568792 0.004961 0.822467
vn 0.672909 0.080440 0.735339
vn 0.273036 -0.022114 0.961750
vn 0.561308 0.187504 0.806086
vn 0.143086 0.067222 0.987425
vn 0.234241 0.233493 0.943722
vn 0.411893 -0.056775 0.909462
vn 0.205126 0.352748 0.912958
vn 0.177178 0.296189 0.938552
vn 0.332466 0.524621 0.783735
vn 0.562123 0.566594 0.602486
vn 0.283533 0.432391 0.855948
vn 0.450490 0.442115 0.775624
vn 0.332466 0.524621 0.783735
vn 0.177178 0.296189 0.938552
vn 0.283533 0.432391 0.855948
vn 0.332466 0.524621 0.783735
vn 0.562123 0.566594 0.602486
vn 0.473801 0.644094 0.600545
vn 0.450490 0.442115 0.775624
vn 0.591359 0.360691 0.721247
vn 0.660830 0.500895 0.558935
vn 0.450490 0.442115 0.775624
vn 0.660830 0.500895 0.558935
vn 0.562123 0.566594 0.602486
vn 0.127224 0.260672 0.957008
vn 0.666421 0.486726 0.564783
vn 0.660830 0.500895 0.558935
vn 0.660830 0.500895 0.558935
vn 0.591359 0.360691 0.721247
vn 0.127224 0.260672 0.957008
vn 0.018510 -0.046065 0.998767
vn 0.035990 0.150610 0.987938
vn 0.000000 0.128889 0.991659
vn 0.000000 0.128889 0.991659
vn -0.035990 0.150610 0.987938
vn -0.018674 -0.045279 0.998800
vn 0.000000 0.128889 0.991659
vn 0.000000 0.295239 0.955423
vn -0.060584 0.296270 0.953181
vn 0.060584 0.296270 0.953181
vn 0.000000 0.295239 0.955423
vn 0.000000 0.128889 0.991659
vn -0.194285 0.674127 0.712605
vn -0.270847 0.687898 0.673378
vn -0.186387 0.486833 0.853377
vn 0.194285 0.674127 0.712605
vn 0.100761 0.471249 0.876226
vn 0.186388 0.486834 0.853377
vn -0.046393 0.642394 0.764969
vn -0.120372 0.702341 0.701589
vn -0.100761 0.471249 0.876226
vn 0.046394 0.642394 0.764969
vn 0.000000 0.470957 0.882156
vn 0.100761 0.471249 0.876226
vn 0.000000 0.295239 0.955423
vn 0.000000 0.470957 0.882156
vn -0.100761 0.471249 0.876226
vn 0.100761 0.471249 0.876226
vn 0.000000 0.470957 0.882156
vn 0.000000 0.295239 0.955423
vn -0.018674 -0.045279 0.998800
vn -0.129598 -0.010092 0.991515
vn -0.077219 -0.189960 0.978750
vn 0.077219 -0.189960 0.978750
vn 0.129598 -0.010092 0.991515
vn 0.018510 -0.046065 0.998767
vn -0.129598 -0.010092 0.991515
vn -0.018674 -0.045279 0.998800
vn -0.035990 0.150610 0.987938
vn 0.129598 -0.010092 0.991515
vn 0.143097 0.145548 0.978948
vn 0.035990 0.150610 0.987938
vn -0.000403 0.005246 -0.999986
vn -0.000000 0.006838 -0.999977
vn -0.000000 -0.018443 -0.999830
vn -0.000000 -0.018443 -0.999830
vn -0.000090 -0.020753 -0.999785
vn -0.000403 0.005246 -0.999986
vn -0.004438 -0.826077 -0.563540
vn -0.180464 -0.824221 -0.536742
vn -0.004867 -0.022206 -0.999742
vn -0.004867 -0.022206 -0.999742
vn -0.000090 -0.020753 -0.999785
vn -0.004438 -0.826077 -0.563540
vn -0.332633 -0.757921 -0.561170
vn -0.010101 -0.022908 -0.999687
vn -0.004867 -0.022206 -0.999742
vn -0.004867 -0.022206 -0.999742
vn -0.180464 -0.824221 -0.536742
vn -0.332633 -0.757921 -0.561170
vn -0.447286 -0.692887 -0.565547
vn -0.014888 -0.023073 -0.999623
vn -0.010101 -0.022908 -0.999687
vn -0.010101 -0.022908 -0.999687
vn -0.332633 -0.757921 -0.561170
vn -0.447286 -0.692887 -0.565547
vn -0.549289 -0.621479 -0.558610
vn -0.022270 -0.025245 -0.999433
vn -0.014888 -0.023073 -0.999623
vn -0.014888 -0.023073 -0.999623
vn -0.447286 -0.692887 -0.565547
vn -0.549289 -0.621479 -0.558610
vn -0.643229 -0.538283 -0.544526
vn -0.030098 -0.025210 -0.999229
vn -0.022270 -0.025245 -0.999433
vn -0.022270 -0.025245 -0.999433
vn -0.549289 -0.621479 -0.558610
vn -0.643229 -0.538283 -0.544526
vn -0.709378 -0.444842 -0.546716
vn -0.045378 -0.028409 -0.998566
vn -0.030098 -0.025210 -0.999229
vn -0.030098 -0.025210 -0.999229
vn -0.643229 -0.538283 -0.544526
vn -0.709378 -0.444842 -0.546716
vn -0.752357 -0.354139 -0.555467
vn -0.784616 -0.283452 -0.551392
vn -0.098151 -0.035676 -0.994532
vn -0.098151 -0.035676 -0.994532
vn -0.078795 -0.037062 -0.996202
vn -0.752357 -0.354139 -0.555467
vn -0.746844 -0.096600 -0.657945
vn -0.744275 -0.037536 -0.666817
vn -0.318375 -0.015971 -0.947830
vn -0.318375 -0.015971 -0.947830
vn -0.273883 -0.033649 -0.961174
vn -0.746844 -0.096600 -0.657945
vn -0.744275 -0.037536 -0.666817
vn -0.885153 0.379622 -0.269057
vn -0.395061 0.092757 -0.913960
vn -0.395061 0.092757 -0.913960
vn -0.318375 -0.015971 -0.947830
vn -0.744275 -0.037536 -0.666817
vn -0.004438 -0.826077 -0.563540
vn -0.000090 -0.020753 -0.999785
vn -0.000000 -0.018443 -0.999830
vn -0.000000 -0.018443 -0.999830
vn -0.000000 -0.727990 -0.685588
vn -0.004438 -0.826077 -0.563540
vn -0.746844 -0.096600 -0.657945
vn -0.273883 -0.033649 -0.961174
vn -0.128119 -0.031736 -0.991251
vn -0.128119 -0.031736 -0.991251
vn -0.812293 -0.207492 -0.545093
vn -0.746844 -0.096600 -0.657945
vn -0.752357 -0.354139 -0.555467
vn -0.078795 -0.037062 -0.996202
vn -0.045378 -0.028409 -0.998566
vn -0.045378 -0.028409 -0.998566
vn -0.709378 -0.444842 -0.546716
vn -0.752357 -0.354139 -0.555467
vn -0.000000 0.687773 -0.725926
vn -0.000000 0.006838 -0.999977
vn -0.000403 0.005246 -0.999986
vn -0.000403 0.005246 -0.999986
vn -0.052892 0.672091 -0.738577
vn -0.000000 0.687773 -0.725926
vn -0.052892 0.672091 -0.738577
vn -0.000403 0.005246 -0.999986
vn -0.001173 0.007005 -0.999975
vn -0.001173 0.007005 -0.999975
vn -0.115159 0.678886 -0.725157
vn -0.052892 0.672091 -0.738577
vn -0.115159 0.678886 -0.725157
vn -0.001173 0.007005 -0.999975
vn -0.001996 0.007339 -0.999971
vn -0.001996 0.007339 -0.999971
vn -0.180491 0.670411 -0.719702
vn -0.115159 0.678886 -0.725157
vn -0.180491 0.670411 -0.719702
vn -0.001996 0.007339 -0.999971
vn -0.002806 0.007434 -0.999969
vn -0.002806 0.007434 -0.999969
vn -0.245864 0.639223 -0.728660
vn -0.180491 0.670411 -0.719702
vn -0.245864 0.639223 -0.728660
vn -0.002806 0.007434 -0.999969
vn -0.004894 0.009016 -0.999947
vn -0.004894 0.009016 -0.999947
vn -0.347832 0.642999 -0.682324
vn -0.245864 0.639223 -0.728660
vn -0.347832 0.642999 -0.682324
vn -0.004894 0.009016 -0.999947
vn -0.007318 0.010208 -0.999921
vn -0.007318 0.010208 -0.999921
vn -0.423548 0.584541 -0.692039
vn -0.347832 0.642999 -0.682324
vn -0.423548 0.584541 -0.692039
vn -0.007318 0.010208 -0.999921
vn -0.011982 0.012566 -0.999849
vn -0.011982 0.012566 -0.999849
vn -0.525831 0.543941 -0.653934
vn -0.423548 0.584541 -0.692039
vn -0.525831 0.543941 -0.653934
vn -0.011982 0.012566 -0.999849
vn -0.025372 0.018338 -0.999510
vn -0.025372 0.018338 -0.999510
vn -0.648406 0.460961 -0.605875
vn -0.525831 0.543941 -0.653934
vn -0.648406 0.460961 -0.605875
vn -0.025372 0.018338 -0.999510
vn -0.074706 0.039786 -0.996412
vn -0.074706 0.039786 -0.996412
vn -0.725199 0.394504 -0.564316
vn -0.648406 0.460961 -0.605875
vn -0.128119 -0.031736 -0.991251
vn -0.098151 -0.035676 -0.994532
vn -0.784616 -0.283452 -0.551392
vn -0.784616 -0.283452 -0.551392
vn -0.812293 -0.207492 -0.545093
vn -0.128119 -0.031736 -0.991251
vn -0.000090 -0.020753 -0.999785
vn -0.001173 0.007005 -0.999975
vn -0.000403 0.005246 -0.999986
vn -0.000090 -0.020753 -0.999785
vn -0.001996 0.007339 -0.999971
vn -0.001173 0.007005 -0.999975
vn -0.000090 -0.020753 -0.999785
vn -0.002806 0.007434 -0.999969
vn -0.001996 0.007339 -0.999971
vn -0.000090 -0.020753 -0.999785
vn -0.004867 -0.022206 -0.999742
vn -0.002806 0.007434 -0.999969
vn -0.004867 -0.022206 -0.999742
vn -0.004894 0.009016 -0.999947
vn -0.002806 0.007434 -0.999969
vn -0.004867 -0.022206 -0.999742
vn -0.010101 -0.022908 -0.999687
vn -0.004894 0.009016 -0.999947
vn -0.010101 -0.022908 -0.999687
vn -0.014888 -0.023073 -0.999623
vn -0.004894 0.009016 -0.999947
vn -0.014888 -0.023073 -0.999623
vn -0.007318 0.010208 -0.999921
vn -0.004894 0.009016 -0.999947
vn -0.014888 -0.023073 -0.999623
vn -0.022270 -0.025245 -0.999433
vn -0.007318 0.010208 -0.999921
vn -0.022270 -0.025245 -0.999433
vn -0.030098 -0.025210 -0.999229
vn -0.007318 0.010208 -0.999921
vn -0.030098 -0.025210 -0.999229
vn -0.011982 0.012566 -0.999849
vn -0.007318 0.010208 -0.999921
vn -0.030098 -0.025210 -0.999229
vn -0.045378 -0.028409 -0.998566
vn -0.011982 0.012566 -0.999849
vn -0.045378 -0.028409 -0.998566
vn -0.025372 0.018338 -0.999510
vn -0.011982 0.012566 -0.999849
vn -0.045378 -0.028409 -0.998566
vn -0.078795 -0.037062 -0.996202
vn -0.025372 0.018338 -0.999510
vn -0.078795 -0.037062 -0.996202
vn -0.098151 -0.035676 -0.994532
vn -0.025372 0.018338 -0.999510
vn -0.098151 -0.035676 -0.994532
vn -0.128119 -0.031736 -0.991251
vn -0.025372 0.018338 -0.999510
vn -0.128119 -0.031736 -0.991251
vn -0.074706 0.039786 -0.996412
vn -0.025372 0.018338 -0.999510
vn -0.128119 -0.031736 -0.991251
vn -0.273883 -0.033649 -0.961174
vn -0.074706 0.039786 -0.996412
vn -0.273883 -0.033649 -0.961174
vn -0.318375 -0.015971 -0.947830
vn -0.074706 0.039786 -0.996412
vn -0.318375 -0.015971 -0.947830
vn -0.395061 0.092757 -0.913960
vn -0.074706 0.039786 -0.996412
vn -0.725199 0.394504 -0.564316
vn -0.395061 0.092757 -0.913960
vn -0.885153 0.379622 -0.269057
vn -0.725199 0.394504 -0.564316
vn -0.074706 0.039786 -0.996412
vn -0.395061 0.092757 -0.913960
vn 0.000402 0.005246 -0.999986
vn 0.000089 -0.020753 -0.999785
vn -0.000000 -0.018443 -0.999830
vn -0.000000 -0.018443 -0.999830
vn -0.000000 0.006838 -0.999977
vn 0.000402 0.005246 -0.999986
vn 0.004438 -0.826077 -0.563540
vn 0.000089 -0.020753 -0.999785
vn 0.004867 -0.022206 -0.999742
vn 0.004867 -0.022206 -0.999742
vn 0.180464 -0.824221 -0.536742
vn 0.004438 -0.826077 -0.563540
vn 0.332633 -0.757921 -0.561170
vn 0.180464 -0.824221 -0.536742
vn 0.004867 -0.022206 -0.999742
vn 0.004867 -0.022206 -0.999742
vn 0.010101 -0.022908 -0.999687
vn 0.332633 -0.757921 -0.561170
vn 0.447286 -0.692887 -0.565547
vn 0.332633 -0.757921 -0.561170
vn 0.010101 -0.022908 -0.999687
vn 0.010101 -0.022908 -0.999687
vn 0.014888 -0.023073 -0.999623
vn 0.447286 -0.692887 -0.565547
vn 0.549289 -0.621479 -0.558610
vn 0.447286 -0.692887 -0.565547
vn 0.014888 -0.023073 -0.999623
vn 0.014888 -0.023073 -0.999623
vn 0.022270 -0.025245 -0.999433
vn 0.549289 -0.621479 -0.558610
vn 0.643229 -0.538283 -0.544526
vn 0.549289 -0.621479 -0.558610
vn 0.022270 -0.025245 -0.999433
vn 0.022270 -0.025245 -0.999433
vn 0.030097 -0.025210 -0.999229
vn 0.643229 -0.538283 -0.544526
vn 0.709378 -0.444842 -0.546716
vn 0.643229 -0.538283 -0.544526
vn 0.030097 -0.025210 -0.999229
vn 0.030097 -0.025210 -0.999229
vn 0.045378 -0.028409 -0.998566
vn 0.709378 -0.444842 -0.546716
vn 0.752357 -0.354139 -0.555467
vn 0.078795 -0.037062 -0.996202
vn 0.098151 -0.035676 -0.994532
vn 0.098151 -0.035676 -0.994532
vn 0.784616 -0.283452 -0.551392
vn 0.752357 -0.354139 -0.555467
vn 0.746844 -0.096600 -0.657945
vn 0.273883 -0.033649 -0.961174
vn 0.318375 -0.015971 -0.947830
vn 0.318375 -0.015971 -0.947830
vn 0.744275 -0.037536 -0.666817
vn 0.746844 -0.096600 -0.657945
vn 0.744275 -0.037536 -0.666817
vn 0.318375 -0.015971 -0.947830
vn 0.395061 0.092757 -0.913960
vn 0.395061 0.092757 -0.913960
vn 0.885152 0.379623 -0.269058
vn 0.744275 -0.037536 -0.666817
vn 0.004438 -0.826077 -0.563540
vn -0.000000 -0.727990 -0.685588
vn -0.000000 -0.018443 -0.999830
vn -0.000000 -0.018443 -0.999830
vn 0.000089 -0.020753 -0.999785
vn 0.004438 -0.826077 -0.563540
vn 0.746844 -0.096600 -0.657945
vn 0.812293 -0.207492 -0.545093
vn 0.128118 -0.031736 -0.991251
vn 0.128118 -0.031736 -0.991251
vn 0.273883 -0.033649 -0.961174
vn 0.746844 -0.096600 -0.657945
vn 0.752357 -0.354139 -0.555467
vn 0.709378 -0.444842 -0.546716
vn 0.045378 -0.028409 -0.998566
vn 0.045378 -0.028409 -0.998566
vn 0.078795 -0.037062 -0.996202
vn 0.752357 -0.354139 -0.555467
vn -0.000000 0.687773 -0.725926
vn 0.052892 0.672091 -0.738577
vn 0.000402 0.005246 -0.999986
vn 0.000402 0.005246 -0.999986
vn -0.000000 0.006838 -0.999977
vn -0.000000 0.687773 -0.725926
vn 0.052892 0.672091 -0.738577
vn 0.115159 0.678886 -0.725157
vn 0.001173 0.007005 -0.999975
vn 0.001173 0.007005 -0.999975
vn 0.000402 0.005246 -0.999986
vn 0.052892 0.672091 -0.738577
vn 0.115159 0.678886 -0.725157
vn 0.180491 0.670412 -0.719702
vn 0.001996 0.007339 -0.999971
vn 0.001996 0.007339 -0.999971
vn 0.001173 0.007005 -0.999975
vn 0.115159 0.678886 -0.725157
vn 0.180491 0.670412 -0.719702
vn 0.245865 0.639224 -0.728658
vn 0.002806 0.007434 -0.999969
vn 0.002806 0.007434 -0.999969
vn 0.001996 0.007339 -0.999971
vn 0.180491 0.670412 -0.719702
vn 0.245865 0.639224 -0.728658
vn 0.347832 0.642999 -0.682324
vn 0.004893 0.009016 -0.999947
vn 0.004893 0.009016 -0.999947
vn 0.002806 0.007434 -0.999969
vn 0.245865 0.639224 -0.728658
vn 0.347832 0.642999 -0.682324
vn 0.423546 0.584540 -0.692042
vn 0.007317 0.010208 -0.999921
vn 0.007317 0.010208 -0.999921
vn 0.004893 0.009016 -0.999947
vn 0.347832 0.642999 -0.682324
vn 0.423546 0.584540 -0.692042
vn 0.525830 0.543940 -0.653936
vn 0.011982 0.012566 -0.999849
vn 0.011982 0.012566 -0.999849
vn 0.007317 0.010208 -0.999921
vn 0.423546 0.584540 -0.692042
vn 0.525830 0.543940 -0.653936
vn 0.648406 0.460961 -0.605875
vn 0.025372 0.018338 -0.999510
vn 0.025372 0.018338 -0.999510
vn 0.011982 0.012566 -0.999849
vn 0.525830 0.543940 -0.653936
vn 0.648406 0.460961 -0.605875
vn 0.725203 0.394507 -0.564309
vn 0.074706 0.039786 -0.996412
vn 0.074706 0.039786 -0.996412
vn 0.025372 0.018338 -0.999510
vn 0.648406 0.460961 -0.605875
vn 0.128118 -0.031736 -0.991251
vn 0.812293 -0.207492 -0.545093
vn 0.784616 -0.283452 -0.551392
vn 0.784616 -0.283452 -0.551392
vn 0.098151 -0.035676 -0.994532
vn 0.128118 -0.031736 -0.991251
vn 0.000089 -0.020753 -0.999785
vn 0.000402 0.005246 -0.999986
vn 0.001173 0.007005 -0.999975
vn 0.000089 -0.020753 -0.999785
vn 0.001173 0.007005 -0.999975
vn 0.001996 0.007339 -0.999971
vn 0.000089 -0.020753 -0.999785
vn 0.001996 0.007339 -0.999971
vn 0.002806 0.007434 -0.999969
vn 0.000089 -0.020753 -0.999785
vn 0.002806 0.007434 -0.999969
vn 0.004867 -0.022206 -0.999742
vn 0.004867 -0.022206 -0.999742
vn 0.002806 0.007434 -0.999969
vn 0.004893 0.009016 -0.999947
vn 0.004867 -0.022206 -0.999742
vn 0.004893 0.009016 -0.999947
vn 0.010101 -0.022908 -0.999687
vn 0.010101 -0.022908 -0.999687
vn 0.004893 0.009016 -0.999947
vn 0.014888 -0.023073 -0.999623
vn 0.014888 -0.023073 -0.999623
vn 0.004893 0.009016 -0.999947
vn 0.007317 0.010208 -0.999921
vn 0.014888 -0.023073 -0.999623
vn 0.007317 0.010208 -0.999921
vn 0.022270 -0.025245 -0.999433
vn 0.022270 -0.025245 -0.999433
vn 0.007317 0.010208 -0.999921
vn 0.030097 -0.025210 -0.999229
vn 0.030097 -0.025210 -0.999229
vn 0.007317 0.010208 -0.999921
vn 0.011982 0.012566 -0.999849
vn 0.030097 -0.025210 -0.999229
vn 0.011982 0.012566 -0.999849
vn 0.045378 -0.028409 -0.998566
vn 0.045378 -0.028409 -0.998566
vn 0.011982 0.012566 -0.999849
vn 0.025372 0.018338 -0.999510
vn 0.045378 -0.028409 -0.998566
vn 0.025372 0.018338 -0.999510
vn 0.078795 -0.037062 -0.996202
vn 0.078795 -0.037062 -0.996202
vn 0.025372 0.018338 -0.999510
vn 0.098151 -0.035676 -0.994532
vn 0.098151 -0.035676 -0.994532
vn 0.025372 0.018338 -0.999510
vn 0.128118 -0.031736 -0.991251
vn 0.128118 -0.031736 -0.991251
vn 0.025372 0.018338 -0.999510
vn 0.074706 0.039786 -0.996412
vn 0.128118 -0.031736 -0.991251
vn 0.074706 0.039786 -0.996412
vn 0.273883 -0.033649 -0.961174
vn 0.273883 -0.033649 -0.961174
vn 0.074706 0.039786 -0.996412
vn 0.318375 -0.015971 -0.947830
vn 0.318375 -0.015971 -0.947830
vn 0.074706 0.039786 -0.996412
vn 0.395061 0.092757 -0.913960
vn 0.725203 0.394507 -0.564309
vn 0.885152 0.379623 -0.269058
vn 0.395061 0.092757 -0.913960
vn 0.725203 0.394507 -0.564309
vn 0.395061 0.092757 -0.913960
vn 0.074706 0.039786 -0.996412
vn 0.000066 -0.028913 0.999582
vn 0.000561 0.029785 0.999556
vn -0.008537 -0.037246 0.999270
vn -0.142991 0.989720 -0.002876
vn -0.141539 0.989924 0.004131
vn -0.011145 0.999805 0.016325
vn -0.011145 0.999805 0.016325
vn -0.011395 0.999811 -0.015761
vn -0.142991 0.989720 -0.002876
vn -0.141539 0.989924 0.004131
vn -0.108018 0.987134 0.117891
vn -0.011145 0.999805 0.016325
vn -0.011395 0.999811 -0.015761
vn -0.113508 0.992134 -0.052784
vn -0.142991 0.989720 -0.002876
vn -0.108018 0.987134 0.117891
vn -0.554258 0.532913 0.639376
vn -0.029023 0.608004 0.793404
vn -0.780892 0.591789 0.199983
vn -0.731912 0.162950 0.661629
vn -0.521275 0.386869 0.760661
vn -0.029023 0.608004 0.793404
vn -0.037243 0.048946 0.998107
vn 0.000561 0.029785 0.999556
vn 0.000561 0.029785 0.999556
vn -0.000426 0.672168 0.740398
vn -0.029023 0.608004 0.793404
vn -0.037243 0.048946 0.998107
vn -0.554258 0.532913 0.639376
vn -0.521275 0.386869 0.760661
vn -0.521275 0.386869 0.760661
vn -0.064989 0.018412 0.997716
vn -0.037243 0.048946 0.998107
vn -0.013835 -0.035933 0.999258
vn -0.064989 0.018412 0.997716
vn -0.453109 -0.482144 0.749820
vn -0.453109 -0.482144 0.749820
vn -0.376218 -0.613086 0.694684
vn -0.013835 -0.035933 0.999258
vn -0.019158 -0.032840 0.999277
vn -0.013835 -0.035933 0.999258
vn -0.376218 -0.613086 0.694684
vn -0.376218 -0.613086 0.694684
vn -0.290528 -0.663187 0.689766
vn -0.019158 -0.032840 0.999277
vn -0.008537 -0.037246 0.999270
vn -0.019158 -0.032840 0.999277
vn -0.290528 -0.663187 0.689766
vn -0.290528 -0.663187 0.689766
vn -0.159839 -0.717288 0.678196
vn -0.008537 -0.037246 0.999270
vn 0.000066 -0.028913 0.999582
vn -0.008537 -0.037246 0.999270
vn -0.159839 -0.717288 0.678196
vn -0.159839 -0.717288 0.678196
vn -0.007611 -0.700984 0.713136
vn 0.000066 -0.028913 0.999582
vn -0.113508 0.992134 -0.052784
vn -0.308348 0.951122 -0.016980
vn -0.320200 0.947346 -0.002780
vn -0.320200 0.947346 -0.002780
vn -0.142991 0.989720 -0.002876
vn -0.113508 0.992134 -0.052784
vn -0.142991 0.989720 -0.002876
vn -0.320200 0.947346 -0.002780
vn -0.325670 0.945474 0.004299
vn -0.325670 0.945474 0.004299
vn -0.141539 0.989924 0.004131
vn -0.142991 0.989720 -0.002876
vn -0.108018 0.987134 0.117891
vn -0.141539 0.989924 0.004131
vn -0.325670 0.945474 0.004299
vn -0.325670 0.945474 0.004299
vn -0.584808 0.803958 0.107938
vn -0.108018 0.987134 0.117891
vn -0.882066 0.258605 0.393805
vn -0.742887 -0.584375 0.326535
vn -0.731912 0.162950 0.661629
vn -0.453109 -0.482144 0.749820
vn -0.064989 0.018412 0.997716
vn -0.731912 0.162950 0.661629
vn -0.108018 0.987134 0.117891
vn -0.029023 0.608004 0.793404
vn -0.000426 0.672168 0.740398
vn -0.000426 0.672168 0.740398
vn -0.002249 0.984307 0.176448
vn -0.108018 0.987134 0.117891
vn -0.780892 0.591789 0.199983
vn -0.521275 0.386869 0.760661
vn -0.554258 0.532913 0.639376
vn -0.554258 0.532913 0.639376
vn -0.584808 0.803958 0.107938
vn -0.780892 0.591789 0.199983
vn -0.376218 -0.613086 0.694684
vn -0.453109 -0.482144 0.749820
vn -0.593244 -0.763263 0.255913
vn -0.593244 -0.763263 0.255913
vn -0.507993 -0.791955 0.338748
vn -0.376218 -0.613086 0.694684
vn -0.290528 -0.663187 0.689766
vn -0.376218 -0.613086 0.694684
vn -0.507993 -0.791955 0.338748
vn -0.507993 -0.791955 0.338748
vn -0.375151 -0.860027 0.345854
vn -0.290528 -0.663187 0.689766
vn -0.159839 -0.717288 0.678196
vn -0.290528 -0.663187 0.689766
vn -0.375151 -0.860027 0.345854
vn -0.375151 -0.860027 0.345854
vn -0.201690 -0.923503 0.326288
vn -0.159839 -0.717288 0.678196
vn -0.159839 -0.717288 0.678196
vn -0.201690 -0.923503 0.326288
vn -0.009433 -0.947838 0.318614
vn -0.009433 -0.947838 0.318614
vn -0.007611 -0.700984 0.713136
vn -0.159839 -0.717288 0.678196
vn -0.007611 -0.700984 0.713136
vn -0.009433 -0.947838 0.318614
vn 0.009426 -0.947838 0.318614
vn 0.009426 -0.947838 0.318614
vn 0.007617 -0.701510 0.712619
vn -0.007611 -0.700984 0.713136
vn -0.108018 0.987134 0.117891
vn -0.002249 0.984307 0.176448
vn -0.011145 0.999805 0.016325
vn -0.011395 0.999811 -0.015761
vn -0.001647 0.993608 -0.112873
vn -0.113508 0.992134 -0.052784
vn 0.000561 0.029785 0.999556
vn -0.019158 -0.032840 0.999277
vn -0.008537 -0.037246 0.999270
vn 0.000561 0.029785 0.999556
vn -0.013835 -0.035933 0.999258
vn -0.019158 -0.032840 0.999277
vn 0.000561 0.029785 0.999556
vn -0.037243 0.048946 0.998107
vn -0.013835 -0.035933 0.999258
vn -0.037243 0.048946 0.998107
vn -0.064989 0.018412 0.997716
vn -0.013835 -0.035933 0.999258
vn -0.037243 0.048946 0.998107
vn -0.029023 0.608004 0.793404
vn -0.554258 0.532913 0.639376
vn -0.108018 0.987134 0.117891
vn -0.584808 0.803958 0.107938
vn -0.554258 0.532913 0.639376
vn -0.064989 0.018412 0.997716
vn -0.521275 0.386869 0.760661
vn -0.731912 0.162950 0.661629
vn -0.780892 0.591789 0.199983
vn -0.882066 0.258605 0.393805
vn -0.731912 0.162950 0.661629
vn -0.742887 -0.584375 0.326535
vn -0.453109 -0.482144 0.749820
vn -0.731912 0.162950 0.661629
vn -0.453109 -0.482144 0.749820
vn -0.742887 -0.584375 0.326535
vn -0.593244 -0.763263 0.255913
vn 0.000426 0.672388 0.740199
vn -0.000426 0.672168 0.740398
vn 0.000561 0.029785 0.999556
vn 0.000561 0.029785 0.999556
vn -0.000573 0.030349 0.999539
vn 0.000426 0.672388 0.740199
vn 0.002248 0.984320 0.176381
vn -0.002249 0.984307 0.176448
vn -0.000426 0.672168 0.740398
vn -0.000426 0.672168 0.740398
vn 0.000426 0.672388 0.740199
vn 0.002248 0.984320 0.176381
vn -0.000067 -0.029541 0.999564
vn 0.008537 -0.037245 0.999270
vn -0.000573 0.030349 0.999539
vn 0.011142 0.999804 0.016334
vn 0.142379 0.989804 0.004130
vn 0.144770 0.989461 -0.002995
vn 0.144770 0.989461 -0.002995
vn 0.011393 0.999811 -0.015767
vn 0.011142 0.999804 0.016334
vn 0.000066 -0.028913 0.999582
vn -0.000067 -0.029541 0.999564
vn -0.000573 0.030349 0.999539
vn -0.000573 0.030349 0.999539
vn 0.000561 0.029785 0.999556
vn 0.000066 -0.028913 0.999582
vn 0.142379 0.989804 0.004130
vn 0.011142 0.999804 0.016334
vn 0.108171 0.987145 0.117656
vn 0.011393 0.999811 -0.015767
vn 0.144770 0.989461 -0.002995
vn 0.113844 0.992140 -0.051939
vn 0.108171 0.987145 0.117656
vn 0.029023 0.608004 0.793404
vn 0.554855 0.532938 0.638837
vn 0.779535 0.593853 0.199158
vn 0.526195 0.390594 0.755351
vn 0.723009 0.163356 0.671247
vn 0.029023 0.608004 0.793404
vn 0.000426 0.672388 0.740199
vn -0.000573 0.030349 0.999539
vn -0.000573 0.030349 0.999539
vn 0.037243 0.048948 0.998107
vn 0.029023 0.608004 0.793404
vn 0.526195 0.390594 0.755351
vn 0.554855 0.532938 0.638837
vn 0.037243 0.048948 0.998107
vn 0.037243 0.048948 0.998107
vn 0.064991 0.018414 0.997716
vn 0.526195 0.390594 0.755351
vn 0.013835 -0.035934 0.999259
vn 0.376219 -0.613089 0.694680
vn 0.453109 -0.482143 0.749820
vn 0.453109 -0.482143 0.749820
vn 0.064991 0.018414 0.997716
vn 0.013835 -0.035934 0.999259
vn 0.019157 -0.032842 0.999277
vn 0.290526 -0.663185 0.689769
vn 0.376219 -0.613089 0.694680
vn 0.376219 -0.613089 0.694680
vn 0.013835 -0.035934 0.999259
vn 0.019157 -0.032842 0.999277
vn 0.008537 -0.037245 0.999270
vn 0.159838 -0.717287 0.678197
vn 0.290526 -0.663185 0.689769
vn 0.290526 -0.663185 0.689769
vn 0.019157 -0.032842 0.999277
vn 0.008537 -0.037245 0.999270
vn -0.000067 -0.029541 0.999564
vn 0.007617 -0.701510 0.712619
vn 0.159838 -0.717287 0.678197
vn 0.159838 -0.717287 0.678197
vn 0.008537 -0.037245 0.999270
vn -0.000067 -0.029541 0.999564
vn 0.332903 0.942956 -0.003177
vn 0.308426 0.951173 -0.011951
vn 0.113844 0.992140 -0.051939
vn 0.113844 0.992140 -0.051939
vn 0.144770 0.989461 -0.002995
vn 0.332903 0.942956 -0.003177
vn -0.007611 -0.700984 0.713136
vn 0.007617 -0.701510 0.712619
vn -0.000067 -0.029541 0.999564
vn -0.000067 -0.029541 0.999564
vn 0.000066 -0.028913 0.999582
vn -0.007611 -0.700984 0.713136
vn 0.330083 0.943943 0.004221
vn 0.332903 0.942956 -0.003177
vn 0.144770 0.989461 -0.002995
vn 0.144770 0.989461 -0.002995
vn 0.142379 0.989804 0.004130
vn 0.330083 0.943943 0.004221
vn 0.108171 0.987145 0.117656
vn 0.585397 0.803615 0.107305
vn 0.330083 0.943943 0.004221
vn 0.330083 0.943943 0.004221
vn 0.142379 0.989804 0.004130
vn 0.108171 0.987145 0.117656
vn 0.865552 0.262412 0.426567
vn 0.723009 0.163356 0.671247
vn 0.740221 -0.586452 0.328856
vn 0.453109 -0.482143 0.749820
vn 0.723009 0.163356 0.671247
vn 0.064991 0.018414 0.997716
vn 0.108171 0.987145 0.117656
vn 0.002248 0.984320 0.176381
vn 0.000426 0.672388 0.740199
vn 0.000426 0.672388 0.740199
vn 0.029023 0.608004 0.793404
vn 0.108171 0.987145 0.117656
vn 0.779535 0.593853 0.199158
vn 0.585397 0.803615 0.107305
vn 0.554855 0.532938 0.638837
vn 0.554855 0.532938 0.638837
vn 0.526195 0.390594 0.755351
vn 0.779535 0.593853 0.199158
vn 0.376219 -0.613089 0.694680
vn 0.507993 -0.791957 0.338746
vn 0.593244 -0.763263 0.255914
vn 0.593244 -0.763263 0.255914
vn 0.453109 -0.482143 0.749820
vn 0.376219 -0.613089 0.694680
vn 0.290526 -0.663185 0.689769
vn 0.375151 -0.860023 0.345863
vn 0.507993 -0.791957 0.338746
vn 0.507993 -0.791957 0.338746
vn 0.376219 -0.613089 0.694680
vn 0.290526 -0.663185 0.689769
vn 0.159838 -0.717287 0.678197
vn 0.201690 -0.923501 0.326292
vn 0.375151 -0.860023 0.345863
vn 0.375151 -0.860023 0.345863
vn 0.290526 -0.663185 0.689769
vn 0.159838 -0.717287 0.678197
vn 0.009426 -0.947838 0.318614
vn 0.201690 -0.923501 0.326292
vn 0.159838 -0.717287 0.678197
vn 0.159838 -0.717287 0.678197
vn 0.007617 -0.701510 0.712619
vn 0.009426 -0.947838 0.318614
vn 0.108171 0.987145 0.117656
vn 0.011142 0.999804 0.016334
vn 0.002248 0.984320 0.176381
vn 0.011393 0.999811 -0.015767
vn 0.113844 0.992140 -0.051939
vn 0.001646 0.993608 -0.112873
vn -0.000573 0.030349 0.999539
vn 0.008537 -0.037245 0.999270
vn 0.019157 -0.032842 0.999277
vn -0.000573 0.030349 0.999539
vn 0.019157 -0.032842 0.999277
vn 0.013835 -0.035934 0.999259
vn -0.000573 0.030349 0.999539
vn 0.013835 -0.035934 0.999259
vn 0.037243 0.048948 0.998107
vn 0.037243 0.048948 0.998107
vn 0.013835 -0.035934 0.999259
vn 0.064991 0.018414 0.997716
vn 0.037243 0.048948 0.998107
vn 0.554855 0.532938 0.638837
vn 0.029023 0.608004 0.793404
vn 0.108171 0.987145 0.117656
vn 0.554855 0.532938 0.638837
vn 0.585397 0.803615 0.107305
vn 0.064991 0.018414 0.997716
vn 0.723009 0.163356 0.671247
vn 0.526195 0.390594 0.755351
vn 0.779535 0.593853 0.199158
vn 0.723009 0.163356 0.671247
vn 0.865552 0.262412 0.426567
vn 0.740221 -0.586452 0.328856
vn 0.723009 0.163356 0.671247
vn 0.453109 -0.482143 0.749820
vn 0.453109 -0.482143 0.749820
vn 0.593244 -0.763263 0.255914
vn 0.740221 -0.586452 0.328856
vn 0.011142 0.999804 0.016334
vn 0.011393 0.999811 -0.015767
vn -0.011395 0.999811 -0.015761
vn -0.011395 0.999811 -0.015761
vn -0.011145 0.999805 0.016325
vn 0.011142 0.999804 0.016334
vn 0.011393 0.999811 -0.015767
vn 0.001646 0.993608 -0.112873
vn -0.001647 0.993608 -0.112873
vn -0.001647 0.993608 -0.112873
vn -0.011395 0.999811 -0.015761
vn 0.011393 0.999811 -0.015767
vn 0.011142 0.999804 0.016334
vn -0.011145 0.999805 0.016325
vn -0.002249 0.984307 0.176448
vn -0.002249 0.984307 0.176448
vn 0.002248 0.984320 0.176381
vn 0.011142 0.999804 0.016334
vn 0.038425 -0.108997 0.993299
vn 0.064232 -0.038204 0.997204
vn -0.034610 -0.014758 0.999292
vn 0.957560 -0.288033 0.010730
vn 0.929156 -0.368559 0.028884
vn 0.933790 -0.357814 0.002278
vn 0.933790 -0.357814 0.002278
vn 0.957015 -0.290026 0.002645
vn 0.957560 -0.288033 0.010730
vn 0.992243 0.124013 0.008697
vn 0.994762 -0.101734 0.009898
vn 0.994886 -0.100964 0.002699
vn 0.994886 -0.100964 0.002699
vn 0.991918 0.126838 0.003331
vn 0.992243 0.124013 0.008697
vn 0.926264 0.376672 0.012423
vn 0.992243 0.124013 0.008697
vn 0.991918 0.126838 0.003331
vn 0.991918 0.126838 0.003331
vn 0.936429 0.350828 0.004574
vn 0.926264 0.376672 0.012423
vn 0.787371 0.616466 0.003989
vn 0.758784 0.651099 0.017794
vn 0.926264 0.376672 0.012423
vn 0.926264 0.376672 0.012423
vn 0.936429 0.350828 0.004574
vn 0.787371 0.616466 0.003989
vn 0.475393 0.879451 0.023831
vn 0.758784 0.651099 0.017794
vn 0.787371 0.616466 0.003989
vn 0.787371 0.616466 0.003989
vn 0.487517 0.873073 0.008422
vn 0.475393 0.879451 0.023831
vn 0.075281 0.996811 0.026471
vn 0.475393 0.879451 0.023831
vn 0.487517 0.873073 0.008422
vn 0.487517 0.873073 0.008422
vn 0.024477 0.999685 0.005541
vn 0.075281 0.996811 0.026471
vn -0.311379 0.950059 0.020743
vn 0.075281 0.996811 0.026471
vn 0.024477 0.999685 0.005541
vn 0.024477 0.999685 0.005541
vn -0.351515 0.936180 0.002264
vn -0.311379 0.950059 0.020743
vn -0.947722 0.318750 0.014869
vn -0.870791 0.491575 0.008847
vn -0.877770 0.479049 -0.005594
vn -0.877770 0.479049 -0.005594
vn -0.944396 0.328809 -0.000000
vn -0.947722 0.318750 0.014869
vn -0.870791 0.491575 0.008847
vn -0.642242 0.766383 0.013491
vn -0.663070 0.748552 -0.002990
vn -0.663070 0.748552 -0.002990
vn -0.877770 0.479049 -0.005594
vn -0.870791 0.491575 0.008847
vn -0.642242 0.766383 0.013491
vn -0.311379 0.950059 0.020743
vn -0.351515 0.936180 0.002264
vn -0.351515 0.936180 0.002264
vn -0.663070 0.748552 -0.002990
vn -0.642242 0.766383 0.013491
vn 0.572256 -0.462374 0.677299
vn 0.038425 -0.108997 0.993299
vn -0.535946 -0.518152 0.666544
vn -0.535946 -0.518152 0.666544
vn 0.271229 -0.783774 0.558688
vn 0.572256 -0.462374 0.677299
vn 0.038425 -0.108997 0.993299
vn -0.034610 -0.014758 0.999292
vn -0.654318 -0.405468 0.638329
vn -0.654318 -0.405468 0.638329
vn -0.535946 -0.518152 0.666544
vn 0.038425 -0.108997 0.993299
vn -0.040956 -0.018106 0.998997
vn -0.645822 -0.304779 0.700017
vn -0.034610 -0.014758 0.999292
vn -0.040956 -0.018106 0.998997
vn -0.696214 -0.249643 0.673026
vn -0.645822 -0.304779 0.700017
vn 0.064232 -0.038204 0.997204
vn 0.038425 -0.108997 0.993299
vn 0.572256 -0.462374 0.677299
vn 0.572256 -0.462374 0.677299
vn 0.700757 -0.387852 0.598757
vn 0.064232 -0.038204 0.997204
vn 0.053309 -0.014705 0.998470
vn 0.064232 -0.038204 0.997204
vn 0.700757 -0.387852 0.598757
vn 0.700757 -0.387852 0.598757
vn 0.779595 -0.234352 0.580785
vn 0.053309 -0.014705 0.998470
vn -0.029039 -0.000402 0.999578
vn -0.703987 -0.108866 0.701819
vn -0.027930 -0.003126 0.999605
vn 0.038972 0.001727 0.999239
vn 0.053309 -0.014705 0.998470
vn 0.779595 -0.234352 0.580785
vn 0.779595 -0.234352 0.580785
vn 0.805634 -0.094146 0.584886
vn 0.038972 0.001727 0.999239
vn -0.029039 -0.000402 0.999578
vn -0.756344 -0.043656 0.652716
vn -0.703987 -0.108866 0.701819
vn 0.744743 0.314242 0.588736
vn 0.037375 0.008316 0.999267
vn 0.041817 0.003433 0.999119
vn 0.041817 0.003433 0.999119
vn 0.820623 0.100957 0.562482
vn 0.744743 0.314242 0.588736
vn -0.038346 0.004434 0.999255
vn -0.756344 -0.043656 0.652716
vn -0.029039 -0.000402 0.999578
vn 0.078001 0.076412 0.994021
vn 0.037375 0.008316 0.999267
vn 0.744743 0.314242 0.588736
vn 0.744743 0.314242 0.588736
vn 0.628993 0.550295 0.549129
vn 0.078001 0.076412 0.994021
vn 0.078001 0.076412 0.994021
vn 0.628993 0.550295 0.549129
vn 0.124590 0.257531 0.958204
vn 0.124590 0.257531 0.958204
vn 0.075370 0.771635 0.631584
vn -0.012869 0.132528 0.991096
vn -0.012869 0.132528 0.991096
vn 0.075370 0.771635 0.631584
vn -0.245664 0.731586 0.635950
vn -0.038346 0.004434 0.999255
vn -0.648347 0.351269 0.675468
vn -0.809569 0.109652 0.576693
vn -0.041193 0.044245 0.998171
vn -0.648347 0.351269 0.675468
vn -0.038346 0.004434 0.999255
vn -0.012869 0.132528 0.991096
vn -0.245664 0.731586 0.635950
vn -0.041193 0.044245 0.998171
vn 0.021506 0.796215 -0.604632
vn 0.450302 0.824093 -0.343656
vn -0.023674 0.355813 -0.934257
vn -0.023674 0.355813 -0.934257
vn -0.144720 0.309488 -0.939826
vn -0.285196 0.728015 -0.623424
vn -0.285196 0.728015 -0.623424
vn 0.021506 0.796215 -0.604632
vn -0.023674 0.355813 -0.934257
vn 0.010125 0.148970 -0.988790
vn -0.697700 0.373764 -0.611158
vn -0.637930 0.419735 -0.645653
vn -0.637930 0.419735 -0.645653
vn -0.330626 0.185050 -0.925442
vn 0.010125 0.148970 -0.988790
vn -0.514963 0.580594 -0.630653
vn -0.230796 0.263868 -0.936540
vn -0.330626 0.185050 -0.925442
vn -0.330626 0.185050 -0.925442
vn -0.637930 0.419735 -0.645653
vn -0.514963 0.580594 -0.630653
vn -0.144720 0.309488 -0.939826
vn -0.230796 0.263868 -0.936540
vn -0.514963 0.580594 -0.630653
vn -0.514963 0.580594 -0.630653
vn -0.285196 0.728015 -0.623424
vn -0.144720 0.309488 -0.939826
vn 0.271229 -0.783774 0.558688
vn -0.535946 -0.518152 0.666544
vn -0.771133 -0.606666 0.193158
vn -0.771133 -0.606666 0.193158
vn 0.255576 -0.894779 0.366132
vn 0.271229 -0.783774 0.558688
vn 0.773216 -0.601097 0.202038
vn 0.572256 -0.462374 0.677299
vn 0.271229 -0.783774 0.558688
vn 0.271229 -0.783774 0.558688
vn 0.255576 -0.894779 0.366132
vn 0.773216 -0.601097 0.202038
vn -0.771133 -0.606666 0.193158
vn -0.535946 -0.518152 0.666544
vn -0.654318 -0.405468 0.638329
vn -0.654318 -0.405468 0.638329
vn -0.835532 -0.520599 0.175680
vn -0.771133 -0.606666 0.193158
vn -0.645822 -0.304779 0.700017
vn -0.887367 -0.414261 0.202403
vn -0.835532 -0.520599 0.175680
vn -0.835532 -0.520599 0.175680
vn -0.654318 -0.405468 0.638329
vn -0.645822 -0.304779 0.700017
vn -0.887367 -0.414261 0.202403
vn -0.645822 -0.304779 0.700017
vn -0.696214 -0.249643 0.673026
vn -0.696214 -0.249643 0.673026
vn -0.916800 -0.332854 0.220650
vn -0.887367 -0.414261 0.202403
vn 0.572256 -0.462374 0.677299
vn 0.773216 -0.601097 0.202038
vn 0.929156 -0.368559 0.028884
vn 0.929156 -0.368559 0.028884
vn 0.700757 -0.387852 0.598757
vn 0.572256 -0.462374 0.677299
vn 0.700757 -0.387852 0.598757
vn 0.929156 -0.368559 0.028884
vn 0.957560 -0.288033 0.010730
vn 0.957560 -0.288033 0.010730
vn 0.779595 -0.234352 0.580785
vn 0.700757 -0.387852 0.598757
vn -0.703987 -0.108866 0.701819
vn -0.962249 -0.147891 0.228483
vn -0.948089 -0.238726 0.210088
vn -0.948089 -0.238726 0.210088
vn -0.758827 -0.190639 0.622767
vn -0.703987 -0.108866 0.701819
vn 0.779595 -0.234352 0.580785
vn 0.957560 -0.288033 0.010730
vn 0.994762 -0.101734 0.009898
vn 0.994762 -0.101734 0.009898
vn 0.805634 -0.094146 0.584886
vn 0.779595 -0.234352 0.580785
vn -0.756344 -0.043656 0.652716
vn -0.970659 -0.061700 0.232410
vn -0.962249 -0.147891 0.228483
vn -0.962249 -0.147891 0.228483
vn -0.703987 -0.108866 0.701819
vn -0.756344 -0.043656 0.652716
vn 0.926264 0.376672 0.012423
vn 0.744743 0.314242 0.588736
vn 0.820623 0.100957 0.562482
vn 0.820623 0.100957 0.562482
vn 0.992243 0.124013 0.008697
vn 0.926264 0.376672 0.012423
vn -0.809569 0.109652 0.576693
vn -0.947722 0.318750 0.014869
vn -0.970659 -0.061700 0.232410
vn -0.970659 -0.061700 0.232410
vn -0.756344 -0.043656 0.652716
vn -0.809569 0.109652 0.576693
vn 0.628993 0.550295 0.549129
vn 0.744743 0.314242 0.588736
vn 0.926264 0.376672 0.012423
vn 0.926264 0.376672 0.012423
vn 0.758784 0.651099 0.017794
vn 0.628993 0.550295 0.549129
vn 0.628993 0.550295 0.549129
vn 0.758784 0.651099 0.017794
vn 0.475393 0.879451 0.023831
vn 0.475393 0.879451 0.023831
vn 0.387777 0.732730 0.559227
vn 0.628993 0.550295 0.549129
vn 0.387777 0.732730 0.559227
vn 0.475393 0.879451 0.023831
vn 0.075281 0.996811 0.026471
vn 0.075281 0.996811 0.026471
vn 0.075370 0.771635 0.631584
vn 0.387777 0.732730 0.559227
vn -0.311379 0.950059 0.020743
vn -0.245664 0.731586 0.635950
vn 0.075370 0.771635 0.631584
vn 0.075370 0.771635 0.631584
vn 0.075281 0.996811 0.026471
vn -0.311379 0.950059 0.020743
vn -0.809569 0.109652 0.576693
vn -0.648347 0.351269 0.675468
vn -0.870791 0.491575 0.008847
vn -0.870791 0.491575 0.008847
vn -0.947722 0.318750 0.014869
vn -0.809569 0.109652 0.576693
vn -0.527187 0.662697 0.531890
vn -0.642242 0.766383 0.013491
vn -0.870791 0.491575 0.008847
vn -0.870791 0.491575 0.008847
vn -0.648347 0.351269 0.675468
vn -0.527187 0.662697 0.531890
vn -0.642242 0.766383 0.013491
vn -0.527187 0.662697 0.531890
vn -0.245664 0.731586 0.635950
vn -0.245664 0.731586 0.635950
vn -0.311379 0.950059 0.020743
vn -0.642242 0.766383 0.013491
vn 0.787371 0.616466 0.003989
vn 0.739623 0.618190 -0.266082
vn 0.450302 0.824093 -0.343656
vn 0.450302 0.824093 -0.343656
vn 0.487517 0.873073 0.008422
vn 0.787371 0.616466 0.003989
vn 0.450302 0.824093 -0.343656
vn 0.021506 0.796215 -0.604632
vn 0.024477 0.999685 0.005541
vn 0.024477 0.999685 0.005541
vn 0.487517 0.873073 0.008422
vn 0.450302 0.824093 -0.343656
vn -0.285196 0.728015 -0.623424
vn -0.351515 0.936180 0.002264
vn 0.024477 0.999685 0.005541
vn 0.024477 0.999685 0.005541
vn 0.021506 0.796215 -0.604632
vn -0.285196 0.728015 -0.623424
vn -0.697700 0.373764 -0.611158
vn -0.944396 0.328809 -0.000000
vn -0.877770 0.479049 -0.005594
vn -0.877770 0.479049 -0.005594
vn -0.637930 0.419735 -0.645653
vn -0.697700 0.373764 -0.611158
vn -0.663070 0.748552 -0.002990
vn -0.514963 0.580594 -0.630653
vn -0.637930 0.419735 -0.645653
vn -0.637930 0.419735 -0.645653
vn -0.877770 0.479049 -0.005594
vn -0.663070 0.748552 -0.002990
vn -0.514963 0.580594 -0.630653
vn -0.663070 0.748552 -0.002990
vn -0.351515 0.936180 0.002264
vn -0.351515 0.936180 0.002264
vn -0.285196 0.728015 -0.623424
vn -0.514963 0.580594 -0.630653
vn -0.758827 -0.190639 0.622767
vn -0.696214 -0.249643 0.673026
vn -0.027930 -0.003126 0.999605
vn -0.758827 -0.190639 0.622767
vn -0.948089 -0.238726 0.210088
vn -0.916800 -0.332854 0.220650
vn -0.916800 -0.332854 0.220650
vn -0.696214 -0.249643 0.673026
vn -0.758827 -0.190639 0.622767
vn -0.038346 0.004434 0.999255
vn -0.809569 0.109652 0.576693
vn -0.756344 -0.043656 0.652716
vn -0.041193 0.044245 0.998171
vn -0.527187 0.662697 0.531890
vn -0.648347 0.351269 0.675468
vn -0.245664 0.731586 0.635950
vn -0.527187 0.662697 0.531890
vn -0.041193 0.044245 0.998171
vn 0.628993 0.550295 0.549129
vn 0.387777 0.732730 0.559227
vn 0.124590 0.257531 0.958204
vn 0.124590 0.257531 0.958204
vn 0.387777 0.732730 0.559227
vn 0.075370 0.771635 0.631584
vn -0.703987 -0.108866 0.701819
vn -0.758827 -0.190639 0.622767
vn -0.027930 -0.003126 0.999605
vn -0.696214 -0.249643 0.673026
vn -0.040956 -0.018106 0.998997
vn -0.027930 -0.003126 0.999605
vn -0.645822 -0.304779 0.700017
vn -0.654318 -0.405468 0.638329
vn -0.034610 -0.014758 0.999292
vn -0.027930 -0.003126 0.999605
vn -0.040956 -0.018106 0.998997
vn 0.064232 -0.038204 0.997204
vn 0.064232 -0.038204 0.997204
vn 0.053309 -0.014705 0.998470
vn -0.027930 -0.003126 0.999605
vn 0.064232 -0.038204 0.997204
vn -0.040956 -0.018106 0.998997
vn -0.034610 -0.014758 0.999292
vn 0.038972 0.001727 0.999239
vn 0.041817 0.003433 0.999119
vn -0.029039 -0.000402 0.999578
vn -0.029039 -0.000402 0.999578
vn 0.041817 0.003433 0.999119
vn 0.037375 0.008316 0.999267
vn 0.037375 0.008316 0.999267
vn -0.038346 0.004434 0.999255
vn -0.029039 -0.000402 0.999578
vn -0.041193 0.044245 0.998171
vn -0.038346 0.004434 0.999255
vn 0.037375 0.008316 0.999267
vn 0.037375 0.008316 0.999267
vn 0.078001 0.076412 0.994021
vn -0.041193 0.044245 0.998171
vn -0.012869 0.132528 0.991096
vn -0.041193 0.044245 0.998171
vn 0.078001 0.076412 0.994021
vn 0.078001 0.076412 0.994021
vn 0.124590 0.257531 0.958204
vn -0.012869 0.132528 0.991096
vn 0.994762 -0.101734 0.009898
vn 0.957560 -0.288033 0.010730
vn 0.957015 -0.290026 0.002645
vn 0.957015 -0.290026 0.002645
vn 0.994886 -0.100964 0.002699
vn 0.994762 -0.101734 0.009898
vn 0.041817 0.003433 0.999119
vn 0.038972 0.001727 0.999239
vn 0.805634 -0.094146 0.584886
vn 0.805634 -0.094146 0.584886
vn 0.820623 0.100957 0.562482
vn 0.041817 0.003433 0.999119
vn 0.805634 -0.094146 0.584886
vn 0.994762 -0.101734 0.009898
vn 0.992243 0.124013 0.008697
vn 0.992243 0.124013 0.008697
vn 0.820623 0.100957 0.562482
vn 0.805634 -0.094146 0.584886
vn -0.029039 -0.000402 0.999578
vn -0.027930 -0.003126 0.999605
vn 0.038972 0.001727 0.999239
vn -0.027930 -0.003126 0.999605
vn 0.053309 -0.014705 0.998470
vn 0.038972 0.001727 0.999239
vn 0.787371 0.616466 0.003989
vn 0.936429 0.350828 0.004574
vn 0.739623 0.618190 -0.266082
vn -0.038425 -0.108997 0.993299
vn 0.034610 -0.014758 0.999292
vn -0.064232 -0.038204 0.997204
vn -0.957560 -0.288033 0.010731
vn -0.957015 -0.290026 0.002646
vn -0.933790 -0.357814 0.002279
vn -0.933790 -0.357814 0.002279
vn -0.929180 -0.368498 0.028868
vn -0.957560 -0.288033 0.010731
vn -0.992243 0.124013 0.008697
vn -0.991918 0.126838 0.003331
vn -0.994886 -0.100964 0.002699
vn -0.994886 -0.100964 0.002699
vn -0.994762 -0.101734 0.009899
vn -0.992243 0.124013 0.008697
vn -0.926263 0.376672 0.012423
vn -0.936429 0.350828 0.004574
vn -0.991918 0.126838 0.003331
vn -0.991918 0.126838 0.003331
vn -0.992243 0.124013 0.008697
vn -0.926263 0.376672 0.012423
vn -0.787371 0.616466 0.003990
vn -0.936429 0.350828 0.004574
vn -0.926263 0.376672 0.012423
vn -0.926263 0.376672 0.012423
vn -0.758784 0.651099 0.017794
vn -0.787371 0.616466 0.003990
vn -0.475393 0.879451 0.023831
vn -0.487517 0.873073 0.008422
vn -0.787371 0.616466 0.003990
vn -0.787371 0.616466 0.003990
vn -0.758784 0.651099 0.017794
vn -0.475393 0.879451 0.023831
vn -0.075281 0.996811 0.026471
vn -0.024477 0.999685 0.005541
vn -0.487517 0.873073 0.008422
vn -0.487517 0.873073 0.008422
vn -0.475393 0.879451 0.023831
vn -0.075281 0.996811 0.026471
vn 0.311379 0.950059 0.020743
vn 0.351515 0.936180 0.002264
vn -0.024477 0.999685 0.005541
vn -0.024477 0.999685 0.005541
vn -0.075281 0.996811 0.026471
vn 0.311379 0.950059 0.020743
vn 0.947722 0.318749 0.014868
vn 0.944397 0.328808 -0.000000
vn 0.877771 0.479048 -0.005594
vn 0.877771 0.479048 -0.005594
vn 0.870791 0.491574 0.008847
vn 0.947722 0.318749 0.014868
vn 0.870791 0.491574 0.008847
vn 0.877771 0.479048 -0.005594
vn 0.663070 0.748552 -0.002990
vn 0.663070 0.748552 -0.002990
vn 0.642242 0.766383 0.013491
vn 0.870791 0.491574 0.008847
vn 0.642242 0.766383 0.013491
vn 0.663070 0.748552 -0.002990
vn 0.351515 0.936180 0.002264
vn 0.351515 0.936180 0.002264
vn 0.311379 0.950059 0.020743
vn 0.642242 0.766383 0.013491
vn -0.568836 -0.459497 0.682120
vn -0.273307 -0.788730 0.550644
vn 0.535946 -0.518152 0.666544
vn 0.535946 -0.518152 0.666544
vn -0.038425 -0.108997 0.993299
vn -0.568836 -0.459497 0.682120
vn -0.038425 -0.108997 0.993299
vn 0.535946 -0.518152 0.666544
vn 0.654317 -0.405468 0.638330
vn 0.654317 -0.405468 0.638330
vn 0.034610 -0.014758 0.999292
vn -0.038425 -0.108997 0.993299
vn 0.040956 -0.018106 0.998997
vn 0.034610 -0.014758 0.999292
vn 0.645822 -0.304779 0.700017
vn 0.040956 -0.018106 0.998997
vn 0.645822 -0.304779 0.700017
vn 0.696215 -0.249643 0.673026
vn -0.064232 -0.038204 0.997204
vn -0.700757 -0.387852 0.598757
vn -0.568836 -0.459497 0.682120
vn -0.568836 -0.459497 0.682120
vn -0.038425 -0.108997 0.993299
vn -0.064232 -0.038204 0.997204
vn -0.053309 -0.014705 0.998470
vn -0.779595 -0.234352 0.580785
vn -0.700757 -0.387852 0.598757
vn -0.700757 -0.387852 0.598757
vn -0.064232 -0.038204 0.997204
vn -0.053309 -0.014705 0.998470
vn 0.029039 -0.000402 0.999578
vn 0.027930 -0.003126 0.999605
vn 0.703986 -0.108866 0.701820
vn -0.038972 0.001727 0.999239
vn -0.805633 -0.094146 0.584886
vn -0.779595 -0.234352 0.580785
vn -0.779595 -0.234352 0.580785
vn -0.053309 -0.014705 0.998470
vn -0.038972 0.001727 0.999239
vn 0.029039 -0.000402 0.999578
vn 0.703986 -0.108866 0.701820
vn 0.756344 -0.043656 0.652716
vn -0.744743 0.314242 0.588736
vn -0.820622 0.100957 0.562482
vn -0.041816 0.003433 0.999119
vn -0.041816 0.003433 0.999119
vn -0.037375 0.008316 0.999267
vn -0.744743 0.314242 0.588736
vn 0.038346 0.004434 0.999255
vn 0.029039 -0.000402 0.999578
vn 0.756344 -0.043656 0.652716
vn -0.078001 0.076412 0.994021
vn -0.628993 0.550295 0.549129
vn -0.744743 0.314242 0.588736
vn -0.744743 0.314242 0.588736
vn -0.037375 0.008316 0.999267
vn -0.078001 0.076412 0.994021
vn -0.078001 0.076412 0.994021
vn -0.124590 0.257531 0.958204
vn -0.628993 0.550295 0.549129
vn -0.124590 0.257531 0.958204
vn 0.012869 0.132528 0.991096
vn -0.075369 0.771635 0.631584
vn 0.012869 0.132528 0.991096
vn 0.245664 0.731586 0.635950
vn -0.075369 0.771635 0.631584
vn 0.038346 0.004434 0.999255
vn 0.809569 0.109652 0.576692
vn 0.648347 0.351269 0.675468
vn 0.041193 0.044245 0.998171
vn 0.038346 0.004434 0.999255
vn 0.648347 0.351269 0.675468
vn 0.012869 0.132528 0.991096
vn 0.041193 0.044245 0.998171
vn 0.245664 0.731586 0.635950
vn -0.021506 0.796215 -0.604632
vn 0.023674 0.355813 -0.934257
vn -0.450302 0.824093 -0.343656
vn 0.023674 0.355813 -0.934257
vn -0.021506 0.796215 -0.604632
vn 0.285196 0.728015 -0.623424
vn 0.285196 0.728015 -0.623424
vn 0.144720 0.309488 -0.939826
vn 0.023674 0.355813 -0.934257
vn -0.010125 0.148970 -0.988790
vn 0.330625 0.185050 -0.925442
vn 0.637930 0.419735 -0.645653
vn 0.637930 0.419735 -0.645653
vn 0.697701 0.373764 -0.611158
vn -0.010125 0.148970 -0.988790
vn 0.514963 0.580594 -0.630654
vn 0.637930 0.419735 -0.645653
vn 0.330625 0.185050 -0.925442
vn 0.330625 0.185050 -0.925442
vn 0.230795 0.263868 -0.936540
vn 0.514963 0.580594 -0.630654
vn 0.144720 0.309488 -0.939826
vn 0.285196 0.728015 -0.623424
vn 0.514963 0.580594 -0.630654
vn 0.514963 0.580594 -0.630654
vn 0.230795 0.263868 -0.936540
vn 0.144720 0.309488 -0.939826
vn -0.273307 -0.788730 0.550644
vn -0.237752 -0.909480 0.341058
vn 0.772110 -0.605570 0.192697
vn 0.772110 -0.605570 0.192697
vn 0.535946 -0.518152 0.666544
vn -0.273307 -0.788730 0.550644
vn -0.772220 -0.602022 0.203091
vn -0.237752 -0.909480 0.341058
vn -0.273307 -0.788730 0.550644
vn -0.273307 -0.788730 0.550644
vn -0.568836 -0.459497 0.682120
vn -0.772220 -0.602022 0.203091
vn 0.772110 -0.605570 0.192697
vn 0.835532 -0.520598 0.175681
vn 0.654317 -0.405468 0.638330
vn 0.654317 -0.405468 0.638330
vn 0.535946 -0.518152 0.666544
vn 0.772110 -0.605570 0.192697
vn 0.645822 -0.304779 0.700017
vn 0.654317 -0.405468 0.638330
vn 0.835532 -0.520598 0.175681
vn 0.835532 -0.520598 0.175681
vn 0.887368 -0.414260 0.202402
vn 0.645822 -0.304779 0.700017
vn 0.887368 -0.414260 0.202402
vn 0.916800 -0.332855 0.220649
vn 0.696215 -0.249643 0.673026
vn 0.696215 -0.249643 0.673026
vn 0.645822 -0.304779 0.700017
vn 0.887368 -0.414260 0.202402
vn -0.568836 -0.459497 0.682120
vn -0.700757 -0.387852 0.598757
vn -0.929180 -0.368498 0.028868
vn -0.929180 -0.368498 0.028868
vn -0.772220 -0.602022 0.203091
vn -0.568836 -0.459497 0.682120
vn -0.700757 -0.387852 0.598757
vn -0.779595 -0.234352 0.580785
vn -0.957560 -0.288033 0.010731
vn -0.957560 -0.288033 0.010731
vn -0.929180 -0.368498 0.028868
vn -0.700757 -0.387852 0.598757
vn 0.703986 -0.108866 0.701820
vn 0.758827 -0.190639 0.622767
vn 0.948089 -0.238727 0.210088
vn 0.948089 -0.238727 0.210088
vn 0.962249 -0.147892 0.228485
vn 0.703986 -0.108866 0.701820
vn -0.779595 -0.234352 0.580785
vn -0.805633 -0.094146 0.584886
vn -0.994762 -0.101734 0.009899
vn -0.994762 -0.101734 0.009899
vn -0.957560 -0.288033 0.010731
vn -0.779595 -0.234352 0.580785
vn 0.756344 -0.043656 0.652716
vn 0.703986 -0.108866 0.701820
vn 0.962249 -0.147892 0.228485
vn 0.962249 -0.147892 0.228485
vn 0.970659 -0.061699 0.232410
vn 0.756344 -0.043656 0.652716
vn -0.926263 0.376672 0.012423
vn -0.992243 0.124013 0.008697
vn -0.820622 0.100957 0.562482
vn -0.820622 0.100957 0.562482
vn -0.744743 0.314242 0.588736
vn -0.926263 0.376672 0.012423
vn 0.809569 0.109652 0.576692
vn 0.756344 -0.043656 0.652716
vn 0.970659 -0.061699 0.232410
vn 0.970659 -0.061699 0.232410
vn 0.947722 0.318749 0.014868
vn 0.809569 0.109652 0.576692
vn -0.628993 0.550295 0.549129
vn -0.758784 0.651099 0.017794
vn -0.926263 0.376672 0.012423
vn -0.926263 0.376672 0.012423
vn -0.744743 0.314242 0.588736
vn -0.628993 0.550295 0.549129
vn -0.628993 0.550295 0.549129
vn -0.387777 0.732730 0.559228
vn -0.475393 0.879451 0.023831
vn -0.475393 0.879451 0.023831
vn -0.758784 0.651099 0.017794
vn -0.628993 0.550295 0.549129
vn -0.387777 0.732730 0.559228
vn -0.075369 0.771635 0.631584
vn -0.075281 0.996811 0.026471
vn -0.075281 0.996811 0.026471
vn -0.475393 0.879451 0.023831
vn -0.387777 0.732730 0.559228
vn 0.311379 0.950059 0.020743
vn -0.075281 0.996811 0.026471
vn -0.075369 0.771635 0.631584
vn -0.075369 0.771635 0.631584
vn 0.245664 0.731586 0.635950
vn 0.311379 0.950059 0.020743
vn 0.809569 0.109652 0.576692
vn 0.947722 0.318749 0.014868
vn 0.870791 0.491574 0.008847
vn 0.870791 0.491574 0.008847
vn 0.648347 0.351269 0.675468
vn 0.809569 0.109652 0.576692
vn 0.527187 0.662697 0.531890
vn 0.648347 0.351269 0.675468
vn 0.870791 0.491574 0.008847
vn 0.870791 0.491574 0.008847
vn 0.642242 0.766383 0.013491
vn 0.527187 0.662697 0.531890
vn 0.642242 0.766383 0.013491
vn 0.311379 0.950059 0.020743
vn 0.245664 0.731586 0.635950
vn 0.245664 0.731586 0.635950
vn 0.527187 0.662697 0.531890
vn 0.642242 0.766383 0.013491
vn -0.787371 0.616466 0.003990
vn -0.487517 0.873073 0.008422
vn -0.450302 0.824093 -0.343656
vn -0.450302 0.824093 -0.343656
vn -0.739623 0.618190 -0.266081
vn -0.787371 0.616466 0.003990
vn -0.450302 0.824093 -0.343656
vn -0.487517 0.873073 0.008422
vn -0.024477 0.999685 0.005541
vn -0.024477 0.999685 0.005541
vn -0.021506 0.796215 -0.604632
vn -0.450302 0.824093 -0.343656
vn 0.285196 0.728015 -0.623424
vn -0.021506 0.796215 -0.604632
vn -0.024477 0.999685 0.005541
vn -0.024477 0.999685 0.005541
vn 0.351515 0.936180 0.002264
vn 0.285196 0.728015 -0.623424
vn 0.697701 0.373764 -0.611158
vn 0.637930 0.419735 -0.645653
vn 0.877771 0.479048 -0.005594
vn 0.877771 0.479048 -0.005594
vn 0.944397 0.328808 -0.000000
vn 0.697701 0.373764 -0.611158
vn 0.663070 0.748552 -0.002990
vn 0.877771 0.479048 -0.005594
vn 0.637930 0.419735 -0.645653
vn 0.637930 0.419735 -0.645653
vn 0.514963 0.580594 -0.630654
vn 0.663070 0.748552 -0.002990
vn 0.514963 0.580594 -0.630654
vn 0.285196 0.728015 -0.623424
vn 0.351515 0.936180 0.002264
vn 0.351515 0.936180 0.002264
vn 0.663070 0.748552 -0.002990
vn 0.514963 0.580594 -0.630654
vn 0.758827 -0.190639 0.622767
vn 0.027930 -0.003126 0.999605
vn 0.696215 -0.249643 0.673026
vn 0.758827 -0.190639 0.622767
vn 0.696215 -0.249643 0.673026
vn 0.916800 -0.332855 0.220649
vn 0.916800 -0.332855 0.220649
vn 0.948089 -0.238727 0.210088
vn 0.758827 -0.190639 0.622767
vn 0.038346 0.004434 0.999255
vn 0.756344 -0.043656 0.652716
vn 0.809569 0.109652 0.576692
vn 0.041193 0.044245 0.998171
vn 0.648347 0.351269 0.675468
vn 0.527187 0.662697 0.531890
vn 0.245664 0.731586 0.635950
vn 0.041193 0.044245 0.998171
vn 0.527187 0.662697 0.531890
vn -0.628993 0.550295 0.549129
vn -0.124590 0.257531 0.958204
vn -0.387777 0.732730 0.559228
vn -0.124590 0.257531 0.958204
vn -0.075369 0.771635 0.631584
vn -0.387777 0.732730 0.559228
vn 0.703986 -0.108866 0.701820
vn 0.027930 -0.003126 0.999605
vn 0.758827 -0.190639 0.622767
vn 0.696215 -0.249643 0.673026
vn 0.027930 -0.003126 0.999605
vn 0.040956 -0.018106 0.998997
vn 0.645822 -0.304779 0.700017
vn 0.034610 -0.014758 0.999292
vn 0.654317 -0.405468 0.638330
vn 0.027930 -0.003126 0.999605
vn -0.053309 -0.014705 0.998470
vn -0.064232 -0.038204 0.997204
vn -0.064232 -0.038204 0.997204
vn 0.040956 -0.018106 0.998997
vn 0.027930 -0.003126 0.999605
vn -0.064232 -0.038204 0.997204
vn 0.034610 -0.014758 0.999292
vn 0.040956 -0.018106 0.998997
vn -0.038972 0.001727 0.999239
vn 0.029039 -0.000402 0.999578
vn -0.041816 0.003433 0.999119
vn 0.029039 -0.000402 0.999578
vn 0.038346 0.004434 0.999255
vn -0.037375 0.008316 0.999267
vn -0.037375 0.008316 0.999267
vn -0.041816 0.003433 0.999119
vn 0.029039 -0.000402 0.999578
vn 0.041193 0.044245 0.998171
vn -0.078001 0.076412 0.994021
vn -0.037375 0.008316 0.999267
vn -0.037375 0.008316 0.999267
vn 0.038346 0.004434 0.999255
vn 0.041193 0.044245 0.998171
vn 0.012869 0.132528 0.991096
vn -0.124590 0.257531 0.958204
vn -0.078001 0.076412 0.994021
vn -0.078001 0.076412 0.994021
vn 0.041193 0.044245 0.998171
vn 0.012869 0.132528 0.991096
vn -0.994762 -0.101734 0.009899
vn -0.994886 -0.100964 0.002699
vn -0.957015 -0.290026 0.002646
vn -0.957015 -0.290026 0.002646
vn -0.957560 -0.288033 0.010731
vn -0.994762 -0.101734 0.009899
vn -0.041816 0.003433 0.999119
vn -0.820622 0.100957 0.562482
vn -0.805633 -0.094146 0.584886
vn -0.805633 -0.094146 0.584886
vn -0.038972 0.001727 0.999239
vn -0.041816 0.003433 0.999119
vn -0.805633 -0.094146 0.584886
vn -0.820622 0.100957 0.562482
vn -0.992243 0.124013 0.008697
vn -0.992243 0.124013 0.008697
vn -0.994762 -0.101734 0.009899
vn -0.805633 -0.094146 0.584886
vn 0.029039 -0.000402 0.999578
vn -0.038972 0.001727 0.999239
vn 0.027930 -0.003126 0.999605
vn 0.027930 -0.003126 0.999605
vn -0.038972 0.001727 0.999239
vn -0.053309 -0.014705 0.998470
vn -0.787371 0.616466 0.003990
vn -0.739623 0.618190 -0.266081
vn -0.936429 0.350828 0.004574
vn 0.000000 -1.000000 -0.000000
vn 0.000000 -1.000000 -0.000000
vn 0.000000 -1.000000 -0.000000
vn 0.000000 -1.000000 -0.000000
vn 0.000000 -1.000000 -0.000000
vn 0.000000 -1.000000 -0.000000
s off
g SM_Chair_11
f 12/4/1 11/1/2 3/2/3
f 3/2/4 2/3/5 12/4/6
f 1/5/7 2/6/8 3/7/9
f 4/10/10 9/9/11 8/11/12
f 5/8/13 9/9/14 4/10/15
f 5/8/16 1/5/17 3/7/18
f 5/8/19 3/7/20 9/9/21
f 8/14/22 9/15/23 6/12/24
f 6/12/25 7/13/26 8/14/27
f 10/16/28 7/17/29 6/18/30
f 61/19/31 11/20/32 12/21/33
f 13/22/34 11/20/35 61/19/36
f 13/22/37 10/16/38 6/18/39
f 13/22/40 6/18/41 11/20/42
f 20/26/43 44/23/44 14/24/45
f 14/24/46 39/25/47 20/26/48
f 39/25/49 14/24/50 15/27/51
f 15/27/52 40/28/53 39/25/54
f 40/28/55 15/27/56 48/29/57
f 48/29/58 41/30/59 40/28/60
f 41/30/61 48/29/62 16/31/63
f 16/31/64 21/32/65 41/30/66
f 21/32/67 16/31/68 51/33/69
f 51/33/70 22/34/71 21/32/72
f 22/34/73 51/33/74 17/35/75
f 17/35/76 42/36/77 22/34/78
f 42/36/79 17/35/80 54/37/81
f 54/37/82 23/38/83 42/36/84
f 23/38/85 54/37/86 56/39/87
f 56/39/88 24/40/89 23/38/90
f 24/40/91 56/39/92 18/41/93
f 18/41/94 25/42/95 24/40/96
f 25/42/97 18/41/98 19/43/99
f 19/43/100 43/44/101 25/42/102
f 43/44/103 19/43/104 12/105/105
f 12/105/106 2/106/107 43/44/108
f 46/48/109 44/45/110 20/46/111
f 20/46/112 26/47/113 46/48/114
f 27/49/115 26/74/116 20/62/117
f 20/62/118 39/63/119 27/49/120
f 27/49/121 39/63/122 40/64/123
f 40/64/124 28/50/125 27/49/126
f 28/50/127 40/64/128 41/65/129
f 41/65/130 29/51/131 28/50/132
f 29/51/133 41/65/134 21/66/135
f 21/66/136 30/52/137 29/51/138
f 30/52/139 21/66/140 22/67/141
f 22/67/142 31/53/143 30/52/144
f 32/54/145 31/53/146 22/67/147
f 22/67/148 42/68/149 32/54/150
f 33/55/151 32/54/152 42/68/153
f 42/68/154 23/69/155 33/55/156
f 33/55/157 23/69/158 24/70/159
f 24/70/160 34/56/161 33/55/162
f 34/56/163 24/70/164 25/71/165
f 25/71/166 35/57/167 34/56/168
f 35/57/169 25/71/170 43/72/171
f 43/72/172 36/58/173 35/57/174
f 36/58/175 43/72/176 2/75/177
f 2/75/178 37/59/179 36/58/180
f 37/59/181 2/75/182 1/73/183
f 1/73/184 38/60/185 37/59/186
f 38/60/187 1/73/188 5/76/189
f 5/76/190 92/61/191 38/60/192
f 45/79/193 14/78/194 44/77/195
f 44/77/196 46/80/197 45/79/198
f 45/79/199 47/82/200 15/81/201
f 15/81/202 14/78/203 45/79/204
f 47/82/205 49/84/206 48/83/207
f 48/83/208 15/81/209 47/82/210
f 49/84/211 50/86/212 16/85/213
f 16/85/214 48/83/215 49/84/216
f 50/86/217 52/88/218 51/87/219
f 51/87/220 16/85/221 50/86/222
f 53/90/223 17/89/224 51/87/225
f 51/87/226 52/88/227 53/90/228
f 55/92/229 54/91/230 17/89/231
f 17/89/232 53/90/233 55/92/234
f 55/92/235 57/94/236 56/93/237
f 56/93/238 54/91/239 55/92/240
f 57/94/241 58/96/242 18/95/243
f 18/95/244 56/93/245 57/94/246
f 58/96/247 59/98/248 19/97/249
f 19/97/250 18/95/251 58/96/252
f 59/98/253 60/100/254 12/99/255
f 12/99/256 19/97/257 59/98/258
f 60/100/259 62/102/260 61/101/261
f 61/101/262 12/99/263 60/100/264
f 62/102/265 112/104/266 13/103/267
f 13/103/268 61/101/269 62/102/270
f 75/109/271 64/108/272 63/107/273
f 63/107/274 93/110/275 75/109/276
f 64/108/277 77/112/278 96/111/279
f 96/111/280 63/107/281 64/108/282
f 77/112/283 79/114/284 98/113/285
f 98/113/286 96/111/287 77/112/288
f 79/114/289 81/116/290 65/115/291
f 65/115/292 98/113/293 79/114/294
f 81/116/295 66/118/296 101/117/297
f 101/117/298 65/115/299 81/116/300
f 66/118/301 67/120/302 104/119/303
f 104/119/304 101/117/305 66/118/306
f 67/120/307 85/122/308 106/121/309
f 106/121/310 104/119/311 67/120/312
f 85/122/313 69/124/314 68/123/315
f 68/123/316 106/121/317 85/122/318
f 69/124/319 71/126/320 70/125/321
f 70/125/322 68/123/323 69/124/324
f 71/126/325 73/128/326 72/127/327
f 72/127/328 70/125/329 71/126/330
f 73/128/331 8/130/332 7/129/333
f 7/129/334 72/127/335 73/128/336
f 94/133/337 74/132/338 75/131/339
f 75/131/340 93/134/341 94/133/342
f 76/137/343 64/136/344 75/135/345
f 75/135/346 74/138/347 76/137/348
f 76/137/349 78/140/350 77/139/351
f 77/139/352 64/136/353 76/137/354
f 78/140/355 80/142/356 79/141/357
f 79/141/358 77/139/359 78/140/360
f 80/142/361 82/144/362 81/143/363
f 81/143/364 79/141/365 80/142/366
f 82/144/367 83/146/368 66/145/369
f 66/145/370 81/143/371 82/144/372
f 84/148/373 67/147/374 66/145/375
f 66/145/376 83/146/377 84/148/378
f 86/150/379 85/149/380 67/147/381
f 67/147/382 84/148/383 86/150/384
f 86/150/385 87/152/386 69/151/387
f 69/151/388 85/149/389 86/150/390
f 87/152/391 88/154/392 71/153/393
f 71/153/394 69/151/395 87/152/396
f 88/154/397 89/156/398 73/155/399
f 73/155/400 71/153/401 88/154/402
f 89/156/403 90/158/404 8/157/405
f 8/157/406 73/155/407 89/156/408
f 90/158/409 91/160/410 4/159/411
f 4/159/412 8/157/413 90/158/414
f 91/160/415 92/162/416 5/161/417
f 5/161/418 4/159/419 91/160/420
f 95/165/421 94/164/422 93/163/423
f 93/163/424 63/166/425 95/165/426
f 95/165/427 63/166/428 96/167/429
f 96/167/430 97/168/431 95/165/432
f 97/168/433 96/167/434 98/169/435
f 98/169/436 99/170/437 97/168/438
f 99/170/439 98/169/440 65/171/441
f 65/171/442 100/172/443 99/170/444
f 100/172/445 65/171/446 101/173/447
f 101/173/448 102/174/449 100/172/450
f 103/175/451 102/174/452 101/173/453
f 101/173/454 104/176/455 103/175/456
f 105/177/457 103/175/458 104/176/459
f 104/176/460 106/178/461 105/177/462
f 105/177/463 106/178/464 68/179/465
f 68/179/466 107/180/467 105/177/468
f 107/180/469 68/179/470 70/181/471
f 70/181/472 108/182/473 107/180/474
f 108/182/475 70/181/476 72/183/477
f 72/183/478 109/184/479 108/182/480
f 109/184/481 72/183/482 7/185/483
f 7/185/484 110/186/485 109/184/486
f 110/186/487 7/185/488 10/187/489
f 10/187/490 111/188/491 110/186/492
f 111/188/493 10/187/494 13/189/495
f 13/189/496 112/190/497 111/188/498
f 136/191/499 137/192/500 154/193/501
f 130/194/502 129/196/503 128/197/504
f 133/198/505 131/195/506 132/199/507
f 125/309/508 126/313/509 141/200/510
f 128/197/511 142/202/512 130/194/513
f 130/194/514 141/200/515 132/199/516
f 127/311/517 133/198/518 132/199/519
f 153/203/520 134/204/521 152/205/522
f 152/205/523 135/206/524 151/207/525
f 135/206/526 196/208/527 151/207/528
f 134/204/529 128/197/530 135/206/531
f 129/196/532 188/201/533 135/206/534
f 139/210/535 128/197/536 138/211/537
f 171/288/538 121/289/539 137/192/540
f 137/192/541 121/289/542 138/211/543
f 138/211/544 122/291/545 139/210/546
f 140/314/547 132/199/548 141/200/549
f 142/202/550 169/306/551 141/200/552
f 139/210/553 124/304/554 142/202/555
f 154/193/556 137/192/557 153/203/558
f 143/214/559 113/215/560 175/212/561
f 175/212/562 205/213/563 143/214/564
f 144/216/565 114/217/566 113/215/567
f 113/215/568 143/214/569 144/216/570
f 145/218/571 115/219/572 114/217/573
f 114/217/574 144/216/575 145/218/576
f 146/220/577 116/221/578 115/219/579
f 115/219/580 145/218/581 146/220/582
f 147/222/583 117/223/584 116/221/585
f 116/221/586 146/220/587 147/222/588
f 148/224/589 118/225/590 117/223/591
f 117/223/592 147/222/593 148/224/594
f 149/226/595 119/227/596 118/225/597
f 118/225/598 148/224/599 149/226/600
f 150/230/601 157/231/602 155/228/603
f 155/228/604 158/229/605 150/230/606
f 285/302/607 120/296/608 157/231/609
f 157/231/610 150/230/611 285/302/612
f 174/209/613 225/232/614 159/233/615
f 159/233/616 151/207/617 174/209/618
f 151/207/619 160/234/620 161/235/621
f 161/235/622 152/205/623 151/207/624
f 163/237/625 153/203/626 152/205/627
f 152/205/628 162/236/629 163/237/630
f 164/238/631 154/193/632 153/203/633
f 153/203/634 163/237/635 164/238/636
f 165/239/637 136/191/638 154/193/639
f 154/193/640 164/238/641 165/239/642
f 153/203/643 138/211/644 134/204/645
f 137/192/646 138/211/647 153/203/648
f 128/197/649 134/204/650 138/211/651
f 128/197/652 139/210/653 142/202/654
f 130/194/655 142/202/656 141/200/657
f 140/314/658 127/311/659 132/199/660
f 126/313/661 140/314/662 141/200/663
f 122/291/664 123/299/665 139/210/666
f 139/210/667 123/299/668 124/304/669
f 128/197/670 129/196/671 135/206/672
f 152/205/673 134/204/674 135/206/675
f 170/287/676 136/191/677 168/240/678
f 158/229/679 155/228/680 119/227/681
f 119/227/682 149/226/683 158/229/684
f 205/213/685 318/310/686 281/308/687
f 281/308/688 143/214/689 205/213/690
f 143/214/691 281/308/692 243/307/693
f 243/307/694 144/216/695 143/214/696
f 144/216/697 243/307/698 282/305/699
f 282/305/700 145/218/701 144/216/702
f 145/218/703 282/305/704 283/300/705
f 283/300/706 146/220/707 145/218/708
f 146/220/709 283/300/710 244/294/711
f 244/294/712 147/222/713 146/220/714
f 147/222/715 244/294/716 286/292/717
f 286/292/718 148/224/719 147/222/720
f 148/224/721 286/292/722 284/293/723
f 284/293/724 149/226/725 148/224/726
f 149/226/727 284/293/728 246/295/729
f 246/295/730 158/229/731 149/226/732
f 158/229/733 246/295/734 245/301/735
f 245/301/736 150/230/737 158/229/738
f 150/230/739 245/301/740 285/302/741
f 113/215/742 159/233/743 225/232/744
f 225/232/745 175/212/746 113/215/747
f 160/234/748 159/233/749 113/215/750
f 113/215/751 114/217/752 160/234/753
f 161/235/754 160/234/755 114/217/756
f 114/217/757 115/219/758 161/235/759
f 161/235/760 115/219/761 116/221/762
f 116/221/763 162/236/764 161/235/765
f 117/223/766 163/237/767 162/236/768
f 162/236/769 116/221/770 117/223/771
f 118/225/772 164/238/773 163/237/774
f 163/237/775 117/223/776 118/225/777
f 119/227/778 165/239/779 164/238/780
f 164/238/781 118/225/782 119/227/783
f 155/228/784 168/240/785 165/239/786
f 165/239/787 119/227/788 155/228/789
f 157/231/790 166/241/791 168/240/792
f 168/240/793 155/228/794 157/231/795
f 167/297/796 166/241/797 157/231/798
f 157/231/799 120/296/800 167/297/801
f 142/202/802 124/304/803 169/306/804
f 169/306/805 125/309/806 141/200/807
f 121/289/808 122/291/809 138/211/810
f 137/192/811 136/191/812 171/288/813
f 168/240/814 156/290/815 170/287/816
f 136/191/817 170/287/818 171/288/819
f 136/191/820 165/239/821 168/240/822
f 156/290/823 166/241/824 173/298/825
f 156/290/826 168/240/827 166/241/828
f 166/241/829 167/297/830 172/303/831
f 172/303/832 173/298/833 166/241/834
f 176/242/835 178/244/836 177/243/837
f 179/245/838 181/247/839 180/246/840
f 183/249/841 184/250/842 180/246/843
f 185/322/844 187/251/845 186/320/846
f 180/246/847 188/201/848 131/195/849
f 182/248/850 179/245/851 189/252/852
f 133/198/853 183/249/854 180/246/855
f 180/246/856 131/195/857 133/198/858
f 179/245/859 184/250/860 187/251/861
f 127/311/862 190/312/863 183/249/864
f 183/249/865 133/198/866 127/311/867
f 190/312/868 184/250/869 183/249/870
f 191/253/871 193/255/872 192/254/873
f 193/255/874 195/257/875 194/256/876
f 194/256/877 195/257/878 196/208/879
f 192/254/880 194/256/881 182/248/882
f 181/247/883 194/256/884 188/201/885
f 197/258/886 198/259/887 182/248/888
f 199/329/889 177/243/890 200/327/891
f 177/243/892 198/259/893 200/327/894
f 198/259/895 197/258/896 201/326/897
f 202/317/898 187/251/899 184/250/900
f 189/252/901 187/251/902 203/323/903
f 197/258/904 189/252/905 204/324/906
f 178/244/907 191/253/908 177/243/909
f 206/260/910 205/213/911 175/212/912
f 175/212/913 207/261/914 206/260/915
f 208/262/916 206/260/917 207/261/918
f 207/261/919 209/263/920 208/262/921
f 210/264/922 208/262/923 209/263/924
f 209/263/925 211/265/926 210/264/927
f 212/266/928 210/264/929 211/265/930
f 211/265/931 213/267/932 212/266/933
f 214/268/934 212/266/935 213/267/936
f 213/267/937 215/269/938 214/268/939
f 216/270/940 214/268/941 215/269/942
f 215/269/943 217/271/944 216/270/945
f 218/272/946 216/270/947 217/271/948
f 217/271/949 219/273/950 218/272/951
f 222/276/952 221/275/953 220/274/954
f 220/274/955 223/277/956 222/276/957
f 313/336/958 222/276/959 223/277/960
f 223/277/961 224/333/962 313/336/963
f 174/209/964 226/278/965 225/232/966
f 226/278/967 195/257/968 227/279/969
f 195/257/970 228/280/971 227/279/972
f 228/280/973 193/255/974 229/281/975
f 230/282/976 229/281/977 193/255/978
f 193/255/979 191/253/980 230/282/981
f 231/283/982 230/282/983 191/253/984
f 191/253/985 178/244/986 231/283/987
f 232/284/988 231/283/989 178/244/990
f 178/244/991 176/242/992 232/284/993
f 191/253/994 192/254/995 198/259/996
f 177/243/997 191/253/998 198/259/999
f 182/248/1000 198/259/1001 192/254/1002
f 182/248/1003 189/252/1004 197/258/1005
f 179/245/1006 187/251/1007 189/252/1008
f 202/317/1009 184/250/1010 190/312/1011
f 186/320/1012 187/251/1013 202/317/1014
f 201/326/1015 197/258/1016 233/325/1017
f 197/258/1018 204/324/1019 233/325/1020
f 182/248/1021 194/256/1022 181/247/1023
f 193/255/1024 194/256/1025 192/254/1026
f 234/334/1027 235/285/1028 176/242/1029
f 221/275/1030 218/272/1031 219/273/1032
f 219/273/1033 220/274/1034 221/275/1035
f 317/315/1036 318/310/1037 205/213/1038
f 205/213/1039 206/260/1040 317/315/1041
f 236/316/1042 317/315/1043 206/260/1044
f 206/260/1045 208/262/1046 236/316/1047
f 237/318/1048 236/316/1049 208/262/1050
f 208/262/1051 210/264/1052 237/318/1053
f 322/319/1054 237/318/1055 210/264/1056
f 210/264/1057 212/266/1058 322/319/1059
f 324/321/1060 322/319/1061 212/266/1062
f 212/266/1063 214/268/1064 324/321/1065
f 326/328/1066 324/321/1067 214/268/1068
f 214/268/1069 216/270/1070 326/328/1071
f 328/330/1072 326/328/1073 216/270/1074
f 216/270/1075 218/272/1076 328/330/1077
f 330/331/1078 328/330/1079 218/272/1080
f 218/272/1081 221/275/1082 330/331/1083
f 332/337/1084 330/331/1085 221/275/1086
f 221/275/1087 222/276/1088 332/337/1089
f 222/276/1090 313/336/1091 332/337/1092
f 207/261/1093 175/212/1094 225/232/1095
f 225/232/1096 226/278/1097 207/261/1098
f 227/279/1099 209/263/1100 207/261/1101
f 207/261/1102 226/278/1103 227/279/1104
f 228/280/1105 211/265/1106 209/263/1107
f 209/263/1108 227/279/1109 228/280/1110
f 213/267/1111 211/265/1112 228/280/1113
f 228/280/1114 229/281/1115 213/267/1116
f 215/269/1117 213/267/1118 229/281/1119
f 229/281/1120 230/282/1121 215/269/1122
f 217/271/1123 215/269/1124 230/282/1125
f 230/282/1126 231/283/1127 217/271/1128
f 219/273/1129 217/271/1130 231/283/1131
f 231/283/1132 232/284/1133 219/273/1134
f 220/274/1135 219/273/1136 232/284/1137
f 232/284/1138 235/285/1139 220/274/1140
f 223/277/1141 220/274/1142 235/285/1143
f 235/285/1144 238/286/1145 223/277/1146
f 239/332/1147 224/333/1148 223/277/1149
f 223/277/1150 238/286/1151 239/332/1152
f 189/252/1153 203/323/1154 204/324/1155
f 203/323/1156 187/251/1157 185/322/1158
f 200/327/1159 198/259/1160 201/326/1161
f 177/243/1162 199/329/1163 176/242/1164
f 235/285/1165 234/334/1166 240/335/1167
f 176/242/1168 199/329/1169 234/334/1170
f 176/242/1171 235/285/1172 232/284/1173
f 240/335/1174 241/338/1175 238/286/1176
f 240/335/1177 238/286/1178 235/285/1179
f 242/339/1180 239/332/1181 238/286/1182
f 238/286/1183 241/338/1184 242/339/1185
f 180/246/1186 181/247/1187 188/201/1188
f 188/201/1189 129/196/1190 131/195/1191
f 188/201/1192 196/208/1193 135/206/1194
f 194/256/1195 196/208/1196 188/201/1197
f 161/235/1198 162/236/1199 152/205/1200
f 228/280/1201 195/257/1202 193/255/1203
f 159/233/1204 160/234/1205 151/207/1206
f 226/278/1207 174/209/1208 195/257/1209
f 196/208/1210 174/209/1211 151/207/1212
f 195/257/1213 174/209/1214 196/208/1215
f 131/195/1216 130/194/1217 132/199/1218
f 184/250/1219 179/245/1220 180/246/1221
f 130/194/1222 131/195/1223 129/196/1224
f 179/245/1225 182/248/1226 181/247/1227
f 259/341/1228 290/362/1229 287/363/1230
f 287/363/1231 277/340/1232 259/341/1233
f 256/365/1234 255/366/1235 276/342/1236
f 276/342/1237 277/340/1238 256/365/1239
f 254/367/1240 275/349/1241 276/342/1242
f 276/342/1243 255/366/1244 254/367/1245
f 253/368/1246 274/350/1247 275/349/1248
f 275/349/1249 254/367/1250 253/368/1251
f 252/369/1252 273/351/1253 274/350/1254
f 274/350/1255 253/368/1256 252/369/1257
f 251/370/1258 272/352/1259 273/351/1260
f 273/351/1261 252/369/1262 251/370/1263
f 250/371/1264 271/353/1265 272/352/1266
f 272/352/1267 251/370/1268 250/371/1269
f 278/372/1270 249/373/1271 270/354/1272
f 270/354/1273 258/355/1274 278/372/1275
f 248/375/1276 247/376/1277 268/356/1278
f 268/356/1279 269/357/1280 248/375/1281
f 247/376/1282 285/381/1283 267/358/1284
f 267/358/1285 268/356/1286 247/376/1287
f 256/365/1288 277/340/1289 287/363/1290
f 287/363/1291 314/364/1292 256/365/1293
f 248/375/1294 269/357/1295 280/361/1296
f 280/361/1297 279/374/1298 248/375/1299
f 278/372/1300 258/355/1301 271/353/1302
f 271/353/1303 250/371/1304 278/372/1305
f 318/382/1306 290/362/1307 259/341/1308
f 259/341/1309 281/377/1310 318/382/1311
f 281/377/1312 259/341/1313 260/343/1314
f 260/343/1315 243/383/1316 281/377/1317
f 243/383/1318 260/343/1319 261/344/1320
f 261/344/1321 282/378/1322 243/383/1323
f 282/378/1324 261/344/1325 262/345/1326
f 262/345/1327 283/379/1328 282/378/1329
f 283/379/1330 262/345/1331 263/346/1332
f 263/346/1333 244/384/1334 283/379/1335
f 244/384/1336 263/346/1337 264/347/1338
f 264/347/1339 286/385/1340 244/384/1341
f 286/385/1342 264/347/1343 265/348/1344
f 265/348/1345 284/380/1346 286/385/1347
f 284/380/1348 265/348/1349 257/359/1350
f 257/359/1351 246/387/1352 284/380/1353
f 246/387/1354 257/359/1355 266/360/1356
f 266/360/1357 245/386/1358 246/387/1359
f 280/361/1360 270/354/1361 249/373/1362
f 249/373/1363 279/374/1364 280/361/1365
f 277/340/1366 260/343/1367 259/341/1368
f 277/340/1369 261/344/1370 260/343/1371
f 277/340/1372 262/345/1373 261/344/1374
f 277/340/1375 276/342/1376 262/345/1377
f 276/342/1378 263/346/1379 262/345/1380
f 276/342/1381 275/349/1382 263/346/1383
f 275/349/1384 274/350/1385 263/346/1386
f 274/350/1387 264/347/1388 263/346/1389
f 274/350/1390 273/351/1391 264/347/1392
f 273/351/1393 272/352/1394 264/347/1395
f 272/352/1396 265/348/1397 264/347/1398
f 272/352/1399 271/353/1400 265/348/1401
f 271/353/1402 257/359/1403 265/348/1404
f 271/353/1405 258/355/1406 257/359/1407
f 258/355/1408 270/354/1409 257/359/1410
f 270/354/1411 280/361/1412 257/359/1413
f 280/361/1414 266/360/1415 257/359/1416
f 280/361/1417 269/357/1418 266/360/1419
f 269/357/1420 268/356/1421 266/360/1422
f 268/356/1423 267/358/1424 266/360/1425
f 245/386/1426 267/358/1427 285/381/1428
f 245/386/1429 266/360/1430 267/358/1431
f 289/390/1432 288/389/1433 287/388/1434
f 287/388/1435 290/391/1436 289/390/1437
f 292/393/1438 288/389/1439 291/392/1440
f 291/392/1441 293/394/1442 292/393/1443
f 294/395/1444 293/394/1445 291/392/1446
f 291/392/1447 295/396/1448 294/395/1449
f 296/397/1450 294/395/1451 295/396/1452
f 295/396/1453 297/398/1454 296/397/1455
f 298/399/1456 296/397/1457 297/398/1458
f 297/398/1459 299/400/1460 298/399/1461
f 300/401/1462 298/399/1463 299/400/1464
f 299/400/1465 301/402/1466 300/401/1467
f 302/403/1468 300/401/1469 301/402/1470
f 301/402/1471 303/404/1472 302/403/1473
f 306/407/1474 305/406/1475 304/405/1476
f 304/405/1477 307/408/1478 306/407/1479
f 310/411/1480 309/410/1481 308/409/1482
f 308/409/1483 311/412/1484 310/411/1485
f 311/412/1486 308/409/1487 312/413/1488
f 312/413/1489 313/414/1490 311/412/1491
f 292/393/1492 314/415/1493 287/388/1494
f 287/388/1495 288/389/1496 292/393/1497
f 310/411/1498 316/417/1499 315/416/1500
f 315/416/1501 309/410/1502 310/411/1503
f 306/407/1504 302/403/1505 303/404/1506
f 303/404/1507 305/406/1508 306/407/1509
f 318/419/1510 317/418/1511 289/390/1512
f 289/390/1513 290/391/1514 318/419/1515
f 317/418/1516 236/421/1517 319/420/1518
f 319/420/1519 289/390/1520 317/418/1521
f 236/421/1522 237/423/1523 320/422/1524
f 320/422/1525 319/420/1526 236/421/1527
f 237/423/1528 322/425/1529 321/424/1530
f 321/424/1531 320/422/1532 237/423/1533
f 322/425/1534 324/427/1535 323/426/1536
f 323/426/1537 321/424/1538 322/425/1539
f 324/427/1540 326/429/1541 325/428/1542
f 325/428/1543 323/426/1544 324/427/1545
f 326/429/1546 328/431/1547 327/430/1548
f 327/430/1549 325/428/1550 326/429/1551
f 328/431/1552 330/433/1553 329/432/1554
f 329/432/1555 327/430/1556 328/431/1557
f 330/433/1558 332/435/1559 331/434/1560
f 331/434/1561 329/432/1562 330/433/1563
f 315/416/1564 316/417/1565 307/408/1566
f 307/408/1567 304/405/1568 315/416/1569
f 288/389/1570 289/390/1571 319/420/1572
f 288/389/1573 319/420/1574 320/422/1575
f 288/389/1576 320/422/1577 321/424/1578
f 288/389/1579 321/424/1580 291/392/1581
f 291/392/1582 321/424/1583 323/426/1584
f 291/392/1585 323/426/1586 295/396/1587
f 295/396/1588 323/426/1589 297/398/1590
f 297/398/1591 323/426/1592 325/428/1593
f 297/398/1594 325/428/1595 299/400/1596
f 299/400/1597 325/428/1598 301/402/1599
f 301/402/1600 325/428/1601 327/430/1602
f 301/402/1603 327/430/1604 303/404/1605
f 303/404/1606 327/430/1607 329/432/1608
f 303/404/1609 329/432/1610 305/406/1611
f 305/406/1612 329/432/1613 304/405/1614
f 304/405/1615 329/432/1616 315/416/1617
f 315/416/1618 329/432/1619 331/434/1620
f 315/416/1621 331/434/1622 309/410/1623
f 309/410/1624 331/434/1625 308/409/1626
f 308/409/1627 331/434/1628 312/413/1629
f 332/435/1630 313/414/1631 312/413/1632
f 332/435/1633 312/413/1634 331/434/1635
f 340/436/1636 333/437/1637 351/438/1638
f 354/442/1639 344/439/1640 342/440/1641
f 342/440/1642 343/441/1643 354/442/1644
f 344/439/1645 334/443/1646 342/440/1647
f 343/441/1648 353/503/1649 354/442/1650
f 334/443/1651 361/490/1652 356/444/1653
f 335/492/1654 362/445/1655 359/446/1656
f 356/444/1657 346/448/1658 333/437/1659
f 333/437/1660 363/447/1661 356/444/1662
f 346/448/1663 361/490/1664 359/446/1665
f 359/446/1666 348/449/1667 346/448/1668
f 349/452/1669 348/449/1670 358/450/1671
f 358/450/1672 364/451/1673 349/452/1674
f 350/454/1675 349/452/1676 364/451/1677
f 364/451/1678 365/453/1679 350/454/1680
f 351/438/1681 350/454/1682 365/453/1683
f 365/453/1684 366/455/1685 351/438/1686
f 340/436/1687 351/438/1688 366/455/1689
f 366/455/1690 367/456/1691 340/436/1692
f 353/503/1693 360/510/1694 368/505/1695
f 368/505/1696 354/442/1697 353/503/1698
f 354/442/1699 368/505/1700 369/501/1701
f 369/501/1702 344/439/1703 354/442/1704
f 334/443/1705 344/439/1706 369/501/1707
f 369/501/1708 355/489/1709 334/443/1710
f 357/507/1711 347/499/1712 362/445/1713
f 358/450/1714 348/449/1715 362/445/1716
f 334/443/1717 356/444/1718 363/447/1719
f 363/447/1720 345/457/1721 334/443/1722
f 335/492/1723 359/446/1724 361/490/1725
f 361/490/1726 355/491/1727 335/492/1728
f 364/451/1729 358/450/1730 336/487/1731
f 336/487/1732 337/485/1733 364/451/1734
f 365/453/1735 364/451/1736 337/485/1737
f 337/485/1738 338/483/1739 365/453/1740
f 366/455/1741 365/453/1742 338/483/1743
f 338/483/1744 339/480/1745 366/455/1746
f 366/455/1747 339/480/1748 352/481/1749
f 352/481/1750 367/456/1751 366/455/1752
f 367/456/1753 352/481/1754 405/482/1755
f 405/482/1756 393/478/1757 367/456/1758
f 334/443/1759 345/457/1760 342/440/1761
f 343/441/1762 341/498/1763 353/503/1764
f 333/437/1765 350/454/1766 351/438/1767
f 333/437/1768 349/452/1769 350/454/1770
f 333/437/1771 346/448/1772 349/452/1773
f 346/448/1774 348/449/1775 349/452/1776
f 346/448/1777 356/444/1778 361/490/1779
f 334/443/1780 355/489/1781 361/490/1782
f 348/449/1783 359/446/1784 362/445/1785
f 335/492/1786 357/507/1787 362/445/1788
f 347/499/1789 358/450/1790 362/445/1791
f 358/450/1792 347/499/1793 336/487/1794
f 384/469/1795 363/447/1796 333/437/1797
f 333/437/1798 371/459/1799 384/469/1800
f 400/479/1801 345/457/1802 363/447/1803
f 363/447/1804 384/469/1805 400/479/1806
f 370/458/1807 372/460/1808 371/459/1809
f 374/462/1810 373/461/1811 376/464/1812
f 376/464/1813 375/463/1814 374/462/1815
f 340/436/1816 370/458/1817 371/459/1818
f 371/459/1819 333/437/1820 340/436/1821
f 373/461/1822 374/462/1823 377/465/1824
f 375/463/1825 376/464/1826 378/504/1827
f 377/465/1828 380/466/1829 379/495/1830
f 381/493/1831 383/468/1832 382/467/1833
f 380/466/1834 384/469/1835 371/459/1836
f 371/459/1837 385/470/1838 380/466/1839
f 383/468/1840 379/495/1841 385/470/1842
f 385/470/1843 386/471/1844 383/468/1845
f 389/474/1846 388/473/1847 387/472/1848
f 387/472/1849 386/471/1850 389/474/1851
f 391/476/1852 390/475/1853 388/473/1854
f 388/473/1855 389/474/1856 391/476/1857
f 372/460/1858 392/477/1859 390/475/1860
f 390/475/1861 391/476/1862 372/460/1863
f 370/458/1864 393/478/1865 392/477/1866
f 392/477/1867 372/460/1868 370/458/1869
f 395/506/1870 394/511/1871 378/504/1872
f 378/504/1873 376/464/1874 395/506/1875
f 367/456/1876 393/478/1877 370/458/1878
f 370/458/1879 340/436/1880 367/456/1881
f 396/502/1882 395/506/1883 376/464/1884
f 376/464/1885 373/461/1886 396/502/1887
f 377/465/1888 397/496/1889 396/502/1890
f 396/502/1891 373/461/1892 377/465/1893
f 398/509/1894 382/467/1895 399/508/1896
f 387/472/1897 382/467/1898 386/471/1899
f 377/465/1900 400/479/1901 384/469/1902
f 384/469/1903 380/466/1904 377/465/1905
f 381/493/1906 397/494/1907 379/495/1908
f 379/495/1909 383/468/1910 381/493/1911
f 388/473/1912 402/488/1913 401/500/1914
f 401/500/1915 387/472/1916 388/473/1917
f 390/475/1918 403/486/1919 402/488/1920
f 402/488/1921 388/473/1922 390/475/1923
f 392/477/1924 404/484/1925 403/486/1926
f 403/486/1927 390/475/1928 392/477/1929
f 405/482/1930 404/484/1931 392/477/1932
f 392/477/1933 393/478/1934 405/482/1935
f 377/465/1936 374/462/1937 400/479/1938
f 375/463/1939 378/504/1940 406/497/1941
f 371/459/1942 372/460/1943 391/476/1944
f 371/459/1945 391/476/1946 389/474/1947
f 371/459/1948 389/474/1949 385/470/1950
f 385/470/1951 389/474/1952 386/471/1953
f 385/470/1954 379/495/1955 380/466/1956
f 377/465/1957 379/495/1958 397/496/1959
f 386/471/1960 382/467/1961 383/468/1962
f 381/493/1963 382/467/1964 398/509/1965
f 399/508/1966 382/467/1967 387/472/1968
f 387/472/1969 401/500/1970 399/508/1971
f 374/462/1972 375/463/1973 343/441/1974
f 343/441/1975 342/440/1976 374/462/1977
f 375/463/1978 406/497/1979 341/498/1980
f 341/498/1981 343/441/1982 375/463/1983
f 374/462/1984 342/440/1985 345/457/1986
f 345/457/1987 400/479/1988 374/462/1989
f 448/512/1990 436/513/1991 447/514/1992
f 408/583/1993 407/580/1994 424/581/1995
f 424/581/1996 425/582/1997 408/583/1998
f 409/587/1999 484/585/2000 485/584/2001
f 485/584/2002 426/586/2003 409/587/2004
f 410/589/2005 409/587/2006 426/586/2007
f 426/586/2008 427/588/2009 410/589/2010
f 428/515/2011 411/590/2012 410/589/2013
f 410/589/2014 427/588/2015 428/515/2016
f 412/592/2017 411/590/2018 428/515/2019
f 428/515/2020 429/516/2021 412/592/2022
f 413/594/2023 412/592/2024 429/516/2025
f 429/516/2026 430/517/2027 413/594/2028
f 414/595/2029 413/594/2030 430/517/2031
f 430/517/2032 431/518/2033 414/595/2034
f 417/602/2035 416/599/2036 433/519/2037
f 433/519/2038 434/601/2039 417/602/2040
f 416/599/2041 415/597/2042 432/520/2043
f 432/520/2044 433/519/2045 416/599/2046
f 415/597/2047 414/595/2048 431/518/2049
f 431/518/2050 432/520/2051 415/597/2052
f 455/522/2053 448/512/2054 472/521/2055
f 472/521/2056 473/562/2057 455/522/2058
f 448/512/2059 447/514/2060 471/523/2061
f 471/523/2062 472/521/2063 448/512/2064
f 446/524/2065 470/525/2066 447/514/2067
f 446/524/2068 469/526/2069 470/525/2070
f 436/513/2071 448/512/2072 455/522/2073
f 455/522/2074 456/527/2075 436/513/2076
f 437/529/2077 436/513/2078 456/527/2079
f 456/527/2080 457/528/2081 437/529/2082
f 445/530/2083 468/531/2084 482/532/2085
f 483/534/2086 437/529/2087 457/528/2088
f 457/528/2089 486/533/2090 483/534/2091
f 445/530/2092 467/535/2093 468/531/2094
f 459/538/2095 439/539/2096 438/536/2097
f 438/536/2098 458/537/2099 459/538/2100
f 444/540/2101 467/535/2102 445/530/2103
f 440/542/2104 439/539/2105 459/538/2106
f 459/538/2107 460/541/2108 440/542/2109
f 440/542/2110 460/541/2111 441/543/2112
f 441/543/2113 462/544/2114 442/545/2115
f 442/545/2116 462/544/2117 463/546/2118
f 444/540/2119 465/547/2120 466/548/2121
f 443/549/2122 465/547/2123 444/540/2124
f 442/545/2125 463/546/2126 443/549/2127
f 475/550/2128 474/593/2129 450/596/2130
f 450/596/2131 451/598/2132 476/551/2133
f 476/551/2134 475/550/2135 450/596/2136
f 454/605/2137 479/604/2138 478/552/2139
f 478/552/2140 453/603/2141 454/605/2142
f 477/553/2143 452/600/2144 453/603/2145
f 453/603/2146 478/552/2147 477/553/2148
f 451/598/2149 452/600/2150 477/553/2151
f 477/553/2152 476/551/2153 451/598/2154
f 473/562/2155 472/521/2156 423/560/2157
f 423/560/2158 449/564/2159 473/562/2160
f 435/557/2161 455/522/2162 473/562/2163
f 473/562/2164 449/563/2165 435/557/2166
f 423/560/2167 472/521/2168 471/523/2169
f 471/523/2170 422/559/2171 423/560/2172
f 470/525/2173 421/565/2174 422/559/2175
f 422/559/2176 471/523/2177 470/525/2178
f 421/565/2179 470/525/2180 469/526/2181
f 469/526/2182 420/567/2183 421/565/2184
f 455/522/2185 435/557/2186 407/558/2187
f 407/558/2188 456/527/2189 455/522/2190
f 456/527/2191 407/558/2192 408/561/2193
f 408/561/2194 457/528/2195 456/527/2196
f 468/531/2197 419/571/2198 480/569/2199
f 480/569/2200 481/554/2201 468/531/2202
f 457/528/2203 408/561/2204 484/566/2205
f 484/566/2206 486/533/2207 457/528/2208
f 467/535/2209 418/573/2210 419/571/2211
f 419/571/2212 468/531/2213 467/535/2214
f 410/570/2215 459/538/2216 458/537/2217
f 458/537/2218 409/568/2219 410/570/2220
f 466/548/2221 417/575/2222 418/573/2223
f 418/573/2224 467/535/2225 466/548/2226
f 460/541/2227 459/538/2228 410/570/2229
f 410/570/2230 411/572/2231 460/541/2232
f 460/541/2233 411/572/2234 412/574/2235
f 412/574/2236 461/555/2237 460/541/2238
f 461/555/2239 412/574/2240 413/576/2241
f 413/576/2242 462/544/2243 461/555/2244
f 414/578/2245 463/546/2246 462/544/2247
f 462/544/2248 413/576/2249 414/578/2250
f 466/548/2251 465/547/2252 416/577/2253
f 416/577/2254 417/575/2255 466/548/2256
f 464/556/2257 415/579/2258 416/577/2259
f 416/577/2260 465/547/2261 464/556/2262
f 415/579/2263 464/556/2264 463/546/2265
f 463/546/2266 414/578/2267 415/579/2268
f 428/515/2269 487/591/2270 474/593/2271
f 474/593/2272 429/516/2273 428/515/2274
f 474/593/2275 475/550/2276 430/517/2277
f 430/517/2278 429/516/2279 474/593/2280
f 476/551/2281 431/518/2282 430/517/2283
f 430/517/2284 475/550/2285 476/551/2286
f 479/604/2287 434/601/2288 433/519/2289
f 433/519/2290 478/552/2291 479/604/2292
f 432/520/2293 477/553/2294 478/552/2295
f 478/552/2296 433/519/2297 432/520/2298
f 477/553/2299 432/520/2300 431/518/2301
f 431/518/2302 476/551/2303 477/553/2304
f 481/554/2305 469/526/2306 482/532/2307
f 481/554/2308 480/569/2309 420/567/2310
f 420/567/2311 469/526/2312 481/554/2313
f 444/540/2314 466/548/2315 467/535/2316
f 443/549/2317 464/556/2318 465/547/2319
f 463/546/2320 464/556/2321 443/549/2322
f 460/541/2323 461/555/2324 441/543/2325
f 441/543/2326 461/555/2327 462/544/2328
f 468/531/2329 481/554/2330 482/532/2331
f 469/526/2332 446/524/2333 482/532/2334
f 470/525/2335 471/523/2336 447/514/2337
f 482/532/2338 446/524/2339 436/513/2340
f 436/513/2341 437/529/2342 482/532/2343
f 436/513/2344 446/524/2345 447/514/2346
f 483/534/2347 438/536/2348 445/530/2349
f 445/530/2350 438/536/2351 439/539/2352
f 439/539/2353 444/540/2354 445/530/2355
f 443/549/2356 444/540/2357 439/539/2358
f 439/539/2359 440/542/2360 443/549/2361
f 442/545/2362 443/549/2363 440/542/2364
f 440/542/2365 441/543/2366 442/545/2367
f 484/585/2368 408/583/2369 425/582/2370
f 425/582/2371 485/584/2372 484/585/2373
f 438/536/2374 483/534/2375 486/533/2376
f 486/533/2377 458/537/2378 438/536/2379
f 486/533/2380 484/566/2381 409/568/2382
f 409/568/2383 458/537/2384 486/533/2385
f 445/530/2386 482/532/2387 483/534/2388
f 482/532/2389 437/529/2390 483/534/2391
f 428/515/2392 427/588/2393 487/591/2394
f 488/606/2395 490/608/2396 489/607/2397
f 493/611/2398 492/610/2399 491/609/2400
f 491/609/2401 494/612/2402 493/611/2403
f 497/615/2404 496/614/2405 495/613/2406
f 495/613/2407 498/616/2408 497/615/2409
f 500/618/2410 499/617/2411 496/614/2412
f 496/614/2413 497/615/2414 500/618/2415
f 501/619/2416 499/617/2417 500/618/2418
f 500/618/2419 502/620/2420 501/619/2421
f 504/622/2422 503/621/2423 501/619/2424
f 501/619/2425 502/620/2426 504/622/2427
f 506/624/2428 505/623/2429 503/621/2430
f 503/621/2431 504/622/2432 506/624/2433
f 508/626/2434 507/625/2435 505/623/2436
f 505/623/2437 506/624/2438 508/626/2439
f 511/629/2440 510/628/2441 509/627/2442
f 509/627/2443 512/630/2444 511/629/2445
f 512/630/2446 509/627/2447 513/631/2448
f 513/631/2449 514/632/2450 512/630/2451
f 514/632/2452 513/631/2453 507/625/2454
f 507/625/2455 508/626/2456 514/632/2457
f 517/635/2458 516/634/2459 515/633/2460
f 515/633/2461 488/606/2462 517/635/2463
f 488/606/2464 515/633/2465 518/636/2466
f 518/636/2467 490/608/2468 488/606/2469
f 519/637/2470 490/608/2471 520/638/2472
f 519/637/2473 520/638/2474 521/639/2475
f 489/607/2476 522/640/2477 517/635/2478
f 517/635/2479 488/606/2480 489/607/2481
f 524/642/2482 523/641/2483 522/640/2484
f 522/640/2485 489/607/2486 524/642/2487
f 525/643/2488 527/645/2489 526/644/2490
f 529/647/2491 528/646/2492 523/641/2493
f 523/641/2494 524/642/2495 529/647/2496
f 525/643/2497 526/644/2498 530/648/2499
f 533/651/2500 532/650/2501 531/649/2502
f 531/649/2503 534/652/2504 533/651/2505
f 535/653/2506 525/643/2507 530/648/2508
f 537/655/2509 536/654/2510 533/651/2511
f 533/651/2512 534/652/2513 537/655/2514
f 537/655/2515 538/656/2516 536/654/2517
f 538/656/2518 540/658/2519 539/657/2520
f 540/658/2521 541/659/2522 539/657/2523
f 535/653/2524 543/661/2525 542/660/2526
f 544/662/2527 535/653/2528 542/660/2529
f 540/658/2530 544/662/2531 541/659/2532
f 545/663/2533 547/665/2534 546/664/2535
f 547/665/2536 545/663/2537 548/666/2538
f 548/666/2539 549/667/2540 547/665/2541
f 552/670/2542 551/669/2543 550/668/2544
f 550/668/2545 553/671/2546 552/670/2547
f 554/672/2548 550/668/2549 551/669/2550
f 551/669/2551 555/673/2552 554/672/2553
f 549/667/2554 548/666/2555 554/672/2556
f 554/672/2557 555/673/2558 549/667/2559
f 516/634/2560 557/675/2561 556/674/2562
f 556/674/2563 515/633/2564 516/634/2565
f 558/677/2566 557/676/2567 516/634/2568
f 516/634/2569 517/635/2570 558/677/2571
f 556/674/2572 559/678/2573 518/636/2574
f 518/636/2575 515/633/2576 556/674/2577
f 520/638/2578 518/636/2579 559/678/2580
f 559/678/2581 560/679/2582 520/638/2583
f 560/679/2584 561/680/2585 521/639/2586
f 521/639/2587 520/638/2588 560/679/2589
f 517/635/2590 522/640/2591 494/681/2592
f 494/681/2593 558/677/2594 517/635/2595
f 522/640/2596 523/641/2597 493/682/2598
f 493/682/2599 494/681/2600 522/640/2601
f 526/644/2602 563/684/2603 562/683/2604
f 562/683/2605 564/685/2606 526/644/2607
f 523/641/2608 528/646/2609 498/686/2610
f 498/686/2611 493/682/2612 523/641/2613
f 530/648/2614 526/644/2615 564/685/2616
f 564/685/2617 565/687/2618 530/648/2619
f 500/689/2620 497/688/2621 532/650/2622
f 532/650/2623 533/651/2624 500/689/2625
f 543/661/2626 530/648/2627 565/687/2628
f 565/687/2629 511/690/2630 543/661/2631
f 536/654/2632 502/691/2633 500/689/2634
f 500/689/2635 533/651/2636 536/654/2637
f 536/654/2638 566/693/2639 504/692/2640
f 504/692/2641 502/691/2642 536/654/2643
f 566/693/2644 539/657/2645 506/694/2646
f 506/694/2647 504/692/2648 566/693/2649
f 508/695/2650 506/694/2651 539/657/2652
f 539/657/2653 541/659/2654 508/695/2655
f 543/661/2656 511/690/2657 512/696/2658
f 512/696/2659 542/660/2660 543/661/2661
f 567/697/2662 542/660/2663 512/696/2664
f 512/696/2665 514/698/2666 567/697/2667
f 514/698/2668 508/695/2669 541/659/2670
f 541/659/2671 567/697/2672 514/698/2673
f 501/619/2674 503/621/2675 546/664/2676
f 546/664/2677 568/699/2678 501/619/2679
f 546/664/2680 503/621/2681 505/623/2682
f 505/623/2683 545/663/2684 546/664/2685
f 548/666/2686 545/663/2687 505/623/2688
f 505/623/2689 507/625/2690 548/666/2691
f 553/671/2692 550/668/2693 509/627/2694
f 509/627/2695 510/628/2696 553/671/2697
f 513/631/2698 509/627/2699 550/668/2700
f 550/668/2701 554/672/2702 513/631/2703
f 554/672/2704 548/666/2705 507/625/2706
f 507/625/2707 513/631/2708 554/672/2709
f 563/684/2710 527/645/2711 521/639/2712
f 563/684/2713 521/639/2714 561/680/2715
f 561/680/2716 562/683/2717 563/684/2718
f 535/653/2719 530/648/2720 543/661/2721
f 544/662/2722 542/660/2723 567/697/2724
f 541/659/2725 544/662/2726 567/697/2727
f 536/654/2728 538/656/2729 566/693/2730
f 538/656/2731 539/657/2732 566/693/2733
f 526/644/2734 527/645/2735 563/684/2736
f 521/639/2737 527/645/2738 519/637/2739
f 520/638/2740 490/608/2741 518/636/2742
f 527/645/2743 524/642/2744 489/607/2745
f 489/607/2746 519/637/2747 527/645/2748
f 489/607/2749 490/608/2750 519/637/2751
f 529/647/2752 525/643/2753 531/649/2754
f 525/643/2755 535/653/2756 534/652/2757
f 534/652/2758 531/649/2759 525/643/2760
f 544/662/2761 537/655/2762 534/652/2763
f 534/652/2764 535/653/2765 544/662/2766
f 540/658/2767 538/656/2768 537/655/2769
f 537/655/2770 544/662/2771 540/658/2772
f 498/616/2773 495/613/2774 492/610/2775
f 492/610/2776 493/611/2777 498/616/2778
f 531/649/2779 532/650/2780 528/646/2781
f 528/646/2782 529/647/2783 531/649/2784
f 528/646/2785 532/650/2786 497/688/2787
f 497/688/2788 498/686/2789 528/646/2790
f 525/643/2791 529/647/2792 527/645/2793
f 527/645/2794 529/647/2795 524/642/2796
f 501/619/2797 568/699/2798 499/617/2799
f 6/18/2800 9/15/2801 3/7/2802
f 3/7/2803 11/1/2804 6/18/2805
