# This file uses feet as units for non-parametric coordinates.

g default
v -0.034748 -178.072693 0.000096
v 7.903490 -168.219589 5.767448
v 9.723699 -168.219589 1.025652
v 8.929144 -168.219589 -3.990973
v 5.732713 -168.219589 -7.938230
v 0.990907 -168.219589 -9.758421
v -4.025724 -168.219589 -8.963881
v -7.972987 -168.219589 -5.767448
v -9.793195 -168.219589 -1.025652
v -8.998641 -168.219589 3.990973
v -5.802221 -168.219589 7.938230
v -1.060414 -168.219589 9.758421
v 3.956228 -168.219589 8.963881
v 8.831501 -174.762177 6.441746
v 10.864493 -174.762177 1.145560
v 9.977052 -174.762177 -4.457547
v 6.406963 -174.762177 -8.866213
v 1.110817 -174.762177 -10.899246
v -4.492278 -174.762177 -10.011821
v -8.900983 -174.762177 -6.441746
v -10.933990 -174.762177 -1.145560
v -10.046548 -174.762177 4.457500
v -6.476459 -174.762177 8.866213
v -1.180313 -174.762177 10.899246
v 4.422782 -174.762177 10.011821
v 5.084185 -177.280579 3.719111
v 6.257939 -177.280579 0.661384
v 5.745574 -177.280579 -2.573551
v 3.684378 -177.280579 -5.118931
v 0.626641 -177.280579 -6.292710
v -2.608309 -177.280579 -5.780314
v -5.153681 -177.280579 -3.719111
v -6.327421 -177.280579 -0.661384
v -5.815070 -177.280579 2.573551
v -3.753875 -177.280579 5.118883
v -0.696137 -177.280579 6.292662
v 2.538813 -177.280579 5.780314
v 5.488840 -168.192261 4.013118
v 6.755382 -168.192261 0.713661
v 6.202512 -168.192261 -2.776969
v 3.978369 -168.192261 -5.523615
v 0.678924 -168.192261 -6.790134
v -2.811750 -168.192261 -6.237228
v -5.558336 -168.192261 -4.013118
v -6.824877 -168.192261 -0.713661
v -6.272009 -168.192261 2.776969
v -4.047875 -168.192261 5.523615
v -0.748428 -168.192261 6.790134
v 2.742254 -168.192261 6.237228
v 4.917890 -166.052612 3.598294
v 6.053511 -166.052612 0.639908
v 5.557793 -166.052612 -2.489946
v 3.563550 -166.052612 -4.952629
v 0.605155 -166.052612 -6.088287
v -2.524702 -166.052612 -5.592537
v -4.987386 -166.052612 -3.598294
v -6.123007 -166.052612 -0.639908
v -5.627290 -166.052612 2.489946
v -3.633053 -166.052612 4.952629
v -0.674657 -166.052612 6.088287
v 2.455206 -166.052612 5.592537
v -0.034748 -166.036255 0.000000
v -10.189528 -172.360275 -7.377861
v -5.140099 -172.360275 -11.466788
v 1.277298 -172.360275 -12.483256
v 7.343143 -172.360275 -10.154782
v 11.432077 -172.360275 -5.105395
v 12.448494 -172.360275 1.312053
v 10.120030 -172.360275 7.377861
v 5.070602 -172.360275 11.466836
v -1.346794 -172.360275 12.483256
v -7.412640 -172.360275 10.154782
v -11.501588 -172.360275 5.105348
v -12.517990 -172.360275 -1.312053
v 1.505565 -187.048920 -1.700236
v 0.905245 -187.048920 -2.090141
v 0.213821 -187.048920 -2.275383
v -0.501012 -187.048920 -2.237933
v -1.169281 -187.048920 -1.981425
v -1.725587 -187.048920 -1.530920
v -2.115471 -187.048920 -0.930567
v -2.300735 -187.048920 -0.239147
v -2.263262 -187.048920 0.475710
v -2.006724 -187.048920 1.143981
v -1.556258 -187.048920 1.700236
v -0.955923 -187.048920 2.090141
v -0.264500 -187.048920 2.275383
v 0.450365 -187.048920 2.237933
v 1.118632 -187.048920 1.981377
v 1.674938 -187.048920 1.530920
v 2.064798 -187.048920 0.930567
v 2.250057 -187.048920 0.239147
v 2.212579 -187.048920 -0.475662
v 1.956087 -187.048920 -1.143933
v 2.886656 -186.088104 -3.234074
v 1.744751 -186.088104 -3.975667
v 0.429558 -186.088104 -4.328074
v -0.930140 -186.088104 -4.256808
v -2.201274 -186.088104 -3.768853
v -3.259432 -186.088104 -2.911991
v -4.000997 -186.088104 -1.770067
v -4.353379 -186.088104 -0.454904
v -4.282136 -186.088104 0.904787
v -3.794187 -186.088104 2.175946
v -2.937312 -186.088104 3.234122
v -1.795393 -186.088104 3.975667
v -0.480221 -186.088104 4.328074
v 0.879462 -186.088104 4.256808
v 2.150631 -186.088104 3.768853
v 3.208760 -186.088104 2.911991
v 3.950315 -186.088104 1.770067
v 4.302732 -186.088104 0.454904
v 4.231463 -186.088104 -0.904787
v 3.743502 -186.088104 -2.175946
v 4.839264 -182.519623 -5.402655
v 2.931642 -182.519623 -6.641481
v 0.734581 -182.519623 -7.230212
v -1.536861 -182.519623 -7.111165
v -3.660346 -182.519623 -6.296058
v -5.428023 -182.519623 -4.864575
v -6.666859 -182.519623 -2.956999
v -7.255533 -182.519623 -0.759912
v -7.136514 -182.519623 1.511502
v -6.321378 -182.519623 3.635027
v -4.889937 -182.519623 5.402702
v -2.982309 -182.519623 6.641529
v -0.785275 -182.519623 7.230212
v 1.486199 -182.519623 7.111165
v 3.609698 -182.519623 6.296058
v 5.377351 -182.519623 4.864623
v 6.616169 -182.519623 2.956999
v 7.204860 -182.519623 0.759912
v 7.085830 -182.519623 -1.511502
v 6.270709 -182.519623 -3.635027
v -0.025324 -187.379990 0.000000
v 7.165538 -182.518433 -7.986250
v 4.345676 -182.518433 -9.817491
v 1.097983 -182.518433 -10.687696
v -2.259659 -182.518433 -10.511732
v -5.398591 -182.518433 -9.306817
v -8.011592 -182.518433 -7.190848
v -9.842829 -182.518433 -4.371024
v -10.713045 -182.518433 -1.123319
v -10.537052 -182.518433 2.234346
v -9.332119 -182.518433 5.373240
v -7.216191 -182.518433 7.986250
v -4.396364 -182.518433 9.817538
v -1.148672 -182.518433 10.687696
v 2.209018 -182.518433 10.511732
v 5.347963 -182.518433 9.306817
v 7.960954 -182.518433 7.190848
v 9.792146 -182.518433 4.371024
v 10.662363 -182.518433 1.123319
v 10.486426 -182.518433 -2.234298
v 9.281481 -182.518433 -5.373287
v -4.561139 -185.364746 5.037526
v -5.895809 -185.364746 3.389376
v -6.655855 -185.364746 1.409338
v -6.766884 -185.364746 -0.708543
v -6.217947 -185.364746 -2.757168
v -5.062866 -185.364746 -4.535796
v -3.414641 -185.364746 -5.870473
v -1.434704 -185.364746 -6.630528
v 0.683242 -185.364746 -6.741540
v 2.731793 -185.364746 -6.192603
v 4.510460 -185.364746 -5.037526
v 5.845130 -185.364746 -3.389328
v 6.605191 -185.364746 -1.409338
v 6.716197 -185.364746 0.708591
v 6.167300 -185.364746 2.757168
v 5.012177 -185.364746 4.535844
v 3.364023 -185.364746 5.870473
v 1.384022 -185.364746 6.630528
v -0.733895 -185.364746 6.741540
v -2.782465 -185.364746 6.192651
v -4.080275 -185.956451 4.503464
v -5.273449 -185.956451 3.029986
v -5.952927 -185.956451 1.259919
v -6.052160 -185.956451 -0.633451
v -5.561416 -185.956451 -2.464835
v -4.528805 -185.956451 -4.054968
v -3.055321 -185.956451 -5.248118
v -1.285286 -185.956451 -5.927581
v 0.608116 -185.956451 -6.026827
v 2.439506 -185.956451 -5.536098
v 4.029597 -185.956451 -4.503464
v 5.222775 -185.956451 -3.030034
v 5.902243 -185.956451 -1.259919
v 6.001503 -185.956451 0.633451
v 5.510760 -185.956451 2.464835
v 4.478127 -185.956451 4.054968
v 3.004686 -185.956451 5.248118
v 1.234613 -185.956451 5.927581
v -0.658765 -185.956451 6.026779
v -2.490179 -185.956451 5.536098
v -2.574901 -185.505005 -4.415984
v -1.085492 -185.505005 -4.987735
v 0.507690 -185.505005 -5.071245
v 2.048680 -185.505005 -4.658287
v 3.386694 -185.505005 -3.789420
v 4.390660 -185.505005 -2.549589
v 4.962417 -185.505005 -1.060184
v 5.045888 -185.505005 0.533010
v 4.632964 -185.505005 2.074022
v 3.764080 -185.505005 3.411999
v 2.524264 -185.505005 4.416032
v 1.034844 -185.505005 4.987735
v -0.558352 -185.505005 5.071245
v -2.099354 -185.505005 4.658287
v -3.437296 -185.505005 3.789420
v -4.441310 -185.505005 2.549589
v -5.013013 -185.505005 1.060184
v -5.096562 -185.505005 -0.533010
v -4.683651 -185.505005 -2.073974
v -3.814745 -185.505005 -3.412047
v 2.604060 -185.825775 -5.905675
v 4.300292 -185.825775 -4.804119
v 5.573153 -185.825775 -3.232304
v 6.297967 -185.825775 -1.344051
v 6.403836 -185.825775 0.675732
v 5.880339 -185.825775 2.629368
v 4.778765 -185.825775 4.325682
v 3.206968 -185.825775 5.598468
v 1.318721 -185.825775 6.323321
v -0.701074 -185.825775 6.429167
v -2.654710 -185.825775 5.905675
v -4.350981 -185.825775 4.804119
v -5.623832 -185.825775 3.232304
v -6.348614 -185.825775 1.344099
v -6.454489 -185.825775 -0.675685
v -5.931028 -185.825775 -2.629368
v -4.829441 -185.825775 -4.325634
v -3.257597 -185.825775 -5.598516
v -1.369405 -185.825775 -6.323321
v 0.650408 -185.825775 -6.429119
v 6.018044 -184.824249 0.635173
v 5.526004 -184.824249 2.471579
v 4.490526 -184.824249 4.066065
v 3.013004 -184.824249 5.262515
v 1.238085 -184.824249 5.943843
v -0.660523 -184.824249 6.043376
v -2.496915 -184.824249 5.551308
v -4.091399 -184.824249 4.515851
v -5.287880 -184.824249 3.038309
v -5.969196 -184.824249 1.263411
v -6.068692 -184.824249 -0.635173
v -5.576633 -184.824249 -2.471627
v -4.541153 -184.824249 -4.066065
v -3.063658 -184.824249 -5.262562
v -1.288723 -184.824249 -5.943891
v 0.609879 -184.824249 -6.043424
v 2.446268 -184.824249 -5.551308
v 4.040715 -184.824249 -4.515851
v 5.237213 -184.824249 -3.038356
v 5.918517 -184.824249 -1.263411
v -2.843129 -183.708710 6.328917
v -0.749509 -183.708710 6.889907
v 1.415057 -183.708710 6.776455
v 3.438597 -183.708710 5.999660
v 5.123023 -183.708710 4.635616
v 6.303558 -183.708710 2.817816
v 6.864531 -183.708710 0.724183
v 6.751084 -183.708710 -1.440379
v 5.974337 -183.708710 -3.463942
v 4.610266 -183.708710 -5.148394
v 2.792446 -183.708710 -6.328869
v 0.698830 -183.708710 -6.889907
v -1.465741 -183.708710 -6.776455
v -3.489229 -183.708710 -5.999708
v -5.173702 -183.708710 -4.635616
v -6.354243 -183.708710 -2.817816
v -6.915219 -183.708710 -0.724183
v -6.801769 -183.708710 1.440332
v -6.024996 -183.708710 3.463942
v -4.660952 -183.708710 5.148346
v 7.709575 -179.129837 -8.590477
v 4.676370 -179.129837 -10.560232
v 1.182973 -179.129837 -11.496299
v -2.428695 -179.129837 -11.307038
v -5.805128 -179.129837 -10.010912
v -8.615799 -179.129837 -7.734859
v -10.585577 -179.129837 -4.701716
v -11.521634 -179.129837 -1.208312
v -11.332330 -179.129837 2.403375
v -10.036242 -179.129837 5.779788
v -7.760222 -179.129837 8.590477
v -4.727057 -179.129837 10.560280
v -1.233667 -179.129837 11.496299
v 2.378053 -179.129837 11.307038
v 5.754501 -179.129837 10.010960
v 8.565171 -179.129837 7.734907
v 10.534910 -179.129837 4.701716
v 11.470958 -179.129837 1.208312
v 11.281709 -179.129837 -2.403327
v 9.985608 -179.129837 -5.779836
v 2.330516 -180.082703 11.083388
v -1.209765 -180.082703 11.268918
v -4.634078 -180.082703 10.351409
v -7.607249 -180.082703 8.420588
v -9.838253 -180.082703 5.665476
v -11.108712 -180.082703 2.355832
v -11.294269 -180.082703 -1.184445
v -10.376723 -180.082703 -4.608736
v -8.445898 -180.082703 -7.581901
v -5.690806 -180.082703 -9.812946
v -2.381165 -180.082703 -11.083388
v 1.159078 -180.082703 -11.268870
v 4.583379 -180.082703 -10.351361
v 7.556601 -180.082703 -8.420588
v 9.787603 -180.082703 -5.665476
v 11.058074 -180.082703 -2.355832
v 11.243580 -180.082703 1.184445
v 10.326040 -180.082703 4.608736
v 8.395260 -180.082703 7.581901
v 5.640184 -180.082703 9.812946
v 2.199254 -181.024323 10.465816
v -1.143762 -181.024323 10.641064
v -4.377286 -181.024323 9.774635
v -7.184776 -181.024323 7.951430
v -9.291471 -181.024323 5.349803
v -10.491146 -181.024323 2.224589
v -10.666363 -181.024323 -1.118393
v -9.799953 -181.024323 -4.351892
v -7.976712 -181.024323 -7.159472
v -5.375124 -181.024323 -9.266162
v -2.249884 -181.024323 -10.465816
v 1.093081 -181.024323 -10.640967
v 4.326589 -181.024323 -9.774588
v 7.134146 -181.024323 -7.951383
v 9.240843 -181.024323 -5.349803
v 10.440520 -181.024323 -2.224541
v 10.615675 -181.024323 1.118440
v 9.749260 -181.024323 4.351940
v 7.926074 -181.024323 7.159425
v 5.324497 -181.024323 9.266162
v 11.946062 -179.068542 -3.201024
v 10.710535 -179.068542 -6.183803
v 8.745121 -179.068542 -8.745205
v 6.183707 -179.068542 -10.710655
v 3.200904 -179.068542 -11.946134
v -0.000036 -179.068542 -12.367605
v -3.200988 -179.068542 -11.946181
v -6.183791 -179.068542 -10.710655
v -8.745205 -179.068542 -8.745205
v -10.710619 -179.068542 -6.183850
v -11.946145 -179.068542 -3.201024
v -12.367569 -179.068542 -0.000048
v -11.946145 -179.068542 3.200880
v -10.710643 -179.068542 6.183707
v -8.745205 -179.068542 8.745110
v -6.183815 -179.068542 10.710511
v -3.200988 -179.068542 11.946037
v -0.000036 -179.068542 12.367462
v 3.200904 -179.068542 11.946037
v 6.183731 -179.068542 10.710511
v 8.745121 -179.068542 8.745110
v 10.710559 -179.068542 6.183707
v 11.946086 -179.068542 3.200880
v 12.367486 -179.068542 -0.000048
v 16.554367 -147.640976 -27.318184
v 15.380959 -147.640976 -27.995638
v -15.381031 -147.640976 -27.995638
v -16.554440 -147.640976 -27.318184
v -31.935457 -147.640976 -0.677550
v -31.935457 -147.640976 0.677454
v -16.554499 -147.640976 27.318089
v -15.381006 -147.640976 27.995590
v 15.380936 -147.640976 27.995590
v 16.572746 -147.532684 27.193779
v 31.935375 -147.640976 0.677359
v 31.935375 -147.640976 -0.677550
v 16.554367 -145.251343 -27.318184
v 15.380959 -145.251343 -27.995638
v -15.381031 -145.251343 -27.995638
v -16.554440 -145.251343 -27.318184
v -31.935457 -145.251343 -0.677550
v -31.935457 -145.251343 0.677454
v -16.554499 -145.251343 27.318089
v -15.381006 -145.251343 27.995590
v 15.380936 -145.251343 27.995590
v 16.625191 -145.251343 27.154655
v 31.829241 -145.251343 0.820368
v 31.935375 -145.251343 -0.677550
v 3.177408 -179.339767 -11.858415
v 6.138305 -179.339767 -10.631975
v 8.680899 -179.339767 -8.681019
v 10.631904 -179.339767 -6.138412
v 11.858343 -179.339767 -3.177492
v 12.276658 -179.339767 -0.000048
v 11.858367 -179.339767 3.177396
v 10.631904 -179.339767 6.138317
v 8.680899 -179.339767 8.680875
v 6.138317 -179.339767 10.631880
v 3.177408 -179.339767 11.858318
v -0.000036 -179.339767 12.276634
v -3.177492 -179.339767 11.858318
v -6.138401 -179.339767 10.631880
v -8.680983 -179.339767 8.680875
v -10.631988 -179.339767 6.138317
v -11.858426 -179.339767 3.177396
v -12.276741 -179.339767 -0.000048
v -11.858426 -179.339767 -3.177492
v -10.631988 -179.339767 -6.138412
v -8.680983 -179.339767 -8.681019
v -6.138389 -179.339767 -10.631975
v -3.177492 -179.339767 -11.858415
v -0.000036 -179.339767 -12.276730
v 13.596783 -177.653625 3.018986
v 13.596759 -177.653625 -3.019081
v 9.462214 -177.549179 10.377858
v 4.256366 -177.549179 13.383451
v -4.307579 -177.475571 13.453091
v -9.497023 -177.475571 10.456921
v -13.919308 -177.377213 2.983401
v -13.919308 -177.377213 -2.983544
v -9.718938 -177.005386 -10.962333
v -4.634193 -177.005386 -13.898047
v 4.558826 -177.113770 -13.795502
v 9.667701 -177.113770 -10.845868
v 2.881631 -179.334839 -10.754610
v 5.566920 -179.334839 -9.642292
v 7.872828 -179.334839 -7.872942
v 9.642210 -179.334839 -5.567044
v 10.754497 -179.334839 -2.881715
v 11.133876 -179.334839 -0.000048
v 10.754519 -179.334839 2.881620
v 9.642233 -179.334839 5.566900
v 7.872828 -179.334839 7.872799
v 5.566931 -179.334839 9.642196
v 2.881631 -179.334839 10.754466
v -0.000036 -179.334839 11.133848
v -2.881715 -179.334839 10.754466
v -5.567015 -179.334839 9.642196
v -7.872912 -179.334839 7.872799
v -9.642317 -179.334839 5.566900
v -10.754580 -179.334839 2.881620
v -11.133960 -179.334839 -0.000048
v -10.754580 -179.334839 -2.881715
v -9.642294 -179.334839 -5.567044
v -7.872912 -179.334839 -7.872942
v -5.567003 -179.334839 -9.642292
v -2.881715 -179.334839 -10.754610
v -0.000036 -179.334839 -11.133992
v 16.450756 -148.425842 -28.319443
v -16.299963 -148.425842 -28.406540
v -32.750805 -148.425842 -0.087193
v -16.299963 -148.425842 28.406588
v 16.375360 -148.425842 28.362968
v 32.750805 -148.425842 -0.000096
v 14.624765 -179.423126 -0.000096
v 7.372570 -179.313293 12.769658
v -7.415072 -179.235840 12.843124
v -14.943464 -179.132385 -0.000048
v -7.582463 -178.741241 -13.372499
v 7.727122 -178.855255 -13.144640
v 9.237592 -174.593170 -2.516108
v 6.797729 -174.593170 -6.742066
v 2.439815 -174.593170 -9.258127
v -2.439899 -174.593170 -9.258127
v -6.797824 -174.593170 -6.742066
v -9.237675 -174.593170 -2.516108
v -9.237675 -174.593170 2.516013
v -6.797824 -174.593170 6.741923
v -2.439899 -174.593170 9.257983
v 2.439815 -174.593170 9.257983
v 6.797740 -174.593170 6.741923
v 9.237603 -174.593170 2.516013
v 13.526880 -146.929092 -21.583498
v 11.928293 -146.929092 -22.506413
v -11.928377 -146.929092 -22.506413
v -13.526952 -146.929092 -21.583498
v -25.455280 -146.929092 -0.923010
v -25.455280 -146.929092 0.922914
v -13.526964 -146.929092 21.583355
v -11.928341 -146.929092 22.506317
v 11.928269 -146.929092 22.506317
v 13.526892 -146.929092 21.583355
v 25.455208 -146.929092 0.922819
v 25.455208 -146.929092 -0.923010
v -0.000039 -174.545334 -0.000096
v 14.864357 -144.712433 23.988356
v 13.418707 -144.712433 24.875923
v 13.709929 -144.570923 -25.338959
v 15.089117 -144.570923 -24.542698
v 28.915592 -144.540787 -0.791958
v 28.858917 -144.540787 0.868150
v -15.065708 -144.583954 -24.498217
v -13.683229 -144.583954 -25.296391
v -28.367434 -144.682724 0.812572
v -28.367434 -144.682724 -0.812716
v -13.739866 -144.556427 25.386406
v -15.115435 -144.556427 24.592201
v -0.709880 -172.653046 -11.737837
v -2.063290 -171.938812 -11.202435
v -2.579640 -170.783142 -10.337682
v -2.061702 -169.627472 -9.473885
v -0.707311 -168.913239 -8.940970
v 0.966202 -168.913239 -8.942549
v 2.319613 -169.627472 -9.477902
v 2.835962 -170.783142 -10.342656
v 2.318024 -171.938812 -11.206453
v 0.963633 -172.653046 -11.739367
v -0.695672 -167.358398 -11.802502
v -2.026971 -168.060455 -12.326281
v -2.536078 -169.196411 -13.175346
v -2.028532 -170.332397 -14.025369
v -0.698197 -171.034454 -14.551635
v 0.946782 -171.034454 -14.553165
v 2.278080 -170.332397 -14.029339
v 2.787187 -169.196411 -13.180273
v 2.279641 -168.060455 -12.330251
v 0.949307 -167.358398 -11.803985
v 0.125555 -169.196411 -13.177834
v -1.221777 -165.231079 -23.537468
v -2.047956 -164.404846 -22.918797
v -2.047255 -163.383560 -22.155010
v -1.219940 -162.557312 -21.537868
v 0.117981 -162.241699 -21.303076
v 1.455468 -162.557312 -21.540356
v 2.281647 -163.383560 -22.159029
v 2.280946 -164.404846 -22.922768
v 1.453632 -165.231079 -23.539955
v 0.115711 -165.546692 -23.774750
v -0.917133 -164.428009 -24.200239
v -1.554784 -163.790314 -23.722759
v -1.554243 -163.002075 -23.133263
v -0.915715 -162.364365 -22.656933
v 0.116904 -162.120773 -22.475706
v 1.149188 -162.364365 -22.658844
v 1.786840 -163.002075 -23.136326
v 1.786298 -163.790314 -23.725821
v 1.147770 -164.428009 -24.202152
v 0.115152 -164.671600 -24.383377
v -0.409893 -163.735748 -24.153175
v 0.115723 -163.210800 -23.761070
v -0.734296 -163.411316 -23.910252
v -0.734021 -163.010300 -23.610313
v -0.409172 -162.685867 -23.368010
v 0.116169 -162.561951 -23.275795
v 0.641339 -162.685867 -23.368967
v 0.965743 -163.010300 -23.611891
v 0.965467 -163.411316 -23.911781
v 0.640618 -163.735748 -24.154133
v 0.115277 -163.859665 -24.246300
v -1.212170 -167.287598 -13.078348
v -2.039485 -168.113846 -13.695490
v -2.040187 -169.135147 -14.459276
v -1.214007 -169.961395 -15.077948
v 0.123481 -170.276978 -15.315182
v 1.461401 -169.961395 -15.080387
v 2.288716 -169.135147 -14.463246
v 2.289417 -168.113846 -13.699460
v 1.463238 -167.287598 -13.080788
v 0.125751 -166.972000 -12.843554
v -0.836529 -167.812500 -13.092123
v -1.431517 -168.406738 -13.535979
v -1.432022 -169.141220 -14.085251
v -0.837850 -169.735443 -14.530207
v 0.124045 -169.962418 -14.700814
v 1.086251 -169.735443 -14.531977
v 1.681239 -169.141220 -14.088121
v 1.681744 -168.406738 -13.538849
v 1.087572 -167.812500 -13.093893
v 0.125677 -167.585526 -12.923286
v 0.126828 -168.498398 -11.669871
v -0.714356 -168.696823 -11.817472
v -1.234510 -169.216293 -12.205463
v -1.234951 -169.858398 -12.685670
v -0.715512 -170.377899 -13.074666
v 0.125401 -170.576324 -13.223845
v 0.966586 -170.377884 -13.076197
v 1.486739 -169.858398 -12.688205
v 1.487180 -169.216293 -12.207998
v 0.967741 -168.696823 -11.819003
v 9.792953 -172.653046 -6.453608
v 8.652608 -171.938812 -7.357964
v 7.645514 -170.783142 -7.372791
v 7.156363 -169.627472 -6.492350
v 7.372074 -168.913239 -5.052975
v 8.210235 -168.913239 -3.604416
v 9.350533 -169.627472 -2.700012
v 10.357627 -170.783142 -2.685233
v 10.846682 -171.938812 -3.565675
v 10.631067 -172.653046 -5.005050
v 9.856089 -167.358398 -6.473600
v 9.644013 -168.060455 -7.888487
v 10.124746 -169.196411 -8.753910
v 11.114669 -170.332397 -8.739370
v 12.235597 -171.034454 -7.850415
v 13.059456 -171.034454 -6.426537
v 13.271436 -170.332397 -5.011698
v 12.790655 -169.196411 -4.146275
v 11.800733 -168.060455 -4.160814
v 10.679852 -167.358398 -5.049818
v 11.457748 -169.196411 -6.450068
v 19.755798 -165.231079 -12.796730
v 18.806911 -164.404846 -13.202896
v 18.145767 -163.383560 -12.820405
v 18.024998 -162.557312 -11.795376
v 18.490616 -162.241699 -10.519290
v 19.364841 -162.557312 -9.479624
v 20.313726 -163.383560 -9.073458
v 20.974823 -164.404846 -9.455949
v 21.095640 -165.231079 -10.481026
v 20.630022 -165.546692 -11.757113
v 20.482037 -164.428009 -12.864264
v 19.749771 -163.790314 -13.177786
v 19.239479 -163.002075 -12.882536
v 19.146214 -162.364365 -12.091438
v 19.505602 -162.120773 -11.106538
v 20.180330 -162.364365 -10.304106
v 20.912693 -163.002075 -9.990633
v 21.422935 -163.790314 -10.285835
v 21.516203 -164.428009 -11.076980
v 21.156815 -164.671600 -12.061880
v 20.694925 -163.735748 -12.401468
v 20.618208 -163.210800 -11.750225
v 20.322384 -163.411316 -12.560931
v 20.062767 -163.010300 -12.410748
v 20.015368 -162.685867 -12.008264
v 20.198124 -162.561951 -11.507204
v 20.541393 -162.685867 -11.098981
v 20.913984 -163.010300 -10.939518
v 21.173553 -163.411316 -11.089702
v 21.221048 -163.735748 -11.492186
v 21.038149 -163.859665 -11.993197
v 10.702715 -167.287598 -7.558847
v 10.823532 -168.113846 -8.583925
v 11.484629 -169.135147 -8.966415
v 12.433514 -169.961395 -8.560249
v 13.307690 -170.276978 -7.520584
v 13.773309 -169.961395 -6.244498
v 13.652539 -169.135147 -5.219420
v 12.991395 -168.113846 -4.836977
v 12.042509 -167.287598 -5.243144
v 11.168381 -166.972000 -6.282762
v 10.902451 -167.812500 -7.240400
v 10.989356 -168.406738 -7.977641
v 11.464779 -169.141220 -8.252707
v 12.147207 -169.735443 -7.960613
v 12.775924 -169.962418 -7.212898
v 13.110777 -169.735443 -6.295197
v 13.023871 -169.141220 -5.557956
v 12.548496 -168.406738 -5.282938
v 11.866019 -167.812500 -5.574984
v 11.237350 -167.585526 -6.322747
v 10.152439 -168.498398 -5.695035
v 9.859676 -168.696823 -6.497324
v 9.935629 -169.216293 -7.141776
v 10.351265 -169.858398 -7.382261
v 10.947840 -170.377899 -7.126901
v 11.497495 -170.576324 -6.473218
v 11.790257 -170.377884 -5.670929
v 11.714305 -169.858398 -5.026477
v 11.298668 -169.216293 -4.785991
v 10.702045 -168.696823 -5.041304
v 0.640383 -172.653046 11.737837
v 1.993793 -171.938812 11.202435
v 2.510144 -170.783142 10.337682
v 1.992205 -169.627472 9.473885
v 0.637814 -168.913239 8.940970
v -1.035699 -168.913239 8.942549
v -2.389109 -169.627472 9.477902
v -2.905459 -170.783142 10.342656
v -2.387521 -171.938812 11.206453
v -1.033131 -172.653046 11.739367
v 0.626175 -167.358398 11.802502
v 1.957474 -168.060455 12.326281
v 2.466581 -169.196411 13.175346
v 1.959035 -170.332397 14.025369
v 0.628700 -171.034454 14.551635
v -1.016279 -171.034454 14.553165
v -2.347577 -170.332397 14.029339
v -2.856684 -169.196411 13.180273
v -2.349138 -168.060455 12.330251
v -1.018804 -167.358398 11.803985
v -0.195052 -169.196411 13.177834
v 1.152280 -165.231079 23.537468
v 1.978460 -164.404846 22.918797
v 1.977758 -163.383560 22.155010
v 1.150443 -162.557312 21.537868
v -0.187478 -162.241699 21.303076
v -1.524965 -162.557312 21.540356
v -2.351144 -163.383560 22.159029
v -2.350443 -164.404846 22.922768
v -1.523129 -165.231079 23.539955
v -0.185208 -165.546692 23.774750
v 0.847636 -164.428009 24.200239
v 1.485287 -163.790314 23.722759
v 1.484746 -163.002075 23.133263
v 0.846218 -162.364365 22.656933
v -0.186401 -162.120773 22.475706
v -1.218685 -162.364365 22.658844
v -1.856336 -163.002075 23.136326
v -1.855795 -163.790314 23.725821
v -1.217267 -164.428009 24.202152
v -0.184649 -164.671600 24.383377
v 0.340396 -163.735748 24.153175
v -0.185220 -163.210800 23.761070
v 0.664799 -163.411316 23.910252
v 0.664524 -163.010300 23.610313
v 0.339675 -162.685867 23.368010
v -0.185666 -162.561951 23.275795
v -0.710836 -162.685867 23.368967
v -1.035240 -163.010300 23.611891
v -1.034964 -163.411316 23.911781
v -0.710115 -163.735748 24.154133
v -0.184774 -163.859665 24.246300
v 1.142673 -167.287598 13.078348
v 1.969988 -168.113846 13.695490
v 1.970690 -169.135147 14.459276
v 1.144510 -169.961395 15.077948
v -0.192978 -170.276978 15.315182
v -1.530899 -169.961395 15.080387
v -2.358212 -169.135147 14.463246
v -2.358914 -168.113846 13.699460
v -1.532735 -167.287598 13.080788
v -0.195248 -166.972000 12.843554
v 0.767032 -167.812500 13.092123
v 1.362020 -168.406738 13.535979
v 1.362525 -169.141220 14.085251
v 0.768353 -169.735443 14.530207
v -0.193542 -169.962418 14.700814
v -1.155748 -169.735443 14.531977
v -1.750736 -169.141220 14.088121
v -1.751240 -168.406738 13.538849
v -1.157068 -167.812500 13.093893
v -0.195174 -167.585526 12.923286
v -0.196325 -168.498398 11.669871
v 0.644859 -168.696823 11.817472
v 1.165013 -169.216293 12.205463
v 1.165454 -169.858398 12.685670
v 0.646015 -170.377899 13.074666
v -0.194898 -170.576324 13.223845
v -1.036083 -170.377884 13.076197
v -1.556236 -169.858398 12.688205
v -1.556677 -169.216293 12.207998
v -1.037238 -168.696823 11.819003
v -9.862450 -172.653046 6.453608
v -8.722103 -171.938812 7.357964
v -7.715010 -170.783142 7.372791
v -7.225860 -169.627472 6.492350
v -7.441570 -168.913239 5.052975
v -8.279731 -168.913239 3.604416
v -9.420029 -169.627472 2.700012
v -10.427122 -170.783142 2.685233
v -10.916178 -171.938812 3.565675
v -10.700562 -172.653046 5.005050
v -9.925585 -167.358398 6.473600
v -9.713510 -168.060455 7.888487
v -10.194242 -169.196411 8.753910
v -11.184165 -170.332397 8.739370
v -12.305092 -171.034454 7.850415
v -13.128952 -171.034454 6.426537
v -13.340931 -170.332397 5.011698
v -12.860151 -169.196411 4.146275
v -11.870228 -168.060455 4.160814
v -10.749349 -167.358398 5.049818
v -11.527245 -169.196411 6.450068
v -19.825294 -165.231079 12.796730
v -18.876408 -164.404846 13.202896
v -18.215263 -163.383560 12.820405
v -18.094494 -162.557312 11.795376
v -18.560112 -162.241699 10.519290
v -19.434338 -162.557312 9.479624
v -20.383223 -163.383560 9.073458
v -21.044319 -164.404846 9.455949
v -21.165136 -165.231079 10.481026
v -20.699516 -165.546692 11.757113
v -20.551533 -164.428009 12.864264
v -19.819267 -163.790314 13.177786
v -19.308975 -163.002075 12.882536
v -19.215710 -162.364365 12.091438
v -19.575098 -162.120773 11.106538
v -20.249826 -162.364365 10.304106
v -20.982189 -163.002075 9.990633
v -21.492432 -163.790314 10.285835
v -21.585699 -164.428009 11.076980
v -21.226309 -164.671600 12.061880
v -20.764421 -163.735748 12.401468
v -20.687704 -163.210800 11.750225
v -20.391880 -163.411316 12.560931
v -20.132261 -163.010300 12.410748
v -20.084864 -162.685867 12.008264
v -20.267618 -162.561951 11.507204
v -20.610889 -162.685867 11.098981
v -20.983480 -163.010300 10.939518
v -21.243050 -163.411316 11.089702
v -21.290545 -163.735748 11.492186
v -21.107645 -163.859665 11.993197
v -10.772211 -167.287598 7.558847
v -10.893028 -168.113846 8.583925
v -11.554125 -169.135147 8.966415
v -12.503010 -169.961395 8.560249
v -13.377186 -170.276978 7.520584
v -13.842804 -169.961395 6.244498
v -13.722035 -169.135147 5.219420
v -13.060891 -168.113846 4.836977
v -12.112005 -167.287598 5.243144
v -11.237877 -166.972000 6.282762
v -10.971947 -167.812500 7.240400
v -11.058852 -168.406738 7.977641
v -11.534275 -169.141220 8.252707
v -12.216703 -169.735443 7.960613
v -12.845420 -169.962418 7.212898
v -13.180273 -169.735443 6.295197
v -13.093367 -169.141220 5.557956
v -12.617991 -168.406738 5.282938
v -11.935515 -167.812500 5.574984
v -11.306847 -167.585526 6.322747
v -10.221935 -168.498398 5.695035
v -9.929172 -168.696823 6.497324
v -10.005125 -169.216293 7.141776
v -10.420761 -169.858398 7.382261
v -11.017336 -170.377899 7.126901
v -11.566991 -170.576324 6.473218
v -11.859754 -170.377884 5.670929
v -11.783801 -169.858398 5.026477
v -11.368164 -169.216293 4.785991
v -10.771542 -168.696823 5.041304
v -10.537584 -172.653046 -5.284229
v -10.750616 -171.938812 -3.844424
v -10.259888 -170.783142 -2.964890
v -9.252842 -169.627472 -2.981535
v -8.114121 -168.913239 -3.888044
v -7.278735 -168.913239 -5.338133
v -7.065655 -169.627472 -6.777890
v -7.556384 -170.783142 -7.657423
v -8.563430 -171.938812 -7.640779
v -9.702150 -172.653046 -6.734270
v -10.586466 -167.358398 -5.328854
v -11.705767 -168.060455 -4.437794
v -12.695595 -169.196411 -4.421436
v -13.177954 -170.332397 -5.285999
v -12.968556 -171.034454 -6.701268
v -12.147375 -171.034454 -8.126581
v -11.028074 -170.332397 -9.017641
v -10.038198 -169.196411 -9.033998
v -9.555840 -168.060455 -8.169436
v -9.765285 -167.358398 -6.754167
v -11.366897 -169.196411 -6.727765
v -21.012297 -165.231079 -10.740740
v -20.889614 -164.404846 -9.715900
v -20.227800 -163.383560 -9.334606
v -19.279680 -162.557312 -9.742542
v -18.407417 -162.241699 -10.783786
v -17.944143 -162.557312 -12.060732
v -18.066826 -163.383560 -13.085571
v -18.728592 -164.404846 -13.466818
v -19.676760 -165.231079 -13.058929
v -20.549023 -165.546692 -12.017686
v -21.433960 -164.428009 -11.335927
v -21.339258 -163.790314 -10.544974
v -20.828489 -163.002075 -10.250681
v -20.096701 -162.364365 -10.565493
v -19.423456 -162.120773 -11.369168
v -19.065931 -162.364365 -12.354739
v -19.160633 -163.002075 -13.145693
v -19.671354 -163.790314 -13.439986
v -20.403143 -164.428009 -13.125126
v -21.076389 -164.671600 -12.321498
v -21.139572 -163.735748 -11.751659
v -20.537209 -163.210800 -12.010846
v -21.091408 -163.411316 -11.349319
v -20.831503 -163.010300 -11.199566
v -20.459248 -162.685867 -11.359746
v -20.116741 -162.561951 -11.768591
v -19.934847 -162.685867 -12.269985
v -19.982964 -163.010300 -12.672374
v -20.242819 -163.411316 -12.822079
v -20.615170 -163.735748 -12.661947
v -20.957628 -163.859665 -12.253101
v -11.949649 -167.287598 -5.519502
v -12.897721 -168.113846 -5.111613
v -13.559584 -169.135147 -5.492861
v -13.682265 -169.961395 -6.517699
v -13.218943 -170.276978 -7.794646
v -12.346680 -169.961395 -8.835890
v -11.398560 -169.135147 -9.243778
v -10.736746 -168.113846 -8.862483
v -10.614063 -167.287598 -7.837692
v -11.077338 -166.972000 -6.560745
v -11.773733 -167.812500 -5.851724
v -12.455635 -168.406738 -5.558339
v -12.931537 -169.141220 -5.832544
v -13.019830 -169.735443 -6.569594
v -12.686603 -169.962418 -7.487916
v -12.059321 -169.735443 -8.236780
v -11.377419 -169.141220 -8.530165
v -10.901470 -168.406738 -8.255911
v -10.813225 -167.812500 -7.518862
v -11.146403 -167.585526 -6.600539
v -10.060344 -168.498398 -5.974836
v -10.608803 -168.696823 -5.320149
v -11.204851 -169.216293 -5.063688
v -11.620966 -169.858398 -5.303409
v -11.698114 -170.377899 -5.947765
v -11.406834 -170.576324 -6.750628
v -10.858376 -170.377884 -7.405267
v -10.262327 -169.858398 -7.661776
v -9.846212 -169.216293 -7.422055
v -9.769015 -168.696823 -6.777699
v 10.468088 -172.653046 5.284229
v 10.681120 -171.938812 3.844424
v 10.190392 -170.783142 2.964890
v 9.183346 -169.627472 2.981535
v 8.044625 -168.913239 3.888044
v 7.209239 -168.913239 5.338133
v 6.996160 -169.627472 6.777890
v 7.486888 -170.783142 7.657423
v 8.493934 -171.938812 7.640779
v 9.632654 -172.653046 6.734270
v 10.516970 -167.358398 5.328854
v 11.636271 -168.060455 4.437794
v 12.626099 -169.196411 4.421436
v 13.108458 -170.332397 5.285999
v 12.899060 -171.034454 6.701268
v 12.077879 -171.034454 8.126581
v 10.958578 -170.332397 9.017641
v 9.968702 -169.196411 9.033998
v 9.486344 -168.060455 8.169436
v 9.695788 -167.358398 6.754167
v 11.297400 -169.196411 6.727765
v 20.942801 -165.231079 10.740740
v 20.820118 -164.404846 9.715900
v 20.158306 -163.383560 9.334606
v 19.210184 -162.557312 9.742542
v 18.337921 -162.241699 10.783786
v 17.874647 -162.557312 12.060732
v 17.997330 -163.383560 13.085571
v 18.659096 -164.404846 13.466818
v 19.607264 -165.231079 13.058929
v 20.479527 -165.546692 12.017686
v 21.364464 -164.428009 11.335927
v 21.269762 -163.790314 10.544974
v 20.758993 -163.002075 10.250681
v 20.027205 -162.364365 10.565493
v 19.353960 -162.120773 11.369168
v 18.996435 -162.364365 12.354739
v 19.091137 -163.002075 13.145693
v 19.601860 -163.790314 13.439986
v 20.333647 -164.428009 13.125126
v 21.006893 -164.671600 12.321498
v 21.070076 -163.735748 11.751659
v 20.467712 -163.210800 12.010846
v 21.021912 -163.411316 11.349319
v 20.762007 -163.010300 11.199566
v 20.389751 -162.685867 11.359746
v 20.047245 -162.561951 11.768591
v 19.865351 -162.685867 12.269985
v 19.913467 -163.010300 12.672374
v 20.173325 -163.411316 12.822079
v 20.545673 -163.735748 12.661947
v 20.888132 -163.859665 12.253101
v 11.880153 -167.287598 5.519502
v 12.828225 -168.113846 5.111613
v 13.490088 -169.135147 5.492861
v 13.612769 -169.961395 6.517699
v 13.149446 -170.276978 7.794646
v 12.277184 -169.961395 8.835890
v 11.329063 -169.135147 9.243778
v 10.667250 -168.113846 8.862483
v 10.544567 -167.287598 7.837692
v 11.007842 -166.972000 6.560745
v 11.704237 -167.812500 5.851724
v 12.386139 -168.406738 5.558339
v 12.862041 -169.141220 5.832544
v 12.950334 -169.735443 6.569594
v 12.617106 -169.962418 7.487916
v 11.989825 -169.735443 8.236780
v 11.307923 -169.141220 8.530165
v 10.831974 -168.406738 8.255911
v 10.743729 -167.812500 7.518862
v 11.076908 -167.585526 6.600539
v 9.990848 -168.498398 5.974836
v 10.539307 -168.696823 5.320149
v 11.135355 -169.216293 5.063688
v 11.551470 -169.858398 5.303409
v 11.628618 -170.377899 5.947765
v 11.337338 -170.576324 6.750628
v 10.788879 -170.377884 7.405267
v 10.192831 -169.858398 7.661776
v 9.776716 -169.216293 7.422055
v 9.699519 -168.696823 6.777699
v 3.530668 -168.994751 -6.282362
v 3.530668 -168.994751 -4.643447
v 4.950009 -168.994751 -5.462904
v -0.553592 0.000000 -1.055534
v 0.265865 0.000000 0.363808
v 1.085322 0.000000 -1.055534
v 3.530668 -168.994751 4.113715
v 3.530668 -168.994751 5.752629
v 4.950009 -168.994751 4.933172
v 0.734173 0.000000 0.415778
v 0.734173 0.000000 2.054693
v 2.153515 0.000000 1.235235
v -7.181156 -168.994751 -1.312671
v -7.181156 -168.994751 0.326243
v -5.761814 -168.994751 -0.493214
v -1.118193 0.000000 0.326663
v -1.118193 0.000000 1.965578
v 0.301148 0.000000 1.146121
vt 0.761325 0.918492
vt 0.801090 0.905769
vt 0.077011 0.211765
vt 0.077017 0.253951
vt 0.830131 0.874654
vt 0.076999 0.169579
vt 0.840115 0.833693
vt 0.076987 0.127393
vt 0.827637 0.792741
vt 0.076967 0.085207
vt 0.076959 0.043021
vt 0.754034 0.753800
vt 0.076950 0.507066
vt 0.713072 0.766801
vt 0.076959 0.464880
vt 0.684126 0.799114
vt 0.076967 0.422694
vt 0.675377 0.841014
vt 0.076987 0.380509
vt 0.688901 0.880932
vt 0.076999 0.338322
vt 0.720570 0.909278
vt 0.077011 0.296137
vt 0.759573 0.879203
vt 0.780399 0.872589
vt 0.796032 0.856402
vt 0.800908 0.834845
vt 0.793899 0.813574
vt 0.755762 0.793942
vt 0.734361 0.800560
vt 0.719589 0.816910
vt 0.714447 0.838722
vt 0.721296 0.859720
vt 0.738289 0.874472
vt 0.757682 0.836402
vt 0.852033 0.127435
vt 0.852041 0.158823
vt 0.831030 0.158823
vt 0.831018 0.127435
vt 0.852040 0.096048
vt 0.831024 0.096048
vt 0.852062 0.064660
vt 0.831050 0.064660
vt 0.831067 0.033273
vt 0.295748 0.774471
vt 0.831079 0.378537
vt 0.852079 0.347149
vt 0.831067 0.347149
vt 0.831050 0.315761
vt 0.852062 0.315761
vt 0.852040 0.284374
vt 0.831024 0.284374
vt 0.852033 0.252986
vt 0.831018 0.252986
vt 0.852041 0.221598
vt 0.831030 0.221598
vt 0.852049 0.190211
vt 0.831035 0.190211
vt 0.314463 0.579059
vt 0.314462 0.603486
vt 0.314466 0.554633
vt 0.314463 0.530207
vt 0.124394 0.043751
vt 0.314457 0.750045
vt 0.314463 0.725618
vt 0.314465 0.701191
vt 0.314463 0.676765
vt 0.314462 0.652339
vt 0.314461 0.627912
vt 0.167645 0.054708
vt 0.116843 0.085207
vt 0.795911 0.763096
vt 0.116834 0.043021
vt 0.777754 0.798659
vt 0.852079 0.033272
vt 0.116827 0.000835
vt 0.314457 0.505780
vt 0.852090 0.001885
vt 0.116886 0.211765
vt 0.179780 0.097642
vt 0.314454 0.481353
vt 0.752917 0.729536
vt 0.662791 0.788187
vt 0.699661 0.746180
vt 0.651291 0.842357
vt 0.668577 0.893976
vt 0.709822 0.930507
vt 0.762408 0.942754
vt 0.813668 0.925899
vt 0.851520 0.885895
vt 0.864196 0.832914
vt 0.847959 0.779964
vt 0.807474 0.741388
vt 0.831079 0.001885
vt 0.076950 0.000835
vt 0.199622 0.085822
vt 0.210894 0.065665
vt 0.210579 0.042572
vt 0.198759 0.022731
vt 0.178602 0.011458
vt 0.155508 0.011773
vt 0.135667 0.023594
vt 0.116874 0.169579
vt 0.314454 0.774471
vt 0.124710 0.066844
vt 0.136530 0.086685
vt 0.156687 0.097958
vt 0.116861 0.127393
vt 0.295755 0.603486
vt 0.295755 0.627912
vt 0.295755 0.652339
vt 0.295758 0.676765
vt 0.295760 0.701191
vt 0.295757 0.725618
vt 0.295751 0.750045
vt 0.295748 0.481354
vt 0.852089 0.378537
vt 0.295751 0.505780
vt 0.295757 0.530207
vt 0.295760 0.554633
vt 0.295757 0.579059
vt 0.116894 0.253950
vt 0.116886 0.296137
vt 0.116874 0.338322
vt 0.116861 0.380509
vt 0.116843 0.422694
vt 0.116834 0.464880
vt 0.116827 0.507066
vt 0.568739 0.819470
vt 0.572193 0.823259
vt 0.558478 0.832035
vt 0.564335 0.816842
vt 0.559339 0.815753
vt 0.554265 0.816288
vt 0.549618 0.818373
vt 0.545853 0.821788
vt 0.543331 0.826191
vt 0.542289 0.831149
vt 0.542822 0.836182
vt 0.544873 0.840804
vt 0.548244 0.844571
vt 0.552609 0.847120
vt 0.557548 0.848206
vt 0.562585 0.847721
vt 0.567235 0.845708
vt 0.571045 0.842356
vt 0.573638 0.837984
vt 0.574751 0.833015
vt 0.574260 0.827936
vt 0.580139 0.805507
vt 0.587179 0.813673
vt 0.570729 0.800242
vt 0.560214 0.798153
vt 0.549650 0.799411
vt 0.540053 0.803835
vt 0.532324 0.810959
vt 0.527176 0.820072
vt 0.525076 0.830294
vt 0.526204 0.840647
vt 0.530441 0.850143
vt 0.537376 0.857882
vt 0.546346 0.863129
vt 0.556497 0.865380
vt 0.566866 0.864415
vt 0.576462 0.860313
vt 0.584362 0.853445
vt 0.589795 0.844448
vt 0.592210 0.834160
vt 0.591329 0.823558
vt 0.585300 0.799186
vt 0.594118 0.809344
vt 0.573584 0.792578
vt 0.560520 0.790046
vt 0.547449 0.791670
vt 0.535606 0.797192
vt 0.526085 0.806026
vt 0.519753 0.817300
vt 0.517182 0.829929
vt 0.518592 0.842709
vt 0.523831 0.854430
vt 0.532395 0.863983
vt 0.543468 0.870463
vt 0.556000 0.873252
vt 0.568804 0.872076
vt 0.580663 0.867031
vt 0.590442 0.858572
vt 0.597193 0.847476
vt 0.600235 0.834768
vt 0.599212 0.821636
vt 0.799785 0.064547
vt 0.799774 0.043283
vt 0.825680 0.043283
vt 0.825691 0.064547
vt 0.799766 0.022019
vt 0.825672 0.022019
vt 0.799761 0.000755
vt 0.825666 0.000755
vt 0.799761 0.426038
vt 0.799766 0.404774
vt 0.825672 0.404774
vt 0.825666 0.426038
vt 0.799774 0.383510
vt 0.825680 0.383510
vt 0.799785 0.362246
vt 0.825691 0.362246
vt 0.799799 0.340982
vt 0.825706 0.340981
vt 0.799808 0.319717
vt 0.825716 0.319717
vt 0.799806 0.298453
vt 0.825715 0.298453
vt 0.799799 0.277189
vt 0.825707 0.277189
vt 0.799795 0.255925
vt 0.825698 0.255925
vt 0.799788 0.234661
vt 0.825697 0.234661
vt 0.799790 0.213396
vt 0.825695 0.213396
vt 0.799787 0.192132
vt 0.825697 0.192132
vt 0.799795 0.170868
vt 0.825698 0.170868
vt 0.799799 0.149604
vt 0.825707 0.149604
vt 0.799806 0.128340
vt 0.825715 0.128340
vt 0.799808 0.107076
vt 0.825716 0.107076
vt 0.799799 0.085811
vt 0.825706 0.085811
vt 0.188307 0.827521
vt 0.174141 0.827531
vt 0.174141 0.818741
vt 0.188307 0.818731
vt 0.159975 0.827537
vt 0.159975 0.818747
vt 0.145809 0.827541
vt 0.145809 0.818752
vt 0.429127 0.827541
vt 0.414960 0.827537
vt 0.414961 0.818747
vt 0.429127 0.818752
vt 0.400795 0.827531
vt 0.400795 0.818741
vt 0.386629 0.827521
vt 0.386629 0.818731
vt 0.372463 0.827518
vt 0.372463 0.818727
vt 0.358297 0.827521
vt 0.358297 0.818731
vt 0.344131 0.827525
vt 0.344131 0.818735
vt 0.329966 0.827527
vt 0.329966 0.818737
vt 0.315799 0.827527
vt 0.315799 0.818737
vt 0.301633 0.827527
vt 0.301633 0.818738
vt 0.287468 0.827527
vt 0.287468 0.818738
vt 0.273302 0.827527
vt 0.273302 0.818737
vt 0.259136 0.827527
vt 0.259136 0.818737
vt 0.244971 0.827527
vt 0.244971 0.818736
vt 0.230804 0.827524
vt 0.230804 0.818735
vt 0.216638 0.827520
vt 0.216638 0.818731
vt 0.202472 0.827518
vt 0.202472 0.818727
vt 0.347299 0.877771
vt 0.332127 0.877771
vt 0.332127 0.870728
vt 0.347300 0.870728
vt 0.362471 0.877770
vt 0.362471 0.870728
vt 0.377643 0.877771
vt 0.377643 0.870727
vt 0.392815 0.877769
vt 0.392815 0.870727
vt 0.407987 0.877768
vt 0.407987 0.870725
vt 0.423159 0.877772
vt 0.423159 0.870729
vt 0.438331 0.877775
vt 0.438331 0.870732
vt 0.150065 0.877772
vt 0.134893 0.877775
vt 0.134893 0.870731
vt 0.150065 0.870729
vt 0.165237 0.877768
vt 0.165237 0.870725
vt 0.180408 0.877769
vt 0.180408 0.870727
vt 0.195580 0.877770
vt 0.195580 0.870727
vt 0.210752 0.877771
vt 0.210752 0.870728
vt 0.225925 0.877771
vt 0.225924 0.870728
vt 0.241096 0.877771
vt 0.241096 0.870728
vt 0.256268 0.877771
vt 0.256268 0.870728
vt 0.271440 0.877771
vt 0.271440 0.870728
vt 0.286612 0.877771
vt 0.286612 0.870728
vt 0.301783 0.877771
vt 0.301783 0.870728
vt 0.316955 0.877771
vt 0.316955 0.870728
vt 0.329966 0.815649
vt 0.344131 0.815646
vt 0.358297 0.815642
vt 0.372463 0.815638
vt 0.386629 0.815642
vt 0.400795 0.815652
vt 0.414961 0.815659
vt 0.429127 0.815663
vt 0.145809 0.815663
vt 0.159975 0.815659
vt 0.174141 0.815652
vt 0.188306 0.815642
vt 0.202472 0.815638
vt 0.216638 0.815642
vt 0.230804 0.815646
vt 0.244970 0.815649
vt 0.259136 0.815649
vt 0.273302 0.815649
vt 0.287468 0.815649
vt 0.301633 0.815649
vt 0.315799 0.815649
vt 0.188306 0.811423
vt 0.174141 0.811435
vt 0.202472 0.811420
vt 0.216638 0.811424
vt 0.230804 0.811429
vt 0.244970 0.811430
vt 0.259136 0.811431
vt 0.273302 0.811431
vt 0.287468 0.811431
vt 0.301633 0.811431
vt 0.315799 0.811431
vt 0.329966 0.811430
vt 0.344131 0.811429
vt 0.358297 0.811424
vt 0.372463 0.811420
vt 0.386629 0.811423
vt 0.400795 0.811435
vt 0.414961 0.811441
vt 0.429127 0.811445
vt 0.159975 0.811441
vt 0.145809 0.811445
vt 0.221518 0.656455
vt 0.233635 0.656456
vt 0.233633 0.672463
vt 0.221517 0.672463
vt 0.221519 0.640448
vt 0.233635 0.640448
vt 0.221518 0.624440
vt 0.233635 0.624440
vt 0.221518 0.608432
vt 0.233633 0.608432
vt 0.221515 0.592423
vt 0.233633 0.592424
vt 0.221514 0.576416
vt 0.233630 0.576416
vt 0.221513 0.560408
vt 0.233629 0.560408
vt 0.221514 0.544400
vt 0.233631 0.544400
vt 0.221518 0.528392
vt 0.233635 0.528392
vt 0.221522 0.512384
vt 0.233639 0.512384
vt 0.221525 0.496377
vt 0.233642 0.496377
vt 0.221526 0.480369
vt 0.233643 0.480368
vt 0.221525 0.784518
vt 0.233642 0.784519
vt 0.233643 0.800526
vt 0.221526 0.800527
vt 0.221522 0.768510
vt 0.233639 0.768510
vt 0.221518 0.752503
vt 0.233635 0.752502
vt 0.221514 0.736495
vt 0.233631 0.736495
vt 0.221513 0.720486
vt 0.233629 0.720487
vt 0.221514 0.704479
vt 0.233630 0.704479
vt 0.221515 0.688471
vt 0.233633 0.688471
vt 0.243841 0.656456
vt 0.243840 0.672463
vt 0.243841 0.640448
vt 0.243841 0.624440
vt 0.243840 0.608432
vt 0.243838 0.592424
vt 0.243836 0.576416
vt 0.243835 0.560408
vt 0.243837 0.544400
vt 0.243841 0.528392
vt 0.243845 0.512384
vt 0.243848 0.496376
vt 0.243850 0.480369
vt 0.243848 0.784518
vt 0.243850 0.800526
vt 0.243845 0.768510
vt 0.243841 0.752502
vt 0.243837 0.736495
vt 0.243835 0.720486
vt 0.243836 0.704479
vt 0.243838 0.688471
vt 0.008590 0.080777
vt 0.008595 0.054797
vt 0.021981 0.054797
vt 0.021976 0.080777
vt 0.008601 0.028817
vt 0.021987 0.028817
vt 0.008603 0.002837
vt 0.021989 0.002837
vt 0.008603 0.522442
vt 0.008601 0.496462
vt 0.021987 0.496462
vt 0.021989 0.522442
vt 0.008595 0.470481
vt 0.021981 0.470481
vt 0.008590 0.444501
vt 0.021976 0.444501
vt 0.008583 0.418520
vt 0.021969 0.418520
vt 0.008576 0.392540
vt 0.021961 0.392540
vt 0.008576 0.366560
vt 0.021961 0.366560
vt 0.008581 0.340580
vt 0.021967 0.340580
vt 0.008585 0.314599
vt 0.021971 0.314600
vt 0.008587 0.288619
vt 0.021973 0.288619
vt 0.008588 0.262639
vt 0.021973 0.262639
vt 0.008587 0.236659
vt 0.021973 0.236659
vt 0.008586 0.210678
vt 0.021971 0.210678
vt 0.008581 0.184698
vt 0.021967 0.184698
vt 0.008576 0.158718
vt 0.021962 0.158718
vt 0.008576 0.132738
vt 0.021961 0.132738
vt 0.008583 0.106758
vt 0.021969 0.106758
vt 0.031432 0.288619
vt 0.031433 0.262639
vt 0.039594 0.262639
vt 0.039594 0.288619
vt 0.031431 0.314600
vt 0.039592 0.314599
vt 0.031427 0.340580
vt 0.039588 0.340580
vt 0.031421 0.366560
vt 0.039582 0.366560
vt 0.031421 0.392540
vt 0.039581 0.392540
vt 0.031429 0.418520
vt 0.039590 0.418520
vt 0.031437 0.444501
vt 0.039599 0.444501
vt 0.031441 0.470481
vt 0.039602 0.470481
vt 0.031447 0.496462
vt 0.039609 0.496462
vt 0.031449 0.522442
vt 0.039610 0.522442
vt 0.031447 0.028817
vt 0.031449 0.002837
vt 0.039610 0.002837
vt 0.039608 0.028817
vt 0.031441 0.054797
vt 0.039602 0.054797
vt 0.031437 0.080777
vt 0.039599 0.080777
vt 0.031429 0.106758
vt 0.039590 0.106758
vt 0.031421 0.132738
vt 0.039581 0.132738
vt 0.031421 0.158718
vt 0.039582 0.158718
vt 0.031427 0.184698
vt 0.039588 0.184698
vt 0.031431 0.210678
vt 0.039592 0.210678
vt 0.031432 0.236659
vt 0.039594 0.236659
vt 0.947034 0.357838
vt 0.946279 0.331236
vt 0.971659 0.349032
vt 0.972914 0.329687
vt 0.999238 0.332228
vt 0.997491 0.358570
vt 0.911677 0.031337
vt 0.911115 0.004110
vt 0.936535 0.023540
vt 0.937451 0.001611
vt 0.963637 0.004217
vt 0.962877 0.031300
vt 0.890499 0.362088
vt 0.889625 0.338933
vt 0.916104 0.353183
vt 0.916327 0.336167
vt 0.942948 0.339630
vt 0.941468 0.362755
vt 0.741703 0.377567
vt 0.741154 0.355158
vt 0.768323 0.368633
vt 0.768557 0.352233
vt 0.795214 0.356536
vt 0.793494 0.378406
vt 0.433562 0.332224
vt 0.432495 0.311273
vt 0.459241 0.322972
vt 0.459264 0.307352
vt 0.486021 0.311352
vt 0.484892 0.332300
vt 0.766793 0.680885
vt 0.755835 0.680767
vt 0.762047 0.656830
vt 0.752541 0.660383
vt 0.770736 0.660790
vt 0.449670 0.618455
vt 0.458813 0.614658
vt 0.454280 0.638993
vt 0.466698 0.638611
vt 0.469132 0.618986
vt 0.117166 0.687685
vt 0.140610 0.686802
vt 0.121873 0.730740
vt 0.156718 0.731771
vt 0.163961 0.689069
vt 0.479204 0.770116
vt 0.477715 0.746703
vt 0.522123 0.764299
vt 0.522252 0.729440
vt 0.479379 0.723302
vt 0.481631 0.120539
vt 0.482968 0.143962
vt 0.438676 0.126078
vt 0.438319 0.160936
vt 0.481153 0.167352
vt 0.167265 0.109184
vt 0.168913 0.132587
vt 0.124387 0.115294
vt 0.124493 0.150154
vt 0.167409 0.155999
vt 0.579457 0.733984
vt 0.543032 0.758045
vt 0.536033 0.735517
vt 0.531822 0.389249
vt 0.488414 0.387317
vt 0.495620 0.364854
vt 0.845742 0.388969
vt 0.882008 0.364669
vt 0.889552 0.388396
vt 0.172674 0.722502
vt 0.216473 0.723648
vt 0.208618 0.747275
vt 0.797767 0.452711
vt 0.834117 0.428537
vt 0.840234 0.448010
vt 0.679520 0.481503
vt 0.637532 0.475564
vt 0.643330 0.457287
vt 0.253051 0.503330
vt 0.288781 0.480073
vt 0.293979 0.497209
vt 0.167720 0.607578
vt 0.121882 0.624009
vt 0.123810 0.339463
vt 0.165000 0.346776
vt 0.680857 0.744231
vt 0.662012 0.762561
vt 0.644940 0.779166
vt 0.635663 0.760884
vt 0.246909 0.759917
vt 0.294094 0.777988
vt 0.285010 0.798895
vt 0.263356 0.776743
vt 0.000794 0.258188
vt 0.000792 0.235530
vt 0.003244 0.235530
vt 0.003241 0.258213
vt 0.000796 0.280969
vt 0.003238 0.281012
vt 0.000799 0.303873
vt 0.003233 0.303930
vt 0.000801 0.326927
vt 0.003229 0.326992
vt 0.000805 0.350183
vt 0.003224 0.350252
vt 0.000812 0.373723
vt 0.003216 0.373790
vt 0.000821 0.397661
vt 0.003206 0.397719
vt 0.000834 0.422142
vt 0.003192 0.422190
vt 0.000852 0.447360
vt 0.003174 0.447394
vt 0.000874 0.473543
vt 0.003151 0.473561
vt 0.000904 0.500941
vt 0.003126 0.500945
vt 0.000926 0.529769
vt 0.003120 0.529816
vt 0.000820 0.558344
vt 0.003188 0.558671
vt 0.000764 0.021715
vt 0.000825 0.003471
vt 0.003040 0.002262
vt 0.003313 0.021316
vt 0.000762 0.041121
vt 0.003285 0.040756
vt 0.000768 0.061241
vt 0.003278 0.060921
vt 0.000773 0.081944
vt 0.003272 0.081670
vt 0.000777 0.103103
vt 0.003266 0.102874
vt 0.000781 0.124622
vt 0.003262 0.124439
vt 0.000783 0.146424
vt 0.003257 0.146286
vt 0.000785 0.168449
vt 0.003254 0.168352
vt 0.000787 0.190653
vt 0.003251 0.190594
vt 0.000790 0.213018
vt 0.003247 0.212990
vt 0.856414 0.026507
vt 0.856578 0.007390
vt 0.882555 0.017959
vt 0.883219 0.002405
vt 0.909325 0.008723
vt 0.908410 0.027437
vt 0.126619 0.321906
vt 0.601871 0.785121
vt 0.597707 0.792334
vt 0.578136 0.784228
vt 0.580292 0.776182
vt 0.620402 0.799340
vt 0.614513 0.805230
vt 0.634622 0.817871
vt 0.627408 0.822036
vt 0.643560 0.839451
vt 0.635515 0.841606
vt 0.646609 0.862609
vt 0.638280 0.862609
vt 0.643560 0.885767
vt 0.635515 0.883611
vt 0.634622 0.907346
vt 0.627409 0.903182
vt 0.620402 0.925877
vt 0.614513 0.919988
vt 0.601872 0.940096
vt 0.597707 0.932884
vt 0.580292 0.949035
vt 0.578136 0.940990
vt 0.557134 0.952084
vt 0.557134 0.943755
vt 0.533976 0.949035
vt 0.536132 0.940990
vt 0.512396 0.940096
vt 0.516560 0.932884
vt 0.493865 0.925877
vt 0.499755 0.919988
vt 0.479646 0.907346
vt 0.486859 0.903182
vt 0.470708 0.885767
vt 0.478753 0.883611
vt 0.467659 0.862609
vt 0.475988 0.862609
vt 0.470708 0.839451
vt 0.478753 0.841606
vt 0.479646 0.817871
vt 0.486859 0.822035
vt 0.493865 0.799340
vt 0.499755 0.805230
vt 0.512396 0.785121
vt 0.516561 0.792334
vt 0.533976 0.776182
vt 0.536132 0.784228
vt 0.557134 0.773133
vt 0.557134 0.781463
vt 0.787497 0.034165
vt 0.789146 0.057568
vt 0.744619 0.040275
vt 0.744727 0.075135
vt 0.787642 0.080980
vt 0.438906 0.215257
vt 0.436979 0.191876
vt 0.481709 0.208637
vt 0.481186 0.173781
vt 0.438204 0.168447
vt 0.693265 0.432934
vt 0.729528 0.408629
vt 0.735355 0.426949
vt 0.334819 0.482066
vt 0.370922 0.457541
vt 0.376198 0.473777
vt 0.692315 0.696397
vt 0.737251 0.712917
vt 0.727930 0.730883
vt 0.711001 0.714491
vt 0.002890 0.872234
vt 0.006200 0.607167
vt 0.019795 0.606755
vt 0.039330 0.871117
vt 0.066601 0.529362
vt 0.053506 0.793954
vt 0.039912 0.793862
vt 0.030170 0.529131
vt 0.748909 0.691605
vt 0.760426 0.691685
vt 0.759413 0.714993
vt 0.749588 0.714922
vt 0.148928 0.672578
vt 0.147385 0.684663
vt 0.120019 0.680874
vt 0.121834 0.670244
vt 0.855135 0.733176
vt 0.872917 0.702376
vt 0.922461 0.751513
vt 0.904679 0.684039
vt 0.940243 0.684038
vt 0.972005 0.702376
vt 0.989787 0.733176
vt 0.989787 0.769851
vt 0.972005 0.800650
vt 0.940243 0.818988
vt 0.904679 0.818988
vt 0.872917 0.800651
vt 0.855135 0.769851
vt 0.629309 0.479670
vt 0.586824 0.475134
vt 0.592865 0.455637
vt 0.385611 0.654971
vt 0.427444 0.662003
vt 0.421800 0.679470
vt 0.385894 0.391222
vt 0.402598 0.376431
vt 0.424590 0.356959
vt 0.429869 0.374998
vt 0.879381 0.310752
vt 0.870647 0.314723
vt 0.888609 0.314647
vt 0.875215 0.334799
vt 0.887345 0.334658
vt 0.380563 0.761708
vt 0.335534 0.745475
vt 0.370622 0.779383
vt 0.354271 0.763582
vt 0.144991 0.627487
vt 0.125156 0.644861
vt 0.762584 0.716568
vt 0.763151 0.694031
vt 0.774035 0.693401
vt 0.774641 0.716295
vt 0.077526 0.541622
vt 0.091120 0.541762
vt 0.099709 0.806564
vt 0.063275 0.806174
vt 0.962043 0.659305
vt 0.967695 0.635212
vt 0.973090 0.659589
vt 0.977137 0.639161
vt 0.582226 0.470535
vt 0.537405 0.453708
vt 0.546848 0.435806
vt 0.563971 0.452614
vt 0.532169 0.652714
vt 0.513749 0.670466
vt 0.496473 0.687116
vt 0.487194 0.669128
vt 0.958811 0.638904
vt 0.459480 0.910052
vt 0.445887 0.910154
vt 0.432495 0.645566
vt 0.468928 0.645295
vt 0.148418 0.668017
vt 0.124695 0.668285
vt 0.124984 0.656756
vt 0.148664 0.658208
vt 0.932292 0.333581
vt 0.936873 0.308269
vt 0.942529 0.333730
vt 0.946144 0.313932
vt 0.844693 0.652432
vt 0.889624 0.668964
vt 0.880298 0.686928
vt 0.862790 0.669965
vt 0.175072 0.459049
vt 0.193396 0.441754
vt 0.211125 0.425021
vt 0.220215 0.443106
vt 0.929269 0.314033
vt 0.048016 0.864619
vt 0.048247 0.828184
vt 0.312858 0.841278
vt 0.312772 0.854872
vt 0.903016 0.324987
vt 0.902296 0.300915
vt 0.913845 0.300989
vt 0.912819 0.325050
vt 0.906152 0.666697
vt 0.911774 0.642618
vt 0.917208 0.666965
vt 0.921238 0.646528
vt 0.795854 0.716170
vt 0.840729 0.732852
vt 0.831344 0.750784
vt 0.811803 0.731725
vt 0.913985 0.267095
vt 0.913013 0.293881
vt 0.903268 0.293881
vt 0.902296 0.267093
vt 0.902879 0.646297
vt 0.970166 0.054860
vt 0.983765 0.054863
vt 0.995072 0.319643
vt 0.958625 0.319627
vt 0.632248 0.743118
vt 0.616360 0.758736
vt 0.596893 0.777872
vt 0.587437 0.759976
vt 0.006334 0.585635
vt 0.018834 0.585581
vt 0.447016 0.935852
vt 0.458744 0.935763
vt 0.078185 0.515426
vt 0.090416 0.515149
vt 0.338097 0.854115
vt 0.338171 0.842359
vt 0.970978 0.032466
vt 0.982952 0.032467
vt 0.052371 0.820083
vt 0.040674 0.820002
vt 0.490114 0.135012
vt 0.489783 0.122820
vt 0.514407 0.122255
vt 0.514732 0.134239
vt 0.489554 0.110625
vt 0.514182 0.110268
vt 0.489429 0.098429
vt 0.514059 0.098280
vt 0.489407 0.086232
vt 0.514037 0.086292
vt 0.489487 0.074036
vt 0.514116 0.074303
vt 0.489671 0.061841
vt 0.514297 0.062316
vt 0.489958 0.049647
vt 0.514578 0.050330
vt 0.490347 0.037457
vt 0.514961 0.038347
vt 0.490839 0.025270
vt 0.515445 0.026368
vt 0.491435 0.013088
vt 0.516031 0.014394
vt 0.502679 0.864913
vt 0.491175 0.880531
vt 0.484192 0.870786
vt 0.502551 0.884311
vt 0.513977 0.880681
vt 0.521087 0.871029
vt 0.521166 0.859041
vt 0.514184 0.849296
vt 0.502807 0.845516
vt 0.491381 0.849145
vt 0.484271 0.858797
vt 0.603114 0.886767
vt 0.606423 0.881887
vt 0.608897 0.884736
vt 0.609026 0.888364
vt 0.606923 0.891431
vt 0.603451 0.892778
vt 0.599705 0.891714
vt 0.597491 0.888808
vt 0.597234 0.885143
vt 0.599310 0.882019
vt 0.602911 0.880947
vt 0.614709 0.869432
vt 0.622905 0.879671
vt 0.614874 0.882515
vt 0.610067 0.876587
vt 0.623494 0.892330
vt 0.615263 0.890068
vt 0.616114 0.903362
vt 0.610917 0.896503
vt 0.603996 0.907621
vt 0.603674 0.899155
vt 0.591488 0.904140
vt 0.596144 0.896980
vt 0.583339 0.893954
vt 0.591385 0.890925
vt 0.582724 0.881007
vt 0.591074 0.883248
vt 0.590124 0.870271
vt 0.595469 0.876929
vt 0.602272 0.865942
vt 0.602694 0.874494
vt 0.407356 0.062829
vt 0.407356 0.053594
vt 0.478304 0.053594
vt 0.478304 0.062829
vt 0.407356 0.072724
vt 0.478304 0.072724
vt 0.407356 0.082763
vt 0.478304 0.082763
vt 0.407356 0.092641
vt 0.478304 0.092641
vt 0.407356 0.102774
vt 0.478304 0.102774
vt 0.407356 0.113351
vt 0.478304 0.113351
vt 0.407356 0.022610
vt 0.407356 0.012748
vt 0.478304 0.012748
vt 0.478304 0.022610
vt 0.407356 0.032518
vt 0.478304 0.032518
vt 0.478304 0.042526
vt 0.407356 0.042526
vt 0.402062 0.062813
vt 0.402062 0.053676
vt 0.402062 0.071893
vt 0.402062 0.081187
vt 0.402062 0.090089
vt 0.402062 0.098842
vt 0.402062 0.107275
vt 0.402062 0.026698
vt 0.402062 0.018318
vt 0.402062 0.035551
vt 0.402062 0.044635
vt 0.388629 0.062958
vt 0.388629 0.054225
vt 0.388629 0.071584
vt 0.388629 0.080200
vt 0.388629 0.088610
vt 0.388629 0.096412
vt 0.388629 0.103803
vt 0.388629 0.029054
vt 0.388629 0.021173
vt 0.388629 0.037176
vt 0.388629 0.045532
vt 0.490114 0.135012
vt 0.489783 0.122820
vt 0.514407 0.122255
vt 0.514732 0.134239
vt 0.489554 0.110625
vt 0.514182 0.110268
vt 0.489429 0.098429
vt 0.514059 0.098280
vt 0.489407 0.086232
vt 0.514037 0.086292
vt 0.489487 0.074036
vt 0.514116 0.074303
vt 0.489671 0.061841
vt 0.514297 0.062316
vt 0.489958 0.049647
vt 0.514578 0.050330
vt 0.490347 0.037457
vt 0.514961 0.038347
vt 0.490839 0.025270
vt 0.515445 0.026368
vt 0.491435 0.013088
vt 0.516031 0.014394
vt 0.502679 0.864913
vt 0.491175 0.880531
vt 0.484192 0.870786
vt 0.502551 0.884311
vt 0.513977 0.880681
vt 0.521087 0.871029
vt 0.521166 0.859041
vt 0.514184 0.849296
vt 0.502807 0.845516
vt 0.491381 0.849145
vt 0.484271 0.858797
vt 0.603114 0.886767
vt 0.606423 0.881887
vt 0.608897 0.884736
vt 0.609026 0.888364
vt 0.606923 0.891431
vt 0.603451 0.892778
vt 0.599705 0.891714
vt 0.597491 0.888808
vt 0.597234 0.885143
vt 0.599310 0.882019
vt 0.602911 0.880947
vt 0.614709 0.869432
vt 0.622905 0.879671
vt 0.614874 0.882515
vt 0.610067 0.876587
vt 0.623494 0.892330
vt 0.615263 0.890068
vt 0.616114 0.903362
vt 0.610917 0.896503
vt 0.603996 0.907621
vt 0.603674 0.899155
vt 0.591488 0.904140
vt 0.596144 0.896980
vt 0.583339 0.893954
vt 0.591385 0.890925
vt 0.582724 0.881007
vt 0.591074 0.883248
vt 0.590124 0.870271
vt 0.595469 0.876929
vt 0.602272 0.865942
vt 0.602694 0.874494
vt 0.407356 0.062829
vt 0.407356 0.053594
vt 0.478304 0.053594
vt 0.478304 0.062829
vt 0.407356 0.072724
vt 0.478304 0.072724
vt 0.407356 0.082763
vt 0.478304 0.082763
vt 0.407356 0.092641
vt 0.478304 0.092641
vt 0.407356 0.102774
vt 0.478304 0.102774
vt 0.407356 0.113351
vt 0.478304 0.113351
vt 0.407356 0.022610
vt 0.407356 0.012748
vt 0.478304 0.012748
vt 0.478304 0.022610
vt 0.407356 0.032518
vt 0.478304 0.032518
vt 0.478304 0.042526
vt 0.407356 0.042526
vt 0.402062 0.062813
vt 0.402062 0.053676
vt 0.402062 0.071893
vt 0.402062 0.081187
vt 0.402062 0.090089
vt 0.402062 0.098842
vt 0.402062 0.107275
vt 0.402062 0.026698
vt 0.402062 0.018318
vt 0.402062 0.035551
vt 0.402062 0.044635
vt 0.388629 0.062958
vt 0.388629 0.054225
vt 0.388629 0.071584
vt 0.388629 0.080200
vt 0.388629 0.088610
vt 0.388629 0.096412
vt 0.388629 0.103803
vt 0.388629 0.029054
vt 0.388629 0.021173
vt 0.388629 0.037176
vt 0.388629 0.045532
vt 0.490114 0.135012
vt 0.489783 0.122820
vt 0.514407 0.122255
vt 0.514732 0.134239
vt 0.489554 0.110625
vt 0.514182 0.110268
vt 0.489429 0.098429
vt 0.514059 0.098280
vt 0.489407 0.086232
vt 0.514037 0.086292
vt 0.489487 0.074036
vt 0.514116 0.074303
vt 0.489671 0.061841
vt 0.514297 0.062316
vt 0.489958 0.049647
vt 0.514578 0.050330
vt 0.490347 0.037457
vt 0.514961 0.038347
vt 0.490839 0.025270
vt 0.515445 0.026368
vt 0.491435 0.013088
vt 0.516031 0.014394
vt 0.502679 0.864913
vt 0.491175 0.880531
vt 0.484192 0.870786
vt 0.502551 0.884311
vt 0.513977 0.880681
vt 0.521087 0.871029
vt 0.521166 0.859041
vt 0.514184 0.849296
vt 0.502807 0.845516
vt 0.491381 0.849145
vt 0.484271 0.858797
vt 0.603114 0.886767
vt 0.606423 0.881887
vt 0.608897 0.884736
vt 0.609026 0.888364
vt 0.606923 0.891431
vt 0.603451 0.892778
vt 0.599705 0.891714
vt 0.597491 0.888808
vt 0.597234 0.885143
vt 0.599310 0.882019
vt 0.602911 0.880947
vt 0.614709 0.869432
vt 0.622905 0.879671
vt 0.614874 0.882515
vt 0.610067 0.876587
vt 0.623494 0.892330
vt 0.615263 0.890068
vt 0.616114 0.903362
vt 0.610917 0.896503
vt 0.603996 0.907621
vt 0.603674 0.899155
vt 0.591488 0.904140
vt 0.596144 0.896980
vt 0.583339 0.893954
vt 0.591385 0.890925
vt 0.582724 0.881007
vt 0.591074 0.883248
vt 0.590124 0.870271
vt 0.595469 0.876929
vt 0.602272 0.865942
vt 0.602694 0.874494
vt 0.407356 0.062829
vt 0.407356 0.053594
vt 0.478304 0.053594
vt 0.478304 0.062829
vt 0.407356 0.072724
vt 0.478304 0.072724
vt 0.407356 0.082763
vt 0.478304 0.082763
vt 0.407356 0.092641
vt 0.478304 0.092641
vt 0.407356 0.102774
vt 0.478304 0.102774
vt 0.407356 0.113351
vt 0.478304 0.113351
vt 0.407356 0.022610
vt 0.407356 0.012748
vt 0.478304 0.012748
vt 0.478304 0.022610
vt 0.407356 0.032518
vt 0.478304 0.032518
vt 0.478304 0.042526
vt 0.407356 0.042526
vt 0.402062 0.062813
vt 0.402062 0.053676
vt 0.402062 0.071893
vt 0.402062 0.081187
vt 0.402062 0.090089
vt 0.402062 0.098842
vt 0.402062 0.107275
vt 0.402062 0.026698
vt 0.402062 0.018318
vt 0.402062 0.035551
vt 0.402062 0.044635
vt 0.388629 0.062958
vt 0.388629 0.054225
vt 0.388629 0.071584
vt 0.388629 0.080200
vt 0.388629 0.088610
vt 0.388629 0.096412
vt 0.388629 0.103803
vt 0.388629 0.029054
vt 0.388629 0.021173
vt 0.388629 0.037176
vt 0.388629 0.045532
vt 0.490114 0.135012
vt 0.489783 0.122820
vt 0.514407 0.122255
vt 0.514732 0.134239
vt 0.489554 0.110625
vt 0.514182 0.110268
vt 0.489429 0.098429
vt 0.514059 0.098280
vt 0.489407 0.086232
vt 0.514037 0.086292
vt 0.489487 0.074036
vt 0.514116 0.074303
vt 0.489671 0.061841
vt 0.514297 0.062316
vt 0.489958 0.049647
vt 0.514578 0.050330
vt 0.490347 0.037457
vt 0.514961 0.038347
vt 0.490839 0.025270
vt 0.515445 0.026368
vt 0.491435 0.013088
vt 0.516031 0.014394
vt 0.502679 0.864913
vt 0.491175 0.880531
vt 0.484192 0.870786
vt 0.502551 0.884311
vt 0.513977 0.880681
vt 0.521087 0.871029
vt 0.521166 0.859041
vt 0.514184 0.849296
vt 0.502807 0.845516
vt 0.491381 0.849145
vt 0.484271 0.858797
vt 0.603114 0.886767
vt 0.606423 0.881887
vt 0.608897 0.884736
vt 0.609026 0.888364
vt 0.606923 0.891431
vt 0.603451 0.892778
vt 0.599705 0.891714
vt 0.597491 0.888808
vt 0.597234 0.885143
vt 0.599310 0.882019
vt 0.602911 0.880947
vt 0.614709 0.869432
vt 0.622905 0.879671
vt 0.614874 0.882515
vt 0.610067 0.876587
vt 0.623494 0.892330
vt 0.615263 0.890068
vt 0.616114 0.903362
vt 0.610917 0.896503
vt 0.603996 0.907621
vt 0.603674 0.899155
vt 0.591488 0.904140
vt 0.596144 0.896980
vt 0.583339 0.893954
vt 0.591385 0.890925
vt 0.582724 0.881007
vt 0.591074 0.883248
vt 0.590124 0.870271
vt 0.595469 0.876929
vt 0.602272 0.865942
vt 0.602694 0.874494
vt 0.407356 0.062829
vt 0.407356 0.053594
vt 0.478304 0.053594
vt 0.478304 0.062829
vt 0.407356 0.072724
vt 0.478304 0.072724
vt 0.407356 0.082763
vt 0.478304 0.082763
vt 0.407356 0.092641
vt 0.478304 0.092641
vt 0.407356 0.102774
vt 0.478304 0.102774
vt 0.407356 0.113351
vt 0.478304 0.113351
vt 0.407356 0.022610
vt 0.407356 0.012748
vt 0.478304 0.012748
vt 0.478304 0.022610
vt 0.407356 0.032518
vt 0.478304 0.032518
vt 0.478304 0.042526
vt 0.407356 0.042526
vt 0.402062 0.062813
vt 0.402062 0.053676
vt 0.402062 0.071893
vt 0.402062 0.081187
vt 0.402062 0.090089
vt 0.402062 0.098842
vt 0.402062 0.107275
vt 0.402062 0.026698
vt 0.402062 0.018318
vt 0.402062 0.035551
vt 0.402062 0.044635
vt 0.388629 0.062958
vt 0.388629 0.054225
vt 0.388629 0.071584
vt 0.388629 0.080200
vt 0.388629 0.088610
vt 0.388629 0.096412
vt 0.388629 0.103803
vt 0.388629 0.029054
vt 0.388629 0.021173
vt 0.388629 0.037176
vt 0.388629 0.045532
vt 0.490114 0.135012
vt 0.489783 0.122820
vt 0.514407 0.122255
vt 0.514732 0.134239
vt 0.489554 0.110625
vt 0.514182 0.110268
vt 0.489429 0.098429
vt 0.514059 0.098280
vt 0.489407 0.086232
vt 0.514037 0.086292
vt 0.489487 0.074036
vt 0.514116 0.074303
vt 0.489671 0.061841
vt 0.514297 0.062316
vt 0.489958 0.049647
vt 0.514578 0.050330
vt 0.490347 0.037457
vt 0.514961 0.038347
vt 0.490839 0.025270
vt 0.515445 0.026368
vt 0.491435 0.013088
vt 0.516031 0.014394
vt 0.502679 0.864913
vt 0.491175 0.880531
vt 0.484192 0.870786
vt 0.502551 0.884311
vt 0.513977 0.880681
vt 0.521087 0.871029
vt 0.521166 0.859041
vt 0.514184 0.849296
vt 0.502807 0.845516
vt 0.491381 0.849145
vt 0.484271 0.858797
vt 0.603114 0.886767
vt 0.606423 0.881887
vt 0.608897 0.884736
vt 0.609026 0.888364
vt 0.606923 0.891431
vt 0.603451 0.892778
vt 0.599705 0.891714
vt 0.597491 0.888808
vt 0.597234 0.885143
vt 0.599310 0.882019
vt 0.602911 0.880947
vt 0.614709 0.869432
vt 0.622905 0.879671
vt 0.614874 0.882515
vt 0.610067 0.876587
vt 0.623494 0.892330
vt 0.615263 0.890068
vt 0.616114 0.903362
vt 0.610917 0.896503
vt 0.603996 0.907621
vt 0.603674 0.899155
vt 0.591488 0.904140
vt 0.596144 0.896980
vt 0.583339 0.893954
vt 0.591385 0.890925
vt 0.582724 0.881007
vt 0.591074 0.883248
vt 0.590124 0.870271
vt 0.595469 0.876929
vt 0.602272 0.865942
vt 0.602694 0.874494
vt 0.407356 0.062829
vt 0.407356 0.053594
vt 0.478304 0.053594
vt 0.478304 0.062829
vt 0.407356 0.072724
vt 0.478304 0.072724
vt 0.407356 0.082763
vt 0.478304 0.082763
vt 0.407356 0.092641
vt 0.478304 0.092641
vt 0.407356 0.102774
vt 0.478304 0.102774
vt 0.407356 0.113351
vt 0.478304 0.113351
vt 0.407356 0.022610
vt 0.407356 0.012748
vt 0.478304 0.012748
vt 0.478304 0.022610
vt 0.407356 0.032518
vt 0.478304 0.032518
vt 0.478304 0.042526
vt 0.407356 0.042526
vt 0.402062 0.062813
vt 0.402062 0.053676
vt 0.402062 0.071893
vt 0.402062 0.081187
vt 0.402062 0.090089
vt 0.402062 0.098842
vt 0.402062 0.107275
vt 0.402062 0.026698
vt 0.402062 0.018318
vt 0.402062 0.035551
vt 0.402062 0.044635
vt 0.388629 0.062958
vt 0.388629 0.054225
vt 0.388629 0.071584
vt 0.388629 0.080200
vt 0.388629 0.088610
vt 0.388629 0.096412
vt 0.388629 0.103803
vt 0.388629 0.029054
vt 0.388629 0.021173
vt 0.388629 0.037176
vt 0.388629 0.045532
vt 0.490114 0.135012
vt 0.489783 0.122820
vt 0.514407 0.122255
vt 0.514732 0.134239
vt 0.489554 0.110625
vt 0.514182 0.110268
vt 0.489429 0.098429
vt 0.514059 0.098280
vt 0.489407 0.086232
vt 0.514037 0.086292
vt 0.489487 0.074036
vt 0.514116 0.074303
vt 0.489671 0.061841
vt 0.514297 0.062316
vt 0.489958 0.049647
vt 0.514578 0.050330
vt 0.490347 0.037457
vt 0.514961 0.038347
vt 0.490839 0.025270
vt 0.515445 0.026368
vt 0.491435 0.013088
vt 0.516031 0.014394
vt 0.502679 0.864913
vt 0.491175 0.880531
vt 0.484192 0.870786
vt 0.502551 0.884311
vt 0.513977 0.880681
vt 0.521087 0.871029
vt 0.521166 0.859041
vt 0.514184 0.849296
vt 0.502807 0.845516
vt 0.491381 0.849145
vt 0.484271 0.858797
vt 0.603114 0.886767
vt 0.606423 0.881887
vt 0.608897 0.884736
vt 0.609026 0.888364
vt 0.606923 0.891431
vt 0.603451 0.892778
vt 0.599705 0.891714
vt 0.597491 0.888808
vt 0.597234 0.885143
vt 0.599310 0.882019
vt 0.602911 0.880947
vt 0.614709 0.869432
vt 0.622905 0.879671
vt 0.614874 0.882515
vt 0.610067 0.876587
vt 0.623494 0.892330
vt 0.615263 0.890068
vt 0.616114 0.903362
vt 0.610917 0.896503
vt 0.603996 0.907621
vt 0.603674 0.899155
vt 0.591488 0.904140
vt 0.596144 0.896980
vt 0.583339 0.893954
vt 0.591385 0.890925
vt 0.582724 0.881007
vt 0.591074 0.883248
vt 0.590124 0.870271
vt 0.595469 0.876929
vt 0.602272 0.865942
vt 0.602694 0.874494
vt 0.407356 0.062829
vt 0.407356 0.053594
vt 0.478304 0.053594
vt 0.478304 0.062829
vt 0.407356 0.072724
vt 0.478304 0.072724
vt 0.407356 0.082763
vt 0.478304 0.082763
vt 0.407356 0.092641
vt 0.478304 0.092641
vt 0.407356 0.102774
vt 0.478304 0.102774
vt 0.407356 0.113351
vt 0.478304 0.113351
vt 0.407356 0.022610
vt 0.407356 0.012748
vt 0.478304 0.012748
vt 0.478304 0.022610
vt 0.407356 0.032518
vt 0.478304 0.032518
vt 0.478304 0.042526
vt 0.407356 0.042526
vt 0.402062 0.062813
vt 0.402062 0.053676
vt 0.402062 0.071893
vt 0.402062 0.081187
vt 0.402062 0.090089
vt 0.402062 0.098842
vt 0.402062 0.107275
vt 0.402062 0.026698
vt 0.402062 0.018318
vt 0.402062 0.035551
vt 0.402062 0.044635
vt 0.388629 0.062958
vt 0.388629 0.054225
vt 0.388629 0.071584
vt 0.388629 0.080200
vt 0.388629 0.088610
vt 0.388629 0.096412
vt 0.388629 0.103803
vt 0.388629 0.029054
vt 0.388629 0.021173
vt 0.388629 0.037176
vt 0.388629 0.045532
vt 0.003881 0.991309
vt 0.004127 0.982733
vt 1.001263 0.982733
vt 1.001017 0.991309
vt 0.003848 0.974159
vt 1.000984 0.974158
vt 0.003881 0.965579
vt 1.001017 0.965579
vt 0.003881 0.991309
vt 0.004127 0.982733
vt 1.001263 0.982733
vt 1.001017 0.991309
vt 0.003848 0.974159
vt 1.000984 0.974158
vt 0.003881 0.965579
vt 1.001017 0.965579
vt 0.003881 0.991309
vt 0.004127 0.982733
vt 1.001263 0.982733
vt 1.001017 0.991309
vt 0.003848 0.974159
vt 1.000984 0.974158
vt 0.003881 0.965579
vt 1.001017 0.965579
vn 0.365106 -0.440711 0.820043
vn 0.726213 -0.440711 0.527625
vn 0.406737 -0.000472 0.913545
vn 0.809017 -0.000471 0.587785
vn 0.809017 -0.000471 0.587785
vn 0.726213 -0.440711 0.527625
vn 0.994522 -0.000473 0.104529
vn 0.892731 -0.440711 0.093830
vn 0.994522 -0.000473 0.104529
vn 0.892731 -0.440711 0.093830
vn 0.913545 -0.000475 -0.406737
vn 0.820043 -0.440711 -0.365107
vn 0.913545 -0.000475 -0.406737
vn 0.820043 -0.440711 -0.365107
vn 0.587785 -0.000475 -0.809017
vn 0.527625 -0.440711 -0.726213
vn 0.587785 -0.000475 -0.809017
vn 0.527625 -0.440711 -0.726213
vn 0.104527 -0.000473 -0.994522
vn 0.093830 -0.440711 -0.892731
vn 0.104527 -0.000473 -0.994522
vn 0.093830 -0.440711 -0.892731
vn -0.406738 -0.000471 -0.913545
vn -0.365106 -0.440711 -0.820043
vn -0.406738 -0.000471 -0.913545
vn -0.365106 -0.440711 -0.820043
vn -0.809016 -0.000471 -0.587787
vn -0.726213 -0.440711 -0.527625
vn -0.809016 -0.000471 -0.587787
vn -0.726213 -0.440711 -0.527625
vn -0.994522 -0.000474 -0.104530
vn -0.892731 -0.440711 -0.093830
vn -0.994522 -0.000474 -0.104530
vn -0.892731 -0.440711 -0.093830
vn -0.913546 -0.000476 0.406736
vn -0.820043 -0.440711 0.365106
vn -0.913546 -0.000476 0.406736
vn -0.820043 -0.440711 0.365106
vn -0.587785 -0.000475 0.809017
vn -0.527625 -0.440711 0.726213
vn -0.587785 -0.000475 0.809017
vn -0.527625 -0.440711 0.726213
vn -0.104529 -0.000473 0.994522
vn -0.093830 -0.440711 0.892731
vn -0.104529 -0.000473 0.994522
vn -0.093830 -0.440711 0.892731
vn 0.406737 -0.000472 0.913545
vn 0.365106 -0.440711 0.820043
vn 0.726213 -0.440711 0.527625
vn 0.365106 -0.440711 0.820043
vn 0.468622 -0.815150 0.340474
vn 0.235602 -0.815150 0.529171
vn 0.892731 -0.440711 0.093830
vn 0.726213 -0.440711 0.527625
vn 0.576076 -0.815150 0.060548
vn 0.468622 -0.815150 0.340474
vn 0.820043 -0.440711 -0.365107
vn 0.892731 -0.440711 0.093830
vn 0.529171 -0.815150 -0.235602
vn 0.576076 -0.815150 0.060548
vn 0.527625 -0.440711 -0.726213
vn 0.820043 -0.440711 -0.365107
vn 0.340474 -0.815150 -0.468623
vn 0.529171 -0.815150 -0.235602
vn 0.093830 -0.440711 -0.892731
vn 0.527625 -0.440711 -0.726213
vn 0.060548 -0.815150 -0.576076
vn 0.340474 -0.815150 -0.468623
vn -0.365106 -0.440711 -0.820043
vn 0.093830 -0.440711 -0.892731
vn -0.235602 -0.815150 -0.529171
vn 0.060548 -0.815150 -0.576076
vn -0.726213 -0.440711 -0.527625
vn -0.365106 -0.440711 -0.820043
vn -0.468622 -0.815150 -0.340475
vn -0.235602 -0.815150 -0.529171
vn -0.892731 -0.440711 -0.093830
vn -0.726213 -0.440711 -0.527625
vn -0.576076 -0.815150 -0.060548
vn -0.468622 -0.815150 -0.340475
vn -0.820043 -0.440711 0.365106
vn -0.892731 -0.440711 -0.093830
vn -0.529171 -0.815150 0.235602
vn -0.576076 -0.815150 -0.060548
vn -0.527625 -0.440711 0.726213
vn -0.820043 -0.440711 0.365106
vn -0.340475 -0.815150 0.468622
vn -0.529171 -0.815150 0.235602
vn -0.093830 -0.440711 0.892731
vn -0.527625 -0.440711 0.726213
vn -0.060548 -0.815150 0.576076
vn -0.340475 -0.815150 0.468622
vn 0.365106 -0.440711 0.820043
vn -0.093830 -0.440711 0.892731
vn 0.235602 -0.815150 0.529171
vn -0.060548 -0.815150 0.576076
vn 0.148518 -0.983005 0.107904
vn 0.468622 -0.815150 0.340474
vn 0.235602 -0.815150 0.529171
vn 0.576076 -0.815150 0.060548
vn 0.468622 -0.815150 0.340474
vn 0.148518 -0.983005 0.107904
vn 0.529171 -0.815150 -0.235602
vn 0.576076 -0.815150 0.060548
vn 0.148518 -0.983005 0.107904
vn 0.340474 -0.815150 -0.468623
vn 0.529171 -0.815150 -0.235602
vn 0.148518 -0.983005 0.107904
vn 0.060548 -0.815150 -0.576076
vn 0.340474 -0.815150 -0.468623
vn 0.148518 -0.983005 0.107904
vn -0.235602 -0.815150 -0.529171
vn 0.060548 -0.815150 -0.576076
vn 0.148518 -0.983005 0.107904
vn -0.468622 -0.815150 -0.340475
vn -0.235602 -0.815150 -0.529171
vn 0.148518 -0.983005 0.107904
vn -0.576076 -0.815150 -0.060548
vn -0.468622 -0.815150 -0.340475
vn 0.148518 -0.983005 0.107904
vn -0.529171 -0.815150 0.235602
vn -0.576076 -0.815150 -0.060548
vn 0.148518 -0.983005 0.107904
vn -0.340475 -0.815150 0.468622
vn -0.529171 -0.815150 0.235602
vn 0.148518 -0.983005 0.107904
vn -0.060548 -0.815150 0.576076
vn -0.340475 -0.815150 0.468622
vn 0.148518 -0.983005 0.107904
vn 0.235602 -0.815150 0.529171
vn -0.060548 -0.815150 0.576076
vn 0.148518 -0.983005 0.107904
vn 0.010526 0.999944 0.001105
vn 0.008563 0.999944 0.006220
vn 0.010526 0.999944 0.001105
vn 0.008563 0.999944 0.006220
vn 0.009669 0.999944 -0.004304
vn 0.010526 0.999944 0.001105
vn 0.009669 0.999944 -0.004304
vn 0.010526 0.999944 0.001105
vn 0.006221 0.999944 -0.008562
vn 0.009669 0.999944 -0.004304
vn 0.006221 0.999944 -0.008562
vn 0.009669 0.999944 -0.004304
vn 0.001106 0.999944 -0.010526
vn 0.006221 0.999944 -0.008562
vn 0.001106 0.999944 -0.010526
vn 0.006221 0.999944 -0.008562
vn -0.004305 0.999944 -0.009668
vn 0.001106 0.999944 -0.010526
vn -0.004305 0.999944 -0.009668
vn 0.001106 0.999944 -0.010526
vn -0.008563 0.999944 -0.006219
vn -0.004305 0.999944 -0.009668
vn -0.008563 0.999944 -0.006219
vn -0.004305 0.999944 -0.009668
vn -0.008563 0.999944 -0.006219
vn -0.008563 0.999944 -0.006219
vn -0.010526 0.999944 -0.001104
vn -0.010526 0.999944 -0.001104
vn -0.009669 0.999944 0.004306
vn -0.010526 0.999944 -0.001104
vn -0.009669 0.999944 0.004306
vn -0.010526 0.999944 -0.001104
vn -0.006221 0.999944 0.008565
vn -0.009669 0.999944 0.004306
vn -0.006221 0.999944 0.008565
vn -0.009669 0.999944 0.004306
vn -0.001106 0.999944 0.010527
vn -0.006221 0.999944 0.008565
vn -0.001106 0.999944 0.010527
vn -0.006221 0.999944 0.008565
vn 0.004305 0.999944 0.009668
vn -0.001106 0.999944 0.010527
vn 0.004305 0.999944 0.009668
vn -0.001106 0.999944 0.010527
vn 0.008563 0.999944 0.006220
vn 0.004305 0.999944 0.009668
vn 0.008563 0.999944 0.006220
vn 0.004305 0.999944 0.009668
vn 0.956385 0.274269 0.100520
vn 0.777993 0.274267 0.565247
vn 0.956385 0.274269 0.100520
vn 0.777993 0.274267 0.565247
vn 0.878515 0.274269 -0.391138
vn 0.956385 0.274269 0.100520
vn 0.878515 0.274269 -0.391138
vn 0.956385 0.274269 0.100520
vn 0.565249 0.274271 -0.777991
vn 0.878515 0.274269 -0.391138
vn 0.565249 0.274271 -0.777991
vn 0.878515 0.274269 -0.391138
vn 0.100516 0.274267 -0.956386
vn 0.565249 0.274271 -0.777991
vn 0.100516 0.274267 -0.956386
vn 0.565249 0.274271 -0.777991
vn -0.391143 0.274262 -0.878514
vn 0.100516 0.274267 -0.956386
vn -0.391143 0.274262 -0.878514
vn 0.100516 0.274267 -0.956386
vn -0.777992 0.274267 -0.565249
vn -0.391143 0.274262 -0.878514
vn -0.777992 0.274267 -0.565249
vn -0.391143 0.274262 -0.878514
vn -0.777992 0.274267 -0.565249
vn -0.777992 0.274267 -0.565249
vn -0.956385 0.274269 -0.100522
vn -0.956385 0.274269 -0.100522
vn -0.878515 0.274269 0.391137
vn -0.956385 0.274269 -0.100522
vn -0.878515 0.274269 0.391137
vn -0.956385 0.274269 -0.100522
vn -0.565249 0.274271 0.777991
vn -0.878515 0.274269 0.391137
vn -0.565249 0.274271 0.777991
vn -0.878515 0.274269 0.391137
vn -0.100517 0.274266 0.956386
vn -0.565249 0.274271 0.777991
vn -0.100517 0.274266 0.956386
vn -0.565249 0.274271 0.777991
vn 0.391144 0.274262 0.878514
vn -0.100517 0.274266 0.956386
vn 0.391144 0.274262 0.878514
vn -0.100517 0.274266 0.956386
vn 0.777993 0.274267 0.565247
vn 0.391144 0.274262 0.878514
vn 0.777993 0.274267 0.565247
vn 0.391144 0.274262 0.878514
vn -0.000000 1.000000 0.000001
vn 0.002500 0.999995 0.001820
vn 0.003073 0.999995 0.000324
vn -0.000000 1.000000 0.000001
vn 0.003073 0.999995 0.000324
vn 0.002823 0.999995 -0.001256
vn -0.000000 1.000000 0.000001
vn 0.002823 0.999995 -0.001256
vn 0.001816 0.999995 -0.002504
vn -0.000000 1.000000 0.000001
vn 0.001816 0.999995 -0.002504
vn 0.000323 0.999995 -0.003076
vn -0.000000 1.000000 0.000001
vn 0.000323 0.999995 -0.003076
vn -0.001257 0.999995 -0.002824
vn -0.000000 1.000000 0.000001
vn -0.001257 0.999995 -0.002824
vn -0.002500 0.999995 -0.001812
vn -0.000000 1.000000 0.000001
vn -0.002500 0.999995 -0.001812
vn -0.003073 0.999995 -0.000320
vn -0.000000 1.000000 0.000001
vn -0.003073 0.999995 -0.000320
vn -0.002823 0.999995 0.001256
vn -0.000000 1.000000 0.000001
vn -0.002823 0.999995 0.001256
vn -0.001816 0.999995 0.002503
vn -0.000000 1.000000 0.000001
vn -0.001816 0.999995 0.002503
vn -0.000323 0.999995 0.003073
vn -0.000000 1.000000 0.000001
vn -0.000323 0.999995 0.003073
vn 0.001257 0.999995 0.002826
vn -0.000000 1.000000 0.000001
vn 0.001257 0.999995 0.002826
vn 0.002500 0.999995 0.001820
vn -0.863219 0.496610 -0.090728
vn -0.702205 0.496609 -0.510184
vn -0.994522 -0.000474 -0.104530
vn -0.809016 -0.000471 -0.587787
vn -0.353037 0.496608 -0.792934
vn -0.406738 -0.000471 -0.913545
vn -0.702205 0.496609 -0.510184
vn -0.809016 -0.000471 -0.587787
vn 0.090726 0.496612 -0.863218
vn 0.104527 -0.000473 -0.994522
vn -0.353037 0.496608 -0.792934
vn -0.406738 -0.000471 -0.913545
vn 0.510181 0.496613 -0.702204
vn 0.587785 -0.000475 -0.809017
vn 0.090726 0.496612 -0.863218
vn 0.104527 -0.000473 -0.994522
vn 0.792933 0.496612 -0.353037
vn 0.913545 -0.000475 -0.406737
vn 0.510181 0.496613 -0.702204
vn 0.587785 -0.000475 -0.809017
vn 0.863219 0.496610 0.090729
vn 0.994522 -0.000473 0.104529
vn 0.792933 0.496612 -0.353037
vn 0.913545 -0.000475 -0.406737
vn 0.702205 0.496610 0.510183
vn 0.809017 -0.000471 0.587785
vn 0.863219 0.496610 0.090729
vn 0.994522 -0.000473 0.104529
vn 0.809017 -0.000471 0.587785
vn 0.702205 0.496610 0.510183
vn 0.406737 -0.000472 0.913545
vn 0.353036 0.496612 0.792933
vn -0.090728 0.496614 0.863217
vn -0.104529 -0.000473 0.994522
vn 0.353036 0.496612 0.792933
vn 0.406737 -0.000472 0.913545
vn -0.510182 0.496612 0.702204
vn -0.587785 -0.000475 0.809017
vn -0.090728 0.496614 0.863217
vn -0.104529 -0.000473 0.994522
vn -0.792933 0.496611 0.353036
vn -0.913546 -0.000476 0.406736
vn -0.510182 0.496612 0.702204
vn -0.587785 -0.000475 0.809017
vn -0.863219 0.496610 -0.090728
vn -0.994522 -0.000474 -0.104530
vn -0.792933 0.496611 0.353036
vn -0.913546 -0.000476 0.406736
vn 0.131662 -0.946162 -0.295709
vn 0.216599 -0.946161 -0.240549
vn 0.000001 -1.000000 -0.000004
vn 0.033834 -0.946159 -0.321929
vn 0.131662 -0.946162 -0.295709
vn 0.000001 -1.000000 -0.000004
vn -0.067298 -0.946161 -0.316624
vn 0.033834 -0.946159 -0.321929
vn 0.000001 -1.000000 -0.000004
vn -0.161848 -0.946161 -0.280331
vn -0.067298 -0.946161 -0.316624
vn 0.000001 -1.000000 -0.000004
vn -0.240553 -0.946159 -0.216607
vn -0.161848 -0.946161 -0.280331
vn 0.000001 -1.000000 -0.000004
vn -0.295711 -0.946161 -0.131662
vn -0.240553 -0.946159 -0.216607
vn 0.000001 -1.000000 -0.000004
vn -0.321924 -0.946161 -0.033839
vn -0.295711 -0.946161 -0.131662
vn 0.000001 -1.000000 -0.000004
vn -0.316623 -0.946162 0.067291
vn -0.321924 -0.946161 -0.033839
vn 0.000001 -1.000000 -0.000004
vn -0.280327 -0.946159 0.161862
vn -0.316623 -0.946162 0.067291
vn 0.000001 -1.000000 -0.000004
vn -0.216595 -0.946157 0.240568
vn -0.280327 -0.946159 0.161862
vn 0.000001 -1.000000 -0.000004
vn -0.131659 -0.946163 0.295706
vn -0.216595 -0.946157 0.240568
vn 0.000001 -1.000000 -0.000004
vn -0.033834 -0.946165 0.321912
vn -0.131659 -0.946163 0.295706
vn 0.000001 -1.000000 -0.000004
vn 0.067302 -0.946160 0.316624
vn -0.033834 -0.946165 0.321912
vn 0.000001 -1.000000 -0.000004
vn 0.161849 -0.946163 0.280323
vn 0.067302 -0.946160 0.316624
vn 0.000001 -1.000000 -0.000004
vn 0.240553 -0.946165 0.216578
vn 0.161849 -0.946163 0.280323
vn 0.000001 -1.000000 -0.000004
vn 0.295713 -0.946160 0.131663
vn 0.240553 -0.946165 0.216578
vn 0.000001 -1.000000 -0.000004
vn 0.321923 -0.946161 0.033844
vn 0.295713 -0.946160 0.131663
vn 0.000001 -1.000000 -0.000004
vn 0.316624 -0.946160 -0.067309
vn 0.321923 -0.946161 0.033844
vn 0.000001 -1.000000 -0.000004
vn 0.280329 -0.946160 -0.161858
vn 0.316624 -0.946160 -0.067309
vn 0.000001 -1.000000 -0.000004
vn 0.216599 -0.946161 -0.240549
vn 0.280329 -0.946160 -0.161858
vn 0.000001 -1.000000 -0.000004
vn 0.131662 -0.946162 -0.295709
vn 0.234289 -0.817439 -0.526215
vn 0.216599 -0.946161 -0.240549
vn 0.385427 -0.817444 -0.428055
vn 0.033834 -0.946159 -0.321929
vn 0.060211 -0.817438 -0.572861
vn 0.131662 -0.946162 -0.295709
vn 0.234289 -0.817439 -0.526215
vn -0.067298 -0.946161 -0.316624
vn -0.119762 -0.817439 -0.563428
vn 0.033834 -0.946159 -0.321929
vn 0.060211 -0.817438 -0.572861
vn -0.161848 -0.946161 -0.280331
vn -0.288004 -0.817439 -0.498846
vn -0.067298 -0.946161 -0.316624
vn -0.119762 -0.817439 -0.563428
vn -0.240553 -0.946159 -0.216607
vn -0.428058 -0.817442 -0.385428
vn -0.161848 -0.946161 -0.280331
vn -0.288004 -0.817439 -0.498846
vn -0.295711 -0.946161 -0.131662
vn -0.526214 -0.817441 -0.234283
vn -0.240553 -0.946159 -0.216607
vn -0.428058 -0.817442 -0.385428
vn -0.321924 -0.946161 -0.033839
vn -0.572859 -0.817439 -0.060213
vn -0.295711 -0.946161 -0.131662
vn -0.526214 -0.817441 -0.234283
vn -0.316623 -0.946162 0.067291
vn -0.563431 -0.817437 0.119761
vn -0.321924 -0.946161 -0.033839
vn -0.572859 -0.817439 -0.060213
vn -0.280327 -0.946159 0.161862
vn -0.498847 -0.817436 0.288011
vn -0.316623 -0.946162 0.067291
vn -0.563431 -0.817437 0.119761
vn -0.216595 -0.946157 0.240568
vn -0.385430 -0.817436 0.428067
vn -0.280327 -0.946159 0.161862
vn -0.498847 -0.817436 0.288011
vn -0.131659 -0.946163 0.295706
vn -0.234289 -0.817438 0.526216
vn -0.216595 -0.946157 0.240568
vn -0.385430 -0.817436 0.428067
vn -0.033834 -0.946165 0.321912
vn -0.060212 -0.817443 0.572854
vn -0.131659 -0.946163 0.295706
vn -0.234289 -0.817438 0.526216
vn 0.067302 -0.946160 0.316624
vn 0.119759 -0.817444 0.563421
vn -0.033834 -0.946165 0.321912
vn -0.060212 -0.817443 0.572854
vn 0.161849 -0.946163 0.280323
vn 0.288005 -0.817445 0.498836
vn 0.067302 -0.946160 0.316624
vn 0.119759 -0.817444 0.563421
vn 0.240553 -0.946165 0.216578
vn 0.428062 -0.817442 0.385423
vn 0.161849 -0.946163 0.280323
vn 0.288005 -0.817445 0.498836
vn 0.295713 -0.946160 0.131663
vn 0.526215 -0.817440 0.234287
vn 0.240553 -0.946165 0.216578
vn 0.428062 -0.817442 0.385423
vn 0.321923 -0.946161 0.033844
vn 0.572855 -0.817442 0.060206
vn 0.295713 -0.946160 0.131663
vn 0.526215 -0.817440 0.234287
vn 0.316624 -0.946160 -0.067309
vn 0.563419 -0.817444 -0.119766
vn 0.321923 -0.946161 0.033844
vn 0.572855 -0.817442 0.060206
vn 0.280329 -0.946160 -0.161858
vn 0.498835 -0.817446 -0.288002
vn 0.316624 -0.946160 -0.067309
vn 0.563419 -0.817444 -0.119766
vn 0.216599 -0.946161 -0.240549
vn 0.385427 -0.817444 -0.428055
vn 0.280329 -0.946160 -0.161858
vn 0.498835 -0.817446 -0.288002
vn 0.385427 -0.817444 -0.428055
vn 0.234289 -0.817439 -0.526215
vn 0.448287 -0.742406 -0.497868
vn 0.272501 -0.742393 -0.612042
vn 0.234289 -0.817439 -0.526215
vn 0.060211 -0.817438 -0.572861
vn 0.272501 -0.742393 -0.612042
vn 0.070033 -0.742391 -0.666297
vn 0.060211 -0.817438 -0.572861
vn -0.119762 -0.817439 -0.563428
vn 0.070033 -0.742391 -0.666297
vn -0.139298 -0.742392 -0.655325
vn -0.119762 -0.817439 -0.563428
vn -0.288004 -0.817439 -0.498846
vn -0.139298 -0.742392 -0.655325
vn -0.334974 -0.742392 -0.580213
vn -0.288004 -0.817439 -0.498846
vn -0.428058 -0.817442 -0.385428
vn -0.334974 -0.742392 -0.580213
vn -0.497872 -0.742398 -0.448295
vn -0.428058 -0.817442 -0.385428
vn -0.526214 -0.817441 -0.234283
vn -0.497872 -0.742398 -0.448295
vn -0.612039 -0.742397 -0.272496
vn -0.526214 -0.817441 -0.234283
vn -0.572859 -0.817439 -0.060213
vn -0.612039 -0.742397 -0.272496
vn -0.666292 -0.742396 -0.070031
vn -0.572859 -0.817439 -0.060213
vn -0.563431 -0.817437 0.119761
vn -0.666292 -0.742396 -0.070031
vn -0.655329 -0.742388 0.139299
vn -0.563431 -0.817437 0.119761
vn -0.498847 -0.817436 0.288011
vn -0.655329 -0.742388 0.139299
vn -0.580213 -0.742387 0.334984
vn -0.498847 -0.817436 0.288011
vn -0.385430 -0.817436 0.428067
vn -0.580213 -0.742387 0.334984
vn -0.448296 -0.742386 0.497890
vn -0.385430 -0.817436 0.428067
vn -0.234289 -0.817438 0.526216
vn -0.448296 -0.742386 0.497890
vn -0.272504 -0.742391 0.612043
vn -0.234289 -0.817438 0.526216
vn -0.060212 -0.817443 0.572854
vn -0.272504 -0.742391 0.612043
vn -0.070035 -0.742400 0.666286
vn -0.060212 -0.817443 0.572854
vn 0.119759 -0.817444 0.563421
vn -0.070035 -0.742400 0.666286
vn 0.139289 -0.742400 0.655318
vn 0.119759 -0.817444 0.563421
vn 0.288005 -0.817445 0.498836
vn 0.139289 -0.742400 0.655318
vn 0.334978 -0.742406 0.580192
vn 0.288005 -0.817445 0.498836
vn 0.428062 -0.817442 0.385423
vn 0.334978 -0.742406 0.580192
vn 0.497880 -0.742401 0.448281
vn 0.428062 -0.817442 0.385423
vn 0.526215 -0.817440 0.234287
vn 0.497880 -0.742401 0.448281
vn 0.612039 -0.742396 0.272501
vn 0.526215 -0.817440 0.234287
vn 0.572855 -0.817442 0.060206
vn 0.612039 -0.742396 0.272501
vn 0.666287 -0.742399 0.070030
vn 0.572855 -0.817442 0.060206
vn 0.563419 -0.817444 -0.119766
vn 0.666287 -0.742399 0.070030
vn 0.655309 -0.742406 -0.139297
vn 0.563419 -0.817444 -0.119766
vn 0.498835 -0.817446 -0.288002
vn 0.655309 -0.742406 -0.139297
vn 0.580191 -0.742410 -0.334971
vn 0.498835 -0.817446 -0.288002
vn 0.385427 -0.817444 -0.428055
vn 0.580191 -0.742410 -0.334971
vn 0.448287 -0.742406 -0.497868
vn 0.000267 -1.000000 -0.000294
vn 0.000162 -1.000000 -0.000363
vn 0.000267 -1.000000 -0.000294
vn 0.000162 -1.000000 -0.000363
vn 0.000162 -1.000000 -0.000363
vn 0.000042 -1.000000 -0.000395
vn 0.000162 -1.000000 -0.000363
vn 0.000042 -1.000000 -0.000395
vn 0.000042 -1.000000 -0.000395
vn -0.000083 -1.000000 -0.000390
vn 0.000042 -1.000000 -0.000395
vn -0.000083 -1.000000 -0.000390
vn -0.000083 -1.000000 -0.000390
vn -0.000199 -1.000000 -0.000349
vn -0.000083 -1.000000 -0.000390
vn -0.000199 -1.000000 -0.000349
vn -0.000199 -1.000000 -0.000349
vn -0.000296 -1.000000 -0.000269
vn -0.000199 -1.000000 -0.000349
vn -0.000296 -1.000000 -0.000269
vn -0.000296 -1.000000 -0.000269
vn -0.000364 -1.000000 -0.000167
vn -0.000296 -1.000000 -0.000269
vn -0.000364 -1.000000 -0.000167
vn -0.000364 -1.000000 -0.000167
vn -0.000397 -1.000000 -0.000043
vn -0.000364 -1.000000 -0.000167
vn -0.000397 -1.000000 -0.000043
vn -0.000397 -1.000000 -0.000043
vn -0.000390 -1.000000 0.000081
vn -0.000397 -1.000000 -0.000043
vn -0.000390 -1.000000 0.000081
vn -0.000390 -1.000000 0.000081
vn -0.000346 -1.000000 0.000198
vn -0.000390 -1.000000 0.000081
vn -0.000346 -1.000000 0.000198
vn -0.000346 -1.000000 0.000198
vn -0.000267 -1.000000 0.000296
vn -0.000346 -1.000000 0.000198
vn -0.000267 -1.000000 0.000296
vn -0.000267 -1.000000 0.000296
vn -0.000267 -1.000000 0.000296
vn -0.000162 -1.000000 0.000364
vn -0.000162 -1.000000 0.000364
vn -0.000162 -1.000000 0.000364
vn -0.000042 -1.000000 0.000396
vn -0.000162 -1.000000 0.000364
vn -0.000042 -1.000000 0.000396
vn -0.000042 -1.000000 0.000396
vn 0.000083 -1.000000 0.000392
vn -0.000042 -1.000000 0.000396
vn 0.000083 -1.000000 0.000392
vn 0.000083 -1.000000 0.000392
vn 0.000199 -1.000000 0.000347
vn 0.000083 -1.000000 0.000392
vn 0.000199 -1.000000 0.000347
vn 0.000199 -1.000000 0.000347
vn 0.000296 -1.000000 0.000267
vn 0.000199 -1.000000 0.000347
vn 0.000296 -1.000000 0.000267
vn 0.000296 -1.000000 0.000267
vn 0.000364 -1.000000 0.000167
vn 0.000296 -1.000000 0.000267
vn 0.000364 -1.000000 0.000167
vn 0.000364 -1.000000 0.000167
vn 0.000397 -1.000000 0.000043
vn 0.000364 -1.000000 0.000167
vn 0.000397 -1.000000 0.000043
vn 0.000397 -1.000000 0.000043
vn 0.000390 -1.000000 -0.000081
vn 0.000397 -1.000000 0.000043
vn 0.000390 -1.000000 -0.000081
vn 0.000390 -1.000000 -0.000081
vn 0.000346 -1.000000 -0.000198
vn 0.000390 -1.000000 -0.000081
vn 0.000346 -1.000000 -0.000198
vn 0.000346 -1.000000 -0.000198
vn 0.000267 -1.000000 -0.000294
vn 0.000346 -1.000000 -0.000198
vn 0.000267 -1.000000 -0.000294
vn 0.448287 -0.742406 -0.497868
vn 0.272501 -0.742393 -0.612042
vn -0.046688 -0.997563 0.051857
vn -0.028378 -0.997563 0.063737
vn 0.272501 -0.742393 -0.612042
vn 0.070033 -0.742391 -0.666297
vn -0.028378 -0.997563 0.063737
vn -0.007292 -0.997564 0.069378
vn 0.070033 -0.742391 -0.666297
vn -0.139298 -0.742392 -0.655325
vn -0.007292 -0.997564 0.069378
vn 0.014512 -0.997563 0.068247
vn -0.139298 -0.742392 -0.655325
vn -0.334974 -0.742392 -0.580213
vn 0.014512 -0.997563 0.068247
vn 0.034886 -0.997563 0.060432
vn -0.334974 -0.742392 -0.580213
vn -0.497872 -0.742398 -0.448295
vn 0.034886 -0.997563 0.060432
vn 0.051848 -0.997563 0.046685
vn -0.497872 -0.742398 -0.448295
vn -0.612039 -0.742397 -0.272496
vn 0.051848 -0.997563 0.046685
vn 0.063739 -0.997563 0.028376
vn -0.612039 -0.742397 -0.272496
vn -0.666292 -0.742396 -0.070031
vn 0.063739 -0.997563 0.028376
vn 0.069381 -0.997564 0.007295
vn -0.666292 -0.742396 -0.070031
vn -0.655329 -0.742388 0.139299
vn 0.069381 -0.997564 0.007295
vn 0.068240 -0.997563 -0.014509
vn -0.655329 -0.742388 0.139299
vn -0.580213 -0.742387 0.334984
vn 0.068240 -0.997563 -0.014509
vn 0.060428 -0.997563 -0.034890
vn -0.580213 -0.742387 0.334984
vn -0.448296 -0.742386 0.497890
vn 0.060428 -0.997563 -0.034890
vn 0.046688 -0.997563 -0.051860
vn -0.448296 -0.742386 0.497890
vn -0.272504 -0.742391 0.612043
vn 0.046688 -0.997563 -0.051860
vn 0.028379 -0.997562 -0.063752
vn -0.272504 -0.742391 0.612043
vn -0.070035 -0.742400 0.666286
vn 0.028379 -0.997562 -0.063752
vn 0.007295 -0.997562 -0.069407
vn -0.070035 -0.742400 0.666286
vn 0.139289 -0.742400 0.655318
vn 0.007295 -0.997562 -0.069407
vn -0.014507 -0.997562 -0.068269
vn 0.139289 -0.742400 0.655318
vn 0.334978 -0.742406 0.580192
vn -0.014507 -0.997562 -0.068269
vn -0.034888 -0.997563 -0.060431
vn 0.334978 -0.742406 0.580192
vn 0.497880 -0.742401 0.448281
vn -0.034888 -0.997563 -0.060431
vn -0.051850 -0.997563 -0.046684
vn 0.497880 -0.742401 0.448281
vn 0.612039 -0.742396 0.272501
vn -0.051850 -0.997563 -0.046684
vn -0.063734 -0.997563 -0.028378
vn 0.612039 -0.742396 0.272501
vn 0.666287 -0.742399 0.070030
vn -0.063734 -0.997563 -0.028378
vn -0.069386 -0.997563 -0.007287
vn 0.666287 -0.742399 0.070030
vn 0.655309 -0.742406 -0.139297
vn -0.069386 -0.997563 -0.007287
vn -0.068252 -0.997563 0.014508
vn 0.655309 -0.742406 -0.139297
vn 0.580191 -0.742410 -0.334971
vn -0.068252 -0.997563 0.014508
vn -0.060432 -0.997563 0.034887
vn 0.580191 -0.742410 -0.334971
vn 0.448287 -0.742406 -0.497868
vn -0.060432 -0.997563 0.034887
vn -0.046688 -0.997563 0.051857
vn -0.575911 0.746841 0.332497
vn -0.444973 0.746848 0.494184
vn -0.575911 0.746841 0.332497
vn -0.444973 0.746848 0.494184
vn -0.650470 0.746842 0.138260
vn -0.575911 0.746841 0.332497
vn -0.650470 0.746842 0.138260
vn -0.575911 0.746841 0.332497
vn -0.661353 0.746848 -0.069505
vn -0.650470 0.746842 0.138260
vn -0.661353 0.746848 -0.069505
vn -0.650470 0.746842 0.138260
vn -0.607503 0.746848 -0.270478
vn -0.661353 0.746848 -0.069505
vn -0.607503 0.746848 -0.270478
vn -0.661353 0.746848 -0.069505
vn -0.494193 0.746839 -0.444977
vn -0.607503 0.746848 -0.270478
vn -0.494193 0.746839 -0.444977
vn -0.607503 0.746848 -0.270478
vn -0.332511 0.746833 -0.575915
vn -0.494193 0.746839 -0.444977
vn -0.332511 0.746833 -0.575915
vn -0.494193 0.746839 -0.444977
vn -0.138273 0.746829 -0.650482
vn -0.332511 0.746833 -0.575915
vn -0.138273 0.746829 -0.650482
vn -0.332511 0.746833 -0.575915
vn 0.069516 0.746825 -0.661377
vn -0.138273 0.746829 -0.650482
vn 0.069516 0.746825 -0.661377
vn -0.138273 0.746829 -0.650482
vn 0.270494 0.746832 -0.607516
vn 0.069516 0.746825 -0.661377
vn 0.270494 0.746832 -0.607516
vn 0.069516 0.746825 -0.661377
vn 0.444982 0.746834 -0.494196
vn 0.270494 0.746832 -0.607516
vn 0.444982 0.746834 -0.494196
vn 0.270494 0.746832 -0.607516
vn 0.575922 0.746830 -0.332504
vn 0.444982 0.746834 -0.494196
vn 0.575922 0.746830 -0.332504
vn 0.444982 0.746834 -0.494196
vn 0.650478 0.746834 -0.138264
vn 0.575922 0.746830 -0.332504
vn 0.650478 0.746834 -0.138264
vn 0.575922 0.746830 -0.332504
vn 0.661361 0.746840 0.069503
vn 0.650478 0.746834 -0.138264
vn 0.661361 0.746840 0.069503
vn 0.650478 0.746834 -0.138264
vn 0.607509 0.746842 0.270482
vn 0.661361 0.746840 0.069503
vn 0.607509 0.746842 0.270482
vn 0.661361 0.746840 0.069503
vn 0.494185 0.746842 0.444981
vn 0.607509 0.746842 0.270482
vn 0.494185 0.746842 0.444981
vn 0.607509 0.746842 0.270482
vn 0.332497 0.746849 0.575902
vn 0.494185 0.746842 0.444981
vn 0.332497 0.746849 0.575902
vn 0.494185 0.746842 0.444981
vn 0.138267 0.746854 0.650455
vn 0.332497 0.746849 0.575902
vn 0.138267 0.746854 0.650455
vn 0.332497 0.746849 0.575902
vn -0.069504 0.746844 0.661357
vn 0.138267 0.746854 0.650455
vn -0.069504 0.746844 0.661357
vn 0.138267 0.746854 0.650455
vn -0.270480 0.746847 0.607503
vn -0.069504 0.746844 0.661357
vn -0.270480 0.746847 0.607503
vn -0.069504 0.746844 0.661357
vn -0.444973 0.746848 0.494184
vn -0.270480 0.746847 0.607503
vn -0.444973 0.746848 0.494184
vn -0.270480 0.746847 0.607503
vn 0.060428 -0.997563 -0.034890
vn 0.046688 -0.997563 -0.051860
vn -0.555652 -0.767028 0.320809
vn -0.429318 -0.767034 0.476807
vn 0.068240 -0.997563 -0.014509
vn 0.060428 -0.997563 -0.034890
vn -0.627591 -0.767029 0.133401
vn -0.555652 -0.767028 0.320809
vn 0.069381 -0.997564 0.007295
vn 0.068240 -0.997563 -0.014509
vn -0.638092 -0.767034 -0.067062
vn -0.627591 -0.767029 0.133401
vn 0.063739 -0.997563 0.028376
vn 0.069381 -0.997564 0.007295
vn -0.586135 -0.767032 -0.260973
vn -0.638092 -0.767034 -0.067062
vn 0.051848 -0.997563 0.046685
vn 0.063739 -0.997563 0.028376
vn -0.476810 -0.767023 -0.429334
vn -0.586135 -0.767032 -0.260973
vn 0.034886 -0.997563 0.060432
vn 0.051848 -0.997563 0.046685
vn -0.320811 -0.767018 -0.555666
vn -0.476810 -0.767023 -0.429334
vn 0.014512 -0.997563 0.068247
vn 0.034886 -0.997563 0.060432
vn -0.133395 -0.767027 -0.627595
vn -0.320811 -0.767018 -0.555666
vn -0.007292 -0.997564 0.069378
vn 0.014512 -0.997563 0.068247
vn 0.067067 -0.767033 -0.638093
vn -0.133395 -0.767027 -0.627595
vn -0.028378 -0.997563 0.063737
vn -0.007292 -0.997564 0.069378
vn 0.260967 -0.767027 -0.586145
vn 0.067067 -0.767033 -0.638093
vn -0.046688 -0.997563 0.051857
vn -0.028378 -0.997563 0.063737
vn 0.429328 -0.767024 -0.476814
vn 0.260967 -0.767027 -0.586145
vn -0.060432 -0.997563 0.034887
vn -0.046688 -0.997563 0.051857
vn 0.555660 -0.767021 -0.320813
vn 0.429328 -0.767024 -0.476814
vn -0.068252 -0.997563 0.014508
vn -0.060432 -0.997563 0.034887
vn 0.627597 -0.767024 -0.133403
vn 0.555660 -0.767021 -0.320813
vn -0.069386 -0.997563 -0.007287
vn -0.068252 -0.997563 0.014508
vn 0.638096 -0.767031 0.067065
vn 0.627597 -0.767024 -0.133403
vn -0.063734 -0.997563 -0.028378
vn -0.069386 -0.997563 -0.007287
vn 0.586135 -0.767036 0.260962
vn 0.638096 -0.767031 0.067065
vn -0.051850 -0.997563 -0.046684
vn -0.063734 -0.997563 -0.028378
vn 0.476806 -0.767033 0.429321
vn 0.586135 -0.767036 0.260962
vn -0.034888 -0.997563 -0.060431
vn -0.051850 -0.997563 -0.046684
vn 0.320808 -0.767033 0.555646
vn 0.476806 -0.767033 0.429321
vn -0.014507 -0.997562 -0.068269
vn -0.034888 -0.997563 -0.060431
vn 0.133401 -0.767035 0.627584
vn 0.320808 -0.767033 0.555646
vn 0.007295 -0.997562 -0.069407
vn -0.014507 -0.997562 -0.068269
vn -0.067065 -0.767038 0.638086
vn 0.133401 -0.767035 0.627584
vn 0.028379 -0.997562 -0.063752
vn 0.007295 -0.997562 -0.069407
vn -0.260963 -0.767043 0.586126
vn -0.067065 -0.767038 0.638086
vn 0.046688 -0.997563 -0.051860
vn 0.028379 -0.997562 -0.063752
vn -0.429318 -0.767034 0.476807
vn -0.260963 -0.767043 0.586126
vn 0.576539 -0.507547 -0.640312
vn 0.429328 -0.767024 -0.476814
vn 0.350447 -0.507568 -0.787122
vn 0.260967 -0.767027 -0.586145
vn 0.746191 -0.507540 -0.430815
vn 0.555660 -0.767021 -0.320813
vn 0.576539 -0.507547 -0.640312
vn 0.429328 -0.767024 -0.476814
vn 0.842793 -0.507549 -0.179146
vn 0.627597 -0.767024 -0.133403
vn 0.746191 -0.507540 -0.430815
vn 0.555660 -0.767021 -0.320813
vn 0.856888 -0.507575 0.090056
vn 0.638096 -0.767031 0.067065
vn 0.842793 -0.507549 -0.179146
vn 0.627597 -0.767024 -0.133403
vn 0.787109 -0.507593 0.350441
vn 0.586135 -0.767036 0.260962
vn 0.856888 -0.507575 0.090056
vn 0.638096 -0.767031 0.067065
vn 0.640296 -0.507584 0.576524
vn 0.476806 -0.767033 0.429321
vn 0.787109 -0.507593 0.350441
vn 0.586135 -0.767036 0.260962
vn 0.430808 -0.507562 0.746181
vn 0.320808 -0.767033 0.555646
vn 0.640296 -0.507584 0.576524
vn 0.476806 -0.767033 0.429321
vn 0.179142 -0.507551 0.842793
vn 0.133401 -0.767035 0.627584
vn 0.430808 -0.507562 0.746181
vn 0.320808 -0.767033 0.555646
vn -0.090061 -0.507574 0.856889
vn -0.067065 -0.767038 0.638086
vn 0.179142 -0.507551 0.842793
vn 0.133401 -0.767035 0.627584
vn -0.350443 -0.507586 0.787113
vn -0.260963 -0.767043 0.586126
vn -0.090061 -0.507574 0.856889
vn -0.067065 -0.767038 0.638086
vn -0.576527 -0.507565 0.640309
vn -0.429318 -0.767034 0.476807
vn -0.350443 -0.507586 0.787113
vn -0.260963 -0.767043 0.586126
vn -0.746184 -0.507552 0.430814
vn -0.555652 -0.767028 0.320809
vn -0.576527 -0.507565 0.640309
vn -0.429318 -0.767034 0.476807
vn -0.842781 -0.507569 0.179148
vn -0.627591 -0.767029 0.133401
vn -0.746184 -0.507552 0.430814
vn -0.555652 -0.767028 0.320809
vn -0.856881 -0.507589 -0.090052
vn -0.638092 -0.767034 -0.067062
vn -0.842781 -0.507569 0.179148
vn -0.627591 -0.767029 0.133401
vn -0.787111 -0.507582 -0.350452
vn -0.586135 -0.767032 -0.260973
vn -0.856881 -0.507589 -0.090052
vn -0.638092 -0.767034 -0.067062
vn -0.640299 -0.507561 -0.576540
vn -0.476810 -0.767023 -0.429334
vn -0.787111 -0.507582 -0.350452
vn -0.586135 -0.767032 -0.260973
vn -0.430814 -0.507530 -0.746198
vn -0.320811 -0.767018 -0.555666
vn -0.640299 -0.507561 -0.576540
vn -0.476810 -0.767023 -0.429334
vn -0.179138 -0.507560 -0.842789
vn -0.133395 -0.767027 -0.627595
vn -0.430814 -0.507530 -0.746198
vn -0.320811 -0.767018 -0.555666
vn 0.090063 -0.507595 -0.856875
vn 0.067067 -0.767033 -0.638093
vn -0.179138 -0.507560 -0.842789
vn -0.133395 -0.767027 -0.627595
vn 0.350447 -0.507568 -0.787122
vn 0.260967 -0.767027 -0.586145
vn 0.090063 -0.507595 -0.856875
vn 0.067067 -0.767033 -0.638093
vn -0.087247 -0.550729 0.830112
vn -0.095704 -0.402108 0.910577
vn -0.339508 -0.550719 0.762524
vn -0.372412 -0.402109 0.836431
vn 0.173548 -0.550723 0.816447
vn 0.190366 -0.402108 0.895584
vn -0.087247 -0.550729 0.830112
vn -0.095704 -0.402108 0.910577
vn 0.417349 -0.550711 0.722868
vn 0.457798 -0.402111 0.792923
vn 0.173548 -0.550723 0.816447
vn 0.190366 -0.402108 0.895584
vn 0.620301 -0.550702 0.558529
vn 0.680418 -0.402107 0.612651
vn 0.417349 -0.550711 0.722868
vn 0.457798 -0.402111 0.792923
vn 0.762538 -0.550701 0.339506
vn 0.836438 -0.402099 0.372407
vn 0.620301 -0.550702 0.558529
vn 0.680418 -0.402107 0.612651
vn 0.830130 -0.550703 0.087243
vn 0.910581 -0.402100 0.095702
vn 0.762538 -0.550701 0.339506
vn 0.836438 -0.402099 0.372407
vn 0.816460 -0.550704 -0.173547
vn 0.895587 -0.402103 -0.190362
vn 0.830130 -0.550703 0.087243
vn 0.910581 -0.402100 0.095702
vn 0.722868 -0.550707 -0.417353
vn 0.792926 -0.402103 -0.457800
vn 0.816460 -0.550704 -0.173547
vn 0.895587 -0.402103 -0.190362
vn 0.558516 -0.550704 -0.620310
vn 0.612646 -0.402097 -0.680428
vn 0.722868 -0.550707 -0.417353
vn 0.792926 -0.402103 -0.457800
vn 0.339514 -0.550700 -0.762535
vn 0.372414 -0.402093 -0.836438
vn 0.558516 -0.550704 -0.620310
vn 0.612646 -0.402097 -0.680428
vn 0.087258 -0.550703 -0.830128
vn 0.095714 -0.402094 -0.910582
vn 0.339514 -0.550700 -0.762535
vn 0.372414 -0.402093 -0.836438
vn -0.173548 -0.550709 -0.816456
vn -0.190365 -0.402097 -0.895589
vn 0.087258 -0.550703 -0.830128
vn 0.095714 -0.402094 -0.910582
vn -0.417353 -0.550713 -0.722864
vn -0.457803 -0.402103 -0.792925
vn -0.173548 -0.550709 -0.816456
vn -0.190365 -0.402097 -0.895589
vn -0.620298 -0.550711 -0.558523
vn -0.680419 -0.402104 -0.612653
vn -0.417353 -0.550713 -0.722864
vn -0.457803 -0.402103 -0.792925
vn -0.762527 -0.550719 -0.339503
vn -0.836434 -0.402106 -0.372408
vn -0.620298 -0.550711 -0.558523
vn -0.680419 -0.402104 -0.612653
vn -0.830120 -0.550717 -0.087245
vn -0.910578 -0.402105 -0.095701
vn -0.762527 -0.550719 -0.339503
vn -0.836434 -0.402106 -0.372408
vn -0.816457 -0.550709 0.173542
vn -0.895585 -0.402107 0.190360
vn -0.830120 -0.550717 -0.087245
vn -0.910578 -0.402105 -0.095701
vn -0.722870 -0.550706 0.417352
vn -0.792925 -0.402108 0.457797
vn -0.816457 -0.550709 0.173542
vn -0.895585 -0.402107 0.190360
vn -0.558524 -0.550707 0.620301
vn -0.612653 -0.402108 0.680416
vn -0.722870 -0.550706 0.417352
vn -0.792925 -0.402108 0.457797
vn -0.339508 -0.550719 0.762524
vn -0.372412 -0.402109 0.836431
vn -0.558524 -0.550707 0.620301
vn -0.612653 -0.402108 0.680416
vn -0.372412 -0.402109 0.836431
vn -0.095704 -0.402108 0.910577
vn -0.394705 -0.241487 0.886506
vn -0.101433 -0.241472 0.965092
vn -0.095704 -0.402108 0.910577
vn 0.190366 -0.402108 0.895584
vn -0.101433 -0.241472 0.965092
vn 0.201759 -0.241480 0.949200
vn 0.190366 -0.402108 0.895584
vn 0.457798 -0.402111 0.792923
vn 0.201759 -0.241480 0.949200
vn 0.485205 -0.241501 0.840389
vn 0.457798 -0.402111 0.792923
vn 0.680418 -0.402107 0.612651
vn 0.485205 -0.241501 0.840389
vn 0.721152 -0.241502 0.649320
vn 0.680418 -0.402107 0.612651
vn 0.836438 -0.402099 0.372407
vn 0.721152 -0.241502 0.649320
vn 0.886509 -0.241487 0.394698
vn 0.836438 -0.402099 0.372407
vn 0.910581 -0.402100 0.095702
vn 0.886509 -0.241487 0.394698
vn 0.965089 -0.241485 0.101434
vn 0.910581 -0.402100 0.095702
vn 0.895587 -0.402103 -0.190362
vn 0.965089 -0.241485 0.101434
vn 0.949198 -0.241491 -0.201754
vn 0.895587 -0.402103 -0.190362
vn 0.792926 -0.402103 -0.457800
vn 0.949198 -0.241491 -0.201754
vn 0.840394 -0.241486 -0.485204
vn 0.792926 -0.402103 -0.457800
vn 0.612646 -0.402097 -0.680428
vn 0.840394 -0.241486 -0.485204
vn 0.649320 -0.241477 -0.721160
vn 0.612646 -0.402097 -0.680428
vn 0.372414 -0.402093 -0.836438
vn 0.649320 -0.241477 -0.721160
vn 0.394704 -0.241473 -0.886510
vn 0.372414 -0.402093 -0.836438
vn 0.095714 -0.402094 -0.910582
vn 0.394704 -0.241473 -0.886510
vn 0.101442 -0.241473 -0.965091
vn 0.095714 -0.402094 -0.910582
vn -0.190365 -0.402097 -0.895589
vn 0.101442 -0.241473 -0.965091
vn -0.201758 -0.241473 -0.949202
vn -0.190365 -0.402097 -0.895589
vn -0.457803 -0.402103 -0.792925
vn -0.201758 -0.241473 -0.949202
vn -0.485209 -0.241481 -0.840392
vn -0.457803 -0.402103 -0.792925
vn -0.680419 -0.402104 -0.612653
vn -0.485209 -0.241481 -0.840392
vn -0.721152 -0.241484 -0.649327
vn -0.680419 -0.402104 -0.612653
vn -0.836434 -0.402106 -0.372408
vn -0.721152 -0.241484 -0.649327
vn -0.886508 -0.241480 -0.394703
vn -0.836434 -0.402106 -0.372408
vn -0.910578 -0.402105 -0.095701
vn -0.886508 -0.241480 -0.394703
vn -0.965090 -0.241481 -0.101431
vn -0.910578 -0.402105 -0.095701
vn -0.895585 -0.402107 0.190360
vn -0.965090 -0.241481 -0.101431
vn -0.949198 -0.241493 0.201755
vn -0.895585 -0.402107 0.190360
vn -0.792925 -0.402108 0.457797
vn -0.949198 -0.241493 0.201755
vn -0.840392 -0.241500 0.485200
vn -0.792925 -0.402108 0.457797
vn -0.612653 -0.402108 0.680416
vn -0.840392 -0.241500 0.485200
vn -0.649329 -0.241499 0.721145
vn -0.612653 -0.402108 0.680416
vn -0.372412 -0.402109 0.836431
vn -0.649329 -0.241499 0.721145
vn -0.394705 -0.241487 0.886506
vn 0.668883 0.027151 -0.742872
vn 0.406581 0.027164 -0.913211
vn 0.648400 -0.246983 -0.720123
vn 0.394129 -0.246979 -0.885248
vn 0.406581 0.027164 -0.913211
vn 0.104491 0.027172 -0.994155
vn 0.394129 -0.246979 -0.885248
vn 0.101293 -0.246976 -0.963713
vn 0.104491 0.027172 -0.994155
vn -0.207831 0.027164 -0.977787
vn 0.101293 -0.246976 -0.963713
vn -0.201465 -0.246982 -0.947846
vn -0.207831 0.027164 -0.977787
vn -0.499814 0.027153 -0.865707
vn -0.201465 -0.246982 -0.947846
vn -0.484510 -0.246984 -0.839196
vn -0.499814 0.027153 -0.865707
vn -0.742872 0.027151 -0.668883
vn -0.484510 -0.246984 -0.839196
vn -0.720123 -0.246982 -0.648401
vn -0.742872 0.027151 -0.668883
vn -0.913210 0.027157 -0.406584
vn -0.720123 -0.246982 -0.648401
vn -0.885244 -0.246983 -0.394134
vn -0.913210 0.027157 -0.406584
vn -0.994156 0.027156 -0.104486
vn -0.885244 -0.246983 -0.394134
vn -0.963712 -0.246984 -0.101286
vn -0.994156 0.027156 -0.104486
vn -0.977786 0.027151 0.207841
vn -0.963712 -0.246984 -0.101286
vn -0.947843 -0.246984 0.201476
vn -0.977786 0.027151 0.207841
vn -0.865708 0.027144 0.499813
vn -0.947843 -0.246984 0.201476
vn -0.839198 -0.246986 0.484505
vn -0.865708 0.027144 0.499813
vn -0.668892 0.027141 0.742864
vn -0.839198 -0.246986 0.484505
vn -0.648407 -0.246986 0.720115
vn -0.668892 0.027141 0.742864
vn -0.406586 0.027145 0.913209
vn -0.648407 -0.246986 0.720115
vn -0.394136 -0.246982 0.885244
vn -0.406586 0.027145 0.913209
vn -0.104482 0.027144 0.994156
vn -0.394136 -0.246982 0.885244
vn -0.101285 -0.246981 0.963712
vn -0.104482 0.027144 0.994156
vn 0.207840 0.027150 0.977786
vn -0.101285 -0.246981 0.963712
vn 0.201473 -0.246982 0.947844
vn 0.201473 -0.246982 0.947844
vn 0.207840 0.027150 0.977786
vn 0.484512 -0.246984 0.839194
vn 0.499818 0.027158 0.865704
vn 0.499818 0.027158 0.865704
vn 0.742873 0.027158 0.668881
vn 0.484512 -0.246984 0.839194
vn 0.720125 -0.246983 0.648397
vn 0.742873 0.027158 0.668881
vn 0.913209 0.027156 0.406585
vn 0.720125 -0.246983 0.648397
vn 0.885244 -0.246982 0.394136
vn 0.913209 0.027156 0.406585
vn 0.994155 0.027156 0.104495
vn 0.885244 -0.246982 0.394136
vn 0.963711 -0.246981 0.101297
vn 0.994155 0.027156 0.104495
vn 0.977788 0.027153 -0.207829
vn 0.963711 -0.246981 0.101297
vn 0.947846 -0.246981 -0.201466
vn 0.977788 0.027153 -0.207829
vn 0.865707 0.027150 -0.499813
vn 0.947846 -0.246981 -0.201466
vn 0.839198 -0.246982 -0.484507
vn 0.865707 0.027150 -0.499813
vn 0.668883 0.027151 -0.742872
vn 0.839198 -0.246982 -0.484507
vn 0.648400 -0.246983 -0.720123
vn -0.097633 -0.357134 0.928936
vn 0.194197 -0.357140 0.913640
vn -0.102346 -0.203152 0.973784
vn 0.203571 -0.203158 0.957750
vn -0.379915 -0.357133 0.853300
vn -0.097633 -0.357134 0.928936
vn -0.398255 -0.203146 0.894497
vn -0.102346 -0.203152 0.973784
vn -0.625011 -0.357131 0.694132
vn -0.379915 -0.357133 0.853300
vn -0.655186 -0.203139 0.727644
vn -0.398255 -0.203146 0.894497
vn -0.808917 -0.357132 0.467022
vn -0.625011 -0.357131 0.694132
vn -0.847972 -0.203138 0.489570
vn -0.655186 -0.203139 0.727644
vn -0.913641 -0.357133 0.194204
vn -0.808917 -0.357132 0.467022
vn -0.957753 -0.203139 0.203579
vn -0.847972 -0.203138 0.489570
vn -0.928936 -0.357135 -0.097633
vn -0.913641 -0.357133 0.194204
vn -0.973787 -0.203137 -0.102348
vn -0.957753 -0.203139 0.203579
vn -0.853299 -0.357134 -0.379916
vn -0.928936 -0.357135 -0.097633
vn -0.894497 -0.203135 -0.398261
vn -0.973787 -0.203137 -0.102348
vn -0.694137 -0.357128 -0.625007
vn -0.853299 -0.357134 -0.379916
vn -0.727648 -0.203132 -0.655183
vn -0.894497 -0.203135 -0.398261
vn -0.467028 -0.357134 -0.808913
vn -0.694137 -0.357128 -0.625007
vn -0.489577 -0.203136 -0.847968
vn -0.727648 -0.203132 -0.655183
vn -0.194196 -0.357148 -0.913637
vn -0.467028 -0.357134 -0.808913
vn -0.203575 -0.203160 -0.957749
vn -0.489577 -0.203136 -0.847968
vn 0.097638 -0.357152 -0.928929
vn -0.194196 -0.357148 -0.913637
vn 0.102351 -0.203173 -0.973779
vn -0.203575 -0.203160 -0.957749
vn 0.379906 -0.357143 -0.853299
vn 0.097638 -0.357152 -0.928929
vn 0.398249 -0.203157 -0.894497
vn 0.102351 -0.203173 -0.973779
vn 0.625000 -0.357138 -0.694138
vn 0.379906 -0.357143 -0.853299
vn 0.655174 -0.203149 -0.727652
vn 0.398249 -0.203157 -0.894497
vn 0.808913 -0.357139 -0.467024
vn 0.625000 -0.357138 -0.694138
vn 0.847966 -0.203153 -0.489574
vn 0.655174 -0.203149 -0.727652
vn 0.913641 -0.357138 -0.194196
vn 0.808913 -0.357139 -0.467024
vn 0.957752 -0.203152 -0.203572
vn 0.847966 -0.203153 -0.489574
vn 0.928934 -0.357138 0.097641
vn 0.913641 -0.357138 -0.194196
vn 0.973783 -0.203149 0.102354
vn 0.957752 -0.203152 -0.203572
vn 0.853299 -0.357140 0.379911
vn 0.928934 -0.357138 0.097641
vn 0.894498 -0.203152 0.398250
vn 0.973783 -0.203149 0.102354
vn 0.694138 -0.357146 0.624995
vn 0.853299 -0.357140 0.379911
vn 0.727653 -0.203160 0.655170
vn 0.894498 -0.203152 0.398250
vn 0.467025 -0.357149 0.808908
vn 0.694138 -0.357146 0.624995
vn 0.489572 -0.203162 0.847965
vn 0.727653 -0.203160 0.655170
vn 0.194197 -0.357140 0.913640
vn 0.467025 -0.357149 0.808908
vn 0.203571 -0.203158 0.957750
vn 0.489572 -0.203162 0.847965
vn -0.101285 -0.246981 0.963712
vn 0.201473 -0.246982 0.947844
vn -0.097633 -0.357134 0.928936
vn 0.194197 -0.357140 0.913640
vn -0.394136 -0.246982 0.885244
vn -0.101285 -0.246981 0.963712
vn -0.379915 -0.357133 0.853300
vn -0.097633 -0.357134 0.928936
vn -0.648407 -0.246986 0.720115
vn -0.394136 -0.246982 0.885244
vn -0.625011 -0.357131 0.694132
vn -0.379915 -0.357133 0.853300
vn -0.839198 -0.246986 0.484505
vn -0.648407 -0.246986 0.720115
vn -0.808917 -0.357132 0.467022
vn -0.625011 -0.357131 0.694132
vn -0.947843 -0.246984 0.201476
vn -0.839198 -0.246986 0.484505
vn -0.913641 -0.357133 0.194204
vn -0.808917 -0.357132 0.467022
vn -0.963712 -0.246984 -0.101286
vn -0.947843 -0.246984 0.201476
vn -0.928936 -0.357135 -0.097633
vn -0.913641 -0.357133 0.194204
vn -0.885244 -0.246983 -0.394134
vn -0.963712 -0.246984 -0.101286
vn -0.853299 -0.357134 -0.379916
vn -0.928936 -0.357135 -0.097633
vn -0.720123 -0.246982 -0.648401
vn -0.885244 -0.246983 -0.394134
vn -0.694137 -0.357128 -0.625007
vn -0.853299 -0.357134 -0.379916
vn -0.484510 -0.246984 -0.839196
vn -0.720123 -0.246982 -0.648401
vn -0.467028 -0.357134 -0.808913
vn -0.694137 -0.357128 -0.625007
vn -0.201465 -0.246982 -0.947846
vn -0.484510 -0.246984 -0.839196
vn -0.194196 -0.357148 -0.913637
vn -0.467028 -0.357134 -0.808913
vn 0.101293 -0.246976 -0.963713
vn -0.201465 -0.246982 -0.947846
vn 0.097638 -0.357152 -0.928929
vn -0.194196 -0.357148 -0.913637
vn 0.394129 -0.246979 -0.885248
vn 0.101293 -0.246976 -0.963713
vn 0.379906 -0.357143 -0.853299
vn 0.097638 -0.357152 -0.928929
vn 0.648400 -0.246983 -0.720123
vn 0.394129 -0.246979 -0.885248
vn 0.625000 -0.357138 -0.694138
vn 0.379906 -0.357143 -0.853299
vn 0.839198 -0.246982 -0.484507
vn 0.648400 -0.246983 -0.720123
vn 0.808913 -0.357139 -0.467024
vn 0.625000 -0.357138 -0.694138
vn 0.947846 -0.246981 -0.201466
vn 0.839198 -0.246982 -0.484507
vn 0.913641 -0.357138 -0.194196
vn 0.808913 -0.357139 -0.467024
vn 0.963711 -0.246981 0.101297
vn 0.947846 -0.246981 -0.201466
vn 0.928934 -0.357138 0.097641
vn 0.913641 -0.357138 -0.194196
vn 0.885244 -0.246982 0.394136
vn 0.963711 -0.246981 0.101297
vn 0.853299 -0.357140 0.379911
vn 0.928934 -0.357138 0.097641
vn 0.720125 -0.246983 0.648397
vn 0.885244 -0.246982 0.394136
vn 0.694138 -0.357146 0.624995
vn 0.853299 -0.357140 0.379911
vn 0.484512 -0.246984 0.839194
vn 0.720125 -0.246983 0.648397
vn 0.467025 -0.357149 0.808908
vn 0.694138 -0.357146 0.624995
vn 0.201473 -0.246982 0.947844
vn 0.484512 -0.246984 0.839194
vn 0.194197 -0.357140 0.913640
vn 0.467025 -0.357149 0.808908
vn 0.908707 -0.372445 -0.188510
vn 0.486260 -0.858914 -0.160681
vn 0.312516 -0.797571 -0.515960
vn 0.312516 -0.797571 -0.515960
vn 0.486260 -0.858914 -0.160681
vn 0.042624 -0.996350 -0.073955
vn 0.042624 -0.996350 -0.073955
vn -0.084580 -0.863533 -0.497150
vn 0.312516 -0.797571 -0.515960
vn 0.312516 -0.797571 -0.515960
vn -0.084580 -0.863533 -0.497150
vn -0.234851 -0.394850 -0.888222
vn 0.291450 -0.371675 -0.881428
vn 0.095275 -0.849917 -0.518232
vn -0.296353 -0.788774 -0.538527
vn -0.296353 -0.788774 -0.538527
vn 0.095275 -0.849917 -0.518232
vn -0.062572 -0.992157 -0.108209
vn -0.062572 -0.992157 -0.108209
vn -0.483072 -0.854431 -0.191284
vn -0.296353 -0.788774 -0.538527
vn -0.296353 -0.788774 -0.538527
vn -0.483072 -0.854431 -0.191284
vn -0.886995 -0.394102 -0.240671
vn -0.624034 -0.380095 -0.682722
vn -0.329974 -0.884659 -0.329386
vn -0.570433 -0.821344 -0.000159
vn -0.570433 -0.821344 -0.000159
vn -0.329974 -0.884659 -0.329386
vn 0.028648 -0.999590 -0.000000
vn 0.028648 -0.999590 -0.000000
vn -0.329973 -0.884658 0.329390
vn -0.570433 -0.821344 -0.000159
vn -0.570433 -0.821344 -0.000159
vn -0.329973 -0.884658 0.329390
vn -0.645803 -0.391363 0.655571
vn -0.890320 -0.392039 0.231595
vn -0.437566 -0.893626 0.099839
vn -0.277954 -0.831060 0.481748
vn -0.277954 -0.831060 0.481748
vn -0.437566 -0.893626 0.099839
vn 0.039162 -0.996928 -0.067828
vn 0.039162 -0.996928 -0.067828
vn 0.132321 -0.893630 0.428854
vn -0.277954 -0.831060 0.481748
vn -0.277954 -0.831060 0.481748
vn 0.132321 -0.893630 0.428854
vn 0.278984 -0.380750 0.881588
vn -0.261104 -0.387097 0.884297
vn -0.142293 -0.900306 0.411340
vn 0.272373 -0.838602 0.471761
vn 0.272373 -0.838602 0.471761
vn -0.142293 -0.900306 0.411340
vn -0.059100 -0.992989 -0.102369
vn -0.059100 -0.992989 -0.102369
vn 0.427381 -0.900305 0.082442
vn 0.272373 -0.838602 0.471761
vn 0.272373 -0.838602 0.471761
vn 0.427381 -0.900305 0.082442
vn 0.973421 -0.211952 -0.086763
vn -0.045012 0.122264 0.991476
vn -0.800412 0.118719 0.587577
vn -0.465291 -0.195353 0.863331
vn -0.465291 -0.195353 0.863331
vn -0.800412 0.118719 0.587577
vn -0.984251 -0.111509 0.137169
vn -0.045012 0.122264 0.991476
vn -0.465291 -0.195353 0.863331
vn 0.477457 -0.087510 0.874287
vn -0.424007 -0.100216 0.900097
vn 0.504796 -0.197496 0.840343
vn 0.128034 0.536788 0.833946
vn 0.706931 0.520793 0.478563
vn 0.504796 -0.197496 0.840343
vn 0.990507 -0.053664 -0.126558
vn 0.814921 0.471124 -0.337559
vn 0.755890 0.488027 -0.436417
vn 0.780148 0.494013 -0.383823
vn 0.780148 0.494013 -0.383823
vn 0.755890 0.488027 -0.436417
vn 0.722472 0.494013 -0.483721
vn 0.722472 0.494013 -0.483721
vn 0.755890 0.488027 -0.436417
vn 0.699792 0.471123 -0.536967
vn 0.115149 0.471119 -0.874521
vn 0.000005 0.488027 -0.872828
vn 0.057686 0.494012 -0.867539
vn 0.057686 0.494012 -0.867539
vn 0.000005 0.488027 -0.872828
vn -0.057680 0.494015 -0.867538
vn -0.057680 0.494015 -0.867538
vn 0.000005 0.488027 -0.872828
vn -0.115136 0.471124 -0.874520
vn -0.699787 0.471123 -0.536974
vn -0.755890 0.488028 -0.436416
vn -0.722470 0.494014 -0.483722
vn -0.722470 0.494014 -0.483722
vn -0.755890 0.488028 -0.436416
vn -0.780149 0.494014 -0.383819
vn -0.780149 0.494014 -0.383819
vn -0.755890 0.488028 -0.436416
vn -0.814923 0.471124 -0.337554
vn -0.115136 0.471124 0.874520
vn 0.000000 0.488029 0.872828
vn -0.057680 0.494015 0.867538
vn -0.057680 0.494015 0.867538
vn 0.000000 0.488029 0.872828
vn 0.057680 0.494015 0.867538
vn 0.057680 0.494015 0.867538
vn 0.000000 0.488029 0.872828
vn 0.115136 0.471124 0.874520
vn 0.859585 0.090735 0.502873
vn 0.852401 0.124132 0.507941
vn 0.859585 0.090735 0.502873
vn -0.865297 0.090729 -0.492980
vn -0.865297 0.090729 -0.492980
vn -0.866099 0.124121 -0.484217
vn 0.865198 0.090568 -0.493183
vn 0.866099 0.124126 -0.484217
vn 0.865198 0.090568 -0.493183
vn -0.859712 0.090570 0.502685
vn -0.859712 0.090570 0.502685
vn -0.852400 0.124130 0.507942
vn 0.006267 0.091137 -0.995819
vn 0.013694 0.124133 -0.992171
vn 0.006267 0.091137 -0.995819
vn 0.865632 0.091285 0.492289
vn 0.865632 0.091285 0.492289
vn 0.866097 0.124125 0.484219
vn -0.865701 0.091399 0.492147
vn -0.866098 0.124127 0.484218
vn -0.865701 0.091399 0.492147
vn -0.000013 0.058893 -0.998264
vn -0.006857 0.091563 -0.995776
vn -0.000013 0.058893 -0.998264
vn -0.006857 0.091563 -0.995776
vn 0.846479 -0.000001 0.532422
vn 0.846479 -0.000001 0.532422
vn 0.846479 -0.000001 0.532422
vn 0.846479 -0.000001 0.532422
vn -0.846479 -0.000001 0.532422
vn -0.846479 -0.000001 0.532422
vn -0.846479 -0.000001 0.532422
vn -0.846479 -0.000001 0.532422
vn 0.480272 -0.278126 -0.831856
vn 0.248606 -0.278162 -0.927804
vn 0.480272 -0.278126 -0.831856
vn 0.248606 -0.278162 -0.927804
vn 0.679215 -0.278082 -0.679218
vn 0.480272 -0.278126 -0.831856
vn 0.679215 -0.278082 -0.679218
vn 0.480272 -0.278126 -0.831856
vn 0.831864 -0.278069 -0.480291
vn 0.679215 -0.278082 -0.679218
vn 0.831864 -0.278069 -0.480291
vn 0.679215 -0.278082 -0.679218
vn 0.927818 -0.278109 -0.248617
vn 0.831864 -0.278069 -0.480291
vn 0.927818 -0.278109 -0.248617
vn 0.831864 -0.278069 -0.480291
vn 0.960545 -0.278125 -0.000002
vn 0.927818 -0.278109 -0.248617
vn 0.960545 -0.278125 -0.000002
vn 0.927818 -0.278109 -0.248617
vn 0.927819 -0.278107 0.248614
vn 0.960545 -0.278125 -0.000002
vn 0.927819 -0.278107 0.248614
vn 0.960545 -0.278125 -0.000002
vn 0.831858 -0.278110 0.480278
vn 0.927819 -0.278107 0.248614
vn 0.831858 -0.278110 0.480278
vn 0.927819 -0.278107 0.248614
vn 0.679211 -0.278125 0.679204
vn 0.831858 -0.278110 0.480278
vn 0.679211 -0.278125 0.679204
vn 0.831858 -0.278110 0.480278
vn 0.480279 -0.278104 0.831859
vn 0.679211 -0.278125 0.679204
vn 0.480279 -0.278104 0.831859
vn 0.679211 -0.278125 0.679204
vn 0.248610 -0.278099 0.927822
vn 0.480279 -0.278104 0.831859
vn 0.248610 -0.278099 0.927822
vn 0.480279 -0.278104 0.831859
vn -0.000001 -0.278118 0.960547
vn 0.248610 -0.278099 0.927822
vn -0.000001 -0.278118 0.960547
vn 0.248610 -0.278099 0.927822
vn -0.248615 -0.278106 0.927819
vn -0.000001 -0.278118 0.960547
vn -0.248615 -0.278106 0.927819
vn -0.000001 -0.278118 0.960547
vn -0.480282 -0.278108 0.831857
vn -0.248615 -0.278106 0.927819
vn -0.480282 -0.278108 0.831857
vn -0.248615 -0.278106 0.927819
vn -0.679202 -0.278121 0.679215
vn -0.480282 -0.278108 0.831857
vn -0.679202 -0.278121 0.679215
vn -0.480282 -0.278108 0.831857
vn -0.831857 -0.278108 0.480281
vn -0.679202 -0.278121 0.679215
vn -0.831857 -0.278108 0.480281
vn -0.679202 -0.278121 0.679215
vn -0.927820 -0.278108 0.248607
vn -0.831857 -0.278108 0.480281
vn -0.927820 -0.278108 0.248607
vn -0.831857 -0.278108 0.480281
vn -0.960545 -0.278125 0.000003
vn -0.927820 -0.278108 0.248607
vn -0.960545 -0.278125 0.000003
vn -0.927820 -0.278108 0.248607
vn -0.927816 -0.278121 -0.248608
vn -0.960545 -0.278125 0.000003
vn -0.927816 -0.278121 -0.248608
vn -0.960545 -0.278125 0.000003
vn -0.831861 -0.278105 -0.480275
vn -0.927816 -0.278121 -0.248608
vn -0.831861 -0.278105 -0.480275
vn -0.927816 -0.278121 -0.248608
vn -0.679215 -0.278105 -0.679209
vn -0.831861 -0.278105 -0.480275
vn -0.679215 -0.278105 -0.679209
vn -0.831861 -0.278105 -0.480275
vn -0.480267 -0.278153 -0.831850
vn -0.679215 -0.278105 -0.679209
vn -0.480267 -0.278153 -0.831850
vn -0.679215 -0.278105 -0.679209
vn -0.248594 -0.278222 -0.927790
vn -0.480267 -0.278153 -0.831850
vn -0.248594 -0.278222 -0.927790
vn -0.480267 -0.278153 -0.831850
vn 0.000006 -0.278219 -0.960518
vn -0.248594 -0.278222 -0.927790
vn 0.000006 -0.278219 -0.960518
vn -0.248594 -0.278222 -0.927790
vn 0.248606 -0.278162 -0.927804
vn 0.000006 -0.278219 -0.960518
vn 0.248606 -0.278162 -0.927804
vn 0.000006 -0.278219 -0.960518
vn 0.413423 -0.213153 0.885239
vn 0.194146 -0.660215 0.725550
vn 0.527368 -0.849637 -0.000006
vn 0.527368 -0.849637 -0.000006
vn 0.194146 -0.660215 0.725550
vn -0.178738 -0.983897 -0.000000
vn -0.178738 -0.983897 -0.000000
vn 0.253927 -0.909542 -0.329022
vn 0.527368 -0.849637 -0.000006
vn 0.527368 -0.849637 -0.000006
vn 0.253927 -0.909542 -0.329022
vn 0.635195 -0.387782 -0.667947
vn -0.006857 0.091563 -0.995776
vn -0.006857 0.091563 -0.995776
vn -0.013693 0.124131 -0.992171
vn 0.272373 -0.838602 0.471761
vn 0.973421 -0.211952 -0.086763
vn 0.504796 -0.197496 0.840343
vn 0.504796 -0.197496 0.840343
vn 0.973421 -0.211952 -0.086763
vn 0.990507 -0.053664 -0.126558
vn 0.272373 -0.838602 0.471761
vn 0.504796 -0.197496 0.840343
vn -0.261104 -0.387097 0.884297
vn -0.261104 -0.387097 0.884297
vn 0.504796 -0.197496 0.840343
vn -0.424007 -0.100216 0.900097
vn -0.865701 0.091399 0.492147
vn -0.865701 0.091399 0.492147
vn -0.864322 0.058567 0.499518
vn -0.864322 0.058567 0.499518
vn 0.864177 0.058339 0.499795
vn 0.865632 0.091285 0.492289
vn 0.864177 0.058339 0.499795
vn 0.865632 0.091285 0.492289
vn -0.277954 -0.831060 0.481748
vn 0.278984 -0.380750 0.881588
vn -0.465291 -0.195353 0.863331
vn -0.465291 -0.195353 0.863331
vn 0.278984 -0.380750 0.881588
vn 0.477457 -0.087510 0.874287
vn -0.984251 -0.111509 0.137169
vn -0.890320 -0.392039 0.231595
vn -0.465291 -0.195353 0.863331
vn -0.465291 -0.195353 0.863331
vn -0.890320 -0.392039 0.231595
vn -0.277954 -0.831060 0.481748
vn -0.002501 -0.999988 0.004336
vn -0.002501 -0.999988 0.004336
vn -0.001294 -0.999988 0.004834
vn -0.001294 -0.999988 0.004834
vn -0.003537 -0.999988 0.003540
vn -0.003537 -0.999988 0.003540
vn -0.002501 -0.999988 0.004336
vn -0.002501 -0.999988 0.004336
vn -0.004331 -0.999988 0.002501
vn -0.004331 -0.999988 0.002501
vn -0.003537 -0.999988 0.003540
vn -0.003537 -0.999988 0.003540
vn -0.004831 -0.999988 0.001295
vn -0.004831 -0.999988 0.001295
vn -0.004331 -0.999988 0.002501
vn -0.004331 -0.999988 0.002501
vn -0.005001 -0.999988 0.000003
vn -0.005001 -0.999988 0.000003
vn -0.004831 -0.999988 0.001295
vn -0.004831 -0.999988 0.001295
vn -0.004831 -0.999988 -0.001295
vn -0.004831 -0.999988 -0.001295
vn -0.005001 -0.999988 0.000003
vn -0.005001 -0.999988 0.000003
vn -0.004331 -0.999988 -0.002503
vn -0.004331 -0.999988 -0.002503
vn -0.004831 -0.999988 -0.001295
vn -0.004831 -0.999988 -0.001295
vn -0.003537 -0.999988 -0.003540
vn -0.003537 -0.999988 -0.003540
vn -0.004331 -0.999988 -0.002503
vn -0.004331 -0.999988 -0.002503
vn -0.002501 -0.999988 -0.004336
vn -0.002501 -0.999988 -0.004336
vn -0.003537 -0.999988 -0.003540
vn -0.003537 -0.999988 -0.003540
vn -0.001294 -0.999988 -0.004834
vn -0.001294 -0.999988 -0.004834
vn -0.002501 -0.999988 -0.004336
vn -0.002501 -0.999988 -0.004336
vn -0.000000 -0.999988 -0.005001
vn -0.000000 -0.999988 -0.005001
vn -0.001294 -0.999988 -0.004834
vn -0.001294 -0.999988 -0.004834
vn 0.001294 -0.999988 -0.004834
vn 0.001294 -0.999988 -0.004834
vn -0.000000 -0.999988 -0.005001
vn -0.000000 -0.999988 -0.005001
vn 0.002501 -0.999988 -0.004336
vn 0.002501 -0.999988 -0.004336
vn 0.001294 -0.999988 -0.004834
vn 0.001294 -0.999988 -0.004834
vn 0.003537 -0.999988 -0.003540
vn 0.003537 -0.999988 -0.003540
vn 0.002501 -0.999988 -0.004336
vn 0.002501 -0.999988 -0.004336
vn 0.004331 -0.999988 -0.002501
vn 0.004331 -0.999988 -0.002501
vn 0.003537 -0.999988 -0.003540
vn 0.003537 -0.999988 -0.003540
vn 0.004831 -0.999988 -0.001295
vn 0.004831 -0.999988 -0.001295
vn 0.004331 -0.999988 -0.002501
vn 0.004331 -0.999988 -0.002501
vn 0.005001 -0.999988 -0.000001
vn 0.005001 -0.999988 -0.000001
vn 0.004831 -0.999988 -0.001295
vn 0.004831 -0.999988 -0.001295
vn 0.004831 -0.999988 0.001294
vn 0.004831 -0.999988 0.001294
vn 0.005001 -0.999988 -0.000001
vn 0.005001 -0.999988 -0.000001
vn 0.004331 -0.999988 0.002501
vn 0.004331 -0.999988 0.002501
vn 0.004831 -0.999988 0.001294
vn 0.004831 -0.999988 0.001294
vn 0.003537 -0.999988 0.003540
vn 0.003537 -0.999988 0.003540
vn 0.004331 -0.999988 0.002501
vn 0.004331 -0.999988 0.002501
vn 0.002501 -0.999988 0.004336
vn 0.002501 -0.999988 0.004336
vn 0.003537 -0.999988 0.003540
vn 0.003537 -0.999988 0.003540
vn 0.001294 -0.999988 0.004834
vn 0.001294 -0.999988 0.004834
vn 0.002501 -0.999988 0.004336
vn 0.002501 -0.999988 0.004336
vn -0.000000 -0.999988 0.005002
vn -0.000000 -0.999988 0.005002
vn 0.001294 -0.999988 0.004834
vn 0.001294 -0.999988 0.004834
vn -0.001294 -0.999988 0.004834
vn -0.001294 -0.999988 0.004834
vn -0.000000 -0.999988 0.005002
vn -0.000000 -0.999988 0.005002
vn 0.504796 -0.197496 0.840343
vn 0.706931 0.520793 0.478563
vn 0.128034 0.536788 0.833946
vn -0.814926 0.471123 0.337548
vn -0.755891 0.488030 0.436413
vn -0.780150 0.494015 0.383816
vn -0.780150 0.494015 0.383816
vn -0.755891 0.488030 0.436413
vn -0.722469 0.494016 0.483721
vn -0.722469 0.494016 0.483721
vn -0.755891 0.488030 0.436413
vn -0.699787 0.471126 0.536972
vn 0.699787 0.471126 0.536972
vn 0.755889 0.488029 0.436416
vn 0.722469 0.494016 0.483722
vn 0.722469 0.494016 0.483722
vn 0.755889 0.488029 0.436416
vn 0.780148 0.494014 0.383820
vn 0.780148 0.494014 0.383820
vn 0.755889 0.488029 0.436416
vn 0.814923 0.471123 0.337555
vn -0.859154 0.091284 -0.503510
vn -0.852400 0.124124 -0.507944
vn -0.859154 0.091284 -0.503510
vn -0.006863 0.091556 0.995776
vn 0.194146 -0.660215 0.725550
vn 0.413423 -0.213153 0.885239
vn -0.884330 -0.000003 -0.466863
vn -0.884330 -0.000003 -0.466863
vn -0.884330 -0.000003 -0.466863
vn -0.884330 -0.000003 -0.466863
vn -0.859154 0.091284 -0.503510
vn -0.859154 0.091284 -0.503510
vn -0.864925 0.058340 -0.498499
vn -0.864925 0.058340 -0.498499
vn -0.445974 0.452139 -0.772449
vn -0.402789 0.602838 -0.688729
vn -0.445974 0.452139 -0.772449
vn -0.402789 0.602838 -0.688729
vn 0.445975 0.452139 -0.772449
vn 0.388641 0.629157 -0.673142
vn 0.445975 0.452139 -0.772449
vn 0.388641 0.629157 -0.673142
vn -0.126232 0.967606 0.218641
vn -0.126232 0.967606 0.218641
vn -0.126232 0.967606 0.218641
vn -0.126232 0.967606 0.218641
vn 0.090979 0.985737 0.141581
vn 0.090979 0.985737 0.141581
vn 0.706931 0.520793 0.478563
vn 0.128034 0.536788 0.833946
vn 0.005174 0.999982 -0.002987
vn 0.005174 0.999982 -0.002987
vn 0.005174 0.999982 -0.002987
vn 0.000000 0.999982 -0.005975
vn 0.000000 0.999982 -0.005975
vn 0.000000 0.999982 -0.005975
vn -0.005174 0.999982 -0.002993
vn -0.005174 0.999982 -0.002993
vn -0.005174 0.999982 -0.002993
vn -0.005174 0.999982 0.002993
vn -0.005174 0.999982 0.002993
vn -0.005174 0.999982 0.002993
vn 0.000000 0.999982 0.005975
vn 0.000000 0.999982 0.005975
vn 0.000000 0.999982 0.005975
vn 0.005174 0.999982 0.002993
vn 0.005174 0.999982 0.002993
vn 0.005174 0.999982 0.002993
vn 0.002994 0.999982 -0.005193
vn 0.002994 0.999982 -0.005193
vn 0.002994 0.999982 -0.005193
vn 0.005988 0.999982 0.000000
vn 0.005988 0.999982 0.000000
vn 0.005988 0.999982 0.000000
vn 0.002994 0.999982 0.005188
vn 0.002994 0.999982 0.005188
vn 0.002994 0.999982 0.005188
vn -0.002994 0.999982 0.005186
vn -0.002994 0.999982 0.005186
vn -0.002994 0.999982 0.005186
vn -0.005988 0.999982 0.000000
vn -0.005988 0.999982 0.000000
vn -0.005988 0.999982 0.000000
vn -0.002994 0.999982 -0.005183
vn -0.002994 0.999982 -0.005183
vn -0.002994 0.999982 -0.005183
vn 0.006262 0.091133 0.995819
vn 0.006262 0.091133 0.995819
vn 0.013688 0.124127 0.992172
vn 0.857208 0.092544 -0.506587
vn 0.973421 -0.211952 -0.086763
vn 0.852404 0.124126 -0.507938
vn 0.876039 -0.014849 -0.482011
vn 0.876039 -0.014849 -0.482011
vn 0.876039 -0.014849 -0.482011
vn 0.876039 -0.014849 -0.482011
vn 0.990507 -0.053664 -0.126558
vn 0.973421 -0.211952 -0.086763
vn 0.861136 0.060867 -0.504718
vn 0.857208 0.092544 -0.506587
vn 0.527368 -0.849637 -0.000006
vn 0.980062 -0.198043 0.016034
vn 0.413423 -0.213153 0.885239
vn 0.413423 -0.213153 0.885239
vn 0.980062 -0.198043 0.016034
vn 0.561080 -0.108424 0.820630
vn 0.527368 -0.849637 -0.000006
vn 0.635195 -0.387782 -0.667947
vn 0.980062 -0.198043 0.016034
vn 0.980062 -0.198043 0.016034
vn 0.635195 -0.387782 -0.667947
vn 0.567271 -0.100440 -0.817384
vn 0.877794 0.116502 0.464656
vn 0.980062 -0.198043 0.016034
vn 0.909348 0.128989 -0.395536
vn 0.909348 0.128989 -0.395536
vn 0.980062 -0.198043 0.016034
vn 0.567271 -0.100440 -0.817384
vn -0.000012 0.058895 0.998264
vn -0.000012 0.058895 0.998264
vn 0.413423 -0.213153 0.885239
vn -0.006863 0.091556 0.995776
vn 0.025567 -0.031233 0.999185
vn 0.025567 -0.031233 0.999185
vn 0.025567 -0.031233 0.999185
vn 0.025567 -0.031233 0.999185
vn 0.037853 -0.000005 -0.999283
vn 0.037853 -0.000005 -0.999283
vn 0.037853 -0.000005 -0.999283
vn 0.037853 -0.000005 -0.999283
vn 0.264427 0.964310 0.013628
vn 0.264427 0.964310 0.013628
vn 0.264427 0.964310 0.013628
vn 0.264427 0.964310 0.013628
vn -0.776811 0.629713 -0.005181
vn -0.776811 0.629713 -0.005181
vn -0.891947 0.452139 0.000002
vn -0.891947 0.452139 0.000002
vn 0.980062 -0.198043 0.016034
vn 0.877794 0.116502 0.464656
vn 0.561080 -0.108424 0.820630
vn 0.836113 0.122249 -0.534762
vn 0.520489 -0.192907 -0.831792
vn 0.108633 0.118706 -0.986969
vn -0.372677 -0.110557 -0.921352
vn 0.108633 0.118706 -0.986969
vn 0.520489 -0.192907 -0.831792
vn 0.884330 0.000000 0.466862
vn 0.884330 0.000000 0.466862
vn 0.884330 0.000000 0.466862
vn 0.884330 0.000000 0.466862
vn -0.846478 -0.000001 -0.532424
vn -0.846478 -0.000001 -0.532424
vn -0.846478 -0.000001 -0.532424
vn -0.846478 -0.000001 -0.532424
vn -0.865297 0.090729 -0.492980
vn -0.863464 0.057229 -0.501154
vn -0.865297 0.090729 -0.492980
vn -0.863464 0.057229 -0.501154
vn -0.372677 -0.110557 -0.921352
vn 0.520489 -0.192907 -0.831792
vn -0.234851 -0.394850 -0.888222
vn -0.234851 -0.394850 -0.888222
vn 0.520489 -0.192907 -0.831792
vn 0.312516 -0.797571 -0.515960
vn 0.312516 -0.797571 -0.515960
vn 0.520489 -0.192907 -0.831792
vn 0.908707 -0.372445 -0.188510
vn 0.908707 -0.372445 -0.188510
vn 0.520489 -0.192907 -0.831792
vn 0.995929 -0.086785 -0.024382
vn 0.859585 0.090735 0.502873
vn 0.859585 0.090735 0.502873
vn 0.865744 0.057229 0.497205
vn 0.865744 0.057229 0.497205
vn -0.389443 0.627157 0.674543
vn -0.389443 0.627157 0.674543
vn -0.445972 0.452139 0.772450
vn -0.445972 0.452139 0.772450
vn 0.121677 0.969936 -0.210756
vn 0.121677 0.969936 -0.210756
vn 0.121677 0.969936 -0.210756
vn 0.121677 0.969936 -0.210756
vn 0.520489 -0.192907 -0.831792
vn 0.836113 0.122249 -0.534762
vn 0.995929 -0.086785 -0.024382
vn -0.045052 0.122247 -0.991477
vn -0.460147 -0.192186 -0.866793
vn -0.800418 0.118706 -0.587571
vn -0.984251 -0.110269 -0.138170
vn -0.800418 0.118706 -0.587571
vn -0.460147 -0.192186 -0.866793
vn 0.846478 -0.000002 -0.532424
vn 0.846478 -0.000002 -0.532424
vn 0.846478 -0.000002 -0.532424
vn 0.846478 -0.000002 -0.532424
vn -0.884331 -0.000001 0.466861
vn -0.884331 -0.000001 0.466861
vn -0.884331 -0.000001 0.466861
vn -0.884331 -0.000001 0.466861
vn -0.859712 0.090570 0.502685
vn -0.865986 0.056900 0.496821
vn -0.859712 0.090570 0.502685
vn -0.865986 0.056900 0.496821
vn -0.984251 -0.110269 -0.138170
vn -0.460147 -0.192186 -0.866793
vn -0.886995 -0.394102 -0.240671
vn -0.886995 -0.394102 -0.240671
vn -0.460147 -0.192186 -0.866793
vn -0.296353 -0.788774 -0.538527
vn -0.296353 -0.788774 -0.538527
vn -0.460147 -0.192186 -0.866793
vn 0.291450 -0.371675 -0.881428
vn 0.291450 -0.371675 -0.881428
vn -0.460147 -0.192186 -0.866793
vn 0.476677 -0.086560 -0.874807
vn 0.865198 0.090568 -0.493183
vn 0.865198 0.090568 -0.493183
vn 0.863253 0.056901 -0.501555
vn 0.863253 0.056901 -0.501555
vn 0.445973 0.452139 0.772450
vn 0.445973 0.452139 0.772450
vn 0.390182 0.625322 0.675818
vn 0.390182 0.625322 0.675818
vn -0.117703 0.971896 -0.203872
vn -0.117703 0.971896 -0.203872
vn -0.117703 0.971896 -0.203872
vn -0.117703 0.971896 -0.203872
vn -0.460147 -0.192186 -0.866793
vn -0.045052 0.122247 -0.991477
vn 0.476677 -0.086560 -0.874807
vn -0.881166 0.122254 -0.456728
vn -0.980439 -0.194720 -0.028707
vn -0.909065 0.118710 0.399385
vn -0.611105 -0.111255 0.783692
vn -0.909065 0.118710 0.399385
vn -0.980439 -0.194720 -0.028707
vn -0.037852 -0.000003 -0.999283
vn -0.037852 -0.000003 -0.999283
vn -0.037852 -0.000003 -0.999283
vn -0.037852 -0.000003 -0.999283
vn -0.181252 0.983437 0.000000
vn -0.181252 0.983437 0.000000
vn -0.181252 0.983437 0.000000
vn -0.181252 0.983437 0.000000
vn -0.570433 -0.821344 -0.000159
vn -0.645803 -0.391363 0.655571
vn -0.980439 -0.194720 -0.028707
vn -0.980439 -0.194720 -0.028707
vn -0.645803 -0.391363 0.655571
vn -0.611105 -0.111255 0.783692
vn -0.570433 -0.821344 -0.000159
vn -0.980439 -0.194720 -0.028707
vn -0.624034 -0.380095 -0.682722
vn -0.624034 -0.380095 -0.682722
vn -0.980439 -0.194720 -0.028707
vn -0.518625 -0.087320 -0.850531
vn 0.006267 0.091137 -0.995819
vn 0.006267 0.091137 -0.995819
vn -0.001168 0.058036 -0.998314
vn -0.001168 0.058036 -0.998314
vn 0.792580 0.609768 0.000000
vn 0.792580 0.609768 0.000000
vn 0.891948 0.452139 0.000000
vn 0.891948 0.452139 0.000000
vn -0.037849 0.000008 0.999283
vn -0.037849 0.000008 0.999283
vn -0.037849 0.000008 0.999283
vn -0.037849 0.000008 0.999283
vn 0.006262 0.091133 0.995819
vn -0.001171 0.058033 0.998314
vn 0.006262 0.091133 0.995819
vn -0.001171 0.058033 0.998314
vn -0.980439 -0.194720 -0.028707
vn -0.881166 0.122254 -0.456728
vn -0.518625 -0.087320 -0.850531
vn -0.402789 0.602838 -0.688729
vn -0.402789 0.602838 -0.688729
vn -0.346883 0.734496 -0.583257
vn -0.346883 0.734496 -0.583257
vn -0.316006 0.774948 0.547353
vn -0.389443 0.627157 0.674543
vn -0.316006 0.774948 0.547353
vn -0.389443 0.627157 0.674543
vn -0.776811 0.629713 -0.005181
vn -0.626860 0.779066 -0.010132
vn -0.776811 0.629713 -0.005181
vn -0.626860 0.779066 -0.010132
vn 0.317831 0.771965 0.550503
vn 0.390182 0.625322 0.675818
vn 0.317831 0.771965 0.550503
vn 0.390182 0.625322 0.675818
vn 0.792580 0.609768 0.000000
vn 0.665693 0.746226 0.000000
vn 0.792580 0.609768 0.000000
vn 0.665693 0.746226 0.000000
vn 0.388641 0.629157 -0.673142
vn 0.388641 0.629157 -0.673142
vn 0.314019 0.778187 -0.543891
vn 0.314019 0.778187 -0.543891
vn -0.809245 -0.486109 -0.329878
vn -0.809245 -0.486109 -0.329878
vn -0.309474 -0.791128 -0.527581
vn -0.309474 -0.791128 -0.527581
vn -0.999917 0.007419 -0.010554
vn -0.999917 0.007419 -0.010554
vn -0.809245 -0.486109 -0.329878
vn -0.809245 -0.486109 -0.329878
vn -0.808658 0.500950 0.308419
vn -0.808658 0.500950 0.308419
vn -0.999917 0.007419 -0.010554
vn -0.999917 0.007419 -0.010554
vn -0.308522 0.805965 0.505208
vn -0.308522 0.805965 0.505208
vn -0.808658 0.500950 0.308419
vn -0.808658 0.500950 0.308419
vn -0.308522 0.805965 0.505208
vn 0.309451 0.805963 0.504642
vn -0.308522 0.805965 0.505208
vn 0.309451 0.805963 0.504642
vn 0.309451 0.805963 0.504642
vn 0.809223 0.500948 0.306935
vn 0.309451 0.805963 0.504642
vn 0.809223 0.500948 0.306935
vn 0.809223 0.500948 0.306935
vn 0.999896 0.007417 -0.012391
vn 0.809223 0.500948 0.306935
vn 0.999896 0.007417 -0.012391
vn 0.999896 0.007417 -0.012391
vn 0.808638 -0.486111 -0.331362
vn 0.999896 0.007417 -0.012391
vn 0.808638 -0.486111 -0.331362
vn 0.808638 -0.486111 -0.331362
vn 0.308503 -0.791130 -0.528146
vn 0.808638 -0.486111 -0.331362
vn 0.308503 -0.791130 -0.528146
vn 0.308503 -0.791130 -0.528146
vn -0.309474 -0.791128 -0.527581
vn 0.308503 -0.791130 -0.528146
vn -0.309474 -0.791128 -0.527581
vn -0.000775 0.543020 -0.839720
vn -0.000793 0.543019 -0.839720
vn -0.000776 0.543019 -0.839720
vn -0.000775 0.543020 -0.839720
vn -0.000790 0.543024 -0.839717
vn -0.000793 0.543019 -0.839720
vn -0.000775 0.543020 -0.839720
vn -0.000784 0.543013 -0.839724
vn -0.000790 0.543024 -0.839717
vn -0.000775 0.543020 -0.839720
vn -0.000779 0.543011 -0.839725
vn -0.000784 0.543013 -0.839724
vn -0.000775 0.543020 -0.839720
vn -0.000773 0.543013 -0.839724
vn -0.000779 0.543011 -0.839725
vn -0.000775 0.543020 -0.839720
vn -0.000765 0.543016 -0.839722
vn -0.000773 0.543013 -0.839724
vn -0.000775 0.543020 -0.839720
vn -0.000765 0.543028 -0.839714
vn -0.000765 0.543016 -0.839722
vn -0.000775 0.543020 -0.839720
vn -0.000763 0.543028 -0.839714
vn -0.000765 0.543028 -0.839714
vn -0.000775 0.543020 -0.839720
vn -0.000760 0.543025 -0.839716
vn -0.000763 0.543028 -0.839714
vn -0.000775 0.543020 -0.839720
vn -0.000776 0.543019 -0.839720
vn -0.000760 0.543025 -0.839716
vn -0.000768 0.543024 -0.839717
vn -0.125406 0.386692 -0.913643
vn -0.202361 0.475700 -0.856014
vn -0.000768 0.543024 -0.839717
vn -0.202361 0.475700 -0.856014
vn -0.202303 0.585690 -0.784883
vn -0.000768 0.543024 -0.839717
vn -0.202303 0.585690 -0.784883
vn -0.125247 0.674670 -0.727416
vn -0.000768 0.543024 -0.839717
vn -0.125247 0.674670 -0.727416
vn -0.000647 0.708663 -0.705547
vn -0.000768 0.543024 -0.839717
vn -0.000647 0.708663 -0.705547
vn 0.123904 0.674658 -0.727656
vn -0.000768 0.543024 -0.839717
vn 0.123904 0.674658 -0.727656
vn 0.200856 0.585672 -0.785267
vn -0.000768 0.543024 -0.839717
vn 0.200856 0.585672 -0.785267
vn 0.200798 0.475698 -0.856383
vn -0.000768 0.543024 -0.839717
vn 0.200798 0.475698 -0.856383
vn 0.123736 0.386704 -0.913865
vn -0.000768 0.543024 -0.839717
vn 0.123736 0.386704 -0.913865
vn -0.000859 0.352699 -0.935736
vn -0.000768 0.543024 -0.839717
vn -0.000859 0.352699 -0.935736
vn -0.125406 0.386692 -0.913643
vn -0.926609 -0.129600 -0.352986
vn -0.660408 0.211115 -0.720619
vn -0.573047 -0.538523 -0.617746
vn -0.408584 -0.080145 -0.909195
vn -0.926308 0.375860 -0.026123
vn -0.660190 0.571128 -0.487814
vn -0.926609 -0.129600 -0.352986
vn -0.660408 0.211115 -0.720619
vn -0.572257 0.784784 0.237984
vn -0.408018 0.862379 -0.299706
vn -0.926308 0.375860 -0.026123
vn -0.660190 0.571128 -0.487814
vn -0.408018 0.862379 -0.299706
vn -0.572257 0.784784 0.237984
vn -0.000211 0.973628 -0.228143
vn 0.000312 0.940980 0.338463
vn 0.000312 0.940980 0.338463
vn 0.572695 0.784783 0.236932
vn -0.000211 0.973628 -0.228143
vn 0.407467 0.862377 -0.300462
vn 0.572695 0.784783 0.236932
vn 0.926259 0.375859 -0.027831
vn 0.407467 0.862377 -0.300462
vn 0.659291 0.571122 -0.489035
vn 0.926259 0.375859 -0.027831
vn 0.925959 -0.129596 -0.354689
vn 0.659291 0.571122 -0.489035
vn 0.659081 0.211120 -0.721832
vn 0.925959 -0.129596 -0.354689
vn 0.571911 -0.538521 -0.618800
vn 0.659081 0.211120 -0.721832
vn 0.406911 -0.080129 -0.909947
vn 0.571911 -0.538521 -0.618800
vn -0.000665 -0.694719 -0.719281
vn 0.406911 -0.080129 -0.909947
vn -0.000908 -0.191385 -0.981515
vn -0.573047 -0.538523 -0.617746
vn -0.408584 -0.080145 -0.909195
vn -0.000665 -0.694719 -0.719281
vn -0.000908 -0.191385 -0.981515
vn -0.125406 0.386692 -0.913643
vn -0.408584 -0.080145 -0.909195
vn -0.202361 0.475700 -0.856014
vn -0.660408 0.211115 -0.720619
vn -0.202361 0.475700 -0.856014
vn -0.660408 0.211115 -0.720619
vn -0.202303 0.585690 -0.784883
vn -0.660190 0.571128 -0.487814
vn -0.660190 0.571128 -0.487814
vn -0.408018 0.862379 -0.299706
vn -0.202303 0.585690 -0.784883
vn -0.125247 0.674670 -0.727416
vn -0.408018 0.862379 -0.299706
vn -0.000211 0.973628 -0.228143
vn -0.125247 0.674670 -0.727416
vn -0.000647 0.708663 -0.705547
vn -0.000647 0.708663 -0.705547
vn -0.000211 0.973628 -0.228143
vn 0.123904 0.674658 -0.727656
vn 0.407467 0.862377 -0.300462
vn 0.123904 0.674658 -0.727656
vn 0.407467 0.862377 -0.300462
vn 0.200856 0.585672 -0.785267
vn 0.659291 0.571122 -0.489035
vn 0.659291 0.571122 -0.489035
vn 0.659081 0.211120 -0.721832
vn 0.200856 0.585672 -0.785267
vn 0.200798 0.475698 -0.856383
vn 0.659081 0.211120 -0.721832
vn 0.406911 -0.080129 -0.909947
vn 0.200798 0.475698 -0.856383
vn 0.123736 0.386704 -0.913865
vn 0.406911 -0.080129 -0.909947
vn -0.000908 -0.191385 -0.981515
vn 0.123736 0.386704 -0.913865
vn -0.000859 0.352699 -0.935736
vn -0.000859 0.352699 -0.935736
vn -0.000908 -0.191385 -0.981515
vn -0.125406 0.386692 -0.913643
vn -0.408584 -0.080145 -0.909195
vn 0.000833 0.416982 0.908915
vn 0.000312 0.940980 0.338463
vn -0.495162 0.281678 0.821871
vn -0.572257 0.784784 0.237984
vn -0.495162 0.281678 0.821871
vn -0.572257 0.784784 0.237984
vn -0.801870 -0.072560 0.593076
vn -0.926308 0.375860 -0.026123
vn -0.801870 -0.072560 0.593076
vn -0.926308 0.375860 -0.026123
vn -0.802130 -0.510425 0.309924
vn -0.926609 -0.129600 -0.352986
vn -0.802130 -0.510425 0.309924
vn -0.926609 -0.129600 -0.352986
vn -0.495845 -0.864666 0.080564
vn -0.573047 -0.538523 -0.617746
vn -0.495845 -0.864666 0.080564
vn -0.573047 -0.538523 -0.617746
vn -0.000009 -0.999973 -0.007389
vn -0.000665 -0.694719 -0.719281
vn 0.495991 -0.864666 0.079662
vn -0.000009 -0.999973 -0.007389
vn 0.571911 -0.538521 -0.618800
vn -0.000665 -0.694719 -0.719281
vn 0.802695 -0.510426 0.308458
vn 0.495991 -0.864666 0.079662
vn 0.925959 -0.129596 -0.354689
vn 0.571911 -0.538521 -0.618800
vn 0.802954 -0.072568 0.591607
vn 0.802695 -0.510426 0.308458
vn 0.926259 0.375859 -0.027831
vn 0.925959 -0.129596 -0.354689
vn 0.496669 0.281669 0.820964
vn 0.802954 -0.072568 0.591607
vn 0.572695 0.784783 0.236932
vn 0.926259 0.375859 -0.027831
vn 0.000833 0.416982 0.908915
vn 0.496669 0.281669 0.820964
vn 0.000312 0.940980 0.338463
vn 0.572695 0.784783 0.236932
vn -0.495162 0.281678 0.821871
vn -0.474942 0.230909 0.849183
vn 0.000833 0.416982 0.908915
vn 0.000852 0.360699 0.932682
vn -0.801870 -0.072560 0.593076
vn -0.769165 -0.108907 0.629702
vn -0.495162 0.281678 0.821871
vn -0.474942 0.230909 0.849183
vn -0.802130 -0.510425 0.309924
vn -0.769414 -0.528942 0.358082
vn -0.801870 -0.072560 0.593076
vn -0.769165 -0.108907 0.629702
vn -0.802130 -0.510425 0.309924
vn -0.495845 -0.864666 0.080564
vn -0.769414 -0.528942 0.358082
vn -0.475601 -0.868760 0.138059
vn -0.495845 -0.864666 0.080564
vn -0.000009 -0.999973 -0.007389
vn -0.475601 -0.868760 0.138059
vn 0.000050 -0.998558 0.053686
vn 0.495991 -0.864666 0.079662
vn 0.475851 -0.868759 0.137196
vn -0.000009 -0.999973 -0.007389
vn 0.000050 -0.998558 0.053686
vn 0.802695 -0.510426 0.308458
vn 0.770064 -0.528945 0.356678
vn 0.495991 -0.864666 0.079662
vn 0.475851 -0.868759 0.137196
vn 0.802695 -0.510426 0.308458
vn 0.802954 -0.072568 0.591607
vn 0.770064 -0.528945 0.356678
vn 0.770315 -0.108918 0.628292
vn 0.802954 -0.072568 0.591607
vn 0.496669 0.281669 0.820964
vn 0.770315 -0.108918 0.628292
vn 0.476496 0.230894 0.848316
vn 0.496669 0.281669 0.820964
vn 0.000833 0.416982 0.908915
vn 0.476496 0.230894 0.848316
vn 0.000852 0.360699 0.932682
vn 0.000588 0.764852 0.644206
vn 0.000852 0.360699 0.932682
vn -0.582626 0.605760 0.541850
vn -0.474942 0.230909 0.849183
vn -0.582626 0.605760 0.541850
vn -0.474942 0.230909 0.849183
vn -0.943273 0.189221 0.272821
vn -0.769165 -0.108907 0.629702
vn -0.943273 0.189221 0.272821
vn -0.769165 -0.108907 0.629702
vn -0.943580 -0.325642 -0.060122
vn -0.769414 -0.528942 0.358082
vn -0.943580 -0.325642 -0.060122
vn -0.769414 -0.528942 0.358082
vn -0.583434 -0.742177 -0.329815
vn -0.475601 -0.868760 0.138059
vn -0.583434 -0.742177 -0.329815
vn -0.475601 -0.868760 0.138059
vn -0.000394 -0.901280 -0.433237
vn 0.000050 -0.998558 0.053686
vn 0.582828 -0.742179 -0.330880
vn -0.000394 -0.901280 -0.433237
vn 0.475851 -0.868759 0.137196
vn 0.000050 -0.998558 0.053686
vn 0.943466 -0.325647 -0.061850
vn 0.582828 -0.742179 -0.330880
vn 0.770064 -0.528945 0.356678
vn 0.475851 -0.868759 0.137196
vn 0.943774 0.189215 0.271086
vn 0.943466 -0.325647 -0.061850
vn 0.770315 -0.108918 0.628292
vn 0.770064 -0.528945 0.356678
vn 0.583622 0.605752 0.540786
vn 0.943774 0.189215 0.271086
vn 0.476496 0.230894 0.848316
vn 0.770315 -0.108918 0.628292
vn 0.000588 0.764852 0.644206
vn 0.583622 0.605752 0.540786
vn 0.000852 0.360699 0.932682
vn 0.476496 0.230894 0.848316
vn -0.118946 -0.486117 -0.865761
vn -0.118946 -0.486117 -0.865761
vn 0.302154 -0.791130 -0.531805
vn 0.302154 -0.791130 -0.531805
vn -0.490819 0.007407 -0.871230
vn -0.490819 0.007407 -0.871230
vn -0.118946 -0.486117 -0.865761
vn -0.118946 -0.486117 -0.865761
vn -0.671426 0.500953 -0.546108
vn -0.671426 0.500953 -0.546108
vn -0.490819 0.007407 -0.871230
vn -0.490819 0.007407 -0.871230
vn -0.591775 0.805972 -0.014573
vn -0.591775 0.805972 -0.014573
vn -0.671426 0.500953 -0.546108
vn -0.671426 0.500953 -0.546108
vn -0.591775 0.805972 -0.014573
vn -0.282302 0.805964 0.520316
vn -0.591775 0.805972 -0.014573
vn -0.282302 0.805964 0.520316
vn -0.282302 0.805964 0.520316
vn 0.138798 0.500951 0.854274
vn -0.282302 0.805964 0.520316
vn 0.138798 0.500951 0.854274
vn 0.138798 0.500951 0.854274
vn 0.510679 0.007416 0.859740
vn 0.138798 0.500951 0.854274
vn 0.510679 0.007416 0.859740
vn 0.510679 0.007416 0.859740
vn 0.691284 -0.486107 0.534628
vn 0.510679 0.007416 0.859740
vn 0.691284 -0.486107 0.534628
vn 0.691284 -0.486107 0.534628
vn 0.611641 -0.791129 0.003107
vn 0.691284 -0.486107 0.534628
vn 0.611641 -0.791129 0.003107
vn 0.611641 -0.791129 0.003107
vn 0.302154 -0.791130 -0.531805
vn 0.611641 -0.791129 0.003107
vn 0.302154 -0.791130 -0.531805
vn 0.726833 0.543018 -0.420530
vn 0.726827 0.543011 -0.420549
vn 0.726831 0.543014 -0.420539
vn 0.726833 0.543018 -0.420530
vn 0.726826 0.543020 -0.420540
vn 0.726827 0.543011 -0.420549
vn 0.726833 0.543018 -0.420530
vn 0.726827 0.543020 -0.420538
vn 0.726826 0.543020 -0.420540
vn 0.726833 0.543018 -0.420530
vn 0.726830 0.543014 -0.420541
vn 0.726827 0.543020 -0.420538
vn 0.726833 0.543018 -0.420530
vn 0.726829 0.543016 -0.420539
vn 0.726830 0.543014 -0.420541
vn 0.726833 0.543018 -0.420530
vn 0.726837 0.543023 -0.420517
vn 0.726829 0.543016 -0.420539
vn 0.726833 0.543018 -0.420530
vn 0.726835 0.543030 -0.420511
vn 0.726837 0.543023 -0.420517
vn 0.726833 0.543018 -0.420530
vn 0.726840 0.543020 -0.420515
vn 0.726835 0.543030 -0.420511
vn 0.726833 0.543018 -0.420530
vn 0.726844 0.543013 -0.420516
vn 0.726840 0.543020 -0.420515
vn 0.726833 0.543018 -0.420530
vn 0.726831 0.543014 -0.420539
vn 0.726844 0.543013 -0.420516
vn 0.726839 0.543017 -0.420522
vn 0.728555 0.386659 -0.565423
vn 0.640162 0.475679 -0.603260
vn 0.726839 0.543017 -0.420522
vn 0.640162 0.475679 -0.603260
vn 0.578571 0.585683 -0.567655
vn 0.726839 0.543017 -0.420522
vn 0.578571 0.585683 -0.567655
vn 0.567340 0.674674 -0.472165
vn 0.726839 0.543017 -0.420522
vn 0.567340 0.674674 -0.472165
vn 0.610692 0.708678 -0.353313
vn 0.726839 0.543017 -0.420522
vn 0.610692 0.708678 -0.353313
vn 0.692098 0.674685 -0.256515
vn 0.726839 0.543017 -0.420522
vn 0.692098 0.674685 -0.256515
vn 0.780483 0.585683 -0.218680
vn 0.726839 0.543017 -0.420522
vn 0.780483 0.585683 -0.218680
vn 0.842056 0.475696 -0.254274
vn 0.726839 0.543017 -0.420522
vn 0.842056 0.475696 -0.254274
vn 0.853292 0.386700 -0.349794
vn 0.726839 0.543017 -0.420522
vn 0.853292 0.386700 -0.349794
vn 0.809933 0.352670 -0.468650
vn 0.726839 0.543017 -0.420522
vn 0.809933 0.352670 -0.468650
vn 0.728555 0.386659 -0.565423
vn -0.157597 -0.129604 -0.978962
vn 0.293885 0.211106 -0.932237
vn 0.248467 -0.538515 -0.805150
vn 0.583103 -0.080146 -0.808435
vn -0.440524 0.375861 -0.815272
vn 0.092360 0.571126 -0.815650
vn -0.157597 -0.129604 -0.978962
vn 0.293885 0.211106 -0.932237
vn -0.492229 0.784785 -0.376594
vn 0.055541 0.862379 -0.503208
vn -0.440524 0.375861 -0.815272
vn 0.092360 0.571126 -0.815650
vn 0.055541 0.862379 -0.503208
vn -0.492229 0.784785 -0.376594
vn 0.197468 0.973629 -0.114247
vn -0.292963 0.940979 0.169506
vn -0.292963 0.940979 0.169506
vn 0.081155 0.784783 0.614435
vn 0.197468 0.973629 -0.114247
vn 0.463932 0.862381 0.202648
vn 0.081155 0.784783 0.614435
vn 0.487224 0.375867 0.788250
vn 0.463932 0.862381 0.202648
vn 0.753157 0.571130 0.326442
vn 0.487224 0.375867 0.788250
vn 0.770150 -0.129594 0.624559
vn 0.753157 0.571130 0.326442
vn 0.954664 0.211127 0.209864
vn 0.770150 -0.129594 0.624559
vn 0.821851 -0.538524 0.185883
vn 0.954664 0.211127 0.209864
vn 0.991492 -0.080126 -0.102588
vn 0.821851 -0.538524 0.185883
vn 0.622586 -0.694711 -0.360227
vn 0.991492 -0.080126 -0.102588
vn 0.849555 -0.191373 -0.491562
vn 0.248467 -0.538515 -0.805150
vn 0.583103 -0.080146 -0.808435
vn 0.622586 -0.694711 -0.360227
vn 0.849555 -0.191373 -0.491562
vn 0.728555 0.386659 -0.565423
vn 0.583103 -0.080146 -0.808435
vn 0.640162 0.475679 -0.603260
vn 0.293885 0.211106 -0.932237
vn 0.640162 0.475679 -0.603260
vn 0.293885 0.211106 -0.932237
vn 0.578571 0.585683 -0.567655
vn 0.092360 0.571126 -0.815650
vn 0.092360 0.571126 -0.815650
vn 0.055541 0.862379 -0.503208
vn 0.578571 0.585683 -0.567655
vn 0.567340 0.674674 -0.472165
vn 0.055541 0.862379 -0.503208
vn 0.197468 0.973629 -0.114247
vn 0.567340 0.674674 -0.472165
vn 0.610692 0.708678 -0.353313
vn 0.610692 0.708678 -0.353313
vn 0.197468 0.973629 -0.114247
vn 0.692098 0.674685 -0.256515
vn 0.463932 0.862381 0.202648
vn 0.692098 0.674685 -0.256515
vn 0.463932 0.862381 0.202648
vn 0.780483 0.585683 -0.218680
vn 0.753157 0.571130 0.326442
vn 0.753157 0.571130 0.326442
vn 0.954664 0.211127 0.209864
vn 0.780483 0.585683 -0.218680
vn 0.842056 0.475696 -0.254274
vn 0.954664 0.211127 0.209864
vn 0.991492 -0.080126 -0.102588
vn 0.842056 0.475696 -0.254274
vn 0.853292 0.386700 -0.349794
vn 0.991492 -0.080126 -0.102588
vn 0.849555 -0.191373 -0.491562
vn 0.853292 0.386700 -0.349794
vn 0.809933 0.352670 -0.468650
vn 0.809933 0.352670 -0.468650
vn 0.849555 -0.191373 -0.491562
vn 0.728555 0.386659 -0.565423
vn 0.583103 -0.080146 -0.808435
vn -0.786719 0.416998 0.455176
vn -0.292963 0.940979 0.169506
vn -0.959338 0.281693 -0.017885
vn -0.492229 0.784785 -0.376594
vn -0.959338 0.281693 -0.017885
vn -0.492229 0.784785 -0.376594
vn -0.914551 -0.072554 -0.397910
vn -0.440524 0.375861 -0.815272
vn -0.914551 -0.072554 -0.397910
vn -0.440524 0.375861 -0.815272
vn -0.669460 -0.510426 -0.539712
vn -0.157597 -0.129604 -0.978962
vn -0.669460 -0.510426 -0.539712
vn -0.157597 -0.129604 -0.978962
vn -0.317690 -0.864662 -0.389144
vn 0.248467 -0.538515 -0.805150
vn -0.317690 -0.864662 -0.389144
vn 0.248467 -0.538515 -0.805150
vn 0.006389 -0.999973 -0.003711
vn 0.622586 -0.694711 -0.360227
vn 0.179009 -0.864670 0.469362
vn 0.006389 -0.999973 -0.003711
vn 0.821851 -0.538524 0.185883
vn 0.622586 -0.694711 -0.360227
vn 0.134212 -0.510421 0.849387
vn 0.179009 -0.864670 0.469362
vn 0.770150 -0.129594 0.624559
vn 0.821851 -0.538524 0.185883
vn -0.110871 -0.072552 0.991183
vn 0.134212 -0.510421 0.849387
vn 0.487224 0.375867 0.788250
vn 0.770150 -0.129594 0.624559
vn -0.462637 0.281677 0.840610
vn -0.110871 -0.072552 0.991183
vn 0.081155 0.784783 0.614435
vn 0.487224 0.375867 0.788250
vn -0.786719 0.416998 0.455176
vn -0.462637 0.281677 0.840610
vn -0.292963 0.940979 0.169506
vn 0.081155 0.784783 0.614435
vn -0.959338 0.281693 -0.017885
vn -0.972883 0.230917 0.013280
vn -0.786719 0.416998 0.455176
vn -0.807299 0.360718 0.467066
vn -0.914551 -0.072554 -0.397910
vn -0.929918 -0.108901 -0.351273
vn -0.959338 0.281693 -0.017885
vn -0.972883 0.230917 0.013280
vn -0.669460 -0.510426 -0.539712
vn -0.694812 -0.528939 -0.487299
vn -0.914551 -0.072554 -0.397910
vn -0.929918 -0.108901 -0.351273
vn -0.669460 -0.510426 -0.539712
vn -0.317690 -0.864662 -0.389144
vn -0.694812 -0.528939 -0.487299
vn -0.357360 -0.868759 -0.342859
vn -0.317690 -0.864662 -0.389144
vn 0.006389 -0.999973 -0.003711
vn -0.357360 -0.868759 -0.342859
vn -0.046471 -0.998558 0.026879
vn 0.179009 -0.864670 0.469362
vn 0.119120 -0.868763 0.480689
vn 0.006389 -0.999973 -0.003711
vn -0.046471 -0.998558 0.026879
vn 0.134212 -0.510421 0.849387
vn 0.076144 -0.528938 0.845238
vn 0.179009 -0.864670 0.469362
vn 0.119120 -0.868763 0.480689
vn 0.134212 -0.510421 0.849387
vn -0.110871 -0.072552 0.991183
vn 0.076144 -0.528938 0.845238
vn -0.158948 -0.108911 0.981261
vn -0.110871 -0.072552 0.991183
vn -0.462637 0.281677 0.840610
vn -0.158948 -0.108911 0.981261
vn -0.496410 0.230903 0.836816
vn -0.462637 0.281677 0.840610
vn -0.786719 0.416998 0.455176
vn -0.496410 0.230903 0.836816
vn -0.807299 0.360718 0.467066
vn -0.557612 0.764854 0.322596
vn -0.807299 0.360718 0.467066
vn -0.760575 0.605754 -0.233640
vn -0.972883 0.230917 0.013280
vn -0.760575 0.605754 -0.233640
vn -0.972883 0.230917 0.013280
vn -0.707908 0.189219 -0.680487
vn -0.929918 -0.108901 -0.351273
vn -0.707908 0.189219 -0.680487
vn -0.929918 -0.108901 -0.351273
vn -0.419725 -0.325642 -0.847224
vn -0.694812 -0.528939 -0.487299
vn -0.419725 -0.325642 -0.847224
vn -0.694812 -0.528939 -0.487299
vn -0.006090 -0.742181 -0.670172
vn -0.357360 -0.868759 -0.342859
vn -0.006090 -0.742181 -0.670172
vn -0.357360 -0.868759 -0.342859
vn 0.374999 -0.901279 -0.216963
vn -0.046471 -0.998558 0.026879
vn 0.577976 -0.742177 0.339290
vn 0.374999 -0.901279 -0.216963
vn 0.119120 -0.868763 0.480689
vn -0.046471 -0.998558 0.026879
vn 0.525305 -0.325641 0.786138
vn 0.577976 -0.742177 0.339290
vn 0.076144 -0.528938 0.845238
vn 0.119120 -0.868763 0.480689
vn 0.237130 0.189208 0.952874
vn 0.525305 -0.325641 0.786138
vn -0.158948 -0.108911 0.981261
vn 0.076144 -0.528938 0.845238
vn -0.176518 0.605758 0.775821
vn 0.237130 0.189208 0.952874
vn -0.496410 0.230903 0.836816
vn -0.158948 -0.108911 0.981261
vn -0.557612 0.764854 0.322596
vn -0.176518 0.605758 0.775821
vn -0.807299 0.360718 0.467066
vn -0.496410 0.230903 0.836816
vn 0.809245 -0.486109 0.329878
vn 0.809245 -0.486109 0.329878
vn 0.309474 -0.791129 0.527581
vn 0.309474 -0.791129 0.527581
vn 0.999917 0.007419 0.010554
vn 0.999917 0.007419 0.010554
vn 0.809245 -0.486109 0.329878
vn 0.809245 -0.486109 0.329878
vn 0.808658 0.500950 -0.308419
vn 0.808658 0.500950 -0.308419
vn 0.999917 0.007419 0.010554
vn 0.999917 0.007419 0.010554
vn 0.308522 0.805965 -0.505208
vn 0.308522 0.805965 -0.505208
vn 0.808658 0.500950 -0.308419
vn 0.808658 0.500950 -0.308419
vn 0.308522 0.805965 -0.505208
vn -0.309451 0.805963 -0.504642
vn 0.308522 0.805965 -0.505208
vn -0.309451 0.805963 -0.504642
vn -0.309451 0.805963 -0.504642
vn -0.809223 0.500948 -0.306935
vn -0.309451 0.805963 -0.504642
vn -0.809223 0.500948 -0.306935
vn -0.809223 0.500948 -0.306935
vn -0.999896 0.007417 0.012391
vn -0.809223 0.500948 -0.306935
vn -0.999896 0.007417 0.012391
vn -0.999896 0.007417 0.012391
vn -0.808638 -0.486111 0.331362
vn -0.999896 0.007417 0.012391
vn -0.808638 -0.486111 0.331362
vn -0.808638 -0.486111 0.331362
vn -0.308503 -0.791130 0.528146
vn -0.808638 -0.486111 0.331362
vn -0.308503 -0.791130 0.528146
vn -0.308503 -0.791130 0.528146
vn 0.309474 -0.791129 0.527581
vn -0.308503 -0.791130 0.528146
vn 0.309474 -0.791129 0.527581
vn 0.000775 0.543020 0.839719
vn 0.000793 0.543019 0.839720
vn 0.000776 0.543021 0.839719
vn 0.000775 0.543020 0.839719
vn 0.000790 0.543024 0.839717
vn 0.000793 0.543019 0.839720
vn 0.000775 0.543020 0.839719
vn 0.000784 0.543013 0.839724
vn 0.000790 0.543024 0.839717
vn 0.000775 0.543020 0.839719
vn 0.000779 0.543009 0.839727
vn 0.000784 0.543013 0.839724
vn 0.000775 0.543020 0.839719
vn 0.000773 0.543013 0.839724
vn 0.000779 0.543009 0.839727
vn 0.000775 0.543020 0.839719
vn 0.000765 0.543018 0.839721
vn 0.000773 0.543013 0.839724
vn 0.000775 0.543020 0.839719
vn 0.000765 0.543028 0.839714
vn 0.000765 0.543018 0.839721
vn 0.000775 0.543020 0.839719
vn 0.000763 0.543028 0.839714
vn 0.000765 0.543028 0.839714
vn 0.000775 0.543020 0.839719
vn 0.000760 0.543027 0.839715
vn 0.000763 0.543028 0.839714
vn 0.000775 0.543020 0.839719
vn 0.000776 0.543021 0.839719
vn 0.000760 0.543027 0.839715
vn 0.000768 0.543026 0.839716
vn 0.125406 0.386692 0.913643
vn 0.202361 0.475699 0.856014
vn 0.000768 0.543026 0.839716
vn 0.202361 0.475699 0.856014
vn 0.202303 0.585686 0.784885
vn 0.000768 0.543026 0.839716
vn 0.202303 0.585686 0.784885
vn 0.125247 0.674667 0.727419
vn 0.000768 0.543026 0.839716
vn 0.125247 0.674667 0.727419
vn 0.000647 0.708661 0.705549
vn 0.000768 0.543026 0.839716
vn 0.000647 0.708661 0.705549
vn -0.123905 0.674668 0.727648
vn 0.000768 0.543026 0.839716
vn -0.123905 0.674668 0.727648
vn -0.200857 0.585685 0.785258
vn 0.000768 0.543026 0.839716
vn -0.200857 0.585685 0.785258
vn -0.200798 0.475698 0.856383
vn 0.000768 0.543026 0.839716
vn -0.200798 0.475698 0.856383
vn -0.123736 0.386704 0.913865
vn 0.000768 0.543026 0.839716
vn -0.123736 0.386704 0.913865
vn 0.000859 0.352699 0.935736
vn 0.000768 0.543026 0.839716
vn 0.000859 0.352699 0.935736
vn 0.125406 0.386692 0.913643
vn 0.926609 -0.129600 0.352986
vn 0.660408 0.211114 0.720619
vn 0.573047 -0.538523 0.617746
vn 0.408583 -0.080145 0.909195
vn 0.926308 0.375860 0.026123
vn 0.660190 0.571128 0.487813
vn 0.926609 -0.129600 0.352986
vn 0.660408 0.211114 0.720619
vn 0.572257 0.784784 -0.237984
vn 0.408018 0.862380 0.299705
vn 0.926308 0.375860 0.026123
vn 0.660190 0.571128 0.487813
vn 0.408018 0.862380 0.299705
vn 0.572257 0.784784 -0.237984
vn 0.000211 0.973627 0.228146
vn -0.000312 0.940980 -0.338463
vn -0.000312 0.940980 -0.338463
vn -0.572695 0.784783 -0.236932
vn 0.000211 0.973627 0.228146
vn -0.407467 0.862377 0.300460
vn -0.572695 0.784783 -0.236932
vn -0.926259 0.375859 0.027831
vn -0.407467 0.862377 0.300460
vn -0.659292 0.571125 0.489030
vn -0.926259 0.375859 0.027831
vn -0.925959 -0.129596 0.354689
vn -0.659292 0.571125 0.489030
vn -0.659081 0.211120 0.721832
vn -0.925959 -0.129596 0.354689
vn -0.571911 -0.538520 0.618800
vn -0.659081 0.211120 0.721832
vn -0.406911 -0.080129 0.909947
vn -0.571911 -0.538520 0.618800
vn 0.000665 -0.694719 0.719281
vn -0.406911 -0.080129 0.909947
vn 0.000908 -0.191385 0.981515
vn 0.573047 -0.538523 0.617746
vn 0.408583 -0.080145 0.909195
vn 0.000665 -0.694719 0.719281
vn 0.000908 -0.191385 0.981515
vn 0.125406 0.386692 0.913643
vn 0.408583 -0.080145 0.909195
vn 0.202361 0.475699 0.856014
vn 0.660408 0.211114 0.720619
vn 0.202361 0.475699 0.856014
vn 0.660408 0.211114 0.720619
vn 0.202303 0.585686 0.784885
vn 0.660190 0.571128 0.487813
vn 0.660190 0.571128 0.487813
vn 0.408018 0.862380 0.299705
vn 0.202303 0.585686 0.784885
vn 0.125247 0.674667 0.727419
vn 0.408018 0.862380 0.299705
vn 0.000211 0.973627 0.228146
vn 0.125247 0.674667 0.727419
vn 0.000647 0.708661 0.705549
vn 0.000647 0.708661 0.705549
vn 0.000211 0.973627 0.228146
vn -0.123905 0.674668 0.727648
vn -0.407467 0.862377 0.300460
vn -0.123905 0.674668 0.727648
vn -0.407467 0.862377 0.300460
vn -0.200857 0.585685 0.785258
vn -0.659292 0.571125 0.489030
vn -0.659292 0.571125 0.489030
vn -0.659081 0.211120 0.721832
vn -0.200857 0.585685 0.785258
vn -0.200798 0.475698 0.856383
vn -0.659081 0.211120 0.721832
vn -0.406911 -0.080129 0.909947
vn -0.200798 0.475698 0.856383
vn -0.123736 0.386704 0.913865
vn -0.406911 -0.080129 0.909947
vn 0.000908 -0.191385 0.981515
vn -0.123736 0.386704 0.913865
vn 0.000859 0.352699 0.935736
vn 0.000859 0.352699 0.935736
vn 0.000908 -0.191385 0.981515
vn 0.125406 0.386692 0.913643
vn 0.408583 -0.080145 0.909195
vn -0.000833 0.416982 -0.908915
vn -0.000312 0.940980 -0.338463
vn 0.495162 0.281678 -0.821871
vn 0.572257 0.784784 -0.237984
vn 0.495162 0.281678 -0.821871
vn 0.572257 0.784784 -0.237984
vn 0.801870 -0.072560 -0.593076
vn 0.926308 0.375860 0.026123
vn 0.801870 -0.072560 -0.593076
vn 0.926308 0.375860 0.026123
vn 0.802130 -0.510425 -0.309924
vn 0.926609 -0.129600 0.352986
vn 0.802130 -0.510425 -0.309924
vn 0.926609 -0.129600 0.352986
vn 0.495845 -0.864666 -0.080564
vn 0.573047 -0.538523 0.617746
vn 0.495845 -0.864666 -0.080564
vn 0.573047 -0.538523 0.617746
vn 0.000009 -0.999973 0.007389
vn 0.000665 -0.694719 0.719281
vn -0.495991 -0.864666 -0.079662
vn 0.000009 -0.999973 0.007389
vn -0.571911 -0.538520 0.618800
vn 0.000665 -0.694719 0.719281
vn -0.802695 -0.510426 -0.308458
vn -0.495991 -0.864666 -0.079662
vn -0.925959 -0.129596 0.354689
vn -0.571911 -0.538520 0.618800
vn -0.802954 -0.072569 -0.591607
vn -0.802695 -0.510426 -0.308458
vn -0.926259 0.375859 0.027831
vn -0.925959 -0.129596 0.354689
vn -0.496669 0.281669 -0.820964
vn -0.802954 -0.072569 -0.591607
vn -0.572695 0.784783 -0.236932
vn -0.926259 0.375859 0.027831
vn -0.000833 0.416982 -0.908915
vn -0.496669 0.281669 -0.820964
vn -0.000312 0.940980 -0.338463
vn -0.572695 0.784783 -0.236932
vn 0.495162 0.281678 -0.821871
vn 0.474942 0.230909 -0.849183
vn -0.000833 0.416982 -0.908915
vn -0.000852 0.360699 -0.932682
vn 0.801870 -0.072560 -0.593076
vn 0.769165 -0.108907 -0.629702
vn 0.495162 0.281678 -0.821871
vn 0.474942 0.230909 -0.849183
vn 0.802130 -0.510425 -0.309924
vn 0.769414 -0.528942 -0.358082
vn 0.801870 -0.072560 -0.593076
vn 0.769165 -0.108907 -0.629702
vn 0.802130 -0.510425 -0.309924
vn 0.495845 -0.864666 -0.080564
vn 0.769414 -0.528942 -0.358082
vn 0.475601 -0.868760 -0.138059
vn 0.495845 -0.864666 -0.080564
vn 0.000009 -0.999973 0.007389
vn 0.475601 -0.868760 -0.138059
vn -0.000050 -0.998558 -0.053686
vn -0.495991 -0.864666 -0.079662
vn -0.475851 -0.868759 -0.137196
vn 0.000009 -0.999973 0.007389
vn -0.000050 -0.998558 -0.053686
vn -0.802695 -0.510426 -0.308458
vn -0.770064 -0.528945 -0.356678
vn -0.495991 -0.864666 -0.079662
vn -0.475851 -0.868759 -0.137196
vn -0.802695 -0.510426 -0.308458
vn -0.802954 -0.072569 -0.591607
vn -0.770064 -0.528945 -0.356678
vn -0.770315 -0.108918 -0.628292
vn -0.802954 -0.072569 -0.591607
vn -0.496669 0.281669 -0.820964
vn -0.770315 -0.108918 -0.628292
vn -0.476496 0.230894 -0.848315
vn -0.496669 0.281669 -0.820964
vn -0.000833 0.416982 -0.908915
vn -0.476496 0.230894 -0.848315
vn -0.000852 0.360699 -0.932682
vn -0.000588 0.764852 -0.644206
vn -0.000852 0.360699 -0.932682
vn 0.582627 0.605760 -0.541850
vn 0.474942 0.230909 -0.849183
vn 0.582627 0.605760 -0.541850
vn 0.474942 0.230909 -0.849183
vn 0.943273 0.189221 -0.272821
vn 0.769165 -0.108907 -0.629702
vn 0.943273 0.189221 -0.272821
vn 0.769165 -0.108907 -0.629702
vn 0.943580 -0.325642 0.060122
vn 0.769414 -0.528942 -0.358082
vn 0.943580 -0.325642 0.060122
vn 0.769414 -0.528942 -0.358082
vn 0.583434 -0.742177 0.329815
vn 0.475601 -0.868760 -0.138059
vn 0.583434 -0.742177 0.329815
vn 0.475601 -0.868760 -0.138059
vn 0.000394 -0.901280 0.433237
vn -0.000050 -0.998558 -0.053686
vn -0.582828 -0.742179 0.330880
vn 0.000394 -0.901280 0.433237
vn -0.475851 -0.868759 -0.137196
vn -0.000050 -0.998558 -0.053686
vn -0.943466 -0.325647 0.061850
vn -0.582828 -0.742179 0.330880
vn -0.770064 -0.528945 -0.356678
vn -0.475851 -0.868759 -0.137196
vn -0.943774 0.189215 -0.271086
vn -0.943466 -0.325647 0.061850
vn -0.770315 -0.108918 -0.628292
vn -0.770064 -0.528945 -0.356678
vn -0.583622 0.605753 -0.540786
vn -0.943774 0.189215 -0.271086
vn -0.476496 0.230894 -0.848315
vn -0.770315 -0.108918 -0.628292
vn -0.000588 0.764852 -0.644206
vn -0.583622 0.605753 -0.540786
vn -0.000852 0.360699 -0.932682
vn -0.476496 0.230894 -0.848315
vn 0.118946 -0.486117 0.865761
vn 0.118946 -0.486117 0.865761
vn -0.302154 -0.791130 0.531805
vn -0.302154 -0.791130 0.531805
vn 0.490819 0.007406 0.871230
vn 0.490819 0.007406 0.871230
vn 0.118946 -0.486117 0.865761
vn 0.118946 -0.486117 0.865761
vn 0.671426 0.500953 0.546108
vn 0.671426 0.500953 0.546108
vn 0.490819 0.007406 0.871230
vn 0.490819 0.007406 0.871230
vn 0.591775 0.805972 0.014573
vn 0.591775 0.805972 0.014573
vn 0.671426 0.500953 0.546108
vn 0.671426 0.500953 0.546108
vn 0.591775 0.805972 0.014573
vn 0.282302 0.805964 -0.520316
vn 0.591775 0.805972 0.014573
vn 0.282302 0.805964 -0.520316
vn 0.282302 0.805964 -0.520316
vn -0.138798 0.500951 -0.854274
vn 0.282302 0.805964 -0.520316
vn -0.138798 0.500951 -0.854274
vn -0.138798 0.500951 -0.854274
vn -0.510679 0.007416 -0.859740
vn -0.138798 0.500951 -0.854274
vn -0.510679 0.007416 -0.859740
vn -0.510679 0.007416 -0.859740
vn -0.691284 -0.486107 -0.534628
vn -0.510679 0.007416 -0.859740
vn -0.691284 -0.486107 -0.534628
vn -0.691284 -0.486107 -0.534628
vn -0.611641 -0.791129 -0.003107
vn -0.691284 -0.486107 -0.534628
vn -0.611641 -0.791129 -0.003107
vn -0.611641 -0.791129 -0.003107
vn -0.302154 -0.791130 0.531805
vn -0.611641 -0.791129 -0.003107
vn -0.302154 -0.791130 0.531805
vn -0.726833 0.543018 0.420530
vn -0.726827 0.543011 0.420549
vn -0.726831 0.543014 0.420539
vn -0.726833 0.543018 0.420530
vn -0.726826 0.543020 0.420540
vn -0.726827 0.543011 0.420549
vn -0.726833 0.543018 0.420530
vn -0.726827 0.543020 0.420538
vn -0.726826 0.543020 0.420540
vn -0.726833 0.543018 0.420530
vn -0.726829 0.543014 0.420541
vn -0.726827 0.543020 0.420538
vn -0.726833 0.543018 0.420530
vn -0.726829 0.543016 0.420539
vn -0.726829 0.543014 0.420541
vn -0.726833 0.543018 0.420530
vn -0.726837 0.543023 0.420517
vn -0.726829 0.543016 0.420539
vn -0.726833 0.543018 0.420530
vn -0.726835 0.543030 0.420511
vn -0.726837 0.543023 0.420517
vn -0.726833 0.543018 0.420530
vn -0.726840 0.543020 0.420515
vn -0.726835 0.543030 0.420511
vn -0.726833 0.543018 0.420530
vn -0.726845 0.543013 0.420516
vn -0.726840 0.543020 0.420515
vn -0.726833 0.543018 0.420530
vn -0.726831 0.543014 0.420539
vn -0.726845 0.543013 0.420516
vn -0.726838 0.543017 0.420522
vn -0.728554 0.386660 0.565423
vn -0.640161 0.475680 0.603260
vn -0.726838 0.543017 0.420522
vn -0.640161 0.475680 0.603260
vn -0.578571 0.585683 0.567655
vn -0.726838 0.543017 0.420522
vn -0.578571 0.585683 0.567655
vn -0.567340 0.674674 0.472166
vn -0.726838 0.543017 0.420522
vn -0.567340 0.674674 0.472166
vn -0.610692 0.708679 0.353313
vn -0.726838 0.543017 0.420522
vn -0.610692 0.708679 0.353313
vn -0.692098 0.674686 0.256515
vn -0.726838 0.543017 0.420522
vn -0.692098 0.674686 0.256515
vn -0.780484 0.585682 0.218680
vn -0.726838 0.543017 0.420522
vn -0.780484 0.585682 0.218680
vn -0.842057 0.475694 0.254275
vn -0.726838 0.543017 0.420522
vn -0.842057 0.475694 0.254275
vn -0.853292 0.386699 0.349794
vn -0.726838 0.543017 0.420522
vn -0.853292 0.386699 0.349794
vn -0.809932 0.352671 0.468650
vn -0.726838 0.543017 0.420522
vn -0.809932 0.352671 0.468650
vn -0.728554 0.386660 0.565423
vn 0.157597 -0.129604 0.978962
vn -0.293885 0.211106 0.932237
vn -0.248467 -0.538515 0.805150
vn -0.583103 -0.080146 0.808435
vn 0.440523 0.375861 0.815272
vn -0.092360 0.571127 0.815650
vn 0.157597 -0.129604 0.978962
vn -0.293885 0.211106 0.932237
vn 0.492229 0.784786 0.376594
vn -0.055541 0.862379 0.503208
vn 0.440523 0.375861 0.815272
vn -0.092360 0.571127 0.815650
vn -0.055541 0.862379 0.503208
vn 0.492229 0.784786 0.376594
vn -0.197468 0.973629 0.114247
vn 0.292963 0.940979 -0.169506
vn 0.292963 0.940979 -0.169506
vn -0.081155 0.784783 -0.614435
vn -0.197468 0.973629 0.114247
vn -0.463932 0.862381 -0.202648
vn -0.081155 0.784783 -0.614435
vn -0.487224 0.375866 -0.788250
vn -0.463932 0.862381 -0.202648
vn -0.753158 0.571129 -0.326442
vn -0.487224 0.375866 -0.788250
vn -0.770151 -0.129594 -0.624559
vn -0.753158 0.571129 -0.326442
vn -0.954664 0.211127 -0.209864
vn -0.770151 -0.129594 -0.624559
vn -0.821852 -0.538524 -0.185883
vn -0.954664 0.211127 -0.209864
vn -0.991492 -0.080125 0.102588
vn -0.821852 -0.538524 -0.185883
vn -0.622586 -0.694711 0.360227
vn -0.991492 -0.080125 0.102588
vn -0.849555 -0.191373 0.491562
vn -0.248467 -0.538515 0.805150
vn -0.583103 -0.080146 0.808435
vn -0.622586 -0.694711 0.360227
vn -0.849555 -0.191373 0.491562
vn -0.728554 0.386660 0.565423
vn -0.583103 -0.080146 0.808435
vn -0.640161 0.475680 0.603260
vn -0.293885 0.211106 0.932237
vn -0.640161 0.475680 0.603260
vn -0.293885 0.211106 0.932237
vn -0.578571 0.585683 0.567655
vn -0.092360 0.571127 0.815650
vn -0.092360 0.571127 0.815650
vn -0.055541 0.862379 0.503208
vn -0.578571 0.585683 0.567655
vn -0.567340 0.674674 0.472166
vn -0.055541 0.862379 0.503208
vn -0.197468 0.973629 0.114247
vn -0.567340 0.674674 0.472166
vn -0.610692 0.708679 0.353313
vn -0.610692 0.708679 0.353313
vn -0.197468 0.973629 0.114247
vn -0.692098 0.674686 0.256515
vn -0.463932 0.862381 -0.202648
vn -0.692098 0.674686 0.256515
vn -0.463932 0.862381 -0.202648
vn -0.780484 0.585682 0.218680
vn -0.753158 0.571129 -0.326442
vn -0.753158 0.571129 -0.326442
vn -0.954664 0.211127 -0.209864
vn -0.780484 0.585682 0.218680
vn -0.842057 0.475694 0.254275
vn -0.954664 0.211127 -0.209864
vn -0.991492 -0.080125 0.102588
vn -0.842057 0.475694 0.254275
vn -0.853292 0.386699 0.349794
vn -0.991492 -0.080125 0.102588
vn -0.849555 -0.191373 0.491562
vn -0.853292 0.386699 0.349794
vn -0.809932 0.352671 0.468650
vn -0.809932 0.352671 0.468650
vn -0.849555 -0.191373 0.491562
vn -0.728554 0.386660 0.565423
vn -0.583103 -0.080146 0.808435
vn 0.786719 0.416998 -0.455176
vn 0.292963 0.940979 -0.169506
vn 0.959338 0.281693 0.017885
vn 0.492229 0.784786 0.376594
vn 0.959338 0.281693 0.017885
vn 0.492229 0.784786 0.376594
vn 0.914551 -0.072554 0.397910
vn 0.440523 0.375861 0.815272
vn 0.914551 -0.072554 0.397910
vn 0.440523 0.375861 0.815272
vn 0.669460 -0.510426 0.539712
vn 0.157597 -0.129604 0.978962
vn 0.669460 -0.510426 0.539712
vn 0.157597 -0.129604 0.978962
vn 0.317690 -0.864662 0.389144
vn -0.248467 -0.538515 0.805150
vn 0.317690 -0.864662 0.389144
vn -0.248467 -0.538515 0.805150
vn -0.006389 -0.999973 0.003711
vn -0.622586 -0.694711 0.360227
vn -0.179009 -0.864670 -0.469362
vn -0.006389 -0.999973 0.003711
vn -0.821852 -0.538524 -0.185883
vn -0.622586 -0.694711 0.360227
vn -0.134213 -0.510421 -0.849386
vn -0.179009 -0.864670 -0.469362
vn -0.770151 -0.129594 -0.624559
vn -0.821852 -0.538524 -0.185883
vn 0.110871 -0.072552 -0.991183
vn -0.134213 -0.510421 -0.849386
vn -0.487224 0.375866 -0.788250
vn -0.770151 -0.129594 -0.624559
vn 0.462637 0.281677 -0.840610
vn 0.110871 -0.072552 -0.991183
vn -0.081155 0.784783 -0.614435
vn -0.487224 0.375866 -0.788250
vn 0.786719 0.416998 -0.455176
vn 0.462637 0.281677 -0.840610
vn 0.292963 0.940979 -0.169506
vn -0.081155 0.784783 -0.614435
vn 0.959338 0.281693 0.017885
vn 0.972883 0.230918 -0.013280
vn 0.786719 0.416998 -0.455176
vn 0.807299 0.360718 -0.467066
vn 0.914551 -0.072554 0.397910
vn 0.929918 -0.108901 0.351273
vn 0.959338 0.281693 0.017885
vn 0.972883 0.230918 -0.013280
vn 0.669460 -0.510426 0.539712
vn 0.694812 -0.528939 0.487299
vn 0.914551 -0.072554 0.397910
vn 0.929918 -0.108901 0.351273
vn 0.669460 -0.510426 0.539712
vn 0.317690 -0.864662 0.389144
vn 0.694812 -0.528939 0.487299
vn 0.357360 -0.868758 0.342859
vn 0.317690 -0.864662 0.389144
vn -0.006389 -0.999973 0.003711
vn 0.357360 -0.868758 0.342859
vn 0.046471 -0.998558 -0.026879
vn -0.179009 -0.864670 -0.469362
vn -0.119120 -0.868763 -0.480688
vn -0.006389 -0.999973 0.003711
vn 0.046471 -0.998558 -0.026879
vn -0.134213 -0.510421 -0.849386
vn -0.076144 -0.528938 -0.845238
vn -0.179009 -0.864670 -0.469362
vn -0.119120 -0.868763 -0.480688
vn -0.134213 -0.510421 -0.849386
vn 0.110871 -0.072552 -0.991183
vn -0.076144 -0.528938 -0.845238
vn 0.158948 -0.108911 -0.981261
vn 0.110871 -0.072552 -0.991183
vn 0.462637 0.281677 -0.840610
vn 0.158948 -0.108911 -0.981261
vn 0.496410 0.230904 -0.836816
vn 0.462637 0.281677 -0.840610
vn 0.786719 0.416998 -0.455176
vn 0.496410 0.230904 -0.836816
vn 0.807299 0.360718 -0.467066
vn 0.557612 0.764854 -0.322596
vn 0.807299 0.360718 -0.467066
vn 0.760575 0.605754 0.233640
vn 0.972883 0.230918 -0.013280
vn 0.760575 0.605754 0.233640
vn 0.972883 0.230918 -0.013280
vn 0.707908 0.189219 0.680487
vn 0.929918 -0.108901 0.351273
vn 0.707908 0.189219 0.680487
vn 0.929918 -0.108901 0.351273
vn 0.419725 -0.325643 0.847224
vn 0.694812 -0.528939 0.487299
vn 0.419725 -0.325643 0.847224
vn 0.694812 -0.528939 0.487299
vn 0.006090 -0.742181 0.670172
vn 0.357360 -0.868758 0.342859
vn 0.006090 -0.742181 0.670172
vn 0.357360 -0.868758 0.342859
vn -0.374998 -0.901279 0.216962
vn 0.046471 -0.998558 -0.026879
vn -0.577976 -0.742177 -0.339290
vn -0.374998 -0.901279 0.216962
vn -0.119120 -0.868763 -0.480688
vn 0.046471 -0.998558 -0.026879
vn -0.525305 -0.325641 -0.786138
vn -0.577976 -0.742177 -0.339290
vn -0.076144 -0.528938 -0.845238
vn -0.119120 -0.868763 -0.480688
vn -0.237130 0.189208 -0.952874
vn -0.525305 -0.325641 -0.786138
vn 0.158948 -0.108911 -0.981261
vn -0.076144 -0.528938 -0.845238
vn 0.176518 0.605758 -0.775821
vn -0.237130 0.189208 -0.952874
vn 0.496410 0.230904 -0.836816
vn 0.158948 -0.108911 -0.981261
vn 0.557612 0.764854 -0.322596
vn 0.176518 0.605758 -0.775821
vn 0.807299 0.360718 -0.467066
vn 0.496410 0.230904 -0.836816
vn -0.690308 -0.486110 0.535884
vn -0.690308 -0.486110 0.535884
vn -0.611635 -0.791129 0.004210
vn -0.611635 -0.791129 0.004210
vn -0.509096 0.007416 0.860678
vn -0.509096 0.007416 0.860678
vn -0.690308 -0.486110 0.535884
vn -0.690308 -0.486110 0.535884
vn -0.137224 0.500945 0.854531
vn -0.137224 0.500945 0.854531
vn -0.509096 0.007416 0.860678
vn -0.509096 0.007416 0.860678
vn 0.283266 0.805965 0.519789
vn 0.283266 0.805965 0.519789
vn -0.137224 0.500945 0.854531
vn -0.137224 0.500945 0.854531
vn 0.283266 0.805965 0.519789
vn 0.591753 0.805967 -0.015670
vn 0.283266 0.805965 0.519789
vn 0.591753 0.805967 -0.015670
vn 0.591753 0.805967 -0.015670
vn 0.670425 0.500952 -0.547337
vn 0.591753 0.805967 -0.015670
vn 0.670425 0.500952 -0.547337
vn 0.670425 0.500952 -0.547337
vn 0.489223 0.007415 -0.872127
vn 0.670425 0.500952 -0.547337
vn 0.489223 0.007415 -0.872127
vn 0.489223 0.007415 -0.872127
vn 0.117351 -0.486121 -0.865977
vn 0.489223 0.007415 -0.872127
vn 0.117351 -0.486121 -0.865977
vn 0.117351 -0.486121 -0.865977
vn -0.303138 -0.791132 -0.531242
vn 0.117351 -0.486121 -0.865977
vn -0.303138 -0.791132 -0.531242
vn -0.303138 -0.791132 -0.531242
vn -0.611635 -0.791129 0.004210
vn -0.303138 -0.791132 -0.531242
vn -0.611635 -0.791129 0.004210
vn -0.727605 0.543019 -0.419192
vn -0.727612 0.543014 -0.419185
vn -0.727603 0.543022 -0.419192
vn -0.727605 0.543019 -0.419192
vn -0.727616 0.543016 -0.419177
vn -0.727612 0.543014 -0.419185
vn -0.727605 0.543019 -0.419192
vn -0.727612 0.543022 -0.419176
vn -0.727616 0.543016 -0.419177
vn -0.727605 0.543019 -0.419192
vn -0.727607 0.543016 -0.419192
vn -0.727612 0.543022 -0.419176
vn -0.727605 0.543019 -0.419192
vn -0.727607 0.543012 -0.419197
vn -0.727607 0.543016 -0.419192
vn -0.727605 0.543019 -0.419192
vn -0.727605 0.543017 -0.419195
vn -0.727607 0.543012 -0.419197
vn -0.727605 0.543019 -0.419192
vn -0.727597 0.543024 -0.419198
vn -0.727605 0.543017 -0.419195
vn -0.727605 0.543019 -0.419192
vn -0.727594 0.543024 -0.419205
vn -0.727597 0.543024 -0.419198
vn -0.727605 0.543019 -0.419192
vn -0.727595 0.543022 -0.419204
vn -0.727594 0.543024 -0.419205
vn -0.727605 0.543019 -0.419192
vn -0.727603 0.543022 -0.419192
vn -0.727595 0.543022 -0.419204
vn -0.727600 0.543017 -0.419203
vn -0.853950 0.386671 -0.348218
vn -0.842514 0.475692 -0.252759
vn -0.727600 0.543017 -0.419203
vn -0.842514 0.475692 -0.252759
vn -0.780881 0.585691 -0.217235
vn -0.727600 0.543017 -0.419203
vn -0.780881 0.585691 -0.217235
vn -0.692594 0.674664 -0.255229
vn -0.727600 0.543017 -0.419203
vn -0.692594 0.674664 -0.255229
vn -0.611347 0.708665 -0.352205
vn -0.727600 0.543017 -0.419203
vn -0.611347 0.708665 -0.352205
vn -0.568209 0.674653 -0.471150
vn -0.727600 0.543017 -0.419203
vn -0.568209 0.674653 -0.471150
vn -0.579628 0.585652 -0.566606
vn -0.727600 0.543017 -0.419203
vn -0.579628 0.585652 -0.566606
vn -0.641235 0.475695 -0.602107
vn -0.727600 0.543017 -0.419203
vn -0.641235 0.475695 -0.602107
vn -0.729553 0.386705 -0.564103
vn -0.727600 0.543017 -0.419203
vn -0.729553 0.386705 -0.564103
vn -0.810809 0.352685 -0.467121
vn -0.727600 0.543017 -0.419203
vn -0.810809 0.352685 -0.467121
vn -0.853950 0.386671 -0.348218
vn -0.768999 -0.129599 0.625975
vn -0.954280 0.211109 0.211619
vn -0.821507 -0.538525 0.187396
vn -0.991678 -0.080148 -0.100756
vn -0.485772 0.375861 0.789147
vn -0.752554 0.571127 0.327837
vn -0.768999 -0.129599 0.625975
vn -0.954280 0.211109 0.211619
vn -0.080023 0.784782 0.614585
vn -0.463556 0.862380 0.203511
vn -0.485772 0.375861 0.789147
vn -0.752554 0.571127 0.327837
vn -0.463556 0.862380 0.203511
vn -0.080023 0.784782 0.614585
vn -0.197675 0.973630 -0.113879
vn 0.293274 0.940979 0.168965
vn 0.293274 0.940979 0.168965
vn 0.491535 0.784784 -0.377501
vn -0.197675 0.973630 -0.113879
vn -0.056475 0.862378 -0.503106
vn 0.491535 0.784784 -0.377501
vn 0.439026 0.375859 -0.816080
vn -0.056475 0.862378 -0.503106
vn -0.093881 0.571119 -0.815481
vn 0.439026 0.375859 -0.816080
vn 0.155808 -0.129599 -0.979249
vn -0.093881 0.571119 -0.815481
vn -0.295591 0.211115 -0.931695
vn 0.155808 -0.129599 -0.979249
vn -0.249947 -0.538519 -0.804689
vn -0.295591 0.211115 -0.931695
vn -0.584578 -0.080142 -0.807370
vn -0.249947 -0.538519 -0.804689
vn -0.623248 -0.694716 -0.359070
vn -0.584578 -0.080142 -0.807370
vn -0.850463 -0.191393 -0.489981
vn -0.821507 -0.538525 0.187396
vn -0.991678 -0.080148 -0.100756
vn -0.623248 -0.694716 -0.359070
vn -0.850463 -0.191393 -0.489981
vn -0.853950 0.386671 -0.348218
vn -0.991678 -0.080148 -0.100756
vn -0.842514 0.475692 -0.252759
vn -0.954280 0.211109 0.211619
vn -0.842514 0.475692 -0.252759
vn -0.954280 0.211109 0.211619
vn -0.780881 0.585691 -0.217235
vn -0.752554 0.571127 0.327837
vn -0.752554 0.571127 0.327837
vn -0.463556 0.862380 0.203511
vn -0.780881 0.585691 -0.217235
vn -0.692594 0.674664 -0.255229
vn -0.463556 0.862380 0.203511
vn -0.197675 0.973630 -0.113879
vn -0.692594 0.674664 -0.255229
vn -0.611347 0.708665 -0.352205
vn -0.611347 0.708665 -0.352205
vn -0.197675 0.973630 -0.113879
vn -0.568209 0.674653 -0.471150
vn -0.056475 0.862378 -0.503106
vn -0.568209 0.674653 -0.471150
vn -0.056475 0.862378 -0.503106
vn -0.579628 0.585652 -0.566606
vn -0.093881 0.571119 -0.815481
vn -0.093881 0.571119 -0.815481
vn -0.295591 0.211115 -0.931695
vn -0.579628 0.585652 -0.566606
vn -0.641235 0.475695 -0.602107
vn -0.295591 0.211115 -0.931695
vn -0.584578 -0.080142 -0.807370
vn -0.641235 0.475695 -0.602107
vn -0.729553 0.386705 -0.564103
vn -0.584578 -0.080142 -0.807370
vn -0.850463 -0.191393 -0.489981
vn -0.729553 0.386705 -0.564103
vn -0.810809 0.352685 -0.467121
vn -0.810809 0.352685 -0.467121
vn -0.850463 -0.191393 -0.489981
vn -0.853950 0.386671 -0.348218
vn -0.991678 -0.080148 -0.100756
vn 0.787552 0.416995 0.453737
vn 0.293274 0.940979 0.168965
vn 0.464175 0.281683 0.839759
vn -0.080023 0.784782 0.614585
vn 0.464175 0.281683 0.839759
vn -0.080023 0.784782 0.614585
vn 0.112689 -0.072548 0.990978
vn -0.485772 0.375861 0.789147
vn 0.112689 -0.072548 0.990978
vn -0.485772 0.375861 0.789147
vn -0.132666 -0.510422 0.849629
vn -0.768999 -0.129599 0.625975
vn -0.132666 -0.510422 0.849629
vn -0.768999 -0.129599 0.625975
vn -0.178152 -0.864668 0.469692
vn -0.821507 -0.538525 0.187396
vn -0.178152 -0.864668 0.469692
vn -0.821507 -0.538525 0.187396
vn -0.006398 -0.999973 -0.003687
vn -0.623248 -0.694716 -0.359070
vn 0.316987 -0.864666 -0.389708
vn -0.006398 -0.999973 -0.003687
vn -0.249947 -0.538519 -0.804689
vn -0.623248 -0.694716 -0.359070
vn 0.668476 -0.510426 -0.540930
vn 0.316987 -0.864666 -0.389708
vn 0.155808 -0.129599 -0.979249
vn -0.249947 -0.538519 -0.804689
vn 0.913820 -0.072558 -0.399585
vn 0.668476 -0.510426 -0.540930
vn 0.439026 0.375859 -0.816080
vn 0.155808 -0.129599 -0.979249
vn 0.959305 0.281687 -0.019654
vn 0.913820 -0.072558 -0.399585
vn 0.491535 0.784784 -0.377501
vn 0.439026 0.375859 -0.816080
vn 0.787552 0.416995 0.453737
vn 0.959305 0.281687 -0.019654
vn 0.293274 0.940979 0.168965
vn 0.491535 0.784784 -0.377501
vn 0.464175 0.281683 0.839759
vn 0.497936 0.230916 0.835905
vn 0.787552 0.416995 0.453737
vn 0.808144 0.360713 0.465606
vn 0.112689 -0.072548 0.990978
vn 0.160758 -0.108894 0.980968
vn 0.464175 0.281683 0.839759
vn 0.497936 0.230916 0.835905
vn -0.132666 -0.510422 0.849629
vn -0.074608 -0.528941 0.845373
vn 0.112689 -0.072548 0.990978
vn 0.160758 -0.108894 0.980968
vn -0.132666 -0.510422 0.849629
vn -0.178152 -0.864668 0.469692
vn -0.074608 -0.528941 0.845373
vn -0.118240 -0.868762 0.480907
vn -0.178152 -0.864668 0.469692
vn -0.006398 -0.999973 -0.003687
vn -0.118240 -0.868762 0.480907
vn 0.046525 -0.998558 0.026796
vn 0.316987 -0.864666 -0.389708
vn 0.356734 -0.868761 -0.343503
vn -0.006398 -0.999973 -0.003687
vn 0.046525 -0.998558 0.026796
vn 0.668476 -0.510426 -0.540930
vn 0.693914 -0.528948 -0.488567
vn 0.316987 -0.864666 -0.389708
vn 0.356734 -0.868761 -0.343503
vn 0.668476 -0.510426 -0.540930
vn 0.913820 -0.072558 -0.399585
vn 0.693914 -0.528948 -0.488567
vn 0.929271 -0.108900 -0.352983
vn 0.913820 -0.072558 -0.399585
vn 0.959305 0.281687 -0.019654
vn 0.929271 -0.108900 -0.352983
vn 0.972905 0.230920 0.011482
vn 0.959305 0.281687 -0.019654
vn 0.787552 0.416995 0.453737
vn 0.972905 0.230920 0.011482
vn 0.808144 0.360713 0.465606
vn 0.558183 0.764856 0.321600
vn 0.808144 0.360713 0.465606
vn 0.177935 0.605761 0.775496
vn 0.497936 0.230916 0.835905
vn 0.177935 0.605761 0.775496
vn 0.497936 0.230916 0.835905
vn -0.235370 0.189234 0.953306
vn 0.160758 -0.108894 0.980968
vn -0.235370 0.189234 0.953306
vn 0.160758 -0.108894 0.980968
vn -0.523863 -0.325641 0.787099
vn -0.074608 -0.528941 0.845373
vn -0.523863 -0.325641 0.787099
vn -0.074608 -0.528941 0.845373
vn -0.577346 -0.742178 0.340357
vn -0.118240 -0.868762 0.480907
vn -0.577346 -0.742178 0.340357
vn -0.118240 -0.868762 0.480907
vn -0.375387 -0.901279 -0.216287
vn 0.046525 -0.998558 0.026796
vn 0.004849 -0.742177 -0.670187
vn -0.375387 -0.901279 -0.216287
vn 0.356734 -0.868761 -0.343503
vn 0.046525 -0.998558 0.026796
vn 0.418154 -0.325646 -0.847999
vn 0.004849 -0.742177 -0.670187
vn 0.693914 -0.528948 -0.488567
vn 0.356734 -0.868761 -0.343503
vn 0.706644 0.189230 -0.681796
vn 0.418154 -0.325646 -0.847999
vn 0.929271 -0.108900 -0.352983
vn 0.693914 -0.528948 -0.488567
vn 0.760132 0.605763 -0.235052
vn 0.706644 0.189230 -0.681796
vn 0.972905 0.230920 0.011482
vn 0.929271 -0.108900 -0.352983
vn 0.558183 0.764856 0.321600
vn 0.760132 0.605763 -0.235052
vn 0.808144 0.360713 0.465606
vn 0.972905 0.230920 0.011482
vn 0.690308 -0.486110 -0.535884
vn 0.690308 -0.486110 -0.535884
vn 0.611635 -0.791129 -0.004210
vn 0.611635 -0.791129 -0.004210
vn 0.509096 0.007416 -0.860678
vn 0.509096 0.007416 -0.860678
vn 0.690308 -0.486110 -0.535884
vn 0.690308 -0.486110 -0.535884
vn 0.137224 0.500945 -0.854531
vn 0.137224 0.500945 -0.854531
vn 0.509096 0.007416 -0.860678
vn 0.509096 0.007416 -0.860678
vn -0.283266 0.805965 -0.519789
vn -0.283266 0.805965 -0.519789
vn 0.137224 0.500945 -0.854531
vn 0.137224 0.500945 -0.854531
vn -0.283266 0.805965 -0.519789
vn -0.591753 0.805967 0.015670
vn -0.283266 0.805965 -0.519789
vn -0.591753 0.805967 0.015670
vn -0.591753 0.805967 0.015670
vn -0.670425 0.500952 0.547337
vn -0.591753 0.805967 0.015670
vn -0.670425 0.500952 0.547337
vn -0.670425 0.500952 0.547337
vn -0.489223 0.007415 0.872127
vn -0.670425 0.500952 0.547337
vn -0.489223 0.007415 0.872127
vn -0.489223 0.007415 0.872127
vn -0.117351 -0.486121 0.865977
vn -0.489223 0.007415 0.872127
vn -0.117351 -0.486121 0.865977
vn -0.117351 -0.486121 0.865977
vn 0.303138 -0.791132 0.531242
vn -0.117351 -0.486121 0.865977
vn 0.303138 -0.791132 0.531242
vn 0.303138 -0.791132 0.531242
vn 0.611635 -0.791129 -0.004210
vn 0.303138 -0.791132 0.531242
vn 0.611635 -0.791129 -0.004210
vn 0.727605 0.543019 0.419192
vn 0.727612 0.543014 0.419185
vn 0.727603 0.543022 0.419192
vn 0.727605 0.543019 0.419192
vn 0.727616 0.543016 0.419177
vn 0.727612 0.543014 0.419185
vn 0.727605 0.543019 0.419192
vn 0.727612 0.543021 0.419176
vn 0.727616 0.543016 0.419177
vn 0.727605 0.543019 0.419192
vn 0.727607 0.543016 0.419192
vn 0.727612 0.543021 0.419176
vn 0.727605 0.543019 0.419192
vn 0.727607 0.543013 0.419196
vn 0.727607 0.543016 0.419192
vn 0.727605 0.543019 0.419192
vn 0.727605 0.543017 0.419195
vn 0.727607 0.543013 0.419196
vn 0.727605 0.543019 0.419192
vn 0.727597 0.543024 0.419198
vn 0.727605 0.543017 0.419195
vn 0.727605 0.543019 0.419192
vn 0.727593 0.543024 0.419205
vn 0.727597 0.543024 0.419198
vn 0.727605 0.543019 0.419192
vn 0.727595 0.543022 0.419204
vn 0.727593 0.543024 0.419205
vn 0.727605 0.543019 0.419192
vn 0.727603 0.543022 0.419192
vn 0.727595 0.543022 0.419204
vn 0.727600 0.543017 0.419203
vn 0.853950 0.386671 0.348218
vn 0.842514 0.475692 0.252759
vn 0.727600 0.543017 0.419203
vn 0.842514 0.475692 0.252759
vn 0.780880 0.585692 0.217235
vn 0.727600 0.543017 0.419203
vn 0.780880 0.585692 0.217235
vn 0.692594 0.674664 0.255229
vn 0.727600 0.543017 0.419203
vn 0.692594 0.674664 0.255229
vn 0.611347 0.708665 0.352205
vn 0.727600 0.543017 0.419203
vn 0.611347 0.708665 0.352205
vn 0.568208 0.674653 0.471150
vn 0.727600 0.543017 0.419203
vn 0.568208 0.674653 0.471150
vn 0.579628 0.585652 0.566606
vn 0.727600 0.543017 0.419203
vn 0.579628 0.585652 0.566606
vn 0.641235 0.475695 0.602107
vn 0.727600 0.543017 0.419203
vn 0.641235 0.475695 0.602107
vn 0.729553 0.386705 0.564103
vn 0.727600 0.543017 0.419203
vn 0.729553 0.386705 0.564103
vn 0.810809 0.352686 0.467121
vn 0.727600 0.543017 0.419203
vn 0.810809 0.352686 0.467121
vn 0.853950 0.386671 0.348218
vn 0.768999 -0.129599 -0.625975
vn 0.954280 0.211109 -0.211619
vn 0.821507 -0.538526 -0.187396
vn 0.991678 -0.080148 0.100756
vn 0.485773 0.375860 -0.789148
vn 0.752554 0.571126 -0.327837
vn 0.768999 -0.129599 -0.625975
vn 0.954280 0.211109 -0.211619
vn 0.080023 0.784782 -0.614585
vn 0.463556 0.862380 -0.203511
vn 0.485773 0.375860 -0.789148
vn 0.752554 0.571126 -0.327837
vn 0.463556 0.862380 -0.203511
vn 0.080023 0.784782 -0.614585
vn 0.197675 0.973630 0.113878
vn -0.293274 0.940979 -0.168965
vn -0.293274 0.940979 -0.168965
vn -0.491535 0.784784 0.377501
vn 0.197675 0.973630 0.113878
vn 0.056475 0.862378 0.503105
vn -0.491535 0.784784 0.377501
vn -0.439026 0.375859 0.816080
vn 0.056475 0.862378 0.503105
vn 0.093881 0.571119 0.815481
vn -0.439026 0.375859 0.816080
vn -0.155808 -0.129599 0.979249
vn 0.093881 0.571119 0.815481
vn 0.295591 0.211115 0.931695
vn -0.155808 -0.129599 0.979249
vn 0.249947 -0.538519 0.804689
vn 0.295591 0.211115 0.931695
vn 0.584578 -0.080142 0.807370
vn 0.249947 -0.538519 0.804689
vn 0.623248 -0.694716 0.359070
vn 0.584578 -0.080142 0.807370
vn 0.850463 -0.191393 0.489981
vn 0.821507 -0.538526 -0.187396
vn 0.991678 -0.080148 0.100756
vn 0.623248 -0.694716 0.359070
vn 0.850463 -0.191393 0.489981
vn 0.853950 0.386671 0.348218
vn 0.991678 -0.080148 0.100756
vn 0.842514 0.475692 0.252759
vn 0.954280 0.211109 -0.211619
vn 0.842514 0.475692 0.252759
vn 0.954280 0.211109 -0.211619
vn 0.780880 0.585692 0.217235
vn 0.752554 0.571126 -0.327837
vn 0.752554 0.571126 -0.327837
vn 0.463556 0.862380 -0.203511
vn 0.780880 0.585692 0.217235
vn 0.692594 0.674664 0.255229
vn 0.463556 0.862380 -0.203511
vn 0.197675 0.973630 0.113878
vn 0.692594 0.674664 0.255229
vn 0.611347 0.708665 0.352205
vn 0.611347 0.708665 0.352205
vn 0.197675 0.973630 0.113878
vn 0.568208 0.674653 0.471150
vn 0.056475 0.862378 0.503105
vn 0.568208 0.674653 0.471150
vn 0.056475 0.862378 0.503105
vn 0.579628 0.585652 0.566606
vn 0.093881 0.571119 0.815481
vn 0.093881 0.571119 0.815481
vn 0.295591 0.211115 0.931695
vn 0.579628 0.585652 0.566606
vn 0.641235 0.475695 0.602107
vn 0.295591 0.211115 0.931695
vn 0.584578 -0.080142 0.807370
vn 0.641235 0.475695 0.602107
vn 0.729553 0.386705 0.564103
vn 0.584578 -0.080142 0.807370
vn 0.850463 -0.191393 0.489981
vn 0.729553 0.386705 0.564103
vn 0.810809 0.352686 0.467121
vn 0.810809 0.352686 0.467121
vn 0.850463 -0.191393 0.489981
vn 0.853950 0.386671 0.348218
vn 0.991678 -0.080148 0.100756
vn -0.787552 0.416995 -0.453737
vn -0.293274 0.940979 -0.168965
vn -0.464175 0.281683 -0.839760
vn 0.080023 0.784782 -0.614585
vn -0.464175 0.281683 -0.839760
vn 0.080023 0.784782 -0.614585
vn -0.112689 -0.072548 -0.990978
vn 0.485773 0.375860 -0.789148
vn -0.112689 -0.072548 -0.990978
vn 0.485773 0.375860 -0.789148
vn 0.132666 -0.510422 -0.849629
vn 0.768999 -0.129599 -0.625975
vn 0.132666 -0.510422 -0.849629
vn 0.768999 -0.129599 -0.625975
vn 0.178152 -0.864668 -0.469692
vn 0.821507 -0.538526 -0.187396
vn 0.178152 -0.864668 -0.469692
vn 0.821507 -0.538526 -0.187396
vn 0.006398 -0.999973 0.003687
vn 0.623248 -0.694716 0.359070
vn -0.316986 -0.864666 0.389708
vn 0.006398 -0.999973 0.003687
vn 0.249947 -0.538519 0.804689
vn 0.623248 -0.694716 0.359070
vn -0.668476 -0.510426 0.540930
vn -0.316986 -0.864666 0.389708
vn -0.155808 -0.129599 0.979249
vn 0.249947 -0.538519 0.804689
vn -0.913820 -0.072558 0.399585
vn -0.668476 -0.510426 0.540930
vn -0.439026 0.375859 0.816080
vn -0.155808 -0.129599 0.979249
vn -0.959305 0.281687 0.019654
vn -0.913820 -0.072558 0.399585
vn -0.491535 0.784784 0.377501
vn -0.439026 0.375859 0.816080
vn -0.787552 0.416995 -0.453737
vn -0.959305 0.281687 0.019654
vn -0.293274 0.940979 -0.168965
vn -0.491535 0.784784 0.377501
vn -0.464175 0.281683 -0.839760
vn -0.497936 0.230916 -0.835906
vn -0.787552 0.416995 -0.453737
vn -0.808144 0.360713 -0.465606
vn -0.112689 -0.072548 -0.990978
vn -0.160758 -0.108895 -0.980968
vn -0.464175 0.281683 -0.839760
vn -0.497936 0.230916 -0.835906
vn 0.132666 -0.510422 -0.849629
vn 0.074608 -0.528942 -0.845373
vn -0.112689 -0.072548 -0.990978
vn -0.160758 -0.108895 -0.980968
vn 0.132666 -0.510422 -0.849629
vn 0.178152 -0.864668 -0.469692
vn 0.074608 -0.528942 -0.845373
vn 0.118240 -0.868762 -0.480908
vn 0.178152 -0.864668 -0.469692
vn 0.006398 -0.999973 0.003687
vn 0.118240 -0.868762 -0.480908
vn -0.046525 -0.998558 -0.026796
vn -0.316986 -0.864666 0.389708
vn -0.356734 -0.868762 0.343503
vn 0.006398 -0.999973 0.003687
vn -0.046525 -0.998558 -0.026796
vn -0.668476 -0.510426 0.540930
vn -0.693914 -0.528948 0.488567
vn -0.316986 -0.864666 0.389708
vn -0.356734 -0.868762 0.343503
vn -0.668476 -0.510426 0.540930
vn -0.913820 -0.072558 0.399585
vn -0.693914 -0.528948 0.488567
vn -0.929271 -0.108900 0.352983
vn -0.913820 -0.072558 0.399585
vn -0.959305 0.281687 0.019654
vn -0.929271 -0.108900 0.352983
vn -0.972905 0.230920 -0.011482
vn -0.959305 0.281687 0.019654
vn -0.787552 0.416995 -0.453737
vn -0.972905 0.230920 -0.011482
vn -0.808144 0.360713 -0.465606
vn -0.558183 0.764856 -0.321600
vn -0.808144 0.360713 -0.465606
vn -0.177935 0.605760 -0.775496
vn -0.497936 0.230916 -0.835906
vn -0.177935 0.605760 -0.775496
vn -0.497936 0.230916 -0.835906
vn 0.235370 0.189233 -0.953306
vn -0.160758 -0.108895 -0.980968
vn 0.235370 0.189233 -0.953306
vn -0.160758 -0.108895 -0.980968
vn 0.523863 -0.325641 -0.787099
vn 0.074608 -0.528942 -0.845373
vn 0.523863 -0.325641 -0.787099
vn 0.074608 -0.528942 -0.845373
vn 0.577347 -0.742178 -0.340357
vn 0.118240 -0.868762 -0.480908
vn 0.577347 -0.742178 -0.340357
vn 0.118240 -0.868762 -0.480908
vn 0.375387 -0.901280 0.216287
vn -0.046525 -0.998558 -0.026796
vn -0.004849 -0.742177 0.670187
vn 0.375387 -0.901280 0.216287
vn -0.356734 -0.868762 0.343503
vn -0.046525 -0.998558 -0.026796
vn -0.418154 -0.325646 0.847999
vn -0.004849 -0.742177 0.670187
vn -0.693914 -0.528948 0.488567
vn -0.356734 -0.868762 0.343503
vn -0.706644 0.189230 0.681796
vn -0.418154 -0.325646 0.847999
vn -0.929271 -0.108900 0.352983
vn -0.693914 -0.528948 0.488567
vn -0.760132 0.605763 0.235052
vn -0.706644 0.189230 0.681796
vn -0.972905 0.230920 -0.011482
vn -0.929271 -0.108900 0.352983
vn -0.558183 0.764856 -0.321600
vn -0.760132 0.605763 0.235052
vn -0.808144 0.360713 -0.465606
vn -0.972905 0.230920 -0.011482
vn -0.707098 -0.000833 -0.707115
vn -0.258651 -0.016914 0.965823
vn -0.707098 -0.000833 -0.707115
vn -0.258651 -0.016914 0.965823
vn 0.965806 0.017747 -0.258659
vn 0.965806 0.017747 -0.258659
vn -0.258651 -0.016914 0.965823
vn -0.258651 -0.016914 0.965823
vn 0.965806 0.017747 -0.258659
vn -0.707098 -0.000833 -0.707115
vn 0.965806 0.017747 -0.258659
vn -0.707098 -0.000833 -0.707115
vn -0.499891 -0.018143 -0.865898
vn -0.500065 0.007115 0.865959
vn -0.499891 -0.018143 -0.865898
vn -0.500065 0.007115 0.865959
vn -0.500065 0.007115 0.865959
vn 0.999939 0.011027 -0.000121
vn -0.500065 0.007115 0.865959
vn 0.999939 0.011027 -0.000121
vn 0.999939 0.011027 -0.000121
vn -0.499891 -0.018143 -0.865898
vn 0.999939 0.011027 -0.000121
vn -0.499891 -0.018143 -0.865898
vn -0.499844 0.014137 -0.866000
vn -0.499964 0.002940 0.866042
vn -0.499844 0.014137 -0.866000
vn -0.499964 0.002940 0.866042
vn -0.499964 0.002940 0.866042
vn 0.999854 -0.017077 -0.000083
vn -0.499964 0.002940 0.866042
vn 0.999854 -0.017077 -0.000083
vn -0.499844 0.014137 -0.866000
vn -0.499844 0.014137 -0.866000
vn 0.999854 -0.017077 -0.000083
vn 0.999854 -0.017077 -0.000083
s 1
g SM_Chandelier_03a
f 25/1/1 14/2/2 70/88/3
f 70/88/3 14/2/2 69/89/4
s 2
f 69/89/5 14/2/6 68/90/7
f 68/90/7 14/2/6 15/5/8
s 3
f 68/90/9 15/5/10 67/91/11
f 67/91/11 15/5/10 16/7/12
s 4
f 67/91/13 16/7/14 66/92/15
f 66/92/15 16/7/14 17/9/16
s 5
f 66/92/17 17/9/18 65/93/19
f 65/93/19 17/9/18 18/72/20
s 6
f 65/93/21 18/72/22 64/82/23
f 64/82/23 18/72/22 19/12/24
s 7
f 64/82/25 19/12/26 63/84/27
f 63/84/27 19/12/26 20/14/28
s 8
f 63/84/29 20/14/30 74/83/31
f 74/83/31 20/14/30 21/16/32
s 9
f 74/83/33 21/16/34 73/85/35
f 73/85/35 21/16/34 22/18/36
s 10
f 73/85/37 22/18/38 72/86/39
f 72/86/39 22/18/38 23/20/40
s 11
f 72/86/41 23/20/42 71/87/43
f 71/87/43 23/20/42 24/22/44
s 12
f 71/87/45 24/22/46 70/88/47
f 70/88/47 24/22/46 25/1/48
s 13
f 14/2/49 25/1/50 26/25/51
f 26/25/51 25/1/50 37/24/52
s 14
f 15/5/53 14/2/54 27/26/55
f 27/26/55 14/2/54 26/25/56
s 15
f 16/7/57 15/5/58 28/27/59
f 28/27/59 15/5/58 27/26/60
s 16
f 17/9/61 16/7/62 29/28/63
f 29/28/63 16/7/62 28/27/64
s 17
f 18/72/65 17/9/66 30/74/67
f 30/74/67 17/9/66 29/28/68
s 18
f 19/12/69 18/72/70 31/29/71
f 31/29/71 18/72/70 30/74/72
s 19
f 20/14/73 19/12/74 32/30/75
f 32/30/75 19/12/74 31/29/76
s 20
f 21/16/77 20/14/78 33/31/79
f 33/31/79 20/14/78 32/30/80
s 21
f 22/18/81 21/16/82 34/32/83
f 34/32/83 21/16/82 33/31/84
s 22
f 23/20/85 22/18/86 35/33/87
f 35/33/87 22/18/86 34/32/88
s 23
f 24/22/89 23/20/90 36/34/91
f 36/34/91 23/20/90 35/33/92
s 24
f 25/1/93 24/22/94 37/24/95
f 37/24/95 24/22/94 36/34/96
s off
f 1/35/97 26/25/98 37/24/99
f 27/26/100 26/25/101 1/35/102
f 28/27/103 27/26/104 1/35/105
f 29/28/106 28/27/107 1/35/108
f 30/74/109 29/28/110 1/35/111
f 31/29/112 30/74/113 1/35/114
f 32/30/115 31/29/116 1/35/117
f 33/31/118 32/30/119 1/35/120
f 34/32/121 33/31/122 1/35/123
f 35/33/124 34/32/125 1/35/126
f 36/34/127 35/33/128 1/35/129
f 37/24/130 36/34/131 1/35/132
s 25
f 39/36/133 38/37/134 3/39/135
f 3/39/135 38/37/134 2/38/136
s 26
f 40/40/137 39/36/138 4/41/139
f 4/41/139 39/36/138 3/39/140
s 27
f 41/42/141 40/40/142 5/43/143
f 5/43/143 40/40/142 4/41/144
s 28
f 42/75/145 41/42/146 6/44/147
f 6/44/147 41/42/146 5/43/148
s 29
f 43/78/149 42/75/150 7/94/151
f 7/94/151 42/75/150 6/44/152
s 30
f 44/47/153 43/117/154 8/48/155
f 8/48/155 43/117/154 7/46/156
s 31
f 44/47/157 8/48/158 45/50/159
f 45/50/159 8/48/158 9/49/160
s 32
f 46/51/161 45/50/162 10/52/163
f 10/52/163 45/50/162 9/49/164
s 33
f 47/53/165 46/51/166 11/54/167
f 11/54/167 46/51/166 10/52/168
s 34
f 48/55/169 47/53/170 12/56/171
f 12/56/171 47/53/170 11/54/172
s 35
f 49/57/173 48/55/174 13/58/175
f 13/58/175 48/55/174 12/56/176
s 36
f 38/37/177 49/57/178 2/38/179
f 2/38/179 49/57/178 13/58/180
s 37
f 51/59/181 50/60/182 39/121/183
f 39/121/183 50/60/182 38/109/184
s 38
f 52/61/185 51/59/186 40/120/187
f 40/120/187 51/59/186 39/121/188
s 39
f 53/62/189 52/61/190 41/119/191
f 41/119/191 52/61/190 40/120/192
s 40
f 54/77/193 53/62/194 42/118/195
f 42/118/195 53/62/194 41/119/196
s 41
f 55/81/197 54/77/198 43/116/199
f 43/116/199 54/77/198 42/118/200
s 42
f 56/64/201 55/104/202 44/115/203
f 44/115/203 55/104/202 43/45/204
s 43
f 56/64/205 44/115/206 57/65/207
f 57/65/207 44/115/206 45/114/208
s 44
f 58/66/209 57/65/210 46/113/211
f 46/113/211 57/65/210 45/114/212
s 45
f 59/67/213 58/66/214 47/112/215
f 47/112/215 58/66/214 46/113/216
s 46
f 60/68/217 59/67/218 48/111/219
f 48/111/219 59/67/218 47/112/220
s 47
f 61/69/221 60/68/222 49/110/223
f 49/110/223 60/68/222 48/111/224
s 48
f 50/60/225 61/69/226 38/109/227
f 38/109/227 61/69/226 49/110/228
s off
f 62/70/229 50/96/230 51/80/231
f 62/70/232 51/80/233 52/107/234
f 62/70/235 52/107/236 53/106/237
f 62/70/238 53/106/239 54/105/240
f 62/70/241 54/105/242 55/63/243
f 62/70/244 55/63/245 56/102/246
f 62/70/247 56/102/248 57/101/249
f 62/70/250 57/101/251 58/100/252
f 62/70/253 58/100/254 59/99/255
f 62/70/256 59/99/257 60/98/258
f 62/70/259 60/98/260 61/97/261
f 62/70/262 61/97/263 50/96/264
s 49
f 9/126/265 8/127/266 74/17/267
f 74/17/267 8/127/266 63/15/268
s 50
f 7/128/269 64/13/270 8/127/271
f 8/127/271 64/13/270 63/15/272
s 51
f 6/73/273 65/11/274 7/76/275
f 7/76/275 65/11/274 64/95/276
s 52
f 5/71/277 66/10/278 6/73/279
f 6/73/279 66/10/278 65/11/280
s 53
f 4/108/281 67/8/282 5/71/283
f 5/71/283 67/8/282 66/10/284
s 54
f 3/103/285 68/6/286 4/108/287
f 4/108/287 68/6/286 67/8/288
s 55
f 2/79/289 69/3/290 3/103/291
f 3/103/291 69/3/290 68/6/292
s 56
f 69/3/293 2/79/294 70/4/295
f 70/4/295 2/79/294 13/122/296
s 57
f 12/123/297 71/23/298 13/122/299
f 13/122/299 71/23/298 70/4/300
s 58
f 11/124/301 72/21/302 12/123/303
f 12/123/303 72/21/302 71/23/304
s 59
f 10/125/305 73/19/306 11/124/307
f 11/124/307 73/19/306 72/21/308
s 60
f 9/126/309 74/17/310 10/125/311
f 10/125/311 74/17/310 73/19/312
s off
f 76/129/313 75/130/314 135/131/315
f 77/132/316 76/129/317 135/131/318
f 78/133/319 77/132/320 135/131/321
f 79/134/322 78/133/323 135/131/324
f 80/135/325 79/134/326 135/131/327
f 81/136/328 80/135/329 135/131/330
f 82/137/331 81/136/332 135/131/333
f 83/138/334 82/137/335 135/131/336
f 84/139/337 83/138/338 135/131/339
f 85/140/340 84/139/341 135/131/342
f 86/141/343 85/140/344 135/131/345
f 87/142/346 86/141/347 135/131/348
f 88/143/349 87/142/350 135/131/351
f 89/144/352 88/143/353 135/131/354
f 90/145/355 89/144/356 135/131/357
f 91/146/358 90/145/359 135/131/360
f 92/147/361 91/146/362 135/131/363
f 93/148/364 92/147/365 135/131/366
f 94/149/367 93/148/368 135/131/369
f 75/130/370 94/149/371 135/131/372
s 61
f 76/129/373 96/150/374 75/130/375
f 75/130/375 96/150/374 95/151/376
s 62
f 77/132/377 97/152/378 76/129/379
f 76/129/379 97/152/378 96/150/380
s 63
f 78/133/381 98/153/382 77/132/383
f 77/132/383 98/153/382 97/152/384
s 64
f 79/134/385 99/154/386 78/133/387
f 78/133/387 99/154/386 98/153/388
s 65
f 80/135/389 100/155/390 79/134/391
f 79/134/391 100/155/390 99/154/392
s 66
f 81/136/393 101/156/394 80/135/395
f 80/135/395 101/156/394 100/155/396
s 67
f 82/137/397 102/157/398 81/136/399
f 81/136/399 102/157/398 101/156/400
s 68
f 83/138/401 103/158/402 82/137/403
f 82/137/403 103/158/402 102/157/404
s 69
f 84/139/405 104/159/406 83/138/407
f 83/138/407 104/159/406 103/158/408
s 70
f 85/140/409 105/160/410 84/139/411
f 84/139/411 105/160/410 104/159/412
s 71
f 86/141/413 106/161/414 85/140/415
f 85/140/415 106/161/414 105/160/416
s 72
f 87/142/417 107/162/418 86/141/419
f 86/141/419 107/162/418 106/161/420
s 73
f 88/143/421 108/163/422 87/142/423
f 87/142/423 108/163/422 107/162/424
s 74
f 89/144/425 109/164/426 88/143/427
f 88/143/427 109/164/426 108/163/428
s 75
f 90/145/429 110/165/430 89/144/431
f 89/144/431 110/165/430 109/164/432
s 76
f 91/146/433 111/166/434 90/145/435
f 90/145/435 111/166/434 110/165/436
s 77
f 92/147/437 112/167/438 91/146/439
f 91/146/439 112/167/438 111/166/440
s 78
f 93/148/441 113/168/442 92/147/443
f 92/147/443 113/168/442 112/167/444
s 79
f 94/149/445 114/169/446 93/148/447
f 93/148/447 114/169/446 113/168/448
s 80
f 75/130/449 95/151/450 94/149/451
f 94/149/451 95/151/450 114/169/452
s 81
f 95/151/453 96/150/454 200/171/455
f 200/171/455 96/150/454 199/170/456
s 82
f 96/150/457 97/152/458 199/170/459
f 199/170/459 97/152/458 198/172/460
s 83
f 97/152/461 98/153/462 198/172/463
f 198/172/463 98/153/462 197/173/464
s 84
f 98/153/465 99/154/466 197/173/467
f 197/173/467 99/154/466 196/174/468
s 85
f 99/154/469 100/155/470 196/174/471
f 196/174/471 100/155/470 215/175/472
s 86
f 100/155/473 101/156/474 215/175/475
f 215/175/475 101/156/474 214/176/476
s 87
f 101/156/477 102/157/478 214/176/479
f 214/176/479 102/157/478 213/177/480
s 88
f 102/157/481 103/158/482 213/177/483
f 213/177/483 103/158/482 212/178/484
s 89
f 103/158/485 104/159/486 212/178/487
f 212/178/487 104/159/486 211/179/488
s 90
f 104/159/489 105/160/490 211/179/491
f 211/179/491 105/160/490 210/180/492
s 91
f 105/160/493 106/161/494 210/180/495
f 210/180/495 106/161/494 209/181/496
s 92
f 106/161/497 107/162/498 209/181/499
f 209/181/499 107/162/498 208/182/500
s 93
f 107/162/501 108/163/502 208/182/503
f 208/182/503 108/163/502 207/183/504
s 94
f 108/163/505 109/164/506 207/183/507
f 207/183/507 109/164/506 206/184/508
s 95
f 109/164/509 110/165/510 206/184/511
f 206/184/511 110/165/510 205/185/512
s 96
f 110/165/513 111/166/514 205/185/515
f 205/185/515 111/166/514 204/186/516
s 97
f 111/166/517 112/167/518 204/186/519
f 204/186/519 112/167/518 203/187/520
s 98
f 112/167/521 113/168/522 203/187/523
f 203/187/523 113/168/522 202/188/524
s 99
f 113/168/525 114/169/526 202/188/527
f 202/188/527 114/169/526 201/189/528
s 100
f 114/169/529 95/151/530 201/189/531
f 201/189/531 95/151/530 200/171/532
s 101
f 115/190/533 116/191/534 136/193/535
f 136/193/535 116/191/534 137/192/536
s 102
f 116/191/537 117/194/538 137/192/539
f 137/192/539 117/194/538 138/195/540
s 103
f 117/194/541 118/196/542 138/195/543
f 138/195/543 118/196/542 139/197/544
s 104
f 118/198/545 119/199/546 139/201/547
f 139/201/547 119/199/546 140/200/548
s 105
f 119/199/549 120/202/550 140/200/551
f 140/200/551 120/202/550 141/203/552
s 106
f 120/202/553 121/204/554 141/203/555
f 141/203/555 121/204/554 142/205/556
s 107
f 121/204/557 122/206/558 142/205/559
f 142/205/559 122/206/558 143/207/560
s 108
f 122/206/561 123/208/562 143/207/563
f 143/207/563 123/208/562 144/209/564
s 109
f 123/208/565 124/210/566 144/209/567
f 144/209/567 124/210/566 145/211/568
s 110
f 124/210/569 125/212/570 145/211/571
f 145/211/571 125/212/570 146/213/572
s 111
f 146/213/573 125/212/574 147/215/575
f 147/215/575 125/212/574 126/214/576
s 112
f 126/214/577 127/216/578 147/215/579
f 147/215/579 127/216/578 148/217/580
s 113
f 127/216/581 128/218/582 148/217/583
f 148/217/583 128/218/582 149/219/584
s 114
f 128/218/585 129/220/586 149/219/587
f 149/219/587 129/220/586 150/221/588
s 115
f 129/220/589 130/222/590 150/221/591
f 150/221/591 130/222/590 151/223/592
s 116
f 130/222/593 131/224/594 151/223/595
f 151/223/595 131/224/594 152/225/596
s 117
f 131/224/597 132/226/598 152/225/599
f 152/225/599 132/226/598 153/227/600
s 118
f 132/226/601 133/228/602 153/227/603
f 153/227/603 133/228/602 154/229/604
s 119
f 133/228/605 134/230/606 154/229/607
f 154/229/607 134/230/606 155/231/608
s 120
f 134/230/609 115/190/610 155/231/611
f 155/231/611 115/190/610 136/193/612
s 121
f 200/232/613 199/233/614 186/235/615
f 186/235/615 199/233/614 185/234/616
s 122
f 199/233/617 198/236/618 185/234/619
f 185/234/619 198/236/618 184/237/620
s 123
f 198/236/621 197/238/622 184/237/623
f 184/237/623 197/238/622 183/239/624
s 124
f 197/240/625 196/241/626 183/243/627
f 183/243/627 196/241/626 182/242/628
s 125
f 196/241/629 215/244/630 182/242/631
f 182/242/631 215/244/630 181/245/632
s 126
f 215/244/633 214/246/634 181/245/635
f 181/245/635 214/246/634 180/247/636
s 127
f 214/246/637 213/248/638 180/247/639
f 180/247/639 213/248/638 179/249/640
s 128
f 213/248/641 212/250/642 179/249/643
f 179/249/643 212/250/642 178/251/644
s 129
f 212/250/645 211/252/646 178/251/647
f 178/251/647 211/252/646 177/253/648
s 130
f 211/252/649 210/254/650 177/253/651
f 177/253/651 210/254/650 176/255/652
s 131
f 210/254/653 209/256/654 176/255/655
f 176/255/655 209/256/654 195/257/656
s 132
f 209/256/657 208/258/658 195/257/659
f 195/257/659 208/258/658 194/259/660
s 133
f 208/258/661 207/260/662 194/259/663
f 194/259/663 207/260/662 193/261/664
s 134
f 207/260/665 206/262/666 193/261/667
f 193/261/667 206/262/666 192/263/668
s 135
f 206/262/669 205/264/670 192/263/671
f 192/263/671 205/264/670 191/265/672
s 136
f 205/264/673 204/266/674 191/265/675
f 191/265/675 204/266/674 190/267/676
s 137
f 204/266/677 203/268/678 190/267/679
f 190/267/679 203/268/678 189/269/680
s 138
f 203/268/681 202/270/682 189/269/683
f 189/269/683 202/270/682 188/271/684
s 139
f 202/270/685 201/272/686 188/271/687
f 188/271/687 201/272/686 187/273/688
s 140
f 201/272/689 200/232/690 187/273/691
f 187/273/691 200/232/690 186/235/692
s 141
f 157/274/693 156/275/694 244/277/695
f 244/277/695 156/275/694 243/276/696
s 142
f 158/278/697 157/274/698 245/279/699
f 245/279/699 157/274/698 244/277/700
s 143
f 159/280/701 158/278/702 246/281/703
f 246/281/703 158/278/702 245/279/704
s 144
f 160/282/705 159/280/706 247/283/707
f 247/283/707 159/280/706 246/281/708
s 145
f 161/284/709 160/282/710 248/285/711
f 248/285/711 160/282/710 247/283/712
s 146
f 162/286/713 161/284/714 249/287/715
f 249/287/715 161/284/714 248/285/716
s 147
f 163/288/717 162/286/718 250/289/719
f 250/289/719 162/286/718 249/287/720
s 148
f 164/290/721 163/291/722 251/293/723
f 251/293/723 163/291/722 250/292/724
s 149
f 165/294/725 164/290/726 252/295/727
f 252/295/727 164/290/726 251/293/728
s 150
f 166/296/729 165/294/730 253/297/731
f 253/297/731 165/294/730 252/295/732
s 151
f 167/298/733 166/296/734 254/299/735
f 254/299/735 166/296/734 253/297/736
s 152
f 168/300/737 167/298/738 255/301/739
f 255/301/739 167/298/738 254/299/740
s 153
f 169/302/741 168/300/742 236/303/743
f 236/303/743 168/300/742 255/301/744
s 154
f 170/304/745 169/302/746 237/305/747
f 237/305/747 169/302/746 236/303/748
s 155
f 171/306/749 170/304/750 238/307/751
f 238/307/751 170/304/750 237/305/752
s 156
f 172/308/753 171/306/754 239/309/755
f 239/309/755 171/306/754 238/307/756
s 157
f 173/310/757 172/308/758 240/311/759
f 240/311/759 172/308/758 239/309/760
s 158
f 174/312/761 173/310/762 241/313/763
f 241/313/763 173/310/762 240/311/764
s 159
f 175/314/765 174/312/766 242/315/767
f 242/315/767 174/312/766 241/313/768
s 160
f 156/275/769 175/314/770 243/276/771
f 243/276/771 175/314/770 242/315/772
s 161
f 177/253/773 176/255/774 228/317/775
f 228/317/775 176/255/774 227/316/776
s 162
f 178/251/777 177/253/778 229/318/779
f 229/318/779 177/253/778 228/317/780
s 163
f 179/249/781 178/251/782 230/319/783
f 230/319/783 178/251/782 229/318/784
s 164
f 180/247/785 179/249/786 231/320/787
f 231/320/787 179/249/786 230/319/788
s 165
f 181/245/789 180/247/790 232/321/791
f 232/321/791 180/247/790 231/320/792
s 166
f 182/242/793 181/245/794 233/322/795
f 233/322/795 181/245/794 232/321/796
s 167
f 183/243/797 182/242/798 234/323/799
f 234/323/799 182/242/798 233/322/800
s 168
f 184/237/801 183/239/802 235/325/803
f 235/325/803 183/239/802 234/324/804
s 169
f 185/234/805 184/237/806 216/326/807
f 216/326/807 184/237/806 235/325/808
s 170
f 186/235/809 185/234/810 217/327/811
f 217/327/811 185/234/810 216/326/812
s 171
f 187/273/813 186/235/814 218/328/815
f 218/328/815 186/235/814 217/327/816
s 172
f 188/271/817 187/273/818 219/329/819
f 219/329/819 187/273/818 218/328/820
s 173
f 189/269/821 188/271/822 220/330/823
f 220/330/823 188/271/822 219/329/824
s 174
f 190/267/825 189/269/826 221/331/827
f 221/331/827 189/269/826 220/330/828
s 175
f 191/265/829 190/267/830 222/332/831
f 222/332/831 190/267/830 221/331/832
s 176
f 192/263/833 191/265/834 223/333/835
f 223/333/835 191/265/834 222/332/836
s 177
f 193/261/837 192/263/838 224/334/839
f 224/334/839 192/263/838 223/333/840
s 178
f 194/259/841 193/261/842 225/335/843
f 225/335/843 193/261/842 224/334/844
s 179
f 195/257/845 194/259/846 226/336/847
f 226/336/847 194/259/846 225/335/848
s 180
f 176/255/849 195/257/850 227/316/851
f 227/316/851 195/257/850 226/336/852
s 181
f 166/337/853 217/327/854 165/338/855
f 165/338/855 217/327/854 216/326/856
s 182
f 167/339/857 218/328/858 166/337/859
f 166/337/859 218/328/858 217/327/860
s 183
f 168/340/861 219/329/862 167/339/863
f 167/339/863 219/329/862 218/328/864
s 184
f 169/341/865 220/330/866 168/340/867
f 168/340/867 220/330/866 219/329/868
s 185
f 170/342/869 221/331/870 169/341/871
f 169/341/871 221/331/870 220/330/872
s 186
f 171/343/873 222/332/874 170/342/875
f 170/342/875 222/332/874 221/331/876
s 187
f 172/344/877 223/333/878 171/343/879
f 171/343/879 223/333/878 222/332/880
s 188
f 173/345/881 224/334/882 172/344/883
f 172/344/883 224/334/882 223/333/884
s 189
f 174/346/885 225/335/886 173/345/887
f 173/345/887 225/335/886 224/334/888
s 190
f 175/347/889 226/336/890 174/346/891
f 174/346/891 226/336/890 225/335/892
s 191
f 156/348/893 227/316/894 175/347/895
f 175/347/895 227/316/894 226/336/896
s 192
f 157/349/897 228/317/898 156/348/899
f 156/348/899 228/317/898 227/316/900
s 193
f 158/350/901 229/318/902 157/349/903
f 157/349/903 229/318/902 228/317/904
s 194
f 159/351/905 230/319/906 158/350/907
f 158/350/907 230/319/906 229/318/908
s 195
f 160/352/909 231/320/910 159/351/911
f 159/351/911 231/320/910 230/319/912
s 196
f 161/353/913 232/321/914 160/352/915
f 160/352/915 232/321/914 231/320/916
s 197
f 162/354/917 233/322/918 161/353/919
f 161/353/919 233/322/918 232/321/920
s 198
f 163/355/921 234/323/922 162/354/923
f 162/354/923 234/323/922 233/322/924
s 199
f 164/356/925 235/325/926 163/357/927
f 163/357/927 235/325/926 234/324/928
s 200
f 165/338/929 216/326/930 164/356/931
f 164/356/931 216/326/930 235/325/932
s 201
f 241/358/933 257/359/934 242/361/935
f 242/361/935 257/359/934 256/360/936
s 202
f 240/362/937 258/363/938 241/358/939
f 241/358/939 258/363/938 257/359/940
s 203
f 239/364/941 259/365/942 240/362/943
f 240/362/943 259/365/942 258/363/944
s 204
f 238/366/945 260/367/946 239/364/947
f 239/364/947 260/367/946 259/365/948
s 205
f 237/368/949 261/369/950 238/366/951
f 238/366/951 261/369/950 260/367/952
s 206
f 236/370/953 262/371/954 237/368/955
f 237/368/955 262/371/954 261/369/956
s 207
f 255/372/957 263/373/958 236/370/959
f 236/370/959 263/373/958 262/371/960
s 208
f 254/374/961 264/375/962 255/372/963
f 255/372/963 264/375/962 263/373/964
s 209
f 253/376/965 265/377/966 254/374/967
f 254/374/967 265/377/966 264/375/968
s 210
f 252/378/969 266/379/970 253/376/971
f 253/376/971 266/379/970 265/377/972
s 211
f 251/380/973 267/381/974 252/378/975
f 252/378/975 267/381/974 266/379/976
s 212
f 250/382/977 268/383/978 251/380/979
f 251/380/979 268/383/978 267/381/980
s 213
f 249/384/981 269/385/982 250/387/983
f 250/387/983 269/385/982 268/386/984
s 214
f 248/388/985 270/389/986 249/384/987
f 249/384/987 270/389/986 269/385/988
s 215
f 247/390/989 271/391/990 248/388/991
f 248/388/991 271/391/990 270/389/992
s 216
f 246/392/993 272/393/994 247/390/995
f 247/390/995 272/393/994 271/391/996
s 217
f 245/394/997 273/395/998 246/392/999
f 246/392/999 273/395/998 272/393/1000
s 218
f 244/396/1001 274/397/1002 245/394/1003
f 245/394/1003 274/397/1002 273/395/1004
s 219
f 243/398/1005 275/399/1006 244/396/1007
f 244/396/1007 275/399/1006 274/397/1008
s 220
f 242/361/1009 256/360/1010 243/398/1011
f 243/398/1011 256/360/1010 275/399/1012
s 221
f 256/360/1013 257/359/1014 126/401/1015
f 126/401/1015 257/359/1014 127/400/1016
s 222
f 257/359/1017 258/363/1018 127/400/1019
f 127/400/1019 258/363/1018 128/402/1020
s 223
f 258/363/1021 259/365/1022 128/402/1023
f 128/402/1023 259/365/1022 129/403/1024
s 224
f 259/365/1025 260/367/1026 129/403/1027
f 129/403/1027 260/367/1026 130/404/1028
s 225
f 260/367/1029 261/369/1030 130/404/1031
f 130/404/1031 261/369/1030 131/405/1032
s 226
f 261/369/1033 262/371/1034 131/405/1035
f 131/405/1035 262/371/1034 132/406/1036
s 227
f 262/371/1037 263/373/1038 132/406/1039
f 132/406/1039 263/373/1038 133/407/1040
s 228
f 263/373/1041 264/375/1042 133/407/1043
f 133/407/1043 264/375/1042 134/408/1044
s 229
f 264/375/1045 265/377/1046 134/408/1047
f 134/408/1047 265/377/1046 115/409/1048
s 230
f 265/377/1049 266/379/1050 115/409/1051
f 115/409/1051 266/379/1050 116/410/1052
s 231
f 266/379/1053 267/381/1054 116/410/1055
f 116/410/1055 267/381/1054 117/411/1056
s 232
f 267/381/1057 268/383/1058 117/411/1059
f 117/411/1059 268/383/1058 118/412/1060
s 233
f 268/386/1061 269/385/1062 118/414/1063
f 118/414/1063 269/385/1062 119/413/1064
s 234
f 269/385/1065 270/389/1066 119/413/1067
f 119/413/1067 270/389/1066 120/415/1068
s 235
f 270/389/1069 271/391/1070 120/415/1071
f 120/415/1071 271/391/1070 121/416/1072
s 236
f 271/391/1073 272/393/1074 121/416/1075
f 121/416/1075 272/393/1074 122/417/1076
s 237
f 272/393/1077 273/395/1078 122/417/1079
f 122/417/1079 273/395/1078 123/418/1080
s 238
f 273/395/1081 274/397/1082 123/418/1083
f 123/418/1083 274/397/1082 124/419/1084
s 239
f 274/397/1085 275/399/1086 124/419/1087
f 124/419/1087 275/399/1086 125/420/1088
s 240
f 275/399/1089 256/360/1090 125/420/1091
f 125/420/1091 256/360/1090 126/401/1092
s 241
f 136/421/1093 137/422/1094 329/424/1095
f 329/424/1095 137/422/1094 328/423/1096
s 242
f 137/422/1097 138/425/1098 328/423/1099
f 328/423/1099 138/425/1098 327/426/1100
s 243
f 138/425/1101 139/427/1102 327/426/1103
f 327/426/1103 139/427/1102 326/428/1104
s 244
f 139/429/1105 140/430/1106 326/432/1107
f 326/432/1107 140/430/1106 325/431/1108
s 245
f 140/430/1109 141/433/1110 325/431/1111
f 325/431/1111 141/433/1110 324/434/1112
s 246
f 141/433/1113 142/435/1114 324/434/1115
f 324/434/1115 142/435/1114 323/436/1116
s 247
f 142/435/1117 143/437/1118 323/436/1119
f 323/436/1119 143/437/1118 322/438/1120
s 248
f 143/437/1121 144/439/1122 322/438/1123
f 322/438/1123 144/439/1122 321/440/1124
s 249
f 144/439/1125 145/441/1126 321/440/1127
f 321/440/1127 145/441/1126 320/442/1128
s 250
f 145/441/1129 146/443/1130 320/442/1131
f 320/442/1131 146/443/1130 319/444/1132
s 251
f 146/443/1133 147/445/1134 319/444/1135
f 319/444/1135 147/445/1134 318/446/1136
s 252
f 147/445/1137 148/447/1138 318/446/1139
f 318/446/1139 148/447/1138 317/448/1140
s 253
f 148/447/1141 149/449/1142 317/448/1143
f 317/448/1143 149/449/1142 316/450/1144
s 254
f 316/450/1145 149/449/1146 335/452/1147
f 335/452/1147 149/449/1146 150/451/1148
s 255
f 150/451/1149 151/453/1150 335/452/1151
f 335/452/1151 151/453/1150 334/454/1152
s 256
f 151/453/1153 152/455/1154 334/454/1155
f 334/454/1155 152/455/1154 333/456/1156
s 257
f 152/455/1157 153/457/1158 333/456/1159
f 333/456/1159 153/457/1158 332/458/1160
s 258
f 153/457/1161 154/459/1162 332/458/1163
f 332/458/1163 154/459/1162 331/460/1164
s 259
f 154/459/1165 155/461/1166 331/460/1167
f 331/460/1167 155/461/1166 330/462/1168
s 260
f 155/461/1169 136/421/1170 330/462/1171
f 330/462/1171 136/421/1170 329/424/1172
s 261
f 297/463/1173 296/464/1174 288/466/1175
f 288/466/1175 296/464/1174 289/465/1176
s 262
f 298/467/1177 297/463/1178 287/468/1179
f 287/468/1179 297/463/1178 288/466/1180
s 263
f 299/469/1181 298/467/1182 286/470/1183
f 286/470/1183 298/467/1182 287/468/1184
s 264
f 300/471/1185 299/469/1186 285/472/1187
f 285/472/1187 299/469/1186 286/470/1188
s 265
f 301/473/1189 300/471/1190 284/474/1191
f 284/474/1191 300/471/1190 285/472/1192
s 266
f 302/475/1193 301/473/1194 283/476/1195
f 283/476/1195 301/473/1194 284/474/1196
s 267
f 303/477/1197 302/475/1198 282/478/1199
f 282/478/1199 302/475/1198 283/476/1200
s 268
f 304/479/1201 303/477/1202 281/480/1203
f 281/480/1203 303/477/1202 282/478/1204
s 269
f 305/481/1205 304/479/1206 280/482/1207
f 280/482/1207 304/479/1206 281/480/1208
s 270
f 306/483/1209 305/481/1210 279/484/1211
f 279/484/1211 305/481/1210 280/482/1212
s 271
f 307/485/1213 306/486/1214 278/488/1215
f 278/488/1215 306/486/1214 279/487/1216
s 272
f 308/489/1217 307/485/1218 277/490/1219
f 277/490/1219 307/485/1218 278/488/1220
s 273
f 309/491/1221 308/489/1222 276/492/1223
f 276/492/1223 308/489/1222 277/490/1224
s 274
f 310/493/1225 309/491/1226 295/494/1227
f 295/494/1227 309/491/1226 276/492/1228
s 275
f 311/495/1229 310/493/1230 294/496/1231
f 294/496/1231 310/493/1230 295/494/1232
s 276
f 312/497/1233 311/495/1234 293/498/1235
f 293/498/1235 311/495/1234 294/496/1236
s 277
f 313/499/1237 312/497/1238 292/500/1239
f 292/500/1239 312/497/1238 293/498/1240
s 278
f 314/501/1241 313/499/1242 291/502/1243
f 291/502/1243 313/499/1242 292/500/1244
s 279
f 315/503/1245 314/501/1246 290/504/1247
f 290/504/1247 314/501/1246 291/502/1248
s 280
f 296/464/1249 315/503/1250 289/465/1251
f 289/465/1251 315/503/1250 290/504/1252
s 281
f 317/448/1253 316/450/1254 297/463/1255
f 297/463/1255 316/450/1254 296/464/1256
s 282
f 318/446/1257 317/448/1258 298/467/1259
f 298/467/1259 317/448/1258 297/463/1260
s 283
f 319/444/1261 318/446/1262 299/469/1263
f 299/469/1263 318/446/1262 298/467/1264
s 284
f 320/442/1265 319/444/1266 300/471/1267
f 300/471/1267 319/444/1266 299/469/1268
s 285
f 321/440/1269 320/442/1270 301/473/1271
f 301/473/1271 320/442/1270 300/471/1272
s 286
f 322/438/1273 321/440/1274 302/475/1275
f 302/475/1275 321/440/1274 301/473/1276
s 287
f 323/436/1277 322/438/1278 303/477/1279
f 303/477/1279 322/438/1278 302/475/1280
s 288
f 324/434/1281 323/436/1282 304/479/1283
f 304/479/1283 323/436/1282 303/477/1284
s 289
f 325/431/1285 324/434/1286 305/481/1287
f 305/481/1287 324/434/1286 304/479/1288
s 290
f 326/432/1289 325/431/1290 306/483/1291
f 306/483/1291 325/431/1290 305/481/1292
s 291
f 327/426/1293 326/428/1294 307/485/1295
f 307/485/1295 326/428/1294 306/486/1296
s 292
f 328/423/1297 327/426/1298 308/489/1299
f 308/489/1299 327/426/1298 307/485/1300
s 293
f 329/424/1301 328/423/1302 309/491/1303
f 309/491/1303 328/423/1302 308/489/1304
s 294
f 330/462/1305 329/424/1306 310/493/1307
f 310/493/1307 329/424/1306 309/491/1308
s 295
f 331/460/1309 330/462/1310 311/495/1311
f 311/495/1311 330/462/1310 310/493/1312
s 296
f 332/458/1313 331/460/1314 312/497/1315
f 312/497/1315 331/460/1314 311/495/1316
s 297
f 333/456/1317 332/458/1318 313/499/1319
f 313/499/1319 332/458/1318 312/497/1320
s 298
f 334/454/1321 333/456/1322 314/501/1323
f 314/501/1323 333/456/1322 313/499/1324
s 299
f 335/452/1325 334/454/1326 315/503/1327
f 315/503/1327 334/454/1326 314/501/1328
s 300
f 316/450/1329 335/452/1330 296/464/1331
f 296/464/1331 335/452/1330 315/503/1332
s off
f 419/505/1333 338/506/1334 455/507/1335
f 455/507/1336 338/506/1337 339/508/1338
f 339/508/1339 340/509/1340 455/507/1341
f 455/507/1342 340/509/1343 418/510/1344
f 417/511/1345 342/512/1346 454/513/1347
f 454/513/1348 342/512/1349 343/514/1350
f 343/514/1351 344/515/1352 454/513/1353
f 454/513/1354 344/515/1355 416/516/1356
f 415/517/1357 346/518/1358 453/519/1359
f 453/519/1360 346/518/1361 347/520/1362
f 347/520/1363 348/521/1364 453/519/1365
f 453/519/1366 348/521/1367 414/522/1368
f 413/523/1369 350/524/1370 452/525/1371
f 452/525/1372 350/524/1373 351/526/1374
f 351/526/1375 352/527/1376 452/525/1377
f 452/525/1378 352/527/1379 412/528/1380
f 411/529/1381 354/530/1382 451/531/1383
f 451/531/1384 354/530/1385 355/532/1386
f 355/532/1387 356/533/1388 451/531/1389
f 451/531/1390 356/533/1391 410/534/1392
f 379/535/1393 378/536/1394 447/537/1395
f 447/537/1396 378/536/1397 366/538/1398
f 379/535/1399 447/537/1400 367/539/1401
f 368/540/1402 448/541/1403 380/542/1404
f 381/543/1405 448/541/1406 369/544/1407
f 336/545/1408 337/546/1409 456/547/1410
f 456/547/1411 337/546/1412 457/548/1413
f 457/548/1414 337/546/1415 338/549/1416
f 340/550/1417 341/551/1418 458/552/1419
f 458/552/1420 341/551/1421 459/553/1422
f 459/553/1423 341/551/1424 342/554/1425
f 344/555/1426 345/556/1427 460/557/1428
f 460/557/1429 345/556/1430 461/558/1431
f 461/558/1432 345/556/1433 346/559/1434
f 352/560/1435 353/561/1436 464/562/1437
f 464/562/1438 353/561/1439 465/563/1440
f 465/563/1441 353/561/1442 354/564/1443
f 457/565/1444 338/566/1445 419/567/1446
f 458/568/1447 418/569/1448 340/570/1449
f 459/571/1450 342/572/1451 417/573/1452
f 460/574/1453 416/575/1454 344/576/1455
f 461/577/1456 346/578/1457 415/579/1458
f 464/580/1459 412/581/1460 352/582/1461
f 465/583/1462 354/584/1463 411/585/1464
s 301
f 371/587/1465 409/588/1466 479/586/1467
f 479/586/1467 409/588/1466 456/589/1468
s 302
f 475/590/1469 491/591/1470 367/593/1471
f 367/593/1471 491/591/1470 379/592/1472
s 303
f 476/594/1473 368/595/1474 482/597/1475
f 482/597/1475 368/595/1474 380/596/1476
s 304
f 385/598/1477 384/599/1478 339/601/1479
f 339/601/1479 384/599/1478 340/600/1480
s 305
f 386/602/1481 385/598/1482 338/603/1483
f 338/603/1483 385/598/1482 339/601/1484
s 306
f 387/604/1485 386/602/1486 337/605/1487
f 337/605/1487 386/602/1486 338/603/1488
s 307
f 388/606/1489 387/604/1490 336/607/1491
f 336/607/1491 387/604/1490 337/605/1492
s 308
f 389/608/1493 388/606/1494 359/609/1495
f 359/609/1495 388/606/1494 336/607/1496
s 309
f 390/610/1497 389/608/1498 358/611/1499
f 358/611/1499 389/608/1498 359/609/1500
s 310
f 391/612/1501 390/610/1502 357/613/1503
f 357/613/1503 390/610/1502 358/611/1504
s 311
f 392/614/1505 391/612/1506 356/615/1507
f 356/615/1507 391/612/1506 357/613/1508
s 312
f 393/616/1509 392/614/1510 355/617/1511
f 355/617/1511 392/614/1510 356/615/1512
s 313
f 394/618/1513 393/616/1514 354/619/1515
f 354/619/1515 393/616/1514 355/617/1516
s 314
f 395/620/1517 394/618/1518 353/621/1519
f 353/621/1519 394/618/1518 354/619/1520
s 315
f 396/622/1521 395/620/1522 352/623/1523
f 352/623/1523 395/620/1522 353/621/1524
s 316
f 397/624/1525 396/622/1526 351/625/1527
f 351/625/1527 396/622/1526 352/623/1528
s 317
f 398/626/1529 397/627/1530 350/629/1531
f 350/629/1531 397/627/1530 351/628/1532
s 318
f 399/630/1533 398/626/1534 349/631/1535
f 349/631/1535 398/626/1534 350/629/1536
s 319
f 400/632/1537 399/630/1538 348/633/1539
f 348/633/1539 399/630/1538 349/631/1540
s 320
f 401/634/1541 400/632/1542 347/635/1543
f 347/635/1543 400/632/1542 348/633/1544
s 321
f 402/636/1545 401/634/1546 346/637/1547
f 346/637/1547 401/634/1546 347/635/1548
s 322
f 403/638/1549 402/636/1550 345/639/1551
f 345/639/1551 402/636/1550 346/637/1552
s 323
f 404/640/1553 403/638/1554 344/641/1555
f 344/641/1555 403/638/1554 345/639/1556
s 324
f 405/642/1557 404/640/1558 343/643/1559
f 343/643/1559 404/640/1558 344/641/1560
s 325
f 406/644/1561 405/642/1562 342/645/1563
f 342/645/1563 405/642/1562 343/643/1564
s 326
f 407/646/1565 406/644/1566 341/647/1567
f 341/647/1567 406/644/1566 342/645/1568
s 327
f 384/599/1569 407/646/1570 340/600/1571
f 340/600/1571 407/646/1570 341/647/1572
s off
f 408/648/1573 358/649/1574 450/650/1575
f 450/650/1576 358/649/1577 359/651/1578
f 359/651/1579 336/652/1580 450/650/1581
f 450/650/1582 336/652/1583 409/653/1584
f 456/589/1585 409/588/1586 336/654/1587
f 451/531/1588 410/534/1589 448/541/1590
f 448/541/1591 410/534/1592 369/544/1593
f 451/531/1594 448/541/1595 411/529/1596
f 411/529/1597 448/541/1598 368/540/1599
s 328
f 465/583/1600 411/585/1601 476/594/1602
f 476/594/1602 411/585/1601 368/595/1603
s 329
f 367/593/1604 412/581/1605 475/590/1606
f 475/590/1606 412/581/1605 464/580/1607
s off
f 452/525/1608 412/528/1609 447/537/1610
f 447/537/1611 412/528/1612 367/539/1613
f 366/538/1614 413/523/1615 447/537/1616
f 447/537/1617 413/523/1618 452/525/1619
s 330
f 385/655/1620 421/656/1621 384/658/1622
f 384/658/1622 421/656/1621 420/657/1623
s 331
f 386/659/1624 422/660/1625 385/655/1626
f 385/655/1626 422/660/1625 421/656/1627
s 332
f 387/661/1628 423/662/1629 386/659/1630
f 386/659/1630 423/662/1629 422/660/1631
s 333
f 388/663/1632 424/664/1633 387/661/1634
f 387/661/1634 424/664/1633 423/662/1635
s 334
f 389/665/1636 425/666/1637 388/663/1638
f 388/663/1638 425/666/1637 424/664/1639
s 335
f 390/667/1640 426/668/1641 389/665/1642
f 389/665/1642 426/668/1641 425/666/1643
s 336
f 391/669/1644 427/670/1645 390/667/1646
f 390/667/1646 427/670/1645 426/668/1647
s 337
f 392/671/1648 428/672/1649 391/669/1650
f 391/669/1650 428/672/1649 427/670/1651
s 338
f 393/673/1652 429/674/1653 392/671/1654
f 392/671/1654 429/674/1653 428/672/1655
s 339
f 394/675/1656 430/676/1657 393/673/1658
f 393/673/1658 430/676/1657 429/674/1659
s 340
f 395/677/1660 431/678/1661 394/675/1662
f 394/675/1662 431/678/1661 430/676/1663
s 341
f 396/679/1664 432/680/1665 395/677/1666
f 395/677/1666 432/680/1665 431/678/1667
s 342
f 397/681/1668 433/682/1669 396/679/1670
f 396/679/1670 433/682/1669 432/680/1671
s 343
f 398/683/1672 434/684/1673 397/681/1674
f 397/681/1674 434/684/1673 433/682/1675
s 344
f 399/685/1676 435/686/1677 398/683/1678
f 398/683/1678 435/686/1677 434/684/1679
s 345
f 400/687/1680 436/688/1681 399/685/1682
f 399/685/1682 436/688/1681 435/686/1683
s 346
f 401/689/1684 437/690/1685 400/687/1686
f 400/687/1686 437/690/1685 436/688/1687
s 347
f 402/691/1688 438/692/1689 401/689/1690
f 401/689/1690 438/692/1689 437/690/1691
s 348
f 403/693/1692 439/694/1693 402/691/1694
f 402/691/1694 439/694/1693 438/692/1695
s 349
f 404/695/1696 440/696/1697 403/693/1698
f 403/693/1698 440/696/1697 439/694/1699
s 350
f 405/697/1700 441/698/1701 404/695/1702
f 404/695/1702 441/698/1701 440/696/1703
s 351
f 406/699/1704 442/700/1705 405/697/1706
f 405/697/1706 442/700/1705 441/698/1707
s 352
f 407/701/1708 443/702/1709 406/699/1710
f 406/699/1710 443/702/1709 442/700/1711
s 353
f 384/658/1712 420/657/1713 407/701/1714
f 407/701/1714 420/657/1713 443/702/1715
s off
f 448/541/1716 381/543/1717 380/542/1718
f 348/703/1719 349/704/1720 462/705/1721
f 462/705/1722 349/704/1723 463/706/1724
f 463/706/1725 349/704/1726 350/707/1727
f 356/708/1728 357/709/1729 466/710/1730
f 466/710/1731 357/709/1732 467/711/1733
f 467/711/1734 357/709/1735 358/712/1736
f 463/713/1737 350/714/1738 413/715/1739
f 467/716/1740 358/717/1741 408/718/1742
s 354
f 474/719/1743 366/720/1744 492/722/1745
f 492/722/1745 366/720/1744 378/721/1746
s 355
f 463/713/1747 413/715/1748 474/719/1749
f 474/719/1749 413/715/1748 366/720/1750
s 356
f 465/723/1751 476/724/1752 466/726/1753
f 466/726/1753 476/724/1752 477/725/1754
s 357
f 463/727/1755 474/728/1756 464/730/1757
f 464/730/1757 474/728/1756 475/729/1758
s 358
f 491/731/1759 492/732/1760 379/734/1761
f 379/734/1761 492/732/1760 378/733/1762
s 359
f 481/735/1763 482/736/1764 381/738/1765
f 381/738/1765 482/736/1764 380/737/1766
s off
f 456/739/1767 457/740/1768 480/741/1769
f 458/742/1770 459/743/1771 480/741/1772
f 460/744/1773 461/745/1774 480/741/1775
f 462/746/1776 463/747/1777 480/741/1778
f 464/748/1779 465/749/1780 480/741/1781
f 480/741/1782 466/750/1783 467/751/1784
f 457/740/1785 458/742/1786 480/741/1787
f 467/751/1788 456/739/1789 480/741/1790
f 465/749/1791 466/750/1792 480/741/1793
f 463/747/1794 464/748/1795 480/741/1796
f 461/745/1797 462/746/1798 480/741/1799
f 459/743/1800 460/744/1801 480/741/1802
f 462/752/1803 414/753/1804 348/754/1805
f 466/755/1806 410/756/1807 356/757/1808
s 360
f 477/758/1809 481/759/1810 369/761/1811
f 369/761/1811 481/759/1810 381/760/1812
s 361
f 369/761/1813 410/756/1814 477/758/1815
f 477/758/1815 410/756/1814 466/755/1816
s off
f 450/650/1817 449/762/1818 408/648/1819
f 408/648/1820 449/762/1821 370/763/1822
f 450/650/1823 409/653/1824 449/762/1825
f 449/762/1826 409/653/1827 371/764/1828
f 382/765/1829 449/762/1830 383/766/1831
f 383/766/1832 449/762/1833 371/764/1834
s 362
f 370/767/1835 478/768/1836 408/718/1837
f 408/718/1837 478/768/1836 467/716/1838
s 363
f 382/769/1839 486/770/1840 370/767/1841
f 370/767/1841 486/770/1840 478/768/1842
s 364
f 479/586/1843 485/771/1844 371/587/1845
f 371/587/1845 485/771/1844 383/772/1846
s 365
f 486/773/1847 382/774/1848 485/776/1849
f 485/776/1849 382/774/1848 383/775/1850
s 366
f 478/777/1851 479/778/1852 467/780/1853
f 467/780/1853 479/778/1852 456/779/1854
s off
f 449/762/1855 382/765/1856 370/763/1857
f 372/781/1858 444/782/1859 373/783/1860
f 361/784/1861 373/783/1862 444/782/1863
s 367
f 468/785/1864 360/786/1865 484/788/1866
f 484/788/1866 360/786/1865 372/787/1867
s 368
f 469/789/1868 483/790/1869 361/792/1870
f 361/792/1870 483/790/1869 373/791/1871
s 369
f 458/568/1872 469/789/1873 418/569/1874
f 418/569/1874 469/789/1873 361/792/1875
s off
f 361/784/1876 444/782/1877 418/510/1878
f 418/510/1879 444/782/1880 455/507/1881
f 455/507/1882 444/782/1883 419/505/1884
f 419/505/1885 444/782/1886 360/793/1887
s 370
f 457/565/1888 419/567/1889 468/785/1890
f 468/785/1890 419/567/1889 360/786/1891
s 371
f 468/794/1892 469/795/1893 457/797/1894
f 457/797/1894 469/795/1893 458/796/1895
s 372
f 373/798/1896 483/799/1897 372/801/1898
f 372/801/1898 483/799/1897 484/800/1899
s off
f 444/782/1900 372/781/1901 360/793/1902
f 374/802/1903 445/803/1904 375/804/1905
f 363/805/1906 375/804/1907 445/803/1908
s 373
f 470/806/1909 362/807/1910 488/809/1911
f 488/809/1911 362/807/1910 374/808/1912
s 374
f 471/810/1913 487/811/1914 363/813/1915
f 363/813/1915 487/811/1914 375/812/1916
s 375
f 460/574/1917 471/810/1918 416/575/1919
f 416/575/1919 471/810/1918 363/813/1920
s off
f 363/805/1921 445/803/1922 416/516/1923
f 416/516/1924 445/803/1925 454/513/1926
f 454/513/1927 445/803/1928 417/511/1929
f 417/511/1930 445/803/1931 362/814/1932
s 376
f 459/571/1933 417/573/1934 470/806/1935
f 470/806/1935 417/573/1934 362/807/1936
s 377
f 460/815/1937 459/816/1938 471/818/1939
f 471/818/1939 459/816/1938 470/817/1940
s 378
f 375/819/1941 487/820/1942 374/822/1943
f 374/822/1943 487/820/1942 488/821/1944
s off
f 445/803/1945 374/802/1946 362/814/1947
f 376/823/1948 446/824/1949 377/825/1950
f 365/826/1951 377/825/1952 446/824/1953
s 379
f 472/827/1954 364/828/1955 490/830/1956
f 490/830/1956 364/828/1955 376/829/1957
s 380
f 490/831/1958 376/832/1959 489/834/1960
f 489/834/1960 376/832/1959 377/833/1961
s off
f 453/519/1962 414/522/1963 446/824/1964
f 446/824/1965 414/522/1966 365/826/1967
f 453/519/1968 446/824/1969 415/517/1970
f 415/517/1971 446/824/1972 364/835/1973
s 381
f 461/577/1974 415/579/1975 472/827/1976
f 472/827/1976 415/579/1975 364/828/1977
s 382
f 472/836/1978 473/837/1979 461/839/1980
f 461/839/1980 473/837/1979 462/838/1981
s 383
f 473/840/1982 489/841/1983 365/843/1984
f 365/843/1984 489/841/1983 377/842/1985
s 384
f 462/752/1986 473/840/1987 414/753/1988
f 414/753/1988 473/840/1987 365/843/1989
s off
f 446/824/1990 376/823/1991 364/835/1992
s 385
f 477/725/1993 476/724/1994 481/845/1995
f 481/845/1995 476/724/1994 482/844/1996
s 386
f 483/846/1997 469/795/1998 484/847/1999
f 484/847/1999 469/795/1998 468/794/2000
s 387
f 478/777/2001 486/848/2002 479/778/2003
f 479/778/2003 486/848/2002 485/849/2004
s 388
f 487/850/2005 471/818/2006 488/851/2007
f 488/851/2007 471/818/2006 470/817/2008
s 389
f 472/836/2009 490/852/2010 473/837/2011
f 473/837/2011 490/852/2010 489/853/2012
s 390
f 475/729/2013 474/728/2014 491/855/2015
f 491/855/2015 474/728/2014 492/854/2016
s 391
f 494/857/2017 506/858/2018 493/856/2019
f 493/856/2019 506/858/2018 507/859/2020
s 392
f 495/860/2021 505/861/2022 494/857/2023
f 494/857/2023 505/861/2022 506/858/2024
s 393
f 496/862/2025 504/863/2026 495/860/2027
f 495/860/2027 504/863/2026 505/861/2028
s 394
f 497/864/2029 503/865/2030 496/862/2031
f 496/862/2031 503/865/2030 504/863/2032
s 395
f 497/864/2033 498/866/2034 503/865/2035
f 503/865/2035 498/866/2034 512/867/2036
s 396
f 498/866/2037 499/868/2038 512/867/2039
f 512/867/2039 499/868/2038 511/869/2040
s 397
f 499/868/2041 500/870/2042 511/869/2043
f 511/869/2043 500/870/2042 510/871/2044
s 398
f 500/870/2045 501/872/2046 510/871/2047
f 510/871/2047 501/872/2046 509/873/2048
s 399
f 501/872/2049 502/874/2050 509/873/2051
f 509/873/2051 502/874/2050 508/875/2052
s 400
f 502/874/2053 493/876/2054 508/875/2055
f 508/875/2055 493/876/2054 507/877/2056
s off
f 513/878/2057 504/879/2058 503/880/2059
f 513/878/2060 505/881/2061 504/879/2062
f 513/878/2063 506/882/2064 505/881/2065
f 513/878/2066 507/883/2067 506/882/2068
f 513/878/2069 508/884/2070 507/883/2071
f 513/878/2072 509/885/2073 508/884/2074
f 513/878/2075 510/886/2076 509/885/2077
f 513/878/2078 511/887/2079 510/886/2080
f 513/878/2081 512/888/2082 511/887/2083
f 513/878/2084 503/880/2085 512/888/2086
f 535/889/2087 534/890/2088 536/891/2089
f 535/889/2090 536/891/2091 537/892/2092
f 535/889/2093 537/892/2094 538/893/2095
f 535/889/2096 538/893/2097 539/894/2098
f 535/889/2099 539/894/2100 540/895/2101
f 535/889/2102 540/895/2103 541/896/2104
f 535/889/2105 541/896/2106 542/897/2107
f 535/889/2108 542/897/2109 543/898/2110
f 535/889/2111 543/898/2112 544/899/2113
f 535/889/2114 544/899/2115 534/890/2116
s 401
f 515/901/2117 525/902/2118 514/900/2119
f 514/900/2119 525/902/2118 524/903/2120
s 402
f 516/904/2121 526/905/2122 515/901/2123
f 515/901/2123 526/905/2122 525/902/2124
s 403
f 517/906/2125 527/907/2126 516/904/2127
f 516/904/2127 527/907/2126 526/905/2128
s 404
f 527/907/2129 517/906/2130 528/909/2131
f 528/909/2131 517/906/2130 518/908/2132
s 405
f 518/908/2133 519/910/2134 528/909/2135
f 528/909/2135 519/910/2134 529/911/2136
s 406
f 519/910/2137 520/912/2138 529/911/2139
f 529/911/2139 520/912/2138 530/913/2140
s 407
f 520/912/2141 521/914/2142 530/913/2143
f 530/913/2143 521/914/2142 531/915/2144
s 408
f 521/914/2145 522/916/2146 531/915/2147
f 531/915/2147 522/916/2146 532/917/2148
s 409
f 522/916/2149 523/918/2150 532/917/2151
f 532/917/2151 523/918/2150 533/919/2152
s 410
f 514/900/2153 524/903/2154 523/918/2155
f 523/918/2155 524/903/2154 533/919/2156
s 411
f 534/890/2157 524/903/2158 536/891/2159
f 536/891/2159 524/903/2158 525/902/2160
s 412
f 536/891/2161 525/902/2162 537/892/2163
f 537/892/2163 525/902/2162 526/905/2164
s 413
f 526/905/2165 527/907/2166 537/892/2167
f 537/892/2167 527/907/2166 538/893/2168
s 414
f 527/907/2169 528/909/2170 538/893/2171
f 538/893/2171 528/909/2170 539/894/2172
s 415
f 539/894/2173 528/909/2174 540/895/2175
f 540/895/2175 528/909/2174 529/911/2176
s 416
f 540/895/2177 529/911/2178 541/896/2179
f 541/896/2179 529/911/2178 530/913/2180
s 417
f 530/913/2181 531/915/2182 541/896/2183
f 541/896/2183 531/915/2182 542/897/2184
s 418
f 531/915/2185 532/917/2186 542/897/2187
f 542/897/2187 532/917/2186 543/898/2188
s 419
f 532/917/2189 533/919/2190 543/898/2191
f 543/898/2191 533/919/2190 544/899/2192
s 420
f 544/899/2193 533/919/2194 534/890/2195
f 534/890/2195 533/919/2194 524/903/2196
s 421
f 554/921/2197 518/922/2198 545/920/2199
f 545/920/2199 518/922/2198 517/923/2200
s 422
f 545/920/2201 517/923/2202 546/924/2203
f 546/924/2203 517/923/2202 516/925/2204
s 423
f 546/924/2205 516/925/2206 547/926/2207
f 547/926/2207 516/925/2206 515/927/2208
s 424
f 547/926/2209 515/927/2210 548/928/2211
f 548/928/2211 515/927/2210 514/929/2212
s 425
f 548/928/2213 514/929/2214 549/930/2215
f 549/930/2215 514/929/2214 523/931/2216
s 426
f 550/932/2217 549/930/2218 522/933/2219
f 522/933/2219 549/930/2218 523/931/2220
s 427
f 551/934/2221 550/935/2222 521/937/2223
f 521/937/2223 550/935/2222 522/936/2224
s 428
f 552/938/2225 551/934/2226 520/939/2227
f 520/939/2227 551/934/2226 521/937/2228
s 429
f 553/941/2229 552/938/2230 519/940/2231
f 519/940/2231 552/938/2230 520/939/2232
s 430
f 554/921/2233 553/941/2234 518/922/2235
f 518/922/2235 553/941/2234 519/940/2236
s 431
f 545/920/2237 555/942/2238 554/921/2239
f 554/921/2239 555/942/2238 564/943/2240
s 432
f 546/924/2241 556/944/2242 545/920/2243
f 545/920/2243 556/944/2242 555/942/2244
s 433
f 547/926/2245 557/945/2246 546/924/2247
f 546/924/2247 557/945/2246 556/944/2248
s 434
f 547/926/2249 548/928/2250 557/945/2251
f 557/945/2251 548/928/2250 558/946/2252
s 435
f 548/928/2253 549/930/2254 558/946/2255
f 558/946/2255 549/930/2254 559/947/2256
s 436
f 550/932/2257 560/948/2258 549/930/2259
f 549/930/2259 560/948/2258 559/947/2260
s 437
f 551/934/2261 561/949/2262 550/935/2263
f 550/935/2263 561/949/2262 560/950/2264
s 438
f 551/934/2265 552/938/2266 561/949/2267
f 561/949/2267 552/938/2266 562/951/2268
s 439
f 552/938/2269 553/941/2270 562/951/2271
f 562/951/2271 553/941/2270 563/952/2272
s 440
f 553/941/2273 554/921/2274 563/952/2275
f 563/952/2275 554/921/2274 564/943/2276
s 441
f 565/954/2277 564/943/2278 566/953/2279
f 566/953/2279 564/943/2278 555/942/2280
s 442
f 566/953/2281 555/942/2282 567/955/2283
f 567/955/2283 555/942/2282 556/944/2284
s 443
f 567/955/2285 556/944/2286 568/956/2287
f 568/956/2287 556/944/2286 557/945/2288
s 444
f 568/956/2289 557/945/2290 569/957/2291
f 569/957/2291 557/945/2290 558/946/2292
s 445
f 569/957/2293 558/946/2294 570/958/2295
f 570/958/2295 558/946/2294 559/947/2296
s 446
f 571/959/2297 570/958/2298 560/948/2299
f 560/948/2299 570/958/2298 559/947/2300
s 447
f 572/960/2301 571/961/2302 561/949/2303
f 561/949/2303 571/961/2302 560/950/2304
s 448
f 573/962/2305 572/960/2306 562/951/2307
f 562/951/2307 572/960/2306 561/949/2308
s 449
f 574/963/2309 573/962/2310 563/952/2311
f 563/952/2311 573/962/2310 562/951/2312
s 450
f 565/954/2313 574/963/2314 564/943/2315
f 564/943/2315 574/963/2314 563/952/2316
s 451
f 576/965/2317 588/966/2318 575/964/2319
f 575/964/2319 588/966/2318 589/967/2320
s 452
f 577/968/2321 587/969/2322 576/965/2323
f 576/965/2323 587/969/2322 588/966/2324
s 453
f 578/970/2325 586/971/2326 577/968/2327
f 577/968/2327 586/971/2326 587/969/2328
s 454
f 579/972/2329 585/973/2330 578/970/2331
f 578/970/2331 585/973/2330 586/971/2332
s 455
f 579/972/2333 580/974/2334 585/973/2335
f 585/973/2335 580/974/2334 594/975/2336
s 456
f 580/974/2337 581/976/2338 594/975/2339
f 594/975/2339 581/976/2338 593/977/2340
s 457
f 581/976/2341 582/978/2342 593/977/2343
f 593/977/2343 582/978/2342 592/979/2344
s 458
f 582/978/2345 583/980/2346 592/979/2347
f 592/979/2347 583/980/2346 591/981/2348
s 459
f 583/980/2349 584/982/2350 591/981/2351
f 591/981/2351 584/982/2350 590/983/2352
s 460
f 584/982/2353 575/984/2354 590/983/2355
f 590/983/2355 575/984/2354 589/985/2356
s off
f 595/986/2357 586/987/2358 585/988/2359
f 595/986/2360 587/989/2361 586/987/2362
f 595/986/2363 588/990/2364 587/989/2365
f 595/986/2366 589/991/2367 588/990/2368
f 595/986/2369 590/992/2370 589/991/2371
f 595/986/2372 591/993/2373 590/992/2374
f 595/986/2375 592/994/2376 591/993/2377
f 595/986/2378 593/995/2379 592/994/2380
f 595/986/2381 594/996/2382 593/995/2383
f 595/986/2384 585/988/2385 594/996/2386
f 617/997/2387 616/998/2388 618/999/2389
f 617/997/2390 618/999/2391 619/1000/2392
f 617/997/2393 619/1000/2394 620/1001/2395
f 617/997/2396 620/1001/2397 621/1002/2398
f 617/997/2399 621/1002/2400 622/1003/2401
f 617/997/2402 622/1003/2403 623/1004/2404
f 617/997/2405 623/1004/2406 624/1005/2407
f 617/997/2408 624/1005/2409 625/1006/2410
f 617/997/2411 625/1006/2412 626/1007/2413
f 617/997/2414 626/1007/2415 616/998/2416
s 461
f 597/1009/2417 607/1010/2418 596/1008/2419
f 596/1008/2419 607/1010/2418 606/1011/2420
s 462
f 598/1012/2421 608/1013/2422 597/1009/2423
f 597/1009/2423 608/1013/2422 607/1010/2424
s 463
f 599/1014/2425 609/1015/2426 598/1012/2427
f 598/1012/2427 609/1015/2426 608/1013/2428
s 464
f 609/1015/2429 599/1014/2430 610/1017/2431
f 610/1017/2431 599/1014/2430 600/1016/2432
s 465
f 600/1016/2433 601/1018/2434 610/1017/2435
f 610/1017/2435 601/1018/2434 611/1019/2436
s 466
f 601/1018/2437 602/1020/2438 611/1019/2439
f 611/1019/2439 602/1020/2438 612/1021/2440
s 467
f 602/1020/2441 603/1022/2442 612/1021/2443
f 612/1021/2443 603/1022/2442 613/1023/2444
s 468
f 603/1022/2445 604/1024/2446 613/1023/2447
f 613/1023/2447 604/1024/2446 614/1025/2448
s 469
f 604/1024/2449 605/1026/2450 614/1025/2451
f 614/1025/2451 605/1026/2450 615/1027/2452
s 470
f 596/1008/2453 606/1011/2454 605/1026/2455
f 605/1026/2455 606/1011/2454 615/1027/2456
s 471
f 616/998/2457 606/1011/2458 618/999/2459
f 618/999/2459 606/1011/2458 607/1010/2460
s 472
f 618/999/2461 607/1010/2462 619/1000/2463
f 619/1000/2463 607/1010/2462 608/1013/2464
s 473
f 608/1013/2465 609/1015/2466 619/1000/2467
f 619/1000/2467 609/1015/2466 620/1001/2468
s 474
f 609/1015/2469 610/1017/2470 620/1001/2471
f 620/1001/2471 610/1017/2470 621/1002/2472
s 475
f 621/1002/2473 610/1017/2474 622/1003/2475
f 622/1003/2475 610/1017/2474 611/1019/2476
s 476
f 622/1003/2477 611/1019/2478 623/1004/2479
f 623/1004/2479 611/1019/2478 612/1021/2480
s 477
f 612/1021/2481 613/1023/2482 623/1004/2483
f 623/1004/2483 613/1023/2482 624/1005/2484
s 478
f 613/1023/2485 614/1025/2486 624/1005/2487
f 624/1005/2487 614/1025/2486 625/1006/2488
s 479
f 614/1025/2489 615/1027/2490 625/1006/2491
f 625/1006/2491 615/1027/2490 626/1007/2492
s 480
f 626/1007/2493 615/1027/2494 616/998/2495
f 616/998/2495 615/1027/2494 606/1011/2496
s 481
f 636/1029/2497 600/1030/2498 627/1028/2499
f 627/1028/2499 600/1030/2498 599/1031/2500
s 482
f 627/1028/2501 599/1031/2502 628/1032/2503
f 628/1032/2503 599/1031/2502 598/1033/2504
s 483
f 628/1032/2505 598/1033/2506 629/1034/2507
f 629/1034/2507 598/1033/2506 597/1035/2508
s 484
f 629/1034/2509 597/1035/2510 630/1036/2511
f 630/1036/2511 597/1035/2510 596/1037/2512
s 485
f 630/1036/2513 596/1037/2514 631/1038/2515
f 631/1038/2515 596/1037/2514 605/1039/2516
s 486
f 632/1040/2517 631/1038/2518 604/1041/2519
f 604/1041/2519 631/1038/2518 605/1039/2520
s 487
f 633/1042/2521 632/1043/2522 603/1045/2523
f 603/1045/2523 632/1043/2522 604/1044/2524
s 488
f 634/1046/2525 633/1042/2526 602/1047/2527
f 602/1047/2527 633/1042/2526 603/1045/2528
s 489
f 635/1049/2529 634/1046/2530 601/1048/2531
f 601/1048/2531 634/1046/2530 602/1047/2532
s 490
f 636/1029/2533 635/1049/2534 600/1030/2535
f 600/1030/2535 635/1049/2534 601/1048/2536
s 491
f 627/1028/2537 637/1050/2538 636/1029/2539
f 636/1029/2539 637/1050/2538 646/1051/2540
s 492
f 628/1032/2541 638/1052/2542 627/1028/2543
f 627/1028/2543 638/1052/2542 637/1050/2544
s 493
f 629/1034/2545 639/1053/2546 628/1032/2547
f 628/1032/2547 639/1053/2546 638/1052/2548
s 494
f 629/1034/2549 630/1036/2550 639/1053/2551
f 639/1053/2551 630/1036/2550 640/1054/2552
s 495
f 630/1036/2553 631/1038/2554 640/1054/2555
f 640/1054/2555 631/1038/2554 641/1055/2556
s 496
f 632/1040/2557 642/1056/2558 631/1038/2559
f 631/1038/2559 642/1056/2558 641/1055/2560
s 497
f 633/1042/2561 643/1057/2562 632/1043/2563
f 632/1043/2563 643/1057/2562 642/1058/2564
s 498
f 633/1042/2565 634/1046/2566 643/1057/2567
f 643/1057/2567 634/1046/2566 644/1059/2568
s 499
f 634/1046/2569 635/1049/2570 644/1059/2571
f 644/1059/2571 635/1049/2570 645/1060/2572
s 500
f 635/1049/2573 636/1029/2574 645/1060/2575
f 645/1060/2575 636/1029/2574 646/1051/2576
s 501
f 647/1062/2577 646/1051/2578 648/1061/2579
f 648/1061/2579 646/1051/2578 637/1050/2580
s 502
f 648/1061/2581 637/1050/2582 649/1063/2583
f 649/1063/2583 637/1050/2582 638/1052/2584
s 503
f 649/1063/2585 638/1052/2586 650/1064/2587
f 650/1064/2587 638/1052/2586 639/1053/2588
s 504
f 650/1064/2589 639/1053/2590 651/1065/2591
f 651/1065/2591 639/1053/2590 640/1054/2592
s 505
f 651/1065/2593 640/1054/2594 652/1066/2595
f 652/1066/2595 640/1054/2594 641/1055/2596
s 506
f 653/1067/2597 652/1066/2598 642/1056/2599
f 642/1056/2599 652/1066/2598 641/1055/2600
s 507
f 654/1068/2601 653/1069/2602 643/1057/2603
f 643/1057/2603 653/1069/2602 642/1058/2604
s 508
f 655/1070/2605 654/1068/2606 644/1059/2607
f 644/1059/2607 654/1068/2606 643/1057/2608
s 509
f 656/1071/2609 655/1070/2610 645/1060/2611
f 645/1060/2611 655/1070/2610 644/1059/2612
s 510
f 647/1062/2613 656/1071/2614 646/1051/2615
f 646/1051/2615 656/1071/2614 645/1060/2616
s 511
f 658/1073/2617 670/1074/2618 657/1072/2619
f 657/1072/2619 670/1074/2618 671/1075/2620
s 512
f 659/1076/2621 669/1077/2622 658/1073/2623
f 658/1073/2623 669/1077/2622 670/1074/2624
s 513
f 660/1078/2625 668/1079/2626 659/1076/2627
f 659/1076/2627 668/1079/2626 669/1077/2628
s 514
f 661/1080/2629 667/1081/2630 660/1078/2631
f 660/1078/2631 667/1081/2630 668/1079/2632
s 515
f 661/1080/2633 662/1082/2634 667/1081/2635
f 667/1081/2635 662/1082/2634 676/1083/2636
s 516
f 662/1082/2637 663/1084/2638 676/1083/2639
f 676/1083/2639 663/1084/2638 675/1085/2640
s 517
f 663/1084/2641 664/1086/2642 675/1085/2643
f 675/1085/2643 664/1086/2642 674/1087/2644
s 518
f 664/1086/2645 665/1088/2646 674/1087/2647
f 674/1087/2647 665/1088/2646 673/1089/2648
s 519
f 665/1088/2649 666/1090/2650 673/1089/2651
f 673/1089/2651 666/1090/2650 672/1091/2652
s 520
f 666/1090/2653 657/1092/2654 672/1091/2655
f 672/1091/2655 657/1092/2654 671/1093/2656
s off
f 677/1094/2657 668/1095/2658 667/1096/2659
f 677/1094/2660 669/1097/2661 668/1095/2662
f 677/1094/2663 670/1098/2664 669/1097/2665
f 677/1094/2666 671/1099/2667 670/1098/2668
f 677/1094/2669 672/1100/2670 671/1099/2671
f 677/1094/2672 673/1101/2673 672/1100/2674
f 677/1094/2675 674/1102/2676 673/1101/2677
f 677/1094/2678 675/1103/2679 674/1102/2680
f 677/1094/2681 676/1104/2682 675/1103/2683
f 677/1094/2684 667/1096/2685 676/1104/2686
f 699/1105/2687 698/1106/2688 700/1107/2689
f 699/1105/2690 700/1107/2691 701/1108/2692
f 699/1105/2693 701/1108/2694 702/1109/2695
f 699/1105/2696 702/1109/2697 703/1110/2698
f 699/1105/2699 703/1110/2700 704/1111/2701
f 699/1105/2702 704/1111/2703 705/1112/2704
f 699/1105/2705 705/1112/2706 706/1113/2707
f 699/1105/2708 706/1113/2709 707/1114/2710
f 699/1105/2711 707/1114/2712 708/1115/2713
f 699/1105/2714 708/1115/2715 698/1106/2716
s 521
f 679/1117/2717 689/1118/2718 678/1116/2719
f 678/1116/2719 689/1118/2718 688/1119/2720
s 522
f 680/1120/2721 690/1121/2722 679/1117/2723
f 679/1117/2723 690/1121/2722 689/1118/2724
s 523
f 681/1122/2725 691/1123/2726 680/1120/2727
f 680/1120/2727 691/1123/2726 690/1121/2728
s 524
f 691/1123/2729 681/1122/2730 692/1125/2731
f 692/1125/2731 681/1122/2730 682/1124/2732
s 525
f 682/1124/2733 683/1126/2734 692/1125/2735
f 692/1125/2735 683/1126/2734 693/1127/2736
s 526
f 683/1126/2737 684/1128/2738 693/1127/2739
f 693/1127/2739 684/1128/2738 694/1129/2740
s 527
f 684/1128/2741 685/1130/2742 694/1129/2743
f 694/1129/2743 685/1130/2742 695/1131/2744
s 528
f 685/1130/2745 686/1132/2746 695/1131/2747
f 695/1131/2747 686/1132/2746 696/1133/2748
s 529
f 686/1132/2749 687/1134/2750 696/1133/2751
f 696/1133/2751 687/1134/2750 697/1135/2752
s 530
f 678/1116/2753 688/1119/2754 687/1134/2755
f 687/1134/2755 688/1119/2754 697/1135/2756
s 531
f 698/1106/2757 688/1119/2758 700/1107/2759
f 700/1107/2759 688/1119/2758 689/1118/2760
s 532
f 700/1107/2761 689/1118/2762 701/1108/2763
f 701/1108/2763 689/1118/2762 690/1121/2764
s 533
f 690/1121/2765 691/1123/2766 701/1108/2767
f 701/1108/2767 691/1123/2766 702/1109/2768
s 534
f 691/1123/2769 692/1125/2770 702/1109/2771
f 702/1109/2771 692/1125/2770 703/1110/2772
s 535
f 703/1110/2773 692/1125/2774 704/1111/2775
f 704/1111/2775 692/1125/2774 693/1127/2776
s 536
f 704/1111/2777 693/1127/2778 705/1112/2779
f 705/1112/2779 693/1127/2778 694/1129/2780
s 537
f 694/1129/2781 695/1131/2782 705/1112/2783
f 705/1112/2783 695/1131/2782 706/1113/2784
s 538
f 695/1131/2785 696/1133/2786 706/1113/2787
f 706/1113/2787 696/1133/2786 707/1114/2788
s 539
f 696/1133/2789 697/1135/2790 707/1114/2791
f 707/1114/2791 697/1135/2790 708/1115/2792
s 540
f 708/1115/2793 697/1135/2794 698/1106/2795
f 698/1106/2795 697/1135/2794 688/1119/2796
s 541
f 718/1137/2797 682/1138/2798 709/1136/2799
f 709/1136/2799 682/1138/2798 681/1139/2800
s 542
f 709/1136/2801 681/1139/2802 710/1140/2803
f 710/1140/2803 681/1139/2802 680/1141/2804
s 543
f 710/1140/2805 680/1141/2806 711/1142/2807
f 711/1142/2807 680/1141/2806 679/1143/2808
s 544
f 711/1142/2809 679/1143/2810 712/1144/2811
f 712/1144/2811 679/1143/2810 678/1145/2812
s 545
f 712/1144/2813 678/1145/2814 713/1146/2815
f 713/1146/2815 678/1145/2814 687/1147/2816
s 546
f 714/1148/2817 713/1146/2818 686/1149/2819
f 686/1149/2819 713/1146/2818 687/1147/2820
s 547
f 715/1150/2821 714/1151/2822 685/1153/2823
f 685/1153/2823 714/1151/2822 686/1152/2824
s 548
f 716/1154/2825 715/1150/2826 684/1155/2827
f 684/1155/2827 715/1150/2826 685/1153/2828
s 549
f 717/1157/2829 716/1154/2830 683/1156/2831
f 683/1156/2831 716/1154/2830 684/1155/2832
s 550
f 718/1137/2833 717/1157/2834 682/1138/2835
f 682/1138/2835 717/1157/2834 683/1156/2836
s 551
f 709/1136/2837 719/1158/2838 718/1137/2839
f 718/1137/2839 719/1158/2838 728/1159/2840
s 552
f 710/1140/2841 720/1160/2842 709/1136/2843
f 709/1136/2843 720/1160/2842 719/1158/2844
s 553
f 711/1142/2845 721/1161/2846 710/1140/2847
f 710/1140/2847 721/1161/2846 720/1160/2848
s 554
f 711/1142/2849 712/1144/2850 721/1161/2851
f 721/1161/2851 712/1144/2850 722/1162/2852
s 555
f 712/1144/2853 713/1146/2854 722/1162/2855
f 722/1162/2855 713/1146/2854 723/1163/2856
s 556
f 714/1148/2857 724/1164/2858 713/1146/2859
f 713/1146/2859 724/1164/2858 723/1163/2860
s 557
f 715/1150/2861 725/1165/2862 714/1151/2863
f 714/1151/2863 725/1165/2862 724/1166/2864
s 558
f 715/1150/2865 716/1154/2866 725/1165/2867
f 725/1165/2867 716/1154/2866 726/1167/2868
s 559
f 716/1154/2869 717/1157/2870 726/1167/2871
f 726/1167/2871 717/1157/2870 727/1168/2872
s 560
f 717/1157/2873 718/1137/2874 727/1168/2875
f 727/1168/2875 718/1137/2874 728/1159/2876
s 561
f 729/1170/2877 728/1159/2878 730/1169/2879
f 730/1169/2879 728/1159/2878 719/1158/2880
s 562
f 730/1169/2881 719/1158/2882 731/1171/2883
f 731/1171/2883 719/1158/2882 720/1160/2884
s 563
f 731/1171/2885 720/1160/2886 732/1172/2887
f 732/1172/2887 720/1160/2886 721/1161/2888
s 564
f 732/1172/2889 721/1161/2890 733/1173/2891
f 733/1173/2891 721/1161/2890 722/1162/2892
s 565
f 733/1173/2893 722/1162/2894 734/1174/2895
f 734/1174/2895 722/1162/2894 723/1163/2896
s 566
f 735/1175/2897 734/1174/2898 724/1164/2899
f 724/1164/2899 734/1174/2898 723/1163/2900
s 567
f 736/1176/2901 735/1177/2902 725/1165/2903
f 725/1165/2903 735/1177/2902 724/1166/2904
s 568
f 737/1178/2905 736/1176/2906 726/1167/2907
f 726/1167/2907 736/1176/2906 725/1165/2908
s 569
f 738/1179/2909 737/1178/2910 727/1168/2911
f 727/1168/2911 737/1178/2910 726/1167/2912
s 570
f 729/1170/2913 738/1179/2914 728/1159/2915
f 728/1159/2915 738/1179/2914 727/1168/2916
s 571
f 740/1181/2917 752/1182/2918 739/1180/2919
f 739/1180/2919 752/1182/2918 753/1183/2920
s 572
f 741/1184/2921 751/1185/2922 740/1181/2923
f 740/1181/2923 751/1185/2922 752/1182/2924
s 573
f 742/1186/2925 750/1187/2926 741/1184/2927
f 741/1184/2927 750/1187/2926 751/1185/2928
s 574
f 743/1188/2929 749/1189/2930 742/1186/2931
f 742/1186/2931 749/1189/2930 750/1187/2932
s 575
f 743/1188/2933 744/1190/2934 749/1189/2935
f 749/1189/2935 744/1190/2934 758/1191/2936
s 576
f 744/1190/2937 745/1192/2938 758/1191/2939
f 758/1191/2939 745/1192/2938 757/1193/2940
s 577
f 745/1192/2941 746/1194/2942 757/1193/2943
f 757/1193/2943 746/1194/2942 756/1195/2944
s 578
f 746/1194/2945 747/1196/2946 756/1195/2947
f 756/1195/2947 747/1196/2946 755/1197/2948
s 579
f 747/1196/2949 748/1198/2950 755/1197/2951
f 755/1197/2951 748/1198/2950 754/1199/2952
s 580
f 748/1198/2953 739/1200/2954 754/1199/2955
f 754/1199/2955 739/1200/2954 753/1201/2956
s off
f 759/1202/2957 750/1203/2958 749/1204/2959
f 759/1202/2960 751/1205/2961 750/1203/2962
f 759/1202/2963 752/1206/2964 751/1205/2965
f 759/1202/2966 753/1207/2967 752/1206/2968
f 759/1202/2969 754/1208/2970 753/1207/2971
f 759/1202/2972 755/1209/2973 754/1208/2974
f 759/1202/2975 756/1210/2976 755/1209/2977
f 759/1202/2978 757/1211/2979 756/1210/2980
f 759/1202/2981 758/1212/2982 757/1211/2983
f 759/1202/2984 749/1204/2985 758/1212/2986
f 781/1213/2987 780/1214/2988 782/1215/2989
f 781/1213/2990 782/1215/2991 783/1216/2992
f 781/1213/2993 783/1216/2994 784/1217/2995
f 781/1213/2996 784/1217/2997 785/1218/2998
f 781/1213/2999 785/1218/3000 786/1219/3001
f 781/1213/3002 786/1219/3003 787/1220/3004
f 781/1213/3005 787/1220/3006 788/1221/3007
f 781/1213/3008 788/1221/3009 789/1222/3010
f 781/1213/3011 789/1222/3012 790/1223/3013
f 781/1213/3014 790/1223/3015 780/1214/3016
s 581
f 761/1225/3017 771/1226/3018 760/1224/3019
f 760/1224/3019 771/1226/3018 770/1227/3020
s 582
f 762/1228/3021 772/1229/3022 761/1225/3023
f 761/1225/3023 772/1229/3022 771/1226/3024
s 583
f 763/1230/3025 773/1231/3026 762/1228/3027
f 762/1228/3027 773/1231/3026 772/1229/3028
s 584
f 773/1231/3029 763/1230/3030 774/1233/3031
f 774/1233/3031 763/1230/3030 764/1232/3032
s 585
f 764/1232/3033 765/1234/3034 774/1233/3035
f 774/1233/3035 765/1234/3034 775/1235/3036
s 586
f 765/1234/3037 766/1236/3038 775/1235/3039
f 775/1235/3039 766/1236/3038 776/1237/3040
s 587
f 766/1236/3041 767/1238/3042 776/1237/3043
f 776/1237/3043 767/1238/3042 777/1239/3044
s 588
f 767/1238/3045 768/1240/3046 777/1239/3047
f 777/1239/3047 768/1240/3046 778/1241/3048
s 589
f 768/1240/3049 769/1242/3050 778/1241/3051
f 778/1241/3051 769/1242/3050 779/1243/3052
s 590
f 760/1224/3053 770/1227/3054 769/1242/3055
f 769/1242/3055 770/1227/3054 779/1243/3056
s 591
f 780/1214/3057 770/1227/3058 782/1215/3059
f 782/1215/3059 770/1227/3058 771/1226/3060
s 592
f 782/1215/3061 771/1226/3062 783/1216/3063
f 783/1216/3063 771/1226/3062 772/1229/3064
s 593
f 772/1229/3065 773/1231/3066 783/1216/3067
f 783/1216/3067 773/1231/3066 784/1217/3068
s 594
f 773/1231/3069 774/1233/3070 784/1217/3071
f 784/1217/3071 774/1233/3070 785/1218/3072
s 595
f 785/1218/3073 774/1233/3074 786/1219/3075
f 786/1219/3075 774/1233/3074 775/1235/3076
s 596
f 786/1219/3077 775/1235/3078 787/1220/3079
f 787/1220/3079 775/1235/3078 776/1237/3080
s 597
f 776/1237/3081 777/1239/3082 787/1220/3083
f 787/1220/3083 777/1239/3082 788/1221/3084
s 598
f 777/1239/3085 778/1241/3086 788/1221/3087
f 788/1221/3087 778/1241/3086 789/1222/3088
s 599
f 778/1241/3089 779/1243/3090 789/1222/3091
f 789/1222/3091 779/1243/3090 790/1223/3092
s 600
f 790/1223/3093 779/1243/3094 780/1214/3095
f 780/1214/3095 779/1243/3094 770/1227/3096
s 601
f 800/1245/3097 764/1246/3098 791/1244/3099
f 791/1244/3099 764/1246/3098 763/1247/3100
s 602
f 791/1244/3101 763/1247/3102 792/1248/3103
f 792/1248/3103 763/1247/3102 762/1249/3104
s 603
f 792/1248/3105 762/1249/3106 793/1250/3107
f 793/1250/3107 762/1249/3106 761/1251/3108
s 604
f 793/1250/3109 761/1251/3110 794/1252/3111
f 794/1252/3111 761/1251/3110 760/1253/3112
s 605
f 794/1252/3113 760/1253/3114 795/1254/3115
f 795/1254/3115 760/1253/3114 769/1255/3116
s 606
f 796/1256/3117 795/1254/3118 768/1257/3119
f 768/1257/3119 795/1254/3118 769/1255/3120
s 607
f 797/1258/3121 796/1259/3122 767/1261/3123
f 767/1261/3123 796/1259/3122 768/1260/3124
s 608
f 798/1262/3125 797/1258/3126 766/1263/3127
f 766/1263/3127 797/1258/3126 767/1261/3128
s 609
f 799/1265/3129 798/1262/3130 765/1264/3131
f 765/1264/3131 798/1262/3130 766/1263/3132
s 610
f 800/1245/3133 799/1265/3134 764/1246/3135
f 764/1246/3135 799/1265/3134 765/1264/3136
s 611
f 791/1244/3137 801/1266/3138 800/1245/3139
f 800/1245/3139 801/1266/3138 810/1267/3140
s 612
f 792/1248/3141 802/1268/3142 791/1244/3143
f 791/1244/3143 802/1268/3142 801/1266/3144
s 613
f 793/1250/3145 803/1269/3146 792/1248/3147
f 792/1248/3147 803/1269/3146 802/1268/3148
s 614
f 793/1250/3149 794/1252/3150 803/1269/3151
f 803/1269/3151 794/1252/3150 804/1270/3152
s 615
f 794/1252/3153 795/1254/3154 804/1270/3155
f 804/1270/3155 795/1254/3154 805/1271/3156
s 616
f 796/1256/3157 806/1272/3158 795/1254/3159
f 795/1254/3159 806/1272/3158 805/1271/3160
s 617
f 797/1258/3161 807/1273/3162 796/1259/3163
f 796/1259/3163 807/1273/3162 806/1274/3164
s 618
f 797/1258/3165 798/1262/3166 807/1273/3167
f 807/1273/3167 798/1262/3166 808/1275/3168
s 619
f 798/1262/3169 799/1265/3170 808/1275/3171
f 808/1275/3171 799/1265/3170 809/1276/3172
s 620
f 799/1265/3173 800/1245/3174 809/1276/3175
f 809/1276/3175 800/1245/3174 810/1267/3176
s 621
f 811/1278/3177 810/1267/3178 812/1277/3179
f 812/1277/3179 810/1267/3178 801/1266/3180
s 622
f 812/1277/3181 801/1266/3182 813/1279/3183
f 813/1279/3183 801/1266/3182 802/1268/3184
s 623
f 813/1279/3185 802/1268/3186 814/1280/3187
f 814/1280/3187 802/1268/3186 803/1269/3188
s 624
f 814/1280/3189 803/1269/3190 815/1281/3191
f 815/1281/3191 803/1269/3190 804/1270/3192
s 625
f 815/1281/3193 804/1270/3194 816/1282/3195
f 816/1282/3195 804/1270/3194 805/1271/3196
s 626
f 817/1283/3197 816/1282/3198 806/1272/3199
f 806/1272/3199 816/1282/3198 805/1271/3200
s 627
f 818/1284/3201 817/1285/3202 807/1273/3203
f 807/1273/3203 817/1285/3202 806/1274/3204
s 628
f 819/1286/3205 818/1284/3206 808/1275/3207
f 808/1275/3207 818/1284/3206 807/1273/3208
s 629
f 820/1287/3209 819/1286/3210 809/1276/3211
f 809/1276/3211 819/1286/3210 808/1275/3212
s 630
f 811/1278/3213 820/1287/3214 810/1267/3215
f 810/1267/3215 820/1287/3214 809/1276/3216
s 631
f 822/1289/3217 834/1290/3218 821/1288/3219
f 821/1288/3219 834/1290/3218 835/1291/3220
s 632
f 823/1292/3221 833/1293/3222 822/1289/3223
f 822/1289/3223 833/1293/3222 834/1290/3224
s 633
f 824/1294/3225 832/1295/3226 823/1292/3227
f 823/1292/3227 832/1295/3226 833/1293/3228
s 634
f 825/1296/3229 831/1297/3230 824/1294/3231
f 824/1294/3231 831/1297/3230 832/1295/3232
s 635
f 825/1296/3233 826/1298/3234 831/1297/3235
f 831/1297/3235 826/1298/3234 840/1299/3236
s 636
f 826/1298/3237 827/1300/3238 840/1299/3239
f 840/1299/3239 827/1300/3238 839/1301/3240
s 637
f 827/1300/3241 828/1302/3242 839/1301/3243
f 839/1301/3243 828/1302/3242 838/1303/3244
s 638
f 828/1302/3245 829/1304/3246 838/1303/3247
f 838/1303/3247 829/1304/3246 837/1305/3248
s 639
f 829/1304/3249 830/1306/3250 837/1305/3251
f 837/1305/3251 830/1306/3250 836/1307/3252
s 640
f 830/1306/3253 821/1308/3254 836/1307/3255
f 836/1307/3255 821/1308/3254 835/1309/3256
s off
f 841/1310/3257 832/1311/3258 831/1312/3259
f 841/1310/3260 833/1313/3261 832/1311/3262
f 841/1310/3263 834/1314/3264 833/1313/3265
f 841/1310/3266 835/1315/3267 834/1314/3268
f 841/1310/3269 836/1316/3270 835/1315/3271
f 841/1310/3272 837/1317/3273 836/1316/3274
f 841/1310/3275 838/1318/3276 837/1317/3277
f 841/1310/3278 839/1319/3279 838/1318/3280
f 841/1310/3281 840/1320/3282 839/1319/3283
f 841/1310/3284 831/1312/3285 840/1320/3286
f 863/1321/3287 862/1322/3288 864/1323/3289
f 863/1321/3290 864/1323/3291 865/1324/3292
f 863/1321/3293 865/1324/3294 866/1325/3295
f 863/1321/3296 866/1325/3297 867/1326/3298
f 863/1321/3299 867/1326/3300 868/1327/3301
f 863/1321/3302 868/1327/3303 869/1328/3304
f 863/1321/3305 869/1328/3306 870/1329/3307
f 863/1321/3308 870/1329/3309 871/1330/3310
f 863/1321/3311 871/1330/3312 872/1331/3313
f 863/1321/3314 872/1331/3315 862/1322/3316
s 641
f 843/1333/3317 853/1334/3318 842/1332/3319
f 842/1332/3319 853/1334/3318 852/1335/3320
s 642
f 844/1336/3321 854/1337/3322 843/1333/3323
f 843/1333/3323 854/1337/3322 853/1334/3324
s 643
f 845/1338/3325 855/1339/3326 844/1336/3327
f 844/1336/3327 855/1339/3326 854/1337/3328
s 644
f 855/1339/3329 845/1338/3330 856/1341/3331
f 856/1341/3331 845/1338/3330 846/1340/3332
s 645
f 846/1340/3333 847/1342/3334 856/1341/3335
f 856/1341/3335 847/1342/3334 857/1343/3336
s 646
f 847/1342/3337 848/1344/3338 857/1343/3339
f 857/1343/3339 848/1344/3338 858/1345/3340
s 647
f 848/1344/3341 849/1346/3342 858/1345/3343
f 858/1345/3343 849/1346/3342 859/1347/3344
s 648
f 849/1346/3345 850/1348/3346 859/1347/3347
f 859/1347/3347 850/1348/3346 860/1349/3348
s 649
f 850/1348/3349 851/1350/3350 860/1349/3351
f 860/1349/3351 851/1350/3350 861/1351/3352
s 650
f 842/1332/3353 852/1335/3354 851/1350/3355
f 851/1350/3355 852/1335/3354 861/1351/3356
s 651
f 862/1322/3357 852/1335/3358 864/1323/3359
f 864/1323/3359 852/1335/3358 853/1334/3360
s 652
f 864/1323/3361 853/1334/3362 865/1324/3363
f 865/1324/3363 853/1334/3362 854/1337/3364
s 653
f 854/1337/3365 855/1339/3366 865/1324/3367
f 865/1324/3367 855/1339/3366 866/1325/3368
s 654
f 855/1339/3369 856/1341/3370 866/1325/3371
f 866/1325/3371 856/1341/3370 867/1326/3372
s 655
f 867/1326/3373 856/1341/3374 868/1327/3375
f 868/1327/3375 856/1341/3374 857/1343/3376
s 656
f 868/1327/3377 857/1343/3378 869/1328/3379
f 869/1328/3379 857/1343/3378 858/1345/3380
s 657
f 858/1345/3381 859/1347/3382 869/1328/3383
f 869/1328/3383 859/1347/3382 870/1329/3384
s 658
f 859/1347/3385 860/1349/3386 870/1329/3387
f 870/1329/3387 860/1349/3386 871/1330/3388
s 659
f 860/1349/3389 861/1351/3390 871/1330/3391
f 871/1330/3391 861/1351/3390 872/1331/3392
s 660
f 872/1331/3393 861/1351/3394 862/1322/3395
f 862/1322/3395 861/1351/3394 852/1335/3396
s 661
f 882/1353/3397 846/1354/3398 873/1352/3399
f 873/1352/3399 846/1354/3398 845/1355/3400
s 662
f 873/1352/3401 845/1355/3402 874/1356/3403
f 874/1356/3403 845/1355/3402 844/1357/3404
s 663
f 874/1356/3405 844/1357/3406 875/1358/3407
f 875/1358/3407 844/1357/3406 843/1359/3408
s 664
f 875/1358/3409 843/1359/3410 876/1360/3411
f 876/1360/3411 843/1359/3410 842/1361/3412
s 665
f 876/1360/3413 842/1361/3414 877/1362/3415
f 877/1362/3415 842/1361/3414 851/1363/3416
s 666
f 878/1364/3417 877/1362/3418 850/1365/3419
f 850/1365/3419 877/1362/3418 851/1363/3420
s 667
f 879/1366/3421 878/1367/3422 849/1369/3423
f 849/1369/3423 878/1367/3422 850/1368/3424
s 668
f 880/1370/3425 879/1366/3426 848/1371/3427
f 848/1371/3427 879/1366/3426 849/1369/3428
s 669
f 881/1373/3429 880/1370/3430 847/1372/3431
f 847/1372/3431 880/1370/3430 848/1371/3432
s 670
f 882/1353/3433 881/1373/3434 846/1354/3435
f 846/1354/3435 881/1373/3434 847/1372/3436
s 671
f 873/1352/3437 883/1374/3438 882/1353/3439
f 882/1353/3439 883/1374/3438 892/1375/3440
s 672
f 874/1356/3441 884/1376/3442 873/1352/3443
f 873/1352/3443 884/1376/3442 883/1374/3444
s 673
f 875/1358/3445 885/1377/3446 874/1356/3447
f 874/1356/3447 885/1377/3446 884/1376/3448
s 674
f 875/1358/3449 876/1360/3450 885/1377/3451
f 885/1377/3451 876/1360/3450 886/1378/3452
s 675
f 876/1360/3453 877/1362/3454 886/1378/3455
f 886/1378/3455 877/1362/3454 887/1379/3456
s 676
f 878/1364/3457 888/1380/3458 877/1362/3459
f 877/1362/3459 888/1380/3458 887/1379/3460
s 677
f 879/1366/3461 889/1381/3462 878/1367/3463
f 878/1367/3463 889/1381/3462 888/1382/3464
s 678
f 879/1366/3465 880/1370/3466 889/1381/3467
f 889/1381/3467 880/1370/3466 890/1383/3468
s 679
f 880/1370/3469 881/1373/3470 890/1383/3471
f 890/1383/3471 881/1373/3470 891/1384/3472
s 680
f 881/1373/3473 882/1353/3474 891/1384/3475
f 891/1384/3475 882/1353/3474 892/1375/3476
s 681
f 893/1386/3477 892/1375/3478 894/1385/3479
f 894/1385/3479 892/1375/3478 883/1374/3480
s 682
f 894/1385/3481 883/1374/3482 895/1387/3483
f 895/1387/3483 883/1374/3482 884/1376/3484
s 683
f 895/1387/3485 884/1376/3486 896/1388/3487
f 896/1388/3487 884/1376/3486 885/1377/3488
s 684
f 896/1388/3489 885/1377/3490 897/1389/3491
f 897/1389/3491 885/1377/3490 886/1378/3492
s 685
f 897/1389/3493 886/1378/3494 898/1390/3495
f 898/1390/3495 886/1378/3494 887/1379/3496
s 686
f 899/1391/3497 898/1390/3498 888/1380/3499
f 888/1380/3499 898/1390/3498 887/1379/3500
s 687
f 900/1392/3501 899/1393/3502 889/1381/3503
f 889/1381/3503 899/1393/3502 888/1382/3504
s 688
f 901/1394/3505 900/1392/3506 890/1383/3507
f 890/1383/3507 900/1392/3506 889/1381/3508
s 689
f 902/1395/3509 901/1394/3510 891/1384/3511
f 891/1384/3511 901/1394/3510 890/1383/3512
s 690
f 893/1386/3513 902/1395/3514 892/1375/3515
f 892/1375/3515 902/1395/3514 891/1384/3516
s 691
f 904/1397/3517 916/1398/3518 903/1396/3519
f 903/1396/3519 916/1398/3518 917/1399/3520
s 692
f 905/1400/3521 915/1401/3522 904/1397/3523
f 904/1397/3523 915/1401/3522 916/1398/3524
s 693
f 906/1402/3525 914/1403/3526 905/1400/3527
f 905/1400/3527 914/1403/3526 915/1401/3528
s 694
f 907/1404/3529 913/1405/3530 906/1402/3531
f 906/1402/3531 913/1405/3530 914/1403/3532
s 695
f 907/1404/3533 908/1406/3534 913/1405/3535
f 913/1405/3535 908/1406/3534 922/1407/3536
s 696
f 908/1406/3537 909/1408/3538 922/1407/3539
f 922/1407/3539 909/1408/3538 921/1409/3540
s 697
f 909/1408/3541 910/1410/3542 921/1409/3543
f 921/1409/3543 910/1410/3542 920/1411/3544
s 698
f 910/1410/3545 911/1412/3546 920/1411/3547
f 920/1411/3547 911/1412/3546 919/1413/3548
s 699
f 911/1412/3549 912/1414/3550 919/1413/3551
f 919/1413/3551 912/1414/3550 918/1415/3552
s 700
f 912/1414/3553 903/1416/3554 918/1415/3555
f 918/1415/3555 903/1416/3554 917/1417/3556
s off
f 923/1418/3557 914/1419/3558 913/1420/3559
f 923/1418/3560 915/1421/3561 914/1419/3562
f 923/1418/3563 916/1422/3564 915/1421/3565
f 923/1418/3566 917/1423/3567 916/1422/3568
f 923/1418/3569 918/1424/3570 917/1423/3571
f 923/1418/3572 919/1425/3573 918/1424/3574
f 923/1418/3575 920/1426/3576 919/1425/3577
f 923/1418/3578 921/1427/3579 920/1426/3580
f 923/1418/3581 922/1428/3582 921/1427/3583
f 923/1418/3584 913/1420/3585 922/1428/3586
f 945/1429/3587 944/1430/3588 946/1431/3589
f 945/1429/3590 946/1431/3591 947/1432/3592
f 945/1429/3593 947/1432/3594 948/1433/3595
f 945/1429/3596 948/1433/3597 949/1434/3598
f 945/1429/3599 949/1434/3600 950/1435/3601
f 945/1429/3602 950/1435/3603 951/1436/3604
f 945/1429/3605 951/1436/3606 952/1437/3607
f 945/1429/3608 952/1437/3609 953/1438/3610
f 945/1429/3611 953/1438/3612 954/1439/3613
f 945/1429/3614 954/1439/3615 944/1430/3616
s 701
f 925/1441/3617 935/1442/3618 924/1440/3619
f 924/1440/3619 935/1442/3618 934/1443/3620
s 702
f 926/1444/3621 936/1445/3622 925/1441/3623
f 925/1441/3623 936/1445/3622 935/1442/3624
s 703
f 927/1446/3625 937/1447/3626 926/1444/3627
f 926/1444/3627 937/1447/3626 936/1445/3628
s 704
f 937/1447/3629 927/1446/3630 938/1449/3631
f 938/1449/3631 927/1446/3630 928/1448/3632
s 705
f 928/1448/3633 929/1450/3634 938/1449/3635
f 938/1449/3635 929/1450/3634 939/1451/3636
s 706
f 929/1450/3637 930/1452/3638 939/1451/3639
f 939/1451/3639 930/1452/3638 940/1453/3640
s 707
f 930/1452/3641 931/1454/3642 940/1453/3643
f 940/1453/3643 931/1454/3642 941/1455/3644
s 708
f 931/1454/3645 932/1456/3646 941/1455/3647
f 941/1455/3647 932/1456/3646 942/1457/3648
s 709
f 932/1456/3649 933/1458/3650 942/1457/3651
f 942/1457/3651 933/1458/3650 943/1459/3652
s 710
f 924/1440/3653 934/1443/3654 933/1458/3655
f 933/1458/3655 934/1443/3654 943/1459/3656
s 711
f 944/1430/3657 934/1443/3658 946/1431/3659
f 946/1431/3659 934/1443/3658 935/1442/3660
s 712
f 946/1431/3661 935/1442/3662 947/1432/3663
f 947/1432/3663 935/1442/3662 936/1445/3664
s 713
f 936/1445/3665 937/1447/3666 947/1432/3667
f 947/1432/3667 937/1447/3666 948/1433/3668
s 714
f 937/1447/3669 938/1449/3670 948/1433/3671
f 948/1433/3671 938/1449/3670 949/1434/3672
s 715
f 949/1434/3673 938/1449/3674 950/1435/3675
f 950/1435/3675 938/1449/3674 939/1451/3676
s 716
f 950/1435/3677 939/1451/3678 951/1436/3679
f 951/1436/3679 939/1451/3678 940/1453/3680
s 717
f 940/1453/3681 941/1455/3682 951/1436/3683
f 951/1436/3683 941/1455/3682 952/1437/3684
s 718
f 941/1455/3685 942/1457/3686 952/1437/3687
f 952/1437/3687 942/1457/3686 953/1438/3688
s 719
f 942/1457/3689 943/1459/3690 953/1438/3691
f 953/1438/3691 943/1459/3690 954/1439/3692
s 720
f 954/1439/3693 943/1459/3694 944/1430/3695
f 944/1430/3695 943/1459/3694 934/1443/3696
s 721
f 964/1461/3697 928/1462/3698 955/1460/3699
f 955/1460/3699 928/1462/3698 927/1463/3700
s 722
f 955/1460/3701 927/1463/3702 956/1464/3703
f 956/1464/3703 927/1463/3702 926/1465/3704
s 723
f 956/1464/3705 926/1465/3706 957/1466/3707
f 957/1466/3707 926/1465/3706 925/1467/3708
s 724
f 957/1466/3709 925/1467/3710 958/1468/3711
f 958/1468/3711 925/1467/3710 924/1469/3712
s 725
f 958/1468/3713 924/1469/3714 959/1470/3715
f 959/1470/3715 924/1469/3714 933/1471/3716
s 726
f 960/1472/3717 959/1470/3718 932/1473/3719
f 932/1473/3719 959/1470/3718 933/1471/3720
s 727
f 961/1474/3721 960/1475/3722 931/1477/3723
f 931/1477/3723 960/1475/3722 932/1476/3724
s 728
f 962/1478/3725 961/1474/3726 930/1479/3727
f 930/1479/3727 961/1474/3726 931/1477/3728
s 729
f 963/1481/3729 962/1478/3730 929/1480/3731
f 929/1480/3731 962/1478/3730 930/1479/3732
s 730
f 964/1461/3733 963/1481/3734 928/1462/3735
f 928/1462/3735 963/1481/3734 929/1480/3736
s 731
f 955/1460/3737 965/1482/3738 964/1461/3739
f 964/1461/3739 965/1482/3738 974/1483/3740
s 732
f 956/1464/3741 966/1484/3742 955/1460/3743
f 955/1460/3743 966/1484/3742 965/1482/3744
s 733
f 957/1466/3745 967/1485/3746 956/1464/3747
f 956/1464/3747 967/1485/3746 966/1484/3748
s 734
f 957/1466/3749 958/1468/3750 967/1485/3751
f 967/1485/3751 958/1468/3750 968/1486/3752
s 735
f 958/1468/3753 959/1470/3754 968/1486/3755
f 968/1486/3755 959/1470/3754 969/1487/3756
s 736
f 960/1472/3757 970/1488/3758 959/1470/3759
f 959/1470/3759 970/1488/3758 969/1487/3760
s 737
f 961/1474/3761 971/1489/3762 960/1475/3763
f 960/1475/3763 971/1489/3762 970/1490/3764
s 738
f 961/1474/3765 962/1478/3766 971/1489/3767
f 971/1489/3767 962/1478/3766 972/1491/3768
s 739
f 962/1478/3769 963/1481/3770 972/1491/3771
f 972/1491/3771 963/1481/3770 973/1492/3772
s 740
f 963/1481/3773 964/1461/3774 973/1492/3775
f 973/1492/3775 964/1461/3774 974/1483/3776
s 741
f 975/1494/3777 974/1483/3778 976/1493/3779
f 976/1493/3779 974/1483/3778 965/1482/3780
s 742
f 976/1493/3781 965/1482/3782 977/1495/3783
f 977/1495/3783 965/1482/3782 966/1484/3784
s 743
f 977/1495/3785 966/1484/3786 978/1496/3787
f 978/1496/3787 966/1484/3786 967/1485/3788
s 744
f 978/1496/3789 967/1485/3790 979/1497/3791
f 979/1497/3791 967/1485/3790 968/1486/3792
s 745
f 979/1497/3793 968/1486/3794 980/1498/3795
f 980/1498/3795 968/1486/3794 969/1487/3796
s 746
f 981/1499/3797 980/1498/3798 970/1488/3799
f 970/1488/3799 980/1498/3798 969/1487/3800
s 747
f 982/1500/3801 981/1501/3802 971/1489/3803
f 971/1489/3803 981/1501/3802 970/1490/3804
s 748
f 983/1502/3805 982/1500/3806 972/1491/3807
f 972/1491/3807 982/1500/3806 971/1489/3808
s 749
f 984/1503/3809 983/1502/3810 973/1492/3811
f 973/1492/3811 983/1502/3810 972/1491/3812
s 750
f 975/1494/3813 984/1503/3814 974/1483/3815
f 974/1483/3815 984/1503/3814 973/1492/3816
s 751
f 985/1504/3817 986/1505/3818 988/1507/3819
f 988/1507/3819 986/1505/3818 989/1506/3820
s 752
f 987/1508/3821 990/1509/3822 986/1505/3823
f 986/1505/3823 990/1509/3822 989/1506/3824
s 753
f 987/1508/3825 985/1510/3826 990/1509/3827
f 990/1509/3827 985/1510/3826 988/1511/3828
s 754
f 991/1512/3829 992/1513/3830 994/1515/3831
f 994/1515/3831 992/1513/3830 995/1514/3832
s 755
f 992/1513/3833 993/1516/3834 995/1514/3835
f 995/1514/3835 993/1516/3834 996/1517/3836
s 756
f 993/1516/3837 991/1518/3838 996/1517/3839
f 996/1517/3839 991/1518/3838 994/1519/3840
s 757
f 997/1520/3841 998/1521/3842 1000/1523/3843
f 1000/1523/3843 998/1521/3842 1001/1522/3844
s 758
f 998/1521/3845 999/1524/3846 1001/1522/3847
f 1001/1522/3847 999/1524/3846 1002/1525/3848
s 759
f 997/1526/3849 1000/1527/3850 999/1524/3851
f 999/1524/3851 1000/1527/3850 1002/1525/3852
