# This file uses feet as units for non-parametric coordinates.

g default
v -68.414009 15.000000 58.413998
v -68.414001 28.414001 59.999985
v -68.414001 16.585999 59.999992
v -69.999962 16.585999 58.414001
v -68.414009 30.000000 58.413998
v -69.999962 28.414001 58.413994
v -68.414009 15.396477 59.603500
v -69.603500 16.585999 59.603500
v -69.999977 15.000000 58.414001
v -68.414009 29.603500 59.603500
v -69.999962 29.999992 58.413998
v -69.603500 28.414001 59.603500
v -69.471313 15.528656 59.471340
v -69.471313 29.471352 59.471336
v -0.000004 15.000000 58.413998
v -0.000004 15.396480 59.603500
v 68.414001 16.586002 59.999985
v -0.000004 16.586000 59.999985
v -0.000004 28.414000 59.999989
v 68.414001 28.414001 59.999985
v 69.471313 15.528660 59.471340
v 68.414001 15.000000 58.413994
v 68.413994 15.396481 59.603504
v 69.471313 29.471352 59.471336
v 68.413994 29.603500 59.603500
v 68.414001 30.000000 58.413994
v -0.000004 29.603500 59.603500
v -0.000004 30.000000 58.413998
v 69.603485 28.414001 59.603500
v 69.603485 16.586002 59.603500
v 69.999954 15.000004 58.413998
v 69.999954 16.586002 58.413994
v 69.999985 29.999996 58.413990
v 69.999954 28.414001 58.413994
v -68.414001 31.585999 59.999992
v -1.586014 30.000000 58.413998
v -68.414001 43.414001 59.999989
v 0.000008 43.414001 58.413998
v -69.999992 31.585999 58.414001
v -68.414009 30.000000 58.413998
v 0.000006 31.586000 58.413998
v -1.586014 31.586002 59.999989
v -68.414009 45.000000 58.413998
v -69.999992 43.414001 58.413998
v -1.586014 45.000000 58.413998
v -1.586014 43.414001 59.999989
v -68.414001 45.000000 6.414001
v -1.586014 45.000000 6.413994
v 0.000008 43.414001 6.413994
v -69.603500 31.585999 59.603500
v -69.999962 30.000000 58.413998
v -68.414009 30.396500 59.603500
v -0.000008 30.000000 58.413998
v -0.396513 31.586000 59.603500
v -1.586014 30.396500 59.603500
v -68.414009 44.603500 59.603500
v -69.999962 44.999985 58.413998
v -69.603500 43.414001 59.603500
v -0.396515 44.603500 58.413998
v -1.586014 44.603500 59.603500
v -0.396515 43.414001 59.603500
v -0.396515 44.603500 6.413994
v -69.471313 30.528656 59.471340
v -0.528673 30.528660 59.471336
v -69.471313 44.471321 59.471340
v -0.528675 44.471321 59.471336
v 68.413994 45.000000 6.413994
v 68.414001 45.000000 58.413994
v 1.586006 45.000000 58.413998
v 1.586006 45.000000 6.413994
v 68.414001 43.414001 59.999985
v 68.414001 31.586002 59.999985
v 1.586004 31.586000 59.999989
v 1.586006 43.414001 59.999989
v 69.471313 30.528660 59.471340
v 69.603485 31.586002 59.603500
v 0.528666 30.528660 59.471336
v 1.586006 30.000000 58.413998
v 0.000000 30.000000 58.413998
v 69.471313 44.471321 59.471336
v 68.413994 44.603500 59.603500
v 0.528667 44.471321 59.471336
v -0.000015 43.414001 58.413998
v 0.396507 44.603500 58.413998
v 1.586006 30.396500 59.603500
v 68.413994 30.396500 59.603500
v 68.414001 30.000000 58.413994
v 1.586006 44.603500 59.603500
v 0.396507 44.603500 6.413994
v 69.999954 44.999989 58.413990
v 0.396505 31.586000 59.603500
v 0.396507 43.414001 59.603500
v 69.603485 43.414001 59.603500
v 70.000000 30.000004 58.413998
v 69.999985 31.586002 58.413994
v -0.000013 31.586000 58.413998
v 69.999985 43.414001 58.413994
v -0.000015 43.414001 6.413994
v -57.177563 46.576012 9.585999
v -59.137169 48.588158 8.000004
v -60.023758 50.572586 7.999996
v -61.289246 52.361111 7.999996
v -62.638863 53.710751 7.999996
v -64.384575 54.956306 8.000004
v -66.328819 55.820297 7.999996
v -68.414009 56.225258 8.000004
v -57.177559 46.576012 58.413998
v -57.581139 48.943321 58.413998
v -58.585785 51.265079 58.413998
v -60.041412 53.356236 58.413998
v -61.643761 54.958565 58.413998
v -63.692085 56.394291 58.413998
v -65.973686 57.376328 58.413998
v -69.999962 56.414001 58.413998
v -68.413994 45.000000 58.413998
v -58.585995 45.000000 9.585999
v -58.774727 46.585991 8.000000
v -57.581142 48.943321 9.585999
v -58.585785 51.265079 9.586002
v -60.041412 53.356236 9.585999
v -61.643764 54.958565 9.586002
v -63.692085 56.394291 9.586002
v -65.973679 57.376328 9.585995
v -69.999969 56.414001 9.585999
v -68.423950 57.822411 9.585999
v -58.774719 46.585991 59.999989
v -58.585991 45.000000 58.413998
v -59.137161 48.588158 59.999989
v -60.023750 50.572586 59.999989
v -61.289246 52.361126 59.999989
v -62.638863 53.710751 59.999989
v -64.384567 54.956306 59.999989
v -66.328812 55.820297 59.999989
v -68.414001 56.225258 59.999989
v -68.423943 57.822411 58.413998
v -68.413986 46.585991 59.999989
v -69.999962 46.585991 58.413998
v -57.440884 45.393997 9.585995
v -58.633179 45.396477 8.396503
v -57.576859 46.578522 8.396500
v -69.999962 56.366791 8.000000
v -69.605972 57.559097 9.585995
v -68.421448 57.423126 8.396496
v -57.576859 46.578522 59.603500
v -58.633179 45.396477 59.603500
v -57.440880 45.393997 58.413998
v -69.603500 56.366791 59.603500
v -68.421448 57.423126 59.603500
v -69.605980 57.559097 58.413998
v -68.413994 45.396477 59.603500
v -69.603470 46.585991 59.603500
v -69.999962 44.999992 58.413998
v -57.589706 45.527000 8.528656
v -69.472961 57.410271 8.528656
v -57.589714 45.526997 59.471336
v -69.472961 57.410271 59.471340
v -69.471313 45.528641 59.471340
v -57.970169 48.854507 8.396496
v -58.945282 51.091938 8.396500
v -60.353378 53.107437 8.396496
v -61.892525 54.646618 8.396492
v -63.865196 56.034790 8.396500
v -66.062508 56.987328 8.396503
v -57.970169 48.854507 59.603500
v -58.945282 51.091938 59.603500
v -60.353378 53.107437 59.603500
v -61.892532 54.646618 59.603500
v -63.865196 56.034790 59.603500
v -66.062508 56.987328 59.603500
v 57.177555 46.576012 58.413994
v 57.177555 46.576012 9.585999
v 57.581135 48.943321 9.585999
v 57.581135 48.943321 58.413994
v 58.585781 51.265079 9.585995
v 58.585777 51.265079 58.413998
v 60.041401 53.356239 9.585999
v 60.041401 53.356239 58.413994
v 61.643749 54.958569 9.586002
v 61.643753 54.958569 58.413998
v 63.692074 56.394291 9.585995
v 63.692078 56.394291 58.413998
v 65.973679 57.376331 9.586002
v 65.973679 57.376331 58.413998
v 68.423935 57.822411 9.585999
v 68.423935 57.822411 58.413994
v 60.023743 50.572590 59.999989
v 68.413986 46.585991 59.999985
v 59.137154 48.588161 59.999989
v 57.589699 45.527000 8.528656
v 57.440884 45.394001 9.585995
v 69.472961 57.410271 8.528656
v 68.413994 56.225262 8.000004
v 69.999954 56.366791 7.999992
v 57.589714 45.527000 59.471336
v 57.576843 46.578522 59.603500
v 69.472961 57.410271 59.471336
v 69.999954 56.414001 58.413994
v 69.603485 56.366791 59.603500
v 69.471313 45.528641 59.471336
v 68.413986 45.000000 58.413994
v 68.413979 45.396481 59.603504
v 57.576843 46.578522 8.396492
v 57.970154 48.854511 8.396496
v 57.970154 48.854511 59.603497
v 57.440880 45.394001 58.413998
v 58.945267 51.091942 8.396500
v 58.945267 51.091942 59.603500
v 60.353363 53.107441 8.396496
v 60.353363 53.107441 59.603497
v 61.892509 54.646622 8.396492
v 61.892525 54.646622 59.603500
v 63.865181 56.034790 8.396492
v 63.865189 56.034790 59.603500
v 66.062492 56.987331 8.396503
v 66.062492 56.987331 59.603504
v 68.421425 57.423130 8.396496
v 69.605972 57.559101 9.586002
v 69.605972 57.559101 58.413998
v 68.421425 57.423130 59.603497
v 69.999954 46.585991 58.413994
v 69.603455 46.585991 59.603500
v 58.585987 45.000000 58.413994
v 58.633163 45.396481 59.603497
v 58.633163 45.396481 8.396496
v 58.585987 45.000000 9.585999
v 58.774712 46.585991 8.000000
v 69.999954 56.414001 9.585999
v 58.774715 46.585991 59.999985
v 68.414001 56.225262 59.999989
v 69.999954 44.999996 58.413990
v 59.137154 48.588161 7.999996
v 60.023743 50.572590 7.999996
v 61.289238 52.361111 7.999996
v 61.289234 52.361130 59.999985
v 62.638855 53.710751 7.999996
v 62.638855 53.710751 59.999989
v 64.384560 54.956310 8.000004
v 64.384567 54.956310 59.999989
v 66.328804 55.820301 7.999996
v 66.328812 55.820301 59.999989
v -68.414001 45.000000 6.413986
v -68.414009 73.414001 8.000000
v -69.999969 73.414009 3.585999
v -68.414009 46.585991 8.000000
v -69.999962 46.585991 6.413986
v -68.414001 75.000000 6.413986
v -69.999962 73.414009 6.413986
v -68.414001 75.000000 3.585999
v -68.414001 73.414001 2.000000
v -68.414009 45.396477 7.603504
v -69.603500 46.585991 7.603500
v -69.603493 45.396477 6.413990
v -68.414009 74.603500 7.603500
v -69.603493 74.603508 6.413986
v -69.603500 73.414009 7.603500
v -69.603500 74.603508 3.585999
v -68.414001 74.603500 2.396492
v -69.999954 73.414017 2.000000
v -69.471313 45.528641 7.471329
v -69.471313 74.471344 7.471329
v -69.471313 74.471344 2.528664
v -0.000004 75.000008 6.413986
v -0.000004 75.000008 3.585999
v -0.000004 46.585991 8.000000
v -0.000004 73.414009 8.000000
v -0.000004 45.000000 6.413986
v -0.000004 73.414009 2.000000
v 68.413994 75.000008 6.413986
v 68.413986 75.000008 3.585999
v 68.413994 46.585991 8.000000
v 68.413986 73.414009 8.000000
v 69.471313 45.528641 7.471329
v 68.414001 45.000000 6.413986
v 68.413994 45.396481 7.603504
v 69.471313 74.471336 7.471329
v 68.413994 74.603500 7.603493
v 69.471313 74.471336 2.528656
v 69.999954 73.414009 3.585999
v 69.603500 74.603500 3.585999
v -0.000004 74.603500 7.603500
v 69.603500 74.603500 6.413986
v 69.603485 73.414009 7.603500
v 69.603485 46.585991 7.603500
v -0.000004 45.396481 7.603497
v -0.000004 74.603500 2.396492
v 68.413994 74.603500 2.396492
v 69.603485 45.396481 6.413982
v 69.999962 46.585991 6.413986
v 69.999962 73.414009 6.413986
v 69.999954 73.414009 2.000000
v 68.413986 73.414009 2.000000
v -69.999969 0.000008 59.999992
v -104.999969 79.999992 38.000000
v -104.599136 79.999992 41.820251
v -103.606621 79.999992 45.524437
v -101.985931 80.000000 48.999992
v -99.786362 80.000000 52.141327
v -97.074692 80.000000 54.852966
v -93.933380 80.000000 57.052567
v -90.457809 79.999992 58.673248
v -86.753639 80.000000 59.665768
v -82.933380 80.000008 59.999989
v -69.999969 80.000008 59.999989
v -104.999969 79.999992 -0.000015
v -73.999969 0.000008 59.999992
v -73.999969 0.000008 4.000002
v -104.999969 0.000008 4.000002
v -69.999969 80.000008 -0.000008
v -104.999969 0.000008 -0.000013
v -73.999969 75.999947 4.000000
v -73.999969 75.999947 59.999989
v -69.999969 0.000008 -0.000005
v -104.999969 75.999977 38.000000
v -104.599129 75.999977 41.820267
v -82.933380 75.999977 59.999989
v -104.999969 75.999962 4.000000
v -86.753639 75.999985 59.665768
v -90.457809 75.999992 58.673248
v -93.933380 75.999985 57.052567
v -97.074699 75.999985 54.852982
v -99.786362 75.999985 52.141327
v -101.985931 75.999985 48.999992
v -103.606621 75.999977 45.524437
v 73.999947 0.000015 3.999992
v 69.999947 0.000015 -0.000015
v 69.999954 0.000015 59.999981
v 73.999954 0.000015 59.999981
v 104.999962 80.000000 38.000000
v 104.999947 75.999985 38.000000
v 104.599136 75.999985 41.820267
v 104.599113 80.000000 41.820251
v 103.606613 75.999985 45.524437
v 103.606628 80.000000 45.524437
v 101.985931 75.999985 48.999985
v 101.985931 80.000000 48.999985
v 99.786362 75.999985 52.141327
v 99.786362 80.000000 52.141327
v 97.074684 75.999985 54.852974
v 97.074692 80.000000 54.852966
v 93.933380 75.999985 57.052567
v 93.933380 80.000000 57.052567
v 90.457809 75.999985 58.673248
v 90.457794 80.000000 58.673248
v 86.753632 75.999985 59.665764
v 86.753632 80.000000 59.665764
v 82.933365 75.999985 59.999985
v 82.933380 80.000000 59.999985
v 69.999962 80.000000 -0.000008
v 73.999954 75.999954 59.999985
v 69.999969 80.000000 59.999985
v 104.999969 80.000000 -0.000015
v 104.999962 75.999969 4.000000
v 104.999954 0.000015 -0.000019
v 104.999947 0.000015 3.999996
v 73.999947 75.999954 3.999992
v -69.999962 15.000000 59.999992
v -69.999969 6.000008 59.999989
v -0.000004 6.000009 59.999989
v -69.999969 6.000000 2.000008
v -0.000004 15.000002 58.414001
v -69.999969 15.000000 58.414001
v -0.000004 15.000002 59.999985
v 69.999962 15.000004 59.999985
v 69.999954 6.000008 59.999985
v 69.999969 6.000004 2.000011
v -0.000004 6.000004 2.000008
v 69.999954 15.000004 58.414001
v -102.933380 6.000000 37.933411
v -102.622017 6.000000 41.471642
v -101.720024 6.000000 44.837791
v -100.247269 6.000000 47.996170
v -98.248421 6.000000 50.850861
v -95.784218 6.000000 53.315041
v -92.929550 6.000000 55.313889
v -89.771179 6.000000 56.786728
v -86.405022 6.000000 57.688641
v -82.933380 6.000000 57.933418
v -73.999969 6.000000 57.933418
v -102.933380 6.000000 4.000000
v -73.999969 -0.000031 3.999998
v -102.933388 0.000000 37.933414
v -102.622017 0.000000 41.471645
v -82.933380 0.000000 57.933422
v -73.999939 0.000000 57.933418
v -102.933380 0.000000 3.999998
v -86.405014 0.000000 57.688644
v -89.771179 0.000000 56.786732
v -92.929550 0.000000 55.313892
v -95.784210 0.000000 53.315044
v -98.248421 0.000000 50.850864
v -100.247261 0.000000 47.996174
v -101.720047 0.000000 44.837795
v 102.933365 6.000000 37.933411
v 102.933372 0.000008 37.933414
v 102.622002 0.000008 41.471645
v 102.622002 6.000000 41.471642
v 101.720039 0.000008 44.837795
v 101.720009 6.000000 44.837791
v 100.247246 0.000008 47.996174
v 100.247253 6.000000 47.996170
v 98.248405 0.000008 50.850864
v 98.248405 6.000000 50.850861
v 95.784210 0.000008 53.315037
v 95.784203 6.000000 53.315041
v 92.929550 0.000008 55.313892
v 92.929550 6.000000 55.313889
v 89.771179 0.000008 56.786732
v 89.771164 6.000000 56.786728
v 86.405014 0.000008 57.688641
v 86.405022 6.000000 57.688637
v 82.933380 0.000008 57.933422
v 82.933365 6.000000 57.933418
v 73.999924 0.000000 57.933418
v 73.999954 6.000000 57.933418
v 102.933372 6.000000 4.000000
v 102.933372 0.000000 4.000000
v 73.999954 -0.000031 3.999996
v -104.999969 10.000031 38.000000
v -104.599129 10.000031 41.820267
v -99.786362 10.000031 52.141327
v -97.074699 10.000031 54.852982
v -93.933380 10.000031 57.052567
v -90.457809 10.000031 58.673248
v -82.933380 10.000031 59.999992
v -104.999969 10.000000 4.000000
v -86.753639 10.000031 59.665771
v -101.985931 10.000031 48.999992
v -103.606621 10.000031 45.524437
v -73.999977 5.999947 3.999996
v -104.999969 5.999992 37.999996
v -104.599129 5.999992 41.820263
v -82.933380 5.999992 59.999985
v -73.999954 6.000000 59.999989
v -104.999969 5.999992 3.999997
v -86.753639 5.999992 59.665764
v -90.457809 5.999992 58.673244
v -93.933380 5.999992 57.052563
v -97.074699 5.999992 54.852978
v -99.786362 5.999992 52.141323
v -101.985931 5.999992 48.999989
v -103.606621 5.999992 45.524433
v -73.999969 9.999969 4.000000
v -73.999954 9.999969 59.999989
v 104.999954 10.000031 38.000000
v 104.999962 5.999992 38.000004
v 104.599136 5.999992 41.820271
v 104.599129 10.000031 41.820267
v 103.606628 5.999992 45.524441
v 103.606621 10.000031 45.524437
v 101.985931 5.999992 48.999989
v 101.985931 10.000031 48.999985
v 99.786362 5.999992 52.141331
v 99.786362 10.000031 52.141327
v 97.074684 5.999992 54.852978
v 97.074684 10.000031 54.852974
v 93.933380 5.999992 57.052570
v 93.933380 10.000031 57.052567
v 90.457809 5.999992 58.673252
v 90.457794 10.000031 58.673248
v 86.753632 5.999992 59.665768
v 86.753632 10.000031 59.665764
v 82.933380 5.999992 59.999989
v 82.933365 10.000031 59.999985
v 73.999954 9.999969 59.999985
v 73.999954 6.000000 59.999985
v 104.999962 5.999992 4.000004
v 104.999962 10.000000 4.000000
v 73.999947 5.999954 3.999992
v 73.999954 9.999969 3.999996
v -104.599129 39.999992 41.820267
v -101.985931 40.000000 48.999992
v -99.786362 40.000000 52.141327
v -97.074699 40.000000 54.852982
v -90.457809 39.999992 58.673248
v -86.753639 40.000000 59.665768
v -82.933380 40.000000 59.999989
v -104.999969 43.999977 38.000000
v -104.599129 43.999977 41.820267
v -103.606621 43.999977 45.524437
v -101.985931 43.999985 48.999992
v -99.786362 43.999985 52.141327
v -97.074699 43.999985 54.852982
v -93.933380 43.999985 57.052567
v -90.457809 43.999977 58.673248
v -86.753639 43.999985 59.665768
v -82.933380 43.999977 59.999989
v -104.999969 39.999992 38.000000
v -93.933380 40.000000 57.052567
v -103.606621 39.999992 45.524437
v -73.999969 39.999931 59.999989
v -104.999969 43.999977 4.000004
v -73.999969 43.999977 59.999989
v -73.999969 43.999962 4.000000
v -104.999969 39.999962 4.000000
v -73.999969 39.999931 4.000000
v 104.999947 43.999981 37.999996
v 104.999962 40.000000 38.000000
v 104.599121 40.000000 41.820267
v 104.599121 43.999981 41.820263
v 103.606628 40.000000 45.524437
v 103.606613 43.999981 45.524433
v 101.985931 40.000000 48.999985
v 101.985931 43.999981 48.999981
v 99.786362 40.000000 52.141327
v 99.786362 43.999981 52.141323
v 97.074684 40.000000 54.852974
v 97.074684 43.999981 54.852970
v 93.933380 40.000000 57.052567
v 93.933380 43.999981 57.052563
v 90.457794 40.000000 58.673248
v 90.457794 43.999981 58.673244
v 86.753632 40.000000 59.665764
v 86.753632 43.999981 59.665760
v 82.933365 40.000000 59.999985
v 82.933365 43.999981 59.999981
v 104.999962 39.999962 4.000000
v 104.999947 43.999981 3.999996
v 73.999954 39.999931 4.000000
v 73.999954 43.999962 4.000000
v 73.999954 43.999981 59.999981
v 73.999954 39.999931 59.999985
v -69.999969 80.000008 0.000000
v -69.999969 80.000008 2.000008
v -0.000004 80.000000 0.000000
v -69.999969 73.414009 2.000008
v -69.999969 6.000008 2.000006
v -69.999969 0.000008 2.000010
v -0.000004 0.000010 0.000000
v -69.999969 0.000008 0.000002
v 69.999969 80.000000 2.000008
v -0.000004 80.000000 2.000008
v 69.999969 80.000000 0.000000
v 69.999954 0.000008 0.000002
v 69.999954 73.414017 2.000008
v -0.000004 73.414017 2.000008
v -0.000004 0.000010 2.000008
v -0.000004 6.000010 2.000006
v 69.999954 6.000011 2.000010
v 69.999954 0.000008 2.000010
v 2.180035 45.247688 6.414001
v -2.180061 45.247688 6.413994
v -0.000008 43.045399 6.413998
vt 0.919020 0.986708
vt 0.862504 0.986708
vt 0.856606 0.986708
vt 0.919511 0.992605
vt 0.924917 0.986708
vt 0.862504 0.992605
vt 0.862504 0.657440
vt 0.919020 0.657440
vt 0.856606 0.657440
vt 0.925409 0.657440
vt 0.919511 0.998011
vt 0.862012 0.998011
vt 0.850709 0.987199
vt 0.850709 0.657440
vt 0.931306 0.657440
vt 0.931306 0.987199
vt 0.924426 0.992114
vt 0.925409 0.997028
vt 0.856115 0.997028
vt 0.857098 0.992114
vt 0.851692 0.993096
vt 0.929832 0.993096
vt 0.862504 0.986708
vt 0.862504 0.657440
vt 0.919020 0.657440
vt 0.919020 0.986708
vt 0.857098 0.992114
vt 0.850709 0.987199
vt 0.856606 0.986708
vt 0.924426 0.992114
vt 0.924917 0.986708
vt 0.931306 0.987199
vt 0.925409 0.657440
vt 0.931306 0.657440
vt 0.919511 0.992605
vt 0.862504 0.992605
vt 0.850709 0.657440
vt 0.856606 0.657440
vt 0.856115 0.997028
vt 0.862012 0.998011
vt 0.929832 0.993096
vt 0.919511 0.998011
vt 0.925409 0.997028
vt 0.851692 0.993096
vt 0.335680 0.577826
vt 0.013784 0.577826
vt 0.013784 0.589129
vt 0.335189 0.589129
vt 0.335189 0.645646
vt 0.013784 0.645646
vt 0.335680 0.651543
vt 0.341086 0.645646
vt 0.013784 0.651543
vt 0.341086 0.588638
vt 0.335680 0.583232
vt 0.007886 0.588638
vt 0.007886 0.577826
vt 0.013784 0.583232
vt 0.341577 0.577826
vt 0.007886 0.645646
vt 0.013784 0.327681
vt 0.335189 0.327681
vt 0.007886 0.327681
vt 0.347475 0.578318
vt 0.001989 0.578318
vt 0.001989 0.327681
vt 0.341086 0.583232
vt 0.008378 0.583232
vt 0.346983 0.588638
vt 0.346983 0.646137
vt 0.335680 0.657440
vt 0.013292 0.657440
vt 0.001989 0.646137
vt 0.001989 0.588638
vt 0.346000 0.652034
vt 0.340594 0.651051
vt 0.007395 0.656457
vt 0.008378 0.651051
vt 0.342069 0.656457
vt 0.003463 0.652034
vt 0.335189 0.327681
vt 0.335680 0.577826
vt 0.013784 0.577826
vt 0.013784 0.327681
vt 0.335189 0.589129
vt 0.335189 0.645646
vt 0.013784 0.645646
vt 0.013784 0.589129
vt 0.340594 0.651051
vt 0.341086 0.645646
vt 0.008378 0.651051
vt 0.013292 0.657440
vt 0.007395 0.656457
vt 0.341086 0.583232
vt 0.335680 0.583232
vt 0.008378 0.583232
vt 0.001989 0.578318
vt 0.007886 0.577826
vt 0.013784 0.651543
vt 0.335680 0.651543
vt 0.335680 0.657440
vt 0.013784 0.583232
vt 0.007886 0.327681
vt 0.341577 0.577826
vt 0.007886 0.645646
vt 0.007886 0.588638
vt 0.341086 0.588638
vt 0.346000 0.652034
vt 0.346983 0.646137
vt 0.001989 0.646137
vt 0.346983 0.588638
vt 0.001989 0.327681
vt 0.347475 0.578318
vt 0.001989 0.588638
vt 0.342069 0.656457
vt 0.003463 0.652034
vt 0.523411 0.140933
vt 0.523411 0.152236
vt 0.288009 0.151745
vt 0.288501 0.140441
vt 0.523411 0.128647
vt 0.288501 0.128647
vt 0.523411 0.116852
vt 0.288501 0.116361
vt 0.523411 0.106040
vt 0.288501 0.106040
vt 0.523411 0.093754
vt 0.288501 0.094246
vt 0.523411 0.081959
vt 0.288501 0.082451
vt 0.523411 0.070165
vt 0.288009 0.070656
vt 0.966434 0.142852
vt 0.926136 0.123686
vt 0.970857 0.133024
vt 0.282112 0.151745
vt 0.288009 0.157642
vt 0.282112 0.071148
vt 0.522920 0.157642
vt 0.522920 0.064759
vt 0.920238 0.169882
vt 0.921221 0.118280
vt 0.925644 0.117789
vt 0.282604 0.140441
vt 0.282112 0.128647
vt 0.282112 0.116361
vt 0.282112 0.106040
vt 0.282112 0.094246
vt 0.282112 0.082451
vt 0.288009 0.064759
vt 0.920238 0.123195
vt 0.972331 0.117789
vt 0.972331 0.123686
vt 0.926136 0.169882
vt 0.960537 0.151207
vt 0.953657 0.157596
vt 0.945302 0.163985
vt 0.935965 0.167916
vt 0.529309 0.140933
vt 0.529309 0.152236
vt 0.528326 0.157642
vt 0.529309 0.128647
vt 0.522920 0.163539
vt 0.287518 0.163539
vt 0.276215 0.150762
vt 0.276215 0.139950
vt 0.529309 0.116361
vt 0.276215 0.128155
vt 0.529309 0.106040
vt 0.281129 0.162065
vt 0.282604 0.156659
vt 0.276215 0.116361
vt 0.277198 0.157150
vt 0.529309 0.093754
vt 0.276215 0.106040
vt 0.529309 0.081959
vt 0.276215 0.094737
vt 0.529309 0.070165
vt 0.276215 0.082942
vt 0.528326 0.064759
vt 0.276215 0.071639
vt 0.287518 0.059353
vt 0.522920 0.059353
vt 0.277198 0.065250
vt 0.282604 0.065742
vt 0.281129 0.060336
vt 0.976754 0.134498
vt 0.971840 0.145310
vt 0.964960 0.155139
vt 0.978229 0.123195
vt 0.957588 0.162510
vt 0.924661 0.111891
vt 0.972823 0.111891
vt 0.977737 0.117789
vt 0.948251 0.169390
vt 0.937439 0.173813
vt 0.917781 0.115332
vt 0.925644 0.175779
vt 0.914341 0.121720
vt 0.914341 0.170373
vt 0.920238 0.175288
vt 0.523411 0.152236
vt 0.288009 0.151745
vt 0.288501 0.140441
vt 0.523411 0.140933
vt 0.288501 0.128647
vt 0.523411 0.128647
vt 0.288501 0.116361
vt 0.523411 0.116852
vt 0.288501 0.106040
vt 0.523411 0.106040
vt 0.288501 0.094246
vt 0.523411 0.093754
vt 0.288501 0.082451
vt 0.523411 0.081959
vt 0.288009 0.070656
vt 0.523411 0.070165
vt 0.966434 0.142852
vt 0.926136 0.123686
vt 0.970857 0.133024
vt 0.282604 0.156659
vt 0.288009 0.157642
vt 0.282604 0.065742
vt 0.276215 0.071639
vt 0.277198 0.065250
vt 0.528326 0.157642
vt 0.529309 0.152236
vt 0.920238 0.175288
vt 0.914341 0.170373
vt 0.920238 0.169882
vt 0.921221 0.118280
vt 0.924661 0.111891
vt 0.925644 0.117789
vt 0.282112 0.151745
vt 0.282604 0.140441
vt 0.529309 0.140933
vt 0.522920 0.157642
vt 0.282112 0.128647
vt 0.529309 0.128647
vt 0.282112 0.116361
vt 0.529309 0.116361
vt 0.282112 0.106040
vt 0.529309 0.106040
vt 0.282112 0.094246
vt 0.529309 0.093754
vt 0.282112 0.082451
vt 0.529309 0.081959
vt 0.282112 0.071148
vt 0.288009 0.064759
vt 0.522920 0.064759
vt 0.529309 0.070165
vt 0.914341 0.121720
vt 0.920238 0.123195
vt 0.972823 0.111891
vt 0.972331 0.117789
vt 0.281129 0.162065
vt 0.287518 0.163539
vt 0.276215 0.150762
vt 0.287518 0.059353
vt 0.977737 0.117789
vt 0.972331 0.123686
vt 0.522920 0.163539
vt 0.925644 0.175779
vt 0.926136 0.169882
vt 0.528326 0.064759
vt 0.917781 0.115332
vt 0.276215 0.139950
vt 0.978229 0.123195
vt 0.976754 0.134498
vt 0.276215 0.128155
vt 0.971840 0.145310
vt 0.276215 0.116361
vt 0.964960 0.155139
vt 0.960537 0.151207
vt 0.276215 0.106040
vt 0.957588 0.162510
vt 0.953657 0.157596
vt 0.276215 0.094737
vt 0.945302 0.163985
vt 0.948251 0.169390
vt 0.276215 0.082942
vt 0.935965 0.167916
vt 0.937439 0.173813
vt 0.522920 0.059353
vt 0.281129 0.060336
vt 0.277198 0.157150
vt 0.676250 0.669234
vt 0.690011 0.669234
vt 0.701314 0.669234
vt 0.830564 0.669234
vt 0.836461 0.668743
vt 0.701314 0.663337
vt 0.695417 0.669234
vt 0.676250 0.663337
vt 0.690011 0.663337
vt 0.830564 0.663337
vt 0.670353 0.668743
vt 0.689519 0.998011
vt 0.676250 0.998011
vt 0.695417 0.998011
vt 0.670353 0.998011
vt 0.675759 0.657440
vt 0.690011 0.657440
vt 0.701314 0.998011
vt 0.664456 0.998011
vt 0.664456 0.668743
vt 0.695417 0.663828
vt 0.830564 0.998011
vt 0.670844 0.663828
vt 0.669861 0.658423
vt 0.836461 0.998011
vt 0.665930 0.662354
vt 0.700822 0.657440
vt 0.830564 0.657440
vt 0.842359 0.668743
vt 0.842359 0.998011
vt 0.836953 0.658423
vt 0.835970 0.663828
vt 0.840884 0.662354
vt 0.690011 0.669234
vt 0.689519 0.998011
vt 0.676250 0.998011
vt 0.676250 0.669234
vt 0.830564 0.669234
vt 0.830564 0.998011
vt 0.701314 0.998011
vt 0.701314 0.669234
vt 0.835970 0.663828
vt 0.842359 0.668743
vt 0.836461 0.668743
vt 0.695417 0.663828
vt 0.695417 0.669234
vt 0.670844 0.663828
vt 0.675759 0.657440
vt 0.676250 0.663337
vt 0.695417 0.998011
vt 0.690011 0.663337
vt 0.701314 0.663337
vt 0.830564 0.663337
vt 0.842359 0.998011
vt 0.836461 0.998011
vt 0.670353 0.998011
vt 0.670353 0.668743
vt 0.836953 0.658423
vt 0.830564 0.657440
vt 0.700822 0.657440
vt 0.665930 0.662354
vt 0.664456 0.668743
vt 0.690011 0.657440
vt 0.664456 0.998011
vt 0.669861 0.658423
vt 0.840884 0.662354
vt 0.918530 0.355694
vt 0.918530 0.640240
vt 0.899855 0.640240
vt 0.899855 0.374369
vt 0.752422 0.374369
vt 0.752422 0.355694
vt 0.735716 0.343898
vt 0.735716 0.628936
vt 0.355829 0.628936
vt 0.355829 0.343898
vt 0.958827 0.798976
vt 0.958827 0.817159
vt 0.939660 0.817159
vt 0.939660 0.798976
vt 0.958827 0.998011
vt 0.939660 0.978845
vt 0.958827 0.780792
vt 0.939660 0.780792
vt 0.958827 0.762609
vt 0.939660 0.762609
vt 0.958827 0.744425
vt 0.939660 0.744425
vt 0.958827 0.726242
vt 0.939660 0.726242
vt 0.958827 0.708059
vt 0.939660 0.708059
vt 0.958827 0.689875
vt 0.939660 0.689875
vt 0.958827 0.671692
vt 0.939660 0.671692
vt 0.958827 0.653508
vt 0.939660 0.653508
vt 0.939660 0.611244
vt 0.958827 0.592078
vt 0.714519 0.334610
vt 0.696336 0.332645
vt 0.679135 0.327730
vt 0.894880 0.168502
vt 0.894880 0.334610
vt 0.662426 0.320358
vt 0.647683 0.310038
vt 0.634414 0.296769
vt 0.624093 0.282026
vt 0.616230 0.265317
vt 0.611807 0.248116
vt 0.610333 0.229933
vt 0.610333 0.168502
vt 0.926884 0.232319
vt 0.946051 0.232319
vt 0.926884 0.612205
vt 0.946051 0.593039
vt 0.588404 0.208663
vt 0.419838 0.208663
vt 0.419838 0.593464
vt 0.588404 0.593464
vt 0.656102 0.637291
vt 0.656102 0.998011
vt 0.390230 0.998011
vt 0.390230 0.637291
vt 0.362709 0.319327
vt 0.001989 0.319327
vt 0.001989 0.171893
vt 0.362709 0.171893
vt 0.276215 0.031833
vt 0.656102 0.031833
vt 0.636935 0.050999
vt 0.276215 0.050999
vt 0.267861 0.163539
vt 0.106175 0.016106
vt 0.087992 0.018072
vt 0.001989 0.120784
vt 0.001989 0.163539
vt 0.267861 0.016106
vt 0.003463 0.103092
vt 0.008378 0.085400
vt 0.015750 0.068690
vt 0.026070 0.053947
vt 0.039339 0.041170
vt 0.054082 0.030358
vt 0.070791 0.022986
vt 0.899855 0.374369
vt 0.918530 0.355694
vt 0.918530 0.640240
vt 0.899855 0.640240
vt 0.958827 0.817159
vt 0.939660 0.817159
vt 0.939660 0.798976
vt 0.958827 0.798976
vt 0.939660 0.780792
vt 0.958827 0.780792
vt 0.939660 0.762609
vt 0.958827 0.762609
vt 0.939660 0.744425
vt 0.958827 0.744425
vt 0.939660 0.726242
vt 0.958827 0.726242
vt 0.939660 0.708059
vt 0.958827 0.708059
vt 0.939660 0.689875
vt 0.958827 0.689875
vt 0.939660 0.671692
vt 0.958827 0.671692
vt 0.939660 0.653508
vt 0.958827 0.653508
vt 0.714519 0.334610
vt 0.696336 0.332645
vt 0.894880 0.168502
vt 0.939660 0.611244
vt 0.958827 0.592078
vt 0.610333 0.229933
vt 0.610333 0.168502
vt 0.958827 0.998011
vt 0.939660 0.978845
vt 0.894880 0.334610
vt 0.611807 0.248116
vt 0.616230 0.265317
vt 0.624093 0.282026
vt 0.634414 0.296769
vt 0.647683 0.310038
vt 0.662426 0.320358
vt 0.679135 0.327730
vt 0.926884 0.232319
vt 0.946051 0.232319
vt 0.926884 0.612205
vt 0.752422 0.374369
vt 0.752422 0.355694
vt 0.656102 0.998011
vt 0.390230 0.998011
vt 0.390230 0.637291
vt 0.656102 0.637291
vt 0.001989 0.319327
vt 0.001989 0.171893
vt 0.362709 0.171893
vt 0.362709 0.319327
vt 0.276215 0.031833
vt 0.656102 0.031833
vt 0.636935 0.050999
vt 0.276215 0.050999
vt 0.946051 0.593039
vt 0.419838 0.593464
vt 0.588404 0.593464
vt 0.588404 0.208663
vt 0.419838 0.208663
vt 0.355829 0.628936
vt 0.355829 0.343898
vt 0.735716 0.343898
vt 0.735716 0.628936
vt 0.267861 0.163539
vt 0.087992 0.018072
vt 0.106175 0.016106
vt 0.001989 0.120784
vt 0.001989 0.163539
vt 0.267861 0.016106
vt 0.003463 0.103092
vt 0.008378 0.085400
vt 0.015750 0.068690
vt 0.026070 0.053947
vt 0.039339 0.041170
vt 0.054082 0.030358
vt 0.070791 0.022986
vt 0.537663 0.155211
vt 0.537663 0.112456
vt 0.869879 0.112456
vt 0.869879 0.155211
vt 0.381876 0.665794
vt 0.381876 0.998011
vt 0.998144 0.033723
vt 0.665927 0.033723
vt 0.106458 0.665794
vt 0.106458 0.998011
vt 0.665927 0.026188
vt 0.998144 0.026188
vt 0.537663 0.112456
vt 0.869879 0.112456
vt 0.869879 0.155211
vt 0.537663 0.155211
vt 0.381876 0.665794
vt 0.381876 0.998011
vt 0.106458 0.998011
vt 0.106458 0.665794
vt 0.665927 0.033723
vt 0.665927 0.026188
vt 0.998144 0.026188
vt 0.998144 0.033723
vt 0.982909 0.404344
vt 0.982909 0.421545
vt 0.954405 0.421545
vt 0.954405 0.404344
vt 0.982909 0.582247
vt 0.954405 0.582247
vt 0.954405 0.388126
vt 0.982909 0.388126
vt 0.954405 0.371417
vt 0.982909 0.371417
vt 0.954405 0.354708
vt 0.982909 0.354708
vt 0.954405 0.338491
vt 0.982909 0.338491
vt 0.954405 0.321781
vt 0.982909 0.321781
vt 0.954405 0.305072
vt 0.982909 0.305072
vt 0.954405 0.288855
vt 0.982909 0.288855
vt 0.954405 0.272145
vt 0.982909 0.272145
vt 0.954405 0.229881
vt 0.982909 0.229881
vt 0.267861 0.163539
vt 0.106175 0.016106
vt 0.087992 0.018072
vt 0.001989 0.120784
vt 0.001989 0.163539
vt 0.267861 0.016106
vt 0.003463 0.103092
vt 0.008378 0.085400
vt 0.015750 0.068690
vt 0.026070 0.053947
vt 0.039339 0.041170
vt 0.054082 0.030358
vt 0.070791 0.022986
vt 0.982909 0.421545
vt 0.954405 0.421545
vt 0.954405 0.404344
vt 0.982909 0.404344
vt 0.954405 0.388126
vt 0.982909 0.388126
vt 0.954405 0.371417
vt 0.982909 0.371417
vt 0.954405 0.354708
vt 0.982909 0.354708
vt 0.954405 0.338491
vt 0.982909 0.338491
vt 0.954405 0.321781
vt 0.982909 0.321781
vt 0.954405 0.305072
vt 0.982909 0.305072
vt 0.954405 0.288855
vt 0.982909 0.288855
vt 0.954405 0.272145
vt 0.982909 0.272145
vt 0.954405 0.229881
vt 0.982909 0.229881
vt 0.982909 0.582247
vt 0.954405 0.582247
vt 0.267861 0.163539
vt 0.087992 0.018072
vt 0.106175 0.016106
vt 0.001989 0.120784
vt 0.001989 0.163539
vt 0.267861 0.016106
vt 0.003463 0.103092
vt 0.008378 0.085400
vt 0.015750 0.068690
vt 0.026070 0.053947
vt 0.039339 0.041170
vt 0.054082 0.030358
vt 0.070791 0.022986
vt 0.725848 0.084935
vt 0.744031 0.084935
vt 0.744031 0.104102
vt 0.725848 0.104102
vt 0.905716 0.084935
vt 0.905716 0.104102
vt 0.707664 0.084935
vt 0.707664 0.104102
vt 0.689481 0.084935
vt 0.689481 0.104102
vt 0.671297 0.084935
vt 0.671297 0.104102
vt 0.653114 0.084935
vt 0.653114 0.104102
vt 0.634930 0.084935
vt 0.634930 0.104102
vt 0.616747 0.084935
vt 0.616747 0.104102
vt 0.598563 0.084935
vt 0.598563 0.104102
vt 0.580380 0.084935
vt 0.580380 0.104102
vt 0.537624 0.104102
vt 0.537624 0.084935
vt 0.267861 0.163539
vt 0.106175 0.016106
vt 0.087992 0.018072
vt 0.001989 0.120784
vt 0.001989 0.163539
vt 0.267861 0.016106
vt 0.003463 0.103092
vt 0.008378 0.085400
vt 0.015750 0.068690
vt 0.026070 0.053947
vt 0.039339 0.041170
vt 0.054082 0.030358
vt 0.070791 0.022986
vt 0.744070 0.649086
vt 0.889537 0.469217
vt 0.891503 0.487400
vt 0.891503 0.649086
vt 0.786825 0.382723
vt 0.805009 0.384688
vt 0.822209 0.389111
vt 0.838918 0.396975
vt 0.853662 0.407295
vt 0.866439 0.420072
vt 0.877251 0.435307
vt 0.884623 0.451525
vt 0.744070 0.382723
vt 0.744031 0.084935
vt 0.744031 0.104102
vt 0.725848 0.104102
vt 0.725848 0.084935
vt 0.707664 0.104102
vt 0.707664 0.084935
vt 0.689481 0.104102
vt 0.689481 0.084935
vt 0.671297 0.104102
vt 0.671297 0.084935
vt 0.653114 0.104102
vt 0.653114 0.084935
vt 0.634930 0.104102
vt 0.634930 0.084935
vt 0.616747 0.104102
vt 0.616747 0.084935
vt 0.598563 0.104102
vt 0.598563 0.084935
vt 0.580380 0.104102
vt 0.580380 0.084935
vt 0.537624 0.084935
vt 0.537624 0.104102
vt 0.905716 0.104102
vt 0.905716 0.084935
vt 0.267861 0.163539
vt 0.087992 0.018072
vt 0.106175 0.016106
vt 0.001989 0.120784
vt 0.001989 0.163539
vt 0.267861 0.016106
vt 0.003463 0.103092
vt 0.008378 0.085400
vt 0.015750 0.068690
vt 0.026070 0.053947
vt 0.039339 0.041170
vt 0.054082 0.030358
vt 0.070791 0.022986
vt 0.744070 0.649086
vt 0.891503 0.487400
vt 0.889537 0.469217
vt 0.891503 0.649086
vt 0.805009 0.384688
vt 0.786825 0.382723
vt 0.822209 0.389111
vt 0.838918 0.396975
vt 0.853662 0.407295
vt 0.866439 0.420072
vt 0.877251 0.435307
vt 0.884623 0.451525
vt 0.744070 0.382723
vt 0.986347 0.818142
vt 0.986347 0.836326
vt 0.967181 0.836326
vt 0.967181 0.818142
vt 0.986347 0.998011
vt 0.967181 0.998011
vt 0.986347 0.799959
vt 0.967181 0.799959
vt 0.986347 0.781775
vt 0.967181 0.781775
vt 0.986347 0.763592
vt 0.967181 0.763592
vt 0.986347 0.745408
vt 0.967181 0.745408
vt 0.986347 0.727225
vt 0.967181 0.727225
vt 0.986347 0.709041
vt 0.967181 0.709041
vt 0.986347 0.690858
vt 0.967181 0.690858
vt 0.986347 0.672675
vt 0.967181 0.672675
vt 0.967181 0.630410
vt 0.986347 0.630410
vt 0.889537 0.469217
vt 0.891503 0.487400
vt 0.884623 0.451525
vt 0.891503 0.649086
vt 0.744070 0.649086
vt 0.877251 0.435307
vt 0.866439 0.420072
vt 0.853662 0.407295
vt 0.838918 0.396975
vt 0.822209 0.389111
vt 0.805009 0.384688
vt 0.786825 0.382723
vt 0.744070 0.382723
vt 0.106175 0.016106
vt 0.087992 0.018072
vt 0.267861 0.163539
vt 0.267861 0.016106
vt 0.070791 0.022986
vt 0.054082 0.030358
vt 0.039339 0.041170
vt 0.026070 0.053947
vt 0.015750 0.068690
vt 0.008378 0.085400
vt 0.003463 0.103092
vt 0.001989 0.120784
vt 0.001989 0.163539
vt 0.986347 0.836326
vt 0.967181 0.836326
vt 0.967181 0.818142
vt 0.986347 0.818142
vt 0.967181 0.799959
vt 0.986347 0.799959
vt 0.967181 0.781775
vt 0.986347 0.781775
vt 0.967181 0.763592
vt 0.986347 0.763592
vt 0.967181 0.745408
vt 0.986347 0.745408
vt 0.967181 0.727225
vt 0.986347 0.727225
vt 0.967181 0.709041
vt 0.986347 0.709041
vt 0.967181 0.690858
vt 0.986347 0.690858
vt 0.967181 0.672675
vt 0.986347 0.672675
vt 0.967181 0.998011
vt 0.986347 0.998011
vt 0.744070 0.649086
vt 0.889537 0.469217
vt 0.891503 0.487400
vt 0.891503 0.649086
vt 0.786825 0.382723
vt 0.805009 0.384688
vt 0.822209 0.389111
vt 0.838918 0.396975
vt 0.853662 0.407295
vt 0.866439 0.420072
vt 0.877251 0.435307
vt 0.884623 0.451525
vt 0.267861 0.163539
vt 0.106175 0.016106
vt 0.087992 0.018072
vt 0.001989 0.120784
vt 0.001989 0.163539
vt 0.267861 0.016106
vt 0.003463 0.103092
vt 0.008378 0.085400
vt 0.015750 0.068690
vt 0.026070 0.053947
vt 0.039339 0.041170
vt 0.054082 0.030358
vt 0.070791 0.022986
vt 0.967181 0.630410
vt 0.986347 0.630410
vt 0.744070 0.382723
vt 0.001989 0.665794
vt 0.381876 0.665794
vt 0.381876 0.998011
vt 0.001989 0.998011
vt 0.998144 0.033723
vt 0.665927 0.033723
vt 0.665927 0.005219
vt 0.998144 0.005219
vt 0.276215 0.023478
vt 0.276215 0.013650
vt 0.608431 0.013650
vt 0.608431 0.023478
vt 0.986836 0.076581
vt 0.654128 0.076581
vt 0.654128 0.045620
vt 0.986836 0.045129
vt 0.276215 0.013650
vt 0.608431 0.013650
vt 0.608431 0.023478
vt 0.276215 0.023478
vt 0.276215 0.013650
vt 0.608431 0.013650
vt 0.608431 0.023478
vt 0.276215 0.023478
vt 0.381876 0.665794
vt 0.381876 0.998011
vt 0.001989 0.998011
vt 0.001989 0.665794
vt 0.654128 0.076581
vt 0.654128 0.045620
vt 0.986836 0.045129
vt 0.986836 0.076581
vt 0.665927 0.033723
vt 0.665927 0.005219
vt 0.998144 0.005219
vt 0.998144 0.033723
vt 0.276215 0.013650
vt 0.276215 0.023478
vt 0.608431 0.023478
vt 0.608431 0.013650
vt 0.307593 0.638619
vt 0.328557 0.638613
vt 0.318080 0.628093
vn -0.005502 -0.030258 0.999527
vn 0.000000 -0.030444 0.999536
vn 0.000000 0.030444 0.999536
vn 0.000000 0.030444 0.999536
vn -0.005502 0.030258 0.999527
vn -0.005502 -0.030258 0.999527
vn -0.577355 -0.577343 0.577353
vn -0.003409 -0.949023 0.315188
vn -0.002559 -0.707102 0.707107
vn -0.577352 0.577350 0.577349
vn -0.005502 0.030258 0.999527
vn -0.002559 0.707102 0.707107
vn -0.003409 0.949018 0.315202
vn -0.002559 0.707102 0.707107
vn -0.000000 0.707105 0.707109
vn -0.000000 0.707105 0.707109
vn -0.000000 0.948683 0.316227
vn -0.003409 0.949018 0.315202
vn -0.005502 0.030258 0.999527
vn -0.707046 0.013841 0.707032
vn -0.707046 -0.013841 0.707032
vn -0.707046 -0.013841 0.707032
vn -0.005502 -0.030258 0.999527
vn -0.005502 0.030258 0.999527
vn 0.000000 -0.948688 0.316213
vn 0.000000 -0.707105 0.707109
vn -0.002559 -0.707102 0.707107
vn -0.002559 -0.707102 0.707107
vn -0.003409 -0.949023 0.315188
vn 0.000000 -0.948688 0.316213
vn -0.707046 -0.013841 0.707032
vn -0.577355 -0.577343 0.577353
vn -0.005502 -0.030258 0.999527
vn -0.696317 -0.696300 0.174093
vn -0.577355 -0.577343 0.577353
vn -0.950360 -0.018477 0.310604
vn -0.696323 0.696299 0.174074
vn -0.577352 0.577350 0.577349
vn -0.003409 0.949018 0.315202
vn -0.707046 0.013841 0.707032
vn -0.577352 0.577350 0.577349
vn -0.950360 0.018477 0.310604
vn -0.002559 0.707102 0.707107
vn -0.005502 0.030258 0.999527
vn 0.000000 0.030444 0.999536
vn 0.000000 0.030444 0.999536
vn -0.000000 0.707105 0.707109
vn -0.002559 0.707102 0.707107
vn -0.707046 0.013841 0.707032
vn -0.950360 0.018477 0.310604
vn -0.950360 -0.018477 0.310604
vn -0.950360 -0.018477 0.310604
vn -0.707046 -0.013841 0.707032
vn -0.707046 0.013841 0.707032
vn 0.000000 -0.707105 0.707109
vn 0.000000 -0.030444 0.999536
vn -0.005502 -0.030258 0.999527
vn -0.005502 -0.030258 0.999527
vn -0.002559 -0.707102 0.707107
vn 0.000000 -0.707105 0.707109
vn -0.577352 0.577350 0.577349
vn -0.696323 0.696299 0.174074
vn -0.950360 0.018477 0.310604
vn -0.577355 -0.577343 0.577353
vn -0.707046 -0.013841 0.707032
vn -0.950360 -0.018477 0.310604
vn -0.577352 0.577350 0.577349
vn -0.707046 0.013841 0.707032
vn -0.005502 0.030258 0.999527
vn -0.577352 0.577350 0.577349
vn -0.002559 0.707102 0.707107
vn -0.003409 0.949018 0.315202
vn -0.577355 -0.577343 0.577353
vn -0.696317 -0.696300 0.174093
vn -0.003409 -0.949023 0.315188
vn -0.577355 -0.577343 0.577353
vn -0.002559 -0.707102 0.707107
vn -0.005502 -0.030258 0.999527
vn 0.005502 -0.030258 0.999527
vn 0.005502 0.030258 0.999527
vn 0.000000 0.030444 0.999536
vn 0.000000 0.030444 0.999536
vn 0.000000 -0.030444 0.999536
vn 0.005502 -0.030258 0.999527
vn 0.577355 -0.577343 0.577353
vn 0.002559 -0.707102 0.707107
vn 0.003409 -0.949023 0.315188
vn 0.577352 0.577350 0.577349
vn 0.002559 0.707102 0.707107
vn 0.005502 0.030258 0.999527
vn 0.003409 0.949018 0.315202
vn -0.000000 0.948683 0.316227
vn -0.000000 0.707105 0.707109
vn -0.000000 0.707105 0.707109
vn 0.002559 0.707102 0.707107
vn 0.003409 0.949018 0.315202
vn 0.005502 0.030258 0.999527
vn 0.005502 -0.030258 0.999527
vn 0.707046 -0.013841 0.707032
vn 0.707046 -0.013841 0.707032
vn 0.707046 0.013841 0.707032
vn 0.005502 0.030258 0.999527
vn 0.000000 -0.948688 0.316213
vn 0.003409 -0.949023 0.315188
vn 0.002559 -0.707102 0.707107
vn 0.002559 -0.707102 0.707107
vn 0.000000 -0.707105 0.707109
vn 0.000000 -0.948688 0.316213
vn 0.707046 -0.013841 0.707032
vn 0.005502 -0.030258 0.999527
vn 0.577355 -0.577343 0.577353
vn 0.696317 -0.696300 0.174093
vn 0.950360 -0.018477 0.310604
vn 0.577355 -0.577343 0.577353
vn 0.696323 0.696299 0.174074
vn 0.003409 0.949018 0.315202
vn 0.577352 0.577350 0.577349
vn 0.707046 0.013841 0.707032
vn 0.950360 0.018477 0.310604
vn 0.577352 0.577350 0.577349
vn 0.002559 0.707102 0.707107
vn -0.000000 0.707105 0.707109
vn 0.000000 0.030444 0.999536
vn 0.000000 0.030444 0.999536
vn 0.005502 0.030258 0.999527
vn 0.002559 0.707102 0.707107
vn 0.707046 0.013841 0.707032
vn 0.707046 -0.013841 0.707032
vn 0.950360 -0.018477 0.310604
vn 0.950360 -0.018477 0.310604
vn 0.950360 0.018477 0.310604
vn 0.707046 0.013841 0.707032
vn 0.000000 -0.707105 0.707109
vn 0.002559 -0.707102 0.707107
vn 0.005502 -0.030258 0.999527
vn 0.005502 -0.030258 0.999527
vn 0.000000 -0.030444 0.999536
vn 0.000000 -0.707105 0.707109
vn 0.577352 0.577350 0.577349
vn 0.950360 0.018477 0.310604
vn 0.696323 0.696299 0.174074
vn 0.577355 -0.577343 0.577353
vn 0.950360 -0.018477 0.310604
vn 0.707046 -0.013841 0.707032
vn 0.577352 0.577350 0.577349
vn 0.005502 0.030258 0.999527
vn 0.707046 0.013841 0.707032
vn 0.577352 0.577350 0.577349
vn 0.003409 0.949018 0.315202
vn 0.002559 0.707102 0.707107
vn 0.577355 -0.577343 0.577353
vn 0.003409 -0.949023 0.315188
vn 0.696317 -0.696300 0.174093
vn 0.577355 -0.577343 0.577353
vn 0.005502 -0.030258 0.999527
vn 0.002559 -0.707102 0.707107
vn 0.005781 0.999956 0.007406
vn 0.005829 0.999983 -0.000000
vn -0.005829 0.999983 0.000000
vn -0.005829 0.999983 0.000000
vn -0.005781 0.999956 0.007406
vn 0.005781 0.999956 0.007406
vn 0.005630 -0.030254 0.999526
vn 0.005630 0.030254 0.999526
vn -0.005630 0.030254 0.999526
vn -0.005630 0.030254 0.999526
vn -0.005630 -0.030254 0.999526
vn 0.005630 -0.030254 0.999526
vn -0.577349 -0.577350 0.577352
vn -0.005630 -0.030254 0.999526
vn -0.707039 -0.013841 0.707039
vn 0.577348 -0.577351 0.577352
vn 0.003489 -0.949026 0.315178
vn 0.696308 -0.696316 0.174068
vn -0.577350 0.577348 0.577353
vn -0.005630 0.030254 0.999526
vn -0.002619 0.707103 0.707106
vn 0.577349 0.577348 0.577354
vn 0.963252 0.261277 0.062293
vn 0.707098 0.707108 0.003351
vn -0.002619 -0.707102 0.707107
vn -0.003489 -0.949026 0.315178
vn 0.003489 -0.949026 0.315178
vn 0.003489 -0.949026 0.315178
vn 0.002619 -0.707102 0.707106
vn -0.002619 -0.707102 0.707107
vn 0.002619 0.707103 0.707106
vn 0.005781 0.999956 0.007406
vn -0.005781 0.999956 0.007406
vn -0.005781 0.999956 0.007406
vn -0.002619 0.707103 0.707106
vn 0.002619 0.707103 0.707106
vn 0.707102 0.707112 -0.000000
vn 0.005829 0.999983 -0.000000
vn 0.005781 0.999956 0.007406
vn 0.005781 0.999956 0.007406
vn 0.707098 0.707108 0.003351
vn 0.707102 0.707112 -0.000000
vn 0.707033 0.013841 0.707045
vn 0.005630 0.030254 0.999526
vn 0.005630 -0.030254 0.999526
vn 0.005630 -0.030254 0.999526
vn 0.707033 -0.013841 0.707045
vn 0.707033 0.013841 0.707045
vn -0.707039 -0.013841 0.707039
vn -0.005630 -0.030254 0.999526
vn -0.005630 0.030254 0.999526
vn -0.005630 0.030254 0.999526
vn -0.707039 0.013841 0.707039
vn -0.707039 -0.013841 0.707039
vn -0.696315 -0.696306 0.174080
vn -0.577349 -0.577350 0.577352
vn -0.950353 -0.018477 0.310625
vn -0.002619 -0.707102 0.707107
vn -0.577349 -0.577350 0.577352
vn -0.003489 -0.949026 0.315178
vn 0.707033 -0.013841 0.707045
vn 0.577348 -0.577351 0.577352
vn 0.950349 -0.018477 0.310639
vn 0.002619 -0.707102 0.707106
vn 0.577348 -0.577351 0.577352
vn 0.005630 -0.030254 0.999526
vn -0.707105 0.707101 0.003352
vn -0.577350 0.577348 0.577353
vn -0.005781 0.999956 0.007406
vn -0.707039 0.013841 0.707039
vn -0.577350 0.577348 0.577353
vn -0.963255 0.261265 0.062290
vn 0.002619 0.707103 0.707106
vn 0.577349 0.577348 0.577354
vn 0.005781 0.999956 0.007406
vn 0.707033 0.013841 0.707045
vn 0.577349 0.577348 0.577354
vn 0.005630 0.030254 0.999526
vn -0.005630 -0.030254 0.999526
vn -0.002619 -0.707102 0.707107
vn 0.002619 -0.707102 0.707106
vn 0.002619 -0.707102 0.707106
vn 0.005630 -0.030254 0.999526
vn -0.005630 -0.030254 0.999526
vn 0.005630 0.030254 0.999526
vn 0.002619 0.707103 0.707106
vn -0.002619 0.707103 0.707106
vn -0.002619 0.707103 0.707106
vn -0.005630 0.030254 0.999526
vn 0.005630 0.030254 0.999526
vn 0.948678 0.316242 -0.000000
vn 0.707102 0.707112 -0.000000
vn 0.707098 0.707108 0.003351
vn 0.707098 0.707108 0.003351
vn 0.963252 0.261277 0.062293
vn 0.948678 0.316242 -0.000000
vn 0.963252 0.261277 0.062293
vn 0.707033 0.013841 0.707045
vn 0.707033 -0.013841 0.707045
vn 0.707033 -0.013841 0.707045
vn 0.950349 -0.018477 0.310639
vn 0.963252 0.261277 0.062293
vn -0.950353 -0.018477 0.310625
vn -0.707039 -0.013841 0.707039
vn -0.707039 0.013841 0.707039
vn -0.707039 0.013841 0.707039
vn -0.963255 0.261265 0.062290
vn -0.950353 -0.018477 0.310625
vn -0.577350 0.577348 0.577353
vn -0.707105 0.707101 0.003352
vn -0.963255 0.261265 0.062290
vn -0.577350 0.577348 0.577353
vn -0.707039 0.013841 0.707039
vn -0.005630 0.030254 0.999526
vn -0.577350 0.577348 0.577353
vn -0.002619 0.707103 0.707106
vn -0.005781 0.999956 0.007406
vn -0.577349 -0.577350 0.577352
vn -0.707039 -0.013841 0.707039
vn -0.950353 -0.018477 0.310625
vn -0.577349 -0.577350 0.577352
vn -0.696315 -0.696306 0.174080
vn -0.003489 -0.949026 0.315178
vn -0.577349 -0.577350 0.577352
vn -0.002619 -0.707102 0.707107
vn -0.005630 -0.030254 0.999526
vn 0.577349 0.577348 0.577354
vn 0.707033 0.013841 0.707045
vn 0.963252 0.261277 0.062293
vn 0.577349 0.577348 0.577354
vn 0.707098 0.707108 0.003351
vn 0.005781 0.999956 0.007406
vn 0.577349 0.577348 0.577354
vn 0.002619 0.707103 0.707106
vn 0.005630 0.030254 0.999526
vn 0.577348 -0.577351 0.577352
vn 0.002619 -0.707102 0.707106
vn 0.003489 -0.949026 0.315178
vn 0.577348 -0.577351 0.577352
vn 0.696308 -0.696316 0.174068
vn 0.950349 -0.018477 0.310639
vn 0.577348 -0.577351 0.577352
vn 0.707033 -0.013841 0.707045
vn 0.005630 -0.030254 0.999526
vn -0.005781 0.999956 0.007406
vn 0.005781 0.999956 0.007406
vn 0.005829 0.999983 -0.000000
vn 0.005829 0.999983 -0.000000
vn -0.005829 0.999983 0.000000
vn -0.005781 0.999956 0.007406
vn -0.005630 -0.030254 0.999526
vn 0.005630 -0.030254 0.999526
vn 0.005630 0.030254 0.999526
vn 0.005630 0.030254 0.999526
vn -0.005630 0.030254 0.999526
vn -0.005630 -0.030254 0.999526
vn 0.577349 -0.577350 0.577352
vn 0.707039 -0.013841 0.707039
vn 0.005630 -0.030254 0.999526
vn -0.577348 -0.577351 0.577352
vn -0.696308 -0.696316 0.174068
vn -0.003489 -0.949026 0.315178
vn 0.577350 0.577348 0.577353
vn 0.002619 0.707103 0.707106
vn 0.005630 0.030254 0.999526
vn -0.577349 0.577348 0.577354
vn -0.707098 0.707108 0.003351
vn -0.963252 0.261277 0.062293
vn 0.002619 -0.707102 0.707107
vn -0.002619 -0.707102 0.707106
vn -0.003489 -0.949026 0.315178
vn -0.003489 -0.949026 0.315178
vn 0.003489 -0.949026 0.315178
vn 0.002619 -0.707102 0.707107
vn -0.002619 0.707103 0.707106
vn 0.002619 0.707103 0.707106
vn 0.005781 0.999956 0.007406
vn 0.005781 0.999956 0.007406
vn -0.005781 0.999956 0.007406
vn -0.002619 0.707103 0.707106
vn -0.707102 0.707112 0.000000
vn -0.707098 0.707108 0.003351
vn -0.005781 0.999956 0.007406
vn -0.005781 0.999956 0.007406
vn -0.005829 0.999983 0.000000
vn -0.707102 0.707112 0.000000
vn -0.707033 0.013841 0.707045
vn -0.707033 -0.013841 0.707045
vn -0.005630 -0.030254 0.999526
vn -0.005630 -0.030254 0.999526
vn -0.005630 0.030254 0.999526
vn -0.707033 0.013841 0.707045
vn 0.707039 -0.013841 0.707039
vn 0.707039 0.013841 0.707039
vn 0.005630 0.030254 0.999526
vn 0.005630 0.030254 0.999526
vn 0.005630 -0.030254 0.999526
vn 0.707039 -0.013841 0.707039
vn 0.696315 -0.696306 0.174080
vn 0.950353 -0.018477 0.310625
vn 0.577349 -0.577350 0.577352
vn 0.002619 -0.707102 0.707107
vn 0.003489 -0.949026 0.315178
vn 0.577349 -0.577350 0.577352
vn -0.707033 -0.013841 0.707045
vn -0.950349 -0.018477 0.310639
vn -0.577348 -0.577351 0.577352
vn -0.002619 -0.707102 0.707106
vn -0.005630 -0.030254 0.999526
vn -0.577348 -0.577351 0.577352
vn 0.707105 0.707101 0.003352
vn 0.005781 0.999956 0.007406
vn 0.577350 0.577348 0.577353
vn 0.707039 0.013841 0.707039
vn 0.963255 0.261265 0.062290
vn 0.577350 0.577348 0.577353
vn -0.002619 0.707103 0.707106
vn -0.005781 0.999956 0.007406
vn -0.577349 0.577348 0.577354
vn -0.707033 0.013841 0.707045
vn -0.005630 0.030254 0.999526
vn -0.577349 0.577348 0.577354
vn 0.005630 -0.030254 0.999526
vn -0.005630 -0.030254 0.999526
vn -0.002619 -0.707102 0.707106
vn -0.002619 -0.707102 0.707106
vn 0.002619 -0.707102 0.707107
vn 0.005630 -0.030254 0.999526
vn -0.005630 0.030254 0.999526
vn 0.005630 0.030254 0.999526
vn 0.002619 0.707103 0.707106
vn 0.002619 0.707103 0.707106
vn -0.002619 0.707103 0.707106
vn -0.005630 0.030254 0.999526
vn -0.948678 0.316242 0.000000
vn -0.963252 0.261277 0.062293
vn -0.707098 0.707108 0.003351
vn -0.707098 0.707108 0.003351
vn -0.707102 0.707112 0.000000
vn -0.948678 0.316242 0.000000
vn -0.963252 0.261277 0.062293
vn -0.950349 -0.018477 0.310639
vn -0.707033 -0.013841 0.707045
vn -0.707033 -0.013841 0.707045
vn -0.707033 0.013841 0.707045
vn -0.963252 0.261277 0.062293
vn 0.950353 -0.018477 0.310625
vn 0.963255 0.261265 0.062290
vn 0.707039 0.013841 0.707039
vn 0.707039 0.013841 0.707039
vn 0.707039 -0.013841 0.707039
vn 0.950353 -0.018477 0.310625
vn 0.577350 0.577348 0.577353
vn 0.963255 0.261265 0.062290
vn 0.707105 0.707101 0.003352
vn 0.577350 0.577348 0.577353
vn 0.005630 0.030254 0.999526
vn 0.707039 0.013841 0.707039
vn 0.577350 0.577348 0.577353
vn 0.005781 0.999956 0.007406
vn 0.002619 0.707103 0.707106
vn 0.577349 -0.577350 0.577352
vn 0.950353 -0.018477 0.310625
vn 0.707039 -0.013841 0.707039
vn 0.577349 -0.577350 0.577352
vn 0.003489 -0.949026 0.315178
vn 0.696315 -0.696306 0.174080
vn 0.577349 -0.577350 0.577352
vn 0.005630 -0.030254 0.999526
vn 0.002619 -0.707102 0.707107
vn -0.577349 0.577348 0.577354
vn -0.963252 0.261277 0.062293
vn -0.707033 0.013841 0.707045
vn -0.577349 0.577348 0.577354
vn -0.005781 0.999956 0.007406
vn -0.707098 0.707108 0.003351
vn -0.577349 0.577348 0.577354
vn -0.005630 0.030254 0.999526
vn -0.002619 0.707103 0.707106
vn -0.577348 -0.577351 0.577352
vn -0.003489 -0.949026 0.315178
vn -0.002619 -0.707102 0.707106
vn -0.577348 -0.577351 0.577352
vn -0.950349 -0.018477 0.310639
vn -0.696308 -0.696316 0.174068
vn -0.577348 -0.577351 0.577352
vn -0.005630 -0.030254 0.999526
vn -0.707033 -0.013841 0.707045
vn 0.957709 0.287637 -0.007656
vn 0.957709 0.287637 0.007656
vn 0.999165 0.040272 0.006845
vn 0.999165 0.040272 0.006845
vn 0.999165 0.040272 -0.006845
vn 0.957709 0.287637 -0.007656
vn 0.873393 0.486955 -0.007693
vn 0.873393 0.486955 0.007693
vn 0.957709 0.287637 0.007656
vn 0.957709 0.287637 0.007656
vn 0.957709 0.287637 -0.007656
vn 0.873393 0.486955 -0.007693
vn 0.770237 0.637712 -0.007632
vn 0.770219 0.637732 0.007726
vn 0.873393 0.486955 0.007693
vn 0.873393 0.486955 0.007693
vn 0.873393 0.486955 -0.007693
vn 0.770237 0.637712 -0.007632
vn 0.639669 0.768611 -0.007726
vn 0.639650 0.768629 0.007631
vn 0.770219 0.637732 0.007726
vn 0.770219 0.637732 0.007726
vn 0.770237 0.637712 -0.007632
vn 0.639669 0.768611 -0.007726
vn 0.487534 0.873070 -0.007687
vn 0.487534 0.873070 0.007687
vn 0.639650 0.768629 0.007631
vn 0.639650 0.768629 0.007631
vn 0.639669 0.768611 -0.007726
vn 0.487534 0.873070 -0.007687
vn 0.288945 0.957315 -0.007664
vn 0.288945 0.957315 0.007664
vn 0.487534 0.873070 0.007687
vn 0.487534 0.873070 0.007687
vn 0.487534 0.873070 -0.007687
vn 0.288945 0.957315 -0.007664
vn 0.051025 0.998674 -0.006848
vn 0.051025 0.998674 0.006848
vn 0.288945 0.957315 0.007664
vn 0.288945 0.957315 0.007664
vn 0.288945 0.957315 -0.007664
vn 0.051025 0.998674 -0.006848
vn 0.037929 0.021914 0.999040
vn -0.093547 -0.093547 0.991210
vn 0.042182 0.013512 0.999019
vn 0.602748 -0.538646 -0.588690
vn 0.999165 0.040272 -0.006845
vn 0.745632 -0.666348 -0.003775
vn -0.538643 0.602749 -0.588691
vn -0.012411 0.294473 -0.955579
vn -0.667880 0.175163 -0.723363
vn 0.602745 -0.538646 0.588692
vn 0.999165 0.040272 0.006845
vn 0.719098 0.054944 0.692733
vn -0.538643 0.602749 0.588692
vn -0.960008 0.274036 0.057354
vn -0.719810 0.017114 0.693960
vn -0.577358 -0.577346 0.577348
vn -0.021896 -0.950627 0.309561
vn -0.016533 -0.709855 0.704154
vn 0.957709 0.287637 -0.007656
vn 0.999165 0.040272 -0.006845
vn 0.719099 0.054947 -0.692732
vn 0.719099 0.054947 -0.692732
vn 0.700866 0.214103 -0.680402
vn 0.957709 0.287637 -0.007656
vn 0.957709 0.287637 0.007656
vn 0.700865 0.214102 0.680404
vn 0.719098 0.054944 0.692733
vn 0.719098 0.054944 0.692733
vn 0.999165 0.040272 0.006845
vn 0.957709 0.287637 0.007656
vn 0.745632 -0.666348 -0.003775
vn 0.999165 0.040272 -0.006845
vn 0.999165 0.040272 0.006845
vn 0.999165 0.040272 0.006845
vn 0.745632 -0.666347 0.003775
vn 0.745632 -0.666348 -0.003775
vn 0.873393 0.486955 -0.007693
vn 0.957709 0.287637 -0.007656
vn 0.700866 0.214103 -0.680402
vn 0.700866 0.214103 -0.680402
vn 0.635571 0.357875 -0.684088
vn 0.873393 0.486955 -0.007693
vn 0.873393 0.486955 0.007693
vn 0.635569 0.357874 0.684089
vn 0.700865 0.214102 0.680404
vn 0.700865 0.214102 0.680404
vn 0.957709 0.287637 0.007656
vn 0.873393 0.486955 0.007693
vn 0.770237 0.637712 -0.007632
vn 0.873393 0.486955 -0.007693
vn 0.635571 0.357875 -0.684088
vn 0.635571 0.357875 -0.684088
vn 0.562679 0.466946 -0.682168
vn 0.770237 0.637712 -0.007632
vn 0.770219 0.637732 0.007726
vn 0.558672 0.465245 0.686610
vn 0.635569 0.357874 0.684089
vn 0.635569 0.357874 0.684089
vn 0.873393 0.486955 0.007693
vn 0.770219 0.637732 0.007726
vn 0.466643 0.557356 -0.686730
vn 0.639669 0.768611 -0.007726
vn 0.770237 0.637712 -0.007632
vn 0.770237 0.637712 -0.007632
vn 0.562679 0.466946 -0.682168
vn 0.466643 0.557356 -0.686730
vn 0.558672 0.465245 0.686610
vn 0.770219 0.637732 0.007726
vn 0.639650 0.768629 0.007631
vn 0.639650 0.768629 0.007631
vn 0.468403 0.561369 0.682249
vn 0.558672 0.465245 0.686610
vn 0.639669 0.768611 -0.007726
vn 0.466643 0.557356 -0.686730
vn 0.358586 0.635718 -0.683577
vn 0.358586 0.635718 -0.683577
vn 0.487534 0.873070 -0.007687
vn 0.639669 0.768611 -0.007726
vn 0.639650 0.768629 0.007631
vn 0.487534 0.873070 0.007687
vn 0.358586 0.635717 0.683579
vn 0.358586 0.635717 0.683579
vn 0.468403 0.561369 0.682249
vn 0.639650 0.768629 0.007631
vn 0.487534 0.873070 -0.007687
vn 0.358586 0.635718 -0.683577
vn 0.214787 0.699573 -0.681516
vn 0.214787 0.699573 -0.681516
vn 0.288945 0.957315 -0.007664
vn 0.487534 0.873070 -0.007687
vn 0.487534 0.873070 0.007687
vn 0.288945 0.957315 0.007664
vn 0.214786 0.699571 0.681518
vn 0.214786 0.699571 0.681518
vn 0.358586 0.635717 0.683579
vn 0.487534 0.873070 0.007687
vn 0.288945 0.957315 -0.007664
vn 0.214787 0.699573 -0.681516
vn 0.062678 0.720208 -0.690921
vn 0.062678 0.720208 -0.690921
vn 0.051025 0.998674 -0.006848
vn 0.288945 0.957315 -0.007664
vn -0.666340 0.745639 0.003775
vn 0.051025 0.998674 0.006848
vn 0.051025 0.998674 -0.006848
vn 0.051025 0.998674 -0.006848
vn -0.666340 0.745639 -0.003775
vn -0.666340 0.745639 0.003775
vn 0.288945 0.957315 0.007664
vn 0.051025 0.998674 0.006848
vn 0.062678 0.720206 0.690923
vn 0.062678 0.720206 0.690923
vn 0.214786 0.699571 0.681518
vn 0.288945 0.957315 0.007664
vn -0.709858 -0.016533 0.704150
vn -0.719810 0.017114 0.693960
vn -0.960008 0.274036 0.057354
vn -0.960008 0.274036 0.057354
vn -0.950623 -0.021896 0.309574
vn -0.709858 -0.016533 0.704150
vn -0.016533 -0.709855 0.704154
vn -0.021896 -0.950627 0.309561
vn 0.274041 -0.960006 0.057356
vn 0.274041 -0.960006 0.057356
vn 0.017116 -0.719802 0.693969
vn -0.016533 -0.709855 0.704154
vn 0.175157 -0.667875 -0.723369
vn 0.602748 -0.538646 -0.588690
vn 0.323812 -0.946108 -0.005024
vn 0.719099 0.054947 -0.692732
vn 0.602748 -0.538646 -0.588690
vn 0.293935 -0.017623 -0.955663
vn -0.666340 0.745639 -0.003775
vn -0.538643 0.602749 -0.588691
vn -0.946110 0.323807 -0.005024
vn 0.062678 0.720208 -0.690921
vn -0.538643 0.602749 -0.588691
vn 0.051025 0.998674 -0.006848
vn 0.017116 -0.719802 0.693969
vn 0.602745 -0.538646 0.588692
vn 0.036565 -0.124761 0.991513
vn 0.745632 -0.666347 0.003775
vn 0.602745 -0.538646 0.588692
vn 0.274041 -0.960006 0.057356
vn 0.062678 0.720206 0.690923
vn -0.538643 0.602749 0.588692
vn -0.121732 0.037145 0.991868
vn -0.666340 0.745639 0.003775
vn -0.538643 0.602749 0.588692
vn 0.051025 0.998674 0.006848
vn -0.709858 -0.016533 0.704150
vn -0.577358 -0.577346 0.577348
vn -0.093547 -0.093547 0.991210
vn -0.696315 -0.696311 0.174061
vn -0.577358 -0.577346 0.577348
vn -0.950623 -0.021896 0.309574
vn 0.700866 0.214103 -0.680402
vn 0.719099 0.054947 -0.692732
vn 0.293935 -0.017623 -0.955663
vn 0.293935 -0.017623 -0.955663
vn 0.299671 0.095989 -0.949202
vn 0.700866 0.214103 -0.680402
vn 0.700865 0.214102 0.680404
vn 0.042182 0.013512 0.999019
vn 0.036565 -0.124761 0.991513
vn 0.036565 -0.124761 0.991513
vn 0.719098 0.054944 0.692733
vn 0.700865 0.214102 0.680404
vn 0.323812 -0.946108 -0.005024
vn 0.745632 -0.666348 -0.003775
vn 0.745632 -0.666347 0.003775
vn 0.745632 -0.666347 0.003775
vn 0.274041 -0.960006 0.057356
vn 0.323812 -0.946108 -0.005024
vn 0.635571 0.357875 -0.684088
vn 0.700866 0.214103 -0.680402
vn 0.299671 0.095989 -0.949202
vn 0.299671 0.095989 -0.949202
vn 0.272512 0.157450 -0.949182
vn 0.635571 0.357875 -0.684088
vn 0.635569 0.357874 0.684089
vn 0.037929 0.021914 0.999040
vn 0.042182 0.013512 0.999019
vn 0.042182 0.013512 0.999019
vn 0.700865 0.214102 0.680404
vn 0.635569 0.357874 0.684089
vn 0.562679 0.466946 -0.682168
vn 0.635571 0.357875 -0.684088
vn 0.272512 0.157450 -0.949182
vn 0.272512 0.157450 -0.949182
vn 0.241347 0.201666 -0.949254
vn 0.562679 0.466946 -0.682168
vn 0.558672 0.465245 0.686610
vn 0.033251 0.028001 0.999055
vn 0.037929 0.021914 0.999040
vn 0.037929 0.021914 0.999040
vn 0.635569 0.357874 0.684089
vn 0.558672 0.465245 0.686610
vn 0.203337 0.240006 -0.949237
vn 0.466643 0.557356 -0.686730
vn 0.562679 0.466946 -0.682168
vn 0.562679 0.466946 -0.682168
vn 0.241347 0.201666 -0.949254
vn 0.203337 0.240006 -0.949237
vn 0.033251 0.028001 0.999055
vn 0.558672 0.465245 0.686610
vn 0.468403 0.561369 0.682249
vn 0.468403 0.561369 0.682249
vn 0.026880 0.031969 0.999127
vn 0.033251 0.028001 0.999055
vn 0.466643 0.557356 -0.686730
vn 0.203337 0.240006 -0.949237
vn 0.157743 0.272312 -0.949191
vn 0.157743 0.272312 -0.949191
vn 0.358586 0.635718 -0.683577
vn 0.466643 0.557356 -0.686730
vn 0.468403 0.561369 0.682249
vn 0.358586 0.635717 0.683579
vn 0.022034 0.038036 0.999033
vn 0.022034 0.038036 0.999033
vn 0.026880 0.031969 0.999127
vn 0.468403 0.561369 0.682249
vn 0.358586 0.635718 -0.683577
vn 0.157743 0.272312 -0.949191
vn 0.096441 0.299587 -0.949182
vn 0.096441 0.299587 -0.949182
vn 0.214787 0.699573 -0.681516
vn 0.358586 0.635718 -0.683577
vn 0.358586 0.635717 0.683579
vn 0.214786 0.699571 0.681518
vn 0.013441 0.041755 0.999038
vn 0.013441 0.041755 0.999038
vn 0.022034 0.038036 0.999033
vn 0.358586 0.635717 0.683579
vn 0.214787 0.699573 -0.681516
vn 0.096441 0.299587 -0.949182
vn -0.012411 0.294473 -0.955579
vn -0.012411 0.294473 -0.955579
vn 0.062678 0.720208 -0.690921
vn 0.214787 0.699573 -0.681516
vn -0.960008 0.274036 0.057354
vn -0.666340 0.745639 0.003775
vn -0.666340 0.745639 -0.003775
vn -0.666340 0.745639 -0.003775
vn -0.946110 0.323807 -0.005024
vn -0.960008 0.274036 0.057354
vn 0.214786 0.699571 0.681518
vn 0.062678 0.720206 0.690923
vn -0.121732 0.037145 0.991868
vn -0.121732 0.037145 0.991868
vn 0.013441 0.041755 0.999038
vn 0.214786 0.699571 0.681518
vn -0.121732 0.037145 0.991868
vn -0.719810 0.017114 0.693960
vn -0.709858 -0.016533 0.704150
vn -0.709858 -0.016533 0.704150
vn -0.093547 -0.093547 0.991210
vn -0.121732 0.037145 0.991868
vn -0.016533 -0.709855 0.704154
vn 0.017116 -0.719802 0.693969
vn 0.036565 -0.124761 0.991513
vn 0.036565 -0.124761 0.991513
vn -0.093547 -0.093547 0.991210
vn -0.016533 -0.709855 0.704154
vn -0.093547 -0.093547 0.991210
vn 0.036565 -0.124761 0.991513
vn 0.042182 0.013512 0.999019
vn 0.037929 0.021914 0.999040
vn 0.033251 0.028001 0.999055
vn -0.093547 -0.093547 0.991210
vn 0.033251 0.028001 0.999055
vn 0.026880 0.031969 0.999127
vn -0.093547 -0.093547 0.991210
vn 0.026880 0.031969 0.999127
vn 0.022034 0.038036 0.999033
vn -0.093547 -0.093547 0.991210
vn 0.022034 0.038036 0.999033
vn 0.013441 0.041755 0.999038
vn -0.093547 -0.093547 0.991210
vn 0.013441 0.041755 0.999038
vn -0.121732 0.037145 0.991868
vn -0.093547 -0.093547 0.991210
vn 0.602745 -0.538646 0.588692
vn 0.017116 -0.719802 0.693969
vn 0.274041 -0.960006 0.057356
vn -0.538643 0.602749 0.588692
vn -0.666340 0.745639 0.003775
vn -0.960008 0.274036 0.057354
vn -0.577358 -0.577346 0.577348
vn -0.709858 -0.016533 0.704150
vn -0.950623 -0.021896 0.309574
vn -0.577358 -0.577346 0.577348
vn -0.696315 -0.696311 0.174061
vn -0.021896 -0.950627 0.309561
vn -0.538643 0.602749 0.588692
vn -0.719810 0.017114 0.693960
vn -0.121732 0.037145 0.991868
vn -0.538643 0.602749 0.588692
vn 0.062678 0.720206 0.690923
vn 0.051025 0.998674 0.006848
vn 0.602745 -0.538646 0.588692
vn 0.745632 -0.666347 0.003775
vn 0.999165 0.040272 0.006845
vn 0.602745 -0.538646 0.588692
vn 0.719098 0.054944 0.692733
vn 0.036565 -0.124761 0.991513
vn -0.577358 -0.577346 0.577348
vn -0.016533 -0.709855 0.704154
vn -0.093547 -0.093547 0.991210
vn -0.538643 0.602749 -0.588691
vn -0.666340 0.745639 -0.003775
vn 0.051025 0.998674 -0.006848
vn -0.538643 0.602749 -0.588691
vn 0.062678 0.720208 -0.690921
vn -0.012411 0.294473 -0.955579
vn -0.538643 0.602749 -0.588691
vn -0.667880 0.175163 -0.723363
vn -0.946110 0.323807 -0.005024
vn 0.602748 -0.538646 -0.588690
vn 0.719099 0.054947 -0.692732
vn 0.999165 0.040272 -0.006845
vn 0.602748 -0.538646 -0.588690
vn 0.745632 -0.666348 -0.003775
vn 0.323812 -0.946108 -0.005024
vn 0.602748 -0.538646 -0.588690
vn 0.175157 -0.667875 -0.723369
vn 0.293935 -0.017623 -0.955663
vn -0.957709 0.287637 -0.007656
vn -0.999165 0.040272 -0.006845
vn -0.999165 0.040272 0.006845
vn -0.999165 0.040272 0.006845
vn -0.957709 0.287637 0.007656
vn -0.957709 0.287637 -0.007656
vn -0.873393 0.486955 -0.007693
vn -0.957709 0.287637 -0.007656
vn -0.957709 0.287637 0.007656
vn -0.957709 0.287637 0.007656
vn -0.873393 0.486955 0.007693
vn -0.873393 0.486955 -0.007693
vn -0.770237 0.637712 -0.007632
vn -0.873393 0.486955 -0.007693
vn -0.873393 0.486955 0.007693
vn -0.873393 0.486955 0.007693
vn -0.770219 0.637732 0.007726
vn -0.770237 0.637712 -0.007632
vn -0.639669 0.768611 -0.007726
vn -0.770237 0.637712 -0.007632
vn -0.770219 0.637732 0.007726
vn -0.770219 0.637732 0.007726
vn -0.639650 0.768629 0.007631
vn -0.639669 0.768611 -0.007726
vn -0.487534 0.873070 -0.007687
vn -0.639669 0.768611 -0.007726
vn -0.639650 0.768629 0.007631
vn -0.639650 0.768629 0.007631
vn -0.487534 0.873070 0.007687
vn -0.487534 0.873070 -0.007687
vn -0.288945 0.957315 -0.007664
vn -0.487534 0.873070 -0.007687
vn -0.487534 0.873070 0.007687
vn -0.487534 0.873070 0.007687
vn -0.288945 0.957315 0.007664
vn -0.288945 0.957315 -0.007664
vn -0.051025 0.998674 -0.006848
vn -0.288945 0.957315 -0.007664
vn -0.288945 0.957315 0.007664
vn -0.288945 0.957315 0.007664
vn -0.051025 0.998674 0.006848
vn -0.051025 0.998674 -0.006848
vn -0.037929 0.021914 0.999040
vn -0.042182 0.013512 0.999019
vn 0.093547 -0.093547 0.991210
vn -0.602748 -0.538646 -0.588690
vn -0.745632 -0.666348 -0.003775
vn -0.999165 0.040272 -0.006845
vn 0.538643 0.602749 -0.588691
vn 0.667880 0.175163 -0.723363
vn 0.012411 0.294473 -0.955579
vn -0.602745 -0.538646 0.588692
vn -0.719098 0.054944 0.692733
vn -0.999165 0.040272 0.006845
vn 0.538643 0.602749 0.588692
vn 0.719810 0.017114 0.693960
vn 0.960008 0.274036 0.057354
vn 0.577358 -0.577346 0.577348
vn 0.016533 -0.709855 0.704154
vn 0.021896 -0.950627 0.309561
vn -0.957709 0.287637 -0.007656
vn -0.700866 0.214103 -0.680402
vn -0.719099 0.054947 -0.692732
vn -0.719099 0.054947 -0.692732
vn -0.999165 0.040272 -0.006845
vn -0.957709 0.287637 -0.007656
vn -0.957709 0.287637 0.007656
vn -0.999165 0.040272 0.006845
vn -0.719098 0.054944 0.692733
vn -0.719098 0.054944 0.692733
vn -0.700865 0.214102 0.680404
vn -0.957709 0.287637 0.007656
vn -0.745632 -0.666348 -0.003775
vn -0.745632 -0.666347 0.003775
vn -0.999165 0.040272 0.006845
vn -0.999165 0.040272 0.006845
vn -0.999165 0.040272 -0.006845
vn -0.745632 -0.666348 -0.003775
vn -0.873393 0.486955 -0.007693
vn -0.635571 0.357875 -0.684088
vn -0.700866 0.214103 -0.680402
vn -0.700866 0.214103 -0.680402
vn -0.957709 0.287637 -0.007656
vn -0.873393 0.486955 -0.007693
vn -0.873393 0.486955 0.007693
vn -0.957709 0.287637 0.007656
vn -0.700865 0.214102 0.680404
vn -0.700865 0.214102 0.680404
vn -0.635569 0.357874 0.684090
vn -0.873393 0.486955 0.007693
vn -0.770237 0.637712 -0.007632
vn -0.562679 0.466946 -0.682168
vn -0.635571 0.357875 -0.684088
vn -0.635571 0.357875 -0.684088
vn -0.873393 0.486955 -0.007693
vn -0.770237 0.637712 -0.007632
vn -0.770219 0.637732 0.007726
vn -0.873393 0.486955 0.007693
vn -0.635569 0.357874 0.684090
vn -0.635569 0.357874 0.684090
vn -0.558672 0.465245 0.686610
vn -0.770219 0.637732 0.007726
vn -0.466643 0.557356 -0.686730
vn -0.562679 0.466946 -0.682168
vn -0.770237 0.637712 -0.007632
vn -0.770237 0.637712 -0.007632
vn -0.639669 0.768611 -0.007726
vn -0.466643 0.557356 -0.686730
vn -0.558672 0.465245 0.686610
vn -0.468403 0.561369 0.682249
vn -0.639650 0.768629 0.007631
vn -0.639650 0.768629 0.007631
vn -0.770219 0.637732 0.007726
vn -0.558672 0.465245 0.686610
vn -0.639669 0.768611 -0.007726
vn -0.487534 0.873070 -0.007687
vn -0.358587 0.635718 -0.683577
vn -0.358587 0.635718 -0.683577
vn -0.466643 0.557356 -0.686730
vn -0.639669 0.768611 -0.007726
vn -0.639650 0.768629 0.007631
vn -0.468403 0.561369 0.682249
vn -0.358586 0.635717 0.683579
vn -0.358586 0.635717 0.683579
vn -0.487534 0.873070 0.007687
vn -0.639650 0.768629 0.007631
vn -0.487534 0.873070 -0.007687
vn -0.288945 0.957315 -0.007664
vn -0.214787 0.699573 -0.681516
vn -0.214787 0.699573 -0.681516
vn -0.358587 0.635718 -0.683577
vn -0.487534 0.873070 -0.007687
vn -0.487534 0.873070 0.007687
vn -0.358586 0.635717 0.683579
vn -0.214786 0.699571 0.681518
vn -0.214786 0.699571 0.681518
vn -0.288945 0.957315 0.007664
vn -0.487534 0.873070 0.007687
vn -0.288945 0.957315 -0.007664
vn -0.051025 0.998674 -0.006848
vn -0.062678 0.720208 -0.690921
vn -0.062678 0.720208 -0.690921
vn -0.214787 0.699573 -0.681516
vn -0.288945 0.957315 -0.007664
vn 0.666340 0.745639 0.003775
vn 0.666340 0.745639 -0.003775
vn -0.051025 0.998674 -0.006848
vn -0.051025 0.998674 -0.006848
vn -0.051025 0.998674 0.006848
vn 0.666340 0.745639 0.003775
vn -0.288945 0.957315 0.007664
vn -0.214786 0.699571 0.681518
vn -0.062678 0.720206 0.690923
vn -0.062678 0.720206 0.690923
vn -0.051025 0.998674 0.006848
vn -0.288945 0.957315 0.007664
vn 0.709858 -0.016533 0.704150
vn 0.950623 -0.021896 0.309574
vn 0.960008 0.274036 0.057354
vn 0.960008 0.274036 0.057354
vn 0.719810 0.017114 0.693960
vn 0.709858 -0.016533 0.704150
vn 0.016533 -0.709855 0.704154
vn -0.017116 -0.719802 0.693969
vn -0.274041 -0.960006 0.057356
vn -0.274041 -0.960006 0.057356
vn 0.021896 -0.950627 0.309561
vn 0.016533 -0.709855 0.704154
vn -0.175157 -0.667875 -0.723369
vn -0.323812 -0.946108 -0.005024
vn -0.602748 -0.538646 -0.588690
vn -0.719099 0.054947 -0.692732
vn -0.293935 -0.017623 -0.955663
vn -0.602748 -0.538646 -0.588690
vn 0.666340 0.745639 -0.003775
vn 0.946110 0.323807 -0.005024
vn 0.538643 0.602749 -0.588691
vn -0.062678 0.720208 -0.690921
vn -0.051025 0.998674 -0.006848
vn 0.538643 0.602749 -0.588691
vn -0.017116 -0.719802 0.693969
vn -0.036565 -0.124761 0.991513
vn -0.602745 -0.538646 0.588692
vn -0.745632 -0.666347 0.003775
vn -0.274041 -0.960006 0.057356
vn -0.602745 -0.538646 0.588692
vn -0.062678 0.720206 0.690923
vn 0.121732 0.037145 0.991868
vn 0.538643 0.602749 0.588692
vn 0.666340 0.745639 0.003775
vn -0.051025 0.998674 0.006848
vn 0.538643 0.602749 0.588692
vn 0.709858 -0.016533 0.704150
vn 0.093547 -0.093547 0.991210
vn 0.577358 -0.577346 0.577348
vn 0.696315 -0.696311 0.174061
vn 0.950623 -0.021896 0.309574
vn 0.577358 -0.577346 0.577348
vn -0.700866 0.214103 -0.680402
vn -0.299671 0.095989 -0.949202
vn -0.293935 -0.017623 -0.955663
vn -0.293935 -0.017623 -0.955663
vn -0.719099 0.054947 -0.692732
vn -0.700866 0.214103 -0.680402
vn -0.700865 0.214102 0.680404
vn -0.719098 0.054944 0.692733
vn -0.036565 -0.124761 0.991513
vn -0.036565 -0.124761 0.991513
vn -0.042182 0.013512 0.999019
vn -0.700865 0.214102 0.680404
vn -0.323812 -0.946108 -0.005024
vn -0.274041 -0.960006 0.057356
vn -0.745632 -0.666347 0.003775
vn -0.745632 -0.666347 0.003775
vn -0.745632 -0.666348 -0.003775
vn -0.323812 -0.946108 -0.005024
vn -0.635571 0.357875 -0.684088
vn -0.272512 0.157450 -0.949182
vn -0.299671 0.095989 -0.949202
vn -0.299671 0.095989 -0.949202
vn -0.700866 0.214103 -0.680402
vn -0.635571 0.357875 -0.684088
vn -0.635569 0.357874 0.684090
vn -0.700865 0.214102 0.680404
vn -0.042182 0.013512 0.999019
vn -0.042182 0.013512 0.999019
vn -0.037929 0.021914 0.999040
vn -0.635569 0.357874 0.684090
vn -0.562679 0.466946 -0.682168
vn -0.241347 0.201666 -0.949254
vn -0.272512 0.157450 -0.949182
vn -0.272512 0.157450 -0.949182
vn -0.635571 0.357875 -0.684088
vn -0.562679 0.466946 -0.682168
vn -0.558672 0.465245 0.686610
vn -0.635569 0.357874 0.684090
vn -0.037929 0.021914 0.999040
vn -0.037929 0.021914 0.999040
vn -0.033251 0.028001 0.999055
vn -0.558672 0.465245 0.686610
vn -0.203337 0.240006 -0.949237
vn -0.241347 0.201666 -0.949254
vn -0.562679 0.466946 -0.682168
vn -0.562679 0.466946 -0.682168
vn -0.466643 0.557356 -0.686730
vn -0.203337 0.240006 -0.949237
vn -0.033251 0.028001 0.999055
vn -0.026880 0.031969 0.999127
vn -0.468403 0.561369 0.682249
vn -0.468403 0.561369 0.682249
vn -0.558672 0.465245 0.686610
vn -0.033251 0.028001 0.999055
vn -0.466643 0.557356 -0.686730
vn -0.358587 0.635718 -0.683577
vn -0.157743 0.272312 -0.949191
vn -0.157743 0.272312 -0.949191
vn -0.203337 0.240006 -0.949237
vn -0.466643 0.557356 -0.686730
vn -0.468403 0.561369 0.682249
vn -0.026880 0.031969 0.999127
vn -0.022034 0.038036 0.999033
vn -0.022034 0.038036 0.999033
vn -0.358586 0.635717 0.683579
vn -0.468403 0.561369 0.682249
vn -0.358587 0.635718 -0.683577
vn -0.214787 0.699573 -0.681516
vn -0.096441 0.299587 -0.949182
vn -0.096441 0.299587 -0.949182
vn -0.157743 0.272312 -0.949191
vn -0.358587 0.635718 -0.683577
vn -0.358586 0.635717 0.683579
vn -0.022034 0.038036 0.999033
vn -0.013441 0.041755 0.999038
vn -0.013441 0.041755 0.999038
vn -0.214786 0.699571 0.681518
vn -0.358586 0.635717 0.683579
vn -0.214787 0.699573 -0.681516
vn -0.062678 0.720208 -0.690921
vn 0.012411 0.294473 -0.955579
vn 0.012411 0.294473 -0.955579
vn -0.096441 0.299587 -0.949182
vn -0.214787 0.699573 -0.681516
vn 0.960008 0.274036 0.057354
vn 0.946110 0.323807 -0.005024
vn 0.666340 0.745639 -0.003775
vn 0.666340 0.745639 -0.003775
vn 0.666340 0.745639 0.003775
vn 0.960008 0.274036 0.057354
vn -0.214786 0.699571 0.681518
vn -0.013441 0.041755 0.999038
vn 0.121732 0.037145 0.991868
vn 0.121732 0.037145 0.991868
vn -0.062678 0.720206 0.690923
vn -0.214786 0.699571 0.681518
vn 0.121732 0.037145 0.991868
vn 0.093547 -0.093547 0.991210
vn 0.709858 -0.016533 0.704150
vn 0.709858 -0.016533 0.704150
vn 0.719810 0.017114 0.693960
vn 0.121732 0.037145 0.991868
vn 0.016533 -0.709855 0.704154
vn 0.093547 -0.093547 0.991210
vn -0.036565 -0.124761 0.991513
vn -0.036565 -0.124761 0.991513
vn -0.017116 -0.719802 0.693969
vn 0.016533 -0.709855 0.704154
vn 0.093547 -0.093547 0.991210
vn -0.042182 0.013512 0.999019
vn -0.036565 -0.124761 0.991513
vn -0.037929 0.021914 0.999040
vn 0.093547 -0.093547 0.991210
vn -0.033251 0.028001 0.999055
vn -0.033251 0.028001 0.999055
vn 0.093547 -0.093547 0.991210
vn -0.026880 0.031969 0.999127
vn -0.026880 0.031969 0.999127
vn 0.093547 -0.093547 0.991210
vn -0.022034 0.038036 0.999033
vn -0.022034 0.038036 0.999033
vn 0.093547 -0.093547 0.991210
vn -0.013441 0.041755 0.999038
vn -0.013441 0.041755 0.999038
vn 0.093547 -0.093547 0.991210
vn 0.121732 0.037145 0.991868
vn -0.602745 -0.538646 0.588692
vn -0.274041 -0.960006 0.057356
vn -0.017116 -0.719802 0.693969
vn 0.538643 0.602749 0.588692
vn 0.960008 0.274036 0.057354
vn 0.666340 0.745639 0.003775
vn 0.577358 -0.577346 0.577348
vn 0.950623 -0.021896 0.309574
vn 0.709858 -0.016533 0.704150
vn 0.577358 -0.577346 0.577348
vn 0.021896 -0.950627 0.309561
vn 0.696315 -0.696311 0.174061
vn 0.538643 0.602749 0.588692
vn 0.121732 0.037145 0.991868
vn 0.719810 0.017114 0.693960
vn 0.538643 0.602749 0.588692
vn -0.051025 0.998674 0.006848
vn -0.062678 0.720206 0.690923
vn -0.602745 -0.538646 0.588692
vn -0.999165 0.040272 0.006845
vn -0.745632 -0.666347 0.003775
vn -0.602745 -0.538646 0.588692
vn -0.036565 -0.124761 0.991513
vn -0.719098 0.054944 0.692733
vn 0.577358 -0.577346 0.577348
vn 0.093547 -0.093547 0.991210
vn 0.016533 -0.709855 0.704154
vn 0.538643 0.602749 -0.588691
vn -0.051025 0.998674 -0.006848
vn 0.666340 0.745639 -0.003775
vn 0.538643 0.602749 -0.588691
vn 0.012411 0.294473 -0.955579
vn -0.062678 0.720208 -0.690921
vn 0.538643 0.602749 -0.588691
vn 0.946110 0.323807 -0.005024
vn 0.667880 0.175163 -0.723363
vn -0.602748 -0.538646 -0.588690
vn -0.999165 0.040272 -0.006845
vn -0.719099 0.054947 -0.692732
vn -0.602748 -0.538646 -0.588690
vn -0.323812 -0.946108 -0.005024
vn -0.745632 -0.666348 -0.003775
vn -0.602748 -0.538646 -0.588690
vn -0.293935 -0.017623 -0.955663
vn -0.175157 -0.667875 -0.723369
vn -0.005051 0.995205 0.097679
vn -0.000000 0.995165 0.098218
vn -0.000000 0.995165 -0.098218
vn -0.000000 0.995165 -0.098218
vn -0.005051 0.995205 -0.097679
vn -0.005051 0.995205 0.097679
vn -0.005607 -0.014062 0.999885
vn 0.000000 -0.014150 0.999900
vn 0.000000 0.014150 0.999900
vn 0.000000 0.014150 0.999900
vn -0.005607 0.014062 0.999885
vn -0.005607 -0.014062 0.999885
vn -0.577355 -0.577351 0.577345
vn -0.003409 -0.949024 0.315187
vn -0.002559 -0.707109 0.707100
vn -0.577354 0.577352 0.577345
vn -0.005607 0.014062 0.999885
vn -0.002559 0.707107 0.707102
vn -0.577354 0.577351 -0.577346
vn -0.952885 0.296906 -0.062111
vn -0.706357 0.706340 -0.046298
vn -0.005051 0.995205 0.097679
vn -0.002559 0.707107 0.707102
vn -0.000000 0.707109 0.707104
vn -0.000000 0.707109 0.707104
vn -0.000000 0.995165 0.098218
vn -0.005051 0.995205 0.097679
vn -0.005051 0.995205 -0.097679
vn -0.706357 0.706340 -0.046298
vn -0.706357 0.706340 0.046298
vn -0.706357 0.706340 0.046298
vn -0.005051 0.995205 0.097679
vn -0.005051 0.995205 -0.097679
vn -0.005607 0.014062 0.999885
vn -0.707103 0.006383 0.707081
vn -0.707103 -0.006383 0.707081
vn -0.707103 -0.006383 0.707081
vn -0.005607 -0.014062 0.999885
vn -0.005607 0.014062 0.999885
vn 0.000000 -0.948689 0.316211
vn 0.000000 -0.707111 0.707103
vn -0.002559 -0.707109 0.707100
vn -0.002559 -0.707109 0.707100
vn -0.003409 -0.949024 0.315187
vn 0.000000 -0.948689 0.316211
vn -0.000000 0.995165 -0.098218
vn -0.000000 0.707107 -0.707107
vn -0.002559 0.707105 -0.707104
vn -0.002559 0.707105 -0.707104
vn -0.005051 0.995205 -0.097679
vn -0.000000 0.995165 -0.098218
vn -0.707103 -0.006383 0.707081
vn -0.577355 -0.577351 0.577345
vn -0.005607 -0.014062 0.999885
vn -0.696319 -0.696301 0.174080
vn -0.577355 -0.577351 0.577345
vn -0.949504 -0.008509 0.313638
vn -0.706357 0.706340 0.046298
vn -0.577354 0.577352 0.577345
vn -0.005051 0.995205 0.097679
vn -0.707103 0.006383 0.707081
vn -0.577354 0.577352 0.577345
vn -0.957204 0.037220 0.287012
vn -0.002559 0.707105 -0.707104
vn -0.577354 0.577351 -0.577346
vn -0.005051 0.995205 -0.097679
vn -0.696318 0.174090 -0.696300
vn -0.577354 0.577351 -0.577346
vn -0.003409 0.315197 -0.949020
vn -0.002559 0.707107 0.707102
vn -0.005607 0.014062 0.999885
vn 0.000000 0.014150 0.999900
vn 0.000000 0.014150 0.999900
vn -0.000000 0.707109 0.707104
vn -0.002559 0.707107 0.707102
vn -0.706357 0.706340 -0.046298
vn -0.952885 0.296906 -0.062111
vn -0.957204 0.037220 0.287012
vn -0.957204 0.037220 0.287012
vn -0.706357 0.706340 0.046298
vn -0.706357 0.706340 -0.046298
vn -0.707103 0.006383 0.707081
vn -0.957204 0.037220 0.287012
vn -0.949504 -0.008509 0.313638
vn -0.949504 -0.008509 0.313638
vn -0.707103 -0.006383 0.707081
vn -0.707103 0.006383 0.707081
vn 0.000000 -0.707111 0.707103
vn 0.000000 -0.014150 0.999900
vn -0.005607 -0.014062 0.999885
vn -0.005607 -0.014062 0.999885
vn -0.002559 -0.707109 0.707100
vn 0.000000 -0.707111 0.707103
vn -0.000000 0.707107 -0.707107
vn -0.000000 0.316221 -0.948685
vn -0.003409 0.315197 -0.949020
vn -0.003409 0.315197 -0.949020
vn -0.002559 0.707105 -0.707104
vn -0.000000 0.707107 -0.707107
vn -0.577354 0.577352 0.577345
vn -0.707103 0.006383 0.707081
vn -0.005607 0.014062 0.999885
vn -0.577354 0.577352 0.577345
vn -0.002559 0.707107 0.707102
vn -0.005051 0.995205 0.097679
vn -0.577354 0.577352 0.577345
vn -0.706357 0.706340 0.046298
vn -0.957204 0.037220 0.287012
vn -0.577354 0.577351 -0.577346
vn -0.696318 0.174090 -0.696300
vn -0.952885 0.296906 -0.062111
vn -0.577354 0.577351 -0.577346
vn -0.706357 0.706340 -0.046298
vn -0.005051 0.995205 -0.097679
vn -0.577354 0.577351 -0.577346
vn -0.002559 0.707105 -0.707104
vn -0.003409 0.315197 -0.949020
vn -0.577355 -0.577351 0.577345
vn -0.696319 -0.696301 0.174080
vn -0.003409 -0.949024 0.315187
vn -0.577355 -0.577351 0.577345
vn -0.002559 -0.707109 0.707100
vn -0.005607 -0.014062 0.999885
vn -0.577355 -0.577351 0.577345
vn -0.707103 -0.006383 0.707081
vn -0.949504 -0.008509 0.313638
vn 0.005051 0.995205 0.097679
vn 0.005051 0.995205 -0.097679
vn -0.000000 0.995165 -0.098218
vn -0.000000 0.995165 -0.098218
vn -0.000000 0.995165 0.098218
vn 0.005051 0.995205 0.097679
vn 0.005607 -0.014062 0.999885
vn 0.005607 0.014062 0.999885
vn 0.000000 0.014150 0.999900
vn 0.000000 0.014150 0.999900
vn 0.000000 -0.014150 0.999900
vn 0.005607 -0.014062 0.999885
vn 0.577355 -0.577351 0.577345
vn 0.002559 -0.707109 0.707100
vn 0.003409 -0.949024 0.315187
vn 0.577354 0.577352 0.577345
vn 0.002559 0.707107 0.707102
vn 0.005607 0.014062 0.999885
vn 0.577354 0.577351 -0.577346
vn 0.706357 0.706340 -0.046298
vn 0.952885 0.296906 -0.062111
vn 0.005051 0.995205 0.097679
vn -0.000000 0.995165 0.098218
vn -0.000000 0.707109 0.707104
vn -0.000000 0.707109 0.707104
vn 0.002559 0.707107 0.707102
vn 0.005051 0.995205 0.097679
vn 0.005051 0.995205 -0.097679
vn 0.005051 0.995205 0.097679
vn 0.706357 0.706340 0.046298
vn 0.706357 0.706340 0.046298
vn 0.706357 0.706340 -0.046298
vn 0.005051 0.995205 -0.097679
vn 0.005607 0.014062 0.999885
vn 0.005607 -0.014062 0.999885
vn 0.707103 -0.006383 0.707081
vn 0.707103 -0.006383 0.707081
vn 0.707103 0.006383 0.707081
vn 0.005607 0.014062 0.999885
vn 0.000000 -0.948689 0.316211
vn 0.003409 -0.949024 0.315187
vn 0.002559 -0.707109 0.707100
vn 0.002559 -0.707109 0.707100
vn 0.000000 -0.707111 0.707103
vn 0.000000 -0.948689 0.316211
vn -0.000000 0.995165 -0.098218
vn 0.005051 0.995205 -0.097679
vn 0.002559 0.707105 -0.707104
vn 0.002559 0.707105 -0.707104
vn -0.000000 0.707107 -0.707107
vn -0.000000 0.995165 -0.098218
vn 0.707103 -0.006383 0.707081
vn 0.005607 -0.014062 0.999885
vn 0.577355 -0.577351 0.577345
vn 0.696319 -0.696301 0.174080
vn 0.949504 -0.008509 0.313638
vn 0.577355 -0.577351 0.577345
vn 0.706357 0.706340 0.046298
vn 0.005051 0.995205 0.097679
vn 0.577354 0.577352 0.577345
vn 0.707103 0.006383 0.707081
vn 0.957204 0.037220 0.287012
vn 0.577354 0.577352 0.577345
vn 0.002559 0.707105 -0.707104
vn 0.005051 0.995205 -0.097679
vn 0.577354 0.577351 -0.577346
vn 0.696318 0.174090 -0.696300
vn 0.003409 0.315197 -0.949020
vn 0.577354 0.577351 -0.577346
vn 0.002559 0.707107 0.707102
vn -0.000000 0.707109 0.707104
vn 0.000000 0.014150 0.999900
vn 0.000000 0.014150 0.999900
vn 0.005607 0.014062 0.999885
vn 0.002559 0.707107 0.707102
vn 0.706357 0.706340 -0.046298
vn 0.706357 0.706340 0.046298
vn 0.957204 0.037220 0.287012
vn 0.957204 0.037220 0.287012
vn 0.952885 0.296906 -0.062111
vn 0.706357 0.706340 -0.046298
vn 0.707103 0.006383 0.707081
vn 0.707103 -0.006383 0.707081
vn 0.949504 -0.008509 0.313638
vn 0.949504 -0.008509 0.313638
vn 0.957204 0.037220 0.287012
vn 0.707103 0.006383 0.707081
vn 0.000000 -0.707111 0.707103
vn 0.002559 -0.707109 0.707100
vn 0.005607 -0.014062 0.999885
vn 0.005607 -0.014062 0.999885
vn 0.000000 -0.014150 0.999900
vn 0.000000 -0.707111 0.707103
vn -0.000000 0.707107 -0.707107
vn 0.002559 0.707105 -0.707104
vn 0.003409 0.315197 -0.949020
vn 0.003409 0.315197 -0.949020
vn -0.000000 0.316221 -0.948685
vn -0.000000 0.707107 -0.707107
vn 0.577354 0.577352 0.577345
vn 0.005607 0.014062 0.999885
vn 0.707103 0.006383 0.707081
vn 0.577354 0.577352 0.577345
vn 0.005051 0.995205 0.097679
vn 0.002559 0.707107 0.707102
vn 0.577354 0.577352 0.577345
vn 0.957204 0.037220 0.287012
vn 0.706357 0.706340 0.046298
vn 0.577354 0.577351 -0.577346
vn 0.952885 0.296906 -0.062111
vn 0.696318 0.174090 -0.696300
vn 0.577354 0.577351 -0.577346
vn 0.005051 0.995205 -0.097679
vn 0.706357 0.706340 -0.046298
vn 0.577354 0.577351 -0.577346
vn 0.003409 0.315197 -0.949020
vn 0.002559 0.707105 -0.707104
vn 0.577355 -0.577351 0.577345
vn 0.003409 -0.949024 0.315187
vn 0.696319 -0.696301 0.174080
vn 0.577355 -0.577351 0.577345
vn 0.005607 -0.014062 0.999885
vn 0.002559 -0.707109 0.707100
vn 0.577355 -0.577351 0.577345
vn 0.949504 -0.008509 0.313638
vn 0.707103 -0.006383 0.707081
vn 0.000000 -1.000000 -0.000000
vn 0.000000 -1.000000 -0.000000
vn 0.000000 -1.000000 -0.000000
vn 0.000000 -1.000000 -0.000000
vn 0.000000 -1.000000 -0.000000
vn 0.000000 -1.000000 -0.000000
vn -0.983284 0.000001 0.182080
vn -0.983284 0.000001 0.182080
vn -0.999945 0.000000 0.010515
vn -0.999945 0.000000 0.010515
vn -0.999944 -0.000000 0.010598
vn -0.983284 0.000001 0.182080
vn -0.939693 0.000000 0.342019
vn -0.939693 -0.000000 0.342019
vn -0.983284 0.000001 0.182080
vn -0.983284 0.000001 0.182080
vn -0.983284 0.000001 0.182080
vn -0.939693 0.000000 0.342019
vn -0.866026 -0.000000 0.500000
vn -0.866026 -0.000000 0.500000
vn -0.939693 -0.000000 0.342019
vn -0.939693 -0.000000 0.342019
vn -0.939693 0.000000 0.342019
vn -0.866026 -0.000000 0.500000
vn -0.766045 -0.000000 0.642788
vn -0.766044 0.000000 0.642788
vn -0.866026 -0.000000 0.500000
vn -0.866026 -0.000000 0.500000
vn -0.866026 -0.000000 0.500000
vn -0.766045 -0.000000 0.642788
vn -0.642788 0.000001 0.766044
vn -0.642788 0.000001 0.766044
vn -0.766044 0.000000 0.642788
vn -0.766044 0.000000 0.642788
vn -0.766045 -0.000000 0.642788
vn -0.642788 0.000001 0.766044
vn -0.500001 0.000001 0.866025
vn -0.500002 -0.000000 0.866024
vn -0.642788 0.000001 0.766044
vn -0.642788 0.000001 0.766044
vn -0.642788 0.000001 0.766044
vn -0.500001 0.000001 0.866025
vn -0.342018 -0.000000 0.939693
vn -0.342018 -0.000000 0.939693
vn -0.500002 -0.000000 0.866024
vn -0.500002 -0.000000 0.866024
vn -0.500001 0.000001 0.866025
vn -0.342018 -0.000000 0.939693
vn -0.173646 -0.000000 0.984808
vn -0.173646 -0.000000 0.984808
vn -0.342018 -0.000000 0.939693
vn -0.342018 -0.000000 0.939693
vn -0.342018 -0.000000 0.939693
vn -0.173646 -0.000000 0.984808
vn -0.026197 -0.000000 0.999657
vn -0.024167 -0.000000 0.999708
vn -0.173646 -0.000000 0.984808
vn -0.173646 -0.000000 0.984808
vn -0.173646 -0.000000 0.984808
vn -0.026197 -0.000000 0.999657
vn -0.000000 1.000000 0.000000
vn -0.000000 1.000000 0.000000
vn -0.000000 1.000000 0.000000
vn 0.000000 -0.000000 1.000000
vn 0.000000 -0.000000 1.000000
vn -0.024167 -0.000000 0.999708
vn -0.024167 -0.000000 0.999708
vn -0.026197 -0.000000 0.999657
vn 0.000000 -0.000000 1.000000
vn -0.000000 1.000000 0.000000
vn -0.000000 1.000000 0.000000
vn -0.000000 1.000000 0.000000
vn -1.000000 -0.000000 0.000000
vn -0.999944 -0.000000 0.010598
vn -0.999945 0.000000 0.010515
vn -0.999945 0.000000 0.010515
vn -1.000000 -0.000000 0.000000
vn -1.000000 -0.000000 0.000000
vn -0.000000 1.000000 0.000000
vn -0.000000 1.000000 0.000000
vn -0.000000 1.000000 0.000000
vn -0.000000 1.000000 0.000000
vn -0.000000 1.000000 0.000000
vn -0.000000 1.000000 0.000000
vn -0.000000 1.000000 0.000000
vn -0.000000 1.000000 0.000000
vn -0.000000 1.000000 0.000000
vn -0.000000 1.000000 0.000000
vn -0.000000 1.000000 0.000000
vn -0.000000 1.000000 0.000000
vn -0.000000 1.000000 0.000000
vn -0.000000 1.000000 0.000000
vn -0.000000 1.000000 0.000000
vn -0.000000 1.000000 0.000000
vn -0.000000 1.000000 0.000000
vn -0.000000 1.000000 0.000000
vn -0.000000 1.000000 0.000000
vn -0.000000 1.000000 0.000000
vn -0.000000 1.000000 0.000000
vn -0.000000 1.000000 0.000000
vn -0.000000 1.000000 0.000000
vn -0.000000 1.000000 0.000000
vn -0.000000 1.000000 0.000000
vn -0.000000 1.000000 0.000000
vn -0.000000 1.000000 0.000000
vn -1.000000 -0.000000 0.000000
vn -1.000000 -0.000000 0.000000
vn -1.000000 -0.000000 0.000000
vn 0.000000 -1.000000 -0.000000
vn 0.000000 -1.000000 -0.000000
vn 0.000000 -1.000000 -0.000000
vn 0.000000 -1.000000 -0.000000
vn 0.000000 -1.000000 -0.000000
vn 0.000000 -1.000000 -0.000000
vn -1.000000 -0.000000 0.000000
vn -1.000000 -0.000000 0.000000
vn -1.000000 -0.000000 0.000000
vn -1.000000 -0.000000 0.000000
vn -1.000000 -0.000000 0.000000
vn -1.000000 -0.000000 0.000000
vn 0.000000 -0.000000 1.000000
vn 0.000000 -0.000000 1.000000
vn 0.000000 -0.000000 1.000000
vn 0.000000 -0.000000 1.000000
vn 0.000000 -0.000000 1.000000
vn 0.000000 -0.000000 1.000000
vn 0.000000 -0.000000 1.000000
vn 0.000000 -0.000000 1.000000
vn 0.000000 -0.000000 1.000000
vn 0.000000 -0.000000 1.000000
vn 0.000000 -0.000000 1.000000
vn 0.000000 -0.000000 1.000000
vn -1.000000 -0.000000 0.000000
vn -1.000000 -0.000000 0.000000
vn -1.000000 -0.000000 0.000000
vn -0.000000 0.000000 -1.000000
vn -0.000000 0.000000 -1.000000
vn -0.000000 0.000000 -1.000000
vn -0.000000 0.000000 -1.000000
vn -0.000000 0.000000 -1.000000
vn -0.000000 0.000000 -1.000000
vn 1.000000 0.000000 -0.000000
vn 1.000000 0.000000 -0.000000
vn 1.000000 0.000000 -0.000000
vn 1.000000 0.000000 -0.000000
vn 1.000000 0.000000 -0.000000
vn 1.000000 0.000000 -0.000000
vn -0.000001 -1.000000 0.000000
vn -0.000001 -1.000000 0.000000
vn -0.000001 -1.000000 0.000000
vn -0.000002 -1.000000 0.000000
vn -0.000001 -1.000000 0.000000
vn -0.000003 -1.000000 0.000000
vn -0.000001 -1.000000 0.000000
vn -0.000001 -1.000000 0.000000
vn -0.000000 -1.000000 0.000000
vn -0.000001 -1.000000 0.000000
vn -0.000002 -1.000000 0.000000
vn -0.000000 -1.000000 0.000001
vn -0.000001 -1.000000 0.000000
vn -0.000000 -1.000000 0.000001
vn -0.000000 -1.000000 0.000001
vn -0.000001 -1.000000 0.000000
vn -0.000000 -1.000000 0.000001
vn -0.000000 -1.000000 0.000000
vn -0.000001 -1.000000 0.000000
vn -0.000000 -1.000000 0.000000
vn -0.000000 -1.000000 0.000000
vn -0.000001 -1.000000 0.000000
vn -0.000000 -1.000000 0.000000
vn -0.000000 -1.000000 0.000000
vn -0.000001 -1.000000 0.000000
vn -0.000000 -1.000000 0.000000
vn -0.000001 -1.000000 0.000000
vn -0.000001 -1.000000 0.000000
vn -0.000001 -1.000000 0.000000
vn -0.000001 -1.000000 0.000000
vn -0.000001 -1.000000 0.000000
vn -0.000001 -1.000000 0.000000
vn -0.000001 -1.000000 0.000000
vn 0.000000 -1.000000 -0.000000
vn 0.000000 -1.000000 -0.000000
vn 0.000000 -1.000000 -0.000000
vn 0.000000 -1.000000 -0.000000
vn 0.000000 -1.000000 -0.000000
vn 0.000000 -1.000000 -0.000000
vn 0.983284 0.000001 0.182080
vn 0.999944 0.000000 0.010598
vn 0.999945 0.000000 0.010515
vn 0.999945 0.000000 0.010515
vn 0.983284 0.000001 0.182080
vn 0.983284 0.000001 0.182080
vn 0.939693 0.000000 0.342019
vn 0.983284 0.000001 0.182080
vn 0.983284 0.000001 0.182080
vn 0.983284 0.000001 0.182080
vn 0.939693 0.000000 0.342019
vn 0.939693 0.000000 0.342019
vn 0.866026 0.000000 0.500000
vn 0.939693 0.000000 0.342019
vn 0.939693 0.000000 0.342019
vn 0.939693 0.000000 0.342019
vn 0.866026 0.000000 0.500000
vn 0.866026 0.000000 0.500000
vn 0.766045 0.000000 0.642788
vn 0.866026 0.000000 0.500000
vn 0.866026 0.000000 0.500000
vn 0.866026 0.000000 0.500000
vn 0.766044 0.000000 0.642788
vn 0.766045 0.000000 0.642788
vn 0.642788 0.000001 0.766044
vn 0.766045 0.000000 0.642788
vn 0.766044 0.000000 0.642788
vn 0.766044 0.000000 0.642788
vn 0.642788 0.000001 0.766044
vn 0.642788 0.000001 0.766044
vn 0.500001 0.000001 0.866025
vn 0.642788 0.000001 0.766044
vn 0.642788 0.000001 0.766044
vn 0.642788 0.000001 0.766044
vn 0.500002 0.000000 0.866024
vn 0.500001 0.000001 0.866025
vn 0.342018 0.000000 0.939693
vn 0.500001 0.000001 0.866025
vn 0.500002 0.000000 0.866024
vn 0.500002 0.000000 0.866024
vn 0.342018 0.000000 0.939693
vn 0.342018 0.000000 0.939693
vn 0.173646 0.000000 0.984808
vn 0.342018 0.000000 0.939693
vn 0.342018 0.000000 0.939693
vn 0.342018 0.000000 0.939693
vn 0.173646 0.000000 0.984808
vn 0.173646 0.000000 0.984808
vn 0.026197 0.000000 0.999657
vn 0.173646 0.000000 0.984808
vn 0.173646 0.000000 0.984808
vn 0.173646 0.000000 0.984808
vn 0.024167 0.000000 0.999708
vn 0.026197 0.000000 0.999657
vn -0.000000 1.000000 0.000000
vn -0.000000 1.000000 0.000000
vn -0.000000 1.000000 0.000000
vn 0.000000 -0.000000 1.000000
vn 0.026197 0.000000 0.999657
vn 0.024167 0.000000 0.999708
vn 0.024167 0.000000 0.999708
vn 0.000000 -0.000000 1.000000
vn 0.000000 -0.000000 1.000000
vn -0.000000 1.000000 0.000000
vn -0.000000 1.000000 0.000000
vn -0.000000 1.000000 0.000000
vn 1.000000 0.000000 -0.000000
vn 1.000000 0.000000 -0.000000
vn 0.999945 0.000000 0.010515
vn 0.999945 0.000000 0.010515
vn 0.999944 0.000000 0.010598
vn 1.000000 0.000000 -0.000000
vn -0.000000 1.000000 0.000000
vn -0.000000 1.000000 0.000000
vn -0.000000 1.000000 0.000000
vn -0.000000 1.000000 0.000000
vn -0.000000 1.000000 0.000000
vn -0.000000 1.000000 0.000000
vn -0.000000 1.000000 0.000000
vn -0.000000 1.000000 0.000000
vn -0.000000 1.000000 0.000000
vn -0.000000 1.000000 0.000000
vn -0.000000 1.000000 0.000000
vn -0.000000 1.000000 0.000000
vn -0.000000 1.000000 0.000000
vn -0.000000 1.000000 0.000000
vn -0.000000 1.000000 0.000000
vn -0.000000 1.000000 0.000000
vn -0.000000 1.000000 0.000000
vn -0.000000 1.000000 0.000000
vn -0.000000 1.000000 0.000000
vn -0.000000 1.000000 0.000000
vn -0.000000 1.000000 0.000000
vn -0.000000 1.000000 0.000000
vn -0.000000 1.000000 0.000000
vn -0.000000 1.000000 0.000000
vn -0.000000 1.000000 0.000000
vn -0.000000 1.000000 0.000000
vn -0.000000 1.000000 0.000000
vn 1.000000 0.000000 -0.000000
vn 1.000000 0.000000 -0.000000
vn 1.000000 0.000000 -0.000000
vn 0.000000 -1.000000 -0.000000
vn 0.000000 -1.000000 -0.000000
vn 0.000000 -1.000000 -0.000000
vn 0.000000 -1.000000 -0.000000
vn 0.000000 -1.000000 -0.000000
vn 0.000000 -1.000000 -0.000000
vn 1.000000 0.000000 -0.000000
vn 1.000000 0.000000 -0.000000
vn 1.000000 0.000000 -0.000000
vn 1.000000 0.000000 -0.000000
vn 1.000000 0.000000 -0.000000
vn 1.000000 0.000000 -0.000000
vn 0.000000 -0.000000 1.000000
vn 0.000000 -0.000000 1.000000
vn 0.000000 -0.000000 1.000000
vn 0.000000 -0.000000 1.000000
vn 0.000000 -0.000000 1.000000
vn 0.000000 -0.000000 1.000000
vn 0.000000 -0.000000 1.000000
vn 0.000000 -0.000000 1.000000
vn 0.000000 -0.000000 1.000000
vn 0.000000 -0.000000 1.000000
vn 0.000000 -0.000000 1.000000
vn 0.000000 -0.000000 1.000000
vn 1.000000 0.000000 -0.000000
vn 1.000000 0.000000 -0.000000
vn 1.000000 0.000000 -0.000000
vn -0.000000 0.000000 -1.000000
vn -0.000000 0.000000 -1.000000
vn -0.000000 0.000000 -1.000000
vn -0.000000 0.000000 -1.000000
vn -0.000000 0.000000 -1.000000
vn -0.000000 0.000000 -1.000000
vn -1.000000 -0.000000 0.000000
vn -1.000000 -0.000000 0.000000
vn -1.000000 -0.000000 0.000000
vn -1.000000 -0.000000 0.000000
vn -1.000000 -0.000000 0.000000
vn -1.000000 -0.000000 0.000000
vn 0.000001 -1.000000 0.000000
vn 0.000001 -1.000000 0.000000
vn 0.000001 -1.000000 0.000000
vn 0.000002 -1.000000 0.000000
vn 0.000003 -1.000000 -0.000000
vn 0.000001 -1.000000 0.000000
vn 0.000001 -1.000000 0.000000
vn 0.000000 -1.000000 0.000000
vn 0.000001 -1.000000 0.000000
vn 0.000001 -1.000000 0.000000
vn 0.000000 -1.000000 0.000001
vn 0.000002 -1.000000 0.000000
vn 0.000001 -1.000000 0.000000
vn 0.000000 -1.000000 0.000001
vn 0.000000 -1.000000 0.000001
vn 0.000001 -1.000000 0.000000
vn 0.000000 -1.000000 0.000000
vn 0.000000 -1.000000 0.000001
vn 0.000001 -1.000000 0.000000
vn 0.000000 -1.000000 0.000000
vn 0.000000 -1.000000 0.000000
vn 0.000001 -1.000000 0.000000
vn 0.000000 -1.000000 0.000000
vn 0.000000 -1.000000 0.000000
vn 0.000001 -1.000000 0.000000
vn 0.000001 -1.000000 0.000000
vn 0.000000 -1.000000 0.000000
vn 0.000001 -1.000000 0.000000
vn 0.000001 -1.000000 0.000000
vn 0.000001 -1.000000 0.000000
vn 0.000001 -1.000000 0.000000
vn 0.000001 -1.000000 0.000000
vn 0.000001 -1.000000 0.000000
vn 0.000000 0.000000 1.000000
vn 0.000000 0.000000 1.000000
vn 0.000000 0.000000 1.000000
vn 0.000000 0.000000 1.000000
vn 0.000000 0.000000 1.000000
vn 0.000000 0.000000 1.000000
vn 0.000000 -1.000000 0.000000
vn 0.000000 -1.000000 0.000000
vn 0.000000 -1.000000 0.000000
vn 0.000000 -1.000000 0.000000
vn 0.000000 -1.000000 0.000000
vn 0.000000 -1.000000 0.000000
vn -0.000000 1.000000 0.000000
vn -0.000000 1.000000 0.000000
vn -0.000000 1.000000 0.000000
vn -0.000000 1.000000 0.000000
vn -0.000000 1.000000 0.000000
vn -0.000000 1.000000 0.000000
vn 0.000000 0.000000 1.000000
vn 0.000000 0.000000 1.000000
vn 0.000000 0.000000 1.000000
vn 0.000000 0.000000 1.000000
vn 0.000000 0.000000 1.000000
vn 0.000000 0.000000 1.000000
vn 0.000000 -1.000000 0.000000
vn 0.000000 -1.000000 0.000000
vn 0.000000 -1.000000 0.000000
vn 0.000000 -1.000000 0.000000
vn 0.000000 -1.000000 0.000000
vn 0.000000 -1.000000 0.000000
vn -0.000000 1.000000 0.000000
vn -0.000000 1.000000 0.000000
vn -0.000000 1.000000 0.000000
vn -0.000000 1.000000 0.000000
vn -0.000000 1.000000 0.000000
vn -0.000000 1.000000 0.000000
vn -0.984763 0.000000 0.173900
vn -0.984763 0.000001 0.173902
vn -0.999037 0.000001 0.043873
vn -0.999037 0.000001 0.043873
vn -0.999037 0.000001 0.043874
vn -0.984763 0.000000 0.173900
vn -0.984763 0.000001 0.173902
vn -0.984763 0.000000 0.173900
vn -0.939691 0.000002 0.342024
vn -0.939691 0.000002 0.342024
vn -0.939691 0.000002 0.342024
vn -0.984763 0.000001 0.173902
vn -0.939691 0.000002 0.342024
vn -0.939691 0.000002 0.342024
vn -0.866028 0.000000 0.499996
vn -0.866028 0.000000 0.499996
vn -0.866029 -0.000001 0.499995
vn -0.939691 0.000002 0.342024
vn -0.866029 -0.000001 0.499995
vn -0.866028 0.000000 0.499996
vn -0.766045 -0.000000 0.642787
vn -0.766045 -0.000000 0.642787
vn -0.766045 -0.000000 0.642787
vn -0.866029 -0.000001 0.499995
vn -0.766045 -0.000000 0.642787
vn -0.766045 -0.000000 0.642787
vn -0.642785 -0.000000 0.766046
vn -0.642785 -0.000000 0.766046
vn -0.642785 -0.000000 0.766046
vn -0.766045 -0.000000 0.642787
vn -0.642785 -0.000000 0.766046
vn -0.642785 -0.000000 0.766046
vn -0.500007 -0.000000 0.866021
vn -0.500007 -0.000000 0.866021
vn -0.500007 0.000000 0.866022
vn -0.642785 -0.000000 0.766046
vn -0.500007 0.000000 0.866022
vn -0.500007 -0.000000 0.866021
vn -0.342022 0.000000 0.939692
vn -0.342022 0.000000 0.939692
vn -0.342022 0.000000 0.939692
vn -0.500007 0.000000 0.866022
vn -0.342022 0.000000 0.939692
vn -0.342022 0.000000 0.939692
vn -0.165326 0.000000 0.986239
vn -0.165326 0.000000 0.986239
vn -0.165327 -0.000000 0.986239
vn -0.342022 0.000000 0.939692
vn -0.165327 -0.000000 0.986239
vn -0.165326 0.000000 0.986239
vn -0.035189 -0.000000 0.999381
vn -0.035189 -0.000000 0.999381
vn -0.035189 -0.000000 0.999381
vn -0.165327 -0.000000 0.986239
vn 0.000000 -0.000000 1.000000
vn -0.035189 -0.000000 0.999381
vn -0.035189 -0.000000 0.999381
vn -0.035189 -0.000000 0.999381
vn 0.000000 -0.000000 1.000000
vn 0.000000 -0.000000 1.000000
vn -1.000000 0.000000 -0.000000
vn -0.999037 0.000001 0.043874
vn -0.999037 0.000001 0.043873
vn -0.999037 0.000001 0.043873
vn -1.000000 -0.000000 0.000000
vn -1.000000 0.000000 -0.000000
vn -0.000001 -1.000000 0.000000
vn -0.000001 -1.000000 0.000000
vn -0.000001 -1.000000 0.000000
vn -0.000000 -1.000000 0.000001
vn -0.000001 -1.000000 0.000000
vn -0.000001 -1.000000 0.000001
vn -0.000001 -1.000000 0.000000
vn -0.000001 -1.000000 0.000000
vn -0.000001 -1.000000 0.000000
vn -0.000001 -1.000000 0.000000
vn -0.000000 -1.000000 0.000001
vn -0.000000 -1.000000 0.000001
vn -0.000001 -1.000000 0.000000
vn -0.000000 -1.000000 0.000001
vn -0.000000 -1.000000 0.000001
vn -0.000001 -1.000000 0.000000
vn -0.000000 -1.000000 0.000001
vn -0.000000 -1.000000 0.000001
vn -0.000001 -1.000000 0.000000
vn -0.000000 -1.000000 0.000001
vn -0.000000 -1.000000 0.000001
vn -0.000001 -1.000000 0.000000
vn -0.000000 -1.000000 0.000001
vn -0.000001 -1.000000 0.000000
vn -0.000001 -1.000000 0.000000
vn -0.000001 -1.000000 0.000000
vn -0.000001 -1.000000 0.000000
vn -0.000001 -1.000000 0.000000
vn -0.000001 -1.000000 0.000000
vn -0.000001 -1.000000 0.000000
vn -0.000001 -1.000000 0.000000
vn -0.000001 -1.000000 0.000000
vn -0.000001 -1.000000 0.000000
vn 0.984763 0.000000 0.173900
vn 0.999037 0.000001 0.043874
vn 0.999037 0.000001 0.043873
vn 0.999037 0.000001 0.043873
vn 0.984763 0.000001 0.173902
vn 0.984763 0.000000 0.173900
vn 0.984763 0.000001 0.173902
vn 0.939691 0.000002 0.342024
vn 0.939691 0.000002 0.342024
vn 0.939691 0.000002 0.342024
vn 0.984763 0.000000 0.173900
vn 0.984763 0.000001 0.173902
vn 0.939691 0.000002 0.342024
vn 0.866029 -0.000001 0.499994
vn 0.866028 0.000000 0.499996
vn 0.866028 0.000000 0.499996
vn 0.939691 0.000002 0.342024
vn 0.939691 0.000002 0.342024
vn 0.866029 -0.000001 0.499994
vn 0.766045 -0.000000 0.642787
vn 0.766045 -0.000000 0.642787
vn 0.766045 -0.000000 0.642787
vn 0.866028 0.000000 0.499996
vn 0.866029 -0.000001 0.499994
vn 0.766045 -0.000000 0.642787
vn 0.642785 -0.000000 0.766046
vn 0.642785 -0.000000 0.766046
vn 0.642785 -0.000000 0.766046
vn 0.766045 -0.000000 0.642787
vn 0.766045 -0.000000 0.642787
vn 0.642785 -0.000000 0.766046
vn 0.500007 0.000000 0.866022
vn 0.500007 -0.000000 0.866021
vn 0.500007 -0.000000 0.866021
vn 0.642785 -0.000000 0.766046
vn 0.642785 -0.000000 0.766046
vn 0.500007 0.000000 0.866022
vn 0.342022 0.000000 0.939692
vn 0.342022 0.000000 0.939692
vn 0.342022 0.000000 0.939692
vn 0.500007 -0.000000 0.866021
vn 0.500007 0.000000 0.866022
vn 0.342022 0.000000 0.939692
vn 0.165327 -0.000000 0.986239
vn 0.165326 0.000000 0.986239
vn 0.165326 0.000000 0.986239
vn 0.342022 0.000000 0.939692
vn 0.342022 0.000000 0.939692
vn 0.165327 -0.000000 0.986239
vn 0.035189 0.000000 0.999381
vn 0.035189 -0.000000 0.999381
vn 0.035189 -0.000000 0.999381
vn 0.165326 0.000000 0.986239
vn 0.165327 -0.000000 0.986239
vn 0.000000 -0.000000 1.000000
vn 0.000000 -0.000000 1.000000
vn 0.035189 -0.000000 0.999381
vn 0.035189 -0.000000 0.999381
vn 0.035189 0.000000 0.999381
vn 0.000000 -0.000000 1.000000
vn 1.000000 0.000000 -0.000000
vn 1.000000 0.000000 -0.000000
vn 0.999037 0.000001 0.043873
vn 0.999037 0.000001 0.043873
vn 0.999037 0.000001 0.043874
vn 1.000000 0.000000 -0.000000
vn 0.000001 -1.000000 0.000000
vn 0.000001 -1.000000 0.000000
vn 0.000001 -1.000000 0.000000
vn 0.000000 -1.000000 0.000001
vn 0.000000 -1.000000 0.000001
vn 0.000001 -1.000000 0.000000
vn 0.000001 -1.000000 0.000000
vn 0.000001 -1.000000 0.000000
vn 0.000001 -1.000000 0.000000
vn 0.000001 -1.000000 0.000000
vn 0.000000 -1.000000 0.000001
vn 0.000000 -1.000000 0.000001
vn 0.000001 -1.000000 0.000000
vn 0.000000 -1.000000 0.000001
vn 0.000000 -1.000000 0.000001
vn 0.000001 -1.000000 0.000000
vn 0.000000 -1.000000 0.000001
vn 0.000000 -1.000000 0.000001
vn 0.000001 -1.000000 0.000000
vn 0.000000 -1.000000 0.000001
vn 0.000000 -1.000000 0.000001
vn 0.000001 -1.000000 0.000000
vn 0.000001 -1.000000 0.000000
vn 0.000000 -1.000000 0.000001
vn 0.000001 -1.000000 0.000000
vn 0.000001 -1.000000 0.000000
vn 0.000001 -1.000000 0.000000
vn 0.000001 -1.000000 0.000000
vn 0.000001 -1.000000 0.000000
vn 0.000001 -1.000000 0.000000
vn 0.000001 -1.000000 0.000000
vn 0.000001 -1.000000 0.000000
vn 0.000001 -1.000000 0.000000
vn -0.983272 -0.000000 0.182145
vn -0.983272 -0.000000 0.182145
vn -0.998634 -0.000000 0.052246
vn -0.998634 -0.000000 0.052246
vn -0.998634 -0.000000 0.052246
vn -0.983272 -0.000000 0.182145
vn -0.939693 -0.000000 0.342019
vn -0.939693 -0.000000 0.342019
vn -0.983272 -0.000000 0.182145
vn -0.983272 -0.000000 0.182145
vn -0.983272 -0.000000 0.182145
vn -0.939693 -0.000000 0.342019
vn -0.866026 -0.000000 0.500000
vn -0.866026 -0.000000 0.500000
vn -0.939693 -0.000000 0.342019
vn -0.939693 -0.000000 0.342019
vn -0.939693 -0.000000 0.342019
vn -0.866026 -0.000000 0.500000
vn -0.766045 -0.000000 0.642787
vn -0.766045 -0.000000 0.642787
vn -0.866026 -0.000000 0.500000
vn -0.866026 -0.000000 0.500000
vn -0.866026 -0.000000 0.500000
vn -0.766045 -0.000000 0.642787
vn -0.642788 -0.000000 0.766044
vn -0.642788 -0.000000 0.766044
vn -0.766045 -0.000000 0.642787
vn -0.766045 -0.000000 0.642787
vn -0.766045 -0.000000 0.642787
vn -0.642788 -0.000000 0.766044
vn -0.500001 -0.000000 0.866025
vn -0.500001 -0.000000 0.866025
vn -0.642788 -0.000000 0.766044
vn -0.642788 -0.000000 0.766044
vn -0.642788 -0.000000 0.766044
vn -0.500001 -0.000000 0.866025
vn -0.342018 -0.000000 0.939693
vn -0.342018 -0.000000 0.939693
vn -0.500001 -0.000000 0.866025
vn -0.500001 -0.000000 0.866025
vn -0.500001 -0.000000 0.866025
vn -0.342018 -0.000000 0.939693
vn -0.173646 -0.000000 0.984808
vn -0.173646 -0.000000 0.984808
vn -0.342018 -0.000000 0.939693
vn -0.342018 -0.000000 0.939693
vn -0.342018 -0.000000 0.939693
vn -0.173646 -0.000000 0.984808
vn -0.043618 -0.000000 0.999048
vn -0.043618 -0.000000 0.999048
vn -0.173646 -0.000000 0.984808
vn -0.173646 -0.000000 0.984808
vn -0.173646 -0.000000 0.984808
vn -0.043618 -0.000000 0.999048
vn -0.043618 -0.000000 0.999048
vn 0.000000 -0.000000 1.000000
vn 0.000000 -0.000000 1.000000
vn 0.000000 -0.000000 1.000000
vn -0.043618 -0.000000 0.999048
vn -0.043618 -0.000000 0.999048
vn -0.998634 -0.000000 0.052246
vn -1.000000 -0.000000 0.000000
vn -1.000000 -0.000000 0.000000
vn -1.000000 -0.000000 0.000000
vn -0.998634 -0.000000 0.052246
vn -0.998634 -0.000000 0.052246
vn -0.000001 -1.000000 0.000000
vn -0.000001 -1.000000 0.000000
vn -0.000001 -1.000000 0.000000
vn 0.000001 -1.000000 0.000001
vn -0.000001 -1.000000 0.000000
vn 0.000001 -1.000000 0.000001
vn -0.000001 -1.000000 0.000000
vn -0.000001 -1.000000 0.000000
vn -0.000001 -1.000000 0.000000
vn -0.000001 -1.000000 0.000000
vn 0.000001 -1.000000 0.000001
vn -0.000000 -1.000000 0.000001
vn -0.000001 -1.000000 0.000000
vn -0.000000 -1.000000 0.000001
vn -0.000000 -1.000000 0.000001
vn -0.000001 -1.000000 0.000000
vn -0.000000 -1.000000 0.000001
vn -0.000000 -1.000000 0.000001
vn -0.000001 -1.000000 0.000000
vn -0.000000 -1.000000 0.000001
vn -0.000000 -1.000000 0.000001
vn -0.000001 -1.000000 0.000000
vn -0.000000 -1.000000 0.000001
vn -0.000001 -1.000000 0.000001
vn -0.000001 -1.000000 0.000000
vn -0.000001 -1.000000 0.000001
vn -0.000001 -1.000000 0.000000
vn -0.000001 -1.000000 0.000000
vn -0.000001 -1.000000 0.000000
vn -0.000001 -1.000000 0.000000
vn -0.000001 -1.000000 0.000000
vn -0.000001 -1.000000 0.000000
vn -0.000001 -1.000000 0.000000
vn 0.000002 1.000000 -0.000001
vn 0.000002 1.000000 -0.000000
vn 0.000002 1.000000 -0.000000
vn 0.000002 1.000000 -0.000001
vn 0.000001 1.000000 -0.000001
vn 0.000002 1.000000 -0.000000
vn 0.000002 1.000000 -0.000001
vn 0.000000 1.000000 -0.000001
vn 0.000003 1.000000 -0.000001
vn 0.000002 1.000000 -0.000001
vn 0.000000 1.000000 -0.000001
vn 0.000000 1.000000 -0.000001
vn 0.000002 1.000000 -0.000001
vn 0.000001 1.000000 -0.000001
vn 0.000000 1.000000 -0.000001
vn 0.000002 1.000000 -0.000001
vn 0.000001 1.000000 -0.000001
vn 0.000001 1.000000 -0.000001
vn 0.000002 1.000000 -0.000001
vn 0.000001 1.000000 -0.000001
vn 0.000001 1.000000 -0.000001
vn 0.000002 1.000000 -0.000001
vn 0.000001 1.000000 -0.000001
vn 0.000001 1.000000 -0.000001
vn 0.000002 1.000000 -0.000001
vn 0.000001 1.000000 -0.000001
vn 0.000001 1.000000 -0.000001
vn 0.000002 1.000000 -0.000001
vn 0.000002 1.000000 -0.000000
vn 0.000001 1.000000 -0.000001
vn 0.000002 1.000000 -0.000001
vn 0.000003 1.000000 -0.000001
vn 0.000007 1.000000 -0.000000
vn 0.983272 0.000000 0.182145
vn 0.998634 0.000000 0.052246
vn 0.998634 0.000000 0.052246
vn 0.998634 0.000000 0.052246
vn 0.983272 0.000000 0.182145
vn 0.983272 0.000000 0.182145
vn 0.939693 0.000000 0.342019
vn 0.983272 0.000000 0.182145
vn 0.983272 0.000000 0.182145
vn 0.983272 0.000000 0.182145
vn 0.939693 0.000000 0.342019
vn 0.939693 0.000000 0.342019
vn 0.866026 0.000000 0.500000
vn 0.939693 0.000000 0.342019
vn 0.939693 0.000000 0.342019
vn 0.939693 0.000000 0.342019
vn 0.866026 0.000000 0.500000
vn 0.866026 0.000000 0.500000
vn 0.766045 0.000000 0.642787
vn 0.866026 0.000000 0.500000
vn 0.866026 0.000000 0.500000
vn 0.866026 0.000000 0.500000
vn 0.766045 0.000000 0.642787
vn 0.766045 0.000000 0.642787
vn 0.642788 0.000000 0.766044
vn 0.766045 0.000000 0.642787
vn 0.766045 0.000000 0.642787
vn 0.766045 0.000000 0.642787
vn 0.642788 0.000000 0.766044
vn 0.642788 0.000000 0.766044
vn 0.500001 0.000000 0.866025
vn 0.642788 0.000000 0.766044
vn 0.642788 0.000000 0.766044
vn 0.642788 0.000000 0.766044
vn 0.500001 0.000000 0.866025
vn 0.500001 0.000000 0.866025
vn 0.342018 0.000000 0.939693
vn 0.500001 0.000000 0.866025
vn 0.500001 0.000000 0.866025
vn 0.500001 0.000000 0.866025
vn 0.342018 0.000000 0.939693
vn 0.342018 0.000000 0.939693
vn 0.173646 0.000000 0.984808
vn 0.342018 0.000000 0.939693
vn 0.342018 0.000000 0.939693
vn 0.342018 0.000000 0.939693
vn 0.173646 0.000000 0.984808
vn 0.173646 0.000000 0.984808
vn 0.043618 0.000000 0.999048
vn 0.173646 0.000000 0.984808
vn 0.173646 0.000000 0.984808
vn 0.173646 0.000000 0.984808
vn 0.043618 0.000000 0.999048
vn 0.043618 0.000000 0.999048
vn 0.043618 0.000000 0.999048
vn 0.043618 0.000000 0.999048
vn 0.000000 -0.000000 1.000000
vn 0.000000 -0.000000 1.000000
vn 0.000000 -0.000000 1.000000
vn 0.043618 0.000000 0.999048
vn 0.998634 0.000000 0.052246
vn 0.998634 0.000000 0.052246
vn 1.000000 0.000000 -0.000000
vn 1.000000 0.000000 -0.000000
vn 1.000000 0.000000 -0.000000
vn 0.998634 0.000000 0.052246
vn 0.000001 -1.000000 0.000000
vn 0.000001 -1.000000 0.000000
vn 0.000001 -1.000000 0.000000
vn -0.000001 -1.000000 0.000001
vn -0.000001 -1.000000 0.000001
vn 0.000001 -1.000000 0.000000
vn 0.000001 -1.000000 0.000000
vn 0.000001 -1.000000 -0.000000
vn 0.000001 -1.000000 0.000000
vn 0.000001 -1.000000 0.000000
vn 0.000000 -1.000000 0.000001
vn -0.000001 -1.000000 0.000001
vn 0.000001 -1.000000 0.000000
vn 0.000000 -1.000000 0.000001
vn 0.000000 -1.000000 0.000001
vn 0.000001 -1.000000 0.000000
vn 0.000000 -1.000000 0.000001
vn 0.000000 -1.000000 0.000001
vn 0.000001 -1.000000 0.000000
vn 0.000000 -1.000000 0.000001
vn 0.000000 -1.000000 0.000001
vn 0.000001 -1.000000 0.000000
vn 0.000001 -1.000000 0.000000
vn 0.000000 -1.000000 0.000001
vn 0.000001 -1.000000 0.000000
vn 0.000001 -1.000000 0.000000
vn 0.000001 -1.000000 0.000000
vn 0.000001 -1.000000 0.000000
vn 0.000001 -1.000000 0.000000
vn 0.000001 -1.000000 0.000000
vn 0.000001 -1.000000 0.000000
vn 0.000001 -1.000000 0.000000
vn 0.000001 -1.000000 0.000000
vn -0.000002 1.000000 -0.000001
vn -0.000002 1.000000 -0.000000
vn -0.000002 1.000000 -0.000000
vn -0.000002 1.000000 -0.000001
vn -0.000002 1.000000 -0.000000
vn -0.000001 1.000000 -0.000001
vn -0.000002 1.000000 -0.000001
vn -0.000003 1.000000 -0.000001
vn -0.000000 1.000000 -0.000001
vn -0.000002 1.000000 -0.000001
vn -0.000000 1.000000 -0.000001
vn -0.000000 1.000000 -0.000001
vn -0.000002 1.000000 -0.000001
vn -0.000000 1.000000 -0.000001
vn -0.000001 1.000000 -0.000001
vn -0.000002 1.000000 -0.000001
vn -0.000001 1.000000 -0.000001
vn -0.000001 1.000000 -0.000001
vn -0.000002 1.000000 -0.000001
vn -0.000001 1.000000 -0.000001
vn -0.000001 1.000000 -0.000001
vn -0.000002 1.000000 -0.000001
vn -0.000001 1.000000 -0.000001
vn -0.000001 1.000000 -0.000001
vn -0.000002 1.000000 -0.000001
vn -0.000001 1.000000 -0.000001
vn -0.000001 1.000000 -0.000001
vn -0.000002 1.000000 -0.000001
vn -0.000001 1.000000 -0.000001
vn -0.000002 1.000000 -0.000000
vn -0.000002 1.000000 -0.000001
vn -0.000007 1.000000 -0.000000
vn -0.000003 1.000000 -0.000001
vn -0.983272 -0.000000 0.182145
vn -0.983272 -0.000000 0.182145
vn -0.998634 -0.000000 0.052246
vn -0.998634 -0.000000 0.052246
vn -0.998634 -0.000000 0.052246
vn -0.983272 -0.000000 0.182145
vn -0.939693 -0.000000 0.342019
vn -0.939693 -0.000000 0.342019
vn -0.983272 -0.000000 0.182145
vn -0.983272 -0.000000 0.182145
vn -0.983272 -0.000000 0.182145
vn -0.939693 -0.000000 0.342019
vn -0.866026 -0.000000 0.500000
vn -0.866026 -0.000000 0.500000
vn -0.939693 -0.000000 0.342019
vn -0.939693 -0.000000 0.342019
vn -0.939693 -0.000000 0.342019
vn -0.866026 -0.000000 0.500000
vn -0.766045 -0.000000 0.642787
vn -0.766045 -0.000000 0.642787
vn -0.866026 -0.000000 0.500000
vn -0.866026 -0.000000 0.500000
vn -0.866026 -0.000000 0.500000
vn -0.766045 -0.000000 0.642787
vn -0.642788 -0.000000 0.766044
vn -0.642788 -0.000000 0.766044
vn -0.766045 -0.000000 0.642787
vn -0.766045 -0.000000 0.642787
vn -0.766045 -0.000000 0.642787
vn -0.642788 -0.000000 0.766044
vn -0.500001 -0.000000 0.866025
vn -0.500001 -0.000000 0.866025
vn -0.642788 -0.000000 0.766044
vn -0.642788 -0.000000 0.766044
vn -0.642788 -0.000000 0.766044
vn -0.500001 -0.000000 0.866025
vn -0.342018 -0.000000 0.939694
vn -0.342018 -0.000000 0.939693
vn -0.500001 -0.000000 0.866025
vn -0.500001 -0.000000 0.866025
vn -0.500001 -0.000000 0.866025
vn -0.342018 -0.000000 0.939694
vn -0.173646 -0.000000 0.984808
vn -0.173646 -0.000000 0.984808
vn -0.342018 -0.000000 0.939693
vn -0.342018 -0.000000 0.939693
vn -0.342018 -0.000000 0.939694
vn -0.173646 -0.000000 0.984808
vn -0.043618 -0.000000 0.999048
vn -0.043618 -0.000000 0.999048
vn -0.173646 -0.000000 0.984808
vn -0.173646 -0.000000 0.984808
vn -0.173646 -0.000000 0.984808
vn -0.043618 -0.000000 0.999048
vn -0.998634 -0.000000 0.052246
vn -1.000000 -0.000000 0.000000
vn -1.000000 -0.000000 0.000000
vn -1.000000 -0.000000 0.000000
vn -0.998634 -0.000000 0.052246
vn -0.998634 -0.000000 0.052246
vn -0.000002 -1.000000 0.000001
vn -0.000002 -1.000000 0.000000
vn -0.000002 -1.000000 0.000000
vn -0.000002 -1.000000 0.000001
vn -0.000002 -1.000000 0.000000
vn -0.000001 -1.000000 0.000001
vn -0.000002 -1.000000 0.000001
vn -0.000004 -1.000000 0.000001
vn -0.000000 -1.000000 0.000001
vn -0.000002 -1.000000 0.000001
vn -0.000000 -1.000000 0.000001
vn -0.000000 -1.000000 0.000001
vn -0.000002 -1.000000 0.000001
vn -0.000000 -1.000000 0.000001
vn -0.000001 -1.000000 0.000001
vn -0.000002 -1.000000 0.000001
vn -0.000001 -1.000000 0.000001
vn -0.000001 -1.000000 0.000001
vn -0.000002 -1.000000 0.000001
vn -0.000001 -1.000000 0.000001
vn -0.000001 -1.000000 0.000001
vn -0.000002 -1.000000 0.000001
vn -0.000001 -1.000000 0.000001
vn -0.000001 -1.000000 0.000001
vn -0.000002 -1.000000 0.000001
vn -0.000001 -1.000000 0.000001
vn -0.000001 -1.000000 0.000001
vn -0.000002 -1.000000 0.000001
vn -0.000001 -1.000000 0.000001
vn -0.000002 -1.000000 0.000000
vn 0.000000 1.000000 -0.000000
vn 0.000001 1.000000 -0.000000
vn 0.000000 1.000000 -0.000000
vn 0.000000 1.000000 -0.000000
vn -0.000000 1.000000 -0.000000
vn 0.000000 1.000000 -0.000000
vn 0.000000 1.000000 -0.000000
vn 0.000001 1.000000 -0.000000
vn 0.000001 1.000000 -0.000000
vn 0.000000 1.000000 -0.000000
vn 0.000000 1.000000 -0.000000
vn 0.000000 1.000000 -0.000000
vn 0.000000 1.000000 -0.000000
vn 0.000000 1.000000 -0.000000
vn 0.000000 1.000000 -0.000000
vn 0.000000 1.000000 -0.000000
vn 0.000000 1.000000 -0.000000
vn 0.000000 1.000000 -0.000000
vn 0.000000 1.000000 -0.000000
vn 0.000000 1.000000 -0.000000
vn 0.000000 1.000000 -0.000000
vn 0.000000 1.000000 -0.000000
vn 0.000000 1.000000 -0.000000
vn 0.000000 1.000000 -0.000000
vn 0.000000 1.000000 -0.000000
vn 0.000000 1.000000 -0.000000
vn 0.000000 1.000000 -0.000000
vn 0.000000 1.000000 -0.000000
vn 0.000000 1.000000 -0.000000
vn 0.000000 1.000000 -0.000000
vn 0.000000 1.000000 -0.000000
vn 0.000000 1.000000 -0.000000
vn 0.000000 1.000000 -0.000000
vn 0.000000 -0.000000 1.000000
vn -0.043618 -0.000000 0.999048
vn -0.043618 -0.000000 0.999048
vn -0.043618 -0.000000 0.999048
vn 0.000000 -0.000000 1.000000
vn 0.000000 -0.000000 1.000000
vn -0.000002 -1.000000 0.000001
vn -0.000008 -1.000000 0.000000
vn -0.000004 -1.000000 0.000001
vn 0.983272 0.000000 0.182145
vn 0.998634 0.000000 0.052246
vn 0.998634 0.000000 0.052246
vn 0.998634 0.000000 0.052246
vn 0.983272 0.000000 0.182145
vn 0.983272 0.000000 0.182145
vn 0.939693 0.000000 0.342019
vn 0.983272 0.000000 0.182145
vn 0.983272 0.000000 0.182145
vn 0.983272 0.000000 0.182145
vn 0.939693 0.000000 0.342019
vn 0.939693 0.000000 0.342019
vn 0.866026 0.000000 0.500000
vn 0.939693 0.000000 0.342019
vn 0.939693 0.000000 0.342019
vn 0.939693 0.000000 0.342019
vn 0.866026 0.000000 0.500000
vn 0.866026 0.000000 0.500000
vn 0.766045 0.000000 0.642787
vn 0.866026 0.000000 0.500000
vn 0.866026 0.000000 0.500000
vn 0.866026 0.000000 0.500000
vn 0.766045 0.000000 0.642787
vn 0.766045 0.000000 0.642787
vn 0.642788 0.000000 0.766044
vn 0.766045 0.000000 0.642787
vn 0.766045 0.000000 0.642787
vn 0.766045 0.000000 0.642787
vn 0.642788 0.000000 0.766044
vn 0.642788 0.000000 0.766044
vn 0.500001 0.000000 0.866025
vn 0.642788 0.000000 0.766044
vn 0.642788 0.000000 0.766044
vn 0.642788 0.000000 0.766044
vn 0.500001 0.000000 0.866025
vn 0.500001 0.000000 0.866025
vn 0.342018 0.000000 0.939694
vn 0.500001 0.000000 0.866025
vn 0.500001 0.000000 0.866025
vn 0.500001 0.000000 0.866025
vn 0.342018 0.000000 0.939693
vn 0.342018 0.000000 0.939694
vn 0.173646 0.000000 0.984808
vn 0.342018 0.000000 0.939694
vn 0.342018 0.000000 0.939693
vn 0.342018 0.000000 0.939693
vn 0.173646 0.000000 0.984808
vn 0.173646 0.000000 0.984808
vn 0.043618 0.000000 0.999048
vn 0.173646 0.000000 0.984808
vn 0.173646 0.000000 0.984808
vn 0.173646 0.000000 0.984808
vn 0.043618 0.000000 0.999048
vn 0.043618 0.000000 0.999048
vn 0.998634 0.000000 0.052246
vn 0.998634 0.000000 0.052246
vn 1.000000 0.000000 -0.000000
vn 1.000000 0.000000 -0.000000
vn 1.000000 0.000000 -0.000000
vn 0.998634 0.000000 0.052246
vn 0.000002 -1.000000 0.000001
vn 0.000002 -1.000000 0.000000
vn 0.000002 -1.000000 0.000000
vn 0.000002 -1.000000 0.000001
vn 0.000001 -1.000000 0.000001
vn 0.000002 -1.000000 0.000000
vn 0.000002 -1.000000 0.000001
vn 0.000000 -1.000000 0.000001
vn 0.000004 -1.000000 0.000001
vn 0.000002 -1.000000 0.000001
vn 0.000000 -1.000000 0.000001
vn 0.000000 -1.000000 0.000001
vn 0.000002 -1.000000 0.000001
vn 0.000001 -1.000000 0.000001
vn 0.000000 -1.000000 0.000001
vn 0.000002 -1.000000 0.000001
vn 0.000001 -1.000000 0.000001
vn 0.000001 -1.000000 0.000001
vn 0.000002 -1.000000 0.000001
vn 0.000001 -1.000000 0.000001
vn 0.000001 -1.000000 0.000001
vn 0.000002 -1.000000 0.000001
vn 0.000001 -1.000000 0.000001
vn 0.000001 -1.000000 0.000001
vn 0.000002 -1.000000 0.000001
vn 0.000001 -1.000000 0.000001
vn 0.000001 -1.000000 0.000001
vn 0.000002 -1.000000 0.000001
vn 0.000002 -1.000000 0.000000
vn 0.000001 -1.000000 0.000001
vn -0.000000 1.000000 -0.000000
vn -0.000000 1.000000 -0.000000
vn -0.000001 1.000000 -0.000000
vn -0.000000 1.000000 -0.000000
vn -0.000000 1.000000 -0.000000
vn -0.000000 1.000000 -0.000000
vn -0.000000 1.000000 -0.000000
vn -0.000001 1.000000 -0.000000
vn -0.000001 1.000000 0.000000
vn -0.000000 1.000000 -0.000000
vn -0.000000 1.000000 -0.000000
vn -0.000000 1.000000 -0.000000
vn -0.000000 1.000000 -0.000000
vn -0.000000 1.000000 -0.000000
vn -0.000000 1.000000 -0.000000
vn -0.000000 1.000000 -0.000000
vn -0.000000 1.000000 -0.000000
vn -0.000000 1.000000 -0.000000
vn -0.000000 1.000000 -0.000000
vn -0.000000 1.000000 -0.000000
vn -0.000000 1.000000 -0.000000
vn -0.000000 1.000000 -0.000000
vn -0.000000 1.000000 -0.000000
vn -0.000000 1.000000 -0.000000
vn -0.000000 1.000000 -0.000000
vn -0.000000 1.000000 -0.000000
vn -0.000000 1.000000 -0.000000
vn -0.000000 1.000000 -0.000000
vn -0.000000 1.000000 -0.000000
vn -0.000000 1.000000 -0.000000
vn -0.000000 1.000000 -0.000000
vn -0.000000 1.000000 -0.000000
vn -0.000000 1.000000 -0.000000
vn 0.000000 -0.000000 1.000000
vn 0.000000 -0.000000 1.000000
vn 0.043618 0.000000 0.999048
vn 0.043618 0.000000 0.999048
vn 0.043618 0.000000 0.999048
vn 0.000000 -0.000000 1.000000
vn 0.000002 -1.000000 0.000001
vn 0.000004 -1.000000 0.000001
vn 0.000008 -1.000000 -0.000000
vn -0.000000 1.000000 0.000000
vn -0.000000 1.000000 0.000000
vn -0.000000 1.000000 0.000000
vn -0.000000 1.000000 0.000000
vn -0.000000 1.000000 0.000000
vn -0.000000 1.000000 0.000000
vn -0.000000 0.000000 -1.000000
vn -0.000000 0.000000 -1.000000
vn -0.000000 0.000000 -1.000000
vn -0.000000 0.000000 -1.000000
vn -0.000000 0.000000 -1.000000
vn -0.000000 0.000000 -1.000000
vn 0.000000 -0.000000 1.000000
vn 0.000000 -0.000000 1.000000
vn 0.000000 -0.000000 1.000000
vn 0.000000 -0.000000 1.000000
vn 0.000000 -0.000000 1.000000
vn 0.000000 -0.000000 1.000000
vn 0.000000 -0.000000 1.000000
vn 0.000000 -0.000000 1.000000
vn 0.000000 -0.000000 1.000000
vn 0.000000 -0.000000 1.000000
vn 0.000000 -0.000000 1.000000
vn 0.000000 -0.000000 1.000000
vn 0.000000 -1.000000 -0.000000
vn 0.000000 -1.000000 -0.000000
vn 0.000000 -1.000000 -0.000000
vn 0.000000 -1.000000 -0.000000
vn 0.000000 -1.000000 -0.000000
vn 0.000000 -1.000000 -0.000000
vn -0.000000 1.000000 0.000000
vn -0.000000 1.000000 0.000000
vn -0.000000 1.000000 0.000000
vn -0.000000 1.000000 0.000000
vn -0.000000 1.000000 0.000000
vn -0.000000 1.000000 0.000000
vn -0.000000 0.000000 -1.000000
vn -0.000000 0.000000 -1.000000
vn -0.000000 0.000000 -1.000000
vn -0.000000 0.000000 -1.000000
vn -0.000000 0.000000 -1.000000
vn -0.000000 0.000000 -1.000000
vn 0.000000 -0.000000 1.000000
vn 0.000000 -0.000000 1.000000
vn 0.000000 -0.000000 1.000000
vn 0.000000 -0.000000 1.000000
vn 0.000000 -0.000000 1.000000
vn 0.000000 -0.000000 1.000000
vn 0.000000 -0.000000 1.000000
vn 0.000000 -0.000000 1.000000
vn 0.000000 -0.000000 1.000000
vn 0.000000 -0.000000 1.000000
vn 0.000000 -0.000000 1.000000
vn 0.000000 -0.000000 1.000000
vn 0.000000 -1.000000 -0.000000
vn 0.000000 -1.000000 -0.000000
vn 0.000000 -1.000000 -0.000000
vn 0.000000 -1.000000 -0.000000
vn 0.000000 -1.000000 -0.000000
vn 0.000000 -1.000000 -0.000000
vn -0.000001 0.000001 1.000000
vn -0.000001 0.000001 1.000000
vn -0.000001 0.000001 1.000000
s off
g SM_Sofa_01
f 3/2/1 18/7/2 19/8/3
f 19/8/4 2/1/5 3/2/6
f 13/20/7 1/13/8 7/3/9
f 14/17/10 2/1/11 10/5/12
f 5/16/13 10/5/14 27/10/15
f 27/10/16 28/15/17 5/16/18
f 2/1/19 12/4/20 8/6/21
f 8/6/22 3/2/23 2/1/24
f 15/14/25 16/9/26 7/3/27
f 7/3/28 1/13/29 15/14/30
f 8/6/31 13/20/32 3/2/33
f 9/19/34 13/20/35 4/12/36
f 11/22/37 14/17/38 5/16/39
f 12/4/40 14/17/41 6/11/42
f 10/5/43 2/1/44 19/8/45
f 19/8/46 27/10/47 10/5/48
f 12/4/49 6/11/50 4/12/51
f 4/12/52 8/6/53 12/4/54
f 16/9/55 18/7/56 3/2/57
f 3/2/58 7/3/59 16/9/60
f 14/17/61 11/18/62 6/11/63
f 13/20/64 8/6/65 4/12/66
f 14/17/67 12/4/68 2/1/69
f 14/17/70 10/5/71 5/16/72
f 13/20/73 9/21/74 1/13/75
f 13/20/76 7/3/77 3/2/78
f 17/23/79 20/26/80 19/25/81
f 19/25/82 18/24/83 17/23/84
f 21/27/85 23/29/86 22/28/87
f 24/30/88 25/31/89 20/26/90
f 26/32/91 28/34/92 27/33/93
f 27/33/94 25/31/95 26/32/96
f 20/26/97 17/23/98 30/36/99
f 30/36/100 29/35/101 20/26/102
f 15/37/103 22/28/104 23/29/105
f 23/29/106 16/38/107 15/37/108
f 30/36/109 17/23/110 21/27/111
f 31/39/112 32/40/113 21/27/114
f 33/41/115 26/32/116 24/30/117
f 29/35/118 34/42/119 24/30/120
f 25/31/121 27/33/122 19/25/123
f 19/25/124 20/26/125 25/31/126
f 29/35/127 30/36/128 32/40/129
f 32/40/130 34/42/131 29/35/132
f 16/38/133 23/29/134 17/23/135
f 17/23/136 18/24/137 16/38/138
f 24/30/139 34/42/140 33/43/141
f 21/27/142 32/40/143 30/36/144
f 24/30/145 20/26/146 29/35/147
f 24/30/148 26/32/149 25/31/150
f 21/27/151 22/28/152 31/44/153
f 21/27/154 17/23/155 23/29/156
f 45/46/157 48/61/158 47/62/159
f 47/62/160 43/45/161 45/46/162
f 42/50/163 46/47/164 37/48/165
f 37/48/166 35/49/167 42/50/168
f 63/76/169 35/49/170 50/52/171
f 64/78/172 36/72/173 53/77/174
f 65/67/175 37/48/176 56/55/177
f 66/68/178 38/65/179 59/57/180
f 52/51/181 40/71/182 36/72/183
f 36/72/184 55/53/185 52/51/186
f 60/58/187 45/46/188 43/45/189
f 43/45/190 56/55/191 60/58/192
f 62/63/193 48/61/194 45/46/195
f 45/46/196 59/57/197 62/63/198
f 61/56/199 46/47/200 42/50/201
f 42/50/202 54/60/203 61/56/204
f 50/52/205 35/49/206 37/48/207
f 37/48/208 58/54/209 50/52/210
f 51/75/211 63/76/212 39/70/213
f 52/51/214 63/76/215 40/71/216
f 54/60/217 64/78/218 41/73/219
f 55/53/220 64/78/221 42/50/222
f 57/59/223 65/67/224 43/45/225
f 58/54/226 65/67/227 44/69/228
f 60/58/229 66/68/230 45/46/231
f 61/56/232 66/68/233 46/47/234
f 35/49/235 52/51/236 55/53/237
f 55/53/238 42/50/239 35/49/240
f 46/47/241 60/58/242 56/55/243
f 56/55/244 37/48/245 46/47/246
f 49/66/247 62/63/248 59/57/249
f 59/57/250 38/65/251 49/66/252
f 38/74/253 61/56/254 54/60/255
f 54/60/256 41/73/257 38/74/258
f 39/70/259 50/52/260 58/54/261
f 58/54/262 44/69/263 39/70/264
f 65/67/265 57/59/266 44/64/267
f 65/67/268 58/54/269 37/48/270
f 65/67/271 56/55/272 43/45/273
f 63/76/274 50/52/275 39/70/276
f 63/76/277 51/79/278 40/71/279
f 63/76/280 52/51/281 35/49/282
f 66/68/283 61/56/284 38/74/285
f 66/68/286 59/57/287 45/46/288
f 66/68/289 60/58/290 46/47/291
f 64/78/292 55/53/293 36/72/294
f 64/78/295 53/80/296 41/73/297
f 64/78/298 54/60/299 42/50/300
f 69/83/301 68/82/302 67/81/303
f 67/81/304 70/84/305 69/83/306
f 73/87/307 72/86/308 71/85/309
f 71/85/310 74/88/311 73/87/312
f 75/89/313 76/90/314 72/86/315
f 77/91/316 79/93/317 78/92/318
f 80/94/319 81/95/320 71/85/321
f 82/96/322 84/98/323 83/97/324
f 86/100/325 85/99/326 78/92/327
f 78/92/328 87/101/329 86/100/330
f 88/102/331 81/95/332 68/82/333
f 68/82/334 69/83/335 88/102/336
f 89/103/337 84/98/338 69/83/339
f 69/83/340 70/84/341 89/103/342
f 92/106/343 91/105/344 73/87/345
f 73/87/346 74/88/347 92/106/348
f 76/90/349 93/107/350 71/85/351
f 71/85/352 72/86/353 76/90/354
f 94/108/355 95/109/356 75/89/357
f 86/100/358 87/101/359 75/89/360
f 91/105/361 96/110/362 77/91/363
f 85/99/364 73/87/365 77/91/366
f 90/104/367 68/82/368 80/94/369
f 93/107/370 97/111/371 80/94/372
f 88/102/373 69/83/374 82/96/375
f 92/106/376 74/88/377 82/96/378
f 72/86/379 73/87/380 85/99/381
f 85/99/382 86/100/383 72/86/384
f 74/88/385 71/85/386 81/95/387
f 81/95/388 88/102/389 74/88/390
f 98/112/391 83/97/392 84/98/393
f 84/98/394 89/103/395 98/112/396
f 83/114/397 96/110/398 91/105/399
f 91/105/400 92/106/401 83/114/402
f 95/109/403 97/111/404 93/107/405
f 93/107/406 76/90/407 95/109/408
f 80/94/409 97/113/410 90/104/411
f 80/94/412 71/85/413 93/107/414
f 80/94/415 68/82/416 81/95/417
f 75/89/418 95/109/419 76/90/420
f 75/89/421 87/101/422 94/115/423
f 75/89/424 72/86/425 86/100/426
f 82/96/427 83/114/428 92/106/429
f 82/96/430 69/83/431 84/98/432
f 82/96/433 74/88/434 88/102/435
f 77/91/436 78/92/437 85/99/438
f 77/91/439 96/110/440 79/116/441
f 77/91/442 73/87/443 91/105/444
f 118/120/445 108/117/446 107/118/447
f 107/118/448 99/119/449 118/120/450
f 119/122/451 109/121/452 108/117/453
f 108/117/454 118/120/455 119/122/456
f 120/124/457 110/123/458 109/121/459
f 109/121/460 119/122/461 120/124/462
f 121/126/463 111/125/464 110/123/465
f 110/123/466 120/124/467 121/126/468
f 122/128/469 112/127/470 111/125/471
f 111/125/472 121/126/473 122/128/474
f 123/130/475 113/129/476 112/127/477
f 112/127/478 122/128/479 123/130/480
f 125/132/481 135/131/482 113/129/483
f 113/129/484 123/130/485 125/132/486
f 129/133/487 136/134/488 128/135/489
f 153/171/490 99/119/491 138/137/492
f 154/185/493 106/181/494 141/184/495
f 155/161/496 107/118/497 144/160/498
f 156/201/499 114/200/500 147/141/501
f 157/142/502 115/192/503 150/143/504
f 118/120/505 99/119/506 140/136/507
f 140/136/508 158/144/509 118/120/510
f 108/117/511 164/159/512 144/160/513
f 144/160/514 107/118/515 108/117/516
f 138/137/517 99/119/518 107/118/519
f 107/118/520 146/139/521 138/137/522
f 119/122/523 118/120/524 158/144/525
f 158/144/526 159/145/527 119/122/528
f 109/121/529 165/162/530 164/159/531
f 164/159/532 108/117/533 109/121/534
f 120/124/535 119/122/536 159/145/537
f 159/145/538 160/146/539 120/124/540
f 110/123/541 166/167/542 165/162/543
f 165/162/544 109/121/545 110/123/546
f 161/147/547 121/126/548 120/124/549
f 120/124/550 160/146/551 161/147/552
f 166/167/553 110/123/554 111/125/555
f 111/125/556 167/169/557 166/167/558
f 121/126/559 161/147/560 162/148/561
f 162/148/562 122/128/563 121/126/564
f 111/125/565 112/127/566 168/174/567
f 168/174/568 167/169/569 111/125/570
f 122/128/571 162/148/572 163/149/573
f 163/149/574 123/130/575 122/128/576
f 112/127/577 113/129/578 169/176/579
f 169/176/580 168/174/581 112/127/582
f 123/130/583 163/149/584 143/138/585
f 143/138/586 125/132/587 123/130/588
f 149/140/589 135/131/590 125/132/591
f 125/132/592 142/150/593 149/140/594
f 113/129/595 135/131/596 148/178/597
f 148/178/598 169/176/599 113/129/600
f 151/151/601 147/141/602 114/200/603
f 114/200/604 137/199/605 151/151/606
f 150/143/607 115/192/608 127/193/609
f 127/193/610 145/152/611 150/143/612
f 139/170/613 153/171/614 116/164/615
f 140/136/616 153/171/617 117/165/618
f 142/150/619 154/185/620 124/182/621
f 143/138/622 154/185/623 125/132/624
f 145/152/625 155/194/626 126/153/627
f 146/139/628 155/161/629 127/163/630
f 148/198/631 156/201/632 134/154/633
f 149/140/634 156/180/635 135/131/636
f 151/151/637 157/142/638 136/134/639
f 152/197/640 157/142/641 137/199/642
f 158/144/643 140/136/644 117/165/645
f 117/165/646 100/166/647 158/144/648
f 164/187/649 128/135/650 126/153/651
f 126/153/652 144/190/653 164/187/654
f 116/164/655 138/137/656 146/139/657
f 146/139/658 127/163/659 116/164/660
f 159/145/661 158/144/662 100/166/663
f 100/166/664 101/168/665 159/145/666
f 165/188/667 129/133/668 128/135/669
f 128/135/670 164/187/671 165/188/672
f 160/146/673 159/145/674 101/168/675
f 101/168/676 102/172/677 160/146/678
f 166/189/679 130/155/680 129/133/681
f 129/133/682 165/188/683 166/189/684
f 103/175/685 161/147/686 160/146/687
f 160/146/688 102/172/689 103/175/690
f 130/155/691 166/189/692 167/191/693
f 167/191/694 131/156/695 130/155/696
f 161/147/697 103/175/698 104/177/699
f 104/177/700 162/148/701 161/147/702
f 167/191/703 168/195/704 132/157/705
f 132/157/706 131/156/707 167/191/708
f 162/148/709 104/177/710 105/179/711
f 105/179/712 163/149/713 162/148/714
f 168/195/715 169/196/716 133/158/717
f 133/158/718 132/157/719 168/195/720
f 163/149/721 105/179/722 106/181/723
f 106/181/724 143/138/725 163/149/726
f 114/183/727 149/140/728 142/150/729
f 142/150/730 124/182/731 114/183/732
f 169/196/733 148/198/734 134/154/735
f 134/154/736 133/158/737 169/196/738
f 134/154/739 147/141/740 151/151/741
f 151/151/742 136/134/743 134/154/744
f 150/143/745 145/152/746 126/153/747
f 126/153/748 136/134/749 150/143/750
f 136/134/751 126/153/752 128/135/753
f 129/133/754 130/155/755 136/134/756
f 130/155/757 131/156/758 136/134/759
f 131/156/760 132/157/761 136/134/762
f 132/157/763 133/158/764 136/134/765
f 133/158/766 134/154/767 136/134/768
f 155/194/769 145/152/770 127/193/771
f 156/180/772 149/140/773 114/183/774
f 157/142/775 151/151/776 137/199/777
f 157/142/778 152/197/779 115/192/780
f 156/201/781 147/141/782 134/154/783
f 156/180/784 148/178/785 135/131/786
f 155/161/787 146/139/788 107/118/789
f 155/194/790 144/190/791 126/153/792
f 157/142/793 150/143/794 136/134/795
f 154/185/796 142/150/797 125/132/798
f 154/185/799 143/138/800 106/181/801
f 154/185/802 141/186/803 124/182/804
f 153/171/805 140/136/806 99/119/807
f 153/171/808 138/137/809 116/164/810
f 153/171/811 139/173/812 117/165/813
f 172/204/814 171/203/815 170/202/816
f 170/202/817 173/205/818 172/204/819
f 174/206/820 172/204/821 173/205/822
f 173/205/823 175/207/824 174/206/825
f 176/208/826 174/206/827 175/207/828
f 175/207/829 177/209/830 176/208/831
f 178/210/832 176/208/833 177/209/834
f 177/209/835 179/211/836 178/210/837
f 180/212/838 178/210/839 179/211/840
f 179/211/841 181/213/842 180/212/843
f 182/214/844 180/212/845 181/213/846
f 181/213/847 183/215/848 182/214/849
f 184/216/850 182/214/851 183/215/852
f 183/215/853 185/217/854 184/216/855
f 186/218/856 188/220/857 187/219/858
f 189/221/859 190/222/860 171/203/861
f 191/223/862 193/225/863 192/224/864
f 194/226/865 195/227/866 170/202/867
f 196/228/868 198/230/869 197/229/870
f 199/231/871 201/233/872 200/232/873
f 172/204/874 203/235/875 202/234/876
f 202/234/877 171/203/878 172/204/879
f 173/205/880 170/202/881 195/227/882
f 195/227/883 204/236/884 173/205/885
f 190/222/886 205/237/887 170/202/888
f 170/202/889 171/203/890 190/222/891
f 174/206/892 206/238/893 203/235/894
f 203/235/895 172/204/896 174/206/897
f 175/207/898 173/205/899 204/236/900
f 204/236/901 207/239/902 175/207/903
f 176/208/904 208/240/905 206/238/906
f 206/238/907 174/206/908 176/208/909
f 177/209/910 175/207/911 207/239/912
f 207/239/913 209/241/914 177/209/915
f 210/242/916 208/240/917 176/208/918
f 176/208/919 178/210/920 210/242/921
f 209/241/922 211/243/923 179/211/924
f 179/211/925 177/209/926 209/241/927
f 178/210/928 180/212/929 212/244/930
f 212/244/931 210/242/932 178/210/933
f 179/211/934 211/243/935 213/245/936
f 213/245/937 181/213/938 179/211/939
f 180/212/940 182/214/941 214/246/942
f 214/246/943 212/244/944 180/212/945
f 181/213/946 213/245/947 215/247/948
f 215/247/949 183/215/950 181/213/951
f 182/214/952 184/216/953 216/248/954
f 216/248/955 214/246/956 182/214/957
f 218/250/958 217/249/959 184/216/960
f 184/216/961 185/217/962 218/250/963
f 183/215/964 215/247/965 219/251/966
f 219/251/967 185/217/968 183/215/969
f 221/253/970 220/252/971 197/229/972
f 197/229/973 198/230/974 221/253/975
f 201/233/976 223/255/977 222/254/978
f 222/254/979 200/232/980 201/233/981
f 224/256/982 225/257/983 189/221/984
f 202/234/985 226/258/986 189/221/987
f 217/249/988 227/259/989 191/223/990
f 216/248/991 184/216/992 191/223/993
f 223/255/994 228/261/995 194/260/996
f 205/237/997 222/262/998 194/226/999
f 219/263/1000 229/264/1001 196/228/1002
f 218/250/1003 185/217/1004 196/265/1005
f 221/253/1006 187/219/1007 199/231/1008
f 230/266/1009 220/252/1010 199/231/1011
f 203/235/1012 231/267/1013 226/258/1014
f 226/258/1015 202/234/1016 203/235/1017
f 204/269/1018 195/268/1019 228/261/1020
f 228/261/1021 188/220/1022 204/269/1023
f 225/257/1024 222/262/1025 205/237/1026
f 205/237/1027 190/222/1028 225/257/1029
f 206/238/1030 232/270/1031 231/267/1032
f 231/267/1033 203/235/1034 206/238/1035
f 207/271/1036 204/269/1037 188/220/1038
f 188/220/1039 186/218/1040 207/271/1041
f 208/240/1042 233/272/1043 232/270/1044
f 232/270/1045 206/238/1046 208/240/1047
f 209/273/1048 207/271/1049 186/218/1050
f 186/218/1051 234/274/1052 209/273/1053
f 235/275/1054 233/272/1055 208/240/1056
f 208/240/1057 210/242/1058 235/275/1059
f 234/274/1060 236/277/1061 211/276/1062
f 211/276/1063 209/273/1064 234/274/1065
f 210/242/1066 212/244/1067 237/278/1068
f 237/278/1069 235/275/1070 210/242/1071
f 211/276/1072 236/277/1073 238/279/1074
f 238/279/1075 213/280/1076 211/276/1077
f 212/244/1078 214/246/1079 239/281/1080
f 239/281/1081 237/278/1082 212/244/1083
f 213/280/1084 238/279/1085 240/282/1086
f 240/282/1087 215/283/1088 213/280/1089
f 214/246/1090 216/248/1091 192/224/1092
f 192/224/1093 239/281/1094 214/246/1095
f 197/284/1096 227/259/1097 217/249/1098
f 217/249/1099 218/250/1100 197/284/1101
f 215/283/1102 240/282/1103 229/264/1104
f 229/264/1105 219/263/1106 215/283/1107
f 229/264/1108 187/219/1109 221/253/1110
f 221/253/1111 198/230/1112 229/264/1113
f 201/233/1114 187/219/1115 228/261/1116
f 228/261/1117 223/255/1118 201/233/1119
f 187/219/1120 188/220/1121 228/261/1122
f 186/218/1123 187/219/1124 234/274/1125
f 234/274/1126 187/219/1127 236/277/1128
f 236/277/1129 187/219/1130 238/279/1131
f 238/279/1132 187/219/1133 240/282/1134
f 240/282/1135 187/219/1136 229/264/1137
f 194/260/1138 222/254/1139 223/255/1140
f 196/265/1141 197/284/1142 218/250/1143
f 199/231/1144 220/252/1145 221/253/1146
f 199/231/1147 200/232/1148 230/266/1149
f 196/228/1150 229/264/1151 198/230/1152
f 196/265/1153 185/217/1154 219/251/1155
f 194/226/1156 170/202/1157 205/237/1158
f 194/260/1159 228/261/1160 195/268/1161
f 199/231/1162 187/219/1163 201/233/1164
f 191/223/1165 184/216/1166 217/249/1167
f 191/223/1168 192/224/1169 216/248/1170
f 191/223/1171 227/259/1172 193/285/1173
f 189/221/1174 171/203/1175 202/234/1176
f 189/221/1177 225/257/1178 190/222/1179
f 189/221/1180 226/258/1181 224/286/1182
f 246/288/1183 262/298/1184 263/299/1185
f 263/299/1186 248/287/1187 246/288/1188
f 244/290/1189 264/308/1190 265/304/1191
f 265/304/1192 242/289/1193 244/290/1194
f 259/318/1195 241/315/1196 250/291/1197
f 260/307/1198 242/289/1199 253/293/1200
f 261/309/1201 243/302/1202 256/294/1203
f 246/288/1204 253/293/1205 280/300/1206
f 280/300/1207 262/298/1208 246/288/1209
f 248/287/1210 256/294/1211 254/295/1212
f 254/295/1213 246/288/1214 248/287/1215
f 242/289/1216 255/292/1217 251/296/1218
f 251/296/1219 244/290/1220 242/289/1221
f 266/316/1222 284/311/1223 250/291/1224
f 250/291/1225 241/315/1226 266/316/1227
f 263/299/1228 285/301/1229 257/297/1230
f 257/297/1231 248/287/1232 263/299/1233
f 251/296/1234 259/318/1235 244/290/1236
f 252/317/1237 259/318/1238 245/314/1239
f 254/295/1240 260/307/1241 246/288/1242
f 255/292/1243 260/307/1244 247/313/1245
f 257/297/1246 261/309/1247 248/287/1248
f 258/312/1249 261/309/1250 249/306/1251
f 253/293/1252 242/289/1253 265/304/1254
f 265/304/1255 280/300/1256 253/293/1257
f 256/294/1258 243/302/1259 247/303/1260
f 247/303/1261 254/295/1262 256/294/1263
f 255/292/1264 247/313/1265 245/314/1266
f 245/314/1267 251/296/1268 255/292/1269
f 284/311/1270 264/308/1271 244/290/1272
f 244/290/1273 250/291/1274 284/311/1275
f 285/301/1276 267/305/1277 249/306/1278
f 249/306/1279 257/297/1280 285/301/1281
f 260/307/1282 255/292/1283 242/289/1284
f 260/307/1285 253/293/1286 246/288/1287
f 260/307/1288 254/295/1289 247/303/1290
f 261/309/1291 258/310/1292 243/302/1293
f 261/309/1294 256/294/1295 248/287/1296
f 261/309/1297 257/297/1298 249/306/1299
f 259/318/1300 252/319/1301 241/315/1302
f 259/318/1303 250/291/1304 244/290/1305
f 259/318/1306 251/296/1307 245/314/1308
f 268/320/1309 269/323/1310 263/322/1311
f 263/322/1312 262/321/1313 268/320/1314
f 270/324/1315 271/327/1316 265/326/1317
f 265/326/1318 264/325/1319 270/324/1320
f 272/328/1321 274/330/1322 273/329/1323
f 275/331/1324 276/332/1325 271/327/1326
f 277/333/1327 279/335/1328 278/334/1329
f 268/320/1330 262/321/1331 280/336/1332
f 280/336/1333 276/332/1334 268/320/1335
f 269/323/1336 268/320/1337 281/337/1338
f 281/337/1339 279/335/1340 269/323/1341
f 271/327/1342 270/324/1343 283/339/1344
f 283/339/1345 282/338/1346 271/327/1347
f 266/340/1348 273/329/1349 274/330/1350
f 274/330/1351 284/341/1352 266/340/1353
f 263/322/1354 269/323/1355 286/343/1356
f 286/343/1357 285/342/1358 263/322/1359
f 283/339/1360 270/324/1361 272/328/1362
f 287/344/1363 288/345/1364 272/328/1365
f 281/337/1366 268/320/1367 275/331/1368
f 282/338/1369 289/346/1370 275/331/1371
f 286/343/1372 269/323/1373 277/333/1374
f 290/347/1375 291/348/1376 277/333/1377
f 276/332/1378 280/336/1379 265/326/1380
f 265/326/1381 271/327/1382 276/332/1383
f 279/335/1384 281/337/1385 289/349/1386
f 289/349/1387 278/334/1388 279/335/1389
f 282/338/1390 283/339/1391 288/345/1392
f 288/345/1393 289/346/1394 282/338/1395
f 284/341/1396 274/330/1397 270/324/1398
f 270/324/1399 264/325/1400 284/341/1401
f 285/342/1402 286/343/1403 291/348/1404
f 291/348/1405 267/350/1406 285/342/1407
f 275/331/1408 271/327/1409 282/338/1410
f 275/331/1411 268/320/1412 276/332/1413
f 275/331/1414 289/349/1415 281/337/1416
f 277/333/1417 278/334/1418 290/351/1419
f 277/333/1420 269/323/1421 279/335/1422
f 277/333/1423 291/348/1424 286/343/1425
f 272/328/1426 273/329/1427 287/352/1428
f 272/328/1429 270/324/1430 274/330/1431
f 272/328/1432 288/345/1433 283/339/1434
f 292/354/1435 305/355/1436 306/356/1437
f 306/356/1438 312/353/1439 292/354/1440
f 314/366/1441 294/363/1442 293/364/1443
f 293/364/1444 313/365/1445 314/366/1446
f 323/370/1447 295/369/1448 294/363/1449
f 294/363/1450 314/366/1451 323/370/1452
f 322/372/1453 296/371/1454 295/369/1455
f 295/369/1456 323/370/1457 322/372/1458
f 321/374/1459 297/373/1460 296/371/1461
f 296/371/1462 322/372/1463 321/374/1464
f 320/376/1465 298/375/1466 297/373/1467
f 297/373/1468 321/374/1469 320/376/1470
f 319/378/1471 299/377/1472 298/375/1473
f 298/375/1474 320/376/1475 319/378/1476
f 318/380/1477 300/379/1478 299/377/1479
f 299/377/1480 319/378/1481 318/380/1482
f 317/382/1483 301/381/1484 300/379/1485
f 300/379/1486 318/380/1487 317/382/1488
f 315/384/1489 302/383/1490 301/381/1491
f 301/381/1492 317/382/1493 315/384/1494
f 293/387/1495 294/388/1496 308/390/1497
f 311/385/1498 303/386/1499 302/383/1500
f 302/383/1501 315/384/1502 311/385/1503
f 308/390/1504 302/398/1505 303/399/1506
f 316/368/1507 313/365/1508 293/364/1509
f 293/364/1510 304/367/1511 316/368/1512
f 293/387/1513 308/390/1514 304/391/1515
f 301/397/1516 302/398/1517 308/390/1518
f 300/396/1519 301/397/1520 308/390/1521
f 299/395/1522 300/396/1523 308/390/1524
f 298/394/1525 299/395/1526 308/390/1527
f 297/393/1528 298/394/1529 308/390/1530
f 296/392/1531 297/393/1532 308/390/1533
f 295/389/1534 296/392/1535 308/390/1536
f 294/388/1537 295/389/1538 308/390/1539
f 309/400/1540 307/401/1541 304/402/1542
f 309/358/1543 312/353/1544 306/356/1545
f 306/356/1546 307/357/1547 309/358/1548
f 311/411/1549 310/408/1550 306/409/1551
f 306/409/1552 305/410/1553 311/411/1554
f 310/415/1555 316/412/1556 307/413/1557
f 307/413/1558 306/414/1559 310/415/1560
f 311/418/1561 305/419/1562 292/416/1563
f 292/416/1564 303/417/1565 311/418/1566
f 307/401/1567 316/403/1568 304/402/1569
f 308/407/1570 312/404/1571 309/405/1572
f 309/405/1573 304/406/1574 308/407/1575
f 292/361/1576 312/362/1577 308/359/1578
f 308/359/1579 303/360/1580 292/361/1581
f 310/420/1582 314/422/1583 313/421/1584
f 315/423/1585 310/420/1586 311/424/1587
f 310/420/1588 313/421/1589 316/425/1590
f 310/420/1591 315/423/1592 317/426/1593
f 310/420/1594 317/426/1595 318/427/1596
f 310/420/1597 318/427/1598 319/428/1599
f 310/420/1600 319/428/1601 320/429/1602
f 310/420/1603 320/429/1604 321/430/1605
f 310/420/1606 321/430/1607 322/431/1608
f 310/420/1609 322/431/1610 323/432/1611
f 310/420/1612 323/432/1613 314/422/1614
f 326/435/1615 325/434/1616 324/433/1617
f 324/433/1618 327/436/1619 326/435/1620
f 330/439/1621 329/438/1622 328/437/1623
f 328/437/1624 331/440/1625 330/439/1626
f 332/441/1627 330/439/1628 331/440/1629
f 331/440/1630 333/442/1631 332/441/1632
f 334/443/1633 332/441/1634 333/442/1635
f 333/442/1636 335/444/1637 334/443/1638
f 336/445/1639 334/443/1640 335/444/1641
f 335/444/1642 337/446/1643 336/445/1644
f 338/447/1645 336/445/1646 337/446/1647
f 337/446/1648 339/448/1649 338/447/1650
f 340/449/1651 338/447/1652 339/448/1653
f 339/448/1654 341/450/1655 340/449/1656
f 342/451/1657 340/449/1658 341/450/1659
f 341/450/1660 343/452/1661 342/451/1662
f 344/453/1663 342/451/1664 343/452/1665
f 343/452/1666 345/454/1667 344/453/1668
f 346/455/1669 344/453/1670 345/454/1671
f 345/454/1672 347/456/1673 346/455/1674
f 328/457/1675 348/459/1676 331/458/1677
f 349/460/1678 346/455/1679 347/456/1680
f 347/456/1681 350/461/1682 349/460/1683
f 348/459/1684 350/463/1685 347/462/1686
f 352/465/1687 351/464/1688 328/437/1689
f 328/437/1690 329/438/1691 352/465/1692
f 328/457/1693 351/466/1694 348/459/1695
f 345/467/1696 348/459/1697 347/462/1698
f 343/468/1699 348/459/1700 345/467/1701
f 341/469/1702 348/459/1703 343/468/1704
f 339/470/1705 348/459/1706 341/469/1707
f 337/471/1708 348/459/1709 339/470/1710
f 335/472/1711 348/459/1712 337/471/1713
f 333/473/1714 348/459/1715 335/472/1716
f 331/458/1717 348/459/1718 333/473/1719
f 353/474/1720 351/476/1721 354/475/1722
f 353/478/1723 354/477/1724 324/433/1725
f 324/433/1726 325/434/1727 353/478/1728
f 349/481/1729 327/480/1730 324/479/1731
f 324/479/1732 355/482/1733 349/481/1734
f 355/485/1735 324/484/1736 354/483/1737
f 354/483/1738 352/486/1739 355/485/1740
f 349/489/1741 350/488/1742 326/487/1743
f 326/487/1744 327/490/1745 349/489/1746
f 354/475/1747 351/476/1748 352/491/1749
f 348/493/1750 351/492/1751 353/495/1752
f 353/495/1753 325/494/1754 348/493/1755
f 326/496/1756 350/499/1757 348/498/1758
f 348/498/1759 325/497/1760 326/496/1761
f 355/500/1762 329/502/1763 330/501/1764
f 346/503/1765 349/504/1766 355/500/1767
f 355/500/1768 352/505/1769 329/502/1770
f 355/500/1771 344/506/1772 346/503/1773
f 355/500/1774 342/507/1775 344/506/1776
f 355/500/1777 340/508/1778 342/507/1779
f 355/500/1780 338/509/1781 340/508/1782
f 355/500/1783 336/510/1784 338/509/1785
f 355/500/1786 334/511/1787 336/510/1788
f 355/500/1789 332/512/1790 334/511/1791
f 355/500/1792 330/501/1793 332/512/1794
f 362/514/1795 356/515/1796 357/516/1797
f 357/516/1798 358/513/1799 362/514/1800
f 366/521/1801 358/517/1802 357/518/1803
f 357/518/1804 359/522/1805 366/521/1806
f 356/519/1807 362/520/1808 360/523/1809
f 360/523/1810 361/524/1811 356/519/1812
f 362/525/1813 358/528/1814 364/527/1815
f 364/527/1816 363/526/1817 362/525/1818
f 366/532/1819 365/531/1820 364/530/1821
f 364/530/1822 358/529/1823 366/532/1824
f 363/536/1825 367/535/1826 360/534/1827
f 360/534/1828 362/533/1829 363/536/1830
f 382/540/1831 369/537/1832 368/538/1833
f 368/538/1834 381/539/1835 382/540/1836
f 369/537/1837 382/540/1838 392/543/1839
f 392/543/1840 370/544/1841 369/537/1842
f 370/544/1843 392/543/1844 391/545/1845
f 391/545/1846 371/546/1847 370/544/1848
f 371/546/1849 391/545/1850 390/547/1851
f 390/547/1852 372/548/1853 371/546/1854
f 372/548/1855 390/547/1856 389/549/1857
f 389/549/1858 373/550/1859 372/548/1860
f 373/550/1861 389/549/1862 388/551/1863
f 388/551/1864 374/552/1865 373/550/1866
f 374/552/1867 388/551/1868 387/553/1869
f 387/553/1870 375/554/1871 374/552/1872
f 375/554/1873 387/553/1874 386/555/1875
f 386/555/1876 376/556/1877 375/554/1878
f 376/556/1879 386/555/1880 383/557/1881
f 383/557/1882 377/558/1883 376/556/1884
f 378/560/1885 377/558/1886 383/557/1887
f 383/557/1888 384/559/1889 378/560/1890
f 385/542/1891 381/539/1892 368/538/1893
f 368/538/1894 379/541/1895 385/542/1896
f 380/561/1897 382/563/1898 381/562/1899
f 383/564/1900 380/561/1901 384/565/1902
f 380/561/1903 381/562/1904 385/566/1905
f 380/561/1906 383/564/1907 386/567/1908
f 380/561/1909 386/567/1910 387/568/1911
f 380/561/1912 387/568/1913 388/569/1914
f 380/561/1915 388/569/1916 389/570/1917
f 380/561/1918 389/570/1919 390/571/1920
f 380/561/1921 390/571/1922 391/572/1923
f 380/561/1924 391/572/1925 392/573/1926
f 380/561/1927 392/573/1928 382/563/1929
f 395/576/1930 394/575/1931 393/574/1932
f 393/574/1933 396/577/1934 395/576/1935
f 396/577/1936 398/579/1937 397/578/1938
f 397/578/1939 395/576/1940 396/577/1941
f 398/579/1942 400/581/1943 399/580/1944
f 399/580/1945 397/578/1946 398/579/1947
f 400/581/1948 402/583/1949 401/582/1950
f 401/582/1951 399/580/1952 400/581/1953
f 402/583/1954 404/585/1955 403/584/1956
f 403/584/1957 401/582/1958 402/583/1959
f 404/585/1960 406/587/1961 405/586/1962
f 405/586/1963 403/584/1964 404/585/1965
f 406/587/1966 408/589/1967 407/588/1968
f 407/588/1969 405/586/1970 406/587/1971
f 408/589/1972 410/591/1973 409/590/1974
f 409/590/1975 407/588/1976 408/589/1977
f 410/591/1978 412/593/1979 411/592/1980
f 411/592/1981 409/590/1982 410/591/1983
f 414/595/1984 413/594/1985 411/592/1986
f 411/592/1987 412/593/1988 414/595/1989
f 416/597/1990 415/596/1991 393/574/1992
f 393/574/1993 394/575/1994 416/597/1995
f 417/598/1996 394/600/1997 395/599/1998
f 411/601/1999 413/602/2000 417/598/2001
f 417/598/2002 416/603/2003 394/600/2004
f 417/598/2005 409/604/2006 411/601/2007
f 417/598/2008 407/605/2009 409/604/2010
f 417/598/2011 405/606/2012 407/605/2013
f 417/598/2014 403/607/2015 405/606/2016
f 417/598/2017 401/608/2018 403/607/2019
f 417/598/2020 399/609/2021 401/608/2022
f 417/598/2023 397/610/2024 399/609/2025
f 417/598/2026 395/599/2027 397/610/2028
f 431/614/2029 419/611/2030 418/612/2031
f 418/612/2032 430/613/2033 431/614/2034
f 441/618/2035 428/617/2036 419/611/2037
f 419/611/2038 431/614/2039 441/618/2040
f 440/620/2041 427/619/2042 428/617/2043
f 428/617/2044 441/618/2045 440/620/2046
f 439/622/2047 420/621/2048 427/619/2049
f 427/619/2050 440/620/2051 439/622/2052
f 438/624/2053 421/623/2054 420/621/2055
f 420/621/2056 439/622/2057 438/624/2058
f 437/626/2059 422/625/2060 421/623/2061
f 421/623/2062 438/624/2063 437/626/2064
f 436/628/2065 423/627/2066 422/625/2067
f 422/625/2068 437/626/2069 436/628/2070
f 435/630/2071 426/629/2072 423/627/2073
f 423/627/2074 436/628/2075 435/630/2076
f 432/632/2077 424/631/2078 426/629/2079
f 426/629/2080 435/630/2081 432/632/2082
f 432/632/2083 433/633/2084 443/634/2085
f 443/634/2086 424/631/2087 432/632/2088
f 418/612/2089 425/615/2090 434/616/2091
f 434/616/2092 430/613/2093 418/612/2094
f 429/635/2095 431/637/2096 430/636/2097
f 432/638/2098 429/635/2099 433/639/2100
f 429/635/2101 430/636/2102 434/640/2103
f 429/635/2104 432/638/2105 435/641/2106
f 429/635/2107 435/641/2108 436/642/2109
f 429/635/2110 436/642/2111 437/643/2112
f 429/635/2113 437/643/2114 438/644/2115
f 429/635/2116 438/644/2117 439/645/2118
f 429/635/2119 439/645/2120 440/646/2121
f 429/635/2122 440/646/2123 441/647/2124
f 429/635/2125 441/647/2126 431/637/2127
f 442/648/2128 418/650/2129 419/649/2130
f 442/648/2131 425/651/2132 418/650/2133
f 442/648/2134 426/653/2135 424/652/2136
f 442/648/2137 423/654/2138 426/653/2139
f 442/648/2140 422/655/2141 423/654/2142
f 442/648/2143 421/656/2144 422/655/2145
f 442/648/2146 420/657/2147 421/656/2148
f 442/648/2149 427/658/2150 420/657/2151
f 442/648/2152 428/659/2153 427/658/2154
f 442/648/2155 419/649/2156 428/659/2157
f 442/648/2158 424/652/2159 443/660/2160
f 446/663/2161 445/662/2162 444/661/2163
f 444/661/2164 447/664/2165 446/663/2166
f 448/665/2167 446/663/2168 447/664/2169
f 447/664/2170 449/666/2171 448/665/2172
f 450/667/2173 448/665/2174 449/666/2175
f 449/666/2176 451/668/2177 450/667/2178
f 452/669/2179 450/667/2180 451/668/2181
f 451/668/2182 453/670/2183 452/669/2184
f 454/671/2185 452/669/2186 453/670/2187
f 453/670/2188 455/672/2189 454/671/2190
f 456/673/2191 454/671/2192 455/672/2193
f 455/672/2194 457/674/2195 456/673/2196
f 458/675/2197 456/673/2198 457/674/2199
f 457/674/2200 459/676/2201 458/675/2202
f 460/677/2203 458/675/2204 459/676/2205
f 459/676/2206 461/678/2207 460/677/2208
f 462/679/2209 460/677/2210 461/678/2211
f 461/678/2212 463/680/2213 462/679/2214
f 462/679/2215 463/680/2216 464/681/2217
f 464/681/2218 465/682/2219 462/679/2220
f 444/661/2221 445/662/2222 466/683/2223
f 466/683/2224 467/684/2225 444/661/2226
f 468/685/2227 445/687/2228 446/686/2229
f 462/688/2230 465/689/2231 468/685/2232
f 468/685/2233 466/690/2234 445/687/2235
f 468/685/2236 460/691/2237 462/688/2238
f 468/685/2239 458/692/2240 460/691/2241
f 468/685/2242 456/693/2243 458/692/2244
f 468/685/2245 454/694/2246 456/693/2247
f 468/685/2248 452/695/2249 454/694/2250
f 468/685/2251 450/696/2252 452/695/2253
f 468/685/2254 448/697/2255 450/696/2256
f 468/685/2257 446/686/2258 448/697/2259
f 469/698/2260 447/700/2261 444/699/2262
f 469/698/2263 444/699/2264 467/701/2265
f 469/698/2266 463/703/2267 461/702/2268
f 469/698/2269 461/702/2270 459/704/2271
f 469/698/2272 459/704/2273 457/705/2274
f 469/698/2275 457/705/2276 455/706/2277
f 469/698/2278 455/706/2279 453/707/2280
f 469/698/2281 453/707/2282 451/708/2283
f 469/698/2284 451/708/2285 449/709/2286
f 469/698/2287 449/709/2288 447/700/2289
f 469/698/2290 464/710/2291 463/703/2292
f 470/714/2293 478/711/2294 477/712/2295
f 477/712/2296 487/713/2297 470/714/2298
f 489/718/2299 479/717/2300 478/711/2301
f 478/711/2302 470/714/2303 489/718/2304
f 471/720/2305 480/719/2306 479/717/2307
f 479/717/2308 489/718/2309 471/720/2310
f 472/722/2311 481/721/2312 480/719/2313
f 480/719/2314 471/720/2315 472/722/2316
f 473/724/2317 482/723/2318 481/721/2319
f 481/721/2320 472/722/2321 473/724/2322
f 488/726/2323 483/725/2324 482/723/2325
f 482/723/2326 473/724/2327 488/726/2328
f 474/728/2329 484/727/2330 483/725/2331
f 483/725/2332 488/726/2333 474/728/2334
f 475/730/2335 485/729/2336 484/727/2337
f 484/727/2338 474/728/2339 475/730/2340
f 476/732/2341 486/731/2342 485/729/2343
f 485/729/2344 475/730/2345 476/732/2346
f 477/712/2347 491/715/2348 494/716/2349
f 494/716/2350 487/713/2351 477/712/2352
f 495/739/2353 470/735/2354 487/736/2355
f 495/739/2356 487/736/2357 494/738/2358
f 495/739/2359 476/746/2360 475/745/2361
f 495/739/2362 475/745/2363 474/744/2364
f 495/739/2365 474/744/2366 488/743/2367
f 495/739/2368 488/743/2369 473/742/2370
f 495/739/2371 473/742/2372 472/741/2373
f 495/739/2374 472/741/2375 471/740/2376
f 495/739/2377 471/740/2378 489/737/2379
f 495/739/2380 489/737/2381 470/735/2382
f 493/750/2383 477/748/2384 478/749/2385
f 486/759/2386 492/760/2387 493/750/2388
f 493/750/2389 491/751/2390 477/748/2391
f 493/750/2392 485/758/2393 486/759/2394
f 493/750/2395 484/757/2396 485/758/2397
f 493/750/2398 483/756/2399 484/757/2400
f 493/750/2401 482/755/2402 483/756/2403
f 493/750/2404 481/754/2405 482/755/2406
f 493/750/2407 480/753/2408 481/754/2409
f 493/750/2410 479/752/2411 480/753/2412
f 493/750/2413 478/749/2414 479/752/2415
f 492/734/2416 486/731/2417 476/732/2418
f 476/732/2419 490/733/2420 492/734/2421
f 495/739/2422 490/747/2423 476/746/2424
f 498/763/2425 497/762/2426 496/761/2427
f 496/761/2428 499/764/2429 498/763/2430
f 500/765/2431 498/763/2432 499/764/2433
f 499/764/2434 501/766/2435 500/765/2436
f 502/767/2437 500/765/2438 501/766/2439
f 501/766/2440 503/768/2441 502/767/2442
f 504/769/2443 502/767/2444 503/768/2445
f 503/768/2446 505/770/2447 504/769/2448
f 506/771/2449 504/769/2450 505/770/2451
f 505/770/2452 507/772/2453 506/771/2454
f 508/773/2455 506/771/2456 507/772/2457
f 507/772/2458 509/774/2459 508/773/2460
f 510/775/2461 508/773/2462 509/774/2463
f 509/774/2464 511/776/2465 510/775/2466
f 512/777/2467 510/775/2468 511/776/2469
f 511/776/2470 513/778/2471 512/777/2472
f 514/779/2473 512/777/2474 513/778/2475
f 513/778/2476 515/780/2477 514/779/2478
f 496/761/2479 497/762/2480 516/781/2481
f 516/781/2482 517/782/2483 496/761/2484
f 518/783/2485 497/785/2486 498/784/2487
f 518/783/2488 516/786/2489 497/785/2490
f 518/783/2491 512/788/2492 514/787/2493
f 518/783/2494 510/789/2495 512/788/2496
f 518/783/2497 508/790/2498 510/789/2499
f 518/783/2500 506/791/2501 508/790/2502
f 518/783/2503 504/792/2504 506/791/2505
f 518/783/2506 502/793/2507 504/792/2508
f 518/783/2509 500/794/2510 502/793/2511
f 518/783/2512 498/784/2513 500/794/2514
f 519/795/2515 499/797/2516 496/796/2517
f 515/798/2518 519/795/2519 520/799/2520
f 519/795/2521 496/796/2522 517/800/2523
f 519/795/2524 515/798/2525 513/801/2526
f 519/795/2527 513/801/2528 511/802/2529
f 519/795/2530 511/802/2531 509/803/2532
f 519/795/2533 509/803/2534 507/804/2535
f 519/795/2536 507/804/2537 505/805/2538
f 519/795/2539 505/805/2540 503/806/2541
f 519/795/2542 503/806/2543 501/807/2544
f 519/795/2545 501/807/2546 499/797/2547
f 520/809/2548 521/808/2549 514/779/2550
f 514/779/2551 515/780/2552 520/809/2553
f 518/783/2554 514/787/2555 521/810/2556
f 524/822/2557 522/819/2558 523/820/2559
f 523/820/2560 531/821/2561 524/822/2562
f 522/814/2563 524/811/2564 528/812/2565
f 528/812/2566 529/813/2567 522/814/2568
f 535/826/2569 531/823/2570 523/824/2571
f 523/824/2572 525/825/2573 535/826/2574
f 526/818/2575 527/815/2576 536/816/2577
f 536/816/2578 537/817/2579 526/818/2580
f 528/829/2581 536/828/2582 527/827/2583
f 527/827/2584 529/830/2585 528/829/2586
f 524/833/2587 531/832/2588 530/831/2589
f 530/831/2590 532/834/2591 524/833/2592
f 532/837/2593 533/836/2594 528/835/2595
f 528/835/2596 524/838/2597 532/837/2598
f 535/841/2599 534/840/2600 530/839/2601
f 530/839/2602 531/842/2603 535/841/2604
f 538/845/2605 537/844/2606 536/843/2607
f 536/843/2608 539/846/2609 538/845/2610
f 528/849/2611 533/848/2612 539/847/2613
f 539/847/2614 536/850/2615 528/849/2616
f 540/851/2617 541/852/2618 542/853/2619
