# This file uses feet as units for non-parametric coordinates.

g default
v -30.623959 37.379814 33.529270
v 30.623959 37.379814 33.529270
v -30.623957 50.440487 33.529270
v 30.623959 50.440487 33.529263
v -28.307043 50.440487 -15.769402
v 28.307043 50.440487 -15.769402
v -28.307043 37.379814 -15.769403
v 28.307043 37.379814 -15.769403
v 33.695362 51.052361 17.271734
v -33.695362 51.052361 17.271734
v -33.695362 36.767941 17.271734
v 33.695362 36.767941 17.271734
v 0.000000 51.858578 16.413343
v -0.000000 50.607681 34.010086
v -0.000000 37.212624 34.010086
v 0.000000 35.961712 16.413343
v -0.000000 37.212624 -21.678978
v -0.000000 50.607677 -21.678978
v -19.350340 37.297668 33.954586
v -19.350340 50.522636 33.954590
v -17.697975 50.522636 -19.906534
v -17.697975 37.297668 -19.906534
v -33.502197 39.512177 34.550518
v 33.502193 39.512173 34.550522
v -33.349197 50.897232 29.469688
v 33.349197 50.897232 29.469688
v -32.361771 36.923065 -2.472268
v 32.361771 36.923065 -2.472270
v 32.361774 50.897236 -2.472268
v -32.361771 50.897232 -2.472270
v 19.345222 51.654255 16.689789
v -33.349197 36.923065 29.469700
v -40.513729 48.443836 17.717419
v 33.349197 36.923065 29.469688
v -19.345222 36.166035 16.689789
v 40.513729 39.376457 17.717419
v 30.778168 48.308125 -19.032131
v -30.778168 48.308125 -19.032131
v 40.513729 48.443836 17.717419
v 33.502197 48.308125 34.550518
v -33.502197 48.308125 34.550522
v -40.513725 39.376457 17.717419
v -30.778168 39.512177 -19.032131
v 30.778168 39.512173 -19.032131
v -19.345222 51.654255 16.689787
v 19.350340 50.522636 33.954590
v 0.000000 51.580151 28.964729
v -0.000000 48.369724 35.865772
v 19.350340 37.297668 33.954590
v -0.000001 39.450577 35.865772
v 19.345222 36.166035 16.689787
v 0.000000 36.240150 28.964729
v 17.697975 37.297668 -19.906534
v 0.000000 36.240150 -4.298182
v 0.000000 39.450565 -31.243176
v 17.697975 50.522636 -19.906534
v 0.000000 48.369720 -31.243176
v 0.000000 51.580151 -4.298182
v 19.612804 39.486385 35.672291
v 19.452564 51.401085 29.088837
v 17.570387 39.486385 -28.417755
v 19.452564 36.419212 29.088837
v 39.614948 39.422436 30.062740
v -39.614944 39.422436 30.062740
v 18.820845 51.401093 -3.654785
v -38.457096 39.422436 -2.386102
v 18.820845 36.419212 -3.654786
v 38.457096 39.422436 -2.386102
v 39.614944 48.397865 30.062740
v 19.612806 48.333916 35.672291
v -39.614948 48.397865 30.062740
v -38.457096 48.397865 -2.386102
v 17.570387 48.333916 -28.417755
v 38.457100 48.397865 -2.386102
v -19.452562 51.401085 29.088837
v -19.612806 48.333912 35.672291
v -19.612806 39.486385 35.672291
v -19.452562 36.419212 29.088840
v -18.820845 36.419212 -3.654785
v -17.570387 39.486385 -28.417753
v -17.570387 48.333916 -28.417753
v -18.820843 51.401089 -3.654786
v 10.195225 39.462589 35.830223
v -0.000001 37.676052 35.212475
v 10.170626 37.245907 34.000175
v 19.467812 37.734463 35.075859
v 26.548243 37.319771 33.857471
v 32.402000 37.714031 34.161190
v 27.475092 39.509724 35.340649
v 26.548241 50.500530 33.857468
v 32.315422 50.682640 32.362282
v 27.289276 51.220406 29.241493
v 19.384567 51.001022 32.181278
v 33.750008 51.016529 24.494484
v 27.355757 51.430458 16.969927
v 19.436398 51.602909 24.010218
v 10.005025 51.802986 16.491804
v 0.000000 51.802986 23.816612
v 10.104195 51.529221 28.996117
v 0.000000 51.134010 32.145027
v 10.170626 50.574387 34.000172
v 25.194639 39.509724 -24.340202
v 29.771423 37.714031 -17.732395
v 24.495375 37.319771 -17.959574
v 17.587076 37.734463 -25.133097
v 9.148317 37.245907 -21.301243
v 0.000000 37.676052 -27.562473
v 8.937590 39.462585 -30.712782
v 27.355757 36.389839 16.969927
v 33.750008 36.803768 24.494488
v 27.289276 36.599895 29.241493
v 19.436398 36.217388 24.010218
v 32.315422 37.137657 32.362289
v 19.384567 36.819283 32.181278
v 0.000000 36.686283 32.145027
v 10.104194 36.291080 28.996117
v 0.000000 36.017311 23.816612
v 10.005025 36.017311 16.491804
v 37.414215 39.473301 33.017113
v 37.367184 37.478657 29.789047
v 38.022758 37.379601 17.534727
v 40.508183 39.388893 25.009724
v -40.508183 39.388893 25.009724
v -38.022758 37.379601 17.534727
v -33.750008 36.803768 24.494488
v -37.367184 37.478657 29.789047
v -32.315418 37.137657 32.362289
v -32.402000 37.714031 34.161190
v -37.414211 39.473301 33.017113
v 0.000000 51.802986 6.467603
v 19.188164 51.602909 6.871952
v 9.767017 51.529221 -4.114632
v 33.362778 51.016529 7.636494
v 26.448288 51.220402 -3.009443
v 30.308275 50.682640 -10.988310
v 24.495377 50.500530 -17.959574
v 18.124535 51.001022 -12.825678
v 9.147940 50.574387 -21.302000
v 0.000000 51.134010 -13.843684
v -40.051395 39.388893 8.045177
v -35.066727 39.473301 -11.778497
v -29.771423 37.714031 -17.732395
v -30.308273 37.137657 -10.988310
v -36.273716 37.478657 -2.336923
v -33.362782 36.803768 7.636494
v 30.308275 37.137657 -10.988311
v 26.448286 36.599895 -3.009444
v 18.124533 36.819283 -12.825678
v 33.362778 36.803768 7.636494
v 19.188164 36.217388 6.871952
v 0.000000 36.017311 6.467603
v 9.767017 36.291080 -4.114633
v 0.000000 36.686283 -13.843684
v 40.051395 39.388893 8.045177
v 36.273716 37.478657 -2.336925
v 35.066727 39.473301 -11.778497
v 32.402000 50.106270 34.161186
v 37.414211 48.346992 33.017113
v 37.367184 50.341644 29.789043
v 40.508183 48.431400 25.009724
v 38.022758 50.440689 17.534727
v -0.000000 50.144249 35.212479
v 10.195225 48.357712 35.830235
v 19.467813 50.085838 35.075855
v 27.475092 48.310574 35.340649
v -33.750008 51.016529 24.494484
v -38.022758 50.440689 17.534727
v -40.508183 48.431400 25.009724
v -37.367184 50.341644 29.789043
v -37.414215 48.346992 33.017113
v -32.402000 50.106270 34.161190
v -32.315418 50.682640 32.362286
v -40.051395 48.431400 8.045177
v -33.362778 51.016529 7.636494
v -36.273716 50.341644 -2.336925
v -30.308275 50.682640 -10.988311
v -29.771423 50.106270 -17.732395
v -35.066727 48.346992 -11.778497
v 29.771423 50.106270 -17.732395
v 25.194639 48.310574 -24.340202
v 17.587076 50.085842 -25.133097
v 8.937590 48.357712 -30.712782
v 0.000000 50.144249 -27.562473
v 40.051395 48.431400 8.045177
v 36.273716 50.341644 -2.336923
v 35.066727 48.346992 -11.778497
v -10.170627 50.574387 34.000172
v -10.104193 51.529217 28.996117
v -19.384565 51.001019 32.181278
v -10.005024 51.802986 16.491804
v -19.436398 51.602909 24.010218
v -27.355757 51.430458 16.969927
v -27.289276 51.220402 29.241493
v -26.548241 50.500530 33.857471
v -19.467813 50.085838 35.075859
v -10.195229 48.357712 35.830235
v -27.475098 48.310574 35.340649
v -10.195229 39.462589 35.830223
v -27.475092 39.509724 35.340649
v -26.548243 37.319771 33.857471
v -19.467813 37.734463 35.075855
v -10.170626 37.245907 34.000172
v -10.005024 36.017311 16.491804
v -10.104193 36.291080 28.996117
v -19.436398 36.217388 24.010220
v -19.384565 36.819283 32.181278
v -27.289276 36.599895 29.241493
v -27.355757 36.389839 16.969927
v -9.147940 37.245911 -21.302000
v -9.767016 36.291080 -4.114633
v -18.124533 36.819283 -12.825678
v -19.188164 36.217388 6.871952
v -26.448288 36.599895 -3.009443
v -24.495377 37.319771 -17.959574
v -8.937590 39.462589 -30.712780
v -17.587074 37.734463 -25.133097
v -25.194635 39.509724 -24.340202
v -9.148317 50.574387 -21.301243
v -8.937589 48.357712 -30.712780
v -17.587074 50.085838 -25.133097
v -25.194639 48.310574 -24.340202
v -24.495375 50.500530 -17.959574
v -9.767016 51.529221 -4.114633
v -19.188164 51.602909 6.871952
v -18.124531 51.001019 -12.825678
v -26.448286 51.220406 -3.009444
v 10.187284 37.699062 35.187008
v 26.934828 37.748665 34.844292
v 26.829189 50.904423 32.220642
v 27.440113 51.385582 24.227707
v 10.061096 51.748287 23.868513
v 10.141816 51.090816 32.154938
v 24.735916 37.748665 -22.034632
v 8.995774 37.699062 -27.091864
v 27.440113 36.434719 24.227711
v 26.829189 36.915878 32.220646
v 10.141816 36.729481 32.154938
v 10.061096 36.072010 23.868513
v 35.683018 37.602966 32.695435
v 38.043835 37.404297 24.784027
v -38.043835 37.404297 24.784027
v -35.683018 37.602966 32.695435
v 9.928480 51.748287 6.585635
v 27.110258 51.385582 7.258780
v 25.168472 50.904423 -11.723128
v 9.456188 51.090816 -13.574135
v -33.459553 37.602966 -11.226282
v -37.613750 37.404297 7.895472
v 25.168467 36.915878 -11.723128
v 27.110258 36.434719 7.258779
v 9.928480 36.072010 6.585635
v 9.456188 36.729481 -13.574135
v 37.613747 37.404297 7.895471
v 33.459557 37.602966 -11.226283
v 35.683018 50.217339 32.695431
v 38.043835 50.416000 24.784027
v 10.187285 50.121239 35.187008
v 26.934830 50.071636 34.844288
v -38.043835 50.416000 24.784027
v -35.683018 50.217339 32.695435
v -37.613747 50.416000 7.895471
v -33.459557 50.217339 -11.226283
v 24.735916 50.071636 -22.034632
v 8.995774 50.121239 -27.091864
v 37.613750 50.416000 7.895472
v 33.459553 50.217339 -11.226282
v -10.141816 51.090816 32.154938
v -10.061095 51.748287 23.868513
v -27.440113 51.385582 24.227707
v -26.829189 50.904423 32.220646
v -10.187286 50.121239 35.187008
v -26.934830 50.071636 34.844292
v -26.934830 37.748665 34.844292
v -10.187286 37.699062 35.187004
v -10.061095 36.072010 23.868515
v -10.141816 36.729481 32.154938
v -26.829189 36.915878 32.220646
v -27.440113 36.434719 24.227711
v -9.456187 36.729481 -13.574135
v -9.928480 36.072010 6.585635
v -27.110258 36.434719 7.258780
v -25.168470 36.915878 -11.723128
v -8.995773 37.699062 -27.091864
v -24.735916 37.748665 -22.034632
v -8.995773 50.121239 -27.091864
v -24.735916 50.071636 -22.034632
v -9.928479 51.748287 6.585635
v -9.456187 51.090816 -13.574135
v -25.168467 50.904423 -11.723128
v -27.110258 51.385582 7.258779
v 24.641678 90.235344 -23.558149
v 28.117094 90.235344 -20.731398
v 31.249802 90.224060 -25.148483
v 27.230301 90.224060 -28.401743
v 31.040806 90.235344 -17.574980
v 34.754879 90.224060 -21.384041
v 33.550831 90.235344 -14.128239
v 37.792961 90.224060 -17.157534
v 35.614990 90.235344 -10.438110
v 40.335217 90.224060 -12.619935
v 37.205944 90.235344 -6.553492
v 42.386375 90.224060 -8.052238
v 38.302586 90.235344 -2.525868
v 43.635323 90.224060 -3.465212
v 38.889679 90.234421 1.593993
v 44.303692 90.224968 1.221220
v 39.044552 90.230103 5.908997
v 44.472363 90.229065 5.786745
v 24.641678 86.210213 -23.558149
v 28.117094 86.210213 -20.731398
v 31.249802 86.198936 -25.148483
v 27.230301 86.198936 -28.401743
v 31.040806 86.210213 -17.574980
v 34.754879 86.198936 -21.384041
v 33.550831 86.210213 -14.128239
v 37.792961 86.198936 -17.157534
v 35.614990 86.210213 -10.438110
v 40.335217 86.198936 -12.619935
v 37.205944 86.210213 -6.553492
v 42.386375 86.198936 -8.052238
v 38.302586 86.210213 -2.525868
v 43.635323 86.198936 -3.465212
v 38.889679 86.209290 1.593993
v 44.303692 86.199837 1.221220
v 39.044552 86.204979 5.908997
v 44.472363 86.203934 5.786745
v 38.889679 75.501022 1.593993
v 39.044552 75.498871 5.908997
v 44.472363 75.498344 5.786745
v 44.303692 75.496292 1.221220
v 24.641678 75.501945 -23.558149
v 28.117094 75.501945 -20.731398
v 31.249802 75.496307 -25.148483
v 27.230301 75.496307 -28.401743
v 31.040806 75.501945 -17.574980
v 34.754879 75.490669 -21.384041
v 33.550831 75.501945 -14.128239
v 37.792961 75.490669 -17.157534
v 35.614990 75.501945 -10.438110
v 40.335217 75.490669 -12.619935
v 37.205944 75.501945 -6.553492
v 42.386375 75.490669 -8.052238
v 38.302586 75.501945 -2.525868
v 43.635323 75.490669 -3.465212
v 39.158554 75.496208 10.349386
v 44.586426 75.496208 10.230160
v 39.263039 75.496208 14.823681
v 44.687447 75.496208 14.641068
v 39.387684 75.496735 19.234180
v 44.815533 75.496208 19.113817
v 24.641678 71.476814 -23.558149
v 28.117094 71.476814 -20.731398
v 31.249802 71.465538 -25.148483
v 27.230301 71.465538 -28.401743
v 31.040806 71.476814 -17.574980
v 34.754879 71.465538 -21.384041
v 33.550831 71.476814 -14.128239
v 37.792961 71.465538 -17.157534
v 35.614990 71.476814 -10.438110
v 40.335217 71.465538 -12.619935
v 37.205944 71.476814 -6.553492
v 42.386375 71.465538 -8.052238
v 38.302586 71.476814 -2.525868
v 43.635323 71.465538 -3.465212
v 38.889679 71.475891 1.593993
v 44.303692 71.466438 1.221220
v 39.044552 71.471581 5.908997
v 44.472363 71.470535 5.786745
v 39.158554 71.471077 10.349386
v 44.586426 71.471077 10.230160
v 39.263039 71.473755 14.823681
v 44.687447 71.469032 14.641068
v 39.387684 71.471603 19.234180
v 44.815533 71.471077 19.113817
v 24.641678 60.768616 -23.558149
v 28.117094 60.768616 -20.731398
v 31.249802 60.757339 -25.148483
v 27.230301 60.757339 -28.401743
v 39.263039 60.765514 14.823681
v 39.387684 60.765514 19.234180
v 44.815533 60.765514 19.113817
v 44.687447 60.765514 14.641068
v 31.040806 60.768593 -17.574980
v 34.754879 60.757317 -21.384041
v 33.550831 60.768593 -14.128239
v 37.792961 60.757317 -17.157534
v 35.614990 60.768593 -10.438110
v 40.335217 60.757317 -12.619935
v 37.205944 60.768593 -6.553492
v 42.386375 60.757317 -8.052238
v 38.302586 60.768593 -2.525868
v 43.635323 60.757317 -3.465212
v 38.889679 60.767673 1.593993
v 44.303692 60.758224 1.221220
v 39.044552 60.763359 5.908997
v 44.472363 60.762318 5.786745
v 39.158554 60.762856 10.349386
v 44.586426 60.762856 10.230160
v 39.502209 60.762856 23.674881
v 44.930080 60.762856 23.555660
v 39.586529 60.762856 28.237640
v 45.009785 60.762856 28.033894
v 39.737320 60.706947 32.791733
v 45.108742 60.706429 32.672241
v 24.641678 56.743465 -23.558149
v 28.117094 56.743465 -20.731398
v 31.249802 56.732185 -25.148483
v 27.230301 56.732185 -28.401743
v 31.040806 56.743465 -17.574980
v 34.754879 56.732185 -21.384041
v 33.550831 56.743465 -14.128239
v 37.792961 56.732185 -17.157534
v 35.614990 56.743465 -10.438110
v 40.335217 56.732185 -12.619935
v 37.205944 56.743465 -6.553492
v 42.386375 56.732185 -8.052238
v 38.302586 56.743465 -2.525868
v 43.635323 56.732185 -3.465212
v 38.889679 56.742546 1.593993
v 44.303692 56.733093 1.221220
v 39.044552 56.738228 5.908997
v 44.472363 56.737190 5.786745
v 39.158554 56.737728 10.349386
v 44.586426 56.737728 10.230160
v 39.263039 56.737728 14.823681
v 44.687447 56.737728 14.641068
v 39.387684 56.737728 19.234180
v 44.815533 56.737728 19.113817
v 39.502209 56.737728 23.674881
v 44.930080 56.737728 23.555660
v 39.586529 56.712189 28.237640
v 45.009785 56.707466 28.033894
v 39.737320 56.681816 32.791733
v 45.108742 56.681290 32.672241
v 39.586529 -0.251076 28.237640
v 39.737320 -0.251076 32.791733
v 45.108742 -0.251076 32.672241
v 45.009785 -0.251076 28.033894
v 24.641678 -0.251051 -23.558149
v 28.117094 -0.251051 -20.731398
v 31.249802 -0.251051 -25.148483
v 27.230301 -0.251051 -28.401743
v -22.402874 55.429729 -22.409529
v 0.000000 55.107765 -25.507549
v -25.542767 55.372292 -28.610264
v -14.087731 55.104801 -24.236673
v 0.000000 55.026691 -34.491852
v -17.087616 55.024837 -32.667099
v -22.402874 91.401192 -22.409529
v -14.087731 91.756027 -24.236675
v -25.542767 91.389893 -28.610264
v -17.087616 91.744164 -32.667099
v 0.000000 91.744385 -34.491852
v 0.000000 91.756409 -25.507547
v -19.360464 55.136349 -23.015938
v -7.415047 55.106506 -25.200617
v -23.156097 55.057568 -30.429142
v -9.002619 55.026093 -34.051601
v -13.613441 57.474281 -22.909611
v -19.360464 91.717583 -23.015938
v -23.156097 91.705437 -30.429144
v -7.415046 91.756241 -25.200615
v -9.002619 91.744308 -34.051601
v 0.000000 57.474869 -24.082272
v -0.000000 57.456902 -35.865768
v -17.555962 57.456566 -33.958000
v -26.699507 57.488293 -28.786144
v -22.875813 57.501869 -21.298597
v 0.000000 89.437927 -24.082272
v 0.000000 89.430038 -35.865772
v -17.555962 89.429916 -33.958000
v -26.699507 89.395531 -28.786144
v -22.875813 89.401917 -21.298597
v -13.613441 89.437698 -22.909611
v -18.864910 57.478622 -21.797108
v -23.840183 57.461170 -31.537426
v -7.158906 57.474617 -23.799332
v -9.254938 57.456799 -35.406479
v -9.254938 89.429993 -35.406483
v -23.840183 89.424515 -31.537426
v -18.864910 89.432243 -21.797108
v -7.158906 89.437836 -23.799332
v 22.402874 55.429729 -22.409529
v 25.542767 55.372292 -28.610264
v 14.087731 55.104801 -24.236675
v 17.087616 55.024837 -32.667103
v 22.402874 91.401192 -22.409529
v 14.087731 91.756027 -24.236675
v 25.542767 91.389893 -28.610264
v 17.087616 91.744164 -32.667103
v 19.360462 55.136349 -23.015938
v 7.415047 55.106503 -25.200617
v 23.156097 55.057568 -30.429142
v 9.002619 55.026089 -34.051601
v 13.613441 57.474285 -22.909611
v 19.360462 91.717583 -23.015938
v 23.156097 91.705437 -30.429144
v 7.415046 91.756241 -25.200617
v 9.002619 91.744308 -34.051601
v 17.555962 57.456566 -33.958000
v 26.699507 57.488293 -28.786144
v 22.875813 57.501873 -21.298597
v 17.555962 89.429916 -33.958000
v 26.699507 89.395531 -28.786144
v 22.875813 89.401917 -21.298597
v 13.613441 89.437698 -22.909611
v 18.864910 57.478622 -21.797108
v 23.840183 57.461170 -31.537426
v 7.158906 57.474617 -23.799332
v 9.254938 57.456799 -35.406479
v 9.254938 89.429993 -35.406479
v 23.840183 89.424515 -31.537426
v 18.864910 89.432243 -21.797108
v 7.158906 89.437820 -23.799332
v -21.276527 55.231163 -22.589621
v -16.938320 55.104649 -23.606035
v -10.886336 55.105537 -24.784615
v -3.754770 55.107365 -25.435436
v -23.081043 55.267414 -22.924131
v -24.780109 55.158958 -29.349817
v -20.496174 55.024193 -31.592014
v -16.740314 54.736668 -31.717556
v -4.558555 55.026520 -34.384392
v -13.217702 55.025505 -33.483067
v 0.000000 54.738869 -33.484310
v -13.800101 55.777149 -23.425461
v -21.276527 91.602249 -22.589621
v -16.938320 91.756012 -23.606035
v -23.081043 91.547241 -22.924131
v -24.780109 91.589684 -29.349819
v -20.496174 91.744087 -31.592016
v -16.740314 92.034401 -31.717556
v 0.000000 92.034622 -33.484310
v -10.886336 91.756126 -24.784615
v -3.754770 91.756363 -25.435434
v -4.558555 91.744354 -34.384392
v -13.217701 91.744247 -33.483067
v 0.000000 55.778950 -24.631840
v 0.000000 55.726353 -35.316200
v -17.369303 55.725277 -33.442150
v -26.160357 55.850006 -28.672506
v -22.707806 55.889870 -21.814501
v 0.000000 91.109222 -24.631838
v 0.000000 91.098816 -35.316204
v -17.369303 91.098648 -33.442150
v -26.160357 90.958672 -28.672506
v -22.707806 90.968384 -21.814501
v -13.800101 91.108910 -23.425461
v -21.279320 92.101028 -26.744114
v -8.222203 92.150543 -29.788532
v -21.279320 54.720219 -26.744110
v -8.222203 54.680641 -29.788532
v -16.387230 57.474262 -22.342997
v -19.050064 55.794739 -22.283302
v -21.077087 57.491615 -21.356136
v -25.922209 57.483635 -24.479797
v -23.555384 55.743637 -31.104698
v -21.050659 57.456436 -32.833397
v -25.696314 57.475647 -30.169567
v -7.259834 55.778175 -24.341282
v -10.512938 57.474426 -23.412756
v -3.624537 57.474785 -24.016237
v -9.154010 55.726013 -34.864529
v -4.687089 57.456871 -35.753891
v -13.584309 57.456696 -34.811775
v -4.687088 89.430023 -35.753891
v -9.154011 91.098755 -34.864529
v -13.584310 89.429962 -34.811775
v -21.050659 89.429871 -32.833397
v -23.555384 91.076965 -31.104698
v -25.696314 89.408569 -30.169567
v -25.922209 89.412209 -24.479797
v -16.387230 89.437698 -22.342997
v -21.077087 89.415840 -21.356136
v -19.050064 91.087341 -22.283300
v -10.512938 89.437752 -23.412754
v -7.259834 91.109085 -24.341282
v -3.624537 89.437897 -24.016235
v 0.000000 92.150635 -30.179447
v -8.817584 92.034554 -33.058025
v -15.608474 92.150391 -28.578468
v -22.717703 91.987984 -29.556429
v -25.558687 91.536850 -27.842607
v -26.930208 89.398926 -27.443485
v -26.930206 57.487564 -27.443485
v -25.558687 55.214363 -27.842606
v -22.717703 54.775814 -29.556427
v -15.608474 54.678986 -28.578468
v -8.817584 54.738129 -33.058025
v 0.000000 54.681679 -30.179447
v 0.000000 92.044907 -26.669159
v -7.611542 92.044762 -26.333416
v -14.452862 92.044548 -25.294720
v -19.797916 91.998405 -23.917328
v -24.633101 91.620621 -25.310663
v -24.113134 89.403915 -21.903006
v -24.113132 57.498020 -21.903006
v -24.633099 55.174156 -25.310661
v -19.797915 54.847816 -23.917326
v -14.452862 54.809746 -25.294718
v -7.611542 54.811623 -26.333416
v 0.000000 54.812973 -26.669159
v 21.276527 55.231163 -22.589621
v 16.938320 55.104649 -23.606035
v 10.886336 55.105534 -24.784616
v 3.754770 55.107365 -25.435434
v 23.081043 55.267414 -22.924129
v 24.780109 55.158958 -29.349819
v 20.496174 55.024193 -31.592016
v 16.740314 54.736664 -31.717556
v 4.558555 55.026520 -34.384392
v 13.217701 55.025501 -33.483067
v 13.800101 55.777149 -23.425459
v 21.276527 91.602249 -22.589621
v 16.938320 91.756012 -23.606035
v 23.081043 91.547241 -22.924131
v 24.780109 91.589691 -29.349819
v 20.496174 91.744080 -31.592016
v 16.740314 92.034401 -31.717556
v 10.886336 91.756126 -24.784615
v 3.754770 91.756363 -25.435432
v 4.558555 91.744362 -34.384392
v 13.217702 91.744247 -33.483067
v 17.369303 55.725273 -33.442150
v 26.160355 55.850006 -28.672506
v 22.707806 55.889874 -21.814501
v 17.369303 91.098648 -33.442150
v 26.160357 90.958664 -28.672506
v 22.707806 90.968391 -21.814501
v 13.800101 91.108902 -23.425459
v 21.279320 92.101036 -26.744114
v 8.222204 92.150543 -29.788532
v 21.279320 54.720222 -26.744110
v 8.222204 54.680637 -29.788532
v 16.387230 57.474262 -22.342997
v 19.050064 55.794739 -22.283300
v 21.077087 57.491615 -21.356136
v 25.922207 57.483635 -24.479797
v 23.555384 55.743637 -31.104698
v 21.050659 57.456436 -32.833397
v 25.696316 57.475643 -30.169567
v 7.259834 55.778179 -24.341282
v 10.512938 57.474426 -23.412754
v 3.624537 57.474785 -24.016235
v 9.154011 55.726009 -34.864529
v 4.687088 57.456871 -35.753891
v 13.584310 57.456688 -34.811775
v 4.687089 89.430023 -35.753891
v 9.154010 91.098770 -34.864532
v 13.584309 89.429962 -34.811775
v 21.050659 89.429871 -32.833397
v 23.555384 91.076965 -31.104698
v 25.696314 89.408569 -30.169567
v 25.922207 89.412209 -24.479797
v 16.387230 89.437698 -22.342997
v 21.077087 89.415840 -21.356136
v 19.050064 91.087341 -22.283302
v 10.512938 89.437744 -23.412756
v 7.259834 91.109077 -24.341282
v 3.624537 89.437897 -24.016235
v 8.817584 92.034554 -33.058025
v 15.608474 92.150391 -28.578468
v 22.717703 91.987991 -29.556429
v 25.558687 91.536858 -27.842607
v 26.930206 89.398926 -27.443485
v 26.930206 57.487564 -27.443485
v 25.558685 55.214363 -27.842607
v 22.717703 54.775814 -29.556427
v 15.608474 54.678986 -28.578468
v 8.817584 54.738129 -33.058025
v 7.611542 92.044762 -26.333414
v 14.452861 92.044556 -25.294720
v 19.797915 91.998398 -23.917328
v 24.633099 91.620621 -25.310663
v 24.113132 89.403923 -21.903006
v 24.113134 57.498020 -21.903006
v 24.633101 55.174156 -25.310661
v 19.797915 54.847816 -23.917328
v 14.452862 54.809746 -25.294720
v 7.611542 54.811619 -26.333416
v -24.438261 91.849091 -28.566496
v -20.074158 92.034332 -30.670126
v -18.705360 92.150345 -27.674835
v -4.162605 92.150612 -30.083860
v -12.948856 92.034485 -32.508682
v -4.464296 92.034599 -33.380096
v -20.074158 54.735992 -30.670124
v -24.438261 54.896549 -28.566494
v -23.243219 54.845802 -25.956425
v -12.948856 54.737423 -32.508682
v -12.075790 54.679764 -29.284885
v -4.464296 54.738655 -33.380093
v -16.606308 55.777069 -22.837511
v -21.103237 55.847538 -21.865746
v -26.401831 55.845428 -27.527039
v -20.831581 55.724880 -32.338882
v -25.271589 55.800713 -29.873816
v -10.659580 55.777588 -23.944237
v -3.675951 55.778702 -24.564037
v -4.635675 55.726254 -35.206093
v -13.437666 55.725670 -34.280289
v -4.635675 91.098801 -35.206093
v -13.437666 91.098709 -34.280289
v -20.831581 91.098587 -32.338882
v -25.271589 91.012253 -29.873816
v -26.401831 90.970428 -27.527040
v -25.485012 91.017456 -24.805710
v -21.103237 91.022636 -21.865746
v -16.606308 91.108902 -22.837511
v -10.659580 91.108978 -23.944237
v -3.675951 91.109177 -24.564035
v -12.075790 92.150467 -29.284885
v -23.243217 91.953140 -25.956427
v -25.485012 55.824150 -24.805710
v -18.705360 54.678543 -27.674835
v -4.162605 54.681358 -30.083862
v -3.854122 92.044868 -26.588833
v -11.175557 92.044647 -25.888466
v -17.350149 92.044533 -24.592907
v -21.726658 91.859978 -23.402285
v -23.805742 90.978195 -22.359222
v -23.805744 55.876144 -22.359221
v -21.726658 54.962540 -23.402283
v -17.350149 54.809525 -24.592905
v -11.175557 54.810570 -25.888466
v -3.854122 54.812546 -26.588833
v 24.438261 91.849106 -28.566496
v 20.074158 92.034332 -30.670126
v 18.705360 92.150352 -27.674835
v 4.162605 92.150604 -30.083862
v 12.948856 92.034477 -32.508682
v 4.464296 92.034607 -33.380093
v 20.074158 54.735992 -30.670126
v 24.438261 54.896549 -28.566496
v 23.243217 54.845802 -25.956425
v 12.948856 54.737419 -32.508682
v 12.075790 54.679764 -29.284885
v 4.464296 54.738655 -33.380093
v 16.606308 55.777073 -22.837511
v 21.103237 55.847542 -21.865746
v 26.401829 55.845428 -27.527039
v 20.831581 55.724876 -32.338882
v 25.271591 55.800713 -29.873816
v 10.659580 55.777588 -23.944237
v 3.675951 55.778702 -24.564035
v 4.635675 55.726254 -35.206089
v 13.437666 55.725666 -34.280293
v 4.635675 91.098801 -35.206093
v 13.437666 91.098709 -34.280293
v 20.831581 91.098572 -32.338882
v 25.271589 91.012253 -29.873816
v 26.401831 90.970428 -27.527039
v 25.485012 91.017456 -24.805710
v 21.103237 91.022636 -21.865746
v 16.606308 91.108894 -22.837511
v 10.659580 91.108978 -23.944237
v 3.675951 91.109177 -24.564035
v 12.075790 92.150467 -29.284885
v 23.243219 91.953133 -25.956427
v 25.485012 55.824150 -24.805710
v 18.705360 54.678543 -27.674835
v 4.162605 54.681358 -30.083860
v 3.854122 92.044861 -26.588831
v 11.175557 92.044640 -25.888466
v 17.350147 92.044533 -24.592907
v 21.726658 91.859970 -23.402283
v 23.805742 90.978203 -22.359222
v 23.805742 55.876144 -22.359222
v 21.726656 54.962540 -23.402283
v 17.350147 54.809528 -24.592907
v 11.175558 54.810566 -25.888468
v 3.854122 54.812546 -26.588833
v -24.641678 90.235344 -23.558149
v -28.117094 90.235344 -20.731398
v -31.249802 90.224060 -25.148483
v -27.230301 90.224060 -28.401743
v -31.040806 90.235344 -17.574980
v -34.754879 90.224060 -21.384041
v -33.550831 90.235344 -14.128239
v -37.792961 90.224060 -17.157534
v -35.614990 90.235344 -10.438110
v -40.335217 90.224060 -12.619935
v -37.205944 90.235344 -6.553492
v -42.386375 90.224060 -8.052238
v -38.302586 90.235344 -2.525868
v -43.635323 90.224060 -3.465212
v -38.889679 90.234421 1.593993
v -44.303692 90.224968 1.221220
v -39.044552 90.230103 5.908997
v -44.472363 90.229065 5.786745
v -24.641678 86.210213 -23.558149
v -28.117094 86.210213 -20.731398
v -31.249802 86.198936 -25.148483
v -27.230301 86.198936 -28.401743
v -31.040806 86.210213 -17.574980
v -34.754879 86.198936 -21.384041
v -33.550831 86.210213 -14.128239
v -37.792961 86.198936 -17.157534
v -35.614990 86.210213 -10.438110
v -40.335217 86.198936 -12.619935
v -37.205944 86.210213 -6.553492
v -42.386375 86.198936 -8.052238
v -38.302586 86.210213 -2.525868
v -43.635323 86.198936 -3.465212
v -38.889679 86.209290 1.593993
v -44.303692 86.199837 1.221220
v -39.044552 86.204979 5.908997
v -44.472363 86.203934 5.786745
v -38.889679 75.501022 1.593993
v -39.044552 75.498871 5.908997
v -44.472363 75.498344 5.786745
v -44.303692 75.496292 1.221220
v -24.641678 75.501945 -23.558149
v -28.117094 75.501945 -20.731398
v -31.249802 75.496307 -25.148483
v -27.230301 75.496307 -28.401743
v -31.040806 75.501945 -17.574980
v -34.754879 75.490669 -21.384041
v -33.550831 75.501945 -14.128239
v -37.792961 75.490669 -17.157534
v -35.614990 75.501945 -10.438110
v -40.335217 75.490669 -12.619935
v -37.205944 75.501945 -6.553492
v -42.386375 75.490669 -8.052238
v -38.302586 75.501945 -2.525868
v -43.635323 75.490669 -3.465212
v -39.158554 75.496208 10.349386
v -44.586426 75.496208 10.230160
v -39.263039 75.496208 14.823681
v -44.687447 75.496208 14.641068
v -39.387684 75.496735 19.234180
v -44.815533 75.496208 19.113817
v -24.641678 71.476814 -23.558149
v -28.117094 71.476814 -20.731398
v -31.249802 71.465538 -25.148483
v -27.230301 71.465538 -28.401743
v -31.040806 71.476814 -17.574980
v -34.754879 71.465538 -21.384041
v -33.550831 71.476814 -14.128239
v -37.792961 71.465538 -17.157534
v -35.614990 71.476814 -10.438110
v -40.335217 71.465538 -12.619935
v -37.205944 71.476814 -6.553492
v -42.386375 71.465538 -8.052238
v -38.302586 71.476814 -2.525868
v -43.635323 71.465538 -3.465212
v -38.889679 71.475891 1.593993
v -44.303692 71.466438 1.221220
v -39.044552 71.471581 5.908997
v -44.472363 71.470535 5.786745
v -39.158554 71.471077 10.349386
v -44.586426 71.471077 10.230160
v -39.263039 71.473755 14.823681
v -44.687447 71.469032 14.641068
v -39.387684 71.471603 19.234180
v -44.815533 71.471077 19.113817
v -24.641678 60.768616 -23.558149
v -28.117094 60.768616 -20.731398
v -31.249802 60.757339 -25.148483
v -27.230301 60.757339 -28.401743
v -39.263039 60.765514 14.823681
v -39.387684 60.765514 19.234180
v -44.815533 60.765514 19.113817
v -44.687447 60.765514 14.641068
v -31.040806 60.768593 -17.574980
v -34.754879 60.757317 -21.384041
v -33.550831 60.768593 -14.128239
v -37.792961 60.757317 -17.157534
v -35.614990 60.768593 -10.438110
v -40.335217 60.757317 -12.619935
v -37.205944 60.768593 -6.553492
v -42.386375 60.757317 -8.052238
v -38.302586 60.768593 -2.525868
v -43.635323 60.757317 -3.465212
v -38.889679 60.767673 1.593993
v -44.303692 60.758224 1.221220
v -39.044552 60.763359 5.908997
v -44.472363 60.762318 5.786745
v -39.158554 60.762856 10.349386
v -44.586426 60.762856 10.230160
v -39.502209 60.762856 23.674881
v -44.930080 60.762856 23.555660
v -39.586529 60.762856 28.237640
v -45.009785 60.762856 28.033894
v -39.737320 60.706947 32.791733
v -45.108742 60.706429 32.672241
v -24.641678 56.743465 -23.558149
v -28.117094 56.743465 -20.731398
v -31.249802 56.732185 -25.148483
v -27.230301 56.732185 -28.401743
v -31.040806 56.743465 -17.574980
v -34.754879 56.732185 -21.384041
v -33.550831 56.743465 -14.128239
v -37.792961 56.732185 -17.157534
v -35.614990 56.743465 -10.438110
v -40.335217 56.732185 -12.619935
v -37.205944 56.743465 -6.553492
v -42.386375 56.732185 -8.052238
v -38.302586 56.743465 -2.525868
v -43.635323 56.732185 -3.465212
v -38.889679 56.742546 1.593993
v -44.303692 56.733093 1.221220
v -39.044552 56.738228 5.908997
v -44.472363 56.737190 5.786745
v -39.158554 56.737728 10.349386
v -44.586426 56.737728 10.230160
v -39.263039 56.737728 14.823681
v -44.687447 56.737728 14.641068
v -39.387684 56.737728 19.234180
v -44.815533 56.737728 19.113817
v -39.502209 56.737728 23.674881
v -44.930080 56.737728 23.555660
v -39.586529 56.712189 28.237640
v -45.009785 56.707466 28.033894
v -39.737320 56.681816 32.791733
v -45.108742 56.681290 32.672241
v -39.586529 -0.251076 28.237640
v -39.737320 -0.251076 32.791733
v -45.108742 -0.251076 32.672241
v -45.009785 -0.251076 28.033894
v -24.641678 -0.251051 -23.558149
v -28.117094 -0.251051 -20.731398
v -31.249802 -0.251051 -25.148483
v -27.230301 -0.251051 -28.401743
vt 0.199548 0.577425
vt 0.199549 0.583353
vt 0.150984 0.583362
vt 0.150841 0.577523
vt 0.107227 0.583579
vt 0.106531 0.578089
vt 0.105487 0.569645
vt 0.150653 0.568888
vt 0.199548 0.568717
vt 0.073180 0.584107
vt 0.054296 0.585400
vt 0.045862 0.582360
vt 0.071141 0.579307
vt 0.038875 0.575025
vt 0.067780 0.571236
vt 0.730397 0.584107
vt 0.749280 0.585400
vt 0.756870 0.590509
vt 0.731442 0.591659
vt 0.761357 0.603096
vt 0.733232 0.605076
vt 0.696375 0.606189
vt 0.696321 0.591961
vt 0.696349 0.583580
vt 0.763104 0.625564
vt 0.762753 0.659060
vt 0.732964 0.661256
vt 0.733604 0.627815
vt 0.695303 0.663180
vt 0.695993 0.629448
vt 0.651274 0.664479
vt 0.604027 0.664970
vt 0.604027 0.630777
vt 0.651691 0.630432
vt 0.604027 0.607043
vt 0.652054 0.606820
vt 0.604027 0.592268
vt 0.604027 0.583354
vt 0.652589 0.583363
vt 0.652363 0.592167
vt 0.061813 0.824860
vt 0.068019 0.815331
vt 0.086545 0.826668
vt 0.086415 0.846919
vt 0.117177 0.835735
vt 0.117787 0.861037
vt 0.116807 0.878635
vt 0.082883 0.860600
vt 0.054533 0.833575
vt 0.156238 0.841315
vt 0.199548 0.843195
vt 0.199548 0.871131
vt 0.156786 0.868840
vt 0.199548 0.890565
vt 0.156688 0.888029
vt 0.070613 0.661254
vt 0.040824 0.659057
vt 0.040474 0.625562
vt 0.069975 0.627810
vt 0.042220 0.603094
vt 0.070347 0.605075
vt 0.107202 0.606188
vt 0.107583 0.629446
vt 0.108276 0.663177
vt 0.046705 0.590508
vt 0.072136 0.591658
vt 0.107255 0.591959
vt 0.199548 0.592267
vt 0.151213 0.592165
vt 0.199548 0.607043
vt 0.151521 0.606819
vt 0.199548 0.630779
vt 0.199548 0.664971
vt 0.152305 0.664480
vt 0.151886 0.630432
vt 0.031359 0.588091
vt 0.023579 0.600248
vt 0.009559 0.596548
vt 0.020113 0.582379
vt 0.020301 0.657121
vt 0.020240 0.623086
vt 0.005248 0.655755
vt 0.005275 0.620782
vt 0.378796 0.657121
vt 0.358273 0.659057
vt 0.358623 0.625562
vt 0.378856 0.623086
vt 0.356877 0.603094
vt 0.375518 0.600248
vt 0.389538 0.596548
vt 0.393822 0.620782
vt 0.393849 0.655755
vt 0.352392 0.590508
vt 0.344801 0.585400
vt 0.353235 0.582361
vt 0.367738 0.588091
vt 0.360222 0.575025
vt 0.378983 0.582379
vt 0.604027 0.711122
vt 0.650802 0.710451
vt 0.694376 0.708783
vt 0.692572 0.757964
vt 0.650016 0.760396
vt 0.604027 0.761362
vt 0.761039 0.704308
vt 0.731611 0.706526
vt 0.756124 0.751875
vt 0.728353 0.754620
vt 0.746309 0.791875
vt 0.735557 0.815330
vt 0.717029 0.826669
vt 0.722088 0.795683
vt 0.686397 0.835737
vt 0.689268 0.801124
vt 0.647338 0.841317
vt 0.604027 0.843197
vt 0.604027 0.806180
vt 0.648631 0.804807
vt 0.337284 0.824860
vt 0.331078 0.815331
vt 0.341830 0.791878
vt 0.356677 0.792956
vt 0.351645 0.751874
vt 0.370195 0.751170
vt 0.383985 0.752170
vt 0.367725 0.797215
vt 0.344564 0.833575
vt 0.356559 0.704306
vt 0.376761 0.702775
vt 0.391631 0.702142
vt 0.057267 0.791878
vt 0.081487 0.795685
vt 0.047452 0.751874
vt 0.075222 0.754621
vt 0.111004 0.757965
vt 0.114306 0.801122
vt 0.042538 0.704306
vt 0.071965 0.706524
vt 0.109202 0.708783
vt 0.199548 0.711122
vt 0.152774 0.710452
vt 0.199548 0.761360
vt 0.153558 0.760396
vt 0.199548 0.806177
vt 0.154943 0.804804
vt 0.022336 0.702775
vt 0.028902 0.751170
vt 0.015112 0.752170
vt 0.007466 0.702142
vt 0.042420 0.792956
vt 0.031372 0.797215
vt 0.757714 0.582360
vt 0.772216 0.588091
vt 0.764700 0.575025
vt 0.783462 0.582379
vt 0.794016 0.596548
vt 0.779997 0.600250
vt 0.783275 0.657121
vt 0.783337 0.623086
vt 0.798300 0.623275
vt 0.798327 0.658248
vt 0.604027 0.577425
vt 0.652734 0.577524
vt 0.604027 0.568717
vt 0.652922 0.568888
vt 0.698088 0.569645
vt 0.697045 0.578090
vt 0.732435 0.579307
vt 0.735795 0.571236
vt 0.444949 0.625563
vt 0.445300 0.659060
vt 0.424778 0.657122
vt 0.424716 0.623086
vt 0.409727 0.655755
vt 0.409753 0.620782
vt 0.414037 0.596548
vt 0.428056 0.600250
vt 0.446696 0.603096
vt 0.450339 0.582360
vt 0.458772 0.585401
vt 0.451183 0.590509
vt 0.435837 0.588091
vt 0.424591 0.582379
vt 0.443353 0.575025
vt 0.447014 0.704308
vt 0.426814 0.702776
vt 0.451930 0.751875
vt 0.433380 0.751170
vt 0.419590 0.752170
vt 0.411944 0.702142
vt 0.461744 0.791875
vt 0.472496 0.815330
vt 0.466291 0.824858
vt 0.446898 0.792955
vt 0.459011 0.833575
vt 0.435850 0.797215
vt 0.741763 0.824858
vt 0.717159 0.846920
vt 0.749042 0.833575
vt 0.720692 0.860600
vt 0.686768 0.878635
vt 0.685786 0.861037
vt 0.604027 0.871132
vt 0.646790 0.868840
vt 0.646887 0.888029
vt 0.604027 0.890565
vt 0.781239 0.702776
vt 0.796110 0.702142
vt 0.788463 0.752170
vt 0.774673 0.751170
vt 0.761156 0.792955
vt 0.772204 0.797215
vt 0.555462 0.583363
vt 0.555691 0.592167
vt 0.555999 0.606820
vt 0.511678 0.606189
vt 0.511732 0.591961
vt 0.511705 0.583580
vt 0.556780 0.664479
vt 0.556362 0.630431
vt 0.512751 0.663180
vt 0.512060 0.629448
vt 0.475089 0.661256
vt 0.474450 0.627815
vt 0.474821 0.605076
vt 0.477652 0.584107
vt 0.476613 0.591659
vt 0.555320 0.577524
vt 0.511008 0.578090
vt 0.509966 0.569645
vt 0.555131 0.568888
vt 0.475622 0.579307
vt 0.472259 0.571236
vt 0.325919 0.584108
vt 0.327954 0.579307
vt 0.291870 0.583579
vt 0.292566 0.578089
vt 0.293610 0.569645
vt 0.331316 0.571236
vt 0.248112 0.583362
vt 0.248256 0.577523
vt 0.248444 0.568888
vt 0.246792 0.664480
vt 0.247211 0.630432
vt 0.247576 0.606819
vt 0.291896 0.606188
vt 0.291514 0.629446
vt 0.290821 0.663177
vt 0.247884 0.592165
vt 0.291842 0.591959
vt 0.326961 0.591658
vt 0.328750 0.605075
vt 0.328484 0.661254
vt 0.329122 0.627810
vt 0.242859 0.841315
vt 0.244154 0.804804
vt 0.245539 0.760396
vt 0.288093 0.757965
vt 0.284791 0.801122
vt 0.281920 0.835735
vt 0.246323 0.710452
vt 0.289895 0.708783
vt 0.327132 0.706524
vt 0.323875 0.754621
vt 0.312551 0.826668
vt 0.317610 0.795685
vt 0.242311 0.868840
vt 0.281310 0.861037
vt 0.282290 0.878635
vt 0.242409 0.888029
vt 0.312682 0.846919
vt 0.316214 0.860600
vt 0.560716 0.841317
vt 0.561263 0.868840
vt 0.561166 0.888029
vt 0.521285 0.878635
vt 0.522267 0.861037
vt 0.521657 0.835737
vt 0.491024 0.826669
vt 0.490895 0.846920
vt 0.487361 0.860600
vt 0.557251 0.710451
vt 0.558037 0.760396
vt 0.515482 0.757964
vt 0.513678 0.708783
vt 0.559422 0.804807
vt 0.518785 0.801124
vt 0.485965 0.795683
vt 0.479700 0.754620
vt 0.476442 0.706526
vt 0.671176 0.463854
vt 0.671178 0.509335
vt 0.632568 0.509335
vt 0.632568 0.463854
vt 0.584738 0.463854
vt 0.584739 0.509335
vt 0.531619 0.509335
vt 0.531618 0.463854
vt 0.520075 0.410172
vt 0.520075 0.455653
vt 0.482363 0.463854
vt 0.482364 0.509335
vt 0.535120 0.455653
vt 0.445228 0.509335
vt 0.445228 0.463854
vt 0.535119 0.410172
vt 0.156189 0.463854
vt 0.156190 0.509335
vt 0.194798 0.463854
vt 0.194798 0.509335
vt 0.242628 0.509335
vt 0.242628 0.463854
vt 0.295748 0.463854
vt 0.295748 0.509335
vt 0.345003 0.509335
vt 0.345003 0.463854
vt 0.229671 0.410172
vt 0.277629 0.410172
vt 0.277629 0.455653
vt 0.229671 0.455653
vt 0.329547 0.455653
vt 0.329547 0.410172
vt 0.189633 0.455653
vt 0.189633 0.410172
vt 0.381465 0.410172
vt 0.381465 0.455653
vt 0.158940 0.410172
vt 0.158940 0.455653
vt 0.429423 0.410172
vt 0.429423 0.455653
vt 0.139019 0.455653
vt 0.139019 0.410172
vt 0.469461 0.410172
vt 0.469461 0.455653
vt 0.500153 0.410172
vt 0.500153 0.455653
vt 0.382138 0.463854
vt 0.382139 0.509335
vt 0.751981 0.411166
vt 0.788001 0.411166
vt 0.126088 0.509334
vt 0.751984 0.456648
vt 0.126086 0.463852
vt 0.788005 0.456648
vt 0.709637 0.456648
vt 0.709633 0.411166
vt 0.664123 0.411166
vt 0.664127 0.456648
vt 0.618617 0.456648
vt 0.618613 0.411166
vt 0.576266 0.411166
vt 0.576270 0.456648
vt 0.701281 0.509335
vt 0.701278 0.463854
vt 0.407871 0.509335
vt 0.407870 0.463854
vt 0.540249 0.456648
vt 0.540245 0.411166
vt 0.419497 0.509335
vt 0.419496 0.463854
vt 0.123974 0.455653
vt 0.123974 0.410172
vt 0.526643 0.171136
vt 0.553267 0.148000
vt 0.526643 0.148000
vt 0.553267 0.171136
vt 0.526643 0.194272
vt 0.553267 0.194272
vt 0.526643 0.217408
vt 0.553267 0.217408
vt 0.553267 0.240544
vt 0.526643 0.240544
vt 0.553267 0.263680
vt 0.526643 0.263680
vt 0.553267 0.286815
vt 0.526643 0.286815
vt 0.477302 0.025388
vt 0.450678 0.025388
vt 0.477302 0.048524
vt 0.450678 0.048524
vt 0.477302 0.071660
vt 0.450678 0.071660
vt 0.477302 0.094795
vt 0.450678 0.094795
vt 0.477302 0.117931
vt 0.450678 0.117931
vt 0.450678 0.141067
vt 0.477302 0.141067
vt 0.450678 0.164203
vt 0.477302 0.164203
vt 0.450678 0.187339
vt 0.477302 0.187339
vt 0.477302 0.210475
vt 0.450678 0.210475
vt 0.082306 0.002723
vt 0.059170 0.002724
vt 0.082306 0.022922
vt 0.059170 0.022923
vt 0.087428 0.516913
vt 0.110263 0.537103
vt 0.110258 0.516903
vt 0.087432 0.537111
vt 0.450678 0.002867
vt 0.477302 0.002867
vt 0.481843 0.026205
vt 0.502042 0.026205
vt 0.502042 0.003069
vt 0.481843 0.003069
vt 0.526390 0.025425
vt 0.526390 0.002289
vt 0.506191 0.025425
vt 0.506191 0.002289
vt 0.481843 0.049340
vt 0.502042 0.049340
vt 0.526390 0.048561
vt 0.506191 0.048561
vt 0.481843 0.072476
vt 0.502042 0.072476
vt 0.526390 0.071696
vt 0.506191 0.071696
vt 0.481843 0.095612
vt 0.502042 0.095612
vt 0.506191 0.094832
vt 0.526390 0.094832
vt 0.481843 0.118748
vt 0.502042 0.118748
vt 0.526390 0.117968
vt 0.506191 0.117968
vt 0.502042 0.141884
vt 0.481843 0.141884
vt 0.526390 0.141104
vt 0.506191 0.141104
vt 0.324070 0.305329
vt 0.345792 0.305329
vt 0.345792 0.285130
vt 0.506191 0.164240
vt 0.454574 0.290838
vt 0.481258 0.268318
vt 0.454574 0.268318
vt 0.481258 0.290838
vt 0.324070 0.358037
vt 0.345792 0.358037
vt 0.481258 0.215609
vt 0.454574 0.215609
vt 0.403202 0.230057
vt 0.380557 0.282926
vt 0.403202 0.282926
vt 0.380557 0.230057
vt 0.177985 0.309741
vt 0.204645 0.362449
vt 0.204645 0.309741
vt 0.177985 0.362449
vt 0.082306 0.087599
vt 0.059170 0.087599
vt 0.255897 0.372664
vt 0.279563 0.308055
vt 0.255897 0.307987
vt 0.279563 0.372698
vt 0.087413 0.452268
vt 0.110243 0.452262
vt 0.385426 0.306021
vt 0.385426 0.371168
vt 0.408745 0.371100
vt 0.408745 0.306021
vt 0.346232 0.401228
vt 0.323096 0.374604
vt 0.323096 0.401228
vt 0.346232 0.374604
vt 0.369368 0.401228
vt 0.369368 0.374604
vt 0.392504 0.401228
vt 0.392504 0.374604
vt 0.415639 0.374604
vt 0.415639 0.401228
vt 0.438775 0.374604
vt 0.438775 0.401228
vt 0.461911 0.374604
vt 0.461911 0.401228
vt 0.485047 0.401228
vt 0.485047 0.374604
vt 0.508183 0.374604
vt 0.508183 0.401228
vt 0.531318 0.401228
vt 0.531318 0.374604
vt 0.512363 0.167741
vt 0.485739 0.167741
vt 0.512363 0.190877
vt 0.485739 0.190877
vt 0.512363 0.214013
vt 0.485739 0.214013
vt 0.512363 0.237148
vt 0.485739 0.237149
vt 0.485739 0.260284
vt 0.512363 0.260284
vt 0.485739 0.283420
vt 0.512363 0.283420
vt 0.485739 0.306556
vt 0.512363 0.306556
vt 0.424383 0.318924
vt 0.451007 0.295788
vt 0.424383 0.295789
vt 0.451007 0.318924
vt 0.451007 0.342060
vt 0.424383 0.342060
vt 0.424383 0.365196
vt 0.451007 0.365196
vt 0.082306 0.107798
vt 0.059170 0.107798
vt 0.087413 0.432067
vt 0.110243 0.432066
vt 0.287062 0.376301
vt 0.287062 0.398822
vt 0.313686 0.398822
vt 0.313686 0.376301
vt 0.395165 0.026266
vt 0.415364 0.026266
vt 0.415364 0.003130
vt 0.395165 0.003130
vt 0.391016 0.026062
vt 0.391016 0.002927
vt 0.370818 0.026062
vt 0.370818 0.002927
vt 0.395165 0.049402
vt 0.415364 0.049402
vt 0.370818 0.049198
vt 0.391016 0.049198
vt 0.395165 0.072537
vt 0.415364 0.072537
vt 0.370818 0.072334
vt 0.391016 0.072334
vt 0.395165 0.095673
vt 0.415364 0.095673
vt 0.370818 0.095470
vt 0.391016 0.095470
vt 0.395165 0.118809
vt 0.415364 0.118809
vt 0.370818 0.118606
vt 0.391016 0.118606
vt 0.395165 0.141945
vt 0.415364 0.141945
vt 0.391016 0.141742
vt 0.370818 0.141742
vt 0.415364 0.165081
vt 0.395165 0.165081
vt 0.391016 0.164878
vt 0.370818 0.164878
vt 0.415364 0.188217
vt 0.395165 0.188217
vt 0.391016 0.188013
vt 0.370818 0.188013
vt 0.395165 0.211352
vt 0.415364 0.211352
vt 0.391016 0.211149
vt 0.370818 0.211149
vt 0.354261 0.299924
vt 0.375987 0.299923
vt 0.375987 0.279725
vt 0.370818 0.234285
vt 0.082306 0.172475
vt 0.059170 0.172474
vt 0.285114 0.371133
vt 0.308691 0.306021
vt 0.285114 0.306021
vt 0.308691 0.371201
vt 0.087413 0.367390
vt 0.110243 0.367389
vt 0.455548 0.295308
vt 0.455601 0.360489
vt 0.478919 0.360421
vt 0.478866 0.295308
vt 0.419513 0.290677
vt 0.446198 0.268156
vt 0.419513 0.268156
vt 0.446198 0.290677
vt 0.354261 0.352633
vt 0.375987 0.352631
vt 0.446198 0.215448
vt 0.419513 0.215448
vt 0.539549 0.292386
vt 0.516904 0.345094
vt 0.539549 0.345094
vt 0.517068 0.292386
vt 0.482817 0.311666
vt 0.509477 0.364374
vt 0.509477 0.311666
vt 0.482817 0.364374
vt 0.149742 0.378590
vt 0.172878 0.378592
vt 0.149742 0.351966
vt 0.172878 0.351968
vt 0.339653 0.025708
vt 0.366277 0.002573
vt 0.339653 0.002573
vt 0.366277 0.025708
vt 0.339653 0.048844
vt 0.366277 0.048844
vt 0.339653 0.071980
vt 0.366277 0.071980
vt 0.366277 0.095116
vt 0.339653 0.095116
vt 0.366276 0.118252
vt 0.339653 0.118252
vt 0.366277 0.141388
vt 0.339653 0.141388
vt 0.339653 0.164523
vt 0.366276 0.164523
vt 0.366277 0.187659
vt 0.339653 0.187659
vt 0.339653 0.210795
vt 0.366277 0.210795
vt 0.366277 0.233931
vt 0.339653 0.233931
vt 0.366276 0.257067
vt 0.339653 0.257067
vt 0.339653 0.280202
vt 0.366276 0.280202
vt 0.144635 0.378217
vt 0.144635 0.351593
vt 0.121499 0.351593
vt 0.121499 0.378217
vt 0.446137 0.002190
vt 0.419513 0.002190
vt 0.446137 0.025325
vt 0.419513 0.025325
vt 0.446137 0.048461
vt 0.419513 0.048461
vt 0.446137 0.071597
vt 0.419513 0.071597
vt 0.419513 0.094733
vt 0.446137 0.094733
vt 0.419513 0.117869
vt 0.446137 0.117869
vt 0.419513 0.141005
vt 0.446137 0.141005
vt 0.446137 0.164140
vt 0.419513 0.164140
vt 0.419513 0.187276
vt 0.446137 0.187276
vt 0.446137 0.210412
vt 0.419513 0.210412
vt 0.211098 0.325937
vt 0.237722 0.302801
vt 0.211098 0.302801
vt 0.237722 0.325937
vt 0.237722 0.349073
vt 0.211098 0.349073
vt 0.237722 0.372208
vt 0.211098 0.372208
vt 0.082306 0.192674
vt 0.059170 0.192672
vt 0.087413 0.347191
vt 0.110243 0.347191
vt 0.177012 0.395254
vt 0.199532 0.395254
vt 0.199532 0.368630
vt 0.177012 0.368630
vt 0.247853 0.026248
vt 0.227654 0.003113
vt 0.227654 0.026248
vt 0.247853 0.003113
vt 0.223506 0.026248
vt 0.223506 0.003113
vt 0.203307 0.026248
vt 0.203307 0.003113
vt 0.227654 0.049384
vt 0.247853 0.049384
vt 0.203307 0.049384
vt 0.223506 0.049384
vt 0.227654 0.072520
vt 0.247853 0.072520
vt 0.203307 0.072520
vt 0.223506 0.072520
vt 0.227654 0.095656
vt 0.247853 0.095656
vt 0.203307 0.095656
vt 0.223506 0.095656
vt 0.227654 0.118792
vt 0.247853 0.118792
vt 0.203307 0.118792
vt 0.223506 0.118792
vt 0.247853 0.141927
vt 0.227654 0.141927
vt 0.223506 0.141927
vt 0.203307 0.141927
vt 0.247853 0.165063
vt 0.227654 0.165063
vt 0.223506 0.165063
vt 0.203307 0.165063
vt 0.247853 0.188199
vt 0.227654 0.188199
vt 0.223506 0.188199
vt 0.203307 0.188199
vt 0.227654 0.211335
vt 0.247853 0.211335
vt 0.223506 0.211335
vt 0.203307 0.211335
vt 0.227654 0.234471
vt 0.247853 0.234471
vt 0.203307 0.234471
vt 0.223506 0.234471
vt 0.247853 0.257606
vt 0.227654 0.257606
vt 0.223506 0.257607
vt 0.203307 0.257607
vt 0.247853 0.280742
vt 0.227654 0.280742
vt 0.223506 0.280742
vt 0.203307 0.280742
vt 0.280244 0.023136
vt 0.302436 0.023136
vt 0.302908 0.002937
vt 0.203307 0.303878
vt 0.082306 0.536915
vt 0.059170 0.536913
vt 0.115656 0.347512
vt 0.139233 0.003342
vt 0.115656 0.003271
vt 0.139233 0.347515
vt 0.087413 0.003018
vt 0.110243 0.003018
vt 0.143899 0.002599
vt 0.143899 0.346840
vt 0.167217 0.346772
vt 0.167217 0.002599
vt 0.172220 0.305133
vt 0.198870 0.282612
vt 0.172194 0.282612
vt 0.198844 0.305133
vt 0.280712 0.303447
vt 0.301960 0.303432
vt 0.198831 0.002250
vt 0.172142 0.002253
vt 0.275784 0.282612
vt 0.275620 0.002190
vt 0.253139 0.002205
vt 0.252975 0.282613
vt 0.308488 0.003210
vt 0.335147 0.283586
vt 0.335147 0.003245
vt 0.308487 0.283586
vt 0.247853 0.303878
vt 0.275948 0.302811
vt 0.539549 0.365293
vt 0.403202 0.303125
vt 0.502042 0.165019
vt 0.415364 0.234488
vt 0.073182 0.932852
vt 0.064440 0.927417
vt 0.075820 0.928262
vt 0.066674 0.923348
vt 0.060084 0.923820
vt 0.060350 0.919861
vt 0.105881 0.944751
vt 0.089932 0.934047
vt 0.107879 0.939618
vt 0.087468 0.938968
vt 0.097018 0.919410
vt 0.113768 0.924177
vt 0.083256 0.914560
vt 0.199756 0.949257
vt 0.176725 0.932345
vt 0.199756 0.932875
vt 0.175143 0.948679
vt 0.154301 0.930722
vt 0.151183 0.946905
vt 0.150143 0.952315
vt 0.128529 0.943895
vt 0.127002 0.949191
vt 0.199756 0.954745
vt 0.174616 0.954150
vt 0.714387 0.933772
vt 0.728395 0.928055
vt 0.716867 0.938678
vt 0.731058 0.932615
vt 0.698534 0.944426
vt 0.696525 0.939298
vt 0.737423 0.923228
vt 0.744053 0.923734
vt 0.739690 0.927249
vt 0.743729 0.919826
vt 0.721076 0.914578
vt 0.731342 0.910619
vt 0.738948 0.907204
vt 0.677470 0.948848
vt 0.675938 0.943552
vt 0.654371 0.951965
vt 0.653328 0.946554
vt 0.690694 0.924077
vt 0.671415 0.927848
vt 0.650233 0.930585
vt 0.629929 0.953798
vt 0.629401 0.948324
vt 0.604815 0.954393
vt 0.604815 0.948901
vt 0.709115 0.885855
vt 0.696920 0.894012
vt 0.695309 0.888868
vt 0.710303 0.890994
vt 0.698667 0.899197
vt 0.711779 0.896043
vt 0.683054 0.902542
vt 0.681456 0.897192
vt 0.679983 0.891971
vt 0.721680 0.883366
vt 0.721455 0.888642
vt 0.732017 0.883035
vt 0.730081 0.888251
vt 0.728005 0.892271
vt 0.721975 0.893653
vt 0.813102 0.733462
vt 0.987231 0.745507
vt 0.813102 0.745506
vt 0.987231 0.733462
vt 0.813102 0.758997
vt 0.987231 0.774100
vt 0.813102 0.774099
vt 0.987231 0.758997
vt 0.749568 0.918383
vt 0.755173 0.917920
vt 0.748328 0.924393
vt 0.753913 0.925732
vt 0.719411 0.943743
vt 0.734200 0.937115
vt 0.721987 0.948886
vt 0.737582 0.941583
vt 0.702542 0.955164
vt 0.700539 0.949747
vt 0.987231 0.661817
vt 0.813102 0.661817
vt 0.987231 0.646629
vt 0.813102 0.646629
vt 0.813102 0.671923
vt 0.987231 0.671923
vt 0.813102 0.679455
vt 0.987231 0.679456
vt 0.743522 0.930651
vt 0.748137 0.933743
vt 0.662859 0.894733
vt 0.645175 0.902219
vt 0.644339 0.896858
vt 0.664058 0.900029
vt 0.665356 0.905503
vt 0.646077 0.907784
vt 0.813102 0.790980
vt 0.987231 0.809242
vt 0.813102 0.809242
vt 0.987231 0.790981
vt 0.813102 0.828485
vt 0.987231 0.848220
vt 0.813102 0.848220
vt 0.987231 0.828486
vt 0.625255 0.903456
vt 0.624825 0.898051
vt 0.625716 0.909085
vt 0.604815 0.909491
vt 0.604815 0.903836
vt 0.604815 0.898414
vt 0.656338 0.963247
vt 0.630909 0.965185
vt 0.655366 0.957560
vt 0.630426 0.959447
vt 0.604815 0.965808
vt 0.604815 0.960057
vt 0.987231 0.582405
vt 0.813102 0.582405
vt 0.987231 0.557535
vt 0.813102 0.557535
vt 0.987231 0.627602
vt 0.813102 0.627602
vt 0.987231 0.605977
vt 0.813102 0.605977
vt 0.678964 0.954340
vt 0.680438 0.959929
vt 0.173662 0.965119
vt 0.148232 0.963181
vt 0.149171 0.957743
vt 0.174129 0.959632
vt 0.199756 0.960242
vt 0.199756 0.965743
vt 0.125549 0.954519
vt 0.124133 0.959863
vt 0.102029 0.955098
vt 0.103941 0.949917
vt 0.066989 0.941518
vt 0.070177 0.937237
vt 0.082584 0.948821
vt 0.085022 0.943893
vt 0.060791 0.930735
vt 0.056434 0.933677
vt 0.050658 0.925667
vt 0.055941 0.924429
vt 0.054704 0.918361
vt 0.049398 0.917855
vt 0.059703 0.903915
vt 0.055158 0.900967
vt 0.065275 0.907038
vt 0.094240 0.890837
vt 0.083062 0.888443
vt 0.082890 0.883300
vt 0.095455 0.885790
vt 0.092730 0.895831
vt 0.082487 0.893367
vt 0.076431 0.891980
vt 0.074403 0.888021
vt 0.072554 0.882970
vt 0.107637 0.893877
vt 0.109262 0.888802
vt 0.123109 0.897067
vt 0.124588 0.891906
vt 0.121501 0.902391
vt 0.105871 0.899026
vt 0.159397 0.902106
vt 0.140512 0.899912
vt 0.141712 0.894668
vt 0.160232 0.896793
vt 0.158493 0.907655
vt 0.139208 0.905367
vt 0.179317 0.903345
vt 0.179746 0.897985
vt 0.199756 0.903726
vt 0.199756 0.898348
vt 0.199756 0.909368
vt 0.178855 0.908961
vt 0.133089 0.927973
vt 0.072901 0.910511
vt 0.744655 0.904052
vt 0.749413 0.901032
vt 0.707387 0.919359
vt 0.627829 0.932203
vt 0.604815 0.932732
vt 0.178325 0.915090
vt 0.157454 0.913678
vt 0.199756 0.915540
vt 0.137699 0.911244
vt 0.119631 0.908040
vt 0.103822 0.904323
vt 0.090631 0.900717
vt 0.080418 0.897852
vt 0.073092 0.894865
vt 0.068563 0.890895
vt 0.065433 0.886433
vt 0.813102 0.716931
vt 0.987231 0.723669
vt 0.813102 0.723668
vt 0.987231 0.716932
vt 0.735888 0.891115
vt 0.739138 0.886498
vt 0.731288 0.895177
vt 0.713835 0.900913
vt 0.723987 0.898130
vt 0.700684 0.904465
vt 0.684901 0.908150
vt 0.647108 0.913757
vt 0.666852 0.911334
vt 0.626242 0.915164
vt 0.604815 0.915613
vt 0.332838 0.923348
vt 0.339427 0.923820
vt 0.335071 0.927417
vt 0.339161 0.919861
vt 0.323691 0.928262
vt 0.326329 0.932852
vt 0.316256 0.914560
vt 0.326611 0.910511
vt 0.334236 0.907038
vt 0.309579 0.934047
vt 0.293630 0.944751
vt 0.291632 0.939618
vt 0.312043 0.938968
vt 0.302494 0.919410
vt 0.285743 0.924177
vt 0.308881 0.900717
vt 0.295689 0.904323
vt 0.279880 0.908040
vt 0.242058 0.913678
vt 0.222786 0.932345
vt 0.221186 0.915090
vt 0.245210 0.930722
vt 0.272509 0.949191
vt 0.270982 0.943895
vt 0.249368 0.952315
vt 0.248328 0.946905
vt 0.266422 0.927973
vt 0.224368 0.948679
vt 0.224895 0.954150
vt 0.511097 0.944426
vt 0.495244 0.933772
vt 0.513105 0.939298
vt 0.492763 0.938678
vt 0.481235 0.928055
vt 0.478573 0.932615
vt 0.502243 0.919359
vt 0.488555 0.914578
vt 0.518936 0.924077
vt 0.472207 0.923228
vt 0.465578 0.923734
vt 0.465901 0.919826
vt 0.469940 0.927249
vt 0.478288 0.910619
vt 0.470683 0.907204
vt 0.478342 0.895177
vt 0.485644 0.898130
vt 0.495796 0.900913
vt 0.533693 0.943552
vt 0.532160 0.948848
vt 0.538215 0.927848
vt 0.559397 0.930585
vt 0.556302 0.946554
vt 0.555260 0.951965
vt 0.542779 0.911334
vt 0.562523 0.913757
vt 0.524730 0.908150
vt 0.580230 0.948324
vt 0.579702 0.953798
vt 0.581801 0.932203
vt 0.526577 0.902542
vt 0.512710 0.894012
vt 0.528174 0.897192
vt 0.510964 0.899197
vt 0.499328 0.890994
vt 0.497851 0.896043
vt 0.500515 0.885855
vt 0.514321 0.888868
vt 0.529647 0.891971
vt 0.488176 0.888642
vt 0.481625 0.892271
vt 0.479549 0.888251
vt 0.487656 0.893653
vt 0.487950 0.883366
vt 0.477614 0.883035
vt 0.813102 0.962978
vt 0.987231 0.962978
vt 0.813102 0.972771
vt 0.987231 0.972772
vt 0.813102 0.937443
vt 0.987231 0.937443
vt 0.813102 0.950933
vt 0.987231 0.950934
vt 0.460063 0.918383
vt 0.461302 0.924393
vt 0.454457 0.917920
vt 0.455717 0.925732
vt 0.464976 0.904052
vt 0.460217 0.901032
vt 0.987231 0.377264
vt 0.813102 0.384575
vt 0.813102 0.377265
vt 0.987231 0.384575
vt 0.509092 0.949747
vt 0.490219 0.943743
vt 0.507088 0.955164
vt 0.487643 0.948886
vt 0.475430 0.937115
vt 0.472048 0.941583
vt 0.987231 0.436429
vt 0.813102 0.417401
vt 0.987231 0.417401
vt 0.813102 0.436429
vt 0.987231 0.402213
vt 0.813102 0.392107
vt 0.987231 0.392107
vt 0.813102 0.402213
vt 0.466108 0.930651
vt 0.461493 0.933743
vt 0.545572 0.900029
vt 0.544274 0.905503
vt 0.546771 0.894733
vt 0.565291 0.896858
vt 0.564455 0.902219
vt 0.563554 0.907784
vt 0.813102 0.905459
vt 0.987231 0.905460
vt 0.813102 0.922340
vt 0.987231 0.922341
vt 0.813102 0.887198
vt 0.987231 0.867955
vt 0.987231 0.887198
vt 0.813102 0.867954
vt 0.584376 0.903456
vt 0.583914 0.909085
vt 0.584805 0.898051
vt 0.579204 0.959447
vt 0.578721 0.965185
vt 0.554264 0.957560
vt 0.553292 0.963247
vt 0.987231 0.532015
vt 0.813102 0.506495
vt 0.987231 0.506495
vt 0.813102 0.532015
vt 0.987231 0.481625
vt 0.813102 0.458053
vt 0.987231 0.458053
vt 0.813102 0.481625
vt 0.530667 0.954340
vt 0.529193 0.959929
vt 0.225382 0.959632
vt 0.250340 0.957743
vt 0.225850 0.965119
vt 0.251279 0.963181
vt 0.273962 0.954519
vt 0.295571 0.949917
vt 0.275378 0.959863
vt 0.297483 0.955098
vt 0.314490 0.943893
vt 0.329334 0.937237
vt 0.316928 0.948821
vt 0.332522 0.941518
vt 0.338720 0.930735
vt 0.343570 0.924429
vt 0.348853 0.925667
vt 0.343077 0.933677
vt 0.344807 0.918361
vt 0.339808 0.903915
vt 0.344353 0.900967
vt 0.350113 0.917855
vt 0.326419 0.894865
vt 0.330948 0.890895
vt 0.334078 0.886433
vt 0.323080 0.891980
vt 0.316450 0.888443
vt 0.325108 0.888021
vt 0.317025 0.893367
vt 0.306782 0.895831
vt 0.305272 0.890837
vt 0.316621 0.883300
vt 0.304056 0.885790
vt 0.326957 0.882970
vt 0.291874 0.893877
vt 0.278011 0.902391
vt 0.276402 0.897067
vt 0.293640 0.899026
vt 0.290250 0.888802
vt 0.274924 0.891906
vt 0.260303 0.905367
vt 0.259000 0.899912
vt 0.241018 0.907655
vt 0.240115 0.902106
vt 0.239279 0.896793
vt 0.257799 0.894668
vt 0.220194 0.903345
vt 0.220656 0.908961
vt 0.219766 0.897985
vt 0.261813 0.911244
vt 0.319094 0.897852
vt 0.473742 0.891115
vt 0.470492 0.886498
vt 0.508947 0.904465
vt 0.583388 0.915164
vt 0.813102 0.979508
vt 0.987231 0.979509
vt 0.987231 0.993538
vt 0.813102 0.993538
vt 0.987231 0.361128
vt 0.813102 0.361128
vt 0.987231 0.686766
vt 0.813102 0.686766
vt 0.987231 0.702902
vt 0.813102 0.702902
vt 0.586428 0.148000
vt 0.559804 0.148000
vt 0.586428 0.171136
vt 0.559804 0.171136
vt 0.586428 0.194272
vt 0.559804 0.194272
vt 0.586428 0.217408
vt 0.559804 0.217408
vt 0.559804 0.240544
vt 0.586428 0.240544
vt 0.559804 0.263680
vt 0.586428 0.263680
vt 0.559804 0.286815
vt 0.586429 0.286815
vt 0.635770 0.025388
vt 0.635770 0.048524
vt 0.662393 0.025388
vt 0.662393 0.048524
vt 0.635770 0.071660
vt 0.662393 0.071660
vt 0.635770 0.094795
vt 0.662393 0.094795
vt 0.635770 0.117931
vt 0.662393 0.117931
vt 0.662393 0.141067
vt 0.635769 0.141067
vt 0.662393 0.164203
vt 0.635770 0.164203
vt 0.662393 0.187339
vt 0.635769 0.187339
vt 0.635770 0.210475
vt 0.662393 0.210475
vt 0.031659 0.002723
vt 0.031659 0.022922
vt 0.054795 0.002724
vt 0.054795 0.022923
vt 0.026537 0.516913
vt 0.003706 0.516903
vt 0.003702 0.537103
vt 0.026532 0.537111
vt 0.662393 0.002867
vt 0.635770 0.002867
vt 0.631228 0.026205
vt 0.611030 0.003069
vt 0.611030 0.026205
vt 0.631228 0.003069
vt 0.586682 0.025425
vt 0.606881 0.025425
vt 0.586682 0.002289
vt 0.606881 0.002289
vt 0.631228 0.049340
vt 0.611030 0.049340
vt 0.586682 0.048561
vt 0.606881 0.048561
vt 0.631228 0.072476
vt 0.611030 0.072476
vt 0.586682 0.071696
vt 0.606881 0.071696
vt 0.631228 0.095612
vt 0.611030 0.095612
vt 0.586682 0.094832
vt 0.606881 0.094832
vt 0.631228 0.118748
vt 0.611030 0.118748
vt 0.586682 0.117968
vt 0.606881 0.117968
vt 0.611030 0.141884
vt 0.631228 0.141884
vt 0.586682 0.141104
vt 0.606881 0.141104
vt 0.789002 0.305329
vt 0.767280 0.285130
vt 0.767280 0.305329
vt 0.606881 0.164240
vt 0.658498 0.290838
vt 0.631814 0.268318
vt 0.631814 0.290838
vt 0.658498 0.268318
vt 0.789002 0.358037
vt 0.767280 0.358037
vt 0.631814 0.215609
vt 0.658498 0.215609
vt 0.732515 0.282926
vt 0.709870 0.230057
vt 0.709870 0.282926
vt 0.732515 0.230057
vt 0.558649 0.008379
vt 0.558649 0.061087
vt 0.585309 0.008379
vt 0.585309 0.061087
vt 0.031659 0.087599
vt 0.054795 0.087599
vt 0.559313 0.073798
vt 0.582978 0.138406
vt 0.582978 0.073798
vt 0.559313 0.138440
vt 0.003721 0.452262
vt 0.026552 0.452268
vt 0.727645 0.306021
vt 0.704327 0.371100
vt 0.727645 0.371168
vt 0.704327 0.306021
vt 0.789976 0.401228
vt 0.789976 0.374604
vt 0.766840 0.401228
vt 0.766840 0.374604
vt 0.743704 0.401228
vt 0.743704 0.374604
vt 0.720568 0.401228
vt 0.720568 0.374604
vt 0.697432 0.374604
vt 0.697432 0.401228
vt 0.674297 0.374604
vt 0.674297 0.401228
vt 0.651161 0.374604
vt 0.651161 0.401228
vt 0.628025 0.401228
vt 0.628025 0.374604
vt 0.604889 0.374604
vt 0.604889 0.401228
vt 0.581753 0.401228
vt 0.581753 0.374604
vt 0.600709 0.190877
vt 0.627333 0.167741
vt 0.600709 0.167741
vt 0.627333 0.190877
vt 0.600709 0.214013
vt 0.627333 0.214013
vt 0.600709 0.237148
vt 0.627333 0.237149
vt 0.627333 0.260284
vt 0.600709 0.260284
vt 0.627333 0.283420
vt 0.600709 0.283420
vt 0.600709 0.306556
vt 0.627333 0.306556
vt 0.688689 0.318924
vt 0.662065 0.295788
vt 0.662065 0.318924
vt 0.688689 0.295789
vt 0.662065 0.342060
vt 0.688689 0.342060
vt 0.688689 0.365196
vt 0.662065 0.365196
vt 0.031659 0.107798
vt 0.054795 0.107798
vt 0.026552 0.432067
vt 0.003721 0.432066
vt 0.853059 0.322323
vt 0.826435 0.344844
vt 0.853059 0.344844
vt 0.826435 0.322323
vt 0.717906 0.026266
vt 0.697708 0.003130
vt 0.697708 0.026266
vt 0.717906 0.003130
vt 0.722055 0.026062
vt 0.742254 0.026062
vt 0.722055 0.002927
vt 0.742254 0.002927
vt 0.717906 0.049402
vt 0.697708 0.049402
vt 0.722055 0.049198
vt 0.742254 0.049198
vt 0.717906 0.072537
vt 0.697708 0.072537
vt 0.722055 0.072334
vt 0.742254 0.072334
vt 0.717906 0.095673
vt 0.697708 0.095673
vt 0.722055 0.095470
vt 0.742254 0.095470
vt 0.717906 0.118809
vt 0.697708 0.118809
vt 0.722055 0.118606
vt 0.742254 0.118606
vt 0.697708 0.141945
vt 0.717906 0.141945
vt 0.722055 0.141742
vt 0.742254 0.141742
vt 0.697708 0.165081
vt 0.717906 0.165081
vt 0.722055 0.164878
vt 0.742254 0.164878
vt 0.697708 0.188217
vt 0.717906 0.188217
vt 0.722055 0.188013
vt 0.742254 0.188013
vt 0.717906 0.211352
vt 0.697708 0.211352
vt 0.722055 0.211149
vt 0.742254 0.211149
vt 0.758811 0.299924
vt 0.737085 0.279725
vt 0.737085 0.299923
vt 0.742254 0.234285
vt 0.031659 0.172475
vt 0.054795 0.172474
vt 0.530185 0.073798
vt 0.553762 0.138440
vt 0.553762 0.073798
vt 0.530185 0.138440
vt 0.003721 0.367389
vt 0.026552 0.367390
vt 0.657524 0.295308
vt 0.634152 0.360421
vt 0.657471 0.360489
vt 0.634206 0.295308
vt 0.693559 0.290677
vt 0.666874 0.268156
vt 0.666874 0.290677
vt 0.693559 0.268156
vt 0.758811 0.352633
vt 0.737085 0.352631
vt 0.666874 0.215448
vt 0.693559 0.215448
vt 0.596168 0.345094
vt 0.573522 0.292386
vt 0.573522 0.345094
vt 0.596004 0.292386
vt 0.603595 0.311666
vt 0.603595 0.364374
vt 0.630254 0.311666
vt 0.630254 0.364374
vt 0.908622 0.345588
vt 0.908622 0.318965
vt 0.885486 0.345591
vt 0.885486 0.318967
vt 0.773419 0.002573
vt 0.746795 0.002573
vt 0.773419 0.025708
vt 0.746795 0.025708
vt 0.773419 0.048844
vt 0.746795 0.048844
vt 0.773419 0.071980
vt 0.746795 0.071980
vt 0.746795 0.095116
vt 0.773419 0.095116
vt 0.746795 0.118252
vt 0.773419 0.118252
vt 0.746795 0.141388
vt 0.773419 0.141388
vt 0.773419 0.164523
vt 0.746795 0.164523
vt 0.746795 0.187659
vt 0.773419 0.187659
vt 0.773419 0.210795
vt 0.746795 0.210795
vt 0.746795 0.233931
vt 0.773419 0.233931
vt 0.746795 0.257067
vt 0.773419 0.257067
vt 0.773419 0.280202
vt 0.746795 0.280202
vt 0.913730 0.345216
vt 0.936866 0.318592
vt 0.913730 0.318592
vt 0.936866 0.345216
vt 0.666934 0.025325
vt 0.693559 0.002190
vt 0.666934 0.002190
vt 0.693559 0.025325
vt 0.666934 0.048461
vt 0.693558 0.048461
vt 0.666934 0.071597
vt 0.693558 0.071597
vt 0.693558 0.094733
vt 0.666934 0.094733
vt 0.693559 0.117869
vt 0.666934 0.117869
vt 0.693558 0.141005
vt 0.666934 0.141005
vt 0.666934 0.164140
vt 0.693559 0.164140
vt 0.693559 0.187276
vt 0.666934 0.187276
vt 0.666934 0.210412
vt 0.693559 0.210412
vt 0.556247 0.024575
vt 0.529623 0.001439
vt 0.529623 0.024575
vt 0.556247 0.001439
vt 0.529623 0.047711
vt 0.556247 0.047711
vt 0.529623 0.070846
vt 0.556247 0.070846
vt 0.031659 0.192674
vt 0.054795 0.192672
vt 0.026552 0.347191
vt 0.003721 0.347191
vt 0.881353 0.346116
vt 0.858832 0.319492
vt 0.858832 0.346116
vt 0.881353 0.319492
vt 0.865219 0.026248
vt 0.885418 0.003113
vt 0.865219 0.003113
vt 0.885418 0.026248
vt 0.889566 0.026248
vt 0.909765 0.026248
vt 0.889566 0.003113
vt 0.909765 0.003113
vt 0.885418 0.049384
vt 0.865219 0.049384
vt 0.889566 0.049384
vt 0.909765 0.049384
vt 0.885418 0.072520
vt 0.865219 0.072520
vt 0.889566 0.072520
vt 0.909765 0.072520
vt 0.885418 0.095656
vt 0.865219 0.095656
vt 0.889566 0.095656
vt 0.909765 0.095656
vt 0.885418 0.118792
vt 0.865219 0.118792
vt 0.889566 0.118792
vt 0.909765 0.118792
vt 0.865219 0.141927
vt 0.885418 0.141927
vt 0.889566 0.141927
vt 0.909765 0.141927
vt 0.865219 0.165063
vt 0.885418 0.165063
vt 0.889566 0.165063
vt 0.909765 0.165063
vt 0.865219 0.188199
vt 0.885418 0.188199
vt 0.889566 0.188199
vt 0.909765 0.188199
vt 0.885418 0.211335
vt 0.865219 0.211335
vt 0.889566 0.211335
vt 0.909765 0.211335
vt 0.885418 0.234471
vt 0.865219 0.234471
vt 0.889566 0.234471
vt 0.909765 0.234471
vt 0.865219 0.257606
vt 0.885418 0.257606
vt 0.889566 0.257607
vt 0.909765 0.257607
vt 0.865219 0.280742
vt 0.885418 0.280742
vt 0.889566 0.280742
vt 0.909765 0.280742
vt 0.832827 0.023136
vt 0.810164 0.002937
vt 0.810636 0.023136
vt 0.909765 0.303878
vt 0.031659 0.536915
vt 0.054795 0.536913
vt 0.973839 0.003342
vt 0.997416 0.347512
vt 0.997416 0.003271
vt 0.973839 0.347515
vt 0.003721 0.003018
vt 0.026552 0.003018
vt 0.969173 0.002599
vt 0.945855 0.346772
vt 0.969173 0.346840
vt 0.945855 0.002599
vt 0.940852 0.305133
vt 0.914202 0.282612
vt 0.914228 0.305133
vt 0.940878 0.282612
vt 0.832359 0.303447
vt 0.811112 0.303432
vt 0.914241 0.002250
vt 0.940930 0.002253
vt 0.860096 0.282613
vt 0.859933 0.002205
vt 0.837288 0.282612
vt 0.837451 0.002190
vt 0.777925 0.003245
vt 0.777924 0.283586
vt 0.804584 0.003210
vt 0.804584 0.283586
vt 0.865219 0.303878
vt 0.837124 0.302811
vt 0.573522 0.365293
vt 0.709870 0.303125
vt 0.611030 0.165019
vt 0.697708 0.234488
vn 0.009714 0.171854 0.985075
vn 0.027681 -0.161199 0.986534
vn 0.027682 0.161200 0.986534
vn 0.009714 -0.171853 0.985075
vn 0.000000 0.174729 0.984617
vn -0.000000 -0.174729 0.984617
vn 0.000000 -0.949196 0.314685
vn 0.005499 -0.949522 0.313651
vn -0.000000 -0.701770 0.712404
vn 0.007887 -0.699446 0.714642
vn 0.008699 -0.949424 0.313877
vn 0.018901 -0.687883 0.725575
vn 0.164193 -0.714586 0.680006
vn 0.058020 -0.675973 0.734639
vn 0.055869 -0.949402 0.309054
vn 0.023948 -0.949005 0.314352
vn 0.245385 -0.184020 0.951800
vn 0.083190 -0.150603 0.985088
vn 0.083190 0.150604 0.985088
vn 0.245385 0.184020 0.951800
vn 0.025667 0.983368 0.179799
vn 0.055868 0.949403 0.309051
vn 0.073883 0.978640 0.191846
vn 0.023949 0.949005 0.314351
vn 0.034790 0.996802 0.071946
vn 0.089995 0.993422 0.070801
vn 0.016420 0.996464 0.082399
vn 0.010979 0.981255 0.192401
vn 0.008699 0.949424 0.313877
vn 0.041238 0.998952 0.019844
vn 0.099516 0.995035 -0.001512
vn 0.043390 0.999058 -0.000044
vn 0.096992 0.995115 0.018433
vn 0.020315 0.999534 0.022778
vn 0.021697 0.999765 0.000566
vn -0.000000 0.999683 0.025197
vn 0.010043 0.999646 0.024644
vn 0.010644 0.999943 0.000840
vn -0.000000 1.000000 0.000932
vn -0.000000 0.995882 0.090662
vn 0.008565 0.996004 0.088902
vn -0.000000 0.949197 0.314683
vn 0.006615 0.979331 0.202157
vn -0.000000 0.978799 0.204824
vn 0.005499 0.949523 0.313651
vn 0.314701 -0.495383 -0.809666
vn 0.523606 0.432235 -0.734173
vn 0.523606 -0.432235 -0.734173
vn 0.314701 0.495383 -0.809666
vn 0.724153 -0.373042 -0.580037
vn 0.724153 0.373041 -0.580037
vn 0.216109 -0.923292 -0.317535
vn 0.350584 -0.889911 -0.291802
vn 0.048209 -0.995318 -0.083770
vn 0.086496 -0.992196 -0.089803
vn 0.024255 -0.996717 -0.077249
vn 0.107106 -0.951265 -0.289177
vn 0.000001 -0.997356 -0.072674
vn 0.042907 -0.962779 -0.266862
vn 0.012688 -0.997211 -0.073548
vn 0.000001 -0.965120 -0.261806
vn -0.000000 -0.531306 -0.847180
vn 0.134550 -0.525510 -0.840080
vn -0.000000 0.531305 -0.847181
vn 0.134549 0.525510 -0.840081
vn 0.041238 -0.998952 0.019844
vn 0.099515 -0.995035 -0.001512
vn 0.096991 -0.995115 0.018434
vn 0.043390 -0.999058 -0.000044
vn 0.089996 -0.993422 0.070802
vn 0.034790 -0.996802 0.071947
vn 0.016420 -0.996464 0.082400
vn 0.020315 -0.999534 0.022778
vn 0.021697 -0.999765 0.000565
vn 0.025667 -0.983368 0.179800
vn 0.073883 -0.978640 0.191848
vn 0.010979 -0.981255 0.192401
vn 0.006615 -0.979331 0.202157
vn 0.000000 -0.978799 0.204824
vn 0.000000 -0.995882 0.090662
vn 0.008565 -0.996004 0.088902
vn 0.010043 -0.999646 0.024644
vn 0.000000 -0.999683 0.025197
vn 0.010644 -0.999943 0.000839
vn -0.000000 -1.000000 0.000932
vn 0.574590 0.303793 0.759971
vn 0.839785 -0.405858 0.360612
vn 0.839785 0.405857 0.360612
vn 0.574590 -0.303794 0.759971
vn 0.315184 -0.832171 0.456235
vn 0.391404 -0.903031 0.177026
vn 0.397580 -0.916793 0.037702
vn 0.398154 -0.917277 -0.008732
vn 0.901972 -0.431287 -0.020939
vn 0.899483 -0.429853 0.078470
vn 0.901972 0.431286 -0.020939
vn 0.899483 0.429853 0.078469
vn -0.899483 0.429853 0.078469
vn -0.839785 -0.405857 0.360612
vn -0.839785 0.405857 0.360612
vn -0.899483 -0.429853 0.078470
vn -0.901972 -0.431287 -0.020939
vn -0.901972 0.431287 -0.020939
vn -0.096991 -0.995115 0.018434
vn -0.397580 -0.916793 0.037702
vn -0.398154 -0.917277 -0.008732
vn -0.099515 -0.995035 -0.001512
vn -0.391404 -0.903031 0.177026
vn -0.089995 -0.993422 0.070802
vn -0.315184 -0.832171 0.456236
vn -0.073883 -0.978640 0.191848
vn -0.164193 -0.714585 0.680007
vn -0.055869 -0.949402 0.309054
vn -0.245385 -0.184019 0.951800
vn -0.574590 -0.303793 0.759971
vn -0.574590 0.303793 0.759971
vn -0.245385 0.184019 0.951800
vn 0.010744 0.999858 -0.012996
vn 0.000000 0.999914 -0.013101
vn 0.021615 0.999687 -0.012562
vn 0.020491 0.999281 -0.031904
vn 0.010707 0.999388 -0.033306
vn 0.000000 0.999435 -0.033610
vn 0.099980 0.994881 -0.014722
vn 0.043130 0.998994 -0.012276
vn 0.098975 0.994433 -0.036157
vn 0.040738 0.998708 -0.030367
vn 0.039060 0.997673 -0.055890
vn 0.086496 0.992197 -0.089803
vn 0.048209 0.995318 -0.083770
vn 0.094270 0.993315 -0.066623
vn 0.019889 0.998228 -0.056075
vn 0.024257 0.996717 -0.077249
vn -0.000001 0.998386 -0.056789
vn 0.011118 0.998324 -0.056802
vn 0.012687 0.997211 -0.073548
vn -0.000001 0.997356 -0.072673
vn -0.901330 0.423760 -0.089617
vn -0.901330 -0.423760 -0.089617
vn -0.888571 -0.399956 -0.224669
vn -0.888571 0.399956 -0.224669
vn -0.841995 0.366848 -0.395559
vn -0.841995 -0.366849 -0.395559
vn -0.724153 -0.373042 -0.580037
vn -0.724153 0.373041 -0.580037
vn -0.086496 -0.992197 -0.089804
vn -0.420824 -0.883815 -0.204397
vn -0.350584 -0.889911 -0.291803
vn -0.094270 -0.993315 -0.066623
vn -0.098975 -0.994433 -0.036157
vn -0.419381 -0.901280 -0.108697
vn -0.404808 -0.913458 -0.041538
vn -0.099980 -0.994881 -0.014722
vn 0.039059 -0.997673 -0.055890
vn 0.094270 -0.993315 -0.066623
vn 0.040737 -0.998708 -0.030367
vn 0.098975 -0.994433 -0.036157
vn 0.020491 -0.999281 -0.031904
vn 0.019888 -0.998228 -0.056076
vn 0.099980 -0.994881 -0.014722
vn 0.043130 -0.998994 -0.012276
vn 0.021615 -0.999687 -0.012563
vn 0.010744 -0.999858 -0.012996
vn -0.000000 -0.999914 -0.013101
vn 0.010707 -0.999388 -0.033306
vn -0.000000 -0.999435 -0.033610
vn 0.011119 -0.998324 -0.056803
vn 0.000001 -0.998386 -0.056788
vn 0.901331 0.423759 -0.089617
vn 0.888571 -0.399956 -0.224669
vn 0.888572 0.399955 -0.224669
vn 0.901330 -0.423760 -0.089617
vn 0.404808 -0.913458 -0.041538
vn 0.419381 -0.901280 -0.108696
vn 0.420824 -0.883815 -0.204397
vn 0.841995 -0.366849 -0.395558
vn 0.841995 0.366848 -0.395559
vn 0.315183 0.832171 0.456235
vn 0.164193 0.714586 0.680005
vn 0.391404 0.903031 0.177026
vn 0.397581 0.916792 0.037701
vn 0.398155 0.917277 -0.008732
vn 0.000000 0.701771 0.712402
vn 0.007887 0.699448 0.714640
vn 0.018901 0.687884 0.725574
vn 0.058021 0.675973 0.734638
vn -0.397581 0.916793 0.037701
vn -0.096992 0.995115 0.018434
vn -0.398154 0.917277 -0.008732
vn -0.099516 0.995035 -0.001512
vn -0.391404 0.903031 0.177026
vn -0.089995 0.993422 0.070801
vn -0.073883 0.978640 0.191845
vn -0.164193 0.714586 0.680005
vn -0.055869 0.949403 0.309050
vn -0.315184 0.832172 0.456234
vn -0.404808 0.913458 -0.041538
vn -0.099980 0.994881 -0.014721
vn -0.419381 0.901280 -0.108696
vn -0.098975 0.994433 -0.036157
vn -0.420824 0.883815 -0.204397
vn -0.086496 0.992197 -0.089803
vn -0.350584 0.889911 -0.291803
vn -0.094270 0.993315 -0.066623
vn 0.350584 0.889911 -0.291803
vn 0.216110 0.923292 -0.317535
vn 0.107107 0.951265 -0.289178
vn 0.042907 0.962779 -0.266864
vn -0.000001 0.965120 -0.261807
vn 0.404809 0.913457 -0.041538
vn 0.419381 0.901279 -0.108696
vn 0.420824 0.883815 -0.204397
vn -0.006615 0.979331 0.202156
vn -0.005499 0.949523 0.313650
vn -0.008565 0.996004 0.088903
vn -0.016420 0.996464 0.082400
vn -0.010979 0.981255 0.192400
vn -0.008699 0.949424 0.313876
vn -0.010043 0.999646 0.024644
vn -0.010644 0.999943 0.000839
vn -0.021697 0.999765 0.000566
vn -0.020315 0.999534 0.022777
vn -0.041238 0.998952 0.019844
vn -0.043390 0.999058 -0.000044
vn -0.034790 0.996802 0.071947
vn -0.025667 0.983368 0.179799
vn -0.023948 0.949005 0.314351
vn -0.007887 0.699448 0.714640
vn -0.018901 0.687883 0.725575
vn -0.027681 0.161199 0.986534
vn -0.009714 0.171854 0.985075
vn -0.058020 0.675972 0.734639
vn -0.083190 0.150603 0.985088
vn -0.083190 -0.150603 0.985088
vn -0.027681 -0.161200 0.986534
vn -0.009714 -0.171854 0.985075
vn -0.058020 -0.675973 0.734639
vn -0.023948 -0.949004 0.314352
vn -0.018901 -0.687884 0.725575
vn -0.008699 -0.949424 0.313877
vn -0.007887 -0.699447 0.714641
vn -0.005499 -0.949522 0.313652
vn -0.010043 -0.999646 0.024645
vn -0.010644 -0.999943 0.000839
vn -0.008565 -0.996004 0.088902
vn -0.016420 -0.996464 0.082400
vn -0.020315 -0.999534 0.022778
vn -0.021697 -0.999765 0.000565
vn -0.006615 -0.979331 0.202157
vn -0.010979 -0.981255 0.192401
vn -0.025667 -0.983368 0.179799
vn -0.034790 -0.996802 0.071947
vn -0.041238 -0.998952 0.019844
vn -0.043390 -0.999058 -0.000044
vn -0.011119 -0.998324 -0.056802
vn -0.012688 -0.997211 -0.073549
vn -0.010707 -0.999388 -0.033306
vn -0.020491 -0.999281 -0.031904
vn -0.019889 -0.998228 -0.056076
vn -0.024257 -0.996717 -0.077250
vn -0.010744 -0.999858 -0.012996
vn -0.021615 -0.999687 -0.012563
vn -0.043130 -0.998994 -0.012276
vn -0.040737 -0.998708 -0.030367
vn -0.039059 -0.997673 -0.055890
vn -0.048209 -0.995318 -0.083770
vn -0.134550 -0.525510 -0.840080
vn -0.134550 0.525510 -0.840081
vn -0.314701 -0.495383 -0.809666
vn -0.314701 0.495383 -0.809666
vn -0.042907 -0.962779 -0.266864
vn -0.107107 -0.951265 -0.289178
vn -0.216109 -0.923292 -0.317535
vn -0.523606 -0.432235 -0.734173
vn -0.523606 0.432235 -0.734173
vn -0.042907 0.962779 -0.266862
vn -0.012687 0.997211 -0.073547
vn -0.107106 0.951265 -0.289176
vn -0.024255 0.996717 -0.077249
vn -0.216110 0.923292 -0.317534
vn -0.048209 0.995318 -0.083770
vn -0.010744 0.999858 -0.012995
vn -0.010707 0.999388 -0.033306
vn -0.020491 0.999281 -0.031904
vn -0.021615 0.999687 -0.012562
vn -0.011119 0.998324 -0.056803
vn -0.019888 0.998228 -0.056076
vn -0.039060 0.997673 -0.055890
vn -0.040738 0.998708 -0.030367
vn -0.043130 0.998994 -0.012276
vn -0.001645 -0.999998 0.001363
vn -0.001557 -0.999998 0.001448
vn -0.001557 -0.999998 0.001448
vn -0.001557 -0.999998 0.001448
vn -0.001645 -0.999998 0.001363
vn -0.001658 -0.999998 0.001350
vn -0.001820 -0.999998 0.001167
vn -0.001658 -0.999998 0.001350
vn -0.001645 -0.999998 0.001363
vn -0.001658 -0.999998 0.001350
vn -0.001820 -0.999998 0.001167
vn -0.001825 -0.999998 0.001160
vn -0.001931 -0.999998 0.000953
vn -0.001825 -0.999998 0.001160
vn -0.001820 -0.999998 0.001167
vn -0.001825 -0.999998 0.001160
vn -0.001931 -0.999998 0.000953
vn -0.001930 -0.999998 0.000956
vn -0.001931 -0.999998 0.000953
vn -0.001990 -0.999998 0.000703
vn -0.001930 -0.999998 0.000956
vn -0.001990 -0.999998 0.000703
vn -0.001931 -0.999998 0.000953
vn -0.001992 -0.999998 0.000693
vn -0.001958 -0.999998 0.000411
vn -0.001992 -0.999998 0.000693
vn -0.001956 -0.999998 0.000405
vn -0.001992 -0.999998 0.000693
vn -0.001958 -0.999998 0.000411
vn -0.001990 -0.999998 0.000703
vn -0.001896 -0.999998 0.000267
vn -0.001956 -0.999998 0.000405
vn -0.001896 -0.999998 0.000267
vn -0.001956 -0.999998 0.000405
vn -0.001896 -0.999998 0.000267
vn -0.001958 -0.999998 0.000411
vn 0.001317 0.999998 -0.001624
vn 0.001317 0.999998 -0.001624
vn 0.001424 0.999998 -0.001546
vn 0.001317 0.999998 -0.001624
vn 0.001445 0.999998 -0.001530
vn 0.001424 0.999998 -0.001546
vn 0.001424 0.999998 -0.001546
vn 0.001445 0.999998 -0.001530
vn 0.001646 0.999998 -0.001364
vn 0.001445 0.999998 -0.001530
vn 0.001659 0.999998 -0.001351
vn 0.001646 0.999998 -0.001364
vn 0.001821 0.999998 -0.001169
vn 0.001646 0.999998 -0.001364
vn 0.001659 0.999998 -0.001351
vn 0.001821 0.999998 -0.001169
vn 0.001659 0.999998 -0.001351
vn 0.001826 0.999998 -0.001163
vn 0.001933 0.999998 -0.000953
vn 0.001821 0.999998 -0.001169
vn 0.001826 0.999998 -0.001163
vn 0.001933 0.999998 -0.000953
vn 0.001826 0.999998 -0.001163
vn 0.001932 0.999998 -0.000957
vn 0.001933 0.999998 -0.000953
vn 0.001991 0.999998 -0.000703
vn 0.001993 0.999998 -0.000693
vn 0.001991 0.999998 -0.000703
vn 0.001933 0.999998 -0.000953
vn 0.001932 0.999998 -0.000957
vn 0.001993 0.999998 -0.000693
vn 0.001959 0.999998 -0.000411
vn 0.001957 0.999998 -0.000406
vn 0.001959 0.999998 -0.000411
vn 0.001993 0.999998 -0.000693
vn 0.001991 0.999998 -0.000703
vn 0.001437 0.999999 -0.000140
vn 0.001957 0.999998 -0.000406
vn 0.001959 0.999998 -0.000411
vn 0.001957 0.999998 -0.000406
vn 0.001437 0.999999 -0.000140
vn 0.001425 0.999999 -0.000137
vn 0.000967 1.000000 -0.000010
vn 0.001437 0.999999 -0.000140
vn 0.000967 1.000000 -0.000010
vn 0.001437 0.999999 -0.000140
vn 0.000967 1.000000 -0.000010
vn 0.001425 0.999999 -0.000137
vn -0.682968 0.000000 0.730449
vn -0.630993 0.000000 0.775789
vn -0.653392 0.000000 0.757020
vn -0.630993 0.000000 0.775789
vn -0.630993 0.000000 0.775789
vn -0.653392 0.000000 0.757020
vn 0.629126 0.000000 -0.777304
vn 0.682046 0.000000 -0.731309
vn 0.652169 0.000000 -0.758073
vn 0.682046 0.000000 -0.731309
vn 0.629126 0.000000 -0.777304
vn 0.629126 0.000000 -0.777304
vn -0.881946 0.000000 -0.471350
vn -0.881946 0.000000 -0.471350
vn -0.881946 0.000000 -0.471350
vn -0.881946 0.000000 -0.471350
vn -0.881946 0.000000 -0.471350
vn -0.881946 0.000000 -0.471350
vn -0.772169 0.000000 0.635417
vn -0.772169 0.000000 0.635417
vn -0.682968 0.000000 0.730449
vn -0.772169 0.000000 0.635417
vn -0.682968 0.000000 0.730449
vn -0.653392 0.000000 0.757020
vn 0.773715 0.000000 -0.633534
vn 0.652169 0.000000 -0.758073
vn 0.773715 0.000000 -0.633534
vn 0.773715 0.000000 -0.633534
vn 0.652169 0.000000 -0.758073
vn 0.682046 0.000000 -0.731309
vn -0.841918 0.000000 0.539605
vn -0.841918 0.000000 0.539605
vn -0.772169 0.000000 0.635417
vn -0.841918 0.000000 0.539605
vn -0.772169 0.000000 0.635417
vn -0.772169 0.000000 0.635417
vn 0.843523 0.000000 -0.537093
vn 0.773715 0.000000 -0.633534
vn 0.843523 0.000000 -0.537093
vn 0.843523 0.000000 -0.537093
vn 0.773715 0.000000 -0.633534
vn 0.773715 0.000000 -0.633534
vn -0.900629 0.000000 0.434589
vn -0.900629 0.000000 0.434589
vn -0.841918 0.000000 0.539605
vn -0.900629 0.000000 0.434589
vn -0.841918 0.000000 0.539605
vn -0.841918 0.000000 0.539605
vn 0.892822 0.000000 -0.450409
vn 0.843523 0.000000 -0.537093
vn 0.892822 0.000000 -0.450409
vn 0.892822 0.000000 -0.450409
vn 0.843523 0.000000 -0.537093
vn 0.843523 0.000000 -0.537093
vn -0.946866 0.000000 0.321628
vn -0.946866 0.000000 0.321628
vn -0.900629 0.000000 0.434589
vn -0.946866 0.000000 0.321628
vn -0.900629 0.000000 0.434589
vn -0.900629 0.000000 0.434589
vn 0.892822 0.000000 -0.450409
vn 0.940743 0.000000 -0.339121
vn 0.940743 0.000000 -0.339121
vn 0.940743 0.000000 -0.339121
vn 0.892822 0.000000 -0.450409
vn 0.892822 0.000000 -0.450409
vn -0.979308 0.000000 0.202376
vn -0.979306 0.000000 0.202385
vn -0.946866 0.000000 0.321628
vn -0.979308 0.000000 0.202376
vn -0.946866 0.000000 0.321628
vn -0.946866 0.000000 0.321628
vn 0.979287 0.000000 -0.202475
vn 0.940743 0.000000 -0.339121
vn 0.979289 0.000000 -0.202467
vn 0.979289 0.000000 -0.202467
vn 0.940743 0.000000 -0.339121
vn 0.940743 0.000000 -0.339121
vn -0.994441 0.000000 0.105291
vn -0.979308 0.000000 0.202376
vn -0.998167 0.000000 0.060523
vn -0.979308 0.000000 0.202376
vn -0.994441 0.000000 0.105291
vn -0.979306 0.000000 0.202385
vn 0.998031 0.000000 -0.062729
vn 0.979289 0.000000 -0.202467
vn 0.994220 0.000000 -0.107364
vn 0.979289 0.000000 -0.202467
vn 0.998031 0.000000 -0.062729
vn 0.979287 0.000000 -0.202475
vn -0.998167 0.000000 0.060523
vn -0.999357 0.000000 0.035869
vn -0.999357 0.000000 0.035869
vn 0.999318 0.000000 -0.036919
vn 0.998031 0.000000 -0.062729
vn 0.994220 0.000000 -0.107364
vn 0.022517 0.000000 0.999747
vn 0.022518 0.000000 0.999746
vn 0.022518 0.000000 0.999746
vn 0.022518 0.000000 0.999746
vn 0.022517 0.000000 0.999747
vn 0.022517 0.000000 0.999747
vn -0.999357 0.000000 0.035869
vn -0.998325 0.000000 0.057850
vn -0.999434 0.000000 0.033630
vn -0.998325 0.000000 0.057850
vn -0.999357 0.000000 0.035869
vn -0.998167 0.000000 0.060523
vn 0.022518 0.000000 0.999746
vn 0.022518 0.000000 0.999747
vn 0.022518 0.000000 0.999747
vn 0.022518 0.000000 0.999747
vn 0.022518 0.000000 0.999746
vn 0.022518 0.000000 0.999746
vn 0.999403 0.000000 -0.034556
vn 0.998031 0.000000 -0.062729
vn 0.999318 0.000000 -0.036919
vn 0.998031 0.000000 -0.062729
vn 0.999403 0.000000 -0.034556
vn 0.998200 0.000000 -0.059980
vn -0.068691 0.000000 -0.997638
vn -0.068691 0.000000 -0.997638
vn -0.068691 0.000000 -0.997638
vn -0.068691 0.000000 -0.997638
vn -0.068691 0.000000 -0.997638
vn -0.068691 0.000000 -0.997638
vn -0.630993 0.000000 0.775789
vn -0.653392 0.000000 0.757020
vn -0.630993 0.000000 0.775789
vn -0.630993 0.000000 0.775789
vn -0.630993 0.000000 0.775789
vn -0.630993 0.000000 0.775789
vn 0.815681 0.000000 0.578501
vn 0.815681 0.000000 0.578501
vn 0.815682 0.000000 0.578501
vn 0.815681 0.000000 0.578501
vn 0.815681 0.000000 0.578501
vn 0.815682 0.000000 0.578501
vn 0.629126 0.000000 -0.777304
vn 0.652169 0.000000 -0.758073
vn 0.629126 0.000000 -0.777304
vn 0.652169 0.000000 -0.758073
vn 0.629126 0.000000 -0.777304
vn 0.629126 0.000000 -0.777304
vn -0.881947 0.000000 -0.471350
vn -0.881946 0.000000 -0.471350
vn -0.881946 0.000000 -0.471350
vn -0.881947 0.000000 -0.471350
vn -0.881946 0.000000 -0.471350
vn -0.881946 0.000000 -0.471350
vn -0.001645 -0.999998 0.001362
vn -0.001557 -0.999998 0.001446
vn -0.001557 -0.999998 0.001446
vn -0.001557 -0.999998 0.001446
vn -0.001645 -0.999998 0.001362
vn -0.001658 -0.999998 0.001349
vn -0.001820 -0.999998 0.001167
vn -0.001658 -0.999998 0.001349
vn -0.001645 -0.999998 0.001362
vn -0.001658 -0.999998 0.001349
vn -0.001820 -0.999998 0.001167
vn -0.001825 -0.999998 0.001161
vn -0.001931 -0.999998 0.000952
vn -0.001825 -0.999998 0.001161
vn -0.001820 -0.999998 0.001167
vn -0.001825 -0.999998 0.001161
vn -0.001931 -0.999998 0.000952
vn -0.001930 -0.999998 0.000956
vn -0.001931 -0.999998 0.000952
vn -0.001990 -0.999998 0.000702
vn -0.001930 -0.999998 0.000956
vn -0.001990 -0.999998 0.000702
vn -0.001931 -0.999998 0.000952
vn -0.001992 -0.999998 0.000692
vn -0.001958 -0.999998 0.000411
vn -0.001992 -0.999998 0.000692
vn -0.001956 -0.999998 0.000406
vn -0.001992 -0.999998 0.000692
vn -0.001958 -0.999998 0.000411
vn -0.001990 -0.999998 0.000702
vn -0.001437 -0.999999 0.000141
vn -0.001956 -0.999998 0.000406
vn -0.001425 -0.999999 0.000137
vn -0.001956 -0.999998 0.000406
vn -0.001437 -0.999999 0.000141
vn -0.001958 -0.999998 0.000411
vn -0.000529 -1.000000 0.000009
vn -0.000534 -1.000000 0.000009
vn -0.001437 -0.999999 0.000141
vn -0.000529 -1.000000 0.000009
vn -0.001437 -0.999999 0.000141
vn -0.001425 -0.999999 0.000137
vn -0.000264 -1.000000 0.000044
vn -0.000529 -1.000000 0.000009
vn -0.000265 -1.000000 0.000044
vn -0.000529 -1.000000 0.000009
vn -0.000264 -1.000000 0.000044
vn -0.000534 -1.000000 0.000009
vn -0.000433 -1.000000 0.000081
vn -0.000433 -1.000000 0.000081
vn -0.000264 -1.000000 0.000044
vn -0.000433 -1.000000 0.000081
vn -0.000264 -1.000000 0.000044
vn -0.000265 -1.000000 0.000044
vn 0.001630 0.999998 -0.000699
vn 0.001630 0.999998 -0.000699
vn 0.001684 0.999998 -0.000959
vn 0.001630 0.999998 -0.000699
vn 0.001693 0.999998 -0.000999
vn 0.001684 0.999998 -0.000959
vn 0.001820 0.999998 -0.001168
vn 0.001684 0.999998 -0.000959
vn 0.001693 0.999998 -0.000999
vn 0.001820 0.999998 -0.001168
vn 0.001693 0.999998 -0.000999
vn 0.001825 0.999998 -0.001162
vn 0.001931 0.999998 -0.000952
vn 0.001820 0.999998 -0.001168
vn 0.001825 0.999998 -0.001162
vn 0.001931 0.999998 -0.000952
vn 0.001825 0.999998 -0.001162
vn 0.001930 0.999998 -0.000956
vn 0.001931 0.999998 -0.000952
vn 0.001990 0.999998 -0.000702
vn 0.001992 0.999998 -0.000692
vn 0.001990 0.999998 -0.000702
vn 0.001931 0.999998 -0.000952
vn 0.001930 0.999998 -0.000956
vn 0.001992 0.999998 -0.000692
vn 0.001714 0.999998 -0.000639
vn 0.001703 0.999998 -0.000642
vn 0.001714 0.999998 -0.000639
vn 0.001992 0.999998 -0.000692
vn 0.001990 0.999998 -0.000702
vn 0.001400 0.999999 -0.000732
vn 0.001400 0.999999 -0.000732
vn 0.001703 0.999998 -0.000642
vn 0.001400 0.999999 -0.000732
vn 0.001703 0.999998 -0.000642
vn 0.001714 0.999998 -0.000639
vn 0.000030 1.000000 0.000269
vn 0.000060 1.000000 0.000539
vn 0.000060 1.000000 0.000539
vn 0.000060 1.000000 0.000539
vn 0.000030 1.000000 0.000269
vn 0.000030 1.000000 0.000268
vn 0.000023 1.000000 -0.000031
vn 0.000030 1.000000 0.000269
vn 0.000024 1.000000 -0.000031
vn 0.000030 1.000000 0.000269
vn 0.000023 1.000000 -0.000031
vn 0.000030 1.000000 0.000268
vn 0.000047 1.000000 -0.000061
vn 0.000023 1.000000 -0.000031
vn 0.000024 1.000000 -0.000031
vn 0.000023 1.000000 -0.000031
vn 0.000047 1.000000 -0.000061
vn 0.000047 1.000000 -0.000061
vn -0.682968 0.000000 0.730449
vn -0.630993 0.000000 0.775789
vn -0.653392 0.000000 0.757020
vn -0.630993 0.000000 0.775789
vn -0.630993 0.000000 0.775789
vn -0.653392 0.000000 0.757020
vn 0.629126 0.000000 -0.777304
vn 0.682010 0.000000 -0.731343
vn 0.652168 0.000000 -0.758074
vn 0.682010 0.000000 -0.731343
vn 0.629126 0.000000 -0.777304
vn 0.629125 0.000000 -0.777304
vn -0.881946 0.000000 -0.471350
vn -0.881946 0.000000 -0.471350
vn -0.881946 0.000000 -0.471350
vn -0.881946 0.000000 -0.471350
vn -0.881946 0.000000 -0.471350
vn -0.881946 0.000000 -0.471350
vn -0.772169 0.000000 0.635417
vn -0.772169 0.000000 0.635417
vn -0.682968 0.000000 0.730449
vn -0.772169 0.000000 0.635417
vn -0.682968 0.000000 0.730449
vn -0.653392 0.000000 0.757020
vn 0.773701 0.000000 -0.633551
vn 0.652168 0.000000 -0.758074
vn 0.773687 0.000000 -0.633568
vn 0.773687 0.000000 -0.633568
vn 0.652168 0.000000 -0.758074
vn 0.682010 0.000000 -0.731343
vn -0.841918 0.000000 0.539605
vn -0.841918 0.000000 0.539605
vn -0.772169 0.000000 0.635417
vn -0.841918 0.000000 0.539605
vn -0.772169 0.000000 0.635417
vn -0.772169 0.000000 0.635417
vn 0.773701 0.000000 -0.633551
vn 0.843523 0.000000 -0.537093
vn 0.843523 0.000000 -0.537093
vn 0.843523 0.000000 -0.537093
vn 0.773701 0.000000 -0.633551
vn 0.773687 0.000000 -0.633568
vn -0.900629 0.000000 0.434589
vn -0.900629 0.000000 0.434589
vn -0.841918 0.000000 0.539605
vn -0.900629 0.000000 0.434589
vn -0.841918 0.000000 0.539605
vn -0.841918 0.000000 0.539605
vn 0.843523 0.000000 -0.537093
vn 0.892823 0.000000 -0.450409
vn 0.892823 0.000000 -0.450409
vn 0.892823 0.000000 -0.450409
vn 0.843523 0.000000 -0.537093
vn 0.843523 0.000000 -0.537093
vn -0.946866 0.000000 0.321627
vn -0.946866 0.000000 0.321627
vn -0.900629 0.000000 0.434589
vn -0.946866 0.000000 0.321627
vn -0.900629 0.000000 0.434589
vn -0.900629 0.000000 0.434589
vn 0.892823 0.000000 -0.450409
vn 0.940743 0.000000 -0.339120
vn 0.940743 0.000000 -0.339120
vn 0.940743 0.000000 -0.339120
vn 0.892823 0.000000 -0.450409
vn 0.892823 0.000000 -0.450409
vn -0.979308 0.000000 0.202376
vn -0.979306 0.000000 0.202385
vn -0.946866 0.000000 0.321627
vn -0.979308 0.000000 0.202376
vn -0.946866 0.000000 0.321627
vn -0.946866 0.000000 0.321627
vn 0.940743 0.000000 -0.339120
vn 0.979297 0.000000 -0.202430
vn 0.979291 0.000000 -0.202457
vn 0.979297 0.000000 -0.202430
vn 0.940743 0.000000 -0.339120
vn 0.940743 0.000000 -0.339120
vn -0.996156 0.000000 0.087598
vn -0.998325 0.000000 0.057850
vn -0.979308 0.000000 0.202376
vn -0.998325 0.000000 0.057850
vn -0.979306 0.000000 0.202385
vn -0.979308 0.000000 0.202376
vn 0.995932 0.000000 -0.090113
vn 0.979297 0.000000 -0.202430
vn 0.998200 0.000000 -0.059980
vn 0.979297 0.000000 -0.202430
vn 0.995932 0.000000 -0.090113
vn 0.979291 0.000000 -0.202457
vn -0.999434 0.000000 0.033630
vn -0.996156 0.000000 0.087598
vn -0.999529 0.000000 0.030693
vn -0.996156 0.000000 0.087598
vn -0.999434 0.000000 0.033630
vn -0.998325 0.000000 0.057850
vn 0.999508 0.000000 -0.031372
vn 0.998200 0.000000 -0.059980
vn 0.999403 0.000000 -0.034556
vn 0.998200 0.000000 -0.059980
vn 0.999508 0.000000 -0.031372
vn 0.995932 0.000000 -0.090113
vn -0.999700 0.000000 0.024502
vn -0.999529 0.000000 0.030693
vn -0.999700 0.000000 0.024502
vn -0.999529 0.000000 0.030693
vn -0.999700 0.000000 0.024502
vn -0.999434 0.000000 0.033630
vn 0.999705 0.000000 -0.024284
vn 0.999508 0.000000 -0.031372
vn 0.999705 0.000000 -0.024285
vn 0.999705 0.000000 -0.024285
vn 0.999508 0.000000 -0.031372
vn 0.999403 0.000000 -0.034556
vn -0.999634 0.000000 0.027058
vn -0.999688 0.000000 0.024965
vn -0.999700 0.000000 0.024502
vn -0.999634 0.000000 0.027058
vn -0.999700 0.000000 0.024502
vn -0.999700 0.000000 0.024502
vn 0.999628 0.000000 -0.027263
vn 0.999705 0.000000 -0.024284
vn 0.999692 0.000000 -0.024824
vn 0.999692 0.000000 -0.024824
vn 0.999705 0.000000 -0.024284
vn 0.999705 0.000000 -0.024285
vn -0.999634 0.000000 0.027058
vn -0.999601 0.000000 0.028250
vn -0.999601 0.000000 0.028250
vn 0.999590 0.000000 -0.028625
vn 0.999628 0.000000 -0.027263
vn 0.999692 0.000000 -0.024824
vn -0.630993 0.000000 0.775789
vn -0.653392 0.000000 0.757020
vn -0.630993 0.000000 0.775789
vn -0.630993 0.000000 0.775789
vn -0.630993 0.000000 0.775789
vn -0.630993 0.000000 0.775789
vn 0.815681 0.000000 0.578502
vn 0.815681 0.000000 0.578502
vn 0.815681 0.000000 0.578502
vn 0.815681 0.000000 0.578502
vn 0.815681 0.000000 0.578502
vn 0.815681 0.000000 0.578502
vn 0.629126 0.000000 -0.777304
vn 0.652168 0.000000 -0.758074
vn 0.629126 0.000000 -0.777304
vn 0.652168 0.000000 -0.758074
vn 0.629126 0.000000 -0.777304
vn 0.629126 0.000000 -0.777304
vn -0.881946 0.000000 -0.471350
vn -0.881946 0.000000 -0.471350
vn -0.881946 0.000000 -0.471350
vn -0.881946 0.000000 -0.471350
vn -0.881946 0.000000 -0.471350
vn -0.881946 0.000000 -0.471350
vn 0.022170 0.000000 0.999754
vn 0.022170 0.000000 0.999754
vn 0.022170 0.000000 0.999754
vn 0.022170 0.000000 0.999754
vn 0.022170 0.000000 0.999754
vn 0.022170 0.000000 0.999754
vn -0.999601 0.000000 0.028250
vn -0.999630 0.000000 0.027186
vn -0.999616 0.000000 0.027717
vn -0.999630 0.000000 0.027186
vn -0.999601 0.000000 0.028250
vn -0.999634 0.000000 0.027058
vn 0.022170 0.000000 0.999754
vn 0.022170 0.000000 0.999754
vn 0.022170 0.000000 0.999754
vn 0.022170 0.000000 0.999754
vn 0.022170 0.000000 0.999754
vn 0.022170 0.000000 0.999754
vn 0.999607 0.000000 -0.028018
vn 0.999628 0.000000 -0.027263
vn 0.999590 0.000000 -0.028625
vn 0.999628 0.000000 -0.027263
vn 0.999607 0.000000 -0.028018
vn 0.999624 0.000000 -0.027410
vn -0.033646 0.000000 -0.999434
vn -0.033646 0.000000 -0.999434
vn -0.033646 0.000000 -0.999434
vn -0.033646 0.000000 -0.999434
vn -0.033646 0.000000 -0.999434
vn -0.033646 0.000000 -0.999434
vn 0.000000 -1.000000 0.000000
vn 0.000000 -1.000000 0.000000
vn 0.000000 -1.000000 0.000000
vn 0.000000 -1.000000 0.000000
vn 0.000000 -1.000000 0.000000
vn 0.000000 -1.000000 0.000000
vn -0.001645 -0.999998 0.001363
vn -0.001557 -0.999998 0.001447
vn -0.001557 -0.999998 0.001447
vn -0.001557 -0.999998 0.001447
vn -0.001645 -0.999998 0.001363
vn -0.001659 -0.999998 0.001351
vn -0.001821 -0.999998 0.001169
vn -0.001659 -0.999998 0.001351
vn -0.001645 -0.999998 0.001363
vn -0.001659 -0.999998 0.001351
vn -0.001821 -0.999998 0.001169
vn -0.001826 -0.999998 0.001162
vn -0.001932 -0.999998 0.000953
vn -0.001826 -0.999998 0.001162
vn -0.001821 -0.999998 0.001169
vn -0.001826 -0.999998 0.001162
vn -0.001932 -0.999998 0.000953
vn -0.001931 -0.999998 0.000956
vn -0.001932 -0.999998 0.000953
vn -0.001990 -0.999998 0.000703
vn -0.001931 -0.999998 0.000956
vn -0.001990 -0.999998 0.000703
vn -0.001932 -0.999998 0.000953
vn -0.001992 -0.999998 0.000692
vn -0.001958 -0.999998 0.000412
vn -0.001992 -0.999998 0.000692
vn -0.001956 -0.999998 0.000407
vn -0.001992 -0.999998 0.000692
vn -0.001958 -0.999998 0.000412
vn -0.001990 -0.999998 0.000703
vn -0.001437 -0.999999 0.000141
vn -0.001956 -0.999998 0.000407
vn -0.001425 -0.999999 0.000138
vn -0.001956 -0.999998 0.000407
vn -0.001437 -0.999999 0.000141
vn -0.001958 -0.999998 0.000412
vn -0.000529 -1.000000 0.000009
vn -0.000533 -1.000000 0.000009
vn -0.001437 -0.999999 0.000141
vn -0.000529 -1.000000 0.000009
vn -0.001437 -0.999999 0.000141
vn -0.001425 -0.999999 0.000138
vn -0.000048 -1.000000 0.000004
vn -0.000529 -1.000000 0.000009
vn -0.000048 -1.000000 0.000004
vn -0.000529 -1.000000 0.000009
vn -0.000048 -1.000000 0.000004
vn -0.000533 -1.000000 0.000009
vn 0.000000 -1.000000 -0.000000
vn 0.000000 -1.000000 -0.000000
vn -0.000048 -1.000000 0.000004
vn 0.000000 -1.000000 -0.000000
vn -0.000048 -1.000000 0.000004
vn -0.000048 -1.000000 0.000004
vn 0.000000 -1.000000 0.000000
vn 0.000000 -1.000000 -0.000000
vn 0.000000 -1.000000 0.000000
vn 0.000000 -1.000000 -0.000000
vn 0.000000 -1.000000 0.000000
vn 0.000000 -1.000000 -0.000000
vn -0.000312 -0.999995 -0.003106
vn 0.000000 -1.000000 0.000000
vn -0.000312 -0.999995 -0.003106
vn 0.000000 -1.000000 0.000000
vn -0.000312 -0.999995 -0.003106
vn 0.000000 -1.000000 0.000000
vn -0.000619 -0.999981 -0.006161
vn -0.000619 -0.999981 -0.006161
vn -0.000312 -0.999995 -0.003106
vn -0.000619 -0.999981 -0.006161
vn -0.000312 -0.999995 -0.003106
vn -0.000312 -0.999995 -0.003106
vn 0.000000 -1.000000 -0.000000
vn 0.000000 -1.000000 -0.000000
vn 0.000000 -1.000000 -0.000000
vn 0.000000 -1.000000 -0.000000
vn 0.000000 -1.000000 -0.000000
vn 0.000000 -1.000000 -0.000000
vn 0.001560 0.999998 -0.001443
vn 0.001560 0.999998 -0.001443
vn 0.001647 0.999998 -0.001361
vn 0.001560 0.999998 -0.001443
vn 0.001660 0.999998 -0.001348
vn 0.001647 0.999998 -0.001361
vn 0.001820 0.999998 -0.001167
vn 0.001647 0.999998 -0.001361
vn 0.001660 0.999998 -0.001348
vn 0.001820 0.999998 -0.001167
vn 0.001660 0.999998 -0.001348
vn 0.001825 0.999998 -0.001161
vn 0.001931 0.999998 -0.000952
vn 0.001820 0.999998 -0.001167
vn 0.001825 0.999998 -0.001161
vn 0.001931 0.999998 -0.000952
vn 0.001825 0.999998 -0.001161
vn 0.001930 0.999998 -0.000956
vn 0.001931 0.999998 -0.000952
vn 0.001990 0.999998 -0.000703
vn 0.001992 0.999998 -0.000693
vn 0.001990 0.999998 -0.000703
vn 0.001931 0.999998 -0.000952
vn 0.001930 0.999998 -0.000956
vn 0.001992 0.999998 -0.000693
vn 0.001958 0.999998 -0.000411
vn 0.001956 0.999998 -0.000406
vn 0.001958 0.999998 -0.000411
vn 0.001992 0.999998 -0.000693
vn 0.001990 0.999998 -0.000703
vn 0.001437 0.999999 -0.000141
vn 0.001956 0.999998 -0.000406
vn 0.001958 0.999998 -0.000411
vn 0.001956 0.999998 -0.000406
vn 0.001437 0.999999 -0.000141
vn 0.001425 0.999999 -0.000138
vn 0.000529 1.000000 -0.000008
vn 0.001437 0.999999 -0.000141
vn 0.000534 1.000000 -0.000008
vn 0.001437 0.999999 -0.000141
vn 0.000529 1.000000 -0.000008
vn 0.001425 0.999999 -0.000138
vn 0.000040 1.000000 -0.000301
vn 0.000529 1.000000 -0.000008
vn 0.000534 1.000000 -0.000008
vn 0.000529 1.000000 -0.000008
vn 0.000040 1.000000 -0.000301
vn 0.000039 1.000000 -0.000302
vn -0.000017 1.000000 -0.000597
vn 0.000040 1.000000 -0.000301
vn -0.000017 1.000000 -0.000597
vn 0.000040 1.000000 -0.000301
vn -0.000017 1.000000 -0.000597
vn 0.000039 1.000000 -0.000302
vn 0.000007 1.000000 0.000296
vn 0.000013 1.000000 0.000597
vn 0.000013 1.000000 0.000597
vn 0.000013 1.000000 0.000597
vn 0.000007 1.000000 0.000296
vn 0.000007 1.000000 0.000296
vn 0.000206 0.999982 0.006070
vn 0.000007 1.000000 0.000296
vn 0.000210 0.999981 0.006186
vn 0.000007 1.000000 0.000296
vn 0.000206 0.999982 0.006070
vn 0.000007 1.000000 0.000296
vn 0.000414 0.999925 0.012207
vn 0.000210 0.999981 0.006186
vn 0.000414 0.999925 0.012207
vn 0.000210 0.999981 0.006186
vn 0.000414 0.999925 0.012207
vn 0.000206 0.999982 0.006070
vn -0.682967 0.000000 0.730449
vn -0.630993 0.000000 0.775789
vn -0.637461 0.000000 0.770482
vn -0.630993 0.000000 0.775789
vn -0.630993 0.000000 0.775789
vn -0.637461 0.000000 0.770482
vn 0.629126 0.000000 -0.777304
vn 0.682046 0.000000 -0.731309
vn 0.635816 0.000000 -0.771841
vn 0.682046 0.000000 -0.731309
vn 0.629126 0.000000 -0.777304
vn 0.629126 0.000000 -0.777304
vn -0.881946 0.000000 -0.471350
vn -0.881946 0.000000 -0.471350
vn -0.881946 0.000000 -0.471350
vn -0.881946 0.000000 -0.471350
vn -0.881946 0.000000 -0.471350
vn -0.881946 0.000000 -0.471350
vn -0.772169 0.000000 0.635418
vn -0.637461 0.000000 0.770482
vn -0.772169 0.000000 0.635418
vn -0.637461 0.000000 0.770482
vn -0.772169 0.000000 0.635418
vn -0.682967 0.000000 0.730449
vn 0.773715 0.000000 -0.633534
vn 0.635816 0.000000 -0.771841
vn 0.773715 0.000000 -0.633534
vn 0.773715 0.000000 -0.633534
vn 0.635816 0.000000 -0.771841
vn 0.682046 0.000000 -0.731309
vn -0.841919 0.000000 0.539605
vn -0.841919 0.000000 0.539605
vn -0.772169 0.000000 0.635418
vn -0.841919 0.000000 0.539605
vn -0.772169 0.000000 0.635418
vn -0.772169 0.000000 0.635418
vn 0.773715 0.000000 -0.633534
vn 0.843523 0.000000 -0.537093
vn 0.843523 0.000000 -0.537093
vn 0.843523 0.000000 -0.537093
vn 0.773715 0.000000 -0.633534
vn 0.773715 0.000000 -0.633534
vn -0.900629 0.000000 0.434589
vn -0.900629 0.000000 0.434589
vn -0.841919 0.000000 0.539605
vn -0.900629 0.000000 0.434589
vn -0.841919 0.000000 0.539605
vn -0.841919 0.000000 0.539605
vn 0.843523 0.000000 -0.537093
vn 0.892823 0.000000 -0.450409
vn 0.892823 0.000000 -0.450409
vn 0.892823 0.000000 -0.450409
vn 0.843523 0.000000 -0.537093
vn 0.843523 0.000000 -0.537093
vn -0.946866 0.000000 0.321627
vn -0.946866 0.000000 0.321627
vn -0.900629 0.000000 0.434589
vn -0.946866 0.000000 0.321627
vn -0.900629 0.000000 0.434589
vn -0.900629 0.000000 0.434589
vn 0.892823 0.000000 -0.450409
vn 0.940743 0.000000 -0.339120
vn 0.940743 0.000000 -0.339120
vn 0.940743 0.000000 -0.339120
vn 0.892823 0.000000 -0.450409
vn 0.892823 0.000000 -0.450409
vn -0.979308 0.000000 0.202376
vn -0.979306 0.000000 0.202385
vn -0.946866 0.000000 0.321627
vn -0.979308 0.000000 0.202376
vn -0.946866 0.000000 0.321627
vn -0.946866 0.000000 0.321627
vn 0.940743 0.000000 -0.339120
vn 0.979289 0.000000 -0.202467
vn 0.979288 0.000000 -0.202475
vn 0.979289 0.000000 -0.202467
vn 0.940743 0.000000 -0.339120
vn 0.940743 0.000000 -0.339120
vn -0.996152 0.000000 0.087646
vn -0.979308 0.000000 0.202376
vn -0.996155 0.000000 0.087605
vn -0.979308 0.000000 0.202376
vn -0.996152 0.000000 0.087646
vn -0.979306 0.000000 0.202385
vn 0.995931 0.000000 -0.090122
vn 0.979289 0.000000 -0.202467
vn 0.995934 0.000000 -0.090086
vn 0.979289 0.000000 -0.202467
vn 0.995931 0.000000 -0.090122
vn 0.979288 0.000000 -0.202475
vn -0.999529 0.000000 0.030697
vn -0.996155 0.000000 0.087605
vn -0.999529 0.000000 0.030693
vn -0.996155 0.000000 0.087605
vn -0.999529 0.000000 0.030697
vn -0.996152 0.000000 0.087646
vn 0.999508 0.000000 -0.031370
vn 0.995934 0.000000 -0.090086
vn 0.999508 0.000000 -0.031366
vn 0.995934 0.000000 -0.090086
vn 0.999508 0.000000 -0.031370
vn 0.995931 0.000000 -0.090122
vn -0.999700 0.000000 0.024501
vn -0.999529 0.000000 0.030693
vn -0.999700 0.000000 0.024501
vn -0.999529 0.000000 0.030693
vn -0.999700 0.000000 0.024501
vn -0.999529 0.000000 0.030697
vn 0.999705 0.000000 -0.024284
vn 0.999508 0.000000 -0.031366
vn 0.999705 0.000000 -0.024284
vn 0.999508 0.000000 -0.031366
vn 0.999705 0.000000 -0.024284
vn 0.999508 0.000000 -0.031370
vn -0.999668 0.000000 0.025781
vn -0.999630 0.000000 0.027186
vn -0.999700 0.000000 0.024501
vn -0.999668 0.000000 0.025781
vn -0.999700 0.000000 0.024501
vn -0.999700 0.000000 0.024501
vn 0.999668 0.000000 -0.025782
vn 0.999705 0.000000 -0.024284
vn 0.999624 0.000000 -0.027410
vn 0.999705 0.000000 -0.024284
vn 0.999668 0.000000 -0.025782
vn 0.999705 0.000000 -0.024284
vn -0.999635 0.000000 0.027012
vn -0.999616 0.000000 0.027717
vn -0.999630 0.000000 0.027186
vn -0.999635 0.000000 0.027012
vn -0.999630 0.000000 0.027186
vn -0.999668 0.000000 0.025781
vn 0.999668 0.000000 -0.025782
vn 0.999607 0.000000 -0.028018
vn 0.999630 0.000000 -0.027208
vn 0.999607 0.000000 -0.028018
vn 0.999668 0.000000 -0.025782
vn 0.999624 0.000000 -0.027410
vn -0.999756 0.000000 0.022075
vn -0.999635 0.000000 0.027012
vn -0.999756 0.000000 0.022068
vn -0.999635 0.000000 0.027012
vn -0.999756 0.000000 0.022075
vn -0.999616 0.000000 0.027717
vn 0.999763 0.000000 -0.021756
vn 0.999630 0.000000 -0.027208
vn 0.999763 0.000000 -0.021766
vn 0.999763 0.000000 -0.021766
vn 0.999630 0.000000 -0.027208
vn 0.999607 0.000000 -0.028018
vn -0.999728 0.000000 0.023329
vn -0.999756 0.000000 0.022068
vn -0.999483 0.000000 0.032155
vn -0.999756 0.000000 0.022068
vn -0.999728 0.000000 0.023329
vn -0.999756 0.000000 0.022075
vn 0.999777 0.000000 -0.021111
vn 0.999763 0.000000 -0.021756
vn 0.999820 0.000000 -0.018998
vn 0.999820 0.000000 -0.018998
vn 0.999763 0.000000 -0.021756
vn 0.999763 0.000000 -0.021766
vn -0.999483 0.000000 0.032155
vn -0.999452 0.000000 0.033093
vn -0.999452 0.000000 0.033093
vn 0.999772 0.000000 -0.021330
vn 0.999777 0.000000 -0.021111
vn 0.999820 0.000000 -0.018998
vn -0.630993 0.000000 0.775789
vn -0.637461 0.000000 0.770482
vn -0.630993 0.000000 0.775789
vn -0.630993 0.000000 0.775789
vn -0.630993 0.000000 0.775789
vn -0.630993 0.000000 0.775789
vn 0.815681 0.000000 0.578502
vn 0.815681 0.000000 0.578502
vn 0.815681 0.000000 0.578502
vn 0.815681 0.000000 0.578502
vn 0.815681 0.000000 0.578502
vn 0.815681 0.000000 0.578502
vn 0.629126 0.000000 -0.777304
vn 0.635816 0.000000 -0.771841
vn 0.629126 0.000000 -0.777304
vn 0.635816 0.000000 -0.771841
vn 0.629126 0.000000 -0.777304
vn 0.629126 0.000000 -0.777304
vn -0.881946 0.000000 -0.471350
vn -0.881946 0.000000 -0.471350
vn -0.881946 0.000000 -0.471350
vn -0.881946 0.000000 -0.471350
vn -0.881946 0.000000 -0.471350
vn -0.881946 0.000000 -0.471350
vn 0.022240 0.000000 0.999753
vn 0.022241 0.000000 0.999753
vn 0.022241 0.000000 0.999753
vn 0.022241 0.000000 0.999753
vn 0.022240 0.000000 0.999753
vn 0.022240 0.000000 0.999753
vn -0.999452 0.000000 0.033093
vn -0.999452 0.000000 0.033093
vn -0.999452 0.000000 0.033093
vn -0.999452 0.000000 0.033093
vn -0.999452 0.000000 0.033093
vn -0.999483 0.000000 0.032155
vn 0.022241 0.000000 0.999753
vn 0.022241 0.000000 0.999753
vn 0.022241 0.000000 0.999753
vn 0.022241 0.000000 0.999753
vn 0.022241 0.000000 0.999753
vn 0.022241 0.000000 0.999753
vn 0.999772 0.000000 -0.021330
vn 0.999772 0.000000 -0.021330
vn 0.999772 0.000000 -0.021330
vn 0.999772 0.000000 -0.021330
vn 0.999772 0.000000 -0.021330
vn 0.999777 0.000000 -0.021111
vn -0.037543 0.000000 -0.999295
vn -0.037543 0.000000 -0.999295
vn -0.037543 0.000000 -0.999295
vn -0.037543 0.000000 -0.999295
vn -0.037543 0.000000 -0.999295
vn -0.037543 0.000000 -0.999295
vn -0.999728 0.000000 0.023329
vn -0.999483 0.000000 0.032155
vn -0.999452 0.000000 0.033093
vn 0.999772 0.000000 -0.021330
vn 0.999772 0.000000 -0.021330
vn 0.999777 0.000000 -0.021111
vn 0.999590 0.000000 -0.028625
vn 0.999590 0.000000 -0.028625
vn 0.999628 0.000000 -0.027263
vn 0.999318 0.000000 -0.036919
vn 0.999318 0.000000 -0.036919
vn 0.998031 0.000000 -0.062729
vn -0.994441 0.000000 0.105291
vn -0.998167 0.000000 0.060523
vn -0.999357 0.000000 0.035869
vn -0.999688 0.000000 0.024965
vn -0.999634 0.000000 0.027058
vn -0.999601 0.000000 0.028250
vn -0.239798 0.882762 -0.404015
vn -0.350303 0.873594 -0.337819
vn -0.076379 0.994424 -0.072708
vn -0.159885 0.986771 -0.026822
vn -0.487518 0.842299 -0.229911
vn -0.370101 0.927359 0.055044
vn -0.116286 0.886673 -0.447536
vn -0.040260 0.995115 -0.090135
vn -0.024508 0.995090 -0.095893
vn -0.165400 0.886264 -0.432642
vn -0.008876 0.999961 0.000190
vn -0.001173 0.999993 -0.003618
vn -0.037584 0.999170 0.015703
vn -0.000000 0.995266 -0.097191
vn -0.000176 0.999995 -0.003226
vn 0.000000 0.999995 -0.003182
vn -0.004686 0.995257 -0.097171
vn -0.000362 0.999995 -0.003317
vn -0.009935 0.995240 -0.096947
vn -0.047533 0.887954 -0.457469
vn -0.016259 0.995195 -0.096550
vn -0.077743 0.887340 -0.454515
vn -0.000001 0.888438 -0.458996
vn -0.022387 0.888308 -0.458702
vn -0.034747 -0.996361 -0.077829
vn -0.066391 -0.995832 -0.062531
vn -0.172074 -0.874821 -0.452857
vn -0.248058 -0.869850 -0.426412
vn -0.121319 -0.875610 -0.467534
vn -0.020996 -0.996338 -0.082881
vn -0.149392 -0.988626 -0.017312
vn -0.516672 -0.820510 -0.244566
vn -0.363890 -0.858839 -0.360528
vn -0.384497 -0.920490 0.069710
vn -0.027386 -0.999307 0.025203
vn -0.108804 -0.991751 0.067770
vn -0.336133 -0.924950 0.177430
vn -0.081042 -0.876448 -0.474627
vn -0.013799 -0.996434 -0.083237
vn -0.049511 -0.877215 -0.477538
vn -0.008358 -0.996482 -0.083384
vn 0.002012 -0.999960 0.008668
vn 0.001613 -0.999959 0.008920
vn 0.001111 -0.999957 0.009170
vn -0.023299 -0.877670 -0.478700
vn -0.003912 -0.996506 -0.083433
vn 0.000000 -0.877838 -0.478958
vn 0.000000 -0.996517 -0.083386
vn 0.205927 -0.015101 0.978451
vn 0.182509 -0.499416 0.846921
vn 0.207305 -0.015823 0.978148
vn 0.177711 -0.484610 0.856488
vn 0.097351 -0.891653 0.442129
vn 0.084995 -0.882648 0.462287
vn 0.083953 -0.898670 0.430515
vn 0.157265 -0.510176 0.845570
vn 0.179204 -0.016232 0.983678
vn 0.123492 -0.014343 0.992242
vn 0.105347 -0.460390 0.881444
vn -0.177336 -0.014424 0.984045
vn -0.163465 -0.453474 0.876151
vn -0.101487 -0.849004 0.518548
vn 0.027409 -0.873613 0.485849
vn 0.123527 0.014354 0.992237
vn 0.205900 0.015123 0.978456
vn 0.207295 0.015840 0.978150
vn 0.179201 0.016246 0.983678
vn -0.847701 -0.506409 0.157967
vn -0.983964 -0.014634 0.177764
vn -0.817582 -0.431282 -0.381517
vn -0.910726 -0.014053 -0.412772
vn -0.312543 -0.478660 -0.820488
vn -0.435971 -0.464671 -0.770720
vn -0.359262 -0.015605 -0.933106
vn -0.496988 -0.014784 -0.867631
vn -0.256087 -0.015951 -0.966522
vn -0.222564 -0.484138 -0.846213
vn -0.496987 0.014804 -0.867632
vn -0.359266 0.015628 -0.933104
vn -0.692851 0.014025 -0.720944
vn -0.692861 -0.014021 -0.720935
vn -0.910777 0.014033 -0.412660
vn -0.616387 -0.439814 -0.653170
vn 0.136562 -0.016402 0.990496
vn 0.075669 -0.518307 0.851841
vn 0.087268 -0.016480 0.996049
vn 0.118804 -0.515571 0.848571
vn 0.061924 -0.902266 0.426710
vn 0.039158 -0.904140 0.425439
vn 0.136558 0.016416 0.990496
vn 0.087264 0.016494 0.996049
vn 0.039487 0.016497 0.999084
vn 0.000000 -0.016478 0.999864
vn 0.000000 0.016492 0.999864
vn 0.039489 -0.016483 0.999084
vn 0.034266 -0.519006 0.854084
vn 0.017810 -0.904912 0.425226
vn -0.000000 -0.905173 0.425044
vn -0.000000 -0.519149 0.854684
vn -0.105292 -0.016110 -0.994311
vn -0.049563 -0.016132 -0.998641
vn -0.091382 -0.487601 -0.868271
vn -0.043026 -0.488236 -0.871650
vn 0.000000 -0.016140 -0.999870
vn 0.000000 -0.488460 -0.872587
vn -0.105292 0.016136 -0.994310
vn -0.049563 0.016159 -0.998640
vn -0.256088 0.015975 -0.966522
vn -0.171877 -0.016058 -0.984988
vn -0.171878 0.016084 -0.984987
vn -0.149213 -0.486323 -0.860944
vn -0.090324 0.505761 -0.857932
vn -0.042531 0.506378 -0.861262
vn -0.000000 0.506598 -0.862183
vn -0.000000 0.016167 -0.999869
vn -0.147483 0.504500 -0.850722
vn -0.219993 0.502303 -0.836239
vn -0.432051 0.483655 -0.761190
vn -0.309207 0.497017 -0.810781
vn -0.611063 0.458901 -0.644991
vn -0.809174 0.449779 -0.378070
vn -0.837552 0.524752 0.152128
vn -0.983918 0.014608 0.178025
vn -0.751042 0.542444 0.376418
vn -0.891216 0.014974 0.453332
vn -0.325430 0.931705 0.161314
vn 0.174698 0.494230 0.851597
vn 0.101806 0.471146 0.876160
vn 0.076973 0.889885 0.449644
vn 0.016763 0.882143 0.470683
vn -0.104878 0.861424 0.496940
vn -0.163683 0.464949 0.870075
vn -0.177132 0.014412 0.984082
vn 0.181018 0.507985 0.842130
vn 0.156280 0.518502 0.840674
vn 0.081601 0.904266 0.419100
vn 0.093592 0.897757 0.430434
vn 0.075120 0.526462 0.846874
vn 0.117999 0.523828 0.843611
vn 0.037896 0.909347 0.414309
vn 0.060057 0.907630 0.415453
vn 0.033997 0.527049 0.849155
vn -0.000000 0.527143 0.849777
vn 0.000000 0.910262 0.414032
vn 0.017191 0.910032 0.414180
vn -0.000648 0.999994 -0.003429
vn -0.120193 0.990975 0.059341
vn -0.759573 -0.524931 0.384051
vn -0.891291 -0.014954 0.453185
vn -0.003669 -0.999922 0.011937
vn 0.000556 -0.999956 0.009374
vn -0.000000 -0.999955 0.009458
vn 0.003539 0.996709 0.080990
vn 0.007672 0.996714 0.080639
vn 0.000001 0.996705 0.081111
vn 0.012179 0.996682 0.080473
vn 0.016935 0.996594 0.080709
vn 0.014522 0.996211 0.085753
vn -0.010089 0.994728 0.102050
vn -0.081616 0.986956 0.138769
vn -0.262742 0.931067 0.253142
vn -0.623205 0.530473 0.574643
vn -0.722407 0.014810 0.691309
vn -0.722535 -0.014797 0.691176
vn -0.629047 -0.515527 0.581835
vn -0.268962 -0.925385 0.267062
vn -0.002312 -0.994285 0.106731
vn -0.071342 -0.987190 0.142710
vn 0.017646 -0.995589 0.092145
vn 0.018596 -0.996002 0.087370
vn 0.008581 -0.996143 0.087320
vn 0.013482 -0.996109 0.087096
vn 0.004012 -0.996136 0.087736
vn -0.000000 -0.996131 0.087883
vn 0.159885 0.986771 -0.026820
vn 0.487526 0.842293 -0.229916
vn 0.350305 0.873590 -0.337828
vn 0.370102 0.927359 0.055048
vn 0.076379 0.994424 -0.072708
vn 0.239797 0.882759 -0.404022
vn 0.037584 0.999170 0.015706
vn 0.120193 0.990975 0.059345
vn 0.325428 0.931705 0.161317
vn 0.040260 0.995115 -0.090136
vn 0.116286 0.886672 -0.447538
vn 0.024507 0.995090 -0.095893
vn 0.165401 0.886261 -0.432647
vn 0.008876 0.999961 0.000190
vn 0.001172 0.999993 -0.003618
vn 0.010090 0.994728 0.102050
vn -0.014522 0.996210 0.085754
vn -0.016936 0.996594 0.080710
vn -0.007672 0.996714 0.080639
vn 0.000176 0.999995 -0.003225
vn -0.003539 0.996709 0.080990
vn 0.000362 0.999995 -0.003316
vn 0.077743 0.887341 -0.454513
vn 0.016259 0.995195 -0.096550
vn 0.047533 0.887955 -0.457467
vn 0.009936 0.995240 -0.096947
vn 0.000648 0.999994 -0.003429
vn 0.004686 0.995257 -0.097171
vn 0.022386 0.888308 -0.458702
vn 0.121319 -0.875610 -0.467535
vn 0.034748 -0.996361 -0.077828
vn 0.020997 -0.996338 -0.082882
vn 0.172074 -0.874821 -0.452856
vn 0.066390 -0.995833 -0.062530
vn 0.248058 -0.869851 -0.426411
vn 0.003669 -0.999922 0.011937
vn 0.027386 -0.999307 0.025203
vn -0.002011 -0.999960 0.008669
vn 0.149392 -0.988626 -0.017312
vn 0.516674 -0.820510 -0.244566
vn 0.384497 -0.920491 0.069709
vn 0.363890 -0.858838 -0.360529
vn 0.108803 -0.991751 0.067770
vn 0.336133 -0.924951 0.177429
vn 0.268962 -0.925385 0.267063
vn 0.071341 -0.987190 0.142711
vn 0.002311 -0.994285 0.106730
vn 0.013799 -0.996434 -0.083238
vn 0.081042 -0.876448 -0.474627
vn -0.001612 -0.999959 0.008921
vn -0.001111 -0.999957 0.009170
vn 0.008358 -0.996482 -0.083383
vn 0.049510 -0.877215 -0.477538
vn -0.013482 -0.996109 0.087096
vn -0.008581 -0.996143 0.087320
vn -0.018596 -0.996002 0.087369
vn 0.003912 -0.996506 -0.083432
vn 0.023299 -0.877670 -0.478699
vn -0.000556 -0.999956 0.009374
vn -0.083952 -0.898670 0.430516
vn -0.182509 -0.499415 0.846921
vn -0.157264 -0.510176 0.845570
vn -0.097351 -0.891653 0.442130
vn -0.177711 -0.484610 0.856488
vn -0.084995 -0.882649 0.462285
vn -0.205927 -0.015101 0.978451
vn -0.207305 -0.015823 0.978148
vn -0.179204 -0.016232 0.983678
vn -0.105347 -0.460390 0.881444
vn 0.101487 -0.849003 0.518551
vn 0.163465 -0.453473 0.876151
vn -0.027409 -0.873613 0.485850
vn -0.123491 -0.014343 0.992242
vn 0.177336 -0.014424 0.984045
vn -0.123527 0.014354 0.992237
vn 0.177132 0.014412 0.984082
vn -0.207295 0.015840 0.978150
vn -0.205900 0.015123 0.978456
vn 0.847701 -0.506409 0.157966
vn 0.817583 -0.431283 -0.381515
vn 0.983964 -0.014634 0.177764
vn 0.910726 -0.014053 -0.412772
vn 0.759573 -0.524932 0.384051
vn 0.891291 -0.014954 0.453185
vn 0.910777 0.014033 -0.412660
vn 0.983917 0.014608 0.178026
vn 0.222565 -0.484138 -0.846212
vn 0.312543 -0.478661 -0.820488
vn 0.256086 -0.015951 -0.966522
vn 0.359262 -0.015605 -0.933106
vn 0.435971 -0.464671 -0.770720
vn 0.496988 -0.014784 -0.867631
vn 0.359266 0.015628 -0.933104
vn 0.256088 0.015975 -0.966522
vn 0.692851 0.014025 -0.720945
vn 0.692860 -0.014021 -0.720935
vn 0.496987 0.014804 -0.867632
vn 0.616386 -0.439814 -0.653170
vn -0.118804 -0.515571 0.848571
vn -0.061924 -0.902266 0.426711
vn -0.136561 -0.016402 0.990496
vn -0.087268 -0.016480 0.996049
vn -0.075668 -0.518307 0.851840
vn -0.039158 -0.904139 0.425440
vn -0.136558 0.016416 0.990496
vn -0.179201 0.016246 0.983678
vn -0.087264 0.016494 0.996049
vn -0.039489 -0.016483 0.999084
vn -0.039487 0.016497 0.999084
vn -0.034266 -0.519007 0.854083
vn -0.017811 -0.904912 0.425226
vn 0.043026 -0.488236 -0.871650
vn 0.049563 -0.016132 -0.998641
vn 0.091381 -0.487601 -0.868271
vn 0.105292 -0.016110 -0.994311
vn 0.049563 0.016159 -0.998640
vn 0.171877 0.016084 -0.984987
vn 0.171876 -0.016058 -0.984988
vn 0.105293 0.016136 -0.994310
vn 0.149214 -0.486325 -0.860943
vn 0.042531 0.506378 -0.861262
vn 0.090324 0.505761 -0.857932
vn 0.147484 0.504499 -0.850723
vn 0.219993 0.502302 -0.836239
vn 0.309207 0.497016 -0.810782
vn 0.432049 0.483655 -0.761191
vn 0.611062 0.458900 -0.644991
vn 0.809174 0.449778 -0.378071
vn 0.837551 0.524752 0.152129
vn 0.751042 0.542444 0.376418
vn 0.891216 0.014974 0.453332
vn 0.262739 0.931069 0.253139
vn 0.623205 0.530474 0.574642
vn 0.722408 0.014810 0.691309
vn 0.104877 0.861426 0.496937
vn -0.101806 0.471144 0.876161
vn 0.163682 0.464949 0.870075
vn -0.016763 0.882145 0.470679
vn -0.076972 0.889885 0.449645
vn -0.174698 0.494230 0.851597
vn -0.181018 0.507986 0.842130
vn -0.081602 0.904264 0.419103
vn -0.156279 0.518501 0.840675
vn -0.093592 0.897755 0.430437
vn -0.060057 0.907630 0.415453
vn -0.118000 0.523828 0.843611
vn -0.037896 0.909347 0.414308
vn -0.075119 0.526460 0.846875
vn -0.033997 0.527047 0.849156
vn -0.017191 0.910033 0.414179
vn -0.012180 0.996682 0.080474
vn 0.081616 0.986956 0.138768
vn 0.629046 -0.515527 0.581836
vn 0.722535 -0.014797 0.691176
vn -0.017646 -0.995589 0.092145
vn -0.004013 -0.996136 0.087736
vn 0.001557 -0.999998 0.001448
vn 0.001557 -0.999998 0.001448
vn 0.001645 -0.999998 0.001363
vn 0.001557 -0.999998 0.001448
vn 0.001658 -0.999998 0.001350
vn 0.001645 -0.999998 0.001363
vn 0.001820 -0.999998 0.001166
vn 0.001645 -0.999998 0.001363
vn 0.001658 -0.999998 0.001350
vn 0.001820 -0.999998 0.001166
vn 0.001658 -0.999998 0.001350
vn 0.001825 -0.999998 0.001160
vn 0.001931 -0.999998 0.000952
vn 0.001820 -0.999998 0.001166
vn 0.001825 -0.999998 0.001160
vn 0.001931 -0.999998 0.000952
vn 0.001825 -0.999998 0.001160
vn 0.001930 -0.999998 0.000955
vn 0.001931 -0.999998 0.000952
vn 0.001990 -0.999998 0.000704
vn 0.001992 -0.999998 0.000693
vn 0.001990 -0.999998 0.000704
vn 0.001931 -0.999998 0.000952
vn 0.001930 -0.999998 0.000955
vn 0.001992 -0.999998 0.000693
vn 0.001958 -0.999998 0.000411
vn 0.001956 -0.999998 0.000405
vn 0.001958 -0.999998 0.000411
vn 0.001992 -0.999998 0.000693
vn 0.001990 -0.999998 0.000704
vn 0.001896 -0.999998 0.000265
vn 0.001956 -0.999998 0.000405
vn 0.001958 -0.999998 0.000411
vn 0.001956 -0.999998 0.000405
vn 0.001896 -0.999998 0.000265
vn 0.001896 -0.999998 0.000265
vn -0.001317 0.999998 -0.001624
vn -0.001424 0.999998 -0.001544
vn -0.001317 0.999998 -0.001624
vn -0.001317 0.999998 -0.001624
vn -0.001424 0.999998 -0.001544
vn -0.001445 0.999998 -0.001529
vn -0.001646 0.999998 -0.001363
vn -0.001445 0.999998 -0.001529
vn -0.001424 0.999998 -0.001544
vn -0.001445 0.999998 -0.001529
vn -0.001646 0.999998 -0.001363
vn -0.001659 0.999998 -0.001351
vn -0.001821 0.999998 -0.001169
vn -0.001659 0.999998 -0.001351
vn -0.001646 0.999998 -0.001363
vn -0.001659 0.999998 -0.001351
vn -0.001821 0.999998 -0.001169
vn -0.001826 0.999998 -0.001162
vn -0.001933 0.999998 -0.000953
vn -0.001826 0.999998 -0.001162
vn -0.001821 0.999998 -0.001169
vn -0.001826 0.999998 -0.001162
vn -0.001933 0.999998 -0.000953
vn -0.001932 0.999998 -0.000957
vn -0.001933 0.999998 -0.000953
vn -0.001991 0.999998 -0.000703
vn -0.001932 0.999998 -0.000957
vn -0.001991 0.999998 -0.000703
vn -0.001933 0.999998 -0.000953
vn -0.001993 0.999998 -0.000693
vn -0.001959 0.999998 -0.000410
vn -0.001993 0.999998 -0.000693
vn -0.001957 0.999998 -0.000405
vn -0.001993 0.999998 -0.000693
vn -0.001959 0.999998 -0.000410
vn -0.001991 0.999998 -0.000703
vn -0.001437 0.999999 -0.000140
vn -0.001957 0.999998 -0.000405
vn -0.001425 0.999999 -0.000136
vn -0.001957 0.999998 -0.000405
vn -0.001437 0.999999 -0.000140
vn -0.001959 0.999998 -0.000410
vn -0.000967 1.000000 -0.000011
vn -0.000967 1.000000 -0.000011
vn -0.001437 0.999999 -0.000140
vn -0.000967 1.000000 -0.000011
vn -0.001437 0.999999 -0.000140
vn -0.001425 0.999999 -0.000136
vn 0.682968 0.000000 0.730449
vn 0.653392 0.000000 0.757020
vn 0.630993 0.000000 0.775789
vn 0.630993 0.000000 0.775789
vn 0.653392 0.000000 0.757020
vn 0.630993 0.000000 0.775789
vn -0.629126 0.000000 -0.777304
vn -0.652169 0.000000 -0.758073
vn -0.682046 0.000000 -0.731309
vn -0.629126 0.000000 -0.777304
vn -0.682046 0.000000 -0.731309
vn -0.629126 0.000000 -0.777304
vn 0.881946 0.000000 -0.471350
vn 0.881946 0.000000 -0.471350
vn 0.881946 0.000000 -0.471350
vn 0.881946 0.000000 -0.471350
vn 0.881946 0.000000 -0.471350
vn 0.881946 0.000000 -0.471350
vn 0.772169 0.000000 0.635417
vn 0.682968 0.000000 0.730449
vn 0.772169 0.000000 0.635417
vn 0.682968 0.000000 0.730449
vn 0.772169 0.000000 0.635417
vn 0.653392 0.000000 0.757020
vn -0.773715 0.000000 -0.633534
vn -0.773715 0.000000 -0.633534
vn -0.652169 0.000000 -0.758073
vn -0.773715 0.000000 -0.633534
vn -0.682046 0.000000 -0.731309
vn -0.652169 0.000000 -0.758073
vn 0.841918 0.000000 0.539605
vn 0.772169 0.000000 0.635417
vn 0.841918 0.000000 0.539605
vn 0.772169 0.000000 0.635417
vn 0.841918 0.000000 0.539605
vn 0.772169 0.000000 0.635417
vn -0.843523 0.000000 -0.537093
vn -0.843523 0.000000 -0.537093
vn -0.773715 0.000000 -0.633534
vn -0.843523 0.000000 -0.537093
vn -0.773715 0.000000 -0.633534
vn -0.773715 0.000000 -0.633534
vn 0.900629 0.000000 0.434589
vn 0.841918 0.000000 0.539605
vn 0.900629 0.000000 0.434589
vn 0.841918 0.000000 0.539605
vn 0.900629 0.000000 0.434589
vn 0.841918 0.000000 0.539605
vn -0.892822 0.000000 -0.450409
vn -0.892822 0.000000 -0.450409
vn -0.843523 0.000000 -0.537093
vn -0.892822 0.000000 -0.450409
vn -0.843523 0.000000 -0.537093
vn -0.843523 0.000000 -0.537093
vn 0.946866 0.000000 0.321628
vn 0.900629 0.000000 0.434589
vn 0.946866 0.000000 0.321628
vn 0.900629 0.000000 0.434589
vn 0.946866 0.000000 0.321628
vn 0.900629 0.000000 0.434589
vn -0.940743 0.000000 -0.339121
vn -0.940743 0.000000 -0.339121
vn -0.892822 0.000000 -0.450409
vn -0.940743 0.000000 -0.339121
vn -0.892822 0.000000 -0.450409
vn -0.892822 0.000000 -0.450409
vn 0.979308 0.000000 0.202376
vn 0.946866 0.000000 0.321628
vn 0.979306 0.000000 0.202385
vn 0.946866 0.000000 0.321628
vn 0.979308 0.000000 0.202376
vn 0.946866 0.000000 0.321628
vn -0.979287 0.000000 -0.202475
vn -0.979289 0.000000 -0.202467
vn -0.940743 0.000000 -0.339121
vn -0.979289 0.000000 -0.202467
vn -0.940743 0.000000 -0.339121
vn -0.940743 0.000000 -0.339121
vn 0.994441 0.000000 0.105291
vn 0.979308 0.000000 0.202376
vn 0.979306 0.000000 0.202385
vn 0.979308 0.000000 0.202376
vn 0.994441 0.000000 0.105291
vn 0.998167 0.000000 0.060523
vn -0.998031 0.000000 -0.062729
vn -0.979289 0.000000 -0.202467
vn -0.979287 0.000000 -0.202475
vn -0.979289 0.000000 -0.202467
vn -0.998031 0.000000 -0.062729
vn -0.994220 0.000000 -0.107364
vn 0.998167 0.000000 0.060523
vn 0.999357 0.000000 0.035869
vn 0.999357 0.000000 0.035869
vn -0.999318 0.000000 -0.036919
vn -0.994220 0.000000 -0.107364
vn -0.998031 0.000000 -0.062729
vn -0.022517 0.000000 0.999747
vn -0.022517 0.000000 0.999746
vn -0.022517 0.000000 0.999747
vn -0.022517 0.000000 0.999746
vn -0.022517 0.000000 0.999747
vn -0.022517 0.000000 0.999746
vn 0.999357 0.000000 0.035869
vn 0.998325 0.000000 0.057850
vn 0.998167 0.000000 0.060523
vn 0.998325 0.000000 0.057850
vn 0.999357 0.000000 0.035869
vn 0.999434 0.000000 0.033630
vn -0.022517 0.000000 0.999746
vn -0.022517 0.000000 0.999747
vn -0.022517 0.000000 0.999746
vn -0.022517 0.000000 0.999747
vn -0.022517 0.000000 0.999746
vn -0.022517 0.000000 0.999747
vn -0.998031 0.000000 -0.062729
vn -0.999403 0.000000 -0.034556
vn -0.999318 0.000000 -0.036919
vn -0.999403 0.000000 -0.034556
vn -0.998031 0.000000 -0.062729
vn -0.998200 0.000000 -0.059980
vn 0.068691 0.000000 -0.997638
vn 0.068691 0.000000 -0.997638
vn 0.068691 0.000000 -0.997638
vn 0.068691 0.000000 -0.997638
vn 0.068691 0.000000 -0.997638
vn 0.068691 0.000000 -0.997638
vn 0.653392 0.000000 0.757020
vn 0.630993 0.000000 0.775789
vn 0.630993 0.000000 0.775789
vn 0.630993 0.000000 0.775789
vn 0.630993 0.000000 0.775789
vn 0.630993 0.000000 0.775789
vn -0.815681 0.000000 0.578501
vn -0.815681 0.000000 0.578501
vn -0.815682 0.000000 0.578501
vn -0.815681 0.000000 0.578501
vn -0.815681 0.000000 0.578501
vn -0.815682 0.000000 0.578501
vn -0.629126 0.000000 -0.777304
vn -0.652169 0.000000 -0.758073
vn -0.629126 0.000000 -0.777304
vn -0.629126 0.000000 -0.777304
vn -0.652169 0.000000 -0.758073
vn -0.629126 0.000000 -0.777304
vn 0.881946 0.000000 -0.471350
vn 0.881946 0.000000 -0.471350
vn 0.881946 0.000000 -0.471350
vn 0.881946 0.000000 -0.471350
vn 0.881946 0.000000 -0.471350
vn 0.881947 0.000000 -0.471350
vn 0.001557 -0.999998 0.001446
vn 0.001557 -0.999998 0.001446
vn 0.001645 -0.999998 0.001362
vn 0.001557 -0.999998 0.001446
vn 0.001658 -0.999998 0.001350
vn 0.001645 -0.999998 0.001362
vn 0.001820 -0.999998 0.001168
vn 0.001645 -0.999998 0.001362
vn 0.001658 -0.999998 0.001350
vn 0.001820 -0.999998 0.001168
vn 0.001658 -0.999998 0.001350
vn 0.001825 -0.999998 0.001161
vn 0.001931 -0.999998 0.000952
vn 0.001820 -0.999998 0.001168
vn 0.001825 -0.999998 0.001161
vn 0.001931 -0.999998 0.000952
vn 0.001825 -0.999998 0.001161
vn 0.001930 -0.999998 0.000956
vn 0.001931 -0.999998 0.000952
vn 0.001990 -0.999998 0.000702
vn 0.001992 -0.999998 0.000692
vn 0.001990 -0.999998 0.000702
vn 0.001931 -0.999998 0.000952
vn 0.001930 -0.999998 0.000956
vn 0.001992 -0.999998 0.000692
vn 0.001958 -0.999998 0.000410
vn 0.001956 -0.999998 0.000405
vn 0.001958 -0.999998 0.000410
vn 0.001992 -0.999998 0.000692
vn 0.001990 -0.999998 0.000702
vn 0.001437 -0.999999 0.000140
vn 0.001425 -0.999999 0.000137
vn 0.001956 -0.999998 0.000405
vn 0.001437 -0.999999 0.000140
vn 0.001956 -0.999998 0.000405
vn 0.001958 -0.999998 0.000410
vn 0.000529 -1.000000 0.000009
vn 0.001437 -0.999999 0.000140
vn 0.000534 -1.000000 0.000009
vn 0.001437 -0.999999 0.000140
vn 0.000529 -1.000000 0.000009
vn 0.001425 -0.999999 0.000137
vn 0.000264 -1.000000 0.000044
vn 0.000529 -1.000000 0.000009
vn 0.000534 -1.000000 0.000009
vn 0.000529 -1.000000 0.000009
vn 0.000264 -1.000000 0.000044
vn 0.000265 -1.000000 0.000044
vn 0.000433 -1.000000 0.000081
vn 0.000264 -1.000000 0.000044
vn 0.000433 -1.000000 0.000081
vn 0.000264 -1.000000 0.000044
vn 0.000433 -1.000000 0.000081
vn 0.000265 -1.000000 0.000044
vn -0.001684 0.999998 -0.000959
vn -0.001630 0.999998 -0.000699
vn -0.001630 0.999998 -0.000699
vn -0.001630 0.999998 -0.000699
vn -0.001684 0.999998 -0.000959
vn -0.001693 0.999998 -0.000999
vn -0.001820 0.999998 -0.001167
vn -0.001693 0.999998 -0.000999
vn -0.001684 0.999998 -0.000959
vn -0.001693 0.999998 -0.000999
vn -0.001820 0.999998 -0.001167
vn -0.001825 0.999998 -0.001160
vn -0.001931 0.999998 -0.000952
vn -0.001825 0.999998 -0.001160
vn -0.001820 0.999998 -0.001167
vn -0.001825 0.999998 -0.001160
vn -0.001931 0.999998 -0.000952
vn -0.001930 0.999998 -0.000955
vn -0.001931 0.999998 -0.000952
vn -0.001990 0.999998 -0.000703
vn -0.001930 0.999998 -0.000955
vn -0.001990 0.999998 -0.000703
vn -0.001931 0.999998 -0.000952
vn -0.001992 0.999998 -0.000693
vn -0.001714 0.999998 -0.000640
vn -0.001992 0.999998 -0.000693
vn -0.001703 0.999998 -0.000644
vn -0.001992 0.999998 -0.000693
vn -0.001714 0.999998 -0.000640
vn -0.001990 0.999998 -0.000703
vn -0.001400 0.999999 -0.000733
vn -0.001400 0.999999 -0.000733
vn -0.001703 0.999998 -0.000644
vn -0.001400 0.999999 -0.000733
vn -0.001714 0.999998 -0.000640
vn -0.001703 0.999998 -0.000644
vn -0.000030 1.000000 0.000269
vn -0.000060 1.000000 0.000540
vn -0.000030 1.000000 0.000269
vn -0.000060 1.000000 0.000540
vn -0.000030 1.000000 0.000269
vn -0.000060 1.000000 0.000540
vn -0.000023 1.000000 -0.000031
vn -0.000024 1.000000 -0.000031
vn -0.000030 1.000000 0.000269
vn -0.000023 1.000000 -0.000031
vn -0.000030 1.000000 0.000269
vn -0.000030 1.000000 0.000269
vn -0.000047 1.000000 -0.000061
vn -0.000023 1.000000 -0.000031
vn -0.000047 1.000000 -0.000061
vn -0.000023 1.000000 -0.000031
vn -0.000047 1.000000 -0.000061
vn -0.000024 1.000000 -0.000031
vn 0.682968 0.000000 0.730449
vn 0.653392 0.000000 0.757020
vn 0.630993 0.000000 0.775789
vn 0.630993 0.000000 0.775789
vn 0.653392 0.000000 0.757020
vn 0.630993 0.000000 0.775789
vn -0.629126 0.000000 -0.777304
vn -0.652168 0.000000 -0.758074
vn -0.682010 0.000000 -0.731343
vn -0.629126 0.000000 -0.777304
vn -0.682010 0.000000 -0.731343
vn -0.629125 0.000000 -0.777304
vn 0.881946 0.000000 -0.471350
vn 0.881946 0.000000 -0.471350
vn 0.881946 0.000000 -0.471350
vn 0.881946 0.000000 -0.471350
vn 0.881946 0.000000 -0.471350
vn 0.881946 0.000000 -0.471350
vn 0.772169 0.000000 0.635417
vn 0.682968 0.000000 0.730449
vn 0.772169 0.000000 0.635417
vn 0.682968 0.000000 0.730449
vn 0.772169 0.000000 0.635417
vn 0.653392 0.000000 0.757020
vn -0.773701 0.000000 -0.633551
vn -0.773687 0.000000 -0.633568
vn -0.652168 0.000000 -0.758074
vn -0.773687 0.000000 -0.633568
vn -0.682010 0.000000 -0.731343
vn -0.652168 0.000000 -0.758074
vn 0.841918 0.000000 0.539605
vn 0.772169 0.000000 0.635417
vn 0.841918 0.000000 0.539605
vn 0.772169 0.000000 0.635417
vn 0.841918 0.000000 0.539605
vn 0.772169 0.000000 0.635417
vn -0.843523 0.000000 -0.537093
vn -0.843523 0.000000 -0.537093
vn -0.773701 0.000000 -0.633551
vn -0.843523 0.000000 -0.537093
vn -0.773687 0.000000 -0.633568
vn -0.773701 0.000000 -0.633551
vn 0.900629 0.000000 0.434589
vn 0.841918 0.000000 0.539605
vn 0.900629 0.000000 0.434589
vn 0.841918 0.000000 0.539605
vn 0.900629 0.000000 0.434589
vn 0.841918 0.000000 0.539605
vn -0.892823 0.000000 -0.450409
vn -0.892823 0.000000 -0.450409
vn -0.843523 0.000000 -0.537093
vn -0.892823 0.000000 -0.450409
vn -0.843523 0.000000 -0.537093
vn -0.843523 0.000000 -0.537093
vn 0.946866 0.000000 0.321627
vn 0.900629 0.000000 0.434589
vn 0.946866 0.000000 0.321627
vn 0.900629 0.000000 0.434589
vn 0.946866 0.000000 0.321627
vn 0.900629 0.000000 0.434589
vn -0.940743 0.000000 -0.339120
vn -0.940743 0.000000 -0.339120
vn -0.892823 0.000000 -0.450409
vn -0.940743 0.000000 -0.339120
vn -0.892823 0.000000 -0.450409
vn -0.892823 0.000000 -0.450409
vn 0.979308 0.000000 0.202376
vn 0.946866 0.000000 0.321627
vn 0.979306 0.000000 0.202385
vn 0.946866 0.000000 0.321627
vn 0.979308 0.000000 0.202376
vn 0.946866 0.000000 0.321627
vn -0.979291 0.000000 -0.202457
vn -0.979297 0.000000 -0.202430
vn -0.940743 0.000000 -0.339120
vn -0.979297 0.000000 -0.202430
vn -0.940743 0.000000 -0.339120
vn -0.940743 0.000000 -0.339120
vn 0.998325 0.000000 0.057850
vn 0.996156 0.000000 0.087598
vn 0.979308 0.000000 0.202376
vn 0.998325 0.000000 0.057850
vn 0.979308 0.000000 0.202376
vn 0.979306 0.000000 0.202385
vn -0.995932 0.000000 -0.090113
vn -0.998200 0.000000 -0.059980
vn -0.979297 0.000000 -0.202430
vn -0.995932 0.000000 -0.090113
vn -0.979297 0.000000 -0.202430
vn -0.979291 0.000000 -0.202457
vn 0.999434 0.000000 0.033630
vn 0.996156 0.000000 0.087598
vn 0.998325 0.000000 0.057850
vn 0.996156 0.000000 0.087598
vn 0.999434 0.000000 0.033630
vn 0.999529 0.000000 0.030693
vn -0.999508 0.000000 -0.031372
vn -0.998200 0.000000 -0.059980
vn -0.995932 0.000000 -0.090113
vn -0.998200 0.000000 -0.059980
vn -0.999508 0.000000 -0.031372
vn -0.999403 0.000000 -0.034556
vn 0.999700 0.000000 0.024502
vn 0.999529 0.000000 0.030693
vn 0.999434 0.000000 0.033630
vn 0.999529 0.000000 0.030693
vn 0.999700 0.000000 0.024502
vn 0.999700 0.000000 0.024502
vn -0.999705 0.000000 -0.024284
vn -0.999705 0.000000 -0.024285
vn -0.999508 0.000000 -0.031372
vn -0.999705 0.000000 -0.024285
vn -0.999403 0.000000 -0.034556
vn -0.999508 0.000000 -0.031372
vn 0.999634 0.000000 0.027058
vn 0.999700 0.000000 0.024502
vn 0.999688 0.000000 0.024965
vn 0.999700 0.000000 0.024502
vn 0.999634 0.000000 0.027058
vn 0.999700 0.000000 0.024502
vn -0.999628 0.000000 -0.027263
vn -0.999692 0.000000 -0.024824
vn -0.999705 0.000000 -0.024284
vn -0.999692 0.000000 -0.024824
vn -0.999705 0.000000 -0.024285
vn -0.999705 0.000000 -0.024284
vn 0.999634 0.000000 0.027058
vn 0.999601 0.000000 0.028250
vn 0.999601 0.000000 0.028250
vn -0.999590 0.000000 -0.028625
vn -0.999692 0.000000 -0.024824
vn -0.999628 0.000000 -0.027263
vn 0.630993 0.000000 0.775789
vn 0.630993 0.000000 0.775789
vn 0.653392 0.000000 0.757020
vn 0.630993 0.000000 0.775789
vn 0.630993 0.000000 0.775789
vn 0.630993 0.000000 0.775789
vn -0.815681 0.000000 0.578502
vn -0.815681 0.000000 0.578502
vn -0.815681 0.000000 0.578502
vn -0.815681 0.000000 0.578502
vn -0.815681 0.000000 0.578502
vn -0.815681 0.000000 0.578502
vn -0.629126 0.000000 -0.777304
vn -0.652168 0.000000 -0.758074
vn -0.629126 0.000000 -0.777304
vn -0.629126 0.000000 -0.777304
vn -0.652168 0.000000 -0.758074
vn -0.629126 0.000000 -0.777304
vn 0.881946 0.000000 -0.471350
vn 0.881946 0.000000 -0.471350
vn 0.881946 0.000000 -0.471350
vn 0.881946 0.000000 -0.471350
vn 0.881946 0.000000 -0.471350
vn 0.881946 0.000000 -0.471350
vn -0.022170 0.000000 0.999754
vn -0.022170 0.000000 0.999754
vn -0.022170 0.000000 0.999754
vn -0.022170 0.000000 0.999754
vn -0.022170 0.000000 0.999754
vn -0.022170 0.000000 0.999754
vn 0.999601 0.000000 0.028250
vn 0.999630 0.000000 0.027186
vn 0.999634 0.000000 0.027058
vn 0.999630 0.000000 0.027186
vn 0.999601 0.000000 0.028250
vn 0.999616 0.000000 0.027717
vn -0.022170 0.000000 0.999754
vn -0.022170 0.000000 0.999754
vn -0.022170 0.000000 0.999754
vn -0.022170 0.000000 0.999754
vn -0.022170 0.000000 0.999754
vn -0.022170 0.000000 0.999754
vn -0.999628 0.000000 -0.027263
vn -0.999607 0.000000 -0.028018
vn -0.999590 0.000000 -0.028625
vn -0.999607 0.000000 -0.028018
vn -0.999628 0.000000 -0.027263
vn -0.999624 0.000000 -0.027410
vn 0.033646 0.000000 -0.999434
vn 0.033646 0.000000 -0.999434
vn 0.033646 0.000000 -0.999434
vn 0.033646 0.000000 -0.999434
vn 0.033646 0.000000 -0.999434
vn 0.033646 0.000000 -0.999434
vn 0.000000 -1.000000 0.000000
vn 0.000000 -1.000000 0.000000
vn 0.000000 -1.000000 0.000000
vn 0.000000 -1.000000 0.000000
vn 0.000000 -1.000000 0.000000
vn 0.000000 -1.000000 0.000000
vn 0.001557 -0.999998 0.001446
vn 0.001557 -0.999998 0.001446
vn 0.001645 -0.999998 0.001362
vn 0.001557 -0.999998 0.001446
vn 0.001659 -0.999998 0.001350
vn 0.001645 -0.999998 0.001362
vn 0.001821 -0.999998 0.001168
vn 0.001645 -0.999998 0.001362
vn 0.001659 -0.999998 0.001350
vn 0.001821 -0.999998 0.001168
vn 0.001659 -0.999998 0.001350
vn 0.001826 -0.999998 0.001162
vn 0.001932 -0.999998 0.000953
vn 0.001821 -0.999998 0.001168
vn 0.001826 -0.999998 0.001162
vn 0.001932 -0.999998 0.000953
vn 0.001826 -0.999998 0.001162
vn 0.001931 -0.999998 0.000956
vn 0.001932 -0.999998 0.000953
vn 0.001990 -0.999998 0.000703
vn 0.001992 -0.999998 0.000693
vn 0.001990 -0.999998 0.000703
vn 0.001932 -0.999998 0.000953
vn 0.001931 -0.999998 0.000956
vn 0.001992 -0.999998 0.000693
vn 0.001958 -0.999998 0.000412
vn 0.001956 -0.999998 0.000407
vn 0.001958 -0.999998 0.000412
vn 0.001992 -0.999998 0.000693
vn 0.001990 -0.999998 0.000703
vn 0.001437 -0.999999 0.000141
vn 0.001956 -0.999998 0.000407
vn 0.001958 -0.999998 0.000412
vn 0.001956 -0.999998 0.000407
vn 0.001437 -0.999999 0.000141
vn 0.001425 -0.999999 0.000138
vn 0.000529 -1.000000 0.000009
vn 0.001437 -0.999999 0.000141
vn 0.000533 -1.000000 0.000009
vn 0.001437 -0.999999 0.000141
vn 0.000529 -1.000000 0.000009
vn 0.001425 -0.999999 0.000138
vn 0.000048 -1.000000 0.000004
vn 0.000529 -1.000000 0.000009
vn 0.000533 -1.000000 0.000009
vn 0.000529 -1.000000 0.000009
vn 0.000048 -1.000000 0.000004
vn 0.000048 -1.000000 0.000004
vn 0.000000 -1.000000 0.000000
vn 0.000048 -1.000000 0.000004
vn 0.000000 -1.000000 0.000000
vn 0.000048 -1.000000 0.000004
vn 0.000000 -1.000000 0.000000
vn 0.000048 -1.000000 0.000004
vn 0.000000 -1.000000 0.000001
vn 0.000000 -1.000000 0.000000
vn 0.000000 -1.000000 0.000000
vn 0.000000 -1.000000 0.000000
vn 0.000000 -1.000000 0.000001
vn 0.000000 -1.000000 0.000001
vn 0.000312 -0.999995 -0.003106
vn 0.000000 -1.000000 0.000001
vn 0.000000 -1.000000 0.000001
vn 0.000000 -1.000000 0.000001
vn 0.000312 -0.999995 -0.003106
vn 0.000312 -0.999995 -0.003106
vn 0.000619 -0.999981 -0.006161
vn 0.000312 -0.999995 -0.003106
vn 0.000619 -0.999981 -0.006161
vn 0.000312 -0.999995 -0.003106
vn 0.000619 -0.999981 -0.006161
vn 0.000312 -0.999995 -0.003106
vn 0.000000 -1.000000 -0.000000
vn 0.000000 -1.000000 -0.000000
vn 0.000000 -1.000000 -0.000000
vn 0.000000 -1.000000 -0.000000
vn 0.000000 -1.000000 -0.000000
vn 0.000000 -1.000000 -0.000000
vn -0.001647 0.999998 -0.001361
vn -0.001560 0.999998 -0.001443
vn -0.001560 0.999998 -0.001443
vn -0.001560 0.999998 -0.001443
vn -0.001647 0.999998 -0.001361
vn -0.001660 0.999998 -0.001348
vn -0.001820 0.999998 -0.001168
vn -0.001660 0.999998 -0.001348
vn -0.001647 0.999998 -0.001361
vn -0.001660 0.999998 -0.001348
vn -0.001820 0.999998 -0.001168
vn -0.001825 0.999998 -0.001161
vn -0.001931 0.999998 -0.000953
vn -0.001825 0.999998 -0.001161
vn -0.001820 0.999998 -0.001168
vn -0.001825 0.999998 -0.001161
vn -0.001931 0.999998 -0.000953
vn -0.001930 0.999998 -0.000956
vn -0.001931 0.999998 -0.000953
vn -0.001990 0.999998 -0.000702
vn -0.001930 0.999998 -0.000956
vn -0.001990 0.999998 -0.000702
vn -0.001931 0.999998 -0.000953
vn -0.001992 0.999998 -0.000692
vn -0.001958 0.999998 -0.000411
vn -0.001992 0.999998 -0.000692
vn -0.001956 0.999998 -0.000406
vn -0.001992 0.999998 -0.000692
vn -0.001958 0.999998 -0.000411
vn -0.001990 0.999998 -0.000702
vn -0.001437 0.999999 -0.000142
vn -0.001956 0.999998 -0.000406
vn -0.001425 0.999999 -0.000138
vn -0.001956 0.999998 -0.000406
vn -0.001437 0.999999 -0.000142
vn -0.001958 0.999998 -0.000411
vn -0.000529 1.000000 -0.000009
vn -0.000534 1.000000 -0.000009
vn -0.001437 0.999999 -0.000142
vn -0.000529 1.000000 -0.000009
vn -0.001437 0.999999 -0.000142
vn -0.001425 0.999999 -0.000138
vn -0.000040 1.000000 -0.000301
vn -0.000529 1.000000 -0.000009
vn -0.000039 1.000000 -0.000302
vn -0.000529 1.000000 -0.000009
vn -0.000040 1.000000 -0.000301
vn -0.000534 1.000000 -0.000009
vn 0.000017 1.000000 -0.000598
vn 0.000017 1.000000 -0.000598
vn -0.000040 1.000000 -0.000301
vn 0.000017 1.000000 -0.000598
vn -0.000040 1.000000 -0.000301
vn -0.000039 1.000000 -0.000302
vn -0.000007 1.000000 0.000296
vn -0.000013 1.000000 0.000597
vn -0.000007 1.000000 0.000296
vn -0.000013 1.000000 0.000597
vn -0.000007 1.000000 0.000296
vn -0.000013 1.000000 0.000597
vn -0.000206 0.999982 0.006070
vn -0.000210 0.999981 0.006186
vn -0.000007 1.000000 0.000296
vn -0.000206 0.999982 0.006070
vn -0.000007 1.000000 0.000296
vn -0.000007 1.000000 0.000296
vn -0.000414 0.999925 0.012208
vn -0.000414 0.999925 0.012208
vn -0.000210 0.999981 0.006186
vn -0.000414 0.999925 0.012208
vn -0.000210 0.999981 0.006186
vn -0.000206 0.999982 0.006070
vn 0.682967 0.000000 0.730449
vn 0.637461 0.000000 0.770482
vn 0.630993 0.000000 0.775789
vn 0.630993 0.000000 0.775789
vn 0.637461 0.000000 0.770482
vn 0.630993 0.000000 0.775789
vn -0.629126 0.000000 -0.777304
vn -0.635816 0.000000 -0.771841
vn -0.682046 0.000000 -0.731309
vn -0.629126 0.000000 -0.777304
vn -0.682046 0.000000 -0.731309
vn -0.629126 0.000000 -0.777304
vn 0.881946 0.000000 -0.471350
vn 0.881946 0.000000 -0.471350
vn 0.881946 0.000000 -0.471350
vn 0.881946 0.000000 -0.471350
vn 0.881946 0.000000 -0.471350
vn 0.881946 0.000000 -0.471350
vn 0.772169 0.000000 0.635418
vn 0.637461 0.000000 0.770482
vn 0.682967 0.000000 0.730449
vn 0.637461 0.000000 0.770482
vn 0.772169 0.000000 0.635418
vn 0.772169 0.000000 0.635418
vn -0.773715 0.000000 -0.633534
vn -0.773715 0.000000 -0.633534
vn -0.635816 0.000000 -0.771841
vn -0.773715 0.000000 -0.633534
vn -0.682046 0.000000 -0.731309
vn -0.635816 0.000000 -0.771841
vn 0.841919 0.000000 0.539605
vn 0.772169 0.000000 0.635418
vn 0.841919 0.000000 0.539605
vn 0.772169 0.000000 0.635418
vn 0.841919 0.000000 0.539605
vn 0.772169 0.000000 0.635418
vn -0.843523 0.000000 -0.537093
vn -0.843523 0.000000 -0.537093
vn -0.773715 0.000000 -0.633534
vn -0.843523 0.000000 -0.537093
vn -0.773715 0.000000 -0.633534
vn -0.773715 0.000000 -0.633534
vn 0.900629 0.000000 0.434589
vn 0.841919 0.000000 0.539605
vn 0.900629 0.000000 0.434589
vn 0.841919 0.000000 0.539605
vn 0.900629 0.000000 0.434589
vn 0.841919 0.000000 0.539605
vn -0.892823 0.000000 -0.450409
vn -0.892823 0.000000 -0.450409
vn -0.843523 0.000000 -0.537093
vn -0.892823 0.000000 -0.450409
vn -0.843523 0.000000 -0.537093
vn -0.843523 0.000000 -0.537093
vn 0.946866 0.000000 0.321627
vn 0.900629 0.000000 0.434589
vn 0.946866 0.000000 0.321627
vn 0.900629 0.000000 0.434589
vn 0.946866 0.000000 0.321627
vn 0.900629 0.000000 0.434589
vn -0.940743 0.000000 -0.339120
vn -0.940743 0.000000 -0.339120
vn -0.892823 0.000000 -0.450409
vn -0.940743 0.000000 -0.339120
vn -0.892823 0.000000 -0.450409
vn -0.892823 0.000000 -0.450409
vn 0.979308 0.000000 0.202376
vn 0.946866 0.000000 0.321627
vn 0.979306 0.000000 0.202385
vn 0.946866 0.000000 0.321627
vn 0.979308 0.000000 0.202376
vn 0.946866 0.000000 0.321627
vn -0.979288 0.000000 -0.202475
vn -0.979289 0.000000 -0.202467
vn -0.940743 0.000000 -0.339120
vn -0.979289 0.000000 -0.202467
vn -0.940743 0.000000 -0.339120
vn -0.940743 0.000000 -0.339120
vn 0.996152 0.000000 0.087646
vn 0.979308 0.000000 0.202376
vn 0.979306 0.000000 0.202385
vn 0.979308 0.000000 0.202376
vn 0.996152 0.000000 0.087646
vn 0.996155 0.000000 0.087605
vn -0.995931 0.000000 -0.090122
vn -0.979289 0.000000 -0.202467
vn -0.979288 0.000000 -0.202475
vn -0.979289 0.000000 -0.202467
vn -0.995931 0.000000 -0.090122
vn -0.995934 0.000000 -0.090086
vn 0.999529 0.000000 0.030697
vn 0.996155 0.000000 0.087605
vn 0.996152 0.000000 0.087646
vn 0.996155 0.000000 0.087605
vn 0.999529 0.000000 0.030697
vn 0.999529 0.000000 0.030693
vn -0.999508 0.000000 -0.031370
vn -0.995934 0.000000 -0.090086
vn -0.995931 0.000000 -0.090122
vn -0.995934 0.000000 -0.090086
vn -0.999508 0.000000 -0.031370
vn -0.999508 0.000000 -0.031366
vn 0.999700 0.000000 0.024501
vn 0.999529 0.000000 0.030693
vn 0.999529 0.000000 0.030697
vn 0.999529 0.000000 0.030693
vn 0.999700 0.000000 0.024501
vn 0.999700 0.000000 0.024501
vn -0.999705 0.000000 -0.024284
vn -0.999508 0.000000 -0.031366
vn -0.999508 0.000000 -0.031370
vn -0.999508 0.000000 -0.031366
vn -0.999705 0.000000 -0.024284
vn -0.999705 0.000000 -0.024284
vn 0.999668 0.000000 0.025781
vn 0.999700 0.000000 0.024501
vn 0.999630 0.000000 0.027186
vn 0.999700 0.000000 0.024501
vn 0.999668 0.000000 0.025781
vn 0.999700 0.000000 0.024501
vn -0.999668 0.000000 -0.025782
vn -0.999705 0.000000 -0.024284
vn -0.999705 0.000000 -0.024284
vn -0.999705 0.000000 -0.024284
vn -0.999668 0.000000 -0.025782
vn -0.999624 0.000000 -0.027410
vn 0.999635 0.000000 0.027012
vn 0.999630 0.000000 0.027186
vn 0.999616 0.000000 0.027717
vn 0.999630 0.000000 0.027186
vn 0.999635 0.000000 0.027012
vn 0.999668 0.000000 0.025781
vn -0.999630 0.000000 -0.027208
vn -0.999607 0.000000 -0.028018
vn -0.999668 0.000000 -0.025782
vn -0.999607 0.000000 -0.028018
vn -0.999624 0.000000 -0.027410
vn -0.999668 0.000000 -0.025782
vn 0.999756 0.000000 0.022076
vn 0.999635 0.000000 0.027012
vn 0.999616 0.000000 0.027717
vn 0.999635 0.000000 0.027012
vn 0.999756 0.000000 0.022076
vn 0.999757 0.000000 0.022068
vn -0.999763 0.000000 -0.021756
vn -0.999763 0.000000 -0.021766
vn -0.999630 0.000000 -0.027208
vn -0.999763 0.000000 -0.021766
vn -0.999607 0.000000 -0.028018
vn -0.999630 0.000000 -0.027208
vn 0.999728 0.000000 0.023329
vn 0.999757 0.000000 0.022068
vn 0.999756 0.000000 0.022076
vn 0.999757 0.000000 0.022068
vn 0.999728 0.000000 0.023329
vn 0.999483 0.000000 0.032155
vn -0.999777 0.000000 -0.021111
vn -0.999820 0.000000 -0.018998
vn -0.999763 0.000000 -0.021756
vn -0.999820 0.000000 -0.018998
vn -0.999763 0.000000 -0.021766
vn -0.999763 0.000000 -0.021756
vn 0.999483 0.000000 0.032155
vn 0.999452 0.000000 0.033093
vn 0.999452 0.000000 0.033093
vn -0.999773 0.000000 -0.021330
vn -0.999820 0.000000 -0.018998
vn -0.999777 0.000000 -0.021111
vn 0.630993 0.000000 0.775789
vn 0.630993 0.000000 0.775789
vn 0.637461 0.000000 0.770482
vn 0.630993 0.000000 0.775789
vn 0.630993 0.000000 0.775789
vn 0.630993 0.000000 0.775789
vn -0.815681 0.000000 0.578502
vn -0.815681 0.000000 0.578502
vn -0.815681 0.000000 0.578502
vn -0.815681 0.000000 0.578502
vn -0.815681 0.000000 0.578502
vn -0.815681 0.000000 0.578502
vn -0.629126 0.000000 -0.777304
vn -0.635816 0.000000 -0.771841
vn -0.629126 0.000000 -0.777304
vn -0.629126 0.000000 -0.777304
vn -0.635816 0.000000 -0.771841
vn -0.629126 0.000000 -0.777304
vn 0.881946 0.000000 -0.471350
vn 0.881946 0.000000 -0.471350
vn 0.881946 0.000000 -0.471350
vn 0.881946 0.000000 -0.471350
vn 0.881946 0.000000 -0.471350
vn 0.881946 0.000000 -0.471350
vn -0.022240 0.000000 0.999753
vn -0.022241 0.000000 0.999753
vn -0.022240 0.000000 0.999753
vn -0.022241 0.000000 0.999753
vn -0.022240 0.000000 0.999753
vn -0.022241 0.000000 0.999753
vn 0.999452 0.000000 0.033093
vn 0.999452 0.000000 0.033093
vn 0.999483 0.000000 0.032155
vn 0.999452 0.000000 0.033093
vn 0.999452 0.000000 0.033093
vn 0.999452 0.000000 0.033093
vn -0.022241 0.000000 0.999753
vn -0.022241 0.000000 0.999753
vn -0.022241 0.000000 0.999753
vn -0.022241 0.000000 0.999753
vn -0.022241 0.000000 0.999753
vn -0.022241 0.000000 0.999753
vn -0.999777 0.000000 -0.021111
vn -0.999772 0.000000 -0.021330
vn -0.999772 0.000000 -0.021330
vn -0.999772 0.000000 -0.021330
vn -0.999772 0.000000 -0.021330
vn -0.999772 0.000000 -0.021330
vn 0.037543 0.000000 -0.999295
vn 0.037543 0.000000 -0.999295
vn 0.037543 0.000000 -0.999295
vn 0.037543 0.000000 -0.999295
vn 0.037543 0.000000 -0.999295
vn 0.037543 0.000000 -0.999295
vn 0.999728 0.000000 0.023329
vn 0.999452 0.000000 0.033093
vn 0.999483 0.000000 0.032155
vn -0.999773 0.000000 -0.021330
vn -0.999777 0.000000 -0.021111
vn -0.999772 0.000000 -0.021330
vn -0.999590 0.000000 -0.028625
vn -0.999628 0.000000 -0.027263
vn -0.999590 0.000000 -0.028625
vn -0.999318 0.000000 -0.036919
vn -0.998031 0.000000 -0.062729
vn -0.999318 0.000000 -0.036919
vn 0.994441 0.000000 0.105291
vn 0.999357 0.000000 0.035869
vn 0.998167 0.000000 0.060523
vn 0.999688 0.000000 0.024965
vn 0.999601 0.000000 0.028250
vn 0.999634 0.000000 0.027058
s 1
g SM_Chair_03
f 163/318/1 59/320/2 70/317/3
f 59/320/2 163/318/1 83/319/4
f 48/322/5 83/319/4 163/318/1
f 83/319/4 48/322/5 50/321/6
f 15/2/7 85/3/8 84/1/9
f 227/4/10 84/1/9 85/3/8
f 227/4/10 49/5/11 86/6/12
f 49/5/11 227/4/10 85/3/8
f 83/8/4 86/6/12 59/7/2
f 86/6/12 83/8/4 227/4/10
f 50/9/6 227/4/10 83/8/4
f 227/4/10 50/9/6 84/1/9
f 88/12/13 228/13/14 2/11/15
f 87/10/16 2/11/15 228/13/14
f 24/14/17 89/15/18 88/12/13
f 88/12/13 89/15/18 228/13/14
f 59/7/2 228/13/14 89/15/18
f 228/13/14 59/7/2 86/6/12
f 49/5/11 87/10/16 86/6/12
f 228/13/14 86/6/12 87/10/16
f 165/324/19 24/328/17 40/327/20
f 24/328/17 165/324/19 89/323/18
f 165/324/19 59/320/2 89/323/18
f 59/320/2 165/324/19 70/317/3
f 229/19/21 4/17/22 91/18/23
f 4/17/22 229/19/21 90/16/24
f 229/19/21 91/18/23 92/21/25
f 91/18/23 26/20/26 92/21/25
f 229/19/21 60/22/27 93/23/28
f 60/22/27 229/19/21 92/21/25
f 90/16/24 93/23/28 46/24/29
f 93/23/28 90/16/24 229/19/21
f 230/28/30 9/26/31 95/27/32
f 9/26/31 230/28/30 94/25/33
f 96/30/34 230/28/30 95/27/32
f 96/30/34 95/27/32 31/29/35
f 60/22/27 230/28/30 96/30/34
f 230/28/30 60/22/27 92/21/25
f 26/20/26 230/28/30 92/21/25
f 230/28/30 26/20/26 94/25/33
f 98/33/36 231/34/37 97/31/38
f 98/33/36 97/31/38 13/32/39
f 47/35/40 231/34/37 98/33/36
f 231/34/37 47/35/40 99/36/41
f 99/36/41 60/22/27 96/30/34
f 99/36/41 96/30/34 231/34/37
f 231/34/37 31/29/35 97/31/38
f 31/29/35 231/34/37 96/30/34
f 14/38/42 232/40/43 100/37/44
f 232/40/43 14/38/42 101/39/45
f 46/24/29 232/40/43 101/39/45
f 232/40/43 46/24/29 93/23/28
f 60/22/27 232/40/43 93/23/28
f 232/40/43 60/22/27 99/36/41
f 100/37/44 232/40/43 99/36/41
f 100/37/44 99/36/41 47/35/40
f 61/342/46 180/340/47 102/344/48
f 180/340/47 61/342/46 73/339/49
f 102/341/48 180/343/47 44/308/50
f 44/308/50 180/343/47 37/307/51
f 233/44/52 103/41/53 104/43/54
f 104/43/54 103/41/53 8/42/55
f 53/45/56 233/44/52 104/43/54
f 233/44/52 53/45/56 105/46/57
f 61/47/46 102/48/48 105/46/57
f 233/44/52 105/46/57 102/48/48
f 233/44/52 44/49/50 103/41/53
f 44/49/50 233/44/52 102/48/48
f 17/51/58 234/53/59 106/50/60
f 234/53/59 17/51/58 107/52/61
f 55/54/62 108/55/63 107/52/61
f 234/53/59 107/52/61 108/55/63
f 234/53/59 61/47/46 105/46/57
f 61/47/46 234/53/59 108/55/63
f 106/50/60 105/46/57 53/45/56
f 105/46/57 106/50/60 234/53/59
f 108/345/63 55/348/62 57/347/64
f 108/345/63 57/347/64 182/346/65
f 61/342/46 182/346/65 73/339/49
f 182/346/65 61/342/46 108/345/63
f 235/59/66 12/57/67 110/58/68
f 12/57/67 235/59/66 109/56/69
f 34/60/70 235/59/66 110/58/68
f 235/59/66 34/60/70 111/61/71
f 62/62/72 235/59/66 111/61/71
f 235/59/66 62/62/72 112/63/73
f 235/59/66 112/63/73 109/56/69
f 112/63/73 51/64/74 109/56/69
f 236/66/75 2/11/15 87/10/16
f 2/11/15 236/66/75 113/65/76
f 87/10/16 49/5/11 114/67/77
f 87/10/16 114/67/77 236/66/75
f 62/62/72 236/66/75 114/67/77
f 236/66/75 62/62/72 111/61/71
f 113/65/76 236/66/75 111/61/71
f 111/61/71 34/60/70 113/65/76
f 15/2/7 237/69/78 85/3/8
f 237/69/78 15/2/7 115/68/79
f 52/70/80 116/71/81 115/68/79
f 237/69/78 115/68/79 116/71/81
f 237/69/78 62/62/72 114/67/77
f 62/62/72 237/69/78 116/71/81
f 49/5/11 237/69/78 114/67/77
f 237/69/78 49/5/11 85/3/8
f 238/75/82 117/72/83 118/74/84
f 117/72/83 16/73/85 118/74/84
f 238/75/82 51/64/74 112/63/73
f 51/64/74 238/75/82 118/74/84
f 116/71/81 112/63/73 62/62/72
f 112/63/73 116/71/81 238/75/82
f 52/70/80 238/75/82 116/71/81
f 238/75/82 52/70/80 117/72/83
f 158/332/86 63/361/87 69/362/88
f 63/361/87 158/332/86 119/331/89
f 158/332/86 24/328/17 119/331/89
f 24/328/17 158/332/86 40/327/20
f 113/65/76 88/12/13 2/11/15
f 113/65/76 239/76/90 88/12/13
f 34/60/70 239/76/90 113/65/76
f 239/76/90 34/60/70 120/77/91
f 63/78/87 119/79/89 120/77/91
f 239/76/90 120/77/91 119/79/89
f 24/14/17 239/76/90 119/79/89
f 239/76/90 24/14/17 88/12/13
f 240/81/92 110/58/68 121/80/93
f 110/58/68 12/57/67 121/80/93
f 240/81/92 36/82/94 122/83/95
f 36/82/94 240/81/92 121/80/93
f 240/81/92 63/78/87 120/77/91
f 63/78/87 240/81/92 122/83/95
f 110/58/68 120/77/91 34/60/70
f 120/77/91 110/58/68 240/81/92
f 122/338/95 39/316/96 160/337/97
f 39/316/96 122/338/95 36/315/94
f 63/355/87 160/337/97 69/356/88
f 160/337/97 63/355/87 122/338/95
f 168/305/98 64/359/99 71/360/100
f 64/359/99 168/305/98 123/304/101
f 168/305/98 42/302/102 123/304/101
f 42/302/102 168/305/98 33/301/103
f 125/86/104 241/87/105 124/84/106
f 125/86/104 124/84/106 11/85/107
f 126/89/108 125/86/104 32/88/109
f 125/86/104 126/89/108 241/87/105
f 64/90/99 241/87/105 126/89/108
f 241/87/105 64/90/99 123/91/101
f 241/87/105 42/92/102 124/84/106
f 42/92/102 241/87/105 123/91/101
f 242/96/110 127/93/111 128/95/112
f 127/93/111 1/94/113 128/95/112
f 242/96/110 23/97/114 129/98/115
f 23/97/114 242/96/110 128/95/112
f 126/89/108 242/96/110 129/98/115
f 129/98/115 64/90/99 126/89/108
f 242/96/110 32/88/109 127/93/111
f 32/88/109 242/96/110 126/89/108
f 170/299/116 23/336/114 41/335/117
f 23/336/114 170/299/116 129/300/115
f 170/299/116 64/303/99 129/300/115
f 64/303/99 170/299/116 71/306/100
f 13/32/39 243/100/118 130/99/119
f 243/100/118 13/32/39 97/31/38
f 31/29/35 131/101/120 97/31/38
f 97/31/38 131/101/120 243/100/118
f 243/100/118 65/102/121 132/103/122
f 65/102/121 243/100/118 131/101/120
f 130/99/119 243/100/118 132/103/122
f 130/99/119 132/103/122 58/104/123
f 9/26/31 133/105/124 95/27/32
f 95/27/32 133/105/124 244/106/125
f 244/106/125 29/107/126 134/108/127
f 29/107/126 244/106/125 133/105/124
f 131/101/120 244/106/125 134/108/127
f 131/101/120 134/108/127 65/102/121
f 31/29/35 244/106/125 131/101/120
f 244/106/125 31/29/35 95/27/32
f 245/112/128 6/110/129 136/111/130
f 6/110/129 245/112/128 135/109/131
f 137/114/132 245/112/128 136/111/130
f 137/114/132 136/111/130 56/113/133
f 65/102/121 245/112/128 137/114/132
f 245/112/128 65/102/121 134/108/127
f 29/107/126 135/109/131 134/108/127
f 134/108/127 135/109/131 245/112/128
f 139/117/134 246/118/135 138/115/136
f 139/117/134 138/115/136 18/116/137
f 58/104/123 246/118/135 139/117/134
f 246/118/135 58/104/123 132/103/122
f 65/102/121 137/114/132 132/103/122
f 132/103/122 137/114/132 246/118/135
f 246/118/135 56/113/133 138/115/136
f 56/113/133 246/118/135 137/114/132
f 33/301/103 173/298/138 42/302/102
f 42/302/102 173/298/138 140/297/139
f 173/298/138 66/296/140 140/297/139
f 66/296/140 173/298/138 72/295/141
f 72/295/141 178/294/142 66/296/140
f 66/296/140 178/294/142 141/293/143
f 178/294/142 43/292/144 141/293/143
f 43/292/144 178/294/142 38/291/145
f 7/120/146 247/122/147 142/119/148
f 247/122/147 7/120/146 143/121/149
f 247/122/147 27/123/150 144/124/151
f 27/123/150 247/122/147 143/121/149
f 66/125/140 141/126/143 144/124/151
f 144/124/151 141/126/143 247/122/147
f 142/119/148 141/126/143 43/127/144
f 141/126/143 142/119/148 247/122/147
f 11/85/107 248/129/152 145/128/153
f 248/129/152 11/85/107 124/84/106
f 42/92/102 140/130/139 124/84/106
f 124/84/106 140/130/139 248/129/152
f 248/129/152 66/125/140 144/124/151
f 66/125/140 248/129/152 140/130/139
f 248/129/152 144/124/151 145/128/153
f 144/124/151 27/123/150 145/128/153
f 249/132/154 8/42/55 146/131/155
f 8/42/55 249/132/154 104/43/54
f 147/134/156 146/131/155 28/133/157
f 146/131/155 147/134/156 249/132/154
f 67/135/158 249/132/154 147/134/156
f 249/132/154 67/135/158 148/136/159
f 249/132/154 148/136/159 104/43/54
f 148/136/159 53/45/56 104/43/54
f 109/56/69 149/137/160 12/57/67
f 149/137/160 109/56/69 250/138/161
f 51/64/74 250/138/161 109/56/69
f 250/138/161 51/64/74 150/139/162
f 250/138/161 150/139/162 147/134/156
f 150/139/162 67/135/158 147/134/156
f 250/138/161 28/133/157 149/137/160
f 28/133/157 250/138/161 147/134/156
f 16/73/85 251/141/163 118/74/84
f 251/141/163 16/73/85 151/140/164
f 251/141/163 151/140/164 152/143/165
f 151/140/164 54/142/166 152/143/165
f 251/141/163 67/135/158 150/139/162
f 67/135/158 251/141/163 152/143/165
f 118/74/84 150/139/162 51/64/74
f 150/139/162 118/74/84 251/141/163
f 252/145/167 153/144/168 106/50/60
f 153/144/168 17/51/58 106/50/60
f 252/145/167 53/45/56 148/136/159
f 53/45/56 252/145/167 106/50/60
f 152/143/165 148/136/159 67/135/158
f 148/136/159 152/143/165 252/145/167
f 54/142/166 252/145/167 152/143/165
f 252/145/167 54/142/166 153/144/168
f 184/313/169 68/311/170 74/312/171
f 68/311/170 184/313/169 154/314/172
f 154/314/172 39/316/96 36/315/94
f 39/316/96 154/314/172 184/313/169
f 12/57/67 253/146/173 121/80/93
f 253/146/173 12/57/67 149/137/160
f 155/147/174 253/146/173 149/137/160
f 149/137/160 28/133/157 155/147/174
f 253/146/173 68/148/170 154/149/172
f 68/148/170 253/146/173 155/147/174
f 121/80/93 154/149/172 36/82/94
f 154/149/172 121/80/93 253/146/173
f 254/150/175 8/42/55 103/41/53
f 8/42/55 254/150/175 146/131/155
f 156/151/176 103/41/53 44/49/50
f 103/41/53 156/151/176 254/150/175
f 155/147/174 156/151/176 68/148/170
f 156/151/176 155/147/174 254/150/175
f 28/133/157 254/150/175 155/147/174
f 254/150/175 28/133/157 146/131/155
f 186/309/177 156/310/176 44/308/50
f 186/309/177 44/308/50 37/307/51
f 68/311/170 186/309/177 74/312/171
f 186/309/177 68/311/170 156/310/176
f 255/153/178 91/18/23 157/152/179
f 91/18/23 4/17/22 157/152/179
f 40/154/20 255/153/178 157/152/179
f 255/153/178 40/154/20 158/155/86
f 159/157/180 255/153/178 158/155/86
f 158/155/86 69/156/88 159/157/180
f 255/153/178 26/20/26 91/18/23
f 26/20/26 255/153/178 159/157/180
f 94/25/33 256/159/181 161/158/182
f 94/25/33 161/158/182 9/26/31
f 159/157/180 94/25/33 26/20/26
f 94/25/33 159/157/180 256/159/181
f 69/156/88 256/159/181 159/157/180
f 256/159/181 69/156/88 160/160/97
f 256/159/181 39/161/96 161/158/182
f 39/161/96 256/159/181 160/160/97
f 162/162/183 257/163/184 101/39/45
f 162/162/183 101/39/45 14/38/42
f 48/164/5 257/163/184 162/162/183
f 257/163/184 48/164/5 163/165/1
f 164/167/185 257/163/184 163/165/1
f 164/167/185 163/165/1 70/166/3
f 46/24/29 257/163/184 164/167/185
f 257/163/184 46/24/29 101/39/45
f 258/168/186 157/152/179 4/17/22
f 4/17/22 90/16/24 258/168/186
f 164/167/185 258/168/186 90/16/24
f 164/167/185 90/16/24 46/24/29
f 70/166/3 258/168/186 164/167/185
f 258/168/186 70/166/3 165/169/19
f 157/152/179 258/168/186 165/169/19
f 165/169/19 40/154/20 157/152/179
f 259/173/187 166/170/188 167/172/189
f 166/170/188 10/171/190 167/172/189
f 259/173/187 33/174/103 168/175/98
f 33/174/103 259/173/187 167/172/189
f 259/173/187 71/176/100 169/177/191
f 71/176/100 259/173/187 168/175/98
f 166/170/188 169/177/191 25/178/192
f 169/177/191 166/170/188 259/173/187
f 172/181/193 171/179/194 3/180/195
f 172/181/193 260/182/196 171/179/194
f 25/178/192 260/182/196 172/181/193
f 260/182/196 25/178/192 169/177/191
f 71/176/100 170/183/116 169/177/191
f 260/182/196 169/177/191 170/183/116
f 260/182/196 41/184/117 171/179/194
f 41/184/117 260/182/196 170/183/116
f 10/171/190 261/186/197 167/172/189
f 261/186/197 10/171/190 174/185/198
f 175/188/199 261/186/197 174/185/198
f 174/185/198 30/187/200 175/188/199
f 261/186/197 72/189/141 173/190/138
f 72/189/141 261/186/197 175/188/199
f 167/172/189 173/190/138 33/174/103
f 173/190/138 167/172/189 261/186/197
f 262/194/201 5/192/202 177/193/203
f 5/192/202 262/194/201 176/191/204
f 178/196/142 177/193/203 38/195/145
f 177/193/203 178/196/142 262/194/201
f 175/188/199 178/196/142 72/189/141
f 178/196/142 175/188/199 262/194/201
f 30/187/200 262/194/201 175/188/199
f 262/194/201 30/187/200 176/191/204
f 179/197/205 263/198/206 136/111/130
f 136/111/130 6/110/129 179/197/205
f 263/198/206 37/199/51 180/200/47
f 37/199/51 263/198/206 179/197/205
f 181/202/207 180/200/47 73/201/49
f 181/202/207 263/198/206 180/200/47
f 56/113/133 263/198/206 181/202/207
f 263/198/206 56/113/133 136/111/130
f 18/116/137 264/204/208 183/203/209
f 264/204/208 18/116/137 138/115/136
f 138/115/136 56/113/133 181/202/207
f 138/115/136 181/202/207 264/204/208
f 264/204/208 73/201/49 182/205/65
f 73/201/49 264/204/208 181/202/207
f 183/203/209 264/204/208 182/205/65
f 183/203/209 182/205/65 57/206/64
f 9/26/31 265/207/210 133/105/124
f 265/207/210 9/26/31 161/158/182
f 39/161/96 184/208/169 161/158/182
f 161/158/182 184/208/169 265/207/210
f 265/207/210 74/209/171 185/210/211
f 74/209/171 265/207/210 184/208/169
f 265/207/210 185/210/211 133/105/124
f 185/210/211 29/107/126 133/105/124
f 6/110/129 266/211/212 179/197/205
f 266/211/212 6/110/129 135/109/131
f 266/211/212 29/107/126 185/210/211
f 29/107/126 266/211/212 135/109/131
f 74/209/171 186/212/177 185/210/211
f 185/210/211 186/212/177 266/211/212
f 179/197/205 186/212/177 37/199/51
f 186/212/177 179/197/205 266/211/212
f 14/38/42 267/214/213 187/213/214
f 267/214/213 14/38/42 100/37/44
f 47/35/40 188/215/215 100/37/44
f 267/214/213 100/37/44 188/215/215
f 267/214/213 75/216/216 189/217/217
f 75/216/216 267/214/213 188/215/215
f 20/218/218 267/214/213 189/217/217
f 267/214/213 20/218/218 187/213/214
f 268/220/219 98/33/36 190/219/220
f 98/33/36 13/32/39 190/219/220
f 268/220/219 45/221/221 191/222/222
f 45/221/221 268/220/219 190/219/220
f 188/215/215 191/222/222 75/216/216
f 191/222/222 188/215/215 268/220/219
f 47/35/40 268/220/219 188/215/215
f 268/220/219 47/35/40 98/33/36
f 269/224/223 10/171/190 166/170/188
f 10/171/190 269/224/223 192/223/224
f 25/178/192 269/224/223 166/170/188
f 269/224/223 25/178/192 193/225/225
f 75/216/216 269/224/223 193/225/225
f 269/224/223 75/216/216 191/222/222
f 269/224/223 191/222/222 192/223/224
f 191/222/222 45/221/221 192/223/224
f 270/227/226 3/180/195 194/226/227
f 3/180/195 270/227/226 172/181/193
f 194/226/227 20/218/218 189/217/217
f 194/226/227 189/217/217 270/227/226
f 75/216/216 270/227/226 189/217/217
f 270/227/226 75/216/216 193/225/225
f 172/181/193 270/227/226 193/225/225
f 193/225/225 25/178/192 172/181/193
f 14/38/42 187/213/214 162/162/183
f 271/228/228 162/162/183 187/213/214
f 271/228/228 20/218/218 195/229/229
f 20/218/218 271/228/228 187/213/214
f 76/230/230 196/231/231 195/229/229
f 271/228/228 195/229/229 196/231/231
f 271/228/228 48/164/5 162/162/183
f 48/164/5 271/228/228 196/231/231
f 171/179/194 272/232/232 3/180/195
f 194/226/227 3/180/195 272/232/232
f 41/184/117 197/233/233 171/179/194
f 272/232/232 171/179/194 197/233/233
f 272/232/232 76/230/230 195/229/229
f 76/230/230 272/232/232 197/233/233
f 20/218/218 194/226/227 195/229/229
f 272/232/232 195/229/229 194/226/227
f 197/333/233 23/336/114 199/334/234
f 23/336/114 197/333/233 41/335/117
f 199/334/234 76/329/230 197/333/233
f 76/329/230 199/334/234 77/330/235
f 196/325/231 50/321/6 48/322/5
f 50/321/6 196/325/231 198/326/236
f 196/325/231 76/329/230 198/326/236
f 76/329/230 77/330/235 198/326/236
f 273/235/237 128/95/112 1/94/113
f 1/94/113 200/234/238 273/235/237
f 201/237/239 273/235/237 200/234/238
f 201/237/239 200/234/238 19/236/240
f 77/238/235 273/235/237 201/237/239
f 273/235/237 77/238/235 199/239/234
f 199/239/234 23/97/114 128/95/112
f 199/239/234 128/95/112 273/235/237
f 84/1/9 274/241/241 202/240/242
f 84/1/9 202/240/242 15/2/7
f 50/9/6 274/241/241 84/1/9
f 274/241/241 50/9/6 198/242/236
f 198/242/236 77/238/235 201/237/239
f 198/242/236 201/237/239 274/241/241
f 19/236/240 274/241/241 201/237/239
f 274/241/241 19/236/240 202/240/242
f 117/72/83 275/244/243 203/243/244
f 117/72/83 203/243/244 16/73/85
f 52/70/80 275/244/243 117/72/83
f 275/244/243 52/70/80 204/245/245
f 204/245/245 78/246/246 205/247/247
f 204/245/245 205/247/247 275/244/243
f 275/244/243 35/248/248 203/243/244
f 35/248/248 275/244/243 205/247/247
f 15/2/7 276/249/249 115/68/79
f 276/249/249 15/2/7 202/240/242
f 19/236/240 276/249/249 202/240/242
f 276/249/249 19/236/240 206/250/250
f 78/246/246 276/249/249 206/250/250
f 276/249/249 78/246/246 204/245/245
f 115/68/79 276/249/249 204/245/245
f 115/68/79 204/245/245 52/70/80
f 277/251/251 1/94/113 127/93/111
f 1/94/113 277/251/251 200/234/238
f 277/251/251 127/93/111 207/252/252
f 127/93/111 32/88/109 207/252/252
f 277/251/251 78/246/246 206/250/250
f 78/246/246 277/251/251 207/252/252
f 200/234/238 206/250/250 19/236/240
f 206/250/250 200/234/238 277/251/251
f 278/254/253 11/85/107 208/253/254
f 11/85/107 278/254/253 125/86/104
f 205/247/247 278/254/253 208/253/254
f 205/247/247 208/253/254 35/248/248
f 78/246/246 278/254/253 205/247/247
f 278/254/253 78/246/246 207/252/252
f 32/88/109 278/254/253 207/252/252
f 278/254/253 32/88/109 125/86/104
f 153/144/168 279/256/255 209/255/256
f 153/144/168 209/255/256 17/51/58
f 54/142/166 279/256/255 153/144/168
f 279/256/255 54/142/166 210/257/257
f 79/258/258 211/259/259 210/257/257
f 210/257/257 211/259/259 279/256/255
f 279/256/255 22/260/260 209/255/256
f 22/260/260 279/256/255 211/259/259
f 16/73/85 280/261/261 151/140/164
f 280/261/261 16/73/85 203/243/244
f 35/248/248 212/262/262 203/243/244
f 203/243/244 212/262/262 280/261/261
f 280/261/261 79/258/258 210/257/257
f 79/258/258 280/261/261 212/262/262
f 151/140/164 280/261/261 210/257/257
f 151/140/164 210/257/257 54/142/166
f 11/85/107 145/128/153 208/253/254
f 208/253/254 145/128/153 281/263/263
f 281/263/263 27/123/150 213/264/264
f 27/123/150 281/263/263 145/128/153
f 212/262/262 281/263/263 213/264/264
f 212/262/262 213/264/264 79/258/258
f 35/248/248 281/263/263 212/262/262
f 281/263/263 35/248/248 208/253/254
f 282/266/265 7/120/146 214/265/266
f 7/120/146 282/266/265 143/121/149
f 211/259/259 282/266/265 214/265/266
f 211/259/259 214/265/266 22/260/260
f 79/258/258 282/266/265 211/259/259
f 282/266/265 79/258/258 213/264/264
f 27/123/150 143/121/149 213/264/264
f 213/264/264 143/121/149 282/266/265
f 215/349/267 57/347/64 55/348/62
f 57/347/64 215/349/267 219/350/268
f 215/349/267 80/352/269 81/351/270
f 215/349/267 81/351/270 219/350/268
f 17/51/58 283/267/271 107/52/61
f 283/267/271 17/51/58 209/255/256
f 209/255/256 22/260/260 216/268/272
f 209/255/256 216/268/272 283/267/271
f 283/267/271 80/269/269 215/270/267
f 80/269/269 283/267/271 216/268/272
f 107/52/61 283/267/271 215/270/267
f 107/52/61 215/270/267 55/54/62
f 142/119/148 284/271/273 214/265/266
f 214/265/266 7/120/146 142/119/148
f 284/271/273 43/127/144 217/272/274
f 43/127/144 284/271/273 142/119/148
f 216/268/272 217/272/274 80/269/269
f 216/268/272 284/271/273 217/272/274
f 22/260/260 284/271/273 216/268/272
f 284/271/273 22/260/260 214/265/266
f 217/353/274 43/292/144 221/354/275
f 43/292/144 38/291/145 221/354/275
f 80/352/269 221/358/275 81/351/270
f 221/358/275 80/352/269 217/357/274
f 18/116/137 285/274/276 218/273/277
f 285/274/276 18/116/137 183/203/209
f 57/206/64 219/275/268 183/203/209
f 285/274/276 183/203/209 219/275/268
f 285/274/276 81/276/270 220/277/278
f 81/276/270 285/274/276 219/275/268
f 218/273/277 220/277/278 21/278/279
f 220/277/278 218/273/277 285/274/276
f 286/280/280 177/193/203 222/279/281
f 222/279/281 177/193/203 5/192/202
f 21/278/279 286/280/280 222/279/281
f 286/280/280 21/278/279 220/277/278
f 81/276/270 221/281/275 220/277/278
f 286/280/280 220/277/278 221/281/275
f 286/280/280 38/195/145 177/193/203
f 38/195/145 286/280/280 221/281/275
f 13/32/39 287/282/282 190/219/220
f 287/282/282 13/32/39 130/99/119
f 287/282/282 130/99/119 223/283/283
f 130/99/119 58/104/123 223/283/283
f 287/282/282 82/284/284 224/285/285
f 82/284/284 287/282/282 223/283/283
f 190/219/220 224/285/285 45/221/221
f 224/285/285 190/219/220 287/282/282
f 288/286/286 139/117/134 218/273/277
f 139/117/134 18/116/137 218/273/277
f 288/286/286 21/278/279 225/287/287
f 21/278/279 288/286/286 218/273/277
f 223/283/283 225/287/287 82/284/284
f 225/287/287 223/283/283 288/286/286
f 58/104/123 288/286/286 223/283/283
f 288/286/286 58/104/123 139/117/134
f 289/288/288 5/192/202 176/191/204
f 5/192/202 289/288/288 222/279/281
f 226/289/289 176/191/204 30/187/200
f 176/191/204 226/289/289 289/288/288
f 82/284/284 289/288/288 226/289/289
f 289/288/288 82/284/284 225/287/287
f 289/288/288 225/287/287 222/279/281
f 225/287/287 21/278/279 222/279/281
f 192/223/224 174/185/198 10/171/190
f 174/185/198 192/223/224 290/290/290
f 45/221/221 290/290/290 192/223/224
f 290/290/290 45/221/221 224/285/285
f 290/290/290 224/285/285 226/289/289
f 224/285/285 82/284/284 226/289/289
f 290/290/290 30/187/200 174/185/198
f 30/187/200 290/290/290 226/289/289
s off
f 314/363/291 310/364/292 311/365/293
f 310/364/294 314/363/295 313/366/296
f 316/367/297 313/366/298 314/363/299
f 313/366/300 316/367/301 315/368/302
f 318/369/303 315/368/304 316/367/305
f 315/368/306 318/369/307 317/370/308
f 318/369/309 319/371/310 317/370/311
f 319/371/312 318/369/313 320/372/314
f 321/373/315 320/372/316 322/374/317
f 320/372/318 321/373/319 319/371/320
f 323/375/321 322/374/322 324/376/323
f 322/374/324 323/375/325 321/373/326
f 294/377/327 291/378/328 293/379/329
f 291/378/330 292/380/331 293/379/332
f 293/379/333 292/380/334 296/381/335
f 292/380/336 295/382/337 296/381/338
f 298/383/339 296/381/340 295/382/341
f 298/383/342 295/382/343 297/384/344
f 300/385/345 298/383/346 297/384/347
f 300/385/348 297/384/349 299/386/350
f 300/385/351 301/387/352 302/388/353
f 301/387/354 300/385/355 299/386/356
f 302/388/357 303/389/358 304/390/359
f 303/389/360 302/388/361 301/387/362
f 305/391/363 304/390/364 303/389/365
f 304/390/366 305/391/367 306/392/368
f 308/393/369 305/391/370 307/394/371
f 305/391/372 308/393/373 306/392/374
f 292/395/375 291/396/376 310/397/377
f 291/396/378 309/398/379 310/397/380
f 312/399/381 293/400/382 311/401/383
f 293/400/384 312/399/385 294/402/386
f 309/403/387 291/378/388 294/377/389
f 309/403/390 294/377/391 312/404/392
f 313/405/393 295/406/394 292/407/395
f 313/405/396 292/407/397 310/408/398
f 314/409/399 311/410/400 296/411/401
f 296/411/402 311/410/403 293/412/404
f 315/413/405 297/414/406 295/406/407
f 315/413/408 295/406/409 313/405/410
f 316/415/411 314/409/412 298/416/413
f 298/416/414 314/409/415 296/411/416
f 317/417/417 299/418/418 297/414/419
f 317/417/420 297/414/421 315/413/422
f 318/419/423 316/415/424 300/420/425
f 300/420/426 316/415/427 298/416/428
f 319/421/429 301/422/430 299/418/431
f 319/421/432 299/418/433 317/417/434
f 318/419/435 302/423/436 320/424/437
f 302/423/438 318/419/439 300/420/440
f 321/425/441 303/426/442 301/422/443
f 321/425/444 301/422/445 319/421/446
f 322/427/447 320/424/448 304/428/449
f 304/428/450 320/424/451 302/423/452
f 305/429/453 321/425/454 323/430/455
f 321/425/456 305/429/457 303/426/458
f 324/431/459 304/428/460 306/432/461
f 304/428/462 324/431/463 322/427/464
f 323/433/465 325/434/466 307/435/467
f 308/436/468 324/431/469 306/432/470
f 308/437/471 325/438/472 326/439/473
f 325/438/474 308/437/475 307/440/476
f 325/434/477 327/441/478 328/442/479
f 327/441/480 325/434/481 323/433/482
f 326/439/483 328/443/484 329/444/485
f 328/443/486 326/439/487 325/438/488
f 329/445/489 324/446/490 326/447/491
f 324/446/492 329/445/493 330/448/494
f 327/449/495 324/450/496 330/451/497
f 324/450/498 327/449/499 323/452/500
f 332/453/501 310/397/502 309/398/503
f 309/398/504 331/454/505 332/453/506
f 332/455/507 311/456/508 310/457/509
f 311/456/510 332/455/511 333/458/512
f 334/459/513 311/401/514 333/460/515
f 311/401/516 334/459/517 312/399/518
f 331/461/519 309/462/520 312/463/521
f 331/461/522 312/463/523 334/464/524
f 356/465/525 352/466/526 353/467/527
f 352/466/528 356/465/529 355/468/530
f 358/469/531 355/468/532 356/465/533
f 355/468/534 358/469/535 357/470/536
f 360/471/537 357/470/538 358/469/539
f 357/470/540 360/471/541 359/472/542
f 360/471/543 361/473/544 359/472/545
f 361/473/546 360/471/547 362/474/548
f 363/475/549 362/474/550 364/476/551
f 362/474/552 363/475/553 361/473/554
f 365/477/555 364/476/556 366/478/557
f 364/476/558 365/477/559 363/475/560
f 368/479/561 367/480/562 365/477/563
f 368/479/564 365/477/565 366/478/566
f 369/481/567 368/479/568 370/482/569
f 368/479/570 369/481/571 367/480/572
f 372/483/573 371/484/574 369/481/575
f 372/483/576 369/481/577 370/482/578
f 333/485/579 332/486/580 336/487/581
f 332/486/582 335/488/583 336/487/584
f 338/489/585 336/487/586 335/488/587
f 338/489/588 335/488/589 337/490/590
f 340/491/591 338/489/592 337/490/593
f 340/491/594 337/490/595 339/492/596
f 340/491/597 341/493/598 342/494/599
f 341/493/600 340/491/601 339/492/602
f 342/494/603 343/495/604 344/496/605
f 343/495/606 342/494/607 341/493/608
f 327/497/609 330/498/610 344/496/611
f 327/497/612 344/496/613 343/495/614
f 345/499/615 329/500/616 328/501/617
f 329/500/618 345/499/619 346/502/620
f 348/503/621 345/499/622 347/504/623
f 345/499/624 348/503/625 346/502/626
f 349/505/627 348/503/628 347/504/629
f 348/503/630 349/505/631 350/506/632
f 332/453/633 331/454/634 352/507/635
f 331/454/636 351/508/637 352/507/638
f 354/509/639 333/460/640 353/510/641
f 333/460/642 354/509/643 334/459/644
f 351/511/645 331/512/646 334/513/647
f 351/511/648 334/513/649 354/514/650
f 355/515/651 335/516/652 332/517/653
f 355/515/654 332/517/655 352/518/656
f 356/519/657 353/520/658 336/521/659
f 336/521/660 353/520/661 333/522/662
f 357/523/663 337/524/664 335/516/665
f 357/523/666 335/516/667 355/515/668
f 356/519/669 338/525/670 358/526/671
f 338/525/672 356/519/673 336/521/674
f 359/527/675 339/528/676 337/524/677
f 359/527/678 337/524/679 357/523/680
f 358/526/681 340/529/682 360/530/683
f 340/529/684 358/526/685 338/525/686
f 361/531/687 341/532/688 339/528/689
f 361/531/690 339/528/691 359/527/692
f 360/530/693 342/533/694 362/534/695
f 342/533/696 360/530/697 340/529/698
f 363/535/699 343/536/700 341/532/701
f 363/535/702 341/532/703 361/531/704
f 362/534/705 344/537/706 364/538/707
f 344/537/708 362/534/709 342/533/710
f 365/539/711 327/540/712 363/535/713
f 327/540/714 343/536/715 363/535/716
f 366/541/717 344/537/718 330/542/719
f 344/537/720 366/541/721 364/538/722
f 328/543/723 365/539/724 367/544/725
f 365/539/726 328/543/727 327/540/728
f 368/545/729 330/542/730 329/546/731
f 330/542/732 368/545/733 366/541/734
f 345/547/735 367/544/736 369/548/737
f 367/544/738 345/547/739 328/543/740
f 370/549/741 368/545/742 346/550/743
f 346/550/744 368/545/745 329/546/746
f 371/551/747 347/552/748 345/547/749
f 371/551/750 345/547/751 369/548/752
f 372/553/753 370/549/754 348/554/755
f 348/554/756 370/549/757 346/550/758
f 371/555/759 373/556/760 349/557/761
f 350/558/762 372/553/763 348/554/764
f 376/559/765 352/507/766 351/508/767
f 351/508/768 375/560/769 376/559/770
f 376/561/771 353/562/772 352/563/773
f 353/562/774 376/561/775 377/564/776
f 378/565/777 353/510/778 377/566/779
f 353/510/780 378/565/781 354/509/782
f 375/567/783 351/568/784 354/569/785
f 375/567/786 354/569/787 378/570/788
f 350/571/789 373/572/790 374/573/791
f 373/572/792 350/571/793 349/574/794
f 373/556/795 379/575/796 380/576/797
f 379/575/798 373/556/799 371/555/800
f 374/573/801 380/577/802 381/578/803
f 380/577/804 374/573/805 373/572/806
f 381/579/807 372/580/808 374/581/809
f 372/580/810 381/579/811 382/582/812
f 379/583/813 372/584/814 382/585/815
f 372/584/816 379/583/817 371/586/818
f 442/587/819 441/588/820 439/589/821
f 439/589/822 441/588/823 440/590/824
f 410/591/825 406/592/826 407/593/827
f 406/592/828 410/591/829 409/594/830
f 412/595/831 409/594/832 410/591/833
f 409/594/834 412/595/835 411/596/836
f 414/597/837 411/596/838 412/595/839
f 411/596/840 414/597/841 413/598/842
f 414/597/843 415/599/844 413/598/845
f 415/599/846 414/597/847 416/600/848
f 417/601/849 416/600/850 418/602/851
f 416/600/852 417/601/853 415/599/854
f 419/603/855 418/602/856 420/604/857
f 418/602/858 419/603/859 417/601/860
f 422/605/861 421/606/862 419/603/863
f 422/605/864 419/603/865 420/604/866
f 423/607/867 422/605/868 424/608/869
f 422/605/870 423/607/871 421/606/872
f 426/609/873 425/610/874 423/607/875
f 426/609/876 423/607/877 424/608/878
f 427/611/879 426/609/880 428/612/881
f 426/609/882 427/611/883 425/610/884
f 429/613/885 428/612/886 430/614/887
f 428/612/888 429/613/889 427/611/890
f 432/615/891 431/616/892 429/613/893
f 432/615/894 429/613/895 430/614/896
f 437/617/897 436/618/898 435/619/899
f 437/617/900 435/619/901 438/620/902
f 377/621/903 376/622/904 384/623/905
f 376/622/906 383/624/907 384/623/908
f 386/625/909 384/623/910 383/624/911
f 386/625/912 383/624/913 385/626/914
f 388/627/915 386/625/916 385/626/917
f 388/627/918 385/626/919 387/628/920
f 388/627/921 389/629/922 390/630/923
f 389/629/924 388/627/925 387/628/926
f 390/630/927 391/631/928 392/632/929
f 391/631/930 390/630/931 389/629/932
f 393/633/933 392/632/934 391/631/935
f 392/632/936 393/633/937 394/634/938
f 396/635/939 393/633/940 395/636/941
f 393/633/942 396/635/943 394/634/944
f 397/637/945 396/635/946 395/636/947
f 396/635/948 397/637/949 398/638/950
f 382/639/951 397/637/952 379/640/953
f 397/637/954 382/639/955 398/638/956
f 399/641/957 381/642/958 380/643/959
f 381/642/960 399/641/961 400/644/962
f 402/645/963 399/641/964 401/646/965
f 399/641/966 402/645/967 400/644/968
f 404/647/969 401/646/970 403/648/971
f 401/646/972 404/647/973 402/645/974
f 376/559/975 375/560/976 406/649/977
f 375/560/978 405/650/979 406/649/980
f 408/651/981 377/566/982 407/652/983
f 377/566/984 408/651/985 378/565/986
f 405/653/987 375/654/988 378/655/989
f 405/653/990 378/655/991 408/656/992
f 383/657/993 406/658/994 409/659/995
f 406/658/996 383/657/997 376/660/998
f 410/661/999 407/662/1000 384/663/1001
f 384/663/1002 407/662/1003 377/664/1004
f 411/665/1005 385/666/1006 383/657/1007
f 411/665/1008 383/657/1009 409/659/1010
f 410/661/1011 386/667/1012 412/668/1013
f 386/667/1014 410/661/1015 384/663/1016
f 413/669/1017 387/670/1018 385/666/1019
f 413/669/1020 385/666/1021 411/665/1022
f 412/668/1023 388/671/1024 414/672/1025
f 388/671/1026 412/668/1027 386/667/1028
f 415/673/1029 389/674/1030 387/670/1031
f 415/673/1032 387/670/1033 413/669/1034
f 414/672/1035 390/675/1036 416/676/1037
f 390/675/1038 414/672/1039 388/671/1040
f 417/677/1041 391/678/1042 389/674/1043
f 417/677/1044 389/674/1045 415/673/1046
f 416/676/1047 392/679/1048 418/680/1049
f 392/679/1050 416/676/1051 390/675/1052
f 393/681/1053 417/677/1054 419/682/1055
f 417/677/1056 393/681/1057 391/678/1058
f 420/683/1059 392/679/1060 394/684/1061
f 392/679/1062 420/683/1063 418/680/1064
f 395/685/1065 419/682/1066 421/686/1067
f 419/682/1068 395/685/1069 393/681/1070
f 422/687/1071 394/684/1072 396/688/1073
f 394/684/1074 422/687/1075 420/683/1076
f 397/689/1077 421/686/1078 423/690/1079
f 421/686/1080 397/689/1081 395/685/1082
f 424/691/1083 396/688/1084 398/692/1085
f 396/688/1086 424/691/1087 422/687/1088
f 425/693/1089 379/694/1090 397/689/1091
f 425/693/1092 397/689/1093 423/690/1094
f 426/695/1095 398/692/1096 382/696/1097
f 398/692/1098 426/695/1099 424/691/1100
f 427/697/1101 380/698/1102 379/694/1103
f 427/697/1104 379/694/1105 425/693/1106
f 426/695/1107 381/699/1108 428/700/1109
f 381/699/1110 426/695/1111 382/696/1112
f 399/701/1113 427/697/1114 429/702/1115
f 427/697/1116 399/701/1117 380/698/1118
f 430/703/1119 428/700/1120 400/704/1121
f 400/704/1122 428/700/1123 381/699/1124
f 401/705/1125 429/702/1126 431/706/1127
f 429/702/1128 401/705/1129 399/701/1130
f 432/707/1131 430/703/1132 402/708/1133
f 402/708/1134 430/703/1135 400/704/1136
f 431/709/1137 433/710/1138 403/711/1139
f 404/712/1140 432/707/1141 402/708/1142
f 440/713/1143 406/649/1144 405/650/1145
f 405/650/1146 439/714/1147 440/713/1148
f 440/715/1149 407/716/1150 406/717/1151
f 407/716/1152 440/715/1153 441/718/1154
f 442/719/1155 407/652/1156 441/720/1157
f 407/652/1158 442/719/1159 408/651/1160
f 439/721/1161 405/722/1162 408/723/1163
f 439/721/1164 408/723/1165 442/724/1166
f 404/725/1167 433/726/1168 434/727/1169
f 433/726/1170 404/725/1171 403/728/1172
f 433/710/1173 435/729/1174 436/730/1175
f 435/729/1176 433/710/1177 431/709/1178
f 434/727/1179 436/731/1180 437/732/1181
f 436/731/1182 434/727/1183 433/726/1184
f 434/733/1185 437/734/1186 438/735/1187
f 434/733/1188 438/735/1189 432/736/1190
f 435/737/1191 432/738/1192 438/739/1193
f 432/738/1194 435/737/1195 431/740/1196
f 401/705/1197 431/706/1198 403/741/1199
f 404/742/1200 434/733/1201 432/736/1202
f 350/743/1203 374/581/1204 372/580/1205
f 308/744/1206 326/447/1207 324/446/1208
f 305/429/1209 323/430/1210 307/745/1211
f 347/552/1212 371/551/1213 349/746/1214
s 36
f 461/747/1215 530/748/1216 582/749/1217
f 582/749/1217 530/748/1216 681/750/1218
f 681/750/1218 451/751/1219 583/752/1220
f 451/751/1219 681/750/1218 530/748/1216
f 452/753/1221 682/754/1222 532/755/1223
f 682/754/1222 452/753/1221 531/756/1224
f 582/749/1217 682/754/1222 531/756/1224
f 531/756/1224 461/747/1215 582/749/1217
f 532/755/1223 683/757/1225 581/758/1226
f 683/757/1225 532/755/1223 682/754/1222
f 682/754/1222 549/759/1227 683/757/1225
f 549/759/1227 682/754/1222 582/749/1217
f 533/760/1228 684/761/1229 579/762/1230
f 684/761/1229 533/760/1228 686/763/1231
f 686/763/1231 550/764/1232 684/761/1229
f 550/764/1232 686/763/1231 580/765/1233
f 463/766/1234 685/767/1235 580/765/1233
f 685/767/1235 463/766/1234 537/768/1236
f 532/755/1223 685/767/1235 537/768/1236
f 537/768/1236 452/753/1221 532/755/1223
f 453/769/1237 686/763/1231 533/760/1228
f 686/763/1231 453/769/1237 536/770/1238
f 580/765/1233 686/763/1231 536/770/1238
f 580/765/1233 536/770/1238 463/766/1234
f 687/771/1239 587/772/1240 521/773/1241
f 587/772/1240 457/774/1242 521/773/1241
f 687/771/1239 448/775/1243 522/776/1244
f 448/775/1243 687/771/1239 521/773/1241
f 688/777/1245 445/778/1246 520/779/1247
f 445/778/1246 688/777/1245 586/780/1248
f 587/772/1240 520/779/1247 457/774/1242
f 520/779/1247 587/772/1240 688/777/1245
f 587/772/1240 551/781/1249 688/777/1245
f 551/781/1249 689/782/1250 688/777/1245
f 689/782/1250 586/780/1248 688/777/1245
f 586/780/1248 689/782/1250 598/783/1251
f 448/775/1243 524/784/1252 522/776/1244
f 690/785/1253 522/776/1244 524/784/1252
f 690/785/1253 458/786/1254 589/787/1255
f 458/786/1254 690/785/1253 524/784/1252
f 588/788/1256 690/785/1253 691/789/1257
f 690/785/1253 588/788/1256 522/776/1244
f 691/789/1257 589/787/1255 552/790/1258
f 589/787/1255 691/789/1257 690/785/1253
f 458/786/1254 523/791/1259 589/787/1255
f 692/792/1260 589/787/1255 523/791/1259
f 692/792/1260 447/793/1261 525/794/1262
f 447/793/1261 692/792/1260 523/791/1259
f 475/795/1263 693/796/1264 553/797/1265
f 693/796/1264 475/795/1263 554/798/1266
f 693/796/1264 554/798/1266 516/799/1267
f 554/798/1266 455/800/1268 516/799/1267
f 693/796/1264 446/801/1269 526/802/1270
f 446/801/1269 693/796/1264 516/799/1267
f 553/797/1265 526/802/1270 459/803/1271
f 526/802/1270 553/797/1265 693/796/1264
f 555/804/1272 554/798/1266 475/795/1263
f 554/798/1266 555/804/1272 694/805/1273
f 468/806/1274 542/807/1275 555/804/1272
f 555/804/1272 542/807/1275 694/805/1273
f 443/808/1276 694/805/1273 542/807/1275
f 694/805/1273 443/808/1276 515/809/1277
f 694/805/1273 455/800/1268 554/798/1266
f 455/800/1268 694/805/1273 515/809/1277
f 574/810/1278 475/811/1263 481/812/1279
f 475/811/1263 574/810/1278 555/813/1272
f 573/814/1280 459/815/1271 474/816/1281
f 459/815/1271 573/814/1280 553/817/1265
f 695/818/1282 585/819/1283 541/820/1284
f 585/819/1283 467/821/1285 541/820/1284
f 586/780/1248 695/818/1282 541/820/1284
f 586/780/1248 541/820/1284 445/778/1246
f 696/822/1286 557/823/1287 558/824/1288
f 557/823/1287 476/825/1289 558/824/1288
f 696/822/1286 466/826/1290 540/827/1291
f 466/826/1290 696/822/1286 558/824/1288
f 521/773/1241 540/827/1291 448/775/1243
f 540/827/1291 521/773/1241 696/822/1286
f 696/822/1286 457/774/1242 557/823/1287
f 457/774/1242 696/822/1286 521/773/1241
f 476/828/1289 480/829/1292 558/830/1288
f 558/830/1288 480/829/1292 569/831/1293
f 571/832/1294 559/833/1295 472/834/1296
f 467/835/1285 472/834/1296 559/833/1295
f 697/836/1297 476/825/1289 557/823/1287
f 476/825/1289 697/836/1297 559/837/1295
f 457/774/1242 520/779/1247 557/823/1287
f 557/823/1287 520/779/1247 697/836/1297
f 697/836/1297 445/778/1246 541/820/1284
f 445/778/1246 697/836/1297 520/779/1247
f 467/821/1285 697/836/1297 541/820/1284
f 697/836/1297 467/821/1285 559/837/1295
f 561/838/1298 560/839/1299 477/840/1300
f 560/839/1299 561/838/1298 698/841/1301
f 459/803/1271 698/841/1301 561/838/1298
f 698/841/1301 459/803/1271 526/802/1270
f 446/801/1269 517/842/1302 526/802/1270
f 698/841/1301 526/802/1270 517/842/1302
f 698/841/1301 456/843/1303 560/839/1299
f 456/843/1303 698/841/1301 517/842/1302
f 576/844/1304 477/845/1300 482/846/1305
f 477/845/1300 576/844/1304 561/847/1298
f 578/848/1306 464/849/1307 469/850/1308
f 464/849/1307 578/848/1306 562/851/1309
f 477/840/1300 699/852/1310 562/853/1309
f 699/852/1310 477/840/1300 560/839/1299
f 456/843/1303 518/854/1311 560/839/1299
f 699/852/1310 560/839/1299 518/854/1311
f 699/852/1310 444/855/1312 538/856/1313
f 444/855/1312 699/852/1310 518/854/1311
f 562/853/1309 538/856/1313 464/857/1307
f 538/856/1313 562/853/1309 699/852/1310
f 478/858/1314 564/859/1315 563/860/1316
f 700/861/1317 563/860/1316 564/859/1315
f 700/861/1317 465/862/1318 539/863/1319
f 465/862/1318 700/861/1317 564/859/1315
f 523/791/1259 539/863/1319 447/793/1261
f 539/863/1319 523/791/1259 700/861/1317
f 458/786/1254 700/861/1317 523/791/1259
f 700/861/1317 458/786/1254 563/860/1316
f 478/864/1314 479/865/1320 564/866/1315
f 564/866/1315 479/865/1320 566/867/1321
f 466/868/1290 471/869/1322 565/870/1323
f 565/870/1323 471/869/1322 568/871/1324
f 701/872/1325 478/858/1314 563/860/1316
f 478/858/1314 701/872/1325 565/873/1323
f 524/784/1252 563/860/1316 458/786/1254
f 563/860/1316 524/784/1252 701/872/1325
f 701/872/1325 448/775/1243 540/827/1291
f 448/775/1243 701/872/1325 524/784/1252
f 466/826/1290 565/873/1323 540/827/1291
f 701/872/1325 540/827/1291 565/873/1323
f 566/874/1321 479/875/1320 567/876/1326
f 566/874/1321 567/876/1326 702/877/1327
f 463/766/1234 702/877/1327 567/876/1326
f 702/877/1327 463/766/1234 536/770/1238
f 544/878/1328 536/770/1238 453/769/1237
f 536/770/1238 544/878/1328 702/877/1327
f 470/879/1329 702/877/1327 544/878/1328
f 702/877/1327 470/879/1329 566/874/1321
f 479/875/1320 703/880/1330 567/876/1326
f 703/880/1330 479/875/1320 568/881/1324
f 568/881/1324 471/882/1322 545/883/1331
f 568/881/1324 545/883/1331 703/880/1330
f 703/880/1330 452/753/1221 537/768/1236
f 452/753/1221 703/880/1330 545/883/1331
f 567/876/1326 537/768/1236 463/766/1234
f 537/768/1236 567/876/1326 703/880/1330
f 480/884/1292 570/885/1332 569/886/1293
f 569/886/1293 570/885/1332 704/887/1333
f 704/887/1333 461/747/1215 531/756/1224
f 461/747/1215 704/887/1333 570/885/1332
f 545/883/1331 531/756/1224 452/753/1221
f 531/756/1224 545/883/1331 704/887/1333
f 471/882/1322 704/887/1333 545/883/1331
f 704/887/1333 471/882/1322 569/886/1293
f 705/888/1334 480/884/1292 571/889/1294
f 480/884/1292 705/888/1334 570/885/1332
f 472/890/1296 705/888/1334 571/889/1294
f 705/888/1334 472/890/1296 546/891/1335
f 451/751/1219 705/888/1334 546/891/1335
f 705/888/1334 451/751/1219 530/748/1216
f 570/885/1332 530/748/1216 461/747/1215
f 530/748/1216 570/885/1332 705/888/1334
f 706/892/1336 583/752/1220 546/891/1335
f 583/752/1220 451/751/1219 546/891/1335
f 584/893/1337 706/892/1336 546/891/1335
f 584/893/1337 546/891/1335 472/890/1296
f 707/894/1338 584/893/1337 572/895/1339
f 584/893/1337 707/894/1338 706/892/1336
f 595/896/1340 583/752/1220 706/892/1336
f 595/896/1340 706/892/1336 707/894/1338
f 575/897/1341 708/898/1342 574/899/1278
f 575/897/1341 574/899/1278 481/900/1279
f 460/901/1343 708/898/1342 575/897/1341
f 708/898/1342 460/901/1343 527/902/1344
f 708/898/1342 449/903/1345 547/904/1346
f 449/903/1345 708/898/1342 527/902/1344
f 708/898/1342 547/904/1346 574/899/1278
f 547/904/1346 473/905/1347 574/899/1278
f 709/906/1348 481/900/1279 573/907/1280
f 481/900/1279 709/906/1348 575/897/1341
f 548/908/1349 709/906/1348 573/907/1280
f 548/908/1349 573/907/1280 474/909/1281
f 450/910/1350 709/906/1348 548/908/1349
f 709/906/1348 450/910/1350 528/911/1351
f 575/897/1341 709/906/1348 528/911/1351
f 528/911/1351 460/901/1343 575/897/1341
f 577/912/1352 710/913/1353 576/914/1304
f 577/912/1352 576/914/1304 482/915/1305
f 462/916/1354 710/913/1353 577/912/1352
f 710/913/1353 462/916/1354 534/917/1355
f 548/908/1349 710/913/1353 534/917/1355
f 534/917/1355 450/910/1350 548/908/1349
f 474/909/1281 710/913/1353 548/908/1349
f 710/913/1353 474/909/1281 576/914/1304
f 482/915/1305 711/918/1356 577/912/1352
f 711/918/1356 482/915/1305 578/919/1306
f 543/920/1357 711/918/1356 578/919/1306
f 543/920/1357 578/919/1306 469/921/1308
f 454/922/1358 711/918/1356 543/920/1357
f 711/918/1356 454/922/1358 535/923/1359
f 577/912/1352 711/918/1356 535/923/1359
f 577/912/1352 535/923/1359 462/916/1354
f 580/765/1233 712/924/1360 550/764/1232
f 712/924/1360 580/765/1233 685/767/1235
f 685/767/1235 581/758/1226 712/924/1360
f 581/758/1226 685/767/1235 532/755/1223
f 549/759/1227 582/749/1217 681/750/1218
f 549/759/1227 681/750/1218 713/925/1361
f 713/925/1361 681/750/1218 583/752/1220
f 713/925/1361 583/752/1220 595/896/1340
f 714/926/1362 585/819/1283 695/818/1282
f 585/819/1283 714/926/1362 556/927/1363
f 598/783/1251 695/818/1282 586/780/1248
f 695/818/1282 598/783/1251 714/926/1362
f 551/781/1249 687/771/1239 715/928/1364
f 687/771/1239 551/781/1249 587/772/1240
f 715/928/1364 522/776/1244 588/788/1256
f 522/776/1244 715/928/1364 687/771/1239
f 552/790/1258 692/792/1260 716/929/1365
f 692/792/1260 552/790/1258 589/787/1255
f 716/929/1365 525/794/1262 590/930/1366
f 525/794/1262 716/929/1365 692/792/1260
f 462/916/1354 717/931/1367 592/932/1368
f 717/931/1367 462/916/1354 535/923/1359
f 591/933/1369 535/923/1359 454/922/1358
f 535/923/1359 591/933/1369 717/931/1367
f 717/931/1367 579/762/1230 684/761/1229
f 579/762/1230 717/931/1367 591/933/1369
f 684/761/1229 592/932/1368 717/931/1367
f 592/932/1368 684/761/1229 550/764/1232
f 550/764/1232 718/934/1370 592/932/1368
f 718/934/1370 550/764/1232 712/924/1360
f 712/924/1360 593/935/1371 718/934/1370
f 593/935/1371 712/924/1360 581/758/1226
f 718/934/1370 450/910/1350 534/917/1355
f 450/910/1350 718/934/1370 593/935/1371
f 592/932/1368 534/917/1355 462/916/1354
f 534/917/1355 592/932/1368 718/934/1370
f 719/936/1372 460/901/1343 528/911/1351
f 460/901/1343 719/936/1372 594/937/1373
f 593/935/1371 528/911/1351 450/910/1350
f 528/911/1351 593/935/1371 719/936/1372
f 581/758/1226 719/936/1372 593/935/1371
f 719/936/1372 581/758/1226 683/757/1225
f 683/757/1225 594/937/1373 719/936/1372
f 594/937/1373 683/757/1225 549/759/1227
f 549/759/1227 720/938/1374 594/937/1373
f 720/938/1374 549/759/1227 713/925/1361
f 713/925/1361 529/939/1375 720/938/1374
f 529/939/1375 713/925/1361 595/896/1340
f 720/938/1374 449/903/1345 527/902/1344
f 449/903/1345 720/938/1374 529/939/1375
f 594/937/1373 527/902/1344 460/901/1343
f 527/902/1344 594/937/1373 720/938/1374
f 721/940/1376 473/905/1347 547/904/1346
f 473/905/1347 721/940/1376 596/941/1377
f 529/939/1375 721/940/1376 547/904/1346
f 529/939/1375 547/904/1346 449/903/1345
f 529/939/1375 595/896/1340 707/894/1338
f 529/939/1375 707/894/1338 721/940/1376
f 721/940/1376 572/895/1339 596/941/1377
f 572/895/1339 721/940/1376 707/894/1338
f 596/942/1377 468/943/1274 473/944/1347
f 468/943/1274 596/942/1377 597/945/1378
f 722/946/1379 556/927/1363 714/926/1362
f 556/927/1363 722/946/1379 597/947/1378
f 722/946/1379 714/926/1362 519/948/1380
f 598/783/1251 519/948/1380 714/926/1362
f 722/946/1379 519/948/1380 542/807/1275
f 519/948/1380 443/808/1276 542/807/1275
f 468/806/1274 722/946/1379 542/807/1275
f 722/946/1379 468/806/1274 597/947/1378
f 515/809/1277 599/949/1381 455/800/1268
f 599/949/1381 515/809/1277 723/950/1382
f 443/808/1276 723/950/1382 515/809/1277
f 723/950/1382 443/808/1276 519/948/1380
f 689/782/1250 723/950/1382 519/948/1380
f 689/782/1250 519/948/1380 598/783/1251
f 551/781/1249 723/950/1382 689/782/1250
f 723/950/1382 551/781/1249 599/949/1381
f 599/949/1381 715/928/1364 724/951/1383
f 715/928/1364 599/949/1381 551/781/1249
f 724/951/1383 588/788/1256 600/952/1384
f 588/788/1256 724/951/1383 715/928/1364
f 516/799/1267 600/952/1384 446/801/1269
f 600/952/1384 516/799/1267 724/951/1383
f 455/800/1268 724/951/1383 516/799/1267
f 724/951/1383 455/800/1268 599/949/1381
f 517/842/1302 601/953/1385 456/843/1303
f 601/953/1385 517/842/1302 725/954/1386
f 446/801/1269 725/954/1386 517/842/1302
f 725/954/1386 446/801/1269 600/952/1384
f 600/952/1384 691/789/1257 725/954/1386
f 691/789/1257 600/952/1384 588/788/1256
f 725/954/1386 552/790/1258 601/953/1385
f 552/790/1258 725/954/1386 691/789/1257
f 601/953/1385 716/929/1365 726/955/1387
f 716/929/1365 601/953/1385 552/790/1258
f 726/955/1387 590/930/1366 602/956/1388
f 590/930/1366 726/955/1387 716/929/1365
f 518/854/1311 602/956/1388 444/855/1312
f 602/956/1388 518/854/1311 726/955/1387
f 456/843/1303 726/955/1387 518/854/1311
f 726/955/1387 456/843/1303 601/953/1385
f 727/957/1389 489/958/1390 617/959/1391
f 489/958/1390 727/957/1389 664/960/1392
f 663/961/1393 617/959/1391 497/962/1394
f 617/959/1391 663/961/1393 727/957/1389
f 631/963/1395 727/957/1389 663/961/1393
f 727/957/1389 631/963/1395 759/964/1396
f 759/964/1396 664/960/1392 727/957/1389
f 664/960/1392 759/964/1396 674/965/1397
f 728/966/1398 490/967/1399 619/968/1400
f 490/967/1399 728/966/1398 618/969/1401
f 729/970/1402 619/968/1400 662/971/1403
f 619/968/1400 729/970/1402 728/966/1398
f 728/966/1398 631/963/1395 663/961/1393
f 631/963/1395 728/966/1398 729/970/1402
f 728/966/1398 663/961/1393 618/969/1401
f 663/961/1393 497/962/1394 618/969/1401
f 673/972/1404 729/970/1402 765/973/1405
f 729/970/1402 673/972/1404 631/963/1395
f 765/973/1405 662/971/1403 672/974/1406
f 662/971/1403 765/973/1405 729/970/1402
f 671/975/1407 730/976/1408 763/977/1409
f 730/976/1408 671/975/1407 632/978/1410
f 763/977/1409 579/762/1230 591/933/1369
f 579/762/1230 763/977/1409 730/976/1408
f 490/967/1399 623/979/1411 619/968/1400
f 731/980/1412 619/968/1400 623/979/1411
f 731/980/1412 499/981/1413 661/982/1414
f 499/981/1413 731/980/1412 623/979/1411
f 758/983/1415 661/982/1414 632/978/1410
f 661/982/1414 758/983/1415 731/980/1412
f 662/971/1403 731/980/1412 758/983/1415
f 731/980/1412 662/971/1403 619/968/1400
f 732/984/1416 453/769/1237 533/760/1228
f 453/769/1237 732/984/1416 622/985/1417
f 579/762/1230 730/976/1408 533/760/1228
f 730/976/1408 732/984/1416 533/760/1228
f 632/978/1410 732/984/1416 730/976/1408
f 732/984/1416 632/978/1410 661/982/1414
f 499/981/1413 622/985/1417 661/982/1414
f 732/984/1416 661/982/1414 622/985/1417
f 486/986/1418 733/987/1419 610/988/1420
f 733/987/1419 486/986/1418 609/989/1421
f 668/990/1422 733/987/1419 609/989/1421
f 609/989/1421 493/991/1423 668/990/1422
f 761/992/1424 733/987/1419 633/993/1425
f 733/987/1419 668/990/1422 633/993/1425
f 669/994/1426 610/988/1420 761/992/1424
f 610/988/1420 733/987/1419 761/992/1424
f 734/995/1427 484/996/1428 667/997/1429
f 484/996/1428 734/995/1427 608/998/1430
f 735/999/1431 667/997/1429 677/1000/1432
f 667/997/1429 735/999/1431 734/995/1427
f 633/993/1425 734/995/1427 735/999/1431
f 734/995/1427 633/993/1425 668/990/1422
f 493/991/1423 608/998/1430 668/990/1422
f 668/990/1422 608/998/1430 734/995/1427
f 677/1000/1432 607/1001/1433 735/999/1431
f 769/1002/1434 735/999/1431 607/1001/1433
f 678/1003/1435 633/993/1425 769/1002/1434
f 633/993/1425 735/999/1431 769/1002/1434
f 610/988/1420 736/1004/1436 612/1005/1437
f 612/1005/1437 486/986/1418 610/988/1420
f 669/994/1426 737/1006/1438 736/1004/1436
f 736/1004/1436 610/988/1420 669/994/1426
f 737/1006/1438 634/1007/1439 670/1008/1440
f 670/1008/1440 736/1004/1436 737/1006/1438
f 494/1009/1441 736/1004/1436 670/1008/1440
f 736/1004/1436 494/1009/1441 612/1005/1437
f 771/1010/1442 680/1011/1443 634/1007/1439
f 634/1007/1439 737/1006/1438 771/1010/1442
f 679/1012/1444 771/1010/1442 737/1006/1438
f 737/1006/1438 669/994/1426 679/1012/1444
f 447/793/1261 738/1013/1445 525/794/1262
f 738/1013/1445 447/793/1261 611/1014/1446
f 670/1008/1440 738/1013/1445 611/1014/1446
f 670/1008/1440 611/1014/1446 494/1009/1441
f 634/1007/1439 762/1015/1447 738/1013/1445
f 738/1013/1445 670/1008/1440 634/1007/1439
f 762/1015/1447 525/794/1262 738/1013/1445
f 525/794/1262 762/1015/1447 590/930/1366
f 485/1016/1448 739/1017/1449 613/1018/1450
f 739/1017/1449 485/1016/1448 604/1019/1451
f 636/1020/1452 739/1017/1449 604/1019/1451
f 604/1019/1451 491/1021/1453 636/1020/1452
f 507/1022/1454 739/1017/1449 636/1020/1452
f 739/1017/1449 507/1022/1454 635/1023/1455
f 495/1024/1456 613/1018/1450 635/1023/1455
f 635/1023/1455 613/1018/1450 739/1017/1449
f 740/1025/1457 483/1026/1458 626/1027/1459
f 483/1026/1458 740/1025/1457 603/1028/1460
f 637/1029/1461 626/1027/1459 502/1030/1462
f 626/1027/1459 637/1029/1461 740/1025/1457
f 636/1020/1452 637/1029/1461 507/1022/1454
f 637/1029/1461 636/1020/1452 740/1025/1457
f 491/1021/1453 740/1025/1457 636/1020/1452
f 740/1025/1457 491/1021/1453 603/1028/1460
f 656/1031/1463 637/1032/1461 505/1033/1464
f 505/1033/1464 637/1032/1461 502/1034/1462
f 655/1035/1465 635/1036/1455 513/1037/1466
f 513/1037/1466 635/1036/1455 507/1038/1454
f 741/1039/1467 667/997/1429 625/1040/1468
f 667/997/1429 484/996/1428 625/1040/1468
f 666/1041/1469 741/1039/1467 625/1040/1468
f 666/1041/1469 625/1040/1468 501/1042/1470
f 760/1043/1471 666/1041/1469 638/1044/1472
f 666/1041/1469 760/1043/1471 741/1039/1467
f 741/1039/1467 677/1000/1432 667/997/1429
f 677/1000/1432 741/1039/1467 760/1043/1471
f 666/1045/1469 504/1046/1473 665/1047/1474
f 504/1046/1473 666/1045/1469 501/1048/1470
f 624/1049/1475 609/989/1421 486/986/1418
f 609/989/1421 624/1049/1475 742/1050/1476
f 500/1051/1477 742/1050/1476 624/1049/1475
f 742/1050/1476 500/1051/1477 640/1052/1478
f 639/1053/1479 742/1050/1476 640/1052/1478
f 639/1053/1479 640/1052/1478 508/1054/1480
f 742/1050/1476 493/991/1423 609/989/1421
f 493/991/1423 742/1050/1476 639/1053/1479
f 500/1055/1477 651/1056/1481 640/1057/1478
f 651/1056/1481 500/1055/1477 503/1058/1482
f 508/1059/1480 653/1060/1483 641/1061/1484
f 653/1060/1483 508/1059/1480 512/1062/1485
f 484/996/1428 743/1063/1486 625/1040/1468
f 743/1063/1486 484/996/1428 608/998/1430
f 639/1053/1479 608/998/1430 493/991/1423
f 608/998/1430 639/1053/1479 743/1063/1486
f 508/1054/1480 743/1063/1486 639/1053/1479
f 743/1063/1486 508/1054/1480 641/1064/1484
f 501/1042/1470 743/1063/1486 641/1064/1484
f 743/1063/1486 501/1042/1470 625/1040/1468
f 613/1018/1450 744/1065/1487 605/1066/1488
f 605/1066/1488 485/1016/1448 613/1018/1450
f 495/1024/1456 744/1065/1487 613/1018/1450
f 744/1065/1487 495/1024/1456 643/1067/1489
f 643/1067/1489 509/1068/1490 642/1069/1491
f 643/1067/1489 642/1069/1491 744/1065/1487
f 492/1070/1492 744/1065/1487 642/1069/1491
f 744/1065/1487 492/1070/1492 605/1066/1488
f 658/1071/1493 643/1072/1489 506/1073/1494
f 506/1073/1494 643/1072/1489 495/1074/1456
f 514/1075/1495 644/1076/1496 509/1077/1490
f 644/1076/1496 514/1075/1495 660/1078/1497
f 444/855/1312 745/1079/1498 538/856/1313
f 745/1079/1498 444/855/1312 606/1080/1499
f 642/1069/1491 745/1079/1498 606/1080/1499
f 642/1069/1491 606/1080/1499 492/1070/1492
f 509/1068/1490 745/1079/1498 642/1069/1491
f 745/1079/1498 509/1068/1490 644/1081/1496
f 644/1081/1496 464/857/1307 538/856/1313
f 644/1081/1496 538/856/1313 745/1079/1498
f 539/863/1319 611/1014/1446 447/793/1261
f 611/1014/1446 539/863/1319 746/1082/1500
f 465/862/1318 746/1082/1500 539/863/1319
f 746/1082/1500 465/862/1318 646/1083/1501
f 645/1084/1502 746/1082/1500 646/1083/1501
f 645/1084/1502 646/1083/1501 510/1085/1503
f 494/1009/1441 746/1082/1500 645/1084/1502
f 746/1082/1500 494/1009/1441 611/1014/1446
f 465/1086/1318 648/1087/1504 646/1088/1501
f 648/1087/1504 465/1086/1318 470/1089/1329
f 510/1090/1503 650/1091/1505 647/1092/1506
f 650/1091/1505 510/1090/1503 511/1093/1507
f 747/1094/1508 486/986/1418 612/1005/1437
f 486/986/1418 747/1094/1508 624/1049/1475
f 645/1084/1502 612/1005/1437 494/1009/1441
f 612/1005/1437 645/1084/1502 747/1094/1508
f 510/1085/1503 747/1094/1508 645/1084/1502
f 747/1094/1508 510/1085/1503 647/1095/1506
f 624/1049/1475 747/1094/1508 647/1095/1506
f 624/1049/1475 647/1095/1506 500/1051/1477
f 622/985/1417 544/878/1328 453/769/1237
f 544/878/1328 622/985/1417 748/1096/1509
f 499/981/1413 748/1096/1509 622/985/1417
f 748/1096/1509 499/981/1413 649/1097/1510
f 648/1098/1504 649/1097/1510 511/1099/1507
f 649/1097/1510 648/1098/1504 748/1096/1509
f 470/879/1329 748/1096/1509 648/1098/1504
f 748/1096/1509 470/879/1329 544/878/1328
f 749/1100/1511 490/967/1399 627/1101/1512
f 490/967/1399 749/1100/1511 623/979/1411
f 650/1102/1505 627/1101/1512 503/1103/1482
f 627/1101/1512 650/1102/1505 749/1100/1511
f 511/1099/1507 749/1100/1511 650/1102/1505
f 749/1100/1511 511/1099/1507 649/1097/1510
f 623/979/1411 649/1097/1510 499/981/1413
f 649/1097/1510 623/979/1411 749/1100/1511
f 618/969/1401 627/1101/1512 490/967/1399
f 627/1101/1512 618/969/1401 750/1104/1513
f 750/1104/1513 497/962/1394 652/1105/1514
f 497/962/1394 750/1104/1513 618/969/1401
f 651/1106/1481 652/1105/1514 512/1107/1485
f 652/1105/1514 651/1106/1481 750/1104/1513
f 503/1103/1482 750/1104/1513 651/1106/1481
f 750/1104/1513 503/1103/1482 627/1101/1512
f 751/1108/1515 489/958/1390 628/1109/1516
f 489/958/1390 751/1108/1515 617/959/1391
f 504/1110/1473 751/1108/1515 628/1109/1516
f 751/1108/1515 504/1110/1473 653/1111/1483
f 512/1107/1485 751/1108/1515 653/1111/1483
f 751/1108/1515 512/1107/1485 652/1105/1514
f 497/962/1394 617/959/1391 652/1105/1514
f 652/1105/1514 617/959/1391 751/1108/1515
f 664/960/1392 752/1112/1517 628/1109/1516
f 664/960/1392 628/1109/1516 489/958/1390
f 674/965/1397 752/1112/1517 664/960/1392
f 752/1112/1517 674/965/1397 753/1113/1518
f 753/1113/1518 654/1114/1519 665/1115/1474
f 753/1113/1518 665/1115/1474 752/1112/1517
f 752/1112/1517 665/1115/1474 628/1109/1516
f 665/1115/1474 504/1110/1473 628/1109/1516
f 616/1116/1520 753/1113/1518 674/965/1397
f 753/1113/1518 616/1116/1520 767/1117/1521
f 767/1117/1521 675/1118/1522 654/1114/1519
f 767/1117/1521 654/1114/1519 753/1113/1518
f 487/1119/1523 754/1120/1524 629/1121/1525
f 754/1120/1524 487/1119/1523 614/1122/1526
f 754/1120/1524 496/1123/1527 657/1124/1528
f 496/1123/1527 754/1120/1524 614/1122/1526
f 754/1120/1524 657/1124/1528 656/1125/1463
f 657/1124/1528 513/1126/1466 656/1125/1463
f 629/1121/1525 754/1120/1524 656/1125/1463
f 629/1121/1525 656/1125/1463 505/1127/1464
f 755/1128/1529 488/1129/1530 630/1130/1531
f 488/1129/1530 755/1128/1529 615/1131/1532
f 755/1128/1529 630/1130/1531 655/1132/1465
f 630/1130/1531 506/1133/1494 655/1132/1465
f 755/1128/1529 513/1126/1466 657/1124/1528
f 513/1126/1466 755/1128/1529 655/1132/1465
f 755/1128/1529 657/1124/1528 615/1131/1532
f 657/1124/1528 496/1123/1527 615/1131/1532
f 488/1129/1530 620/1134/1533 630/1130/1531
f 756/1135/1534 630/1130/1531 620/1134/1533
f 756/1135/1534 498/1136/1535 659/1137/1536
f 498/1136/1535 756/1135/1534 620/1134/1533
f 514/1138/1495 658/1139/1493 659/1137/1536
f 756/1135/1534 659/1137/1536 658/1139/1493
f 756/1135/1534 506/1133/1494 630/1130/1531
f 506/1133/1494 756/1135/1534 658/1139/1493
f 757/1140/1537 454/922/1358 543/920/1357
f 454/922/1358 757/1140/1537 621/1141/1538
f 469/921/1308 660/1142/1497 543/920/1357
f 757/1140/1537 543/920/1357 660/1142/1497
f 757/1140/1537 514/1138/1495 659/1137/1536
f 514/1138/1495 757/1140/1537 660/1142/1497
f 498/1136/1535 621/1141/1538 659/1137/1536
f 757/1140/1537 659/1137/1536 621/1141/1538
f 764/1143/1539 632/978/1410 671/975/1407
f 632/978/1410 764/1143/1539 758/983/1415
f 672/974/1406 758/983/1415 764/1143/1539
f 758/983/1415 672/974/1406 662/971/1403
f 631/963/1395 766/1144/1540 759/964/1396
f 766/1144/1540 631/963/1395 673/972/1404
f 759/964/1396 616/1116/1520 674/965/1397
f 616/1116/1520 759/964/1396 766/1144/1540
f 768/1145/1541 638/1044/1472 676/1146/1542
f 638/1044/1472 768/1145/1541 760/1043/1471
f 760/1043/1471 607/1001/1433 677/1000/1432
f 607/1001/1433 760/1043/1471 768/1145/1541
f 770/1147/1543 761/992/1424 678/1003/1435
f 761/992/1424 633/993/1425 678/1003/1435
f 679/1012/1444 669/994/1426 770/1147/1543
f 669/994/1426 761/992/1424 770/1147/1543
f 680/1011/1443 772/1148/1544 762/1015/1447
f 762/1015/1447 634/1007/1439 680/1011/1443
f 772/1148/1544 590/930/1366 762/1015/1447
f 590/930/1366 772/1148/1544 602/956/1388
f 621/1141/1538 591/933/1369 454/922/1358
f 591/933/1369 621/1141/1538 763/977/1409
f 498/1136/1535 763/977/1409 621/1141/1538
f 763/977/1409 498/1136/1535 671/975/1407
f 488/1129/1530 764/1143/1539 620/1134/1533
f 764/1143/1539 488/1129/1530 672/974/1406
f 620/1134/1533 671/975/1407 498/1136/1535
f 671/975/1407 620/1134/1533 764/1143/1539
f 615/1131/1532 672/974/1406 488/1129/1530
f 672/974/1406 615/1131/1532 765/973/1405
f 496/1123/1527 765/973/1405 615/1131/1532
f 765/973/1405 496/1123/1527 673/972/1404
f 487/1119/1523 766/1144/1540 614/1122/1526
f 766/1144/1540 487/1119/1523 616/1116/1520
f 614/1122/1526 673/972/1404 496/1123/1527
f 673/972/1404 614/1122/1526 766/1144/1540
f 767/1117/1521 616/1116/1520 629/1121/1525
f 616/1116/1520 487/1119/1523 629/1121/1525
f 505/1127/1464 767/1117/1521 629/1121/1525
f 767/1117/1521 505/1127/1464 675/1118/1522
f 607/1001/1433 768/1145/1541 626/1027/1459
f 607/1001/1433 626/1027/1459 483/1026/1458
f 502/1030/1462 768/1145/1541 676/1146/1542
f 768/1145/1541 502/1030/1462 626/1027/1459
f 769/1002/1434 483/1026/1458 603/1028/1460
f 483/1026/1458 769/1002/1434 607/1001/1433
f 678/1003/1435 603/1028/1460 491/1021/1453
f 603/1028/1460 678/1003/1435 769/1002/1434
f 679/1012/1444 604/1019/1451 485/1016/1448
f 604/1019/1451 679/1012/1444 770/1147/1543
f 770/1147/1543 491/1021/1453 604/1019/1451
f 491/1021/1453 770/1147/1543 678/1003/1435
f 771/1010/1442 485/1016/1448 605/1066/1488
f 485/1016/1448 771/1010/1442 679/1012/1444
f 680/1011/1443 605/1066/1488 492/1070/1492
f 605/1066/1488 680/1011/1443 771/1010/1442
f 602/956/1388 606/1080/1499 444/855/1312
f 606/1080/1499 602/956/1388 772/1148/1544
f 492/1070/1492 772/1148/1544 680/1011/1443
f 772/1148/1544 492/1070/1492 606/1080/1499
f 514/1075/1495 509/1077/1490 658/1071/1493
f 658/1071/1493 509/1077/1490 643/1072/1489
f 655/1035/1465 495/1074/1456 635/1036/1455
f 495/1074/1456 655/1035/1465 506/1073/1494
f 656/1031/1463 507/1038/1454 637/1032/1461
f 507/1038/1454 656/1031/1463 513/1037/1466
f 675/1149/1522 502/1034/1462 676/1150/1542
f 502/1034/1462 675/1149/1522 505/1033/1464
f 638/1151/1472 654/1152/1519 676/1150/1542
f 675/1149/1522 676/1150/1542 654/1152/1519
f 666/1045/1469 665/1047/1474 638/1153/1472
f 654/1154/1519 638/1153/1472 665/1047/1474
f 504/1046/1473 501/1048/1470 641/1061/1484
f 504/1046/1473 641/1061/1484 653/1060/1483
f 640/1057/1478 512/1062/1485 508/1059/1480
f 512/1062/1485 640/1057/1478 651/1056/1481
f 647/1092/1506 503/1058/1482 500/1055/1477
f 503/1058/1482 647/1092/1506 650/1091/1505
f 646/1088/1501 511/1093/1507 510/1090/1503
f 511/1093/1507 646/1088/1501 648/1087/1504
f 465/1086/1318 566/867/1321 470/1089/1329
f 566/867/1321 465/1086/1318 564/866/1315
f 478/864/1314 568/871/1324 479/865/1320
f 568/871/1324 478/864/1314 565/870/1323
f 466/868/1290 569/831/1293 471/869/1322
f 569/831/1293 466/868/1290 558/830/1288
f 476/828/1289 571/832/1294 480/829/1292
f 571/832/1294 476/828/1289 559/833/1295
f 585/1155/1283 584/1156/1337 472/834/1296
f 585/1155/1283 472/834/1296 467/835/1285
f 556/1157/1363 584/1156/1337 585/1155/1283
f 584/1156/1337 556/1157/1363 572/1158/1339
f 597/945/1378 572/1158/1339 556/1157/1363
f 572/1158/1339 597/945/1378 596/942/1377
f 555/813/1272 574/810/1278 473/944/1347
f 473/944/1347 468/943/1274 555/813/1272
f 553/817/1265 573/814/1280 481/812/1279
f 481/812/1279 475/811/1263 553/817/1265
f 561/847/1298 576/844/1304 474/816/1281
f 474/816/1281 459/815/1271 561/847/1298
f 562/851/1309 578/848/1306 482/846/1305
f 482/846/1305 477/845/1300 562/851/1309
f 660/1078/1497 464/849/1307 644/1076/1496
f 464/849/1307 660/1078/1497 469/850/1308
s off
f 793/1159/1545 792/1160/1546 796/1161/1547
f 792/1160/1548 795/1162/1549 796/1161/1550
f 798/1163/1551 796/1161/1552 795/1162/1553
f 798/1163/1554 795/1162/1555 797/1164/1556
f 800/1165/1557 798/1163/1558 797/1164/1559
f 800/1165/1560 797/1164/1561 799/1166/1562
f 800/1165/1563 801/1167/1564 802/1168/1565
f 801/1167/1566 800/1165/1567 799/1166/1568
f 802/1168/1569 803/1169/1570 804/1170/1571
f 803/1169/1572 802/1168/1573 801/1167/1574
f 805/1171/1575 804/1170/1576 803/1169/1577
f 804/1170/1578 805/1171/1579 806/1172/1580
f 776/1173/1581 775/1174/1582 773/1175/1583
f 773/1175/1584 775/1174/1585 774/1176/1586
f 778/1177/1587 774/1176/1588 775/1174/1589
f 774/1176/1590 778/1177/1591 777/1178/1592
f 780/1179/1593 777/1178/1594 778/1177/1595
f 777/1178/1596 780/1179/1597 779/1180/1598
f 782/1181/1599 779/1180/1600 780/1179/1601
f 779/1180/1602 782/1181/1603 781/1182/1604
f 782/1181/1605 783/1183/1606 781/1182/1607
f 783/1183/1608 782/1181/1609 784/1184/1610
f 785/1185/1611 784/1184/1612 786/1186/1613
f 784/1184/1614 785/1185/1615 783/1183/1616
f 787/1187/1617 786/1186/1618 788/1188/1619
f 786/1186/1620 787/1187/1621 785/1185/1622
f 790/1189/1623 789/1190/1624 787/1187/1625
f 790/1189/1626 787/1187/1627 788/1188/1628
f 774/1191/1629 792/1192/1630 773/1193/1631
f 773/1193/1632 792/1192/1633 791/1194/1634
f 794/1195/1635 793/1196/1636 775/1197/1637
f 794/1195/1638 775/1197/1639 776/1198/1640
f 791/1199/1641 776/1173/1642 773/1175/1643
f 776/1173/1644 791/1199/1645 794/1200/1646
f 795/1201/1647 774/1202/1648 777/1203/1649
f 774/1202/1650 795/1201/1651 792/1204/1652
f 796/1205/1653 778/1206/1654 793/1207/1655
f 778/1206/1656 775/1208/1657 793/1207/1658
f 797/1209/1659 777/1203/1660 779/1210/1661
f 777/1203/1662 797/1209/1663 795/1201/1664
f 798/1211/1665 780/1212/1666 796/1205/1667
f 780/1212/1668 778/1206/1669 796/1205/1670
f 799/1213/1671 779/1210/1672 781/1214/1673
f 779/1210/1674 799/1213/1675 797/1209/1676
f 800/1215/1677 782/1216/1678 798/1211/1679
f 782/1216/1680 780/1212/1681 798/1211/1682
f 801/1217/1683 781/1214/1684 783/1218/1685
f 781/1214/1686 801/1217/1687 799/1213/1688
f 802/1219/1689 784/1220/1690 800/1215/1691
f 784/1220/1692 782/1216/1693 800/1215/1694
f 803/1221/1695 783/1218/1696 785/1222/1697
f 783/1218/1698 803/1221/1699 801/1217/1700
f 804/1223/1701 786/1224/1702 802/1219/1703
f 786/1224/1704 784/1220/1705 802/1219/1706
f 787/1225/1707 803/1221/1708 785/1222/1709
f 803/1221/1710 787/1225/1711 805/1226/1712
f 806/1227/1713 786/1224/1714 804/1223/1715
f 786/1224/1716 806/1227/1717 788/1228/1718
f 805/1229/1719 789/1230/1720 807/1231/1721
f 790/1232/1722 788/1228/1723 806/1227/1724
f 790/1233/1725 807/1234/1726 789/1235/1727
f 807/1234/1728 790/1233/1729 808/1236/1730
f 807/1231/1731 809/1237/1732 805/1229/1733
f 809/1237/1734 807/1231/1735 810/1238/1736
f 808/1236/1737 810/1239/1738 807/1234/1739
f 810/1239/1740 808/1236/1741 811/1240/1742
f 806/1241/1743 811/1242/1744 808/1243/1745
f 811/1242/1746 806/1241/1747 812/1244/1748
f 812/1245/1749 806/1246/1750 809/1247/1751
f 809/1247/1752 806/1246/1753 805/1248/1754
f 792/1192/1755 814/1249/1756 791/1194/1757
f 791/1194/1758 814/1249/1759 813/1250/1760
f 793/1251/1761 814/1252/1762 792/1253/1763
f 814/1252/1764 793/1251/1765 815/1254/1766
f 815/1255/1767 793/1196/1768 816/1256/1769
f 816/1256/1770 793/1196/1771 794/1195/1772
f 813/1257/1773 794/1258/1774 791/1259/1775
f 794/1258/1776 813/1257/1777 816/1260/1778
f 835/1261/1779 834/1262/1780 838/1263/1781
f 834/1262/1782 837/1264/1783 838/1263/1784
f 840/1265/1785 838/1263/1786 837/1264/1787
f 840/1265/1788 837/1264/1789 839/1266/1790
f 842/1267/1791 840/1265/1792 839/1266/1793
f 842/1267/1794 839/1266/1795 841/1268/1796
f 842/1267/1797 843/1269/1798 844/1270/1799
f 843/1269/1800 842/1267/1801 841/1268/1802
f 844/1270/1803 845/1271/1804 846/1272/1805
f 845/1271/1806 844/1270/1807 843/1269/1808
f 847/1273/1809 848/1274/1810 846/1272/1811
f 847/1273/1812 846/1272/1813 845/1271/1814
f 850/1275/1815 847/1273/1816 849/1276/1817
f 847/1273/1818 850/1275/1819 848/1274/1820
f 851/1277/1821 850/1275/1822 849/1276/1823
f 850/1275/1824 851/1277/1825 852/1278/1826
f 854/1279/1827 851/1277/1828 853/1280/1829
f 851/1277/1830 854/1279/1831 852/1278/1832
f 818/1281/1833 814/1282/1834 815/1283/1835
f 814/1282/1836 818/1281/1837 817/1284/1838
f 820/1285/1839 817/1284/1840 818/1281/1841
f 817/1284/1842 820/1285/1843 819/1286/1844
f 822/1287/1845 819/1286/1846 820/1285/1847
f 819/1286/1848 822/1287/1849 821/1288/1850
f 822/1287/1851 823/1289/1852 821/1288/1853
f 823/1289/1854 822/1287/1855 824/1290/1856
f 825/1291/1857 824/1290/1858 826/1292/1859
f 824/1290/1860 825/1291/1861 823/1289/1862
f 812/1293/1863 809/1294/1864 826/1292/1865
f 809/1294/1866 825/1291/1867 826/1292/1868
f 827/1295/1869 811/1296/1870 828/1297/1871
f 811/1296/1872 827/1295/1873 810/1298/1874
f 830/1299/1875 829/1300/1876 827/1295/1877
f 830/1299/1878 827/1295/1879 828/1297/1880
f 831/1301/1881 830/1299/1882 832/1302/1883
f 830/1299/1884 831/1301/1885 829/1300/1886
f 814/1249/1887 834/1303/1888 813/1250/1889
f 813/1250/1890 834/1303/1891 833/1304/1892
f 836/1305/1893 835/1306/1894 815/1255/1895
f 836/1305/1896 815/1255/1897 816/1256/1898
f 833/1307/1899 816/1308/1900 813/1309/1901
f 816/1308/1902 833/1307/1903 836/1310/1904
f 837/1311/1905 814/1312/1906 817/1313/1907
f 814/1312/1908 837/1311/1909 834/1314/1910
f 838/1315/1911 818/1316/1912 835/1317/1913
f 818/1316/1914 815/1318/1915 835/1317/1916
f 839/1319/1917 817/1313/1918 819/1320/1919
f 817/1313/1920 839/1319/1921 837/1311/1922
f 840/1321/1923 820/1322/1924 838/1315/1925
f 820/1322/1926 818/1316/1927 838/1315/1928
f 841/1323/1929 819/1320/1930 821/1324/1931
f 819/1320/1932 841/1323/1933 839/1319/1934
f 842/1325/1935 822/1326/1936 840/1321/1937
f 822/1326/1938 820/1322/1939 840/1321/1940
f 843/1327/1941 821/1324/1942 823/1328/1943
f 821/1324/1944 843/1327/1945 841/1323/1946
f 844/1329/1947 824/1330/1948 842/1325/1949
f 824/1330/1950 822/1326/1951 842/1325/1952
f 845/1331/1953 823/1328/1954 825/1332/1955
f 823/1328/1956 845/1331/1957 843/1327/1958
f 846/1333/1959 826/1334/1960 844/1329/1961
f 826/1334/1962 824/1330/1963 844/1329/1964
f 809/1335/1965 847/1336/1966 845/1331/1967
f 809/1335/1968 845/1331/1969 825/1332/1970
f 848/1337/1971 812/1338/1972 826/1334/1973
f 848/1337/1974 826/1334/1975 846/1333/1976
f 810/1339/1977 847/1336/1978 809/1335/1979
f 847/1336/1980 810/1339/1981 849/1340/1982
f 850/1341/1983 812/1338/1984 848/1337/1985
f 812/1338/1986 850/1341/1987 811/1342/1988
f 827/1343/1989 849/1340/1990 810/1339/1991
f 849/1340/1992 827/1343/1993 851/1344/1994
f 852/1345/1995 828/1346/1996 850/1341/1997
f 828/1346/1998 811/1342/1999 850/1341/2000
f 853/1347/2001 827/1343/2002 829/1348/2003
f 827/1343/2004 853/1347/2005 851/1344/2006
f 854/1349/2007 830/1350/2008 852/1345/2009
f 830/1350/2010 828/1346/2011 852/1345/2012
f 853/1351/2013 831/1352/2014 855/1353/2015
f 832/1354/2016 830/1350/2017 854/1349/2018
f 858/1355/2019 833/1304/2020 834/1303/2021
f 833/1304/2022 858/1355/2023 857/1356/2024
f 835/1357/2025 858/1358/2026 834/1359/2027
f 858/1358/2028 835/1357/2029 859/1360/2030
f 859/1361/2031 835/1306/2032 860/1362/2033
f 860/1362/2034 835/1306/2035 836/1305/2036
f 857/1363/2037 836/1364/2038 833/1365/2039
f 836/1364/2040 857/1363/2041 860/1366/2042
f 832/1367/2043 855/1368/2044 831/1369/2045
f 855/1368/2046 832/1367/2047 856/1370/2048
f 855/1353/2049 861/1371/2050 853/1351/2051
f 861/1371/2052 855/1353/2053 862/1372/2054
f 856/1370/2055 862/1373/2056 855/1368/2057
f 862/1373/2058 856/1370/2059 863/1374/2060
f 854/1375/2061 863/1376/2062 856/1377/2063
f 863/1376/2064 854/1375/2065 864/1378/2066
f 864/1379/2067 854/1380/2068 861/1381/2069
f 861/1381/2070 854/1380/2071 853/1382/2072
f 924/1383/2073 921/1384/2074 923/1385/2075
f 921/1384/2076 922/1386/2077 923/1385/2078
f 889/1387/2079 888/1388/2080 892/1389/2081
f 888/1388/2082 891/1390/2083 892/1389/2084
f 894/1391/2085 892/1389/2086 891/1390/2087
f 894/1391/2088 891/1390/2089 893/1392/2090
f 896/1393/2091 894/1391/2092 893/1392/2093
f 896/1393/2094 893/1392/2095 895/1394/2096
f 896/1393/2097 897/1395/2098 898/1396/2099
f 897/1395/2100 896/1393/2101 895/1394/2102
f 898/1396/2103 899/1397/2104 900/1398/2105
f 899/1397/2106 898/1396/2107 897/1395/2108
f 901/1399/2109 900/1398/2110 899/1397/2111
f 900/1398/2112 901/1399/2113 902/1400/2114
f 904/1401/2115 901/1399/2116 903/1402/2117
f 901/1399/2118 904/1401/2119 902/1400/2120
f 905/1403/2121 904/1401/2122 903/1402/2123
f 904/1401/2124 905/1403/2125 906/1404/2126
f 908/1405/2127 905/1403/2128 907/1406/2129
f 905/1403/2130 908/1405/2131 906/1404/2132
f 909/1407/2133 908/1405/2134 907/1406/2135
f 908/1405/2136 909/1407/2137 910/1408/2138
f 911/1409/2139 910/1408/2140 909/1407/2141
f 910/1408/2142 911/1409/2143 912/1410/2144
f 914/1411/2145 911/1409/2146 913/1412/2147
f 911/1409/2148 914/1411/2149 912/1410/2150
f 919/1413/2151 917/1414/2152 918/1415/2153
f 917/1414/2154 919/1413/2155 920/1416/2156
f 866/1417/2157 858/1418/2158 859/1419/2159
f 858/1418/2160 866/1417/2161 865/1420/2162
f 868/1421/2163 865/1420/2164 866/1417/2165
f 865/1420/2166 868/1421/2167 867/1422/2168
f 870/1423/2169 867/1422/2170 868/1421/2171
f 867/1422/2172 870/1423/2173 869/1424/2174
f 870/1423/2175 871/1425/2176 869/1424/2177
f 871/1425/2178 870/1423/2179 872/1426/2180
f 873/1427/2181 872/1426/2182 874/1428/2183
f 872/1426/2184 873/1427/2185 871/1425/2186
f 875/1429/2187 874/1428/2188 876/1430/2189
f 874/1428/2190 875/1429/2191 873/1427/2192
f 878/1431/2193 877/1432/2194 875/1429/2195
f 878/1431/2196 875/1429/2197 876/1430/2198
f 879/1433/2199 878/1431/2200 880/1434/2201
f 878/1431/2202 879/1433/2203 877/1432/2204
f 864/1435/2205 861/1436/2206 879/1433/2207
f 864/1435/2208 879/1433/2209 880/1434/2210
f 881/1437/2211 863/1438/2212 882/1439/2213
f 863/1438/2214 881/1437/2215 862/1440/2216
f 884/1441/2217 883/1442/2218 881/1437/2219
f 884/1441/2220 881/1437/2221 882/1439/2222
f 886/1443/2223 885/1444/2224 883/1442/2225
f 886/1443/2226 883/1442/2227 884/1441/2228
f 858/1355/2229 888/1445/2230 857/1356/2231
f 857/1356/2232 888/1445/2233 887/1446/2234
f 890/1447/2235 889/1448/2236 859/1361/2237
f 890/1447/2238 859/1361/2239 860/1362/2240
f 887/1449/2241 860/1450/2242 857/1451/2243
f 860/1450/2244 887/1449/2245 890/1452/2246
f 865/1453/2247 888/1454/2248 858/1455/2249
f 888/1454/2250 865/1453/2251 891/1456/2252
f 892/1457/2253 866/1458/2254 889/1459/2255
f 866/1458/2256 859/1460/2257 889/1459/2258
f 893/1461/2259 865/1453/2260 867/1462/2261
f 865/1453/2262 893/1461/2263 891/1456/2264
f 894/1463/2265 868/1464/2266 892/1457/2267
f 868/1464/2268 866/1458/2269 892/1457/2270
f 895/1465/2271 867/1462/2272 869/1466/2273
f 867/1462/2274 895/1465/2275 893/1461/2276
f 896/1467/2277 870/1468/2278 894/1463/2279
f 870/1468/2280 868/1464/2281 894/1463/2282
f 897/1469/2283 869/1466/2284 871/1470/2285
f 869/1466/2286 897/1469/2287 895/1465/2288
f 898/1471/2289 872/1472/2290 896/1467/2291
f 872/1472/2292 870/1468/2293 896/1467/2294
f 899/1473/2295 871/1470/2296 873/1474/2297
f 871/1470/2298 899/1473/2299 897/1469/2300
f 900/1475/2301 874/1476/2302 898/1471/2303
f 874/1476/2304 872/1472/2305 898/1471/2306
f 875/1477/2307 899/1473/2308 873/1474/2309
f 899/1473/2310 875/1477/2311 901/1478/2312
f 902/1479/2313 874/1476/2314 900/1475/2315
f 874/1476/2316 902/1479/2317 876/1480/2318
f 877/1481/2319 901/1478/2320 875/1477/2321
f 901/1478/2322 877/1481/2323 903/1482/2324
f 904/1483/2325 876/1480/2326 902/1479/2327
f 876/1480/2328 904/1483/2329 878/1484/2330
f 879/1485/2331 903/1482/2332 877/1481/2333
f 903/1482/2334 879/1485/2335 905/1486/2336
f 906/1487/2337 878/1484/2338 904/1483/2339
f 878/1484/2340 906/1487/2341 880/1488/2342
f 907/1489/2343 879/1485/2344 861/1490/2345
f 879/1485/2346 907/1489/2347 905/1486/2348
f 908/1491/2349 880/1488/2350 906/1487/2351
f 880/1488/2352 908/1491/2353 864/1492/2354
f 909/1493/2355 861/1490/2356 862/1494/2357
f 861/1490/2358 909/1493/2359 907/1489/2360
f 910/1495/2361 863/1496/2362 908/1491/2363
f 863/1496/2364 864/1492/2365 908/1491/2366
f 881/1497/2367 909/1493/2368 862/1494/2369
f 909/1493/2370 881/1497/2371 911/1498/2372
f 912/1499/2373 882/1500/2374 910/1495/2375
f 882/1500/2376 863/1496/2377 910/1495/2378
f 883/1501/2379 911/1498/2380 881/1497/2381
f 911/1498/2382 883/1501/2383 913/1502/2384
f 914/1503/2385 884/1504/2386 912/1499/2387
f 884/1504/2388 882/1500/2389 912/1499/2390
f 913/1505/2391 885/1506/2392 915/1507/2393
f 886/1508/2394 884/1504/2395 914/1503/2396
f 922/1509/2397 887/1446/2398 888/1445/2399
f 887/1446/2400 922/1509/2401 921/1510/2402
f 889/1511/2403 922/1512/2404 888/1513/2405
f 922/1512/2406 889/1511/2407 923/1514/2408
f 923/1515/2409 889/1448/2410 924/1516/2411
f 924/1516/2412 889/1448/2413 890/1447/2414
f 921/1517/2415 890/1518/2416 887/1519/2417
f 890/1518/2418 921/1517/2419 924/1520/2420
f 886/1521/2421 915/1522/2422 885/1523/2423
f 915/1522/2424 886/1521/2425 916/1524/2426
f 915/1507/2427 917/1525/2428 913/1505/2429
f 917/1525/2430 915/1507/2431 918/1526/2432
f 916/1524/2433 918/1527/2434 915/1522/2435
f 918/1527/2436 916/1524/2437 919/1528/2438
f 914/1529/2439 920/1530/2440 916/1531/2441
f 919/1532/2442 916/1531/2443 920/1530/2444
f 920/1533/2445 914/1534/2446 917/1535/2447
f 917/1535/2448 914/1534/2449 913/1536/2450
f 883/1501/2451 885/1537/2452 913/1502/2453
f 886/1538/2454 914/1529/2455 916/1531/2456
f 832/1539/2457 854/1375/2458 856/1377/2459
f 790/1540/2460 806/1241/2461 808/1243/2462
f 787/1225/2463 789/1541/2464 805/1226/2465
f 829/1348/2466 831/1542/2467 853/1347/2468
