# This file uses feet as units for non-parametric coordinates.

g default
v -75.000000 0.000000 66.056000
v -75.000000 0.000000 0.000000
v -74.255707 9.080940 66.740616
v -75.000000 9.080940 63.241051
v -73.142181 9.080940 67.056000
v -73.142181 0.000000 67.056000
v -73.142181 5.130905 0.000000
v -73.142181 9.080940 63.241051
v -43.011734 0.000000 66.056000
v -44.869560 0.000000 67.056000
v -44.869560 9.080940 67.056000
v -43.011734 9.080940 66.056000
v -43.011734 9.080940 63.241051
v -44.869560 5.130905 0.000000
v -44.869553 9.080940 63.241051
v -74.695679 83.248230 66.251526
v -74.460541 83.787704 65.055695
v -73.142181 83.248230 67.056000
v -73.142181 74.675262 67.056000
v -74.695679 74.675262 66.251526
v -75.000000 74.675255 63.241051
v -73.142181 74.675255 0.000000
v -73.142181 74.675255 63.241051
v -43.977486 83.248245 66.802109
v -44.869560 83.248230 67.056000
v -43.977486 74.675247 66.802109
v -44.869560 74.675262 67.056000
v -43.011734 74.675255 63.241051
v -44.869560 74.675255 0.000000
v -44.869553 74.675255 63.241051
v -43.011734 40.464249 6.444893
v -44.869556 40.464249 6.444893
v -74.255707 0.000000 66.740616
v -75.000000 9.080940 66.056000
v -43.756035 0.000000 66.740616
v -43.756035 9.080940 66.740616
v -74.034256 83.248245 66.802109
v -74.034256 74.675247 66.802109
v -43.855526 83.787704 66.251526
v -43.316055 74.675262 66.251526
v -75.000000 74.675262 65.055695
v -43.551205 83.787704 65.055695
v -43.011734 74.675262 65.055695
v -43.011734 25.569294 6.444893
v -44.869556 25.569294 6.444893
v -43.011734 25.569294 34.253681
v -43.011734 40.464245 34.253681
v -44.869553 40.464245 34.253681
v -44.869553 25.569294 34.253681
v -43.011734 0.000000 0.000000
v -74.156219 83.787704 66.251526
v -75.000000 83.248230 65.055695
v -73.066910 83.787704 66.802109
v -44.516956 83.787704 66.802109
v -44.944836 83.787704 66.802109
v -73.494781 83.787704 66.802109
v -43.316055 83.248230 66.251526
v -43.011734 83.248230 65.055695
v -74.895264 80.881844 0.000000
v -74.902969 80.881844 5.061111
v -74.904266 83.259056 5.061111
v -74.460541 83.787704 5.061111
v -43.551205 83.787704 5.061111
v -43.011734 83.248238 5.061111
v -43.011734 80.881844 0.000000
v -43.011734 80.873947 5.061119
v 74.255692 0.000000 66.740616
v 73.142166 0.000000 67.056000
v 73.142166 9.080940 67.056000
v 74.255707 9.080940 66.740616
v 75.000000 0.000000 66.056000
v 75.000000 9.080940 66.056000
v 75.000000 9.080940 63.241051
v 73.142181 9.080940 63.241051
v 73.142181 74.675255 63.241051
v 75.000000 74.675255 63.241051
v 75.000000 0.000000 0.000000
v 73.142166 5.130905 0.000000
v 44.869560 5.130905 0.000000
v 43.011742 0.000000 0.000000
v 43.756035 0.000000 66.740616
v 43.756035 9.080940 66.740616
v 44.869560 9.080940 67.056000
v 44.869560 0.000000 67.056000
v 43.011742 0.000000 66.056000
v 43.011742 9.080940 63.241051
v 43.011742 9.080940 66.056000
v 74.034241 83.248245 66.802109
v 74.034256 74.675247 66.802109
v 73.142166 74.675262 67.056000
v 73.142166 83.248230 67.056000
v 75.000000 83.248230 65.055695
v 75.000000 74.675262 65.055695
v 43.977486 83.248245 66.802109
v 44.869560 83.248230 67.056000
v 44.869560 74.675262 67.056000
v 43.977486 74.675247 66.802109
v 43.011742 74.675255 63.241051
v 44.869560 74.675255 63.241051
v 44.869560 9.080940 63.241051
v 73.142166 74.675255 0.000000
v 44.869560 74.675255 0.000000
v 44.869560 25.569294 6.444893
v 44.869560 40.464249 6.444893
v 44.869560 40.464245 34.253681
v 74.695679 83.248230 66.251526
v 74.695679 74.675262 66.251526
v 43.316063 74.675262 66.251526
v 43.316063 83.248230 66.251526
v 43.011742 83.248230 65.055695
v 43.011742 74.675262 65.055695
v 43.011742 25.569294 6.444893
v 43.011742 40.464249 6.444893
v 43.011742 40.464245 34.253681
v 43.011742 25.569294 34.253681
v 44.869560 25.569294 34.253681
v 74.460526 83.787704 65.055695
v 43.551201 83.787704 65.055695
v 43.551201 83.787704 5.061111
v 74.460526 83.787704 5.061111
v 74.895264 80.881844 0.000000
v 43.011742 80.881844 0.000000
v 74.156204 83.787704 66.251526
v 43.855522 83.787704 66.251526
v 73.494781 83.787704 66.802109
v 73.066895 83.787704 66.802109
v 44.944832 83.787704 66.802109
v 44.516960 83.787704 66.802109
v 43.011742 83.248238 5.061111
v 74.902969 80.881844 5.061111
v 74.904266 83.259056 5.061111
v 43.011742 80.873947 5.061119
v -76.539398 66.070313 27.250427
v -77.252060 0.000000 27.250427
v -77.252060 0.000000 36.150925
v -75.107193 66.070313 27.250427
v -75.107193 0.000000 27.250427
v -76.539398 66.070313 36.150925
v -77.073898 65.712204 36.150925
v -77.073898 65.712204 27.250427
v -79.875351 57.215904 35.072914
v -79.875366 57.215904 28.328438
v -79.875351 0.000000 28.328438
v -79.875351 0.000000 35.072914
v -78.981949 58.648346 28.328438
v -78.981949 58.648346 35.072914
v -79.652008 58.290237 28.328438
v -77.252060 0.000000 28.328436
v -77.252060 0.000000 35.072914
v -79.652008 58.290237 35.072914
v -77.252060 58.648338 35.072914
v -77.252075 64.637871 27.250427
v -75.107193 0.000000 36.150925
v -77.252075 58.648342 28.328434
v -77.252060 64.637871 36.150925
v -75.107193 66.070313 36.150925
v 76.539398 66.070313 27.250427
v 76.539398 66.070313 36.150925
v 75.107178 66.070313 36.150925
v 75.107193 66.070313 27.250427
v 77.252060 0.000000 27.250427
v 77.252075 64.637871 27.250427
v 75.107178 0.000000 27.250427
v 77.252060 0.000000 36.150925
v 77.252060 0.000000 35.072914
v 75.107178 0.000000 36.150925
v 77.073898 65.712204 36.150925
v 77.252060 64.637871 36.150925
v 77.073898 65.712204 27.250427
v 79.875351 57.215904 35.072914
v 79.875366 57.215904 28.328438
v 79.875351 0.000000 28.328438
v 79.875351 0.000000 35.072914
v 78.981949 58.648346 28.328438
v 78.981949 58.648346 35.072914
v 77.252060 58.648338 35.072914
v 77.252075 58.648342 28.328434
v 77.252060 0.000000 28.328436
v 79.652008 58.290237 35.072914
v 79.652008 58.290237 28.328438
v -63.480980 107.908440 5.067741
v -75.000000 80.928497 5.067741
v -72.221939 105.408188 5.067741
v -43.011726 80.928497 5.067741
v -74.722198 98.528870 5.067741
v -43.011726 74.675247 5.067741
v -74.722198 98.528870 -0.000008
v -63.480980 107.908440 -0.000008
v -72.221939 105.408188 -0.000008
v -75.000000 80.928497 -0.000008
v -43.011726 74.675247 -0.000008
v -52.259605 108.186249 5.067741
v -69.443893 107.075027 5.067741
v -73.888779 102.630142 5.067741
v -52.259605 108.186249 -0.000008
v -69.443893 107.075027 -0.000008
v -73.888779 102.630142 -0.000008
v -43.011726 80.928497 -0.000008
v -57.879749 108.183304 5.067741
v -74.328110 100.584061 5.131927
v -66.537354 107.749741 5.067741
v -70.945938 106.481911 5.067741
v -73.172913 104.133179 5.093399
v -66.537354 107.749741 -0.000008
v -70.945938 106.481911 -0.000008
v -73.170929 104.132408 -0.020958
v -74.388397 100.534866 -0.027069
v -57.879749 108.183304 -0.000008
v 0.000000 74.675247 -0.000008
v 75.000000 80.928497 5.067741
v 43.011726 80.928497 5.067741
v 74.722198 98.528870 5.067741
v 0.000000 74.675247 5.067741
v 0.000000 108.186249 5.067741
v 43.011726 74.675247 5.067741
v 74.328094 100.584061 5.131927
v 52.259605 108.186249 5.067741
v 73.888779 102.630142 5.067741
v 63.480980 107.908440 5.067741
v 66.537354 107.749741 5.067741
v 69.443878 107.075027 5.067741
v 70.945938 106.481911 5.067741
v 73.172913 104.133179 5.093399
v 75.000000 80.928497 -0.000008
v 43.011726 80.928497 -0.000008
v 43.011726 74.675247 -0.000008
v 72.221939 105.408188 5.067741
v 70.945938 106.481911 -0.000008
v 72.221939 105.408188 -0.000008
v 66.537354 107.749741 -0.000008
v 69.443878 107.075027 -0.000008
v 74.388382 100.534866 -0.027069
v 74.722198 98.528870 -0.000008
v 73.170914 104.132408 -0.020958
v 73.888779 102.630142 -0.000008
v 0.000000 108.186249 -0.000008
v 52.259605 108.186249 -0.000008
v 63.480980 107.908440 -0.000008
v 57.879753 108.183304 5.067741
v 57.879753 108.183304 -0.000008
v -7.725426 86.989716 5.486130
v -7.725426 86.989716 5.052368
v -5.640633 87.834839 5.486130
v -5.640633 87.834839 5.052368
v -4.347702 90.185226 5.052361
v -4.913216 92.650177 5.052185
v -6.131775 89.400360 5.052368
v 0.244888 94.913445 5.052368
v -4.343422 90.185516 5.930115
v -6.131775 89.400360 5.930130
v -4.905998 92.650658 6.532661
v 0.244888 94.913445 6.532852
v -2.915417 74.765457 5.052368
v -2.915417 74.765457 5.486130
v -1.547134 74.787018 5.486130
v -1.547134 74.787018 5.930130
v -0.808712 74.778458 5.929695
v -0.805656 74.778137 6.532425
v 8.278435 86.989716 5.486130
v 8.278435 86.989716 5.052368
v 4.900711 90.185226 5.052361
v 0.308121 94.913445 6.532852
v 5.459007 92.650658 6.532661
v 5.466225 92.650177 5.052185
v 0.308121 94.913445 5.052368
v 6.193642 87.834839 5.052368
v 6.193642 87.834839 5.486130
v 4.896431 90.185516 5.930115
v 6.684792 89.400360 5.930130
v 6.684792 89.400360 5.052368
v 1.358665 74.778137 6.532425
v 2.100143 74.787018 5.486130
v 3.468426 74.765457 5.486130
v 3.468426 74.765457 5.052368
v 2.100143 74.787018 5.930130
v 1.361721 74.778458 5.929695
v -43.011707 73.909286 0.000000
v -43.011707 62.317051 0.000000
v 0.000004 74.424820 0.000000
v 0.000004 74.424820 62.972702
v -42.496174 74.424820 62.972702
v -43.011707 62.317051 62.972706
v 0.000004 61.801514 62.972702
v -42.496174 74.424820 0.000000
v -42.496174 61.801514 0.000000
v -43.011715 73.909286 62.972702
v -42.496174 61.801510 62.972706
v 0.000004 73.578751 62.972702
v -41.425709 73.578751 62.972702
v -41.872135 63.094013 62.972706
v 0.000004 62.647583 62.972702
v -41.872143 73.132309 62.972702
v -41.425709 62.647579 62.972706
v 0.000004 61.801514 0.000000
v 0.000004 73.578751 5.364136
v -41.425709 73.578751 5.364128
v -41.872135 63.094009 5.364136
v 0.000004 62.647583 5.364136
v -41.872143 73.132317 5.364128
v -41.425709 62.647583 5.364136
v 43.011711 73.909286 0.000000
v 43.011711 62.317051 0.000000
v 43.011711 62.317051 62.972706
v 43.011711 73.909286 62.972702
v 42.496178 61.801514 0.000000
v 42.496178 61.801510 62.972706
v 42.496178 74.424820 62.972702
v 42.496178 74.424820 0.000000
v 41.872154 73.132309 62.972702
v 41.425713 73.578751 62.972702
v 41.425713 62.647579 62.972706
v 41.872139 63.094013 62.972706
v 41.872154 73.132317 5.364128
v 41.425713 73.578751 5.364128
v 41.425713 62.647583 5.364136
v 41.872139 63.094009 5.364136
v -43.011730 7.105923 2.054886
v -43.011730 7.105923 0.000008
v -43.011730 20.843483 0.000008
v -43.011730 20.843483 2.054884
v -43.011730 13.974703 2.054886
v 43.011726 7.105923 0.000008
v 43.011726 7.105923 2.054886
v 43.011726 20.843483 2.054884
v 43.011726 13.974701 2.054886
v 43.011726 20.843483 0.000008
v -40.171467 56.301430 2.458370
v -40.171467 56.301430 61.643562
v -43.011742 55.514343 61.643562
v -43.011742 55.514343 2.458370
v -43.011738 61.593567 61.643562
v -43.011738 61.593571 2.458370
v -40.171467 60.806480 61.643562
v -40.171467 60.806480 2.458370
v -41.079639 55.514336 61.643562
v -41.079639 55.514339 2.458370
v -41.079639 61.593571 2.458370
v -41.079639 61.593567 61.643562
v -43.011742 55.514343 5.492741
v 40.171471 56.301430 2.458370
v 40.171471 56.301430 61.643562
v 41.079643 55.514336 61.643562
v 41.079643 55.514339 2.458370
v 40.171471 60.806480 61.643562
v 41.079643 61.593567 61.643562
v 43.011742 55.514343 2.458370
v 43.011742 61.593571 2.458370
v 41.079643 61.593571 2.458370
v 43.011742 55.514343 61.643562
v 43.011742 55.514343 5.492741
v 40.171471 60.806480 2.458370
v 43.011742 61.593567 61.643562
v -42.978310 24.151011 4.120174
v -42.978310 41.551529 3.796566
v -42.978306 41.884113 36.578396
v -42.978306 24.482018 36.904484
v -42.978310 24.311306 3.850885
v -42.978310 41.820816 3.949463
v -42.978306 41.722229 36.847687
v -42.978306 24.212727 36.749107
v -42.978310 24.212729 3.949463
v -42.978310 41.722244 3.850887
v -42.978306 41.820808 36.749107
v -42.978306 24.311306 36.847687
v -42.978310 24.482018 3.796566
v -42.978310 41.884125 4.120174
v -42.978306 41.551525 36.904484
v -42.978306 24.151009 36.578396
v 42.978310 41.884113 36.578396
v 42.978310 41.551525 36.904484
v 42.978310 41.551529 3.796566
v 42.978310 41.884125 4.120174
v 42.978310 41.820808 36.749107
v 42.978310 41.722229 36.847687
v 42.978310 24.482018 36.904484
v 42.978310 24.311306 36.847687
v 42.978310 24.212727 36.749107
v 42.978310 24.151009 36.578396
v 42.978310 24.151011 4.120174
v 42.978310 24.212729 3.949463
v 42.978310 24.311306 3.850883
v 42.978310 24.482018 3.796566
v 42.978310 41.722240 3.850883
v 42.978310 41.820816 3.949463
v 43.116295 41.884113 36.578396
v 43.116295 41.551525 36.904484
v 43.116280 41.551529 3.796566
v 43.116280 41.884125 4.120174
v 43.116295 41.820808 36.749107
v 43.116295 41.722233 36.847683
v 43.116295 24.482018 36.904484
v 43.116295 24.311306 36.847683
v 43.116295 24.212727 36.749107
v 43.116295 24.151009 36.578396
v 43.116280 24.151011 4.120174
v 43.116280 24.212729 3.949463
v 43.116280 24.311306 3.850883
v 43.116280 24.482018 3.796566
v 43.116280 41.722240 3.850883
v 43.116280 41.820816 3.949463
v -43.009480 41.884113 36.578396
v -43.009480 41.884125 4.120174
v -43.009480 41.551529 3.796566
v -43.009480 41.551525 36.904484
v -43.009480 41.722233 36.847683
v -43.009480 41.820808 36.749107
v -43.009480 24.482018 36.904484
v -43.009480 24.151009 36.578396
v -43.009480 24.212727 36.749107
v -43.009480 24.311306 36.847683
v -43.009480 24.151011 4.120174
v -43.009480 24.482018 3.796566
v -43.009480 24.311306 3.850883
v -43.009480 24.212729 3.949463
v -43.009480 41.820816 3.949463
v -43.009480 41.722240 3.850883
v -44.284184 3.870541 1.403923
v -73.614029 3.870541 1.403931
v -44.284184 75.348099 1.403923
v -73.614029 75.348099 1.403931
v 44.359520 75.348099 1.403931
v 73.689377 75.348099 1.403923
v 73.689377 3.870544 1.403923
v 44.359512 3.870544 1.403931
v -73.614029 75.348099 3.179863
v -44.284184 75.348099 3.179871
v -44.284184 3.870541 3.179867
v -73.614029 3.870541 3.179859
v 44.359520 75.348099 3.179863
v 73.689377 75.348099 3.179871
v 73.689377 3.870544 3.179867
v 44.359512 3.870544 3.179859
vt 0.931252 0.260859
vt 0.656916 0.147988
vt 0.550312 0.130597
vt 0.656916 0.152112
vt 0.684711 0.748893
vt 0.624552 0.152112
vt 0.575447 0.144384
vt 0.684711 0.670583
vt 0.860218 0.670583
vt 0.860218 0.748893
vt 0.624552 0.147988
vt 0.869911 0.667499
vt 0.582644 0.144384
vt 0.656916 0.256999
vt 0.624552 0.256999
vt 0.624552 0.252874
vt 0.656916 0.252874
vt 0.590320 0.398486
vt 0.985154 0.270330
vt 0.624552 0.144384
vt 0.583123 0.398486
vt 0.312613 0.581036
vt 0.312615 0.461216
vt 0.550312 0.165775
vt 0.545003 0.461229
vt 0.582644 0.398486
vt 0.985154 0.467884
vt 0.545016 0.580999
vt 0.539408 0.165775
vt 0.575447 0.398486
vt 0.308181 0.579780
vt 0.261209 0.987928
vt 0.250304 0.952750
vt 0.308188 0.462438
vt 0.583123 0.144384
vt 0.985154 0.462954
vt 0.261209 0.952750
vt 0.312880 0.583981
vt 0.590320 0.144384
vt 0.244128 0.998234
vt 0.595945 0.291859
vt 0.967303 0.406343
vt 0.202872 0.998234
vt 0.870784 0.670583
vt 0.656916 0.144384
vt 0.590840 0.159529
vt 0.656916 0.260603
vt 0.624552 0.260603
vt 0.306429 0.577062
vt 0.624051 0.159525
vt 0.624051 0.163117
vt 0.590841 0.163122
vt 0.590799 0.151005
vt 0.305147 0.579666
vt 0.624050 0.144384
vt 0.202872 0.993088
vt 0.244128 0.993088
vt 0.544978 0.412772
vt 0.544978 0.371516
vt 0.595945 0.368884
vt 0.967303 0.365087
vt 0.550124 0.371516
vt 0.550124 0.412772
vt 0.688169 0.116141
vt 0.624050 0.151413
vt 0.684711 0.840442
vt 0.684711 0.762133
vt 0.859876 0.762133
vt 0.859876 0.840442
vt 0.870443 0.762133
vt 0.870443 0.840442
vt 0.869740 0.759662
vt 0.868215 0.757830
vt 0.864902 0.756987
vt 0.869739 0.842913
vt 0.868215 0.844745
vt 0.864902 0.845588
vt 0.680972 0.136018
vt 0.571449 0.136018
vt 0.564251 0.116142
vt 0.860218 0.665438
vt 0.868015 0.665438
vt 0.870784 0.748893
vt 0.869911 0.751977
vt 0.868015 0.754039
vt 0.687763 0.429465
vt 0.680972 0.405422
vt 0.860218 0.754039
vt 0.805171 0.260859
vt 0.805171 0.000500
vt 0.931252 0.000500
vt 0.928318 0.263557
vt 0.808104 0.263557
vt 0.923929 0.264800
vt 0.304059 0.575993
vt 0.306331 0.575518
vt 0.306329 0.466692
vt 0.304058 0.466213
vt 0.305158 0.462537
vt 0.306430 0.465147
vt 0.812493 0.264800
vt 0.859876 0.845588
vt 0.859876 0.756987
vt 0.590862 0.276238
vt 0.307462 0.459663
vt 0.312404 0.458247
vt 0.544971 0.458260
vt 0.307424 0.582544
vt 0.544999 0.583671
vt 0.546029 0.453127
vt 0.539408 0.419877
vt 0.030285 0.831176
vt 0.030285 0.888877
vt 0.005318 0.987928
vt 0.005318 0.674605
vt 0.138012 0.888877
vt 0.138012 0.831176
vt 0.250305 0.698648
vt 0.024925 0.665438
vt 0.257334 0.665438
vt 0.024925 0.674635
vt 0.985154 0.660507
vt 0.809989 0.660507
vt 0.809989 0.478824
vt 0.564251 0.429465
vt 0.590862 0.272646
vt 0.624072 0.272641
vt 0.571448 0.405422
vt 0.624073 0.276235
vt 0.590840 0.156194
vt 0.624050 0.156193
vt 0.624073 0.279570
vt 0.590863 0.279571
vt 0.590863 0.284350
vt 0.624073 0.284350
vt 0.294422 0.130596
vt 0.624073 0.291380
vt 0.294422 0.443920
vt 0.314028 0.443920
vt 0.314028 0.453129
vt 0.650913 0.111650
vt 0.573888 0.111650
vt 0.573888 0.106505
vt 0.650913 0.106505
vt 0.590799 0.368884
vt 0.590799 0.291859
vt 0.890278 0.365087
vt 0.809989 0.270330
vt 0.809989 0.452013
vt 0.890278 0.406343
vt 1.656916 0.147988
vt 1.656916 0.152112
vt 1.624552 0.152112
vt 1.624552 0.147988
vt 1.550313 0.130597
vt 1.550313 0.165775
vt 1.539408 0.165775
vt 1.575447 0.144384
vt 1.582644 0.144384
vt 1.582644 0.398486
vt 1.575447 0.398486
vt 1.688169 0.116141
vt 1.680972 0.136018
vt 1.571449 0.136018
vt 1.564251 0.116142
vt 1.656916 0.256999
vt 1.624552 0.256999
vt 1.624552 0.252874
vt 1.656916 0.252874
vt 1.261209 0.987928
vt 1.250304 0.952750
vt 1.261209 0.952750
vt 1.590840 0.159529
vt 1.624051 0.159525
vt 1.624051 0.163117
vt 1.590841 0.163122
vt 1.590840 0.151413
vt 1.624050 0.144384
vt 1.624050 0.151413
vt 1.590862 0.276238
vt 1.590862 0.272646
vt 1.624072 0.272641
vt 1.624073 0.276235
vt 1.590320 0.398486
vt 1.583123 0.398486
vt 1.583123 0.144384
vt 1.590320 0.144384
vt 1.985154 0.467884
vt 1.985154 0.660507
vt 1.809989 0.660507
vt 1.809989 0.478824
vt 1.684711 0.840442
vt 1.684711 0.762133
vt 1.859876 0.762133
vt 1.859876 0.840442
vt 1.985154 0.270330
vt 1.985154 0.462954
vt 1.967303 0.406343
vt 1.967303 0.365087
vt 1.890278 0.365087
vt 1.809989 0.270330
vt 1.684711 0.748893
vt 1.684711 0.670583
vt 1.860218 0.670583
vt 1.860218 0.748893
vt 1.624552 0.144384
vt 1.656916 0.144384
vt 1.656916 0.260603
vt 1.624552 0.260603
vt 1.590840 0.156194
vt 1.624050 0.156193
vt 1.624073 0.279570
vt 1.590863 0.279571
vt 1.590863 0.284350
vt 1.624073 0.284350
vt 1.244128 0.998234
vt 1.202872 0.998234
vt 1.202872 0.993088
vt 1.244128 0.993088
vt 1.595945 0.291859
vt 1.595945 0.368884
vt 1.590799 0.368884
vt 1.590799 0.291859
vt 1.544978 0.412772
vt 1.544978 0.371516
vt 1.550123 0.371516
vt 1.550123 0.412772
vt 1.650913 0.111650
vt 1.573888 0.111650
vt 1.573888 0.106505
vt 1.650913 0.106505
vt 1.931252 0.260859
vt 1.805171 0.260859
vt 1.805171 0.000500
vt 1.931252 0.000500
vt 1.312613 0.581036
vt 1.312615 0.461216
vt 1.545003 0.461229
vt 1.545016 0.580999
vt 1.809989 0.452013
vt 1.890278 0.406343
vt 1.687763 0.429465
vt 1.680972 0.405422
vt 1.564251 0.429465
vt 1.571448 0.405422
vt 1.294422 0.130596
vt 1.308181 0.579780
vt 1.308188 0.462438
vt 1.624073 0.291380
vt 1.030285 0.831176
vt 1.030285 0.888877
vt 1.005318 0.987928
vt 1.005319 0.674605
vt 1.138012 0.888877
vt 1.138012 0.831176
vt 1.250305 0.698648
vt 1.869911 0.667499
vt 1.870784 0.670583
vt 1.860218 0.665438
vt 1.868015 0.665438
vt 1.870784 0.748893
vt 1.869911 0.751977
vt 1.868015 0.754039
vt 1.860218 0.754039
vt 1.870443 0.762133
vt 1.870443 0.840442
vt 1.869740 0.759662
vt 1.868215 0.757830
vt 1.864902 0.756987
vt 1.869739 0.842913
vt 1.868215 0.844745
vt 1.864902 0.845588
vt 1.859876 0.845588
vt 1.859876 0.756987
vt 1.312304 0.584008
vt 1.306429 0.577062
vt 1.305147 0.579666
vt 1.304059 0.575993
vt 1.306331 0.575518
vt 1.306329 0.466692
vt 1.304058 0.466213
vt 1.305158 0.462537
vt 1.306430 0.465147
vt 1.307462 0.459663
vt 1.312404 0.458247
vt 1.544971 0.458260
vt 1.307424 0.582544
vt 1.928318 0.263557
vt 1.808104 0.263557
vt 1.923929 0.264800
vt 1.812493 0.264800
vt 1.294422 0.443920
vt 1.314028 0.443920
vt 1.544999 0.583671
vt 1.539408 0.419877
vt 1.314028 0.453129
vt 1.546029 0.453127
vt 1.024925 0.665438
vt 1.257334 0.665438
vt 1.024925 0.674635
vt 0.795699 0.843718
vt 0.988276 0.837368
vt 0.988270 0.673879
vt 0.471640 0.610758
vt 0.795699 0.860777
vt 0.993694 0.670256
vt 0.993701 0.837368
vt 0.650982 0.860777
vt 0.592389 0.620492
vt 0.650982 0.843718
vt 0.592389 0.597980
vt 0.988720 0.671162
vt 0.677414 0.823417
vt 0.684715 0.752169
vt 0.469057 0.610758
vt 0.675719 0.822512
vt 0.829432 0.752246
vt 0.681789 0.823414
vt 0.800396 0.860777
vt 0.833051 0.758883
vt 0.684711 0.758804
vt 0.471640 0.605619
vt 0.675152 0.819795
vt 0.675074 0.675078
vt 0.800396 0.843718
vt 0.804772 0.843718
vt 0.804772 0.860777
vt 0.798475 0.843718
vt 0.798475 0.860777
vt 0.681710 0.675074
vt 0.832149 0.752813
vt 0.833053 0.754508
vt 0.991899 0.472702
vt 0.469057 0.617043
vt 0.990072 0.670256
vt 0.993251 0.473608
vt 0.988276 0.472702
vt 0.993701 0.476325
vt 0.452897 0.617043
vt 0.452897 0.610758
vt 0.993694 0.639815
vt 0.988270 0.639815
vt 0.596012 0.597980
vt 0.596012 0.620492
vt 0.588008 0.597980
vt 0.590762 0.597980
vt 0.590762 0.620492
vt 0.588008 0.620492
vt 0.572858 0.617766
vt 0.572858 0.600707
vt 0.424518 0.600707
vt 0.424518 0.597980
vt 0.424518 0.620492
vt 0.424518 0.617766
vt 0.450314 0.610758
vt 0.450314 0.605619
vt 1.592389 0.620492
vt 1.592389 0.597980
vt 1.596012 0.597980
vt 1.596012 0.620492
vt 1.988276 0.837368
vt 1.988270 0.673879
vt 1.993694 0.670256
vt 1.993701 0.837368
vt 1.471640 0.610758
vt 1.469057 0.610758
vt 1.471640 0.605619
vt 1.991899 0.472702
vt 1.993251 0.473608
vt 1.988276 0.472702
vt 1.588008 0.597980
vt 1.590762 0.597980
vt 1.590762 0.620492
vt 1.588008 0.620492
vt 1.795699 0.843718
vt 1.795699 0.860777
vt 1.650982 0.860777
vt 1.650982 0.843718
vt 1.800396 0.860777
vt 1.800396 0.843718
vt 1.804772 0.843718
vt 1.804772 0.860777
vt 1.684715 0.752169
vt 1.829432 0.752246
vt 1.833051 0.758883
vt 1.684711 0.758804
vt 1.469057 0.617043
vt 1.452897 0.617043
vt 1.452897 0.610758
vt 1.677414 0.823417
vt 1.675719 0.822512
vt 1.681789 0.823414
vt 1.798475 0.843718
vt 1.798475 0.860777
vt 1.988720 0.671162
vt 1.993701 0.476325
vt 1.990072 0.670256
vt 1.832149 0.752813
vt 1.675152 0.819795
vt 1.675074 0.675078
vt 1.681710 0.675074
vt 1.833053 0.754508
vt 1.450314 0.610758
vt 1.450314 0.605619
vt 1.572858 0.617766
vt 1.572858 0.600707
vt 1.424518 0.600707
vt 1.424518 0.597980
vt 1.993695 0.639815
vt 1.988270 0.639815
vt 1.424518 0.620492
vt 1.424518 0.617766
vt 0.705785 0.196050
vt 0.678972 0.535806
vt 0.178780 0.579427
vt 0.705784 0.201371
vt 0.178780 0.564251
vt 0.747713 0.535806
vt 0.689615 0.201371
vt 0.191079 0.564251
vt 0.689615 0.196050
vt 0.798196 0.220524
vt 0.785897 0.220524
vt 0.191079 0.579427
vt 0.815441 0.880204
vt 0.887781 0.920355
vt 0.814808 0.920355
vt 0.817343 0.870848
vt 0.985902 0.858174
vt 0.985901 0.934621
vt 0.887781 0.934620
vt 0.705784 0.206523
vt 0.866684 0.858173
vt 0.818980 0.867420
vt 0.824056 0.862061
vt 0.827483 0.860708
vt 0.841086 0.858807
vt 0.785897 0.116141
vt 0.834113 0.859169
vt 0.816203 0.875628
vt 0.853863 0.858180
vt 0.821145 0.864510
vt 0.705784 0.216043
vt 0.689615 0.216043
vt 0.763582 0.529630
vt 0.747713 0.546697
vt 0.798196 0.116141
vt 0.673208 0.529576
vt 0.762827 0.479904
vt 0.689615 0.206523
vt 0.551679 0.547171
vt 0.551735 0.452495
vt 0.673197 0.547243
vt 0.761717 0.474094
vt 0.699381 0.452577
vt 0.760480 0.468309
vt 0.731084 0.453380
vt 0.739719 0.453833
vt 0.747929 0.455744
vt 0.752172 0.457422
vt 0.758461 0.464061
vt 0.715259 0.452594
vt 0.755776 0.460457
vt 0.705788 0.172312
vt 0.705990 0.178988
vt 0.689529 0.178791
vt 0.689619 0.172304
vt 0.705785 0.185664
vt 0.705867 0.190976
vt 0.689549 0.190976
vt 0.689616 0.185664
vt 0.705817 0.116150
vt 0.689648 0.116141
vt 0.705784 0.428370
vt 0.689615 0.428370
vt 0.689615 0.261632
vt 0.705784 0.261632
vt 0.705784 0.225808
vt 0.705784 0.243701
vt 0.689615 0.243701
vt 0.689615 0.225808
vt 0.678972 0.546697
vt 0.596760 0.636488
vt 0.687135 0.636435
vt 0.597515 0.586763
vt 0.808663 0.654030
vt 0.808607 0.559353
vt 0.687145 0.654102
vt 0.598625 0.580953
vt 0.660961 0.559436
vt 0.599862 0.575168
vt 0.629258 0.560238
vt 0.620623 0.560692
vt 0.612413 0.562603
vt 0.608170 0.564281
vt 0.601882 0.570920
vt 0.645008 0.647877
vt 0.567378 0.647877
vt 0.567378 0.660176
vt 0.645008 0.660176
vt 0.671470 0.660624
vt 0.671470 0.645448
vt 0.659172 0.645448
vt 0.659172 0.660624
vt 1.705785 0.196050
vt 1.705784 0.201371
vt 1.689615 0.201371
vt 1.689615 0.196050
vt 1.705784 0.206523
vt 1.705784 0.216043
vt 1.689615 0.216043
vt 1.689615 0.206523
vt 1.705788 0.172312
vt 1.705990 0.178988
vt 1.689529 0.178791
vt 1.689619 0.172304
vt 1.705785 0.185664
vt 1.705867 0.190975
vt 1.689549 0.190976
vt 1.689616 0.185664
vt 1.705817 0.116150
vt 1.689648 0.116141
vt 1.815441 0.880204
vt 1.887781 0.920355
vt 1.814807 0.920355
vt 1.817343 0.870848
vt 1.985902 0.858174
vt 1.985901 0.934621
vt 1.887781 0.934620
vt 1.866684 0.858173
vt 1.818980 0.867420
vt 1.824056 0.862061
vt 1.827483 0.860708
vt 1.841086 0.858807
vt 1.834113 0.859169
vt 1.798196 0.220524
vt 1.785897 0.220524
vt 1.785897 0.116141
vt 1.798196 0.116141
vt 1.705784 0.428370
vt 1.689615 0.428370
vt 1.689615 0.261632
vt 1.705784 0.261632
vt 1.705784 0.225808
vt 1.705784 0.243701
vt 1.689615 0.243701
vt 1.689615 0.225808
vt 0.645083 0.559453
vt 1.816203 0.875628
vt 1.853863 0.858180
vt 1.821145 0.864510
vt 0.604566 0.567315
vt 0.988270 0.437706
vt 0.988270 0.270330
vt 0.980180 0.234188
vt 0.974588 0.213283
vt 0.280730 0.869357
vt 0.255896 0.869403
vt 0.732388 0.910765
vt 0.660619 0.910767
vt 0.974588 0.039047
vt 0.255875 0.858220
vt 0.980180 0.039047
vt 0.270430 0.987351
vt 0.255875 0.917162
vt 0.660706 0.891904
vt 0.732388 0.891902
vt 0.993796 0.270330
vt 0.993796 0.437706
vt 0.968996 0.234188
vt 0.968996 0.213283
vt 0.595363 0.622072
vt 0.688263 0.993088
vt 0.688263 0.998615
vt 0.699166 0.988270
vt 0.733194 0.891902
vt 0.733194 0.910765
vt 0.804877 0.891904
vt 0.804963 0.910767
vt 0.470289 0.999453
vt 0.449384 0.993862
vt 0.724052 0.988316
vt 0.449384 0.988270
vt 0.504036 0.983594
vt 0.785897 0.260445
vt 0.724030 0.999500
vt 0.595514 0.592752
vt 0.470289 0.988270
vt 0.520886 0.998615
vt 0.520886 0.993088
vt 0.275148 0.999454
vt 0.275148 0.993862
vt 0.969433 0.039047
vt 0.954386 0.000506
vt 0.954348 0.032729
vt 0.256042 0.916374
vt 0.943164 0.032725
vt 0.935522 0.000500
vt 0.509769 0.956621
vt 0.563289 0.585110
vt 0.563285 0.573926
vt 0.595508 0.573888
vt 0.361879 0.593007
vt 0.297888 0.858173
vt 0.361883 0.585327
vt 0.942947 0.234131
vt 0.935267 0.234135
vt 0.591442 0.642814
vt 0.426404 0.630062
vt 0.424518 0.622307
vt 0.785897 0.231783
vt 0.791424 0.231783
vt 0.791424 0.260445
vt 0.803590 0.862991
vt 0.801866 0.887243
vt 0.660149 0.878629
vt 0.655801 0.864492
vt 0.280760 0.858173
vt 0.795534 0.231783
vt 0.801061 0.231783
vt 0.801061 0.260445
vt 0.795534 0.260445
vt 0.965642 0.240418
vt 0.956539 0.238036
vt 0.944904 0.043241
vt 0.010137 0.617254
vt 0.184364 0.619023
vt 0.179238 0.635688
vt 0.012169 0.645844
vt 0.699197 0.999453
vt 0.983921 0.959478
vt 0.983921 0.960698
vt 0.872628 0.960698
vt 0.872628 0.959478
vt 0.511544 0.887269
vt 0.510548 0.888265
vt 0.983921 0.940086
vt 0.872628 0.940086
vt 0.411259 0.597980
vt 0.411259 0.620375
vt 0.289603 0.620375
vt 0.289603 0.597980
vt 0.289603 0.621783
vt 0.411259 0.621783
vt 0.411259 0.703881
vt 0.289603 0.703881
vt 0.669437 0.835586
vt 0.669437 0.665438
vt 0.554615 0.835586
vt 0.554615 0.665438
vt 0.511544 0.805171
vt 0.488153 0.888265
vt 0.487157 0.887269
vt 0.487157 0.805171
vt 0.783269 0.223362
vt 0.783269 0.279177
vt 0.781079 0.279177
vt 0.781079 0.223362
vt 0.783269 0.293110
vt 0.783269 0.308929
vt 0.781079 0.308929
vt 0.781079 0.293110
vt 0.783269 0.381955
vt 0.781079 0.381955
vt 0.783269 0.116141
vt 0.781079 0.116141
vt 0.482809 0.805171
vt 0.482809 0.885201
vt 0.371516 0.885201
vt 0.371516 0.805171
vt 0.276560 0.847317
vt 0.275148 0.847317
vt 0.275148 0.718440
vt 0.276560 0.718440
vt 0.369234 0.847317
vt 0.369235 0.718440
vt 0.985574 0.964178
vt 0.985574 0.988632
vt 0.892900 0.988632
vt 0.892900 0.964178
vt 0.891902 0.965176
vt 0.891902 0.987633
vt 0.671407 0.665438
vt 0.671407 0.835586
vt 1.411259 0.597980
vt 1.411259 0.620375
vt 1.289603 0.620375
vt 1.289603 0.597980
vt 1.511544 0.887269
vt 1.510548 0.888265
vt 1.511544 0.805171
vt 1.289603 0.621783
vt 1.411259 0.621783
vt 1.411259 0.703881
vt 1.289603 0.703881
vt 1.671407 0.835586
vt 1.669437 0.835586
vt 1.669437 0.665438
vt 1.671407 0.665438
vt 1.783269 0.223362
vt 1.783269 0.279177
vt 1.781079 0.279177
vt 1.781079 0.223362
vt 1.783269 0.293110
vt 1.783269 0.308929
vt 1.781079 0.308929
vt 1.781079 0.293110
vt 1.783269 0.381955
vt 1.781079 0.381955
vt 1.783269 0.116141
vt 1.781079 0.116141
vt 1.488153 0.888265
vt 1.487157 0.887269
vt 1.487157 0.805171
vt 1.554615 0.835586
vt 1.554615 0.665438
vt 1.276560 0.847317
vt 1.275148 0.847317
vt 1.275148 0.718440
vt 1.276560 0.718440
vt 1.983921 0.959478
vt 1.983921 0.960698
vt 1.872628 0.960698
vt 1.872628 0.959478
vt 1.482809 0.805171
vt 1.482809 0.885201
vt 1.371516 0.885201
vt 1.371516 0.805171
vt 1.369234 0.847317
vt 1.369235 0.718440
vt 1.983921 0.940086
vt 1.872628 0.940086
vt 1.985574 0.964178
vt 1.985574 0.988632
vt 1.892900 0.988632
vt 1.892900 0.964178
vt 1.891902 0.965176
vt 1.891902 0.987633
vt 0.154688 0.601887
vt 0.165946 0.601887
vt 0.152857 0.130596
vt 0.077594 0.130596
vt 0.115226 0.130596
vt 0.005318 0.117762
vt 0.005318 0.106505
vt 0.075763 0.120960
vt 0.000500 0.120960
vt 0.476609 0.106505
vt 0.476609 0.117763
vt 0.152857 0.601887
vt 0.115226 0.601887
vt 0.077594 0.601887
vt 0.154688 0.130596
vt 0.165946 0.130596
vt 0.075763 0.592250
vt 0.000500 0.592250
vt 0.983435 0.259422
vt 0.515881 0.938814
vt 0.487328 0.938814
vt 0.944904 0.259422
vt 0.482339 0.933058
vt 0.944904 0.247176
vt 0.520870 0.933058
vt 0.983435 0.247176
vt 0.482339 0.920812
vt 0.949893 0.241419
vt 0.978446 0.241419
vt 0.520870 0.920812
vt 0.774531 0.383210
vt 0.774531 0.116141
vt 0.779290 0.116141
vt 0.779291 0.383210
vt 0.779290 0.116141
vt 0.779291 0.369518
vt 0.779291 0.383210
vt 0.742532 0.116141
vt 0.747291 0.116141
vt 0.747291 0.383210
vt 0.742532 0.383210
vt 1.774531 0.383210
vt 1.774531 0.116141
vt 1.779290 0.116141
vt 1.779291 0.383210
vt 1.515881 0.938814
vt 1.487328 0.938814
vt 1.482339 0.933058
vt 1.520870 0.933058
vt 1.983435 0.259422
vt 1.944904 0.259422
vt 1.944904 0.247176
vt 1.983435 0.247176
vt 1.779290 0.116141
vt 1.779291 0.369518
vt 1.779291 0.383210
vt 1.742532 0.116141
vt 1.747291 0.116141
vt 1.747291 0.383210
vt 1.742532 0.383210
vt 1.482339 0.920812
vt 1.520870 0.920812
vt 1.949893 0.241419
vt 1.978446 0.241419
vt 0.984390 0.854147
vt 0.982434 0.665438
vt 0.882266 0.667394
vt 0.884221 0.856103
vt 0.983416 0.855696
vt 0.882672 0.855129
vt 0.883240 0.665844
vt 0.983984 0.666412
vt 0.983984 0.855129
vt 0.883239 0.855696
vt 0.882672 0.666412
vt 0.983416 0.665844
vt 0.982434 0.856103
vt 0.882265 0.854147
vt 0.884222 0.665438
vt 0.984390 0.667394
vt 1.882266 0.667394
vt 1.884222 0.665438
vt 1.884221 0.856103
vt 1.882265 0.854147
vt 1.882672 0.666412
vt 1.883240 0.665844
vt 1.982434 0.665438
vt 1.983416 0.665844
vt 1.983984 0.666412
vt 1.984390 0.667394
vt 1.984390 0.854147
vt 1.983984 0.855129
vt 1.983416 0.855696
vt 1.982434 0.856103
vt 1.883239 0.855696
vt 1.882672 0.855129
vt 1.882266 0.667394
vt 1.884222 0.665438
vt 1.884221 0.856103
vt 1.882265 0.854147
vt 1.882672 0.666412
vt 1.883240 0.665844
vt 1.982434 0.665438
vt 1.983416 0.665844
vt 1.983984 0.666412
vt 1.984390 0.667394
vt 1.984390 0.854147
vt 1.983984 0.855129
vt 1.983416 0.855696
vt 1.982434 0.856103
vt 1.883239 0.855696
vt 1.882672 0.855129
vt 1.882266 0.667394
vt 1.882265 0.854147
vt 1.884221 0.856103
vt 1.884222 0.665438
vt 1.883240 0.665844
vt 1.882672 0.666412
vt 1.982434 0.665438
vt 1.984390 0.667394
vt 1.983984 0.666412
vt 1.983416 0.665844
vt 1.984390 0.854147
vt 1.982434 0.856103
vt 1.983416 0.855696
vt 1.983984 0.855129
vt 1.882672 0.855129
vt 1.883239 0.855696
vt 0.151787 0.585947
vt 0.011531 0.585947
vt 0.011531 0.240947
vt 0.151787 0.240947
vt 0.015652 0.139968
vt 0.155909 0.139968
vt 0.155909 0.484968
vt 0.015652 0.484968
vt 0.151787 0.585947
vt 0.011531 0.585947
vt 0.011531 0.240947
vt 0.151787 0.240947
vt 0.015652 0.139968
vt 0.155909 0.139968
vt 0.155909 0.484968
vt 0.015652 0.484968
vn -0.137565 -0.000000 0.990493
vn -0.137564 -0.000000 0.990493
vn -0.488028 -0.000000 0.872828
vn -0.488028 -0.000000 0.872828
vn -0.488027 -0.000000 0.872829
vn -0.137565 -0.000000 0.990493
vn -1.000000 0.000000 0.000000
vn -1.000000 0.000000 0.000000
vn -1.000000 0.000273 -0.000293
vn 0.000000 -0.000000 1.000000
vn 0.000000 -0.000000 1.000000
vn 0.000000 -0.000000 1.000000
vn 0.000000 -0.000000 1.000000
vn 0.000000 -0.000000 1.000000
vn 0.000000 -0.000000 1.000000
vn 0.000000 0.000000 -1.000000
vn 0.000000 0.000000 -1.000000
vn 0.000000 0.000000 -1.000000
vn 0.000000 0.000000 -1.000000
vn 0.000000 0.000000 -1.000000
vn 0.000000 0.000000 -1.000000
vn 0.137565 -0.000000 0.990493
vn 0.488027 -0.000000 0.872829
vn 0.488027 -0.000000 0.872829
vn 0.488027 -0.000000 0.872829
vn 0.137565 -0.000000 0.990493
vn 0.137565 -0.000000 0.990493
vn 1.000000 0.000000 0.000000
vn 1.000000 0.000000 0.000000
vn 1.000000 0.000000 0.000000
vn 0.137565 -0.000000 0.990493
vn 0.137565 -0.000000 0.990493
vn -0.137564 -0.000000 0.990493
vn -0.137564 -0.000000 0.990493
vn -0.137565 -0.000000 0.990493
vn 0.137565 -0.000000 0.990493
vn -0.138194 0.000000 0.990405
vn -0.466859 0.000000 0.884332
vn -0.466860 0.000000 0.884331
vn -0.466860 0.000000 0.884331
vn -0.138193 -0.000000 0.990405
vn -0.138194 0.000000 0.990405
vn -0.992334 0.000148 0.123582
vn -0.999999 0.000112 -0.001161
vn -0.992248 -0.000000 0.124275
vn 0.138194 -0.000000 0.990405
vn 0.138194 -0.000000 0.990405
vn 0.466857 0.000000 0.884333
vn 0.466857 0.000000 0.884333
vn 0.466859 -0.000000 0.884332
vn 0.138194 -0.000000 0.990405
vn -0.138194 0.000000 0.990405
vn -0.138193 -0.000000 0.990405
vn 0.138194 -0.000000 0.990405
vn 0.138194 -0.000000 0.990405
vn 0.138194 -0.000000 0.990405
vn -0.138194 0.000000 0.990405
vn 0.000000 -0.000000 1.000000
vn 0.000000 -0.000000 1.000000
vn 0.000000 -0.000000 1.000000
vn 0.000000 -0.000000 1.000000
vn 0.000000 -0.000000 1.000000
vn 0.000000 -0.000000 1.000000
vn 1.000000 -0.000000 0.000000
vn 1.000000 -0.000000 0.000000
vn 1.000000 -0.000000 0.000000
vn 1.000000 -0.000000 0.000000
vn 1.000000 -0.000000 0.000000
vn 1.000000 -0.000000 0.000000
vn 0.000000 -1.000000 -0.000000
vn 0.000000 -1.000000 -0.000000
vn 0.000000 -1.000000 -0.000000
vn 0.000000 -1.000000 -0.000000
vn 0.000000 -1.000000 -0.000000
vn 0.000000 -1.000000 -0.000000
vn -1.000000 -0.000000 0.000000
vn -1.000000 0.000000 0.000000
vn -1.000000 0.000000 0.000000
vn -1.000000 -0.000000 0.000000
vn -1.000000 0.000000 0.000000
vn -1.000000 -0.000000 0.000000
vn -1.000000 -0.000000 0.000000
vn -1.000000 -0.000000 0.000000
vn -1.000000 -0.000000 0.000000
vn -1.000000 -0.000000 0.000000
vn -1.000000 -0.000000 0.000000
vn -1.000000 -0.000000 0.000000
vn 0.000000 0.998055 -0.062339
vn 0.000000 0.999784 -0.020788
vn 0.000000 0.999784 -0.020788
vn 0.000000 0.999784 -0.020788
vn 0.000000 0.998055 -0.062339
vn 0.000000 0.998055 -0.062339
vn -0.488028 -0.000000 0.872828
vn -0.676983 -0.000000 0.735999
vn -0.676979 -0.000001 0.736002
vn -0.676979 -0.000001 0.736002
vn -0.488027 -0.000000 0.872829
vn -0.488028 -0.000000 0.872828
vn 0.488027 -0.000000 0.872829
vn 0.676979 -0.000000 0.736002
vn 0.676979 -0.000000 0.736002
vn 0.676979 -0.000000 0.736002
vn 0.488027 -0.000000 0.872829
vn 0.488027 -0.000000 0.872829
vn -0.466859 0.000000 0.884332
vn -0.845712 -0.000000 0.533640
vn -0.845713 0.000000 0.533637
vn -0.845713 0.000000 0.533637
vn -0.466860 0.000000 0.884331
vn -0.466859 0.000000 0.884332
vn 0.466857 0.000000 0.884333
vn 0.845711 0.000000 0.533641
vn 0.845712 0.000000 0.533640
vn 0.845712 0.000000 0.533640
vn 0.466859 -0.000000 0.884332
vn 0.466857 0.000000 0.884333
vn -0.845713 0.000000 0.533637
vn -0.845712 -0.000000 0.533640
vn -0.992334 0.000148 0.123582
vn -0.992334 0.000148 0.123582
vn -0.992248 -0.000000 0.124275
vn -0.845713 0.000000 0.533637
vn 0.845712 0.000000 0.533640
vn 0.845711 0.000000 0.533641
vn 0.992248 0.000000 0.124276
vn 0.992248 0.000000 0.124276
vn 0.992248 -0.000000 0.124276
vn 0.845712 0.000000 0.533640
vn 0.000000 -0.000000 1.000000
vn 0.000000 -0.000000 1.000000
vn 0.000000 -0.000000 1.000000
vn 0.000000 -0.000000 1.000000
vn 0.000000 -0.000000 1.000000
vn 0.000000 -0.000000 1.000000
vn 0.000000 -1.000000 -0.000000
vn 0.000000 -1.000000 -0.000000
vn 0.000000 -1.000000 -0.000000
vn 0.000000 -1.000000 -0.000000
vn 0.000000 -1.000000 -0.000000
vn 0.000000 -1.000000 -0.000000
vn 0.000000 0.000000 -1.000000
vn 0.000000 0.000000 -1.000000
vn 0.000000 0.000000 -1.000000
vn 0.000000 0.000000 -1.000000
vn 0.000000 0.000000 -1.000000
vn 0.000000 0.000000 -1.000000
vn 0.000000 1.000000 0.000000
vn 0.000000 1.000000 0.000000
vn 0.000000 1.000000 0.000000
vn 0.000000 1.000000 0.000000
vn 0.000000 1.000000 0.000000
vn 0.000000 1.000000 0.000000
vn 0.000000 -1.000000 -0.000000
vn 0.000000 -1.000000 -0.000000
vn 0.000000 -1.000000 -0.000000
vn 0.000000 -1.000000 -0.000000
vn 0.000000 -1.000000 -0.000000
vn 0.000000 -1.000000 -0.000000
vn 0.406512 0.912045 0.054048
vn 0.382682 0.923880 0.000000
vn -0.422226 0.906490 -0.000605
vn -0.422226 0.906490 -0.000605
vn -0.406514 0.912045 0.054048
vn 0.406512 0.912045 0.054048
vn -1.000000 0.000000 0.000000
vn -1.000000 0.000000 0.000000
vn -1.000000 0.000000 0.000000
vn -1.000000 0.000000 0.000000
vn -1.000000 0.000000 0.000000
vn -1.000000 0.000000 0.000000
vn 0.000000 0.000000 -1.000000
vn 0.000000 0.000000 -1.000000
vn 0.000000 0.000000 -1.000000
vn 0.000000 0.000000 -1.000000
vn 0.000000 0.000000 -1.000000
vn 0.000000 0.000000 -1.000000
vn 0.000000 0.000000 -1.000000
vn 0.000000 0.000000 -1.000000
vn 0.000000 0.000000 -1.000000
vn 0.000000 0.000000 -1.000000
vn 0.000000 0.000000 -1.000000
vn 0.000000 0.000000 -1.000000
vn 0.000000 0.000000 -1.000000
vn 0.000000 0.000000 -1.000000
vn 0.000000 0.000000 -1.000000
vn 0.000000 0.000000 -1.000000
vn 0.000000 0.000000 -1.000000
vn 0.000000 0.000000 -1.000000
vn -0.999999 0.001177 -0.000169
vn -1.000000 0.000000 0.000000
vn -1.000000 0.000273 -0.000293
vn -0.396778 0.865708 0.305151
vn 0.396776 0.865709 0.305150
vn 0.406512 0.912045 0.054048
vn 0.406512 0.912045 0.054048
vn -0.406514 0.912045 0.054048
vn -0.396778 0.865708 0.305151
vn 0.992248 -0.000000 0.124276
vn 0.992248 0.000000 0.124276
vn 1.000000 0.000000 0.000000
vn 1.000000 0.000000 -0.000000
vn 1.000000 0.000000 0.000000
vn 1.000000 0.000000 -0.000000
vn 1.000000 0.000000 -0.000000
vn 1.000000 -0.000000 -0.000000
vn 1.000000 0.000000 -0.000000
vn 1.000000 0.000000 0.000000
vn 1.000000 0.000000 0.000000
vn 1.000000 0.000000 -0.000000
vn 1.000000 0.000000 -0.000000
vn 1.000000 0.000000 0.000000
vn 1.000000 0.000000 0.000000
vn 1.000000 0.000000 0.000000
vn 1.000000 0.000000 -0.000000
vn 1.000000 0.000000 0.000000
vn 1.000000 0.000000 0.000000
vn 1.000000 0.000000 0.000000
vn 1.000000 0.000000 0.000000
vn 1.000000 0.000000 0.000000
vn 1.000000 0.000000 0.000000
vn 1.000000 0.000000 0.000000
vn -1.000000 0.000000 0.000000
vn -1.000000 -0.000000 0.000000
vn -1.000000 -0.000000 0.000000
vn -1.000000 -0.000000 0.000000
vn -1.000000 0.000000 0.000000
vn -1.000000 0.000000 0.000000
vn 0.000000 0.999784 -0.020788
vn 0.000000 1.000000 0.000000
vn 0.000000 1.000000 0.000000
vn 0.000000 0.999784 -0.020788
vn 0.000000 1.000000 0.000000
vn 0.000000 1.000000 0.000000
vn 0.000000 1.000000 0.000000
vn 0.000000 1.000000 0.000000
vn 0.000000 0.999784 -0.020788
vn 0.000000 1.000000 0.000000
vn 0.000000 1.000000 0.000000
vn 0.000000 0.999784 -0.020788
vn 0.000000 1.000000 0.000000
vn 0.000000 1.000000 0.000000
vn 0.000000 0.999784 -0.020788
vn 0.000000 0.999784 -0.020788
vn 0.000000 1.000000 0.000000
vn 0.000000 1.000000 0.000000
vn 0.000000 1.000000 0.000000
vn 0.000000 1.000000 0.000000
vn 0.000000 0.999784 -0.020788
vn 0.000000 0.999784 -0.020788
vn 0.000000 0.999784 -0.020788
vn 0.000000 1.000000 0.000000
vn 0.000000 -1.000000 -0.000000
vn 0.000000 -1.000000 -0.000000
vn 0.000000 -1.000000 -0.000000
vn 0.000000 -1.000000 -0.000000
vn 0.000000 -1.000000 -0.000000
vn 0.000000 -1.000000 -0.000000
vn 0.000000 -1.000000 -0.000000
vn 0.000000 -1.000000 -0.000000
vn 0.000000 -1.000000 -0.000000
vn 0.000000 -1.000000 -0.000000
vn 0.000000 -1.000000 -0.000000
vn 0.000000 -1.000000 -0.000000
vn 0.000000 -1.000000 -0.000000
vn 0.000000 -1.000000 -0.000000
vn 0.000000 -1.000000 -0.000000
vn 0.000000 -1.000000 -0.000000
vn 0.000000 -1.000000 -0.000000
vn 0.000000 -1.000000 -0.000000
vn 0.000000 -1.000000 -0.000000
vn 0.000000 -1.000000 -0.000000
vn 0.000000 -1.000000 -0.000000
vn 0.000000 -1.000000 -0.000000
vn 0.000000 -1.000000 -0.000000
vn 0.000000 -1.000000 -0.000000
vn 0.000000 -1.000000 -0.000000
vn 0.000000 -1.000000 -0.000000
vn 0.000000 -1.000000 -0.000000
vn 0.000000 -1.000000 -0.000000
vn 0.000000 -1.000000 -0.000000
vn 0.000000 -1.000000 -0.000000
vn -0.186380 0.784011 0.592105
vn -0.473735 0.473735 0.742395
vn -0.082347 0.379816 0.921390
vn -0.082347 0.379816 0.921390
vn 0.000002 0.844345 0.535800
vn -0.186380 0.784011 0.592105
vn 0.046958 0.828189 0.558479
vn 0.129178 0.436962 0.890156
vn 0.449246 0.487962 0.748379
vn 0.449246 0.487962 0.748379
vn 0.125844 0.699504 0.703462
vn 0.046958 0.828189 0.558479
vn 0.396776 0.865709 0.305150
vn 0.659863 0.659868 0.359383
vn 0.704626 0.704631 0.083649
vn 0.704626 0.704631 0.083649
vn 0.406512 0.912045 0.054048
vn 0.396776 0.865709 0.305150
vn 0.704626 0.704631 0.083649
vn 0.707104 0.707109 0.000000
vn 0.382682 0.923880 0.000000
vn 0.382682 0.923880 0.000000
vn 0.406512 0.912045 0.054048
vn 0.704626 0.704631 0.083649
vn -0.473735 0.473735 0.742395
vn -0.186380 0.784011 0.592105
vn -0.396778 0.865708 0.305151
vn -0.396778 0.865708 0.305151
vn -0.659865 0.659865 0.359384
vn -0.473735 0.473735 0.742395
vn 0.659863 0.659868 0.359383
vn 0.396776 0.865709 0.305150
vn 0.125844 0.699504 0.703462
vn 0.125844 0.699504 0.703462
vn 0.449246 0.487962 0.748379
vn 0.659863 0.659868 0.359383
vn -0.406514 0.912045 0.054048
vn -0.704866 0.704387 0.083680
vn -0.659865 0.659865 0.359384
vn -0.659865 0.659865 0.359384
vn -0.396778 0.865708 0.305151
vn -0.406514 0.912045 0.054048
vn 0.000002 0.844345 0.535800
vn -0.082347 0.379816 0.921390
vn 0.129178 0.436962 0.890156
vn 0.129178 0.436962 0.890156
vn 0.046958 0.828189 0.558479
vn 0.000002 0.844345 0.535800
vn 0.000002 0.844345 0.535800
vn -0.396778 0.865708 0.305151
vn -0.186380 0.784011 0.592105
vn 0.000002 0.844345 0.535800
vn 0.046958 0.828189 0.558479
vn 0.396776 0.865709 0.305150
vn 0.396776 0.865709 0.305150
vn -0.396778 0.865708 0.305151
vn 0.000002 0.844345 0.535800
vn 0.046958 0.828189 0.558479
vn 0.125844 0.699504 0.703462
vn 0.396776 0.865709 0.305150
vn 0.000000 -1.000000 -0.000000
vn 0.000000 -1.000000 -0.000000
vn 0.000000 -1.000000 -0.000000
vn 0.000000 -1.000000 -0.000000
vn 0.000000 -1.000000 -0.000000
vn 0.000000 -1.000000 -0.000000
vn 0.000000 -1.000000 -0.000000
vn 0.000000 -1.000000 -0.000000
vn 0.000000 -1.000000 -0.000000
vn 0.000000 -1.000000 -0.000000
vn 0.000000 -1.000000 -0.000000
vn 0.000000 -1.000000 -0.000000
vn -0.999999 0.000659 -0.000907
vn -0.999999 0.001177 -0.000169
vn -1.000000 0.000273 -0.000293
vn -1.000000 0.000273 -0.000293
vn -0.999999 -0.000138 -0.001619
vn -0.999999 0.000659 -0.000907
vn -0.704866 0.704387 0.083680
vn -0.406514 0.912045 0.054048
vn -0.422226 0.906490 -0.000605
vn -0.422226 0.906490 -0.000605
vn -0.765940 0.642911 -0.001106
vn -0.704866 0.704387 0.083680
vn -0.999999 -0.000138 -0.001619
vn -0.999999 0.000112 -0.001161
vn -0.999998 -0.000465 -0.001714
vn -0.999999 0.000112 -0.001161
vn -0.992334 0.000148 0.123582
vn -0.999998 -0.000465 -0.001714
vn 0.992248 -0.000000 0.124276
vn 1.000000 0.000000 0.000000
vn 1.000000 -0.000000 -0.000000
vn 1.000000 -0.000000 -0.000000
vn 1.000000 0.000000 0.000000
vn 0.992248 -0.000000 0.124276
vn 1.000000 0.000000 -0.000000
vn 1.000000 0.000000 -0.000000
vn 1.000000 -0.000000 -0.000000
vn 1.000000 -0.000000 -0.000000
vn 1.000000 -0.000000 -0.000000
vn 1.000000 0.000000 -0.000000
vn 1.000000 0.000000 0.000000
vn 1.000000 0.000000 -0.000000
vn 1.000000 -0.000000 -0.000000
vn -1.000000 0.000273 -0.000293
vn -0.999999 0.000112 -0.001161
vn -0.999999 -0.000138 -0.001619
vn 0.137565 -0.000000 0.990493
vn 0.488024 -0.000001 0.872830
vn 0.488027 -0.000000 0.872828
vn 0.488027 -0.000000 0.872828
vn 0.137563 -0.000000 0.990493
vn 0.137565 -0.000000 0.990493
vn 1.000000 0.000000 0.000000
vn 1.000000 0.000273 -0.000293
vn 1.000000 0.000000 0.000000
vn 0.000000 -0.000000 1.000000
vn 0.000000 -0.000000 1.000000
vn 0.000000 -0.000000 1.000000
vn 0.000000 -0.000000 1.000000
vn 0.000000 -0.000000 1.000000
vn 0.000000 -0.000000 1.000000
vn 0.000000 0.000000 -1.000000
vn 0.000000 0.000000 -1.000000
vn 0.000000 0.000000 -1.000000
vn 0.000000 0.000000 -1.000000
vn 0.000000 0.000000 -1.000000
vn 0.000000 0.000000 -1.000000
vn -0.137565 -0.000000 0.990493
vn -0.137565 -0.000000 0.990493
vn -0.488029 -0.000000 0.872827
vn -0.488029 -0.000000 0.872827
vn -0.488029 -0.000000 0.872827
vn -0.137565 -0.000000 0.990493
vn -1.000000 0.000000 0.000000
vn -1.000000 0.000000 0.000000
vn -1.000000 0.000000 0.000000
vn -0.137565 -0.000000 0.990493
vn 0.137565 -0.000000 0.990493
vn 0.137563 -0.000000 0.990493
vn 0.137563 -0.000000 0.990493
vn -0.137565 -0.000000 0.990493
vn -0.137565 -0.000000 0.990493
vn 0.138194 0.000000 0.990405
vn 0.138192 -0.000000 0.990405
vn 0.466860 0.000001 0.884331
vn 0.466860 0.000001 0.884331
vn 0.466856 0.000000 0.884333
vn 0.138194 0.000000 0.990405
vn 0.992334 0.000148 0.123582
vn 0.992248 -0.000000 0.124275
vn 0.999999 0.000112 -0.001161
vn -0.138194 -0.000000 0.990405
vn -0.466861 -0.000000 0.884331
vn -0.466860 0.000000 0.884331
vn -0.466860 0.000000 0.884331
vn -0.138194 -0.000000 0.990405
vn -0.138194 -0.000000 0.990405
vn 0.138194 0.000000 0.990405
vn -0.138194 -0.000000 0.990405
vn -0.138194 -0.000000 0.990405
vn -0.138194 -0.000000 0.990405
vn 0.138192 -0.000000 0.990405
vn 0.138194 0.000000 0.990405
vn 0.000000 -0.000000 1.000000
vn 0.000000 -0.000000 1.000000
vn 0.000000 -0.000000 1.000000
vn 0.000000 -0.000000 1.000000
vn 0.000000 -0.000000 1.000000
vn 0.000000 -0.000000 1.000000
vn -1.000000 -0.000000 0.000000
vn -1.000000 -0.000000 0.000000
vn -1.000000 -0.000000 0.000000
vn -1.000000 -0.000000 0.000000
vn -1.000000 -0.000000 0.000000
vn -1.000000 -0.000000 0.000000
vn 0.000000 -1.000000 -0.000000
vn 0.000000 -1.000000 -0.000000
vn 0.000000 -1.000000 -0.000000
vn 0.000000 -1.000000 -0.000000
vn 0.000000 -1.000000 -0.000000
vn 0.000000 -1.000000 -0.000000
vn 1.000000 0.000000 0.000000
vn 1.000000 0.000000 0.000000
vn 1.000000 0.000000 0.000000
vn 1.000000 0.000000 0.000000
vn 1.000000 0.000000 0.000000
vn 1.000000 0.000000 0.000000
vn 1.000000 0.000000 0.000000
vn 1.000000 0.000000 0.000000
vn 1.000000 0.000000 0.000000
vn 1.000000 0.000000 0.000000
vn 1.000000 0.000000 0.000000
vn 1.000000 0.000000 0.000000
vn 0.000000 0.998055 -0.062339
vn 0.000000 0.998055 -0.062339
vn 0.000000 0.999784 -0.020788
vn 0.000000 0.999784 -0.020788
vn 0.000000 0.999784 -0.020788
vn 0.000000 0.998055 -0.062339
vn 0.488027 -0.000000 0.872828
vn 0.488024 -0.000001 0.872830
vn 0.676976 -0.000001 0.736005
vn 0.676976 -0.000001 0.736005
vn 0.676983 -0.000000 0.735999
vn 0.488027 -0.000000 0.872828
vn -0.488029 -0.000000 0.872827
vn -0.488029 -0.000000 0.872827
vn -0.676983 -0.000000 0.735999
vn -0.676983 -0.000000 0.735999
vn -0.676983 -0.000000 0.735999
vn -0.488029 -0.000000 0.872827
vn 0.466856 0.000000 0.884333
vn 0.466860 0.000001 0.884331
vn 0.845713 0.000001 0.533637
vn 0.845713 0.000001 0.533637
vn 0.845711 -0.000000 0.533642
vn 0.466856 0.000000 0.884333
vn -0.466860 0.000000 0.884331
vn -0.466861 -0.000000 0.884331
vn -0.845713 0.000000 0.533638
vn -0.845713 0.000000 0.533638
vn -0.845712 0.000000 0.533639
vn -0.466860 0.000000 0.884331
vn 0.845713 0.000001 0.533637
vn 0.992248 -0.000000 0.124275
vn 0.992334 0.000148 0.123582
vn 0.992334 0.000148 0.123582
vn 0.845711 -0.000000 0.533642
vn 0.845713 0.000001 0.533637
vn -0.845713 0.000000 0.533638
vn -0.992248 -0.000000 0.124276
vn -0.992248 0.000000 0.124276
vn -0.992248 0.000000 0.124276
vn -0.845712 0.000000 0.533639
vn -0.845713 0.000000 0.533638
vn 0.000000 -0.000000 1.000000
vn 0.000000 -0.000000 1.000000
vn 0.000000 -0.000000 1.000000
vn 0.000000 -0.000000 1.000000
vn 0.000000 -0.000000 1.000000
vn 0.000000 -0.000000 1.000000
vn 0.000000 -1.000000 -0.000000
vn 0.000000 -1.000000 -0.000000
vn 0.000000 -1.000000 -0.000000
vn 0.000000 -1.000000 -0.000000
vn 0.000000 -1.000000 -0.000000
vn 0.000000 -1.000000 -0.000000
vn 0.000000 0.000000 -1.000000
vn 0.000000 0.000000 -1.000000
vn 0.000000 0.000000 -1.000000
vn 0.000000 0.000000 -1.000000
vn 0.000000 0.000000 -1.000000
vn 0.000000 0.000000 -1.000000
vn 0.000000 1.000000 0.000000
vn 0.000000 1.000000 0.000000
vn 0.000000 1.000000 0.000000
vn 0.000000 1.000000 0.000000
vn 0.000000 1.000000 0.000000
vn 0.000000 1.000000 0.000000
vn 0.000000 -1.000000 -0.000000
vn 0.000000 -1.000000 -0.000000
vn 0.000000 -1.000000 -0.000000
vn 0.000000 -1.000000 -0.000000
vn 0.000000 -1.000000 -0.000000
vn 0.000000 -1.000000 -0.000000
vn -0.406517 0.912043 0.054049
vn 0.406510 0.912046 0.054048
vn 0.422224 0.906491 -0.000605
vn 0.422224 0.906491 -0.000605
vn -0.382687 0.923878 0.000000
vn -0.406517 0.912043 0.054049
vn 1.000000 0.000000 0.000000
vn 1.000000 0.000000 0.000000
vn 1.000000 0.000000 0.000000
vn 1.000000 0.000000 0.000000
vn 1.000000 0.000000 0.000000
vn 1.000000 0.000000 0.000000
vn 0.000000 0.000000 -1.000000
vn 0.000000 0.000000 -1.000000
vn 0.000000 0.000000 -1.000000
vn 0.000000 0.000000 -1.000000
vn 0.000000 0.000000 -1.000000
vn 0.000000 0.000000 -1.000000
vn 0.000000 0.000000 -1.000000
vn 0.000000 0.000000 -1.000000
vn 0.000000 0.000000 -1.000000
vn 0.000000 0.000000 -1.000000
vn 0.000000 0.000000 -1.000000
vn 0.000000 0.000000 -1.000000
vn 0.000000 0.000000 -1.000000
vn 0.000000 0.000000 -1.000000
vn 0.000000 0.000000 -1.000000
vn 0.000000 0.000000 -1.000000
vn 0.000000 0.000000 -1.000000
vn 0.000000 0.000000 -1.000000
vn 0.999999 0.001177 -0.000169
vn 1.000000 0.000273 -0.000293
vn 1.000000 0.000000 0.000000
vn 0.396776 0.865709 0.305150
vn 0.406510 0.912046 0.054048
vn -0.406517 0.912043 0.054049
vn -0.406517 0.912043 0.054049
vn -0.396779 0.865706 0.305155
vn 0.396776 0.865709 0.305150
vn -0.992248 -0.000000 0.124276
vn -1.000000 0.000000 0.000000
vn -0.992248 0.000000 0.124276
vn -1.000000 0.000000 0.000000
vn -1.000000 0.000000 0.000000
vn -1.000000 0.000000 0.000000
vn -1.000000 0.000000 0.000000
vn -1.000000 0.000000 0.000000
vn -1.000000 0.000000 0.000000
vn -1.000000 0.000000 0.000000
vn -1.000000 0.000000 0.000000
vn -1.000000 0.000000 0.000000
vn -1.000000 0.000000 0.000000
vn -1.000000 0.000000 0.000000
vn -1.000000 0.000000 0.000000
vn -1.000000 0.000000 0.000000
vn -1.000000 0.000000 0.000000
vn -1.000000 0.000000 0.000000
vn -1.000000 0.000000 0.000000
vn -1.000000 0.000000 0.000000
vn -1.000000 0.000000 0.000000
vn -1.000000 0.000000 0.000000
vn -1.000000 0.000000 0.000000
vn -1.000000 0.000000 0.000000
vn 1.000000 0.000000 0.000000
vn 1.000000 0.000000 0.000000
vn 1.000000 0.000000 0.000000
vn 1.000000 0.000000 0.000000
vn 1.000000 0.000000 0.000000
vn 1.000000 0.000000 0.000000
vn 0.000000 0.999784 -0.020788
vn 0.000000 1.000000 0.000000
vn 0.000000 1.000000 0.000000
vn 0.000000 0.999784 -0.020788
vn 0.000000 1.000000 0.000000
vn 0.000000 1.000000 0.000000
vn 0.000000 1.000000 0.000000
vn 0.000000 0.999784 -0.020788
vn 0.000000 1.000000 0.000000
vn 0.000000 1.000000 0.000000
vn 0.000000 0.999784 -0.020788
vn 0.000000 1.000000 0.000000
vn 0.000000 1.000000 0.000000
vn 0.000000 0.999784 -0.020788
vn 0.000000 1.000000 0.000000
vn 0.000000 0.999784 -0.020788
vn 0.000000 1.000000 0.000000
vn 0.000000 1.000000 0.000000
vn 0.000000 1.000000 0.000000
vn 0.000000 0.999784 -0.020788
vn 0.000000 0.999784 -0.020788
vn 0.000000 0.999784 -0.020788
vn 0.000000 1.000000 0.000000
vn 0.000000 1.000000 0.000000
vn 0.000000 -1.000000 -0.000000
vn 0.000000 -1.000000 -0.000000
vn 0.000000 -1.000000 -0.000000
vn 0.000000 -1.000000 -0.000000
vn 0.000000 -1.000000 -0.000000
vn 0.000000 -1.000000 -0.000000
vn 0.000000 -1.000000 -0.000000
vn 0.000000 -1.000000 -0.000000
vn 0.000000 -1.000000 -0.000000
vn 0.000000 -1.000000 -0.000000
vn 0.000000 -1.000000 -0.000000
vn 0.000000 -1.000000 -0.000000
vn 0.000000 -1.000000 -0.000000
vn 0.000000 -1.000000 -0.000000
vn 0.000000 -1.000000 -0.000000
vn 0.000000 -1.000000 -0.000000
vn 0.000000 -1.000000 -0.000000
vn 0.000000 -1.000000 -0.000000
vn 0.000000 -1.000000 -0.000000
vn 0.000000 -1.000000 -0.000000
vn 0.000000 -1.000000 -0.000000
vn 0.000000 -1.000000 -0.000000
vn 0.000000 -1.000000 -0.000000
vn 0.000000 -1.000000 -0.000000
vn 0.000000 -1.000000 -0.000000
vn 0.000000 -1.000000 -0.000000
vn 0.000000 -1.000000 -0.000000
vn 0.000000 -1.000000 -0.000000
vn 0.000000 -1.000000 -0.000000
vn 0.000000 -1.000000 -0.000000
vn 0.186382 0.784010 0.592106
vn -0.000002 0.844345 0.535799
vn 0.082347 0.379815 0.921390
vn 0.082347 0.379815 0.921390
vn 0.473735 0.473733 0.742396
vn 0.186382 0.784010 0.592106
vn -0.046958 0.828189 0.558479
vn -0.125843 0.699504 0.703462
vn -0.449248 0.487966 0.748375
vn -0.449248 0.487966 0.748375
vn -0.129177 0.436961 0.890156
vn -0.046958 0.828189 0.558479
vn -0.396779 0.865706 0.305155
vn -0.406517 0.912043 0.054049
vn -0.704633 0.704624 0.083650
vn -0.704633 0.704624 0.083650
vn -0.659868 0.659861 0.359386
vn -0.396779 0.865706 0.305155
vn -0.704633 0.704624 0.083650
vn -0.406517 0.912043 0.054049
vn -0.382687 0.923878 0.000000
vn -0.382687 0.923878 0.000000
vn -0.707112 0.707102 0.000000
vn -0.704633 0.704624 0.083650
vn 0.473735 0.473733 0.742396
vn 0.659861 0.659870 0.359383
vn 0.396776 0.865709 0.305150
vn 0.396776 0.865709 0.305150
vn 0.186382 0.784010 0.592106
vn 0.473735 0.473733 0.742396
vn -0.659868 0.659861 0.359386
vn -0.449248 0.487966 0.748375
vn -0.125843 0.699504 0.703462
vn -0.125843 0.699504 0.703462
vn -0.396779 0.865706 0.305155
vn -0.659868 0.659861 0.359386
vn 0.406510 0.912046 0.054048
vn 0.396776 0.865709 0.305150
vn 0.659861 0.659870 0.359383
vn 0.659861 0.659870 0.359383
vn 0.704861 0.704392 0.083679
vn 0.406510 0.912046 0.054048
vn -0.000002 0.844345 0.535799
vn -0.046958 0.828189 0.558479
vn -0.129177 0.436961 0.890156
vn -0.129177 0.436961 0.890156
vn 0.082347 0.379815 0.921390
vn -0.000002 0.844345 0.535799
vn -0.000002 0.844345 0.535799
vn 0.186382 0.784010 0.592106
vn 0.396776 0.865709 0.305150
vn -0.000002 0.844345 0.535799
vn 0.396776 0.865709 0.305150
vn -0.396779 0.865706 0.305155
vn -0.396779 0.865706 0.305155
vn -0.046958 0.828189 0.558479
vn -0.000002 0.844345 0.535799
vn -0.046958 0.828189 0.558479
vn -0.396779 0.865706 0.305155
vn -0.125843 0.699504 0.703462
vn 0.000000 -1.000000 -0.000000
vn 0.000000 -1.000000 -0.000000
vn 0.000000 -1.000000 -0.000000
vn 0.000000 -1.000000 -0.000000
vn 0.000000 -1.000000 -0.000000
vn 0.000000 -1.000000 -0.000000
vn 0.000000 -1.000000 -0.000000
vn 0.000000 -1.000000 -0.000000
vn 0.000000 -1.000000 -0.000000
vn 0.000000 -1.000000 -0.000000
vn 0.000000 -1.000000 -0.000000
vn 0.000000 -1.000000 -0.000000
vn 0.999999 0.000659 -0.000908
vn 0.999999 -0.000138 -0.001619
vn 1.000000 0.000273 -0.000293
vn 1.000000 0.000273 -0.000293
vn 0.999999 0.001177 -0.000169
vn 0.999999 0.000659 -0.000908
vn 0.704861 0.704392 0.083679
vn 0.765938 0.642914 -0.001106
vn 0.422224 0.906491 -0.000605
vn 0.422224 0.906491 -0.000605
vn 0.406510 0.912046 0.054048
vn 0.704861 0.704392 0.083679
vn 0.999999 -0.000138 -0.001619
vn 0.999998 -0.000463 -0.001714
vn 0.999999 0.000112 -0.001161
vn 0.999999 0.000112 -0.001161
vn 0.999998 -0.000463 -0.001714
vn 0.992334 0.000148 0.123582
vn -0.992248 -0.000000 0.124276
vn -1.000000 0.000000 0.000000
vn -1.000000 0.000000 0.000000
vn -1.000000 0.000000 0.000000
vn -1.000000 0.000000 0.000000
vn -0.992248 -0.000000 0.124276
vn -1.000000 0.000000 0.000000
vn -1.000000 0.000000 0.000000
vn -1.000000 0.000000 0.000000
vn -1.000000 0.000000 0.000000
vn -1.000000 0.000000 0.000000
vn -1.000000 0.000000 0.000000
vn -1.000000 0.000000 0.000000
vn -1.000000 0.000000 0.000000
vn -1.000000 0.000000 0.000000
vn 1.000000 0.000273 -0.000293
vn 0.999999 -0.000138 -0.001619
vn 0.999999 0.000112 -0.001161
vn -0.290883 0.956759 0.000000
vn 0.000000 1.000000 0.000000
vn 0.000000 1.000000 0.000000
vn 0.000000 1.000000 0.000000
vn -0.290883 0.956759 0.000000
vn -0.290883 0.956759 0.000000
vn 0.000000 0.000000 -1.000000
vn 0.000000 0.000000 -1.000000
vn 0.000000 0.000000 -1.000000
vn 0.000000 0.000000 -1.000000
vn 0.000000 0.000000 -1.000000
vn 0.000000 0.000000 -1.000000
vn 0.000000 -1.000000 -0.000000
vn 0.000000 -1.000000 -0.000000
vn 0.000000 -1.000000 -0.000000
vn 0.000000 -0.000000 1.000000
vn 0.000000 -0.000000 1.000000
vn 0.000000 -0.000000 1.000000
vn -0.840593 0.541667 0.000000
vn -0.840592 0.541669 0.000000
vn -0.996626 0.082080 0.000000
vn -0.996626 0.082080 0.000000
vn -0.996626 0.082077 0.000001
vn -0.840593 0.541667 0.000000
vn -0.840593 0.541667 0.000000
vn -0.290883 0.956759 0.000000
vn -0.290883 0.956759 0.000000
vn -0.290883 0.956759 0.000000
vn -0.840592 0.541669 0.000000
vn -0.840593 0.541667 0.000000
vn -0.994752 0.102313 0.000002
vn -1.000000 -0.000000 -0.000000
vn -1.000000 -0.000000 0.000000
vn -1.000000 -0.000000 0.000000
vn -0.994753 0.102307 0.000001
vn -0.994752 0.102313 0.000002
vn -0.242954 0.970038 -0.000000
vn 0.000002 1.000000 -0.000000
vn 0.000002 1.000000 -0.000000
vn 0.000002 1.000000 -0.000000
vn -0.242953 0.970038 0.000000
vn -0.242954 0.970038 -0.000000
vn -0.000001 0.000000 -1.000000
vn -0.000001 0.000000 -1.000000
vn -0.000001 -0.000000 -1.000000
vn -0.000001 -0.000000 -1.000000
vn -0.000001 -0.000000 -1.000000
vn -0.000001 0.000000 -1.000000
vn 0.000000 -1.000000 -0.000000
vn 0.000000 -1.000000 -0.000000
vn 0.000000 -1.000000 -0.000000
vn 0.000000 -1.000000 -0.000000
vn 0.000000 -1.000000 -0.000000
vn 0.000000 -1.000000 -0.000000
vn 0.000001 -0.000003 1.000000
vn 0.000001 -0.000001 1.000000
vn 0.000001 -0.000000 1.000000
vn -0.994753 0.102307 0.000001
vn -0.800617 0.599177 0.000000
vn -0.800613 0.599182 0.000001
vn -0.800613 0.599182 0.000001
vn -0.994752 0.102313 0.000002
vn -0.994753 0.102307 0.000001
vn -0.800617 0.599177 0.000000
vn -0.242954 0.970038 -0.000000
vn -0.242953 0.970038 0.000000
vn -0.242953 0.970038 0.000000
vn -0.800613 0.599182 0.000001
vn -0.800617 0.599177 0.000000
vn 0.000000 0.000000 -1.000000
vn 0.000000 0.000000 -1.000000
vn 0.000000 0.000000 -1.000000
vn 0.000000 -0.000000 1.000000
vn 0.000000 -0.000000 1.000000
vn 0.000000 -0.000000 1.000000
vn 0.000000 0.000000 -1.000000
vn 0.000000 0.000000 -1.000000
vn 0.000000 0.000000 -1.000000
vn -0.000001 0.000000 -1.000000
vn -0.000001 0.000001 -1.000000
vn -0.000001 0.000000 -1.000000
vn 0.000001 -0.000000 1.000000
vn 0.000001 -0.000000 1.000000
vn 0.000001 -0.000000 1.000000
vn 0.000001 -0.000000 1.000000
vn 0.000001 -0.000000 1.000000
vn 0.000001 -0.000000 1.000000
vn 0.000001 -0.000001 1.000000
vn 0.000001 -0.000000 1.000000
vn 0.000001 -0.000000 1.000000
vn -0.000001 0.000001 -1.000000
vn -0.000002 0.000003 -1.000000
vn -0.000001 0.000000 -1.000000
vn 0.000000 -1.000000 -0.000000
vn 0.000000 -1.000000 -0.000000
vn 0.000000 -1.000000 -0.000000
vn -0.996626 0.082080 0.000000
vn -1.000000 0.000000 0.000000
vn -1.000000 -0.000000 0.000000
vn -1.000000 -0.000000 0.000000
vn -0.996626 0.082077 0.000001
vn -0.996626 0.082080 0.000000
vn 0.000000 -1.000000 -0.000000
vn 0.000000 -1.000000 -0.000000
vn 0.000000 -1.000000 -0.000000
vn 0.000000 -1.000000 -0.000000
vn 0.000000 -1.000000 -0.000000
vn 0.000000 -1.000000 -0.000000
vn -1.000000 0.000000 0.000000
vn -1.000000 0.000000 0.000000
vn -0.996626 0.082077 0.000001
vn -0.996626 0.082077 0.000001
vn -1.000000 -0.000000 0.000000
vn -1.000000 0.000000 0.000000
vn 0.000000 -0.000000 1.000000
vn 0.000000 -0.000000 1.000000
vn 0.000000 -0.000000 1.000000
vn 0.000000 -0.000000 1.000000
vn 0.000000 -0.000000 1.000000
vn 0.000000 -0.000000 1.000000
vn -1.000000 -0.000000 -0.000000
vn -1.000000 -0.000000 -0.000000
vn -1.000000 0.000000 0.000000
vn -1.000000 0.000000 0.000000
vn -0.996626 0.082080 0.000000
vn -1.000000 -0.000000 -0.000000
vn 0.290883 0.956759 0.000000
vn 0.290883 0.956759 0.000000
vn 0.000000 1.000000 0.000000
vn 0.000000 1.000000 0.000000
vn 0.000000 1.000000 0.000000
vn 0.290883 0.956759 0.000000
vn 0.000000 0.000000 -1.000000
vn 0.000000 0.000000 -1.000000
vn 0.000000 0.000000 -1.000000
vn 0.000000 0.000000 -1.000000
vn 0.000000 0.000000 -1.000000
vn 0.000000 0.000000 -1.000000
vn 0.000000 -1.000000 -0.000000
vn 0.000000 -1.000000 -0.000000
vn 0.000000 -1.000000 -0.000000
vn 0.000000 -0.000000 1.000000
vn 0.000000 -0.000000 1.000000
vn 0.000000 -0.000000 1.000000
vn 0.840593 0.541667 0.000001
vn 0.996626 0.082077 0.000002
vn 0.996626 0.082083 0.000001
vn 0.996626 0.082083 0.000001
vn 0.840590 0.541672 0.000000
vn 0.840593 0.541667 0.000001
vn 0.840593 0.541667 0.000001
vn 0.840590 0.541672 0.000000
vn 0.290883 0.956759 0.000000
vn 0.290883 0.956759 0.000000
vn 0.290883 0.956759 0.000000
vn 0.840593 0.541667 0.000001
vn 0.994752 0.102313 0.000002
vn 0.994753 0.102307 0.000001
vn 1.000000 -0.000000 0.000000
vn 1.000000 -0.000000 0.000000
vn 1.000000 -0.000000 -0.000000
vn 0.994752 0.102313 0.000002
vn 0.242954 0.970038 -0.000000
vn 0.242953 0.970038 0.000000
vn -0.000002 1.000000 -0.000000
vn -0.000002 1.000000 -0.000000
vn -0.000002 1.000000 -0.000000
vn 0.242954 0.970038 -0.000000
vn 0.000001 0.000000 -1.000000
vn 0.000001 -0.000000 -1.000000
vn 0.000001 -0.000000 -1.000000
vn 0.000001 -0.000000 -1.000000
vn 0.000001 0.000000 -1.000000
vn 0.000001 0.000000 -1.000000
vn 0.000000 -1.000000 -0.000000
vn 0.000000 -1.000000 -0.000000
vn 0.000000 -1.000000 -0.000000
vn 0.000000 -1.000000 -0.000000
vn 0.000000 -1.000000 -0.000000
vn 0.000000 -1.000000 -0.000000
vn -0.000001 -0.000003 1.000000
vn -0.000001 -0.000000 1.000000
vn -0.000001 -0.000001 1.000000
vn 0.994753 0.102307 0.000001
vn 0.994752 0.102313 0.000002
vn 0.800613 0.599182 0.000001
vn 0.800613 0.599182 0.000001
vn 0.800617 0.599177 0.000000
vn 0.994753 0.102307 0.000001
vn 0.800617 0.599177 0.000000
vn 0.800613 0.599182 0.000001
vn 0.242953 0.970038 0.000000
vn 0.242953 0.970038 0.000000
vn 0.242954 0.970038 -0.000000
vn 0.800617 0.599177 0.000000
vn 0.000000 0.000000 -1.000000
vn 0.000000 0.000000 -1.000000
vn 0.000000 0.000000 -1.000000
vn 0.000000 -0.000000 1.000000
vn 0.000000 -0.000000 1.000000
vn 0.000000 -0.000000 1.000000
vn 0.000000 0.000000 -1.000000
vn 0.000000 0.000000 -1.000000
vn 0.000000 0.000000 -1.000000
vn 0.000001 0.000000 -1.000000
vn 0.000001 0.000000 -1.000000
vn 0.000001 0.000001 -1.000000
vn -0.000001 -0.000000 1.000000
vn -0.000001 -0.000000 1.000000
vn -0.000001 -0.000000 1.000000
vn -0.000001 -0.000000 1.000000
vn -0.000001 -0.000000 1.000000
vn -0.000001 -0.000000 1.000000
vn -0.000001 -0.000001 1.000000
vn -0.000001 -0.000000 1.000000
vn -0.000001 -0.000000 1.000000
vn 0.000001 0.000001 -1.000000
vn 0.000001 0.000000 -1.000000
vn 0.000002 0.000003 -1.000000
vn 0.000000 -1.000000 -0.000000
vn 0.000000 -1.000000 -0.000000
vn 0.000000 -1.000000 -0.000000
vn 0.996626 0.082083 0.000001
vn 0.996626 0.082077 0.000002
vn 1.000000 -0.000000 0.000001
vn 1.000000 -0.000000 0.000001
vn 1.000000 0.000000 0.000000
vn 0.996626 0.082083 0.000001
vn 0.000000 -1.000000 -0.000000
vn 0.000000 -1.000000 -0.000000
vn 0.000000 -1.000000 -0.000000
vn 0.000000 -1.000000 -0.000000
vn 0.000000 -1.000000 -0.000000
vn 0.000000 -1.000000 -0.000000
vn 1.000000 0.000000 0.000000
vn 1.000000 -0.000000 0.000001
vn 0.996626 0.082077 0.000002
vn 0.996626 0.082077 0.000002
vn 1.000000 0.000000 0.000000
vn 1.000000 0.000000 0.000000
vn 0.000000 -0.000000 1.000000
vn 0.000000 -0.000000 1.000000
vn 0.000000 -0.000000 1.000000
vn 0.000000 -0.000000 1.000000
vn 0.000000 -0.000000 1.000000
vn 0.000000 -0.000000 1.000000
vn 1.000000 -0.000000 -0.000000
vn 0.996626 0.082083 0.000001
vn 1.000000 0.000000 0.000000
vn 1.000000 0.000000 0.000000
vn 1.000000 -0.000000 -0.000000
vn 1.000000 -0.000000 -0.000000
vn 0.000000 -0.000000 1.000000
vn 0.000000 -0.000000 1.000000
vn 0.001747 -0.013514 0.999907
vn 0.001747 -0.013514 0.999907
vn 0.000000 -0.000000 1.000000
vn 0.000000 -0.000000 1.000000
vn 0.000000 -0.000000 1.000000
vn -0.000000 0.000003 1.000000
vn 0.001747 -0.013514 0.999907
vn 0.000000 -0.000000 1.000000
vn 0.000000 -0.000000 1.000000
vn 0.000000 -0.000000 1.000000
vn 0.001747 -0.013514 0.999907
vn -0.000000 0.000003 1.000000
vn 0.001504 -0.006262 0.999979
vn 0.000000 -0.000000 1.000000
vn 0.002711 0.017113 0.999850
vn -0.000000 0.000003 1.000000
vn 0.002711 0.017113 0.999850
vn 0.000000 -0.000000 1.000000
vn 0.000000 -0.000000 1.000000
vn 0.000000 -0.000000 1.000000
vn 0.000000 -0.000000 1.000000
vn 0.002711 0.017113 0.999850
vn 0.000425 0.000446 1.000000
vn 0.054990 -0.041241 0.997635
vn 0.002711 0.017113 0.999850
vn 0.002711 0.017113 0.999850
vn 0.000000 -0.000000 1.000000
vn 0.000425 0.000446 1.000000
vn 0.000000 -1.000000 -0.000000
vn 0.000000 -1.000000 -0.000000
vn 0.000000 -1.000000 -0.000000
vn 0.000000 -1.000000 -0.000000
vn 0.000000 -1.000000 -0.000000
vn 0.000000 -1.000000 -0.000000
vn -1.000000 0.000000 0.000000
vn -1.000000 0.000000 0.000000
vn -1.000000 0.000000 0.000000
vn -1.000000 0.000000 0.000000
vn -1.000000 0.000000 0.000000
vn -1.000000 0.000000 0.000000
vn -0.512248 0.858837 0.000000
vn -0.512248 0.858837 0.000000
vn -0.728323 0.685234 0.000000
vn -0.728323 0.685234 0.000000
vn -0.728038 0.685536 -0.000165
vn -0.512248 0.858837 0.000000
vn -0.139530 0.990218 0.000000
vn -0.139530 0.990218 0.000000
vn -0.297513 0.954718 0.000000
vn -0.297513 0.954718 0.000000
vn -0.297513 0.954718 0.000000
vn -0.139530 0.990218 0.000000
vn -0.980498 0.196440 0.005961
vn -0.980732 0.195260 0.006193
vn -0.995605 0.093580 0.003791
vn -0.995605 0.093580 0.003791
vn -0.994653 0.103277 0.000000
vn -0.980498 0.196440 0.005961
vn -0.856283 0.516507 -0.000244
vn -0.856282 0.516509 -0.000248
vn -0.942823 0.333293 -0.000168
vn -0.942823 0.333293 -0.000168
vn -0.945913 0.324400 0.003574
vn -0.856283 0.516507 -0.000244
vn -0.994653 0.103277 0.000000
vn -0.995605 0.093580 0.003791
vn -0.999875 0.015782 0.000000
vn -0.999875 0.015782 0.000000
vn -0.999876 0.015782 0.000000
vn -0.994653 0.103277 0.000000
vn -0.004381 -0.007892 -0.999959
vn 0.000014 -0.000009 -1.000000
vn 0.000000 0.000000 -1.000000
vn 0.006600 0.001875 -0.999976
vn 0.000000 0.000000 -1.000000
vn 0.000014 -0.000009 -1.000000
vn 0.000000 0.000000 -1.000000
vn 0.000000 0.000000 -1.000000
vn 0.000014 -0.000009 -1.000000
vn 0.006600 0.001875 -0.999976
vn 0.000000 0.000000 -1.000000
vn 0.000000 0.000000 -1.000000
vn 0.006600 0.001875 -0.999976
vn 0.045205 -0.033907 -0.998402
vn 0.000347 0.000364 -1.000000
vn 0.000347 0.000364 -1.000000
vn 0.000000 0.000000 -1.000000
vn 0.006600 0.001875 -0.999976
vn 0.006600 0.001875 -0.999976
vn 0.000000 0.000000 -1.000000
vn 0.000000 0.000000 -1.000000
vn 0.000000 0.000000 -1.000000
vn 0.000000 0.000000 -1.000000
vn 0.006600 0.001875 -0.999976
vn 0.000000 -1.000000 -0.000000
vn 0.000000 -1.000000 -0.000000
vn 0.000000 -1.000000 -0.000000
vn 0.000000 -1.000000 -0.000000
vn 0.000000 -1.000000 -0.000000
vn 0.000000 -1.000000 -0.000000
vn 0.000000 1.000000 0.000000
vn -0.000262 1.000000 0.000000
vn -0.000262 1.000000 0.000000
vn -0.000262 1.000000 0.000000
vn 0.000000 1.000000 0.000000
vn 0.000000 1.000000 0.000000
vn -0.024776 0.999693 0.000000
vn -0.024776 0.999693 0.000000
vn -0.050434 0.998727 0.000000
vn -0.050434 0.998727 0.000000
vn -0.050434 0.998727 0.000000
vn -0.024776 0.999693 0.000000
vn 0.000000 -0.000000 1.000000
vn 0.000000 -0.000000 1.000000
vn 0.002711 0.017113 0.999850
vn -0.004381 -0.007892 -0.999959
vn 0.002169 0.002091 -0.999995
vn 0.000014 -0.000009 -1.000000
vn 0.006600 0.001875 -0.999976
vn 0.000000 0.000000 -1.000000
vn 0.000000 0.000000 -1.000000
vn -0.297513 0.954718 0.000000
vn -0.297513 0.954718 0.000000
vn -0.512248 0.858837 0.000000
vn -0.512248 0.858837 0.000000
vn -0.512248 0.858837 0.000000
vn -0.297513 0.954718 0.000000
vn -0.050434 0.998727 0.000000
vn -0.050434 0.998727 0.000000
vn -0.139530 0.990218 0.000000
vn -0.139530 0.990218 0.000000
vn -0.139530 0.990218 0.000000
vn -0.050434 0.998727 0.000000
vn -0.945913 0.324400 0.003574
vn -0.942823 0.333293 -0.000168
vn -0.980732 0.195260 0.006193
vn -0.980732 0.195260 0.006193
vn -0.980498 0.196440 0.005961
vn -0.945913 0.324400 0.003574
vn -0.728038 0.685536 -0.000165
vn -0.728323 0.685234 0.000000
vn -0.856282 0.516509 -0.000248
vn -0.856282 0.516509 -0.000248
vn -0.856283 0.516507 -0.000244
vn -0.728038 0.685536 -0.000165
vn 0.045205 -0.033907 -0.998402
vn -0.036880 0.043827 -0.998358
vn 0.000347 0.000364 -1.000000
vn -0.000262 1.000000 0.000000
vn -0.000262 1.000000 0.000000
vn -0.024776 0.999693 0.000000
vn -0.024776 0.999693 0.000000
vn -0.024776 0.999693 0.000000
vn -0.000262 1.000000 0.000000
vn -0.000000 0.000003 1.000000
vn 0.002711 0.017113 0.999850
vn 0.001504 -0.006262 0.999979
vn 0.000000 0.000000 -1.000000
vn 0.000000 0.000000 -1.000000
vn 0.000014 -0.000009 -1.000000
vn 0.002169 0.002091 -0.999995
vn 0.006600 0.001875 -0.999976
vn 0.000014 -0.000009 -1.000000
vn 0.000000 -0.000000 1.000000
vn 0.000000 -0.000000 1.000000
vn 0.002711 0.017113 0.999850
vn 0.006600 0.001875 -0.999976
vn 0.000000 0.000000 -1.000000
vn 0.000000 0.000000 -1.000000
vn 0.000425 0.000446 1.000000
vn -0.045364 0.053910 0.997515
vn 0.054990 -0.041241 0.997635
vn 0.000000 -0.000000 1.000000
vn -0.001747 -0.013514 0.999907
vn 0.000000 -0.000000 1.000000
vn -0.001747 -0.013514 0.999907
vn -0.000000 0.000003 1.000000
vn 0.000000 -0.000000 1.000000
vn 0.000000 -0.000000 1.000000
vn 0.000000 -0.000000 1.000000
vn -0.001747 -0.013514 0.999907
vn 0.000000 -0.000000 1.000000
vn 0.000000 -0.000000 1.000000
vn 0.000000 -0.000000 1.000000
vn -0.001747 -0.013514 0.999907
vn -0.001504 -0.006262 0.999979
vn -0.000000 0.000003 1.000000
vn 0.000000 -0.000000 1.000000
vn -0.000000 0.000003 1.000000
vn -0.002711 0.017113 0.999850
vn -0.002711 0.017113 0.999850
vn 0.000000 -0.000000 1.000000
vn 0.000000 -0.000000 1.000000
vn 0.000000 -0.000000 1.000000
vn 0.000000 -0.000000 1.000000
vn -0.002711 0.017113 0.999850
vn -0.000425 0.000446 1.000000
vn 0.000000 -0.000000 1.000000
vn -0.002711 0.017113 0.999850
vn -0.002711 0.017113 0.999850
vn -0.054990 -0.041241 0.997635
vn -0.000425 0.000446 1.000000
vn 0.000000 -1.000000 -0.000000
vn 0.000000 -1.000000 -0.000000
vn 0.000000 -1.000000 -0.000000
vn 0.000000 -1.000000 -0.000000
vn 0.000000 -1.000000 -0.000000
vn 0.000000 -1.000000 -0.000000
vn 1.000000 0.000000 0.000000
vn 1.000000 0.000000 0.000000
vn 1.000000 0.000000 0.000000
vn 1.000000 0.000000 0.000000
vn 1.000000 0.000000 0.000000
vn 1.000000 0.000000 0.000000
vn 0.512247 0.858838 0.000000
vn 0.728039 0.685536 -0.000165
vn 0.728324 0.685233 0.000000
vn 0.728324 0.685233 0.000000
vn 0.512247 0.858838 0.000000
vn 0.512247 0.858838 0.000000
vn 0.139531 0.990218 0.000000
vn 0.297513 0.954718 0.000000
vn 0.297513 0.954718 0.000000
vn 0.297513 0.954718 0.000000
vn 0.139531 0.990218 0.000000
vn 0.139531 0.990218 0.000000
vn 0.980498 0.196440 0.005961
vn 0.994652 0.103278 0.000000
vn 0.995604 0.093582 0.003790
vn 0.995604 0.093582 0.003790
vn 0.980732 0.195260 0.006193
vn 0.980498 0.196440 0.005961
vn 0.856283 0.516507 -0.000245
vn 0.945914 0.324399 0.003574
vn 0.942823 0.333293 -0.000168
vn 0.942823 0.333293 -0.000168
vn 0.856281 0.516510 -0.000249
vn 0.856283 0.516507 -0.000245
vn 0.994652 0.103278 0.000000
vn 0.999876 0.015782 0.000000
vn 0.999875 0.015782 0.000000
vn 0.999875 0.015782 0.000000
vn 0.995604 0.093582 0.003790
vn 0.994652 0.103278 0.000000
vn 0.004381 -0.007892 -0.999959
vn 0.000000 0.000000 -1.000000
vn -0.000014 -0.000009 -1.000000
vn -0.006600 0.001875 -0.999976
vn -0.000014 -0.000009 -1.000000
vn 0.000000 0.000000 -1.000000
vn 0.000000 0.000000 -1.000000
vn -0.000014 -0.000009 -1.000000
vn 0.000000 0.000000 -1.000000
vn -0.006600 0.001875 -0.999976
vn 0.000000 0.000000 -1.000000
vn 0.000000 0.000000 -1.000000
vn -0.006600 0.001875 -0.999976
vn 0.000000 0.000000 -1.000000
vn -0.000347 0.000364 -1.000000
vn -0.000347 0.000364 -1.000000
vn -0.045206 -0.033907 -0.998402
vn -0.006600 0.001875 -0.999976
vn -0.006600 0.001875 -0.999976
vn 0.000000 0.000000 -1.000000
vn 0.000000 0.000000 -1.000000
vn 0.000000 0.000000 -1.000000
vn 0.000000 0.000000 -1.000000
vn -0.006600 0.001875 -0.999976
vn 0.000000 -1.000000 -0.000000
vn 0.000000 -1.000000 -0.000000
vn 0.000000 -1.000000 -0.000000
vn 0.000000 -1.000000 -0.000000
vn 0.000000 -1.000000 -0.000000
vn 0.000000 -1.000000 -0.000000
vn 0.000000 1.000000 0.000000
vn 0.000000 1.000000 0.000000
vn 0.000262 1.000000 0.000000
vn 0.000262 1.000000 0.000000
vn 0.000262 1.000000 0.000000
vn 0.000000 1.000000 0.000000
vn 0.024776 0.999693 0.000000
vn 0.050434 0.998727 0.000000
vn 0.050434 0.998727 0.000000
vn 0.050434 0.998727 0.000000
vn 0.024776 0.999693 0.000000
vn 0.024776 0.999693 0.000000
vn 0.000000 -0.000000 1.000000
vn -0.002711 0.017113 0.999850
vn 0.000000 -0.000000 1.000000
vn 0.004381 -0.007892 -0.999959
vn -0.000014 -0.000009 -1.000000
vn -0.002169 0.002092 -0.999996
vn -0.006600 0.001875 -0.999976
vn 0.000000 0.000000 -1.000000
vn 0.000000 0.000000 -1.000000
vn 0.297513 0.954718 0.000000
vn 0.512247 0.858838 0.000000
vn 0.512247 0.858838 0.000000
vn 0.512247 0.858838 0.000000
vn 0.297513 0.954718 0.000000
vn 0.297513 0.954718 0.000000
vn 0.050434 0.998727 0.000000
vn 0.139531 0.990218 0.000000
vn 0.139531 0.990218 0.000000
vn 0.139531 0.990218 0.000000
vn 0.050434 0.998727 0.000000
vn 0.050434 0.998727 0.000000
vn 0.945914 0.324399 0.003574
vn 0.980498 0.196440 0.005961
vn 0.980732 0.195260 0.006193
vn 0.980732 0.195260 0.006193
vn 0.942823 0.333293 -0.000168
vn 0.945914 0.324399 0.003574
vn 0.728039 0.685536 -0.000165
vn 0.856283 0.516507 -0.000245
vn 0.856281 0.516510 -0.000249
vn 0.856281 0.516510 -0.000249
vn 0.728324 0.685233 0.000000
vn 0.728039 0.685536 -0.000165
vn -0.045206 -0.033907 -0.998402
vn -0.000347 0.000364 -1.000000
vn 0.036879 0.043827 -0.998358
vn 0.000262 1.000000 0.000000
vn 0.024776 0.999693 0.000000
vn 0.024776 0.999693 0.000000
vn 0.024776 0.999693 0.000000
vn 0.000262 1.000000 0.000000
vn 0.000262 1.000000 0.000000
vn -0.000000 0.000003 1.000000
vn -0.001504 -0.006262 0.999979
vn -0.002711 0.017113 0.999850
vn 0.000000 0.000000 -1.000000
vn -0.000014 -0.000009 -1.000000
vn 0.000000 0.000000 -1.000000
vn -0.002169 0.002092 -0.999996
vn -0.000014 -0.000009 -1.000000
vn -0.006600 0.001875 -0.999976
vn 0.000000 -0.000000 1.000000
vn -0.002711 0.017113 0.999850
vn 0.000000 -0.000000 1.000000
vn -0.006600 0.001875 -0.999976
vn 0.000000 0.000000 -1.000000
vn 0.000000 0.000000 -1.000000
vn -0.000425 0.000446 1.000000
vn -0.054990 -0.041241 0.997635
vn 0.045364 0.053910 0.997515
vn -0.375681 0.926749 0.000000
vn -0.375681 0.926749 0.000000
vn -0.375681 0.926749 0.000000
vn -0.375681 0.926749 0.000000
vn -0.375681 0.926749 0.000000
vn -0.375681 0.926749 0.000000
vn 0.000029 0.000006 1.000000
vn 0.000009 0.000003 1.000000
vn 0.000552 0.000101 1.000000
vn 0.000552 0.000101 1.000000
vn 0.000590 0.000108 1.000000
vn 0.000029 0.000006 1.000000
vn 0.000000 -0.000000 1.000000
vn 0.000000 -0.000000 1.000000
vn 0.000000 -0.000000 1.000000
vn 0.000000 -0.000000 1.000000
vn 0.000000 -0.000000 1.000000
vn 0.000000 -0.000000 1.000000
vn -0.402188 0.915557 0.000447
vn -0.402004 0.915638 0.000000
vn -0.402503 0.915418 0.001213
vn -0.402503 0.915418 0.001213
vn -0.402687 0.915336 0.001661
vn -0.402188 0.915557 0.000447
vn -0.205453 0.978667 0.000139
vn -0.401802 0.915725 0.001659
vn -0.401867 0.915697 0.001388
vn -0.401867 0.915697 0.001388
vn -0.205484 0.978661 0.000000
vn -0.205453 0.978667 0.000139
vn -0.974667 -0.223611 0.004826
vn -0.974667 -0.223610 0.004822
vn -0.974667 -0.223610 0.004824
vn -0.974667 -0.223610 0.004824
vn -0.974667 -0.223610 0.004825
vn -0.974667 -0.223611 0.004826
vn -0.205484 0.978661 0.000000
vn 0.205484 0.978661 0.000000
vn 0.205453 0.978667 0.000139
vn 0.205453 0.978667 0.000139
vn -0.205453 0.978667 0.000139
vn -0.205484 0.978661 0.000000
vn -0.930554 -0.366155 -0.000000
vn -0.930554 -0.366155 -0.000000
vn -0.930554 -0.366155 -0.000000
vn -0.930554 -0.366155 -0.000000
vn -0.930554 -0.366155 -0.000000
vn -0.930554 -0.366155 -0.000000
vn -0.954146 -0.299341 0.000003
vn -0.954146 -0.299343 0.000011
vn -0.954145 -0.299344 0.000000
vn -0.954145 -0.299344 0.000000
vn -0.954145 -0.299344 -0.000000
vn -0.954146 -0.299341 0.000003
vn 0.375681 0.926749 0.000000
vn 0.375681 0.926749 0.000000
vn 0.375681 0.926749 0.000000
vn 0.375681 0.926749 0.000000
vn 0.375681 0.926749 0.000000
vn 0.375681 0.926749 0.000000
vn -0.000029 0.000006 1.000000
vn -0.000590 0.000108 1.000000
vn -0.000552 0.000101 1.000000
vn -0.000552 0.000101 1.000000
vn -0.000009 0.000003 1.000000
vn -0.000029 0.000006 1.000000
vn 0.000000 -0.000000 1.000000
vn 0.000000 -0.000000 1.000000
vn 0.000000 -0.000000 1.000000
vn 0.000000 -0.000000 1.000000
vn 0.000000 -0.000000 1.000000
vn 0.000000 -0.000000 1.000000
vn 0.402502 0.915419 0.000447
vn 0.402686 0.915338 0.000000
vn 0.402186 0.915557 0.001213
vn 0.402186 0.915557 0.001213
vn 0.402002 0.915637 0.001658
vn 0.402502 0.915419 0.000447
vn 0.954145 -0.299344 0.000001
vn 0.954145 -0.299344 -0.000000
vn 0.954145 -0.299344 -0.000000
vn 0.954145 -0.299344 -0.000000
vn 0.954145 -0.299344 0.000000
vn 0.954145 -0.299344 0.000001
vn 0.401867 0.915697 0.001388
vn 0.401802 0.915725 0.001659
vn 0.205453 0.978667 0.000139
vn 0.205453 0.978667 0.000139
vn 0.205484 0.978661 0.000000
vn 0.401867 0.915697 0.001388
vn 0.974667 -0.223610 0.004822
vn 0.974667 -0.223610 0.004827
vn 0.974667 -0.223611 0.004825
vn 0.974667 -0.223611 0.004825
vn 0.974667 -0.223611 0.004824
vn 0.974667 -0.223610 0.004822
vn 0.930554 -0.366155 -0.000000
vn 0.930554 -0.366155 -0.000000
vn 0.930554 -0.366155 -0.000000
vn 0.930554 -0.366155 -0.000000
vn 0.930554 -0.366155 -0.000000
vn 0.930554 -0.366155 -0.000000
vn 0.000028 -0.000020 1.000000
vn 0.000011 -0.000021 1.000000
vn 0.000004 -0.000021 1.000000
vn -0.954147 -0.299340 -0.000000
vn -0.954147 -0.299340 -0.000000
vn -0.954146 -0.299343 0.000011
vn -0.954146 -0.299343 0.000011
vn -0.954146 -0.299341 0.000003
vn -0.954147 -0.299340 -0.000000
vn -0.974667 -0.223610 0.004821
vn -0.974667 -0.223610 0.004821
vn -0.974667 -0.223610 0.004824
vn -0.974667 -0.223610 0.004824
vn -0.974667 -0.223610 0.004822
vn -0.974667 -0.223610 0.004821
vn 0.974667 -0.223611 0.004824
vn 0.974667 -0.223610 0.004821
vn 0.974667 -0.223610 0.004821
vn 0.974667 -0.223610 0.004821
vn 0.974667 -0.223610 0.004822
vn 0.974667 -0.223611 0.004824
vn 0.954145 -0.299344 0.000000
vn 0.954145 -0.299344 -0.000000
vn 0.954145 -0.299344 0.000000
vn 0.954145 -0.299344 0.000000
vn 0.954145 -0.299344 0.000001
vn 0.954145 -0.299344 0.000000
vn -0.000011 -0.000021 1.000000
vn -0.000004 -0.000021 1.000000
vn 0.000004 -0.000021 1.000000
vn 0.000004 -0.000021 1.000000
vn 0.000011 -0.000021 1.000000
vn -0.000011 -0.000021 1.000000
vn -0.000011 -0.000021 1.000000
vn -0.000028 -0.000020 1.000000
vn -0.000004 -0.000021 1.000000
vn -0.923879 -0.382684 -0.000000
vn -0.923879 -0.382684 -0.000000
vn -0.923879 0.382685 -0.000000
vn -0.923879 0.382685 -0.000000
vn -0.923879 0.382685 -0.000000
vn -0.923879 -0.382684 -0.000000
vn 0.000000 0.000000 -1.000000
vn 0.000000 0.000000 -1.000000
vn 0.000000 0.000000 -1.000000
vn -0.382683 -0.923880 -0.000000
vn 0.000000 -1.000000 -0.000000
vn 0.000000 -1.000000 -0.000000
vn 0.000000 -1.000000 -0.000000
vn -0.382684 -0.923879 -0.000000
vn -0.382683 -0.923880 -0.000000
vn -0.923879 -0.382684 -0.000000
vn -0.382683 -0.923880 -0.000000
vn -0.382684 -0.923879 -0.000000
vn -0.382684 -0.923879 -0.000000
vn -0.923879 -0.382684 -0.000000
vn -0.923879 -0.382684 -0.000000
vn -0.923879 0.382685 -0.000000
vn -0.382682 0.923880 -0.000000
vn -0.382682 0.923880 -0.000000
vn -0.382682 0.923880 -0.000000
vn -0.923879 0.382685 -0.000000
vn -0.923879 0.382685 -0.000000
vn 0.000000 -0.000000 1.000000
vn 0.000000 0.000000 1.000000
vn 0.000000 0.000000 1.000000
vn 0.000000 0.000000 1.000000
vn 0.000000 -0.000000 1.000000
vn 0.000000 -0.000000 1.000000
vn -0.000000 0.000000 1.000000
vn 0.000000 -0.000000 1.000000
vn 0.000000 -0.000000 1.000000
vn 0.000000 -0.000000 1.000000
vn -0.000000 0.000000 1.000000
vn -0.000000 0.000000 1.000000
vn -0.000000 -0.000000 1.000000
vn -0.000000 -0.000000 1.000000
vn 0.000000 -0.000000 1.000000
vn 0.000000 -0.000000 1.000000
vn 0.000000 -0.000000 1.000000
vn -0.000000 -0.000000 1.000000
vn 0.000000 -0.000000 1.000000
vn 0.000000 -0.000000 1.000000
vn 0.000000 -0.000000 1.000000
vn 0.000000 -0.000000 1.000000
vn 0.000000 -0.000000 1.000000
vn 0.000000 -0.000000 1.000000
vn -0.000000 0.000000 1.000000
vn -0.000000 0.000000 1.000000
vn 0.000000 0.000000 1.000000
vn 0.000000 0.000000 1.000000
vn 0.000000 0.000000 1.000000
vn -0.000000 0.000000 1.000000
vn 0.000000 0.000000 -1.000000
vn 0.000000 0.000000 -1.000000
vn 0.000000 0.000000 -1.000000
vn 0.000000 0.000000 -1.000000
vn 0.000000 0.000000 -1.000000
vn 0.000000 0.000000 -1.000000
vn 0.000000 0.000000 -1.000000
vn 0.000000 0.000000 -1.000000
vn 0.000000 0.000000 -1.000000
vn -0.382682 0.923880 -0.000000
vn 0.000000 1.000000 0.000000
vn 0.000000 1.000000 0.000000
vn 0.000000 1.000000 0.000000
vn -0.382682 0.923880 -0.000000
vn -0.382682 0.923880 -0.000000
vn 0.382684 -0.923879 -0.000000
vn 0.707107 -0.707107 -0.000000
vn 0.707107 -0.707107 -0.000000
vn 0.707107 -0.707107 -0.000000
vn 0.382683 -0.923880 -0.000000
vn 0.382684 -0.923879 -0.000000
vn 0.923881 0.382681 0.000000
vn 0.707110 0.707104 0.000000
vn 0.707110 0.707104 0.000000
vn 0.707110 0.707104 0.000000
vn 0.923880 0.382682 0.000000
vn 0.923881 0.382681 0.000000
vn 0.000000 1.000000 0.000000
vn 0.000000 1.000000 0.000000
vn 0.000000 1.000000 0.000000
vn 0.000000 1.000000 0.000000
vn 0.000000 1.000000 0.000000
vn 0.000000 1.000000 0.000000
vn 0.000000 -1.000000 -0.000000
vn 0.382684 -0.923879 -0.000000
vn 0.382683 -0.923880 -0.000000
vn 0.382683 -0.923880 -0.000000
vn 0.000000 -1.000000 -0.000000
vn 0.000000 -1.000000 -0.000000
vn 1.000000 0.000001 0.000000
vn 0.923881 0.382681 0.000000
vn 0.923880 0.382682 0.000000
vn 0.923880 0.382682 0.000000
vn 1.000000 0.000001 0.000000
vn 1.000000 0.000001 0.000000
vn 0.000000 0.000000 1.000000
vn 0.000000 -0.000000 1.000000
vn -0.000000 0.000000 1.000000
vn -0.000000 0.000000 1.000000
vn 0.000000 0.000001 1.000000
vn 0.000000 0.000000 1.000000
vn 0.000001 0.000001 1.000000
vn 0.000000 0.000001 1.000000
vn -0.000000 0.000000 1.000000
vn -0.000000 0.000000 1.000000
vn -0.000001 0.000001 1.000000
vn 0.000001 0.000001 1.000000
vn 0.923880 -0.382683 -0.000000
vn 0.923880 0.382683 0.000000
vn 0.923879 0.382684 0.000000
vn 0.923879 0.382684 0.000000
vn 0.923880 -0.382682 -0.000000
vn 0.923880 -0.382683 -0.000000
vn 0.000000 0.000000 -1.000000
vn 0.000000 0.000000 -1.000000
vn 0.000000 0.000000 -1.000000
vn 0.382685 -0.923879 -0.000000
vn 0.382686 -0.923878 -0.000000
vn 0.000000 -1.000000 -0.000000
vn 0.000000 -1.000000 -0.000000
vn 0.000000 -1.000000 -0.000000
vn 0.382685 -0.923879 -0.000000
vn 0.923880 -0.382683 -0.000000
vn 0.923880 -0.382682 -0.000000
vn 0.382686 -0.923878 -0.000000
vn 0.382686 -0.923878 -0.000000
vn 0.382685 -0.923879 -0.000000
vn 0.923880 -0.382683 -0.000000
vn 0.923879 0.382684 0.000000
vn 0.923880 0.382683 0.000000
vn 0.382684 0.923879 0.000000
vn 0.382684 0.923879 0.000000
vn 0.382683 0.923880 0.000000
vn 0.923879 0.382684 0.000000
vn 0.000000 -0.000000 1.000000
vn 0.000000 -0.000000 1.000000
vn -0.000000 0.000000 1.000000
vn -0.000000 0.000000 1.000000
vn -0.000000 0.000000 1.000000
vn 0.000000 -0.000000 1.000000
vn 0.000000 0.000000 1.000000
vn 0.000000 0.000000 1.000000
vn -0.000000 -0.000000 1.000000
vn -0.000000 -0.000000 1.000000
vn -0.000000 -0.000000 1.000000
vn 0.000000 0.000000 1.000000
vn -0.000000 -0.000000 1.000000
vn -0.000000 -0.000000 1.000000
vn -0.000000 -0.000000 1.000000
vn -0.000000 -0.000000 1.000000
vn -0.000000 -0.000000 1.000000
vn -0.000000 -0.000000 1.000000
vn 0.000000 -0.000000 1.000000
vn 0.000000 -0.000000 1.000000
vn 0.000000 -0.000000 1.000000
vn 0.000000 -0.000000 1.000000
vn 0.000000 -0.000000 1.000000
vn 0.000000 -0.000000 1.000000
vn 0.000000 0.000000 1.000000
vn -0.000000 0.000000 1.000000
vn -0.000000 0.000000 1.000000
vn -0.000000 0.000000 1.000000
vn 0.000000 0.000000 1.000000
vn 0.000000 0.000000 1.000000
vn 0.000000 0.000000 -1.000000
vn 0.000000 0.000000 -1.000000
vn 0.000000 0.000000 -1.000000
vn 0.000000 0.000000 -1.000000
vn 0.000000 0.000000 -1.000000
vn 0.000000 0.000000 -1.000000
vn 0.000000 0.000000 -1.000000
vn 0.000000 0.000000 -1.000000
vn 0.000000 0.000000 -1.000000
vn 0.382683 0.923880 0.000000
vn 0.382684 0.923879 0.000000
vn 0.000000 1.000000 0.000000
vn 0.000000 1.000000 0.000000
vn 0.000000 1.000000 0.000000
vn 0.382683 0.923880 0.000000
vn -0.382680 -0.923881 -0.000000
vn -0.382680 -0.923881 -0.000000
vn -0.707101 -0.707113 -0.000000
vn -0.707101 -0.707113 -0.000000
vn -0.707101 -0.707113 -0.000000
vn -0.382680 -0.923881 -0.000000
vn -0.923880 0.382681 0.000000
vn -0.923880 0.382682 0.000000
vn -0.707110 0.707104 0.000000
vn -0.707110 0.707104 0.000000
vn -0.707110 0.707104 0.000000
vn -0.923880 0.382681 0.000000
vn 0.000000 1.000000 0.000000
vn 0.000000 1.000000 0.000000
vn 0.000000 1.000000 0.000000
vn 0.000000 1.000000 0.000000
vn 0.000000 1.000000 0.000000
vn 0.000000 1.000000 0.000000
vn 0.000000 -1.000000 -0.000000
vn 0.000000 -1.000000 -0.000000
vn -0.382680 -0.923881 -0.000000
vn -0.382680 -0.923881 -0.000000
vn -0.382680 -0.923881 -0.000000
vn 0.000000 -1.000000 -0.000000
vn -1.000000 0.000002 0.000000
vn -1.000000 0.000002 0.000000
vn -0.923880 0.382682 0.000000
vn -0.923880 0.382682 0.000000
vn -0.923880 0.382681 0.000000
vn -1.000000 0.000002 0.000000
vn 0.000000 0.000000 1.000000
vn -0.000000 0.000001 1.000000
vn 0.000000 0.000000 1.000000
vn 0.000000 0.000000 1.000000
vn 0.000000 -0.000000 1.000000
vn 0.000000 0.000000 1.000000
vn -0.000001 0.000001 1.000000
vn 0.000001 0.000001 1.000000
vn 0.000000 0.000000 1.000000
vn 0.000000 0.000000 1.000000
vn -0.000000 0.000001 1.000000
vn -0.000001 0.000001 1.000000
vn 0.000000 -1.000000 -0.000000
vn 0.000000 -1.000000 -0.000000
vn 0.000000 -1.000000 -0.000000
vn 0.000000 -1.000000 -0.000000
vn 0.000000 -1.000000 -0.000000
vn 0.000000 -1.000000 -0.000000
vn -0.000000 0.000000 1.000000
vn 0.000000 0.000000 1.000000
vn 0.000311 0.000000 1.000000
vn 0.000311 0.000000 1.000000
vn 1.000000 0.000000 0.000000
vn 0.000311 0.000000 1.000000
vn -0.000000 0.000000 1.000000
vn 0.000311 0.000000 1.000000
vn 0.000311 0.000000 1.000000
vn 0.000000 -0.000000 1.000000
vn -0.000000 0.000000 1.000000
vn 0.000311 0.000000 1.000000
vn 0.000000 1.000000 0.000000
vn 0.000000 1.000000 0.000000
vn 0.000000 1.000000 0.000000
vn 0.000000 1.000000 0.000000
vn 0.000000 1.000000 0.000000
vn 0.000000 1.000000 0.000000
vn 0.000000 0.000000 -1.000000
vn 0.000000 0.000000 -1.000000
vn 0.000000 0.000000 -1.000000
vn 0.000000 0.000000 -1.000000
vn 0.000000 0.000000 -1.000000
vn 0.000000 0.000000 -1.000000
vn 0.909653 -0.415370 -0.000000
vn 0.349510 -0.936933 -0.000000
vn 0.349510 -0.936933 -0.000000
vn 0.349510 -0.936933 -0.000000
vn 0.909653 -0.415370 -0.000000
vn 0.909653 -0.415370 -0.000000
vn 0.000000 -0.000000 1.000000
vn 0.000000 -0.000000 1.000000
vn 0.000000 -0.000000 1.000000
vn 0.000000 -0.000000 1.000000
vn 0.000000 -0.000000 1.000000
vn 0.000000 -0.000000 1.000000
vn 0.000000 0.000000 -1.000000
vn 0.000000 0.000000 -1.000000
vn 0.000000 0.000000 -1.000000
vn 0.000000 0.000000 -1.000000
vn 0.000000 0.000000 -1.000000
vn 0.000000 0.000000 -1.000000
vn 0.349510 -0.936933 -0.000000
vn -0.000001 -1.000000 -0.000000
vn -0.000001 -1.000000 -0.000000
vn -0.000001 -1.000000 -0.000000
vn -0.000001 -1.000000 -0.000000
vn 0.349510 -0.936933 -0.000000
vn 0.349510 -0.936933 -0.000000
vn -0.000001 -1.000000 -0.000000
vn 0.349510 -0.936933 -0.000000
vn 0.654935 0.755685 0.000000
vn 0.909652 0.415370 0.000000
vn 0.909652 0.415371 0.000000
vn 0.909652 0.415371 0.000000
vn 0.654935 0.755685 0.000000
vn 0.654935 0.755685 0.000000
vn 0.000000 -0.000000 1.000000
vn 0.000000 -0.000000 1.000000
vn 0.000000 -0.000000 1.000000
vn 0.000000 -0.000000 1.000000
vn 0.000000 -0.000000 1.000000
vn 0.000000 -0.000000 1.000000
vn 0.000000 0.000000 -1.000000
vn 0.000000 0.000000 -1.000000
vn 0.000000 0.000000 -1.000000
vn 0.000000 0.000000 -1.000000
vn 0.000000 0.000000 -1.000000
vn 0.000000 0.000000 -1.000000
vn 0.909652 0.415370 0.000000
vn 0.909653 -0.415370 -0.000000
vn 0.909653 -0.415370 -0.000000
vn 0.909653 -0.415370 -0.000000
vn 0.909652 0.415371 0.000000
vn 0.909652 0.415370 0.000000
vn -0.909652 -0.415370 -0.000000
vn -0.909652 -0.415370 -0.000000
vn -0.349510 -0.936933 -0.000000
vn -0.349510 -0.936933 -0.000000
vn -0.349510 -0.936933 -0.000000
vn -0.909652 -0.415370 -0.000000
vn 0.000000 -0.000000 1.000000
vn 0.000000 -0.000000 1.000000
vn 0.000000 -0.000000 1.000000
vn 0.000000 -0.000000 1.000000
vn 0.000000 -0.000000 1.000000
vn 0.000000 -0.000000 1.000000
vn 0.000000 0.000000 -1.000000
vn 0.000000 0.000000 -1.000000
vn 0.000000 0.000000 -1.000000
vn 0.000000 0.000000 -1.000000
vn 0.000000 0.000000 -1.000000
vn 0.000000 0.000000 -1.000000
vn -0.349510 -0.936933 -0.000000
vn 0.000001 -1.000000 -0.000000
vn 0.000001 -1.000000 -0.000000
vn -0.349510 -0.936933 -0.000000
vn -0.349510 -0.936933 -0.000000
vn 0.000001 -1.000000 -0.000000
vn -0.349510 -0.936933 -0.000000
vn 0.000001 -1.000000 -0.000000
vn 0.000001 -1.000000 -0.000000
vn -0.654934 0.755686 0.000000
vn -0.654934 0.755686 0.000000
vn -0.909652 0.415371 0.000000
vn -0.909652 0.415371 0.000000
vn -0.909652 0.415371 0.000000
vn -0.654934 0.755686 0.000000
vn 0.000000 -0.000000 1.000000
vn 0.000000 -0.000000 1.000000
vn 0.000000 -0.000000 1.000000
vn 0.000000 -0.000000 1.000000
vn 0.000000 -0.000000 1.000000
vn 0.000000 -0.000000 1.000000
vn 0.000000 0.000000 -1.000000
vn 0.000000 0.000000 -1.000000
vn 0.000000 0.000000 -1.000000
vn 0.000000 0.000000 -1.000000
vn 0.000000 0.000000 -1.000000
vn 0.000000 0.000000 -1.000000
vn -0.909652 0.415371 0.000000
vn -0.909652 0.415371 0.000000
vn -0.909652 -0.415370 -0.000000
vn -0.909652 -0.415370 -0.000000
vn -0.909652 -0.415370 -0.000000
vn -0.909652 0.415371 0.000000
vn 1.000000 -0.000000 -0.000000
vn 1.000000 0.000000 -0.000000
vn 1.000000 0.000000 -0.000000
vn 1.000000 0.000000 -0.000000
vn 1.000000 -0.000000 -0.000000
vn 1.000000 -0.000000 -0.000000
vn 1.000000 0.000000 0.000000
vn 1.000000 0.000000 0.000000
vn 1.000000 -0.000000 -0.000000
vn 1.000000 -0.000000 -0.000000
vn 1.000000 -0.000000 -0.000000
vn 1.000000 0.000000 0.000000
vn 1.000000 0.000000 -0.000000
vn 1.000000 0.000000 0.000000
vn 1.000000 0.000000 0.000000
vn 1.000000 0.000000 0.000000
vn 1.000000 0.000000 -0.000000
vn 1.000000 0.000000 -0.000000
vn 1.000000 0.000000 0.000000
vn 1.000000 0.000000 0.000000
vn 1.000000 -0.000000 -0.000000
vn 1.000000 -0.000000 -0.000000
vn 1.000000 -0.000000 -0.000000
vn 1.000000 0.000000 0.000000
vn 1.000000 0.000000 -0.000000
vn 1.000000 0.000000 0.000000
vn 1.000000 0.000000 0.000000
vn 1.000000 0.000000 0.000000
vn 1.000000 0.000000 -0.000000
vn 1.000000 0.000000 -0.000000
vn 1.000000 0.000000 -0.000000
vn 1.000000 -0.000000 -0.000000
vn 1.000000 0.000000 -0.000000
vn 1.000000 0.000000 -0.000000
vn 1.000000 -0.000000 -0.000000
vn 1.000000 0.000000 -0.000000
vn 1.000000 0.000000 -0.000000
vn 1.000000 -0.000000 -0.000000
vn 1.000000 -0.000000 -0.000000
vn 1.000000 -0.000000 -0.000000
vn 1.000000 0.000000 -0.000000
vn 1.000000 0.000000 -0.000000
vn -1.000000 0.000000 0.000000
vn -1.000000 0.000000 0.000000
vn -1.000000 0.000000 0.000000
vn -1.000000 0.000000 0.000000
vn -1.000000 0.000000 0.000000
vn -1.000000 0.000000 0.000000
vn -1.000000 0.000000 0.000000
vn -1.000000 0.000000 0.000000
vn -1.000000 0.000000 0.000000
vn -1.000000 0.000000 0.000000
vn -1.000000 0.000000 0.000000
vn -1.000000 0.000000 0.000000
vn -1.000000 0.000000 0.000000
vn -1.000000 0.000000 0.000000
vn -1.000000 0.000000 0.000000
vn -1.000000 0.000000 0.000000
vn -1.000000 0.000000 0.000000
vn -1.000000 0.000000 0.000000
vn -1.000000 0.000000 0.000000
vn -1.000000 0.000000 0.000000
vn -1.000000 0.000000 0.000000
vn -1.000000 0.000000 0.000000
vn -1.000000 0.000000 0.000000
vn -1.000000 0.000000 0.000000
vn -1.000000 0.000000 0.000000
vn -1.000000 0.000000 0.000000
vn -1.000000 0.000000 0.000000
vn -1.000000 0.000000 0.000000
vn -1.000000 0.000000 0.000000
vn -1.000000 0.000000 0.000000
vn -1.000000 0.000000 0.000000
vn -1.000000 0.000000 0.000000
vn -1.000000 0.000000 0.000000
vn -1.000000 0.000000 0.000000
vn -1.000000 0.000000 0.000000
vn -1.000000 0.000000 0.000000
vn -1.000000 0.000000 0.000000
vn -1.000000 0.000000 0.000000
vn -1.000000 0.000000 0.000000
vn -1.000000 0.000000 0.000000
vn -1.000000 0.000000 0.000000
vn -1.000000 0.000000 0.000000
vn 1.000000 -0.000000 -0.000000
vn 1.000000 0.000000 -0.000000
vn 1.000000 0.000000 -0.000000
vn 1.000000 0.000000 -0.000000
vn 1.000000 -0.000000 -0.000000
vn 1.000000 -0.000000 -0.000000
vn 1.000000 0.000000 0.000000
vn 1.000000 0.000000 0.000000
vn 1.000000 -0.000000 -0.000000
vn 1.000000 -0.000000 -0.000000
vn 1.000000 -0.000000 -0.000000
vn 1.000000 0.000000 0.000000
vn 1.000000 0.000000 -0.000000
vn 1.000000 0.000000 0.000000
vn 1.000000 0.000000 0.000000
vn 1.000000 0.000000 0.000000
vn 1.000000 0.000000 -0.000000
vn 1.000000 0.000000 -0.000000
vn 1.000000 0.000000 0.000000
vn 1.000000 0.000000 0.000000
vn 1.000000 -0.000000 -0.000000
vn 1.000000 -0.000000 -0.000000
vn 1.000000 -0.000000 -0.000000
vn 1.000000 0.000000 0.000000
vn 1.000000 0.000000 -0.000000
vn 1.000000 0.000000 0.000000
vn 1.000000 0.000000 0.000000
vn 1.000000 0.000000 0.000000
vn 1.000000 0.000000 -0.000000
vn 1.000000 0.000000 -0.000000
vn 1.000000 0.000000 -0.000000
vn 1.000000 -0.000000 -0.000000
vn 1.000000 0.000000 -0.000000
vn 1.000000 0.000000 -0.000000
vn 1.000000 -0.000000 -0.000000
vn 1.000000 0.000000 -0.000000
vn 1.000000 0.000000 -0.000000
vn 1.000000 -0.000000 -0.000000
vn 1.000000 -0.000000 -0.000000
vn 1.000000 -0.000000 -0.000000
vn 1.000000 0.000000 -0.000000
vn 1.000000 0.000000 -0.000000
vn -1.000000 0.000000 0.000000
vn -1.000000 0.000000 0.000000
vn -1.000000 0.000000 0.000000
vn -1.000000 0.000000 0.000000
vn -1.000000 0.000000 0.000000
vn -1.000000 0.000000 0.000000
vn -1.000000 0.000000 0.000000
vn -1.000000 0.000000 0.000000
vn -1.000000 0.000000 0.000000
vn -1.000000 0.000000 0.000000
vn -1.000000 0.000000 0.000000
vn -1.000000 0.000000 0.000000
vn -1.000000 0.000000 0.000000
vn -1.000000 0.000000 0.000000
vn -1.000000 0.000000 0.000000
vn -1.000000 0.000000 0.000000
vn -1.000000 0.000000 0.000000
vn -1.000000 0.000000 0.000000
vn -1.000000 0.000000 0.000000
vn -1.000000 0.000000 0.000000
vn -1.000000 0.000000 0.000000
vn -1.000000 0.000000 0.000000
vn -1.000000 0.000000 0.000000
vn -1.000000 0.000000 0.000000
vn -1.000000 0.000000 0.000000
vn -1.000000 0.000000 0.000000
vn -1.000000 0.000000 0.000000
vn -1.000000 0.000000 0.000000
vn -1.000000 0.000000 0.000000
vn -1.000000 0.000000 0.000000
vn -1.000000 0.000000 0.000000
vn -1.000000 0.000000 0.000000
vn -1.000000 0.000000 0.000000
vn -1.000000 0.000000 0.000000
vn -1.000000 0.000000 0.000000
vn -1.000000 0.000000 0.000000
vn -1.000000 0.000000 0.000000
vn -1.000000 0.000000 0.000000
vn -1.000000 0.000000 0.000000
vn -1.000000 0.000000 0.000000
vn -1.000000 0.000000 0.000000
vn -1.000000 0.000000 0.000000
vn -0.000000 0.000000 -1.000000
vn -0.000000 0.000000 -1.000000
vn -0.000000 0.000000 -1.000000
vn -0.000000 0.000000 -1.000000
vn -0.000000 0.000000 -1.000000
vn -0.000000 0.000000 -1.000000
vn -0.000000 0.000000 -1.000000
vn -0.000000 0.000000 -1.000000
vn -0.000000 0.000000 -1.000000
vn -0.000000 0.000000 -1.000000
vn -0.000000 0.000000 -1.000000
vn -0.000000 0.000000 -1.000000
vn -0.000000 -0.000000 1.000000
vn -0.000000 -0.000000 1.000000
vn -0.000000 -0.000000 1.000000
vn -0.000000 -0.000000 1.000000
vn -0.000000 -0.000000 1.000000
vn -0.000000 -0.000000 1.000000
vn -0.000000 0.000000 1.000000
vn -0.000000 0.000000 1.000000
vn -0.000000 0.000000 1.000000
vn -0.000000 -0.000000 1.000000
vn -0.000000 -0.000000 1.000000
vn -0.000000 -0.000000 1.000000
s off
g SM_Desk_02a
f 6/4/1 5/6/2 3/11/3
f 3/11/4 33/2/5 6/4/6
f 1/3/7 34/24/8 4/29/9
f 4/7/10 8/13/11 23/26/12
f 23/26/13 21/30/14 4/7/15
f 2/64/16 7/78/17 14/79/18
f 14/79/19 50/80/20 2/64/21
f 10/17/22 35/14/23 36/15/24
f 36/15/25 11/16/26 10/17/27
f 9/32/28 13/33/29 12/37/30
f 10/17/31 11/16/32 5/6/33
f 5/6/34 6/4/35 10/17/36
f 18/52/37 37/46/38 38/50/39
f 38/50/40 19/51/41 18/52/42
f 52/53/43 21/55/44 41/65/45
f 25/126/46 27/127/47 26/129/48
f 26/129/49 24/104/50 25/126/51
f 18/52/52 19/51/53 27/127/54
f 27/127/55 25/126/56 18/52/57
f 28/18/58 30/21/59 15/35/60
f 15/35/61 13/39/62 28/18/63
f 7/27/64 22/122/65 23/123/66
f 23/123/67 8/124/68 7/27/69
f 29/67/70 30/68/71 23/69/72
f 23/69/73 22/66/74 29/67/75
f 29/19/76 14/36/77 45/42/78
f 29/19/79 45/42/80 32/61/81
f 29/19/82 32/61/83 48/147/84
f 29/19/85 48/147/86 30/148/87
f 7/8/88 8/9/89 15/10/90
f 15/10/91 14/5/92 7/8/93
f 3/11/94 34/20/95 1/45/96
f 1/45/97 33/2/98 3/11/99
f 35/14/100 9/47/101 12/48/102
f 12/48/103 36/15/104 35/14/105
f 37/46/106 16/130/107 20/131/108
f 20/131/109 38/50/110 37/46/111
f 26/129/112 40/132/113 57/133/114
f 57/133/115 24/104/116 26/129/117
f 20/131/118 16/130/119 52/53/120
f 52/53/121 41/65/122 20/131/123
f 57/133/124 40/132/125 43/135/126
f 43/135/127 58/134/128 57/133/129
f 31/43/130 32/56/131 45/57/132
f 45/57/133 44/40/134 31/43/135
f 47/60/136 48/145/137 32/146/138
f 32/146/139 31/41/140 47/60/141
f 46/59/142 49/62/143 48/63/144
f 48/63/145 47/58/146 46/59/147
f 44/142/148 45/143/149 49/144/150
f 49/144/151 46/141/152 44/142/153
f 1/89/154 2/90/155 50/91/156
f 50/91/157 9/1/158 1/89/159
f 42/23/160 63/25/161 62/28/162
f 62/28/163 17/22/164 42/23/165
f 14/36/166 15/149/167 49/150/168
f 49/150/169 45/42/170 14/36/171
f 2/64/172 59/86/173 22/87/174
f 22/87/175 7/78/176 2/64/177
f 29/128/178 22/87/179 59/86/180
f 59/86/181 65/125/182 29/128/183
f 50/80/184 14/79/185 29/128/186
f 29/128/187 65/125/188 50/80/189
f 2/136/190 1/3/191 4/29/192
f 51/31/193 39/34/194 42/23/195
f 42/23/196 17/22/197 51/31/198
f 58/134/199 43/135/200 28/137/201
f 31/112/202 44/113/203 50/114/204
f 50/114/205 65/115/206 31/112/207
f 46/116/208 9/32/209 50/114/210
f 50/114/211 44/113/212 46/116/213
f 46/116/214 47/117/215 28/118/216
f 46/116/217 28/118/218 13/33/219
f 46/116/220 13/33/221 9/32/222
f 15/149/223 30/148/224 48/147/225
f 48/147/226 49/150/227 15/149/228
f 8/9/229 3/12/230 5/44/231
f 8/9/232 4/81/233 34/82/234
f 11/83/235 36/84/236 15/10/237
f 36/84/238 12/85/239 15/10/240
f 12/85/241 13/88/242 15/10/243
f 8/9/244 34/82/245 3/12/246
f 5/44/247 11/83/248 15/10/249
f 15/10/250 8/9/251 5/44/252
f 27/70/253 19/71/254 23/69/255
f 23/69/256 30/68/257 27/70/258
f 30/68/259 26/72/260 27/70/261
f 30/68/262 40/73/263 26/72/264
f 30/68/265 43/74/266 40/73/267
f 19/71/268 38/75/269 23/69/270
f 38/75/271 20/76/272 23/69/273
f 20/76/274 41/77/275 23/69/276
f 41/77/277 21/102/278 23/69/279
f 30/68/280 28/103/281 43/74/282
f 56/49/283 37/54/284 18/95/285
f 18/95/286 53/96/287 56/49/288
f 55/97/289 25/98/290 24/99/291
f 24/99/292 54/100/293 55/97/294
f 39/34/295 57/105/296 58/106/297
f 58/106/298 42/23/299 39/34/300
f 58/106/301 64/107/302 63/25/303
f 63/25/304 42/23/305 58/106/306
f 37/54/307 56/49/308 51/31/309
f 51/31/310 16/108/311 37/54/312
f 57/105/313 39/34/314 54/100/315
f 54/100/316 24/99/317 57/105/318
f 17/22/319 52/38/320 16/108/321
f 16/108/322 51/31/323 17/22/324
f 53/96/325 18/95/326 25/98/327
f 25/98/328 55/97/329 53/96/330
f 53/96/331 51/31/332 56/49/333
f 53/96/334 55/97/335 39/34/336
f 39/34/337 51/31/338 53/96/339
f 55/97/340 54/100/341 39/34/342
f 35/92/343 33/93/344 1/89/345
f 1/89/346 9/1/347 35/92/348
f 10/94/349 6/101/350 33/93/351
f 33/93/352 35/92/353 10/94/354
f 59/138/355 2/136/356 4/29/357
f 4/29/358 60/139/359 59/138/360
f 52/38/361 17/22/362 62/28/363
f 62/28/364 61/109/365 52/38/366
f 60/139/367 21/111/368 61/140/369
f 21/111/370 52/110/371 61/140/372
f 58/120/373 28/118/374 66/121/375
f 66/121/376 64/119/377 58/120/378
f 47/117/379 31/112/380 65/115/381
f 65/115/382 66/121/383 47/117/384
f 28/118/385 47/117/386 66/121/387
f 4/29/388 21/111/389 60/139/390
f 68/152/391 67/151/392 70/154/393
f 70/154/394 69/153/395 68/152/396
f 71/155/397 73/157/398 72/156/399
f 73/158/400 76/161/401 75/160/402
f 75/160/403 74/159/404 73/158/405
f 77/162/406 80/165/407 79/164/408
f 79/164/409 78/163/410 77/162/411
f 84/169/412 83/168/413 82/167/414
f 82/167/415 81/166/416 84/169/417
f 85/170/418 87/172/419 86/171/420
f 84/169/421 68/152/422 69/153/423
f 69/153/424 83/168/425 84/169/426
f 91/176/427 90/175/428 89/174/429
f 89/174/430 88/173/431 91/176/432
f 92/177/433 93/179/434 76/178/435
f 95/181/436 94/180/437 97/183/438
f 97/183/439 96/182/440 95/181/441
f 91/176/442 95/181/443 96/182/444
f 96/182/445 90/175/446 91/176/447
f 98/184/448 86/187/449 100/186/450
f 100/186/451 99/185/452 98/184/453
f 78/188/454 74/191/455 75/190/456
f 75/190/457 101/189/458 78/188/459
f 102/193/460 101/192/461 75/195/462
f 75/195/463 99/194/464 102/193/465
f 102/196/466 99/201/467 105/200/468
f 102/196/469 105/200/470 104/199/471
f 102/196/472 104/199/473 103/198/474
f 102/196/475 103/198/476 79/197/477
f 78/203/478 79/202/479 100/205/480
f 100/205/481 74/204/482 78/203/483
f 70/154/484 67/151/485 71/207/486
f 71/207/487 72/206/488 70/154/489
f 81/166/490 82/167/491 87/209/492
f 87/209/493 85/208/494 81/166/495
f 88/173/496 89/174/497 107/211/498
f 107/211/499 106/210/500 88/173/501
f 97/183/502 94/180/503 109/213/504
f 109/213/505 108/212/506 97/183/507
f 107/211/508 93/179/509 92/177/510
f 92/177/511 106/210/512 107/211/513
f 109/213/514 110/214/515 111/215/516
f 111/215/517 108/212/518 109/213/519
f 113/217/520 112/216/521 103/219/522
f 103/219/523 104/218/524 113/217/525
f 114/221/526 113/220/527 104/223/528
f 104/223/529 105/222/530 114/221/531
f 115/225/532 114/224/533 105/227/534
f 105/227/535 116/226/536 115/225/537
f 112/229/538 115/228/539 116/231/540
f 116/231/541 103/230/542 112/229/543
f 71/233/544 85/232/545 80/235/546
f 80/235/547 77/234/548 71/233/549
f 118/237/550 117/236/551 120/239/552
f 120/239/553 119/238/554 118/237/555
f 79/197/556 103/198/557 116/241/558
f 116/241/559 100/240/560 79/197/561
f 77/162/562 78/163/563 101/243/564
f 101/243/565 121/242/566 77/162/567
f 102/245/568 122/244/569 121/242/570
f 121/242/571 101/243/572 102/245/573
f 80/165/574 122/244/575 102/245/576
f 102/245/577 79/164/578 80/165/579
f 77/246/580 73/157/581 71/155/582
f 123/247/583 117/236/584 118/237/585
f 118/237/586 124/248/587 123/247/588
f 110/214/589 98/249/590 111/215/591
f 113/250/592 122/253/593 80/252/594
f 80/252/595 112/251/596 113/250/597
f 115/254/598 112/251/599 80/252/600
f 80/252/601 85/170/602 115/254/603
f 115/254/604 85/170/605 86/171/606
f 115/254/607 86/171/608 98/256/609
f 115/254/610 98/256/611 114/255/612
f 100/240/613 116/241/614 105/200/615
f 105/200/616 99/201/617 100/240/618
f 74/204/619 69/258/620 70/257/621
f 74/204/622 72/260/623 73/259/624
f 83/261/625 100/205/626 82/262/627
f 82/262/628 100/205/629 87/263/630
f 87/263/631 100/205/632 86/264/633
f 74/204/634 70/257/635 72/260/636
f 69/258/637 74/204/638 100/205/639
f 100/205/640 83/261/641 69/258/642
f 96/265/643 99/194/644 75/195/645
f 75/195/646 90/266/647 96/265/648
f 99/194/649 96/265/650 97/267/651
f 99/194/652 97/267/653 108/268/654
f 99/194/655 108/268/656 111/269/657
f 90/266/658 75/195/659 89/270/660
f 89/270/661 75/195/662 107/271/663
f 107/271/664 75/195/665 93/272/666
f 93/272/667 75/195/668 76/273/669
f 99/194/670 111/269/671 98/274/672
f 125/276/673 126/279/674 91/278/675
f 91/278/676 88/277/677 125/276/678
f 127/280/679 128/283/680 94/282/681
f 94/282/682 95/281/683 127/280/684
f 124/248/685 118/237/686 110/285/687
f 110/285/688 109/284/689 124/248/690
f 110/285/691 118/237/692 119/238/693
f 119/238/694 129/286/695 110/285/696
f 88/277/697 106/287/698 123/247/699
f 123/247/700 125/276/701 88/277/702
f 109/284/703 94/282/704 128/283/705
f 128/283/706 124/248/707 109/284/708
f 117/236/709 123/247/710 106/287/711
f 106/287/712 92/275/713 117/236/714
f 126/279/715 127/280/716 95/281/717
f 95/281/718 91/278/719 126/279/720
f 126/279/721 125/276/722 123/247/723
f 126/279/724 123/247/725 124/248/726
f 124/248/727 127/280/728 126/279/729
f 127/280/730 124/248/731 128/283/732
f 81/288/733 85/232/734 71/233/735
f 71/233/736 67/289/737 81/288/738
f 84/290/739 81/288/740 67/289/741
f 67/289/742 68/291/743 84/290/744
f 121/292/745 130/293/746 73/157/747
f 73/157/748 77/246/749 121/292/750
f 92/275/751 131/294/752 120/239/753
f 120/239/754 117/236/755 92/275/756
f 130/293/757 131/296/758 76/295/759
f 76/295/760 131/296/761 92/297/762
f 110/299/763 129/298/764 132/300/765
f 132/300/766 98/256/767 110/299/768
f 114/255/769 132/300/770 122/253/771
f 122/253/772 113/250/773 114/255/774
f 98/256/775 132/300/776 114/255/777
f 73/157/778 130/293/779 76/295/780
f 138/311/781 156/343/782 136/344/783
f 136/344/784 133/309/785 138/311/786
f 152/303/787 136/306/788 137/307/789
f 137/307/790 134/302/791 152/303/792
f 135/304/793 149/315/794 153/322/795
f 138/333/796 139/336/797 156/337/798
f 139/346/799 140/347/800 152/348/801
f 152/348/802 155/345/803 139/346/804
f 139/346/805 138/311/806 133/309/807
f 133/309/808 140/347/809 139/346/810
f 142/305/811 143/308/812 144/310/813
f 144/310/814 141/301/815 142/305/816
f 146/325/817 151/326/818 154/327/819
f 154/327/820 145/319/821 146/325/822
f 142/317/823 154/320/824 148/321/825
f 148/321/826 143/314/827 142/317/828
f 143/339/829 148/340/830 149/315/831
f 149/315/832 144/334/833 143/339/834
f 146/313/835 150/316/836 151/318/837
f 141/301/838 150/328/839 147/329/840
f 147/329/841 142/305/842 141/301/843
f 150/328/844 146/325/845 145/319/846
f 145/319/847 147/329/848 150/328/849
f 152/303/850 140/312/851 136/306/852
f 139/336/853 155/338/854 156/337/855
f 140/312/856 133/335/857 136/306/858
f 142/317/859 147/331/860 154/320/861
f 144/324/862 149/330/863 151/318/864
f 151/318/865 141/323/866 144/324/867
f 150/316/868 141/323/869 151/318/870
f 147/331/871 145/332/872 154/320/873
f 148/340/874 134/355/875 137/356/876
f 152/348/877 154/349/878 151/350/879
f 151/350/880 155/345/881 152/348/882
f 148/340/883 137/356/884 153/322/885
f 153/322/886 149/315/887 148/340/888
f 149/351/889 135/352/890 155/345/891
f 155/345/892 151/350/893 149/351/894
f 135/341/895 153/342/896 156/337/897
f 156/337/898 155/338/899 135/341/900
f 134/353/901 148/354/902 154/349/903
f 154/349/904 152/348/905 134/353/906
f 158/358/907 157/357/908 160/360/909
f 160/360/910 159/359/911 158/358/912
f 162/362/913 161/361/914 163/364/915
f 163/364/916 160/363/917 162/362/918
f 164/365/919 166/367/920 165/366/921
f 158/368/922 159/370/923 167/369/924
f 167/372/925 168/371/926 162/374/927
f 162/374/928 169/373/929 167/372/930
f 167/372/931 169/373/932 157/357/933
f 157/357/934 158/358/935 167/372/936
f 171/376/937 170/375/938 173/378/939
f 173/378/940 172/377/941 171/376/942
f 175/380/943 174/379/944 177/382/945
f 177/382/946 176/381/947 175/380/948
f 171/384/949 172/383/950 178/386/951
f 178/386/952 177/385/953 171/384/954
f 172/388/955 173/387/956 165/366/957
f 165/366/958 178/389/959 172/388/960
f 175/390/961 176/392/962 179/391/963
f 170/375/964 171/376/965 180/394/966
f 180/394/967 179/393/968 170/375/969
f 179/393/970 180/394/971 174/379/972
f 174/379/973 175/380/974 179/393/975
f 162/362/976 160/363/977 169/395/978
f 167/369/979 159/370/980 168/396/981
f 169/395/982 160/363/983 157/397/984
f 171/384/985 177/385/986 180/398/987
f 173/400/988 170/399/989 176/392/990
f 176/392/991 165/401/992 173/400/993
f 179/391/994 176/392/995 170/399/996
f 180/398/997 177/385/998 174/402/999
f 178/389/1000 163/404/1001 161/403/1002
f 162/374/1003 168/371/1004 176/406/1005
f 176/406/1006 177/405/1007 162/374/1008
f 178/389/1009 165/366/1010 166/367/1011
f 166/367/1012 163/404/1013 178/389/1014
f 165/407/1015 176/406/1016 168/371/1017
f 168/371/1018 164/408/1019 165/407/1020
f 164/409/1021 168/396/1022 159/370/1023
f 159/370/1024 166/410/1025 164/409/1026
f 161/411/1027 162/374/1028 177/405/1029
f 177/405/1030 178/412/1031 161/411/1032
f 182/445/1033 184/448/1034 185/449/1035
f 185/449/1036 184/448/1037 213/451/1038
f 213/451/1039 214/452/1040 185/449/1041
f 184/448/1042 186/453/1043 213/451/1044
f 185/449/1045 214/452/1046 200/454/1047
f 192/455/1048 194/456/1049 214/452/1050
f 194/456/1051 181/457/1052 201/458/1053
f 201/458/1054 193/459/1055 194/456/1056
f 202/460/1057 203/461/1058 194/456/1059
f 194/456/1060 193/459/1061 202/460/1062
f 184/414/1063 182/418/1064 190/446/1065
f 190/446/1066 198/482/1067 184/414/1068
f 184/417/1069 198/420/1070 191/424/1071
f 191/424/1072 186/415/1073 184/417/1074
f 202/416/1075 205/419/1076 189/421/1077
f 189/421/1078 183/413/1079 202/416/1080
f 201/443/1081 204/444/1082 196/450/1083
f 196/450/1084 193/432/1085 201/443/1086
f 200/465/1087 207/466/1088 187/467/1089
f 187/467/1090 185/464/1091 200/465/1092
f 203/469/1093 206/470/1094 197/471/1095
f 197/471/1096 194/468/1097 203/469/1098
f 185/464/1099 187/467/1100 190/473/1101
f 190/473/1102 182/472/1103 185/464/1104
f 187/425/1105 198/426/1106 190/427/1107
f 197/428/1108 236/429/1109 198/426/1110
f 209/430/1111 191/431/1112 198/426/1113
f 197/428/1114 195/433/1115 236/429/1116
f 197/428/1117 206/434/1118 205/435/1119
f 205/435/1120 196/436/1121 197/428/1122
f 197/428/1123 196/436/1124 204/439/1125
f 204/439/1126 188/437/1127 197/428/1128
f 213/423/1129 186/438/1130 191/447/1131
f 191/447/1132 209/422/1133 213/423/1134
f 236/475/1135 195/476/1136 192/477/1137
f 192/477/1138 214/474/1139 236/475/1140
f 199/479/1141 208/480/1142 188/481/1143
f 188/481/1144 181/478/1145 199/479/1146
f 192/455/1147 199/462/1148 194/456/1149
f 187/425/1150 207/440/1151 198/426/1152
f 197/428/1153 208/441/1154 195/433/1155
f 193/432/1156 196/450/1157 205/419/1158
f 205/419/1159 202/416/1160 193/432/1161
f 181/478/1162 188/481/1163 204/444/1164
f 204/444/1165 201/443/1166 181/478/1167
f 194/468/1168 197/471/1169 207/466/1170
f 207/466/1171 200/465/1172 194/468/1173
f 183/413/1174 189/421/1175 206/470/1176
f 206/470/1177 203/469/1178 183/413/1179
f 206/434/1180 189/442/1181 205/435/1182
f 192/477/1183 195/476/1184 208/480/1185
f 208/480/1186 199/479/1187 192/477/1188
f 214/452/1189 194/456/1190 200/454/1191
f 236/429/1192 209/430/1193 198/426/1194
f 207/440/1195 197/428/1196 198/426/1197
f 199/462/1198 181/457/1199 194/456/1200
f 197/428/1201 188/437/1202 208/441/1203
f 202/460/1204 183/463/1205 203/461/1206
f 210/483/1207 212/485/1208 211/484/1209
f 212/485/1210 214/487/1211 213/486/1212
f 213/486/1213 211/484/1214 212/485/1215
f 211/484/1216 213/486/1217 215/488/1218
f 212/485/1219 216/489/1220 214/487/1221
f 217/490/1222 214/487/1223 218/491/1224
f 218/491/1225 221/494/1226 220/493/1227
f 220/493/1228 219/492/1229 218/491/1230
f 222/495/1231 221/494/1232 218/491/1233
f 218/491/1234 223/496/1235 222/495/1236
f 211/497/1237 225/500/1238 224/499/1239
f 224/499/1240 210/498/1241 211/497/1242
f 211/502/1243 215/501/1244 226/504/1245
f 226/504/1246 225/503/1247 211/502/1248
f 222/506/1249 227/505/1250 229/508/1251
f 229/508/1252 228/507/1253 222/506/1254
f 220/510/1255 221/509/1256 231/512/1257
f 231/512/1258 230/511/1259 220/510/1260
f 216/514/1261 212/513/1262 233/516/1263
f 233/516/1264 232/515/1265 216/514/1266
f 223/518/1267 218/517/1268 235/520/1269
f 235/520/1270 234/519/1271 223/518/1272
f 212/513/1273 210/521/1274 224/522/1275
f 224/522/1276 233/516/1277 212/513/1278
f 233/523/1279 224/525/1280 225/524/1281
f 235/526/1282 225/524/1283 236/527/1284
f 209/528/1285 225/524/1286 226/529/1287
f 235/526/1288 236/527/1289 237/530/1290
f 235/526/1291 231/533/1292 228/532/1293
f 228/532/1294 234/531/1295 235/526/1296
f 235/526/1297 238/534/1298 230/535/1299
f 230/535/1300 231/533/1301 235/526/1302
f 213/537/1303 209/536/1304 226/539/1305
f 226/539/1306 215/538/1307 213/537/1308
f 236/541/1309 214/540/1310 217/543/1311
f 217/543/1312 237/542/1313 236/541/1314
f 239/545/1315 219/544/1316 238/547/1317
f 238/547/1318 240/546/1319 239/545/1320
f 217/490/1321 218/491/1322 239/548/1323
f 233/523/1324 225/524/1325 232/549/1326
f 235/526/1327 237/530/1328 240/550/1329
f 221/509/1330 222/506/1331 228/507/1332
f 228/507/1333 231/512/1334 221/509/1335
f 219/544/1336 220/510/1337 230/511/1338
f 230/511/1339 238/547/1340 219/544/1341
f 218/517/1342 216/514/1343 232/515/1344
f 232/515/1345 235/520/1346 218/517/1347
f 227/505/1348 223/518/1349 234/519/1350
f 234/519/1351 229/508/1352 227/505/1353
f 234/531/1354 228/532/1355 229/551/1356
f 217/543/1357 239/545/1358 240/546/1359
f 240/546/1360 237/542/1361 217/543/1362
f 214/487/1363 216/489/1364 218/491/1365
f 236/527/1366 225/524/1367 209/528/1368
f 232/549/1369 225/524/1370 235/526/1371
f 239/548/1372 218/491/1373 219/492/1374
f 235/526/1375 240/550/1376 238/534/1377
f 222/495/1378 223/496/1379 227/552/1380
f 243/611/1381 244/612/1382 242/613/1383
f 242/613/1384 241/585/1385 243/611/1386
f 249/572/1387 250/608/1388 256/609/1389
f 256/609/1390 257/610/1391 249/572/1392
f 243/614/1393 241/615/1394 254/616/1395
f 254/616/1396 255/617/1397 243/614/1398
f 247/558/1399 250/562/1400 249/618/1401
f 249/618/1402 245/557/1403 247/558/1404
f 248/559/1405 246/560/1406 251/566/1407
f 251/566/1408 252/567/1409 248/559/1410
f 245/595/1411 249/597/1412 251/598/1413
f 251/598/1414 246/594/1415 245/595/1416
f 252/567/1417 262/576/1418 265/577/1419
f 265/577/1420 248/559/1421 252/567/1422
f 241/554/1423 242/568/1424 253/569/1425
f 253/569/1426 254/553/1427 241/554/1428
f 250/555/1429 243/556/1430 255/561/1431
f 255/561/1432 256/563/1433 250/555/1434
f 260/620/1435 266/621/1436 267/622/1437
f 267/622/1438 259/619/1439 260/620/1440
f 268/593/1441 276/623/1442 275/624/1443
f 275/624/1444 269/625/1445 268/593/1446
f 267/626/1447 272/627/1448 273/628/1449
f 273/628/1450 259/629/1451 267/626/1452
f 269/582/1453 270/586/1454 261/630/1455
f 261/630/1456 268/575/1457 269/582/1458
f 267/581/1459 266/583/1460 270/588/1461
f 270/588/1462 269/580/1463 267/581/1464
f 263/578/1465 264/579/1466 265/577/1467
f 265/577/1468 262/576/1469 263/578/1470
f 268/600/1471 261/601/1472 264/602/1473
f 264/602/1474 263/587/1475 268/600/1476
f 274/574/1477 260/589/1478 259/590/1479
f 259/590/1480 273/573/1481 274/574/1482
f 263/564/1483 262/565/1484 271/584/1485
f 247/570/1486 244/571/1487 243/556/1488
f 243/556/1489 250/555/1490 247/570/1491
f 257/606/1492 258/607/1493 251/598/1494
f 251/598/1495 249/597/1496 257/606/1497
f 263/587/1498 271/603/1499 276/605/1500
f 276/605/1501 268/600/1502 263/587/1503
f 269/580/1504 275/591/1505 272/592/1506
f 272/592/1507 267/581/1508 269/580/1509
f 252/596/1510 258/599/1511 271/584/1512
f 271/584/1513 262/565/1514 252/596/1515
f 252/596/1516 251/604/1517 258/599/1518
f 278/640/1519 282/641/1520 286/642/1521
f 286/642/1522 277/639/1523 278/640/1524
f 285/635/1525 278/636/1526 294/651/1527
f 285/644/1528 294/645/1529 283/646/1530
f 283/646/1531 287/643/1532 285/644/1533
f 278/640/1534 285/644/1535 287/643/1536
f 287/643/1537 282/641/1538 278/640/1539
f 286/684/1540 281/647/1541 284/648/1542
f 284/648/1543 277/683/1544 286/684/1545
f 281/655/1546 286/656/1547 292/657/1548
f 292/657/1549 289/658/1550 281/655/1551
f 282/659/1552 287/660/1553 293/661/1554
f 293/661/1555 290/662/1556 282/659/1557
f 283/663/1558 291/664/1559 293/661/1560
f 293/661/1561 287/660/1562 283/663/1563
f 281/655/1564 289/658/1565 288/666/1566
f 288/666/1567 280/665/1568 281/655/1569
f 282/659/1570 290/662/1571 292/657/1572
f 292/657/1573 286/656/1574 282/659/1575
f 277/652/1576 284/653/1577 279/654/1578
f 277/652/1579 279/654/1580 294/651/1581
f 294/651/1582 278/636/1583 277/652/1584
f 281/647/1585 280/649/1586 279/650/1587
f 279/650/1588 284/648/1589 281/647/1590
f 289/671/1591 292/672/1592 299/673/1593
f 299/673/1594 296/674/1595 289/671/1596
f 290/631/1597 293/632/1598 300/633/1599
f 300/633/1600 297/634/1601 290/631/1602
f 293/667/1603 291/668/1604 298/669/1605
f 298/669/1606 300/670/1607 293/667/1608
f 288/675/1609 289/671/1610 296/674/1611
f 296/674/1612 295/676/1613 288/675/1614
f 292/637/1615 290/631/1616 297/634/1617
f 297/634/1618 299/638/1619 292/637/1620
f 298/677/1621 295/678/1622 296/679/1623
f 296/679/1624 300/680/1625 298/677/1626
f 297/681/1627 300/680/1628 296/679/1629
f 296/679/1630 299/682/1631 297/681/1632
f 302/686/1633 301/685/1634 304/688/1635
f 304/688/1636 303/687/1637 302/686/1638
f 305/689/1639 294/691/1640 302/690/1641
f 305/693/1642 306/692/1643 283/695/1644
f 283/695/1645 294/694/1646 305/693/1647
f 302/686/1648 303/687/1649 306/692/1650
f 306/692/1651 305/693/1652 302/686/1653
f 304/696/1654 301/699/1655 308/698/1656
f 308/698/1657 307/697/1658 304/696/1659
f 307/700/1660 310/703/1661 309/702/1662
f 309/702/1663 304/701/1664 307/700/1665
f 303/704/1666 312/707/1667 311/706/1668
f 311/706/1669 306/705/1670 303/704/1671
f 283/708/1672 306/705/1673 311/706/1674
f 311/706/1675 291/709/1676 283/708/1677
f 307/700/1678 280/710/1679 288/711/1680
f 288/711/1681 310/703/1682 307/700/1683
f 303/704/1684 304/701/1685 309/702/1686
f 309/702/1687 312/707/1688 303/704/1689
f 301/712/1690 279/714/1691 308/713/1692
f 301/712/1693 302/690/1694 294/691/1695
f 294/691/1696 279/714/1697 301/712/1698
f 307/697/1699 308/698/1700 279/716/1701
f 279/716/1702 280/715/1703 307/697/1704
f 310/717/1705 314/720/1706 313/719/1707
f 313/719/1708 309/718/1709 310/717/1710
f 312/721/1711 316/724/1712 315/723/1713
f 315/723/1714 311/722/1715 312/721/1716
f 311/725/1717 315/728/1718 298/727/1719
f 298/727/1720 291/726/1721 311/725/1722
f 288/729/1723 295/730/1724 314/720/1725
f 314/720/1726 310/717/1727 288/729/1728
f 309/731/1729 313/732/1730 316/724/1731
f 316/724/1732 312/721/1733 309/731/1734
f 298/733/1735 315/736/1736 314/735/1737
f 314/735/1738 295/734/1739 298/733/1740
f 316/737/1741 313/738/1742 314/735/1743
f 314/735/1744 315/736/1745 316/737/1746
f 323/745/1747 317/748/1748 318/749/1749
f 318/749/1750 322/744/1751 323/745/1752
f 325/751/1753 324/752/1754 320/742/1755
f 320/742/1756 321/743/1757 317/741/1758
f 325/751/1759 320/742/1760 317/741/1761
f 323/750/1762 325/751/1763 317/741/1764
f 326/754/1765 319/740/1766 320/739/1767
f 320/739/1768 324/753/1769 326/754/1770
f 318/755/1771 319/756/1772 326/747/1773
f 326/747/1774 322/746/1775 318/755/1776
f 328/770/1777 335/771/1778 336/772/1779
f 336/772/1780 327/769/1781 328/770/1782
f 328/758/1783 333/759/1784 338/761/1785
f 338/761/1786 335/763/1787 328/758/1788
f 330/757/1789 332/760/1790 337/762/1791
f 337/762/1792 336/764/1793 330/757/1794
f 335/771/1795 329/773/1796 339/774/1797
f 339/774/1798 330/775/1799 336/772/1800
f 335/771/1801 339/774/1802 336/772/1803
f 338/776/1804 333/777/1805 334/778/1806
f 334/778/1807 337/779/1808 338/776/1809
f 331/765/1810 329/768/1811 335/763/1812
f 335/763/1813 338/761/1814 331/765/1815
f 337/762/1816 334/766/1817 327/767/1818
f 327/767/1819 336/764/1820 337/762/1821
f 333/777/1822 328/770/1823 327/769/1824
f 327/769/1825 334/778/1826 333/777/1827
f 341/781/1828 340/780/1829 343/783/1830
f 343/783/1831 342/782/1832 341/781/1833
f 341/784/1834 342/787/1835 345/786/1836
f 345/786/1837 344/785/1838 341/784/1839
f 346/788/1840 343/791/1841 348/790/1842
f 348/790/1843 347/789/1844 346/788/1845
f 343/783/1846 346/794/1847 350/793/1848
f 342/782/1849 343/783/1850 350/793/1851
f 342/782/1852 350/793/1853 349/792/1854
f 345/795/1855 348/798/1856 351/797/1857
f 351/797/1858 344/796/1859 345/795/1860
f 352/799/1861 345/786/1862 342/787/1863
f 342/787/1864 349/800/1865 352/799/1866
f 348/790/1867 343/791/1868 340/802/1869
f 340/802/1870 351/801/1871 348/790/1872
f 344/796/1873 351/797/1874 340/780/1875
f 340/780/1876 341/781/1877 344/796/1878
f 367/817/1879 354/806/1880 366/816/1881
f 366/816/1882 355/805/1883 367/817/1884
f 363/813/1885 359/809/1886 367/817/1887
f 367/817/1888 355/805/1889 363/813/1890
f 356/804/1891 364/814/1892 360/810/1893
f 360/810/1894 368/818/1895 356/804/1896
f 361/811/1897 357/807/1898 365/815/1899
f 365/815/1900 353/803/1901 361/811/1902
f 354/806/1903 362/812/1904 358/808/1905
f 358/808/1906 366/816/1907 354/806/1908
f 356/804/1909 365/815/1910 354/806/1911
f 354/806/1912 367/817/1913 356/804/1914
f 368/818/1915 353/803/1916 365/815/1917
f 365/815/1918 356/804/1919 368/818/1920
f 370/820/1921 369/819/1922 372/822/1923
f 372/822/1924 371/821/1925 370/820/1926
f 373/823/1927 369/819/1928 370/820/1929
f 370/820/1930 374/824/1931 373/823/1932
f 375/825/1933 378/828/1934 377/827/1935
f 377/827/1936 376/826/1937 375/825/1938
f 380/830/1939 379/829/1940 382/832/1941
f 382/832/1942 381/831/1943 380/830/1944
f 371/821/1945 372/822/1946 384/834/1947
f 384/834/1948 383/833/1949 371/821/1950
f 375/825/1951 370/820/1952 371/821/1953
f 371/821/1954 382/832/1955 375/825/1956
f 378/828/1957 375/825/1958 382/832/1959
f 382/832/1960 379/829/1961 378/828/1962
f 386/836/1963 387/837/1964 388/838/1965
f 388/838/1966 385/835/1967 386/836/1968
f 389/839/1969 390/840/1970 386/836/1971
f 386/836/1972 385/835/1973 389/839/1974
f 391/841/1975 392/842/1976 393/843/1977
f 393/843/1978 394/844/1979 391/841/1980
f 396/846/1981 397/847/1982 398/848/1983
f 398/848/1984 395/845/1985 396/846/1986
f 387/837/1987 399/849/1988 400/850/1989
f 400/850/1990 388/838/1991 387/837/1992
f 391/841/1993 398/848/1994 387/837/1995
f 387/837/1996 386/836/1997 391/841/1998
f 394/844/1999 395/845/2000 398/848/2001
f 398/848/2002 391/841/2003 394/844/2004
f 404/854/2005 401/851/2006 402/852/2007
f 402/852/2008 403/853/2009 404/854/2010
f 406/856/2011 401/851/2012 404/854/2013
f 404/854/2014 405/855/2015 406/856/2016
f 407/857/2017 408/858/2018 409/859/2019
f 409/859/2020 410/860/2021 407/857/2022
f 414/864/2023 411/861/2024 412/862/2025
f 412/862/2026 413/863/2027 414/864/2028
f 403/853/2029 402/852/2030 415/865/2031
f 415/865/2032 416/866/2033 403/853/2034
f 407/857/2035 404/854/2036 403/853/2037
f 403/853/2038 412/862/2039 407/857/2040
f 408/858/2041 407/857/2042 412/862/2043
f 412/862/2044 411/861/2045 408/858/2046
f 419/868/2047 417/869/2048 418/870/2049
f 418/870/2050 420/867/2051 419/868/2052
f 422/872/2053 423/873/2054 424/874/2055
f 424/874/2056 421/871/2057 422/872/2058
f 426/876/2059 425/875/2060 428/878/2061
f 428/878/2062 427/877/2063 426/876/2064
f 430/880/2065 429/879/2066 432/882/2067
f 432/882/2068 431/881/2069 430/880/2070
