# This file uses feet as units for non-parametric coordinates.

g default
v 10.936992 11.173167 13.191325
v 10.160733 8.961657 13.191325
v 9.114334 6.877386 13.191325
v 7.492818 5.494982 13.191325
v 5.887071 4.429810 13.191325
v 4.055087 3.450591 13.191325
v -0.000002 23.836874 13.191325
v 1.931665 23.639977 13.191325
v 4.106595 23.059525 13.191325
v 6.417831 21.758686 13.191325
v 7.494666 20.855333 13.191325
v 8.803449 19.334217 13.191326
v 9.777315 17.593388 13.191326
v 10.371819 15.671304 13.191326
v 10.606245 13.554412 13.191326
v -0.000002 13.240425 13.191325
v -10.160737 8.961657 13.191325
v -10.936995 11.173167 13.191325
v -9.114336 6.877386 13.191325
v -7.492821 5.494982 13.191325
v -5.887075 4.429810 13.191325
v -4.055091 3.450591 13.191325
v -1.931668 23.639977 13.191325
v -4.106599 23.059525 13.191325
v -6.417834 21.758686 13.191325
v -7.494669 20.855333 13.191325
v -8.803452 19.334217 13.191326
v -9.777317 17.593388 13.191326
v -10.371820 15.671304 13.191326
v -10.606249 13.554412 13.191326
v -0.000002 23.836874 11.495339
v 1.931665 23.639977 11.495339
v 4.106595 23.059525 11.495339
v 6.417831 21.758686 11.495339
v 7.494667 20.855333 11.495339
v 8.803450 19.334217 11.495339
v 9.777315 17.593388 11.495339
v 10.371819 15.671304 11.495339
v 10.606245 13.554412 11.495339
v -1.931668 23.639977 11.495339
v -4.106599 23.059525 11.495339
v -6.417834 21.758686 11.495339
v -7.494670 20.855333 11.495339
v -8.803452 19.334217 11.495339
v -9.777317 17.593388 11.495339
v -10.371820 15.671304 11.495339
v -10.606249 13.554412 11.495339
v 0.000000 30.006090 11.645523
v 5.266029 29.863674 11.645523
v 17.394354 18.138720 11.645523
v 18.401991 11.497304 11.645523
v 15.961087 25.639433 11.645523
v 14.993231 27.654222 11.645523
v 13.158376 28.659069 11.645523
v 10.745754 29.367817 11.645523
v 0.000002 11.497333 11.645539
v 15.298071 11.497330 11.645539
v 11.038756 24.724218 11.645539
v 0.000002 11.497333 13.028120
v 10.936992 11.173167 13.135363
v 18.401997 11.497304 13.507949
v -11.038756 24.724218 11.645539
v -5.266031 29.863674 11.645523
v -10.745754 29.367817 11.645523
v -15.298068 11.497330 11.645539
v -18.401991 11.497304 11.645523
v -17.394356 18.138720 11.645523
v -15.961085 25.639433 11.645523
v -14.993226 27.654222 11.645523
v -13.158374 28.659069 11.645523
v -10.936995 11.173167 13.135363
v -18.401995 11.497304 13.507949
v 7.078678 36.392620 1.807416
v 7.077681 36.399441 -1.852206
v 4.336336 37.243191 1.833593
v 5.772264 36.950325 1.833593
v 4.336336 37.243191 -1.838700
v 5.772264 36.950325 -1.838700
v 4.285295 35.775745 1.873540
v 5.685616 35.378036 1.834016
v 6.983510 34.802902 1.855864
v 7.078391 34.781296 1.711968
v 7.397949 34.609188 1.761496
v 8.006637 33.952976 1.889588
v 8.210488 33.280762 1.964149
v 8.209255 32.645157 2.026222
v 4.284967 35.772587 -1.878188
v 5.684823 35.372059 -1.847945
v 6.980536 34.795029 -1.855786
v 7.088708 34.777809 -1.713279
v 7.390660 34.602154 -1.775087
v 7.994030 33.947941 -1.905220
v 8.197258 33.280445 -1.978914
v 8.216048 32.645157 -2.066318
v 7.093127 35.962242 1.676134
v 8.082199 35.352711 1.730842
v 9.091433 34.499893 1.804967
v 9.766544 33.554207 1.916502
v 10.281137 32.645157 2.014715
v 7.091546 35.947815 -1.681543
v 8.074678 35.342697 -1.727528
v 9.079497 34.492832 -1.806391
v 9.745090 33.548111 -1.918042
v 10.267948 32.645157 -2.030947
v -7.077689 36.399441 -1.852206
v -7.091555 35.947815 -1.681543
v -7.088718 34.777809 -1.713279
v -6.980546 34.795029 -1.855786
v -4.336345 37.243191 1.833593
v -4.285305 35.743275 1.873540
v -5.685625 35.381386 1.834016
v -5.772274 36.950325 1.833593
v -4.336345 37.243191 -1.838700
v -5.772274 36.950325 -1.838700
v -5.684832 35.375412 -1.847945
v -4.284976 35.740116 -1.878188
v -6.983519 34.802902 1.855864
v -7.078689 36.392620 1.807416
v -7.078401 34.781296 1.711968
v -7.093137 35.962242 1.676134
v -7.435780 34.625587 -1.775087
v -7.443068 34.632622 1.761496
v -8.039342 33.947941 -1.905220
v -8.051948 33.952976 1.889588
v -8.074687 35.342697 -1.727528
v -9.079506 34.492832 -1.806391
v -9.745100 33.548111 -1.918042
v -8.211154 33.280445 -1.978914
v -10.267957 32.645157 -2.030947
v -8.216059 32.645157 -2.066318
v -8.224384 33.280762 1.964149
v -8.209264 32.645157 2.026222
v -8.082210 35.352711 1.730842
v -9.091442 34.499893 1.804967
v -9.766554 33.554207 1.916502
v -10.281148 32.645157 2.014715
v -0.000005 35.905678 1.873540
v -0.000005 35.902519 -1.878188
v 8.805066 13.267836 15.062991
v 8.627934 14.986126 15.074553
v 8.130324 16.621981 15.076597
v 7.324101 18.129692 15.077868
v 6.239407 19.451275 15.078215
v 4.917842 20.535950 15.077852
v 3.410134 21.342167 15.076583
v 1.774309 21.839911 15.074353
v -0.000000 22.011786 15.068159
v 9.297579 13.217093 15.083745
v 9.119259 15.027634 15.083745
v 8.590153 16.771856 15.083745
v 7.730931 18.379339 15.083752
v 6.574618 19.788321 15.083752
v 5.165644 20.944626 15.083752
v 3.558158 21.803848 15.083752
v 1.813934 22.332954 15.083752
v -0.000000 22.511610 15.083752
v 10.063147 13.254702 14.718238
v 9.873753 15.177707 14.718238
v 9.300873 17.066246 14.718238
v 8.370562 18.806730 14.718238
v 7.118575 20.332281 14.718245
v 5.593027 21.584253 14.718245
v 3.852547 22.514563 14.718245
v 1.964012 23.087448 14.718245
v -0.000000 23.280882 14.718245
v 8.799215 13.274355 14.793233
v 8.627669 14.991974 14.785371
v 8.132251 16.627577 14.784359
v 7.326608 18.134815 14.784196
v 6.242401 19.455927 14.784145
v 4.921298 20.540113 14.784196
v 3.414063 21.345755 14.784366
v 1.778466 21.841194 14.785474
v -0.000000 22.008312 14.788449
v 9.853086 13.244380 14.513537
v 9.666689 15.136518 14.514445
v 9.105822 16.985453 14.514445
v 8.195021 18.689436 14.514445
v 6.969292 20.182987 14.514445
v 5.475735 21.408714 14.514445
v 3.771754 22.319506 14.514445
v 1.922825 22.880384 14.514446
v -0.000000 23.080418 14.520108
v 10.656637 13.408510 13.207762
v 10.459668 15.410055 13.207762
v 9.852792 17.399298 13.207762
v 8.867275 19.232594 13.207762
v 7.540997 20.839491 13.207762
v 5.924921 22.158218 13.207768
v 4.081161 23.138140 13.207768
v 2.080558 23.741577 13.207768
v -0.000000 23.945332 13.207768
v 9.114116 8.817025 15.083744
v 9.734680 8.586776 15.083744
v 8.873749 9.390554 15.083744
v 9.559962 9.186000 15.083745
v 9.297581 9.751787 15.083745
v 10.145570 8.971459 15.083745
v 10.306186 9.905063 14.718238
v 10.063152 10.477534 14.718238
v 10.882836 9.672118 14.718238
v 9.118472 8.823039 14.783384
v 9.726638 8.648143 14.733911
v 8.877946 9.396512 14.783480
v 10.184404 9.794287 14.466648
v 10.666038 9.567782 14.229177
v 9.934757 10.364221 14.472267
v 10.977928 10.594672 13.206225
v 11.482642 10.537707 13.194155
v 10.730854 11.165986 13.203221
v 21.501673 8.759472 13.260387
v 10.052897 8.758209 13.260365
v 21.503298 9.487438 13.248560
v 21.479095 8.593789 15.083744
v 21.484591 8.971455 15.083744
v 21.494587 9.672114 14.718237
v 21.503164 10.352571 13.193874
v -8.627669 14.991974 14.785371
v -9.666689 15.136518 14.514445
v -9.853086 13.244380 14.513537
v -8.799215 13.274355 14.793233
v -8.132251 16.627577 14.784359
v -9.105822 16.985453 14.514445
v -7.326608 18.134815 14.784196
v -8.195021 18.689436 14.514445
v -6.242401 19.455927 14.784145
v -6.969292 20.182987 14.514445
v -4.921298 20.540113 14.784196
v -5.475735 21.408714 14.514445
v -3.414063 21.345755 14.784366
v -3.771754 22.319506 14.514445
v -1.778466 21.841194 14.785474
v -1.922825 22.880384 14.514446
v -9.297579 13.217093 15.083745
v -9.119259 15.027634 15.083745
v -8.627934 14.986126 15.074553
v -8.805066 13.267836 15.062991
v -8.590153 16.771856 15.083745
v -8.130324 16.621981 15.076597
v -7.730931 18.379339 15.083752
v -7.324101 18.129692 15.077868
v -6.574618 19.788321 15.083752
v -6.239407 19.451275 15.078215
v -5.165644 20.944626 15.083752
v -4.917842 20.535950 15.077852
v -3.558158 21.803848 15.083752
v -3.410134 21.342167 15.076583
v -1.813934 22.332954 15.083752
v -1.774309 21.839911 15.074353
v -10.063147 13.254702 14.718238
v -9.873753 15.177707 14.718238
v -9.300873 17.066246 14.718238
v -8.370562 18.806730 14.718238
v -7.118575 20.332281 14.718245
v -5.593027 21.584253 14.718245
v -3.852547 22.514563 14.718245
v -1.964012 23.087448 14.718245
v -21.484591 8.971455 15.083744
v -21.479095 8.593789 15.083744
v -21.501673 8.759472 13.260387
v -21.494587 9.672114 14.718237
v -21.503298 9.487438 13.248560
v -21.503164 10.352571 13.193874
v -10.656637 13.408510 13.207762
v -10.459668 15.410055 13.207762
v -9.852792 17.399298 13.207762
v -8.867275 19.232594 13.207762
v -7.540997 20.839491 13.207762
v -5.924921 22.158218 13.207768
v -4.081161 23.138140 13.207768
v -2.080558 23.741577 13.207768
v -9.734680 8.586776 15.083744
v -9.114116 8.817025 15.083744
v -9.118472 8.823039 14.783384
v -9.726638 8.648143 14.733911
v -8.873749 9.390554 15.083744
v -8.877946 9.396512 14.783480
v -9.559962 9.186000 15.083745
v -9.297581 9.751787 15.083745
v -10.145570 8.971459 15.083745
v -10.306186 9.905063 14.718238
v -10.063152 10.477534 14.718238
v -10.882836 9.672118 14.718238
v -10.977928 10.594672 13.206225
v -10.730854 11.165986 13.203221
v -11.482642 10.537707 13.194155
v -10.184404 9.794287 14.466648
v -10.666038 9.567782 14.229177
v -9.934757 10.364221 14.472267
v -10.052897 8.758209 13.260365
v 6.940550 13.226846 15.068270
v 6.804464 14.591833 15.071370
v 6.410750 15.887089 15.072825
v 5.772208 17.080673 15.073770
v 4.914155 18.127787 15.074286
v 3.867071 18.985817 15.073763
v 2.673488 19.624365 15.072810
v 1.378250 20.018152 15.071208
v -0.000000 20.152008 15.069023
v 7.402626 13.217093 15.083752
v 7.260719 14.657941 15.083752
v 6.839448 16.046686 15.083752
v 6.155338 17.326561 15.083752
v 5.234685 18.448383 15.083752
v 4.112867 19.369032 15.083752
v 2.832993 20.053146 15.083752
v 1.444248 20.474417 15.083752
v -0.000000 20.616659 15.083752
v 8.168200 13.254702 14.718238
v 8.015213 14.808021 14.718238
v 7.550167 16.341082 14.718245
v 6.794966 17.753952 14.718245
v 5.778646 18.992344 14.718245
v 4.540253 20.008661 14.718245
v 3.127382 20.763861 14.718245
v 1.594326 21.228910 14.718245
v -0.000000 21.385933 14.718245
v 6.944910 13.227097 14.783783
v 6.810887 14.593125 14.783576
v 6.417509 15.889924 14.783599
v 5.778693 17.085058 14.783613
v 4.918951 18.132650 14.783620
v 3.871455 18.992298 14.783613
v 2.676318 19.631109 14.783598
v 1.379522 20.024490 14.783613
v -0.000000 20.156982 14.783872
v 7.958133 13.244381 14.513537
v 7.808149 14.766831 14.514445
v 7.355113 16.260283 14.514445
v 6.619425 17.636660 14.514445
v 5.629359 18.843061 14.514445
v 4.422960 19.833122 14.514445
v 3.046588 20.568804 14.514445
v 1.553138 21.021847 14.514446
v -0.000000 21.185469 14.520108
v 8.678534 13.480538 13.299170
v 8.519214 15.093843 13.299235
v 8.024922 16.706877 13.299235
v 7.222239 18.193451 13.299235
v 6.142008 19.496445 13.299235
v 4.825745 20.565775 13.299235
v 3.324032 21.360371 13.299236
v 1.694577 21.849682 13.299236
v -0.000000 22.015636 13.299635
v 7.209836 7.145581 15.083745
v 7.817603 6.936998 15.083745
v 6.970203 7.719369 15.083745
v 7.665012 7.519598 15.083752
v 7.402630 8.085389 15.083752
v 8.250618 7.305057 15.083752
v 8.411235 8.238663 14.718245
v 8.168201 8.811131 14.718245
v 8.987883 8.005716 14.718245
v 7.218754 7.152768 14.783369
v 7.824122 6.987720 14.715571
v 6.978532 7.726349 14.783428
v 8.293300 8.131373 14.465718
v 8.790690 7.902174 14.309931
v 8.046424 8.702371 14.469336
v 9.003029 8.988136 13.294791
v 9.520700 8.917674 13.272222
v 8.758218 9.556319 13.293167
v 21.503298 7.093573 13.260394
v 8.173186 7.091808 13.260372
v 21.503298 8.686047 13.193873
v 21.503298 8.005709 14.718237
v 21.503298 7.305049 15.083744
v 21.503298 6.939465 15.072346
v -6.810887 14.593125 14.783576
v -7.808149 14.766831 14.514445
v -7.958133 13.244381 14.513537
v -6.944910 13.227097 14.783783
v -6.417509 15.889924 14.783599
v -7.355113 16.260283 14.514445
v -5.778693 17.085058 14.783613
v -6.619425 17.636660 14.514445
v -4.918951 18.132650 14.783620
v -5.629359 18.843061 14.514445
v -3.871455 18.992298 14.783613
v -4.422960 19.833122 14.514445
v -2.676318 19.631109 14.783598
v -3.046588 20.568804 14.514445
v -1.379522 20.024490 14.783613
v -1.553138 21.021847 14.514446
v -7.402626 13.217093 15.083752
v -7.260719 14.657941 15.083752
v -6.804464 14.591833 15.071370
v -6.940550 13.226846 15.068270
v -6.839448 16.046686 15.083752
v -6.410750 15.887089 15.072825
v -6.155338 17.326561 15.083752
v -5.772208 17.080673 15.073770
v -5.234685 18.448383 15.083752
v -4.914155 18.127787 15.074286
v -4.112867 19.369032 15.083752
v -3.867071 18.985817 15.073763
v -2.832993 20.053146 15.083752
v -2.673488 19.624365 15.072810
v -1.444248 20.474417 15.083752
v -1.378250 20.018152 15.071208
v -8.168200 13.254702 14.718238
v -8.015213 14.808021 14.718238
v -7.550167 16.341082 14.718245
v -6.794966 17.753952 14.718245
v -5.778646 18.992344 14.718245
v -4.540253 20.008661 14.718245
v -3.127382 20.763861 14.718245
v -1.594326 21.228910 14.718245
v -21.503298 7.093573 13.260394
v -21.503298 8.005709 14.718237
v -21.503298 7.305049 15.083744
v -21.503298 8.686047 13.193873
v -8.678534 13.480538 13.299170
v -8.519214 15.093843 13.299235
v -8.024922 16.706877 13.299235
v -7.222239 18.193451 13.299235
v -6.142008 19.496445 13.299235
v -4.825745 20.565775 13.299235
v -3.324032 21.360371 13.299236
v -1.694577 21.849682 13.299236
v -7.218754 7.152768 14.783369
v -7.824122 6.987720 14.715571
v -7.817603 6.936998 15.083745
v -7.209836 7.145581 15.083745
v -6.978532 7.726349 14.783428
v -6.970203 7.719369 15.083745
v -7.665012 7.519598 15.083752
v -7.402630 8.085389 15.083752
v -8.250618 7.305057 15.083752
v -8.411235 8.238663 14.718245
v -8.168201 8.811131 14.718245
v -8.987883 8.005716 14.718245
v -9.003029 8.988136 13.294791
v -8.758218 9.556319 13.293167
v -9.520700 8.917674 13.272222
v -8.293300 8.131373 14.465718
v -8.790690 7.902174 14.309931
v -8.046424 8.702371 14.469336
v -21.503298 6.939465 15.072346
v -8.173186 7.091808 13.260372
v 5.044902 13.222704 15.064556
v 4.947138 14.219260 15.063825
v 4.661042 15.160061 15.065081
v 4.197156 16.026997 15.065907
v 3.573346 16.786924 15.066129
v 2.813411 17.410748 15.065892
v 1.946484 17.874641 15.065058
v 1.005697 18.160810 15.063655
v -0.000000 18.258244 15.061743
v 5.507677 13.217093 15.083752
v 5.402178 14.288255 15.083752
v 5.088742 15.321519 15.083752
v 4.579745 16.273787 15.083752
v 3.894753 17.108454 15.083752
v 3.060090 17.793444 15.083752
v 2.107827 18.302439 15.083752
v 1.074562 18.615873 15.083752
v 0.000000 18.721708 15.083752
v 6.273250 13.254702 14.718245
v 6.156673 14.438334 14.718245
v 5.799458 15.615913 14.718245
v 5.219373 16.701170 14.718245
v 4.438715 17.652414 14.718245
v 3.487475 18.433071 14.718245
v 2.402217 19.013157 14.718245
v 1.224640 19.370373 14.718245
v 0.000000 19.490984 14.718245
v 5.048237 13.222889 14.787437
v 4.950032 14.219755 14.787682
v 4.664342 15.161353 14.787252
v 4.200469 16.029137 14.786972
v 3.576172 16.789833 14.786899
v 2.815550 17.414057 14.786973
v 1.947771 17.877932 14.787261
v 1.006170 18.163639 14.787769
v -0.000000 18.260378 14.788501
v 6.063184 13.244381 14.513537
v 5.949608 14.397145 14.514445
v 5.604408 15.535122 14.514445
v 5.043833 16.583876 14.514445
v 4.289428 17.503130 14.514445
v 3.370183 18.257532 14.514445
v 2.321424 18.818106 14.514446
v 1.183453 19.163300 14.514453
v 0.000000 19.290518 14.520108
v 6.784737 13.281745 13.207768
v 6.662092 14.539938 13.207768
v 6.275554 15.814190 13.207768
v 5.647849 16.988539 13.207768
v 4.803101 18.017870 13.207768
v 3.773771 18.862617 13.207768
v 2.599422 19.490320 13.207768
v 1.325174 19.876860 13.207768
v 0.000000 20.007372 13.207768
v 5.309991 5.475159 15.083745
v 5.917998 5.240919 15.083745
v 5.070603 6.049030 15.083745
v 5.770062 5.853198 15.083752
v 5.507680 6.418986 15.083752
v 6.355666 5.638658 15.083752
v 6.516285 6.572260 14.718245
v 6.273251 7.144729 14.718245
v 7.092930 6.339316 14.718245
v 5.319021 5.482464 14.783347
v 5.960695 5.331335 14.709156
v 5.079078 6.056144 14.783399
v 6.400447 6.466875 14.465209
v 6.943629 6.236377 14.369386
v 6.154910 7.038382 14.467837
v 7.107726 7.158125 13.206898
v 7.669656 7.098453 13.194081
v 6.865613 7.728745 13.205384
v 21.498867 5.428860 13.260439
v 6.265470 5.425407 13.260365
v 21.498661 7.019396 13.193874
v 21.493319 6.339302 14.718237
v 21.487131 5.638642 15.083744
v 21.483454 5.240386 15.083744
v -4.950032 14.219755 14.787682
v -5.949608 14.397145 14.514445
v -6.063184 13.244381 14.513537
v -5.048237 13.222889 14.787437
v -4.664342 15.161353 14.787252
v -5.604408 15.535122 14.514445
v -4.200469 16.029137 14.786972
v -5.043833 16.583876 14.514445
v -3.576172 16.789833 14.786899
v -4.289428 17.503130 14.514445
v -2.815550 17.414057 14.786973
v -3.370183 18.257532 14.514445
v -1.947771 17.877932 14.787261
v -2.321424 18.818106 14.514446
v -1.006170 18.163639 14.787769
v -1.183453 19.163300 14.514453
v -5.507677 13.217093 15.083752
v -5.402178 14.288255 15.083752
v -4.947138 14.219260 15.063825
v -5.044902 13.222704 15.064556
v -5.088742 15.321519 15.083752
v -4.661042 15.160061 15.065081
v -4.579745 16.273787 15.083752
v -4.197156 16.026997 15.065907
v -3.894753 17.108454 15.083752
v -3.573346 16.786924 15.066129
v -3.060090 17.793444 15.083752
v -2.813411 17.410748 15.065892
v -2.107827 18.302439 15.083752
v -1.946484 17.874641 15.065058
v -1.074562 18.615873 15.083752
v -1.005697 18.160810 15.063655
v -6.273250 13.254702 14.718245
v -6.156673 14.438334 14.718245
v -5.799458 15.615913 14.718245
v -5.219373 16.701170 14.718245
v -4.438715 17.652414 14.718245
v -3.487475 18.433071 14.718245
v -2.402217 19.013157 14.718245
v -1.224640 19.370373 14.718245
v -21.498867 5.428860 13.260439
v -21.493319 6.339302 14.718237
v -21.487131 5.638642 15.083744
v -21.498661 7.019396 13.193874
v -6.784737 13.281745 13.207768
v -6.662092 14.539938 13.207768
v -6.275554 15.814190 13.207768
v -5.647849 16.988539 13.207768
v -4.803101 18.017870 13.207768
v -3.773771 18.862617 13.207768
v -2.599422 19.490320 13.207768
v -1.325174 19.876860 13.207768
v -5.319021 5.482464 14.783347
v -5.889349 5.331335 14.709156
v -5.917998 5.240919 15.083745
v -5.309991 5.475159 15.083745
v -5.079078 6.056144 14.783399
v -5.070603 6.049030 15.083745
v -5.770062 5.853198 15.083752
v -5.507680 6.418986 15.083752
v -6.355666 5.638658 15.083752
v -6.516285 6.572260 14.718245
v -6.273251 7.144729 14.718245
v -7.092930 6.339316 14.718245
v -7.107726 7.158125 13.206898
v -6.865613 7.728745 13.205384
v -7.669656 7.098453 13.194081
v -6.400447 6.466875 14.465209
v -6.943629 6.236377 14.369386
v -6.154910 7.038382 14.467837
v -21.483454 5.240386 15.083744
v -6.194124 5.425407 13.260365
v -0.000000 14.786883 15.059935
v -0.000000 15.458111 14.785008
v -0.000000 15.861352 14.039560
v -0.000000 15.931334 13.575158
v -0.000000 16.416306 13.210604
v -0.000000 13.240431 15.321165
v -0.000000 14.636566 15.321165
v -0.000000 16.326832 15.081980
v -0.000000 16.826759 15.083752
v -0.000000 17.596037 14.718245
v -0.000000 16.384832 14.783908
v -0.000000 17.395567 14.520108
v -0.000000 18.160818 13.207768
v -0.000000 2.377238 13.260313
v -0.000000 2.438811 15.317902
v 0.270197 14.608998 15.321165
v 0.532643 14.528775 15.321165
v 0.775452 14.400415 15.321165
v 0.986573 14.228622 15.321165
v 1.158703 14.017382 15.321165
v 1.287567 13.774519 15.321165
v 1.368174 13.511672 15.321165
v 1.395782 13.241826 15.321165
v 0.433987 15.413975 14.784780
v 0.300186 14.756088 15.059536
v 0.848435 15.287055 14.784617
v 0.590402 14.666924 15.059248
v 1.231387 15.083965 14.784780
v 0.858563 14.524604 15.059536
v 1.569608 14.808567 14.785008
v 1.092507 14.333932 15.059935
v 1.845139 14.470753 14.784780
v 1.283090 14.099715 15.059536
v 2.048304 14.088169 14.784617
v 1.425356 13.831302 15.059248
v 2.175432 13.674030 14.784780
v 1.514377 13.540872 15.059536
v 2.219760 13.240430 14.785008
v 1.545038 13.240423 15.059935
v 0.514369 15.809199 14.039619
v 1.003449 15.659606 14.039663
v 1.455361 15.420000 14.039619
v 1.856226 15.093697 14.039560
v 2.182790 14.693651 14.039619
v 2.422540 14.242479 14.039663
v 2.572561 13.754031 14.039619
v 2.625100 13.240430 14.039560
v 0.528319 15.877793 13.575395
v 1.030351 15.724258 13.575558
v 1.494232 15.478317 13.575395
v 1.905969 15.143184 13.575158
v 2.241390 14.732338 13.575395
v 2.487490 14.269265 13.575558
v 2.641483 13.767912 13.575395
v 2.695446 13.240430 13.575158
v 0.624993 16.353130 13.210987
v 1.216784 16.172314 13.211253
v 1.763602 15.882460 13.210987
v 2.250680 15.486114 13.210604
v 2.647478 15.000420 13.210987
v 2.937577 14.454857 13.211253
v 3.119104 13.864126 13.210987
v 3.182942 13.240431 13.210604
v 4.299175 3.746771 13.260365
v 3.960067 3.746770 14.784189
v 3.206366 3.816291 14.784565
v 3.201989 3.745540 13.211046
v 3.110379 13.844051 14.783716
v 3.172757 13.210935 14.783562
v 4.168235 13.244381 14.513537
v 4.091069 14.027459 14.514445
v 2.930765 14.436156 14.783687
v 3.853703 14.809955 14.514445
v 2.639083 14.981852 14.783665
v 3.468241 15.531098 14.514445
v 2.246553 15.460155 14.783665
v 2.949497 16.163197 14.514445
v 1.768249 15.852685 14.783672
v 2.317405 16.681936 14.514446
v 1.222557 16.144369 14.783687
v 1.596258 17.067404 14.514453
v 0.630448 16.323982 14.783761
v 0.813766 17.304768 14.514453
v 4.932852 13.287519 13.207768
v 4.845848 14.183933 13.207768
v 4.564690 15.110795 13.207768
v 4.108111 15.964979 13.207768
v 3.493664 16.713696 13.207768
v 2.744953 17.328148 13.207768
v 1.890759 17.784725 13.207768
v 0.963900 18.065882 13.207768
v 3.612729 13.217093 15.083752
v 3.111130 13.159735 15.082962
v 3.048957 13.791833 15.082335
v 3.543639 13.918575 15.083752
v 2.869721 14.382623 15.082519
v 3.338036 14.596358 15.083752
v 2.578674 14.927093 15.082651
v 3.004151 15.221007 15.083752
v 2.187014 15.404333 15.082688
v 2.554822 15.768518 15.083752
v 1.709780 15.795991 15.082651
v 2.007312 16.217852 15.083752
v 1.165309 16.087034 15.082519
v 1.382662 16.551731 15.083752
v 0.574520 16.266277 15.082290
v 0.704876 16.757338 15.083752
v 4.298133 14.068648 14.718245
v 4.378299 13.254702 14.718245
v 4.048753 14.890746 14.718245
v 3.643781 15.648391 14.718245
v 3.098784 16.312479 14.718245
v 2.434698 16.857479 14.718245
v 1.677050 17.262453 14.718245
v 0.854953 17.511833 14.718245
v 21.470783 3.193845 13.260365
v 21.483393 3.789288 15.084667
v 3.875111 4.186796 15.083752
v 3.144114 3.752709 15.083161
v 3.612729 4.752586 15.083752
v 3.963295 3.789262 15.084401
v 4.378300 5.478330 14.718245
v 4.621333 4.905861 14.718245
v 5.197981 4.672915 14.718245
v 5.259219 5.444564 13.207046
v 5.015762 6.019702 13.205842
v 5.815656 5.383905 13.194058
v 4.506839 4.801693 14.464876
v 4.262064 5.373488 14.466929
v 5.039927 4.570447 14.265182
v 21.504408 4.672900 14.718237
v 21.505884 5.352609 13.193873
v 21.212973 2.667099 13.260372
v 21.512396 3.683765 15.258255
v 21.453228 3.201089 15.321165
v 21.229923 2.662226 15.321165
v 20.691414 2.376743 13.260372
v 20.690321 2.438912 15.321165
v 3.147753 3.695591 15.321165
v 3.967077 3.692396 15.321165
v 1.632797 3.925900 15.321165
v 2.236893 3.692210 15.321165
v 1.395740 4.581052 15.321165
v 2.605375 3.787411 14.032917
v 2.222768 3.746087 14.797539
v 2.709962 3.747312 13.572288
v 1.612397 3.981654 15.045087
v -0.270197 14.608998 15.321165
v -0.532643 14.528775 15.321165
v -0.775452 14.400415 15.321165
v -0.986573 14.228622 15.321165
v -1.158704 14.017382 15.321165
v -1.287567 13.774519 15.321165
v -1.368175 13.511672 15.321165
v -1.395782 13.241826 15.321165
v -0.300186 14.756088 15.059536
v -0.433988 15.413975 14.784780
v -0.590403 14.666924 15.059248
v -0.848436 15.287055 14.784617
v -0.858564 14.524604 15.059536
v -1.231388 15.083965 14.784780
v -1.092508 14.333932 15.059935
v -1.569608 14.808567 14.785008
v -1.283090 14.099715 15.059536
v -1.845139 14.470753 14.784780
v -1.425356 13.831302 15.059248
v -2.048304 14.088169 14.784617
v -1.514377 13.540872 15.059536
v -2.175433 13.674030 14.784780
v -1.545038 13.240423 15.059935
v -2.219760 13.240430 14.785008
v -0.514370 15.809199 14.039619
v -1.003449 15.659606 14.039663
v -1.455362 15.420000 14.039619
v -1.856227 15.093697 14.039560
v -2.182790 14.693651 14.039619
v -2.422540 14.242479 14.039663
v -2.572562 13.754031 14.039619
v -2.625100 13.240430 14.039560
v -0.528320 15.877793 13.575395
v -1.030352 15.724258 13.575558
v -1.494233 15.478317 13.575395
v -1.905969 15.143184 13.575158
v -2.241390 14.732338 13.575395
v -2.487490 14.269265 13.575558
v -2.641483 13.767912 13.575395
v -2.695447 13.240430 13.575158
v -0.624994 16.353130 13.210987
v -1.216785 16.172314 13.211253
v -1.763603 15.882460 13.210987
v -2.250680 15.486114 13.210604
v -2.647478 15.000420 13.210987
v -2.937578 14.454857 13.211253
v -3.119104 13.864126 13.210987
v -3.182942 13.240431 13.210604
v -4.299176 3.746771 13.260365
v -3.201989 3.745540 13.211046
v -3.206367 3.816291 14.784565
v -3.960067 3.746770 14.784189
v -3.110379 13.844051 14.783716
v -4.091069 14.027459 14.514445
v -4.168236 13.244381 14.513537
v -3.172757 13.210935 14.783562
v -2.930765 14.436156 14.783687
v -3.853703 14.809955 14.514445
v -2.639084 14.981852 14.783665
v -3.468241 15.531098 14.514445
v -2.246553 15.460155 14.783665
v -2.949498 16.163197 14.514445
v -1.768250 15.852685 14.783672
v -2.317405 16.681936 14.514446
v -1.222557 16.144369 14.783687
v -1.596259 17.067404 14.514453
v -0.630449 16.323982 14.783761
v -0.813767 17.304768 14.514453
v -4.845848 14.183933 13.207768
v -4.932852 13.287519 13.207768
v -4.564690 15.110795 13.207768
v -4.108111 15.964979 13.207768
v -3.493665 16.713696 13.207768
v -2.744953 17.328148 13.207768
v -1.890759 17.784725 13.207768
v -0.963901 18.065882 13.207768
v -3.612729 13.217093 15.083752
v -3.543639 13.918575 15.083752
v -3.048957 13.791833 15.082335
v -3.111130 13.159735 15.082962
v -3.338036 14.596358 15.083752
v -2.869721 14.382623 15.082519
v -3.004152 15.221007 15.083752
v -2.578675 14.927093 15.082651
v -2.554822 15.768518 15.083752
v -2.187014 15.404333 15.082688
v -2.007312 16.217852 15.083752
v -1.709780 15.795991 15.082651
v -1.382663 16.551731 15.083752
v -1.165310 16.087034 15.082519
v -0.704877 16.757338 15.083752
v -0.574520 16.266277 15.082290
v -4.378299 13.254702 14.718245
v -4.298133 14.068648 14.718245
v -4.048754 14.890746 14.718245
v -3.643782 15.648391 14.718245
v -3.098784 16.312479 14.718245
v -2.434698 16.857479 14.718245
v -1.677051 17.262453 14.718245
v -0.854954 17.511833 14.718245
v -21.470783 3.193845 13.260365
v -21.504408 4.672900 14.718237
v -21.483393 3.789288 15.084667
v -21.505884 5.352609 13.193873
v -3.875111 4.186796 15.083752
v -3.612729 4.752586 15.083752
v -3.144114 3.752709 15.083161
v -3.963295 3.789262 15.084401
v -4.621333 4.905861 14.718245
v -4.378301 5.478330 14.718245
v -5.197981 4.672915 14.718245
v -5.259219 5.444564 13.207046
v -5.015762 6.019702 13.205842
v -5.815656 5.383905 13.194058
v -4.506839 4.801693 14.464876
v -4.262064 5.373488 14.466929
v -5.039927 4.570447 14.265182
v -1.395741 4.581052 15.321165
v -21.453228 3.201089 15.321165
v -21.229923 2.662226 15.321165
v -21.212973 2.667099 13.260372
v -20.690321 2.438912 15.321165
v -20.691414 2.376743 13.260372
v -21.512396 3.683765 15.258255
v -3.147753 3.695591 15.321165
v -3.967077 3.692396 15.321165
v -1.632798 3.925900 15.321165
v -2.236893 3.692210 15.321165
v -1.612398 3.981654 15.045087
v -2.605376 3.787411 14.032917
v -2.222768 3.746087 14.797539
v -2.709962 3.747312 13.572288
v 6.417831 21.758686 13.191326
v 5.375826 28.607893 13.005909
v -0.000002 28.739603 13.004884
v 1.931665 23.639977 13.191326
v 4.106595 23.059525 13.191326
v 7.494667 20.855333 13.191326
v 8.803449 19.334217 13.191327
v 10.312092 28.161800 13.006924
v 10.371819 15.671304 13.191327
v 12.408517 27.482162 13.007551
v 10.505725 28.794474 12.540396
v 5.289921 29.267557 12.537779
v 0.000000 29.395996 12.540775
v 13.975531 26.637188 13.008360
v 14.719675 25.017393 13.011242
v 12.739508 28.062046 12.549155
v 15.328584 25.273449 12.539641
v 14.423185 27.157017 12.540789
v 12.915906 28.481684 11.628131
v 10.547742 29.177374 11.628131
v 5.168993 29.664097 11.628131
v 10.815837 11.636187 13.191328
v 0.000000 29.803888 11.628131
v 14.716949 27.495358 11.628131
v 15.666969 25.517693 11.628131
v 16.956270 11.636175 13.005148
v 13.655152 29.900682 11.628131
v 10.882476 30.641811 11.628131
v 4.584965 31.211670 11.628131
v -0.000002 31.375338 11.628131
v 15.763842 28.713995 11.628131
v 17.656973 11.636163 12.510155
v 16.876143 26.398521 11.628131
v 18.062897 11.636161 11.628141
v 19.564953 11.636147 11.628141
v -6.417831 21.758686 13.191326
v -5.375826 28.607893 13.005909
v -4.106595 23.059525 13.191326
v -10.371819 15.671304 13.191327
v -10.815837 11.636187 13.191328
v -10.312092 28.161800 13.006924
v -12.408517 27.482162 13.007551
v -10.505725 28.794474 12.540396
v -5.289921 29.267557 12.537779
v -13.975531 26.637188 13.008360
v -12.739508 28.062046 12.549155
v -14.719675 25.017393 13.011242
v -10.547742 29.177374 11.628131
v -5.168993 29.664097 11.628131
v -14.423185 27.157017 12.540789
v -15.328584 25.273449 12.539641
v -12.915906 28.481684 11.628131
v -16.956270 11.636175 13.005148
v -14.716949 27.495358 11.628131
v -15.666969 25.517693 11.628131
v -17.656973 11.636163 12.510155
v -13.655152 29.900682 11.628131
v -10.882476 30.641811 11.628131
v -4.584965 31.211670 11.628131
v -18.062897 11.636161 11.628141
v -15.763842 28.713995 11.628131
v -16.876143 26.398521 11.628131
v -19.564953 11.636147 11.628141
v -7.494667 20.855333 13.191326
v -8.803449 19.334217 13.191327
v -1.931665 23.639977 13.191326
v 23.385351 13.124001 13.026459
v 24.454857 12.038835 13.026459
v 22.375971 10.972911 15.682376
v 22.364460 11.033604 15.838959
v 22.305063 11.039158 15.682379
v 24.373667 11.033604 15.838959
v 24.369545 10.972198 15.682585
v 24.435474 11.039163 15.682615
v 24.454857 11.033604 13.026459
v 24.373667 10.952410 13.026459
v 22.375893 13.103547 15.682383
v 22.305063 13.037657 15.682389
v 22.364460 13.042808 15.838959
v 24.373667 13.042808 15.838959
v 24.435474 13.037651 15.682625
v 24.369579 13.104298 15.682595
v 24.373667 13.124001 13.026459
v 24.454857 13.042808 13.026459
v 22.283266 13.042808 13.026459
v 22.364460 13.124001 13.026459
v 22.364460 10.952410 13.026459
v 22.283266 11.033604 13.026459
v 22.376078 14.394173 15.686226
v 22.364460 14.454686 15.838959
v 22.305265 14.460320 15.686230
v 24.435297 14.460328 15.686469
v 24.373667 14.454686 15.838959
v 24.369503 14.393476 15.686440
v 24.373667 16.463894 15.838959
v 24.435297 16.458652 15.686479
v 24.369541 16.525190 15.686449
v 24.373667 16.545082 13.026459
v 24.454857 16.463894 13.026459
v 22.375994 16.524454 15.686236
v 22.305265 16.458658 15.686239
v 22.364460 16.463894 15.838959
v 24.454857 14.454686 13.026459
v 24.373667 14.373497 13.026459
v 22.283266 16.463894 13.026459
v 22.364460 16.545082 13.026459
v 22.364460 14.373497 13.026459
v 22.283266 14.454686 13.026459
v -23.385351 13.124001 13.026459
v -24.454857 12.038835 13.026459
v -22.375971 10.972911 15.682376
v -22.364460 11.033604 15.838959
v -22.305063 11.039158 15.682379
v -24.373667 11.033604 15.838959
v -24.369545 10.972198 15.682585
v -24.435474 11.039163 15.682615
v -24.454857 11.033604 13.026459
v -24.373667 10.952410 13.026459
v -22.375893 13.103547 15.682383
v -22.305063 13.037657 15.682389
v -22.364460 13.042808 15.838959
v -24.373667 13.042808 15.838959
v -24.435474 13.037651 15.682625
v -24.369579 13.104298 15.682595
v -24.373667 13.124001 13.026459
v -24.454857 13.042808 13.026459
v -22.283266 13.042808 13.026459
v -22.364460 13.124001 13.026459
v -22.364460 10.952410 13.026459
v -22.283266 11.033604 13.026459
v -22.376078 14.394173 15.686226
v -22.364460 14.454686 15.838959
v -22.305265 14.460320 15.686230
v -24.435297 14.460328 15.686469
v -24.373667 14.454686 15.838959
v -24.369503 14.393476 15.686440
v -24.373667 16.463894 15.838959
v -24.435297 16.458652 15.686479
v -24.369541 16.525190 15.686449
v -24.373667 16.545082 13.026459
v -24.454857 16.463894 13.026459
v -22.375994 16.524454 15.686236
v -22.305265 16.458658 15.686239
v -22.364460 16.463894 15.838959
v -24.454857 14.454686 13.026459
v -24.373667 14.373497 13.026459
v -22.283266 16.463894 13.026459
v -22.364460 16.545082 13.026459
v -22.364460 14.373497 13.026459
v -22.283266 14.454686 13.026459
v 15.968830 3.732798 15.398094
v 12.491043 3.732796 15.398094
v 11.920967 5.370115 15.398094
v 12.597250 7.002804 15.398094
v 14.229937 7.679086 15.398094
v 15.862624 7.002805 15.398094
v 16.538906 5.370117 15.398094
v 15.968830 3.732798 10.320965
v 12.491043 3.732796 10.320965
v 11.920967 5.370115 10.320965
v 12.597250 7.002804 10.320965
v 14.229937 7.679086 10.320965
v 15.862624 7.002805 10.320965
v 16.538906 5.370117 10.320965
v 14.229938 5.370117 15.349857
v 15.945964 3.654092 16.242472
v 15.158647 3.128022 16.242472
v 14.229939 2.943290 16.242472
v 13.301230 3.128021 16.242472
v 12.513912 3.654090 16.242472
v 11.987843 4.441410 16.242472
v 11.803112 5.370115 16.242472
v 11.987843 6.298822 16.242472
v 12.513911 7.086142 16.242472
v 13.301229 7.612212 16.242472
v 14.229938 7.796944 16.242472
v 15.158645 7.612212 16.242472
v 15.945964 7.086143 16.242472
v 16.472033 6.298823 16.242472
v 16.656763 5.370117 16.242472
v 16.472033 4.441412 16.242472
v 15.370217 4.897799 16.719002
v 15.464168 5.370117 16.719002
v 15.370216 5.842436 16.719002
v 15.102668 6.242848 16.719002
v 14.702256 6.510396 16.719002
v 14.229938 6.604346 16.719002
v 13.757619 6.510396 16.719002
v 13.357205 6.242847 16.719002
v 13.089658 5.842435 16.719002
v 12.995708 5.370116 16.719002
v 13.089658 4.897797 16.719002
v 13.357205 4.497384 16.719002
v 13.757619 4.229837 16.719002
v 14.229938 4.135887 16.719002
v 14.702256 4.229837 16.719002
v 15.102671 4.497385 16.719002
v 14.229938 5.370117 16.712797
v 16.086182 3.513874 15.356489
v 16.655237 4.365526 15.356489
v 15.234532 2.944818 15.356489
v 14.229939 2.744992 15.356489
v 13.225345 2.944817 15.356489
v 12.373694 3.513871 15.356489
v 11.804638 4.365523 15.356489
v 11.604814 5.370115 15.356489
v 11.804638 6.374707 15.356489
v 12.373693 7.226360 15.356489
v 13.225344 7.795417 15.356489
v 14.229938 7.995243 15.356489
v 15.234529 7.795417 15.356489
v 16.086182 7.226361 15.356489
v 16.655237 6.374709 15.356489
v 16.855062 5.370117 15.356489
v -14.232762 5.370117 15.349857
v -15.949126 3.654092 16.242472
v -15.161654 3.128022 16.242472
v -14.232760 2.943290 16.242472
v -13.303868 3.128021 16.242472
v -12.516396 3.654090 16.242472
v -11.990219 4.441410 16.242472
v -11.805452 5.370115 16.242472
v -11.990219 6.298822 16.242472
v -12.516393 7.086142 16.242472
v -13.303865 7.612212 16.242472
v -14.232762 7.796944 16.242472
v -15.161651 7.612212 16.242472
v -15.949126 7.086143 16.242472
v -16.475302 6.298823 16.242472
v -16.660067 5.370117 16.242472
v -16.475302 4.441412 16.242472
v -15.373267 4.897799 16.719002
v -15.467237 5.370117 16.719002
v -15.373264 5.842436 16.719002
v -15.105664 6.242847 16.719002
v -14.705173 6.510396 16.719002
v -14.232762 6.604346 16.719002
v -13.760348 6.510396 16.719002
v -13.359855 6.242847 16.719002
v -13.092254 5.842435 16.719002
v -12.998285 5.370116 16.719002
v -13.092254 4.897797 16.719002
v -13.359855 4.497384 16.719002
v -13.760348 4.229837 16.719002
v -14.232762 4.135887 16.719002
v -14.705173 4.229837 16.719002
v -15.105665 4.497385 16.719002
v -14.232762 5.370117 16.712797
v -16.089371 3.513874 15.356489
v -16.658541 4.365526 15.356489
v -15.237552 2.944818 15.356489
v -14.232760 2.744992 15.356489
v -13.227969 2.944817 15.356489
v -12.376149 3.513871 15.356489
v -11.806980 4.365524 15.356489
v -11.607116 5.370115 15.356489
v -11.806980 6.374707 15.356489
v -12.376147 7.226360 15.356489
v -13.227968 7.795417 15.356489
v -14.232762 7.995243 15.356489
v -15.237551 7.795417 15.356489
v -16.089371 7.226361 15.356489
v -16.658541 6.374709 15.356489
v -16.858404 5.370117 15.356489
v -15.968830 3.732798 15.398094
v -12.491043 3.732796 15.398094
v -11.920967 5.370115 15.398094
v -12.597250 7.002804 15.398094
v -14.229937 7.679086 15.398094
v -15.862624 7.002805 15.398094
v -16.538904 5.370117 15.398094
v -15.968830 3.732798 10.320965
v -12.491043 3.732796 10.320965
v -11.920967 5.370115 10.320965
v -12.597250 7.002804 10.320965
v -14.229937 7.679086 10.320965
v -15.862624 7.002805 10.320965
v -16.538904 5.370117 10.320965
v 5.164413 20.559082 13.012838
v 3.818653 21.336056 13.012838
v 5.696569 24.516487 12.984990
v 6.380617 25.109400 12.982034
v 7.139475 24.659258 12.982034
v 6.984476 23.772997 12.984990
v 5.149316 20.490372 12.785437
v 3.766587 21.288692 12.785437
v 5.666436 24.574415 12.785436
v 6.380955 25.160496 12.797227
v 7.199217 24.687757 12.797227
v 7.049166 23.776094 12.785436
v 6.863489 25.203749 12.982034
v 6.975453 25.139109 12.982034
v 7.023952 25.192652 12.797255
v 6.905816 25.260855 12.797255
v 4.457954 20.889536 13.012838
v 21.515675 0.893131 -13.435304
v 21.515675 30.436104 -13.435304
v 10.728283 13.375427 15.083744
v 21.515675 10.351854 13.435304
v 26.021690 10.351849 -13.435304
v 10.636675 13.410710 13.433627
v 17.591961 13.376935 13.154767
v 10.757835 32.645153 -13.435296
v -0.000003 32.702576 -13.330059
v 15.877233 25.517853 12.569300
v 13.139432 29.028027 12.569300
v 14.905402 27.542358 12.674830
v 17.591949 30.360529 15.083744
v 17.591949 31.391748 14.960133
v 17.591949 31.918909 14.608135
v 17.591949 32.271160 14.081326
v 17.591949 32.394840 13.459918
v 5.297529 29.591906 8.379887
v -0.000003 29.729584 8.379887
v 17.325779 13.428806 8.379889
v 15.636992 25.386023 8.379887
v 13.002434 28.597809 8.670198
v 10.595057 29.112532 8.379883
v 17.589142 27.072271 15.060370
v 10.695200 13.326280 14.780446
v 17.591961 11.554854 13.081196
v 17.325779 11.624252 8.379889
v 16.726564 25.530033 13.954136
v 9.984025 8.751665 13.435304
v 11.536914 10.429155 13.435304
v 10.962810 10.589660 13.435304
v 10.646982 11.234658 13.487150
v 10.753613 11.167147 15.083745
v 11.051721 10.678572 15.083752
v 17.272327 13.376935 13.380382
v 16.921680 17.145731 8.379887
v 17.181656 17.150970 13.023233
v 17.323225 17.152788 13.784295
v 21.515675 17.150963 13.435304
v 26.021690 17.150963 -13.435304
v 26.021690 4.627929 -13.435304
v 25.737400 3.198686 -13.435304
v 24.927801 1.987029 -13.435304
v 23.716156 1.177426 -13.435304
v 24.803827 30.436104 -13.435304
v 25.412758 30.272938 -13.435304
v 25.858524 29.827171 -13.435304
v 26.021690 29.218241 -13.435304
v 4.121378 3.401104 13.435304
v -0.000003 2.743563 13.435304
v 21.515675 30.436104 12.259171
v 21.515675 29.259972 13.435304
v 21.515675 29.848038 13.277729
v 21.515675 30.278534 12.847238
v 24.782833 30.276690 12.849091
v 24.726158 29.846205 13.279590
v 24.739672 29.245785 13.435300
v 24.803827 30.436104 12.259171
v 21.515675 0.893131 12.756900
v 21.515675 1.562922 13.435304
v 25.862278 29.197258 12.849091
v 25.431789 29.140572 13.279583
v 26.021690 29.218241 12.259166
v 25.433636 10.351849 13.277729
v 25.864120 10.351849 12.847238
v 26.021690 10.351849 12.259171
v 24.845570 10.351849 13.435304
v 25.433636 17.150963 13.277729
v 25.864120 17.150963 12.847238
v 26.021690 17.150963 12.259171
v 24.845570 17.150963 13.435304
v 25.432589 4.685951 13.278770
v 25.863087 4.643551 12.848278
v 26.021690 4.627929 12.259171
v 24.845570 4.743768 13.435304
v 23.653051 1.329752 12.851454
v 23.485086 1.735270 13.281945
v 23.257248 2.285320 13.435304
v 23.716156 1.177426 12.259171
v 24.811226 2.103614 12.851454
v 24.500847 2.413985 13.281945
v 24.079857 2.834973 13.435304
v 24.927801 1.987029 12.259171
v 25.585077 3.261779 12.851454
v 25.179560 3.429750 13.281945
v 24.629517 3.657589 13.435304
v 25.737400 3.198686 12.259171
v 25.104563 29.739122 13.285319
v 25.327394 30.125090 12.854828
v 25.412758 30.272938 12.259171
v 25.324709 29.518963 13.285319
v 25.710676 29.741810 12.854828
v 25.858524 29.827171 12.259171
v 20.903271 32.273567 -13.435304
v 21.515675 31.638313 -13.435304
v 20.903156 32.273567 13.459919
v 21.515675 31.638206 13.399504
v 21.515675 24.773592 14.459812
v 20.892628 30.272263 15.083744
v 21.515675 30.210863 14.460675
v 20.896067 31.270729 14.960135
v 21.515675 31.006363 14.376318
v 20.899755 31.797766 14.608130
v 20.902208 32.149906 14.081326
v 21.515675 31.549227 13.841675
v 20.891756 24.773592 15.083744
v 20.891739 17.150970 15.083744
v 21.515675 17.150970 14.459812
v 23.927561 2.834296 -13.725616
v 20.490934 29.346764 -13.725616
v 24.715736 29.196239 -13.725616
v 20.442963 31.258619 -13.725616
v 10.575626 31.215681 -13.725610
v -0.000003 31.215681 -13.725610
v 25.279243 13.742308 -13.725616
v 14.055057 30.045086 12.601186
v 16.185152 27.328194 13.831239
v 14.361242 29.652941 13.047957
v 16.062618 31.839466 12.589698
v 14.380142 29.320524 13.189082
v 14.385300 29.497065 13.127604
v 14.264710 29.781803 12.918232
v 14.169729 29.912888 12.761879
v 21.515675 24.773579 13.435304
v 19.553818 5.928648 13.435304
v 11.181986 13.375427 15.083752
v 11.827623 13.375649 14.183122
v 11.965302 13.428171 13.451051
v 10.524402 15.280705 15.082873
v 9.912978 17.296276 15.082829
v 8.920055 19.153818 15.083264
v 7.583863 20.781979 15.083198
v 5.955703 22.118172 15.083161
v 4.098145 23.111057 15.083147
v 2.082580 23.722471 15.083176
v -0.000003 23.925205 15.083168
v 10.977797 15.397319 15.083752
v 10.340861 17.497019 15.083752
v 9.306521 19.432123 15.083752
v 7.914548 21.128252 15.083752
v 6.218421 22.520218 15.083752
v 4.283323 23.554552 15.083752
v 2.183619 24.191494 15.083752
v -0.000003 24.456362 15.071076
v 11.732288 15.547392 14.718237
v 11.051574 17.791412 14.718237
v 9.946151 19.859510 14.718237
v 8.458508 21.672211 14.718237
v 6.645808 23.159845 14.718245
v 4.577712 24.265266 14.718245
v 2.333698 24.945986 14.718245
v -0.000003 25.243828 14.580494
v 10.490716 15.235500 14.783687
v 9.878465 17.253824 14.783687
v 8.884219 19.113918 14.783665
v 7.546195 20.744308 14.783649
v 5.915803 22.082333 14.783643
v 4.055705 23.076572 14.783635
v 2.037382 23.688824 14.783694
v -0.000003 23.890814 14.783835
v 11.614132 15.551180 14.183328
v 10.933424 17.799297 14.183232
v 9.839568 19.872532 14.182996
v 8.387886 21.661449 14.182818
v 6.664022 23.158310 14.182214
v 4.590117 24.266417 14.182242
v 2.339976 24.948748 14.182260
v -0.000003 25.233358 13.965391
v 11.745755 15.669565 13.451051
v 11.045255 17.978807 13.451051
v 9.934226 20.107014 13.451051
v 8.492680 21.903652 13.451051
v 6.838975 23.434536 13.451051
v 4.711619 24.574284 13.402493
v 2.401530 25.272591 13.343068
v -0.000003 25.405779 13.352703
v -0.000003 3.022917 12.867689
v 10.443082 11.315715 12.867689
v 9.665391 8.940111 12.867689
v 3.989846 3.670509 12.867689
v 12.400311 11.589540 13.382021
v -0.000003 15.754203 -13.725616
v 17.373503 2.033133 -13.725801
v 19.624298 2.031448 -13.725424
v 19.339373 0.917452 -13.464628
v 17.731094 0.935622 -13.486541
v 17.947784 0.930712 10.054737
v 19.151451 0.924334 10.050042
v 18.913481 0.925574 10.297450
v 18.191360 0.929736 10.292430
v 17.955101 0.127484 -13.486541
v 18.136358 -0.000476 -13.486541
v 17.947784 0.243098 10.050099
v 18.191362 -0.000476 10.050099
v 18.964733 -0.000476 -13.486541
v 19.132784 0.135674 -13.486541
v 19.151451 0.243098 10.050099
v 18.907873 -0.000476 10.050099
v 18.191362 0.243098 10.295102
v 18.907873 0.243098 10.295102
v 19.341232 0.892281 -13.702058
v 19.132162 0.141585 -13.727277
v 18.946497 0.003876 -13.727299
v 18.138662 0.001227 -13.727328
v 18.528917 0.901689 -13.715473
v 17.957457 0.128097 -13.727336
v 17.735029 0.911171 -13.724759
v 19.151451 0.917515 -13.250457
v 17.947784 0.935571 -13.240482
v 17.656881 25.541716 15.083744
v 17.666685 17.150970 15.083744
v 17.671366 13.297559 15.083744
v 12.360716 13.375427 13.480801
v 12.003280 13.375428 14.588504
v 20.891739 10.351104 15.083752
v 11.555239 10.453285 15.072168
v 26.253761 17.150959 13.237738
v 26.410650 17.150959 12.649486
v 25.823780 17.150959 13.668737
v 25.235891 17.150959 13.827005
v 21.515675 10.351330 13.835510
v 21.515675 10.351102 14.459819
v 25.823780 10.351104 13.668737
v 25.235891 10.351104 13.827005
v 26.253761 10.351104 13.237738
v 26.410650 10.351104 12.649486
v 21.515675 17.150965 13.835761
v 26.410650 10.351102 -13.435304
v 26.410650 17.150959 -13.435304
v 10.757835 32.645153 12.475381
v -0.000003 32.704540 12.430330
v 17.477594 32.398163 12.530207
v -0.000003 29.915043 12.497435
v 5.375903 29.737350 12.500262
v 13.108867 28.552048 12.500810
v 10.755134 29.298479 12.499776
v 12.056259 15.668827 13.538671
v 11.371241 17.931904 13.534585
v 10.340642 19.953671 13.529786
v 8.915582 21.820740 13.532724
v 7.055510 23.502663 13.533326
v 4.845803 24.726166 13.530680
v 2.483778 25.450624 13.531012
v -0.000003 25.701481 13.528715
v 14.880625 26.960552 8.379887
v 14.369762 27.580498 8.436543
v 14.484825 27.623438 12.554379
v 15.029229 27.031902 12.568022
v -0.000003 0.893131 12.756900
v -0.000003 1.562922 13.435304
v -0.000003 0.935622 -13.486541
v -0.000003 2.033133 -13.725801
v -26.021696 29.218241 12.259166
v -26.021696 17.150963 12.259171
v -26.021696 17.150963 -13.435304
v -26.021696 29.218241 -13.435304
v -14.905409 27.542358 12.674830
v -15.029236 27.031902 12.568022
v -15.877236 25.517853 12.569300
v -15.636996 25.386023 8.379887
v -16.921686 17.145731 8.379887
v -17.181662 17.150970 13.023233
v -14.880630 26.960552 8.379887
v -16.726572 25.530033 13.954136
v -17.656887 25.541716 15.083744
v -17.589148 27.072271 15.060370
v -16.185160 27.328194 13.831239
v -17.591955 30.360529 15.083744
v -14.380150 29.320524 13.189082
v -17.591955 31.918909 14.608135
v -17.591955 32.271160 14.081326
v -14.264717 29.781803 12.918232
v -14.361246 29.652941 13.047957
v -17.591955 31.391748 14.960133
v -14.385305 29.497065 13.127604
v -17.325785 13.428806 8.379889
v -17.325785 11.624252 8.379889
v -17.591965 11.554854 13.081196
v -17.591965 13.376935 13.154767
v -17.323231 17.152788 13.784295
v -10.753617 11.167147 15.083745
v -10.695207 13.326280 14.780446
v -10.636682 13.410710 13.433627
v -10.646989 11.234658 13.487150
v -10.962815 10.589660 13.435304
v -11.051725 10.678572 15.083752
v -17.272333 13.376935 13.380382
v -17.671371 13.297559 15.083744
v -23.716160 1.177426 12.259171
v -21.515678 0.893131 12.756900
v -21.515678 0.893131 -13.435304
v -23.716160 1.177426 -13.435304
v -24.927805 1.987029 12.259171
v -24.927805 1.987029 -13.435304
v -25.737404 3.198686 12.259171
v -25.737404 3.198686 -13.435304
v -26.021696 4.627929 12.259171
v -26.021696 4.627929 -13.435304
v -26.021696 10.351849 -13.435304
v -26.021696 10.351849 12.259171
v -21.515678 30.436104 12.259171
v -24.803831 30.436104 12.259171
v -24.803831 30.436104 -13.435304
v -21.515678 30.436104 -13.435304
v -24.782839 30.276690 12.849091
v -21.515678 30.278534 12.847238
v -21.515678 29.848038 13.277729
v -24.726164 29.846205 13.279590
v -24.739677 29.245785 13.435300
v -21.515678 29.259972 13.435304
v -25.327398 30.125090 12.854828
v -25.412762 30.272938 12.259171
v -25.104567 29.739122 13.285319
v -21.515678 1.562922 13.435304
v -23.485090 1.735270 13.281945
v -23.257252 2.285320 13.435304
v -23.653057 1.329752 12.851454
v -25.864124 17.150963 12.847238
v -25.862284 29.197258 12.849091
v -25.431793 29.140572 13.279583
v -25.433640 17.150963 13.277729
v -24.845573 17.150963 13.435304
v -25.324713 29.518963 13.285319
v -25.710682 29.741810 12.854828
v -25.858526 29.827171 12.259171
v -25.864124 10.351849 12.847238
v -25.863091 4.643551 12.848278
v -25.432592 4.685951 13.278770
v -25.433640 10.351849 13.277729
v -24.845573 10.351849 13.435304
v -24.845573 4.743768 13.435304
v -25.585083 3.261779 12.851454
v -25.179564 3.429750 13.281945
v -24.629520 3.657589 13.435304
v -24.500851 2.413985 13.281945
v -24.079863 2.834973 13.435304
v -24.811230 2.103614 12.851454
v -21.515678 24.773579 13.435304
v -21.515678 17.150963 13.435304
v -11.536921 10.421056 13.435304
v -9.984031 8.751665 13.435304
v -19.553822 5.928648 13.435304
v -21.515678 10.351854 13.435304
v -25.412762 30.272938 -13.435304
v -25.858526 29.827171 -13.435304
v -21.515678 31.638206 13.399504
v -21.515678 31.638313 -13.435304
v -20.903275 32.273567 -13.435304
v -20.903160 32.273567 13.459919
v -20.891743 10.351104 15.083752
v -21.515678 10.351102 14.459819
v -21.515678 17.150970 14.459812
v -20.891743 17.150970 15.083744
v -21.515678 31.549227 13.841675
v -20.902212 32.149906 14.081326
v -21.515678 24.773592 14.459812
v -20.891760 24.773592 15.083744
v -20.896070 31.270729 14.960135
v -20.892632 30.272263 15.083744
v -21.515678 30.210863 14.460675
v -21.515678 31.006363 14.376318
v -20.899759 31.797766 14.608130
v -21.515678 17.150965 13.835761
v -17.591955 32.394840 13.459918
v -24.715742 29.196239 -13.725616
v -20.490938 29.346764 -13.725616
v -17.373508 2.033133 -13.725801
v -17.731100 0.935622 -13.486541
v -25.279249 13.742308 -13.725616
v -23.927565 2.834296 -13.725616
v -10.575632 31.215681 -13.725610
v -10.757840 32.645153 -13.435296
v -20.442966 31.258619 -13.725616
v -26.410654 17.150959 -13.435304
v -26.410654 10.351102 -13.435304
v -13.139437 29.028027 12.569300
v -14.169736 29.912888 12.761879
v -14.055060 30.045086 12.601186
v -4.121383 3.401104 13.435304
v -11.827628 13.375649 14.183122
v -11.965308 13.428171 13.451051
v -11.614139 15.551180 14.183328
v -10.490722 15.235500 14.783687
v -10.933429 17.799297 14.183232
v -9.878470 17.253824 14.783687
v -9.839575 19.872532 14.182996
v -8.884225 19.113918 14.783665
v -8.387891 21.661449 14.182818
v -7.546200 20.744308 14.783649
v -6.664027 23.158310 14.182214
v -5.915809 22.082333 14.783643
v -4.590121 24.266417 14.182242
v -4.055710 23.076572 14.783635
v -2.339982 24.948748 14.182260
v -2.037387 23.688824 14.783694
v -11.745762 15.669565 13.451051
v -11.045260 17.978807 13.451051
v -9.934232 20.107014 13.451051
v -8.492684 21.903652 13.451051
v -6.838980 23.434536 13.451051
v -4.711624 24.574284 13.402493
v -2.401536 25.272591 13.343068
v -10.340866 17.497019 15.083752
v -9.912984 17.296276 15.082829
v -10.524406 15.280705 15.082873
v -10.977802 15.397319 15.083752
v -8.920060 19.153818 15.083264
v -9.306527 19.432123 15.083752
v -7.583868 20.781979 15.083198
v -7.914554 21.128252 15.083752
v -5.955708 22.118172 15.083161
v -6.218426 22.520218 15.083752
v -4.098150 23.111057 15.083147
v -4.283328 23.554552 15.083752
v -2.082586 23.722471 15.083176
v -2.183625 24.191494 15.083752
v -11.732295 15.547392 14.718237
v -11.051580 17.791412 14.718237
v -9.946157 19.859510 14.718237
v -8.458512 21.672211 14.718237
v -6.645813 23.159845 14.718245
v -4.577717 24.265266 14.718245
v -2.333703 24.945986 14.718245
v -12.056266 15.668827 13.538671
v -11.371247 17.931904 13.534585
v -10.340648 19.953671 13.529786
v -8.915586 21.820740 13.532724
v -7.055514 23.502663 13.533326
v -4.845808 24.726166 13.530680
v -2.483783 25.450624 13.531012
v -10.728289 13.375427 15.083744
v -9.665398 8.940111 12.867689
v -3.989852 3.670509 12.867689
v -10.443088 11.315715 12.867689
v -17.477600 32.398163 12.530207
v -19.624302 2.031448 -13.725424
v -19.339376 0.917452 -13.464628
v -18.528921 0.901689 -13.715473
v -19.341236 0.892281 -13.702058
v -19.151455 0.924334 10.050042
v -19.151455 0.917515 -13.250457
v -18.913485 0.925574 10.297450
v -18.191364 0.929736 10.292430
v -19.132788 0.135674 -13.486541
v -17.955107 0.127484 -13.486541
v -17.947790 0.935571 -13.240482
v -17.947790 0.243098 10.050099
v -18.191368 0.243098 10.295102
v -17.947790 0.930712 10.054737
v -18.907879 0.243098 10.295102
v -19.151455 0.243098 10.050099
v -18.191368 -0.000476 10.050099
v -18.907879 -0.000476 10.050099
v -19.132166 0.141585 -13.727277
v -18.946501 0.003876 -13.727299
v -18.138668 0.001227 -13.727328
v -17.957462 0.128097 -13.727336
v -17.735035 0.911171 -13.724759
v -18.964737 -0.000476 -13.486541
v -18.136364 -0.000476 -13.486541
v -11.181993 13.375427 15.083752
v -12.400318 11.589540 13.382021
v -12.360721 13.375427 13.480801
v -17.666691 17.150970 15.083744
v -12.003286 13.375428 14.588504
v -11.555244 10.450889 15.054438
v -21.515678 10.351330 13.835510
v -26.253765 17.150959 13.237738
v -26.410654 17.150959 12.649486
v -25.823784 17.150959 13.668737
v -25.235895 17.150959 13.827005
v -25.235895 10.351104 13.827005
v -25.823784 10.351104 13.668737
v -26.253765 10.351104 13.237738
v -26.410654 10.351104 12.649486
v -10.757840 32.645153 12.475381
v -16.062624 31.839466 12.589698
v -5.375907 29.737350 12.500262
v -5.297534 29.591906 8.379887
v -13.002439 28.597809 8.670198
v -14.369769 27.580498 8.436543
v -14.484830 27.623438 12.554379
v -13.108871 28.552048 12.500810
v -10.595061 29.112532 8.379883
v -10.755138 29.298479 12.499776
v 21.312428 10.351103 14.832511
v -21.291828 10.351103 14.847547
vt 0.322578 0.599090
vt 0.324950 0.610650
vt 0.269419 0.612634
vt 0.318764 0.587994
vt 0.311605 0.579985
vt 0.304300 0.573588
vt 0.295800 0.567496
vt 0.272545 0.665234
vt 0.263157 0.665006
vt 0.283306 0.663649
vt 0.295192 0.658831
vt 0.300890 0.655177
vt 0.308124 0.648723
vt 0.313992 0.641044
vt 0.318421 0.632280
vt 0.321697 0.622245
vt 0.221446 0.586403
vt 0.216240 0.597073
vt 0.227933 0.576565
vt 0.236879 0.570564
vt 0.245560 0.566171
vt 0.255325 0.562379
vt 0.253980 0.662989
vt 0.243882 0.658872
vt 0.233450 0.651326
vt 0.228751 0.646405
vt 0.223224 0.638360
vt 0.219327 0.629437
vt 0.217133 0.619792
vt 0.216464 0.609194
vt 0.273108 0.673605
vt 0.262225 0.673279
vt 0.285542 0.671677
vt 0.299093 0.666150
vt 0.305848 0.661897
vt 0.314167 0.654434
vt 0.320858 0.645659
vt 0.325829 0.635985
vt 0.329648 0.625766
vt 0.251563 0.670987
vt 0.239937 0.666182
vt 0.227954 0.657661
vt 0.222442 0.651825
vt 0.216050 0.642584
vt 0.211544 0.632412
vt 0.208927 0.621702
vt 0.207681 0.610622
vt 0.332251 0.953258
vt 0.285606 0.994771
vt 0.243062 0.995914
vt 0.243089 0.846383
vt 0.329877 0.990773
vt 0.366681 0.846405
vt 0.391758 0.846409
vt 0.383607 0.900063
vt 0.372017 0.960659
vt 0.364195 0.976935
vt 0.349370 0.985050
vt 0.243091 0.835213
vt 0.331450 0.834362
vt 0.391760 0.831363
vt 0.153888 0.953226
vt 0.200518 0.994756
vt 0.156249 0.990742
vt 0.119496 0.846360
vt 0.102551 0.900013
vt 0.094420 0.846356
vt 0.114120 0.960613
vt 0.121936 0.976892
vt 0.136758 0.985012
vt 0.154731 0.834330
vt 0.094423 0.831309
vt 0.234825 0.224422
vt 0.231656 0.224273
vt 0.225784 0.218755
vt 0.226696 0.217626
vt 0.255377 0.252536
vt 0.253280 0.263976
vt 0.239211 0.262301
vt 0.244985 0.251946
vt 0.255468 0.222742
vt 0.244812 0.223377
vt 0.238719 0.213701
vt 0.253518 0.211530
vt 0.319806 0.203510
vt 0.319846 0.174044
vt 0.331180 0.173990
vt 0.331152 0.203695
vt 0.226510 0.257450
vt 0.234525 0.250745
vt 0.225643 0.256355
vt 0.231702 0.250996
vt 0.332055 0.175132
vt 0.331932 0.202544
vt 0.264010 0.364236
vt 0.263510 0.361442
vt 0.291813 0.361355
vt 0.291423 0.364261
vt 0.262446 0.354383
vt 0.292816 0.354250
vt 0.261648 0.387410
vt 0.261204 0.397884
vt 0.252449 0.394529
vt 0.253548 0.386835
vt 0.259955 0.406974
vt 0.249439 0.399627
vt 0.258561 0.415368
vt 0.245989 0.403527
vt 0.261831 0.348949
vt 0.293387 0.348773
vt 0.261103 0.343868
vt 0.293855 0.343695
vt 0.261641 0.378285
vt 0.253349 0.383887
vt 0.308358 0.203813
vt 0.308398 0.173788
vt 0.297584 0.387279
vt 0.289391 0.387705
vt 0.289541 0.378354
vt 0.297942 0.384239
vt 0.298417 0.395034
vt 0.289531 0.398065
vt 0.301063 0.400185
vt 0.290584 0.407286
vt 0.304577 0.404046
vt 0.291912 0.415566
vt 0.343821 0.224894
vt 0.352089 0.218242
vt 0.352981 0.219386
vt 0.346986 0.224801
vt 0.323116 0.252948
vt 0.333461 0.252283
vt 0.339125 0.262574
vt 0.324745 0.264174
vt 0.323170 0.223137
vt 0.325002 0.211528
vt 0.340078 0.214165
vt 0.333835 0.223756
vt 0.228667 0.203390
vt 0.217198 0.203543
vt 0.217248 0.173839
vt 0.228705 0.173924
vt 0.343896 0.251182
vt 0.351861 0.257849
vt 0.346725 0.251451
vt 0.352738 0.256762
vt 0.216420 0.202391
vt 0.216370 0.174979
vt 0.300080 0.343896
vt 0.327492 0.343896
vt 0.327880 0.346998
vt 0.299577 0.346890
vt 0.328876 0.354086
vt 0.298507 0.353926
vt 0.216865 0.373622
vt 0.209425 0.373703
vt 0.208276 0.366080
vt 0.216743 0.363309
vt 0.205312 0.361160
vt 0.215789 0.354332
vt 0.201952 0.357300
vt 0.214674 0.346036
vt 0.329443 0.359265
vt 0.297887 0.359073
vt 0.329906 0.364464
vt 0.297154 0.364262
vt 0.216584 0.382595
vt 0.208599 0.376838
vt 0.239987 0.203722
vt 0.240028 0.173698
vt 0.251654 0.374630
vt 0.252463 0.377831
vt 0.244023 0.383367
vt 0.244157 0.374167
vt 0.253015 0.366964
vt 0.244605 0.363984
vt 0.255935 0.362164
vt 0.245917 0.354948
vt 0.259580 0.358554
vt 0.247473 0.346846
vt 0.289555 0.212507
vt 0.274192 0.203769
vt 0.274231 0.173744
vt 0.289340 0.263074
vt 0.029845 0.722278
vt 0.021231 0.721879
vt 0.020948 0.706897
vt 0.029724 0.707570
vt 0.030008 0.737342
vt 0.021484 0.737209
vt 0.030262 0.752440
vt 0.021788 0.752524
vt 0.030898 0.766393
vt 0.022534 0.766816
vt 0.031861 0.780512
vt 0.023523 0.781119
vt 0.032785 0.794852
vt 0.024424 0.795475
vt 0.033260 0.809407
vt 0.024830 0.809888
vt 0.032782 0.824714
vt 0.024390 0.824279
vt 0.064578 0.319253
vt 0.065830 0.333135
vt 0.062205 0.333941
vt 0.061003 0.320529
vt 0.066648 0.347514
vt 0.063069 0.348055
vt 0.067296 0.362060
vt 0.063751 0.362386
vt 0.067807 0.376653
vt 0.064270 0.376768
vt 0.068175 0.391257
vt 0.064619 0.391161
vt 0.068399 0.405876
vt 0.064794 0.405572
vt 0.068228 0.420311
vt 0.064418 0.419705
vt 0.067263 0.435045
vt 0.063423 0.434772
vt 0.070864 0.318009
vt 0.072275 0.332452
vt 0.073115 0.347115
vt 0.073763 0.361773
vt 0.074273 0.376435
vt 0.074637 0.391104
vt 0.074844 0.405786
vt 0.074771 0.420505
vt 0.074037 0.435134
vt 0.179653 0.069313
vt 0.184845 0.068936
vt 0.182821 0.083728
vt 0.059936 0.334074
vt 0.058943 0.320833
vt 0.060741 0.348163
vt 0.061387 0.362477
vt 0.061895 0.376839
vt 0.062254 0.391210
vt 0.062466 0.405603
vt 0.062145 0.419578
vt 0.061226 0.434587
vt 0.174280 0.072703
vt 0.176791 0.084285
vt 0.169885 0.085302
vt 0.084250 0.316865
vt 0.085801 0.332216
vt 0.086624 0.347109
vt 0.087261 0.361815
vt 0.087771 0.376503
vt 0.088126 0.391212
vt 0.088281 0.405893
vt 0.087779 0.421051
vt 0.086773 0.435683
vt 0.057964 0.286481
vt 0.055462 0.289281
vt 0.053273 0.288593
vt 0.055886 0.284006
vt 0.055373 0.292900
vt 0.052988 0.293130
vt 0.059278 0.289967
vt 0.059095 0.294393
vt 0.061740 0.286342
vt 0.067072 0.291829
vt 0.066817 0.297139
vt 0.069651 0.286879
vt 0.081484 0.295811
vt 0.081348 0.300428
vt 0.083778 0.292989
vt 0.027581 0.670397
vt 0.030005 0.673427
vt 0.020723 0.679182
vt 0.018918 0.675927
vt 0.031142 0.677762
vt 0.021783 0.684158
vt 0.009133 0.683851
vt 0.007911 0.681846
vt 0.009492 0.689200
vt 0.008456 0.707276
vt 0.117533 0.222789
vt 0.119281 0.224608
vt 0.123824 0.228462
vt 0.193920 0.066758
vt 0.282665 0.067501
vt 0.284511 0.070428
vt 0.133695 0.237224
vt 0.012304 0.823843
vt 0.012556 0.810022
vt 0.012095 0.796232
vt 0.011185 0.782209
vt 0.010232 0.767895
vt 0.009754 0.753351
vt 0.009454 0.738109
vt 0.009157 0.722737
vt 0.015147 0.667033
vt 0.282804 0.082899
vt 0.191896 0.081550
vt 0.029845 0.926306
vt 0.029724 0.941015
vt 0.020948 0.941688
vt 0.021231 0.926705
vt 0.030008 0.911242
vt 0.021484 0.911375
vt 0.030262 0.896144
vt 0.021788 0.896061
vt 0.030598 0.881943
vt 0.022259 0.881755
vt 0.031003 0.867766
vt 0.022677 0.867401
vt 0.031455 0.853625
vt 0.023100 0.853034
vt 0.032022 0.839532
vt 0.023634 0.838669
vt 0.064472 0.551102
vt 0.060898 0.549823
vt 0.062112 0.536411
vt 0.065737 0.537220
vt 0.062989 0.522298
vt 0.066568 0.522843
vt 0.063685 0.507969
vt 0.067229 0.508297
vt 0.064216 0.493587
vt 0.067754 0.493705
vt 0.063879 0.479493
vt 0.067635 0.479256
vt 0.063322 0.465006
vt 0.067098 0.464620
vt 0.063074 0.450221
vt 0.066943 0.449740
vt 0.072181 0.537910
vt 0.070757 0.552351
vt 0.073034 0.523248
vt 0.073696 0.508590
vt 0.074219 0.493928
vt 0.074357 0.479218
vt 0.073787 0.464557
vt 0.073481 0.449895
vt 0.171852 0.091671
vt 0.168684 0.106086
vt 0.166660 0.091294
vt 0.058839 0.549517
vt 0.059844 0.536276
vt 0.060662 0.522188
vt 0.061321 0.507875
vt 0.061842 0.493513
vt 0.061557 0.479563
vt 0.061016 0.465073
vt 0.060788 0.450240
vt 0.177225 0.095062
vt 0.181620 0.107660
vt 0.174714 0.106644
vt 0.084142 0.553508
vt 0.085707 0.538159
vt 0.086544 0.523266
vt 0.087194 0.508560
vt 0.087717 0.493873
vt 0.087452 0.478707
vt 0.086798 0.464050
vt 0.086421 0.449862
vt 0.057828 0.583868
vt 0.055747 0.586341
vt 0.053139 0.581751
vt 0.055328 0.581066
vt 0.052858 0.577214
vt 0.055243 0.577447
vt 0.059146 0.580383
vt 0.058966 0.575956
vt 0.061604 0.584010
vt 0.066691 0.573218
vt 0.066940 0.578528
vt 0.069515 0.583481
vt 0.081224 0.569942
vt 0.081357 0.574559
vt 0.083648 0.577383
vt 0.027581 0.978187
vt 0.018918 0.972657
vt 0.020723 0.969402
vt 0.030005 0.975158
vt 0.021783 0.964427
vt 0.031142 0.970823
vt 0.007911 0.966738
vt 0.009133 0.964734
vt 0.009492 0.959385
vt 0.008456 0.941308
vt 0.117339 0.647614
vt 0.119089 0.645797
vt 0.123635 0.641947
vt 0.193920 0.066758
vt 0.284511 0.070428
vt 0.282665 0.067501
vt 0.133514 0.633194
vt 0.011353 0.838044
vt 0.010788 0.852374
vt 0.010368 0.866663
vt 0.009977 0.880925
vt 0.009754 0.895233
vt 0.009454 0.910475
vt 0.009157 0.925848
vt 0.015147 0.981552
vt 0.191896 0.081550
vt 0.282804 0.082899
vt 0.085843 0.743987
vt 0.077435 0.743654
vt 0.077613 0.731522
vt 0.086099 0.732083
vt 0.085816 0.756140
vt 0.077462 0.756042
vt 0.085889 0.768379
vt 0.077559 0.768427
vt 0.086051 0.780624
vt 0.077730 0.780810
vt 0.086320 0.792846
vt 0.078000 0.793189
vt 0.086736 0.805031
vt 0.078411 0.805569
vt 0.087230 0.816554
vt 0.078935 0.816866
vt 0.087136 0.828232
vt 0.078920 0.828232
vt 0.025523 0.340722
vt 0.028025 0.352362
vt 0.024424 0.353346
vt 0.021949 0.341949
vt 0.030206 0.364361
vt 0.026598 0.365137
vt 0.032057 0.376517
vt 0.028438 0.377114
vt 0.033571 0.388746
vt 0.029945 0.389169
vt 0.034745 0.401023
vt 0.031089 0.401271
vt 0.035578 0.413340
vt 0.031889 0.413411
vt 0.035959 0.425607
vt 0.032056 0.425488
vt 0.035847 0.438083
vt 0.031992 0.438031
vt 0.032030 0.338747
vt 0.034739 0.350763
vt 0.036971 0.363084
vt 0.038850 0.375467
vt 0.040385 0.387902
vt 0.041571 0.400378
vt 0.042400 0.412900
vt 0.043026 0.425430
vt 0.043138 0.437954
vt 0.021985 0.353778
vt 0.019591 0.342493
vt 0.024123 0.365521
vt 0.025939 0.377442
vt 0.027427 0.389438
vt 0.028576 0.401474
vt 0.029392 0.413557
vt 0.029598 0.425487
vt 0.029566 0.438120
vt 0.355539 0.210753
vt 0.367223 0.203011
vt 0.369073 0.208224
vt 0.357168 0.196592
vt 0.045682 0.336992
vt 0.048742 0.349378
vt 0.051046 0.362041
vt 0.052904 0.374640
vt 0.054421 0.387269
vt 0.055581 0.399953
vt 0.056320 0.412644
vt 0.056283 0.425477
vt 0.056040 0.437945
vt 0.007191 0.297285
vt 0.009161 0.292199
vt 0.011676 0.294785
vt 0.009488 0.297737
vt 0.007371 0.301823
vt 0.009786 0.301306
vt 0.013634 0.298070
vt 0.013917 0.302618
vt 0.015782 0.294112
vt 0.021855 0.299150
vt 0.022076 0.304779
vt 0.023991 0.293651
vt 0.036799 0.302272
vt 0.037193 0.307233
vt 0.038905 0.298711
vt 0.085214 0.681204
vt 0.088618 0.683886
vt 0.079147 0.690427
vt 0.076876 0.687308
vt 0.089679 0.688525
vt 0.079941 0.695360
vt 0.067644 0.695483
vt 0.065665 0.693579
vt 0.068278 0.700748
vt 0.066091 0.732171
vt 0.072771 0.207781
vt 0.075069 0.209381
vt 0.080478 0.212666
vt 0.091917 0.220332
vt 0.073103 0.678080
vt 0.067431 0.828232
vt 0.067333 0.817324
vt 0.067238 0.806480
vt 0.066864 0.794116
vt 0.066623 0.781835
vt 0.066469 0.769565
vt 0.066349 0.757257
vt 0.066163 0.744736
vt 0.378544 0.308388
vt 0.376421 0.202038
vt 0.389312 0.202542
vt 0.390254 0.310069
vt 0.368430 0.211258
vt 0.393329 0.309315
vt 0.085843 0.912477
vt 0.086099 0.924380
vt 0.077613 0.924941
vt 0.077435 0.912809
vt 0.085816 0.900324
vt 0.077462 0.900422
vt 0.085889 0.888084
vt 0.077559 0.888037
vt 0.086051 0.875840
vt 0.077730 0.875654
vt 0.086320 0.863617
vt 0.078000 0.863274
vt 0.086736 0.851432
vt 0.078411 0.850894
vt 0.087230 0.839909
vt 0.078935 0.839598
vt 0.028371 0.535709
vt 0.024762 0.534586
vt 0.026904 0.523122
vt 0.030532 0.524000
vt 0.028732 0.511272
vt 0.032361 0.511943
vt 0.030222 0.499246
vt 0.033857 0.499738
vt 0.031376 0.487153
vt 0.035013 0.487469
vt 0.032167 0.475023
vt 0.035828 0.475163
vt 0.032187 0.462992
vt 0.036068 0.462910
vt 0.032158 0.450720
vt 0.036060 0.450490
vt 0.037290 0.525402
vt 0.034932 0.537493
vt 0.039161 0.513021
vt 0.040677 0.500589
vt 0.041848 0.488115
vt 0.042670 0.475609
vt 0.043297 0.463082
vt 0.043110 0.450563
vt 0.024453 0.522761
vt 0.022390 0.534111
vt 0.026248 0.510961
vt 0.027714 0.498992
vt 0.028851 0.486957
vt 0.029649 0.474893
vt 0.029711 0.462961
vt 0.029704 0.450667
vt 0.353844 0.191219
vt 0.340309 0.188690
vt 0.342159 0.183477
vt 0.352214 0.177058
vt 0.048631 0.538848
vt 0.051327 0.526378
vt 0.053260 0.513653
vt 0.054750 0.501005
vt 0.055897 0.488337
vt 0.056687 0.475625
vt 0.056605 0.462764
vt 0.056246 0.450262
vt 0.011315 0.579662
vt 0.013598 0.579143
vt 0.015871 0.582030
vt 0.013433 0.584688
vt 0.011363 0.575121
vt 0.013792 0.575567
vt 0.017732 0.578689
vt 0.017883 0.574134
vt 0.019996 0.582583
vt 0.025975 0.571736
vt 0.025919 0.577370
vt 0.028214 0.582804
vt 0.041014 0.568842
vt 0.040765 0.573813
vt 0.042975 0.577310
vt 0.085214 0.975259
vt 0.076876 0.969155
vt 0.079147 0.966036
vt 0.088618 0.972577
vt 0.079941 0.961103
vt 0.089679 0.967939
vt 0.065665 0.962885
vt 0.067644 0.960980
vt 0.068278 0.955715
vt 0.066091 0.924292
vt 0.079481 0.667212
vt 0.081732 0.665546
vt 0.087043 0.662104
vt 0.098253 0.654107
vt 0.073103 0.978384
vt 0.067333 0.839139
vt 0.067238 0.849984
vt 0.066864 0.862347
vt 0.066623 0.874629
vt 0.066469 0.886898
vt 0.066349 0.899206
vt 0.066163 0.911728
vt 0.378544 0.308388
vt 0.390254 0.310069
vt 0.389312 0.202542
vt 0.376421 0.202038
vt 0.340952 0.191724
vt 0.393329 0.309315
vt 0.057054 0.776735
vt 0.050124 0.776201
vt 0.050348 0.768659
vt 0.057375 0.769194
vt 0.056703 0.784378
vt 0.049789 0.783997
vt 0.056371 0.792063
vt 0.049469 0.791786
vt 0.056086 0.799740
vt 0.049190 0.799571
vt 0.055868 0.807391
vt 0.048973 0.807358
vt 0.055753 0.814997
vt 0.048844 0.815158
vt 0.055836 0.822565
vt 0.048862 0.822983
vt 0.055981 0.830711
vt 0.049293 0.830695
vt 0.106666 0.374789
vt 0.106924 0.382794
vt 0.103924 0.383199
vt 0.103622 0.375243
vt 0.106947 0.390932
vt 0.103980 0.391199
vt 0.106815 0.399148
vt 0.103869 0.399291
vt 0.106705 0.407422
vt 0.103688 0.407317
vt 0.106333 0.415674
vt 0.103324 0.415437
vt 0.105946 0.423978
vt 0.102942 0.423655
vt 0.105615 0.432321
vt 0.102565 0.431942
vt 0.105198 0.440721
vt 0.102206 0.440506
vt 0.112145 0.374325
vt 0.112493 0.382404
vt 0.112480 0.390745
vt 0.112320 0.399091
vt 0.112323 0.407523
vt 0.111947 0.415906
vt 0.111530 0.424263
vt 0.111128 0.432605
vt 0.110993 0.440873
vt 0.102052 0.383349
vt 0.101735 0.375402
vt 0.102091 0.391308
vt 0.101967 0.399363
vt 0.101822 0.407210
vt 0.101466 0.415302
vt 0.101100 0.423506
vt 0.100732 0.431750
vt 0.100378 0.440468
vt 0.365831 0.177297
vt 0.377201 0.170283
vt 0.379251 0.175088
vt 0.367537 0.164295
vt 0.123287 0.373837
vt 0.123585 0.382201
vt 0.123597 0.390885
vt 0.123423 0.399408
vt 0.122965 0.407851
vt 0.122521 0.416251
vt 0.122102 0.424536
vt 0.121734 0.432741
vt 0.121542 0.440947
vt 0.094644 0.315497
vt 0.097470 0.311068
vt 0.099410 0.313865
vt 0.096888 0.316325
vt 0.094205 0.319936
vt 0.096661 0.319846
vt 0.100993 0.317471
vt 0.100522 0.321918
vt 0.103696 0.313998
vt 0.108889 0.320202
vt 0.108180 0.325890
vt 0.111987 0.315103
vt 0.122866 0.325387
vt 0.122149 0.330049
vt 0.125352 0.321925
vt 0.059570 0.716516
vt 0.061589 0.719155
vt 0.053632 0.724002
vt 0.052819 0.721182
vt 0.062271 0.722745
vt 0.054047 0.728112
vt 0.043877 0.726442
vt 0.042832 0.723343
vt 0.043939 0.731133
vt 0.040402 0.767922
vt 0.189190 0.230535
vt 0.191009 0.232773
vt 0.195430 0.237304
vt 0.205032 0.247168
vt 0.086778 0.296037
vt 0.164462 0.218260
vt 0.175421 0.226232
vt 0.090742 0.306758
vt 0.049682 0.713754
vt 0.039401 0.830671
vt 0.039019 0.822961
vt 0.038948 0.815063
vt 0.039063 0.807153
vt 0.039282 0.799270
vt 0.039567 0.791416
vt 0.039878 0.783585
vt 0.040131 0.775721
vt 0.379158 0.177740
vt 0.090898 0.310966
vt 0.056799 0.884690
vt 0.057084 0.892233
vt 0.050055 0.892735
vt 0.049867 0.885192
vt 0.056484 0.877046
vt 0.049568 0.877394
vt 0.056189 0.869360
vt 0.049285 0.869603
vt 0.055940 0.861681
vt 0.049043 0.861817
vt 0.055758 0.854029
vt 0.048862 0.854029
vt 0.055679 0.846423
vt 0.048771 0.846229
vt 0.055798 0.838855
vt 0.048825 0.838404
vt 0.104169 0.506592
vt 0.101145 0.506024
vt 0.101747 0.498085
vt 0.104731 0.498603
vt 0.102107 0.490092
vt 0.105061 0.490471
vt 0.102302 0.482001
vt 0.105240 0.482256
vt 0.102219 0.474078
vt 0.105266 0.473978
vt 0.102072 0.465883
vt 0.105130 0.465730
vt 0.102013 0.457556
vt 0.105077 0.457417
vt 0.102099 0.449186
vt 0.105194 0.449054
vt 0.110281 0.499203
vt 0.109627 0.507264
vt 0.110584 0.490868
vt 0.110739 0.482522
vt 0.110964 0.474019
vt 0.110866 0.465691
vt 0.110797 0.457415
vt 0.110795 0.449160
vt 0.099883 0.497864
vt 0.099265 0.505793
vt 0.100223 0.489912
vt 0.100404 0.481858
vt 0.100347 0.474229
vt 0.100202 0.465977
vt 0.100147 0.457569
vt 0.100256 0.449094
vt 0.386395 0.194076
vt 0.372976 0.191867
vt 0.375026 0.187062
vt 0.384689 0.181074
vt 0.120743 0.508173
vt 0.121357 0.499826
vt 0.121698 0.491149
vt 0.121847 0.482625
vt 0.121675 0.474197
vt 0.121579 0.465768
vt 0.121512 0.457435
vt 0.121506 0.449162
vt 0.089911 0.565386
vt 0.092184 0.564644
vt 0.094612 0.567198
vt 0.092096 0.569151
vt 0.089640 0.560934
vt 0.092090 0.561117
vt 0.096330 0.563654
vt 0.096028 0.559192
vt 0.098899 0.567227
vt 0.103831 0.555513
vt 0.104324 0.561224
vt 0.107226 0.566437
vt 0.118486 0.556572
vt 0.117946 0.551887
vt 0.120840 0.560126
vt 0.059021 0.944859
vt 0.052302 0.940223
vt 0.053129 0.937407
vt 0.061063 0.942292
vt 0.053562 0.933299
vt 0.061762 0.938704
vt 0.042326 0.938014
vt 0.043385 0.934921
vt 0.043469 0.930230
vt 0.040106 0.893425
vt 0.181171 0.653868
vt 0.183073 0.651700
vt 0.187663 0.647340
vt 0.197632 0.637846
vt 0.018004 0.487874
vt 0.007631 0.492648
vt 0.004545 0.375380
vt 0.017934 0.377476
vt 0.049449 0.947676
vt 0.038983 0.838380
vt 0.038874 0.846277
vt 0.038952 0.854188
vt 0.039134 0.862072
vt 0.039382 0.869927
vt 0.039656 0.877760
vt 0.039872 0.885625
vt 0.373069 0.194519
vt 0.004545 0.495063
vt 0.447781 0.487747
vt 0.447951 0.489773
vt 0.437392 0.489609
vt 0.447245 0.485775
vt 0.446365 0.483928
vt 0.445170 0.482290
vt 0.443682 0.480908
vt 0.441951 0.479813
vt 0.440054 0.479053
vt 0.438081 0.478680
vt 0.450132 0.489807
vt 0.449957 0.487363
vt 0.455309 0.486424
vt 0.455534 0.489892
vt 0.449324 0.484995
vt 0.454429 0.483098
vt 0.448268 0.482781
vt 0.452954 0.479985
vt 0.446828 0.480805
vt 0.450923 0.477173
vt 0.445042 0.479129
vt 0.448410 0.474781
vt 0.442970 0.477797
vt 0.445533 0.472878
vt 0.440702 0.476852
vt 0.442375 0.471478
vt 0.438331 0.476329
vt 0.439008 0.470607
vt 0.461654 0.485297
vt 0.462019 0.489993
vt 0.460440 0.480824
vt 0.458447 0.476650
vt 0.455720 0.472874
vt 0.452381 0.469668
vt 0.448602 0.467124
vt 0.444485 0.465234
vt 0.440116 0.463968
vt 0.465255 0.484641
vt 0.465722 0.490051
vt 0.463840 0.479506
vt 0.461546 0.474723
vt 0.458419 0.470401
vt 0.454602 0.466736
vt 0.450300 0.463830
vt 0.445625 0.461668
vt 0.440661 0.460241
vt 0.470078 0.483713
vt 0.470647 0.490128
vt 0.468390 0.477675
vt 0.465678 0.472073
vt 0.461989 0.467013
vt 0.457496 0.462739
vt 0.452451 0.459369
vt 0.446958 0.456873
vt 0.441030 0.455301
vt 0.517045 0.343203
vt 0.502398 0.345598
vt 0.499941 0.324571
vt 0.510109 0.323403
vt 0.210087 0.337275
vt 0.205512 0.330198
vt 0.210937 0.327049
vt 0.214747 0.334577
vt 0.205960 0.340515
vt 0.200394 0.334194
vt 0.202313 0.344292
vt 0.195887 0.338842
vt 0.199218 0.348532
vt 0.192070 0.344059
vt 0.196739 0.353156
vt 0.189015 0.349750
vt 0.194926 0.358073
vt 0.186784 0.355807
vt 0.193817 0.363190
vt 0.185430 0.362114
vt 0.193415 0.368544
vt 0.184985 0.368543
vt 0.198462 0.320123
vt 0.204911 0.316307
vt 0.192077 0.325103
vt 0.186410 0.330929
vt 0.181591 0.337499
vt 0.177725 0.344688
vt 0.174890 0.352356
vt 0.173141 0.360358
vt 0.172499 0.368543
vt 0.162898 0.411909
vt 0.165517 0.414946
vt 0.163365 0.416588
vt 0.160891 0.413642
vt 0.167851 0.418237
vt 0.165552 0.419702
vt 0.169893 0.421732
vt 0.167475 0.423024
vt 0.171624 0.425403
vt 0.169112 0.426518
vt 0.173030 0.429218
vt 0.170449 0.430152
vt 0.174104 0.433147
vt 0.171477 0.433894
vt 0.174850 0.437156
vt 0.172197 0.437708
vt 0.175160 0.441223
vt 0.172548 0.441335
vt 0.166054 0.408770
vt 0.168896 0.412005
vt 0.171536 0.415655
vt 0.173828 0.419520
vt 0.175763 0.423574
vt 0.177329 0.427786
vt 0.178516 0.432121
vt 0.179306 0.436547
vt 0.179730 0.441018
vt 0.162255 0.417807
vt 0.159924 0.414982
vt 0.164288 0.420753
vt 0.166075 0.423878
vt 0.167605 0.427159
vt 0.168865 0.430571
vt 0.169845 0.434091
vt 0.170531 0.437699
vt 0.170965 0.441406
vt 0.581646 0.086581
vt 0.569490 0.074807
vt 0.576674 0.071766
vt 0.564172 0.087356
vt 0.172169 0.403041
vt 0.175396 0.406659
vt 0.178520 0.410867
vt 0.181243 0.415363
vt 0.183542 0.420099
vt 0.185405 0.425031
vt 0.186821 0.430116
vt 0.187789 0.435317
vt 0.188318 0.440596
vt 0.130158 0.374327
vt 0.131432 0.377441
vt 0.126064 0.375324
vt 0.128862 0.372794
vt 0.135872 0.373226
vt 0.137328 0.376977
vt 0.136192 0.369114
vt 0.145179 0.371347
vt 0.146303 0.374060
vt 0.145923 0.368873
vt 0.271703 0.293441
vt 0.283408 0.299929
vt 0.268071 0.297252
vt 0.271969 0.288340
vt 0.260985 0.285848
vt 0.261576 0.281353
vt 0.257444 0.289176
vt 0.125169 0.376739
vt 0.182575 0.291053
vt 0.174408 0.286562
vt 0.529285 0.327308
vt 0.546705 0.338840
vt 0.281754 0.294337
vt 0.169689 0.284116
vt 0.349941 0.488244
vt 0.367928 0.476837
vt 0.581530 0.069822
vt 0.586321 0.069792
vt 0.586381 0.086586
vt 0.591121 0.069821
vt 0.591195 0.086648
vt 0.340918 0.314964
vt 0.342806 0.310312
vt 0.351307 0.307795
vt 0.759652 0.070129
vt 0.759626 0.087041
vt 0.577549 0.070343
vt 0.347179 0.308448
vt 0.125074 0.374546
vt 0.127728 0.372044
vt 0.168774 0.283427
vt 0.362459 0.474677
vt 0.360249 0.469373
vt 0.359156 0.461732
vt 0.358452 0.454907
vt 0.363230 0.473706
vt 0.492965 0.335598
vt 0.499044 0.320558
vt 0.361503 0.468160
vt 0.362119 0.461155
vt 0.361970 0.457308
vt 0.362185 0.452316
vt 0.495309 0.341743
vt 0.498351 0.317191
vt 0.486695 0.325797
vt 0.486254 0.318660
vt 0.477566 0.323647
vt 0.477548 0.319787
vt 0.468328 0.322548
vt 0.447718 0.491793
vt 0.447121 0.493747
vt 0.446184 0.495566
vt 0.444938 0.497166
vt 0.443407 0.498501
vt 0.441643 0.499541
vt 0.439723 0.500242
vt 0.437739 0.500553
vt 0.455201 0.493351
vt 0.449880 0.492245
vt 0.454218 0.496648
vt 0.449174 0.494592
vt 0.452646 0.499713
vt 0.448050 0.496772
vt 0.450528 0.502460
vt 0.446549 0.498702
vt 0.447942 0.504772
vt 0.444711 0.500321
vt 0.445007 0.506585
vt 0.442599 0.501589
vt 0.441806 0.507886
vt 0.440302 0.502462
vt 0.438415 0.508651
vt 0.437916 0.502911
vt 0.461508 0.494675
vt 0.460155 0.499108
vt 0.458032 0.503218
vt 0.455189 0.506906
vt 0.451752 0.510007
vt 0.447895 0.512432
vt 0.443720 0.514192
vt 0.439315 0.515322
vt 0.465087 0.495443
vt 0.463512 0.500531
vt 0.461070 0.505240
vt 0.457810 0.509463
vt 0.453879 0.513007
vt 0.449489 0.515778
vt 0.444750 0.517792
vt 0.439744 0.519063
vt 0.469878 0.496521
vt 0.468003 0.502504
vt 0.465117 0.508018
vt 0.461272 0.512961
vt 0.456648 0.517093
vt 0.451500 0.520303
vt 0.445932 0.522627
vt 0.439958 0.524012
vt 0.517045 0.343203
vt 0.510109 0.323403
vt 0.499941 0.324571
vt 0.502398 0.345598
vt 0.210085 0.399813
vt 0.214744 0.402512
vt 0.210934 0.410039
vt 0.205509 0.406890
vt 0.205959 0.396574
vt 0.200392 0.402894
vt 0.202311 0.392796
vt 0.195885 0.398246
vt 0.199216 0.388555
vt 0.192069 0.393028
vt 0.196737 0.383932
vt 0.189014 0.387338
vt 0.194925 0.379015
vt 0.186783 0.381280
vt 0.193817 0.373898
vt 0.185429 0.374973
vt 0.204907 0.420782
vt 0.198459 0.416965
vt 0.192074 0.411985
vt 0.186407 0.406158
vt 0.181589 0.399587
vt 0.177723 0.392399
vt 0.174889 0.384730
vt 0.173140 0.376728
vt 0.165398 0.471314
vt 0.163279 0.469719
vt 0.165531 0.466619
vt 0.167792 0.468107
vt 0.167481 0.463370
vt 0.169879 0.464668
vt 0.169138 0.459932
vt 0.171646 0.461041
vt 0.170482 0.456340
vt 0.173073 0.457256
vt 0.171498 0.452627
vt 0.174148 0.453348
vt 0.172182 0.448826
vt 0.174865 0.449351
vt 0.172544 0.444976
vt 0.175237 0.445297
vt 0.171384 0.470791
vt 0.168781 0.474210
vt 0.173751 0.466967
vt 0.175743 0.462942
vt 0.177348 0.458745
vt 0.178555 0.454415
vt 0.179355 0.449990
vt 0.179734 0.445511
vt 0.164344 0.465471
vt 0.162223 0.468447
vt 0.166149 0.462406
vt 0.167682 0.459178
vt 0.168931 0.455814
vt 0.169886 0.452336
vt 0.170541 0.448766
vt 0.170888 0.445124
vt 0.939862 0.086524
vt 0.944753 0.071441
vt 0.952091 0.074445
vt 0.957408 0.087192
vt 0.175268 0.479508
vt 0.178260 0.475660
vt 0.181088 0.471209
vt 0.183475 0.466485
vt 0.185400 0.461541
vt 0.186849 0.456430
vt 0.187816 0.451204
vt 0.188301 0.445910
vt 0.135363 0.511030
vt 0.131218 0.510318
vt 0.136429 0.507834
vt 0.134166 0.512643
vt 0.142333 0.507906
vt 0.141143 0.511754
vt 0.141761 0.515841
vt 0.150570 0.512975
vt 0.151488 0.510197
vt 0.151478 0.515388
vt 0.271698 0.443652
vt 0.268066 0.439840
vt 0.283404 0.437165
vt 0.271964 0.448752
vt 0.261570 0.455739
vt 0.260979 0.451244
vt 0.257439 0.447916
vt 0.130227 0.508968
vt 0.193682 0.590335
vt 0.185786 0.595520
vt 0.529285 0.327308
vt 0.546705 0.338840
vt 0.281749 0.442757
vt 0.181183 0.598312
vt 0.367564 0.500207
vt 0.939816 0.069523
vt 0.935052 0.086584
vt 0.934987 0.069569
vt 0.930149 0.086677
vt 0.930159 0.069643
vt 0.335515 0.661158
vt 0.345675 0.668647
vt 0.337257 0.665866
vt 0.943853 0.070003
vt 0.341570 0.667866
vt 0.130282 0.511160
vt 0.133088 0.513473
vt 0.180306 0.599070
vt 0.362029 0.502194
vt 0.359655 0.507427
vt 0.358324 0.515031
vt 0.357407 0.521830
vt 0.362770 0.503189
vt 0.492965 0.335598
vt 0.499044 0.320558
vt 0.360870 0.508679
vt 0.361268 0.515700
vt 0.360998 0.519540
vt 0.361058 0.524536
vt 0.495309 0.341743
vt 0.498351 0.317191
vt 0.486254 0.318660
vt 0.486695 0.325797
vt 0.477566 0.323647
vt 0.477548 0.319787
vt 0.468328 0.322548
vt 0.459139 0.435624
vt 0.514703 0.445117
vt 0.469545 0.454679
vt 0.488069 0.370383
vt 0.411820 0.400813
vt 0.380052 0.395736
vt 0.381183 0.345292
vt 0.511391 0.405661
vt 0.517599 0.403850
vt 0.521129 0.445654
vt 0.515602 0.488054
vt 0.521963 0.488065
vt 0.506514 0.389275
vt 0.512141 0.385994
vt 0.525399 0.402525
vt 0.529173 0.446314
vt 0.530032 0.488064
vt 0.500061 0.376991
vt 0.505042 0.372829
vt 0.491006 0.364607
vt 0.519522 0.382764
vt 0.382491 0.338417
vt 0.511165 0.367257
vt 0.495086 0.357689
vt 0.385539 0.331684
vt 0.530886 0.376909
vt 0.537135 0.399743
vt 0.541606 0.451033
vt 0.542701 0.488061
vt 0.521546 0.359471
vt 0.503117 0.348602
vt 0.384191 0.320010
vt 0.452066 0.426545
vt 0.440278 0.415210
vt 0.474144 0.472383
vt 0.474154 0.503769
vt 0.459165 0.540517
vt 0.469563 0.521472
vt 0.514702 0.531016
vt 0.511436 0.570490
vt 0.452092 0.549589
vt 0.506558 0.586882
vt 0.440301 0.560910
vt 0.521154 0.530481
vt 0.517642 0.572302
vt 0.512184 0.590168
vt 0.529198 0.529818
vt 0.525441 0.573626
vt 0.505077 0.603335
vt 0.500100 0.599165
vt 0.491026 0.611545
vt 0.488104 0.605764
vt 0.519563 0.593402
vt 0.381197 0.630765
vt 0.380044 0.580364
vt 0.411844 0.575281
vt 0.511193 0.608918
vt 0.495091 0.618469
vt 0.382527 0.637629
vt 0.537178 0.576404
vt 0.530925 0.599260
vt 0.541628 0.525091
vt 0.385602 0.644349
vt 0.521564 0.616717
vt 0.503094 0.627569
vt 0.384216 0.656024
vt 0.004640 0.196476
vt 0.004633 0.195741
vt 0.024734 0.195445
vt 0.024743 0.196314
vt 0.204933 0.174140
vt 0.208073 0.173444
vt 0.208094 0.214249
vt 0.205077 0.213402
vt 0.205705 0.171125
vt 0.165790 0.174365
vt 0.164938 0.171255
vt 0.205910 0.216533
vt 0.165011 0.216534
vt 0.165812 0.213507
vt 0.003259 0.148980
vt 0.003226 0.148269
vt 0.023304 0.147239
vt 0.023345 0.148107
vt 0.162766 0.173651
vt 0.162675 0.214319
vt 0.004378 0.180617
vt 0.004361 0.179885
vt 0.024458 0.179371
vt 0.024478 0.180240
vt 0.003909 0.164802
vt 0.003883 0.164093
vt 0.023973 0.163302
vt 0.024003 0.164171
vt 0.023659 0.155710
vt 0.024227 0.171647
vt 0.002431 0.133201
vt 0.022501 0.132053
vt 0.076738 0.165117
vt 0.077471 0.165135
vt 0.077061 0.185264
vt 0.076193 0.185242
vt 0.445604 0.726265
vt 0.446263 0.729340
vt 0.405555 0.729387
vt 0.406360 0.726426
vt 0.448562 0.726999
vt 0.445364 0.687144
vt 0.448411 0.686328
vt 0.124246 0.165396
vt 0.124956 0.165388
vt 0.125287 0.185519
vt 0.124418 0.185529
vt 0.403294 0.727225
vt 0.403274 0.686417
vt 0.406243 0.687180
vt 0.405467 0.684107
vt 0.446038 0.684178
vt 0.108413 0.165494
vt 0.109121 0.165494
vt 0.109211 0.185627
vt 0.108342 0.185628
vt 0.092593 0.165411
vt 0.093324 0.165419
vt 0.093135 0.185551
vt 0.092266 0.185541
vt 0.140042 0.165117
vt 0.140492 0.185244
vt 0.097746 0.210640
vt 0.097441 0.190540
vt 0.098310 0.190528
vt 0.098480 0.210631
vt 0.327007 0.539201
vt 0.327147 0.499843
vt 0.330174 0.498988
vt 0.330152 0.539889
vt 0.327787 0.542227
vt 0.286920 0.542096
vt 0.287766 0.538980
vt 0.287786 0.499741
vt 0.286978 0.496704
vt 0.327973 0.496707
vt 0.145260 0.210919
vt 0.145666 0.190819
vt 0.146535 0.190840
vt 0.145972 0.210936
vt 0.284732 0.539698
vt 0.284644 0.498935
vt 0.113606 0.210534
vt 0.113516 0.190432
vt 0.114386 0.190432
vt 0.114338 0.210534
vt 0.129428 0.210637
vt 0.129593 0.190533
vt 0.130462 0.190544
vt 0.130137 0.210646
vt 0.138059 0.190681
vt 0.122112 0.190483
vt 0.082660 0.210936
vt 0.082237 0.190836
vt 0.049852 0.182232
vt 0.029722 0.182539
vt 0.029711 0.181670
vt 0.049842 0.181498
vt 0.270920 0.530351
vt 0.271060 0.491010
vt 0.274029 0.490194
vt 0.274001 0.531002
vt 0.271662 0.533317
vt 0.230892 0.533184
vt 0.231702 0.530131
vt 0.050134 0.134725
vt 0.030004 0.134314
vt 0.030025 0.133446
vt 0.050150 0.134015
vt 0.231717 0.490914
vt 0.230948 0.487936
vt 0.271849 0.487937
vt 0.228726 0.530810
vt 0.228639 0.490144
vt 0.049848 0.150555
vt 0.029716 0.150388
vt 0.029727 0.149519
vt 0.049857 0.149847
vt 0.049745 0.166374
vt 0.029613 0.166464
vt 0.029613 0.165595
vt 0.049745 0.165643
vt 0.030021 0.197744
vt 0.050149 0.197316
vt 0.431998 0.304230
vt 0.431769 0.314683
vt 0.401470 0.314022
vt 0.401698 0.303569
vt 0.432232 0.293478
vt 0.401933 0.292816
vt 0.432467 0.282725
vt 0.402168 0.282063
vt 0.432702 0.271971
vt 0.402403 0.271310
vt 0.432936 0.261219
vt 0.402637 0.260557
vt 0.433165 0.250766
vt 0.402865 0.250105
vt 0.326196 0.313198
vt 0.322402 0.318503
vt 0.316618 0.312053
vt 0.318526 0.309520
vt 0.327917 0.306932
vt 0.319338 0.306446
vt 0.327024 0.300464
vt 0.318911 0.303300
vt 0.323707 0.294831
vt 0.317309 0.300558
vt 0.318487 0.290898
vt 0.314778 0.298639
vt 0.312163 0.289263
vt 0.311704 0.297835
vt 0.305698 0.290172
vt 0.308557 0.298267
vt 0.300075 0.293484
vt 0.305816 0.299870
vt 0.296149 0.298693
vt 0.303897 0.302399
vt 0.294515 0.305005
vt 0.303093 0.305468
vt 0.295421 0.311460
vt 0.303525 0.308611
vt 0.298726 0.317075
vt 0.305127 0.311350
vt 0.303927 0.320999
vt 0.307655 0.313268
vt 0.310233 0.322638
vt 0.310727 0.314075
vt 0.316702 0.321754
vt 0.313875 0.313649
vt 0.311219 0.305954
vt 0.164424 0.450742
vt 0.161844 0.457186
vt 0.146934 0.447478
vt 0.164341 0.443800
vt 0.161609 0.437419
vt 0.156994 0.462153
vt 0.150612 0.464885
vt 0.143671 0.464968
vt 0.137226 0.462388
vt 0.132260 0.457538
vt 0.129527 0.451156
vt 0.129445 0.444215
vt 0.132025 0.437770
vt 0.136875 0.432804
vt 0.143257 0.430071
vt 0.150198 0.429989
vt 0.156642 0.432569
vt 0.326328 0.322889
vt 0.318716 0.327426
vt 0.331844 0.315885
vt 0.334017 0.307222
vt 0.332718 0.298375
vt 0.328155 0.290713
vt 0.321016 0.285389
vt 0.312389 0.283204
vt 0.303588 0.284487
vt 0.295951 0.289038
vt 0.290638 0.296162
vt 0.288455 0.304773
vt 0.289731 0.313562
vt 0.294269 0.321190
vt 0.301375 0.326502
vt 0.309962 0.328692
vt 0.208056 0.468591
vt 0.213455 0.462492
vt 0.210800 0.470187
vt 0.206148 0.466059
vt 0.205336 0.462984
vt 0.205763 0.459838
vt 0.207365 0.457097
vt 0.209896 0.455178
vt 0.212970 0.454373
vt 0.216117 0.454806
vt 0.218859 0.456408
vt 0.220777 0.458937
vt 0.221582 0.462007
vt 0.221150 0.465150
vt 0.219548 0.467888
vt 0.217019 0.469806
vt 0.213947 0.470614
vt 0.207972 0.478293
vt 0.214441 0.479177
vt 0.220748 0.477538
vt 0.225949 0.473614
vt 0.229254 0.467998
vt 0.230159 0.461543
vt 0.228525 0.455231
vt 0.224599 0.450022
vt 0.218976 0.446711
vt 0.212511 0.445802
vt 0.206187 0.447437
vt 0.200967 0.451370
vt 0.197650 0.457003
vt 0.196757 0.463471
vt 0.198478 0.469736
vt 0.202272 0.475041
vt 0.445699 0.670258
vt 0.463188 0.666995
vt 0.448279 0.676703
vt 0.445781 0.663317
vt 0.448514 0.656935
vt 0.453129 0.681669
vt 0.459510 0.684402
vt 0.466451 0.684484
vt 0.472896 0.681904
vt 0.477863 0.677054
vt 0.480595 0.670673
vt 0.480678 0.663731
vt 0.478097 0.657287
vt 0.473247 0.652320
vt 0.466866 0.649588
vt 0.459925 0.649505
vt 0.453480 0.652085
vt 0.205958 0.483964
vt 0.198346 0.479428
vt 0.192830 0.472424
vt 0.190657 0.463760
vt 0.191956 0.454913
vt 0.196520 0.447251
vt 0.203659 0.441927
vt 0.212285 0.439743
vt 0.221086 0.441026
vt 0.228724 0.445577
vt 0.234037 0.452701
vt 0.236220 0.461312
vt 0.234943 0.470101
vt 0.230405 0.477729
vt 0.223300 0.483041
vt 0.214712 0.485230
vt 0.176062 0.537121
vt 0.168016 0.530444
vt 0.187368 0.507122
vt 0.195415 0.513798
vt 0.217217 0.571269
vt 0.209171 0.564593
vt 0.228523 0.541270
vt 0.236570 0.547946
vt 0.200894 0.557725
vt 0.220246 0.534402
vt 0.192617 0.550857
vt 0.211969 0.527534
vt 0.184339 0.543989
vt 0.203692 0.520666
vt 0.031992 0.203257
vt 0.037962 0.202727
vt 0.032321 0.231587
vt 0.030750 0.232131
vt 0.030459 0.203058
vt 0.033635 0.238842
vt 0.034618 0.237923
vt 0.037390 0.240065
vt 0.037145 0.241463
vt 0.041136 0.237885
vt 0.042161 0.238901
vt 0.038594 0.241493
vt 0.038291 0.240115
vt 0.045137 0.232154
vt 0.043587 0.231596
vt 0.043931 0.203293
vt 0.045464 0.203080
vt 0.450298 0.783597
vt 0.544873 0.763219
vt 0.544695 0.981341
vt 0.448511 0.980551
vt 0.978887 0.012728
vt 0.980847 0.007818
vt 0.991894 0.002998
vt 0.990060 0.564418
vt 0.992403 0.605836
vt 0.968777 0.608945
vt 0.968536 0.564783
vt 0.968626 0.555875
vt 0.990000 0.555610
vt 0.599744 0.596191
vt 0.586943 0.592423
vt 0.591307 0.581108
vt 0.608153 0.583031
vt 0.628591 0.569596
vt 0.599712 0.556481
vt 0.604677 0.544042
vt 0.607467 0.539520
vt 0.630217 0.566848
vt 0.602286 0.548633
vt 0.629285 0.568123
vt 0.994881 0.622470
vt 0.996740 0.629490
vt 0.980462 0.634700
vt 0.972001 0.630261
vt 0.582244 0.659968
vt 0.614040 0.600062
vt 0.589019 0.661563
vt 0.425660 0.220946
vt 0.435552 0.233869
vt 0.422234 0.234510
vt 0.412969 0.222407
vt 0.409680 0.216308
vt 0.422995 0.217472
vt 0.507523 0.078697
vt 0.510458 0.079720
vt 0.508584 0.093649
vt 0.577745 0.695422
vt 0.525599 0.101028
vt 0.543396 0.097026
vt 0.543441 0.307204
vt 0.525643 0.307204
vt 0.513909 0.101033
vt 0.513954 0.307204
vt 0.502220 0.101037
vt 0.502264 0.307205
vt 0.490530 0.101041
vt 0.490575 0.307206
vt 0.444659 0.307213
vt 0.444615 0.101053
vt 0.413682 0.770942
vt 0.436334 0.781611
vt 0.432354 0.979032
vt 0.404767 0.976153
vt 0.438356 0.777812
vt 0.417848 0.765653
vt 0.422410 0.760767
vt 0.440780 0.774177
vt 0.444186 0.771133
vt 0.427077 0.756085
vt 0.441934 0.779161
vt 0.440937 0.782738
vt 0.443072 0.775429
vt 0.396864 0.017923
vt 0.397061 0.010438
vt 0.412182 0.018464
vt 0.410312 0.022789
vt 0.414003 0.014117
vt 0.415897 0.009634
vt 0.542586 0.758004
vt 0.449173 0.779444
vt 0.447688 0.775399
vt 0.540347 0.752863
vt 0.538066 0.747857
vt 0.445150 0.775789
vt 0.445567 0.779693
vt 0.445602 0.783399
vt 0.442793 0.081976
vt 0.438056 0.082656
vt 0.433067 0.038399
vt 0.437707 0.037301
vt 0.428414 0.039519
vt 0.433266 0.083335
vt 0.428432 0.084001
vt 0.423773 0.040607
vt 0.429647 0.028054
vt 0.433822 0.025763
vt 0.425508 0.030352
vt 0.421360 0.032561
vt 0.419917 0.023167
vt 0.416748 0.026638
vt 0.423091 0.019642
vt 0.426323 0.016121
vt 0.465636 0.738908
vt 0.526042 0.721787
vt 0.321824 0.089024
vt 0.317308 0.090465
vt 0.308440 0.076427
vt 0.383375 0.052972
vt 0.401749 0.086253
vt 0.437719 0.979550
vt 0.443108 0.980056
vt 0.578861 0.531311
vt 0.581495 0.312767
vt 0.589455 0.312706
vt 0.586069 0.531642
vt 0.534293 0.648743
vt 0.520228 0.711412
vt 0.516412 0.710796
vt 0.577332 0.534052
vt 0.584144 0.535340
vt 0.548951 0.586740
vt 0.556441 0.589852
vt 0.541999 0.650632
vt 0.578847 0.542100
vt 0.574423 0.547385
vt 0.567894 0.543691
vt 0.573377 0.538441
vt 0.581782 0.538853
vt 0.528881 0.647378
vt 0.540356 0.583384
vt 0.610580 0.535136
vt 0.561205 0.537919
vt 0.556155 0.544970
vt 0.942747 0.750554
vt 0.969312 0.750502
vt 0.968477 0.760813
vt 0.934299 0.759707
vt 0.910588 0.982330
vt 0.912900 0.991571
vt 0.768090 0.991027
vt 0.768095 0.981897
vt 0.973946 0.886143
vt 0.980449 0.913720
vt 0.980647 0.960287
vt 0.963526 0.974901
vt 0.853904 0.744832
vt 0.855383 0.732964
vt 0.937528 0.735676
vt 0.933745 0.744252
vt 0.768229 0.744890
vt 0.768235 0.732493
vt 0.983337 0.858375
vt 0.980184 0.858375
vt 0.962429 0.988521
vt 0.945007 0.991148
vt 0.971990 0.981814
vt 0.978414 0.971911
vt 0.979341 0.760435
vt 0.974267 0.751863
vt 0.977923 0.755482
vt 0.942577 0.740808
vt 0.983604 0.913657
vt 0.640304 0.574582
vt 0.623624 0.585187
vt 0.631642 0.565889
vt 0.633171 0.564885
vt 0.634801 0.563887
vt 0.566114 0.529777
vt 0.569259 0.523080
vt 0.570736 0.312957
vt 0.315246 0.095574
vt 0.261293 0.035378
vt 0.425397 0.244111
vt 0.419403 0.243981
vt 0.348216 0.125756
vt 0.364421 0.128339
vt 0.362523 0.137612
vt 0.347481 0.135686
vt 0.330685 0.123510
vt 0.330350 0.133614
vt 0.312984 0.121681
vt 0.312921 0.131951
vt 0.295495 0.120588
vt 0.295344 0.131024
vt 0.278290 0.119896
vt 0.277779 0.130817
vt 0.260748 0.119976
vt 0.260306 0.130945
vt 0.243340 0.120094
vt 0.242869 0.131178
vt 0.225936 0.130924
vt 0.225976 0.119096
vt 0.365096 0.122702
vt 0.348403 0.120021
vt 0.330464 0.117711
vt 0.312457 0.115821
vt 0.295152 0.114683
vt 0.278429 0.113794
vt 0.260757 0.113508
vt 0.243253 0.113238
vt 0.225993 0.114266
vt 0.329430 0.139470
vt 0.329920 0.135891
vt 0.346945 0.137959
vt 0.346454 0.141476
vt 0.312649 0.134233
vt 0.312265 0.137776
vt 0.295246 0.133321
vt 0.295010 0.136901
vt 0.277850 0.133135
vt 0.277755 0.136774
vt 0.260517 0.133272
vt 0.260523 0.136939
vt 0.243173 0.133489
vt 0.243234 0.137104
vt 0.225914 0.137369
vt 0.225928 0.133255
vt 0.345908 0.147985
vt 0.328842 0.145898
vt 0.311847 0.144135
vt 0.294810 0.143278
vt 0.277726 0.143230
vt 0.260551 0.143443
vt 0.243251 0.143510
vt 0.225889 0.144563
vt 0.344614 0.157245
vt 0.327833 0.155266
vt 0.312238 0.153610
vt 0.296241 0.152822
vt 0.279011 0.153044
vt 0.261275 0.153380
vt 0.243660 0.153440
vt 0.225859 0.153252
vt 0.361947 0.139822
vt 0.304005 0.079375
vt 0.258937 0.039800
vt 0.229007 0.035245
vt 0.229097 0.030474
vt 0.310486 0.097385
vt 0.509109 0.064864
vt 0.614590 0.527232
vt 0.768158 0.870535
vt 0.929138 0.982179
vt 0.928386 0.991806
vt 0.920466 0.990647
vt 0.926698 0.991238
vt 0.562368 0.118795
vt 0.562407 0.305717
vt 0.560900 0.307435
vt 0.564276 0.116866
vt 0.570069 0.116994
vt 0.637138 0.027577
vt 0.637681 0.034150
vt 0.635287 0.034129
vt 0.637105 0.016910
vt 0.634878 0.010199
vt 0.637673 0.010267
vt 0.448268 0.015237
vt 0.446380 0.017477
vt 0.443122 0.015281
vt 0.445709 0.010281
vt 0.446350 0.023982
vt 0.442421 0.025777
vt 0.447780 0.026357
vt 0.445043 0.031046
vt 0.448513 0.017965
vt 0.448235 0.023653
vt 0.924887 0.996756
vt 0.923661 0.997709
vt 0.918044 0.997844
vt 0.916759 0.997134
vt 0.914509 0.991023
vt 0.926226 0.998027
vt 0.924486 0.999393
vt 0.917660 0.999717
vt 0.915632 0.998565
vt 0.637156 0.025756
vt 0.637137 0.018776
vt 0.617736 0.704759
vt 0.621662 0.705747
vt 0.616495 0.724996
vt 0.550318 0.065924
vt 0.550231 0.080223
vt 0.570448 0.657272
vt 0.560401 0.692240
vt 0.524675 0.712134
vt 0.553171 0.088837
vt 0.362044 0.143216
vt 0.362219 0.150542
vt 0.361626 0.159552
vt 0.422343 0.213476
vt 0.409228 0.210950
vt 0.426810 0.133524
vt 0.429902 0.134240
vt 0.182079 0.821132
vt 0.186802 0.821396
vt 0.189799 0.824488
vt 0.182758 0.824885
vt 0.177385 0.820657
vt 0.175892 0.824259
vt 0.388954 0.825085
vt 0.388766 0.828110
vt 0.172577 0.820633
vt 0.169944 0.823716
vt 0.142779 0.822310
vt 0.142952 0.819201
vt 0.174317 0.768717
vt 0.146451 0.765335
vt 0.147108 0.762255
vt 0.171878 0.765330
vt 0.178750 0.768564
vt 0.177825 0.764910
vt 0.183207 0.768736
vt 0.184306 0.765099
vt 0.187672 0.768292
vt 0.190117 0.765342
vt 0.391183 0.769294
vt 0.391134 0.772323
vt 0.510508 0.709883
vt 0.612813 0.728628
vt 0.439468 0.231320
vt 0.681960 0.317538
vt 0.670712 0.527983
vt 0.758755 0.322529
vt 0.759758 0.523491
vt 0.927977 0.056579
vt 0.965749 0.034212
vt 0.984577 0.055769
vt 0.998262 0.063695
vt 0.956979 0.023079
vt 0.968793 0.503484
vt 0.968800 0.476129
vt 0.989765 0.476115
vt 0.989789 0.503092
vt 0.988721 0.542801
vt 0.989733 0.551521
vt 0.968745 0.551786
vt 0.969112 0.543382
vt 0.989902 0.530113
vt 0.969004 0.530985
vt 0.957768 0.018072
vt 0.974321 0.012168
vt 0.816485 0.050997
vt 0.816594 0.021875
vt 0.873732 0.022305
vt 0.932129 0.021599
vt 0.623845 0.542219
vt 0.343795 0.159548
vt 0.326376 0.157347
vt 0.360420 0.162366
vt 0.309665 0.155439
vt 0.293809 0.154776
vt 0.278094 0.154559
vt 0.260873 0.155139
vt 0.243352 0.155485
vt 0.225850 0.155856
vt 0.607739 0.729688
vt 0.559790 0.092643
vt 0.572024 0.118914
vt 0.715989 0.098952
vt 0.716054 0.303017
vt 0.573821 0.304583
vt 0.572082 0.302644
vt 0.228651 0.021668
vt 0.228483 0.014277
vt 0.437521 0.137903
vt 0.434737 0.135358
vt 0.438460 0.141297
vt 0.525415 0.646500
vt 0.668289 0.614068
vt 0.870137 0.612237
vt 0.870946 0.710810
vt 0.647404 0.710993
vt 0.656459 0.018425
vt 0.641781 0.009082
vt 0.654105 0.013620
vt 0.989947 0.387812
vt 0.968422 0.387474
vt 0.968607 0.343313
vt 0.992237 0.346391
vt 0.968524 0.396382
vt 0.989898 0.396621
vt 0.902815 0.586249
vt 0.897041 0.571577
vt 0.913024 0.572839
vt 0.915246 0.584515
vt 0.880279 0.555025
vt 0.908873 0.548624
vt 0.905406 0.532477
vt 0.879620 0.552044
vt 0.878495 0.550740
vt 0.906937 0.536776
vt 0.880072 0.553468
vt 0.908036 0.541210
vt 0.994694 0.329754
vt 0.971803 0.321993
vt 0.980259 0.317543
vt 0.996544 0.322731
vt 0.915249 0.655444
vt 0.908909 0.657012
vt 0.889343 0.588160
vt 0.115972 0.724297
vt 0.103532 0.721395
vt 0.114121 0.710430
vt 0.127279 0.712591
vt 0.099566 0.727075
vt 0.112929 0.727445
vt 0.609232 0.051094
vt 0.608290 0.066172
vt 0.606283 0.052148
vt 0.918309 0.687636
vt 0.906378 0.100908
vt 0.906464 0.307081
vt 0.888667 0.307092
vt 0.888578 0.096918
vt 0.918067 0.100905
vt 0.918154 0.307074
vt 0.929757 0.100902
vt 0.929843 0.307067
vt 0.941446 0.100899
vt 0.941532 0.307061
vt 0.987361 0.100882
vt 0.987447 0.307039
vt 0.655320 0.576542
vt 0.865629 0.567406
vt 0.868580 0.595678
vt 0.666253 0.599757
vt 0.662360 0.601829
vt 0.649899 0.580811
vt 0.658635 0.604314
vt 0.644892 0.585487
vt 0.655515 0.607804
vt 0.640093 0.590270
vt 0.667409 0.604474
vt 0.663743 0.605496
vt 0.659918 0.606662
vt 0.061028 0.017811
vt 0.047577 0.022667
vt 0.045711 0.018341
vt 0.060837 0.010326
vt 0.043892 0.013993
vt 0.042001 0.009509
vt 0.642060 0.708649
vt 0.664033 0.612914
vt 0.636792 0.706354
vt 0.659887 0.611393
vt 0.631661 0.704017
vt 0.660287 0.608791
vt 0.664288 0.609219
vt 0.668086 0.609255
vt 0.015057 0.081833
vt 0.020171 0.037161
vt 0.024812 0.038263
vt 0.019794 0.082516
vt 0.029465 0.039385
vt 0.024583 0.083198
vt 0.034104 0.040477
vt 0.029416 0.083867
vt 0.024066 0.025626
vt 0.028239 0.027919
vt 0.032376 0.030220
vt 0.036521 0.032432
vt 0.041139 0.026512
vt 0.037973 0.023040
vt 0.034801 0.019512
vt 0.031570 0.015989
vt 0.622489 0.629787
vt 0.604944 0.691693
vt 0.135492 0.089222
vt 0.149210 0.076769
vt 0.139672 0.090776
vt 0.074495 0.052869
vt 0.056099 0.086137
vt 0.869111 0.601177
vt 0.869630 0.606699
vt 0.933670 0.525048
vt 0.926953 0.523342
vt 0.923920 0.310149
vt 0.931431 0.309847
vt 0.966497 0.701730
vt 0.952953 0.646370
vt 0.960194 0.644581
vt 0.970172 0.700825
vt 0.933649 0.528644
vt 0.927529 0.527571
vt 0.943718 0.585195
vt 0.950966 0.583217
vt 0.929831 0.536072
vt 0.935385 0.533954
vt 0.938497 0.539350
vt 0.932373 0.542585
vt 0.928442 0.531834
vt 0.959203 0.581383
vt 0.965292 0.643312
vt 0.903448 0.528408
vt 0.945595 0.534093
vt 0.948011 0.541321
vt 0.593705 0.750359
vt 0.602142 0.759521
vt 0.567963 0.760588
vt 0.567140 0.750277
vt 0.625602 0.982170
vt 0.623282 0.991407
vt 0.562353 0.885912
vt 0.572672 0.974683
vt 0.555567 0.960049
vt 0.555819 0.913482
vt 0.682553 0.744736
vt 0.602713 0.744066
vt 0.598940 0.735486
vt 0.681087 0.732867
vt 0.552993 0.858134
vt 0.556146 0.858137
vt 0.573756 0.988305
vt 0.591178 0.990954
vt 0.564201 0.981586
vt 0.557788 0.971676
vt 0.557100 0.760199
vt 0.562183 0.751632
vt 0.558523 0.755247
vt 0.593885 0.740613
vt 0.552664 0.913415
vt 0.869044 0.556189
vt 0.882076 0.570225
vt 0.877265 0.549362
vt 0.876265 0.547774
vt 0.943969 0.525473
vt 0.943106 0.517689
vt 0.941547 0.309502
vt 0.141469 0.096053
vt 0.197021 0.035456
vt 0.118363 0.701255
vt 0.112394 0.700697
vt 0.103692 0.124926
vt 0.104362 0.134860
vt 0.089306 0.136686
vt 0.087469 0.127402
vt 0.121239 0.122799
vt 0.121507 0.132904
vt 0.138951 0.121091
vt 0.138947 0.131361
vt 0.156448 0.120116
vt 0.156530 0.130554
vt 0.173656 0.119540
vt 0.174095 0.130465
vt 0.191198 0.119737
vt 0.191566 0.130709
vt 0.208605 0.119973
vt 0.209002 0.131061
vt 0.086832 0.121760
vt 0.103544 0.119191
vt 0.121498 0.117003
vt 0.139516 0.115235
vt 0.156829 0.114214
vt 0.173556 0.113437
vt 0.191232 0.113270
vt 0.208739 0.113118
vt 0.122387 0.138766
vt 0.105350 0.140655
vt 0.104882 0.137137
vt 0.121922 0.135184
vt 0.139204 0.133644
vt 0.139563 0.137190
vt 0.156612 0.132851
vt 0.156824 0.136433
vt 0.174008 0.132783
vt 0.174079 0.136422
vt 0.191340 0.133035
vt 0.191309 0.136702
vt 0.208681 0.133369
vt 0.208596 0.136984
vt 0.122931 0.145197
vt 0.105851 0.147168
vt 0.139938 0.143552
vt 0.156980 0.142812
vt 0.174064 0.142879
vt 0.191237 0.143205
vt 0.208536 0.143390
vt 0.123873 0.154572
vt 0.107081 0.156436
vt 0.139479 0.153024
vt 0.155481 0.152346
vt 0.172713 0.152685
vt 0.190445 0.153138
vt 0.208058 0.153316
vt 0.089866 0.138900
vt 0.153628 0.079766
vt 0.199488 0.039822
vt 0.146142 0.098058
vt 0.607517 0.037162
vt 0.900965 0.521980
vt 0.607052 0.981998
vt 0.607800 0.991625
vt 0.615716 0.990483
vt 0.609486 0.991059
vt 0.871208 0.307335
vt 0.869700 0.305617
vt 0.869621 0.118698
vt 0.867711 0.116770
vt 0.861919 0.116902
vt 0.848265 0.543257
vt 0.846393 0.536915
vt 0.848757 0.537089
vt 0.848196 0.553535
vt 0.848870 0.559883
vt 0.846148 0.560033
vt 0.659809 0.553096
vt 0.658532 0.558350
vt 0.655559 0.553079
vt 0.658136 0.550973
vt 0.655268 0.542331
vt 0.658348 0.544377
vt 0.658563 0.537070
vt 0.659823 0.542237
vt 0.660122 0.550446
vt 0.660042 0.544896
vt 0.612517 0.997543
vt 0.611291 0.996585
vt 0.621673 0.990860
vt 0.619432 0.996963
vt 0.618140 0.997685
vt 0.609950 0.997857
vt 0.611688 0.999221
vt 0.618531 0.999560
vt 0.620556 0.998393
vt 0.848280 0.545012
vt 0.848233 0.551736
vt 0.881129 0.696793
vt 0.882126 0.715672
vt 0.877430 0.697714
vt 0.565987 0.038582
vt 0.566197 0.052994
vt 0.926296 0.652788
vt 0.934205 0.684229
vt 0.563307 0.061702
vt 0.089749 0.142293
vt 0.089524 0.149617
vt 0.090056 0.158629
vt 0.111721 0.731317
vt 0.110273 0.811178
vt 0.107109 0.811535
vt 0.098612 0.732181
vt 0.176825 0.688205
vt 0.177420 0.684348
vt 0.184599 0.684774
vt 0.181626 0.687881
vt 0.172096 0.688819
vt 0.170460 0.685041
vt 0.391160 0.686174
vt 0.391189 0.689294
vt 0.167254 0.688770
vt 0.164552 0.685516
vt 0.137364 0.685915
vt 0.137322 0.689137
vt 0.168049 0.742580
vt 0.165360 0.745882
vt 0.138760 0.747007
vt 0.138512 0.743792
vt 0.172726 0.742584
vt 0.171825 0.746354
vt 0.177385 0.742223
vt 0.178703 0.745978
vt 0.182051 0.742381
vt 0.184733 0.745529
vt 0.390479 0.747135
vt 0.390597 0.744016
vt 0.978796 0.698696
vt 0.973703 0.699956
vt 0.885549 0.719052
vt 0.130877 0.715572
vt 0.846219 0.521337
vt 0.836831 0.318144
vt 0.704926 0.055703
vt 0.648315 0.054077
vt 0.667354 0.032709
vt 0.634549 0.061804
vt 0.676214 0.021558
vt 0.968758 0.448773
vt 0.989755 0.449139
vt 0.988635 0.409431
vt 0.969025 0.408875
vt 0.968648 0.400471
vt 0.989637 0.400710
vt 0.989833 0.422117
vt 0.968933 0.421272
vt 0.676031 0.016960
vt 0.660519 0.015481
vt 0.759450 0.021864
vt 0.701100 0.020791
vt 0.890667 0.530938
vt 0.125314 0.156663
vt 0.107884 0.158744
vt 0.091243 0.161452
vt 0.142038 0.154871
vt 0.157900 0.154317
vt 0.173619 0.154206
vt 0.190835 0.154899
vt 0.208351 0.155364
vt 0.890135 0.719886
vt 0.556668 0.065595
vt 0.859965 0.118823
vt 0.860023 0.302552
vt 0.858286 0.304508
vt 0.119612 0.805127
vt 0.118094 0.808501
vt 0.115220 0.810618
vt 0.968560 0.642495
vn 0.000000 -0.000000 1.000000
vn -0.000000 -0.000000 1.000000
vn 0.000000 0.000000 1.000000
vn 0.000000 -0.000001 1.000000
vn 0.000000 -0.000000 1.000000
vn 0.000000 0.000000 1.000000
vn 0.000000 -0.000000 1.000000
vn 0.000000 -0.000001 1.000000
vn 0.000000 0.000000 1.000000
vn 0.000000 0.000000 1.000000
vn 0.000000 -0.000000 1.000000
vn 0.000000 0.000000 1.000000
vn 0.000000 0.000000 1.000000
vn 0.000000 0.000000 1.000000
vn 0.000000 0.000000 1.000000
vn 0.000000 0.000000 1.000000
vn 0.000000 0.000000 1.000000
vn 0.000000 0.000000 1.000000
vn 0.000000 -0.000000 1.000000
vn 0.000000 -0.000000 1.000000
vn 0.000000 0.000000 1.000000
vn 0.000000 0.000000 1.000000
vn 0.000000 -0.000000 1.000000
vn 0.000000 0.000000 1.000000
vn 0.000000 0.000000 1.000000
vn 0.000000 0.000000 1.000000
vn 0.000000 0.000000 1.000000
vn -0.000000 -0.000000 1.000000
vn 0.000000 0.000000 1.000000
vn 0.000000 0.000000 1.000000
vn -0.000000 -0.000000 1.000000
vn -0.000000 -0.000000 1.000000
vn 0.000000 0.000000 1.000000
vn -0.000000 0.000000 1.000000
vn -0.000000 -0.000000 1.000000
vn 0.000000 0.000000 1.000000
vn -0.000000 0.000000 1.000000
vn -0.000000 0.000000 1.000000
vn 0.000000 0.000000 1.000000
vn -0.000000 -0.000000 1.000000
vn -0.000000 0.000000 1.000000
vn 0.000000 0.000000 1.000000
vn -0.000000 -0.000000 1.000000
vn -0.000000 -0.000000 1.000000
vn 0.000000 0.000000 1.000000
vn 0.000000 0.000001 1.000000
vn 0.000000 0.000000 1.000000
vn 0.000000 0.000000 1.000000
vn 0.000000 0.000000 1.000000
vn 0.000000 0.000000 1.000000
vn 0.000000 0.000001 1.000000
vn 0.000000 -0.000000 1.000000
vn 0.000000 0.000000 1.000000
vn 0.000000 0.000000 1.000000
vn 0.000000 0.000000 1.000000
vn 0.000000 0.000000 1.000000
vn 0.000000 -0.000000 1.000000
vn 0.000000 0.000000 1.000000
vn 0.000000 0.000000 1.000000
vn 0.000000 0.000000 1.000000
vn 0.000000 -0.000000 1.000000
vn 0.000000 0.000000 1.000000
vn 0.000000 -0.000000 1.000000
vn 0.000000 0.000000 1.000000
vn 0.000000 0.000000 1.000000
vn 0.000000 -0.000000 1.000000
vn 0.000000 0.000000 1.000000
vn 0.000000 0.000000 1.000000
vn 0.000000 0.000000 1.000000
vn 0.000000 -0.000000 1.000000
vn 0.000000 0.000000 1.000000
vn 0.000000 0.000000 1.000000
vn 0.000000 -0.000000 1.000000
vn 0.000000 0.000000 1.000000
vn 0.000000 -0.000000 1.000000
vn 0.000000 -0.000000 1.000000
vn 0.000000 0.000000 1.000000
vn 0.000000 -0.000000 1.000000
vn 0.000000 -0.000000 1.000000
vn 0.000000 0.000000 1.000000
vn 0.000000 -0.000000 1.000000
vn 0.000000 -0.000000 1.000000
vn 0.000000 0.000000 1.000000
vn 0.000000 -0.000000 1.000000
vn 0.000000 0.000000 1.000000
vn 0.000000 0.000000 1.000000
vn 0.000000 -0.000000 1.000000
vn 0.000000 1.000000 0.000000
vn 0.185990 0.982552 0.000000
vn 0.000000 1.000000 0.000000
vn 0.185990 0.982552 0.000000
vn 0.185990 0.982552 0.000000
vn 0.386726 0.922195 0.000000
vn 0.185990 0.982552 0.000000
vn 0.386726 0.922195 0.000000
vn 0.386726 0.922195 0.000000
vn 0.545327 0.838224 0.000000
vn 0.386726 0.922195 0.000000
vn 0.545327 0.838224 0.000000
vn 0.545327 0.838224 0.000000
vn 0.712795 0.701372 0.000000
vn 0.545327 0.838224 0.000000
vn 0.712795 0.701372 0.000000
vn 0.712795 0.701372 0.000000
vn 0.819316 0.573342 0.000000
vn 0.712795 0.701372 0.000000
vn 0.819316 0.573342 0.000000
vn 0.819316 0.573342 0.000000
vn 0.919277 0.393612 0.000000
vn 0.819316 0.573342 0.000000
vn 0.919277 0.393612 0.000000
vn 0.919277 0.393612 0.000000
vn 0.979583 0.201043 0.000000
vn 0.919277 0.393612 0.000000
vn 0.979583 0.201043 0.000000
vn 0.979583 0.201043 0.000000
vn 0.993924 0.110068 0.000000
vn 0.979583 0.201043 0.000000
vn 0.993924 0.110068 0.000000
vn -0.185990 0.982552 0.000000
vn 0.000000 1.000000 0.000000
vn -0.185990 0.982552 0.000000
vn 0.000000 1.000000 0.000000
vn -0.386726 0.922195 0.000000
vn -0.185990 0.982552 0.000000
vn -0.386726 0.922195 0.000000
vn -0.185990 0.982552 0.000000
vn -0.545327 0.838224 0.000000
vn -0.386726 0.922195 0.000000
vn -0.545327 0.838224 0.000000
vn -0.386726 0.922195 0.000000
vn -0.712795 0.701373 0.000000
vn -0.545327 0.838224 0.000000
vn -0.712795 0.701373 0.000000
vn -0.545327 0.838224 0.000000
vn -0.819316 0.573342 0.000000
vn -0.712795 0.701373 0.000000
vn -0.819316 0.573342 0.000000
vn -0.712795 0.701373 0.000000
vn -0.919277 0.393612 0.000000
vn -0.819316 0.573342 0.000000
vn -0.919277 0.393612 0.000000
vn -0.819316 0.573342 0.000000
vn -0.979582 0.201043 0.000000
vn -0.919277 0.393612 0.000000
vn -0.979582 0.201043 0.000000
vn -0.919277 0.393612 0.000000
vn -0.993924 0.110069 0.000000
vn -0.979582 0.201043 0.000000
vn -0.993924 0.110069 0.000000
vn -0.979582 0.201043 0.000000
vn 0.000000 0.000001 1.000000
vn 0.000000 0.169982 0.985447
vn -0.000001 0.000001 1.000000
vn -0.000000 0.000001 1.000000
vn 0.000000 0.000004 1.000000
vn -0.008300 0.254870 0.966940
vn 0.000004 0.000001 1.000000
vn -0.003773 0.158368 0.987373
vn 0.000003 0.000001 1.000000
vn 0.000003 0.000002 1.000000
vn 0.000001 0.000004 1.000000
vn 0.000000 0.991554 0.129697
vn 0.008982 0.992111 0.125039
vn -0.032516 0.998000 0.054206
vn 0.000001 0.000001 1.000000
vn 0.000000 0.000001 1.000000
vn -0.000000 0.000004 1.000000
vn -0.000004 0.000001 1.000000
vn 0.003773 0.158368 0.987373
vn 0.008300 0.254869 0.966940
vn -0.000003 0.000001 1.000000
vn -0.000003 0.000002 1.000000
vn -0.000001 0.000003 1.000000
vn -0.008982 0.992111 0.125039
vn 0.032516 0.998000 0.054206
vn 0.510722 0.756386 -0.408710
vn 0.997033 0.021408 -0.073943
vn 0.125145 0.000114 -0.992139
vn 0.916525 -0.027950 -0.399000
vn 0.029379 0.986249 0.162637
vn 0.007985 0.020680 0.999754
vn 0.278143 0.891696 0.357094
vn 0.011865 0.013947 0.999832
vn 0.029243 0.986183 -0.163060
vn 0.276906 0.892538 -0.355948
vn 0.006847 0.021716 -0.999741
vn 0.002353 0.008962 -0.999957
vn -0.339572 -0.940579 0.001568
vn -0.400040 -0.916496 0.001905
vn -0.339617 -0.940563 0.001568
vn -0.400539 -0.916278 0.001906
vn 0.278143 0.891696 0.357094
vn 0.011865 0.013947 0.999832
vn 0.519061 0.756059 0.398686
vn 0.127831 0.010913 0.991736
vn 0.276906 0.892538 -0.355948
vn 0.510722 0.756386 -0.408710
vn 0.002353 0.008962 -0.999957
vn 0.125145 0.000114 -0.992139
vn 0.029379 0.986249 0.162637
vn 0.278143 0.891696 0.357094
vn 0.029243 0.986183 -0.163060
vn 0.276906 0.892538 -0.355948
vn 0.278143 0.891696 0.357094
vn 0.519061 0.756059 0.398686
vn 0.276906 0.892538 -0.355948
vn 0.510722 0.756386 -0.408710
vn 0.519061 0.756059 0.398686
vn 0.127831 0.010913 0.991736
vn 0.997211 0.022524 0.071150
vn 0.914898 -0.024034 0.402969
vn -0.400539 -0.916278 0.001906
vn -0.400040 -0.916496 0.001905
vn -0.187825 -0.982202 0.001370
vn -0.187825 -0.982202 0.001370
vn -0.682231 -0.731132 0.002661
vn -0.681036 -0.732245 0.002651
vn -0.488281 -0.872686 0.001106
vn -0.488281 -0.872686 0.001106
vn -0.681036 -0.732245 0.002651
vn -0.682231 -0.731132 0.002661
vn -0.865852 -0.500290 0.003336
vn -0.865874 -0.500251 0.003336
vn 0.701777 0.670946 -0.239461
vn 0.005601 0.126273 -0.991980
vn 0.566618 0.796421 -0.211323
vn -0.025438 0.099493 -0.994713
vn 0.005601 0.126273 -0.991980
vn 0.701777 0.670946 -0.239461
vn 0.018746 0.130543 -0.991265
vn 0.790208 0.537747 -0.293939
vn 0.018746 0.130543 -0.991265
vn 0.790208 0.537747 -0.293939
vn 0.016464 0.134810 -0.990735
vn 0.829321 0.504697 -0.239809
vn -0.865852 -0.500290 0.003336
vn -0.865874 -0.500251 0.003336
vn -0.988864 -0.148809 0.002073
vn -0.989091 -0.147289 0.002059
vn -0.988864 -0.148809 0.002073
vn -0.989091 -0.147289 0.002059
vn -0.999904 -0.013830 0.000802
vn -0.999904 -0.013830 0.000802
vn 0.513195 0.849496 -0.122425
vn 0.566618 0.796421 -0.211323
vn -0.048008 0.058643 -0.997124
vn -0.025438 0.099493 -0.994713
vn -0.091412 -0.995813 0.000943
vn -0.091607 -0.995795 0.000943
vn -0.339617 -0.940563 0.001568
vn -0.339572 -0.940579 0.001568
vn 0.510722 0.756386 -0.408710
vn 0.519061 0.756059 0.398686
vn 0.997033 0.021408 -0.073943
vn 0.997211 0.022524 0.071150
vn -0.030662 0.088238 0.995627
vn 0.567214 0.796783 0.208340
vn -0.048373 0.052031 0.997473
vn 0.513518 0.849805 0.118874
vn 0.702469 0.671942 0.234586
vn 0.567214 0.796783 0.208340
vn -0.002988 0.117231 0.993100
vn -0.030662 0.088238 0.995627
vn 0.792962 0.535588 0.290443
vn 0.702469 0.671942 0.234586
vn 0.010039 0.112713 0.993577
vn -0.002988 0.117231 0.993100
vn 0.832622 0.501149 0.235774
vn 0.792962 0.535588 0.290443
vn 0.008230 0.105915 0.994341
vn 0.010039 0.112713 0.993577
vn 0.567214 0.796783 0.208340
vn 0.566618 0.796421 -0.211323
vn 0.513518 0.849805 0.118874
vn 0.513195 0.849496 -0.122425
vn 0.701777 0.670946 -0.239461
vn 0.566618 0.796421 -0.211323
vn 0.702469 0.671942 0.234586
vn 0.567214 0.796783 0.208340
vn 0.701777 0.670946 -0.239461
vn 0.702469 0.671942 0.234586
vn 0.790208 0.537747 -0.293939
vn 0.792962 0.535588 0.290443
vn 0.829321 0.504697 -0.239809
vn 0.790208 0.537747 -0.293939
vn 0.832622 0.501149 0.235774
vn 0.792962 0.535588 0.290443
vn -0.510806 0.756504 -0.408386
vn -0.125486 0.000107 -0.992096
vn -0.997033 0.021407 -0.073943
vn -0.916524 -0.027949 -0.399002
vn -0.028548 0.960439 0.277024
vn -0.277965 0.891142 0.358611
vn -0.003937 0.025144 0.999676
vn -0.011859 0.013892 0.999833
vn -0.028411 0.960278 -0.277597
vn -0.003369 0.025439 -0.999671
vn -0.276717 0.891993 -0.357457
vn -0.002395 0.008978 -0.999957
vn 0.402466 -0.915433 0.001905
vn 0.401964 -0.915653 0.001904
vn 0.329459 -0.944168 0.001573
vn 0.329406 -0.944187 0.001573
vn -0.277965 0.891142 0.358611
vn -0.519144 0.756171 0.398365
vn -0.011859 0.013892 0.999833
vn -0.128160 0.010915 0.991693
vn -0.276717 0.891993 -0.357457
vn -0.002395 0.008978 -0.999957
vn -0.510806 0.756504 -0.408386
vn -0.125486 0.000107 -0.992096
vn -0.028548 0.960439 0.277024
vn -0.028411 0.960278 -0.277597
vn -0.277965 0.891142 0.358611
vn -0.276717 0.891993 -0.357457
vn -0.510806 0.756504 -0.408386
vn -0.519144 0.756171 0.398365
vn -0.276717 0.891993 -0.357457
vn -0.277965 0.891142 0.358611
vn -0.519144 0.756171 0.398365
vn -0.997211 0.022523 0.071151
vn -0.128160 0.010915 0.991693
vn -0.914895 -0.024034 0.402975
vn 0.402466 -0.915433 0.001905
vn 0.187817 -0.982203 0.001370
vn 0.401964 -0.915653 0.001904
vn 0.187818 -0.982203 0.001370
vn 0.389381 -0.921076 0.001223
vn 0.667493 -0.744611 0.002688
vn 0.389381 -0.921076 0.001223
vn 0.669102 -0.743166 0.002697
vn 0.667493 -0.744611 0.002688
vn 0.878668 -0.477421 0.003354
vn 0.669102 -0.743166 0.002697
vn 0.878703 -0.477356 0.003354
vn 0.025002 0.098055 -0.994867
vn -0.007057 0.126006 -0.992004
vn -0.567586 0.796769 -0.207379
vn -0.703264 0.671411 -0.233726
vn -0.007057 0.126006 -0.992004
vn -0.018952 0.130554 -0.991260
vn -0.703264 0.671411 -0.233726
vn -0.791162 0.537934 -0.291015
vn -0.018952 0.130554 -0.991260
vn -0.016537 0.134688 -0.990750
vn -0.791162 0.537934 -0.291015
vn -0.829599 0.504695 -0.238849
vn 0.878668 -0.477421 0.003354
vn 0.993248 -0.115994 0.002066
vn 0.878703 -0.477356 0.003354
vn 0.993414 -0.114566 0.002051
vn 0.993248 -0.115994 0.002066
vn 0.999968 0.008022 0.000801
vn 0.993414 -0.114566 0.002051
vn 0.999968 0.008022 0.000801
vn -0.513224 0.849451 -0.122614
vn 0.047712 0.058125 -0.997169
vn -0.567586 0.796769 -0.207379
vn 0.025002 0.098055 -0.994867
vn 0.090988 -0.995852 0.000942
vn 0.329459 -0.944168 0.001573
vn 0.091158 -0.995836 0.000942
vn 0.329406 -0.944187 0.001573
vn -0.510806 0.756504 -0.408386
vn -0.997033 0.021407 -0.073943
vn -0.519144 0.756171 0.398365
vn -0.997211 0.022523 0.071151
vn 0.030317 0.086773 0.995767
vn 0.048017 0.051404 0.997523
vn -0.568167 0.797137 0.204350
vn -0.513561 0.849753 0.119056
vn 0.030317 0.086773 0.995767
vn -0.568167 0.797137 0.204350
vn 0.001881 0.117001 0.993130
vn -0.703931 0.672417 0.228770
vn 0.001881 0.117001 0.993130
vn -0.703931 0.672417 0.228770
vn -0.010134 0.112423 0.993609
vn -0.793896 0.535811 0.287465
vn -0.010134 0.112423 0.993609
vn -0.793896 0.535811 0.287465
vn -0.008266 0.105854 0.994347
vn -0.832882 0.501178 0.234794
vn -0.568167 0.797137 0.204350
vn -0.513561 0.849753 0.119056
vn -0.567586 0.796769 -0.207379
vn -0.513224 0.849451 -0.122614
vn -0.703264 0.671411 -0.233726
vn -0.703931 0.672417 0.228770
vn -0.567586 0.796769 -0.207379
vn -0.568167 0.797137 0.204350
vn -0.793896 0.535811 0.287465
vn -0.703931 0.672417 0.228770
vn -0.791162 0.537934 -0.291015
vn -0.703264 0.671411 -0.233726
vn -0.793896 0.535811 0.287465
vn -0.791162 0.537934 -0.291015
vn -0.832882 0.501178 0.234794
vn -0.829599 0.504695 -0.238849
vn -0.000310 0.028238 -0.999601
vn 0.029243 0.986183 -0.163060
vn 0.006847 0.021716 -0.999741
vn -0.091607 -0.995795 0.000943
vn -0.091412 -0.995813 0.000943
vn 0.003789 -0.999993 0.000843
vn 0.003788 -0.999993 0.000843
vn 0.029379 0.986249 0.162637
vn -0.028548 0.960439 0.277024
vn -0.000314 0.028631 0.999590
vn -0.003937 0.025144 0.999676
vn 0.029379 0.986249 0.162637
vn 0.029243 0.986183 -0.163060
vn -0.028548 0.960439 0.277024
vn -0.028411 0.960278 -0.277597
vn 0.003789 -0.999993 0.000843
vn 0.003788 -0.999993 0.000843
vn 0.091158 -0.995836 0.000942
vn 0.090988 -0.995852 0.000942
vn 0.007985 0.020680 0.999754
vn 0.029379 0.986249 0.162637
vn -0.000314 0.028631 0.999590
vn 0.029243 0.986183 -0.163060
vn -0.000310 0.028238 -0.999601
vn -0.028411 0.960278 -0.277597
vn -0.003369 0.025439 -0.999671
vn -0.247210 -0.050954 -0.967621
vn -0.656745 -0.128984 -0.743000
vn -0.263724 -0.009384 -0.964553
vn -0.627461 -0.031467 -0.778012
vn -0.232741 -0.097142 -0.967675
vn -0.618046 -0.254104 -0.743942
vn -0.247210 -0.050954 -0.967621
vn -0.656745 -0.128984 -0.743000
vn -0.210464 -0.141016 -0.967378
vn -0.554937 -0.369521 -0.745318
vn -0.232741 -0.097142 -0.967675
vn -0.618046 -0.254104 -0.743942
vn -0.179441 -0.179440 -0.967265
vn -0.470866 -0.470202 -0.746455
vn -0.210464 -0.141016 -0.967378
vn -0.554937 -0.369521 -0.745318
vn -0.369029 -0.552221 -0.747576
vn -0.470866 -0.470202 -0.746455
vn -0.141013 -0.210454 -0.967380
vn -0.179441 -0.179440 -0.967265
vn -0.253421 -0.612340 -0.748878
vn -0.369029 -0.552221 -0.747576
vn -0.097158 -0.232740 -0.967674
vn -0.141013 -0.210454 -0.967380
vn -0.129559 -0.646274 -0.752027
vn -0.253421 -0.612340 -0.748878
vn -0.050398 -0.243738 -0.968531
vn -0.097158 -0.232740 -0.967674
vn -0.067389 -0.655712 -0.751998
vn -0.129559 -0.646274 -0.752027
vn -0.026635 -0.245721 -0.968975
vn -0.050398 -0.243738 -0.968531
vn 0.268613 0.010242 0.963194
vn 0.283862 0.056242 0.957214
vn -0.547723 -0.023556 0.836328
vn -0.476862 -0.096984 0.873611
vn 0.283862 0.056242 0.957214
vn 0.271864 0.112529 0.955734
vn -0.476862 -0.096984 0.873611
vn -0.458192 -0.189939 0.868322
vn 0.271864 0.112529 0.955734
vn 0.246140 0.164419 0.955187
vn -0.458192 -0.189939 0.868322
vn -0.416748 -0.278423 0.865333
vn 0.246140 0.164419 0.955187
vn 0.209712 0.209711 0.955009
vn -0.416748 -0.278423 0.865333
vn -0.355667 -0.355491 0.864365
vn 0.164359 0.246047 0.955221
vn -0.278610 -0.416590 0.865349
vn 0.209712 0.209711 0.955009
vn -0.355667 -0.355491 0.864365
vn 0.112436 0.271649 0.955806
vn -0.190158 -0.458025 0.868362
vn 0.164359 0.246047 0.955221
vn -0.278610 -0.416590 0.865349
vn 0.056202 0.283588 0.957298
vn -0.094609 -0.479499 0.872428
vn 0.112436 0.271649 0.955806
vn -0.190158 -0.458025 0.868362
vn 0.000000 0.286018 0.958224
vn 0.000000 -0.486601 0.873625
vn 0.056202 0.283588 0.957298
vn -0.094609 -0.479499 0.872428
vn 0.268613 0.010242 0.963194
vn 0.796194 0.037204 0.603896
vn 0.283862 0.056242 0.957214
vn 0.802053 0.157892 0.576005
vn 0.271864 0.112529 0.955734
vn 0.283862 0.056242 0.957214
vn 0.753177 0.310112 0.580134
vn 0.802053 0.157892 0.576005
vn 0.246140 0.164419 0.955187
vn 0.271864 0.112529 0.955734
vn 0.675692 0.450234 0.583721
vn 0.753177 0.310112 0.580134
vn 0.209712 0.209711 0.955009
vn 0.246140 0.164419 0.955187
vn 0.573350 0.572637 0.585966
vn 0.675692 0.450234 0.583721
vn 0.164359 0.246047 0.955221
vn 0.209712 0.209711 0.955009
vn 0.449834 0.672946 0.587191
vn 0.573350 0.572637 0.585966
vn 0.112436 0.271649 0.955806
vn 0.164359 0.246047 0.955221
vn 0.309596 0.747466 0.587745
vn 0.449834 0.672946 0.587191
vn 0.056202 0.283588 0.957298
vn 0.112436 0.271649 0.955806
vn 0.157765 0.793372 0.587938
vn 0.309596 0.747466 0.587745
vn 0.000000 0.808877 0.587977
vn 0.000000 0.286018 0.958224
vn 0.157765 0.793372 0.587938
vn 0.056202 0.283588 0.957298
vn 0.999883 -0.011012 0.010646
vn 0.999833 -0.014549 0.011058
vn 0.999971 -0.002859 0.007073
vn -0.547723 -0.023556 0.836328
vn -0.476862 -0.096984 0.873611
vn -0.998998 -0.044531 0.004406
vn -0.979920 -0.199390 -0.000149
vn -0.476862 -0.096984 0.873611
vn -0.458192 -0.189939 0.868322
vn -0.979920 -0.199390 -0.000149
vn -0.923248 -0.384019 -0.011977
vn -0.458192 -0.189939 0.868322
vn -0.416748 -0.278423 0.865333
vn -0.923248 -0.384019 -0.011977
vn -0.830900 -0.556173 -0.016629
vn -0.416748 -0.278423 0.865333
vn -0.355667 -0.355491 0.864365
vn -0.830900 -0.556173 -0.016629
vn -0.706813 -0.707165 -0.018257
vn -0.355667 -0.355491 0.864365
vn -0.278610 -0.416590 0.865349
vn -0.706813 -0.707165 -0.018257
vn -0.555752 -0.831150 -0.018170
vn -0.190158 -0.458025 0.868362
vn -0.383620 -0.923371 -0.014933
vn -0.278610 -0.416590 0.865349
vn -0.555752 -0.831150 -0.018170
vn -0.094609 -0.479499 0.872428
vn -0.193561 -0.981078 -0.004473
vn -0.190158 -0.458025 0.868362
vn -0.383620 -0.923371 -0.014933
vn 0.000000 -0.486601 0.873625
vn 0.000000 -0.999995 0.003154
vn -0.094609 -0.479499 0.872428
vn -0.193561 -0.981078 -0.004473
vn 0.999971 -0.002859 0.007073
vn 0.999957 -0.004498 0.008061
vn 0.999883 -0.011012 0.010646
vn 0.999971 -0.002859 0.007073
vn 0.999982 -0.000685 0.006014
vn 0.999957 -0.004498 0.008061
vn 0.999982 -0.000685 0.006014
vn 0.906237 0.186093 0.379610
vn 0.802053 0.157892 0.576005
vn 0.923283 0.049023 0.380981
vn 0.796194 0.037204 0.603896
vn 0.849522 0.356627 0.388754
vn 0.753177 0.310112 0.580134
vn 0.906237 0.186093 0.379610
vn 0.802053 0.157892 0.576005
vn 0.761605 0.513672 0.395094
vn 0.675692 0.450234 0.583721
vn 0.849522 0.356627 0.388754
vn 0.753177 0.310112 0.580134
vn 0.645927 0.650755 0.399120
vn 0.573350 0.572637 0.585966
vn 0.761605 0.513672 0.395094
vn 0.675692 0.450234 0.583721
vn 0.506606 0.763053 0.401374
vn 0.449834 0.672946 0.587191
vn 0.645927 0.650755 0.399120
vn 0.573350 0.572637 0.585966
vn 0.348597 0.846474 0.402444
vn 0.309596 0.747466 0.587745
vn 0.506606 0.763053 0.401374
vn 0.449834 0.672946 0.587191
vn 0.177621 0.897866 0.402850
vn 0.157765 0.793372 0.587938
vn 0.348597 0.846474 0.402444
vn 0.309596 0.747466 0.587745
vn 0.000000 0.915225 0.402943
vn 0.000000 0.808877 0.587977
vn 0.177621 0.897866 0.402850
vn 0.157765 0.793372 0.587938
vn -0.025175 -0.075415 0.996834
vn -0.402584 -0.459131 0.791913
vn -0.315183 -0.944157 -0.096057
vn -0.650732 -0.756288 -0.067655
vn -0.402584 -0.459131 0.791913
vn -0.687347 -0.048732 0.724692
vn -0.650732 -0.756288 -0.067655
vn -0.997411 -0.071909 -0.000839
vn 0.168890 0.024105 0.985340
vn -0.687347 -0.048732 0.724692
vn 0.127936 0.129439 0.983299
vn -0.402584 -0.459131 0.791913
vn 0.008752 0.198633 0.980035
vn 0.127936 0.129439 0.983299
vn -0.025175 -0.075415 0.996834
vn -0.402584 -0.459131 0.791913
vn 0.127936 0.129439 0.983299
vn 0.423829 0.459822 0.780341
vn 0.168890 0.024105 0.985340
vn 0.697649 0.066147 0.713380
vn 0.127936 0.129439 0.983299
vn 0.008752 0.198633 0.980035
vn 0.423829 0.459822 0.780341
vn 0.015421 0.720267 0.693526
vn 0.423829 0.459822 0.780341
vn 0.551838 0.625745 0.551287
vn 0.697649 0.066147 0.713380
vn 0.909764 0.064962 0.410011
vn 0.016018 0.889650 0.456363
vn 0.551838 0.625745 0.551287
vn 0.015421 0.720267 0.693526
vn 0.423829 0.459822 0.780341
vn -0.243466 -0.094041 -0.965340
vn -0.400926 -0.237311 -0.884840
vn -0.038233 -0.988320 -0.147516
vn -0.803313 0.229571 -0.549532
vn -0.243466 -0.094041 -0.965340
vn -0.250153 -0.028169 -0.967797
vn -0.400926 -0.237311 -0.884840
vn -0.507161 -0.050356 -0.860379
vn -0.400926 -0.237311 -0.884840
vn -0.561937 -0.453835 -0.691564
vn -0.803313 0.229571 -0.549532
vn -0.812817 -0.045313 -0.580755
vn -0.400926 -0.237311 -0.884840
vn -0.507161 -0.050356 -0.860379
vn -0.561937 -0.453835 -0.691564
vn -0.831373 -0.062536 -0.552185
vn -0.250153 -0.028169 -0.967797
vn -0.263724 -0.009384 -0.964553
vn -0.507161 -0.050356 -0.860379
vn -0.627461 -0.031467 -0.778012
vn -0.507161 -0.050356 -0.860379
vn -0.627461 -0.031467 -0.778012
vn -0.831373 -0.062536 -0.552185
vn -0.845362 -0.049377 -0.531907
vn 0.000000 0.316739 0.948513
vn 0.008752 0.198633 0.980035
vn 0.000000 -0.000000 1.000000
vn -0.025175 -0.075415 0.996834
vn 0.268613 0.010242 0.963194
vn -0.547723 -0.023556 0.836328
vn 0.168890 0.024105 0.985340
vn -0.687347 -0.048732 0.724692
vn 0.008752 0.198633 0.980035
vn 0.000000 0.316739 0.948513
vn 0.015421 0.720267 0.693526
vn 0.005620 0.783689 0.621128
vn 0.796194 0.037204 0.603896
vn 0.268613 0.010242 0.963194
vn 0.697649 0.066147 0.713380
vn 0.168890 0.024105 0.985340
vn -0.001019 -0.996495 -0.083644
vn 0.000588 -0.984958 -0.172792
vn -0.038233 -0.988320 -0.147516
vn -0.687347 -0.048732 0.724692
vn -0.547723 -0.023556 0.836328
vn -0.997411 -0.071909 -0.000839
vn -0.998998 -0.044531 0.004406
vn 0.008003 0.891185 0.453569
vn 0.016018 0.889650 0.456363
vn 0.005620 0.783689 0.621128
vn 0.015421 0.720267 0.693526
vn 0.923283 0.049023 0.380981
vn 0.796194 0.037204 0.603896
vn 0.909764 0.064962 0.410011
vn 0.697649 0.066147 0.713380
vn -0.084460 -0.829639 -0.551875
vn -0.162759 -0.815667 -0.555156
vn -0.067389 -0.655712 -0.751998
vn -0.129559 -0.646274 -0.752027
vn -0.162759 -0.815667 -0.555156
vn -0.316347 -0.768285 -0.556474
vn -0.129559 -0.646274 -0.752027
vn -0.253421 -0.612340 -0.748878
vn -0.316347 -0.768285 -0.556474
vn -0.459845 -0.692754 -0.555549
vn -0.253421 -0.612340 -0.748878
vn -0.369029 -0.552221 -0.747576
vn -0.459845 -0.692754 -0.555549
vn -0.586594 -0.591130 -0.553599
vn -0.369029 -0.552221 -0.747576
vn -0.470866 -0.470202 -0.746455
vn -0.586594 -0.591130 -0.553599
vn -0.692255 -0.467077 -0.550110
vn -0.470866 -0.470202 -0.746455
vn -0.554937 -0.369521 -0.745318
vn -0.692255 -0.467077 -0.550110
vn -0.773246 -0.324816 -0.544597
vn -0.554937 -0.369521 -0.745318
vn -0.618046 -0.254104 -0.743942
vn -0.773246 -0.324816 -0.544597
vn -0.826532 -0.169835 -0.536657
vn -0.618046 -0.254104 -0.743942
vn -0.656745 -0.128984 -0.743000
vn -0.826532 -0.169835 -0.536657
vn -0.845362 -0.049377 -0.531907
vn -0.656745 -0.128984 -0.743000
vn -0.627461 -0.031467 -0.778012
vn -0.803313 0.229571 -0.549532
vn -0.041867 -0.995056 -0.090063
vn -0.038233 -0.988320 -0.147516
vn -0.038233 -0.988320 -0.147516
vn -0.041867 -0.995056 -0.090063
vn -0.001019 -0.996495 -0.083644
vn -0.001022 -0.996511 -0.083456
vn -0.812817 -0.045313 -0.580755
vn -0.041867 -0.995056 -0.090063
vn -0.803313 0.229571 -0.549532
vn 0.247210 -0.050954 -0.967621
vn 0.263724 -0.009384 -0.964553
vn 0.656745 -0.128983 -0.743000
vn 0.627461 -0.031467 -0.778012
vn 0.232741 -0.097142 -0.967675
vn 0.247210 -0.050954 -0.967621
vn 0.618046 -0.254104 -0.743942
vn 0.656745 -0.128983 -0.743000
vn 0.210464 -0.141016 -0.967378
vn 0.232741 -0.097142 -0.967675
vn 0.554937 -0.369521 -0.745318
vn 0.618046 -0.254104 -0.743942
vn 0.179441 -0.179439 -0.967266
vn 0.210464 -0.141016 -0.967378
vn 0.470866 -0.470202 -0.746455
vn 0.554937 -0.369521 -0.745318
vn 0.179441 -0.179439 -0.967266
vn 0.470866 -0.470202 -0.746455
vn 0.141013 -0.210454 -0.967380
vn 0.369029 -0.552221 -0.747576
vn 0.141013 -0.210454 -0.967380
vn 0.369029 -0.552221 -0.747576
vn 0.097158 -0.232740 -0.967674
vn 0.253420 -0.612340 -0.748878
vn 0.097158 -0.232740 -0.967674
vn 0.253420 -0.612340 -0.748878
vn 0.050398 -0.243739 -0.968531
vn 0.129559 -0.646274 -0.752027
vn 0.050398 -0.243739 -0.968531
vn 0.129559 -0.646274 -0.752027
vn 0.026635 -0.245721 -0.968975
vn 0.067389 -0.655712 -0.751998
vn -0.268613 0.010242 0.963194
vn 0.547723 -0.023556 0.836328
vn -0.283862 0.056242 0.957214
vn 0.476862 -0.096984 0.873611
vn -0.283862 0.056242 0.957214
vn 0.476862 -0.096984 0.873611
vn -0.271864 0.112529 0.955734
vn 0.458192 -0.189938 0.868322
vn -0.271864 0.112529 0.955734
vn 0.458192 -0.189938 0.868322
vn -0.246140 0.164419 0.955187
vn 0.416748 -0.278423 0.865333
vn -0.246140 0.164419 0.955187
vn 0.416748 -0.278423 0.865333
vn -0.209712 0.209711 0.955009
vn 0.355667 -0.355492 0.864365
vn 0.355667 -0.355492 0.864365
vn 0.278610 -0.416590 0.865349
vn -0.209712 0.209711 0.955009
vn -0.164359 0.246047 0.955221
vn 0.278610 -0.416590 0.865349
vn 0.190158 -0.458025 0.868363
vn -0.164359 0.246047 0.955221
vn -0.112436 0.271649 0.955806
vn 0.190158 -0.458025 0.868363
vn 0.094609 -0.479499 0.872428
vn -0.112436 0.271649 0.955806
vn -0.056202 0.283588 0.957298
vn 0.094609 -0.479499 0.872428
vn 0.000000 -0.486601 0.873625
vn -0.056202 0.283588 0.957298
vn 0.000000 0.286018 0.958224
vn -0.802053 0.157892 0.576005
vn -0.796194 0.037204 0.603896
vn -0.283862 0.056242 0.957214
vn -0.268613 0.010242 0.963194
vn -0.271864 0.112529 0.955734
vn -0.753177 0.310112 0.580134
vn -0.283862 0.056242 0.957214
vn -0.802053 0.157892 0.576005
vn -0.246140 0.164419 0.955187
vn -0.675692 0.450234 0.583721
vn -0.271864 0.112529 0.955734
vn -0.753177 0.310112 0.580134
vn -0.209712 0.209711 0.955009
vn -0.573350 0.572637 0.585966
vn -0.246140 0.164419 0.955187
vn -0.675692 0.450234 0.583721
vn -0.164359 0.246047 0.955221
vn -0.449834 0.672946 0.587191
vn -0.209712 0.209711 0.955009
vn -0.573350 0.572637 0.585966
vn -0.112436 0.271649 0.955806
vn -0.309596 0.747466 0.587745
vn -0.164359 0.246047 0.955221
vn -0.449834 0.672946 0.587191
vn -0.056202 0.283588 0.957298
vn -0.157765 0.793372 0.587938
vn -0.112436 0.271649 0.955806
vn -0.309596 0.747466 0.587745
vn 0.000000 0.808877 0.587977
vn -0.157765 0.793372 0.587938
vn 0.000000 0.286018 0.958224
vn -0.056202 0.283588 0.957298
vn -0.999883 -0.011012 0.010646
vn -0.999971 -0.002859 0.007074
vn -0.999833 -0.014549 0.011058
vn 0.547723 -0.023556 0.836328
vn 0.998998 -0.044531 0.004405
vn 0.476862 -0.096984 0.873611
vn 0.979920 -0.199390 -0.000149
vn 0.476862 -0.096984 0.873611
vn 0.979920 -0.199390 -0.000149
vn 0.458192 -0.189938 0.868322
vn 0.923248 -0.384018 -0.011978
vn 0.458192 -0.189938 0.868322
vn 0.923248 -0.384018 -0.011978
vn 0.416748 -0.278423 0.865333
vn 0.830900 -0.556173 -0.016630
vn 0.416748 -0.278423 0.865333
vn 0.830900 -0.556173 -0.016630
vn 0.355667 -0.355492 0.864365
vn 0.706813 -0.707165 -0.018258
vn 0.355667 -0.355492 0.864365
vn 0.706813 -0.707165 -0.018258
vn 0.278610 -0.416590 0.865349
vn 0.555752 -0.831150 -0.018170
vn 0.555752 -0.831150 -0.018170
vn 0.383620 -0.923370 -0.014933
vn 0.278610 -0.416590 0.865349
vn 0.190158 -0.458025 0.868363
vn 0.383620 -0.923370 -0.014933
vn 0.193562 -0.981078 -0.004473
vn 0.190158 -0.458025 0.868363
vn 0.094609 -0.479499 0.872428
vn 0.193562 -0.981078 -0.004473
vn 0.000000 -0.999995 0.003154
vn 0.094609 -0.479499 0.872428
vn 0.000000 -0.486601 0.873625
vn -0.999971 -0.002859 0.007074
vn -0.999883 -0.011012 0.010646
vn -0.999958 -0.004498 0.008062
vn -0.999971 -0.002859 0.007074
vn -0.999958 -0.004498 0.008062
vn -0.999982 -0.000685 0.006015
vn -0.999982 -0.000685 0.006015
vn -0.796194 0.037204 0.603896
vn -0.802053 0.157892 0.576005
vn -0.923283 0.049023 0.380981
vn -0.906237 0.186094 0.379610
vn -0.802053 0.157892 0.576005
vn -0.753177 0.310112 0.580134
vn -0.906237 0.186094 0.379610
vn -0.849522 0.356627 0.388754
vn -0.753177 0.310112 0.580134
vn -0.675692 0.450234 0.583721
vn -0.849522 0.356627 0.388754
vn -0.761605 0.513672 0.395094
vn -0.675692 0.450234 0.583721
vn -0.573350 0.572637 0.585966
vn -0.761605 0.513672 0.395094
vn -0.645927 0.650755 0.399120
vn -0.573350 0.572637 0.585966
vn -0.449834 0.672946 0.587191
vn -0.645927 0.650755 0.399120
vn -0.506606 0.763053 0.401374
vn -0.449834 0.672946 0.587191
vn -0.309596 0.747466 0.587745
vn -0.506606 0.763053 0.401374
vn -0.348597 0.846474 0.402444
vn -0.309596 0.747466 0.587745
vn -0.157765 0.793372 0.587938
vn -0.348597 0.846474 0.402444
vn -0.177621 0.897866 0.402850
vn -0.157765 0.793372 0.587938
vn 0.000000 0.808877 0.587977
vn -0.177621 0.897866 0.402850
vn 0.000000 0.915225 0.402943
vn 0.025175 -0.075416 0.996834
vn 0.315182 -0.944157 -0.096057
vn 0.402583 -0.459130 0.791913
vn 0.650732 -0.756288 -0.067655
vn 0.402583 -0.459130 0.791913
vn 0.650732 -0.756288 -0.067655
vn 0.687348 -0.048731 0.724692
vn 0.997411 -0.071908 -0.000839
vn 0.402583 -0.459130 0.791913
vn 0.687348 -0.048731 0.724692
vn -0.127936 0.129439 0.983299
vn -0.168890 0.024106 0.985340
vn -0.008752 0.198631 0.980035
vn 0.025175 -0.075416 0.996834
vn -0.127936 0.129439 0.983299
vn 0.402583 -0.459130 0.791913
vn -0.697649 0.066147 0.713380
vn -0.423829 0.459822 0.780341
vn -0.168890 0.024106 0.985340
vn -0.127936 0.129439 0.983299
vn -0.127936 0.129439 0.983299
vn -0.423829 0.459822 0.780341
vn -0.008752 0.198631 0.980035
vn -0.015421 0.720267 0.693526
vn -0.423829 0.459822 0.780341
vn -0.697649 0.066147 0.713380
vn -0.551838 0.625745 0.551288
vn -0.909764 0.064962 0.410011
vn -0.016018 0.889650 0.456363
vn -0.015421 0.720267 0.693526
vn -0.551838 0.625745 0.551288
vn -0.423829 0.459822 0.780341
vn 0.803313 0.229571 -0.549533
vn 0.400926 -0.237311 -0.884840
vn 0.038233 -0.988320 -0.147516
vn 0.243466 -0.094042 -0.965339
vn 0.507161 -0.050356 -0.860379
vn 0.250153 -0.028169 -0.967797
vn 0.400926 -0.237311 -0.884840
vn 0.243466 -0.094042 -0.965339
vn 0.812816 -0.045313 -0.580755
vn 0.561936 -0.453835 -0.691565
vn 0.803313 0.229571 -0.549533
vn 0.400926 -0.237311 -0.884840
vn 0.400926 -0.237311 -0.884840
vn 0.561936 -0.453835 -0.691565
vn 0.507161 -0.050356 -0.860379
vn 0.831373 -0.062535 -0.552185
vn 0.627461 -0.031467 -0.778012
vn 0.263724 -0.009384 -0.964553
vn 0.507161 -0.050356 -0.860379
vn 0.250153 -0.028169 -0.967797
vn 0.507161 -0.050356 -0.860379
vn 0.831373 -0.062535 -0.552185
vn 0.627461 -0.031467 -0.778012
vn 0.845362 -0.049377 -0.531907
vn 0.025175 -0.075416 0.996834
vn -0.008752 0.198631 0.980035
vn -0.000000 -0.000002 1.000000
vn -0.000000 0.316738 0.948513
vn 0.687348 -0.048731 0.724692
vn 0.547723 -0.023556 0.836328
vn -0.168890 0.024106 0.985340
vn -0.268613 0.010242 0.963194
vn -0.005620 0.783689 0.621128
vn -0.000000 0.316738 0.948513
vn -0.015421 0.720267 0.693526
vn -0.008752 0.198631 0.980035
vn -0.796194 0.037204 0.603896
vn -0.697649 0.066147 0.713380
vn -0.268613 0.010242 0.963194
vn -0.168890 0.024106 0.985340
vn 0.001018 -0.996495 -0.083644
vn 0.038233 -0.988320 -0.147516
vn -0.000588 -0.984958 -0.172792
vn 0.687348 -0.048731 0.724692
vn 0.997411 -0.071908 -0.000839
vn 0.547723 -0.023556 0.836328
vn 0.998998 -0.044531 0.004405
vn -0.008003 0.891185 0.453569
vn -0.005620 0.783689 0.621128
vn -0.016018 0.889650 0.456363
vn -0.015421 0.720267 0.693526
vn -0.697649 0.066147 0.713380
vn -0.796194 0.037204 0.603896
vn -0.909764 0.064962 0.410011
vn -0.923283 0.049023 0.380981
vn 0.129559 -0.646274 -0.752027
vn 0.162759 -0.815667 -0.555156
vn 0.067389 -0.655712 -0.751998
vn 0.084460 -0.829639 -0.551875
vn 0.253420 -0.612340 -0.748878
vn 0.316347 -0.768285 -0.556474
vn 0.129559 -0.646274 -0.752027
vn 0.162759 -0.815667 -0.555156
vn 0.369029 -0.552221 -0.747576
vn 0.459845 -0.692754 -0.555549
vn 0.253420 -0.612340 -0.748878
vn 0.316347 -0.768285 -0.556474
vn 0.470866 -0.470202 -0.746455
vn 0.586594 -0.591130 -0.553600
vn 0.369029 -0.552221 -0.747576
vn 0.459845 -0.692754 -0.555549
vn 0.554937 -0.369521 -0.745318
vn 0.692255 -0.467077 -0.550110
vn 0.470866 -0.470202 -0.746455
vn 0.586594 -0.591130 -0.553600
vn 0.618046 -0.254104 -0.743942
vn 0.773246 -0.324816 -0.544597
vn 0.554937 -0.369521 -0.745318
vn 0.692255 -0.467077 -0.550110
vn 0.656745 -0.128983 -0.743000
vn 0.826532 -0.169835 -0.536658
vn 0.618046 -0.254104 -0.743942
vn 0.773246 -0.324816 -0.544597
vn 0.627461 -0.031467 -0.778012
vn 0.845362 -0.049377 -0.531907
vn 0.656745 -0.128983 -0.743000
vn 0.826532 -0.169835 -0.536658
vn 0.803313 0.229571 -0.549533
vn 0.038233 -0.988320 -0.147516
vn 0.041867 -0.995056 -0.090063
vn 0.038233 -0.988320 -0.147516
vn 0.001018 -0.996495 -0.083644
vn 0.041867 -0.995056 -0.090063
vn 0.001022 -0.996511 -0.083456
vn 0.812816 -0.045313 -0.580755
vn 0.803313 0.229571 -0.549533
vn 0.041867 -0.995056 -0.090063
vn -0.252234 -0.050419 -0.966352
vn -0.656853 -0.127300 -0.743195
vn -0.267651 -0.004856 -0.963504
vn -0.636345 -0.020451 -0.771134
vn -0.238260 -0.098949 -0.966148
vn -0.615547 -0.252015 -0.746720
vn -0.252234 -0.050419 -0.966352
vn -0.656853 -0.127300 -0.743195
vn -0.214942 -0.143766 -0.965987
vn -0.550409 -0.365783 -0.750502
vn -0.238260 -0.098949 -0.966148
vn -0.615547 -0.252015 -0.746720
vn -0.182994 -0.182993 -0.965933
vn -0.465785 -0.464644 -0.753094
vn -0.214942 -0.143766 -0.965987
vn -0.550409 -0.365783 -0.750502
vn -0.364598 -0.545249 -0.754832
vn -0.465785 -0.464644 -0.753094
vn -0.143763 -0.214937 -0.965989
vn -0.182994 -0.182993 -0.965933
vn -0.250389 -0.604715 -0.756059
vn -0.364598 -0.545249 -0.754832
vn -0.098953 -0.238253 -0.966149
vn -0.143763 -0.214937 -0.965989
vn -0.128794 -0.639600 -0.757842
vn -0.250389 -0.604715 -0.756059
vn -0.051342 -0.249927 -0.966903
vn -0.098953 -0.238253 -0.966149
vn -0.067409 -0.650272 -0.756705
vn -0.128794 -0.639600 -0.757842
vn -0.027410 -0.252117 -0.967309
vn -0.051342 -0.249927 -0.966903
vn 0.277488 0.006798 0.960705
vn 0.289617 0.057677 0.955403
vn -0.567814 -0.013071 0.823053
vn -0.508073 -0.101732 0.855285
vn 0.289617 0.057677 0.955403
vn 0.275333 0.113963 0.954570
vn -0.508073 -0.101732 0.855285
vn -0.480234 -0.199504 0.854151
vn 0.275333 0.113963 0.954570
vn 0.248669 0.166098 0.954241
vn -0.480234 -0.199504 0.854151
vn -0.433999 -0.290229 0.852885
vn 0.248669 0.166098 0.954241
vn 0.211746 0.211746 0.954111
vn -0.433999 -0.290229 0.852885
vn -0.369337 -0.369329 0.852752
vn 0.166094 0.248663 0.954243
vn -0.290213 -0.433977 0.852901
vn 0.211746 0.211746 0.954111
vn -0.369337 -0.369329 0.852752
vn 0.113945 0.275300 0.954582
vn -0.199514 -0.480172 0.854184
vn 0.166094 0.248663 0.954243
vn -0.290213 -0.433977 0.852901
vn 0.057563 0.289957 0.955307
vn -0.100767 -0.508017 0.855433
vn 0.113945 0.275300 0.954582
vn -0.199514 -0.480172 0.854184
vn -0.000000 0.294069 0.955784
vn -0.000000 -0.518180 0.855272
vn 0.057563 0.289957 0.955307
vn -0.100767 -0.508017 0.855433
vn 0.277488 0.006798 0.960705
vn 0.803987 0.023606 0.594179
vn 0.289617 0.057677 0.955403
vn 0.804269 0.156743 0.573222
vn 0.275333 0.113963 0.954570
vn 0.289617 0.057677 0.955403
vn 0.753173 0.308814 0.580831
vn 0.804269 0.156743 0.573222
vn 0.248669 0.166098 0.954241
vn 0.275333 0.113963 0.954570
vn 0.673972 0.448214 0.587252
vn 0.753173 0.308814 0.580831
vn 0.211746 0.211746 0.954111
vn 0.248669 0.166098 0.954241
vn 0.570777 0.569551 0.591461
vn 0.673972 0.448214 0.587252
vn 0.166094 0.248663 0.954243
vn 0.211746 0.211746 0.954111
vn 0.447188 0.668761 0.593954
vn 0.570777 0.569551 0.591461
vn 0.113945 0.275300 0.954582
vn 0.166094 0.248663 0.954243
vn 0.307492 0.742372 0.595258
vn 0.447188 0.668761 0.593954
vn 0.057563 0.289957 0.955307
vn 0.113945 0.275300 0.954582
vn 0.156693 0.787622 0.595902
vn 0.307492 0.742372 0.595258
vn 0.000000 0.802879 0.596142
vn -0.000000 0.294069 0.955784
vn 0.156693 0.787622 0.595902
vn 0.057563 0.289957 0.955307
vn -0.980537 -0.195147 -0.021571
vn -0.999487 -0.023957 -0.021238
vn -0.508073 -0.101732 0.855285
vn -0.567814 -0.013071 0.823053
vn -0.923425 -0.382958 -0.025101
vn -0.980537 -0.195147 -0.021571
vn -0.480234 -0.199504 0.854151
vn -0.508073 -0.101732 0.855285
vn -0.831176 -0.555416 -0.025688
vn -0.923425 -0.382958 -0.025101
vn -0.433999 -0.290229 0.852885
vn -0.480234 -0.199504 0.854151
vn -0.706875 -0.706889 -0.025235
vn -0.831176 -0.555416 -0.025688
vn -0.369337 -0.369329 0.852752
vn -0.433999 -0.290229 0.852885
vn -0.555412 -0.831179 -0.025676
vn -0.706875 -0.706889 -0.025235
vn -0.290213 -0.433977 0.852901
vn -0.369337 -0.369329 0.852752
vn -0.382987 -0.923415 -0.024999
vn -0.555412 -0.831179 -0.025676
vn -0.199514 -0.480172 0.854184
vn -0.290213 -0.433977 0.852901
vn -0.193511 -0.980853 -0.021909
vn -0.382987 -0.923415 -0.024999
vn -0.100767 -0.508017 0.855433
vn -0.199514 -0.480172 0.854184
vn -0.000000 -0.518180 0.855272
vn -0.000000 -0.999801 -0.019962
vn -0.100767 -0.508017 0.855433
vn -0.193511 -0.980853 -0.021909
vn 1.000000 -0.000000 0.000000
vn 1.000000 -0.000000 0.000000
vn 1.000000 -0.000000 0.000001
vn 1.000000 -0.000000 0.000000
vn 1.000000 0.000000 0.000000
vn 1.000000 -0.000000 0.000000
vn 0.912475 0.191039 0.361792
vn 0.804269 0.156743 0.573222
vn 0.932532 0.034279 0.359458
vn 0.803987 0.023606 0.594179
vn 0.852425 0.361386 0.377853
vn 0.753173 0.308814 0.580831
vn 0.912475 0.191039 0.361792
vn 0.804269 0.156743 0.573222
vn 0.761930 0.517538 0.389380
vn 0.673972 0.448214 0.587252
vn 0.852425 0.361386 0.377853
vn 0.753173 0.308814 0.580831
vn 0.644688 0.653250 0.397041
vn 0.570777 0.569551 0.591461
vn 0.761930 0.517538 0.389380
vn 0.673972 0.448214 0.587252
vn 0.504767 0.764109 0.401681
vn 0.447188 0.668761 0.593954
vn 0.644688 0.653250 0.397041
vn 0.570777 0.569551 0.591461
vn 0.346935 0.846326 0.404188
vn 0.307492 0.742372 0.595258
vn 0.504767 0.764109 0.401681
vn 0.447188 0.668761 0.593954
vn 0.176779 0.896858 0.405457
vn 0.156693 0.787622 0.595902
vn 0.346935 0.846326 0.404188
vn 0.307492 0.742372 0.595258
vn 0.000000 0.913912 0.405913
vn 0.000000 0.802879 0.596142
vn 0.176779 0.896858 0.405457
vn 0.156693 0.787622 0.595902
vn -0.297721 -0.950476 -0.089202
vn -0.023330 -0.088923 0.995765
vn -0.636940 -0.767569 -0.071728
vn -0.400638 -0.465264 0.789316
vn -0.998721 -0.044845 -0.023332
vn -0.636940 -0.767569 -0.071728
vn -0.723396 -0.032447 0.689671
vn -0.400638 -0.465264 0.789316
vn 0.174495 0.017504 0.984503
vn -0.723396 -0.032447 0.689671
vn 0.128103 0.129608 0.983256
vn -0.400638 -0.465264 0.789316
vn 0.007913 0.192052 0.981353
vn 0.128103 0.129608 0.983256
vn -0.023330 -0.088923 0.995765
vn -0.400638 -0.465264 0.789316
vn 0.128103 0.129608 0.983256
vn 0.408805 0.453665 0.791875
vn 0.174495 0.017504 0.984503
vn 0.699074 0.045962 0.713571
vn 0.128103 0.129608 0.983256
vn 0.007913 0.192052 0.981353
vn 0.408805 0.453665 0.791875
vn 0.014637 0.713003 0.701008
vn 0.408805 0.453665 0.791875
vn 0.553313 0.608372 0.568972
vn 0.699074 0.045962 0.713571
vn 0.924415 0.039994 0.379286
vn 0.016990 0.878830 0.476833
vn 0.553313 0.608372 0.568972
vn 0.014637 0.713003 0.701008
vn 0.408805 0.453665 0.791875
vn -0.220198 -0.097280 -0.970592
vn -0.364121 -0.250800 -0.896948
vn -0.031838 -0.990325 -0.135066
vn -0.805218 0.224307 -0.548917
vn -0.220198 -0.097280 -0.970592
vn -0.254820 -0.021829 -0.966742
vn -0.364121 -0.250800 -0.896948
vn -0.502741 -0.035294 -0.863716
vn -0.364121 -0.250800 -0.896948
vn -0.535435 -0.464568 -0.705326
vn -0.805218 0.224307 -0.548917
vn -0.816382 -0.077439 -0.572298
vn -0.364121 -0.250800 -0.896948
vn -0.502741 -0.035294 -0.863716
vn -0.535435 -0.464568 -0.705326
vn -0.845758 -0.039109 -0.532132
vn -0.254820 -0.021829 -0.966742
vn -0.267651 -0.004856 -0.963504
vn -0.502741 -0.035294 -0.863716
vn -0.636345 -0.020451 -0.771134
vn -0.502741 -0.035294 -0.863716
vn -0.636345 -0.020451 -0.771134
vn -0.845758 -0.039109 -0.532132
vn -0.853842 -0.035543 -0.519317
vn 0.000143 0.314712 0.949187
vn 0.007913 0.192052 0.981353
vn 0.000425 -0.015792 0.999875
vn -0.023330 -0.088923 0.995765
vn 0.277488 0.006798 0.960705
vn -0.567814 -0.013071 0.823053
vn 0.174495 0.017504 0.984503
vn -0.723396 -0.032447 0.689671
vn 0.007913 0.192052 0.981353
vn 0.000143 0.314712 0.949187
vn 0.014637 0.713003 0.701008
vn 0.006859 0.772593 0.634865
vn 0.803987 0.023606 0.594179
vn 0.277488 0.006798 0.960705
vn 0.699074 0.045962 0.713571
vn 0.174495 0.017504 0.984503
vn -0.999487 -0.023957 -0.021238
vn -0.998721 -0.044845 -0.023332
vn -0.567814 -0.013071 0.823053
vn -0.723396 -0.032447 0.689671
vn 0.009842 0.880575 0.473804
vn 0.016990 0.878830 0.476833
vn 0.006859 0.772593 0.634865
vn 0.014637 0.713003 0.701008
vn 0.932532 0.034279 0.359458
vn 0.803987 0.023606 0.594179
vn 0.924415 0.039994 0.379286
vn 0.699074 0.045962 0.713571
vn -0.036388 -0.995839 -0.083551
vn -0.805218 0.224307 -0.548917
vn -0.816382 -0.077439 -0.572298
vn -0.084410 -0.821415 -0.564050
vn -0.160965 -0.807781 -0.567080
vn -0.067409 -0.650272 -0.756705
vn -0.128794 -0.639600 -0.757842
vn -0.160965 -0.807781 -0.567080
vn -0.312152 -0.761705 -0.567774
vn -0.128794 -0.639600 -0.757842
vn -0.250389 -0.604715 -0.756059
vn -0.312152 -0.761705 -0.567774
vn -0.454422 -0.688151 -0.565641
vn -0.250389 -0.604715 -0.756059
vn -0.364598 -0.545249 -0.754832
vn -0.454422 -0.688151 -0.565641
vn -0.581011 -0.589014 -0.561684
vn -0.364598 -0.545249 -0.754832
vn -0.465785 -0.464644 -0.753094
vn -0.581011 -0.589014 -0.561684
vn -0.687898 -0.467586 -0.555122
vn -0.465785 -0.464644 -0.753094
vn -0.550409 -0.365783 -0.750502
vn -0.687898 -0.467586 -0.555122
vn -0.771678 -0.327551 -0.545183
vn -0.550409 -0.365783 -0.750502
vn -0.615547 -0.252015 -0.746720
vn -0.771678 -0.327551 -0.545183
vn -0.829179 -0.173905 -0.531244
vn -0.615547 -0.252015 -0.746720
vn -0.656853 -0.127300 -0.743195
vn -0.829179 -0.173905 -0.531244
vn -0.853842 -0.035543 -0.519317
vn -0.656853 -0.127300 -0.743195
vn -0.636345 -0.020451 -0.771134
vn -0.036388 -0.995839 -0.083551
vn -0.031838 -0.990325 -0.135066
vn -0.805218 0.224307 -0.548917
vn -0.000674 -0.996886 -0.078854
vn -0.000673 -0.996877 -0.078970
vn -0.036388 -0.995839 -0.083551
vn -0.031838 -0.990325 -0.135066
vn 1.000000 -0.000000 0.000000
vn 1.000000 -0.000000 0.000001
vn 1.000000 -0.000000 0.000001
vn -0.031838 -0.990325 -0.135066
vn -0.000673 -0.996877 -0.078970
vn 0.000065 -0.990644 -0.136474
vn 0.252234 -0.050418 -0.966352
vn 0.267651 -0.004856 -0.963504
vn 0.656853 -0.127300 -0.743195
vn 0.636345 -0.020451 -0.771134
vn 0.238260 -0.098947 -0.966148
vn 0.252234 -0.050418 -0.966352
vn 0.615547 -0.252014 -0.746720
vn 0.656853 -0.127300 -0.743195
vn 0.214942 -0.143765 -0.965987
vn 0.238260 -0.098947 -0.966148
vn 0.550409 -0.365783 -0.750502
vn 0.615547 -0.252014 -0.746720
vn 0.182994 -0.182994 -0.965933
vn 0.214942 -0.143765 -0.965987
vn 0.465785 -0.464644 -0.753094
vn 0.550409 -0.365783 -0.750502
vn 0.182994 -0.182994 -0.965933
vn 0.465785 -0.464644 -0.753094
vn 0.143763 -0.214938 -0.965989
vn 0.364598 -0.545250 -0.754832
vn 0.143763 -0.214938 -0.965989
vn 0.364598 -0.545250 -0.754832
vn 0.098953 -0.238253 -0.966149
vn 0.250389 -0.604715 -0.756059
vn 0.098953 -0.238253 -0.966149
vn 0.250389 -0.604715 -0.756059
vn 0.051342 -0.249927 -0.966902
vn 0.128794 -0.639600 -0.757842
vn 0.051342 -0.249927 -0.966902
vn 0.128794 -0.639600 -0.757842
vn 0.027410 -0.252117 -0.967309
vn 0.067410 -0.650272 -0.756705
vn -0.277488 0.006798 0.960705
vn 0.567814 -0.013071 0.823053
vn -0.289617 0.057677 0.955403
vn 0.508073 -0.101732 0.855285
vn -0.289617 0.057677 0.955403
vn 0.508073 -0.101732 0.855285
vn -0.275333 0.113963 0.954570
vn 0.480234 -0.199503 0.854151
vn -0.275333 0.113963 0.954570
vn 0.480234 -0.199503 0.854151
vn -0.248669 0.166098 0.954241
vn 0.433999 -0.290229 0.852885
vn -0.248669 0.166098 0.954241
vn 0.433999 -0.290229 0.852885
vn -0.211746 0.211746 0.954111
vn 0.369337 -0.369329 0.852752
vn 0.369337 -0.369329 0.852752
vn 0.290213 -0.433978 0.852901
vn -0.211746 0.211746 0.954111
vn -0.166094 0.248662 0.954243
vn 0.290213 -0.433978 0.852901
vn 0.199514 -0.480173 0.854183
vn -0.166094 0.248662 0.954243
vn -0.113945 0.275300 0.954582
vn 0.199514 -0.480173 0.854183
vn 0.100767 -0.508018 0.855432
vn -0.113945 0.275300 0.954582
vn -0.057563 0.289956 0.955307
vn 0.100767 -0.508018 0.855432
vn -0.000000 -0.518180 0.855272
vn -0.057563 0.289956 0.955307
vn -0.000000 0.294069 0.955784
vn -0.804269 0.156743 0.573222
vn -0.803986 0.023606 0.594179
vn -0.289617 0.057677 0.955403
vn -0.277488 0.006798 0.960705
vn -0.275333 0.113963 0.954570
vn -0.753173 0.308814 0.580831
vn -0.289617 0.057677 0.955403
vn -0.804269 0.156743 0.573222
vn -0.248669 0.166098 0.954241
vn -0.673972 0.448214 0.587252
vn -0.275333 0.113963 0.954570
vn -0.753173 0.308814 0.580831
vn -0.211746 0.211746 0.954111
vn -0.570777 0.569551 0.591461
vn -0.248669 0.166098 0.954241
vn -0.673972 0.448214 0.587252
vn -0.166094 0.248662 0.954243
vn -0.447188 0.668760 0.593955
vn -0.211746 0.211746 0.954111
vn -0.570777 0.569551 0.591461
vn -0.113945 0.275300 0.954582
vn -0.307492 0.742372 0.595258
vn -0.166094 0.248662 0.954243
vn -0.447188 0.668760 0.593955
vn -0.057563 0.289956 0.955307
vn -0.156693 0.787622 0.595902
vn -0.113945 0.275300 0.954582
vn -0.307492 0.742372 0.595258
vn 0.000000 0.802879 0.596142
vn -0.156693 0.787622 0.595902
vn -0.000000 0.294069 0.955784
vn -0.057563 0.289956 0.955307
vn 0.980537 -0.195147 -0.021571
vn 0.508073 -0.101732 0.855285
vn 0.999487 -0.023957 -0.021238
vn 0.567814 -0.013071 0.823053
vn 0.923425 -0.382957 -0.025101
vn 0.480234 -0.199503 0.854151
vn 0.980537 -0.195147 -0.021571
vn 0.508073 -0.101732 0.855285
vn 0.831176 -0.555416 -0.025688
vn 0.433999 -0.290229 0.852885
vn 0.923425 -0.382957 -0.025101
vn 0.480234 -0.199503 0.854151
vn 0.706875 -0.706888 -0.025235
vn 0.369337 -0.369329 0.852752
vn 0.831176 -0.555416 -0.025688
vn 0.433999 -0.290229 0.852885
vn 0.555412 -0.831179 -0.025676
vn 0.290213 -0.433978 0.852901
vn 0.706875 -0.706888 -0.025235
vn 0.369337 -0.369329 0.852752
vn 0.382987 -0.923415 -0.024999
vn 0.199514 -0.480173 0.854183
vn 0.555412 -0.831179 -0.025676
vn 0.290213 -0.433978 0.852901
vn 0.193511 -0.980853 -0.021909
vn 0.100767 -0.508018 0.855432
vn 0.382987 -0.923415 -0.024999
vn 0.199514 -0.480173 0.854183
vn -0.000000 -0.518180 0.855272
vn 0.100767 -0.508018 0.855432
vn -0.000000 -0.999801 -0.019962
vn 0.193511 -0.980853 -0.021909
vn -1.000000 -0.000000 0.000000
vn -1.000000 -0.000000 0.000000
vn -1.000000 0.000000 0.000000
vn -1.000000 -0.000000 0.000000
vn -1.000000 0.000000 0.000000
vn -1.000000 0.000000 0.000000
vn -0.803986 0.023606 0.594179
vn -0.804269 0.156743 0.573222
vn -0.932532 0.034279 0.359458
vn -0.912475 0.191039 0.361792
vn -0.804269 0.156743 0.573222
vn -0.753173 0.308814 0.580831
vn -0.912475 0.191039 0.361792
vn -0.852425 0.361386 0.377853
vn -0.753173 0.308814 0.580831
vn -0.673972 0.448214 0.587252
vn -0.852425 0.361386 0.377853
vn -0.761930 0.517539 0.389380
vn -0.673972 0.448214 0.587252
vn -0.570777 0.569551 0.591461
vn -0.761930 0.517539 0.389380
vn -0.644688 0.653249 0.397041
vn -0.570777 0.569551 0.591461
vn -0.447188 0.668760 0.593955
vn -0.644688 0.653249 0.397041
vn -0.504767 0.764109 0.401681
vn -0.447188 0.668760 0.593955
vn -0.307492 0.742372 0.595258
vn -0.504767 0.764109 0.401681
vn -0.346935 0.846326 0.404188
vn -0.307492 0.742372 0.595258
vn -0.156693 0.787622 0.595902
vn -0.346935 0.846326 0.404188
vn -0.176779 0.896858 0.405457
vn -0.156693 0.787622 0.595902
vn 0.000000 0.802879 0.596142
vn -0.176779 0.896858 0.405457
vn 0.000000 0.913912 0.405913
vn 0.400638 -0.465264 0.789316
vn 0.023330 -0.088923 0.995765
vn 0.636940 -0.767569 -0.071728
vn 0.297721 -0.950476 -0.089202
vn 0.998721 -0.044846 -0.023333
vn 0.723396 -0.032447 0.689671
vn 0.636940 -0.767569 -0.071728
vn 0.400638 -0.465264 0.789316
vn 0.400638 -0.465264 0.789316
vn 0.723396 -0.032447 0.689671
vn -0.128103 0.129608 0.983256
vn -0.174495 0.017503 0.984503
vn -0.007913 0.192052 0.981353
vn 0.023330 -0.088923 0.995765
vn -0.128103 0.129608 0.983256
vn 0.400638 -0.465264 0.789316
vn -0.699073 0.045962 0.713571
vn -0.408805 0.453665 0.791876
vn -0.174495 0.017503 0.984503
vn -0.128103 0.129608 0.983256
vn -0.128103 0.129608 0.983256
vn -0.408805 0.453665 0.791876
vn -0.007913 0.192052 0.981353
vn -0.014637 0.713003 0.701008
vn -0.408805 0.453665 0.791876
vn -0.699073 0.045962 0.713571
vn -0.553312 0.608372 0.568972
vn -0.924415 0.039994 0.379286
vn -0.408805 0.453665 0.791876
vn -0.553312 0.608372 0.568972
vn -0.014637 0.713003 0.701008
vn -0.016990 0.878830 0.476833
vn 0.805218 0.224307 -0.548917
vn 0.364120 -0.250799 -0.896948
vn 0.031838 -0.990325 -0.135066
vn 0.220198 -0.097279 -0.970592
vn 0.502741 -0.035294 -0.863716
vn 0.254820 -0.021828 -0.966742
vn 0.364120 -0.250799 -0.896948
vn 0.220198 -0.097279 -0.970592
vn 0.816381 -0.077439 -0.572298
vn 0.535435 -0.464568 -0.705326
vn 0.805218 0.224307 -0.548917
vn 0.364120 -0.250799 -0.896948
vn 0.364120 -0.250799 -0.896948
vn 0.535435 -0.464568 -0.705326
vn 0.502741 -0.035294 -0.863716
vn 0.845758 -0.039109 -0.532132
vn 0.636345 -0.020451 -0.771134
vn 0.267651 -0.004856 -0.963504
vn 0.502741 -0.035294 -0.863716
vn 0.254820 -0.021828 -0.966742
vn 0.853842 -0.035543 -0.519317
vn 0.636345 -0.020451 -0.771134
vn 0.845758 -0.039109 -0.532132
vn 0.502741 -0.035294 -0.863716
vn 0.023330 -0.088923 0.995765
vn -0.007913 0.192052 0.981353
vn -0.000425 -0.015792 0.999875
vn -0.000143 0.314713 0.949187
vn 0.723396 -0.032447 0.689671
vn 0.567814 -0.013071 0.823053
vn -0.174495 0.017503 0.984503
vn -0.277488 0.006798 0.960705
vn -0.006859 0.772593 0.634865
vn -0.000143 0.314713 0.949187
vn -0.014637 0.713003 0.701008
vn -0.007913 0.192052 0.981353
vn -0.803986 0.023606 0.594179
vn -0.699073 0.045962 0.713571
vn -0.277488 0.006798 0.960705
vn -0.174495 0.017503 0.984503
vn 0.999487 -0.023957 -0.021238
vn 0.567814 -0.013071 0.823053
vn 0.998721 -0.044846 -0.023333
vn 0.723396 -0.032447 0.689671
vn -0.009842 0.880575 0.473804
vn -0.006859 0.772593 0.634865
vn -0.016990 0.878830 0.476833
vn -0.014637 0.713003 0.701008
vn -0.699073 0.045962 0.713571
vn -0.803986 0.023606 0.594179
vn -0.924415 0.039994 0.379286
vn -0.932532 0.034279 0.359458
vn 0.036388 -0.995839 -0.083551
vn 0.816381 -0.077439 -0.572298
vn 0.805218 0.224307 -0.548917
vn 0.128794 -0.639600 -0.757842
vn 0.160964 -0.807781 -0.567080
vn 0.067410 -0.650272 -0.756705
vn 0.084410 -0.821415 -0.564050
vn 0.250389 -0.604715 -0.756059
vn 0.312151 -0.761705 -0.567774
vn 0.128794 -0.639600 -0.757842
vn 0.160964 -0.807781 -0.567080
vn 0.364598 -0.545250 -0.754832
vn 0.454421 -0.688151 -0.565641
vn 0.250389 -0.604715 -0.756059
vn 0.312151 -0.761705 -0.567774
vn 0.465785 -0.464644 -0.753094
vn 0.581011 -0.589014 -0.561683
vn 0.364598 -0.545250 -0.754832
vn 0.454421 -0.688151 -0.565641
vn 0.550409 -0.365783 -0.750502
vn 0.687897 -0.467586 -0.555122
vn 0.465785 -0.464644 -0.753094
vn 0.581011 -0.589014 -0.561683
vn 0.615547 -0.252014 -0.746720
vn 0.771677 -0.327551 -0.545183
vn 0.550409 -0.365783 -0.750502
vn 0.687897 -0.467586 -0.555122
vn 0.656853 -0.127300 -0.743195
vn 0.829179 -0.173906 -0.531244
vn 0.615547 -0.252014 -0.746720
vn 0.771677 -0.327551 -0.545183
vn 0.636345 -0.020451 -0.771134
vn 0.853842 -0.035543 -0.519317
vn 0.656853 -0.127300 -0.743195
vn 0.829179 -0.173906 -0.531244
vn 0.036388 -0.995839 -0.083551
vn 0.805218 0.224307 -0.548917
vn 0.031838 -0.990325 -0.135066
vn 0.031838 -0.990325 -0.135066
vn 0.000673 -0.996877 -0.078970
vn 0.036388 -0.995839 -0.083551
vn 0.000674 -0.996886 -0.078854
vn -1.000000 -0.000000 0.000000
vn -1.000000 -0.000000 0.000001
vn -1.000000 -0.000000 0.000000
vn 0.031838 -0.990325 -0.135066
vn -0.000065 -0.990644 -0.136475
vn 0.000673 -0.996877 -0.078970
vn -0.254935 -0.050923 -0.965616
vn -0.690404 -0.138135 -0.710113
vn -0.270172 -0.002538 -0.962809
vn -0.655718 -0.015415 -0.754849
vn -0.240472 -0.099992 -0.965492
vn -0.653099 -0.270457 -0.707330
vn -0.254935 -0.050923 -0.965616
vn -0.690404 -0.138135 -0.710113
vn -0.216666 -0.144987 -0.965419
vn -0.588017 -0.392852 -0.707038
vn -0.240472 -0.099992 -0.965492
vn -0.653099 -0.270457 -0.707330
vn -0.184407 -0.184405 -0.965396
vn -0.500117 -0.500089 -0.706961
vn -0.216666 -0.144987 -0.965419
vn -0.588017 -0.392852 -0.707038
vn -0.392844 -0.587941 -0.707106
vn -0.500117 -0.500089 -0.706961
vn -0.144987 -0.216660 -0.965421
vn -0.184407 -0.184405 -0.965396
vn -0.270443 -0.652957 -0.707466
vn -0.392844 -0.587941 -0.707106
vn -0.100016 -0.240474 -0.965489
vn -0.144987 -0.216660 -0.965421
vn -0.139717 -0.691204 -0.709025
vn -0.270443 -0.652957 -0.707466
vn -0.052554 -0.252825 -0.966084
vn -0.100016 -0.240474 -0.965489
vn 0.000000 -0.704803 -0.709403
vn -0.139717 -0.691204 -0.709025
vn 0.000000 -0.255493 -0.966811
vn -0.052554 -0.252825 -0.966084
vn 0.276775 0.004437 0.960925
vn 0.288008 0.057607 0.955894
vn -0.563268 -0.007646 0.826239
vn -0.498152 -0.098942 0.861426
vn 0.288008 0.057607 0.955894
vn 0.273516 0.113189 0.955184
vn -0.498152 -0.098942 0.861426
vn -0.469850 -0.195388 0.860851
vn 0.273516 0.113189 0.955184
vn 0.246834 0.164870 0.954930
vn -0.469850 -0.195388 0.860851
vn -0.424532 -0.284097 0.859687
vn 0.246834 0.164870 0.954930
vn 0.210085 0.210085 0.954845
vn -0.424532 -0.284097 0.859687
vn -0.361679 -0.361664 0.859295
vn 0.164862 0.246824 0.954934
vn -0.284083 -0.424501 0.859707
vn 0.210085 0.210085 0.954845
vn -0.361679 -0.361664 0.859295
vn 0.113165 0.273479 0.955198
vn -0.195405 -0.469762 0.860895
vn 0.164862 0.246824 0.954934
vn -0.284083 -0.424501 0.859707
vn 0.057177 0.288157 0.955875
vn -0.098810 -0.497478 0.861831
vn 0.113165 0.273479 0.955198
vn -0.195405 -0.469762 0.860895
vn 0.000000 0.292268 0.956337
vn -0.000000 -0.508185 0.861248
vn 0.057177 0.288157 0.955875
vn -0.098810 -0.497478 0.861831
vn 0.276775 0.004437 0.960925
vn 0.815708 0.017139 0.578210
vn 0.288008 0.057607 0.955894
vn 0.825748 0.165703 0.539150
vn 0.273516 0.113189 0.955184
vn 0.288008 0.057607 0.955894
vn 0.779040 0.322661 0.537574
vn 0.825748 0.165703 0.539150
vn 0.246834 0.164870 0.954930
vn 0.273516 0.113189 0.955184
vn 0.701090 0.468424 0.537635
vn 0.779040 0.322661 0.537574
vn 0.210085 0.210085 0.954845
vn 0.246834 0.164870 0.954930
vn 0.596208 0.596178 0.537687
vn 0.701090 0.468424 0.537635
vn 0.164862 0.246824 0.954934
vn 0.210085 0.210085 0.954845
vn 0.468424 0.701017 0.537730
vn 0.596208 0.596178 0.537687
vn 0.113165 0.273479 0.955198
vn 0.164862 0.246824 0.954934
vn 0.322649 0.778916 0.537762
vn 0.468424 0.701017 0.537730
vn 0.057177 0.288157 0.955875
vn 0.113165 0.273479 0.955198
vn 0.164481 0.826884 0.537781
vn 0.322649 0.778916 0.537762
vn 0.000000 0.843080 0.537789
vn 0.000000 0.292268 0.956337
vn 0.164481 0.826884 0.537781
vn 0.057177 0.288157 0.955875
vn -0.980865 -0.194349 -0.011535
vn -0.999698 -0.015044 -0.019423
vn -0.498152 -0.098942 0.861426
vn -0.563268 -0.007646 0.826239
vn -0.923594 -0.383165 -0.012570
vn -0.980865 -0.194349 -0.011535
vn -0.469850 -0.195388 0.860851
vn -0.498152 -0.098942 0.861426
vn -0.831239 -0.555742 -0.013876
vn -0.923594 -0.383165 -0.012570
vn -0.424532 -0.284097 0.859687
vn -0.469850 -0.195388 0.860851
vn -0.707028 -0.707041 -0.014315
vn -0.831239 -0.555742 -0.013876
vn -0.361679 -0.361664 0.859295
vn -0.424532 -0.284097 0.859687
vn -0.555746 -0.831237 -0.013871
vn -0.707028 -0.707041 -0.014315
vn -0.284083 -0.424501 0.859707
vn -0.361679 -0.361664 0.859295
vn -0.383210 -0.923577 -0.012488
vn -0.555746 -0.831237 -0.013871
vn -0.195405 -0.469762 0.860895
vn -0.284083 -0.424501 0.859707
vn -0.193421 -0.981062 -0.010327
vn -0.383210 -0.923577 -0.012488
vn -0.098810 -0.497478 0.861831
vn -0.195405 -0.469762 0.860895
vn -0.000000 -0.508185 0.861248
vn -0.000000 -0.999958 -0.009121
vn -0.098810 -0.497478 0.861831
vn -0.193421 -0.981062 -0.010327
vn 0.999990 -0.001180 0.004442
vn 0.999984 -0.002250 0.005210
vn 0.999951 -0.006764 0.007212
vn 0.999990 -0.001180 0.004442
vn 0.999993 0.000281 0.003630
vn 0.999984 -0.002250 0.005210
vn 0.927910 0.186437 0.322839
vn 0.825748 0.165703 0.539150
vn 0.940058 0.021247 0.340352
vn 0.815708 0.017139 0.578210
vn 0.874306 0.362190 0.323121
vn 0.779040 0.322661 0.537574
vn 0.927910 0.186437 0.322839
vn 0.825748 0.165703 0.539150
vn 0.786819 0.525776 0.323225
vn 0.701090 0.468424 0.537635
vn 0.874306 0.362190 0.323121
vn 0.779040 0.322661 0.537574
vn 0.669109 0.669148 0.323316
vn 0.596208 0.596178 0.537687
vn 0.786819 0.525776 0.323225
vn 0.701090 0.468424 0.537635
vn 0.669109 0.669148 0.323316
vn 0.525698 0.786804 0.323390
vn 0.596208 0.596178 0.537687
vn 0.468424 0.701017 0.537730
vn 0.525698 0.786804 0.323390
vn 0.362099 0.874224 0.323445
vn 0.468424 0.701017 0.537730
vn 0.322649 0.778916 0.537762
vn 0.362099 0.874224 0.323445
vn 0.184592 0.928056 0.323478
vn 0.322649 0.778916 0.537762
vn 0.164481 0.826884 0.537781
vn 0.184592 0.928056 0.323478
vn 0.000000 0.946232 0.323489
vn 0.164481 0.826884 0.537781
vn 0.000000 0.843080 0.537789
vn -0.299541 -0.940716 -0.159148
vn -0.020681 -0.064958 0.997674
vn -0.629345 -0.768417 -0.116022
vn -0.400346 -0.470660 0.786259
vn -0.999144 -0.035106 -0.021887
vn -0.629345 -0.768417 -0.116022
vn -0.727947 -0.025341 0.685165
vn -0.400346 -0.470660 0.786259
vn 0.171742 0.013836 0.985045
vn -0.727947 -0.025341 0.685165
vn 0.126214 0.127697 0.983750
vn -0.400346 -0.470660 0.786259
vn 0.006506 0.192794 0.981218
vn 0.126214 0.127697 0.983750
vn -0.020681 -0.064958 0.997674
vn -0.400346 -0.470660 0.786259
vn 0.126214 0.127697 0.983750
vn 0.435254 0.481173 0.760939
vn 0.171742 0.013836 0.985045
vn 0.729364 0.033747 0.683293
vn 0.126214 0.127697 0.983750
vn 0.006506 0.192794 0.981218
vn 0.435254 0.481173 0.760939
vn 0.009962 0.732224 0.680991
vn 0.934569 0.032435 0.354300
vn 0.729364 0.033747 0.683293
vn 0.561824 0.658681 0.500493
vn 0.435254 0.481173 0.760939
vn 0.008686 0.903412 0.428686
vn 0.561824 0.658681 0.500493
vn 0.009962 0.732224 0.680991
vn 0.435254 0.481173 0.760939
vn -0.198278 -0.107068 -0.974280
vn -0.361894 -0.296974 -0.883651
vn -0.027552 -0.988388 -0.149436
vn -0.797713 0.178296 -0.576078
vn -0.198278 -0.107068 -0.974280
vn -0.258571 -0.017331 -0.965837
vn -0.361894 -0.296974 -0.883651
vn -0.538608 -0.026924 -0.842126
vn -0.361894 -0.296974 -0.883651
vn -0.529865 -0.555443 -0.640879
vn -0.797713 0.178296 -0.576078
vn -0.845575 -0.093687 -0.525572
vn -0.361894 -0.296974 -0.883651
vn -0.538608 -0.026924 -0.842126
vn -0.529865 -0.555443 -0.640879
vn -0.866353 -0.032219 -0.498391
vn -0.258571 -0.017331 -0.965837
vn -0.270172 -0.002538 -0.962809
vn -0.538608 -0.026924 -0.842126
vn -0.655718 -0.015415 -0.754849
vn -0.538608 -0.026924 -0.842126
vn -0.655718 -0.015415 -0.754849
vn -0.866353 -0.032219 -0.498391
vn -0.872173 -0.023610 -0.488628
vn 0.000001 0.312791 0.949822
vn 0.006506 0.192794 0.981218
vn 0.000000 -0.000010 1.000000
vn -0.020681 -0.064958 0.997674
vn 0.276775 0.004437 0.960925
vn -0.563268 -0.007646 0.826239
vn 0.171742 0.013836 0.985045
vn -0.727947 -0.025341 0.685165
vn 0.006506 0.192794 0.981218
vn 0.000001 0.312791 0.949822
vn 0.009962 0.732224 0.680991
vn 0.001787 0.795904 0.605421
vn 0.815708 0.017139 0.578210
vn 0.276775 0.004437 0.960925
vn 0.729364 0.033747 0.683293
vn 0.171742 0.013836 0.985045
vn -0.999698 -0.015044 -0.019423
vn -0.999144 -0.035106 -0.021887
vn -0.563268 -0.007646 0.826239
vn -0.727947 -0.025341 0.685165
vn 0.002536 0.904099 0.427316
vn 0.008686 0.903412 0.428686
vn 0.001787 0.795904 0.605421
vn 0.009962 0.732224 0.680991
vn 0.940058 0.021247 0.340352
vn 0.815708 0.017139 0.578210
vn 0.934569 0.032435 0.354300
vn 0.729364 0.033747 0.683293
vn -0.001784 -0.996276 -0.086203
vn -0.001781 -0.996252 -0.086485
vn -0.034080 -0.995293 -0.090723
vn -0.027552 -0.988388 -0.149436
vn -0.034080 -0.995293 -0.090723
vn -0.027552 -0.988388 -0.149436
vn -0.797713 0.178296 -0.576078
vn -0.034080 -0.995293 -0.090723
vn -0.797713 0.178296 -0.576078
vn -0.845575 -0.093687 -0.525572
vn 0.000000 -0.704803 -0.709403
vn 0.000000 -0.875553 -0.483121
vn -0.139717 -0.691204 -0.709025
vn -0.172872 -0.857497 -0.484576
vn -0.139717 -0.691204 -0.709025
vn -0.172872 -0.857497 -0.484576
vn -0.270443 -0.652957 -0.707466
vn -0.334348 -0.807229 -0.486409
vn -0.270443 -0.652957 -0.707466
vn -0.334348 -0.807229 -0.486409
vn -0.392844 -0.587941 -0.707106
vn -0.485415 -0.726518 -0.486358
vn -0.392844 -0.587941 -0.707106
vn -0.485415 -0.726518 -0.486358
vn -0.500117 -0.500089 -0.706961
vn -0.617848 -0.617887 -0.486291
vn -0.617848 -0.617887 -0.486291
vn -0.726555 -0.485509 -0.486209
vn -0.500117 -0.500089 -0.706961
vn -0.588017 -0.392852 -0.707038
vn -0.726555 -0.485509 -0.486209
vn -0.807360 -0.334460 -0.486114
vn -0.588017 -0.392852 -0.707038
vn -0.653099 -0.270457 -0.707330
vn -0.807360 -0.334460 -0.486114
vn -0.856922 -0.171954 -0.485919
vn -0.653099 -0.270457 -0.707330
vn -0.690404 -0.138135 -0.710113
vn -0.856922 -0.171954 -0.485919
vn -0.872173 -0.023610 -0.488628
vn -0.690404 -0.138135 -0.710113
vn -0.655718 -0.015415 -0.754849
vn 0.999990 -0.001180 0.004442
vn 0.999951 -0.006764 0.007212
vn 0.999929 -0.009233 0.007497
vn -0.027552 -0.988388 -0.149436
vn -0.001781 -0.996252 -0.086485
vn -0.000033 -0.972082 -0.234639
vn 0.254935 -0.050923 -0.965616
vn 0.270172 -0.002538 -0.962809
vn 0.690404 -0.138135 -0.710113
vn 0.655718 -0.015415 -0.754849
vn 0.240472 -0.099992 -0.965492
vn 0.254935 -0.050923 -0.965616
vn 0.653099 -0.270457 -0.707330
vn 0.690404 -0.138135 -0.710113
vn 0.216666 -0.144987 -0.965419
vn 0.240472 -0.099992 -0.965492
vn 0.588017 -0.392852 -0.707038
vn 0.653099 -0.270457 -0.707330
vn 0.184407 -0.184405 -0.965396
vn 0.216666 -0.144987 -0.965419
vn 0.500117 -0.500090 -0.706961
vn 0.588017 -0.392852 -0.707038
vn 0.184407 -0.184405 -0.965396
vn 0.500117 -0.500090 -0.706961
vn 0.144987 -0.216660 -0.965421
vn 0.392844 -0.587941 -0.707106
vn 0.144987 -0.216660 -0.965421
vn 0.392844 -0.587941 -0.707106
vn 0.100016 -0.240474 -0.965489
vn 0.270442 -0.652957 -0.707466
vn 0.100016 -0.240474 -0.965489
vn 0.270442 -0.652957 -0.707466
vn 0.052554 -0.252825 -0.966084
vn 0.139717 -0.691204 -0.709025
vn 0.052554 -0.252825 -0.966084
vn 0.139717 -0.691204 -0.709025
vn 0.000000 -0.255493 -0.966811
vn 0.000000 -0.704803 -0.709403
vn -0.276775 0.004437 0.960925
vn 0.563268 -0.007646 0.826239
vn -0.288008 0.057607 0.955894
vn 0.498152 -0.098943 0.861426
vn -0.288008 0.057607 0.955894
vn 0.498152 -0.098943 0.861426
vn -0.273516 0.113189 0.955184
vn 0.469850 -0.195388 0.860851
vn -0.273516 0.113189 0.955184
vn 0.469850 -0.195388 0.860851
vn -0.246834 0.164870 0.954930
vn 0.424533 -0.284095 0.859687
vn -0.246834 0.164870 0.954930
vn 0.424533 -0.284095 0.859687
vn -0.210085 0.210086 0.954845
vn 0.361680 -0.361663 0.859295
vn 0.361680 -0.361663 0.859295
vn 0.284083 -0.424501 0.859707
vn -0.210085 0.210086 0.954845
vn -0.164862 0.246823 0.954934
vn 0.284083 -0.424501 0.859707
vn 0.195406 -0.469761 0.860896
vn -0.164862 0.246823 0.954934
vn -0.113165 0.273479 0.955198
vn 0.195406 -0.469761 0.860896
vn 0.098810 -0.497476 0.861832
vn -0.113165 0.273479 0.955198
vn -0.057177 0.288157 0.955875
vn 0.098810 -0.497476 0.861832
vn -0.000000 -0.508185 0.861248
vn -0.057177 0.288157 0.955875
vn 0.000000 0.292268 0.956337
vn -0.825748 0.165703 0.539150
vn -0.815708 0.017139 0.578210
vn -0.288008 0.057607 0.955894
vn -0.276775 0.004437 0.960925
vn -0.273516 0.113189 0.955184
vn -0.779040 0.322661 0.537574
vn -0.288008 0.057607 0.955894
vn -0.825748 0.165703 0.539150
vn -0.246834 0.164870 0.954930
vn -0.701090 0.468424 0.537635
vn -0.273516 0.113189 0.955184
vn -0.779040 0.322661 0.537574
vn -0.210085 0.210086 0.954845
vn -0.596209 0.596178 0.537687
vn -0.246834 0.164870 0.954930
vn -0.701090 0.468424 0.537635
vn -0.164862 0.246823 0.954934
vn -0.468424 0.701017 0.537730
vn -0.210085 0.210086 0.954845
vn -0.596209 0.596178 0.537687
vn -0.113165 0.273479 0.955198
vn -0.322649 0.778915 0.537762
vn -0.164862 0.246823 0.954934
vn -0.468424 0.701017 0.537730
vn -0.057177 0.288157 0.955875
vn -0.164481 0.826884 0.537781
vn -0.113165 0.273479 0.955198
vn -0.322649 0.778915 0.537762
vn 0.000000 0.843080 0.537789
vn -0.164481 0.826884 0.537781
vn 0.000000 0.292268 0.956337
vn -0.057177 0.288157 0.955875
vn 0.980865 -0.194349 -0.011535
vn 0.498152 -0.098943 0.861426
vn 0.999698 -0.015044 -0.019423
vn 0.563268 -0.007646 0.826239
vn 0.923595 -0.383165 -0.012570
vn 0.469850 -0.195388 0.860851
vn 0.980865 -0.194349 -0.011535
vn 0.498152 -0.098943 0.861426
vn 0.831239 -0.555742 -0.013877
vn 0.424533 -0.284095 0.859687
vn 0.923595 -0.383165 -0.012570
vn 0.469850 -0.195388 0.860851
vn 0.707028 -0.707041 -0.014315
vn 0.361680 -0.361663 0.859295
vn 0.831239 -0.555742 -0.013877
vn 0.424533 -0.284095 0.859687
vn 0.555746 -0.831236 -0.013871
vn 0.284083 -0.424501 0.859707
vn 0.707028 -0.707041 -0.014315
vn 0.361680 -0.361663 0.859295
vn 0.383211 -0.923577 -0.012488
vn 0.195406 -0.469761 0.860896
vn 0.555746 -0.831236 -0.013871
vn 0.284083 -0.424501 0.859707
vn 0.193420 -0.981062 -0.010327
vn 0.098810 -0.497476 0.861832
vn 0.383211 -0.923577 -0.012488
vn 0.195406 -0.469761 0.860896
vn -0.000000 -0.508185 0.861248
vn 0.098810 -0.497476 0.861832
vn -0.000000 -0.999958 -0.009121
vn 0.193420 -0.981062 -0.010327
vn -0.999990 -0.001180 0.004442
vn -0.999951 -0.006764 0.007212
vn -0.999984 -0.002250 0.005210
vn -0.999990 -0.001180 0.004442
vn -0.999984 -0.002250 0.005210
vn -0.999993 0.000281 0.003630
vn -0.815708 0.017139 0.578210
vn -0.825748 0.165703 0.539150
vn -0.940058 0.021247 0.340352
vn -0.927910 0.186437 0.322839
vn -0.825748 0.165703 0.539150
vn -0.779040 0.322661 0.537574
vn -0.927910 0.186437 0.322839
vn -0.874306 0.362191 0.323121
vn -0.779040 0.322661 0.537574
vn -0.701090 0.468424 0.537635
vn -0.874306 0.362191 0.323121
vn -0.786820 0.525776 0.323225
vn -0.701090 0.468424 0.537635
vn -0.596209 0.596178 0.537687
vn -0.786820 0.525776 0.323225
vn -0.669110 0.669148 0.323316
vn -0.669110 0.669148 0.323316
vn -0.596209 0.596178 0.537687
vn -0.525698 0.786804 0.323390
vn -0.468424 0.701017 0.537730
vn -0.525698 0.786804 0.323390
vn -0.468424 0.701017 0.537730
vn -0.362099 0.874224 0.323445
vn -0.322649 0.778915 0.537762
vn -0.362099 0.874224 0.323445
vn -0.322649 0.778915 0.537762
vn -0.184592 0.928056 0.323478
vn -0.164481 0.826884 0.537781
vn -0.184592 0.928056 0.323478
vn -0.164481 0.826884 0.537781
vn 0.000000 0.946232 0.323489
vn 0.000000 0.843080 0.537789
vn 0.644423 -0.758790 -0.094640
vn 0.399091 -0.451375 0.798115
vn 0.315540 -0.940379 -0.126973
vn 0.018379 -0.054783 0.998329
vn 0.999144 -0.035106 -0.021888
vn 0.727947 -0.025341 0.685165
vn 0.644423 -0.758790 -0.094640
vn 0.399091 -0.451375 0.798115
vn 0.399091 -0.451375 0.798115
vn 0.727947 -0.025341 0.685165
vn -0.126214 0.127696 0.983750
vn -0.171743 0.013836 0.985045
vn -0.006506 0.192794 0.981218
vn 0.018379 -0.054783 0.998329
vn -0.126214 0.127696 0.983750
vn 0.399091 -0.451375 0.798115
vn -0.729364 0.033747 0.683293
vn -0.435254 0.481172 0.760939
vn -0.171743 0.013836 0.985045
vn -0.126214 0.127696 0.983750
vn -0.126214 0.127696 0.983750
vn -0.435254 0.481172 0.760939
vn -0.006506 0.192794 0.981218
vn -0.009962 0.732224 0.680991
vn -0.435254 0.481172 0.760939
vn -0.729364 0.033747 0.683293
vn -0.561824 0.658681 0.500493
vn -0.934569 0.032435 0.354300
vn -0.008686 0.903412 0.428686
vn -0.009962 0.732224 0.680991
vn -0.561824 0.658681 0.500493
vn -0.435254 0.481172 0.760939
vn 0.805339 0.220100 -0.550440
vn 0.365921 -0.294436 -0.882842
vn 0.028027 -0.988745 -0.146962
vn 0.201099 -0.101023 -0.974348
vn 0.538608 -0.026924 -0.842126
vn 0.258571 -0.017331 -0.965837
vn 0.365921 -0.294436 -0.882842
vn 0.201099 -0.101023 -0.974348
vn 0.856747 -0.066165 -0.511476
vn 0.529865 -0.555443 -0.640879
vn 0.805339 0.220100 -0.550440
vn 0.365921 -0.294436 -0.882842
vn 0.365921 -0.294436 -0.882842
vn 0.529865 -0.555443 -0.640879
vn 0.538608 -0.026924 -0.842126
vn 0.866353 -0.032219 -0.498391
vn 0.655718 -0.015415 -0.754849
vn 0.270172 -0.002538 -0.962809
vn 0.538608 -0.026924 -0.842126
vn 0.258571 -0.017331 -0.965837
vn 0.872173 -0.023610 -0.488628
vn 0.655718 -0.015415 -0.754849
vn 0.866353 -0.032219 -0.498391
vn 0.538608 -0.026924 -0.842126
vn 0.018379 -0.054783 0.998329
vn -0.006506 0.192794 0.981218
vn -0.000000 -0.000011 1.000000
vn -0.000001 0.312791 0.949822
vn 0.727947 -0.025341 0.685165
vn 0.563268 -0.007646 0.826239
vn -0.171743 0.013836 0.985045
vn -0.276775 0.004437 0.960925
vn -0.001787 0.795904 0.605421
vn -0.000001 0.312791 0.949822
vn -0.009962 0.732224 0.680991
vn -0.006506 0.192794 0.981218
vn -0.815708 0.017139 0.578210
vn -0.729364 0.033747 0.683293
vn -0.276775 0.004437 0.960925
vn -0.171743 0.013836 0.985045
vn 0.999698 -0.015044 -0.019423
vn 0.563268 -0.007646 0.826239
vn 0.999144 -0.035106 -0.021888
vn 0.727947 -0.025341 0.685165
vn -0.002536 0.904099 0.427316
vn -0.001787 0.795904 0.605421
vn -0.008686 0.903412 0.428686
vn -0.009962 0.732224 0.680991
vn -0.729364 0.033747 0.683293
vn -0.815708 0.017139 0.578210
vn -0.934569 0.032435 0.354300
vn -0.940058 0.021247 0.340352
vn 0.028027 -0.988745 -0.146962
vn 0.001773 -0.996252 -0.086482
vn 0.033887 -0.995339 -0.090286
vn 0.001776 -0.996276 -0.086202
vn 0.033887 -0.995339 -0.090286
vn 0.805339 0.220100 -0.550440
vn 0.028027 -0.988745 -0.146962
vn 0.033887 -0.995339 -0.090286
vn 0.856747 -0.066165 -0.511476
vn 0.805339 0.220100 -0.550440
vn 0.000000 -0.704803 -0.709403
vn 0.139717 -0.691204 -0.709025
vn 0.000000 -0.875553 -0.483121
vn 0.172871 -0.857497 -0.484576
vn 0.139717 -0.691204 -0.709025
vn 0.270442 -0.652957 -0.707466
vn 0.172871 -0.857497 -0.484576
vn 0.334348 -0.807229 -0.486409
vn 0.270442 -0.652957 -0.707466
vn 0.392844 -0.587941 -0.707106
vn 0.334348 -0.807229 -0.486409
vn 0.485415 -0.726518 -0.486358
vn 0.392844 -0.587941 -0.707106
vn 0.500117 -0.500090 -0.706961
vn 0.485415 -0.726518 -0.486358
vn 0.617848 -0.617888 -0.486291
vn 0.588017 -0.392852 -0.707038
vn 0.726555 -0.485509 -0.486208
vn 0.500117 -0.500090 -0.706961
vn 0.617848 -0.617888 -0.486291
vn 0.653099 -0.270457 -0.707330
vn 0.807360 -0.334460 -0.486114
vn 0.588017 -0.392852 -0.707038
vn 0.726555 -0.485509 -0.486208
vn 0.690404 -0.138135 -0.710113
vn 0.856922 -0.171953 -0.485919
vn 0.653099 -0.270457 -0.707330
vn 0.807360 -0.334460 -0.486114
vn 0.655718 -0.015415 -0.754849
vn 0.872173 -0.023610 -0.488628
vn 0.690404 -0.138135 -0.710113
vn 0.856922 -0.171953 -0.485919
vn -0.999990 -0.001180 0.004442
vn -0.999929 -0.009233 0.007497
vn -0.999951 -0.006764 0.007212
vn 0.028027 -0.988745 -0.146962
vn 0.000033 -0.972084 -0.234633
vn 0.001773 -0.996252 -0.086482
vn 0.065416 0.321996 0.944478
vn 0.000000 0.329345 0.944210
vn -0.000000 -0.000036 1.000000
vn 0.125395 0.303189 0.944644
vn 0.065416 0.321996 0.944478
vn -0.000000 -0.000036 1.000000
vn 0.181371 0.274197 0.944416
vn 0.125395 0.303189 0.944644
vn -0.000000 -0.000036 1.000000
vn 0.232921 0.232926 0.944189
vn 0.181371 0.274197 0.944416
vn -0.000000 -0.000036 1.000000
vn 0.274121 0.181460 0.944421
vn 0.232921 0.232926 0.944189
vn -0.000000 -0.000036 1.000000
vn 0.303353 0.125615 0.944562
vn 0.274121 0.181460 0.944421
vn -0.000000 -0.000036 1.000000
vn 0.322479 0.065565 0.944303
vn 0.303353 0.125615 0.944562
vn -0.000000 -0.000036 1.000000
vn 0.299467 0.001885 0.954105
vn 0.322479 0.065565 0.944303
vn -0.000000 -0.000036 1.000000
vn 0.101844 0.499872 0.860091
vn 0.144466 0.715502 0.683510
vn 0.000000 0.509217 0.860638
vn 0.000000 0.730714 0.682684
vn 0.101844 0.499872 0.860091
vn 0.195419 0.472052 0.859638
vn 0.144466 0.715502 0.683510
vn 0.278760 0.673674 0.684439
vn 0.195419 0.472052 0.859638
vn 0.281262 0.425415 0.860183
vn 0.278760 0.673674 0.684439
vn 0.403064 0.608029 0.683989
vn 0.281262 0.425415 0.860183
vn 0.359833 0.359869 0.860822
vn 0.403064 0.608029 0.683989
vn 0.515809 0.516353 0.683608
vn 0.359833 0.359869 0.860822
vn 0.425052 0.281147 0.860400
vn 0.515809 0.516353 0.683608
vn 0.607129 0.403197 0.684709
vn 0.425052 0.281147 0.860400
vn 0.471361 0.195239 0.860058
vn 0.607129 0.403197 0.684709
vn 0.672381 0.278793 0.685696
vn 0.471361 0.195239 0.860058
vn 0.498871 0.101681 0.860691
vn 0.672381 0.278793 0.685696
vn 0.713857 0.144670 0.685186
vn 0.498871 0.101681 0.860691
vn 0.535867 0.003688 0.844295
vn 0.713857 0.144670 0.685186
vn 0.702899 0.003521 0.711281
vn 0.184476 0.916746 0.354324
vn 0.000000 0.935219 0.354070
vn 0.144466 0.715502 0.683510
vn 0.000000 0.730714 0.682684
vn 0.357428 0.863974 0.354676
vn 0.184476 0.916746 0.354324
vn 0.278760 0.673674 0.684439
vn 0.144466 0.715502 0.683510
vn 0.516977 0.779041 0.354724
vn 0.357428 0.863974 0.354676
vn 0.403064 0.608029 0.683989
vn 0.278760 0.673674 0.684439
vn 0.660684 0.661507 0.354832
vn 0.516977 0.779041 0.354724
vn 0.515809 0.516353 0.683608
vn 0.403064 0.608029 0.683989
vn 0.778354 0.517623 0.355291
vn 0.660684 0.661507 0.354832
vn 0.607129 0.403197 0.684709
vn 0.515809 0.516353 0.683608
vn 0.863306 0.358033 0.355691
vn 0.778354 0.517623 0.355291
vn 0.672381 0.278793 0.685696
vn 0.607129 0.403197 0.684709
vn 0.916070 0.185201 0.355693
vn 0.863306 0.358033 0.355691
vn 0.713857 0.144670 0.685186
vn 0.672381 0.278793 0.685696
vn 0.930161 0.004083 0.367129
vn 0.916070 0.185201 0.355693
vn 0.702899 0.003521 0.711281
vn 0.713857 0.144670 0.685186
vn 0.000000 0.935219 0.354070
vn 0.184476 0.916746 0.354324
vn 0.000000 0.812756 0.582605
vn 0.159842 0.797210 0.582157
vn 0.184476 0.916746 0.354324
vn 0.357428 0.863974 0.354676
vn 0.159842 0.797210 0.582157
vn 0.310744 0.751522 0.581939
vn 0.357428 0.863974 0.354676
vn 0.516977 0.779041 0.354724
vn 0.310744 0.751522 0.581939
vn 0.449590 0.677044 0.582650
vn 0.516977 0.779041 0.354724
vn 0.660684 0.661507 0.354832
vn 0.449590 0.677044 0.582650
vn 0.573683 0.574719 0.583598
vn 0.660684 0.661507 0.354832
vn 0.778354 0.517623 0.355291
vn 0.573683 0.574719 0.583598
vn 0.675981 0.450282 0.583348
vn 0.778354 0.517623 0.355291
vn 0.863306 0.358033 0.355691
vn 0.675981 0.450282 0.583348
vn 0.750335 0.311345 0.583148
vn 0.863306 0.358033 0.355691
vn 0.916070 0.185201 0.355693
vn 0.750335 0.311345 0.583148
vn 0.795828 0.160587 0.583840
vn 0.916070 0.185201 0.355693
vn 0.930161 0.004083 0.367129
vn 0.795828 0.160587 0.583840
vn 0.818924 0.005018 0.573881
vn 0.159842 0.797210 0.582157
vn 0.117895 0.588966 0.799512
vn 0.000000 0.812756 0.582605
vn -0.000000 0.600763 0.799427
vn 0.159842 0.797210 0.582157
vn 0.310744 0.751522 0.581939
vn 0.117895 0.588966 0.799512
vn 0.229479 0.554825 0.799693
vn 0.310744 0.751522 0.581939
vn 0.449590 0.677044 0.582650
vn 0.229479 0.554825 0.799693
vn 0.332255 0.499789 0.799886
vn 0.449590 0.677044 0.582650
vn 0.573683 0.574719 0.583598
vn 0.332255 0.499789 0.799886
vn 0.423812 0.424433 0.800150
vn 0.573683 0.574719 0.583598
vn 0.675981 0.450282 0.583348
vn 0.423812 0.424433 0.800150
vn 0.498828 0.332443 0.800408
vn 0.675981 0.450282 0.583348
vn 0.750335 0.311345 0.583148
vn 0.498828 0.332443 0.800408
vn 0.553442 0.229581 0.800621
vn 0.750335 0.311345 0.583148
vn 0.795828 0.160587 0.583840
vn 0.553442 0.229581 0.800621
vn 0.587176 0.118222 0.800779
vn 0.795828 0.160587 0.583840
vn 0.818924 0.005018 0.573881
vn 0.587176 0.118222 0.800779
vn 0.595532 0.004197 0.803321
vn 0.000000 0.509217 0.860638
vn 0.000000 0.329345 0.944210
vn 0.101844 0.499872 0.860091
vn 0.065416 0.321996 0.944478
vn 0.065416 0.321996 0.944478
vn 0.125395 0.303189 0.944644
vn 0.101844 0.499872 0.860091
vn 0.195419 0.472052 0.859638
vn 0.125395 0.303189 0.944644
vn 0.181371 0.274197 0.944416
vn 0.195419 0.472052 0.859638
vn 0.281262 0.425415 0.860183
vn 0.181371 0.274197 0.944416
vn 0.232921 0.232926 0.944189
vn 0.281262 0.425415 0.860183
vn 0.359833 0.359869 0.860822
vn 0.359833 0.359869 0.860822
vn 0.232921 0.232926 0.944189
vn 0.425052 0.281147 0.860400
vn 0.274121 0.181460 0.944421
vn 0.425052 0.281147 0.860400
vn 0.274121 0.181460 0.944421
vn 0.471361 0.195239 0.860058
vn 0.303353 0.125615 0.944562
vn 0.303353 0.125615 0.944562
vn 0.322479 0.065565 0.944303
vn 0.471361 0.195239 0.860058
vn 0.498871 0.101681 0.860691
vn 0.322479 0.065565 0.944303
vn 0.299467 0.001885 0.954105
vn 0.498871 0.101681 0.860691
vn 0.535867 0.003688 0.844295
vn -0.337295 0.939878 -0.053502
vn 0.029033 0.999245 -0.025812
vn -0.163679 0.984864 -0.057036
vn 0.006668 0.999948 -0.007782
vn -0.690937 -0.138573 -0.709509
vn -0.649698 -0.010347 -0.760122
vn -0.255723 -0.050798 -0.965415
vn -0.274657 -0.001399 -0.961541
vn -0.241105 -0.100013 -0.965332
vn -0.653919 -0.270662 -0.706493
vn -0.255723 -0.050798 -0.965415
vn -0.690937 -0.138573 -0.709509
vn -0.217221 -0.145221 -0.965259
vn -0.588484 -0.393031 -0.706550
vn -0.241105 -0.100013 -0.965332
vn -0.653919 -0.270662 -0.706493
vn -0.184829 -0.184823 -0.965235
vn -0.500363 -0.500204 -0.706706
vn -0.217221 -0.145221 -0.965259
vn -0.588484 -0.393031 -0.706550
vn -0.392985 -0.588023 -0.706959
vn -0.500363 -0.500204 -0.706706
vn -0.145223 -0.217213 -0.965261
vn -0.184829 -0.184823 -0.965235
vn -0.270548 -0.653100 -0.707294
vn -0.392985 -0.588023 -0.706959
vn -0.100026 -0.241094 -0.965333
vn -0.145223 -0.217213 -0.965261
vn -0.140873 -0.691542 -0.708466
vn -0.270548 -0.653100 -0.707294
vn -0.053377 -0.253345 -0.965902
vn -0.100026 -0.241094 -0.965333
vn 0.000000 -0.706023 -0.708189
vn -0.140873 -0.691542 -0.708466
vn -0.000000 -0.255940 -0.966693
vn -0.053377 -0.253345 -0.965902
vn -0.844362 -0.170233 -0.508009
vn -0.859795 -0.016050 -0.510387
vn -0.690937 -0.138573 -0.709509
vn -0.649698 -0.010347 -0.760122
vn -0.795346 -0.329676 -0.508664
vn -0.844362 -0.170233 -0.508009
vn -0.653919 -0.270662 -0.706493
vn -0.690937 -0.138573 -0.709509
vn -0.715497 -0.478311 -0.509198
vn -0.795346 -0.329676 -0.508664
vn -0.588484 -0.393031 -0.706550
vn -0.653919 -0.270662 -0.706493
vn -0.608261 -0.608489 -0.509667
vn -0.715497 -0.478311 -0.509198
vn -0.500363 -0.500204 -0.706706
vn -0.588484 -0.393031 -0.706550
vn -0.477766 -0.715254 -0.510050
vn -0.608261 -0.608489 -0.509667
vn -0.392985 -0.588023 -0.706959
vn -0.500363 -0.500204 -0.706706
vn -0.329019 -0.794548 -0.510333
vn -0.477766 -0.715254 -0.510050
vn -0.270548 -0.653100 -0.707294
vn -0.392985 -0.588023 -0.706959
vn -0.171097 -0.843799 -0.508653
vn -0.329019 -0.794548 -0.510333
vn -0.140873 -0.691542 -0.708466
vn -0.270548 -0.653100 -0.707294
vn 0.000000 -0.706023 -0.708189
vn 0.000000 -0.861685 -0.507443
vn -0.140873 -0.691542 -0.708466
vn -0.171097 -0.843799 -0.508653
vn 0.294067 0.058971 0.953964
vn -0.508134 -0.096058 0.855904
vn 0.281259 0.002379 0.959629
vn -0.607156 -0.005141 0.794566
vn 0.278013 0.115119 0.953654
vn -0.476237 -0.194516 0.857533
vn 0.294067 0.058971 0.953964
vn -0.508134 -0.096058 0.855904
vn 0.249879 0.166942 0.953777
vn -0.429204 -0.285396 0.856932
vn 0.278013 0.115119 0.953654
vn -0.476237 -0.194516 0.857533
vn 0.212447 0.212445 0.953799
vn -0.364505 -0.364884 0.856736
vn 0.249879 0.166942 0.953777
vn -0.429204 -0.285396 0.856932
vn 0.212447 0.212445 0.953799
vn 0.167040 0.250025 0.953722
vn -0.364505 -0.364884 0.856736
vn -0.284939 -0.429471 0.856951
vn 0.167040 0.250025 0.953722
vn 0.115244 0.278326 0.953548
vn -0.284939 -0.429471 0.856951
vn -0.194048 -0.476358 0.857571
vn 0.115244 0.278326 0.953548
vn 0.059159 0.297731 0.952815
vn -0.194048 -0.476358 0.857571
vn -0.097449 -0.505798 0.857130
vn 0.059159 0.297731 0.952815
vn -0.000000 0.305703 0.952127
vn -0.097449 -0.505798 0.857130
vn 0.000000 -0.514042 0.857765
vn 0.281259 0.002379 0.959629
vn 0.808062 0.010964 0.588995
vn 0.294067 0.058971 0.953964
vn 0.820809 0.165205 0.546790
vn 0.278013 0.115119 0.953654
vn 0.294067 0.058971 0.953964
vn 0.774650 0.320702 0.545039
vn 0.820809 0.165205 0.546790
vn 0.249879 0.166942 0.953777
vn 0.278013 0.115119 0.953654
vn 0.697000 0.465552 0.545392
vn 0.774650 0.320702 0.545039
vn 0.212447 0.212445 0.953799
vn 0.249879 0.166942 0.953777
vn 0.592628 0.592455 0.545702
vn 0.697000 0.465552 0.545392
vn 0.167040 0.250025 0.953722
vn 0.212447 0.212445 0.953799
vn 0.465543 0.696564 0.545957
vn 0.592628 0.592455 0.545702
vn 0.115244 0.278326 0.953548
vn 0.167040 0.250025 0.953722
vn 0.320630 0.773900 0.546145
vn 0.465543 0.696564 0.545957
vn 0.059159 0.297731 0.952815
vn 0.115244 0.278326 0.953548
vn 0.163442 0.821514 0.546261
vn 0.320630 0.773900 0.546145
vn 0.000000 0.837589 0.546300
vn -0.000000 0.305703 0.952127
vn 0.163442 0.821514 0.546261
vn 0.059159 0.297731 0.952815
vn -0.953147 -0.196178 -0.230273
vn -0.978800 -0.010537 -0.204546
vn -0.508134 -0.096058 0.855904
vn -0.607156 -0.005141 0.794566
vn -0.892635 -0.375374 -0.249593
vn -0.953147 -0.196178 -0.230273
vn -0.476237 -0.194516 0.857533
vn -0.508134 -0.096058 0.855904
vn -0.801433 -0.538355 -0.260537
vn -0.892635 -0.375374 -0.249593
vn -0.429204 -0.285396 0.856932
vn -0.476237 -0.194516 0.857533
vn -0.682545 -0.681807 -0.263196
vn -0.801433 -0.538355 -0.260537
vn -0.364505 -0.364884 0.856736
vn -0.429204 -0.285396 0.856932
vn -0.682545 -0.681807 -0.263196
vn -0.364505 -0.364884 0.856736
vn -0.539649 -0.801531 -0.257541
vn -0.284939 -0.429471 0.856951
vn -0.539649 -0.801531 -0.257541
vn -0.284939 -0.429471 0.856951
vn -0.376857 -0.893649 -0.243662
vn -0.194048 -0.476358 0.857571
vn -0.376857 -0.893649 -0.243662
vn -0.194048 -0.476358 0.857571
vn -0.200927 -0.954962 -0.218348
vn -0.097449 -0.505798 0.857130
vn 0.000000 -0.514042 0.857765
vn 0.000000 -0.979938 -0.199304
vn -0.097449 -0.505798 0.857130
vn -0.200927 -0.954962 -0.218348
vn 0.974909 -0.222597 -0.001888
vn 0.999813 -0.018927 -0.003858
vn 0.999818 0.015007 -0.011809
vn 0.974909 -0.222597 -0.001888
vn 0.999844 -0.016454 -0.006368
vn 0.999813 -0.018927 -0.003858
vn 0.919196 0.185643 0.347296
vn 0.820809 0.165205 0.546790
vn 0.930699 0.013861 0.365524
vn 0.808062 0.010964 0.588995
vn 0.866015 0.358952 0.348098
vn 0.774650 0.320702 0.545039
vn 0.919196 0.185643 0.347296
vn 0.820809 0.165205 0.546790
vn 0.779175 0.520863 0.348695
vn 0.697000 0.465552 0.545392
vn 0.866015 0.358952 0.348098
vn 0.774650 0.320702 0.545039
vn 0.662473 0.662704 0.349218
vn 0.592628 0.592455 0.545702
vn 0.779175 0.520863 0.348695
vn 0.697000 0.465552 0.545392
vn 0.520396 0.779060 0.349648
vn 0.465543 0.696564 0.545957
vn 0.662473 0.662704 0.349218
vn 0.592628 0.592455 0.545702
vn 0.358401 0.865490 0.349966
vn 0.320630 0.773900 0.546145
vn 0.520396 0.779060 0.349648
vn 0.465543 0.696564 0.545957
vn 0.182693 0.918700 0.350161
vn 0.163442 0.821514 0.546261
vn 0.358401 0.865490 0.349966
vn 0.320630 0.773900 0.546145
vn 0.182693 0.918700 0.350161
vn 0.000000 0.936665 0.350227
vn 0.163442 0.821514 0.546261
vn 0.000000 0.837589 0.546300
vn 0.185726 0.137382 0.972950
vn 0.156797 0.009262 0.987587
vn -0.805264 0.485994 0.339646
vn 0.007968 0.596741 0.802394
vn 0.185726 0.137382 0.972950
vn -0.805264 0.485994 0.339646
vn 0.185726 0.137382 0.972950
vn 0.460220 0.444167 0.768709
vn 0.156797 0.009262 0.987587
vn 0.727997 0.026351 0.685074
vn 0.185726 0.137382 0.972950
vn 0.007968 0.596741 0.802394
vn 0.460220 0.444167 0.768709
vn 0.007749 0.668048 0.744078
vn 0.926529 0.026213 0.375309
vn 0.727997 0.026351 0.685074
vn 0.559021 0.663111 0.497774
vn 0.460220 0.444167 0.768709
vn 0.006233 0.909221 0.416267
vn 0.559021 0.663111 0.497774
vn 0.007749 0.668048 0.744078
vn 0.460220 0.444167 0.768709
vn -0.393850 -0.311615 -0.864742
vn -0.266460 -0.019099 -0.963657
vn -0.529462 -0.018714 -0.848127
vn -0.393850 -0.311615 -0.864742
vn -0.555706 -0.520937 -0.647932
vn -0.286181 -0.556943 -0.779689
vn -0.312828 -0.699418 -0.642615
vn -0.393850 -0.311615 -0.864742
vn -0.529462 -0.018714 -0.848127
vn -0.555706 -0.520937 -0.647932
vn -0.855300 -0.025860 -0.517488
vn -0.266460 -0.019099 -0.963657
vn -0.274657 -0.001399 -0.961541
vn -0.529462 -0.018714 -0.848127
vn -0.649698 -0.010347 -0.760122
vn -0.529462 -0.018714 -0.848127
vn -0.649698 -0.010347 -0.760122
vn -0.855300 -0.025860 -0.517488
vn -0.859795 -0.016050 -0.510387
vn 0.281259 0.002379 0.959629
vn -0.607156 -0.005141 0.794566
vn 0.156797 0.009262 0.987587
vn -0.805264 0.485994 0.339646
vn 0.808062 0.010964 0.588995
vn 0.281259 0.002379 0.959629
vn 0.727997 0.026351 0.685074
vn 0.156797 0.009262 0.987587
vn -0.978800 -0.010537 -0.204546
vn -0.979071 -0.003481 -0.203490
vn -0.607156 -0.005141 0.794566
vn -0.805264 0.485994 0.339646
vn 0.000893 0.909735 0.415188
vn 0.006233 0.909221 0.416267
vn 0.000596 0.762683 0.646773
vn 0.007749 0.668048 0.744078
vn 0.930699 0.013861 0.365524
vn 0.808062 0.010964 0.588995
vn 0.926529 0.026213 0.375309
vn 0.727997 0.026351 0.685074
vn -0.337295 0.939878 -0.053502
vn -0.163679 0.984864 -0.057036
vn -0.703148 0.708312 -0.062262
vn -0.337295 0.939878 -0.053502
vn -0.703148 0.708312 -0.062262
vn -0.733850 0.679130 -0.015707
vn -0.286181 -0.556943 -0.779689
vn -0.194170 -0.190628 -0.962268
vn -0.393850 -0.311615 -0.864742
vn -0.266460 -0.019099 -0.963657
vn 0.007968 0.596741 0.802394
vn 0.000216 0.512704 0.858565
vn 0.007749 0.668048 0.744078
vn 0.000596 0.762683 0.646773
vn -0.000000 -0.000036 1.000000
vn 0.000000 0.012450 0.999923
vn 0.253239 0.001113 0.967403
vn 0.942555 -0.334039 0.002751
vn 0.716045 -0.698029 0.005970
vn 0.974909 -0.222597 -0.001888
vn 0.714821 -0.699282 0.005997
vn 0.716045 -0.698029 0.005970
vn 0.012174 -0.999488 0.029578
vn 0.714821 -0.699282 0.005997
vn 0.011991 -0.999490 0.029584
vn 0.001479 0.021007 0.999778
vn -0.032619 0.070414 0.996984
vn 0.001408 0.210590 0.977574
vn 0.000000 -0.999549 0.030033
vn 0.000000 -0.999549 0.030033
vn 0.012174 -0.999488 0.029578
vn 0.011991 -0.999490 0.029584
vn 0.996762 -0.080407 -0.001043
vn 0.974909 -0.222597 -0.001888
vn 0.999818 0.015007 -0.011809
vn -0.402088 0.166629 0.900311
vn 0.001408 0.210590 0.977574
vn -0.032619 0.070414 0.996984
vn 0.001491 0.104077 0.994568
vn 0.007968 0.596741 0.802394
vn -0.014673 0.623491 0.781693
vn -0.805264 0.485994 0.339646
vn 0.001408 0.210590 0.977574
vn 0.000216 0.512704 0.858565
vn 0.001491 0.104077 0.994568
vn 0.007968 0.596741 0.802394
vn 0.104283 0.164441 0.980859
vn 0.000000 0.012450 0.999923
vn 0.045058 0.578389 0.814516
vn -0.014673 0.623491 0.781693
vn 0.000000 0.012450 0.999923
vn 0.001491 0.104077 0.994568
vn 0.000000 0.012450 0.999923
vn 0.001479 0.021007 0.999778
vn 0.001491 0.104077 0.994568
vn 0.001408 0.210590 0.977574
vn -0.000000 -0.000036 1.000000
vn 0.253239 0.001113 0.967403
vn 0.299467 0.001885 0.954105
vn 0.299467 0.001885 0.954105
vn 0.253239 0.001113 0.967403
vn 0.535867 0.003688 0.844295
vn 0.432947 0.001470 0.901418
vn -0.014836 0.999890 -0.000665
vn -0.805264 0.485994 0.339646
vn 0.006668 0.999948 -0.007782
vn 0.728291 0.000133 0.685268
vn 0.702899 0.003521 0.711281
vn 0.432947 0.001470 0.901418
vn 0.535867 0.003688 0.844295
vn 0.930161 0.004083 0.367129
vn 0.702899 0.003521 0.711281
vn 0.930492 -0.000545 0.366311
vn 0.728291 0.000133 0.685268
vn 0.930161 0.004083 0.367129
vn 0.930492 -0.000545 0.366311
vn 0.818924 0.005018 0.573881
vn 0.812776 0.000425 0.582576
vn 0.812776 0.000425 0.582576
vn 0.595347 0.000950 0.803468
vn 0.818924 0.005018 0.573881
vn 0.595532 0.004197 0.803321
vn -0.005238 0.998491 -0.054670
vn -0.014836 0.999890 -0.000665
vn 0.029033 0.999245 -0.025812
vn 0.006668 0.999948 -0.007782
vn 0.045058 0.578389 0.814516
vn -0.014673 0.623491 0.781693
vn 0.034286 0.994949 0.094344
vn -0.014836 0.999890 -0.000665
vn -0.805264 0.485994 0.339646
vn 0.104283 0.164441 0.980859
vn 0.045058 0.578389 0.814516
vn 0.530620 0.842706 0.091048
vn 0.034286 0.994949 0.094344
vn 0.530620 0.842706 0.091048
vn 0.253239 0.001113 0.967403
vn 0.104283 0.164441 0.980859
vn 0.104283 0.164441 0.980859
vn 0.253239 0.001113 0.967403
vn 0.000000 0.012450 0.999923
vn -0.014673 0.623491 0.781693
vn 0.045058 0.578389 0.814516
vn 0.000000 0.012450 0.999923
vn 0.942555 -0.334039 0.002751
vn 0.974909 -0.222597 -0.001888
vn 0.996762 -0.080407 -0.001043
vn -0.065415 0.321995 0.944479
vn -0.000000 -0.000036 1.000000
vn 0.000000 0.329345 0.944210
vn -0.125394 0.303187 0.944645
vn -0.000000 -0.000036 1.000000
vn -0.065415 0.321995 0.944479
vn -0.181371 0.274197 0.944416
vn -0.000000 -0.000036 1.000000
vn -0.125394 0.303187 0.944645
vn -0.232920 0.232928 0.944189
vn -0.000000 -0.000036 1.000000
vn -0.181371 0.274197 0.944416
vn -0.274121 0.181461 0.944420
vn -0.000000 -0.000036 1.000000
vn -0.232920 0.232928 0.944189
vn -0.303353 0.125617 0.944562
vn -0.000000 -0.000036 1.000000
vn -0.274121 0.181461 0.944420
vn -0.322479 0.065569 0.944303
vn -0.000000 -0.000036 1.000000
vn -0.303353 0.125617 0.944562
vn -0.299467 0.001885 0.954105
vn -0.000000 -0.000036 1.000000
vn -0.322479 0.065569 0.944303
vn 0.000000 0.730714 0.682684
vn -0.144465 0.715502 0.683510
vn 0.000000 0.509217 0.860638
vn -0.101843 0.499872 0.860091
vn -0.101843 0.499872 0.860091
vn -0.144465 0.715502 0.683510
vn -0.195419 0.472052 0.859639
vn -0.278759 0.673674 0.684438
vn -0.195419 0.472052 0.859639
vn -0.278759 0.673674 0.684438
vn -0.281261 0.425415 0.860183
vn -0.403064 0.608029 0.683989
vn -0.281261 0.425415 0.860183
vn -0.403064 0.608029 0.683989
vn -0.359832 0.359872 0.860821
vn -0.515809 0.516354 0.683608
vn -0.359832 0.359872 0.860821
vn -0.515809 0.516354 0.683608
vn -0.425052 0.281148 0.860399
vn -0.607130 0.403197 0.684708
vn -0.425052 0.281148 0.860399
vn -0.607130 0.403197 0.684708
vn -0.471361 0.195239 0.860058
vn -0.672381 0.278793 0.685696
vn -0.471361 0.195239 0.860058
vn -0.672381 0.278793 0.685696
vn -0.498871 0.101682 0.860691
vn -0.713857 0.144670 0.685186
vn -0.498871 0.101682 0.860691
vn -0.713857 0.144670 0.685186
vn -0.535867 0.003688 0.844295
vn -0.702899 0.003521 0.711281
vn -0.184475 0.916746 0.354324
vn -0.144465 0.715502 0.683510
vn 0.000000 0.935219 0.354070
vn 0.000000 0.730714 0.682684
vn -0.357427 0.863974 0.354676
vn -0.278759 0.673674 0.684438
vn -0.184475 0.916746 0.354324
vn -0.144465 0.715502 0.683510
vn -0.516977 0.779041 0.354725
vn -0.403064 0.608029 0.683989
vn -0.357427 0.863974 0.354676
vn -0.278759 0.673674 0.684438
vn -0.660684 0.661507 0.354831
vn -0.515809 0.516354 0.683608
vn -0.516977 0.779041 0.354725
vn -0.403064 0.608029 0.683989
vn -0.778354 0.517622 0.355291
vn -0.607130 0.403197 0.684708
vn -0.660684 0.661507 0.354831
vn -0.515809 0.516354 0.683608
vn -0.863306 0.358032 0.355691
vn -0.672381 0.278793 0.685696
vn -0.778354 0.517622 0.355291
vn -0.607130 0.403197 0.684708
vn -0.916070 0.185201 0.355693
vn -0.713857 0.144670 0.685186
vn -0.863306 0.358032 0.355691
vn -0.672381 0.278793 0.685696
vn -0.930161 0.004083 0.367129
vn -0.702899 0.003521 0.711281
vn -0.916070 0.185201 0.355693
vn -0.713857 0.144670 0.685186
vn 0.000000 0.935219 0.354070
vn 0.000000 0.812756 0.582605
vn -0.184475 0.916746 0.354324
vn -0.159842 0.797210 0.582157
vn -0.184475 0.916746 0.354324
vn -0.159842 0.797210 0.582157
vn -0.357427 0.863974 0.354676
vn -0.310743 0.751523 0.581938
vn -0.357427 0.863974 0.354676
vn -0.310743 0.751523 0.581938
vn -0.516977 0.779041 0.354725
vn -0.449589 0.677044 0.582650
vn -0.516977 0.779041 0.354725
vn -0.449589 0.677044 0.582650
vn -0.660684 0.661507 0.354831
vn -0.573683 0.574719 0.583598
vn -0.660684 0.661507 0.354831
vn -0.573683 0.574719 0.583598
vn -0.778354 0.517622 0.355291
vn -0.675981 0.450283 0.583348
vn -0.778354 0.517622 0.355291
vn -0.675981 0.450283 0.583348
vn -0.863306 0.358032 0.355691
vn -0.750335 0.311344 0.583149
vn -0.863306 0.358032 0.355691
vn -0.750335 0.311344 0.583149
vn -0.916070 0.185201 0.355693
vn -0.795828 0.160587 0.583840
vn -0.916070 0.185201 0.355693
vn -0.795828 0.160587 0.583840
vn -0.930161 0.004083 0.367129
vn -0.818924 0.005018 0.573881
vn -0.000000 0.600763 0.799427
vn -0.117895 0.588966 0.799512
vn 0.000000 0.812756 0.582605
vn -0.159842 0.797210 0.582157
vn -0.159842 0.797210 0.582157
vn -0.117895 0.588966 0.799512
vn -0.310743 0.751523 0.581938
vn -0.229479 0.554825 0.799693
vn -0.310743 0.751523 0.581938
vn -0.229479 0.554825 0.799693
vn -0.449589 0.677044 0.582650
vn -0.332255 0.499789 0.799886
vn -0.449589 0.677044 0.582650
vn -0.332255 0.499789 0.799886
vn -0.573683 0.574719 0.583598
vn -0.423813 0.424433 0.800150
vn -0.573683 0.574719 0.583598
vn -0.423813 0.424433 0.800150
vn -0.675981 0.450283 0.583348
vn -0.498828 0.332443 0.800408
vn -0.675981 0.450283 0.583348
vn -0.498828 0.332443 0.800408
vn -0.750335 0.311344 0.583149
vn -0.553443 0.229580 0.800621
vn -0.750335 0.311344 0.583149
vn -0.553443 0.229580 0.800621
vn -0.795828 0.160587 0.583840
vn -0.587176 0.118222 0.800780
vn -0.795828 0.160587 0.583840
vn -0.587176 0.118222 0.800780
vn -0.818924 0.005018 0.573881
vn -0.595531 0.004197 0.803321
vn 0.000000 0.509217 0.860638
vn -0.101843 0.499872 0.860091
vn 0.000000 0.329345 0.944210
vn -0.065415 0.321995 0.944479
vn -0.195419 0.472052 0.859639
vn -0.125394 0.303187 0.944645
vn -0.101843 0.499872 0.860091
vn -0.065415 0.321995 0.944479
vn -0.281261 0.425415 0.860183
vn -0.181371 0.274197 0.944416
vn -0.195419 0.472052 0.859639
vn -0.125394 0.303187 0.944645
vn -0.359832 0.359872 0.860821
vn -0.232920 0.232928 0.944189
vn -0.281261 0.425415 0.860183
vn -0.181371 0.274197 0.944416
vn -0.359832 0.359872 0.860821
vn -0.425052 0.281148 0.860399
vn -0.232920 0.232928 0.944189
vn -0.274121 0.181461 0.944420
vn -0.425052 0.281148 0.860399
vn -0.471361 0.195239 0.860058
vn -0.274121 0.181461 0.944420
vn -0.303353 0.125617 0.944562
vn -0.498871 0.101682 0.860691
vn -0.322479 0.065569 0.944303
vn -0.471361 0.195239 0.860058
vn -0.303353 0.125617 0.944562
vn -0.535867 0.003688 0.844295
vn -0.299467 0.001885 0.954105
vn -0.498871 0.101682 0.860691
vn -0.322479 0.065569 0.944303
vn 0.337294 0.939878 -0.053502
vn 0.163678 0.984864 -0.057036
vn -0.029033 0.999245 -0.025812
vn -0.006668 0.999948 -0.007782
vn 0.274656 -0.001399 -0.961541
vn 0.649698 -0.010347 -0.760122
vn 0.255723 -0.050799 -0.965415
vn 0.690937 -0.138574 -0.709509
vn 0.241104 -0.100014 -0.965332
vn 0.255723 -0.050799 -0.965415
vn 0.653918 -0.270663 -0.706493
vn 0.690937 -0.138574 -0.709509
vn 0.217221 -0.145222 -0.965259
vn 0.241104 -0.100014 -0.965332
vn 0.588484 -0.393032 -0.706550
vn 0.653918 -0.270663 -0.706493
vn 0.184829 -0.184823 -0.965235
vn 0.217221 -0.145222 -0.965259
vn 0.500362 -0.500204 -0.706706
vn 0.588484 -0.393032 -0.706550
vn 0.184829 -0.184823 -0.965235
vn 0.500362 -0.500204 -0.706706
vn 0.145223 -0.217212 -0.965261
vn 0.392985 -0.588023 -0.706959
vn 0.145223 -0.217212 -0.965261
vn 0.392985 -0.588023 -0.706959
vn 0.100026 -0.241094 -0.965333
vn 0.270549 -0.653100 -0.707294
vn 0.100026 -0.241094 -0.965333
vn 0.270549 -0.653100 -0.707294
vn 0.053376 -0.253345 -0.965902
vn 0.140873 -0.691543 -0.708466
vn 0.053376 -0.253345 -0.965902
vn 0.140873 -0.691543 -0.708466
vn -0.000000 -0.255940 -0.966693
vn 0.000000 -0.706023 -0.708189
vn 0.649698 -0.010347 -0.760122
vn 0.859795 -0.016050 -0.510387
vn 0.690937 -0.138574 -0.709509
vn 0.844362 -0.170234 -0.508009
vn 0.690937 -0.138574 -0.709509
vn 0.844362 -0.170234 -0.508009
vn 0.653918 -0.270663 -0.706493
vn 0.795346 -0.329676 -0.508664
vn 0.653918 -0.270663 -0.706493
vn 0.795346 -0.329676 -0.508664
vn 0.588484 -0.393032 -0.706550
vn 0.715497 -0.478312 -0.509198
vn 0.588484 -0.393032 -0.706550
vn 0.715497 -0.478312 -0.509198
vn 0.500362 -0.500204 -0.706706
vn 0.608260 -0.608489 -0.509667
vn 0.500362 -0.500204 -0.706706
vn 0.608260 -0.608489 -0.509667
vn 0.392985 -0.588023 -0.706959
vn 0.477766 -0.715254 -0.510050
vn 0.392985 -0.588023 -0.706959
vn 0.477766 -0.715254 -0.510050
vn 0.270549 -0.653100 -0.707294
vn 0.329019 -0.794548 -0.510333
vn 0.270549 -0.653100 -0.707294
vn 0.329019 -0.794548 -0.510333
vn 0.140873 -0.691543 -0.708466
vn 0.171097 -0.843800 -0.508653
vn 0.000000 -0.706023 -0.708189
vn 0.140873 -0.691543 -0.708466
vn 0.000000 -0.861685 -0.507443
vn 0.171097 -0.843800 -0.508653
vn 0.607156 -0.005141 0.794566
vn 0.508134 -0.096058 0.855905
vn -0.281259 0.002379 0.959629
vn -0.294067 0.058971 0.953964
vn 0.508134 -0.096058 0.855905
vn 0.476237 -0.194516 0.857533
vn -0.294067 0.058971 0.953964
vn -0.278013 0.115119 0.953654
vn 0.476237 -0.194516 0.857533
vn 0.429204 -0.285394 0.856933
vn -0.278013 0.115119 0.953654
vn -0.249879 0.166942 0.953777
vn 0.429204 -0.285394 0.856933
vn 0.364505 -0.364883 0.856736
vn -0.249879 0.166942 0.953777
vn -0.212447 0.212446 0.953799
vn -0.212447 0.212446 0.953799
vn 0.364505 -0.364883 0.856736
vn -0.167040 0.250025 0.953722
vn 0.284940 -0.429470 0.856951
vn -0.167040 0.250025 0.953722
vn 0.284940 -0.429470 0.856951
vn -0.115244 0.278326 0.953548
vn 0.194048 -0.476358 0.857571
vn -0.115244 0.278326 0.953548
vn 0.194048 -0.476358 0.857571
vn -0.059159 0.297730 0.952815
vn 0.097449 -0.505798 0.857130
vn -0.059159 0.297730 0.952815
vn 0.097449 -0.505798 0.857130
vn -0.000000 0.305703 0.952127
vn 0.000000 -0.514042 0.857765
vn -0.820809 0.165206 0.546790
vn -0.808062 0.010964 0.588995
vn -0.294067 0.058971 0.953964
vn -0.281259 0.002379 0.959629
vn -0.278013 0.115119 0.953654
vn -0.774650 0.320702 0.545039
vn -0.294067 0.058971 0.953964
vn -0.820809 0.165206 0.546790
vn -0.249879 0.166942 0.953777
vn -0.697000 0.465551 0.545393
vn -0.278013 0.115119 0.953654
vn -0.774650 0.320702 0.545039
vn -0.212447 0.212446 0.953799
vn -0.592627 0.592455 0.545702
vn -0.249879 0.166942 0.953777
vn -0.697000 0.465551 0.545393
vn -0.167040 0.250025 0.953722
vn -0.465543 0.696564 0.545957
vn -0.212447 0.212446 0.953799
vn -0.592627 0.592455 0.545702
vn -0.115244 0.278326 0.953548
vn -0.320630 0.773900 0.546145
vn -0.167040 0.250025 0.953722
vn -0.465543 0.696564 0.545957
vn -0.059159 0.297730 0.952815
vn -0.163442 0.821514 0.546261
vn -0.115244 0.278326 0.953548
vn -0.320630 0.773900 0.546145
vn 0.000000 0.837589 0.546300
vn -0.163442 0.821514 0.546261
vn -0.000000 0.305703 0.952127
vn -0.059159 0.297730 0.952815
vn 0.953147 -0.196179 -0.230273
vn 0.508134 -0.096058 0.855905
vn 0.978801 -0.010537 -0.204545
vn 0.607156 -0.005141 0.794566
vn 0.892635 -0.375375 -0.249593
vn 0.476237 -0.194516 0.857533
vn 0.953147 -0.196179 -0.230273
vn 0.508134 -0.096058 0.855905
vn 0.801432 -0.538356 -0.260537
vn 0.429204 -0.285394 0.856933
vn 0.892635 -0.375375 -0.249593
vn 0.476237 -0.194516 0.857533
vn 0.682545 -0.681807 -0.263196
vn 0.364505 -0.364883 0.856736
vn 0.801432 -0.538356 -0.260537
vn 0.429204 -0.285394 0.856933
vn 0.284940 -0.429470 0.856951
vn 0.364505 -0.364883 0.856736
vn 0.539649 -0.801530 -0.257541
vn 0.682545 -0.681807 -0.263196
vn 0.194048 -0.476358 0.857571
vn 0.284940 -0.429470 0.856951
vn 0.376857 -0.893649 -0.243662
vn 0.539649 -0.801530 -0.257541
vn 0.097449 -0.505798 0.857130
vn 0.194048 -0.476358 0.857571
vn 0.200927 -0.954962 -0.218348
vn 0.376857 -0.893649 -0.243662
vn 0.000000 -0.514042 0.857765
vn 0.097449 -0.505798 0.857130
vn 0.000000 -0.979938 -0.199304
vn 0.200927 -0.954962 -0.218348
vn -0.974909 -0.222597 -0.001888
vn -0.999818 0.015007 -0.011809
vn -0.999813 -0.018927 -0.003857
vn -0.974909 -0.222597 -0.001888
vn -0.999813 -0.018927 -0.003857
vn -0.999844 -0.016454 -0.006366
vn -0.808062 0.010964 0.588995
vn -0.820809 0.165206 0.546790
vn -0.930699 0.013861 0.365523
vn -0.919196 0.185643 0.347296
vn -0.820809 0.165206 0.546790
vn -0.774650 0.320702 0.545039
vn -0.919196 0.185643 0.347296
vn -0.866015 0.358951 0.348098
vn -0.774650 0.320702 0.545039
vn -0.697000 0.465551 0.545393
vn -0.866015 0.358951 0.348098
vn -0.779175 0.520863 0.348695
vn -0.697000 0.465551 0.545393
vn -0.592627 0.592455 0.545702
vn -0.779175 0.520863 0.348695
vn -0.662473 0.662704 0.349218
vn -0.592627 0.592455 0.545702
vn -0.465543 0.696564 0.545957
vn -0.662473 0.662704 0.349218
vn -0.520396 0.779060 0.349647
vn -0.465543 0.696564 0.545957
vn -0.320630 0.773900 0.546145
vn -0.520396 0.779060 0.349647
vn -0.358401 0.865490 0.349966
vn -0.320630 0.773900 0.546145
vn -0.163442 0.821514 0.546261
vn -0.358401 0.865490 0.349966
vn -0.182693 0.918700 0.350161
vn -0.182693 0.918700 0.350161
vn -0.163442 0.821514 0.546261
vn 0.000000 0.936665 0.350227
vn 0.000000 0.837589 0.546300
vn -0.185726 0.137382 0.972950
vn 0.805264 0.485994 0.339647
vn -0.156797 0.009262 0.987587
vn -0.007968 0.596741 0.802394
vn 0.805264 0.485994 0.339647
vn -0.185726 0.137382 0.972950
vn -0.727997 0.026351 0.685074
vn -0.460220 0.444168 0.768709
vn -0.156797 0.009262 0.987587
vn -0.185726 0.137382 0.972950
vn -0.185726 0.137382 0.972950
vn -0.460220 0.444168 0.768709
vn -0.007968 0.596741 0.802394
vn -0.007749 0.668048 0.744078
vn -0.460220 0.444168 0.768709
vn -0.727997 0.026351 0.685074
vn -0.559021 0.663111 0.497775
vn -0.926529 0.026213 0.375309
vn -0.006233 0.909221 0.416267
vn -0.007749 0.668048 0.744078
vn -0.559021 0.663111 0.497775
vn -0.460220 0.444168 0.768709
vn 0.393850 -0.311615 -0.864742
vn 0.529462 -0.018714 -0.848127
vn 0.266460 -0.019098 -0.963657
vn 0.312828 -0.699418 -0.642614
vn 0.555706 -0.520937 -0.647932
vn 0.286181 -0.556943 -0.779689
vn 0.393850 -0.311615 -0.864742
vn 0.393850 -0.311615 -0.864742
vn 0.555706 -0.520937 -0.647932
vn 0.529462 -0.018714 -0.848127
vn 0.855300 -0.025860 -0.517488
vn 0.649698 -0.010347 -0.760122
vn 0.274656 -0.001399 -0.961541
vn 0.529462 -0.018714 -0.848127
vn 0.266460 -0.019098 -0.963657
vn 0.859795 -0.016050 -0.510387
vn 0.649698 -0.010347 -0.760122
vn 0.855300 -0.025860 -0.517488
vn 0.529462 -0.018714 -0.848127
vn 0.805264 0.485994 0.339647
vn 0.607156 -0.005141 0.794566
vn -0.156797 0.009262 0.987587
vn -0.281259 0.002379 0.959629
vn -0.808062 0.010964 0.588995
vn -0.727997 0.026351 0.685074
vn -0.281259 0.002379 0.959629
vn -0.156797 0.009262 0.987587
vn 0.978801 -0.010537 -0.204545
vn 0.607156 -0.005141 0.794566
vn 0.979071 -0.003481 -0.203489
vn 0.805264 0.485994 0.339647
vn -0.000893 0.909735 0.415188
vn -0.000596 0.762683 0.646773
vn -0.006233 0.909221 0.416267
vn -0.007749 0.668048 0.744078
vn -0.727997 0.026351 0.685074
vn -0.808062 0.010964 0.588995
vn -0.926529 0.026213 0.375309
vn -0.930699 0.013861 0.365523
vn 0.337294 0.939878 -0.053502
vn 0.703148 0.708312 -0.062262
vn 0.163678 0.984864 -0.057036
vn 0.337294 0.939878 -0.053502
vn 0.733850 0.679130 -0.015707
vn 0.703148 0.708312 -0.062262
vn 0.286181 -0.556943 -0.779689
vn 0.393850 -0.311615 -0.864742
vn 0.194169 -0.190629 -0.962268
vn 0.266460 -0.019098 -0.963657
vn -0.007968 0.596741 0.802394
vn -0.007749 0.668048 0.744078
vn -0.000216 0.512704 0.858565
vn -0.000596 0.762683 0.646773
vn -0.000000 -0.000036 1.000000
vn -0.253239 0.001113 0.967403
vn 0.000000 0.012450 0.999923
vn -0.942555 -0.334039 0.002750
vn -0.974909 -0.222597 -0.001888
vn -0.716045 -0.698029 0.005970
vn -0.714821 -0.699282 0.005997
vn -0.716045 -0.698029 0.005970
vn -0.714821 -0.699282 0.005997
vn -0.012174 -0.999488 0.029578
vn -0.011991 -0.999490 0.029584
vn -0.001479 0.021007 0.999778
vn -0.001408 0.210590 0.977574
vn 0.032619 0.070414 0.996984
vn 0.000000 -0.999549 0.030033
vn -0.012174 -0.999488 0.029578
vn 0.000000 -0.999549 0.030033
vn -0.011991 -0.999490 0.029584
vn -0.996762 -0.080407 -0.001044
vn -0.999818 0.015007 -0.011809
vn -0.974909 -0.222597 -0.001888
vn 0.402082 0.166625 0.900314
vn 0.032619 0.070414 0.996984
vn -0.001408 0.210590 0.977574
vn 0.805264 0.485994 0.339647
vn -0.007968 0.596741 0.802394
vn 0.014673 0.623495 0.781689
vn -0.001491 0.104078 0.994568
vn -0.007968 0.596741 0.802394
vn -0.000216 0.512704 0.858565
vn -0.001491 0.104078 0.994568
vn -0.001408 0.210590 0.977574
vn -0.104283 0.164444 0.980858
vn -0.045058 0.578388 0.814516
vn 0.000000 0.012450 0.999923
vn 0.014673 0.623495 0.781689
vn -0.001491 0.104078 0.994568
vn 0.000000 0.012450 0.999923
vn -0.001408 0.210590 0.977574
vn -0.001479 0.021007 0.999778
vn -0.001491 0.104078 0.994568
vn 0.000000 0.012450 0.999923
vn -0.000000 -0.000036 1.000000
vn -0.299467 0.001885 0.954105
vn -0.253239 0.001113 0.967403
vn -0.432947 0.001470 0.901418
vn -0.253239 0.001113 0.967403
vn -0.535867 0.003688 0.844295
vn -0.299467 0.001885 0.954105
vn 0.014835 0.999890 -0.000665
vn -0.006668 0.999948 -0.007782
vn 0.805264 0.485994 0.339647
vn -0.728291 0.000133 0.685268
vn -0.432947 0.001470 0.901418
vn -0.702899 0.003521 0.711281
vn -0.535867 0.003688 0.844295
vn -0.930161 0.004083 0.367129
vn -0.930492 -0.000545 0.366311
vn -0.702899 0.003521 0.711281
vn -0.728291 0.000133 0.685268
vn -0.812776 0.000425 0.582576
vn -0.930492 -0.000545 0.366311
vn -0.818924 0.005018 0.573881
vn -0.930161 0.004083 0.367129
vn -0.812776 0.000425 0.582576
vn -0.818924 0.005018 0.573881
vn -0.595347 0.000950 0.803469
vn -0.595531 0.004197 0.803321
vn -0.006668 0.999948 -0.007782
vn 0.014835 0.999890 -0.000665
vn -0.029033 0.999245 -0.025812
vn 0.005237 0.998491 -0.054670
vn -0.045058 0.578388 0.814516
vn -0.034286 0.994949 0.094344
vn 0.014673 0.623495 0.781689
vn 0.014835 0.999890 -0.000665
vn 0.805264 0.485994 0.339647
vn -0.034286 0.994949 0.094344
vn -0.045058 0.578388 0.814516
vn -0.530620 0.842706 0.091047
vn -0.104283 0.164444 0.980858
vn -0.530620 0.842706 0.091047
vn -0.104283 0.164444 0.980858
vn -0.253239 0.001113 0.967403
vn -0.104283 0.164444 0.980858
vn 0.000000 0.012450 0.999923
vn -0.253239 0.001113 0.967403
vn 0.014673 0.623495 0.781689
vn 0.000000 0.012450 0.999923
vn -0.045058 0.578388 0.814516
vn -0.942555 -0.334039 0.002750
vn -0.996762 -0.080407 -0.001044
vn -0.974909 -0.222597 -0.001888
vn 0.006764 0.025882 0.999642
vn 0.010691 0.134744 0.990823
vn 0.007284 0.033420 0.999415
vn 0.146944 0.031406 0.988646
vn 0.029764 0.005066 0.999544
vn 0.149599 0.024382 0.988446
vn 0.030968 0.004417 0.999511
vn 0.021372 0.108637 0.993852
vn 0.128151 0.796882 0.590388
vn 0.046821 0.798221 0.600542
vn 0.000000 0.148201 0.988957
vn 0.000000 0.793033 0.609179
vn 0.038999 0.087477 0.995403
vn 0.304001 0.733197 0.608281
vn 0.058551 0.377114 0.924314
vn 0.022784 0.411747 0.911013
vn -0.000000 0.435785 0.900051
vn 0.073288 0.063310 0.995299
vn 0.585876 0.543720 0.600931
vn 0.795513 0.162794 0.583659
vn 0.137301 0.334341 0.932397
vn 0.795871 0.135230 0.590172
vn 0.225071 0.212947 0.950788
vn 0.338357 0.073065 0.938177
vn 0.387766 0.066389 0.919364
vn 0.000000 -0.000000 1.000000
vn 0.000000 -0.000000 1.000000
vn 0.000000 0.000000 1.000000
vn 0.000000 -0.000000 1.000000
vn 0.000000 0.000000 1.000000
vn -0.000000 0.000001 1.000000
vn -0.000000 0.000001 1.000000
vn 0.009144 0.021740 0.999722
vn 0.018254 0.012494 0.999755
vn 0.002496 0.035406 0.999370
vn -0.002496 0.035406 0.999370
vn -0.006764 0.025882 0.999642
vn -0.007284 0.033420 0.999415
vn -0.010691 0.134744 0.990823
vn -0.021372 0.108637 0.993852
vn -0.009144 0.021740 0.999722
vn -0.038999 0.087477 0.995403
vn -0.018254 0.012494 0.999755
vn -0.046821 0.798221 0.600542
vn -0.128151 0.796881 0.590388
vn -0.304001 0.733197 0.608281
vn -0.022784 0.411747 0.911013
vn -0.058551 0.377114 0.924314
vn -0.585876 0.543720 0.600931
vn -0.073288 0.063310 0.995299
vn -0.795513 0.162794 0.583659
vn -0.146944 0.031406 0.988646
vn -0.137301 0.334341 0.932397
vn -0.149599 0.024382 0.988446
vn -0.029764 0.005066 0.999544
vn -0.030968 0.004417 0.999511
vn -0.225071 0.212946 0.950788
vn -0.338357 0.073065 0.938177
vn -0.795871 0.135231 0.590172
vn 0.000000 -0.000000 1.000000
vn 0.000000 -0.000000 1.000000
vn 0.000000 -0.000000 1.000000
vn -0.387766 0.066389 0.919364
vn 0.000000 -0.000000 1.000000
vn 0.000000 0.000001 1.000000
vn 0.000000 0.000001 1.000000
vn -0.034287 -0.998984 0.029231
vn -0.998958 -0.035366 0.028849
vn -0.035676 -0.999334 0.007704
vn -0.999298 -0.036530 0.008312
vn -0.072011 -0.070258 0.994926
vn 0.071724 -0.072102 0.994815
vn 0.034324 -0.998998 0.028709
vn -0.998959 0.035359 0.028821
vn -0.072113 0.070270 0.994918
vn 0.999002 -0.034151 0.028804
vn 0.071824 0.072103 0.994808
vn 0.999002 0.034155 0.028776
vn 0.999348 -0.035343 0.007359
vn 0.035450 -0.999342 0.007638
vn -0.034212 0.998987 0.029223
vn 0.034238 0.999001 0.028704
vn -0.999299 0.036508 0.008308
vn -0.035597 0.999337 0.007676
vn 0.035363 0.999346 0.007610
vn 0.999349 0.035332 0.007356
vn 0.999973 -0.000000 0.007297
vn -0.000188 0.999971 0.007559
vn -0.034285 -0.998984 0.029254
vn -0.998957 -0.035371 0.028863
vn -0.035648 -0.999334 0.007763
vn -0.999298 -0.036509 0.008377
vn -0.070225 -0.068471 0.995178
vn 0.069937 -0.070328 0.995069
vn 0.034330 -0.998998 0.028717
vn -0.998959 0.035363 0.028835
vn -0.070325 0.068484 0.995170
vn 0.999001 -0.034147 0.028820
vn 0.999349 -0.035313 0.007417
vn 0.035428 -0.999343 0.007697
vn 0.070037 0.070330 0.995062
vn 0.999002 0.034149 0.028791
vn 0.034244 0.999001 0.028712
vn -0.034213 0.998987 0.029247
vn 0.035342 0.999346 0.007668
vn 0.999349 0.035301 0.007414
vn -0.999299 0.036486 0.008373
vn -0.035573 0.999337 0.007735
vn 0.034287 -0.998985 0.029231
vn 0.035676 -0.999334 0.007704
vn 0.998958 -0.035366 0.028849
vn 0.999298 -0.036530 0.008312
vn 0.072011 -0.070258 0.994926
vn -0.071724 -0.072102 0.994815
vn -0.034324 -0.998998 0.028709
vn 0.998959 0.035358 0.028821
vn 0.072113 0.070270 0.994918
vn -0.071824 0.072103 0.994808
vn -0.999002 -0.034151 0.028804
vn -0.999002 0.034155 0.028776
vn -0.999348 -0.035343 0.007359
vn -0.035450 -0.999342 0.007638
vn -0.034238 0.999001 0.028704
vn 0.034212 0.998987 0.029223
vn 0.999299 0.036508 0.008309
vn 0.035597 0.999337 0.007676
vn -0.035363 0.999346 0.007610
vn -0.999349 0.035332 0.007356
vn -0.999973 -0.000000 0.007297
vn 0.000188 0.999971 0.007559
vn 0.034285 -0.998984 0.029254
vn 0.035648 -0.999334 0.007763
vn 0.998957 -0.035371 0.028862
vn 0.999298 -0.036509 0.008377
vn 0.070225 -0.068471 0.995179
vn -0.069937 -0.070329 0.995069
vn -0.034330 -0.998998 0.028717
vn 0.998959 0.035363 0.028835
vn 0.070326 0.068484 0.995171
vn -0.999001 -0.034147 0.028819
vn -0.999349 -0.035313 0.007417
vn -0.035428 -0.999343 0.007697
vn -0.070037 0.070330 0.995062
vn -0.999002 0.034149 0.028790
vn 0.034213 0.998987 0.029247
vn -0.034244 0.999001 0.028712
vn -0.035342 0.999346 0.007668
vn -0.999349 0.035301 0.007414
vn 0.999299 0.036486 0.008373
vn 0.035573 0.999337 0.007735
vn -0.999473 0.032462 0.000000
vn -0.944394 -0.328816 -0.000000
vn -0.999473 0.032462 0.000000
vn -0.944394 -0.328816 -0.000000
vn -0.707107 0.707107 0.000000
vn -0.707107 0.707107 0.000000
vn -0.000000 1.000000 0.000000
vn -0.000000 1.000000 0.000000
vn 0.707107 0.707107 0.000000
vn 0.707107 0.707107 0.000000
vn 0.999473 0.032462 0.000000
vn 0.999473 0.032462 0.000000
vn 0.944394 -0.328816 -0.000000
vn 0.944394 -0.328816 -0.000000
vn 0.299371 -0.722744 0.622911
vn 0.553166 -0.553164 0.622910
vn 0.114200 -0.275703 0.954435
vn 0.211015 -0.211014 0.954435
vn 0.000000 -0.782293 0.622911
vn 0.299371 -0.722744 0.622911
vn 0.000000 -0.298419 0.954435
vn 0.114200 -0.275703 0.954435
vn -0.299370 -0.722745 0.622911
vn 0.000000 -0.782293 0.622911
vn -0.114200 -0.275703 0.954435
vn 0.000000 -0.298419 0.954435
vn -0.553165 -0.553164 0.622911
vn -0.299370 -0.722745 0.622911
vn -0.211014 -0.211014 0.954435
vn -0.114200 -0.275703 0.954435
vn -0.722745 -0.299370 0.622910
vn -0.553165 -0.553164 0.622911
vn -0.275704 -0.114200 0.954435
vn -0.211014 -0.211014 0.954435
vn -0.782293 -0.000001 0.622910
vn -0.722745 -0.299370 0.622910
vn -0.298420 -0.000000 0.954435
vn -0.275704 -0.114200 0.954435
vn -0.722745 0.299370 0.622911
vn -0.782293 -0.000001 0.622910
vn -0.275704 0.114200 0.954435
vn -0.298420 -0.000000 0.954435
vn -0.553165 0.553164 0.622911
vn -0.722745 0.299370 0.622911
vn -0.211015 0.211013 0.954435
vn -0.275704 0.114200 0.954435
vn -0.299371 0.722744 0.622911
vn -0.553165 0.553164 0.622911
vn -0.114200 0.275703 0.954435
vn -0.211015 0.211013 0.954435
vn 0.000000 0.782293 0.622910
vn -0.299371 0.722744 0.622911
vn 0.000000 0.298420 0.954435
vn -0.114200 0.275703 0.954435
vn 0.299371 0.722745 0.622911
vn 0.000000 0.782293 0.622910
vn 0.114200 0.275704 0.954435
vn 0.000000 0.298420 0.954435
vn 0.553165 0.553164 0.622910
vn 0.299371 0.722745 0.622911
vn 0.211014 0.211014 0.954435
vn 0.114200 0.275704 0.954435
vn 0.722745 0.299370 0.622911
vn 0.553165 0.553164 0.622910
vn 0.275704 0.114200 0.954435
vn 0.211014 0.211014 0.954435
vn 0.782293 -0.000000 0.622911
vn 0.722745 0.299370 0.622911
vn 0.298420 0.000000 0.954435
vn 0.275704 0.114200 0.954435
vn 0.722745 -0.299370 0.622910
vn 0.782293 -0.000000 0.622911
vn 0.275704 -0.114200 0.954435
vn 0.298420 0.000000 0.954435
vn 0.553166 -0.553164 0.622910
vn 0.722745 -0.299370 0.622910
vn 0.211015 -0.211014 0.954435
vn 0.275704 -0.114200 0.954435
vn 0.211015 -0.211014 0.954435
vn 0.275704 -0.114200 0.954435
vn 0.000000 0.000001 1.000000
vn 0.114200 -0.275703 0.954435
vn 0.211015 -0.211014 0.954435
vn 0.000000 0.000001 1.000000
vn 0.000000 -0.298419 0.954435
vn 0.114200 -0.275703 0.954435
vn 0.000000 0.000001 1.000000
vn -0.114200 -0.275703 0.954435
vn 0.000000 -0.298419 0.954435
vn 0.000000 0.000001 1.000000
vn -0.211014 -0.211014 0.954435
vn -0.114200 -0.275703 0.954435
vn 0.000000 0.000001 1.000000
vn -0.275704 -0.114200 0.954435
vn -0.211014 -0.211014 0.954435
vn 0.000000 0.000001 1.000000
vn -0.298420 -0.000000 0.954435
vn -0.275704 -0.114200 0.954435
vn 0.000000 0.000001 1.000000
vn -0.275704 0.114200 0.954435
vn -0.298420 -0.000000 0.954435
vn 0.000000 0.000001 1.000000
vn -0.211015 0.211013 0.954435
vn -0.275704 0.114200 0.954435
vn 0.000000 0.000001 1.000000
vn -0.114200 0.275703 0.954435
vn -0.211015 0.211013 0.954435
vn 0.000000 0.000001 1.000000
vn 0.000000 0.298420 0.954435
vn -0.114200 0.275703 0.954435
vn 0.000000 0.000001 1.000000
vn 0.114200 0.275704 0.954435
vn 0.000000 0.298420 0.954435
vn 0.000000 0.000001 1.000000
vn 0.211014 0.211014 0.954435
vn 0.114200 0.275704 0.954435
vn 0.000000 0.000001 1.000000
vn 0.275704 0.114200 0.954435
vn 0.211014 0.211014 0.954435
vn 0.000000 0.000001 1.000000
vn 0.298420 0.000000 0.954435
vn 0.275704 0.114200 0.954435
vn 0.000000 0.000001 1.000000
vn 0.000000 0.000001 1.000000
vn 0.275704 -0.114200 0.954435
vn 0.298420 0.000000 0.954435
vn 0.001786 -0.001786 -0.999997
vn 0.000967 -0.002334 -0.999997
vn -0.000000 0.000000 -1.000000
vn 0.002334 -0.000966 -0.999997
vn 0.001786 -0.001786 -0.999997
vn -0.000000 0.000000 -1.000000
vn 0.002526 0.000000 -0.999997
vn 0.002334 -0.000966 -0.999997
vn -0.000000 0.000000 -1.000000
vn 0.000967 -0.002334 -0.999997
vn 0.000000 -0.002526 -0.999997
vn -0.000000 0.000000 -1.000000
vn 0.000000 -0.002526 -0.999997
vn -0.000967 -0.002334 -0.999997
vn -0.000000 0.000000 -1.000000
vn -0.000967 -0.002334 -0.999997
vn -0.001786 -0.001786 -0.999997
vn -0.000000 0.000000 -1.000000
vn -0.001786 -0.001786 -0.999997
vn -0.002334 -0.000967 -0.999997
vn -0.000000 0.000000 -1.000000
vn -0.002334 -0.000967 -0.999997
vn -0.002526 -0.000000 -0.999997
vn -0.000000 0.000000 -1.000000
vn -0.002526 -0.000000 -0.999997
vn -0.002334 0.000968 -0.999997
vn -0.000000 0.000000 -1.000000
vn -0.002334 0.000968 -0.999997
vn -0.001786 0.001786 -0.999997
vn -0.000000 0.000000 -1.000000
vn -0.001786 0.001786 -0.999997
vn -0.000967 0.002334 -0.999997
vn -0.000000 0.000000 -1.000000
vn -0.000967 0.002334 -0.999997
vn -0.000000 0.002526 -0.999997
vn -0.000000 0.000000 -1.000000
vn -0.000000 0.002526 -0.999997
vn 0.000967 0.002334 -0.999997
vn -0.000000 0.000000 -1.000000
vn 0.000967 0.002334 -0.999997
vn 0.001786 0.001786 -0.999997
vn -0.000000 0.000000 -1.000000
vn 0.001786 0.001786 -0.999997
vn 0.002334 0.000967 -0.999997
vn -0.000000 0.000000 -1.000000
vn 0.002334 0.000967 -0.999997
vn 0.002526 0.000000 -0.999997
vn -0.000000 0.000000 -1.000000
vn 0.722745 -0.299370 0.622910
vn 0.553166 -0.553164 0.622910
vn 0.901574 -0.373443 0.218415
vn 0.690036 -0.690034 0.218413
vn 0.690036 -0.690034 0.218413
vn 0.553166 -0.553164 0.622910
vn 0.373445 -0.901573 0.218413
vn 0.299371 -0.722744 0.622911
vn 0.299371 -0.722744 0.622911
vn 0.000000 -0.782293 0.622911
vn 0.373445 -0.901573 0.218413
vn 0.000000 -0.975856 0.218414
vn 0.000000 -0.782293 0.622911
vn -0.299370 -0.722745 0.622911
vn 0.000000 -0.975856 0.218414
vn -0.373443 -0.901574 0.218414
vn -0.299370 -0.722745 0.622911
vn -0.553165 -0.553164 0.622911
vn -0.373443 -0.901574 0.218414
vn -0.690035 -0.690034 0.218414
vn -0.553165 -0.553164 0.622911
vn -0.722745 -0.299370 0.622910
vn -0.690035 -0.690034 0.218414
vn -0.901574 -0.373443 0.218414
vn -0.722745 -0.299370 0.622910
vn -0.782293 -0.000001 0.622910
vn -0.901574 -0.373443 0.218414
vn -0.975856 -0.000000 0.218415
vn -0.782293 -0.000001 0.622910
vn -0.722745 0.299370 0.622911
vn -0.975856 -0.000000 0.218415
vn -0.901574 0.373443 0.218415
vn -0.722745 0.299370 0.622911
vn -0.553165 0.553164 0.622911
vn -0.901574 0.373443 0.218415
vn -0.690035 0.690034 0.218414
vn -0.553165 0.553164 0.622911
vn -0.299371 0.722744 0.622911
vn -0.690035 0.690034 0.218414
vn -0.373444 0.901574 0.218414
vn -0.299371 0.722744 0.622911
vn 0.000000 0.782293 0.622910
vn -0.373444 0.901574 0.218414
vn 0.000000 0.975856 0.218414
vn 0.000000 0.782293 0.622910
vn 0.299371 0.722745 0.622911
vn 0.000000 0.975856 0.218414
vn 0.373444 0.901574 0.218414
vn 0.299371 0.722745 0.622911
vn 0.553165 0.553164 0.622910
vn 0.373444 0.901574 0.218414
vn 0.690035 0.690034 0.218414
vn 0.553165 0.553164 0.622910
vn 0.722745 0.299370 0.622911
vn 0.690035 0.690034 0.218414
vn 0.901574 0.373443 0.218414
vn 0.722745 0.299370 0.622911
vn 0.782293 -0.000000 0.622911
vn 0.901574 0.373443 0.218414
vn 0.975856 -0.000000 0.218415
vn 0.782293 -0.000000 0.622911
vn 0.722745 -0.299370 0.622910
vn 0.975856 -0.000000 0.218415
vn 0.901574 -0.373443 0.218415
vn -0.210971 -0.211021 0.954443
vn 0.000000 -0.000000 1.000000
vn -0.275654 -0.114207 0.954448
vn -0.114173 -0.275704 0.954438
vn 0.000000 -0.000000 1.000000
vn -0.210971 -0.211021 0.954443
vn -0.000000 -0.298417 0.954436
vn 0.000000 -0.000000 1.000000
vn -0.114173 -0.275704 0.954438
vn 0.114173 -0.275705 0.954438
vn 0.000000 -0.000000 1.000000
vn -0.000000 -0.298417 0.954436
vn 0.210970 -0.211021 0.954443
vn 0.000000 -0.000000 1.000000
vn 0.114173 -0.275705 0.954438
vn 0.275654 -0.114207 0.954448
vn 0.000000 -0.000000 1.000000
vn 0.210970 -0.211021 0.954443
vn 0.298369 0.000000 0.954451
vn 0.000000 -0.000000 1.000000
vn 0.275654 -0.114207 0.954448
vn 0.275654 0.114206 0.954449
vn 0.000000 -0.000000 1.000000
vn 0.298369 0.000000 0.954451
vn 0.210970 0.211020 0.954443
vn 0.000000 -0.000000 1.000000
vn 0.275654 0.114206 0.954449
vn 0.114173 0.275704 0.954438
vn 0.000000 -0.000000 1.000000
vn 0.210970 0.211020 0.954443
vn 0.000000 0.298417 0.954436
vn 0.000000 -0.000000 1.000000
vn 0.114173 0.275704 0.954438
vn -0.114173 0.275703 0.954438
vn 0.000000 -0.000000 1.000000
vn 0.000000 0.298417 0.954436
vn -0.210970 0.211021 0.954443
vn 0.000000 -0.000000 1.000000
vn -0.114173 0.275703 0.954438
vn -0.275653 0.114207 0.954449
vn 0.000000 -0.000000 1.000000
vn -0.210970 0.211021 0.954443
vn -0.298369 0.000000 0.954451
vn 0.000000 -0.000000 1.000000
vn -0.275653 0.114207 0.954449
vn 0.000000 -0.000000 1.000000
vn -0.298369 0.000000 0.954451
vn -0.275654 -0.114207 0.954448
vn -0.722682 -0.299402 0.622968
vn -0.275654 -0.114207 0.954448
vn -0.782239 0.000000 0.622978
vn -0.298369 0.000000 0.954451
vn -0.782239 0.000000 0.622978
vn -0.298369 0.000000 0.954451
vn -0.722682 0.299402 0.622968
vn -0.275653 0.114207 0.954449
vn -0.722682 0.299402 0.622968
vn -0.275653 0.114207 0.954449
vn -0.553091 0.553198 0.622947
vn -0.210970 0.211021 0.954443
vn -0.553091 0.553198 0.622947
vn -0.210970 0.211021 0.954443
vn -0.299317 0.722753 0.622926
vn -0.114173 0.275703 0.954438
vn -0.299317 0.722753 0.622926
vn -0.114173 0.275703 0.954438
vn 0.000000 0.782288 0.622917
vn 0.000000 0.298417 0.954436
vn 0.000000 0.782288 0.622917
vn 0.000000 0.298417 0.954436
vn 0.299317 0.722754 0.622926
vn 0.114173 0.275704 0.954438
vn 0.299317 0.722754 0.622926
vn 0.114173 0.275704 0.954438
vn 0.553092 0.553196 0.622947
vn 0.210970 0.211020 0.954443
vn 0.553092 0.553196 0.622947
vn 0.210970 0.211020 0.954443
vn 0.722682 0.299402 0.622968
vn 0.275654 0.114206 0.954449
vn 0.722682 0.299402 0.622968
vn 0.275654 0.114206 0.954449
vn 0.782240 0.000000 0.622977
vn 0.298369 0.000000 0.954451
vn 0.782240 0.000000 0.622977
vn 0.298369 0.000000 0.954451
vn 0.722682 -0.299402 0.622968
vn 0.275654 -0.114207 0.954448
vn 0.722682 -0.299402 0.622968
vn 0.275654 -0.114207 0.954448
vn 0.553091 -0.553197 0.622947
vn 0.210970 -0.211021 0.954443
vn 0.553091 -0.553197 0.622947
vn 0.210970 -0.211021 0.954443
vn 0.299316 -0.722754 0.622925
vn 0.114173 -0.275705 0.954438
vn 0.299316 -0.722754 0.622925
vn 0.114173 -0.275705 0.954438
vn -0.000000 -0.782288 0.622917
vn -0.000000 -0.298417 0.954436
vn -0.000000 -0.782288 0.622917
vn -0.000000 -0.298417 0.954436
vn -0.299318 -0.722754 0.622926
vn -0.114173 -0.275704 0.954438
vn -0.299318 -0.722754 0.622926
vn -0.114173 -0.275704 0.954438
vn -0.553091 -0.553197 0.622947
vn -0.210971 -0.211021 0.954443
vn -0.553091 -0.553197 0.622947
vn -0.210971 -0.211021 0.954443
vn -0.722682 -0.299402 0.622968
vn -0.275654 -0.114207 0.954448
vn -0.001786 -0.001786 -0.999997
vn -0.000000 0.000000 -1.000000
vn -0.000967 -0.002334 -0.999997
vn -0.002334 -0.000966 -0.999997
vn -0.000000 0.000000 -1.000000
vn -0.001786 -0.001786 -0.999997
vn -0.002526 0.000000 -0.999997
vn -0.000000 0.000000 -1.000000
vn -0.002334 -0.000966 -0.999997
vn -0.000967 -0.002334 -0.999997
vn -0.000000 0.000000 -1.000000
vn -0.000000 -0.002526 -0.999997
vn -0.000000 -0.002526 -0.999997
vn -0.000000 0.000000 -1.000000
vn 0.000967 -0.002334 -0.999997
vn 0.000967 -0.002334 -0.999997
vn -0.000000 0.000000 -1.000000
vn 0.001786 -0.001786 -0.999997
vn 0.001786 -0.001786 -0.999997
vn -0.000000 0.000000 -1.000000
vn 0.002334 -0.000967 -0.999997
vn 0.002334 -0.000967 -0.999997
vn -0.000000 0.000000 -1.000000
vn 0.002526 -0.000000 -0.999997
vn 0.002526 -0.000000 -0.999997
vn -0.000000 0.000000 -1.000000
vn 0.002334 0.000966 -0.999997
vn 0.002334 0.000966 -0.999997
vn -0.000000 0.000000 -1.000000
vn 0.001786 0.001786 -0.999997
vn 0.001786 0.001786 -0.999997
vn -0.000000 0.000000 -1.000000
vn 0.000967 0.002334 -0.999997
vn 0.000967 0.002334 -0.999997
vn -0.000000 0.000000 -1.000000
vn 0.000000 0.002527 -0.999997
vn 0.000000 0.002527 -0.999997
vn -0.000000 0.000000 -1.000000
vn -0.000967 0.002334 -0.999997
vn -0.000967 0.002334 -0.999997
vn -0.000000 0.000000 -1.000000
vn -0.001786 0.001786 -0.999997
vn -0.001786 0.001786 -0.999997
vn -0.000000 0.000000 -1.000000
vn -0.002334 0.000966 -0.999997
vn -0.002334 0.000966 -0.999997
vn -0.000000 0.000000 -1.000000
vn -0.002526 0.000000 -0.999997
vn -0.722682 -0.299402 0.622968
vn -0.901542 -0.373501 0.218448
vn -0.553091 -0.553197 0.622947
vn -0.689967 -0.690096 0.218433
vn -0.689967 -0.690096 0.218433
vn -0.373384 -0.901597 0.218420
vn -0.553091 -0.553197 0.622947
vn -0.299318 -0.722754 0.622926
vn -0.299318 -0.722754 0.622926
vn -0.373384 -0.901597 0.218420
vn -0.000000 -0.782288 0.622917
vn -0.000000 -0.975856 0.218414
vn -0.000000 -0.782288 0.622917
vn -0.000000 -0.975856 0.218414
vn 0.299316 -0.722754 0.622925
vn 0.373383 -0.901597 0.218420
vn 0.299316 -0.722754 0.622925
vn 0.373383 -0.901597 0.218420
vn 0.553091 -0.553197 0.622947
vn 0.689967 -0.690096 0.218434
vn 0.553091 -0.553197 0.622947
vn 0.689967 -0.690096 0.218434
vn 0.722682 -0.299402 0.622968
vn 0.901542 -0.373501 0.218448
vn 0.722682 -0.299402 0.622968
vn 0.901542 -0.373501 0.218448
vn 0.782240 0.000000 0.622977
vn 0.975848 0.000000 0.218453
vn 0.782240 0.000000 0.622977
vn 0.975848 0.000000 0.218453
vn 0.722682 0.299402 0.622968
vn 0.901542 0.373500 0.218447
vn 0.722682 0.299402 0.622968
vn 0.901542 0.373500 0.218447
vn 0.553092 0.553196 0.622947
vn 0.689968 0.690095 0.218433
vn 0.553092 0.553196 0.622947
vn 0.689968 0.690095 0.218433
vn 0.299317 0.722754 0.622926
vn 0.373383 0.901597 0.218420
vn 0.299317 0.722754 0.622926
vn 0.373383 0.901597 0.218420
vn 0.000000 0.782288 0.622917
vn 0.000000 0.975856 0.218414
vn 0.000000 0.782288 0.622917
vn 0.000000 0.975856 0.218414
vn -0.299317 0.722753 0.622926
vn -0.373384 0.901597 0.218420
vn -0.299317 0.722753 0.622926
vn -0.373384 0.901597 0.218420
vn -0.553091 0.553198 0.622947
vn -0.689966 0.690097 0.218434
vn -0.553091 0.553198 0.622947
vn -0.689966 0.690097 0.218434
vn -0.722682 0.299402 0.622968
vn -0.901542 0.373501 0.218448
vn -0.722682 0.299402 0.622968
vn -0.901542 0.373501 0.218448
vn -0.782239 0.000000 0.622978
vn -0.975847 0.000000 0.218454
vn -0.782239 0.000000 0.622978
vn -0.975847 0.000000 0.218454
vn -0.722682 -0.299402 0.622968
vn -0.901542 -0.373501 0.218448
vn -0.999473 0.032462 0.000000
vn -0.944394 -0.328815 -0.000000
vn -0.999473 0.032462 0.000000
vn -0.944394 -0.328815 -0.000000
vn 0.944394 -0.328816 -0.000000
vn 0.999473 0.032462 0.000000
vn 0.944394 -0.328816 -0.000000
vn 0.999473 0.032462 0.000000
vn 0.707107 0.707107 0.000000
vn 0.707107 0.707107 0.000000
vn 0.000000 1.000000 0.000000
vn 0.000000 1.000000 0.000000
vn -0.707107 0.707107 0.000000
vn -0.707107 0.707107 0.000000
vn -0.419845 0.252511 0.871761
vn 0.003712 0.006415 0.999973
vn -0.413149 0.277623 0.867314
vn -0.810852 0.551965 0.194562
vn -0.849650 0.497154 0.175878
vn -0.468677 0.842734 0.264843
vn -0.089688 0.154123 0.983973
vn -0.022530 0.955436 0.294339
vn -0.010158 0.154206 0.987987
vn 0.173869 0.000701 0.984769
vn 0.948739 0.022859 0.315232
vn 0.132682 0.067115 0.988884
vn 0.831665 0.432185 0.348640
vn 0.882483 -0.425298 0.200861
vn 0.441058 -0.215856 0.871134
vn 0.854931 -0.488552 0.174382
vn 0.428271 -0.237922 0.871767
vn 0.999900 0.012863 0.005897
vn 0.999982 0.000001 0.006025
vn 0.999917 0.012871 0.000000
vn 1.000000 0.000000 0.000000
vn -0.652445 -0.455739 0.605489
vn -0.502184 -0.292119 0.813927
vn -0.968852 -0.195407 0.152123
vn -0.977363 -0.203553 0.057688
vn -0.988821 -0.137703 0.057187
vn -0.968852 -0.195407 0.152123
vn -0.984338 -0.130822 0.118168
vn -0.850179 -0.524428 0.046593
vn -0.850690 -0.523592 0.046671
vn -0.968852 -0.195407 0.152123
vn -0.977363 -0.203553 0.057688
vn -0.351411 -0.018805 0.936032
vn -0.165942 -0.019602 0.985941
vn -0.865377 -0.092908 0.492433
vn -0.700229 -0.287093 0.653649
vn -0.496053 -0.032381 0.867689
vn -0.165942 -0.019602 0.985941
vn -0.156485 0.023688 0.987396
vn -0.235585 0.692345 0.682025
vn -0.232942 0.898602 0.371823
vn -0.560348 0.373900 0.739059
vn -0.205047 0.304499 0.930181
vn -0.235585 0.692345 0.682025
vn -0.571614 0.311459 0.759112
vn -0.156485 0.023688 0.987396
vn -0.205047 0.304499 0.930181
vn -0.496053 -0.032381 0.867689
vn -0.998426 -0.001138 0.056076
vn -0.998426 -0.001138 0.056076
vn -0.995800 -0.072922 0.055368
vn -0.995676 -0.061271 0.069818
vn -0.929710 -0.062226 0.362997
vn -0.865377 -0.092908 0.492433
vn -0.984338 -0.130822 0.118168
vn -0.968852 -0.195407 0.152123
vn -0.960561 -0.140445 0.239995
vn -0.974047 0.214145 0.073313
vn -0.990380 -0.126188 0.056789
vn -0.927575 0.365850 0.075881
vn -0.658981 -0.750264 0.053377
vn -0.565424 -0.642684 0.516966
vn -0.990380 -0.126188 0.056789
vn -0.960561 -0.140445 0.239995
vn -0.995676 -0.061271 0.069818
vn 0.001510 0.999799 0.020015
vn -0.096161 0.081684 0.992009
vn -0.988821 -0.137703 0.057187
vn -0.995800 -0.072922 0.055368
vn -0.984338 -0.130822 0.118168
vn -0.995676 -0.061271 0.069818
vn -0.984338 -0.130822 0.118168
vn -0.995676 -0.061271 0.069818
vn -0.929710 -0.062226 0.362997
vn 0.059666 -0.987296 0.147263
vn 0.057283 -0.998358 0.000051
vn 0.292163 -0.956362 0.003607
vn 0.304260 -0.952589 -0.000000
vn 0.707097 -0.707092 0.005937
vn 0.292163 -0.956362 0.003607
vn 0.707109 -0.707104 -0.000000
vn 0.304260 -0.952589 -0.000000
vn 0.923864 -0.382676 0.005925
vn 0.707097 -0.707092 0.005937
vn 0.923880 -0.382681 -0.000000
vn 0.707109 -0.707104 -0.000000
vn 0.999194 -0.039708 0.005927
vn 0.923864 -0.382676 0.005925
vn 0.999211 -0.039712 -0.000000
vn 0.923880 -0.382681 -0.000000
vn 0.999211 -0.039712 -0.000000
vn 1.000000 0.000000 0.000000
vn 0.999194 -0.039708 0.005927
vn 0.999982 -0.000001 0.006007
vn 0.000005 0.999982 0.006011
vn 0.041813 0.999108 0.005886
vn 0.000000 1.000000 0.000000
vn 0.041832 0.999125 0.000000
vn 0.041813 0.999108 0.005886
vn 0.000005 0.999982 0.006011
vn 0.033261 0.872522 0.487441
vn 0.000101 0.866742 0.498757
vn 0.033261 0.872522 0.487441
vn 0.000101 0.866742 0.498757
vn 0.014570 0.512400 0.858623
vn 0.000183 0.498050 0.867148
vn 0.064957 0.019734 0.997693
vn 0.014570 0.512400 0.858623
vn 0.000078 0.055269 0.998471
vn 0.000183 0.498050 0.867148
vn 0.033261 0.872522 0.487441
vn 0.438767 0.768952 0.464969
vn 0.041813 0.999108 0.005886
vn 0.499988 0.866013 0.005787
vn 0.438767 0.768952 0.464969
vn 0.033261 0.872522 0.487441
vn 0.294071 0.529078 0.795989
vn 0.014570 0.512400 0.858623
vn 0.059666 -0.987296 0.147263
vn 0.189212 -0.538956 0.820808
vn 0.002983 -0.239026 0.971009
vn 0.032980 -0.116859 0.992601
vn 0.059666 -0.987296 0.147263
vn 0.345408 -0.799879 0.490802
vn 0.189212 -0.538956 0.820808
vn 0.345408 -0.799879 0.490802
vn 0.059666 -0.987296 0.147263
vn 0.292163 -0.956362 0.003607
vn 0.866119 0.000028 0.499838
vn 0.999982 0.000001 0.006025
vn 0.871807 0.010033 0.489747
vn 0.999900 0.012863 0.005897
vn 0.871807 0.010033 0.489747
vn 0.479835 0.004344 0.877348
vn 0.866119 0.000028 0.499838
vn 0.480727 0.000534 0.876870
vn 0.480727 0.000534 0.876870
vn 0.479835 0.004344 0.877348
vn 0.047370 0.000197 0.998877
vn 0.064957 0.019734 0.997693
vn 0.064957 0.019734 0.997693
vn 0.523308 0.288000 0.802000
vn 0.294071 0.529078 0.795989
vn 0.768952 0.438769 0.464968
vn 0.523308 0.288000 0.802000
vn 0.871807 0.010033 0.489747
vn 0.479835 0.004344 0.877348
vn 0.871807 0.010033 0.489747
vn 0.999900 0.012863 0.005897
vn 0.768952 0.438769 0.464968
vn 0.866013 0.499989 0.005787
vn 0.866307 -0.000033 0.499512
vn 0.869778 -0.033689 0.492291
vn 0.999982 -0.000001 0.006007
vn 0.999194 -0.039708 0.005927
vn 0.869778 -0.033689 0.492291
vn 0.866307 -0.000033 0.499512
vn 0.513929 -0.018716 0.857629
vn 0.500927 0.000034 0.865490
vn 0.034678 0.000009 0.999399
vn 0.042835 -0.001414 0.999081
vn 0.500927 0.000034 0.865490
vn 0.513929 -0.018716 0.857629
vn 0.869778 -0.033689 0.492291
vn 0.808231 -0.333822 0.485104
vn 0.999194 -0.039708 0.005927
vn 0.923864 -0.382676 0.005925
vn 0.808231 -0.333822 0.485104
vn 0.869778 -0.033689 0.492291
vn 0.492463 -0.201480 0.846691
vn 0.513929 -0.018716 0.857629
vn 0.042835 -0.001414 0.999081
vn 0.055531 -0.022310 0.998208
vn 0.513929 -0.018716 0.857629
vn 0.492463 -0.201480 0.846691
vn 0.032980 -0.116859 0.992601
vn 0.189212 -0.538956 0.820808
vn 0.043525 -0.043526 0.998104
vn 0.378237 -0.378237 0.844910
vn 0.345408 -0.799879 0.490802
vn 0.618850 -0.618846 0.483791
vn 0.189212 -0.538956 0.820808
vn 0.378237 -0.378237 0.844910
vn 0.345408 -0.799879 0.490802
vn 0.292163 -0.956362 0.003607
vn 0.618850 -0.618846 0.483791
vn 0.707097 -0.707092 0.005937
vn 0.043525 -0.043526 0.998104
vn 0.378237 -0.378237 0.844910
vn 0.055531 -0.022310 0.998208
vn 0.492463 -0.201480 0.846691
vn 0.618850 -0.618846 0.483791
vn 0.808231 -0.333822 0.485104
vn 0.378237 -0.378237 0.844910
vn 0.492463 -0.201480 0.846691
vn 0.618850 -0.618846 0.483791
vn 0.707097 -0.707092 0.005937
vn 0.808231 -0.333822 0.485104
vn 0.923864 -0.382676 0.005925
vn 0.499988 0.866013 0.005787
vn 0.438767 0.768952 0.464969
vn 0.866013 0.499989 0.005787
vn 0.768952 0.438769 0.464968
vn 0.768952 0.438769 0.464968
vn 0.438767 0.768952 0.464969
vn 0.523308 0.288000 0.802000
vn 0.294071 0.529078 0.795989
vn 0.000000 0.000000 1.000000
vn 0.047370 0.000197 0.998877
vn 0.000000 0.000000 1.000000
vn 0.064957 0.019734 0.997693
vn 0.000000 0.000000 1.000000
vn 0.043283 -0.023050 0.998797
vn -0.056041 0.046263 0.997356
vn 0.000000 -0.000000 1.000000
vn 0.000000 0.000000 1.000000
vn 0.000000 -0.000000 1.000000
vn -0.056041 0.046263 0.997356
vn 0.034678 0.000009 0.999399
vn 0.000000 -0.000000 1.000000
vn 0.042835 -0.001414 0.999081
vn 0.000000 -0.000000 1.000000
vn 0.041813 0.999108 0.005886
vn 0.499988 0.866013 0.005787
vn 0.041832 0.999125 0.000000
vn 0.500003 0.866024 0.000000
vn 0.499988 0.866013 0.005787
vn 0.866013 0.499989 0.005787
vn 0.500003 0.866024 0.000000
vn 0.866024 0.500003 0.000000
vn 0.866013 0.499989 0.005787
vn 0.999900 0.012863 0.005897
vn 0.866024 0.500003 0.000000
vn 0.999917 0.012871 0.000000
vn 0.000000 0.000000 1.000000
vn 0.064957 0.019734 0.997693
vn 0.000078 0.055269 0.998471
vn 0.947272 0.320430 0.000001
vn 0.120451 0.992719 0.000023
vn 0.896979 0.442070 0.001733
vn 0.132077 0.991235 0.002845
vn 0.911700 0.002548 0.410848
vn 0.703120 -0.037376 0.710089
vn 0.992046 -0.019214 0.124398
vn 0.896979 0.442070 0.001733
vn 0.132077 0.991235 0.002845
vn 0.955427 0.254433 0.149745
vn 0.137051 0.916569 0.375656
vn 0.911700 0.002548 0.410848
vn 0.922645 -0.000026 0.385650
vn 0.148944 0.001019 0.988845
vn 0.169199 -0.000316 0.985582
vn 0.155170 0.297162 0.942134
vn 0.169272 0.019164 0.985383
vn 0.930729 0.130051 0.341805
vn 0.888998 0.007026 0.457857
vn 0.922645 -0.000026 0.385650
vn 0.888998 0.007026 0.457857
vn 0.169199 -0.000316 0.985582
vn 0.169272 0.019164 0.985383
vn 0.155170 0.297162 0.942134
vn 0.930729 0.130051 0.341805
vn 0.162983 0.692650 0.702618
vn 0.955427 0.254433 0.149745
vn 0.955427 0.254433 0.149745
vn 0.137051 0.916569 0.375656
vn 0.162983 0.692650 0.702618
vn 0.911700 0.002548 0.410848
vn 0.435924 0.049537 0.898619
vn 0.922645 -0.000026 0.385650
vn 1.000000 0.000000 -0.000000
vn -0.156485 0.023688 0.987396
vn -0.165942 -0.019602 0.985941
vn 0.169272 0.019164 0.985383
vn 0.169199 -0.000316 0.985582
vn 0.169272 0.019164 0.985383
vn 0.155170 0.297162 0.942134
vn -0.156485 0.023688 0.987396
vn -0.205047 0.304499 0.930181
vn 0.155170 0.297162 0.942134
vn 0.162983 0.692650 0.702618
vn -0.205047 0.304499 0.930181
vn -0.235585 0.692345 0.682025
vn 0.162983 0.692650 0.702618
vn 0.137051 0.916569 0.375656
vn -0.235585 0.692345 0.682025
vn -0.232942 0.898602 0.371823
vn 0.137051 0.916569 0.375656
vn 0.132077 0.991235 0.002845
vn -0.232942 0.898602 0.371823
vn -0.199409 0.966702 0.160385
vn 0.169199 -0.000316 0.985582
vn -0.165942 -0.019602 0.985941
vn -0.351411 -0.018805 0.936032
vn 0.930729 0.130051 0.341805
vn 0.888998 0.007026 0.457857
vn 1.000000 0.000000 -0.000000
vn 1.000000 0.000000 -0.000000
vn 0.008892 0.238540 -0.971092
vn 0.024068 0.007478 -0.999682
vn 0.077964 0.176304 -0.981243
vn 0.003067 0.007684 -0.999966
vn -0.019096 -0.218414 -0.975669
vn 0.000000 -0.213000 -0.977052
vn -0.000117 -0.050813 -0.998708
vn 0.000000 -0.030306 -0.999541
vn 0.008454 -0.000091 -0.999964
vn 0.192068 -0.015609 -0.981257
vn 0.010942 -0.005520 -0.999925
vn 0.191283 -0.016104 -0.981403
vn -0.000155 0.035972 -0.999353
vn -0.000409 0.229645 -0.973274
vn 0.010576 0.061017 -0.998081
vn 0.010751 0.228747 -0.973427
vn 0.000000 0.037612 -0.999292
vn 0.000000 0.229180 -0.973384
vn -0.000155 0.035972 -0.999353
vn -0.000409 0.229645 -0.973274
vn 0.153285 0.033237 -0.987623
vn 0.008454 -0.000091 -0.999964
vn 0.257617 0.007506 -0.966218
vn 0.042860 -0.177732 -0.983145
vn 0.028156 -0.199670 -0.979459
vn 0.010942 -0.005520 -0.999925
vn 0.155035 -0.151472 -0.976228
vn 0.042860 -0.177732 -0.983145
vn 0.010942 -0.005520 -0.999925
vn 0.168707 -0.053813 -0.984196
vn 0.155035 -0.151472 -0.976228
vn 0.010942 -0.005520 -0.999925
vn 0.191283 -0.016104 -0.981403
vn 0.168707 -0.053813 -0.984196
vn 0.010942 -0.005520 -0.999925
vn 0.263217 0.006601 -0.964714
vn 0.257617 0.007506 -0.966218
vn 0.024068 0.007478 -0.999682
vn 0.008454 -0.000091 -0.999964
vn 0.008892 0.238540 -0.971092
vn 0.112393 0.190208 -0.975289
vn 0.024068 0.007478 -0.999682
vn 0.112393 0.190208 -0.975289
vn 0.188438 0.107842 -0.976146
vn 0.024068 0.007478 -0.999682
vn 0.188438 0.107842 -0.976146
vn 0.263217 0.006601 -0.964714
vn 0.024068 0.007478 -0.999682
vn 0.010576 0.061017 -0.998081
vn 0.010751 0.228747 -0.973427
vn 0.250574 0.041856 -0.967192
vn -0.000163 -0.085351 -0.996351
vn 0.008454 -0.000091 -0.999964
vn 0.154009 -0.033157 -0.987513
vn -0.084828 -0.038118 0.995666
vn -0.652445 -0.455739 0.605489
vn -0.700229 -0.287093 0.653649
vn -0.865377 -0.092908 0.492433
vn -0.700229 -0.287093 0.653649
vn -0.968852 -0.195407 0.152123
vn -0.652445 -0.455739 0.605489
vn -0.496053 -0.032381 0.867689
vn -0.571614 0.311459 0.759112
vn -0.084828 -0.038118 0.995666
vn -0.084828 -0.038118 0.995666
vn -0.571614 0.311459 0.759112
vn -0.560348 0.373900 0.739059
vn -0.084828 -0.038118 0.995666
vn -0.539235 0.474804 0.695548
vn -0.506636 0.508701 0.696091
vn -0.084828 -0.038118 0.995666
vn -0.506636 0.508701 0.696091
vn -0.046698 0.042775 0.997993
vn -0.560348 0.373900 0.739059
vn -0.539235 0.474804 0.695548
vn -0.084828 -0.038118 0.995666
vn 1.000000 0.000000 -0.000000
vn 1.000000 0.000000 -0.000000
vn 0.922645 -0.000026 0.385650
vn 0.888998 0.007026 0.457857
vn 1.000000 0.000000 -0.000000
vn 1.000000 0.000000 -0.000001
vn 0.930729 0.130051 0.341805
vn 0.955427 0.254433 0.149745
vn 0.955427 0.254433 0.149745
vn 1.000000 0.000000 -0.000001
vn 0.896979 0.442070 0.001733
vn 1.000000 0.000000 -0.000000
vn 0.896979 0.442070 0.001733
vn 1.000000 0.000000 -0.000000
vn 0.947272 0.320430 0.000001
vn 1.000000 0.000000 -0.000000
vn 0.250574 0.041856 -0.967192
vn 0.077964 0.176304 -0.981243
vn 0.010576 0.061017 -0.998081
vn 0.003067 0.007684 -0.999966
vn 0.014570 0.512400 0.858623
vn 0.064957 0.019734 0.997693
vn 0.294071 0.529078 0.795989
vn 0.064957 0.019734 0.997693
vn 0.479835 0.004344 0.877348
vn 0.523308 0.288000 0.802000
vn 0.043283 -0.023050 0.998797
vn -0.795371 0.228646 0.561343
vn -0.056041 0.046263 0.997356
vn 0.002983 -0.239026 0.971009
vn 0.032980 -0.116859 0.992601
vn 0.000000 -0.000000 1.000000
vn 0.055531 -0.022310 0.998208
vn 0.042835 -0.001414 0.999081
vn 0.000000 -0.000000 1.000000
vn 0.043525 -0.043526 0.998104
vn 0.055531 -0.022310 0.998208
vn 0.000000 -0.000000 1.000000
vn -0.023382 0.038488 0.998985
vn 0.000000 -0.000000 1.000000
vn -0.056041 0.046263 0.997356
vn 0.032980 -0.116859 0.992601
vn 0.043525 -0.043526 0.998104
vn 0.000000 -0.000000 1.000000
vn -0.201469 -0.027257 -0.979116
vn -0.927575 0.365850 0.075881
vn -0.011711 0.997798 0.065287
vn -0.974047 0.214145 0.073313
vn -0.719031 -0.144143 -0.679865
vn -0.727905 -0.072199 -0.681867
vn -0.600763 -0.120253 -0.790331
vn -0.602645 -0.061819 -0.795611
vn -0.667364 -0.271356 -0.693535
vn -0.719031 -0.144143 -0.679865
vn -0.561735 -0.228925 -0.795014
vn -0.600763 -0.120253 -0.790331
vn -0.588887 -0.383996 -0.711167
vn -0.667364 -0.271356 -0.693535
vn -0.499961 -0.329728 -0.800823
vn -0.561735 -0.228925 -0.795014
vn -0.488625 -0.468204 -0.736227
vn -0.588887 -0.383996 -0.711167
vn -0.418407 -0.412231 -0.809321
vn -0.499961 -0.329728 -0.800823
vn -0.374401 -0.545943 -0.749513
vn -0.488625 -0.468204 -0.736227
vn -0.320048 -0.476213 -0.819018
vn -0.418407 -0.412231 -0.809321
vn -0.374401 -0.545943 -0.749513
vn -0.320048 -0.476213 -0.819018
vn -0.252693 -0.617053 -0.745246
vn -0.216257 -0.526198 -0.822404
vn -0.252693 -0.617053 -0.745246
vn -0.216257 -0.526198 -0.822404
vn -0.115716 -0.668111 -0.735008
vn -0.091879 -0.580680 -0.808931
vn -0.000000 -0.710167 -0.704033
vn -0.115716 -0.668111 -0.735008
vn -0.000000 -0.608936 -0.793219
vn -0.091879 -0.580680 -0.808931
vn -0.727905 -0.072199 -0.681867
vn -0.719031 -0.144143 -0.679865
vn -0.201469 -0.027257 -0.979116
vn -0.234881 -0.054148 -0.970515
vn -0.269901 -0.110403 -0.956538
vn -0.234881 -0.054148 -0.970515
vn -0.667364 -0.271356 -0.693535
vn -0.719031 -0.144143 -0.679865
vn -0.255181 -0.164693 -0.952764
vn -0.269901 -0.110403 -0.956538
vn -0.588887 -0.383996 -0.711167
vn -0.667364 -0.271356 -0.693535
vn -0.237069 -0.221878 -0.945816
vn -0.255181 -0.164693 -0.952764
vn -0.488625 -0.468204 -0.736227
vn -0.588887 -0.383996 -0.711167
vn -0.164530 -0.223189 -0.960790
vn -0.237069 -0.221878 -0.945816
vn -0.374401 -0.545943 -0.749513
vn -0.488625 -0.468204 -0.736227
vn -0.022433 -0.029915 -0.999301
vn -0.164530 -0.223189 -0.960790
vn -0.252693 -0.617053 -0.745246
vn -0.374401 -0.545943 -0.749513
vn 0.030306 0.169840 -0.985006
vn -0.022433 -0.029915 -0.999301
vn -0.115716 -0.668111 -0.735008
vn -0.252693 -0.617053 -0.745246
vn 0.000000 0.203489 -0.979077
vn 0.030306 0.169840 -0.985006
vn -0.000000 -0.710167 -0.704033
vn -0.115716 -0.668111 -0.735008
vn 0.275838 0.114245 0.954391
vn -0.432418 -0.181889 0.883137
vn 0.315156 0.054114 0.947496
vn -0.470153 -0.101190 0.876765
vn -0.432418 -0.181889 0.883137
vn 0.275838 0.114245 0.954391
vn -0.384842 -0.258723 0.885979
vn 0.247730 0.165518 0.954586
vn -0.384842 -0.258723 0.885979
vn 0.247730 0.165518 0.954586
vn -0.325954 -0.325938 0.887422
vn 0.210326 0.210328 0.954738
vn -0.325954 -0.325938 0.887422
vn 0.210326 0.210328 0.954738
vn -0.257045 -0.382409 0.887520
vn 0.165070 0.247045 0.954841
vn -0.257045 -0.382409 0.887520
vn 0.165070 0.247045 0.954841
vn -0.179540 -0.426937 0.886279
vn 0.113674 0.274433 0.954864
vn -0.093869 -0.442873 0.891657
vn -0.179540 -0.426937 0.886279
vn 0.053175 0.312045 0.948578
vn 0.113674 0.274433 0.954864
vn -0.000000 0.342723 0.939437
vn -0.000000 -0.440965 0.897524
vn 0.053175 0.312045 0.948578
vn -0.093869 -0.442873 0.891657
vn 0.275838 0.114245 0.954391
vn 0.315156 0.054114 0.947496
vn 0.759594 0.310620 0.571431
vn 0.804672 0.161684 0.571281
vn 0.247730 0.165518 0.954586
vn 0.275838 0.114245 0.954391
vn 0.677869 0.448232 0.582736
vn 0.759594 0.310620 0.571431
vn 0.210326 0.210328 0.954738
vn 0.247730 0.165518 0.954586
vn 0.571905 0.563192 0.596439
vn 0.677869 0.448232 0.582736
vn 0.165070 0.247045 0.954841
vn 0.210326 0.210328 0.954738
vn 0.443979 0.655251 0.611170
vn 0.571905 0.563192 0.596439
vn 0.113674 0.274433 0.954864
vn 0.165070 0.247045 0.954841
vn 0.301342 0.724882 0.619467
vn 0.443979 0.655251 0.611170
vn 0.053175 0.312045 0.948578
vn 0.113674 0.274433 0.954864
vn 0.150050 0.767737 0.622949
vn 0.301342 0.724882 0.619467
vn 0.000000 0.796033 0.605254
vn -0.000000 0.342723 0.939437
vn 0.150050 0.767737 0.622949
vn 0.053175 0.312045 0.948578
vn 0.804672 0.161684 0.571281
vn 0.977275 0.210365 0.026084
vn 0.759594 0.310620 0.571431
vn 0.925123 0.375225 0.057904
vn 0.677869 0.448232 0.582736
vn 0.759594 0.310620 0.571431
vn 0.839840 0.533968 0.097705
vn 0.925123 0.375225 0.057904
vn 0.571905 0.563192 0.596439
vn 0.677869 0.448232 0.582736
vn 0.720560 0.674482 0.160833
vn 0.839840 0.533968 0.097705
vn 0.443979 0.655251 0.611170
vn 0.571905 0.563192 0.596439
vn 0.561722 0.794597 0.230400
vn 0.720560 0.674482 0.160833
vn 0.301342 0.724882 0.619467
vn 0.443979 0.655251 0.611170
vn 0.378911 0.890937 0.250314
vn 0.561722 0.794597 0.230400
vn 0.150050 0.767737 0.622949
vn 0.301342 0.724882 0.619467
vn 0.196342 0.955752 0.219063
vn 0.378911 0.890937 0.250314
vn 0.150050 0.767737 0.622949
vn 0.196342 0.955752 0.219063
vn 0.000000 0.796033 0.605254
vn 0.000000 0.981554 0.191185
vn -0.470153 -0.101190 0.876765
vn -0.600763 -0.120253 -0.790331
vn -0.515409 -0.055040 0.855175
vn -0.602645 -0.061819 -0.795611
vn -0.432418 -0.181889 0.883137
vn -0.561735 -0.228925 -0.795014
vn -0.470153 -0.101190 0.876765
vn -0.600763 -0.120253 -0.790331
vn -0.384842 -0.258723 0.885979
vn -0.499961 -0.329728 -0.800823
vn -0.432418 -0.181889 0.883137
vn -0.561735 -0.228925 -0.795014
vn -0.325954 -0.325938 0.887422
vn -0.418407 -0.412231 -0.809321
vn -0.384842 -0.258723 0.885979
vn -0.499961 -0.329728 -0.800823
vn -0.325954 -0.325938 0.887422
vn -0.257045 -0.382409 0.887520
vn -0.418407 -0.412231 -0.809321
vn -0.320048 -0.476213 -0.819018
vn -0.257045 -0.382409 0.887520
vn -0.179540 -0.426937 0.886279
vn -0.320048 -0.476213 -0.819018
vn -0.216257 -0.526198 -0.822404
vn -0.179540 -0.426937 0.886279
vn -0.093869 -0.442873 0.891657
vn -0.216257 -0.526198 -0.822404
vn -0.091879 -0.580680 -0.808931
vn -0.093869 -0.442873 0.891657
vn -0.000000 -0.440965 0.897524
vn -0.091879 -0.580680 -0.808931
vn -0.000000 -0.608936 -0.793219
vn -0.452155 0.744968 0.490489
vn -0.023382 0.038488 0.998985
vn -0.670291 0.558017 0.489211
vn -0.056041 0.046263 0.997356
vn 0.000000 0.893699 0.448667
vn 0.000000 0.033641 0.999434
vn -0.452155 0.744968 0.490489
vn -0.023382 0.038488 0.998985
vn -0.863525 0.251384 0.437184
vn -0.670291 0.558017 0.489211
vn -0.795371 0.228646 0.561343
vn -0.056041 0.046263 0.997356
vn -0.576356 0.032969 -0.816534
vn -0.042311 0.105378 -0.993532
vn 0.001510 0.999799 0.020015
vn -0.199409 0.966702 0.160385
vn 0.132077 0.991235 0.002845
vn 0.035614 0.999364 0.001875
vn -0.000000 0.000004 -1.000000
vn -0.000155 0.035972 -0.999353
vn 0.010576 0.061017 -0.998081
vn -0.000000 0.000004 -1.000000
vn 0.000000 0.037612 -0.999292
vn -0.000155 0.035972 -0.999353
vn -0.000000 0.000004 -1.000000
vn 0.024068 0.007478 -0.999682
vn 0.008454 -0.000091 -0.999964
vn 0.010576 0.061017 -0.998081
vn 0.003067 0.007684 -0.999966
vn -0.000000 0.000004 -1.000000
vn 0.003067 0.007684 -0.999966
vn 0.024068 0.007478 -0.999682
vn -0.000000 0.000004 -1.000000
vn 0.010942 -0.005520 -0.999925
vn 0.002690 -0.017193 -0.999849
vn -0.000000 0.000004 -1.000000
vn -0.000000 0.000004 -1.000000
vn 0.008454 -0.000091 -0.999964
vn 0.010942 -0.005520 -0.999925
vn -0.000000 0.000004 -1.000000
vn -0.000117 -0.050813 -0.998708
vn 0.000000 -0.030306 -0.999541
vn -0.000000 0.000004 -1.000000
vn 0.002690 -0.017193 -0.999849
vn -0.000117 -0.050813 -0.998708
vn 0.103864 -0.220094 -0.969933
vn 0.002690 -0.017193 -0.999849
vn 0.028156 -0.199670 -0.979459
vn 0.010942 -0.005520 -0.999925
vn 0.005152 -0.001828 -0.999985
vn 0.002690 -0.017193 -0.999849
vn 0.360099 -0.096091 -0.927952
vn 0.059666 -0.987296 0.147263
vn 0.174605 -0.984637 0.001778
vn 0.057283 -0.998358 0.000051
vn 0.208115 -0.978104 0.000705
vn -0.010933 -0.999940 0.000880
vn 0.059666 -0.987296 0.147263
vn 0.074138 -0.947135 0.312153
vn 0.174605 -0.984637 0.001778
vn 0.059666 -0.987296 0.147263
vn -0.004031 -0.999991 0.001304
vn 0.074138 -0.947135 0.312153
vn 0.964430 -0.264336 0.001369
vn -0.010933 -0.999940 0.000880
vn 0.208115 -0.978104 0.000705
vn -0.964460 -0.264222 0.001899
vn -0.029353 -0.999569 -0.000846
vn 0.000840 -0.999999 -0.000833
vn -0.974594 -0.223805 0.008822
vn -0.208904 -0.218282 0.953264
vn -0.034712 -0.999397 -0.000648
vn -0.004031 -0.999991 0.001304
vn -0.208904 -0.218282 0.953264
vn 0.207443 -0.219285 0.953353
vn -0.004031 -0.999991 0.001304
vn 0.074138 -0.947135 0.312153
vn 0.074138 -0.947135 0.312153
vn 0.207443 -0.219285 0.953353
vn 0.174605 -0.984637 0.001778
vn 0.974000 -0.226387 0.008585
vn -0.974594 -0.223805 0.008822
vn -0.184306 -0.982829 0.008864
vn -0.208904 -0.218282 0.953264
vn 0.207443 -0.219285 0.953353
vn -0.208904 -0.218282 0.953264
vn 0.189409 -0.981859 0.008829
vn -0.184306 -0.982829 0.008864
vn 0.974000 -0.226387 0.008585
vn 0.207443 -0.219285 0.953353
vn 0.189409 -0.981859 0.008829
vn 0.360099 -0.096091 -0.927952
vn 0.316382 -0.108507 -0.942406
vn 0.005152 -0.001828 -0.999985
vn 0.053349 -0.348713 -0.935710
vn -0.039105 -0.348102 -0.936641
vn -0.309295 -0.133326 -0.941574
vn 0.005152 -0.001828 -0.999985
vn -0.341243 -0.099916 -0.934650
vn 0.005152 -0.001828 -0.999985
vn 0.053349 -0.348713 -0.935710
vn -0.039105 -0.348102 -0.936641
vn 0.005152 -0.001828 -0.999985
vn -0.000117 -0.050813 -0.998708
vn 0.002690 -0.017193 -0.999849
vn -0.341243 -0.099916 -0.934650
vn -0.000117 -0.050813 -0.998708
vn 0.005152 -0.001828 -0.999985
vn 0.002690 -0.017193 -0.999849
vn 0.103864 -0.220094 -0.969933
vn 0.360099 -0.096091 -0.927952
vn 0.103864 -0.220094 -0.969933
vn 0.919285 -0.393590 0.001126
vn 0.360099 -0.096091 -0.927952
vn 0.316382 -0.108507 -0.942406
vn 0.919285 -0.393590 0.001126
vn 0.146467 -0.989017 -0.019803
vn 0.316382 -0.108507 -0.942406
vn 0.053349 -0.348713 -0.935710
vn -0.915874 -0.401463 -0.001434
vn -0.309295 -0.133326 -0.941574
vn -0.126050 -0.991947 -0.012342
vn -0.039105 -0.348102 -0.936641
vn -0.019096 -0.218414 -0.975669
vn -0.341243 -0.099916 -0.934650
vn -0.915874 -0.401463 -0.001434
vn -0.309295 -0.133326 -0.941574
vn 0.146467 -0.989017 -0.019803
vn -0.126050 -0.991947 -0.012342
vn 0.053349 -0.348713 -0.935710
vn -0.039105 -0.348102 -0.936641
vn -0.019096 -0.218414 -0.975669
vn -0.000117 -0.050813 -0.998708
vn -0.341243 -0.099916 -0.934650
vn 0.964430 -0.264336 0.001369
vn 0.208115 -0.978104 0.000705
vn 0.974000 -0.226387 0.008585
vn 0.174605 -0.984637 0.001778
vn 0.974000 -0.226387 0.008585
vn 0.189409 -0.981859 0.008829
vn 0.964430 -0.264336 0.001369
vn 0.190923 -0.981605 0.000627
vn 0.189409 -0.981859 0.008829
vn -0.184306 -0.982829 0.008864
vn 0.190923 -0.981605 0.000627
vn -0.185734 -0.982600 0.000710
vn -0.184306 -0.982829 0.008864
vn -0.974594 -0.223805 0.008822
vn -0.185734 -0.982600 0.000710
vn -0.964460 -0.264222 0.001899
vn -0.034712 -0.999397 -0.000648
vn -0.029353 -0.999569 -0.000846
vn -0.974594 -0.223805 0.008822
vn -0.964460 -0.264222 0.001899
vn -0.000659 -0.002379 0.999997
vn -0.493477 -0.005661 0.869740
vn -0.960561 -0.140445 0.239995
vn -0.039114 0.105705 -0.993628
vn 0.001510 0.999799 0.020015
vn -0.039114 0.105705 -0.993628
vn -0.042311 0.105378 -0.993532
vn -0.315502 -0.013691 0.948826
vn -0.351411 -0.018805 0.936032
vn -0.929710 -0.062226 0.362997
vn -0.865377 -0.092908 0.492433
vn -0.995676 -0.061271 0.069818
vn -0.096161 0.081684 0.992009
vn -0.929710 -0.062226 0.362997
vn -0.315502 -0.013691 0.948826
vn 0.148944 0.001019 0.988845
vn 0.169199 -0.000316 0.985582
vn -0.315502 -0.013691 0.948826
vn -0.351411 -0.018805 0.936032
vn -0.315502 -0.013691 0.948826
vn -0.096161 0.081684 0.992009
vn 0.148944 0.001019 0.988845
vn 0.116958 -0.307577 0.944308
vn -0.000309 1.000000 -0.000101
vn 0.008957 0.999418 0.032927
vn 0.001510 0.999799 0.020015
vn 0.830279 0.084791 0.550860
vn 0.804672 0.161684 0.571281
vn 0.344398 0.019467 0.938622
vn 0.315156 0.054114 0.947496
vn 0.804672 0.161684 0.571281
vn 0.830279 0.084791 0.550860
vn 0.977275 0.210365 0.026084
vn 0.992412 0.118453 0.032977
vn -0.515409 -0.055040 0.855175
vn 0.344398 0.019467 0.938622
vn -0.470153 -0.101190 0.876765
vn 0.315156 0.054114 0.947496
vn 0.154009 -0.033157 -0.987513
vn 0.008454 -0.000091 -0.999964
vn 0.153285 0.033237 -0.987623
vn -0.014769 -0.389183 0.921042
vn -0.036528 -0.999228 0.014439
vn 0.137578 -0.528936 0.837436
vn -0.007271 -0.999923 0.010061
vn -0.014769 -0.389183 0.921042
vn -0.565424 -0.642684 0.516966
vn -0.036528 -0.999228 0.014439
vn -0.658981 -0.750264 0.053377
vn 0.864717 0.066088 0.497892
vn 0.999538 0.029823 0.005879
vn 0.000005 1.000000 0.000003
vn 0.000009 1.000000 0.000000
vn 0.499922 0.066185 0.863538
vn 0.864717 0.066088 0.497892
vn 0.000003 1.000000 0.000006
vn 0.000005 1.000000 0.000003
vn 0.999538 0.029823 0.005879
vn 0.998392 0.056682 -0.000000
vn 0.000009 1.000000 0.000000
vn 0.000009 1.000000 0.000000
vn 0.499922 0.066185 0.863538
vn 0.000003 1.000000 0.000006
vn 0.038685 0.037161 0.998560
vn 0.000001 1.000000 0.000001
vn 0.737639 0.675195 -0.000003
vn 0.435924 0.049537 0.898619
vn 0.000001 1.000000 0.000001
vn 0.038685 0.037161 0.998560
vn 0.038682 -0.037186 0.998559
vn 0.137578 -0.528936 0.837436
vn -0.000066 -0.999999 -0.001578
vn -0.007271 -0.999923 0.010061
vn 0.499917 -0.066191 0.863540
vn 0.038682 -0.037186 0.998559
vn -0.000658 -0.999999 -0.001247
vn -0.000066 -0.999999 -0.001578
vn 0.499917 -0.066191 0.863540
vn -0.000658 -0.999999 -0.001247
vn 0.864719 -0.066094 0.497887
vn -0.001251 -0.999999 -0.000659
vn 0.864719 -0.066094 0.497887
vn -0.001251 -0.999999 -0.000659
vn 0.999538 -0.029824 0.005879
vn -0.001913 -0.999998 -0.000005
vn -0.001918 -0.999998 0.000000
vn 0.998392 -0.056688 -0.000000
vn -0.001913 -0.999998 -0.000005
vn 0.999538 -0.029824 0.005879
vn 0.038685 0.037161 0.998560
vn 0.435924 0.049537 0.898619
vn 0.038682 -0.037186 0.998559
vn 0.137578 -0.528936 0.837436
vn 0.999538 0.029823 0.005879
vn 0.999538 -0.029824 0.005879
vn 0.998392 0.056682 -0.000000
vn 0.998392 -0.056688 -0.000000
vn 0.864717 0.066088 0.497892
vn 0.864719 -0.066094 0.497887
vn 0.999538 0.029823 0.005879
vn 0.999538 -0.029824 0.005879
vn 0.499917 -0.066191 0.863540
vn 0.864719 -0.066094 0.497887
vn 0.499922 0.066185 0.863538
vn 0.864717 0.066088 0.497892
vn 0.038685 0.037161 0.998560
vn 0.038682 -0.037186 0.998559
vn 0.499922 0.066185 0.863538
vn 0.499917 -0.066191 0.863540
vn 0.911700 0.002548 0.410848
vn 0.992046 -0.019214 0.124398
vn 0.435924 0.049537 0.898619
vn 0.137578 -0.528936 0.837436
vn -0.565424 -0.642684 0.516966
vn -0.000659 -0.002379 0.999997
vn -0.960561 -0.140445 0.239995
vn -0.960561 -0.140445 0.239995
vn -0.493477 -0.005661 0.869740
vn -0.974047 0.214145 0.073313
vn 0.035614 0.999364 0.001875
vn 0.016993 0.999856 -0.000015
vn 0.012944 0.999916 -0.000029
vn 0.016993 0.999856 -0.000015
vn -0.000000 1.000000 -0.000038
vn 0.012944 0.999916 -0.000029
vn -0.000000 1.000000 -0.000038
vn -0.006816 0.012935 0.999893
vn -0.046698 0.042775 0.997993
vn -0.181980 0.259275 0.948504
vn -0.181980 0.259275 0.948504
vn 0.035614 0.999364 0.001875
vn -0.006816 0.012935 0.999893
vn -0.006816 0.012935 0.999893
vn -0.084828 -0.038118 0.995666
vn -0.046698 0.042775 0.997993
vn -0.057950 -0.997457 0.041484
vn 0.000000 -0.999183 0.040417
vn -0.057341 -0.997493 0.041461
vn 0.000000 -0.999183 0.040417
vn -0.644979 -0.763880 0.022114
vn -0.642181 -0.766242 0.021846
vn -0.391729 -0.919817 0.022049
vn -0.398273 -0.917007 0.021856
vn -0.134484 -0.990192 0.037876
vn -0.391729 -0.919817 0.022049
vn -0.140161 -0.989425 0.037330
vn -0.398273 -0.917007 0.021856
vn -0.057341 -0.997493 0.041461
vn -0.134484 -0.990192 0.037876
vn -0.057950 -0.997457 0.041484
vn -0.140161 -0.989425 0.037330
vn -0.062363 -0.046651 0.996963
vn -0.216923 -0.216006 0.951991
vn -0.084828 -0.038118 0.995666
vn -0.652445 -0.455739 0.605489
vn -0.006816 0.012935 0.999893
vn -0.000000 0.018686 0.999825
vn -0.002427 0.017791 0.999839
vn -0.000000 0.018686 0.999825
vn -0.006816 0.012935 0.999893
vn -0.011440 0.000058 0.999935
vn -0.084828 -0.038118 0.995666
vn -0.062363 -0.046651 0.996963
vn -0.199409 0.966702 0.160385
vn 0.035614 0.999364 0.001875
vn -0.181980 0.259275 0.948504
vn 0.977275 0.210365 0.026084
vn -0.234881 -0.054148 -0.970515
vn 0.925123 0.375225 0.057904
vn -0.269901 -0.110403 -0.956538
vn 0.992412 0.118453 0.032977
vn -0.201469 -0.027257 -0.979116
vn 0.977275 0.210365 0.026084
vn -0.234881 -0.054148 -0.970515
vn 0.925123 0.375225 0.057904
vn -0.269901 -0.110403 -0.956538
vn 0.839840 0.533968 0.097705
vn -0.255181 -0.164693 -0.952764
vn 0.839840 0.533968 0.097705
vn -0.255181 -0.164693 -0.952764
vn 0.720560 0.674482 0.160833
vn -0.237069 -0.221878 -0.945816
vn 0.720560 0.674482 0.160833
vn -0.237069 -0.221878 -0.945816
vn 0.561722 0.794597 0.230400
vn -0.164530 -0.223189 -0.960790
vn 0.561722 0.794597 0.230400
vn -0.164530 -0.223189 -0.960790
vn 0.378911 0.890937 0.250314
vn -0.022433 -0.029915 -0.999301
vn 0.378911 0.890937 0.250314
vn -0.022433 -0.029915 -0.999301
vn 0.196342 0.955752 0.219063
vn 0.030306 0.169840 -0.985006
vn 0.000000 0.203489 -0.979077
vn 0.000000 0.981554 0.191185
vn 0.030306 0.169840 -0.985006
vn 0.196342 0.955752 0.219063
vn -0.850690 -0.523592 0.046671
vn -0.850179 -0.524428 0.046593
vn -0.644979 -0.763880 0.022114
vn -0.642181 -0.766242 0.021846
vn -0.216923 -0.216006 0.951991
vn -0.502184 -0.292119 0.813927
vn -0.652445 -0.455739 0.605489
vn -0.506636 0.508701 0.696091
vn -0.199409 0.966702 0.160385
vn -0.181980 0.259275 0.948504
vn 0.116958 -0.307577 0.944308
vn -0.096161 0.081684 0.992009
vn -0.014769 -0.389183 0.921042
vn -0.000659 -0.002379 0.999997
vn -0.002427 0.017791 0.999839
vn -0.011440 0.000058 0.999935
vn -0.006816 0.012935 0.999893
vn 0.016993 0.999856 -0.000015
vn 0.035614 0.999364 0.001875
vn 0.120451 0.992719 0.000023
vn 0.132077 0.991235 0.002845
vn 0.001510 0.999799 0.020015
vn 0.008957 0.999418 0.032927
vn -0.096161 0.081684 0.992009
vn 0.010401 0.999221 0.038073
vn -0.199409 0.966702 0.160385
vn -0.539235 0.474804 0.695548
vn -0.232942 0.898602 0.371823
vn -0.000000 -0.999449 0.033207
vn -0.000000 -1.000000 -0.000952
vn -0.034712 -0.999397 -0.000648
vn -0.029353 -0.999569 -0.000846
vn 0.000840 -0.999999 -0.000833
vn -0.004031 -0.999991 0.001304
vn -0.000000 -0.999449 0.033207
vn -0.034712 -0.999397 -0.000648
vn 0.059666 -0.987296 0.147263
vn -0.000000 -0.999449 0.033207
vn -0.004031 -0.999991 0.001304
vn 0.059666 -0.987296 0.147263
vn 0.002983 -0.239026 0.971009
vn -0.000000 -0.999449 0.033207
vn 0.000000 -0.196626 0.980479
vn 0.000000 0.033641 0.999434
vn 0.000000 -0.196626 0.980479
vn -0.023382 0.038488 0.998985
vn 0.002983 -0.239026 0.971009
vn 0.000000 -0.000000 1.000000
vn -0.014769 -0.389183 0.921042
vn -0.000659 -0.002379 0.999997
vn -0.565424 -0.642684 0.516966
vn 0.703120 -0.037376 0.710089
vn 0.137578 -0.528936 0.837436
vn 0.992046 -0.019214 0.124398
vn -0.014769 -0.389183 0.921042
vn 0.137578 -0.528936 0.837436
vn 0.116958 -0.307577 0.944308
vn 0.737639 0.675195 -0.000003
vn 1.000000 0.000000 -0.000000
vn 0.435924 0.049537 0.898619
vn -0.999900 0.012863 0.005898
vn -0.999917 0.012871 0.000000
vn -0.999982 0.000001 0.006025
vn -1.000000 0.000000 0.000000
vn 0.652445 -0.455739 0.605489
vn 0.968852 -0.195407 0.152123
vn 0.502184 -0.292122 0.813926
vn 0.977363 -0.203553 0.057688
vn 0.968852 -0.195407 0.152123
vn 0.988821 -0.137703 0.057187
vn 0.984338 -0.130822 0.118168
vn 0.850179 -0.524428 0.046592
vn 0.968852 -0.195407 0.152123
vn 0.850690 -0.523592 0.046670
vn 0.977363 -0.203553 0.057688
vn 0.700229 -0.287094 0.653648
vn 0.165942 -0.019602 0.985941
vn 0.865377 -0.092908 0.492433
vn 0.351411 -0.018805 0.936032
vn 0.165942 -0.019602 0.985941
vn 0.492805 -0.036123 0.869390
vn 0.156676 0.023601 0.987368
vn 0.232942 0.898602 0.371822
vn 0.560350 0.373897 0.739059
vn 0.539236 0.474804 0.695547
vn 0.235585 0.692345 0.682025
vn 0.553546 0.267860 0.788567
vn 0.560350 0.373897 0.739059
vn 0.156676 0.023601 0.987368
vn 0.553546 0.267860 0.788567
vn 0.208748 0.303208 0.929779
vn 0.995676 -0.061271 0.069818
vn 0.998426 -0.001138 0.056076
vn 0.995800 -0.072922 0.055368
vn 0.998426 -0.001138 0.056076
vn 0.929710 -0.062226 0.362997
vn 0.984338 -0.130822 0.118168
vn 0.865377 -0.092908 0.492433
vn 0.968852 -0.195407 0.152123
vn 0.960561 -0.140445 0.239996
vn 0.990380 -0.126188 0.056788
vn 0.974047 0.214145 0.073313
vn 0.927575 0.365850 0.075880
vn 0.661989 -0.747541 0.054342
vn 0.990380 -0.126188 0.056788
vn 0.559077 -0.641571 0.525185
vn 0.960561 -0.140445 0.239996
vn 0.995676 -0.061271 0.069818
vn 0.096806 0.079543 0.992120
vn -0.001510 0.999799 0.020015
vn 0.988821 -0.137703 0.057187
vn 0.984338 -0.130822 0.118168
vn 0.995800 -0.072922 0.055368
vn 0.995676 -0.061271 0.069818
vn 0.984338 -0.130822 0.118168
vn 0.929710 -0.062226 0.362997
vn 0.995676 -0.061271 0.069818
vn -0.304260 -0.952589 -0.000000
vn -0.057283 -0.998358 0.000051
vn -0.292163 -0.956362 0.003607
vn -0.059666 -0.987296 0.147263
vn -0.707097 -0.707092 0.005936
vn -0.707109 -0.707104 -0.000000
vn -0.292163 -0.956362 0.003607
vn -0.304260 -0.952589 -0.000000
vn -0.923863 -0.382677 0.005925
vn -0.923880 -0.382682 -0.000000
vn -0.707097 -0.707092 0.005936
vn -0.707109 -0.707104 -0.000000
vn -0.999194 -0.039708 0.005927
vn -0.999211 -0.039712 -0.000000
vn -0.923863 -0.382677 0.005925
vn -0.923880 -0.382682 -0.000000
vn -0.999211 -0.039712 -0.000000
vn -0.999194 -0.039708 0.005927
vn -1.000000 0.000000 0.000000
vn -0.999982 -0.000001 0.006007
vn -0.000005 0.999982 0.006011
vn 0.000000 1.000000 0.000000
vn -0.041813 0.999108 0.005886
vn -0.041832 0.999125 0.000000
vn -0.000101 0.866742 0.498757
vn -0.000005 0.999982 0.006011
vn -0.033261 0.872523 0.487440
vn -0.041813 0.999108 0.005886
vn -0.033261 0.872523 0.487440
vn -0.014570 0.512400 0.858624
vn -0.000101 0.866742 0.498757
vn -0.000182 0.498050 0.867148
vn -0.064957 0.019733 0.997693
vn -0.000078 0.055269 0.998471
vn -0.014570 0.512400 0.858624
vn -0.000182 0.498050 0.867148
vn -0.499989 0.866012 0.005787
vn -0.438768 0.768952 0.464969
vn -0.041813 0.999108 0.005886
vn -0.033261 0.872523 0.487440
vn -0.438768 0.768952 0.464969
vn -0.294072 0.529077 0.795990
vn -0.033261 0.872523 0.487440
vn -0.014570 0.512400 0.858624
vn -0.032980 -0.116860 0.992601
vn -0.189212 -0.538955 0.820808
vn -0.002983 -0.239026 0.971009
vn -0.059666 -0.987296 0.147263
vn -0.059666 -0.987296 0.147263
vn -0.189212 -0.538955 0.820808
vn -0.345409 -0.799879 0.490802
vn -0.345409 -0.799879 0.490802
vn -0.292163 -0.956362 0.003607
vn -0.059666 -0.987296 0.147263
vn -0.866118 0.000028 0.499839
vn -0.871806 0.010033 0.489748
vn -0.999982 0.000001 0.006025
vn -0.999900 0.012863 0.005898
vn -0.480727 0.000534 0.876870
vn -0.479835 0.004344 0.877348
vn -0.866118 0.000028 0.499839
vn -0.871806 0.010033 0.489748
vn -0.064957 0.019733 0.997693
vn -0.479835 0.004344 0.877348
vn -0.047370 0.000197 0.998877
vn -0.480727 0.000534 0.876870
vn -0.064957 0.019733 0.997693
vn -0.294072 0.529077 0.795990
vn -0.523309 0.288000 0.802000
vn -0.479835 0.004344 0.877348
vn -0.523309 0.288000 0.802000
vn -0.871806 0.010033 0.489748
vn -0.768952 0.438768 0.464969
vn -0.871806 0.010033 0.489748
vn -0.768952 0.438768 0.464969
vn -0.999900 0.012863 0.005898
vn -0.866012 0.499990 0.005787
vn -0.999194 -0.039708 0.005927
vn -0.869777 -0.033689 0.492294
vn -0.999982 -0.000001 0.006007
vn -0.866305 -0.000033 0.499515
vn -0.500926 0.000034 0.865490
vn -0.866305 -0.000033 0.499515
vn -0.513928 -0.018716 0.857629
vn -0.869777 -0.033689 0.492294
vn -0.513928 -0.018716 0.857629
vn -0.042835 -0.001413 0.999081
vn -0.500926 0.000034 0.865490
vn -0.034678 0.000009 0.999399
vn -0.923863 -0.382677 0.005925
vn -0.808231 -0.333821 0.485104
vn -0.999194 -0.039708 0.005927
vn -0.869777 -0.033689 0.492294
vn -0.808231 -0.333821 0.485104
vn -0.492463 -0.201480 0.846691
vn -0.869777 -0.033689 0.492294
vn -0.513928 -0.018716 0.857629
vn -0.492463 -0.201480 0.846691
vn -0.055531 -0.022310 0.998208
vn -0.513928 -0.018716 0.857629
vn -0.042835 -0.001413 0.999081
vn -0.032980 -0.116860 0.992601
vn -0.043525 -0.043526 0.998104
vn -0.189212 -0.538955 0.820808
vn -0.378236 -0.378236 0.844911
vn -0.345409 -0.799879 0.490802
vn -0.189212 -0.538955 0.820808
vn -0.618850 -0.618846 0.483791
vn -0.378236 -0.378236 0.844911
vn -0.345409 -0.799879 0.490802
vn -0.618850 -0.618846 0.483791
vn -0.292163 -0.956362 0.003607
vn -0.707097 -0.707092 0.005936
vn -0.043525 -0.043526 0.998104
vn -0.055531 -0.022310 0.998208
vn -0.378236 -0.378236 0.844911
vn -0.492463 -0.201480 0.846691
vn -0.618850 -0.618846 0.483791
vn -0.378236 -0.378236 0.844911
vn -0.808231 -0.333821 0.485104
vn -0.492463 -0.201480 0.846691
vn -0.618850 -0.618846 0.483791
vn -0.808231 -0.333821 0.485104
vn -0.707097 -0.707092 0.005936
vn -0.923863 -0.382677 0.005925
vn -0.499989 0.866012 0.005787
vn -0.866012 0.499990 0.005787
vn -0.438768 0.768952 0.464969
vn -0.768952 0.438768 0.464969
vn -0.768952 0.438768 0.464969
vn -0.523309 0.288000 0.802000
vn -0.438768 0.768952 0.464969
vn -0.294072 0.529077 0.795990
vn -0.064957 0.019733 0.997693
vn -0.047370 0.000197 0.998877
vn -0.000000 0.000000 1.000000
vn -0.000000 0.000000 1.000000
vn 0.000000 0.000000 1.000000
vn 0.056104 0.046315 0.997350
vn -0.043298 -0.023059 0.998796
vn 0.056104 0.046315 0.997350
vn 0.000000 0.000000 1.000000
vn 0.000000 0.000000 1.000000
vn 0.000000 0.000000 1.000000
vn 0.000000 0.000000 1.000000
vn 0.000000 0.000000 1.000000
vn -0.042835 -0.001413 0.999081
vn -0.034678 0.000009 0.999399
vn -0.041813 0.999108 0.005886
vn -0.041832 0.999125 0.000000
vn -0.499989 0.866012 0.005787
vn -0.500004 0.866023 0.000000
vn -0.499989 0.866012 0.005787
vn -0.500004 0.866023 0.000000
vn -0.866012 0.499990 0.005787
vn -0.866023 0.500004 0.000000
vn -0.866012 0.499990 0.005787
vn -0.866023 0.500004 0.000000
vn -0.999900 0.012863 0.005898
vn -0.999917 0.012871 0.000000
vn -0.000000 0.000000 1.000000
vn -0.000078 0.055269 0.998471
vn -0.064957 0.019733 0.997693
vn -0.132078 0.991235 0.002845
vn -0.120451 0.992719 0.000023
vn -0.896979 0.442069 0.001733
vn -0.947272 0.320430 0.000001
vn -0.114664 -0.310762 0.943546
vn -0.148178 0.000987 0.988960
vn -0.702313 -0.058610 0.709452
vn -0.912604 0.002467 0.408837
vn -0.137051 0.916570 0.375655
vn -0.132078 0.991235 0.002845
vn -0.955427 0.254433 0.149744
vn -0.896979 0.442069 0.001733
vn -0.912604 0.002467 0.408837
vn -0.148178 0.000987 0.988960
vn -0.922645 -0.000026 0.385650
vn -0.169199 -0.000316 0.985582
vn -0.155169 0.297163 0.942134
vn -0.930729 0.130051 0.341805
vn -0.169272 0.019164 0.985383
vn -0.888998 0.007026 0.457857
vn -0.922645 -0.000026 0.385650
vn -0.169199 -0.000316 0.985582
vn -0.888998 0.007026 0.457857
vn -0.169272 0.019164 0.985383
vn -0.955427 0.254433 0.149744
vn -0.930729 0.130051 0.341805
vn -0.162983 0.692650 0.702618
vn -0.155169 0.297163 0.942134
vn -0.955427 0.254433 0.149744
vn -0.162983 0.692650 0.702618
vn -0.137051 0.916570 0.375655
vn -1.000000 0.000000 0.000000
vn -0.435924 0.049537 0.898619
vn -0.922645 -0.000026 0.385650
vn -0.912604 0.002467 0.408837
vn -0.169199 -0.000316 0.985582
vn 0.165942 -0.019602 0.985941
vn -0.169272 0.019164 0.985383
vn 0.156676 0.023601 0.987368
vn -0.169272 0.019164 0.985383
vn 0.156676 0.023601 0.987368
vn -0.155169 0.297163 0.942134
vn 0.208748 0.303208 0.929779
vn -0.155169 0.297163 0.942134
vn 0.208748 0.303208 0.929779
vn -0.162983 0.692650 0.702618
vn 0.235585 0.692345 0.682025
vn -0.162983 0.692650 0.702618
vn 0.235585 0.692345 0.682025
vn -0.137051 0.916570 0.375655
vn 0.232942 0.898602 0.371822
vn -0.137051 0.916570 0.375655
vn 0.232942 0.898602 0.371822
vn -0.132078 0.991235 0.002845
vn 0.199409 0.966702 0.160385
vn -0.169199 -0.000316 0.985582
vn 0.351411 -0.018805 0.936032
vn 0.165942 -0.019602 0.985941
vn -1.000000 -0.000000 0.000000
vn -0.888998 0.007026 0.457857
vn -1.000000 -0.000000 0.000000
vn -0.930729 0.130051 0.341805
vn -0.003067 0.007684 -0.999966
vn -0.024068 0.007478 -0.999682
vn -0.077964 0.176304 -0.981243
vn -0.008892 0.238540 -0.971092
vn 0.000000 -0.030306 -0.999541
vn 0.000000 -0.213000 -0.977052
vn 0.000117 -0.050813 -0.998708
vn 0.019096 -0.218415 -0.975669
vn -0.008454 -0.000091 -0.999964
vn -0.010942 -0.005520 -0.999925
vn -0.192068 -0.015609 -0.981257
vn -0.191284 -0.016104 -0.981403
vn 0.000155 0.035972 -0.999353
vn -0.010576 0.061017 -0.998081
vn 0.000409 0.229645 -0.973274
vn -0.010751 0.228747 -0.973427
vn 0.000000 0.037612 -0.999292
vn 0.000155 0.035972 -0.999353
vn 0.000000 0.229180 -0.973384
vn 0.000409 0.229645 -0.973274
vn -0.153285 0.033236 -0.987623
vn -0.257616 0.007506 -0.966218
vn -0.008454 -0.000091 -0.999964
vn -0.042860 -0.177732 -0.983145
vn -0.010942 -0.005520 -0.999925
vn -0.028156 -0.199669 -0.979459
vn -0.155035 -0.151471 -0.976228
vn -0.010942 -0.005520 -0.999925
vn -0.042860 -0.177732 -0.983145
vn -0.168707 -0.053813 -0.984196
vn -0.010942 -0.005520 -0.999925
vn -0.155035 -0.151471 -0.976228
vn -0.191284 -0.016104 -0.981403
vn -0.010942 -0.005520 -0.999925
vn -0.168707 -0.053813 -0.984196
vn -0.008454 -0.000091 -0.999964
vn -0.257616 0.007506 -0.966218
vn -0.024068 0.007478 -0.999682
vn -0.263216 0.006601 -0.964714
vn -0.008892 0.238540 -0.971092
vn -0.024068 0.007478 -0.999682
vn -0.112393 0.190209 -0.975289
vn -0.112393 0.190209 -0.975289
vn -0.024068 0.007478 -0.999682
vn -0.188439 0.107843 -0.976146
vn -0.188439 0.107843 -0.976146
vn -0.024068 0.007478 -0.999682
vn -0.263216 0.006601 -0.964714
vn -0.010576 0.061017 -0.998081
vn -0.250574 0.041856 -0.967192
vn -0.010751 0.228747 -0.973427
vn 0.000163 -0.085348 -0.996351
vn -0.154008 -0.033156 -0.987513
vn -0.008454 -0.000091 -0.999964
vn 0.084828 -0.038118 0.995666
vn 0.700229 -0.287094 0.653648
vn 0.652445 -0.455739 0.605489
vn 0.652445 -0.455739 0.605489
vn 0.700229 -0.287094 0.653648
vn 0.968852 -0.195407 0.152123
vn 0.865377 -0.092908 0.492433
vn 0.492805 -0.036123 0.869390
vn 0.084828 -0.038118 0.995666
vn 0.553546 0.267860 0.788567
vn 0.084828 -0.038118 0.995666
vn 0.560350 0.373897 0.739059
vn 0.553546 0.267860 0.788567
vn 0.084828 -0.038118 0.995666
vn 0.506635 0.508699 0.696093
vn 0.539236 0.474804 0.695547
vn 0.084828 -0.038118 0.995666
vn 0.046698 0.042774 0.997993
vn 0.506635 0.508699 0.696093
vn 0.560350 0.373897 0.739059
vn 0.084828 -0.038118 0.995666
vn 0.539236 0.474804 0.695547
vn -1.000000 0.000000 0.000000
vn -0.922645 -0.000026 0.385650
vn -1.000000 -0.000000 0.000000
vn -0.888998 0.007026 0.457857
vn -1.000000 -0.000000 0.000000
vn -0.930729 0.130051 0.341805
vn -1.000000 0.000000 -0.000001
vn -0.955427 0.254433 0.149744
vn -1.000000 -0.000000 0.000000
vn -1.000000 0.000000 -0.000001
vn -0.896979 0.442069 0.001733
vn -0.955427 0.254433 0.149744
vn -0.896979 0.442069 0.001733
vn -0.947272 0.320430 0.000001
vn -1.000000 -0.000000 0.000000
vn -1.000000 0.000000 0.000000
vn -0.250574 0.041856 -0.967192
vn -0.010576 0.061017 -0.998081
vn -0.077964 0.176304 -0.981243
vn -0.003067 0.007684 -0.999966
vn -0.014570 0.512400 0.858624
vn -0.294072 0.529077 0.795990
vn -0.064957 0.019733 0.997693
vn -0.064957 0.019733 0.997693
vn -0.523309 0.288000 0.802000
vn -0.479835 0.004344 0.877348
vn -0.043298 -0.023059 0.998796
vn 0.056104 0.046315 0.997350
vn 0.795371 0.228646 0.561343
vn -0.002983 -0.239026 0.971009
vn 0.000000 0.000000 1.000000
vn -0.032980 -0.116860 0.992601
vn -0.055531 -0.022310 0.998208
vn 0.000000 0.000000 1.000000
vn -0.042835 -0.001413 0.999081
vn -0.043525 -0.043526 0.998104
vn 0.000000 0.000000 1.000000
vn -0.055531 -0.022310 0.998208
vn 0.023382 0.038488 0.998985
vn 0.056104 0.046315 0.997350
vn 0.000000 0.000000 1.000000
vn -0.032980 -0.116860 0.992601
vn 0.000000 0.000000 1.000000
vn -0.043525 -0.043526 0.998104
vn 0.974047 0.214145 0.073313
vn 0.927575 0.365850 0.075880
vn 0.011711 0.997798 0.065287
vn 0.201469 -0.027257 -0.979116
vn 0.719031 -0.144143 -0.679866
vn 0.600763 -0.120253 -0.790331
vn 0.727904 -0.072199 -0.681867
vn 0.602645 -0.061820 -0.795611
vn 0.667364 -0.271356 -0.693535
vn 0.561735 -0.228925 -0.795014
vn 0.719031 -0.144143 -0.679866
vn 0.600763 -0.120253 -0.790331
vn 0.588887 -0.383996 -0.711168
vn 0.499961 -0.329727 -0.800824
vn 0.667364 -0.271356 -0.693535
vn 0.561735 -0.228925 -0.795014
vn 0.488625 -0.468204 -0.736227
vn 0.418407 -0.412231 -0.809321
vn 0.588887 -0.383996 -0.711168
vn 0.499961 -0.329727 -0.800824
vn 0.374401 -0.545943 -0.749513
vn 0.320047 -0.476213 -0.819018
vn 0.488625 -0.468204 -0.736227
vn 0.418407 -0.412231 -0.809321
vn 0.216257 -0.526198 -0.822404
vn 0.320047 -0.476213 -0.819018
vn 0.252693 -0.617053 -0.745246
vn 0.374401 -0.545943 -0.749513
vn 0.091879 -0.580681 -0.808930
vn 0.216257 -0.526198 -0.822404
vn 0.115716 -0.668111 -0.735008
vn 0.252693 -0.617053 -0.745246
vn 0.091879 -0.580681 -0.808930
vn 0.115716 -0.668111 -0.735008
vn -0.000000 -0.608936 -0.793219
vn -0.000000 -0.710167 -0.704033
vn 0.234881 -0.054148 -0.970515
vn 0.719031 -0.144143 -0.679866
vn 0.201469 -0.027257 -0.979116
vn 0.727904 -0.072199 -0.681867
vn 0.719031 -0.144143 -0.679866
vn 0.234881 -0.054148 -0.970515
vn 0.667364 -0.271356 -0.693535
vn 0.269901 -0.110403 -0.956538
vn 0.667364 -0.271356 -0.693535
vn 0.269901 -0.110403 -0.956538
vn 0.588887 -0.383996 -0.711168
vn 0.255181 -0.164693 -0.952764
vn 0.588887 -0.383996 -0.711168
vn 0.255181 -0.164693 -0.952764
vn 0.488625 -0.468204 -0.736227
vn 0.237069 -0.221878 -0.945816
vn 0.488625 -0.468204 -0.736227
vn 0.237069 -0.221878 -0.945816
vn 0.374401 -0.545943 -0.749513
vn 0.164530 -0.223189 -0.960790
vn 0.374401 -0.545943 -0.749513
vn 0.164530 -0.223189 -0.960790
vn 0.252693 -0.617053 -0.745246
vn 0.022433 -0.029915 -0.999301
vn 0.252693 -0.617053 -0.745246
vn 0.022433 -0.029915 -0.999301
vn 0.115716 -0.668111 -0.735008
vn -0.030306 0.169840 -0.985006
vn 0.115716 -0.668111 -0.735008
vn -0.030306 0.169840 -0.985006
vn -0.000000 -0.710167 -0.704033
vn 0.000000 0.203489 -0.979077
vn -0.275837 0.114245 0.954391
vn -0.315155 0.054114 0.947496
vn 0.432418 -0.181890 0.883137
vn 0.470154 -0.101191 0.876764
vn -0.247729 0.165518 0.954586
vn -0.275837 0.114245 0.954391
vn 0.384842 -0.258723 0.885979
vn 0.432418 -0.181890 0.883137
vn -0.210326 0.210328 0.954738
vn -0.247729 0.165518 0.954586
vn 0.325954 -0.325938 0.887422
vn 0.384842 -0.258723 0.885979
vn -0.165070 0.247045 0.954841
vn -0.210326 0.210328 0.954738
vn 0.257045 -0.382409 0.887520
vn 0.325954 -0.325938 0.887422
vn -0.113674 0.274433 0.954864
vn -0.165070 0.247045 0.954841
vn 0.179540 -0.426936 0.886279
vn 0.257045 -0.382409 0.887520
vn 0.093870 -0.442872 0.891657
vn -0.053176 0.312045 0.948578
vn 0.179540 -0.426936 0.886279
vn -0.113674 0.274433 0.954864
vn -0.000000 0.342723 0.939437
vn -0.053176 0.312045 0.948578
vn -0.000000 -0.440965 0.897524
vn 0.093870 -0.442872 0.891657
vn -0.275837 0.114245 0.954391
vn -0.759593 0.310620 0.571431
vn -0.315155 0.054114 0.947496
vn -0.804672 0.161684 0.571281
vn -0.247729 0.165518 0.954586
vn -0.677868 0.448233 0.582737
vn -0.275837 0.114245 0.954391
vn -0.759593 0.310620 0.571431
vn -0.210326 0.210328 0.954738
vn -0.571905 0.563193 0.596438
vn -0.247729 0.165518 0.954586
vn -0.677868 0.448233 0.582737
vn -0.165070 0.247045 0.954841
vn -0.443979 0.655251 0.611170
vn -0.210326 0.210328 0.954738
vn -0.571905 0.563193 0.596438
vn -0.113674 0.274433 0.954864
vn -0.301342 0.724882 0.619467
vn -0.165070 0.247045 0.954841
vn -0.443979 0.655251 0.611170
vn -0.053176 0.312045 0.948578
vn -0.150050 0.767737 0.622949
vn -0.113674 0.274433 0.954864
vn -0.301342 0.724882 0.619467
vn 0.000000 0.796033 0.605254
vn -0.150050 0.767737 0.622949
vn -0.000000 0.342723 0.939437
vn -0.053176 0.312045 0.948578
vn -0.925123 0.375226 0.057904
vn -0.977275 0.210365 0.026084
vn -0.759593 0.310620 0.571431
vn -0.804672 0.161684 0.571281
vn -0.677868 0.448233 0.582737
vn -0.839840 0.533969 0.097704
vn -0.759593 0.310620 0.571431
vn -0.925123 0.375226 0.057904
vn -0.571905 0.563193 0.596438
vn -0.720560 0.674482 0.160833
vn -0.677868 0.448233 0.582737
vn -0.839840 0.533969 0.097704
vn -0.443979 0.655251 0.611170
vn -0.561722 0.794597 0.230400
vn -0.571905 0.563193 0.596438
vn -0.720560 0.674482 0.160833
vn -0.301342 0.724882 0.619467
vn -0.378911 0.890937 0.250315
vn -0.443979 0.655251 0.611170
vn -0.561722 0.794597 0.230400
vn -0.150050 0.767737 0.622949
vn -0.196342 0.955752 0.219063
vn -0.301342 0.724882 0.619467
vn -0.378911 0.890937 0.250315
vn 0.000000 0.981554 0.191185
vn -0.196342 0.955752 0.219063
vn 0.000000 0.796033 0.605254
vn -0.150050 0.767737 0.622949
vn 0.602645 -0.061820 -0.795611
vn 0.600763 -0.120253 -0.790331
vn 0.515410 -0.055041 0.855174
vn 0.470154 -0.101191 0.876764
vn 0.600763 -0.120253 -0.790331
vn 0.561735 -0.228925 -0.795014
vn 0.470154 -0.101191 0.876764
vn 0.432418 -0.181890 0.883137
vn 0.561735 -0.228925 -0.795014
vn 0.499961 -0.329727 -0.800824
vn 0.432418 -0.181890 0.883137
vn 0.384842 -0.258723 0.885979
vn 0.499961 -0.329727 -0.800824
vn 0.418407 -0.412231 -0.809321
vn 0.384842 -0.258723 0.885979
vn 0.325954 -0.325938 0.887422
vn 0.325954 -0.325938 0.887422
vn 0.418407 -0.412231 -0.809321
vn 0.257045 -0.382409 0.887520
vn 0.320047 -0.476213 -0.819018
vn 0.257045 -0.382409 0.887520
vn 0.320047 -0.476213 -0.819018
vn 0.179540 -0.426936 0.886279
vn 0.216257 -0.526198 -0.822404
vn 0.179540 -0.426936 0.886279
vn 0.216257 -0.526198 -0.822404
vn 0.093870 -0.442872 0.891657
vn 0.091879 -0.580681 -0.808930
vn 0.093870 -0.442872 0.891657
vn 0.091879 -0.580681 -0.808930
vn -0.000000 -0.440965 0.897524
vn -0.000000 -0.608936 -0.793219
vn 0.056104 0.046315 0.997350
vn 0.023382 0.038488 0.998985
vn 0.670292 0.558016 0.489210
vn 0.452155 0.744968 0.490488
vn 0.023382 0.038488 0.998985
vn 0.000000 0.033641 0.999434
vn 0.452155 0.744968 0.490488
vn 0.000000 0.893699 0.448667
vn 0.863526 0.251384 0.437184
vn 0.795371 0.228646 0.561343
vn 0.670292 0.558016 0.489210
vn 0.056104 0.046315 0.997350
vn 0.576356 0.032969 -0.816533
vn -0.001510 0.999799 0.020015
vn 0.042311 0.105378 -0.993532
vn 0.199409 0.966702 0.160385
vn -0.035614 0.999364 0.001875
vn -0.132078 0.991235 0.002845
vn -0.000000 0.000004 -1.000000
vn -0.010576 0.061017 -0.998081
vn 0.000155 0.035972 -0.999353
vn -0.000000 0.000004 -1.000000
vn 0.000155 0.035972 -0.999353
vn 0.000000 0.037612 -0.999292
vn -0.000000 0.000004 -1.000000
vn -0.008454 -0.000091 -0.999964
vn -0.024068 0.007478 -0.999682
vn -0.010576 0.061017 -0.998081
vn -0.000000 0.000004 -1.000000
vn -0.003067 0.007684 -0.999966
vn -0.003067 0.007684 -0.999966
vn -0.000000 0.000004 -1.000000
vn -0.024068 0.007478 -0.999682
vn -0.010942 -0.005520 -0.999925
vn -0.000000 0.000004 -1.000000
vn -0.002690 -0.017194 -0.999849
vn -0.000000 0.000004 -1.000000
vn -0.010942 -0.005520 -0.999925
vn -0.008454 -0.000091 -0.999964
vn -0.000000 0.000004 -1.000000
vn 0.000000 -0.030306 -0.999541
vn 0.000117 -0.050813 -0.998708
vn -0.000000 0.000004 -1.000000
vn 0.000117 -0.050813 -0.998708
vn -0.002690 -0.017194 -0.999849
vn -0.103864 -0.220093 -0.969934
vn -0.028156 -0.199669 -0.979459
vn -0.002690 -0.017194 -0.999849
vn -0.010942 -0.005520 -0.999925
vn -0.005152 -0.001828 -0.999985
vn -0.360098 -0.096091 -0.927952
vn -0.002690 -0.017194 -0.999849
vn -0.059666 -0.987296 0.147263
vn -0.057283 -0.998358 0.000051
vn -0.174605 -0.984637 0.001778
vn -0.208115 -0.978104 0.000705
vn 0.010933 -0.999940 0.000880
vn -0.059666 -0.987296 0.147263
vn -0.174605 -0.984637 0.001778
vn -0.074138 -0.947135 0.312152
vn -0.059666 -0.987296 0.147263
vn -0.074138 -0.947135 0.312152
vn 0.004031 -0.999991 0.001304
vn -0.964430 -0.264334 0.001369
vn -0.208115 -0.978104 0.000705
vn 0.010933 -0.999940 0.000880
vn 0.964460 -0.264222 0.001899
vn -0.000840 -0.999999 -0.000833
vn 0.029353 -0.999569 -0.000846
vn 0.974594 -0.223805 0.008822
vn 0.034712 -0.999397 -0.000648
vn 0.208904 -0.218283 0.953264
vn 0.004031 -0.999991 0.001304
vn -0.074138 -0.947135 0.312152
vn -0.207443 -0.219285 0.953353
vn 0.004031 -0.999991 0.001304
vn 0.208904 -0.218283 0.953264
vn -0.074138 -0.947135 0.312152
vn -0.174605 -0.984637 0.001778
vn -0.207443 -0.219285 0.953353
vn -0.974000 -0.226386 0.008585
vn 0.974594 -0.223805 0.008822
vn 0.208904 -0.218283 0.953264
vn 0.184306 -0.982829 0.008864
vn -0.207443 -0.219285 0.953353
vn -0.189409 -0.981859 0.008829
vn 0.208904 -0.218283 0.953264
vn 0.184306 -0.982829 0.008864
vn -0.974000 -0.226386 0.008585
vn -0.189409 -0.981859 0.008829
vn -0.207443 -0.219285 0.953353
vn -0.360098 -0.096091 -0.927952
vn -0.005152 -0.001828 -0.999985
vn -0.316382 -0.108508 -0.942406
vn -0.053349 -0.348712 -0.935710
vn 0.341245 -0.099916 -0.934649
vn 0.309296 -0.133327 -0.941573
vn -0.005152 -0.001828 -0.999985
vn 0.039105 -0.348103 -0.936641
vn -0.005152 -0.001828 -0.999985
vn 0.039105 -0.348103 -0.936641
vn -0.053349 -0.348712 -0.935710
vn -0.005152 -0.001828 -0.999985
vn -0.002690 -0.017194 -0.999849
vn 0.000117 -0.050813 -0.998708
vn 0.341245 -0.099916 -0.934649
vn -0.005152 -0.001828 -0.999985
vn 0.000117 -0.050813 -0.998708
vn -0.002690 -0.017194 -0.999849
vn -0.360098 -0.096091 -0.927952
vn -0.103864 -0.220093 -0.969934
vn -0.103864 -0.220093 -0.969934
vn -0.360098 -0.096091 -0.927952
vn -0.919286 -0.393590 0.001124
vn -0.316382 -0.108508 -0.942406
vn -0.919286 -0.393590 0.001124
vn -0.316382 -0.108508 -0.942406
vn -0.146467 -0.989017 -0.019804
vn -0.053349 -0.348712 -0.935710
vn 0.039105 -0.348103 -0.936641
vn 0.309296 -0.133327 -0.941573
vn 0.126050 -0.991947 -0.012342
vn 0.915874 -0.401463 -0.001434
vn 0.309296 -0.133327 -0.941573
vn 0.341245 -0.099916 -0.934649
vn 0.915874 -0.401463 -0.001434
vn 0.019096 -0.218415 -0.975669
vn -0.146467 -0.989017 -0.019804
vn -0.053349 -0.348712 -0.935710
vn 0.126050 -0.991947 -0.012342
vn 0.039105 -0.348103 -0.936641
vn 0.019096 -0.218415 -0.975669
vn 0.341245 -0.099916 -0.934649
vn 0.000117 -0.050813 -0.998708
vn -0.964430 -0.264334 0.001369
vn -0.974000 -0.226386 0.008585
vn -0.208115 -0.978104 0.000705
vn -0.174605 -0.984637 0.001778
vn -0.974000 -0.226386 0.008585
vn -0.964430 -0.264334 0.001369
vn -0.189409 -0.981859 0.008829
vn -0.190923 -0.981605 0.000627
vn -0.189409 -0.981859 0.008829
vn -0.190923 -0.981605 0.000627
vn 0.184306 -0.982829 0.008864
vn 0.185734 -0.982600 0.000710
vn 0.184306 -0.982829 0.008864
vn 0.185734 -0.982600 0.000710
vn 0.974594 -0.223805 0.008822
vn 0.964460 -0.264222 0.001899
vn 0.964460 -0.264222 0.001899
vn 0.029353 -0.999569 -0.000846
vn 0.974594 -0.223805 0.008822
vn 0.034712 -0.999397 -0.000648
vn 0.001667 -0.006019 0.999981
vn 0.960561 -0.140445 0.239996
vn 0.493479 -0.005661 0.869739
vn 0.042311 0.105378 -0.993532
vn -0.001510 0.999799 0.020015
vn 0.039114 0.105705 -0.993628
vn 0.039114 0.105705 -0.993628
vn 0.865377 -0.092908 0.492433
vn 0.351411 -0.018805 0.936032
vn 0.929710 -0.062226 0.362997
vn 0.315502 -0.013691 0.948826
vn 0.995676 -0.061271 0.069818
vn 0.929710 -0.062226 0.362997
vn 0.096806 0.079543 0.992120
vn 0.315502 -0.013691 0.948826
vn -0.148178 0.000987 0.988960
vn 0.315502 -0.013691 0.948826
vn -0.169199 -0.000316 0.985582
vn 0.351411 -0.018805 0.936032
vn -0.114664 -0.310762 0.943546
vn 0.096806 0.079543 0.992120
vn -0.148178 0.000987 0.988960
vn 0.315502 -0.013691 0.948826
vn 0.000309 1.000000 -0.000101
vn -0.001510 0.999799 0.020015
vn -0.008957 0.999418 0.032927
vn -0.315155 0.054114 0.947496
vn -0.804672 0.161684 0.571281
vn -0.344398 0.019466 0.938622
vn -0.830279 0.084791 0.550860
vn -0.804672 0.161684 0.571281
vn -0.977275 0.210365 0.026084
vn -0.830279 0.084791 0.550860
vn -0.992412 0.118452 0.032978
vn 0.515410 -0.055041 0.855174
vn 0.470154 -0.101191 0.876764
vn -0.344398 0.019466 0.938622
vn -0.315155 0.054114 0.947496
vn -0.154008 -0.033156 -0.987513
vn -0.153285 0.033236 -0.987623
vn -0.008454 -0.000091 -0.999964
vn 0.015451 -0.389933 0.920714
vn -0.137912 -0.526965 0.838623
vn 0.036697 -0.999177 0.017313
vn 0.006654 -0.999898 0.012612
vn 0.036697 -0.999177 0.017313
vn 0.661989 -0.747541 0.054342
vn 0.015451 -0.389933 0.920714
vn 0.559077 -0.641571 0.525185
vn -0.864717 0.066088 0.497892
vn -0.000006 1.000000 0.000003
vn -0.999538 0.029822 0.005879
vn -0.000008 1.000000 0.000000
vn -0.499922 0.066185 0.863538
vn -0.000004 1.000000 0.000006
vn -0.864717 0.066088 0.497892
vn -0.000006 1.000000 0.000003
vn -0.999538 0.029822 0.005879
vn -0.000008 1.000000 0.000000
vn -0.998392 0.056682 0.000000
vn -0.000008 1.000000 0.000000
vn -0.000001 1.000000 0.000001
vn -0.000004 1.000000 0.000006
vn -0.038685 0.037161 0.998560
vn -0.499922 0.066185 0.863538
vn -0.737640 0.675195 0.000001
vn -0.000001 1.000000 0.000001
vn -0.435924 0.049537 0.898619
vn -0.038685 0.037161 0.998560
vn -0.038683 -0.037186 0.998559
vn 0.000066 -0.999999 -0.001578
vn -0.137912 -0.526965 0.838623
vn 0.006654 -0.999898 0.012612
vn -0.499917 -0.066191 0.863540
vn 0.000658 -0.999999 -0.001247
vn -0.038683 -0.037186 0.998559
vn 0.000066 -0.999999 -0.001578
vn 0.001250 -0.999999 -0.000659
vn 0.000658 -0.999999 -0.001247
vn -0.864720 -0.066094 0.497887
vn -0.499917 -0.066191 0.863540
vn 0.001913 -0.999998 -0.000005
vn 0.001250 -0.999999 -0.000659
vn -0.999538 -0.029824 0.005879
vn -0.864720 -0.066094 0.497887
vn 0.001918 -0.999998 0.000000
vn 0.001913 -0.999998 -0.000005
vn -0.998392 -0.056688 0.000000
vn -0.999538 -0.029824 0.005879
vn -0.038685 0.037161 0.998560
vn -0.038683 -0.037186 0.998559
vn -0.435924 0.049537 0.898619
vn -0.137912 -0.526965 0.838623
vn -0.999538 0.029822 0.005879
vn -0.998392 0.056682 0.000000
vn -0.999538 -0.029824 0.005879
vn -0.998392 -0.056688 0.000000
vn -0.864717 0.066088 0.497892
vn -0.999538 0.029822 0.005879
vn -0.864720 -0.066094 0.497887
vn -0.999538 -0.029824 0.005879
vn -0.499917 -0.066191 0.863540
vn -0.499922 0.066185 0.863538
vn -0.864720 -0.066094 0.497887
vn -0.864717 0.066088 0.497892
vn -0.038685 0.037161 0.998560
vn -0.499922 0.066185 0.863538
vn -0.038683 -0.037186 0.998559
vn -0.499917 -0.066191 0.863540
vn -0.912604 0.002467 0.408837
vn -0.435924 0.049537 0.898619
vn -0.988138 -0.072815 0.135205
vn -0.137912 -0.526965 0.838623
vn 0.559077 -0.641571 0.525185
vn 0.960561 -0.140445 0.239996
vn 0.001667 -0.006019 0.999981
vn 0.960561 -0.140445 0.239996
vn 0.974047 0.214145 0.073313
vn 0.493479 -0.005661 0.869739
vn -0.035614 0.999364 0.001875
vn -0.012945 0.999916 -0.000029
vn -0.016993 0.999856 -0.000015
vn -0.016993 0.999856 -0.000015
vn -0.012945 0.999916 -0.000029
vn -0.000000 1.000000 -0.000038
vn -0.000000 1.000000 -0.000038
vn 0.006816 0.012935 0.999893
vn 0.181980 0.259275 0.948504
vn 0.046698 0.042774 0.997993
vn 0.181980 0.259275 0.948504
vn 0.006816 0.012935 0.999893
vn -0.035614 0.999364 0.001875
vn 0.006816 0.012935 0.999893
vn 0.046698 0.042774 0.997993
vn 0.084828 -0.038118 0.995666
vn 0.057950 -0.997457 0.041484
vn 0.057341 -0.997493 0.041461
vn 0.000000 -0.999183 0.040417
vn 0.000000 -0.999183 0.040417
vn 0.398273 -0.917007 0.021856
vn 0.642181 -0.766242 0.021846
vn 0.391729 -0.919817 0.022049
vn 0.644979 -0.763880 0.022114
vn 0.134484 -0.990192 0.037876
vn 0.140161 -0.989425 0.037330
vn 0.391729 -0.919817 0.022049
vn 0.398273 -0.917007 0.021856
vn 0.057341 -0.997493 0.041461
vn 0.057950 -0.997457 0.041484
vn 0.134484 -0.990192 0.037876
vn 0.140161 -0.989425 0.037330
vn 0.062363 -0.046651 0.996963
vn 0.084828 -0.038118 0.995666
vn 0.216922 -0.216005 0.951991
vn 0.652445 -0.455739 0.605489
vn 0.006816 0.012935 0.999893
vn 0.002427 0.017791 0.999839
vn -0.000000 0.018686 0.999825
vn -0.000000 0.018686 0.999825
vn 0.006816 0.012935 0.999893
vn 0.084828 -0.038118 0.995666
vn 0.011440 0.000058 0.999935
vn 0.062363 -0.046651 0.996963
vn 0.199409 0.966702 0.160385
vn 0.181980 0.259275 0.948504
vn -0.035614 0.999364 0.001875
vn 0.269901 -0.110403 -0.956538
vn 0.234881 -0.054148 -0.970515
vn -0.925123 0.375226 0.057904
vn -0.977275 0.210365 0.026084
vn 0.234881 -0.054148 -0.970515
vn 0.201469 -0.027257 -0.979116
vn -0.977275 0.210365 0.026084
vn -0.992412 0.118452 0.032978
vn 0.255181 -0.164693 -0.952764
vn 0.269901 -0.110403 -0.956538
vn -0.839840 0.533969 0.097704
vn -0.925123 0.375226 0.057904
vn 0.237069 -0.221878 -0.945816
vn 0.255181 -0.164693 -0.952764
vn -0.720560 0.674482 0.160833
vn -0.839840 0.533969 0.097704
vn 0.164530 -0.223189 -0.960790
vn 0.237069 -0.221878 -0.945816
vn -0.561722 0.794597 0.230400
vn -0.720560 0.674482 0.160833
vn 0.022433 -0.029915 -0.999301
vn 0.164530 -0.223189 -0.960790
vn -0.378911 0.890937 0.250315
vn -0.561722 0.794597 0.230400
vn -0.030306 0.169840 -0.985006
vn 0.022433 -0.029915 -0.999301
vn -0.196342 0.955752 0.219063
vn -0.378911 0.890937 0.250315
vn 0.000000 0.203489 -0.979077
vn -0.030306 0.169840 -0.985006
vn 0.000000 0.981554 0.191185
vn -0.196342 0.955752 0.219063
vn 0.642181 -0.766242 0.021846
vn 0.850179 -0.524428 0.046592
vn 0.644979 -0.763880 0.022114
vn 0.850690 -0.523592 0.046670
vn 0.216922 -0.216005 0.951991
vn 0.652445 -0.455739 0.605489
vn 0.502184 -0.292122 0.813926
vn 0.506635 0.508699 0.696093
vn 0.181980 0.259275 0.948504
vn 0.199409 0.966702 0.160385
vn 0.001667 -0.006019 0.999981
vn 0.096806 0.079543 0.992120
vn 0.015451 -0.389933 0.920714
vn -0.114664 -0.310762 0.943546
vn 0.002427 0.017791 0.999839
vn 0.006816 0.012935 0.999893
vn 0.011440 0.000058 0.999935
vn -0.132078 0.991235 0.002845
vn -0.035614 0.999364 0.001875
vn -0.120451 0.992719 0.000023
vn -0.016993 0.999856 -0.000015
vn -0.010401 0.999221 0.038073
vn -0.008957 0.999418 0.032927
vn 0.096806 0.079543 0.992120
vn -0.001510 0.999799 0.020015
vn 0.506635 0.508699 0.696093
vn 0.199409 0.966702 0.160385
vn 0.539236 0.474804 0.695547
vn -0.000000 -0.999449 0.033207
vn 0.034712 -0.999397 -0.000648
vn -0.000000 -1.000000 -0.000952
vn 0.029353 -0.999569 -0.000846
vn -0.000840 -0.999999 -0.000833
vn 0.004031 -0.999991 0.001304
vn 0.034712 -0.999397 -0.000648
vn -0.000000 -0.999449 0.033207
vn -0.059666 -0.987296 0.147263
vn 0.004031 -0.999991 0.001304
vn -0.000000 -0.999449 0.033207
vn -0.059666 -0.987296 0.147263
vn -0.000000 -0.999449 0.033207
vn -0.002983 -0.239026 0.971009
vn 0.000000 -0.196626 0.980479
vn 0.000000 0.033641 0.999434
vn 0.023382 0.038488 0.998985
vn 0.000000 -0.196626 0.980479
vn -0.002983 -0.239026 0.971009
vn 0.000000 0.000000 1.000000
vn 0.015451 -0.389933 0.920714
vn 0.559077 -0.641571 0.525185
vn 0.001667 -0.006019 0.999981
vn -0.702313 -0.058610 0.709452
vn -0.988138 -0.072815 0.135205
vn -0.114664 -0.310762 0.943546
vn -0.137912 -0.526965 0.838623
vn 0.015451 -0.389933 0.920714
vn -0.114664 -0.310762 0.943546
vn -0.137912 -0.526965 0.838623
vn -0.737640 0.675195 0.000001
vn -0.435924 0.049537 0.898619
vn -1.000000 0.000000 0.000000
vn -0.506636 0.508701 0.696091
vn -0.539235 0.474804 0.695548
vn -0.199409 0.966702 0.160385
vn -0.560348 0.373900 0.739059
vn -0.232942 0.898602 0.371823
vn -0.539235 0.474804 0.695548
vn -0.571614 0.311459 0.759112
vn -0.235585 0.692345 0.682025
vn -0.560348 0.373900 0.739059
vn -0.496053 -0.032381 0.867689
vn -0.205047 0.304499 0.930181
vn -0.571614 0.311459 0.759112
vn -0.700229 -0.287093 0.653649
vn -0.165942 -0.019602 0.985941
vn -0.496053 -0.032381 0.867689
vn -0.084828 -0.038118 0.995666
vn -0.700229 -0.287093 0.653649
vn -0.496053 -0.032381 0.867689
vn -0.506636 0.508701 0.696091
vn -0.181980 0.259275 0.948504
vn -0.046698 0.042775 0.997993
vn 0.506635 0.508699 0.696093
vn 0.046698 0.042774 0.997993
vn 0.181980 0.259275 0.948504
vn 0.539236 0.474804 0.695547
vn 0.199409 0.966702 0.160385
vn 0.232942 0.898602 0.371822
vn 0.235585 0.692345 0.682025
vn 0.560350 0.373897 0.739059
vn 0.232942 0.898602 0.371822
vn 0.208748 0.303208 0.929779
vn 0.553546 0.267860 0.788567
vn 0.235585 0.692345 0.682025
vn 0.156676 0.023601 0.987368
vn 0.492805 -0.036123 0.869390
vn 0.553546 0.267860 0.788567
vn 0.700229 -0.287094 0.653648
vn 0.492805 -0.036123 0.869390
vn 0.165942 -0.019602 0.985941
vn 0.084828 -0.038118 0.995666
vn 0.492805 -0.036123 0.869390
vn 0.700229 -0.287094 0.653648
vn 0.116958 -0.307577 0.944308
vn 0.703120 -0.037376 0.710089
vn 0.148944 0.001019 0.988845
vn 0.911700 0.002548 0.410848
vn 0.116958 -0.307577 0.944308
vn 0.137578 -0.528936 0.837436
vn 0.703120 -0.037376 0.710089
vn -0.702313 -0.058610 0.709452
vn -0.912604 0.002467 0.408837
vn -0.988138 -0.072815 0.135205
s off
g SM_Radio_01
f 2/1/1 1/2/2 16/3/3
f 3/4/4 2/1/5 16/3/6
f 4/5/7 3/4/8 16/3/9
f 5/6/10 4/5/11 16/3/12
f 6/7/13 5/6/14 16/3/15
f 22/22/16 6/7/17 16/3/18
f 8/8/19 7/9/20 16/3/21
f 9/10/22 8/8/23 16/3/24
f 10/11/25 9/10/26 16/3/27
f 11/12/28 10/11/29 16/3/30
f 12/13/31 11/12/32 16/3/33
f 13/14/34 12/13/35 16/3/36
f 14/15/37 13/14/38 16/3/39
f 15/16/40 14/15/41 16/3/42
f 1/2/43 15/16/44 16/3/45
f 17/17/46 16/3/47 18/18/48
f 19/19/49 16/3/50 17/17/51
f 20/20/52 16/3/53 19/19/54
f 21/21/55 16/3/56 20/20/57
f 22/22/58 16/3/59 21/21/60
f 23/23/61 16/3/62 7/9/63
f 24/24/64 16/3/65 23/23/66
f 25/25/67 16/3/68 24/24/69
f 26/26/70 16/3/71 25/25/72
f 27/27/73 16/3/74 26/26/75
f 28/28/76 16/3/77 27/27/78
f 29/29/79 16/3/80 28/28/81
f 30/30/82 16/3/83 29/29/84
f 18/18/85 16/3/86 30/30/87
s 1
f 7/9/88 8/8/89 31/32/90
f 31/32/90 8/8/89 32/31/91
s 2
f 8/8/92 9/10/93 32/31/94
f 32/31/94 9/10/93 33/33/95
s 3
f 9/10/96 10/11/97 33/33/98
f 33/33/98 10/11/97 34/34/99
s 4
f 10/11/100 11/12/101 34/34/102
f 34/34/102 11/12/101 35/35/103
s 5
f 11/12/104 12/13/105 35/35/106
f 35/35/106 12/13/105 36/36/107
s 6
f 12/13/108 13/14/109 36/36/110
f 36/36/110 13/14/109 37/37/111
s 7
f 13/14/112 14/15/113 37/37/114
f 37/37/114 14/15/113 38/38/115
s 8
f 14/15/116 15/16/117 38/38/118
f 38/38/118 15/16/117 39/39/119
s 9
f 23/23/120 7/9/121 40/40/122
f 40/40/122 7/9/121 31/32/123
s 10
f 24/24/124 23/23/125 41/41/126
f 41/41/126 23/23/125 40/40/127
s 11
f 25/25/128 24/24/129 42/42/130
f 42/42/130 24/24/129 41/41/131
s 12
f 26/26/132 25/25/133 43/43/134
f 43/43/134 25/25/133 42/42/135
s 13
f 27/27/136 26/26/137 44/44/138
f 44/44/138 26/26/137 43/43/139
s 14
f 28/28/140 27/27/141 45/45/142
f 45/45/142 27/27/141 44/44/143
s 15
f 29/29/144 28/28/145 46/46/146
f 46/46/146 28/28/145 45/45/147
s 16
f 30/30/148 29/29/149 47/47/150
f 47/47/150 29/29/149 46/46/151
s 17
f 48/50/152 56/51/153 49/49/154
f 58/48/155 49/49/154 56/51/153
f 55/52/156 49/49/154 58/48/155
f 51/54/157 50/55/158 57/53/159
f 57/53/159 50/55/158 58/48/155
f 52/56/160 53/57/161 58/48/155
f 53/57/161 54/58/162 58/48/155
f 54/58/162 55/52/156 58/48/155
f 58/48/155 56/51/153 57/53/159
f 59/59/163 60/60/164 56/51/153
f 56/51/153 60/60/164 57/53/159
f 60/60/164 61/61/165 57/53/159
f 57/53/159 61/61/165 51/54/157
f 50/55/158 52/56/160 58/48/155
f 48/50/152 63/63/166 56/51/153
f 62/62/167 56/51/153 63/63/166
f 64/64/168 62/62/167 63/63/166
f 62/62/167 67/66/169 65/65/170
f 65/65/170 67/66/169 66/67/171
f 68/68/172 62/62/167 69/69/173
f 69/69/173 62/62/167 70/70/174
f 70/70/174 62/62/167 64/64/168
f 62/62/167 65/65/170 56/51/153
f 59/59/163 56/51/153 71/71/175
f 71/71/175 56/51/153 65/65/170
f 71/71/175 65/65/170 72/72/176
f 72/72/176 65/65/170 66/67/171
f 67/66/169 62/62/167 68/68/172
s 21
f 74/73/177 100/74/178 89/76/179
f 89/76/179 100/74/178 90/75/180
s 22
f 75/77/181 79/78/182 76/80/183
f 76/80/183 79/78/182 80/79/184
s 23
f 77/81/185 78/82/186 87/84/187
f 87/84/187 78/82/186 88/83/188
s 24
f 88/86/189 89/87/190 80/85/191
f 80/85/191 89/87/190 81/88/192
s 25
f 76/80/193 80/79/194 73/90/195
f 73/90/195 80/79/194 81/89/196
s 26
f 78/82/197 74/73/198 88/83/199
f 88/83/199 74/73/198 89/76/200
s 27
f 75/77/201 76/80/202 77/81/203
f 77/81/203 76/80/202 78/82/204
s 28
f 76/80/205 73/90/206 78/82/207
f 78/82/207 73/90/206 74/73/208
s 29
f 73/90/209 81/89/210 95/92/211
f 95/92/211 81/89/210 82/91/212
s 30
f 81/88/213 89/87/214 82/94/215
f 82/94/215 89/87/214 90/93/216
s 31
f 91/96/217 83/97/218 90/95/219
f 90/95/219 83/97/218 82/98/220
s 32
f 83/97/221 91/96/222 84/100/223
f 84/100/223 91/96/222 92/99/224
s 33
f 102/102/225 92/103/226 101/101/227
f 101/101/227 92/103/226 91/104/228
s 34
f 92/103/229 102/102/230 93/106/231
f 93/106/231 102/102/230 103/105/232
s 35
f 93/106/233 103/105/234 94/108/235
f 94/108/235 103/105/234 104/107/236
s 36
f 84/100/237 92/99/238 85/110/239
f 85/110/239 92/99/238 93/109/240
s 37
f 85/110/241 93/109/242 86/112/243
f 86/112/243 93/109/242 94/111/244
s 38
f 100/113/245 101/101/246 90/114/247
f 90/114/247 101/101/246 91/104/248
s 39
f 79/115/249 87/116/250 80/85/251
f 80/85/251 87/116/250 88/86/252
s 40
f 74/73/253 73/90/254 100/74/255
f 100/74/255 73/90/254 95/92/256
s 41
f 83/117/257 96/118/258 82/120/259
f 82/120/259 96/118/258 95/119/260
s 42
f 97/122/261 96/118/262 84/121/263
f 84/121/263 96/118/262 83/117/264
s 43
f 98/124/265 97/122/266 85/123/267
f 85/123/267 97/122/266 84/121/268
s 44
f 99/126/269 98/124/270 86/125/271
f 86/125/271 98/124/270 85/123/272
s 45
f 96/118/273 101/101/274 95/119/275
f 95/119/275 101/101/274 100/113/276
s 46
f 102/102/277 101/101/278 97/122/279
f 97/122/279 101/101/278 96/118/280
s 47
f 102/102/281 97/122/282 103/105/283
f 103/105/283 97/122/282 98/124/284
s 48
f 104/107/285 103/105/286 99/126/287
f 99/126/287 103/105/286 98/124/288
s 49
f 105/127/289 108/128/290 106/130/291
f 106/130/291 108/128/290 107/129/292
s 50
f 109/131/293 112/132/294 110/134/295
f 110/134/295 112/132/294 111/133/296
s 51
f 113/135/297 116/136/298 114/138/299
f 114/138/299 116/136/298 115/137/300
s 52
f 117/140/301 108/141/302 111/139/303
f 111/139/303 108/141/302 115/142/304
s 53
f 112/132/305 118/143/306 111/133/307
f 111/133/307 118/143/306 117/144/308
s 54
f 114/138/309 115/137/310 105/127/311
f 105/127/311 115/137/310 108/128/312
s 55
f 109/131/313 113/135/314 112/132/315
f 112/132/315 113/135/314 114/138/316
s 56
f 105/127/317 118/143/318 114/138/319
f 114/138/319 118/143/318 112/132/320
s 57
f 118/143/321 120/145/322 117/144/323
f 117/144/323 120/145/322 119/146/324
s 58
f 117/140/325 119/147/326 108/141/327
f 108/141/327 119/147/326 107/148/328
s 59
f 119/150/329 122/151/330 107/149/331
f 107/149/331 122/151/330 121/152/332
s 60
f 122/151/333 124/153/334 121/152/335
f 121/152/335 124/153/334 123/154/336
s 61
f 121/156/337 123/157/338 125/155/339
f 125/155/339 123/157/338 126/158/340
s 62
f 123/157/341 128/159/342 126/158/343
f 126/158/343 128/159/342 127/160/344
s 63
f 128/159/345 130/161/346 127/160/347
f 127/160/347 130/161/346 129/162/348
s 64
f 124/153/349 131/163/350 123/154/351
f 123/154/351 131/163/350 128/164/352
s 65
f 131/163/353 132/165/354 128/164/355
f 128/164/355 132/165/354 130/166/356
s 66
f 106/167/357 107/168/358 125/155/359
f 125/155/359 107/168/358 121/156/360
s 67
f 110/169/361 111/139/362 116/170/363
f 116/170/363 111/139/362 115/142/364
s 68
f 105/127/365 106/130/366 118/143/367
f 118/143/367 106/130/366 120/145/368
s 69
f 122/171/369 119/172/370 133/174/371
f 133/174/371 119/172/370 120/173/372
s 70
f 122/171/373 133/174/374 124/175/375
f 124/175/375 133/174/374 134/176/376
s 71
f 124/175/377 134/176/378 131/177/379
f 131/177/379 134/176/378 135/178/380
s 72
f 131/177/381 135/178/382 132/179/383
f 132/179/383 135/178/382 136/180/384
s 73
f 133/174/385 120/173/386 125/155/387
f 125/155/387 120/173/386 106/167/388
s 74
f 126/158/389 134/176/390 125/155/391
f 125/155/391 134/176/390 133/174/392
s 75
f 135/178/393 134/176/394 127/160/395
f 127/160/395 134/176/394 126/158/396
s 76
f 135/178/397 127/160/398 136/180/399
f 136/180/399 127/160/398 129/162/400
s off
f 138/181/401 77/81/402 87/84/403
s 77
f 87/116/404 79/115/405 138/183/406
f 138/183/406 79/115/405 137/182/407
s 78
f 75/77/408 109/131/409 137/184/410
f 137/184/410 109/131/409 110/134/411
s 79
f 75/77/412 77/81/413 109/131/414
f 109/131/414 77/81/413 113/135/415
s 80
f 138/183/416 137/182/417 116/170/418
f 116/170/418 137/182/417 110/169/419
s off
f 79/78/420 75/77/421 137/184/422
s 81
f 77/81/423 138/181/424 113/135/425
f 113/135/425 138/181/424 116/136/426
s 82
f 167/185/427 176/186/428 166/188/429
f 166/188/429 176/186/428 175/187/430
s 83
f 168/189/431 177/190/432 167/185/433
f 167/185/433 177/190/432 176/186/434
s 84
f 169/191/435 178/192/436 168/189/437
f 168/189/437 178/192/436 177/190/438
s 85
f 170/193/439 179/194/440 169/191/441
f 169/191/441 179/194/440 178/192/442
s 86
f 180/196/443 179/194/444 171/195/445
f 171/195/445 179/194/444 170/193/446
s 87
f 181/198/447 180/196/448 172/197/449
f 172/197/449 180/196/448 171/195/450
s 88
f 182/200/451 181/198/452 173/199/453
f 173/199/453 181/198/452 172/197/454
s 89
f 183/202/455 182/200/456 174/201/457
f 174/201/457 182/200/456 173/199/458
s 90
f 148/203/459 149/204/460 139/206/461
f 139/206/461 149/204/460 140/205/462
s 91
f 149/204/463 150/207/464 140/205/465
f 140/205/465 150/207/464 141/208/466
s 92
f 150/207/467 151/209/468 141/208/469
f 141/208/469 151/209/468 142/210/470
s 93
f 151/209/471 152/211/472 142/210/473
f 142/210/473 152/211/472 143/212/474
s 94
f 153/213/475 144/214/476 152/211/477
f 152/211/477 144/214/476 143/212/478
s 95
f 154/215/479 145/216/480 153/213/481
f 153/213/481 145/216/480 144/214/482
s 96
f 155/217/483 146/218/484 154/215/485
f 154/215/485 146/218/484 145/216/486
s 97
f 156/219/487 147/220/488 155/217/489
f 155/217/489 147/220/488 146/218/490
s 98
f 148/203/491 157/221/492 149/204/493
f 149/204/493 157/221/492 158/222/494
s 99
f 150/207/495 149/204/496 159/223/497
f 159/223/497 149/204/496 158/222/498
s 100
f 151/209/499 150/207/500 160/224/501
f 160/224/501 150/207/500 159/223/502
s 101
f 152/211/503 151/209/504 161/225/505
f 161/225/505 151/209/504 160/224/506
s 102
f 153/213/507 152/211/508 162/226/509
f 162/226/509 152/211/508 161/225/510
s 103
f 154/215/511 153/213/512 163/227/513
f 163/227/513 153/213/512 162/226/514
s 104
f 155/217/515 154/215/516 164/228/517
f 164/228/517 154/215/516 163/227/518
s 105
f 165/229/519 156/219/520 164/228/521
f 164/228/521 156/219/520 155/217/522
s off
f 215/230/523 214/231/524 211/232/525
s 106
f 139/206/526 140/205/527 166/234/528
f 166/234/528 140/205/527 167/233/529
s 107
f 140/205/530 141/208/531 167/233/532
f 167/233/532 141/208/531 168/235/533
s 108
f 141/208/534 142/210/535 168/235/536
f 168/235/536 142/210/535 169/236/537
s 109
f 142/210/538 143/212/539 169/236/540
f 169/236/540 143/212/539 170/237/541
s 110
f 143/212/542 144/214/543 170/237/544
f 170/237/544 144/214/543 171/238/545
s 111
f 145/216/546 172/239/547 144/214/548
f 144/214/548 172/239/547 171/238/549
s 112
f 146/218/550 173/240/551 145/216/552
f 145/216/552 173/240/551 172/239/553
s 113
f 147/220/554 174/241/555 146/218/556
f 146/218/556 174/241/555 173/240/557
s off
f 211/232/558 216/242/559 215/230/560
s 114
f 211/232/561 213/243/562 216/242/563
f 216/242/563 213/243/562 217/244/564
s 115
f 185/246/565 158/222/566 184/245/567
f 184/245/567 158/222/566 157/221/568
s 116
f 186/247/569 159/223/570 185/246/571
f 185/246/571 159/223/570 158/222/572
s 117
f 187/248/573 160/224/574 186/247/575
f 186/247/575 160/224/574 159/223/576
s 118
f 188/249/577 161/225/578 187/248/579
f 187/248/579 161/225/578 160/224/580
s 119
f 189/250/581 162/226/582 188/249/583
f 188/249/583 162/226/582 161/225/584
s 120
f 190/251/585 163/227/586 189/250/587
f 189/250/587 163/227/586 162/226/588
s 121
f 191/252/589 164/228/590 190/251/591
f 190/251/591 164/228/590 163/227/592
s 122
f 192/253/593 165/229/594 191/252/595
f 191/252/595 165/229/594 164/228/596
s 123
f 194/254/597 193/255/598 203/257/599
f 203/257/599 193/255/598 202/256/600
s 124
f 193/255/601 195/258/602 202/256/603
f 202/256/603 195/258/602 204/259/604
s 125
f 197/261/605 195/258/606 196/260/607
f 196/260/607 195/258/606 193/255/608
s 126
f 198/262/609 196/260/610 194/254/611
f 194/254/611 196/260/610 193/255/612
s 127
f 196/260/613 199/263/614 197/261/615
f 197/261/615 199/263/614 200/264/616
s 128
f 196/260/617 198/262/618 199/263/619
f 199/263/619 198/262/618 201/265/620
s 129
f 199/263/621 208/266/622 200/264/623
f 200/264/623 208/266/622 210/267/624
s 130
f 209/268/625 208/266/626 201/265/627
f 201/265/627 208/266/626 199/263/628
s 131
f 202/270/629 205/271/630 203/269/631
f 203/269/631 205/271/630 206/272/632
s 132
f 202/270/633 204/273/634 205/271/635
f 205/271/635 204/273/634 207/274/636
s 133
f 205/271/637 208/275/638 206/272/639
f 206/272/639 208/275/638 209/276/640
s 134
f 205/271/641 207/274/642 208/275/643
f 208/275/643 207/274/642 210/277/644
s 135
f 204/273/645 166/188/646 207/274/647
f 207/274/647 166/188/646 175/187/648
s 136
f 207/274/649 175/187/650 210/277/651
f 210/277/651 175/187/650 184/278/652
s 137
f 215/280/653 198/262/654 214/279/655
f 214/279/655 198/262/654 194/254/656
s 138
f 148/203/657 139/206/658 197/261/659
f 197/261/659 139/206/658 195/258/660
s 139
f 198/262/661 215/280/662 201/265/663
f 201/265/663 215/280/662 216/281/664
s 140
f 157/221/665 148/203/666 200/264/667
f 200/264/667 148/203/666 197/261/668
s off
f 214/282/669 194/283/670 203/284/671
s 141
f 195/258/672 139/206/673 204/259/674
f 204/259/674 139/206/673 166/234/675
s 142
f 217/285/676 209/268/677 216/281/678
f 216/281/678 209/268/677 201/265/679
s 143
f 184/245/680 157/221/681 210/267/682
f 210/267/682 157/221/681 200/264/683
s 144
f 192/286/684 191/287/685 183/202/686
f 183/202/686 191/287/685 182/200/687
s 145
f 191/287/688 190/288/689 182/200/690
f 182/200/690 190/288/689 181/198/691
s 146
f 190/288/692 189/289/693 181/198/694
f 181/198/694 189/289/693 180/196/695
s 147
f 189/289/696 188/290/697 180/196/698
f 180/196/698 188/290/697 179/194/699
s 148
f 188/290/700 187/291/701 179/194/702
f 179/194/702 187/291/701 178/192/703
s 149
f 187/291/704 186/292/705 178/192/706
f 178/192/706 186/292/705 177/190/707
s 150
f 186/292/708 185/293/709 177/190/710
f 177/190/710 185/293/709 176/186/711
s 151
f 185/293/712 184/278/713 176/186/714
f 176/186/714 184/278/713 175/187/715
s off
f 206/272/716 212/294/717 203/269/718
s 152
f 203/284/719 212/295/720 214/282/721
f 214/282/721 212/295/720 211/296/722
s off
f 209/276/723 212/294/724 206/272/725
s 153
f 218/297/726 221/298/727 219/300/728
f 219/300/728 221/298/727 220/299/729
s 154
f 222/301/730 218/297/731 223/302/732
f 223/302/732 218/297/731 219/300/733
s 155
f 224/303/734 222/301/735 225/304/736
f 225/304/736 222/301/735 223/302/737
s 156
f 226/305/738 224/303/739 227/306/740
f 227/306/740 224/303/739 225/304/741
s 157
f 226/305/742 227/306/743 228/307/744
f 228/307/744 227/306/743 229/308/745
s 158
f 228/307/746 229/308/747 230/309/748
f 230/309/748 229/308/747 231/310/749
s 159
f 230/309/750 231/310/751 232/311/752
f 232/311/752 231/310/751 233/312/753
s 160
f 232/311/754 233/312/755 174/201/756
f 174/201/756 233/312/755 183/202/757
s 161
f 234/313/758 237/314/759 235/316/760
f 235/316/760 237/314/759 236/315/761
s 162
f 235/316/762 236/315/763 238/318/764
f 238/318/764 236/315/763 239/317/765
s 163
f 238/318/766 239/317/767 240/320/768
f 240/320/768 239/317/767 241/319/769
s 164
f 240/320/770 241/319/771 242/322/772
f 242/322/772 241/319/771 243/321/773
s 165
f 243/321/774 245/323/775 242/322/776
f 242/322/776 245/323/775 244/324/777
s 166
f 245/323/778 247/325/779 244/324/780
f 244/324/780 247/325/779 246/326/781
s 167
f 247/325/782 249/327/783 246/326/784
f 246/326/784 249/327/783 248/328/785
s 168
f 249/327/786 147/220/787 248/328/788
f 248/328/788 147/220/787 156/219/789
s 169
f 251/329/790 250/330/791 235/316/792
f 235/316/792 250/330/791 234/313/793
s 170
f 238/318/794 252/331/795 235/316/796
f 235/316/796 252/331/795 251/329/797
s 171
f 240/320/798 253/332/799 238/318/800
f 238/318/800 253/332/799 252/331/801
s 172
f 242/322/802 254/333/803 240/320/804
f 240/320/804 254/333/803 253/332/805
s 173
f 244/324/806 255/334/807 242/322/808
f 242/322/808 255/334/807 254/333/809
s 174
f 246/326/810 256/335/811 244/324/812
f 244/324/812 256/335/811 255/334/813
s 175
f 248/328/814 257/336/815 246/326/816
f 246/326/816 257/336/815 256/335/817
s 176
f 165/229/818 257/336/819 156/219/820
f 156/219/820 257/336/819 248/328/821
s off
f 258/337/822 260/338/823 259/339/824
s 177
f 237/314/825 221/340/826 236/315/827
f 236/315/827 221/340/826 218/341/828
s 178
f 236/315/829 218/341/830 239/317/831
f 239/317/831 218/341/830 222/342/832
s 179
f 239/317/833 222/342/834 241/319/835
f 241/319/835 222/342/834 224/343/836
s 180
f 241/319/837 224/343/838 243/321/839
f 243/321/839 224/343/838 226/344/840
s 181
f 243/321/841 226/344/842 245/323/843
f 245/323/843 226/344/842 228/345/844
s 182
f 228/345/845 230/346/846 245/323/847
f 245/323/847 230/346/846 247/325/848
s 183
f 230/346/849 232/347/850 247/325/851
f 247/325/851 232/347/850 249/327/852
s 184
f 232/347/853 174/241/854 249/327/855
f 249/327/855 174/241/854 147/220/856
s off
f 260/338/857 258/337/858 261/348/859
s 185
f 260/338/860 261/348/861 262/350/862
f 262/350/862 261/348/861 263/349/863
s 186
f 250/330/864 251/329/865 264/351/866
f 264/351/866 251/329/865 265/352/867
s 187
f 251/329/868 252/331/869 265/352/870
f 265/352/870 252/331/869 266/353/871
s 188
f 252/331/872 253/332/873 266/353/874
f 266/353/874 253/332/873 267/354/875
s 189
f 253/332/876 254/333/877 267/354/878
f 267/354/878 254/333/877 268/355/879
s 190
f 254/333/880 255/334/881 268/355/882
f 268/355/882 255/334/881 269/356/883
s 191
f 255/334/884 256/335/885 269/356/886
f 269/356/886 256/335/885 270/357/887
s 192
f 256/335/888 257/336/889 270/357/890
f 270/357/890 257/336/889 271/358/891
s 193
f 257/336/892 165/229/893 271/358/894
f 271/358/894 165/229/893 192/253/895
s 194
f 272/359/896 275/360/897 273/362/898
f 273/362/898 275/360/897 274/361/899
s 195
f 273/362/900 274/361/901 276/364/902
f 276/364/902 274/361/901 277/363/903
s 196
f 273/362/904 276/364/905 278/365/906
f 278/365/906 276/364/905 279/366/907
s 197
f 280/367/908 272/359/909 278/365/910
f 278/365/910 272/359/909 273/362/911
s 198
f 282/368/912 281/369/913 279/366/914
f 279/366/914 281/369/913 278/365/915
s 199
f 278/365/916 281/369/917 280/367/918
f 280/367/918 281/369/917 283/370/919
s 200
f 281/369/920 282/368/921 284/372/922
f 284/372/922 282/368/921 285/371/923
s 201
f 286/373/924 283/370/925 284/372/926
f 284/372/926 283/370/925 281/369/927
s 202
f 288/375/928 287/376/929 275/374/930
f 275/374/930 287/376/929 274/377/931
s 203
f 289/378/932 277/379/933 287/376/934
f 287/376/934 277/379/933 274/377/935
s 204
f 286/380/936 284/381/937 288/375/938
f 288/375/938 284/381/937 287/376/939
s 205
f 287/376/940 284/381/941 289/378/942
f 289/378/942 284/381/941 285/382/943
s 206
f 220/299/944 221/298/945 289/378/946
f 289/378/946 221/298/945 277/379/947
s 207
f 289/378/948 285/382/949 220/299/950
f 220/299/950 285/382/949 264/383/951
s 208
f 272/359/952 280/367/953 259/384/954
f 259/384/954 280/367/953 258/385/955
s 209
f 276/364/956 237/314/957 279/366/958
f 279/366/958 237/314/957 234/313/959
s 210
f 261/386/960 258/385/961 283/370/962
f 283/370/962 258/385/961 280/367/963
s 211
f 250/330/964 282/368/965 234/313/966
f 234/313/966 282/368/965 279/366/967
s off
f 259/387/968 275/388/969 272/389/970
s 212
f 276/364/971 277/363/972 237/314/973
f 237/314/973 277/363/972 221/340/974
s 213
f 263/390/975 261/386/976 286/373/977
f 286/373/977 261/386/976 283/370/978
s 214
f 282/368/979 250/330/980 285/371/981
f 285/371/981 250/330/980 264/351/982
s 215
f 233/312/983 271/391/984 183/202/985
f 183/202/985 271/391/984 192/286/986
s 216
f 231/310/987 270/392/988 233/312/989
f 233/312/989 270/392/988 271/391/990
s 217
f 229/308/991 269/393/992 231/310/993
f 231/310/993 269/393/992 270/392/994
s 218
f 227/306/995 268/394/996 229/308/997
f 229/308/997 268/394/996 269/393/998
s 219
f 225/304/999 267/395/1000 227/306/1001
f 227/306/1001 267/395/1000 268/394/1002
s 220
f 223/302/1003 266/396/1004 225/304/1005
f 225/304/1005 266/396/1004 267/395/1006
s 221
f 219/300/1007 265/397/1008 223/302/1009
f 223/302/1009 265/397/1008 266/396/1010
s 222
f 220/299/1011 264/383/1012 219/300/1013
f 219/300/1013 264/383/1012 265/397/1014
s off
f 288/375/1015 275/374/1016 290/398/1017
s 223
f 275/388/1018 259/387/1019 290/400/1020
f 290/400/1020 259/387/1019 260/399/1021
s off
f 286/380/1022 288/375/1023 290/398/1024
s 224
f 319/401/1025 328/402/1026 318/404/1027
f 318/404/1027 328/402/1026 327/403/1028
s 225
f 320/405/1029 329/406/1030 319/401/1031
f 319/401/1031 329/406/1030 328/402/1032
s 226
f 321/407/1033 330/408/1034 320/405/1035
f 320/405/1035 330/408/1034 329/406/1036
s 227
f 322/409/1037 331/410/1038 321/407/1039
f 321/407/1039 331/410/1038 330/408/1040
s 228
f 332/412/1041 331/410/1042 323/411/1043
f 323/411/1043 331/410/1042 322/409/1044
s 229
f 333/414/1045 332/412/1046 324/413/1047
f 324/413/1047 332/412/1046 323/411/1048
s 230
f 334/416/1049 333/414/1050 325/415/1051
f 325/415/1051 333/414/1050 324/413/1052
s 231
f 335/418/1053 334/416/1054 326/417/1055
f 326/417/1055 334/416/1054 325/415/1056
s 232
f 300/419/1057 301/420/1058 291/422/1059
f 291/422/1059 301/420/1058 292/421/1060
s 233
f 301/420/1061 302/423/1062 292/421/1063
f 292/421/1063 302/423/1062 293/424/1064
s 234
f 302/423/1065 303/425/1066 293/424/1067
f 293/424/1067 303/425/1066 294/426/1068
s 235
f 303/425/1069 304/427/1070 294/426/1071
f 294/426/1071 304/427/1070 295/428/1072
s 236
f 305/429/1073 296/430/1074 304/427/1075
f 304/427/1075 296/430/1074 295/428/1076
s 237
f 306/431/1077 297/432/1078 305/429/1079
f 305/429/1079 297/432/1078 296/430/1080
s 238
f 307/433/1081 298/434/1082 306/431/1083
f 306/431/1083 298/434/1082 297/432/1084
s 239
f 308/435/1085 299/436/1086 307/433/1087
f 307/433/1087 299/436/1086 298/434/1088
s 240
f 300/419/1089 309/437/1090 301/420/1091
f 301/420/1091 309/437/1090 310/438/1092
s 241
f 302/423/1093 301/420/1094 311/439/1095
f 311/439/1095 301/420/1094 310/438/1096
s 242
f 303/425/1097 302/423/1098 312/440/1099
f 312/440/1099 302/423/1098 311/439/1100
s 243
f 304/427/1101 303/425/1102 313/441/1103
f 313/441/1103 303/425/1102 312/440/1104
s 244
f 305/429/1105 304/427/1106 314/442/1107
f 314/442/1107 304/427/1106 313/441/1108
s 245
f 306/431/1109 305/429/1110 315/443/1111
f 315/443/1111 305/429/1110 314/442/1112
s 246
f 307/433/1113 306/431/1114 316/444/1115
f 316/444/1115 306/431/1114 315/443/1116
s 247
f 317/445/1117 308/435/1118 316/444/1119
f 316/444/1119 308/435/1118 307/433/1120
s 248
f 319/446/1121 318/447/1122 292/421/1123
f 292/421/1123 318/447/1122 291/422/1124
s 249
f 320/448/1125 319/446/1126 293/424/1127
f 293/424/1127 319/446/1126 292/421/1128
s 250
f 321/449/1129 320/448/1130 294/426/1131
f 294/426/1131 320/448/1130 293/424/1132
s 251
f 322/450/1133 321/449/1134 295/428/1135
f 295/428/1135 321/449/1134 294/426/1136
s 252
f 323/451/1137 322/450/1138 296/430/1139
f 296/430/1139 322/450/1138 295/428/1140
s 253
f 324/452/1141 323/451/1142 297/432/1143
f 297/432/1143 323/451/1142 296/430/1144
s 254
f 325/453/1145 324/452/1146 298/434/1147
f 298/434/1147 324/452/1146 297/432/1148
s 255
f 299/436/1149 326/454/1150 298/434/1151
f 298/434/1151 326/454/1150 325/453/1152
s off
f 363/455/1153 366/456/1154 367/457/1155
f 363/455/1156 365/458/1157 366/456/1158
s 256
f 337/460/1159 310/438/1160 336/459/1161
f 336/459/1161 310/438/1160 309/437/1162
s 257
f 338/461/1163 311/439/1164 337/460/1165
f 337/460/1165 311/439/1164 310/438/1166
s 258
f 339/462/1167 312/440/1168 338/461/1169
f 338/461/1169 312/440/1168 311/439/1170
s 259
f 340/463/1171 313/441/1172 339/462/1173
f 339/462/1173 313/441/1172 312/440/1174
s 260
f 341/464/1175 314/442/1176 340/463/1177
f 340/463/1177 314/442/1176 313/441/1178
s 261
f 342/465/1179 315/443/1180 341/464/1181
f 341/464/1181 315/443/1180 314/442/1182
s 262
f 343/466/1183 316/444/1184 342/465/1185
f 342/465/1185 316/444/1184 315/443/1186
s 263
f 344/467/1187 317/445/1188 343/466/1189
f 343/466/1189 317/445/1188 316/444/1190
s 264
f 355/469/1191 346/470/1192 354/468/1193
f 354/468/1193 346/470/1192 345/471/1194
s 265
f 356/472/1195 354/468/1196 347/473/1197
f 347/473/1197 354/468/1196 345/471/1198
s 266
f 349/475/1199 347/473/1200 348/474/1201
f 348/474/1201 347/473/1200 345/471/1202
s 267
f 350/476/1203 348/474/1204 346/470/1205
f 346/470/1205 348/474/1204 345/471/1206
s 268
f 348/474/1207 351/477/1208 349/475/1209
f 349/475/1209 351/477/1208 352/478/1210
s 269
f 348/474/1211 350/476/1212 351/477/1213
f 351/477/1213 350/476/1212 353/479/1214
s 270
f 351/477/1215 360/480/1216 352/478/1217
f 352/478/1217 360/480/1216 362/481/1218
s 271
f 361/482/1219 360/480/1220 353/479/1221
f 353/479/1221 360/480/1220 351/477/1222
s 272
f 354/484/1223 357/485/1224 355/483/1225
f 355/483/1225 357/485/1224 358/486/1226
s 273
f 354/484/1227 356/487/1228 357/485/1229
f 357/485/1229 356/487/1228 359/488/1230
s 274
f 357/485/1231 360/489/1232 358/486/1233
f 358/486/1233 360/489/1232 361/490/1234
s 275
f 357/485/1235 359/488/1236 360/489/1237
f 360/489/1237 359/488/1236 362/491/1238
s 276
f 356/487/1239 318/404/1240 359/488/1241
f 359/488/1241 318/404/1240 327/403/1242
s 277
f 359/488/1243 327/403/1244 362/491/1245
f 362/491/1245 327/403/1244 336/492/1246
s 278
f 367/494/1247 350/476/1248 368/493/1249
f 368/493/1249 350/476/1248 346/470/1250
s 279
f 300/419/1251 291/422/1252 349/475/1253
f 349/475/1253 291/422/1252 347/473/1254
s 280
f 350/476/1255 367/494/1256 353/479/1257
f 353/479/1257 367/494/1256 366/495/1258
s 281
f 309/437/1259 300/419/1260 352/478/1261
f 352/478/1261 300/419/1260 349/475/1262
s 282
f 318/447/1263 356/472/1264 291/422/1265
f 291/422/1265 356/472/1264 347/473/1266
s 283
f 365/496/1267 361/482/1268 366/495/1269
f 366/495/1269 361/482/1268 353/479/1270
s 284
f 336/459/1271 309/437/1272 362/481/1273
f 362/481/1273 309/437/1272 352/478/1274
s off
f 364/497/1275 358/486/1276 361/490/1277
s 285
f 344/498/1278 343/499/1279 335/418/1280
f 335/418/1280 343/499/1279 334/416/1281
s 286
f 343/499/1282 342/500/1283 334/416/1284
f 334/416/1284 342/500/1283 333/414/1285
s 287
f 342/500/1286 341/501/1287 333/414/1288
f 333/414/1288 341/501/1287 332/412/1289
s 288
f 341/501/1290 340/502/1291 332/412/1292
f 332/412/1292 340/502/1291 331/410/1293
s 289
f 340/502/1294 339/503/1295 331/410/1296
f 331/410/1296 339/503/1295 330/408/1297
s 290
f 339/503/1298 338/504/1299 330/408/1300
f 330/408/1300 338/504/1299 329/406/1301
s 291
f 338/504/1302 337/505/1303 329/406/1304
f 329/406/1304 337/505/1303 328/402/1305
s 292
f 337/505/1306 336/492/1307 328/402/1308
f 328/402/1308 336/492/1307 327/403/1309
s off
f 364/497/1310 355/483/1311 358/486/1312
s 293
f 363/507/1313 368/508/1314 364/506/1315
f 364/506/1315 368/508/1314 355/509/1316
s off
f 363/455/1317 367/457/1318 368/510/1319
f 355/509/1320 368/508/1321 346/511/1322
s 294
f 369/512/1323 372/513/1324 370/515/1325
f 370/515/1325 372/513/1324 371/514/1326
s 295
f 373/516/1327 369/512/1328 374/517/1329
f 374/517/1329 369/512/1328 370/515/1330
s 296
f 375/518/1331 373/516/1332 376/519/1333
f 376/519/1333 373/516/1332 374/517/1334
s 297
f 377/520/1335 375/518/1336 378/521/1337
f 378/521/1337 375/518/1336 376/519/1338
s 298
f 377/520/1339 378/521/1340 379/522/1341
f 379/522/1341 378/521/1340 380/523/1342
s 299
f 379/522/1343 380/523/1344 381/524/1345
f 381/524/1345 380/523/1344 382/525/1346
s 300
f 381/524/1347 382/525/1348 383/526/1349
f 383/526/1349 382/525/1348 384/527/1350
s 301
f 383/526/1351 384/527/1352 326/417/1353
f 326/417/1353 384/527/1352 335/418/1354
s 302
f 385/528/1355 388/529/1356 386/531/1357
f 386/531/1357 388/529/1356 387/530/1358
s 303
f 386/531/1359 387/530/1360 389/533/1361
f 389/533/1361 387/530/1360 390/532/1362
s 304
f 389/533/1363 390/532/1364 391/535/1365
f 391/535/1365 390/532/1364 392/534/1366
s 305
f 391/535/1367 392/534/1368 393/537/1369
f 393/537/1369 392/534/1368 394/536/1370
s 306
f 394/536/1371 396/538/1372 393/537/1373
f 393/537/1373 396/538/1372 395/539/1374
s 307
f 396/538/1375 398/540/1376 395/539/1377
f 395/539/1377 398/540/1376 397/541/1378
s 308
f 398/540/1379 400/542/1380 397/541/1381
f 397/541/1381 400/542/1380 399/543/1382
s 309
f 400/542/1383 299/436/1384 399/543/1385
f 399/543/1385 299/436/1384 308/435/1386
s 310
f 402/544/1387 401/545/1388 386/531/1389
f 386/531/1389 401/545/1388 385/528/1390
s 311
f 389/533/1391 403/546/1392 386/531/1393
f 386/531/1393 403/546/1392 402/544/1394
s 312
f 391/535/1395 404/547/1396 389/533/1397
f 389/533/1397 404/547/1396 403/546/1398
s 313
f 393/537/1399 405/548/1400 391/535/1401
f 391/535/1401 405/548/1400 404/547/1402
s 314
f 395/539/1403 406/549/1404 393/537/1405
f 393/537/1405 406/549/1404 405/548/1406
s 315
f 397/541/1407 407/550/1408 395/539/1409
f 395/539/1409 407/550/1408 406/549/1410
s 316
f 399/543/1411 408/551/1412 397/541/1413
f 397/541/1413 408/551/1412 407/550/1414
s 317
f 317/445/1415 408/551/1416 308/435/1417
f 308/435/1417 408/551/1416 399/543/1418
s 318
f 369/552/1419 387/530/1420 372/553/1421
f 372/553/1421 387/530/1420 388/529/1422
s 319
f 373/554/1423 390/532/1424 369/552/1425
f 369/552/1425 390/532/1424 387/530/1426
s 320
f 375/555/1427 392/534/1428 373/554/1429
f 373/554/1429 392/534/1428 390/532/1430
s 321
f 377/556/1431 394/536/1432 375/555/1433
f 375/555/1433 394/536/1432 392/534/1434
s 322
f 379/557/1435 396/538/1436 377/556/1437
f 377/556/1437 396/538/1436 394/536/1438
s 323
f 381/558/1439 398/540/1440 379/557/1441
f 379/557/1441 398/540/1440 396/538/1442
s 324
f 383/559/1443 400/542/1444 381/558/1445
f 381/558/1445 400/542/1444 398/540/1446
s 325
f 299/436/1447 400/542/1448 326/454/1449
f 326/454/1449 400/542/1448 383/559/1450
s off
f 409/560/1451 411/561/1452 410/562/1453
f 409/560/1454 410/562/1455 412/563/1456
s 326
f 401/545/1457 402/544/1458 413/564/1459
f 413/564/1459 402/544/1458 414/565/1460
s 327
f 402/544/1461 403/546/1462 414/565/1463
f 414/565/1463 403/546/1462 415/566/1464
s 328
f 403/546/1465 404/547/1466 415/566/1467
f 415/566/1467 404/547/1466 416/567/1468
s 329
f 404/547/1469 405/548/1470 416/567/1471
f 416/567/1471 405/548/1470 417/568/1472
s 330
f 405/548/1473 406/549/1474 417/568/1475
f 417/568/1475 406/549/1474 418/569/1476
s 331
f 406/549/1477 407/550/1478 418/569/1479
f 418/569/1479 407/550/1478 419/570/1480
s 332
f 407/550/1481 408/551/1482 419/570/1483
f 419/570/1483 408/551/1482 420/571/1484
s 333
f 408/551/1485 317/445/1486 420/571/1487
f 420/571/1487 317/445/1486 344/467/1488
s 334
f 424/573/1489 423/574/1490 421/572/1491
f 421/572/1491 423/574/1490 422/575/1492
s 335
f 425/576/1493 426/577/1494 421/572/1495
f 421/572/1495 426/577/1494 424/573/1496
s 336
f 424/573/1497 426/577/1498 427/578/1499
f 427/578/1499 426/577/1498 428/579/1500
s 337
f 429/580/1501 423/574/1502 427/578/1503
f 427/578/1503 423/574/1502 424/573/1504
s 338
f 431/581/1505 430/582/1506 428/579/1507
f 428/579/1507 430/582/1506 427/578/1508
s 339
f 427/578/1509 430/582/1510 429/580/1511
f 429/580/1511 430/582/1510 432/583/1512
s 340
f 430/582/1513 431/581/1514 433/585/1515
f 433/585/1515 431/581/1514 434/584/1516
s 341
f 430/582/1517 433/585/1518 432/583/1519
f 432/583/1519 433/585/1518 435/586/1520
s 342
f 437/588/1521 436/589/1522 422/587/1523
f 422/587/1523 436/589/1522 421/590/1524
s 343
f 438/591/1525 425/592/1526 436/589/1527
f 436/589/1527 425/592/1526 421/590/1528
s 344
f 435/593/1529 433/594/1530 437/588/1531
f 437/588/1531 433/594/1530 436/589/1532
s 345
f 436/589/1533 433/594/1534 438/591/1535
f 438/591/1535 433/594/1534 434/595/1536
s 346
f 371/514/1537 372/513/1538 438/591/1539
f 438/591/1539 372/513/1538 425/592/1540
s 347
f 413/596/1541 371/514/1542 434/595/1543
f 434/595/1543 371/514/1542 438/591/1544
s 348
f 423/574/1545 429/580/1546 439/597/1547
f 439/597/1547 429/580/1546 411/598/1548
s 349
f 426/577/1549 388/529/1550 428/579/1551
f 428/579/1551 388/529/1550 385/528/1552
s 350
f 410/599/1553 411/598/1554 432/583/1555
f 432/583/1555 411/598/1554 429/580/1556
s 351
f 401/545/1557 431/581/1558 385/528/1559
f 385/528/1559 431/581/1558 428/579/1560
s 352
f 372/553/1561 388/529/1562 425/576/1563
f 425/576/1563 388/529/1562 426/577/1564
s 353
f 412/600/1565 410/599/1566 435/586/1567
f 435/586/1567 410/599/1566 432/583/1568
s 354
f 431/581/1569 401/545/1570 434/584/1571
f 434/584/1571 401/545/1570 413/564/1572
s off
f 440/601/1573 435/593/1574 437/588/1575
s 355
f 384/527/1576 420/602/1577 335/418/1578
f 335/418/1578 420/602/1577 344/498/1579
s 356
f 382/525/1580 419/603/1581 384/527/1582
f 384/527/1582 419/603/1581 420/602/1583
s 357
f 380/523/1584 418/604/1585 382/525/1586
f 382/525/1586 418/604/1585 419/603/1587
s 358
f 378/521/1588 417/605/1589 380/523/1590
f 380/523/1590 417/605/1589 418/604/1591
s 359
f 376/519/1592 416/606/1593 378/521/1594
f 378/521/1594 416/606/1593 417/605/1595
s 360
f 374/517/1596 415/607/1597 376/519/1598
f 376/519/1598 415/607/1597 416/606/1599
s 361
f 370/515/1600 414/608/1601 374/517/1602
f 374/517/1602 414/608/1601 415/607/1603
s 362
f 371/514/1604 413/596/1605 370/515/1606
f 370/515/1606 413/596/1605 414/608/1607
s off
f 440/601/1608 437/588/1609 422/587/1610
s 363
f 422/610/1611 439/611/1612 440/609/1613
f 440/609/1613 439/611/1612 409/612/1614
s off
f 409/560/1615 439/613/1616 411/561/1617
f 422/610/1618 423/614/1619 439/611/1620
s 364
f 469/615/1621 478/616/1622 468/618/1623
f 468/618/1623 478/616/1622 477/617/1624
s 365
f 470/619/1625 479/620/1626 469/615/1627
f 469/615/1627 479/620/1626 478/616/1628
s 366
f 471/621/1629 480/622/1630 470/619/1631
f 470/619/1631 480/622/1630 479/620/1632
s 367
f 472/623/1633 481/624/1634 471/621/1635
f 471/621/1635 481/624/1634 480/622/1636
s 368
f 482/626/1637 481/624/1638 473/625/1639
f 473/625/1639 481/624/1638 472/623/1640
s 369
f 483/628/1641 482/626/1642 474/627/1643
f 474/627/1643 482/626/1642 473/625/1644
s 370
f 484/630/1645 483/628/1646 475/629/1647
f 475/629/1647 483/628/1646 474/627/1648
s 371
f 485/632/1649 484/630/1650 476/631/1651
f 476/631/1651 484/630/1650 475/629/1652
s 372
f 450/633/1653 451/634/1654 441/636/1655
f 441/636/1655 451/634/1654 442/635/1656
s 373
f 451/634/1657 452/637/1658 442/635/1659
f 442/635/1659 452/637/1658 443/638/1660
s 374
f 452/637/1661 453/639/1662 443/638/1663
f 443/638/1663 453/639/1662 444/640/1664
s 375
f 453/639/1665 454/641/1666 444/640/1667
f 444/640/1667 454/641/1666 445/642/1668
s 376
f 455/643/1669 446/644/1670 454/641/1671
f 454/641/1671 446/644/1670 445/642/1672
s 377
f 456/645/1673 447/646/1674 455/643/1675
f 455/643/1675 447/646/1674 446/644/1676
s 378
f 457/647/1677 448/648/1678 456/645/1679
f 456/645/1679 448/648/1678 447/646/1680
s 379
f 458/649/1681 449/650/1682 457/647/1683
f 457/647/1683 449/650/1682 448/648/1684
s 380
f 450/633/1685 459/651/1686 451/634/1687
f 451/634/1687 459/651/1686 460/652/1688
s 381
f 452/637/1689 451/634/1690 461/653/1691
f 461/653/1691 451/634/1690 460/652/1692
s 382
f 453/639/1693 452/637/1694 462/654/1695
f 462/654/1695 452/637/1694 461/653/1696
s 383
f 454/641/1697 453/639/1698 463/655/1699
f 463/655/1699 453/639/1698 462/654/1700
s 384
f 455/643/1701 454/641/1702 464/656/1703
f 464/656/1703 454/641/1702 463/655/1704
s 385
f 456/645/1705 455/643/1706 465/657/1707
f 465/657/1707 455/643/1706 464/656/1708
s 386
f 457/647/1709 456/645/1710 466/658/1711
f 466/658/1711 456/645/1710 465/657/1712
s 387
f 467/659/1713 458/649/1714 466/658/1715
f 466/658/1715 458/649/1714 457/647/1716
s 388
f 469/660/1717 468/661/1718 442/635/1719
f 442/635/1719 468/661/1718 441/636/1720
s 389
f 470/662/1721 469/660/1722 443/638/1723
f 443/638/1723 469/660/1722 442/635/1724
s 390
f 471/663/1725 470/662/1726 444/640/1727
f 444/640/1727 470/662/1726 443/638/1728
s 391
f 472/664/1729 471/663/1730 445/642/1731
f 445/642/1731 471/663/1730 444/640/1732
s 392
f 473/665/1733 472/664/1734 446/644/1735
f 446/644/1735 472/664/1734 445/642/1736
s 393
f 474/666/1737 473/665/1738 447/646/1739
f 447/646/1739 473/665/1738 446/644/1740
s 394
f 475/667/1741 474/666/1742 448/648/1743
f 448/648/1743 474/666/1742 447/646/1744
s 395
f 449/650/1745 476/668/1746 448/648/1747
f 448/648/1747 476/668/1746 475/667/1748
s off
f 513/669/1749 516/670/1750 517/671/1751
f 513/669/1752 515/672/1753 516/670/1754
s 396
f 487/674/1755 460/652/1756 486/673/1757
f 486/673/1757 460/652/1756 459/651/1758
s 397
f 488/675/1759 461/653/1760 487/674/1761
f 487/674/1761 461/653/1760 460/652/1762
s 398
f 489/676/1763 462/654/1764 488/675/1765
f 488/675/1765 462/654/1764 461/653/1766
s 399
f 490/677/1767 463/655/1768 489/676/1769
f 489/676/1769 463/655/1768 462/654/1770
s 400
f 490/677/1771 491/678/1772 463/655/1773
f 463/655/1773 491/678/1772 464/656/1774
s 401
f 491/678/1775 492/679/1776 464/656/1777
f 464/656/1777 492/679/1776 465/657/1778
s 402
f 492/679/1779 493/680/1780 465/657/1781
f 465/657/1781 493/680/1780 466/658/1782
s 403
f 493/680/1783 494/681/1784 466/658/1785
f 466/658/1785 494/681/1784 467/659/1786
s 404
f 505/683/1787 496/684/1788 504/682/1789
f 504/682/1789 496/684/1788 495/685/1790
s 405
f 506/686/1791 504/682/1792 497/687/1793
f 497/687/1793 504/682/1792 495/685/1794
s 406
f 499/689/1795 497/687/1796 498/688/1797
f 498/688/1797 497/687/1796 495/685/1798
s 407
f 500/690/1799 498/688/1800 496/684/1801
f 496/684/1801 498/688/1800 495/685/1802
s 408
f 498/688/1803 501/691/1804 499/689/1805
f 499/689/1805 501/691/1804 502/692/1806
s 409
f 498/688/1807 500/690/1808 501/691/1809
f 501/691/1809 500/690/1808 503/693/1810
s 410
f 512/695/1811 502/692/1812 510/694/1813
f 510/694/1813 502/692/1812 501/691/1814
s 411
f 511/696/1815 510/694/1816 503/693/1817
f 503/693/1817 510/694/1816 501/691/1818
s 412
f 504/698/1819 507/699/1820 505/697/1821
f 505/697/1821 507/699/1820 508/700/1822
s 413
f 504/698/1823 506/701/1824 507/699/1825
f 507/699/1825 506/701/1824 509/702/1826
s 414
f 507/699/1827 510/703/1828 508/700/1829
f 508/700/1829 510/703/1828 511/704/1830
s 415
f 507/699/1831 509/702/1832 510/703/1833
f 510/703/1833 509/702/1832 512/705/1834
s 416
f 506/701/1835 468/618/1836 509/702/1837
f 509/702/1837 468/618/1836 477/617/1838
s 417
f 509/702/1839 477/617/1840 512/705/1841
f 512/705/1841 477/617/1840 486/706/1842
s 418
f 517/708/1843 500/690/1844 518/707/1845
f 518/707/1845 500/690/1844 496/684/1846
s 419
f 450/633/1847 441/636/1848 499/689/1849
f 499/689/1849 441/636/1848 497/687/1850
s 420
f 500/690/1851 517/708/1852 503/693/1853
f 503/693/1853 517/708/1852 516/709/1854
s 421
f 459/651/1855 450/633/1856 502/692/1857
f 502/692/1857 450/633/1856 499/689/1858
s 422
f 468/661/1859 506/686/1860 441/636/1861
f 441/636/1861 506/686/1860 497/687/1862
s 423
f 515/710/1863 511/696/1864 516/709/1865
f 516/709/1865 511/696/1864 503/693/1866
s 424
f 486/673/1867 459/651/1868 512/695/1869
f 512/695/1869 459/651/1868 502/692/1870
s 425
f 513/712/1871 518/713/1872 514/711/1873
f 514/711/1873 518/713/1872 505/714/1874
s off
f 514/715/1875 505/697/1876 508/700/1877
f 514/715/1878 508/700/1879 511/704/1880
s 426
f 485/632/1881 494/716/1882 484/630/1883
f 484/630/1883 494/716/1882 493/717/1884
s 427
f 484/630/1885 493/717/1886 483/628/1887
f 483/628/1887 493/717/1886 492/718/1888
s 428
f 483/628/1889 492/718/1890 482/626/1891
f 482/626/1891 492/718/1890 491/719/1892
s 429
f 482/626/1893 491/719/1894 481/624/1895
f 481/624/1895 491/719/1894 490/720/1896
s 430
f 490/720/1897 489/721/1898 481/624/1899
f 481/624/1899 489/721/1898 480/622/1900
s 431
f 489/721/1901 488/722/1902 480/622/1903
f 480/622/1903 488/722/1902 479/620/1904
s 432
f 488/722/1905 487/723/1906 479/620/1907
f 479/620/1907 487/723/1906 478/616/1908
s 433
f 487/723/1909 486/706/1910 478/616/1911
f 478/616/1911 486/706/1910 477/617/1912
s off
f 513/669/1913 517/671/1914 518/724/1915
f 505/714/1916 518/713/1917 496/725/1918
s 434
f 519/726/1919 522/727/1920 520/729/1921
f 520/729/1921 522/727/1920 521/728/1922
s 435
f 523/730/1923 519/726/1924 524/731/1925
f 524/731/1925 519/726/1924 520/729/1926
s 436
f 525/732/1927 523/730/1928 526/733/1929
f 526/733/1929 523/730/1928 524/731/1930
s 437
f 527/734/1931 525/732/1932 528/735/1933
f 528/735/1933 525/732/1932 526/733/1934
s 438
f 527/734/1935 528/735/1936 529/736/1937
f 529/736/1937 528/735/1936 530/737/1938
s 439
f 529/736/1939 530/737/1940 531/738/1941
f 531/738/1941 530/737/1940 532/739/1942
s 440
f 531/738/1943 532/739/1944 533/740/1945
f 533/740/1945 532/739/1944 534/741/1946
s 441
f 533/740/1947 534/741/1948 476/631/1949
f 476/631/1949 534/741/1948 485/632/1950
s 442
f 535/742/1951 538/743/1952 536/745/1953
f 536/745/1953 538/743/1952 537/744/1954
s 443
f 536/745/1955 537/744/1956 539/747/1957
f 539/747/1957 537/744/1956 540/746/1958
s 444
f 539/747/1959 540/746/1960 541/749/1961
f 541/749/1961 540/746/1960 542/748/1962
s 445
f 541/749/1963 542/748/1964 543/751/1965
f 543/751/1965 542/748/1964 544/750/1966
s 446
f 544/750/1967 546/752/1968 543/751/1969
f 543/751/1969 546/752/1968 545/753/1970
s 447
f 546/752/1971 548/754/1972 545/753/1973
f 545/753/1973 548/754/1972 547/755/1974
s 448
f 548/754/1975 550/756/1976 547/755/1977
f 547/755/1977 550/756/1976 549/757/1978
s 449
f 550/756/1979 449/650/1980 549/757/1981
f 549/757/1981 449/650/1980 458/649/1982
s 450
f 552/758/1983 551/759/1984 536/745/1985
f 536/745/1985 551/759/1984 535/742/1986
s 451
f 539/747/1987 553/760/1988 536/745/1989
f 536/745/1989 553/760/1988 552/758/1990
s 452
f 541/749/1991 554/761/1992 539/747/1993
f 539/747/1993 554/761/1992 553/760/1994
s 453
f 543/751/1995 555/762/1996 541/749/1997
f 541/749/1997 555/762/1996 554/761/1998
s 454
f 545/753/1999 556/763/2000 543/751/2001
f 543/751/2001 556/763/2000 555/762/2002
s 455
f 547/755/2003 557/764/2004 545/753/2005
f 545/753/2005 557/764/2004 556/763/2006
s 456
f 549/757/2007 558/765/2008 547/755/2009
f 547/755/2009 558/765/2008 557/764/2010
s 457
f 467/659/2011 558/765/2012 458/649/2013
f 458/649/2013 558/765/2012 549/757/2014
s 458
f 519/766/2015 537/744/2016 522/767/2017
f 522/767/2017 537/744/2016 538/743/2018
s 459
f 523/768/2019 540/746/2020 519/766/2021
f 519/766/2021 540/746/2020 537/744/2022
s 460
f 525/769/2023 542/748/2024 523/768/2025
f 523/768/2025 542/748/2024 540/746/2026
s 461
f 527/770/2027 544/750/2028 525/769/2029
f 525/769/2029 544/750/2028 542/748/2030
s 462
f 529/771/2031 546/752/2032 527/770/2033
f 527/770/2033 546/752/2032 544/750/2034
s 463
f 531/772/2035 548/754/2036 529/771/2037
f 529/771/2037 548/754/2036 546/752/2038
s 464
f 533/773/2039 550/756/2040 531/772/2041
f 531/772/2041 550/756/2040 548/754/2042
s 465
f 449/650/2043 550/756/2044 476/668/2045
f 476/668/2045 550/756/2044 533/773/2046
s off
f 559/774/2047 561/775/2048 560/776/2049
f 559/774/2050 560/776/2051 562/777/2052
s 466
f 551/759/2053 552/758/2054 563/778/2055
f 563/778/2055 552/758/2054 564/779/2056
s 467
f 552/758/2057 553/760/2058 564/779/2059
f 564/779/2059 553/760/2058 565/780/2060
s 468
f 553/760/2061 554/761/2062 565/780/2063
f 565/780/2063 554/761/2062 566/781/2064
s 469
f 554/761/2065 555/762/2066 566/781/2067
f 566/781/2067 555/762/2066 567/782/2068
s 470
f 567/782/2069 555/762/2070 568/783/2071
f 568/783/2071 555/762/2070 556/763/2072
s 471
f 568/783/2073 556/763/2074 569/784/2075
f 569/784/2075 556/763/2074 557/764/2076
s 472
f 569/784/2077 557/764/2078 570/785/2079
f 570/785/2079 557/764/2078 558/765/2080
s 473
f 570/785/2081 558/765/2082 494/681/2083
f 494/681/2083 558/765/2082 467/659/2084
s 474
f 571/786/2085 574/787/2086 572/789/2087
f 572/789/2087 574/787/2086 573/788/2088
s 475
f 575/790/2089 576/791/2090 571/786/2091
f 571/786/2091 576/791/2090 574/787/2092
s 476
f 574/787/2093 576/791/2094 577/792/2095
f 577/792/2095 576/791/2094 578/793/2096
s 477
f 579/794/2097 573/788/2098 577/792/2099
f 577/792/2099 573/788/2098 574/787/2100
s 478
f 581/795/2101 580/796/2102 578/793/2103
f 578/793/2103 580/796/2102 577/792/2104
s 479
f 577/792/2105 580/796/2106 579/794/2107
f 579/794/2107 580/796/2106 582/797/2108
s 480
f 580/796/2109 581/795/2110 583/798/2111
f 583/798/2111 581/795/2110 584/799/2112
s 481
f 585/800/2113 582/797/2114 583/798/2115
f 583/798/2115 582/797/2114 580/796/2116
s 482
f 587/802/2117 586/803/2118 572/801/2119
f 572/801/2119 586/803/2118 571/804/2120
s 483
f 588/805/2121 575/806/2122 586/803/2123
f 586/803/2123 575/806/2122 571/804/2124
s 484
f 585/807/2125 583/808/2126 587/802/2127
f 587/802/2127 583/808/2126 586/803/2128
s 485
f 586/803/2129 583/808/2130 588/805/2131
f 588/805/2131 583/808/2130 584/809/2132
s 486
f 521/728/2133 522/727/2134 588/805/2135
f 588/805/2135 522/727/2134 575/806/2136
s 487
f 563/810/2137 521/728/2138 584/809/2139
f 584/809/2139 521/728/2138 588/805/2140
s 488
f 573/788/2141 579/794/2142 589/811/2143
f 589/811/2143 579/794/2142 561/812/2144
s 489
f 576/791/2145 538/743/2146 578/793/2147
f 578/793/2147 538/743/2146 535/742/2148
s 490
f 560/813/2149 561/812/2150 582/797/2151
f 582/797/2151 561/812/2150 579/794/2152
s 491
f 551/759/2153 581/795/2154 535/742/2155
f 535/742/2155 581/795/2154 578/793/2156
s 492
f 522/767/2157 538/743/2158 575/790/2159
f 575/790/2159 538/743/2158 576/791/2160
s 493
f 562/814/2161 560/813/2162 585/800/2163
f 585/800/2163 560/813/2162 582/797/2164
s 494
f 581/795/2165 551/759/2166 584/799/2167
f 584/799/2167 551/759/2166 563/778/2168
s 495
f 572/816/2169 589/817/2170 590/815/2171
f 590/815/2171 589/817/2170 559/818/2172
s off
f 590/819/2173 587/802/2174 572/801/2175
f 590/819/2176 585/807/2177 587/802/2178
s 496
f 485/632/2179 534/741/2180 494/716/2181
f 494/716/2181 534/741/2180 570/820/2182
s 497
f 534/741/2183 532/739/2184 570/820/2185
f 570/820/2185 532/739/2184 569/821/2186
s 498
f 532/739/2187 530/737/2188 569/821/2189
f 569/821/2189 530/737/2188 568/822/2190
s 499
f 530/737/2191 528/735/2192 568/822/2193
f 568/822/2193 528/735/2192 567/823/2194
s 500
f 526/733/2195 566/824/2196 528/735/2197
f 528/735/2197 566/824/2196 567/823/2198
s 501
f 524/731/2199 565/825/2200 526/733/2201
f 526/733/2201 565/825/2200 566/824/2202
s 502
f 520/729/2203 564/826/2204 524/731/2205
f 524/731/2205 564/826/2204 565/825/2206
s 503
f 521/728/2207 563/810/2208 520/729/2209
f 520/729/2209 563/810/2208 564/826/2210
s off
f 559/774/2211 589/827/2212 561/775/2213
f 572/816/2214 573/828/2215 589/817/2216
f 606/829/2217 597/830/2218 596/831/2219
f 607/832/2220 606/829/2221 596/831/2222
f 608/833/2223 607/832/2224 596/831/2225
f 609/834/2226 608/833/2227 596/831/2228
f 610/835/2229 609/834/2230 596/831/2231
f 611/836/2232 610/835/2233 596/831/2234
f 612/837/2235 611/836/2236 596/831/2237
f 613/838/2238 612/837/2239 596/831/2240
s 504
f 615/840/2241 614/841/2242 591/839/2243
f 591/839/2243 614/841/2242 592/842/2244
s 505
f 615/840/2245 617/843/2246 614/841/2247
f 614/841/2247 617/843/2246 616/844/2248
s 506
f 617/843/2249 619/845/2250 616/844/2251
f 616/844/2251 619/845/2250 618/846/2252
s 507
f 619/845/2253 621/847/2254 618/846/2255
f 618/846/2255 621/847/2254 620/848/2256
s 508
f 621/847/2257 623/849/2258 620/848/2259
f 620/848/2259 623/849/2258 622/850/2260
s 509
f 623/849/2261 625/851/2262 622/850/2263
f 622/850/2263 625/851/2262 624/852/2264
s 510
f 625/851/2265 627/853/2266 624/852/2267
f 624/852/2267 627/853/2266 626/854/2268
s 511
f 627/853/2269 629/855/2270 626/854/2271
f 626/854/2271 629/855/2270 628/856/2272
s 512
f 630/857/2273 593/858/2274 614/841/2275
f 614/841/2275 593/858/2274 592/842/2276
s 513
f 631/859/2277 630/857/2278 616/844/2279
f 616/844/2279 630/857/2278 614/841/2280
s 514
f 632/860/2281 631/859/2282 618/846/2283
f 618/846/2283 631/859/2282 616/844/2284
s 515
f 633/861/2285 632/860/2286 620/848/2287
f 620/848/2287 632/860/2286 618/846/2288
s 516
f 634/862/2289 633/861/2290 622/850/2291
f 622/850/2291 633/861/2290 620/848/2292
s 517
f 635/863/2293 634/862/2294 624/852/2295
f 624/852/2295 634/862/2294 622/850/2296
s 518
f 636/864/2297 635/863/2298 626/854/2299
f 626/854/2299 635/863/2298 624/852/2300
s 519
f 637/865/2301 636/864/2302 628/856/2303
f 628/856/2303 636/864/2302 626/854/2304
s 520
f 593/858/2305 630/857/2306 594/867/2307
f 594/867/2307 630/857/2306 638/866/2308
s 521
f 630/857/2309 631/859/2310 638/866/2311
f 638/866/2311 631/859/2310 639/868/2312
s 522
f 631/859/2313 632/860/2314 639/868/2315
f 639/868/2315 632/860/2314 640/869/2316
s 523
f 632/860/2317 633/861/2318 640/869/2319
f 640/869/2319 633/861/2318 641/870/2320
s 524
f 633/861/2321 634/862/2322 641/870/2323
f 641/870/2323 634/862/2322 642/871/2324
s 525
f 634/862/2325 635/863/2326 642/871/2327
f 642/871/2327 635/863/2326 643/872/2328
s 526
f 635/863/2329 636/864/2330 643/872/2331
f 643/872/2331 636/864/2330 644/873/2332
s 527
f 636/864/2333 637/865/2334 644/873/2335
f 644/873/2335 637/865/2334 645/874/2336
s 528
f 638/866/2337 646/875/2338 594/867/2339
f 594/867/2339 646/875/2338 595/876/2340
s 529
f 638/866/2341 639/868/2342 646/875/2343
f 646/875/2343 639/868/2342 647/877/2344
s 530
f 639/868/2345 640/869/2346 647/877/2347
f 647/877/2347 640/869/2346 648/878/2348
s 531
f 640/869/2349 641/870/2350 648/878/2351
f 648/878/2351 641/870/2350 649/879/2352
s 532
f 641/870/2353 642/871/2354 649/879/2355
f 649/879/2355 642/871/2354 650/880/2356
s 533
f 642/871/2357 643/872/2358 650/880/2359
f 650/880/2359 643/872/2358 651/881/2360
s 534
f 643/872/2361 644/873/2362 651/881/2363
f 651/881/2363 644/873/2362 652/882/2364
s 535
f 644/873/2365 645/874/2366 652/882/2367
f 652/882/2367 645/874/2366 653/883/2368
s 536
f 591/839/2369 597/830/2370 615/840/2371
f 615/840/2371 597/830/2370 606/829/2372
s 537
f 606/829/2373 607/832/2374 615/840/2375
f 615/840/2375 607/832/2374 617/843/2376
s 538
f 607/832/2377 608/833/2378 617/843/2379
f 617/843/2379 608/833/2378 619/845/2380
s 539
f 608/833/2381 609/834/2382 619/845/2383
f 619/845/2383 609/834/2382 621/847/2384
s 540
f 621/847/2385 609/834/2386 623/849/2387
f 623/849/2387 609/834/2386 610/835/2388
s 541
f 623/849/2389 610/835/2390 625/851/2391
f 625/851/2391 610/835/2390 611/836/2392
s 542
f 611/836/2393 612/837/2394 625/851/2395
f 625/851/2395 612/837/2394 627/853/2396
s 543
f 612/837/2397 613/838/2398 627/853/2399
f 627/853/2399 613/838/2398 629/855/2400
s 544
f 654/884/2401 657/885/2402 655/887/2403
f 655/887/2403 657/885/2402 656/886/2404
s 545
f 661/889/2405 660/890/2406 658/888/2407
f 658/888/2407 660/890/2406 659/891/2408
s 546
f 662/892/2409 663/893/2410 658/888/2411
f 658/888/2411 663/893/2410 661/889/2412
s 547
f 664/894/2413 665/895/2414 662/892/2415
f 662/892/2415 665/895/2414 663/893/2416
s 548
f 666/896/2417 667/897/2418 664/894/2419
f 664/894/2419 667/897/2418 665/895/2420
s 549
f 669/899/2421 667/897/2422 668/898/2423
f 668/898/2423 667/897/2422 666/896/2424
s 550
f 671/901/2425 669/899/2426 670/900/2427
f 670/900/2427 669/899/2426 668/898/2428
s 551
f 673/903/2429 671/901/2430 672/902/2431
f 672/902/2431 671/901/2430 670/900/2432
s 552
f 602/905/2433 673/903/2434 601/904/2435
f 601/904/2435 673/903/2434 672/902/2436
s 553
f 675/906/2437 674/907/2438 661/889/2439
f 661/889/2439 674/907/2438 660/890/2440
s 554
f 676/908/2441 675/906/2442 663/893/2443
f 663/893/2443 675/906/2442 661/889/2444
s 555
f 677/909/2445 676/908/2446 665/895/2447
f 665/895/2447 676/908/2446 663/893/2448
s 556
f 678/910/2449 677/909/2450 667/897/2451
f 667/897/2451 677/909/2450 665/895/2452
s 557
f 679/911/2453 678/910/2454 669/899/2455
f 669/899/2455 678/910/2454 667/897/2456
s 558
f 680/912/2457 679/911/2458 671/901/2459
f 671/901/2459 679/911/2458 669/899/2460
s 559
f 681/913/2461 680/912/2462 673/903/2463
f 673/903/2463 680/912/2462 671/901/2464
s 560
f 602/905/2465 603/914/2466 673/903/2467
f 673/903/2467 603/914/2466 681/913/2468
s 561
f 685/916/2469 684/917/2470 682/915/2471
f 682/915/2471 684/917/2470 683/918/2472
s 562
f 687/919/2473 686/920/2474 685/916/2475
f 685/916/2475 686/920/2474 684/917/2476
s 563
f 689/921/2477 688/922/2478 687/919/2479
f 687/919/2479 688/922/2478 686/920/2480
s 564
f 691/923/2481 690/924/2482 689/921/2483
f 689/921/2483 690/924/2482 688/922/2484
s 565
f 691/923/2485 693/925/2486 690/924/2487
f 690/924/2487 693/925/2486 692/926/2488
s 566
f 693/925/2489 695/927/2490 692/926/2491
f 692/926/2491 695/927/2490 694/928/2492
s 567
f 695/927/2493 697/929/2494 694/928/2495
f 694/928/2495 697/929/2494 696/930/2496
s 568
f 697/929/2497 599/931/2498 696/930/2499
f 696/930/2499 599/931/2498 598/932/2500
s 569
f 682/915/2501 699/933/2502 685/916/2503
f 685/916/2503 699/933/2502 698/934/2504
s 570
f 687/919/2505 685/916/2506 700/935/2507
f 700/935/2507 685/916/2506 698/934/2508
s 571
f 689/921/2509 687/919/2510 701/936/2511
f 701/936/2511 687/919/2510 700/935/2512
s 572
f 691/923/2513 689/921/2514 702/937/2515
f 702/937/2515 689/921/2514 701/936/2516
s 573
f 693/925/2517 691/923/2518 703/938/2519
f 703/938/2519 691/923/2518 702/937/2520
s 574
f 695/927/2521 693/925/2522 704/939/2523
f 704/939/2523 693/925/2522 703/938/2524
s 575
f 697/929/2525 695/927/2526 705/940/2527
f 705/940/2527 695/927/2526 704/939/2528
s 576
f 600/941/2529 599/931/2530 705/940/2531
f 705/940/2531 599/931/2530 697/929/2532
s 577
f 658/942/2533 659/943/2534 684/917/2535
f 684/917/2535 659/943/2534 683/918/2536
s 578
f 662/944/2537 658/942/2538 686/920/2539
f 686/920/2539 658/942/2538 684/917/2540
s 579
f 664/945/2541 662/944/2542 688/922/2543
f 688/922/2543 662/944/2542 686/920/2544
s 580
f 666/946/2545 664/945/2546 690/924/2547
f 690/924/2547 664/945/2546 688/922/2548
s 581
f 666/946/2549 690/924/2550 668/947/2551
f 668/947/2551 690/924/2550 692/926/2552
s 582
f 668/947/2553 692/926/2554 670/948/2555
f 670/948/2555 692/926/2554 694/928/2556
s 583
f 670/948/2557 694/928/2558 672/949/2559
f 672/949/2559 694/928/2558 696/930/2560
s 584
f 598/932/2561 601/950/2562 696/930/2563
f 696/930/2563 601/950/2562 672/949/2564
s off
f 706/951/2565 721/952/2566 707/953/2567
f 706/951/2568 722/954/2569 721/952/2570
s 585
f 675/956/2571 698/934/2572 674/955/2573
f 674/955/2573 698/934/2572 699/933/2574
s 586
f 676/957/2575 700/935/2576 675/956/2577
f 675/956/2577 700/935/2576 698/934/2578
s 587
f 677/958/2579 701/936/2580 676/957/2581
f 676/957/2581 701/936/2580 700/935/2582
s 588
f 678/959/2583 702/937/2584 677/958/2585
f 677/958/2585 702/937/2584 701/936/2586
s 589
f 679/960/2587 703/938/2588 678/959/2589
f 678/959/2589 703/938/2588 702/937/2590
s 590
f 680/961/2591 704/939/2592 679/960/2593
f 679/960/2593 704/939/2592 703/938/2594
s 591
f 681/962/2595 705/940/2596 680/961/2597
f 680/961/2597 705/940/2596 704/939/2598
s 592
f 681/962/2599 603/963/2600 705/940/2601
f 705/940/2601 603/963/2600 600/941/2602
s off
f 708/964/2603 710/965/2604 709/966/2605
f 711/967/2606 708/964/2607 709/966/2608
s 593
f 708/964/2609 713/968/2610 710/965/2611
f 710/965/2611 713/968/2610 712/969/2612
s 594
f 708/964/2613 711/967/2614 713/968/2615
f 713/968/2615 711/967/2614 714/970/2616
s 595
f 716/972/2617 712/969/2618 715/971/2619
f 715/971/2619 712/969/2618 713/968/2620
s 596
f 717/973/2621 715/971/2622 714/970/2623
f 714/970/2623 715/971/2622 713/968/2624
s off
f 718/974/2625 656/975/2626 719/976/2627
s 597
f 718/974/2628 715/978/2629 720/977/2630
f 720/977/2630 715/978/2629 717/979/2631
s 598
f 718/974/2632 719/976/2633 715/978/2634
f 715/978/2634 719/976/2633 716/980/2635
s 599
f 656/975/2636 659/891/2637 719/976/2638
f 719/976/2638 659/891/2637 660/890/2639
s 600
f 719/976/2640 660/890/2641 716/980/2642
f 716/980/2642 660/890/2641 674/907/2643
s 601
f 682/915/2644 683/918/2645 710/965/2646
f 710/965/2646 683/918/2645 709/966/2647
s 602
f 699/933/2648 682/915/2649 712/969/2650
f 712/969/2650 682/915/2649 710/965/2651
s 603
f 659/943/2652 656/981/2653 683/918/2654
f 683/918/2654 656/981/2653 709/966/2655
s 604
f 722/982/2656 717/973/2657 721/983/2658
f 721/983/2658 717/973/2657 714/970/2659
s 605
f 674/955/2660 699/933/2661 716/972/2662
f 716/972/2662 699/933/2661 712/969/2663
s off
f 654/884/2664 655/887/2665 720/984/2666
f 654/884/2667 720/984/2668 717/985/2669
s 606
f 720/977/2670 655/986/2671 718/974/2672
f 718/974/2672 655/986/2671 656/975/2673
s 607
f 711/967/2674 707/987/2675 714/970/2676
f 714/970/2676 707/987/2675 721/983/2677
s off
f 596/831/2678 605/988/2679 733/989/2680
s 608
f 725/990/2681 726/991/2682 706/951/2683
f 706/951/2683 726/991/2682 723/992/2684
s 609
f 726/991/2685 728/993/2686 723/992/2687
f 723/992/2687 728/993/2686 727/994/2688
s off
f 728/995/2689 726/996/2690 724/997/2691
s 610
f 605/998/2692 604/999/2693 728/993/2694
f 728/993/2694 604/999/2693 727/994/2695
s off
f 724/1000/2696 706/951/2697 707/953/2698
f 725/1001/2699 724/997/2700 726/996/2701
s 611
f 730/1003/2702 711/967/2703 729/1002/2704
f 729/1002/2704 711/967/2703 709/966/2705
s 612
f 724/1004/2706 707/987/2707 730/1003/2708
f 730/1003/2708 707/987/2707 711/967/2709
s off
f 731/1005/2710 605/988/2711 732/1006/2712
f 729/1007/2713 605/988/2714 730/1008/2715
s 613
f 605/988/2716 728/995/2717 730/1008/2718
f 730/1008/2718 728/995/2717 724/997/2719
s off
f 596/831/2720 733/989/2721 613/838/2722
s 614
f 613/838/2723 733/989/2724 629/855/2725
f 629/855/2725 733/989/2724 737/1009/2726
s off
f 734/1010/2727 709/1011/2728 656/886/2729
s 615
f 735/1012/2730 628/856/2731 737/1009/2732
f 737/1009/2732 628/856/2731 629/855/2733
s 616
f 637/865/2734 628/856/2735 734/1013/2736
f 734/1013/2736 628/856/2735 735/1012/2737
s 617
f 637/865/2738 734/1013/2739 645/874/2740
f 645/874/2740 734/1013/2739 736/1014/2741
s 618
f 736/1014/2742 657/1015/2743 645/874/2744
f 645/874/2744 657/1015/2743 653/883/2745
s 619
f 736/1016/2746 734/1010/2747 657/885/2748
f 657/885/2748 734/1010/2747 656/886/2749
s 620
f 732/1019/2750 729/1017/2751 735/1018/2752
f 734/1010/2753 735/1018/2752 709/1011/2754
f 729/1017/2751 709/1011/2754 735/1018/2752
s 621
f 731/1021/2755 732/1019/2756 737/1020/2757
f 737/1020/2757 732/1019/2756 735/1018/2758
s off
f 737/1020/2759 733/1022/2760 731/1021/2761
f 731/1005/2762 733/989/2763 605/988/2764
f 729/1007/2765 732/1006/2766 605/988/2767
f 725/990/2768 706/951/2769 724/1000/2770
f 738/1023/2771 596/831/2772 597/830/2773
f 739/1024/2774 596/831/2775 738/1023/2776
f 740/1025/2777 596/831/2778 739/1024/2779
f 741/1026/2780 596/831/2781 740/1025/2782
f 742/1027/2783 596/831/2784 741/1026/2785
f 743/1028/2786 596/831/2787 742/1027/2788
f 744/1029/2789 596/831/2790 743/1028/2791
f 745/1030/2792 596/831/2793 744/1029/2794
s 622
f 592/842/2795 747/1031/2796 591/839/2797
f 591/839/2797 747/1031/2796 746/1032/2798
s 623
f 746/1032/2799 747/1031/2800 748/1034/2801
f 748/1034/2801 747/1031/2800 749/1033/2802
s 624
f 748/1034/2803 749/1033/2804 750/1036/2805
f 750/1036/2805 749/1033/2804 751/1035/2806
s 625
f 750/1036/2807 751/1035/2808 752/1038/2809
f 752/1038/2809 751/1035/2808 753/1037/2810
s 626
f 752/1038/2811 753/1037/2812 754/1040/2813
f 754/1040/2813 753/1037/2812 755/1039/2814
s 627
f 754/1040/2815 755/1039/2816 756/1042/2817
f 756/1042/2817 755/1039/2816 757/1041/2818
s 628
f 756/1042/2819 757/1041/2820 758/1044/2821
f 758/1044/2821 757/1041/2820 759/1043/2822
s 629
f 758/1044/2823 759/1043/2824 760/1046/2825
f 760/1046/2825 759/1043/2824 761/1045/2826
s 630
f 762/1047/2827 747/1031/2828 593/858/2829
f 593/858/2829 747/1031/2828 592/842/2830
s 631
f 763/1048/2831 749/1033/2832 762/1047/2833
f 762/1047/2833 749/1033/2832 747/1031/2834
s 632
f 764/1049/2835 751/1035/2836 763/1048/2837
f 763/1048/2837 751/1035/2836 749/1033/2838
s 633
f 765/1050/2839 753/1037/2840 764/1049/2841
f 764/1049/2841 753/1037/2840 751/1035/2842
s 634
f 766/1051/2843 755/1039/2844 765/1050/2845
f 765/1050/2845 755/1039/2844 753/1037/2846
s 635
f 767/1052/2847 757/1041/2848 766/1051/2849
f 766/1051/2849 757/1041/2848 755/1039/2850
s 636
f 768/1053/2851 759/1043/2852 767/1052/2853
f 767/1052/2853 759/1043/2852 757/1041/2854
s 637
f 769/1054/2855 761/1045/2856 768/1053/2857
f 768/1053/2857 761/1045/2856 759/1043/2858
s 638
f 593/858/2859 594/867/2860 762/1047/2861
f 762/1047/2861 594/867/2860 770/1055/2862
s 639
f 762/1047/2863 770/1055/2864 763/1048/2865
f 763/1048/2865 770/1055/2864 771/1056/2866
s 640
f 763/1048/2867 771/1056/2868 764/1049/2869
f 764/1049/2869 771/1056/2868 772/1057/2870
s 641
f 764/1049/2871 772/1057/2872 765/1050/2873
f 765/1050/2873 772/1057/2872 773/1058/2874
s 642
f 765/1050/2875 773/1058/2876 766/1051/2877
f 766/1051/2877 773/1058/2876 774/1059/2878
s 643
f 766/1051/2879 774/1059/2880 767/1052/2881
f 767/1052/2881 774/1059/2880 775/1060/2882
s 644
f 767/1052/2883 775/1060/2884 768/1053/2885
f 768/1053/2885 775/1060/2884 776/1061/2886
s 645
f 768/1053/2887 776/1061/2888 769/1054/2889
f 769/1054/2889 776/1061/2888 777/1062/2890
s 646
f 595/876/2891 778/1063/2892 594/867/2893
f 594/867/2893 778/1063/2892 770/1055/2894
s 647
f 770/1055/2895 778/1063/2896 771/1056/2897
f 771/1056/2897 778/1063/2896 779/1064/2898
s 648
f 771/1056/2899 779/1064/2900 772/1057/2901
f 772/1057/2901 779/1064/2900 780/1065/2902
s 649
f 772/1057/2903 780/1065/2904 773/1058/2905
f 773/1058/2905 780/1065/2904 781/1066/2906
s 650
f 773/1058/2907 781/1066/2908 774/1059/2909
f 774/1059/2909 781/1066/2908 782/1067/2910
s 651
f 774/1059/2911 782/1067/2912 775/1060/2913
f 775/1060/2913 782/1067/2912 783/1068/2914
s 652
f 775/1060/2915 783/1068/2916 776/1061/2917
f 776/1061/2917 783/1068/2916 784/1069/2918
s 653
f 776/1061/2919 784/1069/2920 777/1062/2921
f 777/1062/2921 784/1069/2920 785/1070/2922
s 654
f 591/839/2923 746/1032/2924 597/830/2925
f 597/830/2925 746/1032/2924 738/1023/2926
s 655
f 748/1034/2927 739/1024/2928 746/1032/2929
f 746/1032/2929 739/1024/2928 738/1023/2930
s 656
f 750/1036/2931 740/1025/2932 748/1034/2933
f 748/1034/2933 740/1025/2932 739/1024/2934
s 657
f 752/1038/2935 741/1026/2936 750/1036/2937
f 750/1036/2937 741/1026/2936 740/1025/2938
s 658
f 752/1038/2939 754/1040/2940 741/1026/2941
f 741/1026/2941 754/1040/2940 742/1027/2942
s 659
f 754/1040/2943 756/1042/2944 742/1027/2945
f 742/1027/2945 756/1042/2944 743/1028/2946
s 660
f 758/1044/2947 744/1029/2948 756/1042/2949
f 756/1042/2949 744/1029/2948 743/1028/2950
s 661
f 760/1046/2951 745/1030/2952 758/1044/2953
f 758/1044/2953 745/1030/2952 744/1029/2954
s 662
f 786/1071/2955 789/1072/2956 787/1074/2957
f 787/1074/2957 789/1072/2956 788/1073/2958
s 663
f 793/1076/2959 792/1077/2960 790/1075/2961
f 790/1075/2961 792/1077/2960 791/1078/2962
s 664
f 794/1079/2963 790/1075/2964 795/1080/2965
f 795/1080/2965 790/1075/2964 791/1078/2966
s 665
f 796/1081/2967 794/1079/2968 797/1082/2969
f 797/1082/2969 794/1079/2968 795/1080/2970
s 666
f 798/1083/2971 796/1081/2972 799/1084/2973
f 799/1084/2973 796/1081/2972 797/1082/2974
s 667
f 798/1083/2975 799/1084/2976 800/1085/2977
f 800/1085/2977 799/1084/2976 801/1086/2978
s 668
f 800/1085/2979 801/1086/2980 802/1087/2981
f 802/1087/2981 801/1086/2980 803/1088/2982
s 669
f 802/1087/2983 803/1088/2984 804/1089/2985
f 804/1089/2985 803/1088/2984 805/1090/2986
s 670
f 804/1089/2987 805/1090/2988 601/904/2989
f 601/904/2989 805/1090/2988 602/905/2990
s 671
f 792/1077/2991 807/1091/2992 791/1078/2993
f 791/1078/2993 807/1091/2992 806/1092/2994
s 672
f 791/1078/2995 806/1092/2996 795/1080/2997
f 795/1080/2997 806/1092/2996 808/1093/2998
s 673
f 795/1080/2999 808/1093/3000 797/1082/3001
f 797/1082/3001 808/1093/3000 809/1094/3002
s 674
f 797/1082/3003 809/1094/3004 799/1084/3005
f 799/1084/3005 809/1094/3004 810/1095/3006
s 675
f 799/1084/3007 810/1095/3008 801/1086/3009
f 801/1086/3009 810/1095/3008 811/1096/3010
s 676
f 801/1086/3011 811/1096/3012 803/1088/3013
f 803/1088/3013 811/1096/3012 812/1097/3014
s 677
f 803/1088/3015 812/1097/3016 805/1090/3017
f 805/1090/3017 812/1097/3016 813/1098/3018
s 678
f 602/905/3019 805/1090/3020 603/914/3021
f 603/914/3021 805/1090/3020 813/1098/3022
s 679
f 817/1100/3023 816/1101/3024 814/1099/3025
f 814/1099/3025 816/1101/3024 815/1102/3026
s 680
f 816/1101/3027 819/1103/3028 815/1102/3029
f 815/1102/3029 819/1103/3028 818/1104/3030
s 681
f 819/1103/3031 821/1105/3032 818/1104/3033
f 818/1104/3033 821/1105/3032 820/1106/3034
s 682
f 821/1105/3035 823/1107/3036 820/1106/3037
f 820/1106/3037 823/1107/3036 822/1108/3038
s 683
f 822/1108/3039 823/1107/3040 824/1110/3041
f 824/1110/3041 823/1107/3040 825/1109/3042
s 684
f 824/1110/3043 825/1109/3044 826/1112/3045
f 826/1112/3045 825/1109/3044 827/1111/3046
s 685
f 826/1112/3047 827/1111/3048 828/1114/3049
f 828/1114/3049 827/1111/3048 829/1113/3050
s 686
f 828/1114/3051 829/1113/3052 599/931/3053
f 599/931/3053 829/1113/3052 598/932/3054
s 687
f 831/1115/3055 830/1116/3056 815/1102/3057
f 815/1102/3057 830/1116/3056 814/1099/3058
s 688
f 818/1104/3059 832/1117/3060 815/1102/3061
f 815/1102/3061 832/1117/3060 831/1115/3062
s 689
f 820/1106/3063 833/1118/3064 818/1104/3065
f 818/1104/3065 833/1118/3064 832/1117/3066
s 690
f 822/1108/3067 834/1119/3068 820/1106/3069
f 820/1106/3069 834/1119/3068 833/1118/3070
s 691
f 824/1110/3071 835/1120/3072 822/1108/3073
f 822/1108/3073 835/1120/3072 834/1119/3074
s 692
f 826/1112/3075 836/1121/3076 824/1110/3077
f 824/1110/3077 836/1121/3076 835/1120/3078
s 693
f 828/1114/3079 837/1122/3080 826/1112/3081
f 826/1112/3081 837/1122/3080 836/1121/3082
s 694
f 600/941/3083 837/1122/3084 599/931/3085
f 599/931/3085 837/1122/3084 828/1114/3086
s 695
f 790/1123/3087 816/1101/3088 793/1124/3089
f 793/1124/3089 816/1101/3088 817/1100/3090
s 696
f 794/1125/3091 819/1103/3092 790/1123/3093
f 790/1123/3093 819/1103/3092 816/1101/3094
s 697
f 796/1126/3095 821/1105/3096 794/1125/3097
f 794/1125/3097 821/1105/3096 819/1103/3098
s 698
f 798/1127/3099 823/1107/3100 796/1126/3101
f 796/1126/3101 823/1107/3100 821/1105/3102
s 699
f 825/1109/3103 823/1107/3104 800/1128/3105
f 800/1128/3105 823/1107/3104 798/1127/3106
s 700
f 827/1111/3107 825/1109/3108 802/1129/3109
f 802/1129/3109 825/1109/3108 800/1128/3110
s 701
f 829/1113/3111 827/1111/3112 804/1130/3113
f 804/1130/3113 827/1111/3112 802/1129/3114
s 702
f 598/932/3115 829/1113/3116 601/950/3117
f 601/950/3117 829/1113/3116 804/1130/3118
s off
f 838/1131/3119 840/1132/3120 839/1133/3121
f 838/1131/3122 839/1133/3123 841/1134/3124
s 703
f 830/1116/3125 831/1115/3126 807/1135/3127
f 807/1135/3127 831/1115/3126 806/1136/3128
s 704
f 831/1115/3129 832/1117/3130 806/1136/3131
f 806/1136/3131 832/1117/3130 808/1137/3132
s 705
f 832/1117/3133 833/1118/3134 808/1137/3135
f 808/1137/3135 833/1118/3134 809/1138/3136
s 706
f 833/1118/3137 834/1119/3138 809/1138/3139
f 809/1138/3139 834/1119/3138 810/1139/3140
s 707
f 834/1119/3141 835/1120/3142 810/1139/3143
f 810/1139/3143 835/1120/3142 811/1140/3144
s 708
f 835/1120/3145 836/1121/3146 811/1140/3147
f 811/1140/3147 836/1121/3146 812/1141/3148
s 709
f 836/1121/3149 837/1122/3150 812/1141/3151
f 812/1141/3151 837/1122/3150 813/1142/3152
s 710
f 813/1142/3153 837/1122/3154 603/963/3155
f 603/963/3155 837/1122/3154 600/941/3156
s off
f 842/1143/3157 844/1144/3158 843/1145/3159
f 845/1146/3160 844/1144/3161 842/1143/3162
s 711
f 847/1147/3163 846/1148/3164 843/1145/3165
f 843/1145/3165 846/1148/3164 842/1143/3166
s 712
f 842/1143/3167 846/1148/3168 845/1146/3169
f 845/1146/3169 846/1148/3168 848/1149/3170
s 713
f 846/1148/3171 847/1147/3172 849/1150/3173
f 849/1150/3173 847/1147/3172 850/1151/3174
s 714
f 851/1152/3175 848/1149/3176 849/1150/3177
f 849/1150/3177 848/1149/3176 846/1148/3178
s off
f 852/1153/3179 853/1154/3180 788/1155/3181
s 715
f 851/1157/3182 849/1158/3183 854/1156/3184
f 854/1156/3184 849/1158/3183 852/1153/3185
s 716
f 852/1153/3186 849/1158/3187 853/1154/3188
f 853/1154/3188 849/1158/3187 850/1159/3189
s 717
f 792/1077/3190 793/1076/3191 853/1154/3192
f 853/1154/3192 793/1076/3191 788/1155/3193
s 718
f 807/1091/3194 792/1077/3195 850/1159/3196
f 850/1159/3196 792/1077/3195 853/1154/3197
s 719
f 844/1144/3198 817/1100/3199 843/1145/3200
f 843/1145/3200 817/1100/3199 814/1099/3201
s 720
f 830/1116/3202 847/1147/3203 814/1099/3204
f 814/1099/3204 847/1147/3203 843/1145/3205
s 721
f 793/1124/3206 817/1100/3207 788/1160/3208
f 788/1160/3208 817/1100/3207 844/1144/3209
s 722
f 841/1161/3210 839/1162/3211 851/1152/3212
f 851/1152/3212 839/1162/3211 848/1149/3213
s 723
f 847/1147/3214 830/1116/3215 850/1151/3216
f 850/1151/3216 830/1116/3215 807/1135/3217
s off
f 786/1071/3218 854/1163/3219 789/1072/3220
f 786/1071/3221 851/1164/3222 854/1163/3223
s 724
f 854/1156/3224 852/1153/3225 789/1165/3226
f 789/1165/3226 852/1153/3225 788/1155/3227
s 725
f 845/1146/3228 848/1149/3229 840/1166/3230
f 840/1166/3230 848/1149/3229 839/1162/3231
s off
f 596/831/3232 855/1167/3233 605/988/3234
s 726
f 856/1168/3235 838/1131/3236 857/1170/3237
f 857/1170/3237 838/1131/3236 858/1169/3238
s 727
f 857/1170/3239 858/1169/3240 859/1172/3241
f 859/1172/3241 858/1169/3240 860/1171/3242
s off
f 859/1173/3243 861/1174/3244 857/1175/3245
s 728
f 605/998/3246 859/1172/3247 604/999/3248
f 604/999/3248 859/1172/3247 860/1171/3249
s off
f 861/1176/3250 840/1132/3251 838/1131/3252
f 856/1177/3253 857/1175/3254 861/1174/3255
s 729
f 844/1144/3256 845/1146/3257 862/1178/3258
f 862/1178/3258 845/1146/3257 863/1179/3259
s 730
f 845/1146/3260 840/1166/3261 863/1179/3262
f 863/1179/3262 840/1166/3261 861/1180/3263
s off
f 864/1181/3264 865/1182/3265 605/988/3266
f 862/1183/3267 863/1184/3268 605/988/3269
s 731
f 861/1174/3270 859/1173/3271 863/1184/3272
f 863/1184/3272 859/1173/3271 605/988/3273
s off
f 596/831/3274 745/1030/3275 855/1167/3276
s 732
f 866/1185/3277 855/1167/3278 760/1046/3279
f 760/1046/3279 855/1167/3278 745/1030/3280
s off
f 867/1186/3281 788/1073/3282 844/1187/3283
s 733
f 868/1188/3284 866/1185/3285 761/1045/3286
f 761/1045/3286 866/1185/3285 760/1046/3287
s 734
f 769/1054/3288 867/1189/3289 761/1045/3290
f 761/1045/3290 867/1189/3289 868/1188/3291
s 735
f 869/1190/3292 867/1189/3293 777/1062/3294
f 777/1062/3294 867/1189/3293 769/1054/3295
s 736
f 869/1190/3296 777/1062/3297 787/1191/3298
f 787/1191/3298 777/1062/3297 785/1070/3299
s 737
f 788/1073/3300 867/1186/3301 787/1074/3302
f 787/1074/3302 867/1186/3301 869/1192/3303
s 738
f 865/1194/3304 868/1195/3305 862/1193/3306
f 867/1186/3307 844/1187/3308 868/1195/3305
f 862/1193/3306 868/1195/3305 844/1187/3308
s 739
f 868/1195/3309 865/1194/3310 866/1196/3311
f 866/1196/3311 865/1194/3310 864/1197/3312
s off
f 866/1196/3313 864/1197/3314 855/1198/3315
f 864/1181/3316 605/988/3317 855/1167/3318
f 862/1183/3319 605/988/3320 865/1182/3321
f 856/1168/3322 861/1176/3323 838/1131/3324
s 740
f 870/1199/3325 871/1200/3326 874/1201/3327
f 884/1202/3328 878/1203/3329 895/1205/3330
f 895/1205/3330 878/1203/3329 891/1204/3331
f 877/1206/3332 880/1207/3333 871/1200/3326
f 871/1200/3326 880/1207/3333 881/1208/3334
f 871/1200/3326 881/1208/3334 872/1209/3335
f 872/1209/3335 881/1208/3334 882/1210/3336
f 877/1206/3332 879/1211/3337 880/1207/3333
f 880/1207/3333 879/1211/3337 885/1212/3338
f 880/1207/3333 889/1213/3339 881/1208/3334
f 881/1208/3334 889/1213/3339 890/1214/3340
f 892/1215/3341 882/1210/3336 890/1214/3340
f 890/1214/3340 882/1210/3336 881/1208/3334
f 879/1211/3337 883/1216/3342 885/1212/3338
f 885/1212/3338 883/1216/3342 887/1217/3343
f 884/1202/3328 886/1218/3344 883/1216/3342
f 883/1216/3342 886/1218/3344 887/1217/3343
f 885/1212/3338 888/1219/3345 880/1207/3333
f 880/1207/3333 888/1219/3345 889/1213/3339
f 886/1218/3344 884/1202/3328 901/1220/3346
f 901/1220/3346 884/1202/3328 895/1205/3330
f 885/1212/3338 887/1217/3343 888/1219/3345
f 888/1219/3345 887/1217/3343 893/1221/3347
f 894/1222/3348 886/1218/3344 903/1223/3349
f 903/1223/3349 886/1218/3344 901/1220/3346
f 886/1218/3344 894/1222/3348 887/1217/3343
f 887/1217/3343 894/1222/3348 893/1221/3347
f 889/1213/3339 888/1219/3345 897/1225/3350
f 897/1225/3350 888/1219/3345 896/1224/3351
f 889/1213/3339 897/1225/3350 890/1214/3340
f 890/1214/3340 897/1225/3350 898/1226/3352
f 899/1227/3353 892/1215/3341 898/1226/3352
f 898/1226/3352 892/1215/3341 890/1214/3340
f 888/1219/3345 893/1221/3347 896/1224/3351
f 896/1224/3351 893/1221/3347 900/1228/3354
f 894/1222/3348 902/1229/3355 893/1221/3347
f 893/1221/3347 902/1229/3355 900/1228/3354
f 902/1229/3355 894/1222/3348 904/1230/3356
f 904/1230/3356 894/1222/3348 903/1223/3349
f 871/1200/3326 870/1199/3325 877/1206/3332
f 877/1206/3332 870/1199/3325 875/1231/3357
f 877/1206/3332 875/1231/3357 879/1211/3337
f 879/1211/3337 875/1231/3357 876/1232/3358
f 878/1203/3329 884/1202/3328 876/1232/3358
f 876/1232/3358 884/1202/3328 883/1216/3342
f 872/1209/3335 873/1233/3359 871/1200/3326
f 871/1200/3326 873/1233/3359 874/1201/3327
f 935/1234/3360 873/1233/3359 872/1209/3335
f 905/1235/3361 907/1236/3362 906/1237/3363
f 872/1209/3335 906/1237/3363 935/1234/3360
f 935/1234/3360 906/1237/3363 907/1236/3362
f 906/1237/3363 910/1238/3364 905/1235/3361
f 905/1235/3361 910/1238/3364 933/1239/3365
f 910/1238/3364 911/1240/3366 933/1239/3365
f 933/1239/3365 911/1240/3366 934/1241/3367
f 913/1242/3368 912/1243/3369 906/1237/3363
f 906/1237/3363 912/1243/3369 910/1238/3364
f 882/1210/3336 913/1242/3368 872/1209/3335
f 872/1209/3335 913/1242/3368 906/1237/3363
f 915/1244/3370 911/1240/3366 912/1243/3369
f 912/1243/3369 911/1240/3366 910/1238/3364
f 918/1245/3371 917/1246/3372 913/1242/3368
f 913/1242/3368 917/1246/3372 912/1243/3369
f 892/1215/3341 918/1245/3371 882/1210/3336
f 882/1210/3336 918/1245/3371 913/1242/3368
f 919/1247/3373 914/1248/3374 915/1244/3370
f 915/1244/3370 914/1248/3374 911/1240/3366
f 919/1247/3373 920/1249/3375 914/1248/3374
f 914/1248/3374 920/1249/3375 916/1250/3376
f 917/1246/3372 921/1251/3377 912/1243/3369
f 912/1243/3369 921/1251/3377 915/1244/3370
f 916/1250/3376 922/1252/3378 908/1254/3379
f 908/1254/3379 922/1252/3378 909/1253/3380
f 923/1255/3381 919/1247/3373 921/1251/3377
f 921/1251/3377 919/1247/3373 915/1244/3370
f 923/1255/3381 924/1256/3382 919/1247/3373
f 919/1247/3373 924/1256/3382 920/1249/3375
f 920/1249/3375 925/1257/3383 916/1250/3376
f 916/1250/3376 925/1257/3383 922/1252/3378
f 917/1246/3372 927/1258/3384 921/1251/3377
f 921/1251/3377 927/1258/3384 926/1259/3385
f 928/1260/3386 927/1258/3384 918/1245/3371
f 918/1245/3371 927/1258/3384 917/1246/3372
f 899/1227/3353 928/1260/3386 892/1215/3341
f 892/1215/3341 928/1260/3386 918/1245/3371
f 925/1257/3383 920/1249/3375 929/1261/3387
f 929/1261/3387 920/1249/3375 924/1256/3382
f 921/1251/3377 926/1259/3385 923/1255/3381
f 923/1255/3381 926/1259/3385 930/1262/3388
f 930/1262/3388 931/1263/3389 923/1255/3381
f 923/1255/3381 931/1263/3389 924/1256/3382
f 931/1263/3389 932/1264/3390 924/1256/3382
f 924/1256/3382 932/1264/3390 929/1261/3387
f 914/1248/3374 934/1241/3367 911/1240/3366
f 908/1254/3379 934/1241/3367 916/1250/3376
f 916/1250/3376 934/1241/3367 914/1248/3374
f 876/1232/3358 883/1216/3342 879/1211/3337
s 753
f 938/1265/3391 940/1266/3392 956/1268/3393
f 956/1268/3393 940/1266/3392 957/1267/3394
f 939/1269/3395 938/1270/3391 941/1272/3396
f 941/1272/3396 938/1270/3391 942/1271/3397
f 940/1273/3392 939/1269/3395 947/1275/3398
f 947/1275/3398 939/1269/3395 948/1274/3399
f 941/1272/3396 943/1276/3400 949/1278/3401
f 949/1278/3401 943/1276/3400 950/1277/3402
f 943/1279/3400 942/1280/3397 944/1282/3403
f 944/1282/3403 942/1280/3397 945/1281/3404
f 948/1274/3399 949/1278/3401 946/1283/3405
f 946/1283/3405 949/1278/3401 951/1284/3406
f 947/1285/3398 946/1286/3405 954/1288/3407
f 954/1288/3407 946/1286/3405 955/1287/3408
f 951/1289/3406 950/1290/3402 952/1292/3409
f 952/1292/3409 950/1290/3402 953/1291/3410
f 947/1285/3398 954/1288/3407 940/1266/3392
f 940/1266/3392 954/1288/3407 957/1267/3394
f 953/1291/3410 950/1290/3402 937/1293/3411
f 950/1290/3402 943/1279/3400 937/1293/3411
f 937/1293/3411 943/1279/3400 944/1282/3403
f 955/1287/3408 946/1286/3405 936/1294/3412
f 946/1286/3405 951/1289/3406 936/1294/3412
f 936/1294/3412 951/1289/3406 952/1292/3409
f 949/1278/3401 948/1274/3399 941/1272/3396
f 941/1272/3396 948/1274/3399 939/1269/3395
f 942/1280/3397 938/1295/3391 945/1281/3404
f 945/1281/3404 938/1295/3391 956/1296/3393
f 938/1270/3391 939/1269/3395 940/1273/3392
f 941/1272/3396 942/1271/3397 943/1276/3400
f 946/1283/3405 947/1275/3398 948/1274/3399
f 949/1278/3401 950/1277/3402 951/1284/3406
s 754
f 958/1297/3413 960/1298/3414 976/1300/3415
f 976/1300/3415 960/1298/3414 977/1299/3416
f 959/1301/3417 958/1302/3413 962/1304/3418
f 962/1304/3418 958/1302/3413 963/1303/3419
f 960/1305/3414 959/1301/3417 970/1307/3420
f 970/1307/3420 959/1301/3417 971/1306/3421
f 961/1308/3422 963/1309/3419 972/1311/3423
f 972/1311/3423 963/1309/3419 973/1310/3424
f 962/1304/3418 961/1312/3422 964/1314/3425
f 964/1314/3425 961/1312/3422 965/1313/3426
f 966/1315/3427 969/1316/3428 964/1314/3425
f 964/1314/3425 969/1316/3428 971/1306/3421
f 966/1317/3427 965/1318/3426 967/1320/3429
f 967/1320/3429 965/1318/3426 968/1319/3430
f 970/1321/3420 969/1322/3428 974/1324/3431
f 974/1324/3431 969/1322/3428 975/1323/3432
f 961/1308/3422 972/1311/3423 965/1318/3426
f 965/1318/3426 972/1311/3423 968/1319/3430
f 977/1299/3416 960/1298/3414 974/1324/3431
f 974/1324/3431 960/1298/3414 970/1321/3420
f 966/1317/3427 967/1320/3429 969/1322/3428
f 969/1322/3428 967/1320/3429 975/1323/3432
f 964/1314/3425 971/1306/3421 962/1304/3418
f 962/1304/3418 971/1306/3421 959/1301/3417
f 963/1309/3419 958/1325/3413 973/1310/3424
f 973/1310/3424 958/1325/3413 976/1326/3415
f 958/1302/3413 959/1301/3417 960/1305/3414
f 961/1312/3422 962/1304/3418 963/1303/3419
f 964/1314/3425 965/1313/3426 966/1315/3427
f 969/1316/3428 970/1307/3420 971/1306/3421
s 756
f 980/1327/3433 998/1328/3434 982/1330/3435
f 982/1330/3435 998/1328/3434 999/1329/3436
f 981/1331/3437 983/1332/3438 980/1334/3433
f 980/1334/3433 983/1332/3438 984/1333/3439
f 982/1335/3435 989/1336/3440 981/1331/3437
f 981/1331/3437 989/1336/3440 990/1337/3441
f 983/1332/3438 991/1338/3442 985/1340/3443
f 985/1340/3443 991/1338/3442 992/1339/3444
f 985/1341/3443 986/1342/3445 984/1344/3439
f 984/1344/3439 986/1342/3445 987/1343/3446
f 993/1346/3447 991/1338/3442 988/1345/3448
f 988/1345/3448 991/1338/3442 990/1337/3441
f 989/1347/3440 996/1348/3449 988/1350/3448
f 988/1350/3448 996/1348/3449 997/1349/3450
f 993/1351/3447 994/1352/3451 992/1354/3444
f 992/1354/3444 994/1352/3451 995/1353/3452
f 989/1347/3440 982/1330/3435 996/1348/3449
f 996/1348/3449 982/1330/3435 999/1329/3436
f 986/1342/3445 985/1341/3443 979/1355/3453
f 985/1341/3443 992/1354/3444 979/1355/3453
f 979/1355/3453 992/1354/3444 995/1353/3452
f 994/1352/3451 993/1351/3447 978/1356/3454
f 993/1351/3447 988/1350/3448 978/1356/3454
f 978/1356/3454 988/1350/3448 997/1349/3450
f 991/1338/3442 983/1332/3438 990/1337/3441
f 990/1337/3441 983/1332/3438 981/1331/3437
f 984/1357/3439 987/1358/3446 980/1327/3433
f 980/1327/3433 987/1358/3446 998/1328/3434
f 980/1334/3433 982/1335/3435 981/1331/3437
f 983/1332/3438 985/1340/3443 984/1333/3439
f 988/1345/3448 990/1337/3441 989/1336/3440
f 991/1338/3442 993/1346/3447 992/1339/3444
s 762
f 1000/1359/3455 1018/1360/3456 1002/1362/3457
f 1002/1362/3457 1018/1360/3456 1019/1361/3458
f 1001/1363/3459 1004/1364/3460 1000/1366/3455
f 1000/1366/3455 1004/1364/3460 1005/1365/3461
f 1002/1367/3457 1012/1368/3462 1001/1363/3459
f 1001/1363/3459 1012/1368/3462 1013/1369/3463
f 1003/1370/3464 1014/1371/3465 1005/1373/3461
f 1005/1373/3461 1014/1371/3465 1015/1372/3466
f 1004/1364/3460 1006/1374/3467 1003/1376/3464
f 1003/1376/3464 1006/1374/3467 1007/1375/3468
f 1013/1369/3463 1011/1377/3469 1006/1374/3467
f 1006/1374/3467 1011/1377/3469 1008/1378/3470
f 1008/1379/3470 1009/1380/3471 1007/1382/3468
f 1007/1382/3468 1009/1380/3471 1010/1381/3472
f 1012/1383/3462 1016/1384/3473 1011/1386/3469
f 1011/1386/3469 1016/1384/3473 1017/1385/3474
f 1003/1370/3464 1007/1382/3468 1014/1371/3465
f 1014/1371/3465 1007/1382/3468 1010/1381/3472
f 1019/1361/3458 1016/1384/3473 1002/1362/3457
f 1002/1362/3457 1016/1384/3473 1012/1383/3462
f 1008/1379/3470 1011/1386/3469 1009/1380/3471
f 1009/1380/3471 1011/1386/3469 1017/1385/3474
f 1006/1374/3467 1004/1364/3460 1013/1369/3463
f 1013/1369/3463 1004/1364/3460 1001/1363/3459
f 1018/1360/3456 1000/1359/3455 1015/1387/3466
f 1015/1387/3466 1000/1359/3455 1005/1388/3461
f 1000/1366/3455 1002/1367/3457 1001/1363/3459
f 1003/1376/3464 1005/1365/3461 1004/1364/3460
f 1006/1374/3467 1008/1378/3470 1007/1375/3468
f 1011/1377/3469 1013/1369/3463 1012/1368/3462
s 767
f 1029/1389/3475 1028/1390/3476 1022/1392/3477
f 1022/1392/3477 1028/1390/3476 1021/1391/3478
f 1030/1393/3479 1029/1389/3475 1023/1394/3480
f 1023/1394/3480 1029/1389/3475 1022/1392/3477
f 1031/1395/3481 1030/1393/3479 1024/1396/3482
f 1024/1396/3482 1030/1393/3479 1023/1394/3480
f 1032/1397/3483 1031/1395/3481 1025/1398/3484
f 1025/1398/3484 1031/1395/3481 1024/1396/3482
f 1033/1399/3485 1032/1397/3483 1026/1400/3486
f 1026/1400/3486 1032/1397/3483 1025/1398/3484
f 1027/1401/3487 1033/1399/3485 1020/1402/3488
f 1020/1402/3488 1033/1399/3485 1026/1400/3486
s 768
f 1036/1403/3489 1035/1404/3490 1065/1406/3491
f 1065/1406/3491 1035/1404/3490 1066/1405/3492
s 769
f 1037/1407/3493 1036/1403/3494 1064/1408/3495
f 1064/1408/3495 1036/1403/3494 1065/1406/3496
s 770
f 1038/1409/3497 1037/1407/3498 1063/1410/3499
f 1063/1410/3499 1037/1407/3498 1064/1408/3500
s 771
f 1039/1411/3501 1038/1409/3502 1062/1412/3503
f 1062/1412/3503 1038/1409/3502 1063/1410/3504
s 772
f 1040/1413/3505 1039/1411/3506 1061/1414/3507
f 1061/1414/3507 1039/1411/3506 1062/1412/3508
s 773
f 1041/1415/3509 1040/1413/3510 1060/1416/3511
f 1060/1416/3511 1040/1413/3510 1061/1414/3512
s 774
f 1042/1417/3513 1041/1415/3514 1059/1418/3515
f 1059/1418/3515 1041/1415/3514 1060/1416/3516
s 775
f 1043/1419/3517 1042/1417/3518 1058/1420/3519
f 1058/1420/3519 1042/1417/3518 1059/1418/3520
s 776
f 1044/1421/3521 1043/1419/3522 1057/1422/3523
f 1057/1422/3523 1043/1419/3522 1058/1420/3524
s 777
f 1045/1423/3525 1044/1421/3526 1056/1424/3527
f 1056/1424/3527 1044/1421/3526 1057/1422/3528
s 778
f 1046/1425/3529 1045/1423/3530 1055/1426/3531
f 1055/1426/3531 1045/1423/3530 1056/1424/3532
s 779
f 1047/1427/3533 1046/1425/3534 1054/1428/3535
f 1054/1428/3535 1046/1425/3534 1055/1426/3536
s 780
f 1048/1429/3537 1047/1427/3538 1053/1430/3539
f 1053/1430/3539 1047/1427/3538 1054/1428/3540
s 781
f 1049/1431/3541 1048/1429/3542 1052/1432/3543
f 1052/1432/3543 1048/1429/3542 1053/1430/3544
s 782
f 1050/1433/3545 1049/1431/3546 1051/1434/3547
f 1051/1434/3547 1049/1431/3546 1052/1432/3548
s 783
f 1035/1404/3549 1050/1433/3550 1066/1405/3551
f 1066/1405/3551 1050/1433/3550 1051/1434/3552
s off
f 1066/1405/3553 1051/1434/3554 1067/1435/3555
f 1065/1406/3556 1066/1405/3557 1067/1435/3558
f 1064/1408/3559 1065/1406/3560 1067/1435/3561
f 1063/1410/3562 1064/1408/3563 1067/1435/3564
f 1062/1412/3565 1063/1410/3566 1067/1435/3567
f 1061/1414/3568 1062/1412/3569 1067/1435/3570
f 1060/1416/3571 1061/1414/3572 1067/1435/3573
f 1059/1418/3574 1060/1416/3575 1067/1435/3576
f 1058/1420/3577 1059/1418/3578 1067/1435/3579
f 1057/1422/3580 1058/1420/3581 1067/1435/3582
f 1056/1424/3583 1057/1422/3584 1067/1435/3585
f 1055/1426/3586 1056/1424/3587 1067/1435/3588
f 1054/1428/3589 1055/1426/3590 1067/1435/3591
f 1053/1430/3592 1054/1428/3593 1067/1435/3594
f 1052/1432/3595 1053/1430/3596 1067/1435/3597
f 1067/1435/3598 1051/1434/3599 1052/1432/3600
f 1068/1436/3601 1070/1437/3602 1034/1438/3603
f 1069/1439/3604 1068/1436/3605 1034/1438/3606
f 1083/1440/3607 1069/1439/3608 1034/1438/3609
f 1070/1437/3610 1071/1441/3611 1034/1438/3612
f 1071/1441/3613 1072/1442/3614 1034/1438/3615
f 1072/1442/3616 1073/1443/3617 1034/1438/3618
f 1073/1443/3619 1074/1444/3620 1034/1438/3621
f 1074/1444/3622 1075/1445/3623 1034/1438/3624
f 1075/1445/3625 1076/1446/3626 1034/1438/3627
f 1076/1446/3628 1077/1447/3629 1034/1438/3630
f 1077/1447/3631 1078/1448/3632 1034/1438/3633
f 1078/1448/3634 1079/1449/3635 1034/1438/3636
f 1079/1449/3637 1080/1450/3638 1034/1438/3639
f 1080/1450/3640 1081/1451/3641 1034/1438/3642
f 1081/1451/3643 1082/1452/3644 1034/1438/3645
f 1082/1452/3646 1083/1440/3647 1034/1438/3648
s 784
f 1050/1433/3649 1035/1404/3650 1069/1454/3651
f 1069/1454/3651 1035/1404/3650 1068/1453/3652
s 785
f 1068/1453/3653 1035/1404/3654 1070/1455/3655
f 1070/1455/3655 1035/1404/3654 1036/1403/3656
s 786
f 1036/1403/3657 1037/1407/3658 1070/1455/3659
f 1070/1455/3659 1037/1407/3658 1071/1456/3660
s 787
f 1037/1407/3661 1038/1409/3662 1071/1456/3663
f 1071/1456/3663 1038/1409/3662 1072/1457/3664
s 788
f 1038/1409/3665 1039/1411/3666 1072/1457/3667
f 1072/1457/3667 1039/1411/3666 1073/1458/3668
s 789
f 1039/1411/3669 1040/1413/3670 1073/1458/3671
f 1073/1458/3671 1040/1413/3670 1074/1459/3672
s 790
f 1040/1413/3673 1041/1415/3674 1074/1459/3675
f 1074/1459/3675 1041/1415/3674 1075/1460/3676
s 791
f 1041/1415/3677 1042/1417/3678 1075/1460/3679
f 1075/1460/3679 1042/1417/3678 1076/1461/3680
s 792
f 1042/1417/3681 1043/1419/3682 1076/1461/3683
f 1076/1461/3683 1043/1419/3682 1077/1462/3684
s 793
f 1043/1419/3685 1044/1421/3686 1077/1462/3687
f 1077/1462/3687 1044/1421/3686 1078/1463/3688
s 794
f 1044/1421/3689 1045/1423/3690 1078/1463/3691
f 1078/1463/3691 1045/1423/3690 1079/1464/3692
s 795
f 1045/1423/3693 1046/1425/3694 1079/1464/3695
f 1079/1464/3695 1046/1425/3694 1080/1465/3696
s 796
f 1046/1425/3697 1047/1427/3698 1080/1465/3699
f 1080/1465/3699 1047/1427/3698 1081/1466/3700
s 797
f 1047/1427/3701 1048/1429/3702 1081/1466/3703
f 1081/1466/3703 1048/1429/3702 1082/1467/3704
s 798
f 1048/1429/3705 1049/1431/3706 1082/1467/3707
f 1082/1467/3707 1049/1431/3706 1083/1468/3708
s 799
f 1049/1431/3709 1050/1433/3710 1083/1468/3711
f 1083/1468/3711 1050/1433/3710 1069/1454/3712
s off
f 1116/1469/3713 1117/1470/3714 1101/1471/3715
f 1115/1472/3716 1117/1470/3717 1116/1469/3718
f 1114/1473/3719 1117/1470/3720 1115/1472/3721
f 1113/1474/3722 1117/1470/3723 1114/1473/3724
f 1112/1475/3725 1117/1470/3726 1113/1474/3727
f 1111/1476/3728 1117/1470/3729 1112/1475/3730
f 1110/1477/3731 1117/1470/3732 1111/1476/3733
f 1109/1478/3734 1117/1470/3735 1110/1477/3736
f 1108/1479/3737 1117/1470/3738 1109/1478/3739
f 1107/1480/3740 1117/1470/3741 1108/1479/3742
f 1106/1481/3743 1117/1470/3744 1107/1480/3745
f 1105/1482/3746 1117/1470/3747 1106/1481/3748
f 1104/1483/3749 1117/1470/3750 1105/1482/3751
f 1103/1484/3752 1117/1470/3753 1104/1483/3754
f 1102/1485/3755 1117/1470/3756 1103/1484/3757
f 1117/1470/3758 1102/1485/3759 1101/1471/3760
s 800
f 1100/1486/3761 1101/1471/3762 1099/1487/3763
f 1099/1487/3763 1101/1471/3762 1102/1485/3764
s 801
f 1099/1487/3765 1102/1485/3766 1098/1488/3767
f 1098/1488/3767 1102/1485/3766 1103/1484/3768
s 802
f 1098/1488/3769 1103/1484/3770 1097/1489/3771
f 1097/1489/3771 1103/1484/3770 1104/1483/3772
s 803
f 1097/1489/3773 1104/1483/3774 1096/1490/3775
f 1096/1490/3775 1104/1483/3774 1105/1482/3776
s 804
f 1096/1490/3777 1105/1482/3778 1095/1491/3779
f 1095/1491/3779 1105/1482/3778 1106/1481/3780
s 805
f 1095/1491/3781 1106/1481/3782 1094/1492/3783
f 1094/1492/3783 1106/1481/3782 1107/1480/3784
s 806
f 1094/1492/3785 1107/1480/3786 1093/1493/3787
f 1093/1493/3787 1107/1480/3786 1108/1479/3788
s 807
f 1093/1493/3789 1108/1479/3790 1092/1494/3791
f 1092/1494/3791 1108/1479/3790 1109/1478/3792
s 808
f 1092/1494/3793 1109/1478/3794 1091/1495/3795
f 1091/1495/3795 1109/1478/3794 1110/1477/3796
s 809
f 1091/1495/3797 1110/1477/3798 1090/1496/3799
f 1090/1496/3799 1110/1477/3798 1111/1476/3800
s 810
f 1090/1496/3801 1111/1476/3802 1089/1497/3803
f 1089/1497/3803 1111/1476/3802 1112/1475/3804
s 811
f 1089/1497/3805 1112/1475/3806 1088/1498/3807
f 1088/1498/3807 1112/1475/3806 1113/1474/3808
s 812
f 1088/1498/3809 1113/1474/3810 1087/1499/3811
f 1087/1499/3811 1113/1474/3810 1114/1473/3812
s 813
f 1087/1499/3813 1114/1473/3814 1086/1500/3815
f 1086/1500/3815 1114/1473/3814 1115/1472/3816
s 814
f 1086/1500/3817 1115/1472/3818 1085/1501/3819
f 1085/1501/3819 1115/1472/3818 1116/1469/3820
s 815
f 1085/1501/3821 1116/1469/3822 1100/1486/3823
f 1100/1486/3823 1116/1469/3822 1101/1471/3824
s off
f 1118/1502/3825 1084/1503/3826 1120/1504/3827
f 1119/1505/3828 1084/1503/3829 1118/1502/3830
f 1133/1506/3831 1084/1503/3832 1119/1505/3833
f 1120/1504/3834 1084/1503/3835 1121/1507/3836
f 1121/1507/3837 1084/1503/3838 1122/1508/3839
f 1122/1508/3840 1084/1503/3841 1123/1509/3842
f 1123/1509/3843 1084/1503/3844 1124/1510/3845
f 1124/1510/3846 1084/1503/3847 1125/1511/3848
f 1125/1511/3849 1084/1503/3850 1126/1512/3851
f 1126/1512/3852 1084/1503/3853 1127/1513/3854
f 1127/1513/3855 1084/1503/3856 1128/1514/3857
f 1128/1514/3858 1084/1503/3859 1129/1515/3860
f 1129/1515/3861 1084/1503/3862 1130/1516/3863
f 1130/1516/3864 1084/1503/3865 1131/1517/3866
f 1131/1517/3867 1084/1503/3868 1132/1518/3869
f 1132/1518/3870 1084/1503/3871 1133/1506/3872
s 816
f 1100/1486/3873 1119/1519/3874 1085/1501/3875
f 1085/1501/3875 1119/1519/3874 1118/1520/3876
s 817
f 1118/1520/3877 1120/1521/3878 1085/1501/3879
f 1085/1501/3879 1120/1521/3878 1086/1500/3880
s 818
f 1086/1500/3881 1120/1521/3882 1087/1499/3883
f 1087/1499/3883 1120/1521/3882 1121/1522/3884
s 819
f 1087/1499/3885 1121/1522/3886 1088/1498/3887
f 1088/1498/3887 1121/1522/3886 1122/1523/3888
s 820
f 1088/1498/3889 1122/1523/3890 1089/1497/3891
f 1089/1497/3891 1122/1523/3890 1123/1524/3892
s 821
f 1089/1497/3893 1123/1524/3894 1090/1496/3895
f 1090/1496/3895 1123/1524/3894 1124/1525/3896
s 822
f 1090/1496/3897 1124/1525/3898 1091/1495/3899
f 1091/1495/3899 1124/1525/3898 1125/1526/3900
s 823
f 1091/1495/3901 1125/1526/3902 1092/1494/3903
f 1092/1494/3903 1125/1526/3902 1126/1527/3904
s 824
f 1092/1494/3905 1126/1527/3906 1093/1493/3907
f 1093/1493/3907 1126/1527/3906 1127/1528/3908
s 825
f 1093/1493/3909 1127/1528/3910 1094/1492/3911
f 1094/1492/3911 1127/1528/3910 1128/1529/3912
s 826
f 1094/1492/3913 1128/1529/3914 1095/1491/3915
f 1095/1491/3915 1128/1529/3914 1129/1530/3916
s 827
f 1095/1491/3917 1129/1530/3918 1096/1490/3919
f 1096/1490/3919 1129/1530/3918 1130/1531/3920
s 828
f 1096/1490/3921 1130/1531/3922 1097/1489/3923
f 1097/1489/3923 1130/1531/3922 1131/1532/3924
s 829
f 1097/1489/3925 1131/1532/3926 1098/1488/3927
f 1098/1488/3927 1131/1532/3926 1132/1533/3928
s 830
f 1098/1488/3929 1132/1533/3930 1099/1487/3931
f 1099/1487/3931 1132/1533/3930 1133/1534/3932
s 831
f 1099/1487/3933 1133/1534/3934 1100/1486/3935
f 1100/1486/3935 1133/1534/3934 1119/1519/3936
s 832
f 1147/1535/3937 1141/1536/3938 1140/1538/3939
f 1140/1538/3939 1141/1536/3938 1134/1537/3940
f 1142/1539/3941 1143/1540/3942 1135/1542/3943
f 1135/1542/3943 1143/1540/3942 1136/1541/3944
f 1143/1540/3942 1144/1543/3945 1136/1541/3944
f 1136/1541/3944 1144/1543/3945 1137/1544/3946
f 1144/1543/3945 1145/1545/3947 1137/1544/3946
f 1137/1544/3946 1145/1545/3947 1138/1546/3948
f 1145/1545/3947 1146/1547/3949 1138/1546/3948
f 1138/1546/3948 1146/1547/3949 1139/1548/3950
f 1146/1547/3949 1147/1535/3937 1139/1548/3950
f 1139/1548/3950 1147/1535/3937 1140/1538/3939
s 834
f 1149/1549/3951 1164/1550/3952 1150/1551/3953
f 1150/1551/3953 1156/1552/3954 1149/1549/3951
f 1149/1549/3951 1156/1552/3954 1155/1553/3955
f 1157/1554/3956 1156/1552/3954 1151/1555/3957
f 1151/1555/3957 1156/1552/3954 1150/1551/3953
f 1163/1557/3958 1157/1554/3956 1160/1556/3959
f 1160/1556/3959 1157/1554/3956 1151/1555/3957
f 1152/1558/3960 1158/1559/3961 1161/1561/3962
f 1161/1561/3962 1158/1559/3961 1162/1560/3963
f 1158/1559/3961 1152/1558/3960 1159/1562/3964
f 1159/1562/3964 1152/1558/3960 1153/1563/3965
f 1154/1565/3966 1159/1562/3964 1148/1564/3967
f 1148/1564/3967 1159/1562/3964 1153/1563/3965
f 1160/1556/3959 1161/1561/3962 1163/1557/3958
f 1163/1557/3958 1161/1561/3962 1162/1560/3963
f 1164/1550/3952 1151/1555/3957 1150/1551/3953
f 1152/1558/3960 1161/1561/3962 1164/1550/3952
f 1164/1550/3952 1153/1563/3965 1152/1558/3960
f 1164/1550/3952 1148/1564/3967 1153/1563/3965
f 1160/1556/3959 1151/1555/3957 1164/1550/3952
f 1164/1550/3952 1161/1561/3962 1160/1556/3959
s 836
f 1227/1566/3968 1234/1567/3969 1212/1569/3970
f 1212/1569/3970 1234/1567/3969 1204/1568/3971
s off
f 1176/1570/3972 1412/1571/3973 1174/1572/3974
s 837
f 1185/1573/3975 1200/1574/3976 1174/1576/3977
f 1174/1576/3977 1200/1574/3976 1201/1575/3978
s 838
f 1412/1577/3979 1409/1578/3980 1174/1576/3981
f 1174/1576/3981 1409/1578/3980 1185/1573/3982
s 839
f 1374/1580/3983 1188/1581/3984 1192/1579/3985
f 1192/1579/3985 1188/1581/3984 1281/1582/3986
s off
f 1284/1583/3987 1188/1581/3988 1177/1584/3989
f 1179/1585/3990 1180/1586/3991 1282/1587/3992
f 1178/1588/3993 1179/1585/3994 1285/1589/3995
f 1177/1584/3996 1178/1588/3997 1284/1583/3998
s 840
f 1191/1591/3999 1190/1592/4000 1184/1590/4001
f 1184/1590/4001 1190/1592/4000 1171/1593/4002
s 841
f 1202/1594/4003 1192/1579/4004 1201/1596/4005
f 1201/1596/4005 1192/1579/4004 1174/1595/4006
s 842
f 1197/1597/4007 1189/1598/4008 1196/1600/4009
f 1196/1600/4009 1189/1598/4008 1170/1599/4010
s 843
f 1195/1601/4011 1198/1602/4012 1196/1600/4013
f 1196/1600/4013 1198/1602/4012 1197/1597/4014
s off
f 1171/1603/4015 1199/1604/4016 1376/1605/4017
s 844
f 1200/1574/4018 1184/1590/4019 1201/1575/4020
f 1201/1575/4020 1184/1590/4019 1171/1593/4021
s off
f 1201/1596/4022 1171/1606/4023 1202/1594/4024
s 845
f 1223/1608/4025 1165/1609/4026 1243/1607/4027
f 1243/1607/4027 1165/1609/4026 1208/1610/4028
s 846
f 1247/1611/4029 1243/1607/4030 1207/1612/4031
f 1207/1612/4031 1243/1607/4030 1208/1610/4032
s 847
f 1251/1613/4033 1247/1611/4034 1206/1614/4035
f 1206/1614/4035 1247/1611/4034 1207/1612/4036
s 848
f 1238/1615/4037 1251/1613/4038 1205/1616/4039
f 1205/1616/4039 1251/1613/4038 1206/1614/4040
s 849
f 1205/1616/4041 1169/1617/4042 1238/1615/4043
f 1238/1615/4043 1169/1617/4042 1230/1618/4044
s 850
f 1215/1619/4045 1222/1620/4046 1166/1622/4047
f 1166/1622/4047 1222/1620/4046 1209/1621/4048
s 851
f 1222/1620/4049 1215/1619/4050 1219/1623/4051
f 1219/1623/4051 1215/1619/4050 1218/1624/4052
s 852
f 1219/1623/4053 1218/1624/4054 1220/1626/4055
f 1220/1626/4055 1218/1624/4054 1217/1625/4056
s 853
f 1221/1627/4057 1220/1626/4058 1216/1628/4059
f 1216/1628/4059 1220/1626/4058 1217/1625/4060
s 854
f 1219/1623/4061 1253/1629/4062 1222/1620/4063
f 1222/1620/4063 1253/1629/4062 1254/1630/4064
s 855
f 1253/1629/4065 1219/1623/4066 1252/1631/4067
f 1252/1631/4067 1219/1623/4066 1220/1626/4068
s 856
f 1223/1633/4069 1241/1634/4070 1224/1632/4071
f 1224/1632/4071 1241/1634/4070 1242/1635/4072
s off
f 1223/1633/4073 1240/1636/4074 1241/1634/4075
f 1240/1636/4076 1223/1633/4077 1243/1637/4078
s 857
f 1233/1638/4079 1234/1567/4080 1225/1639/4081
f 1225/1639/4081 1234/1567/4080 1227/1566/4082
s 858
f 1225/1639/4083 1226/1640/4084 1233/1638/4085
f 1233/1638/4085 1226/1640/4084 1232/1641/4086
s 859
f 1232/1641/4087 1226/1640/4088 1235/1642/4089
f 1235/1642/4089 1226/1640/4088 1221/1627/4090
s off
f 1221/1627/4091 1255/1643/4092 1252/1631/4093
s 860
f 1256/1644/4094 1255/1643/4095 1225/1639/4096
f 1225/1639/4096 1255/1643/4095 1226/1640/4097
s 861
f 1225/1639/4098 1227/1566/4099 1256/1644/4100
f 1256/1644/4100 1227/1566/4099 1257/1645/4101
s 862
f 1229/1647/4102 1237/1648/4103 1230/1646/4104
f 1230/1646/4104 1237/1648/4103 1238/1649/4105
s 863
f 1237/1648/4106 1229/1647/4107 1236/1650/4108
f 1236/1650/4108 1229/1647/4107 1228/1651/4109
s 864
f 1231/1652/4110 1239/1653/4111 1228/1651/4112
f 1228/1651/4112 1239/1653/4111 1236/1650/4113
s 865
f 1237/1648/4114 1248/1654/4115 1238/1649/4116
f 1238/1649/4116 1248/1654/4115 1251/1655/4117
s 866
f 1248/1654/4118 1237/1648/4119 1249/1656/4120
f 1249/1656/4120 1237/1648/4119 1236/1650/4121
s 867
f 1239/1653/4122 1250/1657/4123 1236/1650/4124
f 1236/1650/4124 1250/1657/4123 1249/1656/4125
s 868
f 1242/1635/4126 1241/1634/4127 1246/1659/4128
f 1246/1659/4128 1241/1634/4127 1245/1658/4129
s 869
f 1240/1636/4130 1244/1660/4131 1241/1634/4132
f 1241/1634/4132 1244/1660/4131 1245/1658/4133
s 870
f 1240/1636/4134 1243/1637/4135 1244/1660/4136
f 1244/1660/4136 1243/1637/4135 1247/1661/4137
s 871
f 1246/1659/4138 1245/1658/4139 1250/1657/4140
f 1250/1657/4140 1245/1658/4139 1249/1656/4141
s 872
f 1244/1660/4142 1248/1654/4143 1245/1658/4144
f 1245/1658/4144 1248/1654/4143 1249/1656/4145
s 873
f 1244/1660/4146 1247/1661/4147 1248/1654/4148
f 1248/1654/4148 1247/1661/4147 1251/1655/4149
s 874
f 1254/1630/4150 1253/1629/4151 1257/1645/4152
f 1257/1645/4152 1253/1629/4151 1256/1644/4153
s 875
f 1256/1644/4154 1253/1629/4155 1255/1643/4156
f 1255/1643/4156 1253/1629/4155 1252/1631/4157
s 876
f 1203/1663/4158 1235/1642/4159 1288/1662/4160
f 1288/1662/4160 1235/1642/4159 1221/1627/4161
s off
f 1194/1664/4162 1195/1665/4163 1193/1666/4164
s 877
f 1168/1668/4165 1194/1664/4166 1289/1667/4167
f 1289/1667/4167 1194/1664/4166 1193/1666/4168
s 878
f 1231/1652/4169 1168/1668/4170 1239/1653/4171
f 1239/1653/4171 1168/1668/4170 1289/1667/4172
s 879
f 1222/1620/4173 1254/1630/4174 1209/1621/4175
f 1209/1621/4175 1254/1630/4174 1210/1669/4176
s 880
f 1254/1630/4177 1257/1645/4178 1210/1669/4179
f 1210/1669/4179 1257/1645/4178 1211/1670/4180
s 881
f 1257/1645/4181 1227/1566/4182 1211/1670/4183
f 1211/1670/4183 1227/1566/4182 1212/1569/4184
s off
f 1288/1662/4185 1221/1627/4186 1216/1628/4187
s 882
f 1259/1672/4188 1258/1673/4189 1261/1671/4190
f 1261/1671/4190 1258/1673/4189 1260/1674/4191
s off
f 1272/1675/4192 1650/1676/4193 1386/1677/4194
s 883
f 1261/1671/4195 1260/1674/4196 1269/1678/4197
f 1269/1678/4197 1260/1674/4196 1268/1679/4198
s 884
f 1272/1675/4199 1262/1680/4200 1271/1682/4201
f 1271/1682/4201 1262/1680/4200 1270/1681/4202
s 885
f 1265/1683/4203 1263/1684/4204 1266/1686/4205
f 1266/1686/4205 1263/1684/4204 1264/1685/4206
s 886
f 1262/1680/4207 1264/1685/4208 1270/1681/4209
f 1270/1681/4209 1264/1685/4208 1263/1684/4210
s 887
f 1265/1683/4211 1266/1686/4212 1267/1687/4213
f 1267/1687/4213 1266/1686/4212 1269/1678/4214
s off
f 1269/1678/4215 1268/1679/4216 1267/1687/4217
s 888
f 1272/1675/4218 1391/1688/4219 1262/1680/4220
f 1262/1680/4220 1391/1688/4219 1288/1689/4221
s 889
f 1177/1584/4222 1188/1581/4223 1263/1684/4224
f 1263/1684/4224 1188/1581/4223 1270/1681/4225
s 890
f 1263/1684/4226 1265/1683/4227 1177/1584/4228
f 1177/1584/4228 1265/1683/4227 1178/1588/4229
s 891
f 1265/1683/4230 1267/1687/4231 1178/1588/4232
f 1178/1588/4232 1267/1687/4231 1179/1585/4233
s 892
f 1267/1687/4234 1268/1679/4235 1179/1585/4236
f 1179/1585/4236 1268/1679/4235 1180/1586/4237
s 893
f 1268/1679/4238 1260/1674/4239 1180/1586/4240
f 1180/1586/4240 1260/1674/4239 1181/1690/4241
s off
f 1270/1681/4242 1188/1581/4243 1374/1580/4244
s 894
f 1266/1686/4245 1264/1685/4246 1217/1691/4247
f 1217/1691/4247 1264/1685/4246 1216/1692/4248
s 895
f 1209/1694/4249 1275/1695/4250 1166/1693/4251
f 1166/1693/4251 1275/1695/4250 1274/1696/4252
s 896
f 1350/1698/4253 1415/1699/4254 1347/1697/4255
f 1347/1697/4255 1415/1699/4254 1416/1700/4256
s 897
f 1279/1701/4257 1169/1702/4258 1273/1704/4259
f 1273/1704/4259 1169/1702/4258 1205/1703/4260
s 898
f 1277/1705/4261 1172/1706/4262 1276/1708/4263
f 1276/1708/4263 1172/1706/4262 1258/1707/4264
s 899
f 1278/1709/4265 1173/1710/4266 1277/1705/4267
f 1277/1705/4267 1173/1710/4266 1172/1706/4268
s off
f 1393/1711/4269 1279/1701/4270 1204/1712/4271
f 1208/1713/4272 1165/1714/4273 1273/1704/4274
f 1207/1715/4275 1208/1713/4276 1273/1704/4277
f 1206/1716/4278 1207/1715/4279 1273/1704/4280
f 1205/1703/4281 1206/1716/4282 1273/1704/4283
s 900
f 1212/1717/4284 1204/1712/4285 1275/1695/4286
f 1275/1695/4286 1204/1712/4285 1279/1701/4287
s off
f 1209/1694/4288 1210/1718/4289 1275/1695/4290
f 1210/1718/4291 1211/1719/4292 1275/1695/4293
f 1211/1719/4294 1212/1717/4295 1275/1695/4296
f 1276/1708/4297 1258/1707/4298 1259/1720/4299
f 1169/1702/4300 1279/1701/4301 1392/1721/4302
f 1175/1722/4303 1176/1723/4304 1281/1582/4305
s 901
f 1192/1579/4306 1281/1582/4307 1174/1595/4308
f 1174/1595/4308 1281/1582/4307 1176/1723/4309
s off
f 1284/1583/4310 1285/1589/4311 1175/1722/4312
f 1175/1722/4313 1285/1589/4314 1282/1587/4315
f 1175/1722/4316 1286/1724/4317 1287/1725/4318
f 1175/1722/4319 1287/1725/4320 1280/1726/4321
f 1282/1587/4322 1286/1724/4323 1175/1722/4324
s 902
f 1288/1689/4325 1216/1692/4326 1262/1680/4327
f 1262/1680/4327 1216/1692/4326 1264/1685/4328
s 903
f 1217/1691/4329 1218/1727/4330 1266/1686/4331
f 1266/1686/4331 1218/1727/4330 1269/1678/4332
s 904
f 1269/1678/4333 1218/1727/4334 1261/1671/4335
f 1261/1671/4335 1218/1727/4334 1215/1728/4336
s 905
f 1261/1671/4337 1215/1728/4338 1259/1672/4339
f 1259/1672/4339 1215/1728/4338 1166/1729/4340
s 906
f 1259/1720/4341 1166/1693/4342 1276/1708/4343
f 1276/1708/4343 1166/1693/4342 1274/1696/4344
s off
f 1220/1626/4345 1221/1627/4346 1252/1631/4347
f 1221/1627/4348 1226/1640/4349 1255/1643/4350
f 1195/1665/4351 1196/1730/4352 1193/1666/4353
f 1224/1632/4354 1242/1635/4355 1289/1667/4356
f 1250/1657/4357 1239/1653/4358 1289/1667/4359
f 1246/1659/4360 1250/1657/4361 1289/1667/4362
f 1213/1731/4363 1289/1667/4364 1193/1666/4365
f 1242/1635/4366 1246/1659/4367 1289/1667/4368
s 907
f 1292/1733/4369 1170/1599/4370 1291/1732/4371
f 1291/1732/4371 1170/1599/4370 1189/1598/4372
s 908
f 1325/1734/4373 1291/1735/4374 1317/1737/4375
f 1317/1737/4375 1291/1735/4374 1189/1736/4376
s 909
f 1326/1738/4377 1325/1734/4378 1318/1739/4379
f 1318/1739/4379 1325/1734/4378 1317/1737/4380
s 910
f 1327/1740/4381 1326/1738/4382 1319/1741/4383
f 1319/1741/4383 1326/1738/4382 1318/1739/4384
s 911
f 1328/1742/4385 1327/1740/4386 1320/1743/4387
f 1320/1743/4387 1327/1740/4386 1319/1741/4388
s 912
f 1329/1744/4389 1328/1742/4390 1321/1745/4391
f 1321/1745/4391 1328/1742/4390 1320/1743/4392
s 913
f 1329/1744/4393 1321/1745/4394 1330/1746/4395
f 1330/1746/4395 1321/1745/4394 1322/1747/4396
s 914
f 1330/1746/4397 1322/1747/4398 1331/1748/4399
f 1331/1748/4399 1322/1747/4398 1323/1749/4400
s 915
f 1332/1751/4401 1331/1748/4402 1324/1750/4403
f 1324/1750/4403 1331/1748/4402 1323/1749/4404
s 916
f 1291/1735/4405 1325/1734/4406 1292/1752/4407
f 1292/1752/4407 1325/1734/4406 1333/1753/4408
s 917
f 1334/1754/4409 1333/1753/4410 1326/1738/4411
f 1326/1738/4411 1333/1753/4410 1325/1734/4412
s 918
f 1335/1755/4413 1334/1754/4414 1327/1740/4415
f 1327/1740/4415 1334/1754/4414 1326/1738/4416
s 919
f 1336/1756/4417 1335/1755/4418 1328/1742/4419
f 1328/1742/4419 1335/1755/4418 1327/1740/4420
s 920
f 1337/1757/4421 1336/1756/4422 1329/1744/4423
f 1329/1744/4423 1336/1756/4422 1328/1742/4424
s 921
f 1338/1758/4425 1337/1757/4426 1330/1746/4427
f 1330/1746/4427 1337/1757/4426 1329/1744/4428
s 922
f 1339/1759/4429 1338/1758/4430 1331/1748/4431
f 1331/1748/4431 1338/1758/4430 1330/1746/4432
s 923
f 1340/1760/4433 1339/1759/4434 1332/1751/4435
f 1332/1751/4435 1339/1759/4434 1331/1748/4436
s 924
f 1302/1761/4437 1294/1762/4438 1301/1764/4439
f 1301/1764/4439 1294/1762/4438 1293/1763/4440
s 925
f 1294/1762/4441 1302/1761/4442 1295/1765/4443
f 1295/1765/4443 1302/1761/4442 1303/1766/4444
s 926
f 1295/1765/4445 1303/1766/4446 1296/1767/4447
f 1296/1767/4447 1303/1766/4446 1304/1768/4448
s 927
f 1296/1767/4449 1304/1768/4450 1297/1769/4451
f 1297/1769/4451 1304/1768/4450 1305/1770/4452
s 928
f 1297/1769/4453 1305/1770/4454 1298/1771/4455
f 1298/1771/4455 1305/1770/4454 1306/1772/4456
s 929
f 1299/1773/4457 1298/1771/4458 1307/1774/4459
f 1307/1774/4459 1298/1771/4458 1306/1772/4460
s 930
f 1308/1775/4461 1300/1776/4462 1307/1774/4463
f 1307/1774/4463 1300/1776/4462 1299/1773/4464
s 931
f 1302/1761/4465 1301/1764/4466 1310/1778/4467
f 1310/1778/4467 1301/1764/4466 1309/1777/4468
s 932
f 1303/1766/4469 1302/1761/4470 1311/1779/4471
f 1311/1779/4471 1302/1761/4470 1310/1778/4472
s 933
f 1304/1768/4473 1303/1766/4474 1312/1780/4475
f 1312/1780/4475 1303/1766/4474 1311/1779/4476
s 934
f 1305/1770/4477 1304/1768/4478 1313/1781/4479
f 1313/1781/4479 1304/1768/4478 1312/1780/4480
s 935
f 1306/1772/4481 1305/1770/4482 1314/1782/4483
f 1314/1782/4483 1305/1770/4482 1313/1781/4484
s 936
f 1307/1774/4485 1306/1772/4486 1315/1783/4487
f 1315/1783/4487 1306/1772/4486 1314/1782/4488
s 937
f 1316/1784/4489 1308/1775/4490 1315/1783/4491
f 1315/1783/4491 1308/1775/4490 1307/1774/4492
s 938
f 1309/1777/4493 1401/1785/4494 1310/1778/4495
f 1310/1778/4495 1401/1785/4494 1402/1786/4496
s 939
f 1311/1779/4497 1310/1778/4498 1403/1787/4499
f 1403/1787/4499 1310/1778/4498 1402/1786/4500
s 940
f 1312/1780/4501 1311/1779/4502 1404/1788/4503
f 1404/1788/4503 1311/1779/4502 1403/1787/4504
s 941
f 1313/1781/4505 1312/1780/4506 1405/1789/4507
f 1405/1789/4507 1312/1780/4506 1404/1788/4508
s 942
f 1314/1782/4509 1313/1781/4510 1406/1790/4511
f 1406/1790/4511 1313/1781/4510 1405/1789/4512
s 943
f 1315/1783/4513 1314/1782/4514 1407/1791/4515
f 1407/1791/4515 1314/1782/4514 1406/1790/4516
s 944
f 1315/1783/4517 1407/1791/4518 1316/1784/4519
f 1316/1784/4519 1407/1791/4518 1408/1792/4520
s 945
f 1293/1763/4521 1317/1737/4522 1167/1793/4523
f 1167/1793/4523 1317/1737/4522 1189/1736/4524
s 946
f 1294/1762/4525 1318/1739/4526 1293/1763/4527
f 1293/1763/4527 1318/1739/4526 1317/1737/4528
s 947
f 1295/1765/4529 1319/1741/4530 1294/1762/4531
f 1294/1762/4531 1319/1741/4530 1318/1739/4532
s 948
f 1296/1767/4533 1320/1743/4534 1295/1765/4535
f 1295/1765/4535 1320/1743/4534 1319/1741/4536
s 949
f 1296/1767/4537 1297/1769/4538 1320/1743/4539
f 1320/1743/4539 1297/1769/4538 1321/1745/4540
s 950
f 1297/1769/4541 1298/1771/4542 1321/1745/4543
f 1321/1745/4543 1298/1771/4542 1322/1747/4544
s 951
f 1298/1771/4545 1299/1773/4546 1322/1747/4547
f 1322/1747/4547 1299/1773/4546 1323/1749/4548
s 952
f 1299/1773/4549 1300/1776/4550 1323/1749/4551
f 1323/1749/4551 1300/1776/4550 1324/1750/4552
s 953
f 1344/1795/4553 1213/1731/4554 1343/1794/4555
f 1343/1794/4555 1213/1731/4554 1193/1666/4556
s 954
f 1341/1796/4557 1214/1797/4558 1344/1795/4559
f 1344/1795/4559 1214/1797/4558 1213/1731/4560
s 955
f 1342/1798/4561 1343/1794/4562 1196/1730/4563
f 1196/1730/4563 1343/1794/4562 1193/1666/4564
s off
f 1171/1603/4565 1190/1799/4566 1199/1604/4567
f 1181/1690/4568 1260/1674/4569 1396/1800/4570
f 1346/1801/4571 1277/1705/4572 1276/1708/4573
f 1346/1801/4574 1278/1709/4575 1277/1705/4576
f 1346/1801/4577 1275/1695/4578 1279/1701/4579
f 1276/1708/4580 1274/1696/4581 1346/1801/4582
f 1274/1696/4583 1275/1695/4584 1346/1801/4585
f 1273/1704/4586 1348/1802/4587 1346/1801/4588
f 1346/1801/4589 1279/1701/4590 1273/1704/4591
f 1346/1801/4592 1347/1697/4593 1416/1700/4594
f 1346/1801/4595 1348/1802/4596 1347/1697/4597
s 956
f 1349/1803/4598 1348/1802/4599 1165/1714/4600
f 1165/1714/4600 1348/1802/4599 1273/1704/4601
s off
f 1369/1804/4602 1348/1802/4603 1365/1805/4604
s 957
f 1223/1608/4605 1352/1806/4606 1165/1609/4607
f 1352/1806/4606 1372/1807/4608 1165/1609/4607
f 1372/1807/4608 1349/1808/4609 1165/1609/4607
s off
f 1223/1608/4610 1353/1809/4611 1352/1806/4612
f 1223/1608/4613 1354/1810/4614 1353/1809/4615
f 1360/1811/4616 1349/1812/4617 1372/1813/4618
f 1355/1814/4619 1373/1815/4620 1350/1816/4621
s 958
f 1357/1817/4622 1363/1818/4623 1351/1820/4624
f 1351/1820/4624 1363/1818/4623 1354/1819/4625
s 959
f 1363/1818/4626 1364/1821/4627 1354/1819/4628
f 1354/1819/4628 1364/1821/4627 1353/1822/4629
s 960
f 1353/1822/4630 1364/1821/4631 1352/1824/4632
f 1352/1824/4632 1364/1821/4631 1361/1823/4633
s off
f 1357/1817/4634 1358/1825/4635 1363/1818/4636
s 961
f 1364/1821/4637 1363/1818/4638 1362/1826/4639
f 1362/1826/4639 1363/1818/4638 1358/1825/4640
s off
f 1361/1823/4641 1364/1821/4642 1362/1826/4643
s 962
f 1365/1805/4644 1366/1827/4645 1369/1804/4646
f 1369/1804/4646 1366/1827/4645 1367/1828/4647
s 963
f 1368/1829/4648 1370/1830/4649 1369/1804/4650
f 1369/1804/4650 1370/1830/4649 1371/1831/4651
s off
f 1369/1804/4652 1367/1828/4653 1368/1829/4654
f 1369/1804/4655 1347/1697/4656 1348/1802/4657
f 1371/1831/4658 1347/1697/4659 1369/1804/4660
f 1348/1802/4661 1349/1803/4662 1365/1805/4663
s 964
f 1349/1803/4664 1360/1832/4665 1365/1805/4666
f 1365/1805/4666 1360/1832/4665 1366/1827/4667
s 965
f 1360/1832/4668 1359/1833/4669 1366/1827/4670
f 1366/1827/4670 1359/1833/4669 1367/1828/4671
s 966
f 1355/1835/4672 1370/1830/4673 1356/1834/4674
f 1356/1834/4674 1370/1830/4673 1368/1829/4675
s 967
f 1350/1698/4676 1371/1831/4677 1355/1835/4678
f 1355/1835/4678 1371/1831/4677 1370/1830/4679
s 968
f 1359/1833/4680 1356/1834/4681 1367/1828/4682
f 1367/1828/4682 1356/1834/4681 1368/1829/4683
s off
f 1350/1698/4684 1347/1697/4685 1371/1831/4686
s 969
f 1360/1811/4687 1372/1813/4688 1361/1823/4689
f 1361/1823/4689 1372/1813/4688 1352/1824/4690
s 970
f 1361/1823/4691 1362/1826/4692 1360/1811/4693
f 1360/1811/4693 1362/1826/4692 1359/1836/4694
s 971
f 1362/1826/4695 1358/1825/4696 1359/1836/4697
f 1359/1836/4697 1358/1825/4696 1356/1837/4698
s 972
f 1358/1825/4699 1357/1817/4700 1356/1837/4701
f 1356/1837/4701 1357/1817/4700 1355/1814/4702
s 973
f 1351/1820/4703 1373/1815/4704 1357/1817/4705
f 1357/1817/4705 1373/1815/4704 1355/1814/4706
s off
f 1290/1838/4707 1167/1839/4708 1197/1840/4709
s 974
f 1377/1842/4710 1199/1604/4711 1345/1841/4712
f 1345/1841/4712 1199/1604/4711 1190/1799/4713
s 975
f 1375/1843/4714 1374/1580/4715 1202/1594/4716
f 1202/1594/4716 1374/1580/4715 1192/1579/4717
s 976
f 1171/1606/4718 1376/1844/4719 1202/1594/4720
f 1202/1594/4720 1376/1844/4719 1375/1843/4721
s 977
f 1271/1682/4722 1270/1681/4723 1375/1843/4724
f 1375/1843/4724 1270/1681/4723 1374/1580/4725
s 978
f 1375/1843/4726 1376/1844/4727 1271/1682/4728
f 1271/1682/4728 1376/1844/4727 1379/1845/4729
s off
f 1377/1842/4730 1378/1846/4731 1199/1604/4732
s 979
f 1378/1848/4733 1309/1777/4734 1290/1847/4735
f 1290/1847/4735 1309/1777/4734 1301/1764/4736
s 980
f 1309/1777/4737 1378/1848/4738 1401/1785/4739
f 1401/1785/4739 1378/1848/4738 1377/1849/4740
s 981
f 1167/1793/4741 1290/1847/4742 1293/1763/4743
f 1293/1763/4743 1290/1847/4742 1301/1764/4744
s off
f 1392/1721/4745 1279/1701/4746 1393/1711/4747
s 982
f 1380/1850/4748 1194/1851/4749 1385/1853/4750
f 1385/1853/4750 1194/1851/4749 1168/1852/4751
s 983
f 1380/1850/4752 1198/1602/4753 1194/1851/4754
f 1194/1851/4754 1198/1602/4753 1195/1601/4755
s 984
f 1381/1854/4756 1382/1855/4757 1233/1857/4758
f 1233/1857/4758 1382/1855/4757 1234/1856/4759
s 985
f 1383/1858/4760 1381/1854/4761 1232/1859/4762
f 1232/1859/4762 1381/1854/4761 1233/1857/4763
s 986
f 1382/1855/4764 1393/1860/4765 1234/1856/4766
f 1234/1856/4766 1393/1860/4765 1204/1861/4767
s 987
f 1383/1858/4768 1232/1859/4769 1384/1862/4770
f 1384/1862/4770 1232/1859/4769 1235/1863/4771
s 988
f 1203/1864/4772 1391/1865/4773 1235/1863/4774
f 1235/1863/4774 1391/1865/4773 1384/1862/4775
s 989
f 1388/1866/4776 1385/1867/4777 1231/1869/4778
f 1231/1869/4778 1385/1867/4777 1168/1868/4779
s 990
f 1387/1870/4780 1388/1866/4781 1228/1871/4782
f 1228/1871/4782 1388/1866/4781 1231/1869/4783
s 991
f 1387/1870/4784 1228/1871/4785 1389/1872/4786
f 1389/1872/4786 1228/1871/4785 1229/1873/4787
s 992
f 1389/1872/4788 1229/1873/4789 1390/1874/4790
f 1390/1874/4790 1229/1873/4789 1230/1875/4791
s 993
f 1169/1876/4792 1392/1877/4793 1230/1875/4794
f 1230/1875/4794 1392/1877/4793 1390/1874/4795
s 994
f 1384/1862/4796 1391/1865/4797 1388/1866/4798
f 1388/1866/4798 1391/1865/4797 1385/1867/4799
s 995
f 1382/1855/4800 1390/1874/4801 1393/1860/4802
f 1393/1860/4802 1390/1874/4801 1392/1877/4803
s 996
f 1381/1854/4804 1389/1872/4805 1382/1855/4806
f 1382/1855/4806 1389/1872/4805 1390/1874/4807
s 997
f 1387/1870/4808 1389/1872/4809 1383/1858/4810
f 1383/1858/4810 1389/1872/4809 1381/1854/4811
s 998
f 1384/1862/4812 1388/1866/4813 1383/1858/4814
f 1383/1858/4814 1388/1866/4813 1387/1870/4815
s 999
f 1272/1675/4816 1386/1677/4817 1391/1688/4818
f 1391/1688/4818 1386/1677/4817 1385/1878/4819
s off
f 1198/1879/4820 1290/1838/4821 1197/1840/4822
f 1197/1597/4823 1167/1880/4824 1189/1598/4825
f 1396/1800/4826 1172/1881/4827 1394/1882/4828
s 1000
f 1172/1881/4829 1173/1883/4830 1394/1882/4831
f 1394/1882/4831 1173/1883/4830 1395/1884/4832
s off
f 1394/1885/4833 1280/1886/4834 1283/1887/4835
f 1283/1887/4836 1396/1888/4837 1394/1885/4838
f 1394/1885/4839 1175/1889/4840 1280/1886/4841
s 1001
f 1398/1890/4842 1397/1891/4843 1182/1893/4844
f 1182/1893/4844 1397/1891/4843 1183/1892/4845
s 1002
f 1410/1895/4846 1411/1896/4847 1186/1894/4848
f 1186/1894/4848 1411/1896/4847 1399/1897/4849
s 1003
f 1187/1898/4850 1186/1894/4851 1400/1899/4852
f 1400/1899/4852 1186/1894/4851 1399/1897/4853
s 1004
f 1182/1893/4854 1187/1898/4855 1398/1890/4856
f 1398/1890/4856 1187/1898/4855 1400/1899/4857
s 1005
f 1399/1900/4858 1411/1901/4859 1175/1889/4860
f 1175/1889/4860 1411/1901/4859 1176/1570/4861
s 1006
f 1394/1885/4862 1395/1902/4863 1398/1904/4864
f 1398/1904/4864 1395/1902/4863 1397/1903/4865
s 1007
f 1394/1885/4866 1400/1905/4867 1175/1889/4868
f 1175/1889/4868 1400/1905/4867 1399/1900/4869
s off
f 1181/1690/4870 1396/1800/4871 1283/1906/4872
s 1008
f 1401/1785/4873 1333/1907/4874 1402/1786/4875
f 1402/1786/4875 1333/1907/4874 1334/1908/4876
s 1009
f 1377/1849/4877 1292/1909/4878 1401/1785/4879
f 1401/1785/4879 1292/1909/4878 1333/1907/4880
s 1010
f 1402/1786/4881 1334/1908/4882 1403/1787/4883
f 1403/1787/4883 1334/1908/4882 1335/1910/4884
s 1011
f 1403/1787/4885 1335/1910/4886 1404/1788/4887
f 1404/1788/4887 1335/1910/4886 1336/1911/4888
s 1012
f 1404/1788/4889 1336/1911/4890 1405/1789/4891
f 1405/1789/4891 1336/1911/4890 1337/1912/4892
s 1013
f 1405/1789/4893 1337/1912/4894 1406/1790/4895
f 1406/1790/4895 1337/1912/4894 1338/1913/4896
s 1014
f 1406/1790/4897 1338/1913/4898 1407/1791/4899
f 1407/1791/4899 1338/1913/4898 1339/1914/4900
s 1015
f 1340/1915/4901 1408/1792/4902 1339/1914/4903
f 1339/1914/4903 1408/1792/4902 1407/1791/4904
s 1016
f 1409/1578/4905 1412/1577/4906 1410/1895/4907
f 1410/1895/4907 1412/1577/4906 1411/1896/4908
s off
f 1411/1901/4909 1412/1571/4910 1176/1570/4911
f 1287/1725/4912 1181/1690/4913 1283/1906/4914
s 1017
f 1379/1845/4915 1376/1844/4916 1380/1916/4917
f 1380/1916/4917 1376/1844/4916 1290/1838/4918
s off
f 1398/1904/4919 1400/1905/4920 1394/1885/4921
s 1018
f 1172/1881/4922 1396/1800/4923 1258/1673/4924
f 1258/1673/4924 1396/1800/4923 1260/1674/4925
s 1019
f 1199/1604/4926 1378/1846/4927 1376/1605/4928
f 1376/1605/4928 1378/1846/4927 1290/1917/4929
s off
f 1181/1690/4930 1286/1724/4931 1180/1586/4932
s 1020
f 1413/1919/4933 1415/1920/4934 1351/1918/4935
f 1351/1918/4935 1415/1920/4934 1373/1922/4936
f 1415/1920/4934 1350/1921/4937 1373/1922/4936
s off
f 1354/1810/4938 1413/1919/4939 1351/1918/4940
f 1223/1608/4941 1413/1919/4942 1354/1810/4943
s 1021
f 1223/1633/4944 1224/1632/4945 1413/1924/4946
f 1413/1924/4946 1224/1632/4945 1414/1923/4947
s 1022
f 1214/1797/4948 1414/1923/4949 1213/1731/4950
f 1414/1923/4949 1224/1632/4951 1213/1731/4950
f 1224/1632/4951 1289/1667/4952 1213/1731/4950
s off
f 1380/1916/4953 1290/1838/4954 1198/1879/4955
f 1650/1925/4956 1385/1853/4957 1386/1926/4958
f 1380/1850/4959 1385/1853/4960 1379/1927/4961
f 1203/1928/4962 1288/1689/4963 1391/1688/4964
s 1023
f 1417/1929/4965 1420/1930/4966 1418/1932/4967
f 1418/1932/4967 1420/1930/4966 1419/1931/4968
s off
f 1421/1933/4969 1423/1934/4970 1422/1935/4971
s 1024
f 1424/1936/4972 1423/1937/4973 1425/1939/4974
f 1425/1939/4974 1423/1937/4973 1426/1938/4975
s 1025
f 1422/1940/4976 1423/1937/4977 1427/1941/4978
f 1427/1941/4978 1423/1937/4977 1424/1936/4979
s 1026
f 1431/1943/4980 1430/1944/4981 1428/1942/4982
f 1428/1942/4982 1430/1944/4981 1429/1945/4983
s off
f 1430/1944/4984 1433/1946/4985 1432/1947/4986
f 1435/1948/4987 1437/1949/4988 1436/1950/4989
f 1434/1951/4990 1439/1952/4991 1437/1949/4992
f 1432/1947/4993 1439/1952/4994 1438/1953/4995
s 1027
f 1443/1955/4996 1442/1956/4997 1440/1954/4998
f 1440/1954/4998 1442/1956/4997 1441/1957/4999
s 1028
f 1444/1958/5000 1426/1959/5001 1428/1942/5002
f 1428/1942/5002 1426/1959/5001 1423/1960/5003
s 1029
f 1445/1961/5004 1448/1962/5005 1446/1964/5006
f 1446/1964/5006 1448/1962/5005 1447/1963/5007
s 1030
f 1449/1965/5008 1448/1962/5009 1450/1966/5010
f 1450/1966/5010 1448/1962/5009 1445/1961/5011
s off
f 1443/1967/5012 1452/1968/5013 1451/1969/5014
s 1031
f 1425/1939/5015 1426/1938/5016 1440/1954/5017
f 1440/1954/5017 1426/1938/5016 1443/1955/5018
s off
f 1426/1959/5019 1444/1958/5020 1443/1970/5021
s 1032
f 1456/1972/5022 1455/1973/5023 1453/1971/5024
f 1453/1971/5024 1455/1973/5023 1454/1974/5025
s 1033
f 1457/1975/5026 1458/1976/5027 1453/1971/5028
f 1453/1971/5028 1458/1976/5027 1456/1972/5029
s 1034
f 1459/1977/5030 1460/1978/5031 1457/1975/5032
f 1457/1975/5032 1460/1978/5031 1458/1976/5033
s 1035
f 1461/1979/5034 1462/1980/5035 1459/1977/5036
f 1459/1977/5036 1462/1980/5035 1460/1978/5037
s 1036
f 1462/1980/5038 1461/1979/5039 1463/1982/5040
f 1463/1982/5040 1461/1979/5039 1464/1981/5041
s 1037
f 1465/1983/5042 1468/1984/5043 1466/1986/5044
f 1466/1986/5044 1468/1984/5043 1467/1985/5045
s 1038
f 1470/1988/5046 1465/1983/5047 1469/1987/5048
f 1469/1987/5048 1465/1983/5047 1466/1986/5049
s 1039
f 1469/1987/5050 1472/1989/5051 1470/1988/5052
f 1470/1988/5052 1472/1989/5051 1471/1990/5053
s 1040
f 1473/1991/5054 1474/1992/5055 1472/1989/5056
f 1472/1989/5056 1474/1992/5055 1471/1990/5057
s 1041
f 1476/1993/5058 1475/1994/5059 1466/1986/5060
f 1466/1986/5060 1475/1994/5059 1469/1987/5061
s 1042
f 1475/1994/5062 1477/1995/5063 1469/1987/5064
f 1469/1987/5064 1477/1995/5063 1472/1989/5065
s 1043
f 1480/1997/5066 1479/1998/5067 1478/1996/5068
f 1478/1996/5068 1479/1998/5067 1454/1999/5069
s off
f 1454/1999/5070 1479/1998/5071 1481/2000/5072
f 1481/2000/5073 1453/2001/5074 1454/1999/5075
s 1044
f 1482/2002/5076 1483/2003/5077 1418/1932/5078
f 1418/1932/5078 1483/2003/5077 1417/1929/5079
s 1045
f 1485/2004/5080 1484/2005/5081 1482/2002/5082
f 1482/2002/5082 1484/2005/5081 1483/2003/5083
s 1046
f 1473/1991/5084 1484/2005/5085 1486/2006/5086
f 1486/2006/5086 1484/2005/5085 1485/2004/5087
s off
f 1473/1991/5088 1477/1995/5089 1487/2007/5090
s 1047
f 1484/2005/5091 1487/2007/5092 1483/2003/5093
f 1483/2003/5093 1487/2007/5092 1488/2008/5094
s 1048
f 1483/2003/5095 1488/2008/5096 1417/1929/5097
f 1417/1929/5097 1488/2008/5096 1489/2009/5098
s 1049
f 1461/2011/5099 1491/2012/5100 1464/2010/5101
f 1464/2010/5101 1491/2012/5100 1490/2013/5102
s 1050
f 1493/2015/5103 1490/2013/5104 1492/2014/5105
f 1492/2014/5105 1490/2013/5104 1491/2012/5106
s 1051
f 1492/2014/5107 1495/2016/5108 1493/2015/5109
f 1493/2015/5109 1495/2016/5108 1494/2017/5110
s 1052
f 1459/2018/5111 1496/2019/5112 1461/2011/5113
f 1461/2011/5113 1496/2019/5112 1491/2012/5114
s 1053
f 1496/2019/5115 1497/2020/5116 1491/2012/5117
f 1491/2012/5117 1497/2020/5116 1492/2014/5118
s 1054
f 1497/2020/5119 1498/2021/5120 1492/2014/5121
f 1492/2014/5121 1498/2021/5120 1495/2016/5122
s 1055
f 1480/1997/5123 1500/2022/5124 1479/1998/5125
f 1479/1998/5125 1500/2022/5124 1499/2023/5126
s 1056
f 1481/2000/5127 1479/1998/5128 1501/2024/5129
f 1501/2024/5129 1479/1998/5128 1499/2023/5130
s 1057
f 1481/2000/5131 1501/2024/5132 1453/2001/5133
f 1453/2001/5133 1501/2024/5132 1457/2025/5134
s 1058
f 1500/2022/5135 1498/2021/5136 1499/2023/5137
f 1499/2023/5137 1498/2021/5136 1497/2020/5138
s 1059
f 1501/2024/5139 1499/2023/5140 1496/2019/5141
f 1496/2019/5141 1499/2023/5140 1497/2020/5142
s 1060
f 1501/2024/5143 1496/2019/5144 1457/2025/5145
f 1457/2025/5145 1496/2019/5144 1459/2018/5146
s 1061
f 1476/1993/5147 1489/2009/5148 1475/1994/5149
f 1475/1994/5149 1489/2009/5148 1488/2008/5150
s 1062
f 1488/2008/5151 1487/2007/5152 1475/1994/5153
f 1475/1994/5153 1487/2007/5152 1477/1995/5154
s 1063
f 1473/1991/5155 1486/2006/5156 1502/2026/5157
f 1502/2026/5157 1486/2006/5156 1503/2027/5158
s off
f 1504/2028/5159 1505/2029/5160 1449/2030/5161
s 1064
f 1505/2029/5162 1504/2028/5163 1506/2031/5164
f 1506/2031/5164 1504/2028/5163 1507/2032/5165
s 1065
f 1506/2031/5166 1507/2032/5167 1495/2016/5168
f 1495/2016/5168 1507/2032/5167 1494/2017/5169
s 1066
f 1466/1986/5170 1467/1985/5171 1476/1993/5172
f 1476/1993/5172 1467/1985/5171 1508/2033/5173
s 1067
f 1476/1993/5174 1508/2033/5175 1489/2009/5176
f 1489/2009/5176 1508/2033/5175 1509/2034/5177
s 1068
f 1489/2009/5178 1509/2034/5179 1417/1929/5180
f 1417/1929/5180 1509/2034/5179 1420/1930/5181
s off
f 1502/2026/5182 1474/1992/5183 1473/1991/5184
s 1069
f 1513/2036/5185 1512/2037/5186 1510/2035/5187
f 1510/2035/5187 1512/2037/5186 1511/2038/5188
s 1070
f 1514/2039/5189 1517/2040/5190 1651/2042/5191
f 1651/2042/5191 1517/2040/5190 1516/2041/5192
s 1071
f 1519/2044/5193 1513/2036/5194 1518/2043/5195
f 1518/2043/5195 1513/2036/5194 1510/2035/5196
s 1072
f 1516/2041/5197 1517/2040/5198 1520/2046/5199
f 1520/2046/5199 1517/2040/5198 1521/2045/5200
s 1073
f 1522/2047/5201 1525/2048/5202 1523/2050/5203
f 1523/2050/5203 1525/2048/5202 1524/2049/5204
s 1074
f 1520/2046/5205 1521/2045/5206 1524/2049/5207
f 1524/2049/5207 1521/2045/5206 1523/2050/5208
s 1075
f 1518/2043/5209 1525/2048/5210 1526/2051/5211
f 1526/2051/5211 1525/2048/5210 1522/2047/5212
s off
f 1518/2043/5213 1526/2051/5214 1519/2044/5215
s 1076
f 1502/2052/5216 1527/2053/5217 1520/2046/5218
f 1520/2046/5218 1527/2053/5217 1516/2041/5219
s 1077
f 1521/2045/5220 1430/1944/5221 1523/2050/5222
f 1523/2050/5222 1430/1944/5221 1432/1947/5223
s 1078
f 1523/2050/5224 1432/1947/5225 1522/2047/5226
f 1522/2047/5226 1432/1947/5225 1438/1953/5227
s 1079
f 1522/2047/5228 1438/1953/5229 1526/2051/5230
f 1526/2051/5230 1438/1953/5229 1434/1951/5231
s 1080
f 1526/2051/5232 1434/1951/5233 1519/2044/5234
f 1519/2044/5234 1434/1951/5233 1435/1948/5235
s 1081
f 1519/2044/5236 1435/1948/5237 1513/2036/5238
f 1513/2036/5238 1435/1948/5237 1528/2054/5239
s off
f 1521/2045/5240 1429/1945/5241 1430/1944/5242
s 1082
f 1474/2056/5243 1524/2049/5244 1471/2055/5245
f 1471/2055/5245 1524/2049/5244 1525/2048/5246
s 1083
f 1530/2058/5247 1529/2059/5248 1468/2057/5249
f 1468/2057/5249 1529/2059/5248 1467/2060/5250
s 1084
f 1416/1700/5251 1415/1699/5252 1531/2061/5253
f 1531/2061/5253 1415/1699/5252 1532/2062/5254
s 1085
f 1533/2063/5255 1534/2064/5256 1463/2066/5257
f 1463/2066/5257 1534/2064/5256 1462/2065/5258
s 1086
f 1535/2067/5259 1537/2068/5260 1536/2070/5261
f 1536/2070/5261 1537/2068/5260 1512/2069/5262
s 1087
f 1278/1709/5263 1535/2067/5264 1173/1710/5265
f 1173/1710/5265 1535/2067/5264 1536/2070/5266
s off
f 1538/2071/5267 1419/2072/5268 1533/2063/5269
f 1456/2073/5270 1534/2064/5271 1455/2074/5272
f 1458/2075/5273 1534/2064/5274 1456/2073/5275
f 1460/2076/5276 1534/2064/5277 1458/2075/5278
f 1462/2065/5279 1534/2064/5280 1460/2076/5281
s 1088
f 1533/2063/5282 1419/2072/5283 1529/2059/5284
f 1529/2059/5284 1419/2072/5283 1420/2077/5285
s off
f 1467/2060/5286 1529/2059/5287 1508/2078/5288
f 1508/2078/5289 1529/2059/5290 1509/2079/5291
f 1509/2079/5292 1529/2059/5293 1420/2077/5294
f 1537/2068/5295 1511/2080/5296 1512/2069/5297
f 1463/2066/5298 1539/2081/5299 1533/2063/5300
f 1540/2082/5301 1431/1943/5302 1421/2083/5303
s 1089
f 1421/2083/5304 1431/1943/5305 1423/1960/5306
f 1423/1960/5306 1431/1943/5305 1428/1942/5307
s off
f 1433/1946/5308 1540/2082/5309 1439/1952/5310
f 1540/2082/5311 1437/1949/5312 1439/1952/5313
f 1540/2082/5314 1541/2084/5315 1436/1950/5316
f 1540/2082/5317 1542/2085/5318 1541/2084/5319
f 1437/1949/5320 1540/2082/5321 1436/1950/5322
s 1090
f 1502/2052/5323 1520/2046/5324 1474/2056/5325
f 1474/2056/5325 1520/2046/5324 1524/2049/5326
s 1091
f 1471/2055/5327 1525/2048/5328 1470/2086/5329
f 1470/2086/5329 1525/2048/5328 1518/2043/5330
s 1092
f 1465/2087/5331 1470/2086/5332 1510/2035/5333
f 1510/2035/5333 1470/2086/5332 1518/2043/5334
s 1093
f 1510/2035/5335 1511/2038/5336 1465/2087/5337
f 1465/2087/5337 1511/2038/5336 1468/2088/5338
s 1094
f 1511/2080/5339 1537/2068/5340 1468/2057/5341
f 1468/2057/5341 1537/2068/5340 1530/2058/5342
s off
f 1472/1989/5343 1477/1995/5344 1473/1991/5345
f 1473/1991/5346 1487/2007/5347 1484/2005/5348
f 1449/2030/5349 1505/2029/5350 1448/2089/5351
f 1478/1996/5352 1506/2031/5353 1480/1997/5354
f 1498/2021/5355 1506/2031/5356 1495/2016/5357
f 1500/2022/5358 1506/2031/5359 1498/2021/5360
f 1543/2090/5361 1505/2029/5362 1506/2031/5363
f 1480/1997/5364 1506/2031/5365 1500/2022/5366
s 1095
f 1446/1964/5367 1447/1963/5368 1544/2091/5369
f 1544/2091/5369 1447/1963/5368 1545/2092/5370
s 1096
f 1546/2093/5371 1547/2094/5372 1544/2096/5373
f 1544/2096/5373 1547/2094/5372 1446/2095/5374
s 1097
f 1548/2097/5375 1549/2098/5376 1546/2093/5377
f 1546/2093/5377 1549/2098/5376 1547/2094/5378
s 1098
f 1550/2099/5379 1551/2100/5380 1548/2097/5381
f 1548/2097/5381 1551/2100/5380 1549/2098/5382
s 1099
f 1552/2101/5383 1553/2102/5384 1550/2099/5385
f 1550/2099/5385 1553/2102/5384 1551/2100/5386
s 1100
f 1554/2103/5387 1555/2104/5388 1552/2101/5389
f 1552/2101/5389 1555/2104/5388 1553/2102/5390
s 1101
f 1557/2106/5391 1555/2104/5392 1556/2105/5393
f 1556/2105/5393 1555/2104/5392 1554/2103/5394
s 1102
f 1559/2108/5395 1557/2106/5396 1558/2107/5397
f 1558/2107/5397 1557/2106/5396 1556/2105/5398
s 1103
f 1559/2108/5399 1558/2107/5400 1324/1750/5401
f 1324/1750/5401 1558/2107/5400 1332/1751/5402
s 1104
f 1560/2110/5403 1546/2093/5404 1545/2109/5405
f 1545/2109/5405 1546/2093/5404 1544/2096/5406
s 1105
f 1546/2093/5407 1560/2110/5408 1548/2097/5409
f 1548/2097/5409 1560/2110/5408 1561/2111/5410
s 1106
f 1548/2097/5411 1561/2111/5412 1550/2099/5413
f 1550/2099/5413 1561/2111/5412 1562/2112/5414
s 1107
f 1550/2099/5415 1562/2112/5416 1552/2101/5417
f 1552/2101/5417 1562/2112/5416 1563/2113/5418
s 1108
f 1552/2101/5419 1563/2113/5420 1554/2103/5421
f 1554/2103/5421 1563/2113/5420 1564/2114/5422
s 1109
f 1554/2103/5423 1564/2114/5424 1556/2105/5425
f 1556/2105/5425 1564/2114/5424 1565/2115/5426
s 1110
f 1556/2105/5427 1565/2115/5428 1558/2107/5429
f 1558/2107/5429 1565/2115/5428 1566/2116/5430
s 1111
f 1558/2107/5431 1566/2116/5432 1332/1751/5433
f 1332/1751/5433 1566/2116/5432 1340/1760/5434
s 1112
f 1567/2117/5435 1570/2118/5436 1568/2120/5437
f 1568/2120/5437 1570/2118/5436 1569/2119/5438
s 1113
f 1572/2122/5439 1567/2117/5440 1571/2121/5441
f 1571/2121/5441 1567/2117/5440 1568/2120/5442
s 1114
f 1574/2124/5443 1572/2122/5444 1573/2123/5445
f 1573/2123/5445 1572/2122/5444 1571/2121/5446
s 1115
f 1576/2126/5447 1574/2124/5448 1575/2125/5449
f 1575/2125/5449 1574/2124/5448 1573/2123/5450
s 1116
f 1578/2128/5451 1576/2126/5452 1577/2127/5453
f 1577/2127/5453 1576/2126/5452 1575/2125/5454
s 1117
f 1579/2129/5455 1580/2130/5456 1577/2127/5457
f 1577/2127/5457 1580/2130/5456 1578/2128/5458
s 1118
f 1308/1775/5459 1580/2130/5460 1300/1776/5461
f 1300/1776/5461 1580/2130/5460 1579/2129/5462
s 1119
f 1567/2117/5463 1582/2131/5464 1570/2118/5465
f 1570/2118/5465 1582/2131/5464 1581/2132/5466
s 1120
f 1572/2122/5467 1583/2133/5468 1567/2117/5469
f 1567/2117/5469 1583/2133/5468 1582/2131/5470
s 1121
f 1574/2124/5471 1584/2134/5472 1572/2122/5473
f 1572/2122/5473 1584/2134/5472 1583/2133/5474
s 1122
f 1576/2126/5475 1585/2135/5476 1574/2124/5477
f 1574/2124/5477 1585/2135/5476 1584/2134/5478
s 1123
f 1578/2128/5479 1586/2136/5480 1576/2126/5481
f 1576/2126/5481 1586/2136/5480 1585/2135/5482
s 1124
f 1580/2130/5483 1587/2137/5484 1578/2128/5485
f 1578/2128/5485 1587/2137/5484 1586/2136/5486
s 1125
f 1316/1784/5487 1587/2137/5488 1308/1775/5489
f 1308/1775/5489 1587/2137/5488 1580/2130/5490
s 1126
f 1589/2138/5491 1588/2139/5492 1582/2131/5493
f 1582/2131/5493 1588/2139/5492 1581/2132/5494
s 1127
f 1583/2133/5495 1590/2140/5496 1582/2131/5497
f 1582/2131/5497 1590/2140/5496 1589/2138/5498
s 1128
f 1584/2134/5499 1591/2141/5500 1583/2133/5501
f 1583/2133/5501 1591/2141/5500 1590/2140/5502
s 1129
f 1585/2135/5503 1592/2142/5504 1584/2134/5505
f 1584/2134/5505 1592/2142/5504 1591/2141/5506
s 1130
f 1586/2136/5507 1593/2143/5508 1585/2135/5509
f 1585/2135/5509 1593/2143/5508 1592/2142/5510
s 1131
f 1587/2137/5511 1594/2144/5512 1586/2136/5513
f 1586/2136/5513 1594/2144/5512 1593/2143/5514
s 1132
f 1408/1792/5515 1594/2144/5516 1316/1784/5517
f 1316/1784/5517 1594/2144/5516 1587/2137/5518
s 1133
f 1446/2095/5519 1547/2094/5520 1595/2145/5521
f 1595/2145/5521 1547/2094/5520 1569/2119/5522
s 1134
f 1547/2094/5523 1549/2098/5524 1569/2119/5525
f 1569/2119/5525 1549/2098/5524 1568/2120/5526
s 1135
f 1549/2098/5527 1551/2100/5528 1568/2120/5529
f 1568/2120/5529 1551/2100/5528 1571/2121/5530
s 1136
f 1551/2100/5531 1553/2102/5532 1571/2121/5533
f 1571/2121/5533 1553/2102/5532 1573/2123/5534
s 1137
f 1573/2123/5535 1553/2102/5536 1575/2125/5537
f 1575/2125/5537 1553/2102/5536 1555/2104/5538
s 1138
f 1575/2125/5539 1555/2104/5540 1577/2127/5541
f 1577/2127/5541 1555/2104/5540 1557/2106/5542
s 1139
f 1577/2127/5543 1557/2106/5544 1579/2129/5545
f 1579/2129/5545 1557/2106/5544 1559/2108/5546
s 1140
f 1579/2129/5547 1559/2108/5548 1300/1776/5549
f 1300/1776/5549 1559/2108/5548 1324/1750/5550
s 1141
f 1505/2029/5551 1543/2090/5552 1596/2146/5553
f 1596/2146/5553 1543/2090/5552 1597/2147/5554
s 1142
f 1543/2090/5555 1214/1797/5556 1597/2147/5557
f 1597/2147/5557 1214/1797/5556 1341/1796/5558
s 1143
f 1598/2148/5559 1448/2089/5560 1596/2146/5561
f 1596/2146/5561 1448/2089/5560 1505/2029/5562
s off
f 1443/1967/5563 1451/1969/5564 1442/2149/5565
f 1528/2054/5566 1599/2150/5567 1513/2036/5568
f 1346/1801/5569 1537/2068/5570 1535/2067/5571
f 1346/1801/5572 1535/2067/5573 1278/1709/5574
f 1346/1801/5575 1533/2063/5576 1529/2059/5577
f 1537/2068/5578 1346/1801/5579 1530/2058/5580
f 1530/2058/5581 1346/1801/5582 1529/2059/5583
f 1534/2064/5584 1346/1801/5585 1600/2151/5586
f 1346/1801/5587 1534/2064/5588 1533/2063/5589
f 1346/1801/5590 1416/1700/5591 1531/2061/5592
f 1346/1801/5593 1531/2061/5594 1600/2151/5595
s 1144
f 1601/2152/5596 1455/2074/5597 1600/2151/5598
f 1600/2151/5598 1455/2074/5597 1534/2064/5599
s off
f 1602/2153/5600 1603/2154/5601 1600/2151/5602
s 1145
f 1454/1974/5603 1455/1973/5604 1604/2157/5605
f 1604/2157/5605 1455/1973/5604 1605/2156/5606
f 1455/1973/5604 1601/2155/5607 1605/2156/5606
s off
f 1454/1974/5608 1604/2157/5609 1606/2158/5610
f 1454/1974/5611 1606/2158/5612 1607/2159/5613
f 1608/2160/5614 1605/2161/5615 1601/2162/5616
f 1609/2163/5617 1532/2164/5618 1610/2165/5619
s 1146
f 1611/2166/5620 1613/2167/5621 1612/2169/5622
f 1612/2169/5622 1613/2167/5621 1607/2168/5623
s 1147
f 1606/2170/5624 1614/2171/5625 1607/2168/5626
f 1607/2168/5626 1614/2171/5625 1612/2169/5627
s 1148
f 1606/2170/5628 1604/2172/5629 1614/2171/5630
f 1614/2171/5630 1604/2172/5629 1615/2173/5631
s off
f 1611/2166/5632 1612/2169/5633 1616/2174/5634
s 1149
f 1614/2171/5635 1617/2175/5636 1612/2169/5637
f 1612/2169/5637 1617/2175/5636 1616/2174/5638
s off
f 1615/2173/5639 1617/2175/5640 1614/2171/5641
s 1150
f 1603/2154/5642 1602/2153/5643 1618/2177/5644
f 1618/2177/5644 1602/2153/5643 1619/2176/5645
s 1151
f 1622/2178/5646 1621/2179/5647 1602/2153/5648
f 1602/2153/5648 1621/2179/5647 1620/2180/5649
s off
f 1602/2153/5650 1620/2180/5651 1619/2176/5652
f 1602/2153/5653 1600/2151/5654 1531/2061/5655
f 1622/2178/5656 1602/2153/5657 1531/2061/5658
f 1600/2151/5659 1603/2154/5660 1601/2152/5661
s 1152
f 1601/2152/5662 1603/2154/5663 1608/2181/5664
f 1608/2181/5664 1603/2154/5663 1618/2177/5665
s 1153
f 1608/2181/5666 1618/2177/5667 1623/2182/5668
f 1623/2182/5668 1618/2177/5667 1619/2176/5669
s 1154
f 1620/2180/5670 1621/2179/5671 1624/2183/5672
f 1624/2183/5672 1621/2179/5671 1609/2184/5673
s 1155
f 1621/2179/5674 1622/2178/5675 1609/2184/5676
f 1609/2184/5676 1622/2178/5675 1532/2062/5677
s 1156
f 1623/2182/5678 1619/2176/5679 1624/2183/5680
f 1624/2183/5680 1619/2176/5679 1620/2180/5681
s off
f 1532/2062/5682 1622/2178/5683 1531/2061/5684
s 1157
f 1608/2160/5685 1615/2173/5686 1605/2161/5687
f 1605/2161/5687 1615/2173/5686 1604/2172/5688
s 1158
f 1615/2173/5689 1608/2160/5690 1617/2175/5691
f 1617/2175/5691 1608/2160/5690 1623/2185/5692
s 1159
f 1617/2175/5693 1623/2185/5694 1616/2174/5695
f 1616/2174/5695 1623/2185/5694 1624/2186/5696
s 1160
f 1616/2174/5697 1624/2186/5698 1611/2166/5699
f 1611/2166/5699 1624/2186/5698 1609/2163/5700
s 1161
f 1609/2163/5701 1610/2165/5702 1611/2166/5703
f 1611/2166/5703 1610/2165/5702 1613/2167/5704
s off
f 1625/2187/5705 1445/2188/5706 1595/2189/5707
s 1162
f 1442/2149/5708 1451/1969/5709 1626/2190/5710
f 1626/2190/5710 1451/1969/5709 1627/2191/5711
s 1163
f 1428/1942/5712 1429/1945/5713 1444/1958/5714
f 1444/1958/5714 1429/1945/5713 1628/2192/5715
s 1164
f 1443/1970/5716 1444/1958/5717 1452/2193/5718
f 1452/2193/5718 1444/1958/5717 1628/2192/5719
s 1165
f 1517/2040/5720 1628/2192/5721 1521/2045/5722
f 1521/2045/5722 1628/2192/5721 1429/1945/5723
s 1166
f 1514/2039/5724 1452/2193/5725 1517/2040/5726
f 1517/2040/5726 1452/2193/5725 1628/2192/5727
s off
f 1627/2191/5728 1451/1969/5729 1629/2194/5730
s 1167
f 1570/2118/5731 1581/2132/5732 1625/2195/5733
f 1625/2195/5733 1581/2132/5732 1629/2196/5734
s 1168
f 1581/2132/5735 1588/2139/5736 1629/2196/5737
f 1629/2196/5737 1588/2139/5736 1627/2197/5738
s 1169
f 1595/2145/5739 1569/2119/5740 1625/2195/5741
f 1625/2195/5741 1569/2119/5740 1570/2118/5742
s off
f 1539/2081/5743 1538/2071/5744 1533/2063/5745
s 1170
f 1630/2198/5746 1631/2199/5747 1504/2201/5748
f 1504/2201/5748 1631/2199/5747 1507/2200/5749
s 1171
f 1504/2201/5750 1449/1965/5751 1630/2198/5752
f 1630/2198/5752 1449/1965/5751 1450/1966/5753
s 1172
f 1632/2202/5754 1482/2203/5755 1633/2205/5756
f 1633/2205/5756 1482/2203/5755 1418/2204/5757
s 1173
f 1634/2206/5758 1485/2207/5759 1632/2202/5760
f 1632/2202/5760 1485/2207/5759 1482/2203/5761
s 1174
f 1633/2205/5762 1418/2204/5763 1538/2209/5764
f 1538/2209/5764 1418/2204/5763 1419/2208/5765
s 1175
f 1486/2211/5766 1485/2207/5767 1635/2210/5768
f 1635/2210/5768 1485/2207/5767 1634/2206/5769
s 1176
f 1503/2212/5770 1486/2211/5771 1527/2213/5772
f 1527/2213/5772 1486/2211/5771 1635/2210/5773
s 1177
f 1636/2214/5774 1494/2215/5775 1631/2217/5776
f 1631/2217/5776 1494/2215/5775 1507/2216/5777
s 1178
f 1637/2218/5778 1493/2219/5779 1636/2214/5780
f 1636/2214/5780 1493/2219/5779 1494/2215/5781
s 1179
f 1490/2221/5782 1493/2219/5783 1638/2220/5784
f 1638/2220/5784 1493/2219/5783 1637/2218/5785
s 1180
f 1464/2223/5786 1490/2221/5787 1639/2222/5788
f 1639/2222/5788 1490/2221/5787 1638/2220/5789
s 1181
f 1463/2224/5790 1464/2223/5791 1539/2225/5792
f 1539/2225/5792 1464/2223/5791 1639/2222/5793
s 1182
f 1635/2210/5794 1636/2214/5795 1527/2213/5796
f 1527/2213/5796 1636/2214/5795 1631/2217/5797
s 1183
f 1633/2205/5798 1538/2209/5799 1639/2222/5800
f 1639/2222/5800 1538/2209/5799 1539/2225/5801
s 1184
f 1632/2202/5802 1633/2205/5803 1638/2220/5804
f 1638/2220/5804 1633/2205/5803 1639/2222/5805
s 1185
f 1637/2218/5806 1634/2206/5807 1638/2220/5808
f 1638/2220/5808 1634/2206/5807 1632/2202/5809
s 1186
f 1635/2210/5810 1634/2206/5811 1636/2214/5812
f 1636/2214/5812 1634/2206/5811 1637/2218/5813
s 1187
f 1516/2041/5814 1527/2053/5815 1515/2227/5816
f 1515/2227/5816 1527/2053/5815 1631/2226/5817
s off
f 1450/2228/5818 1445/2188/5819 1625/2187/5820
f 1445/1961/5821 1446/1964/5822 1595/2229/5823
f 1599/2150/5824 1640/2230/5825 1536/2231/5826
s 1188
f 1536/2231/5827 1640/2230/5828 1173/1883/5829
f 1173/1883/5829 1640/2230/5828 1395/1884/5830
s off
f 1640/2232/5831 1641/2233/5832 1542/2234/5833
f 1641/2233/5834 1640/2232/5835 1599/2235/5836
f 1640/2232/5837 1542/2234/5838 1540/2236/5839
s 1189
f 1642/2237/5840 1643/2238/5841 1397/1891/5842
f 1397/1891/5842 1643/2238/5841 1183/1892/5843
s 1190
f 1647/2240/5844 1646/2241/5845 1644/2239/5846
f 1644/2239/5846 1646/2241/5845 1645/2242/5847
s 1191
f 1648/2243/5848 1649/2244/5849 1644/2239/5850
f 1644/2239/5850 1649/2244/5849 1647/2240/5851
s 1192
f 1643/2238/5852 1642/2237/5853 1648/2243/5854
f 1648/2243/5854 1642/2237/5853 1649/2244/5855
s 1193
f 1647/2245/5856 1540/2236/5857 1646/2246/5858
f 1646/2246/5858 1540/2236/5857 1421/1933/5859
s 1194
f 1640/2232/5860 1642/2247/5861 1395/1902/5862
f 1395/1902/5862 1642/2247/5861 1397/1903/5863
s 1195
f 1640/2232/5864 1540/2236/5865 1649/2248/5866
f 1649/2248/5866 1540/2236/5865 1647/2245/5867
s off
f 1528/2054/5868 1641/2249/5869 1599/2150/5870
s 1196
f 1561/2250/5871 1560/2251/5872 1589/2138/5873
f 1589/2138/5873 1560/2251/5872 1588/2139/5874
s 1197
f 1560/2251/5875 1545/2252/5876 1588/2139/5877
f 1588/2139/5877 1545/2252/5876 1627/2197/5878
s 1198
f 1562/2253/5879 1561/2250/5880 1590/2140/5881
f 1590/2140/5881 1561/2250/5880 1589/2138/5882
s 1199
f 1563/2254/5883 1562/2253/5884 1591/2141/5885
f 1591/2141/5885 1562/2253/5884 1590/2140/5886
s 1200
f 1564/2255/5887 1563/2254/5888 1592/2142/5889
f 1592/2142/5889 1563/2254/5888 1591/2141/5890
s 1201
f 1565/2256/5891 1564/2255/5892 1593/2143/5893
f 1593/2143/5893 1564/2255/5892 1592/2142/5894
s 1202
f 1566/2257/5895 1565/2256/5896 1594/2144/5897
f 1594/2144/5897 1565/2256/5896 1593/2143/5898
s 1203
f 1340/1915/5899 1566/2257/5900 1408/1792/5901
f 1408/1792/5901 1566/2257/5900 1594/2144/5902
s 1204
f 1646/2241/5903 1422/1940/5904 1645/2242/5905
f 1645/2242/5905 1422/1940/5904 1427/1941/5906
s off
f 1646/2246/5907 1421/1933/5908 1422/1935/5909
f 1541/2084/5910 1641/2249/5911 1528/2054/5912
s 1205
f 1625/2187/5913 1452/2193/5914 1630/2258/5915
f 1630/2258/5915 1452/2193/5914 1514/2039/5916
s off
f 1642/2247/5917 1640/2232/5918 1649/2248/5919
s 1206
f 1513/2036/5920 1599/2150/5921 1512/2037/5922
f 1512/2037/5922 1599/2150/5921 1536/2231/5923
s 1207
f 1625/2259/5924 1629/2194/5925 1452/1968/5926
f 1452/1968/5926 1629/2194/5925 1451/1969/5927
s off
f 1541/2084/5928 1528/2054/5929 1436/1950/5930
s 1208
f 1413/1919/5931 1613/2260/5932 1415/1920/5933
f 1613/2260/5932 1610/2261/5934 1415/1920/5933
f 1610/2261/5934 1532/2262/5935 1415/1920/5933
s off
f 1607/2159/5936 1613/2260/5937 1413/1919/5938
f 1454/1974/5939 1607/2159/5940 1413/1919/5941
s 1209
f 1454/1999/5942 1413/1924/5943 1478/1996/5944
f 1478/1996/5944 1413/1924/5943 1414/1923/5945
s 1210
f 1214/1797/5946 1543/2090/5947 1414/1923/5948
f 1414/1923/5948 1543/2090/5947 1478/1996/5949
f 1543/2090/5947 1506/2031/5950 1478/1996/5949
s off
f 1630/2258/5951 1450/2228/5952 1625/2187/5953
s 1211
f 1651/2264/5954 1515/2265/5955 1514/2263/5956
f 1514/2263/5956 1515/2265/5955 1631/2199/5957
s off
f 1630/2198/5958 1514/2263/5959 1631/2199/5960
f 1503/2266/5961 1527/2053/5962 1502/2052/5963
f 1287/1725/5964 1286/1724/5965 1181/1690/5966
f 1282/1587/5967 1180/1586/5968 1286/1724/5969
f 1285/1589/5970 1179/1585/5971 1282/1587/5972
f 1284/1583/5973 1178/1588/5974 1285/1589/5975
f 1281/1582/5976 1188/1581/5977 1284/1583/5978
f 1175/1722/5979 1281/1582/5980 1284/1583/5981
f 1287/1725/5982 1283/1906/5983 1280/1726/5984
f 1541/2084/5985 1542/2085/5986 1641/2249/5987
f 1436/1950/5988 1528/2054/5989 1435/1948/5990
f 1434/1951/5991 1437/1949/5992 1435/1948/5993
f 1438/1953/5994 1439/1952/5995 1434/1951/5996
f 1432/1947/5997 1433/1946/5998 1439/1952/5999
f 1431/1943/6000 1433/1946/6001 1430/1944/6002
f 1540/2082/6003 1433/1946/6004 1431/1943/6005
s 1212
f 1379/1845/6006 1650/1676/6007 1271/1682/6008
f 1271/1682/6008 1650/1676/6007 1272/1675/6009
s off
f 1379/1927/6010 1385/1853/6011 1650/1925/6012
f 1651/2042/6013 1516/2041/6014 1515/2227/6015
