# This file uses feet as units for non-parametric coordinates.

g default
v 92.351936 38.384602 46.571152
v 92.351936 98.050308 46.571152
v 69.887955 98.050308 50.536598
v 77.375954 98.050308 49.970097
v 84.863953 98.050308 48.553875
v 46.799973 98.050308 46.635674
v 54.755966 98.050308 48.570004
v 62.399963 98.050308 49.970097
v 46.799973 38.384602 46.635674
v 77.375954 38.384602 49.970097
v 69.887955 38.384602 50.536598
v 84.863953 38.384602 48.553875
v 54.755966 38.384602 48.570004
v 62.399963 38.384602 49.970097
v 92.351936 36.864361 47.566681
v 84.863937 36.864361 49.549400
v 77.375954 36.864361 50.965630
v 69.887955 36.864361 51.532127
v 62.399963 36.864361 50.965630
v 54.755966 36.864361 49.565540
v 46.799217 36.864361 47.631210
v 92.351936 99.614304 47.566681
v 84.863953 99.614304 49.549404
v 77.375954 99.614304 50.965630
v 69.887955 99.614304 51.532131
v 62.399963 99.614304 50.965630
v 54.755966 99.614304 49.565540
v 46.799290 99.614304 47.631207
v 93.856651 99.614304 47.111336
v 93.856651 36.864361 47.111336
v 45.283997 36.864361 47.241074
v 45.284134 99.614304 47.241074
v 69.887955 38.384598 52.083157
v 77.375954 38.384598 51.516655
v 84.863937 38.384598 50.100426
v 92.351936 38.384598 48.117706
v 46.799217 38.384598 48.182236
v 54.755966 38.384598 50.116566
v 62.399963 38.384598 51.516655
v 92.351936 98.050301 48.117706
v 84.863945 98.050301 50.100430
v 77.375954 98.050301 51.516655
v 69.887955 98.050301 52.083157
v 62.399963 98.050301 51.516655
v 54.755966 98.050301 50.116566
v 46.799217 98.050301 48.182232
v 93.387115 37.338745 47.804451
v 93.387115 99.126266 47.804451
v 46.799217 37.338745 48.182236
v 92.351936 37.338745 48.117706
v 46.799271 99.126266 48.182232
v 45.756813 37.338745 47.913837
v 45.756908 99.126266 47.913837
v 69.887955 37.338745 52.083153
v 62.399963 37.338745 51.516655
v 54.755966 37.338745 50.116566
v 54.755966 99.126266 50.116566
v 62.399963 99.126266 51.516655
v 69.887955 99.126266 52.083157
v 77.375954 99.126266 51.516655
v 84.863953 99.126266 50.100430
v 92.351936 99.126266 48.117706
v 84.863937 37.338745 50.100426
v 77.375954 37.338745 51.516655
v 0.000000 86.810265 39.779114
v 36.074978 86.810265 44.929821
v 9.983994 86.810265 40.281075
v 19.811989 86.810265 41.552120
v 29.327982 86.810265 43.357391
v -36.074978 86.810265 44.929821
v -9.983994 86.810265 40.281075
v -19.811989 86.810265 41.552120
v -29.327982 86.810265 43.357391
v -99.839935 27.037096 45.300716
v -90.383133 27.037096 45.300716
v -99.839935 27.037096 35.843922
v -90.383133 27.037096 35.843922
v -96.644852 -0.772489 42.105633
v -93.578217 -0.772489 42.105633
v -93.578217 -0.772489 39.039005
v -96.644852 -0.772489 39.039005
v -49.392780 27.037096 45.300716
v -39.935978 27.037096 45.300716
v -49.392780 27.037096 35.843922
v -39.935978 27.037096 35.843922
v -46.197697 -0.772489 42.105633
v -43.131062 -0.772489 42.105633
v -43.131062 -0.772489 39.039005
v -46.197697 -0.772489 39.039005
v -49.392780 27.037096 -30.479183
v -39.935978 27.037096 -30.479183
v -49.392780 27.037096 -39.935978
v -39.935978 27.037096 -39.935978
v -46.197697 -0.772489 -33.674267
v -43.131062 -0.772489 -33.674267
v -43.131062 -0.772489 -36.740894
v -46.197697 -0.772489 -36.740894
v -99.839935 27.037096 -30.479183
v -90.383133 27.037096 -30.479183
v -99.839935 27.037096 -39.935978
v -90.383133 27.037096 -39.935978
v -96.644852 -0.772489 -33.674267
v -93.578217 -0.772489 -33.674267
v -93.578217 -0.772489 -36.740894
v -96.644852 -0.772489 -36.740894
v 98.332733 108.997154 -38.428768
v 29.640131 108.997154 41.878487
v 38.735229 108.997154 43.995811
v 20.050198 108.997154 40.057495
v 10.119363 108.997154 38.771339
v 0.000000 108.997154 38.260582
v 77.177078 108.997154 49.458763
v 69.887955 108.997154 50.006805
v 84.529053 108.997154 48.071861
v 98.306015 108.997154 44.162285
v 91.939713 108.997154 46.113182
v 47.166267 108.997154 46.167793
v 55.071178 108.997154 48.085411
v 62.594387 108.997154 49.458935
v 98.332733 110.806679 -38.428768
v 29.640131 110.806679 41.878487
v 38.735229 110.806679 43.995811
v 20.050198 110.806679 40.057495
v 10.119363 110.806679 38.771339
v 0.000000 110.806679 38.260582
v 77.177078 110.806679 49.458763
v 69.887955 110.806679 50.006805
v 84.529053 110.806679 48.071861
v 98.306015 110.806679 44.162285
v 91.939713 110.806679 46.113182
v 47.166267 110.806679 46.167793
v 55.071178 110.806679 48.085411
v 62.594387 110.806679 49.458935
v 0.000000 108.997154 39.779114
v 0.000000 84.909698 39.779114
v 0.000000 104.136940 39.779114
v 38.375977 108.997154 45.462032
v 99.839935 108.997154 45.300713
v 99.839935 108.997154 -39.935974
v 69.887955 108.997154 51.532124
v 19.811989 108.997154 41.552120
v 84.863937 108.997154 49.549400
v 54.755966 108.997154 49.565536
v 29.327982 108.997154 43.357391
v 9.983994 108.997154 40.281075
v 77.375954 108.997154 50.965630
v 92.351936 108.997154 47.566681
v 46.799973 108.997154 47.631210
v 62.399963 108.997154 50.965630
v 38.375221 84.909698 -39.935932
v 29.327982 84.909698 43.357391
v 9.983994 84.909698 40.281075
v 19.811989 84.909698 41.552120
v 38.374462 84.909698 45.462036
v 36.074978 104.136940 44.929817
v 9.983994 104.136940 40.281075
v 19.811989 104.136940 41.552120
v 29.327982 104.136940 43.357388
v 99.839935 98.050301 -31.948776
v 99.839935 98.050301 35.322456
v 99.839935 30.397404 -39.935951
v 99.839935 38.384598 -31.948776
v 99.839935 30.397404 45.300713
v 99.839935 38.384598 35.322456
v 98.968811 98.050301 -31.948776
v 98.968811 98.050301 35.322456
v 98.968811 38.384598 35.322456
v 98.968811 38.384598 -31.948776
v 92.351936 30.397404 47.566681
v 38.374462 30.397404 45.462032
v 46.799217 30.397404 47.631210
v 69.887955 30.397404 51.532131
v 84.863937 30.397404 49.549400
v 54.755966 30.397404 49.565540
v 77.375954 30.397404 50.965630
v 62.399963 30.397404 50.965630
v 92.154633 98.050331 -39.935932
v 92.154633 38.384602 -39.935932
v 46.061275 98.050331 -39.935932
v 46.061275 38.384602 -39.935932
v 38.375977 30.397404 -39.935932
v 92.154633 98.050331 -39.064850
v 92.154633 38.384602 -39.064850
v 46.061275 98.050331 -39.064850
v 46.061275 38.384602 -39.064850
v 38.374519 38.384598 35.483780
v 38.374649 76.968384 35.483780
v 38.375790 38.384605 -31.948774
v 38.375164 76.968384 -31.948774
v 39.246441 38.384598 35.483780
v 39.246571 76.968384 35.483780
v 39.247711 38.384605 -31.948774
v 39.247086 76.968384 -31.948774
v -98.332733 108.997154 -38.428768
v -29.640131 108.997154 41.878487
v -38.735229 108.997154 43.995811
v -20.050198 108.997154 40.057495
v -10.119363 108.997154 38.771339
v -77.177078 108.997154 49.458763
v -69.887955 108.997154 50.006805
v -84.529053 108.997154 48.071861
v -98.306015 108.997154 44.162285
v -91.939713 108.997154 46.113182
v -47.166267 108.997154 46.167793
v -55.071178 108.997154 48.085411
v -62.594387 108.997154 49.458935
v -98.332733 110.806679 -38.428768
v -29.640131 110.806679 41.878487
v -38.735229 110.806679 43.995811
v -20.050198 110.806679 40.057495
v -10.119363 110.806679 38.771339
v -77.177078 110.806679 49.458763
v -69.887955 110.806679 50.006805
v -84.529053 110.806679 48.071861
v -98.306015 110.806679 44.162285
v -91.939713 110.806679 46.113182
v -47.166267 110.806679 46.167793
v -55.071178 110.806679 48.085411
v -62.594387 110.806679 49.458935
v -38.375977 108.997154 45.462032
v -99.839935 108.997154 45.300713
v -99.839935 108.997154 -39.935974
v -69.887955 108.997154 51.532124
v -19.811989 108.997154 41.552120
v -84.863937 108.997154 49.549400
v -54.755966 108.997154 49.565536
v -29.327982 108.997154 43.357391
v -9.983994 108.997154 40.281075
v -77.375954 108.997154 50.965630
v -92.351936 108.997154 47.566681
v -46.799973 108.997154 47.631210
v -62.399963 108.997154 50.965630
v -38.375221 84.909698 -39.935932
v -29.327982 84.909698 43.357391
v -9.983994 84.909698 40.281075
v -19.811989 84.909698 41.552120
v -38.374462 84.909698 45.462036
v -36.074978 104.136940 44.929817
v -9.983994 104.136940 40.281075
v -19.811989 104.136940 41.552120
v -29.327982 104.136940 43.357388
v -99.839935 98.050301 -31.948776
v -99.839935 98.050301 35.322456
v -99.839935 30.397404 -39.935951
v -99.839935 38.384598 -31.948776
v -99.839935 30.397404 45.300713
v -99.839935 38.384598 35.322456
v -98.968811 98.050301 -31.948776
v -98.968811 98.050301 35.322456
v -98.968811 38.384598 35.322456
v -98.968811 38.384598 -31.948776
v -92.351936 30.397404 47.566681
v -92.351936 38.384602 46.571152
v -92.351936 98.050308 46.571152
v -69.887955 98.050308 50.536598
v -77.375954 98.050308 49.970097
v -84.863953 98.050308 48.553875
v -46.799973 98.050308 46.635674
v -54.755966 98.050308 48.570004
v -62.399963 98.050308 49.970097
v -38.374462 30.397404 45.462032
v -46.799217 30.397404 47.631210
v -46.799973 38.384602 46.635674
v -69.887955 30.397404 51.532131
v -84.863937 30.397404 49.549400
v -54.755966 30.397404 49.565540
v -77.375954 30.397404 50.965630
v -62.399963 30.397404 50.965630
v -77.375954 38.384602 49.970097
v -69.887955 38.384602 50.536598
v -84.863953 38.384602 48.553875
v -54.755966 38.384602 48.570004
v -62.399963 38.384602 49.970097
v -92.154633 98.050331 -39.935932
v -92.154633 38.384602 -39.935932
v -46.061275 98.050331 -39.935932
v -46.061275 38.384602 -39.935932
v -38.375977 30.397404 -39.935932
v -92.154633 98.050331 -39.064850
v -92.154633 38.384602 -39.064850
v -46.061275 98.050331 -39.064850
v -46.061275 38.384602 -39.064850
v -38.374519 38.384598 35.483780
v -38.374649 76.968384 35.483780
v -38.375790 38.384605 -31.948774
v -38.375164 76.968384 -31.948774
v -39.246441 38.384598 35.483780
v -39.246571 76.968384 35.483780
v -39.247711 38.384605 -31.948774
v -39.247086 76.968384 -31.948774
v -92.351936 36.864361 47.566681
v -84.863937 36.864361 49.549400
v -77.375954 36.864361 50.965630
v -69.887955 36.864361 51.532127
v -62.399963 36.864361 50.965630
v -54.755966 36.864361 49.565540
v -46.799217 36.864361 47.631210
v -92.351936 99.614304 47.566681
v -84.863953 99.614304 49.549404
v -77.375954 99.614304 50.965630
v -69.887955 99.614304 51.532131
v -62.399963 99.614304 50.965630
v -54.755966 99.614304 49.565540
v -46.799290 99.614304 47.631207
v -93.856651 99.614304 47.111336
v -93.856651 36.864361 47.111336
v -45.283997 36.864361 47.241074
v -45.284134 99.614304 47.241074
v -69.887955 38.384598 52.083157
v -77.375954 38.384598 51.516655
v -84.863937 38.384598 50.100426
v -92.351936 38.384598 48.117706
v -46.799217 38.384598 48.182236
v -54.755966 38.384598 50.116566
v -62.399963 38.384598 51.516655
v -92.351936 98.050301 48.117706
v -84.863945 98.050301 50.100430
v -77.375954 98.050301 51.516655
v -69.887955 98.050301 52.083157
v -62.399963 98.050301 51.516655
v -54.755966 98.050301 50.116566
v -46.799217 98.050301 48.182232
v -93.387115 37.338745 47.804451
v -93.387115 99.126266 47.804451
v -46.799217 37.338745 48.182236
v -92.351936 37.338745 48.117706
v -46.799271 99.126266 48.182232
v -45.756813 37.338745 47.913837
v -45.756908 99.126266 47.913837
v -69.887955 37.338745 52.083153
v -62.399963 37.338745 51.516655
v -54.755966 37.338745 50.116566
v -54.755966 99.126266 50.116566
v -62.399963 99.126266 51.516655
v -69.887955 99.126266 52.083157
v -77.375954 99.126266 51.516655
v -84.863953 99.126266 50.100430
v -92.351936 99.126266 48.117706
v -84.863937 37.338745 50.100426
v -77.375954 37.338745 51.516655
v -38.297974 30.397404 45.470093
v -38.297974 30.397404 -39.935974
v -69.887955 30.397404 51.390499
v -54.716965 30.397404 49.498753
v -84.863937 30.397404 49.478592
v -77.375954 30.397404 50.859417
v -92.351936 30.397404 47.531273
v -46.741470 30.397404 47.601852
v -62.380463 30.397404 50.861435
v -69.887924 27.037094 52.701813
v -77.547218 27.037096 52.155190
v -85.140793 27.037106 50.751492
v -92.700958 27.037083 48.782440
v -101.191269 27.037096 46.303654
v -101.135269 27.037100 -41.231316
v -36.953941 27.037090 46.518528
v -46.424294 27.037100 48.859192
v -54.436142 27.037119 50.769287
v -62.212318 27.037067 52.157021
v -37.002640 27.037094 -41.231316
v -69.887985 30.397404 52.037926
v -77.460823 30.397404 51.501041
v -85.018410 30.397404 50.106838
v -92.533936 30.397404 48.152107
v -100.486893 30.397404 45.780872
v -100.486893 30.397404 -40.582939
v -37.651012 30.397404 45.974770
v -46.586407 30.397404 48.229958
v -54.590935 30.397404 50.133324
v -62.297226 30.397404 51.503246
v -37.651012 30.397404 -40.582939
v -77.460724 28.635427 51.501053
v -85.003342 28.635427 50.110260
v -92.526703 28.635427 48.154163
v -100.486893 28.635427 45.780872
v -100.486893 28.635427 -40.582935
v -37.651012 28.635427 -40.582935
v -37.651012 28.635427 45.974770
v -46.583591 28.635427 48.229252
v -54.578896 28.635427 50.130753
v -62.297188 28.635427 51.503246
v -69.887947 28.635427 52.037926
v -69.887939 28.080055 52.701813
v -62.212330 28.080027 52.157024
v -54.440418 28.080078 50.770199
v -46.425293 28.080061 48.859440
v -36.953938 28.080051 46.518528
v -37.002636 28.080055 -41.231312
v -101.135269 28.080061 -41.231312
v -101.191269 28.080057 46.303650
v -92.703529 28.080044 48.781712
v -85.146141 28.080067 50.750278
v -77.547256 28.080055 52.155186
v 38.297974 30.397404 45.470093
v 38.297974 30.397404 -39.935974
v 69.887955 30.397404 51.390499
v 54.716965 30.397404 49.498753
v 84.863937 30.397404 49.478592
v 77.375954 30.397404 50.859417
v 92.351936 30.397404 47.531273
v 46.741470 30.397404 47.601852
v 62.380463 30.397404 50.861435
v 69.887924 27.037094 52.701813
v 77.547218 27.037096 52.155190
v 85.140793 27.037106 50.751492
v 92.700958 27.037083 48.782440
v 101.191269 27.037096 46.303654
v 101.135269 27.037100 -41.231316
v 36.953941 27.037090 46.518528
v 46.424294 27.037100 48.859192
v 54.436142 27.037119 50.769287
v 62.212318 27.037067 52.157021
v 37.002640 27.037094 -41.231316
v 69.887985 30.397404 52.037926
v 77.460823 30.397404 51.501041
v 85.018410 30.397404 50.106838
v 92.533936 30.397404 48.152107
v 100.486893 30.397404 45.780872
v 100.486893 30.397404 -40.582939
v 37.651012 30.397404 45.974770
v 46.586407 30.397404 48.229958
v 54.590935 30.397404 50.133324
v 62.297226 30.397404 51.503246
v 37.651012 30.397404 -40.582939
v 77.460724 28.635427 51.501053
v 85.003342 28.635427 50.110260
v 92.526703 28.635427 48.154163
v 100.486893 28.635427 45.780872
v 100.486893 28.635427 -40.582935
v 37.651012 28.635427 -40.582935
v 37.651012 28.635427 45.974770
v 46.583591 28.635427 48.229252
v 54.578896 28.635427 50.130753
v 62.297188 28.635427 51.503246
v 69.887947 28.635427 52.037926
v 69.887939 28.080055 52.701813
v 62.212330 28.080027 52.157024
v 54.440418 28.080078 50.770199
v 46.425293 28.080061 48.859440
v 36.953938 28.080051 46.518528
v 37.002636 28.080055 -41.231312
v 101.135269 28.080061 -41.231312
v 101.191269 28.080057 46.303650
v 92.703529 28.080044 48.781712
v 85.146141 28.080067 50.750278
v 77.547256 28.080055 52.155186
v -0.310852 95.793694 39.598427
v 0.310852 95.793694 39.598427
v -0.310852 95.466576 43.847446
v 0.310852 95.466576 43.847446
v -0.310852 95.466576 41.847084
v -0.310852 95.793694 41.519966
v 0.310852 95.793694 41.519966
v 0.310852 95.466576 41.847084
v 0.310852 95.878502 44.455532
v 0.310852 96.066895 44.608261
v -0.310852 95.878502 44.455532
v -0.310852 96.066895 44.608261
v -0.310852 94.904091 43.847446
v -0.310852 94.630890 43.574245
v 0.310852 94.904091 43.847446
v 0.310852 94.630890 43.574245
v -0.310852 94.904091 41.847084
v -0.310852 94.630890 42.120285
v 0.310852 94.630890 42.120285
v 0.310852 94.904091 41.847084
v -0.310852 95.733200 44.071503
v 0.310852 95.733200 44.071503
v -0.310852 97.070633 44.608261
v 0.310852 97.070633 44.608261
v -0.310852 97.343834 39.598427
v 0.310852 97.343834 39.598427
v -0.310852 97.670952 43.847446
v 0.310852 97.670952 43.847446
v -0.310852 97.670952 41.847084
v -0.310852 97.343834 41.519966
v 0.310852 97.343834 41.519966
v 0.310852 97.670952 41.847084
v 0.310852 97.259026 44.455532
v -0.310852 97.259026 44.455532
v -0.310852 98.233437 43.847446
v -0.310852 98.506638 43.574245
v 0.310852 98.233437 43.847446
v 0.310852 98.506638 43.574245
v -0.310852 98.233437 41.847084
v -0.310852 98.506638 42.120285
v 0.310852 98.506638 42.120285
v 0.310852 98.233437 41.847084
v -0.310852 97.404327 44.071503
v 0.310852 97.404327 44.071503
v -42.247311 72.500160 46.397156
v -41.646790 72.500160 46.236244
v -41.147583 72.173042 50.501396
v -40.547062 72.173042 50.340485
v -41.665314 72.173042 48.569191
v -41.749977 72.500160 48.253220
v -41.149460 72.500160 48.092308
v -41.064796 72.173042 48.408279
v -40.389679 72.584969 50.927849
v -40.350151 72.773361 51.075371
v -40.990196 72.584969 51.088760
v -40.950668 72.773361 51.236282
v -41.147583 71.610558 50.501396
v -41.218292 71.337357 50.237503
v -40.547062 71.610558 50.340485
v -40.617775 71.337357 50.076591
v -41.665314 71.610558 48.569191
v -41.594604 71.337357 48.833084
v -40.994087 71.337357 48.672173
v -41.064796 71.610558 48.408279
v -41.089592 72.439667 50.717812
v -40.489075 72.439667 50.556900
v -40.950668 73.777100 51.236282
v -40.350151 73.777100 51.075371
v -42.247311 74.050301 46.397156
v -41.646790 74.050301 46.236244
v -41.147583 74.377419 50.501396
v -40.547062 74.377419 50.340485
v -41.665314 74.377419 48.569191
v -41.749977 74.050301 48.253220
v -41.149460 74.050301 48.092308
v -41.064796 74.377419 48.408279
v -40.389679 73.965492 50.927849
v -40.990196 73.965492 51.088760
v -41.147583 74.939903 50.501396
v -41.218292 75.213104 50.237503
v -40.547062 74.939903 50.340485
v -40.617775 75.213104 50.076591
v -41.665314 74.939903 48.569191
v -41.594604 75.213104 48.833084
v -40.994087 75.213104 48.672173
v -41.064796 74.939903 48.408279
v -41.089592 74.110794 50.717812
v -40.489075 74.110794 50.556900
v 41.646790 72.500160 46.236244
v 42.247311 72.500160 46.397156
v 40.547062 72.173042 50.340485
v 41.147583 72.173042 50.501396
v 41.064796 72.173042 48.408279
v 41.149460 72.500160 48.092308
v 41.749977 72.500160 48.253220
v 41.665314 72.173042 48.569191
v 40.990196 72.584969 51.088760
v 40.950668 72.773361 51.236282
v 40.389679 72.584969 50.927849
v 40.350151 72.773361 51.075371
v 40.547062 71.610558 50.340485
v 40.617775 71.337357 50.076591
v 41.147583 71.610558 50.501396
v 41.218292 71.337357 50.237503
v 41.064796 71.610558 48.408279
v 40.994087 71.337357 48.672173
v 41.594604 71.337357 48.833084
v 41.665314 71.610558 48.569191
v 40.489075 72.439667 50.556900
v 41.089592 72.439667 50.717812
v 40.350151 73.777100 51.075371
v 40.950668 73.777100 51.236282
v 41.646790 74.050301 46.236244
v 42.247311 74.050301 46.397156
v 40.547062 74.377419 50.340485
v 41.147583 74.377419 50.501396
v 41.064796 74.377419 48.408279
v 41.149460 74.050301 48.092308
v 41.749977 74.050301 48.253220
v 41.665314 74.377419 48.569191
v 40.990196 73.965492 51.088760
v 40.389679 73.965492 50.927849
v 40.547062 74.939903 50.340485
v 40.617775 75.213104 50.076591
v 41.147583 74.939903 50.501396
v 41.218292 75.213104 50.237503
v 41.064796 74.939903 48.408279
v 40.994087 75.213104 48.672173
v 41.594604 75.213104 48.833084
v 41.665314 74.939903 48.569191
v 40.489075 74.110794 50.556900
v 41.089592 74.110794 50.717812
v 0.000000 104.136948 39.779114
v 0.000000 86.810265 39.779114
v -36.074982 104.136948 44.929817
v -36.074982 86.810265 44.929817
v -29.327972 104.136948 43.357388
v -29.327972 86.810265 43.357388
v -19.811981 104.136948 41.552120
v -19.811981 86.810265 41.552120
v -9.983994 104.136948 40.281075
v -9.983994 86.810265 40.281075
v 36.074982 104.136948 44.929817
v 36.074982 86.810265 44.929817
v 29.327988 104.136948 43.357388
v 29.327988 86.810265 43.357388
v 19.811981 104.136948 41.552120
v 19.811981 86.810265 41.552120
v 9.983994 104.136948 40.281075
v 9.983994 86.810265 40.281075
v 36.074978 104.136940 0.801809
v 19.811989 104.136940 41.552120
v 29.327982 104.136940 43.357391
v 69.887924 27.037088 52.701813
v 62.212318 27.037090 52.157021
v 54.436142 27.037100 50.769287
v 46.424301 27.037077 48.859188
v 36.953934 27.037090 46.518528
v 37.002640 27.037094 -41.231316
v 101.191261 27.037085 46.303654
v 92.700951 27.037094 48.782440
v 85.140793 27.037113 50.751488
v 77.547218 27.037062 52.155186
v 101.135269 27.037088 -41.231316
v 99.839935 27.037096 -39.935978
v 90.383133 27.037096 -39.935978
v 99.839935 27.037096 -30.479183
v 90.383133 27.037096 -30.479183
v 96.644852 -0.772489 -36.740894
v 93.578217 -0.772489 -36.740894
v 93.578217 -0.772489 -33.674267
v 96.644852 -0.772489 -33.674267
v 49.392780 27.037096 -39.935978
v 39.935978 27.037096 -39.935978
v 49.392780 27.037096 -30.479183
v 39.935978 27.037096 -30.479183
v 46.197697 -0.772489 -36.740894
v 43.131062 -0.772489 -36.740894
v 43.131062 -0.772489 -33.674267
v 46.197697 -0.772489 -33.674267
v 49.392780 27.037096 35.843922
v 39.935978 27.037096 35.843922
v 49.392780 27.037096 45.300716
v 39.935978 27.037096 45.300716
v 46.197697 -0.772489 39.039005
v 43.131062 -0.772489 39.039005
v 43.131062 -0.772489 42.105633
v 46.197697 -0.772489 42.105633
v 99.839935 27.037096 35.843922
v 90.383133 27.037096 35.843922
v 99.839935 27.037096 45.300716
v 90.383133 27.037096 45.300716
v 96.644852 -0.772489 39.039005
v 93.578217 -0.772489 39.039005
v 93.578217 -0.772489 42.105633
v 96.644852 -0.772489 42.105633
v -41.838135 76.639473 46.723183
v -41.085785 76.484543 46.521584
v -40.447937 76.043320 46.350677
v -40.021759 75.383003 46.236473
v -39.872101 74.604080 46.196373
v -41.605530 75.917770 47.591343
v -41.119934 75.817772 47.461227
v -40.708252 75.532990 47.350922
v -40.433197 75.106812 47.277218
v -40.323212 74.534355 47.247746
v -39.872101 69.806503 46.196381
v -40.323212 70.514366 47.247746
v -42.590515 76.484543 46.924778
v -43.228363 76.043320 47.095688
v -43.654541 75.383003 47.209877
v -43.804199 74.604080 47.249977
v -42.091125 75.817772 47.721458
v -42.502808 75.532990 47.831768
v -42.777863 75.106812 47.905472
v -42.887848 74.534355 47.934944
v -43.804199 69.806503 47.249985
v -42.887848 70.514366 47.934944
v 0.000000 99.933006 40.019249
v 0.778900 99.778076 40.019241
v 1.439240 99.336853 40.019245
v 1.880463 98.676537 40.019238
v 2.035400 97.897614 40.019238
v -0.000031 99.211304 40.918030
v 0.502716 99.111305 40.918030
v 0.928925 98.826523 40.918034
v 1.213684 98.400345 40.918030
v 1.327545 97.827888 40.918030
v 2.035400 93.100037 40.019245
v 1.327545 93.807899 40.918030
v -0.778931 99.778076 40.019245
v -1.439270 99.336853 40.019245
v -1.880493 98.676537 40.019238
v -2.035431 97.897614 40.019238
v -0.502747 99.111305 40.918030
v -0.928955 98.826523 40.918030
v -1.213715 98.400345 40.918034
v -1.327576 97.827888 40.918034
v -2.035431 93.100037 40.019245
v -1.327576 93.807899 40.918034
v 41.838135 76.639473 46.723183
v 42.590485 76.484543 46.924767
v 43.228333 76.043320 47.095684
v 43.654510 75.383003 47.209869
v 43.804169 74.604080 47.249969
v 41.605499 75.917770 47.591335
v 42.091095 75.817772 47.721447
v 42.502777 75.532990 47.831760
v 42.777832 75.106812 47.905460
v 42.887817 74.534355 47.934929
v 43.804169 69.806503 47.249977
v 42.887817 70.514366 47.934929
v 41.085754 76.484543 46.521580
v 40.447906 76.043320 46.350666
v 40.021729 75.383003 46.236469
v 39.872070 74.604080 46.196369
v 41.119904 75.817772 47.461220
v 40.708221 75.532990 47.350910
v 40.433167 75.106812 47.277210
v 40.323181 74.534355 47.247742
v 39.872070 69.806503 46.196373
v 40.323181 70.514366 47.247742
vt 0.001953 0.786047
vt 0.158937 0.786047
vt 0.158937 0.790116
vt 0.001953 0.790116
vt 0.830005 0.522524
vt 0.825936 0.522524
vt 0.825936 0.365540
vt 0.830005 0.365540
vt 0.874516 0.245759
vt 0.874516 0.265446
vt 0.870448 0.265446
vt 0.870448 0.245759
vt 0.874516 0.285151
vt 0.870448 0.285151
vt 0.874516 0.226071
vt 0.870448 0.226071
vt 0.874516 0.304873
vt 0.870448 0.304873
vt 0.870448 0.205955
vt 0.874516 0.205955
vt 0.874516 0.185004
vt 0.870448 0.185004
vt 0.630745 0.496635
vt 0.630745 0.492567
vt 0.650433 0.492567
vt 0.650433 0.496635
vt 0.611057 0.496635
vt 0.611057 0.492567
vt 0.670137 0.492567
vt 0.670137 0.496635
vt 0.590941 0.496635
vt 0.590941 0.492567
vt 0.689859 0.492567
vt 0.689859 0.496635
vt 0.569990 0.496635
vt 0.569990 0.492567
vt 0.924571 0.510046
vt 0.926494 0.509717
vt 0.926494 0.530669
vt 0.924571 0.531058
vt 0.924571 0.489446
vt 0.926494 0.489253
vt 0.998038 0.226465
vt 0.924571 0.469161
vt 0.917489 0.247947
vt 0.917489 0.228027
vt 0.926494 0.469158
vt 0.924571 0.450140
vt 0.996397 0.228159
vt 0.978997 0.924575
vt 0.920346 0.228027
vt 0.926494 0.450320
vt 0.924571 0.430302
vt 0.998038 0.444192
vt 0.996398 0.442546
vt 0.920345 0.247947
vt 0.926494 0.430597
vt 0.924571 0.409267
vt 0.560268 0.891095
vt 0.540608 0.891095
vt 0.976164 0.921823
vt 0.917489 0.267855
vt 0.926494 0.409604
vt 0.998047 0.222409
vt 0.540608 0.889200
vt 0.560082 0.889200
vt 0.945309 0.161689
vt 0.996397 0.220695
vt 0.998047 0.001953
vt 0.580624 0.891095
vt 0.580322 0.889200
vt 0.916983 0.886106
vt 0.996397 0.003620
vt 0.601876 0.889200
vt 0.602223 0.891095
vt 0.606369 0.891095
vt 0.916983 0.866217
vt 0.945309 0.004705
vt 0.604714 0.889200
vt 0.480163 0.891095
vt 0.475907 0.891095
vt 0.477668 0.889200
vt 0.919760 0.866217
vt 0.480544 0.889200
vt 0.919760 0.886106
vt 0.916983 0.906014
vt 0.920345 0.267855
vt 0.917489 0.287743
vt 0.920345 0.287743
vt 0.917489 0.307607
vt 0.920345 0.307607
vt 0.917489 0.327866
vt 0.920345 0.327866
vt 0.920345 0.348943
vt 0.917489 0.348943
vt 0.920346 0.225272
vt 0.920345 0.351704
vt 0.919760 0.906014
vt 0.919760 0.925934
vt 0.916983 0.925934
vt 0.916983 0.826095
vt 0.916983 0.805018
vt 0.919760 0.805018
vt 0.919760 0.826095
vt 0.916983 0.846354
vt 0.919760 0.846354
vt 0.919760 0.802257
vt 0.919760 0.928689
vt 0.976164 0.764839
vt 0.978996 0.762008
vt 0.948155 0.001953
vt 0.948155 0.164520
vt 0.926494 0.533550
vt 0.924571 0.535315
vt 0.924571 0.405148
vt 0.926494 0.406795
vt 0.500757 0.891095
vt 0.501080 0.889200
vt 0.520958 0.891095
vt 0.521148 0.889200
vt 0.569990 0.461812
vt 0.569990 0.453717
vt 0.643399 0.445283
vt 0.643399 0.470246
vt 0.540212 0.452788
vt 0.540212 0.477751
vt 0.466803 0.469317
vt 0.466803 0.461222
vt 0.972461 0.605330
vt 0.964366 0.605330
vt 0.955932 0.531921
vt 0.980895 0.531921
vt 0.213386 0.776784
vt 0.213386 0.768689
vt 0.286795 0.760255
vt 0.286795 0.785218
vt 0.361592 0.026215
vt 0.369660 0.026215
vt 0.369660 0.034283
vt 0.361592 0.034283
vt 0.972461 0.760273
vt 0.964366 0.760273
vt 0.955932 0.686864
vt 0.980895 0.686864
vt 0.291283 0.786787
vt 0.291283 0.761824
vt 0.364692 0.770258
vt 0.364692 0.778353
vt 0.644346 0.482809
vt 0.644346 0.474714
vt 0.717755 0.466280
vt 0.717755 0.491243
vt 0.335354 0.226405
vt 0.335354 0.234500
vt 0.261945 0.242935
vt 0.261945 0.217972
vt 0.361592 0.001953
vt 0.369660 0.001953
vt 0.369660 0.010022
vt 0.361592 0.010022
vt 0.291283 0.757239
vt 0.291283 0.749144
vt 0.364692 0.740710
vt 0.364692 0.765673
vt 0.412174 0.522264
vt 0.412174 0.497301
vt 0.485583 0.505735
vt 0.485583 0.513830
vt 0.286795 0.747575
vt 0.286795 0.755670
vt 0.213386 0.764104
vt 0.213386 0.739141
vt 0.485583 0.476060
vt 0.485583 0.484155
vt 0.412174 0.492589
vt 0.412174 0.467626
vt 0.369660 0.022152
vt 0.361592 0.022152
vt 0.361592 0.014084
vt 0.369660 0.014084
vt 0.972461 0.682802
vt 0.964366 0.682802
vt 0.955932 0.609393
vt 0.980895 0.609393
vt 0.540212 0.482463
vt 0.540212 0.507426
vt 0.466803 0.498992
vt 0.466803 0.490897
vt 0.070745 0.168353
vt 0.070745 0.160258
vt 0.144154 0.151824
vt 0.144154 0.176787
vt 0.184049 0.234500
vt 0.184049 0.226405
vt 0.257458 0.217971
vt 0.257458 0.242934
vt 0.346393 0.140760
vt 0.338324 0.140760
vt 0.338324 0.132691
vt 0.346393 0.132691
vt 0.955932 0.160162
vt 0.960737 0.160162
vt 0.960737 0.184317
vt 0.955932 0.184317
vt 0.960737 0.209786
vt 0.955932 0.209786
vt 0.955932 0.236160
vt 0.960737 0.236160
vt 0.960737 0.263035
vt 0.955932 0.263035
vt 0.965036 0.001953
vt 0.969797 0.001953
vt 0.969797 0.519389
vt 0.965036 0.519389
vt 0.955932 0.058068
vt 0.960737 0.058068
vt 0.960737 0.077426
vt 0.955932 0.077426
vt 0.955932 0.038542
vt 0.960737 0.038542
vt 0.641616 0.840609
vt 0.641616 0.845370
vt 0.424314 0.845370
vt 0.424314 0.840609
vt 0.955932 0.001953
vt 0.960737 0.001953
vt 0.960737 0.018861
vt 0.955932 0.018861
vt 0.955932 0.137771
vt 0.960737 0.137771
vt 0.955932 0.116777
vt 0.960737 0.116777
vt 0.960737 0.096797
vt 0.955932 0.096797
vt 0.519391 0.450651
vt 0.502571 0.228216
vt 0.519321 0.233349
vt 0.260672 0.248877
vt 0.001953 0.450651
vt 0.287297 0.247533
vt 0.313426 0.244149
vt 0.338657 0.239358
vt 0.362587 0.233787
vt 0.384769 0.228072
vt 0.405568 0.223027
vt 0.425362 0.219413
vt 0.444552 0.217972
vt 0.463730 0.219414
vt 0.483073 0.223063
vt 0.439457 0.213909
vt 0.418844 0.213909
vt 0.418844 0.188607
vt 0.439457 0.188607
vt 0.397390 0.213909
vt 0.374673 0.213909
vt 0.393302 0.188607
vt 0.397388 0.188607
vt 0.350274 0.213909
vt 0.350274 0.200803
vt 0.368468 0.200803
vt 0.324612 0.213909
vt 0.324612 0.200803
vt 0.298110 0.213909
vt 0.298110 0.200803
vt 0.271187 0.213909
vt 0.271187 0.200803
vt 0.974141 0.163171
vt 0.978166 0.163171
vt 0.978166 0.187112
vt 0.974141 0.187112
vt 0.978166 0.212321
vt 0.974141 0.212321
vt 0.974141 0.238389
vt 0.978166 0.238389
vt 0.978166 0.264906
vt 0.974141 0.264906
vt 0.974141 0.061004
vt 0.978166 0.061004
vt 0.978166 0.080486
vt 0.974141 0.080486
vt 0.974141 0.041425
vt 0.978166 0.041425
vt 0.442017 0.853463
vt 0.445983 0.849497
vt 0.663284 0.849427
vt 0.666280 0.853463
vt 0.974141 0.001953
vt 0.978166 0.001953
vt 0.978166 0.021798
vt 0.974141 0.021798
vt 0.974141 0.140924
vt 0.978166 0.140924
vt 0.974141 0.119988
vt 0.978166 0.119988
vt 0.978166 0.099975
vt 0.974141 0.099975
vt 0.221103 0.478517
vt 0.001953 0.454713
vt 0.226640 0.454716
vt 0.216353 0.503554
vt 0.213009 0.529413
vt 0.211688 0.555681
vt 0.368468 0.154079
vt 0.350274 0.154079
vt 0.350274 0.148954
vt 0.374669 0.148954
vt 0.324612 0.154079
vt 0.324612 0.148954
vt 0.298110 0.154079
vt 0.298110 0.148954
vt 0.271187 0.154079
vt 0.271187 0.148954
vt 0.001953 0.656648
vt 0.751500 0.527323
vt 0.722698 0.385828
vt 0.722698 0.143448
vt 0.751500 0.001953
vt 0.832780 0.780817
vt 0.832780 0.957811
vt 0.830488 0.957811
vt 0.830488 0.780817
vt 0.864854 0.755742
vt 0.836052 0.776756
vt 0.836052 0.552494
vt 0.864854 0.578747
vt 0.158932 0.824016
vt 0.001953 0.824016
vt 0.001953 0.821724
vt 0.158932 0.821724
vt 0.420188 0.843981
vt 0.213386 0.843981
vt 0.242188 0.822967
vt 0.399173 0.822967
vt 0.595245 0.870753
vt 0.595245 0.873045
vt 0.418244 0.873045
vt 0.418244 0.870753
vt 0.945585 0.417334
vt 0.924571 0.396319
vt 0.924571 0.219324
vt 0.945585 0.193070
vt 0.894221 0.566746
vt 0.894221 0.409762
vt 0.920475 0.380960
vt 0.920475 0.587761
vt 0.158939 0.828079
vt 0.158939 0.830370
vt 0.001953 0.830370
vt 0.001953 0.828079
vt 0.408085 0.611697
vt 0.231090 0.611697
vt 0.231090 0.454713
vt 0.408085 0.454713
vt 0.520228 0.213909
vt 0.520228 0.188607
vt 0.524285 0.188607
vt 0.540420 0.213909
vt 0.524285 0.019392
vt 0.520228 0.019392
vt 0.520228 0.001953
vt 0.540420 0.001953
vt 0.459650 0.213909
vt 0.459650 0.188607
vt 0.479842 0.188607
vt 0.479842 0.213909
vt 0.500035 0.188607
vt 0.500035 0.213909
vt 0.397388 0.001953
vt 0.397388 0.019392
vt 0.393302 0.019392
vt 0.374669 0.001953
vt 0.389434 0.736648
vt 0.231090 0.736648
vt 0.231090 0.715534
vt 0.389434 0.715534
vt 0.231090 0.695248
vt 0.389434 0.695248
vt 0.231090 0.675376
vt 0.389434 0.675376
vt 0.231090 0.655504
vt 0.389434 0.655504
vt 0.231090 0.635632
vt 0.389434 0.635632
vt 0.231090 0.615760
vt 0.389434 0.615760
vt 0.544699 0.527323
vt 0.565714 0.507102
vt 0.722698 0.507102
vt 0.544699 0.365607
vt 0.565714 0.385828
vt 0.688124 0.365605
vt 0.158936 0.834433
vt 0.158936 0.836725
vt 0.001953 0.836725
vt 0.001953 0.834433
vt 0.910408 0.811092
vt 0.912700 0.811092
vt 0.912700 0.932366
vt 0.910408 0.932366
vt 0.910914 0.230701
vt 0.913205 0.230701
vt 0.913205 0.351975
vt 0.910914 0.351975
vt 0.001953 0.849434
vt 0.001953 0.847142
vt 0.158933 0.847142
vt 0.158933 0.849434
vt 0.001953 0.660711
vt 0.158937 0.660711
vt 0.158937 0.781985
vt 0.001953 0.781985
vt 0.571383 0.793948
vt 0.393964 0.793948
vt 0.393964 0.692431
vt 0.571383 0.692431
vt 0.713415 0.389890
vt 0.692521 0.416144
vt 0.591005 0.416144
vt 0.569990 0.389890
vt 0.905349 0.583356
vt 0.926364 0.609609
vt 0.926364 0.787029
vt 0.905349 0.808044
vt 0.792046 0.365538
vt 0.813060 0.386553
vt 0.813060 0.488069
vt 0.792046 0.508964
vt 0.213386 0.818904
vt 0.234401 0.798010
vt 0.411820 0.798010
vt 0.438073 0.818904
vt 0.569990 0.134914
vt 0.569990 0.132620
vt 0.671504 0.132620
vt 0.671504 0.134915
vt 0.852744 0.771591
vt 0.855038 0.771591
vt 0.855041 0.949008
vt 0.852747 0.949008
vt 0.569990 0.122198
vt 0.569990 0.119904
vt 0.671507 0.119906
vt 0.671507 0.122200
vt 0.848462 0.953803
vt 0.846168 0.953803
vt 0.846170 0.776388
vt 0.848464 0.776388
vt 0.500035 0.019392
vt 0.500035 0.001953
vt 0.479842 0.019392
vt 0.479842 0.001953
vt 0.459650 0.019392
vt 0.459650 0.001953
vt 0.439457 0.019392
vt 0.439457 0.001953
vt 0.418844 0.019392
vt 0.418844 0.001953
vt 0.955932 0.365909
vt 0.955932 0.341754
vt 0.960737 0.341754
vt 0.960737 0.365909
vt 0.955932 0.316285
vt 0.960737 0.316285
vt 0.955932 0.289910
vt 0.960737 0.289910
vt 0.955932 0.468003
vt 0.955932 0.448645
vt 0.960737 0.448645
vt 0.960737 0.468003
vt 0.955932 0.487529
vt 0.960737 0.487529
vt 0.638584 0.836547
vt 0.421279 0.836547
vt 0.421279 0.831786
vt 0.638584 0.831786
vt 0.955932 0.524117
vt 0.955932 0.507210
vt 0.960737 0.507210
vt 0.960737 0.524117
vt 0.955932 0.388300
vt 0.960737 0.388300
vt 0.955932 0.409294
vt 0.960737 0.409294
vt 0.955932 0.429274
vt 0.960737 0.429274
vt 0.002023 0.233349
vt 0.018774 0.228216
vt 0.234048 0.247533
vt 0.207919 0.244149
vt 0.182687 0.239358
vt 0.158758 0.233787
vt 0.136575 0.228072
vt 0.115777 0.223027
vt 0.095983 0.219413
vt 0.076793 0.217972
vt 0.057615 0.219414
vt 0.038271 0.223063
vt 0.022146 0.213909
vt 0.001953 0.213909
vt 0.018088 0.188607
vt 0.022146 0.188607
vt 0.042338 0.213909
vt 0.042338 0.188607
vt 0.062531 0.213909
vt 0.062531 0.188607
vt 0.082723 0.213909
vt 0.082723 0.188607
vt 0.102916 0.213909
vt 0.102916 0.188607
vt 0.144983 0.213909
vt 0.123529 0.213909
vt 0.123529 0.188607
vt 0.144985 0.188607
vt 0.974141 0.366641
vt 0.974141 0.342701
vt 0.978166 0.342701
vt 0.978166 0.366641
vt 0.974141 0.317492
vt 0.978166 0.317492
vt 0.974141 0.291423
vt 0.978166 0.291423
vt 0.974141 0.468808
vt 0.974141 0.449326
vt 0.978166 0.449326
vt 0.978166 0.468808
vt 0.974141 0.488387
vt 0.978166 0.488387
vt 0.437652 0.853402
vt 0.213386 0.853402
vt 0.216382 0.849366
vt 0.433687 0.849437
vt 0.974141 0.527859
vt 0.974141 0.508014
vt 0.978166 0.508014
vt 0.978166 0.527859
vt 0.974141 0.388888
vt 0.978166 0.388888
vt 0.974141 0.409824
vt 0.978166 0.409824
vt 0.974141 0.429837
vt 0.978166 0.429837
vt 0.221103 0.632845
vt 0.226640 0.656646
vt 0.216353 0.607808
vt 0.213009 0.581949
vt 0.173905 0.154079
vt 0.167704 0.148954
vt 0.192099 0.148954
vt 0.192099 0.154079
vt 0.217761 0.148954
vt 0.217761 0.154079
vt 0.244263 0.148954
vt 0.244263 0.154079
vt 0.244263 0.213909
vt 0.244263 0.200803
vt 0.217761 0.213909
vt 0.217761 0.200803
vt 0.192099 0.213909
vt 0.192099 0.200803
vt 0.167700 0.213909
vt 0.173905 0.200803
vt 0.237160 0.873021
vt 0.237160 0.870729
vt 0.414158 0.870730
vt 0.414158 0.873021
vt 0.847686 0.554982
vt 0.847686 0.377987
vt 0.876488 0.351734
vt 0.876488 0.575997
vt 0.158937 0.815370
vt 0.158937 0.817662
vt 0.001953 0.817662
vt 0.001953 0.815370
vt 0.628585 0.798010
vt 0.607570 0.819025
vt 0.450586 0.819025
vt 0.421785 0.798010
vt 0.001953 0.877099
vt 0.178955 0.877099
vt 0.178955 0.879391
vt 0.001953 0.879391
vt 0.951655 0.419599
vt 0.951655 0.643862
vt 0.930641 0.617608
vt 0.930641 0.440614
vt 0.880564 0.201603
vt 0.906818 0.180589
vt 0.906818 0.387390
vt 0.880564 0.358588
vt 0.001953 0.809015
vt 0.158943 0.809015
vt 0.158944 0.811307
vt 0.001953 0.811307
vt 0.589168 0.531385
vt 0.589168 0.688369
vt 0.412174 0.688369
vt 0.412174 0.531385
vt 0.018088 0.019392
vt 0.001953 0.001953
vt 0.022146 0.001953
vt 0.022146 0.019392
vt 0.834535 0.522521
vt 0.834535 0.365540
vt 0.838604 0.365540
vt 0.838604 0.522521
vt 0.078598 0.794179
vt 0.099609 0.794179
vt 0.099608 0.798249
vt 0.078598 0.798249
vt 0.144985 0.001953
vt 0.167704 0.001953
vt 0.149071 0.019392
vt 0.144985 0.019392
vt 0.149071 0.188607
vt 0.705432 0.811020
vt 0.705432 0.813796
vt 0.685544 0.813796
vt 0.685544 0.811020
vt 0.725339 0.811020
vt 0.725339 0.813796
vt 0.745259 0.813796
vt 0.745259 0.811020
vt 0.645422 0.811020
vt 0.645422 0.813796
vt 0.624345 0.813796
vt 0.624345 0.811020
vt 0.665680 0.811020
vt 0.665680 0.813796
vt 0.689290 0.800038
vt 0.669947 0.800038
vt 0.669947 0.795969
vt 0.689290 0.795969
vt 0.651148 0.800038
vt 0.651148 0.795969
vt 0.632712 0.800038
vt 0.632712 0.795969
vt 0.752543 0.800038
vt 0.730368 0.800038
vt 0.730368 0.795969
vt 0.752543 0.795969
vt 0.709357 0.800038
vt 0.709357 0.795969
vt 0.397505 0.023455
vt 0.418619 0.023455
vt 0.418619 0.181799
vt 0.397505 0.181799
vt 0.438905 0.023455
vt 0.438905 0.181799
vt 0.458777 0.023455
vt 0.458777 0.181799
vt 0.478649 0.023455
vt 0.478649 0.181799
vt 0.498521 0.023455
vt 0.498521 0.181799
vt 0.518393 0.023455
vt 0.518393 0.181799
vt 0.544699 0.001953
vt 0.722698 0.022174
vt 0.565714 0.022174
vt 0.565714 0.143448
vt 0.544699 0.163668
vt 0.688124 0.163670
vt 0.599328 0.870738
vt 0.756315 0.870738
vt 0.756315 0.873030
vt 0.599328 0.873030
vt 0.569990 0.500698
vt 0.691264 0.500698
vt 0.691264 0.502990
vt 0.569990 0.502990
vt 0.901809 0.933378
vt 0.901809 0.812104
vt 0.904101 0.812104
vt 0.904101 0.933378
vt 0.158929 0.843079
vt 0.001953 0.843079
vt 0.001953 0.840787
vt 0.158929 0.840787
vt 0.710608 0.531385
vt 0.831883 0.531385
vt 0.831883 0.688369
vt 0.710608 0.688369
vt 0.857143 0.361478
vt 0.755626 0.361478
vt 0.755626 0.184059
vt 0.857143 0.184059
vt 0.321404 0.184395
vt 0.177979 0.184395
vt 0.198993 0.158141
vt 0.300509 0.158141
vt 0.910914 0.226641
vt 0.910914 0.001953
vt 0.931928 0.022968
vt 0.931928 0.200387
vt 0.713415 0.441221
vt 0.569990 0.441221
vt 0.590884 0.420206
vt 0.692400 0.420206
vt 0.951535 0.647919
vt 0.951535 0.872606
vt 0.930641 0.846352
vt 0.930641 0.668934
vt 0.540504 0.526005
vt 0.438982 0.526005
vt 0.438982 0.523711
vt 0.540504 0.523711
vt 0.861617 0.766793
vt 0.861614 0.944215
vt 0.859320 0.944215
vt 0.859323 0.766793
vt 0.569990 0.126264
vt 0.671507 0.126262
vt 0.671507 0.128556
vt 0.569990 0.128558
vt 0.826206 0.692431
vt 0.826208 0.869847
vt 0.823914 0.869847
vt 0.823912 0.692431
vt 0.042338 0.001953
vt 0.042338 0.019392
vt 0.062531 0.001953
vt 0.062531 0.019392
vt 0.082723 0.001953
vt 0.082723 0.019392
vt 0.102916 0.001953
vt 0.102916 0.019392
vt 0.123529 0.001953
vt 0.123529 0.019392
vt 0.651340 0.804101
vt 0.651340 0.806957
vt 0.631420 0.806957
vt 0.631420 0.804101
vt 0.671248 0.804101
vt 0.671248 0.806957
vt 0.691137 0.804101
vt 0.691137 0.806957
vt 0.711000 0.804101
vt 0.711000 0.806957
vt 0.731259 0.804101
vt 0.731259 0.806957
vt 0.752337 0.806957
vt 0.752337 0.804101
vt 0.621584 0.813796
vt 0.955932 0.912583
vt 0.955932 0.750015
vt 0.958764 0.752846
vt 0.958764 0.909831
vt 0.628665 0.806957
vt 0.755097 0.806957
vt 0.448768 0.889200
vt 0.467859 0.889200
vt 0.468213 0.891145
vt 0.449122 0.891145
vt 0.020389 0.794179
vt 0.020389 0.798249
vt 0.001953 0.798249
vt 0.001953 0.794179
vt 0.429479 0.889200
vt 0.429834 0.891145
vt 0.039188 0.794179
vt 0.039188 0.798249
vt 0.409893 0.889200
vt 0.410247 0.891145
vt 0.058530 0.794179
vt 0.058530 0.798249
vt 0.389910 0.889200
vt 0.390264 0.891145
vt 0.369223 0.889200
vt 0.369577 0.891145
vt 0.347522 0.889200
vt 0.347876 0.891145
vt 0.121783 0.794179
vt 0.121783 0.798249
vt 0.817337 0.365540
vt 0.821406 0.365540
vt 0.821406 0.522520
vt 0.817337 0.522520
vt 0.471675 0.889200
vt 0.470838 0.891145
vt 0.343382 0.889200
vt 0.345028 0.891145
vt 0.887140 0.764991
vt 0.889986 0.762160
vt 0.889986 0.924725
vt 0.887140 0.921973
vt 0.748014 0.813796
vt 0.657013 0.891101
vt 0.657367 0.889180
vt 0.677354 0.889180
vt 0.676999 0.891101
vt 0.636315 0.891101
vt 0.636670 0.889180
vt 0.614953 0.889180
vt 0.614599 0.891101
vt 0.610456 0.891101
vt 0.612103 0.889180
vt 0.926228 0.961576
vt 0.924065 0.960292
vt 0.924065 0.797726
vt 0.926229 0.796478
vt 0.340042 0.883453
vt 0.338794 0.885656
vt 0.176228 0.885656
vt 0.174944 0.883454
vt 0.734922 0.891101
vt 0.735277 0.889180
vt 0.737899 0.889180
vt 0.738734 0.891101
vt 0.715852 0.891101
vt 0.716206 0.889180
vt 0.696578 0.891101
vt 0.696933 0.889180
vt 0.982234 0.523352
vt 0.982237 0.005919
vt 0.986202 0.001953
vt 0.986200 0.527318
vt 0.172988 0.048610
vt 0.357267 0.002064
vt 0.171909 0.063724
vt 0.175758 0.033625
vt 0.179643 0.018707
vt 0.184534 0.001953
vt 0.179492 0.110024
vt 0.357267 0.128616
vt 0.184110 0.128712
vt 0.175722 0.094215
vt 0.172984 0.078870
vt 0.266994 0.877099
vt 0.266994 0.879373
vt 0.246934 0.879373
vt 0.246927 0.877099
vt 0.226625 0.877099
vt 0.226627 0.879373
vt 0.205985 0.877099
vt 0.205991 0.879373
vt 0.183037 0.877099
vt 0.184407 0.879373
vt 0.538629 0.877107
vt 0.707366 0.877107
vt 0.705660 0.879353
vt 0.540335 0.879353
vt 0.329778 0.877099
vt 0.355200 0.877099
vt 0.353781 0.879373
vt 0.329767 0.879373
vt 0.307926 0.877099
vt 0.307913 0.879373
vt 0.287120 0.877099
vt 0.287111 0.879373
vt 0.231419 0.870693
vt 0.232851 0.873037
vt 0.001953 0.873037
vt 0.003658 0.870790
vt 0.466993 0.864331
vt 0.465616 0.866690
vt 0.238359 0.866578
vt 0.236654 0.864332
vt 0.426544 0.883435
vt 0.426544 0.885138
vt 0.406753 0.885138
vt 0.406753 0.883436
vt 0.386653 0.885138
vt 0.386653 0.883435
vt 0.366253 0.885138
vt 0.366253 0.883435
vt 0.345665 0.885138
vt 0.344394 0.883435
vt 0.001953 0.891465
vt 0.003655 0.889763
vt 0.165584 0.889762
vt 0.167286 0.891464
vt 0.512768 0.883435
vt 0.511443 0.885138
vt 0.488534 0.885138
vt 0.488534 0.883435
vt 0.466944 0.885138
vt 0.466944 0.883435
vt 0.446421 0.885138
vt 0.446421 0.883435
vt 0.992030 0.460173
vt 0.990327 0.461500
vt 0.990327 0.233753
vt 0.992030 0.235455
vt 0.990327 0.696850
vt 0.992030 0.698113
vt 0.992030 0.922383
vt 0.990327 0.924085
vt 0.239226 0.188457
vt 0.239225 0.193144
vt 0.219123 0.193144
vt 0.219163 0.188457
vt 0.199133 0.193144
vt 0.199152 0.188457
vt 0.177979 0.193144
vt 0.177979 0.188457
vt 0.819444 0.919658
vt 0.814808 0.919658
vt 0.814808 0.692431
vt 0.819443 0.692432
vt 0.740881 0.778572
vt 0.740881 0.783208
vt 0.575554 0.783208
vt 0.575554 0.778572
vt 0.523455 0.217972
vt 0.528090 0.217972
vt 0.528090 0.445714
vt 0.523455 0.445714
vt 0.345115 0.188457
vt 0.345115 0.193144
vt 0.321348 0.193144
vt 0.321355 0.188457
vt 0.300057 0.193144
vt 0.300089 0.188457
vt 0.279559 0.193144
vt 0.279559 0.188457
vt 0.259368 0.193144
vt 0.259368 0.188457
vt 0.872977 0.870127
vt 0.872977 0.849756
vt 0.875751 0.849756
vt 0.875751 0.870127
vt 0.872977 0.829341
vt 0.875751 0.829341
vt 0.872977 0.808659
vt 0.875751 0.808671
vt 0.872977 0.787350
vt 0.875751 0.787353
vt 0.872977 0.762163
vt 0.875751 0.762163
vt 0.985990 0.936538
vt 0.983246 0.936538
vt 0.983246 0.705665
vt 0.985990 0.705665
vt 0.382119 0.790849
vt 0.382119 0.793593
vt 0.213386 0.793593
vt 0.213386 0.790849
vt 0.471861 0.860269
vt 0.471861 0.857525
vt 0.702165 0.857525
vt 0.702165 0.860269
vt 0.872977 0.933012
vt 0.872977 0.910430
vt 0.875751 0.910437
vt 0.875751 0.933012
vt 0.872977 0.890323
vt 0.875751 0.890337
vt 0.444995 0.879326
vt 0.424774 0.879326
vt 0.424774 0.877107
vt 0.444995 0.877107
vt 0.402070 0.879326
vt 0.402070 0.877107
vt 0.380946 0.879326
vt 0.380946 0.877107
vt 0.359569 0.879326
vt 0.359569 0.877107
vt 0.170690 0.883454
vt 0.168984 0.885700
vt 0.003659 0.885700
vt 0.001953 0.883454
vt 0.510918 0.879326
vt 0.510918 0.877107
vt 0.534535 0.877107
vt 0.534535 0.879326
vt 0.488107 0.879326
vt 0.488107 0.877107
vt 0.466338 0.879326
vt 0.466338 0.877107
vt 0.472787 0.864332
vt 0.700550 0.864429
vt 0.702255 0.866676
vt 0.471355 0.866676
vt 0.232284 0.866630
vt 0.001953 0.866630
vt 0.003658 0.864384
vt 0.230907 0.864271
vt 0.603049 0.883416
vt 0.622874 0.883416
vt 0.622874 0.885118
vt 0.603049 0.885118
vt 0.643004 0.883416
vt 0.643004 0.885118
vt 0.663408 0.883416
vt 0.663408 0.885118
vt 0.685260 0.883416
vt 0.683989 0.885118
vt 0.337231 0.891421
vt 0.171909 0.891421
vt 0.173611 0.889719
vt 0.335529 0.889719
vt 0.516879 0.883416
vt 0.541120 0.883416
vt 0.541120 0.885118
vt 0.518204 0.885118
vt 0.562706 0.883416
vt 0.562706 0.885118
vt 0.583196 0.883416
vt 0.583196 0.885118
vt 0.990327 0.228365
vt 0.990327 0.003655
vt 0.992030 0.001953
vt 0.992030 0.229693
vt 0.990327 0.692790
vt 0.990327 0.465559
vt 0.992030 0.467261
vt 0.992030 0.691527
vt 0.866030 0.290894
vt 0.866030 0.310956
vt 0.861343 0.310996
vt 0.861343 0.290894
vt 0.866030 0.330967
vt 0.861343 0.330986
vt 0.866030 0.352140
vt 0.861343 0.352140
vt 0.639403 0.827723
vt 0.412174 0.827723
vt 0.412174 0.823087
vt 0.639403 0.823087
vt 0.575554 0.787270
vt 0.740879 0.787270
vt 0.740879 0.791906
vt 0.575554 0.791906
vt 0.532559 0.445710
vt 0.532559 0.217972
vt 0.537195 0.217972
vt 0.537195 0.445710
vt 0.866030 0.185004
vt 0.866030 0.208764
vt 0.861343 0.208771
vt 0.861343 0.185004
vt 0.866030 0.230030
vt 0.861343 0.230062
vt 0.866030 0.250560
vt 0.861343 0.250560
vt 0.866030 0.270751
vt 0.861343 0.270751
vt 0.901303 0.064839
vt 0.904077 0.064838
vt 0.904077 0.085210
vt 0.901303 0.085210
vt 0.904077 0.105624
vt 0.901303 0.105624
vt 0.904077 0.126295
vt 0.901303 0.126306
vt 0.904077 0.147613
vt 0.901303 0.147615
vt 0.904077 0.172803
vt 0.901303 0.172803
vt 0.232831 0.860209
vt 0.001953 0.860209
vt 0.001953 0.857465
vt 0.232831 0.857465
vt 0.880058 0.930906
vt 0.880058 0.762163
vt 0.882802 0.762163
vt 0.882802 0.930906
vt 0.237160 0.857525
vt 0.467469 0.857525
vt 0.467469 0.860269
vt 0.237160 0.860269
vt 0.901303 0.001953
vt 0.904077 0.001953
vt 0.904077 0.024528
vt 0.901303 0.024535
vt 0.904077 0.044628
vt 0.901303 0.044642
vt 0.348801 0.930416
vt 0.331105 0.930416
vt 0.348802 0.919455
vt 0.331105 0.919455
vt 0.376374 0.930416
vt 0.366457 0.930416
vt 0.376374 0.919455
vt 0.366457 0.919455
vt 0.425549 0.930416
vt 0.415632 0.930416
vt 0.425549 0.919455
vt 0.415632 0.919455
vt 0.408820 0.930416
vt 0.383186 0.930416
vt 0.408820 0.919455
vt 0.383185 0.919455
vt 0.353078 0.919455
vt 0.360316 0.919455
vt 0.353078 0.930416
vt 0.360317 0.930416
vt 0.433705 0.919455
vt 0.467583 0.919455
vt 0.433705 0.930416
vt 0.467583 0.930416
vt 0.303533 0.930416
vt 0.303533 0.919455
vt 0.313450 0.930416
vt 0.313450 0.919455
vt 0.254358 0.930416
vt 0.254358 0.919455
vt 0.264275 0.930416
vt 0.264275 0.919455
vt 0.271087 0.930416
vt 0.271087 0.919455
vt 0.296721 0.930416
vt 0.296721 0.919455
vt 0.326829 0.919455
vt 0.326829 0.930416
vt 0.319590 0.919455
vt 0.319590 0.930416
vt 0.246202 0.919455
vt 0.246202 0.930416
vt 0.212324 0.919455
vt 0.212324 0.930416
vt 0.711635 0.983158
vt 0.711635 0.949280
vt 0.738965 0.983158
vt 0.738965 0.949280
vt 0.705868 0.943512
vt 0.744732 0.943512
vt 0.695951 0.943512
vt 0.691134 0.938696
vt 0.691134 0.913061
vt 0.695951 0.908245
vt 0.705868 0.908245
vt 0.710569 0.904294
vt 0.713130 0.897524
vt 0.716452 0.894831
vt 0.734148 0.894831
vt 0.737470 0.897524
vt 0.740032 0.904294
vt 0.744732 0.908245
vt 0.754649 0.908245
vt 0.759466 0.913061
vt 0.754649 0.943512
vt 0.759466 0.938696
vt 0.791318 0.908253
vt 0.791318 0.942131
vt 0.763988 0.908253
vt 0.763988 0.942131
vt 0.797085 0.947899
vt 0.758220 0.947899
vt 0.807002 0.947899
vt 0.811819 0.952715
vt 0.811819 0.978350
vt 0.807002 0.983166
vt 0.797085 0.983166
vt 0.792384 0.987116
vt 0.789823 0.993887
vt 0.786501 0.996580
vt 0.768804 0.996580
vt 0.765483 0.993887
vt 0.762921 0.987116
vt 0.758220 0.983166
vt 0.748303 0.983166
vt 0.743487 0.978350
vt 0.748303 0.947899
vt 0.743487 0.952715
vt 0.348801 0.946951
vt 0.331105 0.946951
vt 0.348802 0.935990
vt 0.331105 0.935990
vt 0.376374 0.946951
vt 0.366457 0.946951
vt 0.376374 0.935990
vt 0.366457 0.935990
vt 0.425549 0.946951
vt 0.415632 0.946951
vt 0.425549 0.935990
vt 0.415632 0.935990
vt 0.408820 0.946951
vt 0.383186 0.946951
vt 0.408820 0.935990
vt 0.383185 0.935990
vt 0.353078 0.935990
vt 0.360316 0.935990
vt 0.353078 0.946951
vt 0.360317 0.946951
vt 0.433705 0.935990
vt 0.467583 0.935990
vt 0.433705 0.946951
vt 0.467583 0.946951
vt 0.303533 0.946951
vt 0.303533 0.935990
vt 0.313450 0.946951
vt 0.313450 0.935990
vt 0.254358 0.946951
vt 0.254358 0.935990
vt 0.264275 0.946951
vt 0.264275 0.935990
vt 0.271087 0.946951
vt 0.271087 0.935990
vt 0.296721 0.946951
vt 0.296721 0.935990
vt 0.326829 0.935990
vt 0.326829 0.946951
vt 0.319591 0.935990
vt 0.319590 0.946951
vt 0.246202 0.935990
vt 0.246202 0.946951
vt 0.212324 0.935990
vt 0.212324 0.946951
vt 0.500035 0.983158
vt 0.500035 0.949280
vt 0.527365 0.983158
vt 0.527365 0.949280
vt 0.494267 0.943512
vt 0.533132 0.943512
vt 0.484350 0.943512
vt 0.479534 0.938696
vt 0.479534 0.913061
vt 0.484350 0.908245
vt 0.494267 0.908245
vt 0.498968 0.904294
vt 0.501530 0.897524
vt 0.504851 0.894831
vt 0.522548 0.894831
vt 0.525869 0.897524
vt 0.528431 0.904294
vt 0.533132 0.908245
vt 0.543049 0.908245
vt 0.547866 0.913061
vt 0.543049 0.943512
vt 0.547866 0.938696
vt 0.579717 0.908253
vt 0.579717 0.942131
vt 0.552387 0.908253
vt 0.552387 0.942131
vt 0.585485 0.947899
vt 0.546620 0.947899
vt 0.595402 0.947899
vt 0.600218 0.952715
vt 0.600218 0.978350
vt 0.595402 0.983166
vt 0.585485 0.983166
vt 0.580784 0.987116
vt 0.578222 0.993887
vt 0.574901 0.996580
vt 0.557204 0.996580
vt 0.553883 0.993887
vt 0.551321 0.987116
vt 0.546620 0.983166
vt 0.536703 0.983166
vt 0.531886 0.978350
vt 0.536703 0.947899
vt 0.531886 0.952715
vt 0.348801 0.963330
vt 0.331105 0.963330
vt 0.348802 0.952369
vt 0.331105 0.952369
vt 0.376374 0.963330
vt 0.366457 0.963330
vt 0.376374 0.952369
vt 0.366457 0.952369
vt 0.425549 0.963330
vt 0.415632 0.963330
vt 0.425549 0.952369
vt 0.415632 0.952369
vt 0.408820 0.963330
vt 0.383186 0.963330
vt 0.408820 0.952369
vt 0.383185 0.952369
vt 0.353078 0.952369
vt 0.360316 0.952369
vt 0.353078 0.963330
vt 0.360317 0.963330
vt 0.433705 0.952369
vt 0.467583 0.952369
vt 0.433705 0.963330
vt 0.467583 0.963330
vt 0.303533 0.963330
vt 0.303533 0.952369
vt 0.313450 0.963330
vt 0.313450 0.952369
vt 0.254358 0.963330
vt 0.254358 0.952369
vt 0.264275 0.963330
vt 0.264275 0.952369
vt 0.271087 0.963330
vt 0.271087 0.952369
vt 0.296721 0.963330
vt 0.296721 0.952369
vt 0.326829 0.952369
vt 0.326829 0.963330
vt 0.319590 0.952369
vt 0.319590 0.963330
vt 0.246202 0.952369
vt 0.246202 0.963330
vt 0.212324 0.952369
vt 0.212324 0.963330
vt 0.606094 0.983158
vt 0.606094 0.949280
vt 0.633424 0.983158
vt 0.633424 0.949280
vt 0.600327 0.943512
vt 0.639191 0.943512
vt 0.590410 0.943512
vt 0.585593 0.938696
vt 0.585593 0.913061
vt 0.590410 0.908245
vt 0.600327 0.908245
vt 0.605028 0.904294
vt 0.607589 0.897524
vt 0.610911 0.894831
vt 0.628607 0.894831
vt 0.631929 0.897524
vt 0.634491 0.904294
vt 0.639191 0.908245
vt 0.649108 0.908245
vt 0.653925 0.913061
vt 0.649108 0.943512
vt 0.653925 0.938696
vt 0.685777 0.908253
vt 0.685777 0.942131
vt 0.658447 0.908253
vt 0.658447 0.942131
vt 0.691544 0.947899
vt 0.652680 0.947899
vt 0.701461 0.947899
vt 0.706278 0.952715
vt 0.706278 0.978350
vt 0.701461 0.983166
vt 0.691544 0.983166
vt 0.686843 0.987116
vt 0.684282 0.993887
vt 0.680960 0.996580
vt 0.663263 0.996580
vt 0.659942 0.993887
vt 0.657380 0.987116
vt 0.652680 0.983166
vt 0.642762 0.983166
vt 0.637946 0.978350
vt 0.642762 0.947899
vt 0.637946 0.952715
vt 0.671053 0.719795
vt 0.697483 0.719795
vt 0.671053 0.765662
vt 0.697483 0.765662
vt 0.723500 0.719795
vt 0.723500 0.765662
vt 0.748691 0.719795
vt 0.748691 0.765662
vt 0.766552 0.719795
vt 0.766552 0.765662
vt 0.644623 0.719795
vt 0.644623 0.765662
vt 0.618606 0.719795
vt 0.618606 0.765662
vt 0.593415 0.719795
vt 0.593415 0.765662
vt 0.575554 0.719795
vt 0.575554 0.765662
vt 0.548836 0.339812
vt 0.553586 0.314774
vt 0.660802 0.357563
vt 0.172988 0.048610
vt 0.357267 0.002064
vt 0.171909 0.063724
vt 0.175758 0.033625
vt 0.179643 0.018707
vt 0.184534 0.001953
vt 0.179492 0.110024
vt 0.357267 0.128616
vt 0.184110 0.128712
vt 0.175722 0.094215
vt 0.172984 0.078870
vt 0.569990 0.461812
vt 0.569990 0.453717
vt 0.643399 0.470246
vt 0.643399 0.445283
vt 0.540212 0.452788
vt 0.540212 0.477751
vt 0.466803 0.461222
vt 0.466803 0.469317
vt 0.972461 0.605330
vt 0.964366 0.605330
vt 0.980895 0.531921
vt 0.955932 0.531921
vt 0.213386 0.776784
vt 0.213386 0.768689
vt 0.286795 0.785218
vt 0.286795 0.760255
vt 0.361592 0.026215
vt 0.369660 0.026215
vt 0.361592 0.034283
vt 0.369660 0.034283
vt 0.972461 0.760273
vt 0.964366 0.760273
vt 0.980895 0.686864
vt 0.955932 0.686864
vt 0.291283 0.786787
vt 0.291283 0.761824
vt 0.364692 0.778353
vt 0.364692 0.770258
vt 0.644346 0.482809
vt 0.644346 0.474714
vt 0.717755 0.491243
vt 0.717755 0.466280
vt 0.335354 0.226405
vt 0.335354 0.234500
vt 0.261945 0.217972
vt 0.261945 0.242935
vt 0.361592 0.001953
vt 0.369660 0.001953
vt 0.361592 0.010022
vt 0.369660 0.010022
vt 0.291283 0.757239
vt 0.291283 0.749144
vt 0.364692 0.765673
vt 0.364692 0.740710
vt 0.412174 0.522264
vt 0.412174 0.497301
vt 0.485583 0.513830
vt 0.485583 0.505735
vt 0.286795 0.747575
vt 0.286795 0.755670
vt 0.213386 0.739141
vt 0.213386 0.764104
vt 0.485583 0.476060
vt 0.485583 0.484155
vt 0.412174 0.467626
vt 0.412174 0.492589
vt 0.369660 0.022152
vt 0.361592 0.022152
vt 0.369660 0.014084
vt 0.361592 0.014084
vt 0.972461 0.682802
vt 0.964366 0.682802
vt 0.980895 0.609393
vt 0.955932 0.609393
vt 0.540212 0.482463
vt 0.540212 0.507426
vt 0.466803 0.490897
vt 0.466803 0.498992
vt 0.070745 0.168353
vt 0.070745 0.160258
vt 0.144154 0.176787
vt 0.144154 0.151824
vt 0.184049 0.234500
vt 0.184049 0.226405
vt 0.257458 0.242934
vt 0.257458 0.217971
vt 0.346393 0.140760
vt 0.338324 0.140760
vt 0.346393 0.132691
vt 0.338324 0.132691
vt 0.058445 0.911623
vt 0.013956 0.911623
vt 0.058445 0.899054
vt 0.006214 0.899054
vt 0.086005 0.911623
vt 0.079258 0.911623
vt 0.086005 0.899054
vt 0.079258 0.899054
vt 0.072503 0.911623
vt 0.072503 0.899054
vt 0.065737 0.911623
vt 0.065737 0.899054
vt 0.155055 0.899054
vt 0.155055 0.911623
vt 0.113618 0.899054
vt 0.113618 0.911623
vt 0.181675 0.911623
vt 0.188542 0.899054
vt 0.092762 0.911623
vt 0.092762 0.899054
vt 0.099529 0.911623
vt 0.099529 0.899054
vt 0.106309 0.911623
vt 0.106309 0.899054
vt 0.061228 0.916106
vt 0.061228 0.943955
vt 0.019063 0.916106
vt 0.019063 0.943955
vt 0.013059 0.917300
vt 0.013059 0.942761
vt 0.008589 0.939774
vt 0.005602 0.935303
vt 0.004553 0.930031
vt 0.005602 0.924757
vt 0.008589 0.920287
vt 0.058445 0.963225
vt 0.013956 0.963225
vt 0.058445 0.950656
vt 0.006214 0.950656
vt 0.086005 0.963225
vt 0.079258 0.963225
vt 0.086005 0.950656
vt 0.079258 0.950656
vt 0.072503 0.963225
vt 0.072503 0.950656
vt 0.065737 0.963225
vt 0.065737 0.950656
vt 0.155055 0.950656
vt 0.155055 0.963225
vt 0.113618 0.950656
vt 0.113618 0.963225
vt 0.181675 0.963225
vt 0.188542 0.950656
vt 0.092762 0.963225
vt 0.092762 0.950656
vt 0.099529 0.963225
vt 0.099529 0.950656
vt 0.106309 0.963225
vt 0.106309 0.950656
vt 0.061228 0.967708
vt 0.061228 0.995557
vt 0.019063 0.967708
vt 0.019063 0.995557
vt 0.013059 0.968902
vt 0.013059 0.994363
vt 0.008589 0.991376
vt 0.005602 0.986906
vt 0.004553 0.981633
vt 0.005602 0.976360
vt 0.008589 0.971889
vt 0.259549 0.911623
vt 0.215060 0.911623
vt 0.259549 0.899054
vt 0.207319 0.899054
vt 0.287109 0.911623
vt 0.280362 0.911623
vt 0.287109 0.899054
vt 0.280362 0.899054
vt 0.273608 0.911623
vt 0.273608 0.899054
vt 0.266841 0.911623
vt 0.266841 0.899054
vt 0.356159 0.899054
vt 0.356159 0.911623
vt 0.314722 0.899054
vt 0.314722 0.911623
vt 0.382780 0.911623
vt 0.389647 0.899054
vt 0.293867 0.911623
vt 0.293867 0.899054
vt 0.300633 0.911623
vt 0.300633 0.899054
vt 0.307414 0.911623
vt 0.307414 0.899054
vt 0.123970 0.916106
vt 0.123970 0.943955
vt 0.081805 0.916106
vt 0.081806 0.943955
vt 0.075801 0.917300
vt 0.075801 0.942761
vt 0.071331 0.939774
vt 0.068344 0.935303
vt 0.067295 0.930031
vt 0.068344 0.924757
vt 0.071331 0.920287
vn -0.000001 -1.000000 -0.000001
vn -0.000001 -1.000000 -0.000001
vn -0.000000 -1.000000 -0.000005
vn -0.000000 -1.000000 -0.000005
vn -0.000001 -1.000000 -0.000001
vn -0.000000 -1.000000 -0.000005
vn -0.000001 -1.000000 -0.000006
vn -0.000001 -1.000000 -0.000006
vn -0.000001 -1.000000 -0.000001
vn -0.000001 -1.000000 -0.000001
vn -0.000001 -1.000000 -0.000006
vn -0.000001 -1.000000 -0.000001
vn -0.000001 -1.000000 0.000000
vn -0.000001 -1.000000 -0.000000
vn -0.000001 -1.000000 -0.000006
vn -0.000001 -1.000000 -0.000006
vn -0.000001 -1.000000 -0.000000
vn -0.000001 -1.000000 -0.000006
vn 0.000001 -1.000000 -0.000004
vn 0.000001 -1.000000 -0.000005
vn 0.000001 -1.000000 -0.000004
vn 0.000001 -1.000000 -0.000004
vn 0.000001 -1.000000 -0.000005
vn 0.000001 -1.000000 -0.000005
vn 0.000001 -1.000000 -0.000005
vn -0.000000 -1.000000 -0.000005
vn 0.000001 -1.000000 -0.000005
vn 0.000001 -1.000000 -0.000005
vn -0.000000 -1.000000 -0.000005
vn -0.000000 -1.000000 -0.000005
vn 1.000000 0.000000 0.000488
vn 1.000000 0.000000 0.000488
vn 1.000000 0.000000 0.000488
vn 1.000000 0.000000 0.000488
vn 1.000000 0.000000 0.000488
vn 1.000000 0.000000 0.000488
vn 0.131249 0.000000 0.991350
vn 0.000000 -0.000003 1.000000
vn 0.131249 -0.000000 0.991350
vn 0.131249 -0.000000 0.991350
vn 0.000000 -0.000003 1.000000
vn -0.000000 -0.000003 1.000000
vn 0.221331 0.000000 0.975199
vn 0.131249 0.000000 0.991350
vn 0.221331 0.000000 0.975199
vn 0.221331 0.000000 0.975199
vn 0.131249 0.000000 0.991350
vn 0.131249 -0.000000 0.991350
vn 0.260109 0.000000 0.965579
vn 0.258217 0.000000 0.966087
vn 0.221331 0.000000 0.975199
vn 0.221331 0.000000 0.975199
vn 0.258217 0.000000 0.966087
vn 0.221331 0.000000 0.975199
vn -0.209015 0.000000 0.977912
vn -0.237050 0.000000 0.971497
vn -0.209015 0.000000 0.977913
vn -0.209015 0.000000 0.977913
vn -0.237050 0.000000 0.971497
vn -0.237752 0.000000 0.971326
vn -0.128878 -0.000000 0.991660
vn -0.209015 0.000000 0.977912
vn -0.128878 0.000000 0.991660
vn -0.128878 0.000000 0.991660
vn -0.209015 0.000000 0.977912
vn -0.209015 0.000000 0.977913
vn 0.000000 -0.000003 1.000000
vn -0.128878 -0.000000 0.991660
vn -0.000000 -0.000003 1.000000
vn -0.000000 -0.000003 1.000000
vn -0.128878 -0.000000 0.991660
vn -0.128878 0.000000 0.991660
vn 0.221331 0.000000 0.975199
vn 0.258182 0.000000 0.966096
vn 0.221332 0.000000 0.975199
vn 0.221332 0.000000 0.975199
vn 0.258182 0.000000 0.966096
vn 0.260111 0.000000 0.965579
vn 0.131249 0.000000 0.991350
vn 0.221331 0.000000 0.975199
vn 0.131249 0.000000 0.991350
vn 0.131249 0.000000 0.991350
vn 0.221331 0.000000 0.975199
vn 0.221332 0.000000 0.975199
vn 0.000000 0.000000 1.000000
vn 0.131249 0.000000 0.991350
vn -0.000000 0.000000 1.000000
vn -0.000000 0.000000 1.000000
vn 0.131249 0.000000 0.991350
vn 0.131249 0.000000 0.991350
vn -0.128878 0.000000 0.991660
vn 0.000000 0.000000 1.000000
vn -0.128878 0.000000 0.991660
vn -0.128878 0.000000 0.991660
vn 0.000000 0.000000 1.000000
vn -0.000000 0.000000 1.000000
vn -0.209013 0.000000 0.977913
vn -0.128878 0.000000 0.991660
vn -0.209013 0.000001 0.977913
vn -0.209013 0.000001 0.977913
vn -0.128878 0.000000 0.991660
vn -0.128878 0.000000 0.991660
vn -0.237756 0.000012 0.971325
vn -0.237040 0.000011 0.971500
vn -0.209013 0.000001 0.977913
vn -0.209013 0.000001 0.977913
vn -0.237040 0.000011 0.971500
vn -0.209013 0.000000 0.977913
vn -0.237050 0.000000 0.971497
vn -0.249350 0.000000 0.968414
vn -0.237752 0.000000 0.971326
vn -0.249345 0.000000 0.968415
vn -0.249345 0.000000 0.968415
vn -0.249369 0.000000 0.968408
vn -0.249369 0.000000 0.968408
vn -0.249345 0.000000 0.968415
vn -0.249370 0.000000 0.968408
vn 0.258182 0.000000 0.966096
vn 0.289642 0.000000 0.957135
vn 0.260111 0.000000 0.965579
vn -0.237040 0.000011 0.971500
vn -0.237756 0.000012 0.971325
vn -0.249350 0.000015 0.968413
vn -0.000000 1.000000 0.000000
vn 0.000000 1.000000 0.000003
vn -0.000000 1.000000 0.000001
vn -0.000000 1.000000 0.000001
vn 0.000000 1.000000 0.000003
vn 0.000000 1.000000 0.000003
vn 0.000000 1.000000 0.000003
vn 0.000001 1.000000 0.000003
vn 0.000000 1.000000 0.000003
vn 0.000000 1.000000 0.000003
vn 0.000001 1.000000 0.000003
vn 0.000001 1.000000 0.000003
vn 0.000001 1.000000 0.000003
vn 0.000001 1.000000 0.000005
vn 0.000001 1.000000 0.000003
vn 0.000001 1.000000 0.000003
vn 0.000001 1.000000 0.000005
vn 0.000001 1.000000 0.000005
vn -0.000001 1.000000 0.000005
vn -0.000001 1.000000 0.000004
vn -0.000001 1.000000 0.000002
vn -0.000001 1.000000 0.000002
vn -0.000001 1.000000 0.000004
vn -0.000001 1.000000 0.000003
vn -0.000001 1.000000 0.000002
vn -0.000001 1.000000 0.000003
vn -0.000000 1.000000 0.000003
vn -0.000000 1.000000 0.000003
vn -0.000001 1.000000 0.000003
vn -0.000000 1.000000 0.000002
vn -0.000000 1.000000 0.000003
vn -0.000000 1.000000 0.000002
vn -0.000000 1.000000 0.000001
vn -0.000000 1.000000 0.000001
vn -0.000000 1.000000 0.000002
vn -0.000000 1.000000 0.000000
vn 0.146193 0.740555 0.655901
vn 0.175211 0.737017 0.652769
vn 0.151326 0.739977 0.655388
vn 0.151326 0.739977 0.655388
vn 0.175211 0.737017 0.652769
vn 0.177065 0.736769 0.652548
vn 0.085059 0.745884 0.660622
vn 0.146193 0.740555 0.655901
vn 0.089705 0.745579 0.660352
vn 0.089705 0.745579 0.660352
vn 0.146193 0.740555 0.655901
vn 0.151326 0.739977 0.655388
vn 0.000000 0.748598 0.663025
vn 0.085059 0.745884 0.660622
vn 0.000000 0.748598 0.663025
vn 0.000000 0.748598 0.663025
vn 0.085059 0.745884 0.660622
vn 0.089705 0.745579 0.660352
vn -0.087947 0.745695 0.660457
vn -0.083641 0.745973 0.660703
vn 0.000000 0.748598 0.663025
vn 0.000000 0.748598 0.663025
vn -0.083641 0.745973 0.660703
vn 0.000000 0.748598 0.663025
vn -0.142201 0.740988 0.656289
vn -0.138357 0.741395 0.656651
vn -0.087947 0.745695 0.660457
vn -0.087947 0.745695 0.660457
vn -0.138357 0.741395 0.656651
vn -0.083641 0.745973 0.660703
vn 0.000001 -1.000000 -0.000005
vn 0.000001 -1.000000 -0.000005
vn 0.000001 -1.000000 -0.000005
vn 0.000001 -1.000000 -0.000005
vn 0.000001 -1.000000 -0.000005
vn 0.000001 -1.000000 -0.000005
vn -0.160618 0.738880 0.654415
vn -0.159993 0.738955 0.654483
vn -0.142201 0.740988 0.656289
vn -0.142201 0.740988 0.656289
vn -0.159993 0.738955 0.654483
vn -0.138357 0.741395 0.656651
vn -1.000000 0.000000 0.000000
vn -1.000000 0.000000 0.000000
vn -1.000000 0.000000 0.000000
vn -1.000000 0.000000 0.000000
vn -1.000000 0.000000 0.000000
vn -1.000000 0.000000 0.000000
vn 0.175211 0.737017 0.652769
vn 0.196720 0.733975 0.650063
vn 0.177065 0.736769 0.652548
vn 0.177065 0.736769 0.652548
vn 0.196720 0.733975 0.650063
vn 0.196720 0.733977 0.650061
vn -0.168290 0.737925 0.653563
vn -0.168289 0.737926 0.653563
vn -0.160618 0.738880 0.654415
vn -0.160618 0.738880 0.654415
vn -0.168289 0.737926 0.653563
vn -0.159993 0.738955 0.654483
vn 0.289643 0.000000 0.957135
vn 0.289635 0.000000 0.957137
vn 0.289643 0.000000 0.957135
vn 0.289643 0.000000 0.957135
vn 0.289635 0.000000 0.957137
vn 0.289635 0.000000 0.957137
vn 0.258217 0.000000 0.966087
vn 0.260109 0.000000 0.965579
vn 0.289642 0.000000 0.957135
vn -0.086578 -0.754996 0.649988
vn -0.000000 -0.757846 0.652433
vn -0.082286 -0.755272 0.650225
vn -0.082286 -0.755272 0.650225
vn -0.000000 -0.757846 0.652433
vn -0.000000 -0.757847 0.652433
vn -0.139998 -0.750380 0.646012
vn -0.086578 -0.754996 0.649988
vn -0.136165 -0.750785 0.646360
vn -0.136165 -0.750785 0.646360
vn -0.086578 -0.754996 0.649988
vn -0.082286 -0.755272 0.650225
vn -0.158117 -0.748308 0.644232
vn -0.139998 -0.750380 0.646012
vn -0.157498 -0.748383 0.644296
vn -0.157498 -0.748383 0.644296
vn -0.139998 -0.750380 0.646012
vn -0.136165 -0.750785 0.646360
vn -0.165666 -0.747366 0.643427
vn -0.158117 -0.748308 0.644232
vn -0.165667 -0.747369 0.643424
vn -0.165667 -0.747369 0.643424
vn -0.158117 -0.748308 0.644232
vn -0.157498 -0.748383 0.644296
vn -0.818176 0.000002 0.574968
vn -0.818159 0.000001 0.574992
vn -0.818176 0.000002 0.574968
vn -0.818176 0.000002 0.574968
vn -0.818159 0.000001 0.574992
vn -0.818159 0.000001 0.574993
vn 0.827915 0.000000 0.560854
vn 0.827914 0.000000 0.560855
vn 0.827915 0.000000 0.560854
vn 0.827915 0.000000 0.560854
vn 0.827914 0.000000 0.560855
vn 0.827914 0.000000 0.560855
vn 0.193697 -0.743489 0.640083
vn 0.193696 -0.743490 0.640082
vn 0.174328 -0.746234 0.642452
vn 0.174328 -0.746234 0.642452
vn 0.193696 -0.743490 0.640082
vn 0.172488 -0.746480 0.642663
vn 0.174328 -0.746234 0.642452
vn 0.172488 -0.746480 0.642663
vn 0.148994 -0.749385 0.645153
vn 0.148994 -0.749385 0.645153
vn 0.172488 -0.746480 0.642663
vn 0.143874 -0.749960 0.645648
vn 0.148994 -0.749385 0.645153
vn 0.143874 -0.749960 0.645648
vn 0.088310 -0.754880 0.649890
vn 0.088310 -0.754880 0.649890
vn 0.143874 -0.749960 0.645648
vn 0.083680 -0.755183 0.650151
vn -0.000000 -0.757847 0.652433
vn -0.000000 -0.757846 0.652433
vn 0.083680 -0.755183 0.650151
vn 0.083680 -0.755183 0.650151
vn -0.000000 -0.757846 0.652433
vn 0.088310 -0.754880 0.649890
vn 0.000000 -0.114141 0.993465
vn 0.000000 -0.114141 0.993465
vn 0.000000 -0.114141 0.993465
vn 0.000000 -0.114141 0.993465
vn 0.000000 -0.114141 0.993465
vn 0.000000 -0.114141 0.993465
vn 0.000000 -0.114141 -0.993465
vn 0.000000 -0.114141 -0.993465
vn 0.000000 -0.114141 -0.993465
vn 0.000000 -0.114141 -0.993465
vn 0.000000 -0.114141 -0.993465
vn 0.000000 -0.114141 -0.993465
vn 0.993465 -0.114141 0.000000
vn 0.993465 -0.114141 0.000000
vn 0.993465 -0.114141 0.000000
vn 0.993465 -0.114141 0.000000
vn 0.993465 -0.114141 0.000000
vn 0.993465 -0.114141 0.000000
vn -0.993465 -0.114140 0.000000
vn -0.993465 -0.114140 0.000000
vn -0.993465 -0.114141 0.000000
vn -0.993465 -0.114141 0.000000
vn -0.993465 -0.114140 0.000000
vn -0.993465 -0.114141 0.000000
vn 0.000000 -1.000000 0.000000
vn 0.000000 -1.000000 0.000000
vn 0.000000 -1.000000 0.000000
vn 0.000000 -1.000000 0.000000
vn 0.000000 -1.000000 0.000000
vn 0.000000 -1.000000 0.000000
vn 0.000000 -0.114141 0.993465
vn 0.000000 -0.114141 0.993465
vn 0.000000 -0.114141 0.993465
vn 0.000000 -0.114141 0.993465
vn 0.000000 -0.114141 0.993465
vn 0.000000 -0.114141 0.993465
vn 0.000000 -0.114141 -0.993465
vn 0.000000 -0.114141 -0.993465
vn 0.000000 -0.114141 -0.993465
vn 0.000000 -0.114141 -0.993465
vn 0.000000 -0.114141 -0.993465
vn 0.000000 -0.114141 -0.993465
vn 0.993465 -0.114141 0.000000
vn 0.993465 -0.114141 0.000000
vn 0.993465 -0.114140 0.000000
vn 0.993465 -0.114140 0.000000
vn 0.993465 -0.114141 0.000000
vn 0.993465 -0.114140 0.000000
vn -0.993465 -0.114140 0.000000
vn -0.993465 -0.114141 0.000000
vn -0.993465 -0.114141 0.000000
vn -0.993465 -0.114141 0.000000
vn -0.993465 -0.114141 0.000000
vn -0.993465 -0.114141 0.000000
vn 0.000000 -1.000000 0.000000
vn 0.000000 -1.000000 0.000000
vn 0.000000 -1.000000 0.000000
vn 0.000000 -1.000000 0.000000
vn 0.000000 -1.000000 0.000000
vn 0.000000 -1.000000 0.000000
vn 0.000000 -0.114141 0.993465
vn 0.000000 -0.114141 0.993465
vn 0.000000 -0.114141 0.993465
vn 0.000000 -0.114141 0.993465
vn 0.000000 -0.114141 0.993465
vn 0.000000 -0.114141 0.993465
vn 0.000000 -0.114141 -0.993465
vn 0.000000 -0.114141 -0.993465
vn 0.000000 -0.114141 -0.993465
vn 0.000000 -0.114141 -0.993465
vn 0.000000 -0.114141 -0.993465
vn 0.000000 -0.114141 -0.993465
vn 0.993465 -0.114141 0.000000
vn 0.993465 -0.114141 0.000000
vn 0.993465 -0.114140 0.000000
vn 0.993465 -0.114140 0.000000
vn 0.993465 -0.114141 0.000000
vn 0.993465 -0.114140 0.000000
vn -0.993465 -0.114141 0.000000
vn -0.993465 -0.114141 0.000000
vn -0.993465 -0.114141 0.000000
vn -0.993465 -0.114141 0.000000
vn -0.993465 -0.114141 0.000000
vn -0.993465 -0.114141 0.000000
vn 0.000000 -1.000000 0.000000
vn 0.000000 -1.000000 0.000000
vn 0.000000 -1.000000 0.000000
vn 0.000000 -1.000000 0.000000
vn 0.000000 -1.000000 0.000000
vn 0.000000 -1.000000 0.000000
vn 0.000000 -0.114141 0.993465
vn 0.000000 -0.114141 0.993465
vn 0.000000 -0.114141 0.993465
vn 0.000000 -0.114141 0.993465
vn 0.000000 -0.114141 0.993465
vn 0.000000 -0.114141 0.993465
vn 0.000000 -0.114141 -0.993465
vn 0.000000 -0.114141 -0.993465
vn 0.000000 -0.114141 -0.993465
vn 0.000000 -0.114141 -0.993465
vn 0.000000 -0.114141 -0.993465
vn 0.000000 -0.114141 -0.993465
vn 0.993465 -0.114141 0.000000
vn 0.993465 -0.114141 0.000000
vn 0.993465 -0.114141 0.000000
vn 0.993465 -0.114141 0.000000
vn 0.993465 -0.114141 0.000000
vn 0.993465 -0.114141 0.000000
vn -0.993465 -0.114140 0.000000
vn -0.993465 -0.114140 0.000000
vn -0.993465 -0.114141 0.000000
vn -0.993465 -0.114141 0.000000
vn -0.993465 -0.114140 0.000000
vn -0.993465 -0.114141 0.000000
vn 0.000000 -1.000000 0.000000
vn 0.000000 -1.000000 0.000000
vn 0.000000 -1.000000 0.000000
vn 0.000000 -1.000000 0.000000
vn 0.000000 -1.000000 0.000000
vn 0.000000 -1.000000 0.000000
vn -0.237722 0.000000 0.971333
vn -0.237722 0.000000 0.971333
vn -0.206242 0.000000 0.978501
vn -0.206242 0.000000 0.978501
vn -0.237722 0.000000 0.971333
vn -0.206242 0.000000 0.978501
vn -0.206242 0.000000 0.978501
vn -0.206242 0.000000 0.978501
vn -0.157193 0.000000 0.987568
vn -0.157193 0.000000 0.987568
vn -0.206242 0.000000 0.978501
vn -0.157192 0.000000 0.987568
vn -0.089263 0.000000 0.996008
vn -0.089263 0.000000 0.996008
vn 0.000000 0.000000 1.000000
vn 0.000000 0.000000 1.000000
vn -0.089263 0.000000 0.996008
vn 0.000000 0.000000 1.000000
vn 0.000000 0.000000 -1.000000
vn 0.000000 0.000000 -1.000000
vn 0.000000 0.000000 -1.000000
vn 0.000000 0.000000 -1.000000
vn 0.000000 0.000000 -1.000000
vn 0.000000 0.000000 -1.000000
vn -0.157193 0.000000 0.987568
vn -0.157192 0.000000 0.987568
vn -0.089263 0.000000 0.996008
vn -0.089263 0.000000 0.996008
vn -0.157192 0.000000 0.987568
vn -0.089263 0.000000 0.996008
vn 0.131019 0.000000 0.991380
vn 0.131019 0.000000 0.991380
vn 0.000012 0.000000 1.000000
vn 0.000012 0.000000 1.000000
vn 0.131019 0.000000 0.991380
vn 0.000012 0.000000 1.000000
vn 0.221021 0.000000 0.975269
vn 0.221021 0.000000 0.975269
vn 0.131019 0.000000 0.991380
vn 0.131019 0.000000 0.991380
vn 0.221021 0.000000 0.975269
vn 0.131019 0.000000 0.991380
vn 1.000000 0.000000 0.000323
vn 1.000000 0.000000 0.000323
vn 1.000000 0.000000 0.000324
vn 1.000000 0.000000 0.000324
vn 1.000000 0.000000 0.000323
vn 1.000000 0.000000 0.000324
vn 0.292995 0.000000 0.956114
vn 0.292994 0.000000 0.956114
vn 0.272997 0.000000 0.962015
vn 0.272997 0.000000 0.962015
vn 0.292994 0.000000 0.956114
vn 0.272997 0.000000 0.962015
vn 0.272997 0.000000 0.962015
vn 0.272997 0.000000 0.962015
vn 0.221021 0.000000 0.975269
vn 0.221021 0.000000 0.975269
vn 0.272997 0.000000 0.962015
vn 0.221021 0.000000 0.975269
vn -0.242850 0.000000 0.970064
vn -0.242850 0.000000 0.970064
vn -0.237722 0.000000 0.971333
vn -0.237722 0.000000 0.971333
vn -0.242850 0.000000 0.970064
vn -0.237722 0.000000 0.971333
vn -0.208626 0.000000 0.977995
vn -0.208627 0.000000 0.977995
vn -0.242850 0.000000 0.970064
vn -0.242850 0.000000 0.970064
vn -0.208627 0.000000 0.977995
vn -0.242850 0.000000 0.970064
vn 0.000012 0.000000 1.000000
vn 0.000012 0.000000 1.000000
vn -0.128600 0.000000 0.991697
vn -0.128600 0.000000 0.991697
vn 0.000012 0.000000 1.000000
vn -0.128600 0.000000 0.991697
vn -0.128600 0.000000 0.991697
vn -0.128600 0.000000 0.991697
vn -0.208626 0.000000 0.977995
vn -0.208626 0.000000 0.977995
vn -0.128600 0.000000 0.991697
vn -0.208627 0.000000 0.977995
vn 0.000000 1.000000 -0.000000
vn 0.000000 1.000000 0.000000
vn 0.000000 1.000000 0.000000
vn 0.000000 1.000000 0.000000
vn 0.000000 1.000000 -0.000000
vn 0.000000 1.000000 -0.000000
vn 0.000000 1.000000 -0.000000
vn 0.000000 1.000000 0.000001
vn 0.000000 1.000000 0.000001
vn 0.000000 1.000000 -0.000000
vn 0.000000 1.000000 0.000001
vn 0.000000 1.000000 -0.000001
vn 0.000000 1.000000 -0.000000
vn 0.000000 1.000000 -0.000001
vn 0.000000 1.000000 0.000000
vn 0.000000 1.000000 -0.000000
vn 0.000000 1.000000 0.000000
vn 0.000000 1.000000 -0.000000
vn 0.000000 1.000000 -0.000000
vn 0.000000 1.000000 -0.000000
vn 0.000000 1.000000 -0.000000
vn 0.000000 1.000000 -0.000000
vn 0.000000 1.000000 -0.000000
vn 0.000000 1.000000 0.000000
vn 0.000000 1.000000 -0.000000
vn 0.000000 1.000000 0.000000
vn 0.000000 1.000000 0.000000
vn 0.000000 1.000000 -0.000000
vn 0.000000 1.000000 0.000000
vn 0.000000 1.000000 -0.000000
vn 0.000000 1.000000 -0.000000
vn 0.000000 1.000000 -0.000000
vn 0.000000 1.000000 -0.000000
vn 0.000000 1.000000 -0.000000
vn 0.000000 1.000000 -0.000000
vn 0.000000 1.000000 0.000000
vn -0.128878 0.000000 0.991660
vn -0.209019 0.000005 0.977912
vn -0.128879 0.000000 0.991660
vn -0.128879 0.000000 0.991660
vn -0.209019 0.000005 0.977912
vn -0.209015 0.000000 0.977912
vn -0.242659 0.000130 0.970112
vn -0.249359 0.000011 0.968411
vn -0.242713 0.000018 0.970098
vn -0.242713 0.000018 0.970098
vn -0.249359 0.000011 0.968411
vn -0.238344 0.000010 0.971181
vn -0.242659 0.000130 0.970112
vn -0.204509 0.000124 0.978865
vn -0.225841 0.000172 0.974164
vn -0.225841 0.000172 0.974164
vn -0.204509 0.000124 0.978865
vn -0.203353 -0.000001 0.979106
vn -0.204509 0.000124 0.978865
vn -0.157059 -0.000000 0.987589
vn -0.203353 -0.000001 0.979106
vn -0.203353 -0.000001 0.979106
vn -0.157059 -0.000000 0.987589
vn -0.157058 0.000000 0.987589
vn -0.157059 -0.000000 0.987589
vn -0.089135 0.000000 0.996020
vn -0.157058 0.000000 0.987589
vn -0.157058 0.000000 0.987589
vn -0.089135 0.000000 0.996020
vn -0.089135 0.000000 0.996020
vn -0.089135 0.000000 0.996020
vn 0.000000 0.000000 1.000000
vn -0.089135 0.000000 0.996020
vn -0.089135 0.000000 0.996020
vn 0.000000 0.000000 1.000000
vn 0.000000 0.000000 1.000000
vn 0.000000 1.000000 -0.000003
vn 0.000000 1.000000 -0.000003
vn 0.000000 1.000000 0.000002
vn 0.000000 1.000000 0.000002
vn 0.000000 1.000000 -0.000003
vn 0.000000 1.000000 0.000003
vn 0.000000 1.000000 0.000002
vn 0.000000 1.000000 0.000003
vn 0.000000 1.000000 -0.000002
vn 0.000000 1.000000 -0.000002
vn 0.000000 1.000000 0.000003
vn 0.000000 1.000000 -0.000002
vn 0.000000 1.000000 -0.000001
vn 0.000000 1.000000 -0.000001
vn 0.000000 1.000000 0.000000
vn 0.000000 1.000000 0.000000
vn 0.000000 1.000000 -0.000001
vn 0.000000 1.000000 0.000000
vn 0.000000 1.000000 -0.000002
vn 0.000000 1.000000 -0.000002
vn 0.000000 1.000000 -0.000001
vn 0.000000 1.000000 -0.000001
vn 0.000000 1.000000 -0.000002
vn 0.000000 1.000000 -0.000001
vn 0.000000 1.000000 -0.000002
vn 0.000000 1.000000 -0.000001
vn 0.000000 1.000000 -0.000002
vn 0.000000 1.000000 -0.000002
vn 0.000000 1.000000 -0.000001
vn 0.000000 1.000000 0.000000
vn 0.000000 1.000000 0.000001
vn 0.000000 1.000000 -0.000002
vn 0.000000 1.000000 0.000001
vn 0.000000 1.000000 0.000001
vn 0.000000 1.000000 -0.000002
vn 0.000000 1.000000 -0.000002
vn 0.000000 1.000000 0.000000
vn 0.000000 1.000000 0.000000
vn 0.000000 1.000000 0.000000
vn 0.000000 1.000000 0.000000
vn 0.000000 1.000000 0.000000
vn 0.000000 1.000000 0.000000
vn 0.000000 1.000000 0.000000
vn 0.000000 1.000000 -0.000000
vn 0.000000 1.000000 0.000000
vn 0.000000 1.000000 0.000000
vn 0.000000 1.000000 -0.000000
vn 0.000000 1.000000 -0.000000
vn 0.000000 1.000000 -0.000000
vn 0.000000 1.000000 0.000001
vn 0.000000 1.000000 0.000000
vn 0.000000 1.000000 0.000000
vn 0.000000 1.000000 0.000001
vn 0.000000 1.000000 0.000001
vn 0.000000 1.000000 -0.000001
vn 0.000000 1.000000 -0.000001
vn 0.000000 1.000000 -0.000003
vn 0.000000 1.000000 -0.000003
vn 0.000000 1.000000 -0.000001
vn 0.000000 1.000000 -0.000003
vn 0.000000 1.000000 -0.000001
vn 0.000000 1.000000 -0.000000
vn 0.000000 1.000000 -0.000001
vn 0.000000 1.000000 -0.000001
vn 0.000000 1.000000 -0.000000
vn 0.000000 1.000000 -0.000001
vn 0.000000 1.000000 0.000000
vn 0.000000 1.000000 -0.000001
vn 0.000000 1.000000 -0.000007
vn 0.000000 1.000000 -0.000007
vn 0.000000 1.000000 -0.000001
vn 0.000000 1.000000 -0.000007
vn 0.000000 1.000000 -0.000007
vn 0.000000 1.000000 -0.000007
vn 0.000000 1.000000 -0.000001
vn 0.000000 1.000000 -0.000001
vn 0.000000 1.000000 -0.000007
vn 0.000000 1.000000 -0.000000
vn 0.000000 -1.000000 0.000000
vn 0.000000 -1.000000 -0.000000
vn 0.000000 -1.000000 0.000000
vn 0.000000 -1.000000 -0.000000
vn 0.000000 -1.000000 -0.000000
vn 0.000000 -1.000000 0.000000
vn 0.000000 -1.000000 -0.000000
vn 0.000000 -1.000000 -0.000000
vn 0.000000 -1.000000 -0.000000
vn 0.000000 -1.000000 -0.000000
vn 0.000000 -1.000000 -0.000000
vn 0.000000 -1.000000 0.000000
vn -0.203353 0.000000 0.979105
vn -0.203878 -0.000131 0.978996
vn -0.225848 -0.000407 0.974162
vn -0.225848 -0.000407 0.974162
vn -0.203878 -0.000131 0.978996
vn -0.248446 -0.000011 0.968646
vn -0.203878 -0.000131 0.978996
vn -0.203353 0.000000 0.979105
vn -0.157059 0.000000 0.987589
vn -0.157059 0.000000 0.987589
vn -0.203353 0.000000 0.979105
vn -0.157059 0.000000 0.987589
vn -0.157059 0.000000 0.987589
vn -0.089135 0.000000 0.996020
vn -0.157059 0.000000 0.987589
vn -0.157059 0.000000 0.987589
vn -0.089135 0.000000 0.996020
vn -0.089135 0.000000 0.996020
vn -0.089135 0.000000 0.996020
vn -0.089135 0.000000 0.996020
vn -0.000000 0.000000 1.000000
vn -0.000000 0.000000 1.000000
vn -0.089135 0.000000 0.996020
vn 0.000000 0.000000 1.000000
vn -0.225848 -0.000407 0.974162
vn -0.248446 -0.000011 0.968646
vn -0.225841 0.000172 0.974164
vn -0.225841 0.000172 0.974164
vn -0.248446 -0.000011 0.968646
vn -0.242659 0.000130 0.970112
vn 0.000000 -1.000000 -0.000000
vn 0.000000 -1.000000 0.000000
vn 0.000000 -1.000000 0.000000
vn -0.000001 -0.000003 -1.000000
vn -0.000000 -0.000003 -1.000000
vn 0.000001 -0.000003 -1.000000
vn 0.000001 -0.000003 -1.000000
vn -0.000000 -0.000003 -1.000000
vn 0.000000 -0.000003 -1.000000
vn 0.000000 -1.000000 0.000000
vn 0.000000 -1.000000 0.000000
vn 0.000000 -1.000000 0.000000
vn 0.000000 -1.000000 0.000000
vn 0.000000 -1.000000 0.000000
vn 0.000000 -1.000000 0.000000
vn 1.000000 0.000000 0.000000
vn 1.000000 -0.000000 0.000000
vn 1.000000 -0.000000 0.000000
vn 1.000000 -0.000000 0.000000
vn 1.000000 -0.000000 0.000000
vn 1.000000 -0.000000 0.000000
vn 0.000000 0.000000 1.000000
vn 0.000000 0.000000 1.000000
vn 0.000000 0.000000 1.000000
vn 0.000000 0.000000 1.000000
vn 0.000000 0.000000 1.000000
vn 0.000000 0.000000 1.000000
vn 1.000000 -0.000000 0.000000
vn 1.000000 -0.000000 0.000000
vn 1.000000 -0.000000 0.000000
vn 1.000000 -0.000000 0.000000
vn 1.000000 -0.000000 0.000000
vn 1.000000 0.000000 0.000000
vn 0.000000 1.000000 0.000000
vn 0.000000 1.000000 0.000000
vn 0.000000 1.000000 0.000000
vn 0.000000 1.000000 0.000000
vn 0.000000 1.000000 0.000000
vn 0.000000 1.000000 0.000000
vn 1.000000 -0.000000 0.000000
vn 1.000000 0.000003 0.000000
vn 1.000000 0.000000 0.000000
vn 1.000000 0.000000 0.000000
vn 1.000000 0.000003 0.000000
vn 1.000000 0.000003 0.000000
vn 1.000000 0.000000 0.000000
vn 1.000000 0.000000 0.000000
vn 1.000000 0.000000 0.000000
vn 1.000000 0.000000 0.000000
vn 1.000000 0.000000 0.000000
vn 1.000000 0.000000 0.000000
vn 0.000000 0.000000 -1.000000
vn 0.000000 0.000000 -1.000000
vn 0.000000 0.000000 -1.000000
vn 0.000000 0.000000 -1.000000
vn 0.000000 0.000000 -1.000000
vn 0.000000 0.000000 -1.000000
vn 1.000000 0.000000 0.000000
vn 1.000000 0.000000 0.000000
vn 1.000000 0.000000 0.000000
vn 1.000000 0.000000 0.000000
vn 1.000000 0.000000 0.000000
vn 1.000000 0.000000 0.000000
vn 0.261671 0.000000 0.965157
vn 0.289644 0.000000 0.957135
vn 0.272186 0.000001 0.962245
vn 0.272186 0.000001 0.962245
vn 0.289644 0.000000 0.957135
vn 0.289643 0.000000 0.957135
vn 0.261669 0.000000 0.965158
vn 0.271841 -0.000001 0.962342
vn 0.289640 -0.000000 0.957136
vn 0.289640 -0.000000 0.957136
vn 0.271841 -0.000001 0.962342
vn 0.289641 -0.000000 0.957135
vn 0.000000 0.000001 1.000000
vn 0.000000 0.000001 1.000000
vn 0.131249 0.000000 0.991350
vn 0.131249 0.000000 0.991350
vn 0.000000 0.000001 1.000000
vn 0.131249 0.000000 0.991350
vn 0.131249 0.000000 0.991350
vn 0.131249 0.000000 0.991350
vn 0.221330 0.000000 0.975199
vn 0.221330 0.000000 0.975199
vn 0.131249 0.000000 0.991350
vn 0.221331 0.000000 0.975199
vn 0.221330 0.000000 0.975199
vn 0.221331 0.000000 0.975199
vn 0.272186 0.000001 0.962245
vn 0.272186 0.000001 0.962245
vn 0.221331 0.000000 0.975199
vn 0.261671 0.000000 0.965157
vn -0.242713 0.000018 0.970098
vn -0.238344 0.000010 0.971181
vn -0.209019 0.000005 0.977912
vn -0.209019 0.000005 0.977912
vn -0.238344 0.000010 0.971181
vn -0.209015 0.000000 0.977912
vn -0.128878 0.000000 0.991660
vn -0.128879 0.000000 0.991660
vn 0.000000 0.000001 1.000000
vn 0.000000 0.000001 1.000000
vn -0.128879 0.000000 0.991660
vn 0.000000 0.000001 1.000000
vn -0.238333 0.000000 0.971183
vn -0.249342 0.000000 0.968415
vn -0.242555 0.000000 0.970138
vn -0.242555 0.000000 0.970138
vn -0.249342 0.000000 0.968415
vn -0.249343 -0.000000 0.968415
vn -0.236245 0.000000 0.971694
vn -0.236247 0.000000 0.971693
vn -0.209023 0.000000 0.977911
vn -0.209023 0.000000 0.977911
vn -0.236247 0.000000 0.971693
vn -0.209024 0.000000 0.977910
vn -0.209023 0.000000 0.977911
vn -0.209024 0.000000 0.977910
vn -0.128879 0.000000 0.991660
vn -0.128879 0.000000 0.991660
vn -0.209024 0.000000 0.977910
vn -0.128879 0.000000 0.991660
vn -0.128879 0.000000 0.991660
vn -0.000000 0.000000 1.000000
vn -0.128879 0.000000 0.991660
vn -0.128879 0.000000 0.991660
vn -0.000000 0.000000 1.000000
vn -0.000000 0.000000 1.000000
vn -0.000000 0.000000 1.000000
vn -0.000000 0.000000 1.000000
vn 0.131248 0.000000 0.991350
vn 0.131248 0.000000 0.991350
vn -0.000000 0.000000 1.000000
vn 0.131248 0.000000 0.991350
vn 0.131248 0.000000 0.991350
vn 0.131248 0.000000 0.991350
vn 0.221331 0.000000 0.975199
vn 0.221331 0.000000 0.975199
vn 0.131248 0.000000 0.991350
vn 0.221331 0.000000 0.975199
vn 0.221331 0.000000 0.975199
vn 0.221331 0.000000 0.975199
vn 0.255966 0.000000 0.966686
vn 0.255966 0.000000 0.966686
vn 0.221331 0.000000 0.975199
vn 0.255967 0.000000 0.966686
vn -0.000001 0.000001 -1.000000
vn -0.000002 -0.000002 -1.000000
vn -0.000001 0.000001 -1.000000
vn -0.000001 0.000001 -1.000000
vn -0.000002 -0.000002 -1.000000
vn -0.000001 -0.000003 -1.000000
vn -0.000002 -0.000002 -1.000000
vn -0.000000 -0.000003 -1.000000
vn -0.000001 -0.000003 -1.000000
vn -0.000001 0.000001 -1.000000
vn -0.000000 0.000000 -1.000000
vn -0.000001 0.000001 -1.000000
vn -0.000001 0.000001 -1.000000
vn -0.000000 0.000000 -1.000000
vn -0.000000 0.000000 -1.000000
vn -0.000000 -0.000003 -1.000000
vn -0.000000 0.000000 -1.000000
vn -0.000000 0.000000 -1.000000
vn -0.000000 0.000000 -1.000000
vn -0.000000 0.000000 -1.000000
vn -0.000000 0.000000 -1.000000
vn -1.000000 0.000000 0.000000
vn -1.000000 0.000000 0.000000
vn -1.000000 0.000000 0.000000
vn -1.000000 0.000000 0.000000
vn -1.000000 0.000000 0.000000
vn -1.000000 0.000000 0.000000
vn 0.000000 -1.000000 0.000000
vn 0.000000 -1.000000 0.000000
vn 0.000000 -1.000000 0.000000
vn 0.000000 -1.000000 0.000000
vn 0.000000 -1.000000 0.000000
vn 0.000000 -1.000000 0.000000
vn 0.000000 1.000000 0.000000
vn 0.000000 1.000000 0.000000
vn 0.000000 1.000000 0.000000
vn 0.000000 1.000000 0.000000
vn 0.000000 1.000000 0.000000
vn 0.000000 1.000000 0.000000
vn 1.000000 0.000000 0.000000
vn 1.000000 0.000000 0.000000
vn 1.000000 0.000000 0.000000
vn 1.000000 0.000000 0.000000
vn 1.000000 0.000000 0.000000
vn 1.000000 0.000000 0.000000
vn 0.000000 0.000000 -1.000000
vn 0.000000 0.000000 -1.000000
vn 0.000000 0.000000 -1.000000
vn 0.000000 0.000000 -1.000000
vn 0.000000 0.000000 -1.000000
vn 0.000000 0.000000 -1.000000
vn -1.000000 0.000003 -0.000008
vn -1.000000 -0.000010 -0.000015
vn -1.000000 -0.000003 -0.000011
vn -1.000000 -0.000003 -0.000011
vn -1.000000 -0.000010 -0.000015
vn -1.000000 -0.000016 -0.000019
vn -1.000000 0.000003 -0.000021
vn -1.000000 0.000000 -0.000007
vn -1.000000 0.000002 -0.000017
vn -1.000000 0.000002 -0.000017
vn -1.000000 0.000000 -0.000007
vn -1.000000 0.000000 -0.000006
vn -1.000000 -0.000016 -0.000018
vn -1.000000 -0.000015 -0.000018
vn -1.000000 -0.000006 -0.000019
vn -1.000000 -0.000006 -0.000019
vn -1.000000 -0.000015 -0.000018
vn -1.000000 -0.000004 -0.000019
vn -1.000000 -0.000014 -0.000010
vn -1.000000 -0.000014 -0.000010
vn -1.000000 -0.000016 -0.000019
vn -1.000000 -0.000016 -0.000019
vn -1.000000 -0.000014 -0.000010
vn -1.000000 -0.000016 -0.000023
vn -1.000000 -0.000002 -0.000008
vn -1.000000 -0.000012 -0.000009
vn -1.000000 -0.000004 -0.000008
vn -1.000000 -0.000004 -0.000008
vn -1.000000 -0.000012 -0.000009
vn -1.000000 -0.000012 -0.000009
vn 0.000000 0.000000 -1.000000
vn 0.000000 0.000000 -1.000000
vn 0.000000 0.000000 -1.000000
vn 0.000000 0.000000 -1.000000
vn 0.000000 0.000000 -1.000000
vn 0.000000 0.000000 -1.000000
vn 0.000000 1.000000 0.000000
vn 0.000000 1.000000 0.000000
vn 0.000000 1.000000 0.000000
vn 0.000000 1.000000 0.000000
vn 0.000000 1.000000 0.000000
vn 0.000000 1.000000 0.000000
vn 0.000000 0.000000 1.000000
vn 0.000000 0.000000 1.000000
vn 0.000000 0.000000 1.000000
vn 0.000000 0.000000 1.000000
vn 0.000000 0.000000 1.000000
vn 0.000000 0.000000 1.000000
vn 0.000000 -1.000000 0.000000
vn 0.000000 -1.000000 0.000000
vn 0.000000 -1.000000 -0.000000
vn 0.000000 -1.000000 -0.000000
vn 0.000000 -1.000000 0.000000
vn 0.000000 -1.000000 -0.000000
vn 0.271841 -0.000001 0.962342
vn 0.261669 0.000000 0.965158
vn 0.221331 0.000000 0.975199
vn 0.221331 0.000000 0.975199
vn 0.261669 0.000000 0.965158
vn 0.221331 0.000000 0.975199
vn 0.221331 0.000000 0.975199
vn 0.221331 0.000000 0.975199
vn 0.131248 0.000000 0.991350
vn 0.131248 0.000000 0.991350
vn 0.221331 0.000000 0.975199
vn 0.131248 0.000000 0.991350
vn 0.131248 0.000000 0.991350
vn 0.131248 0.000000 0.991350
vn 0.000000 0.000000 1.000000
vn 0.000000 0.000000 1.000000
vn 0.131248 0.000000 0.991350
vn -0.000000 0.000000 1.000000
vn 0.000000 0.000000 1.000000
vn -0.000000 0.000000 1.000000
vn -0.128878 0.000000 0.991661
vn -0.128878 0.000000 0.991661
vn -0.000000 0.000000 1.000000
vn -0.128878 0.000000 0.991660
vn -0.128878 0.000000 0.991661
vn -0.128878 0.000000 0.991660
vn -0.209014 0.000000 0.977913
vn -0.209014 0.000000 0.977913
vn -0.128878 0.000000 0.991660
vn -0.209014 0.000000 0.977913
vn -0.209014 0.000000 0.977913
vn -0.209014 0.000000 0.977913
vn -0.242555 0.000000 0.970138
vn -0.242555 0.000000 0.970138
vn -0.209014 0.000000 0.977913
vn -0.238333 0.000000 0.971183
vn 0.289640 -0.000000 0.957136
vn 0.289641 -0.000000 0.957135
vn 0.289644 0.000000 0.957135
vn 0.289644 0.000000 0.957135
vn 0.289641 -0.000000 0.957135
vn 0.289643 0.000000 0.957135
vn -0.249343 -0.000000 0.968415
vn -0.249342 0.000000 0.968415
vn -0.248446 -0.000011 0.968646
vn -0.248446 -0.000011 0.968646
vn -0.249342 0.000000 0.968415
vn -0.249359 0.000011 0.968411
vn -0.242659 0.000130 0.970112
vn -0.248446 -0.000011 0.968646
vn -0.249359 0.000011 0.968411
vn 0.237722 0.000000 0.971333
vn 0.206242 0.000000 0.978501
vn 0.237722 0.000000 0.971333
vn 0.237722 0.000000 0.971333
vn 0.206242 0.000000 0.978501
vn 0.206242 0.000000 0.978501
vn 0.206242 0.000000 0.978501
vn 0.157193 0.000000 0.987568
vn 0.206242 0.000000 0.978501
vn 0.206242 0.000000 0.978501
vn 0.157193 0.000000 0.987568
vn 0.157192 0.000000 0.987568
vn 0.089263 0.000000 0.996008
vn 0.000000 0.000000 1.000000
vn 0.089263 0.000000 0.996008
vn 0.089263 0.000000 0.996008
vn 0.000000 0.000000 1.000000
vn 0.000000 0.000000 1.000000
vn 0.157193 0.000000 0.987568
vn 0.089263 0.000000 0.996008
vn 0.157192 0.000000 0.987568
vn 0.157192 0.000000 0.987568
vn 0.089263 0.000000 0.996008
vn 0.089263 0.000000 0.996008
vn -0.131019 0.000000 0.991380
vn -0.000012 0.000000 1.000000
vn -0.131019 0.000000 0.991380
vn -0.131019 0.000000 0.991380
vn -0.000012 0.000000 1.000000
vn -0.000012 0.000000 1.000000
vn -0.221021 0.000000 0.975269
vn -0.131019 0.000000 0.991380
vn -0.221021 0.000000 0.975269
vn -0.221021 0.000000 0.975269
vn -0.131019 0.000000 0.991380
vn -0.131019 0.000000 0.991380
vn -1.000000 0.000000 0.000323
vn -1.000000 0.000000 0.000324
vn -1.000000 0.000000 0.000323
vn -1.000000 0.000000 0.000323
vn -1.000000 0.000000 0.000324
vn -1.000000 0.000000 0.000324
vn -0.292995 0.000000 0.956114
vn -0.272997 0.000000 0.962015
vn -0.292994 0.000000 0.956114
vn -0.292994 0.000000 0.956114
vn -0.272997 0.000000 0.962015
vn -0.272997 0.000000 0.962015
vn -0.272997 0.000000 0.962015
vn -0.221021 0.000000 0.975269
vn -0.272997 0.000000 0.962015
vn -0.272997 0.000000 0.962015
vn -0.221021 0.000000 0.975269
vn -0.221021 0.000000 0.975269
vn 0.242850 0.000000 0.970064
vn 0.237722 0.000000 0.971333
vn 0.242850 0.000000 0.970064
vn 0.242850 0.000000 0.970064
vn 0.237722 0.000000 0.971333
vn 0.237722 0.000000 0.971333
vn 0.208626 0.000000 0.977995
vn 0.242850 0.000000 0.970064
vn 0.208627 0.000000 0.977995
vn 0.208627 0.000000 0.977995
vn 0.242850 0.000000 0.970064
vn 0.242850 0.000000 0.970064
vn -0.000012 0.000000 1.000000
vn 0.128600 0.000000 0.991697
vn -0.000012 0.000000 1.000000
vn -0.000012 0.000000 1.000000
vn 0.128600 0.000000 0.991697
vn 0.128600 0.000000 0.991697
vn 0.128600 0.000000 0.991697
vn 0.208626 0.000000 0.977995
vn 0.128600 0.000000 0.991697
vn 0.128600 0.000000 0.991697
vn 0.208626 0.000000 0.977995
vn 0.208627 0.000000 0.977995
vn 0.000000 1.000000 -0.000000
vn 0.000000 1.000000 0.000000
vn 0.000000 1.000000 0.000000
vn 0.000000 1.000000 0.000000
vn 0.000000 1.000000 -0.000000
vn 0.000000 1.000000 0.000000
vn 0.000000 1.000000 -0.000000
vn 0.000000 1.000000 0.000000
vn 0.000000 1.000000 0.000000
vn 0.000000 1.000000 -0.000000
vn 0.000000 1.000000 0.000000
vn 0.000000 1.000000 0.000000
vn 0.000000 1.000000 -0.000000
vn 0.000000 1.000000 0.000000
vn 0.000000 1.000000 0.000000
vn 0.000000 1.000000 -0.000000
vn 0.000000 1.000000 -0.000000
vn 0.000000 1.000000 0.000000
vn 0.000000 1.000000 -0.000000
vn 0.000000 1.000000 -0.000000
vn 0.000000 1.000000 -0.000000
vn 0.000000 1.000000 -0.000000
vn 0.000000 1.000000 0.000001
vn 0.000000 1.000000 -0.000000
vn 0.000000 1.000000 -0.000000
vn 0.000000 1.000000 0.000000
vn 0.000000 1.000000 0.000001
vn 0.000000 1.000000 -0.000000
vn 0.000000 1.000000 -0.000000
vn 0.000000 1.000000 0.000000
vn 0.000000 1.000000 -0.000000
vn 0.000000 1.000000 -0.000000
vn 0.000000 1.000000 -0.000000
vn 0.000000 1.000000 -0.000000
vn 0.000000 1.000000 0.000000
vn 0.000000 1.000000 -0.000000
vn -0.289643 0.000000 0.957135
vn -0.289644 0.000000 0.957135
vn -0.272186 0.000000 0.962245
vn -0.272186 0.000000 0.962245
vn -0.289644 0.000000 0.957135
vn -0.261671 0.000000 0.965157
vn -0.221330 0.000000 0.975199
vn -0.272186 0.000000 0.962245
vn -0.221331 0.000000 0.975199
vn -0.221331 0.000000 0.975199
vn -0.272186 0.000000 0.962245
vn -0.261671 0.000000 0.965157
vn -0.131249 0.000000 0.991350
vn -0.221330 0.000000 0.975199
vn -0.131249 0.000000 0.991350
vn -0.131249 0.000000 0.991350
vn -0.221330 0.000000 0.975199
vn -0.221331 0.000000 0.975199
vn 0.000000 0.000001 1.000000
vn -0.131249 0.000000 0.991350
vn -0.000000 0.000001 1.000000
vn -0.000000 0.000001 1.000000
vn -0.131249 0.000000 0.991350
vn -0.131249 0.000000 0.991350
vn 0.128878 0.000000 0.991660
vn 0.000000 0.000001 1.000000
vn 0.128879 0.000000 0.991660
vn 0.128879 0.000000 0.991660
vn 0.000000 0.000001 1.000000
vn -0.000000 0.000001 1.000000
vn 0.242713 0.000018 0.970098
vn 0.209019 0.000005 0.977912
vn 0.238344 0.000010 0.971181
vn 0.238344 0.000010 0.971181
vn 0.209019 0.000005 0.977912
vn 0.209015 0.000000 0.977912
vn 0.000000 1.000000 -0.000006
vn 0.000000 1.000000 0.000000
vn 0.000000 1.000000 -0.000005
vn 0.000000 1.000000 -0.000005
vn 0.000000 1.000000 0.000000
vn 0.000000 1.000000 0.000002
vn 0.000000 1.000000 0.000000
vn 0.000000 1.000000 0.000002
vn 0.000000 1.000000 0.000002
vn 0.000000 1.000000 0.000002
vn 0.000000 1.000000 0.000002
vn 0.000000 1.000000 0.000002
vn 0.000000 1.000000 0.000001
vn 0.000000 1.000000 0.000000
vn 0.000000 1.000000 0.000001
vn 0.000000 1.000000 0.000001
vn 0.000000 1.000000 0.000000
vn 0.000000 1.000000 0.000000
vn 0.000000 1.000000 0.000002
vn 0.000000 1.000000 0.000001
vn 0.000000 1.000000 0.000002
vn 0.000000 1.000000 0.000002
vn 0.000000 1.000000 0.000001
vn 0.000000 1.000000 0.000001
vn 0.000000 1.000000 0.000000
vn 0.000000 1.000000 -0.000000
vn 0.000000 1.000000 -0.000002
vn 0.000000 1.000000 -0.000002
vn 0.000000 1.000000 -0.000000
vn 0.000000 1.000000 -0.000002
vn 0.000000 1.000000 -0.000002
vn 0.000000 1.000000 -0.000002
vn 0.000000 1.000000 0.000001
vn 0.000000 1.000000 0.000001
vn 0.000000 1.000000 -0.000002
vn 0.000000 1.000000 0.000001
vn 0.000000 1.000000 0.000000
vn 0.000000 1.000000 0.000000
vn 0.000000 1.000000 0.000000
vn 0.000000 1.000000 0.000000
vn 0.000000 1.000000 0.000000
vn 0.000000 1.000000 0.000000
vn 0.000000 1.000000 0.000003
vn 0.000000 1.000000 0.000001
vn 0.000000 1.000000 0.000002
vn 0.000000 1.000000 0.000002
vn 0.000000 1.000000 0.000001
vn 0.000000 1.000000 0.000001
vn 0.000000 1.000000 0.000001
vn 0.000000 1.000000 0.000001
vn 0.000000 1.000000 0.000001
vn 0.000000 1.000000 0.000001
vn 0.000000 1.000000 0.000001
vn 0.000000 1.000000 0.000001
vn 0.000000 1.000000 0.000001
vn 0.000000 1.000000 -0.000006
vn 0.000000 1.000000 0.000001
vn 0.000000 1.000000 0.000001
vn 0.000000 1.000000 -0.000006
vn 0.000000 1.000000 -0.000005
vn 0.000000 1.000000 -0.000000
vn 0.000000 1.000000 0.000001
vn 0.000000 1.000000 0.000000
vn 0.000000 1.000000 0.000000
vn 0.000000 1.000000 0.000001
vn 0.000000 1.000000 0.000001
vn 0.000000 1.000000 0.000000
vn 0.000000 1.000000 -0.000003
vn 0.000000 1.000000 -0.000000
vn 0.000000 1.000000 -0.000000
vn 0.000000 1.000000 -0.000003
vn 0.000000 1.000000 -0.000003
vn 0.000000 1.000000 -0.000003
vn 0.000000 1.000000 -0.000000
vn 0.000000 1.000000 -0.000003
vn 0.000000 1.000000 -0.000003
vn 0.000000 1.000000 -0.000000
vn 0.000000 1.000000 0.000000
vn 0.000000 -1.000000 0.000000
vn 0.000000 -1.000000 0.000000
vn 0.000000 -1.000000 0.000000
vn 0.000000 -1.000000 0.000000
vn 0.000000 -1.000000 0.000000
vn 0.000000 -1.000000 0.000000
vn 0.000000 -1.000000 0.000000
vn 0.000000 -1.000000 0.000000
vn 0.000000 -1.000000 0.000000
vn 0.000000 -1.000000 0.000000
vn 0.000000 -1.000000 0.000000
vn 0.000000 -1.000000 0.000000
vn 0.248446 -0.000011 0.968646
vn 0.203878 -0.000131 0.978996
vn 0.225848 -0.000407 0.974163
vn 0.225848 -0.000407 0.974163
vn 0.203878 -0.000131 0.978996
vn 0.203353 0.000000 0.979105
vn 0.203878 -0.000131 0.978996
vn 0.157059 0.000000 0.987589
vn 0.203353 0.000000 0.979105
vn 0.203353 0.000000 0.979105
vn 0.157059 0.000000 0.987589
vn 0.157059 0.000000 0.987589
vn 0.157059 0.000000 0.987589
vn 0.157059 0.000000 0.987589
vn 0.089135 0.000000 0.996020
vn 0.089135 0.000000 0.996020
vn 0.157059 0.000000 0.987589
vn 0.089135 0.000000 0.996020
vn 0.089135 0.000000 0.996020
vn -0.000000 0.000000 1.000000
vn 0.089135 0.000000 0.996020
vn 0.089135 0.000000 0.996020
vn -0.000000 0.000000 1.000000
vn 0.000000 0.000000 1.000000
vn 0.089135 0.000000 0.996020
vn 0.089135 0.000000 0.996020
vn 0.000000 0.000000 1.000000
vn 0.000000 0.000000 1.000000
vn 0.089135 0.000000 0.996020
vn 0.000000 0.000000 1.000000
vn 0.157059 -0.000000 0.987589
vn 0.157058 0.000000 0.987589
vn 0.089135 0.000000 0.996020
vn 0.089135 0.000000 0.996020
vn 0.157058 0.000000 0.987589
vn 0.089135 0.000000 0.996020
vn 0.204509 0.000124 0.978865
vn 0.203353 -0.000001 0.979106
vn 0.157059 -0.000000 0.987589
vn 0.157059 -0.000000 0.987589
vn 0.203353 -0.000001 0.979106
vn 0.157058 0.000000 0.987589
vn 0.242658 0.000130 0.970112
vn 0.225841 0.000172 0.974164
vn 0.204509 0.000124 0.978865
vn 0.204509 0.000124 0.978865
vn 0.225841 0.000172 0.974164
vn 0.203353 -0.000001 0.979106
vn 0.242658 0.000130 0.970112
vn 0.248446 -0.000011 0.968646
vn 0.225841 0.000172 0.974164
vn 0.225841 0.000172 0.974164
vn 0.248446 -0.000011 0.968646
vn 0.225848 -0.000407 0.974163
vn 0.000000 -1.000000 0.000000
vn 0.000000 -1.000000 0.000000
vn 0.000000 -1.000000 0.000000
vn 0.000000 -1.000000 0.000000
vn 0.000000 -1.000000 0.000000
vn 0.000000 -1.000000 0.000000
vn -1.000000 -0.000000 0.000000
vn -1.000000 -0.000000 0.000000
vn -1.000000 -0.000000 0.000000
vn -1.000000 -0.000000 0.000000
vn -1.000000 -0.000000 0.000000
vn -1.000000 0.000000 0.000000
vn 0.000000 0.000000 1.000000
vn 0.000000 0.000000 1.000000
vn 0.000000 0.000000 1.000000
vn 0.000000 0.000000 1.000000
vn 0.000000 0.000000 1.000000
vn 0.000000 0.000000 1.000000
vn -1.000000 0.000000 0.000000
vn -1.000000 -0.000000 0.000000
vn -1.000000 -0.000000 0.000000
vn -1.000000 -0.000000 0.000000
vn -1.000000 -0.000000 0.000000
vn -1.000000 -0.000000 0.000000
vn 0.000000 1.000000 0.000000
vn 0.000000 1.000000 0.000000
vn 0.000000 1.000000 0.000000
vn 0.000000 1.000000 0.000000
vn 0.000000 1.000000 0.000000
vn 0.000000 1.000000 0.000000
vn -1.000000 0.000003 0.000000
vn -1.000000 0.000003 0.000000
vn -1.000000 0.000000 0.000000
vn -1.000000 0.000000 0.000000
vn -1.000000 0.000003 0.000000
vn -1.000000 -0.000000 0.000000
vn -1.000000 0.000000 0.000000
vn -1.000000 0.000000 0.000000
vn -1.000000 0.000000 0.000000
vn -1.000000 0.000000 0.000000
vn -1.000000 0.000000 0.000000
vn -1.000000 0.000000 0.000000
vn 0.000000 0.000000 -1.000000
vn 0.000000 0.000000 -1.000000
vn 0.000000 0.000000 -1.000000
vn 0.000000 0.000000 -1.000000
vn 0.000000 0.000000 -1.000000
vn 0.000000 0.000000 -1.000000
vn -1.000000 0.000000 0.000000
vn -1.000000 0.000000 0.000000
vn -1.000000 0.000000 0.000000
vn -1.000000 0.000000 0.000000
vn -1.000000 0.000000 0.000000
vn -1.000000 0.000000 0.000000
vn -0.289641 -0.000000 0.957135
vn -0.271841 -0.000001 0.962342
vn -0.289641 -0.000000 0.957135
vn -0.289641 -0.000000 0.957135
vn -0.271841 -0.000001 0.962342
vn -0.261669 0.000000 0.965158
vn 1.000000 0.000000 0.000000
vn 1.000000 0.000000 0.000000
vn 1.000000 0.000000 0.000000
vn 1.000000 0.000000 0.000000
vn 1.000000 0.000000 0.000000
vn 1.000000 0.000000 0.000000
vn 0.128878 0.000000 0.991660
vn 0.128879 0.000000 0.991660
vn 0.209019 0.000005 0.977912
vn 0.209019 0.000005 0.977912
vn 0.128879 0.000000 0.991660
vn 0.209015 0.000000 0.977912
vn -0.000001 -1.000000 -0.000005
vn -0.000001 -1.000000 -0.000005
vn -0.000001 -1.000000 -0.000005
vn -0.000001 -1.000000 -0.000005
vn -0.000001 -1.000000 -0.000005
vn -0.000001 -1.000000 -0.000005
vn 0.249343 -0.000000 0.968415
vn 0.249342 0.000000 0.968415
vn 0.242555 0.000000 0.970138
vn 0.242555 0.000000 0.970138
vn 0.249342 0.000000 0.968415
vn 0.238333 0.000000 0.971183
vn 0.238344 0.000010 0.971181
vn 0.249359 0.000011 0.968411
vn 0.242713 0.000018 0.970098
vn 0.242713 0.000018 0.970098
vn 0.249359 0.000011 0.968411
vn 0.242658 0.000130 0.970112
vn -0.131249 0.000000 0.991350
vn -0.131249 -0.000000 0.991350
vn -0.000000 -0.000003 1.000000
vn -0.000000 -0.000003 1.000000
vn -0.131249 -0.000000 0.991350
vn 0.000000 -0.000003 1.000000
vn -0.221331 0.000000 0.975199
vn -0.221331 0.000000 0.975199
vn -0.131249 0.000000 0.991350
vn -0.131249 0.000000 0.991350
vn -0.221331 0.000000 0.975199
vn -0.131249 -0.000000 0.991350
vn -0.260109 0.000000 0.965579
vn -0.221331 0.000000 0.975199
vn -0.258217 0.000000 0.966087
vn -0.258217 0.000000 0.966087
vn -0.221331 0.000000 0.975199
vn -0.221331 0.000000 0.975199
vn 0.209015 0.000000 0.977912
vn 0.209015 0.000000 0.977913
vn 0.237050 0.000000 0.971497
vn 0.237050 0.000000 0.971497
vn 0.209015 0.000000 0.977913
vn 0.237752 0.000000 0.971326
vn 0.128878 -0.000000 0.991660
vn 0.128878 0.000000 0.991660
vn 0.209015 0.000000 0.977912
vn 0.209015 0.000000 0.977912
vn 0.128878 0.000000 0.991660
vn 0.209015 0.000000 0.977913
vn -0.000000 -0.000003 1.000000
vn 0.000000 -0.000003 1.000000
vn 0.128878 -0.000000 0.991660
vn 0.128878 -0.000000 0.991660
vn 0.000000 -0.000003 1.000000
vn 0.128878 0.000000 0.991660
vn -0.000000 1.000000 0.000003
vn -0.000000 1.000000 0.000003
vn -0.000000 1.000000 0.000001
vn -0.000000 1.000000 0.000001
vn -0.000000 1.000000 0.000003
vn -0.000000 1.000000 0.000000
vn -0.000001 1.000000 0.000003
vn -0.000001 1.000000 0.000003
vn -0.000000 1.000000 0.000003
vn -0.000000 1.000000 0.000003
vn -0.000001 1.000000 0.000003
vn -0.000000 1.000000 0.000003
vn -0.000001 1.000000 0.000005
vn -0.000001 1.000000 0.000005
vn -0.000001 1.000000 0.000003
vn -0.000001 1.000000 0.000003
vn -0.000001 1.000000 0.000005
vn -0.000001 1.000000 0.000003
vn 0.000001 1.000000 0.000005
vn 0.000001 1.000000 0.000002
vn 0.000001 1.000000 0.000005
vn 0.000001 1.000000 0.000005
vn 0.000001 1.000000 0.000002
vn 0.000001 1.000000 0.000003
vn 0.000001 1.000000 0.000002
vn 0.000000 1.000000 0.000003
vn 0.000001 1.000000 0.000003
vn 0.000001 1.000000 0.000003
vn 0.000000 1.000000 0.000003
vn 0.000000 1.000000 0.000002
vn 0.000000 1.000000 0.000003
vn -0.000000 1.000000 0.000001
vn 0.000000 1.000000 0.000002
vn 0.000000 1.000000 0.000002
vn -0.000000 1.000000 0.000001
vn -0.000000 1.000000 0.000000
vn 0.236245 0.000000 0.971694
vn 0.209023 0.000000 0.977911
vn 0.236247 0.000000 0.971693
vn 0.236247 0.000000 0.971693
vn 0.209023 0.000000 0.977911
vn 0.209024 0.000000 0.977910
vn 0.209023 0.000000 0.977911
vn 0.128879 0.000000 0.991660
vn 0.209024 0.000000 0.977910
vn 0.209024 0.000000 0.977910
vn 0.128879 0.000000 0.991660
vn 0.128879 0.000000 0.991660
vn 0.128879 0.000000 0.991660
vn 0.128879 0.000000 0.991660
vn 0.000000 0.000000 1.000000
vn 0.000000 0.000000 1.000000
vn 0.128879 0.000000 0.991660
vn 0.000000 0.000000 1.000000
vn 0.000000 0.000000 1.000000
vn -0.131248 0.000000 0.991350
vn 0.000000 0.000000 1.000000
vn 0.000000 0.000000 1.000000
vn -0.131248 0.000000 0.991350
vn -0.131248 0.000000 0.991350
vn -0.131248 0.000000 0.991350
vn -0.221331 0.000000 0.975199
vn -0.131248 0.000000 0.991350
vn -0.131248 0.000000 0.991350
vn -0.221331 0.000000 0.975199
vn -0.221331 0.000000 0.975199
vn -0.221331 0.000000 0.975199
vn -0.255966 0.000000 0.966686
vn -0.221331 0.000000 0.975199
vn -0.221331 0.000000 0.975199
vn -0.255966 0.000000 0.966686
vn -0.255967 0.000000 0.966686
vn 0.000001 -0.000003 -1.000000
vn 0.000002 -0.000002 -1.000000
vn 0.000001 0.000001 -1.000000
vn 0.000001 0.000001 -1.000000
vn 0.000002 -0.000002 -1.000000
vn 0.000001 0.000001 -1.000000
vn 0.000002 -0.000002 -1.000000
vn 0.000001 -0.000003 -1.000000
vn 0.000000 -0.000003 -1.000000
vn 0.000001 0.000001 -1.000000
vn 0.000001 0.000001 -1.000000
vn 0.000000 0.000000 -1.000000
vn 0.000000 0.000000 -1.000000
vn 0.000001 0.000001 -1.000000
vn 0.000000 0.000000 -1.000000
vn 0.000000 -0.000003 -1.000000
vn 0.000000 0.000000 -1.000000
vn 0.000000 0.000000 -1.000000
vn 0.000000 0.000000 -1.000000
vn 0.000000 0.000000 -1.000000
vn 0.000000 0.000000 -1.000000
vn 1.000000 0.000000 0.000000
vn 1.000000 0.000000 0.000000
vn 1.000000 0.000000 0.000000
vn 1.000000 0.000000 0.000000
vn 1.000000 0.000000 0.000000
vn 1.000000 0.000000 0.000000
vn 0.000000 -1.000000 0.000000
vn 0.000000 -1.000000 0.000000
vn 0.000000 -1.000000 0.000000
vn 0.000000 -1.000000 0.000000
vn 0.000000 -1.000000 0.000000
vn 0.000000 -1.000000 0.000000
vn 0.000000 1.000000 0.000000
vn 0.000000 1.000000 0.000000
vn 0.000000 1.000000 0.000000
vn 0.000000 1.000000 0.000000
vn 0.000000 1.000000 0.000000
vn 0.000000 1.000000 0.000000
vn -1.000000 0.000000 0.000000
vn -1.000000 0.000000 0.000000
vn -1.000000 0.000000 0.000000
vn -1.000000 0.000000 0.000000
vn -1.000000 0.000000 0.000000
vn -1.000000 0.000000 0.000000
vn 0.000000 0.000000 -1.000000
vn 0.000000 0.000000 -1.000000
vn 0.000000 0.000000 -1.000000
vn 0.000000 0.000000 -1.000000
vn 0.000000 0.000000 -1.000000
vn 0.000000 0.000000 -1.000000
vn 1.000000 0.000003 -0.000008
vn 1.000000 -0.000003 -0.000011
vn 1.000000 -0.000010 -0.000015
vn 1.000000 -0.000010 -0.000015
vn 1.000000 -0.000003 -0.000011
vn 1.000000 -0.000016 -0.000019
vn 1.000000 0.000000 -0.000006
vn 1.000000 0.000000 -0.000007
vn 1.000000 0.000002 -0.000017
vn 1.000000 0.000002 -0.000017
vn 1.000000 0.000000 -0.000007
vn 1.000000 0.000003 -0.000021
vn 1.000000 -0.000016 -0.000018
vn 1.000000 -0.000006 -0.000019
vn 1.000000 -0.000016 -0.000018
vn 1.000000 -0.000016 -0.000018
vn 1.000000 -0.000006 -0.000019
vn 1.000000 -0.000005 -0.000019
vn 1.000000 -0.000014 -0.000010
vn 1.000000 -0.000016 -0.000019
vn 1.000000 -0.000014 -0.000010
vn 1.000000 -0.000014 -0.000010
vn 1.000000 -0.000016 -0.000019
vn 1.000000 -0.000016 -0.000023
vn 1.000000 -0.000012 -0.000009
vn 1.000000 -0.000012 -0.000009
vn 1.000000 -0.000004 -0.000008
vn 1.000000 -0.000004 -0.000008
vn 1.000000 -0.000012 -0.000009
vn 1.000000 -0.000002 -0.000008
vn 0.000000 0.000000 -1.000000
vn 0.000000 0.000000 -1.000000
vn 0.000000 0.000000 -1.000000
vn 0.000000 0.000000 -1.000000
vn 0.000000 0.000000 -1.000000
vn 0.000000 0.000000 -1.000000
vn 0.000000 1.000000 0.000000
vn 0.000000 1.000000 0.000000
vn 0.000000 1.000000 0.000000
vn 0.000000 1.000000 0.000000
vn 0.000000 1.000000 0.000000
vn 0.000000 1.000000 0.000000
vn 0.000000 0.000000 1.000000
vn 0.000000 0.000000 1.000000
vn 0.000000 0.000000 1.000000
vn 0.000000 0.000000 1.000000
vn 0.000000 0.000000 1.000000
vn 0.000000 0.000000 1.000000
vn 0.000000 -1.000000 0.000000
vn 0.000000 -1.000000 -0.000000
vn 0.000000 -1.000000 0.000000
vn 0.000000 -1.000000 0.000000
vn 0.000000 -1.000000 -0.000000
vn 0.000000 -1.000000 -0.000000
vn -0.271841 -0.000001 0.962342
vn -0.221331 0.000000 0.975199
vn -0.261669 0.000000 0.965158
vn -0.261669 0.000000 0.965158
vn -0.221331 0.000000 0.975199
vn -0.221331 0.000000 0.975199
vn -0.221331 0.000000 0.975199
vn -0.131248 0.000000 0.991350
vn -0.221331 0.000000 0.975199
vn -0.221331 0.000000 0.975199
vn -0.131248 0.000000 0.991350
vn -0.131248 0.000000 0.991350
vn -0.131248 0.000000 0.991350
vn 0.000000 0.000000 1.000000
vn -0.131248 0.000000 0.991350
vn -0.131248 0.000000 0.991350
vn 0.000000 0.000000 1.000000
vn 0.000000 0.000000 1.000000
vn 0.000000 0.000000 1.000000
vn 0.128878 0.000000 0.991661
vn 0.000000 0.000000 1.000000
vn 0.000000 0.000000 1.000000
vn 0.128878 0.000000 0.991661
vn 0.128878 0.000000 0.991660
vn 0.128878 0.000000 0.991661
vn 0.209014 0.000000 0.977913
vn 0.128878 0.000000 0.991660
vn 0.128878 0.000000 0.991660
vn 0.209014 0.000000 0.977913
vn 0.209014 0.000000 0.977913
vn 0.209014 0.000000 0.977913
vn 0.242555 0.000000 0.970138
vn 0.209014 0.000000 0.977913
vn 0.209014 0.000000 0.977913
vn 0.242555 0.000000 0.970138
vn 0.238333 0.000000 0.971183
vn -0.221332 0.000000 0.975199
vn -0.221333 0.000000 0.975198
vn -0.258182 0.000000 0.966096
vn -0.258182 0.000000 0.966096
vn -0.221333 0.000000 0.975198
vn -0.260111 0.000000 0.965579
vn -0.131249 0.000000 0.991350
vn -0.131249 0.000000 0.991350
vn -0.221332 0.000000 0.975199
vn -0.221332 0.000000 0.975199
vn -0.131249 0.000000 0.991350
vn -0.221333 0.000000 0.975198
vn -0.000000 0.000000 1.000000
vn 0.000000 0.000000 1.000000
vn -0.131249 0.000000 0.991350
vn -0.131249 0.000000 0.991350
vn 0.000000 0.000000 1.000000
vn -0.131249 0.000000 0.991350
vn 0.128878 0.000000 0.991660
vn 0.128878 0.000000 0.991660
vn -0.000000 0.000000 1.000000
vn -0.000000 0.000000 1.000000
vn 0.128878 0.000000 0.991660
vn 0.000000 0.000000 1.000000
vn 0.209013 0.000000 0.977913
vn 0.209013 0.000001 0.977913
vn 0.128878 0.000000 0.991660
vn 0.128878 0.000000 0.991660
vn 0.209013 0.000001 0.977913
vn 0.128878 0.000000 0.991660
vn 0.237755 0.000012 0.971325
vn 0.209013 0.000001 0.977913
vn 0.237039 0.000011 0.971500
vn 0.237039 0.000011 0.971500
vn 0.209013 0.000001 0.977913
vn 0.209013 0.000000 0.977913
vn -0.289641 -0.000000 0.957135
vn -0.289644 0.000000 0.957135
vn -0.289641 -0.000000 0.957135
vn -0.289641 -0.000000 0.957135
vn -0.289644 0.000000 0.957135
vn -0.289643 0.000000 0.957135
vn 0.249359 0.000011 0.968411
vn 0.249342 0.000000 0.968415
vn 0.248446 -0.000011 0.968646
vn 0.248446 -0.000011 0.968646
vn 0.249342 0.000000 0.968415
vn 0.249343 -0.000000 0.968415
vn 0.242658 0.000130 0.970112
vn 0.249359 0.000011 0.968411
vn 0.248446 -0.000011 0.968646
vn 0.237050 0.000000 0.971497
vn 0.237752 0.000000 0.971326
vn 0.249350 0.000000 0.968414
vn 0.249344 0.000000 0.968415
vn 0.249368 0.000000 0.968409
vn 0.249344 0.000000 0.968415
vn 0.249344 0.000000 0.968415
vn 0.249368 0.000000 0.968409
vn 0.249369 0.000000 0.968409
vn -0.258182 0.000000 0.966096
vn -0.260111 0.000000 0.965579
vn -0.289642 0.000000 0.957135
vn 0.237039 0.000011 0.971500
vn 0.249350 0.000015 0.968413
vn 0.237755 0.000012 0.971325
vn -0.177064 0.736769 0.652548
vn -0.175211 0.737017 0.652769
vn -0.151326 0.739977 0.655388
vn -0.151326 0.739977 0.655388
vn -0.175211 0.737017 0.652769
vn -0.146193 0.740555 0.655900
vn 0.000001 -1.000000 -0.000006
vn 0.000001 -1.000000 -0.000000
vn 0.000001 -1.000000 -0.000006
vn 0.000001 -1.000000 -0.000006
vn 0.000001 -1.000000 -0.000000
vn 0.000001 -1.000000 0.000000
vn -0.151326 0.739977 0.655388
vn -0.146193 0.740555 0.655900
vn -0.089705 0.745579 0.660352
vn -0.089705 0.745579 0.660352
vn -0.146193 0.740555 0.655900
vn -0.085059 0.745884 0.660622
vn 0.000001 -1.000000 -0.000001
vn 0.000001 -1.000000 -0.000006
vn 0.000001 -1.000000 -0.000001
vn 0.000001 -1.000000 -0.000001
vn 0.000001 -1.000000 -0.000006
vn 0.000001 -1.000000 -0.000006
vn -0.089705 0.745579 0.660352
vn -0.085059 0.745884 0.660622
vn -0.000000 0.748598 0.663025
vn -0.000000 0.748598 0.663025
vn -0.085059 0.745884 0.660622
vn 0.000000 0.748598 0.663025
vn -0.000000 -1.000000 -0.000005
vn 0.000001 -1.000000 -0.000001
vn -0.000000 -1.000000 -0.000005
vn -0.000000 -1.000000 -0.000005
vn 0.000001 -1.000000 -0.000001
vn 0.000001 -1.000000 -0.000001
vn 0.087947 0.745695 0.660457
vn -0.000000 0.748598 0.663025
vn 0.083641 0.745973 0.660703
vn 0.083641 0.745973 0.660703
vn -0.000000 0.748598 0.663025
vn 0.000000 0.748598 0.663025
vn -0.000001 -1.000000 -0.000005
vn -0.000001 -1.000000 -0.000005
vn -0.000000 -1.000000 -0.000005
vn -0.000000 -1.000000 -0.000005
vn -0.000001 -1.000000 -0.000005
vn -0.000000 -1.000000 -0.000005
vn 0.142201 0.740988 0.656289
vn 0.087947 0.745695 0.660457
vn 0.138357 0.741395 0.656651
vn 0.138357 0.741395 0.656651
vn 0.087947 0.745695 0.660457
vn 0.083641 0.745973 0.660703
vn 0.160618 0.738879 0.654416
vn 0.142201 0.740988 0.656289
vn 0.159993 0.738954 0.654484
vn 0.159993 0.738954 0.654484
vn 0.142201 0.740988 0.656289
vn 0.138357 0.741395 0.656651
vn -0.000001 -1.000000 0.000000
vn -0.000001 -1.000000 -0.000001
vn -0.000001 -1.000000 -0.000005
vn -0.000001 -1.000000 -0.000005
vn -0.000001 -1.000000 -0.000001
vn -0.000001 -1.000000 -0.000005
vn -1.000000 0.000000 0.000488
vn -1.000000 0.000000 0.000488
vn -1.000000 0.000000 0.000488
vn -1.000000 0.000000 0.000488
vn -1.000000 0.000000 0.000488
vn -1.000000 0.000000 0.000488
vn -0.175211 0.737017 0.652769
vn -0.177064 0.736769 0.652548
vn -0.196718 0.733975 0.650064
vn -0.196718 0.733975 0.650064
vn -0.177064 0.736769 0.652548
vn -0.196718 0.733976 0.650062
vn 0.168289 0.737927 0.653561
vn 0.160618 0.738879 0.654416
vn 0.168288 0.737926 0.653563
vn 0.168288 0.737926 0.653563
vn 0.160618 0.738879 0.654416
vn 0.159993 0.738954 0.654484
vn -0.289643 0.000000 0.957135
vn -0.289643 0.000000 0.957135
vn -0.289637 0.000000 0.957137
vn -0.289637 0.000000 0.957137
vn -0.289643 0.000000 0.957135
vn -0.289637 0.000000 0.957137
vn -0.258217 0.000000 0.966087
vn -0.289642 0.000000 0.957135
vn -0.260109 0.000000 0.965579
vn 0.086578 -0.754996 0.649988
vn 0.082286 -0.755272 0.650225
vn 0.000000 -0.757846 0.652433
vn 0.000000 -0.757846 0.652433
vn 0.082286 -0.755272 0.650225
vn 0.000000 -0.757847 0.652433
vn 0.139998 -0.750380 0.646012
vn 0.136165 -0.750785 0.646360
vn 0.086578 -0.754996 0.649988
vn 0.086578 -0.754996 0.649988
vn 0.136165 -0.750785 0.646360
vn 0.082286 -0.755272 0.650225
vn 0.136165 -0.750785 0.646360
vn 0.139998 -0.750380 0.646012
vn 0.157498 -0.748383 0.644296
vn 0.157498 -0.748383 0.644296
vn 0.139998 -0.750380 0.646012
vn 0.158117 -0.748308 0.644232
vn 0.165666 -0.747368 0.643425
vn 0.165667 -0.747370 0.643422
vn 0.158117 -0.748308 0.644232
vn 0.158117 -0.748308 0.644232
vn 0.165667 -0.747370 0.643422
vn 0.157498 -0.748383 0.644296
vn 0.818175 0.000002 0.574969
vn 0.818175 0.000002 0.574969
vn 0.818158 0.000001 0.574994
vn 0.818158 0.000001 0.574994
vn 0.818175 0.000002 0.574969
vn 0.818158 0.000001 0.574994
vn -0.827914 0.000000 0.560855
vn -0.827914 0.000000 0.560856
vn -0.827915 0.000000 0.560854
vn -0.827915 0.000000 0.560854
vn -0.827914 0.000000 0.560856
vn -0.827915 0.000000 0.560853
vn -0.172488 -0.746480 0.642663
vn -0.193696 -0.743490 0.640082
vn -0.174328 -0.746234 0.642452
vn -0.174328 -0.746234 0.642452
vn -0.193696 -0.743490 0.640082
vn -0.193697 -0.743489 0.640083
vn -0.143874 -0.749960 0.645648
vn -0.172488 -0.746480 0.642663
vn -0.148994 -0.749385 0.645153
vn -0.148994 -0.749385 0.645153
vn -0.172488 -0.746480 0.642663
vn -0.174328 -0.746234 0.642452
vn -0.083680 -0.755183 0.650151
vn -0.143874 -0.749960 0.645648
vn -0.088310 -0.754880 0.649890
vn -0.088310 -0.754880 0.649890
vn -0.143874 -0.749960 0.645648
vn -0.148994 -0.749385 0.645153
vn 0.000000 -0.757847 0.652433
vn -0.083680 -0.755183 0.650151
vn 0.000000 -0.757846 0.652433
vn 0.000000 -0.757846 0.652433
vn -0.083680 -0.755183 0.650151
vn -0.088310 -0.754880 0.649890
vn 0.000000 1.000000 -0.000000
vn 0.000000 1.000000 0.000000
vn 0.000000 1.000000 0.000001
vn 0.000000 1.000000 0.000003
vn 0.000000 1.000000 -0.000013
vn 0.000000 1.000000 0.000003
vn 0.000000 1.000000 0.000003
vn 0.000000 1.000000 -0.000013
vn 0.000000 1.000000 -0.000013
vn 0.000000 -0.000003 -1.000000
vn -0.000000 -0.000003 -1.000000
vn 0.000000 0.000000 -1.000000
vn 0.000000 0.000000 -1.000000
vn -0.000000 -0.000003 -1.000000
vn -0.000000 0.000000 -1.000000
vn -0.000001 -1.000000 0.000000
vn -0.000000 -1.000000 -0.000000
vn -0.000001 -1.000000 -0.000000
vn 0.000000 -1.000000 -0.000000
vn -0.000000 -1.000000 -0.000000
vn -0.000001 -1.000000 0.000000
vn 0.000001 -1.000000 -0.000000
vn -0.000000 -1.000000 -0.000000
vn 0.000000 -1.000000 -0.000000
vn -0.000002 -1.000000 0.000000
vn -0.000000 -1.000000 -0.000000
vn 0.000001 -1.000000 -0.000000
vn -0.000002 -1.000000 -0.000000
vn -0.000000 -1.000000 -0.000000
vn -0.000001 -1.000000 -0.000000
vn 0.000003 -1.000000 0.000001
vn -0.000000 -1.000000 -0.000000
vn -0.000002 -1.000000 -0.000000
vn 0.000000 -1.000000 -0.000000
vn -0.000000 -1.000000 -0.000000
vn 0.000003 -1.000000 0.000001
vn -0.000001 -1.000000 -0.000000
vn -0.000000 -1.000000 -0.000000
vn 0.000000 -1.000000 -0.000000
vn -0.000070 0.767007 0.641639
vn -0.000082 0.766880 0.641790
vn -0.081818 0.765129 0.638657
vn -0.081818 0.765129 0.638657
vn -0.000082 0.766880 0.641790
vn -0.081656 0.765005 0.638827
vn -0.081818 0.765129 0.638657
vn -0.081656 0.765005 0.638827
vn -0.140345 0.763169 0.630774
vn -0.140345 0.763169 0.630774
vn -0.081656 0.765005 0.638827
vn -0.140338 0.763046 0.630924
vn -0.140345 0.763169 0.630774
vn -0.140338 0.763046 0.630924
vn -0.174251 0.762179 0.623473
vn -0.174251 0.762179 0.623473
vn -0.140338 0.763046 0.630924
vn -0.174605 0.761249 0.624511
vn -0.174305 0.783060 0.597021
vn -0.174251 0.762179 0.623473
vn -0.174795 0.782114 0.598117
vn -0.174795 0.782114 0.598117
vn -0.174251 0.762179 0.623473
vn -0.174605 0.761249 0.624511
vn 0.000000 0.759476 -0.650535
vn 0.000000 0.759479 -0.650532
vn 0.000000 0.759476 -0.650535
vn 0.000000 0.759476 -0.650535
vn 0.000000 0.759479 -0.650532
vn 0.000000 0.759479 -0.650532
vn 0.149768 0.781266 0.605964
vn 0.150139 0.780443 0.606932
vn 0.154611 0.760997 0.630063
vn 0.154611 0.760997 0.630063
vn 0.150139 0.780443 0.606932
vn 0.154904 0.760162 0.630998
vn 0.132258 0.762457 0.633377
vn 0.154611 0.760997 0.630063
vn 0.132126 0.762306 0.633586
vn 0.132126 0.762306 0.633586
vn 0.154611 0.760997 0.630063
vn 0.154904 0.760162 0.630998
vn 0.080039 0.764846 0.639222
vn 0.132258 0.762457 0.633377
vn 0.079855 0.764697 0.639423
vn 0.079855 0.764697 0.639423
vn 0.132258 0.762457 0.633377
vn 0.132126 0.762306 0.633586
vn -0.000070 0.767007 0.641639
vn 0.080039 0.764846 0.639222
vn -0.000082 0.766880 0.641790
vn -0.000082 0.766880 0.641790
vn 0.080039 0.764846 0.639222
vn 0.079855 0.764697 0.639423
vn 0.623130 0.782118 0.000000
vn 0.623387 0.781914 -0.000003
vn 0.650199 0.759764 -0.000359
vn 0.650199 0.759764 -0.000359
vn 0.623387 0.781914 -0.000003
vn 0.650326 0.759655 -0.000361
vn -0.619151 0.785272 0.000000
vn -0.650150 0.759806 -0.000414
vn -0.619439 0.785045 -0.000004
vn -0.619439 0.785045 -0.000004
vn -0.650150 0.759806 -0.000414
vn -0.650298 0.759680 -0.000416
vn 0.000000 1.000000 0.000000
vn 0.000000 1.000000 -0.000000
vn 0.000000 1.000000 -0.000003
vn 0.000000 1.000000 -0.000003
vn 0.000000 1.000000 -0.000000
vn 0.000000 1.000000 -0.000003
vn 0.000000 1.000000 -0.000003
vn 0.000000 1.000000 -0.000000
vn 0.000000 1.000000 -0.000003
vn 0.000000 1.000000 -0.000003
vn 0.000000 1.000000 -0.000000
vn 0.000000 1.000000 -0.000000
vn 0.000000 1.000000 -0.000000
vn 0.000000 1.000000 -0.000000
vn 0.000000 1.000000 -0.000000
vn 0.000000 1.000000 -0.000000
vn 0.000000 1.000000 -0.000000
vn 0.000000 1.000000 -0.000000
vn 0.000000 1.000000 -0.000000
vn 0.000000 1.000000 -0.000006
vn 0.000000 1.000000 -0.000000
vn 0.000000 1.000000 -0.000000
vn 0.000000 1.000000 -0.000006
vn 0.000000 1.000000 -0.000006
vn 0.000000 1.000000 0.000000
vn 0.000000 1.000000 0.000000
vn 0.000000 1.000000 0.000004
vn 0.000000 1.000000 0.000004
vn 0.000000 1.000000 0.000000
vn 0.000000 1.000000 0.000004
vn 0.000000 1.000000 0.000000
vn 0.000000 1.000000 -0.000000
vn 0.000000 1.000000 -0.000003
vn 0.000000 1.000000 -0.000003
vn 0.000000 1.000000 -0.000000
vn 0.000000 1.000000 -0.000003
vn 0.000000 1.000000 -0.000003
vn 0.000000 1.000000 0.000004
vn 0.000000 1.000000 -0.000003
vn 0.000000 1.000000 -0.000003
vn 0.000000 1.000000 0.000004
vn 0.000000 1.000000 0.000004
vn 0.000000 1.000000 0.000004
vn 0.000000 1.000000 -0.000003
vn 0.000000 1.000000 0.000004
vn 0.000000 1.000000 0.000004
vn 0.000000 1.000000 -0.000003
vn 0.000000 1.000000 -0.000004
vn 0.000000 1.000000 -0.000003
vn 0.000000 1.000000 -0.000000
vn 0.000000 1.000000 -0.000004
vn 0.000000 1.000000 -0.000004
vn 0.000000 1.000000 -0.000000
vn 0.000000 1.000000 0.000000
vn 0.000000 1.000000 0.000000
vn 0.000000 1.000000 0.000000
vn 0.000000 1.000000 0.000000
vn 0.000000 1.000000 0.000000
vn 0.000000 1.000000 0.000000
vn 0.000000 1.000000 0.000000
vn 0.000000 1.000000 0.000000
vn 0.000000 1.000000 0.000000
vn 0.000000 1.000000 0.000000
vn 0.000000 1.000000 0.000000
vn 0.000000 1.000000 0.000000
vn 0.000000 1.000000 0.000000
vn -0.126504 -0.000001 0.991966
vn -0.126522 0.000025 0.991964
vn -0.216671 0.000017 0.976245
vn -0.216671 0.000017 0.976245
vn -0.126522 0.000025 0.991964
vn -0.217067 0.000066 0.976157
vn -0.216671 0.000017 0.976245
vn -0.217067 0.000066 0.976157
vn -0.269278 -0.000006 0.963063
vn -0.269278 -0.000006 0.963063
vn -0.217067 0.000066 0.976157
vn -0.269376 0.000022 0.963035
vn -0.269278 -0.000006 0.963063
vn -0.269376 0.000022 0.963035
vn -0.285726 -0.000007 0.958311
vn -0.285726 -0.000007 0.958311
vn -0.269376 0.000022 0.963035
vn -0.285728 0.000000 0.958311
vn -1.000000 0.000000 0.000000
vn -1.000000 -0.000000 0.000000
vn -1.000000 -0.000008 0.000000
vn -1.000000 -0.000008 0.000000
vn -1.000000 -0.000000 0.000000
vn -1.000000 -0.000008 0.000000
vn 0.000000 -0.000002 -1.000000
vn 0.000000 -0.000002 -1.000000
vn 0.000000 -0.000002 -1.000000
vn 0.000000 -0.000002 -1.000000
vn 0.000000 -0.000002 -1.000000
vn 0.000000 -0.000002 -1.000000
vn 1.000000 0.000000 0.000000
vn 1.000000 -0.000000 0.000000
vn 1.000000 -0.000002 0.000000
vn 1.000000 -0.000002 0.000000
vn 1.000000 -0.000000 0.000000
vn 1.000000 -0.000002 0.000000
vn 0.244715 0.000000 0.969595
vn 0.244715 0.000000 0.969595
vn 0.238438 -0.000009 0.971158
vn 0.238438 -0.000009 0.971158
vn 0.244715 0.000000 0.969595
vn 0.238421 0.000003 0.971162
vn 0.238438 -0.000009 0.971158
vn 0.238421 0.000003 0.971162
vn 0.204096 -0.000047 0.978951
vn 0.204096 -0.000047 0.978951
vn 0.238421 0.000003 0.971162
vn 0.203845 -0.000019 0.979003
vn 0.204096 -0.000047 0.978951
vn 0.203845 -0.000019 0.979003
vn 0.123564 -0.000015 0.992337
vn 0.123564 -0.000015 0.992337
vn 0.203845 -0.000019 0.979003
vn 0.123553 0.000002 0.992338
vn 0.123564 -0.000015 0.992337
vn 0.123553 0.000002 0.992338
vn -0.000144 0.000000 1.000000
vn -0.000144 0.000000 1.000000
vn 0.123553 0.000002 0.992338
vn -0.000145 -0.000000 1.000000
vn -0.126504 -0.000001 0.991966
vn -0.000144 0.000000 1.000000
vn -0.126522 0.000025 0.991964
vn -0.126522 0.000025 0.991964
vn -0.000144 0.000000 1.000000
vn -0.000145 -0.000000 1.000000
vn -0.126832 -0.000000 0.991924
vn -0.000119 -0.000000 1.000000
vn -0.126837 0.000009 0.991924
vn -0.126837 0.000009 0.991924
vn -0.000119 -0.000000 1.000000
vn -0.000120 -0.000001 1.000000
vn -0.000119 -0.000000 1.000000
vn 0.124080 -0.000008 0.992272
vn -0.000120 -0.000001 1.000000
vn -0.000120 -0.000001 1.000000
vn 0.124080 -0.000008 0.992272
vn 0.124078 -0.000002 0.992272
vn 0.204542 -0.000022 0.978858
vn 0.204393 -0.000012 0.978889
vn 0.124080 -0.000008 0.992272
vn 0.124080 -0.000008 0.992272
vn 0.204393 -0.000012 0.978889
vn 0.124078 -0.000002 0.992272
vn 0.236267 -0.000005 0.971688
vn 0.236261 -0.000001 0.971690
vn 0.204542 -0.000022 0.978858
vn 0.204542 -0.000022 0.978858
vn 0.236261 -0.000001 0.971690
vn 0.204393 -0.000012 0.978889
vn 0.236267 -0.000005 0.971688
vn 0.239936 -0.000001 0.970789
vn 0.236261 -0.000001 0.971690
vn 0.236261 -0.000001 0.971690
vn 0.239936 -0.000001 0.970789
vn 0.239936 -0.000001 0.970789
vn 1.000000 0.000000 -0.000555
vn 1.000000 -0.000000 -0.000555
vn 1.000000 -0.000013 -0.000555
vn 1.000000 -0.000013 -0.000555
vn 1.000000 -0.000000 -0.000555
vn 1.000000 -0.000013 -0.000555
vn -0.000000 0.000004 -1.000000
vn -0.000000 0.000004 -1.000000
vn -0.000000 0.000004 -1.000000
vn -0.000000 0.000004 -1.000000
vn -0.000000 0.000004 -1.000000
vn 0.000000 0.000004 -1.000000
vn -1.000000 0.000021 -0.000640
vn -1.000000 0.000021 -0.000640
vn -1.000000 0.000013 -0.000640
vn -1.000000 0.000013 -0.000640
vn -1.000000 0.000021 -0.000640
vn -1.000000 0.000013 -0.000640
vn -0.280255 0.000004 0.959926
vn -0.267042 0.000006 0.963685
vn -0.280255 0.000002 0.959926
vn -0.280255 0.000002 0.959926
vn -0.267042 0.000006 0.963685
vn -0.267089 0.000013 0.963672
vn -0.217137 0.000012 0.976141
vn -0.217373 0.000029 0.976089
vn -0.267042 0.000006 0.963685
vn -0.267042 0.000006 0.963685
vn -0.217373 0.000029 0.976089
vn -0.267089 0.000013 0.963672
vn -0.126832 -0.000000 0.991924
vn -0.126837 0.000009 0.991924
vn -0.217137 0.000012 0.976141
vn -0.217137 0.000012 0.976141
vn -0.126837 0.000009 0.991924
vn -0.217373 0.000029 0.976089
vn -0.000000 -1.000000 -0.000000
vn -0.000001 -1.000000 -0.000000
vn -0.000000 -1.000000 -0.000000
vn 0.000070 0.767006 0.641640
vn 0.081818 0.765129 0.638657
vn 0.000081 0.766880 0.641791
vn 0.000081 0.766880 0.641791
vn 0.081818 0.765129 0.638657
vn 0.081656 0.765005 0.638827
vn 0.140338 0.763046 0.630924
vn 0.081656 0.765005 0.638827
vn 0.140345 0.763169 0.630774
vn 0.140345 0.763169 0.630774
vn 0.081656 0.765005 0.638827
vn 0.081818 0.765129 0.638657
vn 0.174605 0.761249 0.624511
vn 0.140338 0.763046 0.630924
vn 0.174251 0.762179 0.623474
vn 0.174251 0.762179 0.623474
vn 0.140338 0.763046 0.630924
vn 0.140345 0.763169 0.630774
vn 0.174306 0.783060 0.597022
vn 0.174795 0.782114 0.598117
vn 0.174251 0.762179 0.623474
vn 0.174251 0.762179 0.623474
vn 0.174795 0.782114 0.598117
vn 0.174605 0.761249 0.624511
vn -0.000000 0.759476 -0.650535
vn -0.000000 0.759476 -0.650535
vn -0.000000 0.759479 -0.650532
vn -0.000000 0.759479 -0.650532
vn -0.000000 0.759476 -0.650535
vn 0.000000 0.759479 -0.650532
vn -0.154904 0.760162 0.630998
vn -0.150139 0.780443 0.606932
vn -0.154611 0.760997 0.630063
vn -0.154611 0.760997 0.630063
vn -0.150139 0.780443 0.606932
vn -0.149768 0.781266 0.605964
vn -0.132258 0.762458 0.633377
vn -0.132127 0.762307 0.633586
vn -0.154611 0.760997 0.630063
vn -0.154611 0.760997 0.630063
vn -0.132127 0.762307 0.633586
vn -0.154904 0.760162 0.630998
vn -0.080039 0.764845 0.639223
vn -0.079855 0.764696 0.639425
vn -0.132258 0.762458 0.633377
vn -0.132258 0.762458 0.633377
vn -0.079855 0.764696 0.639425
vn -0.132127 0.762307 0.633586
vn 0.000070 0.767006 0.641640
vn 0.000081 0.766880 0.641791
vn -0.080039 0.764845 0.639223
vn -0.080039 0.764845 0.639223
vn 0.000081 0.766880 0.641791
vn -0.079855 0.764696 0.639425
vn -0.623129 0.782119 0.000000
vn -0.650198 0.759764 -0.000359
vn -0.623386 0.781914 -0.000003
vn -0.623386 0.781914 -0.000003
vn -0.650198 0.759764 -0.000359
vn -0.650326 0.759656 -0.000361
vn 0.650297 0.759680 -0.000416
vn 0.650150 0.759806 -0.000414
vn 0.619439 0.785045 -0.000004
vn 0.619439 0.785045 -0.000004
vn 0.650150 0.759806 -0.000414
vn 0.619151 0.785272 0.000000
vn 0.000000 1.000000 0.000001
vn 0.000000 1.000000 -0.000004
vn 0.000000 1.000000 0.000000
vn 0.000000 1.000000 0.000000
vn 0.000000 1.000000 -0.000004
vn 0.000000 1.000000 -0.000004
vn 0.000000 1.000000 -0.000000
vn 0.000000 1.000000 -0.000000
vn 0.000000 1.000000 -0.000004
vn 0.000000 1.000000 -0.000004
vn 0.000000 1.000000 -0.000000
vn 0.000000 1.000000 -0.000004
vn 0.000000 1.000000 -0.000000
vn 0.000000 1.000000 -0.000000
vn 0.000000 1.000000 -0.000000
vn 0.000000 1.000000 -0.000000
vn 0.000000 1.000000 -0.000000
vn 0.000000 1.000000 -0.000000
vn 0.000000 1.000000 -0.000006
vn 0.000000 1.000000 -0.000006
vn 0.000000 1.000000 -0.000000
vn 0.000000 1.000000 -0.000000
vn 0.000000 1.000000 -0.000006
vn 0.000000 1.000000 -0.000000
vn 0.000000 1.000000 -0.000003
vn 0.000000 1.000000 0.000006
vn 0.000000 1.000000 -0.000003
vn 0.000000 1.000000 -0.000003
vn 0.000000 1.000000 0.000006
vn 0.000000 1.000000 0.000006
vn 0.000000 1.000000 0.000001
vn 0.000000 1.000000 -0.000005
vn 0.000000 1.000000 0.000000
vn 0.000000 1.000000 0.000000
vn 0.000000 1.000000 -0.000005
vn 0.000000 1.000000 -0.000005
vn 0.000000 1.000000 0.000004
vn 0.000000 1.000000 0.000004
vn 0.000000 1.000000 -0.000005
vn 0.000000 1.000000 -0.000005
vn 0.000000 1.000000 0.000004
vn 0.000000 1.000000 -0.000005
vn 0.000000 1.000000 -0.000004
vn 0.000000 1.000000 -0.000003
vn 0.000000 1.000000 0.000004
vn 0.000000 1.000000 0.000004
vn 0.000000 1.000000 -0.000003
vn 0.000000 1.000000 0.000004
vn 0.000000 1.000000 0.000001
vn 0.000000 1.000000 0.000000
vn 0.000000 1.000000 -0.000004
vn 0.000000 1.000000 -0.000004
vn 0.000000 1.000000 0.000000
vn 0.000000 1.000000 -0.000003
vn 0.000000 1.000000 0.000000
vn 0.000000 1.000000 0.000000
vn 0.000000 1.000000 0.000000
vn 0.000000 1.000000 0.000000
vn 0.000000 1.000000 0.000000
vn 0.000000 1.000000 0.000000
vn 0.000000 1.000000 0.000000
vn 0.000000 1.000000 0.000000
vn 0.000000 1.000000 0.000000
vn 0.000000 1.000000 0.000000
vn 0.000000 1.000000 0.000000
vn 0.000000 1.000000 0.000000
vn 0.126504 -0.000002 0.991966
vn 0.216671 0.000018 0.976245
vn 0.126522 0.000025 0.991964
vn 0.126522 0.000025 0.991964
vn 0.216671 0.000018 0.976245
vn 0.217067 0.000066 0.976157
vn 0.216671 0.000018 0.976245
vn 0.269278 -0.000007 0.963063
vn 0.217067 0.000066 0.976157
vn 0.217067 0.000066 0.976157
vn 0.269278 -0.000007 0.963063
vn 0.269376 0.000021 0.963035
vn 0.269278 -0.000007 0.963063
vn 0.285726 -0.000007 0.958311
vn 0.269376 0.000021 0.963035
vn 0.269376 0.000021 0.963035
vn 0.285726 -0.000007 0.958311
vn 0.285728 0.000000 0.958311
vn 1.000000 0.000000 0.000000
vn 1.000000 -0.000013 0.000000
vn 1.000000 -0.000000 0.000000
vn 1.000000 -0.000000 0.000000
vn 1.000000 -0.000013 0.000000
vn 1.000000 -0.000013 0.000000
vn 0.000000 -0.000002 -1.000000
vn 0.000000 -0.000002 -1.000000
vn 0.000000 -0.000002 -1.000000
vn 0.000000 -0.000002 -1.000000
vn 0.000000 -0.000002 -1.000000
vn 0.000000 -0.000002 -1.000000
vn -1.000000 0.000000 0.000000
vn -1.000000 -0.000003 0.000000
vn -1.000000 -0.000000 0.000000
vn -1.000000 -0.000000 0.000000
vn -1.000000 -0.000003 0.000000
vn -1.000000 -0.000003 0.000000
vn -0.244715 0.000000 0.969595
vn -0.238438 -0.000009 0.971158
vn -0.244715 0.000000 0.969595
vn -0.244715 0.000000 0.969595
vn -0.238438 -0.000009 0.971158
vn -0.238421 0.000003 0.971162
vn -0.238438 -0.000009 0.971158
vn -0.204095 -0.000047 0.978951
vn -0.238421 0.000003 0.971162
vn -0.238421 0.000003 0.971162
vn -0.204095 -0.000047 0.978951
vn -0.203845 -0.000019 0.979003
vn -0.204095 -0.000047 0.978951
vn -0.123564 -0.000015 0.992337
vn -0.203845 -0.000019 0.979003
vn -0.203845 -0.000019 0.979003
vn -0.123564 -0.000015 0.992337
vn -0.123553 0.000002 0.992338
vn -0.123564 -0.000015 0.992337
vn 0.000144 0.000000 1.000000
vn -0.123553 0.000002 0.992338
vn -0.123553 0.000002 0.992338
vn 0.000144 0.000000 1.000000
vn 0.000145 -0.000000 1.000000
vn 0.126504 -0.000002 0.991966
vn 0.126522 0.000025 0.991964
vn 0.000144 0.000000 1.000000
vn 0.000144 0.000000 1.000000
vn 0.126522 0.000025 0.991964
vn 0.000145 -0.000000 1.000000
vn 0.126832 0.000000 0.991924
vn 0.126837 0.000009 0.991924
vn 0.000119 -0.000000 1.000000
vn 0.000119 -0.000000 1.000000
vn 0.126837 0.000009 0.991924
vn 0.000121 -0.000001 1.000000
vn 0.000119 -0.000000 1.000000
vn 0.000121 -0.000001 1.000000
vn -0.124080 -0.000008 0.992272
vn -0.124080 -0.000008 0.992272
vn 0.000121 -0.000001 1.000000
vn -0.124078 -0.000002 0.992273
vn -0.124078 -0.000002 0.992273
vn -0.204393 -0.000012 0.978889
vn -0.124080 -0.000008 0.992272
vn -0.124080 -0.000008 0.992272
vn -0.204393 -0.000012 0.978889
vn -0.204542 -0.000022 0.978858
vn -0.204393 -0.000012 0.978889
vn -0.236261 -0.000001 0.971690
vn -0.204542 -0.000022 0.978858
vn -0.204542 -0.000022 0.978858
vn -0.236261 -0.000001 0.971690
vn -0.236267 -0.000005 0.971688
vn -0.236267 -0.000005 0.971688
vn -0.236261 -0.000001 0.971690
vn -0.239937 -0.000001 0.970788
vn -0.239937 -0.000001 0.970788
vn -0.236261 -0.000001 0.971690
vn -0.239937 -0.000001 0.970788
vn -1.000000 0.000000 -0.000555
vn -1.000000 -0.000011 -0.000555
vn -1.000000 -0.000000 -0.000555
vn -1.000000 -0.000000 -0.000555
vn -1.000000 -0.000011 -0.000555
vn -1.000000 -0.000011 -0.000555
vn 0.000000 0.000004 -1.000000
vn -0.000000 0.000004 -1.000000
vn -0.000000 0.000004 -1.000000
vn -0.000000 0.000004 -1.000000
vn -0.000000 0.000004 -1.000000
vn -0.000000 0.000004 -1.000000
vn 1.000000 0.000013 -0.000640
vn 1.000000 0.000021 -0.000640
vn 1.000000 0.000013 -0.000640
vn 1.000000 0.000013 -0.000640
vn 1.000000 0.000021 -0.000640
vn 1.000000 0.000021 -0.000640
vn 0.280255 0.000003 0.959926
vn 0.280255 0.000001 0.959926
vn 0.267042 0.000006 0.963685
vn 0.267042 0.000006 0.963685
vn 0.280255 0.000001 0.959926
vn 0.267089 0.000014 0.963672
vn 0.267089 0.000014 0.963672
vn 0.217373 0.000029 0.976089
vn 0.267042 0.000006 0.963685
vn 0.267042 0.000006 0.963685
vn 0.217373 0.000029 0.976089
vn 0.217137 0.000012 0.976141
vn 0.217373 0.000029 0.976089
vn 0.126837 0.000009 0.991924
vn 0.217137 0.000012 0.976141
vn 0.217137 0.000012 0.976141
vn 0.126837 0.000009 0.991924
vn 0.126832 0.000000 0.991924
vn 0.000000 -0.127076 0.991893
vn 0.000000 0.127076 0.991893
vn 0.000000 -0.127076 0.991893
vn 0.000000 -0.127076 0.991893
vn 0.000000 0.127076 0.991893
vn 0.000000 0.127076 0.991893
vn 0.000000 -0.310732 0.950498
vn 0.000000 -0.260881 0.965371
vn 0.000000 -0.310735 0.950497
vn 0.000000 -0.310735 0.950497
vn 0.000000 -0.260881 0.965371
vn 0.000000 -0.260879 0.965372
vn 0.000000 -0.345119 -0.938559
vn 0.000000 -0.310735 -0.950497
vn 0.000000 -0.345119 -0.938559
vn 0.000000 -0.345119 -0.938559
vn 0.000000 -0.310735 -0.950497
vn 0.000000 -0.310732 -0.950498
vn 0.000000 -0.987720 -0.156233
vn 0.000000 -0.987720 0.156237
vn 0.000000 -0.987720 -0.156237
vn 0.000000 -0.987720 -0.156237
vn 0.000000 -0.987720 0.156237
vn 0.000000 -0.987720 0.156233
vn 0.000000 -0.849254 0.527985
vn 0.000000 -0.827916 0.560852
vn 0.000000 -0.849266 0.527966
vn 0.000000 -0.849266 0.527966
vn 0.000000 -0.827916 0.560852
vn 0.000000 -0.827926 0.560837
vn 0.000000 -0.989584 -0.143956
vn 0.000000 -1.000000 0.000000
vn 0.000000 -0.989584 -0.143956
vn 0.000000 -0.989584 -0.143956
vn 0.000000 -1.000000 0.000000
vn 0.000000 -1.000000 0.000000
vn 0.000000 -0.260881 0.965371
vn 0.000000 -0.827926 0.560837
vn 0.000000 -0.260879 0.965372
vn 0.000000 -0.260879 0.965372
vn 0.000000 -0.827926 0.560837
vn 0.000000 -0.827916 0.560852
vn 0.000000 -0.989584 -0.143956
vn 0.000000 -0.345119 -0.938559
vn 0.000000 -0.989584 -0.143956
vn 0.000000 -0.989584 -0.143956
vn 0.000000 -0.345119 -0.938559
vn 0.000000 -0.345119 -0.938559
vn 0.000000 -0.127076 0.991893
vn 0.000000 -0.127076 0.991893
vn 0.000000 -0.849266 0.527966
vn 0.000000 -0.849266 0.527966
vn 0.000000 -0.127076 0.991893
vn 0.000000 -0.849254 0.527985
vn 0.000000 -0.987720 0.156233
vn 0.000000 -0.987720 0.156237
vn 0.000000 -0.310735 0.950497
vn 0.000000 -0.310735 0.950497
vn 0.000000 -0.987720 0.156237
vn 0.000000 -0.310732 0.950498
vn 0.000000 -0.310732 -0.950498
vn 0.000000 -0.310735 -0.950497
vn 0.000000 -0.987720 -0.156237
vn 0.000000 -0.987720 -0.156237
vn 0.000000 -0.310735 -0.950497
vn 0.000000 -0.987720 -0.156233
vn 0.000000 0.310732 0.950498
vn 0.000000 0.310735 0.950497
vn 0.000000 0.260881 0.965371
vn 0.000000 0.260881 0.965371
vn 0.000000 0.310735 0.950497
vn 0.000000 0.260879 0.965372
vn 0.000000 0.345119 -0.938559
vn 0.000000 0.345119 -0.938559
vn 0.000000 0.310735 -0.950497
vn 0.000000 0.310735 -0.950497
vn 0.000000 0.345119 -0.938559
vn 0.000000 0.310732 -0.950498
vn 0.000000 0.987720 -0.156233
vn 0.000000 0.987720 -0.156237
vn 0.000000 0.987720 0.156237
vn 0.000000 0.987720 0.156237
vn 0.000000 0.987720 -0.156237
vn 0.000000 0.987720 0.156233
vn 0.000000 0.849254 0.527985
vn 0.000000 0.849259 0.527977
vn 0.000000 0.827916 0.560852
vn 0.000000 0.827916 0.560852
vn 0.000000 0.849259 0.527977
vn 0.000000 0.827926 0.560837
vn 0.000000 0.989584 -0.143956
vn 0.000000 0.989584 -0.143956
vn 0.000000 1.000000 0.000000
vn 0.000000 1.000000 0.000000
vn 0.000000 0.989584 -0.143956
vn 0.000000 1.000000 0.000000
vn 0.000000 0.260881 0.965371
vn 0.000000 0.260879 0.965372
vn 0.000000 0.827926 0.560837
vn 0.000000 0.827926 0.560837
vn 0.000000 0.260879 0.965372
vn 0.000000 0.827916 0.560852
vn 0.000000 0.989584 -0.143956
vn 0.000000 0.989584 -0.143956
vn 0.000000 0.345119 -0.938559
vn 0.000000 0.345119 -0.938559
vn 0.000000 0.989584 -0.143956
vn 0.000000 0.345119 -0.938559
vn 0.000000 0.127076 0.991893
vn 0.000000 0.849259 0.527977
vn 0.000000 0.127076 0.991893
vn 0.000000 0.127076 0.991893
vn 0.000000 0.849259 0.527977
vn 0.000000 0.849254 0.527985
vn 0.000000 0.987720 0.156233
vn 0.000000 0.310735 0.950497
vn 0.000000 0.987720 0.156237
vn 0.000000 0.987720 0.156237
vn 0.000000 0.310735 0.950497
vn 0.000000 0.310732 0.950498
vn 0.000000 0.310732 -0.950498
vn 0.000000 0.987720 -0.156237
vn 0.000000 0.310735 -0.950497
vn 0.000000 0.310735 -0.950497
vn 0.000000 0.987720 -0.156237
vn 0.000000 0.987720 -0.156233
vn -1.000000 0.000000 0.000000
vn -1.000000 0.000000 0.000000
vn -1.000000 0.000000 0.000000
vn -1.000000 0.000000 0.000000
vn -1.000000 0.000000 0.000000
vn -1.000000 0.000000 0.000000
vn -1.000000 0.000000 0.000000
vn -1.000000 0.000000 0.000000
vn -1.000000 0.000000 0.000000
vn -1.000000 0.000000 0.000000
vn -1.000000 0.000000 0.000000
vn -1.000000 -0.000000 0.000000
vn -1.000000 0.000000 0.000000
vn -1.000000 0.000000 0.000000
vn -1.000000 0.000000 0.000000
vn -1.000000 0.000000 0.000000
vn -1.000000 -0.000000 0.000000
vn -1.000000 0.000000 0.000000
vn -1.000000 -0.000000 0.000000
vn -1.000000 -0.000000 0.000000
vn -1.000000 0.000000 0.000000
vn -1.000000 -0.000000 0.000000
vn -1.000000 0.000000 0.000000
vn -1.000000 0.000000 0.000000
vn -1.000000 0.000000 0.000000
vn -1.000000 0.000000 0.000000
vn -1.000000 -0.000000 0.000000
vn -1.000000 0.000000 0.000000
vn -1.000000 -0.000000 0.000000
vn -1.000000 -0.000000 0.000000
vn -1.000000 -0.000000 0.000000
vn -1.000000 -0.000000 0.000000
vn -1.000000 -0.000000 0.000000
vn -1.000000 -0.000000 0.000000
vn -1.000000 0.000000 0.000000
vn -1.000000 -0.000000 0.000000
vn -1.000000 0.000000 0.000000
vn -1.000000 0.000000 0.000000
vn -1.000000 -0.000000 0.000000
vn -1.000000 0.000000 0.000000
vn -1.000000 0.000000 0.000000
vn -1.000000 -0.000000 0.000000
vn -1.000000 0.000000 0.000000
vn -1.000000 0.000000 0.000000
vn -1.000000 -0.000000 0.000000
vn -1.000000 0.000000 0.000000
vn -1.000000 0.000000 0.000000
vn -1.000000 -0.000000 0.000000
vn -1.000000 0.000000 0.000000
vn -1.000000 0.000000 0.000000
vn -1.000000 -0.000000 0.000000
vn -1.000000 0.000000 0.000000
vn -1.000000 -0.000000 0.000000
vn -1.000000 -0.000000 0.000000
vn -1.000000 -0.000000 0.000000
vn -1.000000 -0.000000 0.000000
vn -1.000000 -0.000000 0.000000
vn -1.000000 -0.000000 0.000000
vn -1.000000 -0.000000 0.000000
vn -1.000000 -0.000000 0.000000
vn 1.000000 0.000000 0.000000
vn 1.000000 0.000000 0.000000
vn 1.000000 0.000000 0.000000
vn 1.000000 0.000000 0.000000
vn 1.000000 0.000000 0.000000
vn 1.000000 0.000000 0.000000
vn 1.000000 0.000000 0.000000
vn 1.000000 -0.000000 0.000000
vn 1.000000 0.000000 0.000000
vn 1.000000 0.000000 0.000000
vn 1.000000 -0.000000 0.000000
vn 1.000000 0.000000 0.000000
vn 1.000000 0.000000 0.000000
vn 1.000000 -0.000000 0.000000
vn 1.000000 -0.000000 0.000000
vn 1.000000 -0.000000 0.000000
vn 1.000000 0.000000 0.000000
vn 1.000000 -0.000000 0.000000
vn 1.000000 0.000000 0.000000
vn 1.000000 0.000000 0.000000
vn 1.000000 -0.000000 0.000000
vn 1.000000 0.000000 0.000000
vn 1.000000 0.000000 0.000000
vn 1.000000 -0.000000 0.000000
vn 1.000000 -0.000000 0.000000
vn 1.000000 0.000000 0.000000
vn 1.000000 0.000000 0.000000
vn 1.000000 0.000000 0.000000
vn 1.000000 0.000000 0.000000
vn 1.000000 0.000000 0.000000
vn 1.000000 0.000000 0.000000
vn 1.000000 0.000000 0.000000
vn 1.000000 0.000000 0.000000
vn 1.000000 0.000000 0.000000
vn 1.000000 0.000000 0.000000
vn 1.000000 0.000000 0.000000
vn 1.000000 0.000000 0.000000
vn 1.000000 0.000000 0.000000
vn 1.000000 0.000000 0.000000
vn 1.000000 0.000000 0.000000
vn 1.000000 -0.000000 0.000000
vn 1.000000 0.000000 0.000000
vn 1.000000 -0.000000 0.000000
vn 1.000000 -0.000000 0.000000
vn 1.000000 0.000000 0.000000
vn 1.000000 -0.000000 0.000000
vn 1.000000 0.000000 0.000000
vn 1.000000 0.000000 0.000000
vn 1.000000 0.000000 0.000000
vn 1.000000 0.000000 0.000000
vn 1.000000 0.000000 0.000000
vn 1.000000 0.000000 0.000000
vn 1.000000 0.000000 0.000000
vn 1.000000 0.000000 0.000000
vn 1.000000 0.000000 0.000000
vn 1.000000 0.000000 0.000000
vn 1.000000 0.000000 0.000000
vn 1.000000 0.000000 0.000000
vn 1.000000 0.000000 0.000000
vn 1.000000 0.000000 0.000000
vn 0.256732 -0.127073 0.958092
vn 0.256732 0.127074 0.958092
vn 0.256725 -0.127069 0.958095
vn 0.256725 -0.127069 0.958095
vn 0.256732 0.127074 0.958092
vn 0.256724 0.127072 0.958095
vn 0.246011 -0.310732 0.918109
vn 0.249865 -0.260876 0.932476
vn 0.246013 -0.310736 0.918107
vn 0.246013 -0.310736 0.918107
vn 0.249865 -0.260876 0.932476
vn 0.249863 -0.260871 0.932478
vn -0.242923 -0.345115 -0.906578
vn -0.246012 -0.310736 -0.918107
vn -0.242924 -0.345116 -0.906578
vn -0.242924 -0.345116 -0.906578
vn -0.246012 -0.310736 -0.918107
vn -0.246009 -0.310732 -0.918110
vn -0.040438 -0.987719 -0.150915
vn 0.040439 -0.987719 0.150918
vn -0.040437 -0.987719 -0.150918
vn -0.040437 -0.987719 -0.150918
vn 0.040439 -0.987719 0.150918
vn 0.040438 -0.987720 0.150913
vn 0.136644 -0.849242 0.510016
vn 0.145160 -0.827912 0.541748
vn 0.136653 -0.849268 0.509971
vn 0.136653 -0.849268 0.509971
vn 0.145160 -0.827912 0.541748
vn 0.145163 -0.827929 0.541721
vn -0.037260 -0.989583 -0.139057
vn 0.000000 -1.000000 -0.000001
vn -0.037259 -0.989584 -0.139055
vn -0.037259 -0.989584 -0.139055
vn 0.000000 -1.000000 -0.000001
vn 0.000000 -1.000000 0.000000
vn 0.249865 -0.260876 0.932476
vn 0.145163 -0.827929 0.541721
vn 0.249863 -0.260871 0.932478
vn 0.249863 -0.260871 0.932478
vn 0.145163 -0.827929 0.541721
vn 0.145160 -0.827912 0.541748
vn -0.037259 -0.989584 -0.139055
vn -0.242923 -0.345115 -0.906578
vn -0.037260 -0.989583 -0.139057
vn -0.037260 -0.989583 -0.139057
vn -0.242923 -0.345115 -0.906578
vn -0.242924 -0.345116 -0.906578
vn 0.256732 -0.127073 0.958092
vn 0.256725 -0.127069 0.958095
vn 0.136653 -0.849268 0.509971
vn 0.136653 -0.849268 0.509971
vn 0.256725 -0.127069 0.958095
vn 0.136644 -0.849242 0.510016
vn 0.040438 -0.987720 0.150913
vn 0.040439 -0.987719 0.150918
vn 0.246013 -0.310736 0.918107
vn 0.246013 -0.310736 0.918107
vn 0.040439 -0.987719 0.150918
vn 0.246011 -0.310732 0.918109
vn -0.246009 -0.310732 -0.918110
vn -0.246012 -0.310736 -0.918107
vn -0.040437 -0.987719 -0.150918
vn -0.040437 -0.987719 -0.150918
vn -0.246012 -0.310736 -0.918107
vn -0.040438 -0.987719 -0.150915
vn 0.246010 0.310729 0.918110
vn 0.246013 0.310736 0.918107
vn 0.249863 0.260873 0.932477
vn 0.249863 0.260873 0.932477
vn 0.246013 0.310736 0.918107
vn 0.249862 0.260871 0.932478
vn -0.242922 0.345119 -0.906577
vn -0.242926 0.345123 -0.906574
vn -0.246014 0.310738 -0.918106
vn -0.246014 0.310738 -0.918106
vn -0.242926 0.345123 -0.906574
vn -0.246011 0.310734 -0.918109
vn -0.040437 0.987720 -0.150910
vn -0.040437 0.987719 -0.150915
vn 0.040438 0.987719 0.150920
vn 0.040438 0.987719 0.150920
vn -0.040437 0.987719 -0.150915
vn 0.040438 0.987719 0.150915
vn 0.136647 0.849251 0.510000
vn 0.136655 0.849274 0.509960
vn 0.145162 0.827916 0.541741
vn 0.145162 0.827916 0.541741
vn 0.136655 0.849274 0.509960
vn 0.145163 0.827925 0.541727
vn -0.037260 0.989584 -0.139054
vn -0.037260 0.989583 -0.139057
vn 0.000000 1.000000 0.000000
vn 0.000000 1.000000 0.000000
vn -0.037260 0.989583 -0.139057
vn 0.000000 1.000000 0.000000
vn 0.249863 0.260873 0.932477
vn 0.249862 0.260871 0.932478
vn 0.145163 0.827925 0.541727
vn 0.145163 0.827925 0.541727
vn 0.249862 0.260871 0.932478
vn 0.145162 0.827916 0.541741
vn -0.037260 0.989583 -0.139057
vn -0.037260 0.989584 -0.139054
vn -0.242922 0.345119 -0.906577
vn -0.242922 0.345119 -0.906577
vn -0.037260 0.989584 -0.139054
vn -0.242926 0.345123 -0.906574
vn 0.256732 0.127074 0.958092
vn 0.136655 0.849274 0.509960
vn 0.256724 0.127072 0.958095
vn 0.256724 0.127072 0.958095
vn 0.136655 0.849274 0.509960
vn 0.136647 0.849251 0.510000
vn 0.040438 0.987719 0.150915
vn 0.246013 0.310736 0.918107
vn 0.040438 0.987719 0.150920
vn 0.040438 0.987719 0.150920
vn 0.246013 0.310736 0.918107
vn 0.246010 0.310729 0.918110
vn -0.246011 0.310734 -0.918109
vn -0.040437 0.987719 -0.150915
vn -0.246014 0.310738 -0.918106
vn -0.246014 0.310738 -0.918106
vn -0.040437 0.987719 -0.150915
vn -0.040437 0.987720 -0.150910
vn -0.965925 0.000000 0.258822
vn -0.965926 0.000000 0.258819
vn -0.965925 0.000000 0.258821
vn -0.965925 0.000000 0.258821
vn -0.965926 0.000000 0.258819
vn -0.965925 0.000000 0.258821
vn -0.965926 0.000000 0.258819
vn -0.965926 -0.000000 0.258818
vn -0.965925 0.000000 0.258821
vn -0.965925 0.000000 0.258821
vn -0.965926 -0.000000 0.258818
vn -0.965926 -0.000000 0.258819
vn -0.965924 0.000000 0.258827
vn -0.965925 -0.000005 0.258823
vn -0.965926 -0.000000 0.258818
vn -0.965925 -0.000005 0.258823
vn -0.965927 0.000014 0.258816
vn -0.965926 -0.000000 0.258818
vn -0.965927 0.000014 0.258816
vn -0.965927 0.000007 0.258815
vn -0.965926 -0.000000 0.258818
vn -0.965927 0.000007 0.258815
vn -0.965926 0.000000 0.258817
vn -0.965926 -0.000000 0.258818
vn -0.965926 -0.000000 0.258818
vn -0.965926 0.000000 0.258817
vn -0.965926 -0.000000 0.258819
vn -0.965926 0.000000 0.258817
vn -0.965925 0.000008 0.258823
vn -0.965926 -0.000000 0.258819
vn -0.965925 0.000008 0.258823
vn -0.965925 -0.000005 0.258822
vn -0.965926 -0.000000 0.258819
vn -0.965925 -0.000005 0.258822
vn -0.965927 -0.000005 0.258816
vn -0.965926 -0.000000 0.258819
vn -0.965927 -0.000005 0.258816
vn -0.965926 0.000002 0.258817
vn -0.965926 -0.000000 0.258819
vn -0.965926 0.000002 0.258817
vn -0.965923 0.000031 0.258830
vn -0.965926 -0.000000 0.258819
vn -0.965923 0.000031 0.258830
vn -0.965922 -0.000042 0.258832
vn -0.965926 -0.000000 0.258819
vn -0.965922 -0.000042 0.258832
vn -0.965928 0.000000 0.258811
vn -0.965926 -0.000000 0.258819
vn -0.965928 0.000000 0.258811
vn -0.965927 -0.000007 0.258815
vn -0.965926 -0.000000 0.258819
vn -0.965927 -0.000007 0.258815
vn -0.965927 -0.000017 0.258816
vn -0.965926 -0.000000 0.258819
vn -0.965926 -0.000000 0.258819
vn -0.965927 -0.000017 0.258816
vn -0.965924 0.000000 0.258826
vn -0.965927 -0.000017 0.258816
vn -0.965923 0.000000 0.258829
vn -0.965924 0.000000 0.258826
vn 0.965926 0.000000 -0.258819
vn 0.965926 0.000000 -0.258819
vn 0.965926 0.000000 -0.258819
vn 0.965926 0.000000 -0.258819
vn 0.965926 0.000000 -0.258819
vn 0.965926 0.000000 -0.258818
vn 0.965926 0.000000 -0.258819
vn 0.965926 0.000001 -0.258820
vn 0.965926 0.000000 -0.258818
vn 0.965926 0.000000 -0.258818
vn 0.965926 0.000001 -0.258820
vn 0.965926 0.000000 -0.258820
vn 0.965924 0.000000 -0.258827
vn 0.965924 0.000005 -0.258825
vn 0.965926 0.000001 -0.258820
vn 0.965924 0.000005 -0.258825
vn 0.965927 0.000001 -0.258816
vn 0.965926 0.000001 -0.258820
vn 0.965927 0.000001 -0.258816
vn 0.965927 0.000000 -0.258816
vn 0.965926 0.000001 -0.258820
vn 0.965927 0.000000 -0.258816
vn 0.965926 0.000000 -0.258819
vn 0.965926 0.000001 -0.258820
vn 0.965926 0.000001 -0.258820
vn 0.965926 0.000000 -0.258819
vn 0.965926 0.000000 -0.258820
vn 0.965926 0.000000 -0.258819
vn 0.965925 0.000000 -0.258821
vn 0.965926 0.000000 -0.258820
vn 0.965925 0.000000 -0.258821
vn 0.965925 0.000011 -0.258821
vn 0.965926 0.000000 -0.258820
vn 0.965925 0.000011 -0.258821
vn 0.965926 0.000005 -0.258817
vn 0.965926 0.000000 -0.258820
vn 0.965926 0.000005 -0.258817
vn 0.965927 -0.000002 -0.258816
vn 0.965926 0.000000 -0.258820
vn 0.965927 -0.000002 -0.258816
vn 0.965927 -0.000034 -0.258814
vn 0.965926 0.000000 -0.258820
vn 0.965927 -0.000034 -0.258814
vn 0.965921 0.000000 -0.258837
vn 0.965926 0.000000 -0.258820
vn 0.965921 0.000000 -0.258837
vn 0.965926 0.000000 -0.258817
vn 0.965926 0.000000 -0.258820
vn 0.965926 0.000000 -0.258817
vn 0.965927 0.000000 -0.258815
vn 0.965926 0.000000 -0.258820
vn 0.965927 0.000000 -0.258815
vn 0.965927 0.000000 -0.258814
vn 0.965926 0.000000 -0.258820
vn 0.965926 0.000000 -0.258820
vn 0.965927 0.000000 -0.258814
vn 0.965924 0.000000 -0.258826
vn 0.965927 0.000000 -0.258814
vn 0.965930 0.000000 -0.258804
vn 0.965924 0.000000 -0.258826
vn -0.258827 0.000000 0.965924
vn -0.256727 0.127072 0.958094
vn -0.258826 0.000000 0.965924
vn -0.258826 0.000000 0.965924
vn -0.256727 0.127072 0.958094
vn -0.256725 0.127071 0.958095
vn -0.258826 0.000000 0.965924
vn -0.258826 0.000000 0.965924
vn -0.258826 0.000000 0.965924
vn -0.258826 0.000000 0.965924
vn -0.258826 0.000000 0.965924
vn -0.258826 0.000000 0.965924
vn 0.258826 0.000000 -0.965924
vn 0.258826 0.000000 -0.965924
vn 0.258826 0.000000 -0.965924
vn 0.258826 0.000000 -0.965924
vn 0.258826 0.000000 -0.965924
vn 0.258826 0.000000 -0.965924
vn 0.000000 -1.000000 0.000000
vn 0.000000 -1.000000 -0.000003
vn 0.000000 -1.000000 -0.000001
vn 0.000000 -1.000000 -0.000001
vn 0.000000 -1.000000 -0.000003
vn 0.000000 -1.000000 -0.000004
vn -0.091593 -0.935291 0.341820
vn -0.145159 -0.827921 0.541735
vn -0.091591 -0.935292 0.341818
vn -0.091591 -0.935292 0.341818
vn -0.145159 -0.827921 0.541735
vn -0.145161 -0.827921 0.541734
vn 0.000000 -1.000000 0.000000
vn 0.000000 -1.000000 -0.000005
vn 0.000000 -1.000000 -0.000001
vn 0.000000 -1.000000 -0.000001
vn 0.000000 -1.000000 -0.000005
vn 0.000000 -1.000000 -0.000006
vn -0.198158 -0.643336 0.739495
vn -0.145161 -0.827921 0.541734
vn -0.198151 -0.643340 0.739493
vn -0.198151 -0.643340 0.739493
vn -0.145161 -0.827921 0.541734
vn -0.145159 -0.827921 0.541735
vn 0.183015 -0.707106 -0.683013
vn 0.183017 -0.707106 -0.683013
vn 0.183017 -0.707106 -0.683012
vn 0.183017 -0.707106 -0.683012
vn 0.183017 -0.707106 -0.683013
vn 0.183019 -0.707106 -0.683012
vn -0.201057 -0.629764 0.750315
vn -0.201058 -0.629736 0.750338
vn -0.201058 -0.629755 0.750323
vn -0.201058 -0.629755 0.750323
vn -0.201058 -0.629736 0.750338
vn -0.201059 -0.629728 0.750345
vn -0.183024 -0.707114 0.683002
vn -0.183014 -0.707102 0.683017
vn -0.183018 -0.707108 0.683010
vn -0.183018 -0.707108 0.683010
vn -0.183014 -0.707102 0.683017
vn -0.183008 -0.707096 0.683025
vn 0.183012 -0.707106 -0.683014
vn 0.183013 -0.707106 -0.683014
vn 0.183012 -0.707106 -0.683014
vn 0.183012 -0.707106 -0.683014
vn 0.183013 -0.707106 -0.683014
vn 0.183014 -0.707105 -0.683014
vn -0.258826 0.000000 0.965924
vn -0.258826 0.000000 0.965924
vn -0.258826 0.000000 0.965924
vn -0.258826 0.000000 0.965924
vn -0.258826 0.000000 0.965924
vn -0.258826 0.000000 0.965924
vn 0.258826 0.000000 -0.965924
vn 0.258828 0.000000 -0.965923
vn 0.258828 0.000000 -0.965923
vn 0.258828 0.000000 -0.965923
vn 0.258828 0.000000 -0.965923
vn 0.258831 0.000000 -0.965923
vn 0.000000 1.000000 -0.000004
vn 0.000000 1.000000 -0.000001
vn 0.000000 1.000000 0.000005
vn 0.000000 1.000000 0.000005
vn 0.000000 1.000000 -0.000001
vn 0.000000 1.000000 0.000008
vn -0.091593 0.935291 0.341820
vn -0.091591 0.935298 0.341803
vn -0.145156 0.827910 0.541751
vn -0.145156 0.827910 0.541751
vn -0.091591 0.935298 0.341803
vn -0.145162 0.827929 0.541721
vn 0.000000 1.000000 0.000006
vn 0.000000 1.000000 0.000004
vn 0.000000 1.000000 -0.000004
vn 0.000000 1.000000 -0.000004
vn 0.000000 1.000000 0.000004
vn 0.000000 1.000000 -0.000006
vn -0.198163 0.643355 0.739477
vn -0.198146 0.643327 0.739506
vn -0.145162 0.827929 0.541721
vn -0.145162 0.827929 0.541721
vn -0.198146 0.643327 0.739506
vn -0.145156 0.827910 0.541751
vn 0.183014 0.707101 -0.683018
vn 0.183016 0.707100 -0.683019
vn 0.183015 0.707100 -0.683019
vn 0.183015 0.707100 -0.683019
vn 0.183016 0.707100 -0.683019
vn 0.183017 0.707099 -0.683019
vn -0.256727 0.127072 0.958094
vn -0.201055 0.629744 0.750333
vn -0.256725 0.127071 0.958095
vn -0.256725 0.127071 0.958095
vn -0.201055 0.629744 0.750333
vn -0.201055 0.629724 0.750349
vn -0.183025 0.707120 0.682996
vn -0.183020 0.707111 0.683006
vn -0.183015 0.707104 0.683015
vn -0.183015 0.707104 0.683015
vn -0.183020 0.707111 0.683006
vn -0.183009 0.707096 0.683025
vn 0.183009 0.707092 -0.683029
vn 0.183012 0.707102 -0.683018
vn 0.183014 0.707109 -0.683010
vn 0.183014 0.707109 -0.683010
vn 0.183012 0.707102 -0.683018
vn 0.183017 0.707119 -0.682999
vn -0.965926 0.000000 -0.258817
vn -0.965926 0.000000 -0.258819
vn -0.965926 0.000000 -0.258818
vn -0.965926 0.000000 -0.258818
vn -0.965926 0.000000 -0.258819
vn -0.965926 0.000000 -0.258819
vn -0.965926 0.000000 -0.258819
vn -0.965925 -0.000001 -0.258821
vn -0.965926 0.000000 -0.258819
vn -0.965926 0.000000 -0.258819
vn -0.965925 -0.000001 -0.258821
vn -0.965926 -0.000000 -0.258820
vn -0.965924 0.000000 -0.258827
vn -0.965925 -0.000005 -0.258823
vn -0.965925 -0.000001 -0.258821
vn -0.965925 -0.000005 -0.258823
vn -0.965927 -0.000001 -0.258816
vn -0.965925 -0.000001 -0.258821
vn -0.965927 -0.000001 -0.258816
vn -0.965927 0.000000 -0.258816
vn -0.965925 -0.000001 -0.258821
vn -0.965927 0.000000 -0.258816
vn -0.965926 0.000000 -0.258817
vn -0.965925 -0.000001 -0.258821
vn -0.965925 -0.000001 -0.258821
vn -0.965926 0.000000 -0.258817
vn -0.965926 -0.000000 -0.258820
vn -0.965926 0.000000 -0.258817
vn -0.965926 0.000000 -0.258819
vn -0.965926 -0.000000 -0.258820
vn -0.965926 0.000000 -0.258819
vn -0.965926 -0.000011 -0.258819
vn -0.965926 -0.000000 -0.258820
vn -0.965926 -0.000011 -0.258819
vn -0.965927 -0.000005 -0.258815
vn -0.965926 -0.000000 -0.258820
vn -0.965927 -0.000005 -0.258815
vn -0.965926 0.000002 -0.258817
vn -0.965926 -0.000000 -0.258820
vn -0.965926 0.000002 -0.258817
vn -0.965923 0.000034 -0.258830
vn -0.965926 -0.000000 -0.258820
vn -0.965923 0.000034 -0.258830
vn -0.965921 0.000000 -0.258837
vn -0.965926 -0.000000 -0.258820
vn -0.965921 0.000000 -0.258837
vn -0.965926 0.000000 -0.258817
vn -0.965926 -0.000000 -0.258820
vn -0.965926 0.000000 -0.258817
vn -0.965927 0.000000 -0.258815
vn -0.965926 -0.000000 -0.258820
vn -0.965927 0.000000 -0.258815
vn -0.965927 0.000000 -0.258815
vn -0.965926 -0.000000 -0.258820
vn -0.965926 -0.000000 -0.258820
vn -0.965927 0.000000 -0.258815
vn -0.965924 0.000000 -0.258826
vn -0.965927 0.000000 -0.258815
vn -0.965923 0.000000 -0.258830
vn -0.965924 0.000000 -0.258826
vn 0.965926 0.000000 0.258819
vn 0.965926 0.000000 0.258820
vn 0.965925 0.000000 0.258821
vn 0.965925 0.000000 0.258821
vn 0.965926 0.000000 0.258820
vn 0.965925 0.000000 0.258823
vn 0.965926 0.000000 0.258820
vn 0.965926 0.000000 0.258819
vn 0.965925 0.000000 0.258823
vn 0.965925 0.000000 0.258823
vn 0.965926 0.000000 0.258819
vn 0.965926 0.000000 0.258820
vn 0.965924 0.000000 0.258827
vn 0.965924 0.000005 0.258825
vn 0.965926 0.000000 0.258819
vn 0.965924 0.000005 0.258825
vn 0.965927 -0.000014 0.258816
vn 0.965926 0.000000 0.258819
vn 0.965927 -0.000014 0.258816
vn 0.965927 -0.000007 0.258815
vn 0.965926 0.000000 0.258819
vn 0.965927 -0.000007 0.258815
vn 0.965926 0.000000 0.258817
vn 0.965926 0.000000 0.258819
vn 0.965926 0.000000 0.258819
vn 0.965926 0.000000 0.258817
vn 0.965926 0.000000 0.258820
vn 0.965926 0.000000 0.258817
vn 0.965926 -0.000008 0.258819
vn 0.965926 0.000000 0.258820
vn 0.965926 -0.000008 0.258819
vn 0.965925 0.000005 0.258824
vn 0.965926 0.000000 0.258820
vn 0.965925 0.000005 0.258824
vn 0.965926 0.000005 0.258819
vn 0.965926 0.000000 0.258820
vn 0.965926 0.000005 0.258819
vn 0.965927 -0.000002 0.258816
vn 0.965926 0.000000 0.258820
vn 0.965927 -0.000002 0.258816
vn 0.965927 -0.000031 0.258814
vn 0.965926 0.000000 0.258820
vn 0.965927 -0.000031 0.258814
vn 0.965921 0.000042 0.258837
vn 0.965926 0.000000 0.258820
vn 0.965921 0.000042 0.258837
vn 0.965927 0.000000 0.258816
vn 0.965926 0.000000 0.258820
vn 0.965927 0.000000 0.258816
vn 0.965927 0.000007 0.258815
vn 0.965926 0.000000 0.258820
vn 0.965927 0.000007 0.258815
vn 0.965927 0.000017 0.258815
vn 0.965926 0.000000 0.258820
vn 0.965926 0.000000 0.258820
vn 0.965927 0.000017 0.258815
vn 0.965924 0.000000 0.258826
vn 0.965927 0.000017 0.258815
vn 0.965930 0.000000 0.258802
vn 0.965924 0.000000 0.258826
vn 0.000000 0.000000 1.000000
vn 0.089135 0.000000 0.996020
vn 0.000000 0.000000 1.000000
vn 0.089136 0.000000 0.996020
vn 0.157058 0.000000 0.987589
vn 0.157059 0.000000 0.987589
vn 0.203352 0.000000 0.979106
vn 0.203353 0.000000 0.979106
vn 0.226973 0.000000 0.973901
vn 0.226973 0.000000 0.973901
vn -0.089135 0.000000 0.996020
vn -0.089136 0.000000 0.996020
vn -0.157058 0.000000 0.987589
vn -0.157058 0.000000 0.987589
vn -0.203352 0.000000 0.979106
vn -0.203353 0.000000 0.979106
vn -0.226974 0.000000 0.973901
vn -0.226974 0.000000 0.973901
vn 0.000000 -1.000000 0.000000
vn 0.000000 -1.000000 0.000000
vn 0.000000 -1.000000 0.000000
vn -0.000001 -1.000000 0.000000
vn -0.000000 -1.000000 -0.000000
vn -0.000001 -1.000000 -0.000000
vn 0.000000 -1.000000 -0.000000
vn 0.000001 -1.000000 -0.000000
vn -0.000001 -1.000000 -0.000000
vn -0.000002 -1.000000 -0.000000
vn -0.000000 -1.000000 -0.000000
vn -0.000001 -1.000000 0.000000
vn 0.000004 -1.000000 0.000001
vn 0.000000 -1.000000 -0.000000
vn 0.000000 -0.114141 -0.993465
vn 0.000000 -0.114141 -0.993465
vn 0.000000 -0.114141 -0.993465
vn 0.000000 -0.114141 -0.993465
vn 0.000000 -0.114141 -0.993465
vn 0.000000 -0.114141 -0.993465
vn 0.000000 -0.114141 0.993465
vn 0.000000 -0.114141 0.993465
vn 0.000000 -0.114141 0.993465
vn 0.000000 -0.114141 0.993465
vn 0.000000 -0.114141 0.993465
vn 0.000000 -0.114141 0.993465
vn -0.993465 -0.114141 0.000000
vn -0.993465 -0.114141 0.000000
vn -0.993465 -0.114141 0.000000
vn -0.993465 -0.114141 0.000000
vn -0.993465 -0.114141 0.000000
vn -0.993465 -0.114141 0.000000
vn 0.993465 -0.114140 0.000000
vn 0.993465 -0.114140 0.000000
vn 0.993465 -0.114141 0.000000
vn 0.993465 -0.114141 0.000000
vn 0.993465 -0.114140 0.000000
vn 0.993465 -0.114141 0.000000
vn 0.000000 -1.000000 0.000000
vn 0.000000 -1.000000 0.000000
vn 0.000000 -1.000000 0.000000
vn 0.000000 -1.000000 0.000000
vn 0.000000 -1.000000 0.000000
vn 0.000000 -1.000000 0.000000
vn 0.000000 -0.114141 -0.993465
vn 0.000000 -0.114141 -0.993465
vn 0.000000 -0.114141 -0.993465
vn 0.000000 -0.114141 -0.993465
vn 0.000000 -0.114141 -0.993465
vn 0.000000 -0.114141 -0.993465
vn 0.000000 -0.114141 0.993465
vn 0.000000 -0.114141 0.993465
vn 0.000000 -0.114141 0.993465
vn 0.000000 -0.114141 0.993465
vn 0.000000 -0.114141 0.993465
vn 0.000000 -0.114141 0.993465
vn -0.993465 -0.114141 0.000000
vn -0.993465 -0.114141 0.000000
vn -0.993465 -0.114140 0.000000
vn -0.993465 -0.114140 0.000000
vn -0.993465 -0.114141 0.000000
vn -0.993465 -0.114140 0.000000
vn 0.993465 -0.114140 0.000000
vn 0.993465 -0.114141 0.000000
vn 0.993465 -0.114141 0.000000
vn 0.993465 -0.114141 0.000000
vn 0.993465 -0.114141 0.000000
vn 0.993465 -0.114141 0.000000
vn 0.000000 -1.000000 0.000000
vn 0.000000 -1.000000 0.000000
vn 0.000000 -1.000000 0.000000
vn 0.000000 -1.000000 0.000000
vn 0.000000 -1.000000 0.000000
vn 0.000000 -1.000000 0.000000
vn 0.000000 -0.114141 -0.993465
vn 0.000000 -0.114141 -0.993465
vn 0.000000 -0.114141 -0.993465
vn 0.000000 -0.114141 -0.993465
vn 0.000000 -0.114141 -0.993465
vn 0.000000 -0.114141 -0.993465
vn 0.000000 -0.114141 0.993465
vn 0.000000 -0.114141 0.993465
vn 0.000000 -0.114141 0.993465
vn 0.000000 -0.114141 0.993465
vn 0.000000 -0.114141 0.993465
vn 0.000000 -0.114141 0.993465
vn -0.993465 -0.114141 0.000000
vn -0.993465 -0.114141 0.000000
vn -0.993465 -0.114140 0.000000
vn -0.993465 -0.114140 0.000000
vn -0.993465 -0.114141 0.000000
vn -0.993465 -0.114140 0.000000
vn 0.993465 -0.114140 0.000000
vn 0.993465 -0.114141 0.000000
vn 0.993465 -0.114141 0.000000
vn 0.993465 -0.114141 0.000000
vn 0.993465 -0.114141 0.000000
vn 0.993465 -0.114141 0.000000
vn 0.000000 -1.000000 0.000000
vn 0.000000 -1.000000 0.000000
vn 0.000000 -1.000000 0.000000
vn 0.000000 -1.000000 0.000000
vn 0.000000 -1.000000 0.000000
vn 0.000000 -1.000000 0.000000
vn 0.000000 -0.114141 -0.993465
vn 0.000000 -0.114141 -0.993465
vn 0.000000 -0.114141 -0.993465
vn 0.000000 -0.114141 -0.993465
vn 0.000000 -0.114141 -0.993465
vn 0.000000 -0.114141 -0.993465
vn 0.000000 -0.114141 0.993465
vn 0.000000 -0.114141 0.993465
vn 0.000000 -0.114141 0.993465
vn 0.000000 -0.114141 0.993465
vn 0.000000 -0.114141 0.993465
vn 0.000000 -0.114141 0.993465
vn -0.993465 -0.114141 0.000000
vn -0.993465 -0.114141 0.000000
vn -0.993465 -0.114141 0.000000
vn -0.993465 -0.114141 0.000000
vn -0.993465 -0.114141 0.000000
vn -0.993465 -0.114141 0.000000
vn 0.993465 -0.114140 0.000000
vn 0.993465 -0.114140 0.000000
vn 0.993465 -0.114141 0.000000
vn 0.993465 -0.114141 0.000000
vn 0.993465 -0.114140 0.000000
vn 0.993465 -0.114141 0.000000
vn 0.000000 -1.000000 0.000000
vn 0.000000 -1.000000 0.000000
vn 0.000000 -1.000000 0.000000
vn 0.000000 -1.000000 0.000000
vn 0.000000 -1.000000 0.000000
vn 0.000000 -1.000000 0.000000
vn 0.918337 0.019456 0.395320
vn 0.918979 0.000000 0.394307
vn 0.918187 0.022922 0.395485
vn 0.918187 0.022922 0.395485
vn 0.918979 0.000000 0.394307
vn 0.918979 0.000000 0.394307
vn 0.162052 0.779729 0.604782
vn 0.437186 0.725896 0.530983
vn 0.162049 0.779729 0.604783
vn 0.162049 0.779729 0.604783
vn 0.437186 0.725896 0.530983
vn 0.443202 0.723382 0.529425
vn 0.437186 0.725896 0.530983
vn 0.684557 0.561635 0.464702
vn 0.443202 0.723382 0.529425
vn 0.443202 0.723382 0.529425
vn 0.684557 0.561635 0.464702
vn 0.689191 0.556930 0.463513
vn 0.684557 0.561635 0.464702
vn 0.859845 0.293445 0.417799
vn 0.689191 0.556930 0.463513
vn 0.689191 0.556930 0.463513
vn 0.859845 0.293445 0.417799
vn 0.857884 0.298385 0.418333
vn 0.918337 0.019456 0.395320
vn 0.918187 0.022922 0.395485
vn 0.859845 0.293445 0.417799
vn 0.859845 0.293445 0.417799
vn 0.918187 0.022922 0.395485
vn 0.857884 0.298385 0.418333
vn -0.357372 -0.367998 0.858407
vn -0.383925 -0.335435 0.860282
vn -0.597438 0.022922 0.801587
vn -0.597438 0.022922 0.801587
vn -0.383925 -0.335435 0.860282
vn -0.597651 0.019457 0.801520
vn -0.383925 -0.335435 0.860282
vn -0.357372 -0.367998 0.858407
vn 0.160140 -0.785612 0.597637
vn 0.160140 -0.785612 0.597637
vn -0.357372 -0.367998 0.858407
vn 0.160140 -0.785613 0.597635
vn 0.162052 0.779729 0.604782
vn 0.162049 0.779729 0.604783
vn -0.113124 0.725891 0.678443
vn -0.113124 0.725891 0.678443
vn 0.162049 0.779729 0.604783
vn -0.119109 0.723384 0.680094
vn -0.113124 0.725891 0.678443
vn -0.119109 0.723384 0.680094
vn -0.360501 0.561634 0.744719
vn -0.360501 0.561634 0.744719
vn -0.119109 0.723384 0.680094
vn -0.365098 0.556934 0.746008
vn -0.360501 0.561634 0.744719
vn -0.365098 0.556934 0.746008
vn -0.535754 0.293446 0.791743
vn -0.535754 0.293446 0.791743
vn -0.365098 0.556934 0.746008
vn -0.533785 0.298387 0.791226
vn -0.533785 0.298387 0.791226
vn -0.597438 0.022922 0.801587
vn -0.535754 0.293446 0.791743
vn -0.535754 0.293446 0.791743
vn -0.597438 0.022922 0.801587
vn -0.597651 0.019457 0.801520
vn 0.258820 0.000000 0.965926
vn 0.258821 0.000000 0.965925
vn 0.258821 0.000000 0.965925
vn 0.258821 0.000000 0.965925
vn 0.258822 -0.000000 0.965925
vn 0.258821 0.000000 0.965925
vn 0.258821 0.000000 0.965925
vn 0.258822 -0.000000 0.965925
vn 0.258820 0.000002 0.965926
vn 0.258822 -0.000000 0.965925
vn 0.258818 -0.000004 0.965926
vn 0.258820 0.000002 0.965926
vn 0.258818 -0.000004 0.965926
vn 0.258819 -0.000002 0.965926
vn 0.258820 0.000002 0.965926
vn 0.258819 -0.000002 0.965926
vn 0.258816 0.000012 0.965927
vn 0.258820 0.000002 0.965926
vn 0.258816 0.000012 0.965927
vn 0.258824 0.000001 0.965924
vn 0.258820 0.000002 0.965926
vn 0.258824 0.000001 0.965924
vn 0.258839 0.000007 0.965920
vn 0.258820 0.000002 0.965926
vn 0.258839 0.000007 0.965920
vn 0.258820 0.000009 0.965926
vn 0.258820 0.000002 0.965926
vn 0.784728 0.019456 0.619534
vn 0.785610 0.000001 0.618722
vn 0.784541 0.022921 0.619653
vn 0.784541 0.022921 0.619653
vn 0.785610 0.000001 0.618722
vn 0.785610 0.000001 0.618722
vn -0.000004 0.779732 0.626114
vn 0.284859 0.725895 0.626045
vn 0.000004 0.779732 0.626113
vn 0.000004 0.779732 0.626113
vn 0.284859 0.725895 0.626045
vn 0.291075 0.723384 0.626091
vn 0.284859 0.725895 0.626045
vn 0.540963 0.561631 0.626043
vn 0.291075 0.723384 0.626091
vn 0.291075 0.723384 0.626091
vn 0.540963 0.561631 0.626043
vn 0.545736 0.556932 0.626098
vn 0.540963 0.561631 0.626043
vn 0.722414 0.293446 0.626105
vn 0.545736 0.556932 0.626098
vn 0.545736 0.556932 0.626098
vn 0.722414 0.293446 0.626105
vn 0.720380 0.298391 0.626112
vn 0.784728 0.019456 0.619534
vn 0.784541 0.022921 0.619653
vn 0.722414 0.293446 0.626105
vn 0.722414 0.293446 0.626105
vn 0.784541 0.022921 0.619653
vn 0.720380 0.298391 0.626112
vn -0.567365 -0.367996 0.736666
vn -0.593497 -0.335436 0.731604
vn -0.784543 0.022921 0.619650
vn -0.784543 0.022921 0.619650
vn -0.593497 -0.335436 0.731604
vn -0.784731 0.019456 0.619531
vn -0.593497 -0.335436 0.731604
vn -0.567365 -0.367996 0.736666
vn 0.000000 -0.785608 0.618725
vn 0.000000 -0.785608 0.618725
vn -0.567365 -0.367996 0.736666
vn 0.000000 -0.785608 0.618725
vn -0.000004 0.779732 0.626114
vn 0.000004 0.779732 0.626113
vn -0.284863 0.725896 0.626042
vn -0.284863 0.725896 0.626042
vn 0.000004 0.779732 0.626113
vn -0.291069 0.723383 0.626096
vn -0.284863 0.725896 0.626042
vn -0.291069 0.723383 0.626096
vn -0.540958 0.561635 0.626044
vn -0.540958 0.561635 0.626044
vn -0.291069 0.723383 0.626096
vn -0.545736 0.556932 0.626098
vn -0.540958 0.561635 0.626044
vn -0.545736 0.556932 0.626098
vn -0.722413 0.293447 0.626106
vn -0.722413 0.293447 0.626106
vn -0.545736 0.556932 0.626098
vn -0.720379 0.298390 0.626113
vn -0.720379 0.298390 0.626113
vn -0.784543 0.022921 0.619650
vn -0.722413 0.293447 0.626106
vn -0.722413 0.293447 0.626106
vn -0.784543 0.022921 0.619650
vn -0.784731 0.019456 0.619531
vn 0.000003 0.000000 1.000000
vn 0.000002 0.000000 1.000000
vn 0.000001 -0.000000 1.000000
vn 0.000002 0.000000 1.000000
vn 0.000000 0.000000 1.000000
vn 0.000001 -0.000000 1.000000
vn 0.000001 -0.000000 1.000000
vn 0.000000 0.000000 1.000000
vn 0.000002 0.000000 1.000000
vn 0.000000 0.000000 1.000000
vn 0.000000 -0.000002 1.000000
vn 0.000002 0.000000 1.000000
vn 0.000000 -0.000002 1.000000
vn 0.000000 -0.000004 1.000000
vn 0.000002 0.000000 1.000000
vn 0.000000 -0.000004 1.000000
vn 0.000000 0.000009 1.000000
vn 0.000002 0.000000 1.000000
vn 0.000000 0.000009 1.000000
vn 0.000000 0.000004 1.000000
vn 0.000002 0.000000 1.000000
vn 0.000000 0.000004 1.000000
vn 0.000000 0.000007 1.000000
vn 0.000002 0.000000 1.000000
vn 0.000000 0.000007 1.000000
vn 0.000000 0.000016 1.000000
vn 0.000002 0.000000 1.000000
vn 0.597647 0.019456 0.801523
vn 0.598709 0.000001 0.800967
vn 0.597435 0.022922 0.801590
vn 0.597435 0.022922 0.801590
vn 0.598709 0.000001 0.800967
vn 0.598708 0.000001 0.800967
vn -0.162039 0.779728 0.604788
vn 0.113120 0.725894 0.678441
vn -0.162045 0.779728 0.604785
vn -0.162045 0.779728 0.604785
vn 0.113120 0.725894 0.678441
vn 0.119113 0.723382 0.680096
vn 0.113120 0.725894 0.678441
vn 0.360494 0.561635 0.744721
vn 0.119113 0.723382 0.680096
vn 0.119113 0.723382 0.680096
vn 0.360494 0.561635 0.744721
vn 0.365097 0.556931 0.746010
vn 0.360494 0.561635 0.744721
vn 0.535752 0.293445 0.791745
vn 0.365097 0.556931 0.746010
vn 0.365097 0.556931 0.746010
vn 0.535752 0.293445 0.791745
vn 0.533783 0.298387 0.791227
vn 0.597647 0.019456 0.801523
vn 0.597435 0.022922 0.801590
vn 0.535752 0.293445 0.791745
vn 0.535752 0.293445 0.791745
vn 0.597435 0.022922 0.801590
vn 0.533783 0.298387 0.791227
vn -0.738697 -0.367995 0.564717
vn -0.762627 -0.335436 0.553066
vn -0.918187 0.022921 0.395483
vn -0.918187 0.022921 0.395483
vn -0.762627 -0.335436 0.553066
vn -0.918338 0.019456 0.395318
vn -0.762627 -0.335436 0.553066
vn -0.738697 -0.367995 0.564717
vn -0.160140 -0.785609 0.597639
vn -0.160140 -0.785609 0.597639
vn -0.738697 -0.367995 0.564717
vn -0.160141 -0.785610 0.597639
vn -0.162039 0.779728 0.604788
vn -0.162045 0.779728 0.604785
vn -0.437181 0.725895 0.530989
vn -0.437181 0.725895 0.530989
vn -0.162045 0.779728 0.604785
vn -0.443199 0.723383 0.529426
vn -0.437181 0.725895 0.530989
vn -0.443199 0.723383 0.529426
vn -0.684561 0.561631 0.464700
vn -0.684561 0.561631 0.464700
vn -0.443199 0.723383 0.529426
vn -0.689190 0.556931 0.463515
vn -0.684561 0.561631 0.464700
vn -0.689190 0.556931 0.463515
vn -0.859845 0.293444 0.417801
vn -0.859845 0.293444 0.417801
vn -0.689190 0.556931 0.463515
vn -0.857880 0.298387 0.418337
vn -0.857880 0.298387 0.418337
vn -0.918187 0.022921 0.395483
vn -0.859845 0.293444 0.417801
vn -0.859845 0.293444 0.417801
vn -0.918187 0.022921 0.395483
vn -0.918338 0.019456 0.395318
vn -0.258818 0.000000 0.965926
vn -0.258817 0.000000 0.965926
vn -0.258817 0.000000 0.965926
vn -0.258817 0.000000 0.965926
vn -0.258817 -0.000000 0.965926
vn -0.258817 0.000000 0.965926
vn -0.258817 0.000000 0.965926
vn -0.258817 -0.000000 0.965926
vn -0.258816 0.000001 0.965927
vn -0.258817 -0.000000 0.965926
vn -0.258818 -0.000003 0.965926
vn -0.258816 0.000001 0.965927
vn -0.258818 -0.000003 0.965926
vn -0.258818 -0.000001 0.965926
vn -0.258816 0.000001 0.965927
vn -0.258818 -0.000001 0.965926
vn -0.258815 0.000008 0.965927
vn -0.258816 0.000001 0.965927
vn -0.258815 0.000008 0.965927
vn -0.258835 0.000000 0.965922
vn -0.258816 0.000001 0.965927
vn -0.258835 0.000000 0.965922
vn -0.258813 0.000000 0.965927
vn -0.258816 0.000001 0.965927
vn -0.258813 0.000000 0.965927
vn -0.258749 0.000000 0.965945
vn -0.258816 0.000001 0.965927
s off
g SM_Desk_04
f 4/10/1 42/11/2 3/9/3
f 3/9/4 42/11/5 43/12/6
f 5/13/7 41/14/8 4/10/9
f 4/10/10 41/14/11 42/11/12
f 2/17/13 40/18/14 5/13/15
f 5/13/16 40/18/17 41/14/18
f 6/21/19 7/20/20 46/22/21
f 46/22/22 7/20/23 45/19/24
f 8/15/25 3/9/26 44/16/27
f 44/16/28 3/9/29 43/12/30
f 9/1/31 6/2/32 37/4/33
f 37/4/34 6/2/35 46/3/36
f 34/72/37 33/77/38 64/85/39
f 64/85/40 33/77/41 54/83/42
f 35/86/43 34/72/44 63/98/45
f 63/98/46 34/72/47 64/85/48
f 50/99/49 36/100/50 63/98/51
f 63/98/52 36/100/53 35/86/54
f 38/101/55 37/102/56 56/104/57
f 56/104/58 37/102/59 49/103/60
f 39/105/61 38/101/62 55/106/63
f 55/106/64 38/101/65 56/104/66
f 33/77/67 39/105/68 54/83/69
f 54/83/70 39/105/71 55/106/72
f 41/45/73 40/46/74 61/56/75
f 61/56/76 40/46/77 62/51/78
f 42/62/79 41/45/80 60/87/81
f 60/87/82 41/45/83 61/56/84
f 43/88/85 42/62/86 59/89/87
f 59/89/88 42/62/89 60/87/90
f 44/90/91 43/88/92 58/91/93
f 58/91/94 43/88/95 59/89/96
f 45/92/97 44/90/98 57/93/99
f 57/93/100 44/90/101 58/91/102
f 51/94/103 46/95/104 57/93/105
f 57/93/106 46/95/107 45/92/108
f 37/102/109 52/107/110 49/103/111
f 52/50/112 37/61/113 53/110/114
f 53/110/115 37/61/116 46/109/117
f 40/46/118 48/96/119 62/51/120
f 46/95/121 51/94/122 53/97/123
f 33/24/124 34/25/125 11/23/126
f 11/23/127 34/25/128 10/26/129
f 34/25/130 35/29/131 10/26/132
f 10/26/133 35/29/134 12/30/135
f 35/29/136 36/33/137 12/30/138
f 12/30/139 36/33/140 1/34/141
f 9/35/142 37/36/143 13/31/144
f 13/31/145 37/36/146 38/32/147
f 13/31/148 38/32/149 14/27/150
f 14/27/151 38/32/152 39/28/153
f 14/27/154 39/28/155 11/23/156
f 11/23/157 39/28/158 33/24/159
f 61/38/160 62/39/161 23/37/162
f 23/37/163 62/39/164 22/40/165
f 60/42/166 61/38/167 24/41/168
f 24/41/169 61/38/170 23/37/171
f 59/47/172 60/42/173 25/44/174
f 25/44/175 60/42/176 24/41/177
f 26/48/178 58/52/179 25/44/180
f 25/44/181 58/52/182 59/47/183
f 27/53/184 57/57/185 26/48/186
f 26/48/187 57/57/188 58/52/189
f 44/16/190 45/19/191 8/15/192
f 8/15/193 45/19/194 7/20/195
f 28/58/196 51/63/197 27/53/198
f 27/53/199 51/63/200 57/57/201
f 1/5/202 36/6/203 2/8/204
f 2/8/205 36/6/206 40/7/207
f 62/39/208 48/113/209 22/40/210
f 22/40/211 48/113/212 29/114/213
f 32/115/214 53/116/215 28/58/216
f 28/58/217 53/116/218 51/63/219
f 40/67/220 36/78/221 48/112/222
f 48/112/223 36/78/224 47/111/225
f 36/100/226 50/99/227 47/108/228
f 19/59/229 18/60/230 55/66/231
f 55/66/232 18/60/233 54/65/234
f 20/70/235 19/59/236 56/71/237
f 56/71/238 19/59/239 55/66/240
f 21/75/241 20/70/242 49/74/243
f 49/74/244 20/70/245 56/71/246
f 31/76/247 21/75/248 52/79/249
f 52/79/250 21/75/251 49/74/252
f 32/43/253 31/54/254 53/49/255
f 53/49/256 31/54/257 52/55/258
f 30/69/259 29/64/260 47/73/261
f 47/73/262 29/64/263 48/68/264
f 30/81/265 47/82/266 15/80/267
f 15/80/268 47/82/269 50/84/270
f 15/80/271 50/84/272 16/117/273
f 16/117/274 50/84/275 63/118/276
f 16/117/277 63/118/278 17/119/279
f 17/119/280 63/118/281 64/120/282
f 54/65/283 18/60/284 64/120/285
f 64/120/286 18/60/287 17/119/288
f 78/121/289 79/122/290 74/124/291
f 74/124/292 79/122/293 75/123/294
f 76/125/295 77/126/296 81/128/297
f 81/128/298 77/126/299 80/127/300
f 79/129/301 80/130/302 75/132/303
f 75/132/304 80/130/305 77/131/306
f 81/133/307 78/134/308 76/136/309
f 76/136/310 78/134/311 74/135/312
f 79/137/313 78/138/314 80/140/315
f 80/140/316 78/138/317 81/139/318
f 86/141/319 87/142/320 82/144/321
f 82/144/322 87/142/323 83/143/324
f 84/145/325 85/146/326 89/148/327
f 89/148/328 85/146/329 88/147/330
f 87/149/331 88/150/332 83/152/333
f 83/152/334 88/150/335 85/151/336
f 89/153/337 86/154/338 84/156/339
f 84/156/340 86/154/341 82/155/342
f 87/157/343 86/158/344 88/160/345
f 88/160/346 86/158/347 89/159/348
f 94/161/349 95/162/350 90/164/351
f 90/164/352 95/162/353 91/163/354
f 92/165/355 93/166/356 97/168/357
f 97/168/358 93/166/359 96/167/360
f 95/169/361 96/170/362 91/172/363
f 91/172/364 96/170/365 93/171/366
f 97/173/367 94/174/368 92/176/369
f 92/176/370 94/174/371 90/175/372
f 95/177/373 94/178/374 96/180/375
f 96/180/376 94/178/377 97/179/378
f 102/181/379 103/182/380 98/184/381
f 98/184/382 103/182/383 99/183/384
f 100/185/385 101/186/386 105/188/387
f 105/188/388 101/186/389 104/187/390
f 103/189/391 104/190/392 99/192/393
f 99/192/394 104/190/395 101/191/396
f 105/193/397 102/194/398 100/196/399
f 100/196/400 102/194/401 98/195/402
f 103/197/403 102/198/404 104/200/405
f 104/200/406 102/198/407 105/199/408
f 108/201/409 122/202/410 107/204/411
f 107/204/412 122/202/413 121/203/414
f 107/204/415 121/203/416 109/206/417
f 109/206/418 121/203/419 123/205/420
f 110/207/421 124/208/422 111/210/423
f 111/210/424 124/208/425 125/209/426
f 120/211/427 106/212/428 207/214/429
f 207/214/430 106/212/431 194/213/432
f 109/206/433 123/205/434 110/207/435
f 110/207/436 123/205/437 124/208/438
f 112/215/439 126/216/440 113/218/441
f 113/218/442 126/216/443 127/217/444
f 114/219/445 128/220/446 112/215/447
f 112/215/448 128/220/449 126/216/450
f 106/221/451 120/222/452 115/224/453
f 115/224/454 120/222/455 129/223/456
f 115/225/457 129/226/458 116/228/459
f 116/228/460 129/226/461 130/227/462
f 116/228/463 130/227/464 114/219/465
f 114/219/466 130/227/467 128/220/468
f 117/229/469 131/230/470 108/201/471
f 108/201/472 131/230/473 122/202/474
f 118/231/475 132/232/476 117/229/477
f 117/229/478 132/232/479 131/230/480
f 113/218/481 127/217/482 119/234/483
f 119/234/484 127/217/485 133/233/486
f 119/234/487 133/233/488 118/231/489
f 118/231/490 133/233/491 132/232/492
f 120/235/493 130/236/494 129/237/495
f 125/238/496 120/235/497 207/239/498
f 120/235/499 124/240/500 123/241/501
f 120/235/502 123/241/503 121/242/504
f 120/235/505 121/242/506 122/243/507
f 120/235/508 122/243/509 131/244/510
f 120/235/511 131/244/512 132/245/513
f 120/235/514 132/245/515 133/246/516
f 120/235/517 133/246/518 127/247/519
f 120/235/520 127/247/521 126/248/522
f 120/235/523 126/248/524 128/249/525
f 120/235/526 128/249/527 130/236/528
f 149/250/529 143/251/530 26/253/531
f 26/253/532 143/251/533 27/252/534
f 137/255/535 32/256/536 148/254/537
f 148/254/538 32/256/539 28/257/540
f 137/255/541 144/258/542 155/260/543
f 155/260/544 144/258/545 158/259/546
f 144/258/547 141/261/548 158/259/549
f 158/259/550 141/261/551 157/262/552
f 141/261/553 145/263/554 157/262/555
f 157/262/556 145/263/557 156/264/558
f 145/263/559 134/265/560 156/264/561
f 156/264/562 134/265/563 136/266/564
f 137/267/565 108/268/566 144/270/567
f 144/270/568 108/268/569 107/269/570
f 144/270/571 107/269/572 141/272/573
f 141/272/574 107/269/575 109/271/576
f 145/273/577 110/274/578 134/276/579
f 134/276/580 110/274/581 111/275/582
f 141/272/583 109/271/584 145/273/585
f 145/273/586 109/271/587 110/274/588
f 112/278/589 113/279/590 146/277/591
f 146/277/592 113/279/593 140/280/594
f 114/282/595 112/278/596 142/281/597
f 142/281/598 112/278/599 146/277/600
f 139/283/601 106/284/602 138/286/603
f 138/286/604 106/284/605 115/285/606
f 138/287/607 115/288/608 147/290/609
f 147/290/610 115/288/611 116/289/612
f 116/289/613 114/282/614 147/290/615
f 147/290/616 114/282/617 142/281/618
f 148/291/619 117/292/620 137/267/621
f 137/267/622 117/292/623 108/268/624
f 143/293/625 118/294/626 148/291/627
f 148/291/628 118/294/629 117/292/630
f 140/280/631 113/279/632 149/296/633
f 149/296/634 113/279/635 119/295/636
f 149/296/637 119/295/638 143/293/639
f 143/293/640 119/295/641 118/294/642
f 151/297/643 150/298/644 154/299/645
f 153/300/646 150/298/647 151/297/648
f 152/301/649 150/298/650 153/300/651
f 150/298/652 152/301/653 135/302/654
f 69/304/655 151/305/656 66/303/657
f 66/303/658 151/305/659 154/306/660
f 151/305/661 69/304/662 153/308/663
f 153/308/664 69/304/665 68/307/666
f 68/307/667 67/309/668 153/308/669
f 153/308/670 67/309/671 152/310/672
f 152/310/673 67/309/674 135/312/675
f 135/312/676 67/309/677 65/311/678
f 66/303/679 154/306/680 155/260/681
f 155/260/682 154/306/683 137/255/684
f 150/298/685 135/302/686 233/313/687
f 139/314/688 179/315/689 222/317/690
f 222/317/691 179/315/692 276/316/693
f 159/318/694 160/319/695 165/321/696
f 165/321/697 160/319/698 166/320/699
f 159/322/700 139/323/701 160/325/702
f 160/325/703 139/323/704 138/324/705
f 162/326/706 159/327/707 168/329/708
f 168/329/709 159/327/710 165/328/711
f 139/331/712 159/332/713 161/330/714
f 161/330/715 159/332/716 162/333/717
f 162/334/718 168/335/719 164/337/720
f 164/337/721 168/335/722 167/336/723
f 162/339/724 164/340/725 161/338/726
f 161/338/727 164/340/728 163/341/729
f 164/342/730 160/343/731 163/345/732
f 163/345/733 160/343/734 138/344/735
f 164/346/736 167/347/737 160/349/738
f 160/349/739 167/347/740 166/348/741
f 165/350/742 166/351/743 168/353/744
f 168/353/745 166/351/746 167/352/747
f 22/355/748 29/356/749 147/354/750
f 147/354/751 29/356/752 138/357/753
f 15/359/754 169/360/755 30/358/756
f 30/358/757 169/360/758 163/361/759
f 140/362/760 25/363/761 146/365/762
f 146/365/763 25/363/764 24/364/765
f 146/365/766 24/364/767 142/367/768
f 142/367/769 24/364/770 23/366/771
f 142/367/772 23/366/773 147/354/774
f 147/354/775 23/366/776 22/355/777
f 148/254/778 28/257/779 143/251/780
f 143/251/781 28/257/782 27/252/783
f 149/250/784 26/253/785 140/362/786
f 140/362/787 26/253/788 25/363/789
f 21/369/790 31/370/791 171/368/792
f 171/368/793 31/370/794 170/371/795
f 6/372/796 9/373/797 7/375/798
f 7/375/799 9/373/800 13/374/801
f 7/375/802 13/374/803 8/377/804
f 8/377/805 13/374/806 14/376/807
f 14/376/808 11/378/809 8/377/810
f 8/377/811 11/378/812 3/379/813
f 3/379/814 11/378/815 4/381/816
f 4/381/817 11/378/818 10/380/819
f 4/381/820 10/380/821 5/383/822
f 5/383/823 10/380/824 12/382/825
f 5/383/826 12/382/827 2/385/828
f 2/385/829 12/382/830 1/384/831
f 178/387/832 177/388/833 161/386/834
f 161/386/835 177/388/836 139/314/837
f 177/388/838 179/315/839 139/314/840
f 161/386/841 181/389/842 178/387/843
f 178/387/844 181/389/845 180/390/846
f 179/315/847 180/390/848 150/391/849
f 150/391/850 180/390/851 181/389/852
f 178/392/853 183/393/854 177/395/855
f 177/395/856 183/393/857 182/394/858
f 177/396/859 182/397/860 179/399/861
f 179/399/862 182/397/863 184/398/864
f 180/400/865 185/401/866 178/403/867
f 178/403/868 185/401/869 183/402/870
f 179/404/871 184/405/872 180/407/873
f 180/407/874 184/405/875 185/406/876
f 185/408/877 184/409/878 183/411/879
f 183/411/880 184/409/881 182/410/882
f 191/412/883 193/413/884 190/415/885
f 190/415/886 193/413/887 192/414/888
f 187/417/889 186/418/890 154/416/891
f 154/416/892 186/418/893 170/419/894
f 170/420/895 186/421/896 181/423/897
f 181/423/898 186/421/899 188/422/900
f 181/424/901 188/425/902 150/427/903
f 150/427/904 188/425/905 189/426/906
f 189/429/907 187/430/908 150/428/909
f 150/428/910 187/430/911 154/431/912
f 187/432/913 191/433/914 186/435/915
f 186/435/916 191/433/917 190/434/918
f 186/436/919 190/437/920 188/439/921
f 188/439/922 190/437/923 192/438/924
f 188/440/925 192/441/926 189/443/927
f 189/443/928 192/441/929 193/442/930
f 189/444/931 193/445/932 187/447/933
f 187/447/934 193/445/935 191/446/936
f 169/360/937 15/359/938 173/449/939
f 173/449/940 15/359/941 16/448/942
f 173/449/943 16/448/944 175/451/945
f 175/451/946 16/448/947 17/450/948
f 175/451/949 17/450/950 172/453/951
f 172/453/952 17/450/953 18/452/954
f 172/453/955 18/452/956 176/455/957
f 176/455/958 18/452/959 19/454/960
f 176/455/961 19/454/962 174/457/963
f 174/457/964 19/454/965 20/456/966
f 174/457/967 20/456/968 171/368/969
f 171/368/970 20/456/971 21/369/972
f 30/358/973 163/361/974 29/356/975
f 29/356/976 163/361/977 138/357/978
f 170/371/979 31/370/980 154/306/981
f 154/306/982 31/370/983 32/256/984
f 137/255/985 154/306/986 32/256/987
f 196/458/988 195/459/989 209/461/990
f 209/461/991 195/459/992 208/460/993
f 195/459/994 197/462/995 208/460/996
f 208/460/997 197/462/998 210/463/999
f 198/464/1000 111/210/1001 211/465/1002
f 211/465/1003 111/210/1004 125/209/1005
f 197/462/1006 198/464/1007 210/463/1008
f 210/463/1009 198/464/1010 211/465/1011
f 199/466/1012 200/467/1013 212/469/1014
f 212/469/1015 200/467/1016 213/468/1017
f 201/470/1018 199/466/1019 214/471/1020
f 214/471/1021 199/466/1022 212/469/1023
f 194/472/1024 202/473/1025 207/475/1026
f 207/475/1027 202/473/1028 215/474/1029
f 202/476/1030 203/477/1031 215/479/1032
f 215/479/1033 203/477/1034 216/478/1035
f 203/477/1036 201/470/1037 216/478/1038
f 216/478/1039 201/470/1040 214/471/1041
f 204/480/1042 196/458/1043 217/481/1044
f 217/481/1045 196/458/1046 209/461/1047
f 205/482/1048 204/480/1049 218/483/1050
f 218/483/1051 204/480/1052 217/481/1053
f 200/467/1054 206/484/1055 213/468/1056
f 213/468/1057 206/484/1058 219/485/1059
f 206/484/1060 205/482/1061 219/485/1062
f 219/485/1063 205/482/1064 218/483/1065
f 207/239/1066 215/486/1067 216/487/1068
f 125/238/1069 207/239/1070 211/488/1071
f 207/239/1072 210/489/1073 211/488/1074
f 207/239/1075 208/490/1076 210/489/1077
f 207/239/1078 209/491/1079 208/490/1080
f 207/239/1081 217/492/1082 209/491/1083
f 207/239/1084 218/493/1085 217/492/1086
f 207/239/1087 219/494/1088 218/493/1089
f 207/239/1090 213/495/1091 219/494/1092
f 207/239/1093 212/496/1094 213/495/1095
f 207/239/1096 214/497/1097 212/496/1098
f 207/239/1099 216/487/1100 214/497/1101
f 221/499/1102 305/500/1103 230/498/1104
f 230/498/1105 305/500/1106 298/501/1107
f 225/502/1108 230/498/1109 299/503/1110
f 299/503/1111 230/498/1112 298/501/1113
f 229/504/1114 225/502/1115 300/505/1116
f 300/505/1117 225/502/1118 299/503/1119
f 223/506/1120 229/504/1121 301/507/1122
f 301/507/1123 229/504/1124 300/505/1125
f 232/508/1126 223/506/1127 302/509/1128
f 302/509/1129 223/506/1130 301/507/1131
f 231/510/1132 226/511/1133 304/513/1134
f 304/513/1135 226/511/1136 303/512/1137
f 220/514/1138 227/515/1139 196/517/1140
f 196/517/1141 227/515/1142 195/516/1143
f 227/515/1144 224/518/1145 195/516/1146
f 195/516/1147 224/518/1148 197/519/1149
f 228/520/1150 134/276/1151 198/521/1152
f 198/521/1153 134/276/1154 111/275/1155
f 224/518/1156 228/520/1157 197/519/1158
f 197/519/1159 228/520/1160 198/521/1161
f 223/523/1162 200/524/1163 229/522/1164
f 229/522/1165 200/524/1166 199/525/1167
f 229/522/1168 199/525/1169 225/526/1170
f 225/526/1171 199/525/1172 201/527/1173
f 222/528/1174 221/529/1175 194/531/1176
f 194/531/1177 221/529/1178 202/530/1179
f 221/532/1180 230/533/1181 202/535/1182
f 202/535/1183 230/533/1184 203/534/1185
f 225/526/1186 201/527/1187 230/533/1188
f 230/533/1189 201/527/1190 203/534/1191
f 231/536/1192 220/514/1193 204/537/1194
f 204/537/1195 220/514/1196 196/517/1197
f 226/538/1198 231/536/1199 205/539/1200
f 205/539/1201 231/536/1202 204/537/1203
f 223/523/1204 232/540/1205 200/524/1206
f 200/524/1207 232/540/1208 206/541/1209
f 232/540/1210 226/538/1211 206/541/1212
f 206/541/1213 226/538/1214 205/539/1215
f 234/542/1216 237/543/1217 233/313/1218
f 236/544/1219 234/542/1220 233/313/1221
f 235/545/1222 236/544/1223 233/313/1224
f 233/313/1225 135/302/1226 235/545/1227
f 237/547/1228 234/548/1229 70/546/1230
f 70/546/1231 234/548/1232 73/549/1233
f 234/548/1234 236/550/1235 73/549/1236
f 73/549/1237 236/550/1238 72/551/1239
f 72/551/1240 236/550/1241 71/553/1242
f 71/553/1243 236/550/1244 235/552/1245
f 235/552/1246 135/312/1247 71/553/1248
f 71/553/1249 135/312/1250 65/311/1251
f 228/554/1252 239/555/1253 134/265/1254
f 134/265/1255 239/555/1256 136/266/1257
f 224/556/1258 240/557/1259 228/554/1260
f 228/554/1261 240/557/1262 239/555/1263
f 227/558/1264 241/559/1265 224/556/1266
f 224/556/1267 241/559/1268 240/557/1269
f 220/560/1270 238/561/1271 227/558/1272
f 227/558/1273 238/561/1274 241/559/1275
f 220/560/1276 237/547/1277 238/561/1278
f 238/561/1279 237/547/1280 70/546/1281
f 242/562/1282 248/563/1283 243/565/1284
f 243/565/1285 248/563/1286 249/564/1287
f 242/566/1288 243/567/1289 222/569/1290
f 222/569/1291 243/567/1292 221/568/1293
f 245/570/1294 251/571/1295 242/573/1296
f 242/573/1297 251/571/1298 248/572/1299
f 245/575/1300 242/576/1301 244/574/1302
f 244/574/1303 242/576/1304 222/577/1305
f 245/578/1306 247/579/1307 251/581/1308
f 251/581/1309 247/579/1310 250/580/1311
f 246/583/1312 247/584/1313 244/582/1314
f 244/582/1315 247/584/1316 245/585/1317
f 247/586/1318 246/587/1319 243/589/1320
f 243/589/1321 246/587/1322 221/588/1323
f 247/590/1324 243/591/1325 250/593/1326
f 250/593/1327 243/591/1328 249/592/1329
f 248/594/1330 251/595/1331 249/597/1332
f 249/597/1333 251/595/1334 250/596/1335
f 246/599/1336 252/600/1337 306/598/1338
f 306/598/1339 252/600/1340 291/601/1341
f 253/602/1342 254/603/1343 312/605/1344
f 312/605/1345 254/603/1346 316/604/1347
f 232/508/1348 302/509/1349 226/511/1350
f 226/511/1351 302/509/1352 303/512/1353
f 259/607/1354 321/608/1355 260/606/1356
f 260/606/1357 321/608/1358 320/609/1359
f 261/611/1360 307/612/1361 262/610/1362
f 262/610/1363 307/612/1364 297/613/1365
f 304/513/1366 308/614/1367 231/510/1368
f 231/510/1369 308/614/1370 220/560/1371
f 310/615/1372 340/616/1373 309/618/1374
f 309/618/1375 340/616/1376 330/617/1377
f 311/619/1378 339/620/1379 310/615/1380
f 310/615/1381 339/620/1382 340/616/1383
f 326/621/1384 339/620/1385 312/622/1386
f 312/622/1387 339/620/1388 311/619/1389
f 314/623/1390 332/624/1391 313/626/1392
f 313/626/1393 332/624/1394 325/625/1395
f 315/627/1396 331/628/1397 314/623/1398
f 314/623/1399 331/628/1400 332/624/1401
f 309/618/1402 330/617/1403 315/627/1404
f 315/627/1405 330/617/1406 331/628/1407
f 269/630/1408 310/631/1409 270/629/1410
f 270/629/1411 310/631/1412 309/632/1413
f 271/633/1414 311/634/1415 269/630/1416
f 269/630/1417 311/634/1418 310/631/1419
f 253/635/1420 312/636/1421 271/633/1422
f 271/633/1423 312/636/1424 311/634/1425
f 263/637/1426 272/638/1427 313/640/1428
f 313/640/1429 272/638/1430 314/639/1431
f 272/638/1432 273/641/1433 314/639/1434
f 314/639/1435 273/641/1436 315/642/1437
f 273/641/1438 270/629/1439 315/642/1440
f 315/642/1441 270/629/1442 309/632/1443
f 258/643/1444 259/644/1445 263/646/1446
f 263/646/1447 259/644/1448 272/645/1449
f 259/644/1450 260/647/1451 272/645/1452
f 272/645/1453 260/647/1454 273/648/1455
f 273/648/1456 260/647/1457 270/650/1458
f 270/650/1459 260/647/1460 255/649/1461
f 255/649/1462 256/651/1463 270/650/1464
f 270/650/1465 256/651/1466 269/652/1467
f 256/651/1468 257/653/1469 269/652/1470
f 269/652/1471 257/653/1472 271/654/1473
f 257/653/1474 254/655/1475 271/654/1476
f 271/654/1477 254/655/1478 253/656/1479
f 222/317/1480 274/658/1481 244/657/1482
f 244/657/1483 274/658/1484 275/659/1485
f 274/658/1486 222/317/1487 276/316/1488
f 244/657/1489 275/659/1490 278/661/1491
f 278/661/1492 275/659/1493 277/660/1494
f 276/316/1495 233/662/1496 277/660/1497
f 277/660/1498 233/662/1499 278/661/1500
f 275/663/1501 274/664/1502 280/666/1503
f 280/666/1504 274/664/1505 279/665/1506
f 274/667/1507 276/668/1508 279/670/1509
f 279/670/1510 276/668/1511 281/669/1512
f 277/671/1513 275/672/1514 282/674/1515
f 282/674/1516 275/672/1517 280/673/1518
f 276/675/1519 277/676/1520 281/678/1521
f 281/678/1522 277/676/1523 282/677/1524
f 282/679/1525 280/680/1526 281/682/1527
f 281/682/1528 280/680/1529 279/681/1530
f 288/683/1531 287/684/1532 290/686/1533
f 290/686/1534 287/684/1535 289/685/1536
f 261/688/1537 283/689/1538 237/687/1539
f 237/687/1540 283/689/1541 284/690/1542
f 261/691/1543 278/692/1544 283/694/1545
f 283/694/1546 278/692/1547 285/693/1548
f 278/695/1549 233/696/1550 285/698/1551
f 285/698/1552 233/696/1553 286/697/1554
f 237/700/1555 284/701/1556 233/699/1557
f 233/699/1558 284/701/1559 286/702/1560
f 284/703/1561 283/704/1562 288/706/1563
f 288/706/1564 283/704/1565 287/705/1566
f 283/707/1567 285/708/1568 287/710/1569
f 287/710/1570 285/708/1571 289/709/1572
f 285/711/1573 286/712/1574 289/714/1575
f 289/714/1576 286/712/1577 290/713/1578
f 286/715/1579 284/716/1580 290/718/1581
f 290/718/1582 284/716/1583 288/717/1584
f 252/600/1585 265/719/1586 291/601/1587
f 291/601/1588 265/719/1589 292/720/1590
f 265/719/1591 267/721/1592 292/720/1593
f 292/720/1594 267/721/1595 293/722/1596
f 267/721/1597 264/723/1598 293/722/1599
f 293/722/1600 264/723/1601 294/724/1602
f 264/723/1603 268/725/1604 294/724/1605
f 294/724/1606 268/725/1607 295/726/1608
f 268/725/1609 266/727/1610 295/726/1611
f 295/726/1612 266/727/1613 296/728/1614
f 266/727/1615 262/610/1616 296/728/1617
f 296/728/1618 262/610/1619 297/613/1620
f 317/729/1621 337/730/1622 316/732/1623
f 316/732/1624 337/730/1625 338/731/1626
f 318/733/1627 336/734/1628 317/729/1629
f 317/729/1630 336/734/1631 337/730/1632
f 319/735/1633 335/736/1634 318/733/1635
f 318/733/1636 335/736/1637 336/734/1638
f 320/737/1639 334/738/1640 319/735/1641
f 319/735/1642 334/738/1643 335/736/1644
f 321/739/1645 333/740/1646 320/737/1647
f 320/737/1648 333/740/1649 334/738/1650
f 327/741/1651 333/740/1652 322/742/1653
f 322/742/1654 333/740/1655 321/739/1656
f 306/598/1657 305/500/1658 246/599/1659
f 246/599/1660 305/500/1661 221/499/1662
f 308/614/1663 307/612/1664 237/547/1665
f 237/547/1666 307/612/1667 261/611/1668
f 220/560/1669 308/614/1670 237/547/1671
f 313/626/1672 325/625/1673 328/743/1674
f 328/744/1675 329/745/1676 313/747/1677
f 313/747/1678 329/745/1679 322/746/1680
f 316/732/1681 338/731/1682 324/748/1683
f 322/742/1684 329/749/1685 327/741/1686
f 298/751/1687 338/752/1688 299/750/1689
f 299/750/1690 338/752/1691 337/753/1692
f 317/755/1693 316/756/1694 257/754/1695
f 257/754/1696 316/756/1697 254/757/1698
f 299/750/1699 337/753/1700 300/758/1701
f 300/758/1702 337/753/1703 336/759/1704
f 318/761/1705 317/755/1706 256/760/1707
f 256/760/1708 317/755/1709 257/754/1710
f 300/758/1711 336/759/1712 301/762/1713
f 301/762/1714 336/759/1715 335/763/1716
f 319/765/1717 318/761/1718 255/764/1719
f 255/764/1720 318/761/1721 256/760/1722
f 302/766/1723 301/762/1724 334/767/1725
f 334/767/1726 301/762/1727 335/763/1728
f 260/606/1729 320/609/1730 255/764/1731
f 255/764/1732 320/609/1733 319/765/1734
f 303/768/1735 302/766/1736 333/769/1737
f 333/769/1738 302/766/1739 334/767/1740
f 304/770/1741 303/768/1742 327/771/1743
f 327/771/1744 303/768/1745 333/769/1746
f 258/772/1747 322/773/1748 259/607/1749
f 259/607/1750 322/773/1751 321/608/1752
f 263/774/1753 313/775/1754 258/777/1755
f 258/777/1756 313/775/1757 322/776/1758
f 338/752/1759 298/751/1760 324/779/1761
f 324/779/1762 298/751/1763 305/778/1764
f 308/780/1765 304/770/1766 329/781/1767
f 329/781/1768 304/770/1769 327/771/1770
f 316/782/1771 324/783/1772 312/785/1773
f 312/785/1774 324/783/1775 323/784/1776
f 312/622/1777 323/786/1778 326/621/1779
f 295/787/1780 331/788/1781 294/790/1782
f 294/790/1783 331/788/1784 330/789/1785
f 296/791/1786 332/792/1787 295/787/1788
f 295/787/1789 332/792/1790 331/788/1791
f 332/792/1792 296/791/1793 325/793/1794
f 325/793/1795 296/791/1796 297/794/1797
f 307/795/1798 328/796/1799 297/794/1800
f 297/794/1801 328/796/1802 325/793/1803
f 308/797/1804 329/798/1805 307/800/1806
f 307/800/1807 329/798/1808 328/799/1809
f 306/801/1810 323/802/1811 305/804/1812
f 305/804/1813 323/802/1814 324/803/1815
f 326/806/1816 323/807/1817 291/805/1818
f 291/805/1819 323/807/1820 306/808/1821
f 339/810/1822 326/806/1823 292/809/1824
f 292/809/1825 326/806/1826 291/805/1827
f 340/812/1828 339/810/1829 293/811/1830
f 293/811/1831 339/810/1832 292/809/1833
f 330/789/1834 340/812/1835 294/790/1836
f 294/790/1837 340/812/1838 293/811/1839
f 120/235/1840 125/238/1841 124/240/1842
f 194/813/1843 106/814/1844 222/816/1845
f 222/816/1846 106/814/1847 139/815/1848
f 276/316/1849 179/315/1850 233/662/1851
f 233/662/1852 179/315/1853 150/391/1854
f 351/817/1855 355/818/1856 350/819/1857
f 352/820/1858 355/818/1859 351/817/1860
f 353/821/1861 355/818/1862 352/820/1863
f 354/822/1864 355/818/1865 353/821/1866
f 357/823/1867 360/824/1868 356/825/1869
f 358/826/1870 360/824/1871 357/823/1872
f 359/827/1873 360/824/1874 358/826/1875
f 350/819/1876 360/824/1877 359/827/1878
f 383/828/1879 382/829/1880 393/831/1881
f 393/831/1882 382/829/1883 372/830/1884
f 393/831/1885 372/830/1886 392/832/1887
f 392/832/1888 372/830/1889 373/833/1890
f 392/832/1891 373/833/1892 391/834/1893
f 391/834/1894 373/833/1895 374/835/1896
f 390/836/1897 391/834/1898 375/837/1899
f 375/837/1900 391/834/1901 374/835/1902
f 388/838/1903 389/839/1904 377/841/1905
f 377/841/1906 389/839/1907 376/840/1908
f 387/843/1909 378/844/1910 386/842/1911
f 386/842/1912 378/844/1913 379/845/1914
f 385/846/1915 386/842/1916 380/847/1917
f 380/847/1918 386/842/1919 379/845/1920
f 384/848/1921 385/846/1922 381/849/1923
f 381/849/1924 385/846/1925 380/847/1926
f 383/828/1927 384/848/1928 382/829/1929
f 382/829/1930 384/848/1931 381/849/1932
f 378/850/1933 387/851/1934 377/853/1935
f 377/853/1936 387/851/1937 388/852/1938
f 375/855/1939 376/856/1940 390/854/1941
f 390/854/1942 376/856/1943 389/857/1944
f 361/858/1945 343/859/1946 362/861/1947
f 362/861/1948 343/859/1949 346/860/1950
f 346/860/1951 345/862/1952 362/861/1953
f 362/861/1954 345/862/1955 363/863/1956
f 345/862/1957 347/864/1958 363/863/1959
f 363/863/1960 347/864/1961 364/865/1962
f 347/864/1963 246/866/1964 364/865/1965
f 364/865/1966 246/866/1967 365/867/1968
f 366/868/1969 244/869/1970 371/871/1971
f 371/871/1972 244/869/1973 342/870/1974
f 367/872/1975 341/873/1976 368/875/1977
f 368/875/1978 341/873/1979 348/874/1980
f 348/874/1981 344/876/1982 368/875/1983
f 368/875/1984 344/876/1985 369/877/1986
f 344/876/1987 349/878/1988 369/877/1989
f 369/877/1990 349/878/1991 370/879/1992
f 349/878/1993 343/859/1994 370/879/1995
f 370/879/1996 343/859/1997 361/858/1998
f 341/880/1999 367/881/2000 342/883/2001
f 342/883/2002 367/881/2003 371/882/2004
f 246/885/2005 244/886/2006 365/884/2007
f 365/884/2008 244/886/2009 366/887/2010
f 372/888/2011 362/889/2012 373/891/2013
f 373/891/2014 362/889/2015 363/890/2016
f 373/891/2017 363/890/2018 374/893/2019
f 374/893/2020 363/890/2021 364/892/2022
f 374/893/2023 364/892/2024 375/895/2025
f 375/895/2026 364/892/2027 365/894/2028
f 375/896/2029 365/897/2030 376/899/2031
f 376/899/2032 365/897/2033 366/898/2034
f 376/900/2035 366/901/2036 377/903/2037
f 377/903/2038 366/901/2039 371/902/2040
f 367/904/2041 378/905/2042 371/907/2043
f 371/907/2044 378/905/2045 377/906/2046
f 378/908/2047 367/909/2048 379/911/2049
f 379/911/2050 367/909/2051 368/910/2052
f 379/911/2053 368/910/2054 380/913/2055
f 380/913/2056 368/910/2057 369/912/2058
f 380/913/2059 369/912/2060 381/915/2061
f 381/915/2062 369/912/2063 370/914/2064
f 381/915/2065 370/914/2066 382/917/2067
f 382/917/2068 370/914/2069 361/916/2070
f 372/888/2071 382/917/2072 362/889/2073
f 362/889/2074 382/917/2075 361/916/2076
f 351/918/2077 350/919/2078 393/921/2079
f 393/921/2080 350/919/2081 383/920/2082
f 350/919/2083 359/922/2084 383/920/2085
f 383/920/2086 359/922/2087 384/923/2088
f 358/924/2089 385/925/2090 359/922/2091
f 359/922/2092 385/925/2093 384/923/2094
f 357/926/2095 386/927/2096 358/924/2097
f 358/924/2098 386/927/2099 385/925/2100
f 357/926/2101 356/928/2102 386/927/2103
f 386/927/2104 356/928/2105 387/929/2106
f 387/930/2107 356/931/2108 388/933/2109
f 388/933/2110 356/931/2111 360/932/2112
f 355/934/2113 389/935/2114 360/937/2115
f 360/937/2116 389/935/2117 388/936/2118
f 354/938/2119 390/939/2120 355/941/2121
f 355/941/2122 390/939/2123 389/940/2124
f 354/942/2125 353/943/2126 390/945/2127
f 390/945/2128 353/943/2129 391/944/2130
f 352/946/2131 392/947/2132 353/943/2133
f 353/943/2134 392/947/2135 391/944/2136
f 351/918/2137 393/921/2138 352/946/2139
f 352/946/2140 393/921/2141 392/947/2142
f 360/824/2143 350/819/2144 355/818/2145
f 436/948/2146 446/949/2147 435/951/2148
f 435/951/2149 446/949/2150 425/950/2151
f 426/953/2152 425/950/2153 445/952/2154
f 445/952/2155 425/950/2156 446/949/2157
f 427/955/2158 426/953/2159 444/954/2160
f 444/954/2161 426/953/2162 445/952/2163
f 443/956/2164 428/957/2165 444/954/2166
f 444/954/2167 428/957/2168 427/955/2169
f 441/958/2170 430/959/2171 442/961/2172
f 442/961/2173 430/959/2174 429/960/2175
f 432/963/2176 431/964/2177 439/962/2178
f 439/962/2179 431/964/2180 440/965/2181
f 438/966/2182 433/967/2183 439/962/2184
f 439/962/2185 433/967/2186 432/963/2187
f 437/968/2188 434/969/2189 438/966/2190
f 438/966/2191 434/969/2192 433/967/2193
f 436/948/2194 435/951/2195 437/968/2196
f 437/968/2197 435/951/2198 434/969/2199
f 431/970/2200 430/971/2201 440/973/2202
f 440/973/2203 430/971/2204 441/972/2205
f 442/975/2206 429/976/2207 443/974/2208
f 443/974/2209 429/976/2210 428/977/2211
f 414/978/2212 415/979/2213 396/981/2214
f 396/981/2215 415/979/2216 399/980/2217
f 416/982/2218 398/983/2219 415/979/2220
f 415/979/2221 398/983/2222 399/980/2223
f 417/984/2224 400/985/2225 416/982/2226
f 416/982/2227 400/985/2228 398/983/2229
f 418/986/2230 163/987/2231 417/984/2232
f 417/984/2233 163/987/2234 400/985/2235
f 419/988/2236 424/989/2237 161/991/2238
f 161/991/2239 424/989/2240 395/990/2241
f 420/992/2242 421/993/2243 394/995/2244
f 394/995/2245 421/993/2246 401/994/2247
f 422/996/2248 397/997/2249 421/993/2250
f 421/993/2251 397/997/2252 401/994/2253
f 423/998/2254 402/999/2255 422/996/2256
f 422/996/2257 402/999/2258 397/997/2259
f 414/978/2260 396/981/2261 423/998/2262
f 423/998/2263 396/981/2264 402/999/2265
f 394/1000/2266 395/1001/2267 420/1003/2268
f 420/1003/2269 395/1001/2270 424/1002/2271
f 419/1005/2272 161/1006/2273 418/1004/2274
f 418/1004/2275 161/1006/2276 163/1007/2277
f 425/1008/2278 426/1009/2279 415/1011/2280
f 415/1011/2281 426/1009/2282 416/1010/2283
f 426/1009/2284 427/1012/2285 416/1010/2286
f 416/1010/2287 427/1012/2288 417/1013/2289
f 427/1012/2290 428/1014/2291 417/1013/2292
f 417/1013/2293 428/1014/2294 418/1015/2295
f 428/1016/2296 429/1017/2297 418/1019/2298
f 418/1019/2299 429/1017/2300 419/1018/2301
f 429/1020/2302 430/1021/2303 419/1023/2304
f 419/1023/2305 430/1021/2306 424/1022/2307
f 420/1024/2308 424/1025/2309 431/1027/2310
f 431/1027/2311 424/1025/2312 430/1026/2313
f 431/1028/2314 432/1029/2315 420/1031/2316
f 420/1031/2317 432/1029/2318 421/1030/2319
f 432/1029/2320 433/1032/2321 421/1030/2322
f 421/1030/2323 433/1032/2324 422/1033/2325
f 433/1032/2326 434/1034/2327 422/1033/2328
f 422/1033/2329 434/1034/2330 423/1035/2331
f 434/1034/2332 435/1036/2333 423/1035/2334
f 423/1035/2335 435/1036/2336 414/1037/2337
f 425/1008/2338 415/1011/2339 435/1036/2340
f 435/1036/2341 415/1011/2342 414/1037/2343
f 404/1038/2344 446/1039/2345 403/1041/2346
f 403/1041/2347 446/1039/2348 436/1040/2349
f 403/1041/2350 436/1040/2351 412/1043/2352
f 412/1043/2353 436/1040/2354 437/1042/2355
f 437/1042/2356 438/1044/2357 412/1043/2358
f 412/1043/2359 438/1044/2360 411/1045/2361
f 438/1044/2362 439/1046/2363 411/1045/2364
f 411/1045/2365 439/1046/2366 410/1047/2367
f 410/1047/2368 439/1046/2369 409/1049/2370
f 409/1049/2371 439/1046/2372 440/1048/2373
f 440/1050/2374 441/1051/2375 409/1053/2376
f 409/1053/2377 441/1051/2378 413/1052/2379
f 408/1054/2380 413/1055/2381 442/1057/2382
f 442/1057/2383 413/1055/2384 441/1056/2385
f 407/1058/2386 408/1059/2387 443/1061/2388
f 443/1061/2389 408/1059/2390 442/1060/2391
f 407/1062/2392 443/1063/2393 406/1065/2394
f 406/1065/2395 443/1063/2396 444/1064/2397
f 444/1064/2398 445/1066/2399 406/1065/2400
f 406/1065/2401 445/1066/2402 405/1067/2403
f 445/1066/2404 446/1039/2405 405/1067/2406
f 405/1067/2407 446/1039/2408 404/1038/2409
f 456/1068/2410 470/1069/2411 458/1070/2412
f 458/1070/2413 470/1069/2414 469/1071/2415
f 461/1072/2416 450/1073/2417 459/1074/2418
f 459/1074/2419 450/1073/2420 449/1075/2421
f 454/1076/2422 466/1077/2423 451/1078/2424
f 451/1078/2425 466/1077/2426 463/1079/2427
f 465/1080/2428 462/1081/2429 464/1082/2430
f 464/1082/2431 462/1081/2432 460/1083/2433
f 457/1084/2434 467/1085/2435 455/1086/2436
f 455/1086/2437 467/1085/2438 468/1087/2439
f 452/1088/2440 447/1089/2441 453/1090/2442
f 453/1090/2443 447/1089/2444 448/1091/2445
f 450/1073/2446 468/1087/2447 449/1075/2448
f 449/1075/2449 468/1087/2450 467/1085/2451
f 453/1090/2452 454/1076/2453 452/1088/2454
f 452/1088/2455 454/1076/2456 451/1078/2457
f 456/1068/2458 458/1070/2459 455/1086/2460
f 455/1086/2461 458/1070/2462 457/1084/2463
f 460/1083/2464 462/1081/2465 459/1074/2466
f 459/1074/2467 462/1081/2468 461/1072/2469
f 463/1079/2470 466/1077/2471 464/1082/2472
f 464/1082/2473 466/1077/2474 465/1080/2475
f 483/1092/2476 481/1093/2477 474/1094/2478
f 474/1094/2479 481/1093/2480 473/1095/2481
f 478/1096/2482 475/1097/2483 488/1098/2484
f 488/1098/2485 475/1097/2486 485/1099/2487
f 487/1100/2488 486/1101/2489 484/1102/2490
f 484/1102/2491 486/1101/2492 482/1103/2493
f 480/1104/2494 479/1105/2495 489/1106/2496
f 489/1106/2497 479/1105/2498 490/1107/2499
f 476/1108/2500 477/1109/2501 471/1110/2502
f 471/1110/2503 477/1109/2504 472/1111/2505
f 474/1094/2506 473/1095/2507 490/1107/2508
f 490/1107/2509 473/1095/2510 489/1106/2511
f 477/1109/2512 476/1108/2513 478/1096/2514
f 478/1096/2515 476/1108/2516 475/1097/2517
f 470/1069/2518 479/1105/2519 469/1071/2520
f 469/1071/2521 479/1105/2522 480/1104/2523
f 482/1103/2524 481/1093/2525 484/1102/2526
f 484/1102/2527 481/1093/2528 483/1092/2529
f 485/1099/2530 486/1101/2531 488/1098/2532
f 488/1098/2533 486/1101/2534 487/1100/2535
f 447/1112/2536 452/1113/2537 471/1114/2538
f 471/1114/2539 452/1113/2540 476/1115/2541
f 452/1113/2542 451/1116/2543 476/1115/2544
f 476/1115/2545 451/1116/2546 475/1117/2547
f 463/1118/2548 464/1119/2549 451/1116/2550
f 464/1119/2551 460/1120/2552 451/1116/2553
f 460/1120/2554 459/1121/2555 451/1116/2556
f 459/1121/2557 449/1122/2558 451/1116/2559
f 451/1116/2560 449/1122/2561 475/1117/2562
f 449/1122/2563 467/1123/2564 475/1117/2565
f 467/1123/2566 457/1124/2567 475/1117/2568
f 457/1124/2569 458/1125/2570 475/1117/2571
f 458/1125/2572 469/1126/2573 475/1117/2574
f 469/1126/2575 480/1127/2576 475/1117/2577
f 480/1127/2578 489/1128/2579 475/1117/2580
f 489/1128/2581 473/1129/2582 475/1117/2583
f 473/1129/2584 481/1130/2585 475/1117/2586
f 481/1130/2587 482/1131/2588 475/1117/2589
f 475/1117/2590 482/1131/2591 485/1132/2592
f 482/1131/2593 486/1133/2594 485/1132/2595
f 472/1134/2596 477/1135/2597 448/1136/2598
f 448/1136/2599 477/1135/2600 453/1137/2601
f 477/1135/2602 478/1138/2603 453/1137/2604
f 453/1137/2605 478/1138/2606 454/1139/2607
f 488/1140/2608 487/1141/2609 478/1138/2610
f 487/1141/2611 484/1142/2612 478/1138/2613
f 484/1142/2614 483/1143/2615 478/1138/2616
f 483/1143/2617 474/1144/2618 478/1138/2619
f 478/1138/2620 474/1144/2621 454/1139/2622
f 474/1144/2623 490/1145/2624 454/1139/2625
f 490/1145/2626 479/1146/2627 454/1139/2628
f 479/1146/2629 470/1147/2630 454/1139/2631
f 470/1147/2632 456/1148/2633 454/1139/2634
f 456/1148/2635 455/1149/2636 454/1139/2637
f 455/1149/2638 468/1150/2639 454/1139/2640
f 468/1150/2641 450/1151/2642 454/1139/2643
f 450/1151/2644 461/1152/2645 454/1139/2646
f 461/1152/2647 462/1153/2648 454/1139/2649
f 454/1139/2650 462/1153/2651 466/1154/2652
f 462/1153/2653 465/1155/2654 466/1154/2655
f 500/1156/2656 514/1157/2657 502/1158/2658
f 502/1158/2659 514/1157/2660 513/1159/2661
f 505/1160/2662 494/1161/2663 503/1162/2664
f 503/1162/2665 494/1161/2666 493/1163/2667
f 498/1164/2668 510/1165/2669 495/1166/2670
f 495/1166/2671 510/1165/2672 507/1167/2673
f 509/1168/2674 506/1169/2675 508/1170/2676
f 508/1170/2677 506/1169/2678 504/1171/2679
f 501/1172/2680 511/1173/2681 499/1174/2682
f 499/1174/2683 511/1173/2684 512/1175/2685
f 496/1176/2686 491/1177/2687 497/1178/2688
f 497/1178/2689 491/1177/2690 492/1179/2691
f 494/1161/2692 512/1175/2693 493/1163/2694
f 493/1163/2695 512/1175/2696 511/1173/2697
f 497/1178/2698 498/1164/2699 496/1176/2700
f 496/1176/2701 498/1164/2702 495/1166/2703
f 500/1156/2704 502/1158/2705 499/1174/2706
f 499/1174/2707 502/1158/2708 501/1172/2709
f 504/1171/2710 506/1169/2711 503/1162/2712
f 503/1162/2713 506/1169/2714 505/1160/2715
f 507/1167/2716 510/1165/2717 508/1170/2718
f 508/1170/2719 510/1165/2720 509/1168/2721
f 527/1180/2722 525/1181/2723 518/1182/2724
f 518/1182/2725 525/1181/2726 517/1183/2727
f 522/1184/2728 519/1185/2729 532/1186/2730
f 532/1186/2731 519/1185/2732 529/1187/2733
f 531/1188/2734 530/1189/2735 528/1190/2736
f 528/1190/2737 530/1189/2738 526/1191/2739
f 524/1192/2740 523/1193/2741 533/1194/2742
f 533/1194/2743 523/1193/2744 534/1195/2745
f 520/1196/2746 521/1197/2747 515/1198/2748
f 515/1198/2749 521/1197/2750 516/1199/2751
f 518/1182/2752 517/1183/2753 534/1195/2754
f 534/1195/2755 517/1183/2756 533/1194/2757
f 521/1197/2758 520/1196/2759 522/1184/2760
f 522/1184/2761 520/1196/2762 519/1185/2763
f 514/1157/2764 523/1193/2765 513/1159/2766
f 513/1159/2767 523/1193/2768 524/1192/2769
f 526/1191/2770 525/1181/2771 528/1190/2772
f 528/1190/2773 525/1181/2774 527/1180/2775
f 529/1187/2776 530/1189/2777 532/1186/2778
f 532/1186/2779 530/1189/2780 531/1188/2781
f 491/1200/2782 496/1201/2783 515/1202/2784
f 515/1202/2785 496/1201/2786 520/1203/2787
f 496/1201/2788 495/1204/2789 520/1203/2790
f 520/1203/2791 495/1204/2792 519/1205/2793
f 507/1206/2794 508/1207/2795 495/1204/2796
f 508/1207/2797 504/1208/2798 495/1204/2799
f 504/1208/2800 503/1209/2801 495/1204/2802
f 503/1209/2803 493/1210/2804 495/1204/2805
f 495/1204/2806 493/1210/2807 519/1205/2808
f 493/1210/2809 511/1211/2810 519/1205/2811
f 511/1211/2812 501/1212/2813 519/1205/2814
f 501/1212/2815 502/1213/2816 519/1205/2817
f 502/1213/2818 513/1214/2819 519/1205/2820
f 513/1214/2821 524/1215/2822 519/1205/2823
f 524/1215/2824 533/1216/2825 519/1205/2826
f 533/1216/2827 517/1217/2828 519/1205/2829
f 517/1217/2830 525/1218/2831 519/1205/2832
f 525/1218/2833 526/1219/2834 519/1205/2835
f 519/1205/2836 526/1219/2837 529/1220/2838
f 526/1219/2839 530/1221/2840 529/1220/2841
f 516/1222/2842 521/1223/2843 492/1224/2844
f 492/1224/2845 521/1223/2846 497/1225/2847
f 521/1223/2848 522/1226/2849 497/1225/2850
f 497/1225/2851 522/1226/2852 498/1227/2853
f 532/1228/2854 531/1229/2855 522/1226/2856
f 531/1229/2857 528/1230/2858 522/1226/2859
f 528/1230/2860 527/1231/2861 522/1226/2862
f 527/1231/2863 518/1232/2864 522/1226/2865
f 522/1226/2866 518/1232/2867 498/1227/2868
f 518/1232/2869 534/1233/2870 498/1227/2871
f 534/1233/2872 523/1234/2873 498/1227/2874
f 523/1234/2875 514/1235/2876 498/1227/2877
f 514/1235/2878 500/1236/2879 498/1227/2880
f 500/1236/2881 499/1237/2882 498/1227/2883
f 499/1237/2884 512/1238/2885 498/1227/2886
f 512/1238/2887 494/1239/2888 498/1227/2889
f 494/1239/2890 505/1240/2891 498/1227/2892
f 505/1240/2893 506/1241/2894 498/1227/2895
f 498/1227/2896 506/1241/2897 510/1242/2898
f 506/1241/2899 509/1243/2900 510/1242/2901
f 544/1244/2902 558/1245/2903 546/1246/2904
f 546/1246/2905 558/1245/2906 557/1247/2907
f 549/1248/2908 538/1249/2909 547/1250/2910
f 547/1250/2911 538/1249/2912 537/1251/2913
f 542/1252/2914 554/1253/2915 539/1254/2916
f 539/1254/2917 554/1253/2918 551/1255/2919
f 553/1256/2920 550/1257/2921 552/1258/2922
f 552/1258/2923 550/1257/2924 548/1259/2925
f 545/1260/2926 555/1261/2927 543/1262/2928
f 543/1262/2929 555/1261/2930 556/1263/2931
f 540/1264/2932 535/1265/2933 541/1266/2934
f 541/1266/2935 535/1265/2936 536/1267/2937
f 538/1249/2938 556/1263/2939 537/1251/2940
f 537/1251/2941 556/1263/2942 555/1261/2943
f 541/1266/2944 542/1252/2945 540/1264/2946
f 540/1264/2947 542/1252/2948 539/1254/2949
f 544/1244/2950 546/1246/2951 543/1262/2952
f 543/1262/2953 546/1246/2954 545/1260/2955
f 548/1259/2956 550/1257/2957 547/1250/2958
f 547/1250/2959 550/1257/2960 549/1248/2961
f 551/1255/2962 554/1253/2963 552/1258/2964
f 552/1258/2965 554/1253/2966 553/1256/2967
f 571/1268/2968 569/1269/2969 562/1270/2970
f 562/1270/2971 569/1269/2972 561/1271/2973
f 566/1272/2974 563/1273/2975 576/1274/2976
f 576/1274/2977 563/1273/2978 573/1275/2979
f 575/1276/2980 574/1277/2981 572/1278/2982
f 572/1278/2983 574/1277/2984 570/1279/2985
f 568/1280/2986 567/1281/2987 577/1282/2988
f 577/1282/2989 567/1281/2990 578/1283/2991
f 564/1284/2992 565/1285/2993 559/1286/2994
f 559/1286/2995 565/1285/2996 560/1287/2997
f 562/1270/2998 561/1271/2999 578/1283/3000
f 578/1283/3001 561/1271/3002 577/1282/3003
f 565/1285/3004 564/1284/3005 566/1272/3006
f 566/1272/3007 564/1284/3008 563/1273/3009
f 558/1245/3010 567/1281/3011 557/1247/3012
f 557/1247/3013 567/1281/3014 568/1280/3015
f 570/1279/3016 569/1269/3017 572/1278/3018
f 572/1278/3019 569/1269/3020 571/1268/3021
f 573/1275/3022 574/1277/3023 576/1274/3024
f 576/1274/3025 574/1277/3026 575/1276/3027
f 535/1288/3028 540/1289/3029 559/1290/3030
f 559/1290/3031 540/1289/3032 564/1291/3033
f 540/1289/3034 539/1292/3035 564/1291/3036
f 564/1291/3037 539/1292/3038 563/1293/3039
f 551/1294/3040 552/1295/3041 539/1292/3042
f 552/1295/3043 548/1296/3044 539/1292/3045
f 548/1296/3046 547/1297/3047 539/1292/3048
f 547/1297/3049 537/1298/3050 539/1292/3051
f 539/1292/3052 537/1298/3053 563/1293/3054
f 537/1298/3055 555/1299/3056 563/1293/3057
f 555/1299/3058 545/1300/3059 563/1293/3060
f 545/1300/3061 546/1301/3062 563/1293/3063
f 546/1301/3064 557/1302/3065 563/1293/3066
f 557/1302/3067 568/1303/3068 563/1293/3069
f 568/1303/3070 577/1304/3071 563/1293/3072
f 577/1304/3073 561/1305/3074 563/1293/3075
f 561/1305/3076 569/1306/3077 563/1293/3078
f 569/1306/3079 570/1307/3080 563/1293/3081
f 563/1293/3082 570/1307/3083 573/1308/3084
f 570/1307/3085 574/1309/3086 573/1308/3087
f 560/1310/3088 565/1311/3089 536/1312/3090
f 536/1312/3091 565/1311/3092 541/1313/3093
f 565/1311/3094 566/1314/3095 541/1313/3096
f 541/1313/3097 566/1314/3098 542/1315/3099
f 576/1316/3100 575/1317/3101 566/1314/3102
f 575/1317/3103 572/1318/3104 566/1314/3105
f 572/1318/3106 571/1319/3107 566/1314/3108
f 571/1319/3109 562/1320/3110 566/1314/3111
f 566/1314/3112 562/1320/3113 542/1315/3114
f 562/1320/3115 578/1321/3116 542/1315/3117
f 578/1321/3118 567/1322/3119 542/1315/3120
f 567/1322/3121 558/1323/3122 542/1315/3123
f 558/1323/3124 544/1324/3125 542/1315/3126
f 544/1324/3127 543/1325/3128 542/1315/3129
f 543/1325/3130 556/1326/3131 542/1315/3132
f 556/1326/3133 538/1327/3134 542/1315/3135
f 538/1327/3136 549/1328/3137 542/1315/3138
f 549/1328/3139 550/1329/3140 542/1315/3141
f 542/1315/3142 550/1329/3143 554/1330/3144
f 550/1329/3145 553/1331/3146 554/1330/3147
s 1
f 579/1332/3148 587/1333/3149 580/1334/3150
f 580/1334/3150 587/1333/3149 588/1335/3151
f 587/1333/3149 585/1336/3152 588/1335/3151
f 588/1335/3151 585/1336/3152 586/1337/3153
f 585/1336/3152 583/1338/3154 586/1337/3153
f 586/1337/3153 583/1338/3154 584/1339/3155
f 583/1338/3154 581/1340/3156 584/1339/3155
f 584/1339/3155 581/1340/3156 582/1341/3157
f 579/1332/3148 580/1334/3150 595/1342/3158
f 595/1342/3158 580/1334/3150 596/1343/3159
f 595/1342/3158 596/1343/3159 593/1344/3160
f 593/1344/3160 596/1343/3159 594/1345/3161
f 593/1344/3160 594/1345/3161 591/1346/3162
f 591/1346/3162 594/1345/3161 592/1347/3163
f 591/1346/3162 592/1347/3163 589/1348/3164
f 589/1348/3164 592/1347/3163 590/1349/3165
s off
f 599/1350/3166 598/1351/3167 597/1352/3168
s 2
f 601/1353/3169 605/1354/3170 600/1355/3171
f 602/1356/3172 605/1354/3170 601/1353/3169
f 603/1357/3173 605/1354/3170 602/1356/3172
f 604/1358/3174 605/1354/3170 603/1357/3173
f 607/1359/3175 610/1360/3176 606/1361/3177
f 608/1362/3178 610/1360/3176 607/1359/3175
f 609/1363/3179 610/1360/3176 608/1362/3178
f 600/1355/3171 610/1360/3176 609/1363/3179
f 610/1360/3176 600/1355/3171 605/1354/3170
s off
f 615/1364/3180 616/1365/3181 611/1366/3182
f 611/1366/3183 616/1365/3184 612/1367/3185
f 613/1368/3186 614/1369/3187 618/1370/3188
f 618/1370/3189 614/1369/3190 617/1371/3191
f 616/1372/3192 617/1373/3193 612/1374/3194
f 612/1374/3195 617/1373/3196 614/1375/3197
f 618/1376/3198 615/1377/3199 613/1378/3200
f 613/1378/3201 615/1377/3202 611/1379/3203
f 616/1380/3204 615/1381/3205 617/1382/3206
f 617/1382/3207 615/1381/3208 618/1383/3209
f 623/1384/3210 624/1385/3211 619/1386/3212
f 619/1386/3213 624/1385/3214 620/1387/3215
f 621/1388/3216 622/1389/3217 626/1390/3218
f 626/1390/3219 622/1389/3220 625/1391/3221
f 624/1392/3222 625/1393/3223 620/1394/3224
f 620/1394/3225 625/1393/3226 622/1395/3227
f 626/1396/3228 623/1397/3229 621/1398/3230
f 621/1398/3231 623/1397/3232 619/1399/3233
f 624/1400/3234 623/1401/3235 625/1402/3236
f 625/1402/3237 623/1401/3238 626/1403/3239
f 631/1404/3240 632/1405/3241 627/1406/3242
f 627/1406/3243 632/1405/3244 628/1407/3245
f 629/1408/3246 630/1409/3247 634/1410/3248
f 634/1410/3249 630/1409/3250 633/1411/3251
f 632/1412/3252 633/1413/3253 628/1414/3254
f 628/1414/3255 633/1413/3256 630/1415/3257
f 634/1416/3258 631/1417/3259 629/1418/3260
f 629/1418/3261 631/1417/3262 627/1419/3263
f 632/1420/3264 631/1421/3265 633/1422/3266
f 633/1422/3267 631/1421/3268 634/1423/3269
f 639/1424/3270 640/1425/3271 635/1426/3272
f 635/1426/3273 640/1425/3274 636/1427/3275
f 637/1428/3276 638/1429/3277 642/1430/3278
f 642/1430/3279 638/1429/3280 641/1431/3281
f 640/1432/3282 641/1433/3283 636/1434/3284
f 636/1434/3285 641/1433/3286 638/1435/3287
f 642/1436/3288 639/1437/3289 637/1438/3290
f 637/1438/3291 639/1437/3292 635/1439/3293
f 640/1440/3294 639/1441/3295 641/1442/3296
f 641/1442/3297 639/1441/3298 642/1443/3299
f 652/1444/3300 654/1445/3301 647/1446/3302
f 647/1446/3303 654/1445/3304 653/1447/3305
f 648/1448/3306 649/1449/3307 643/1450/3308
f 643/1450/3309 649/1449/3310 644/1451/3311
f 649/1449/3312 650/1452/3313 644/1451/3314
f 644/1451/3315 650/1452/3316 645/1453/3317
f 650/1452/3318 651/1454/3319 645/1453/3320
f 645/1453/3321 651/1454/3322 646/1455/3323
f 652/1444/3324 647/1446/3325 651/1454/3326
f 651/1454/3327 647/1446/3328 646/1455/3329
f 663/1456/3330 664/1457/3331 658/1458/3332
f 658/1458/3333 664/1457/3334 662/1459/3335
f 664/1457/3336 663/1456/3337 654/1460/3338
f 654/1460/3339 663/1456/3340 653/1461/3341
f 648/1448/3342 643/1450/3343 659/1462/3344
f 659/1462/3345 643/1450/3346 655/1463/3347
f 659/1462/3348 655/1463/3349 660/1464/3350
f 660/1464/3351 655/1463/3352 656/1465/3353
f 660/1464/3354 656/1465/3355 661/1466/3356
f 661/1466/3357 656/1465/3358 657/1467/3359
f 657/1467/3360 658/1458/3361 661/1466/3362
f 661/1466/3363 658/1458/3364 662/1459/3365
f 664/1468/3366 654/1469/3367 662/1470/3368
f 654/1469/3369 652/1471/3370 662/1470/3371
f 662/1470/3372 652/1471/3373 661/1472/3374
f 652/1471/3375 651/1473/3376 661/1472/3377
f 651/1473/3378 650/1474/3379 661/1472/3380
f 650/1474/3381 649/1475/3382 661/1472/3383
f 649/1475/3384 648/1476/3385 661/1472/3386
f 648/1476/3387 659/1477/3388 661/1472/3389
f 659/1477/3390 660/1478/3391 661/1472/3392
f 674/1479/3393 676/1480/3394 669/1481/3395
f 669/1481/3396 676/1480/3397 675/1482/3398
f 670/1483/3399 671/1484/3400 665/1485/3401
f 665/1485/3402 671/1484/3403 666/1486/3404
f 671/1484/3405 672/1487/3406 666/1486/3407
f 666/1486/3408 672/1487/3409 667/1488/3410
f 672/1487/3411 673/1489/3412 667/1488/3413
f 667/1488/3414 673/1489/3415 668/1490/3416
f 674/1479/3417 669/1481/3418 673/1489/3419
f 673/1489/3420 669/1481/3421 668/1490/3422
f 685/1491/3423 686/1492/3424 680/1493/3425
f 680/1493/3426 686/1492/3427 684/1494/3428
f 686/1492/3429 685/1491/3430 676/1495/3431
f 676/1495/3432 685/1491/3433 675/1496/3434
f 670/1483/3435 665/1485/3436 681/1497/3437
f 681/1497/3438 665/1485/3439 677/1498/3440
f 681/1497/3441 677/1498/3442 682/1499/3443
f 682/1499/3444 677/1498/3445 678/1500/3446
f 682/1499/3447 678/1500/3448 683/1501/3449
f 683/1501/3450 678/1500/3451 679/1502/3452
f 679/1502/3453 680/1493/3454 683/1501/3455
f 683/1501/3456 680/1493/3457 684/1494/3458
f 686/1503/3459 676/1504/3460 684/1505/3461
f 676/1504/3462 674/1506/3463 684/1505/3464
f 684/1505/3465 674/1506/3466 683/1507/3467
f 674/1506/3468 673/1508/3469 683/1507/3470
f 673/1508/3471 672/1509/3472 683/1507/3473
f 672/1509/3474 671/1510/3475 683/1507/3476
f 671/1510/3477 670/1511/3478 683/1507/3479
f 670/1511/3480 681/1512/3481 683/1507/3482
f 681/1512/3483 682/1513/3484 683/1507/3485
f 696/1514/3486 698/1515/3487 691/1516/3488
f 691/1516/3489 698/1515/3490 697/1517/3491
f 692/1518/3492 693/1519/3493 687/1520/3494
f 687/1520/3495 693/1519/3496 688/1521/3497
f 693/1519/3498 694/1522/3499 688/1521/3500
f 688/1521/3501 694/1522/3502 689/1523/3503
f 694/1522/3504 695/1524/3505 689/1523/3506
f 689/1523/3507 695/1524/3508 690/1525/3509
f 696/1514/3510 691/1516/3511 695/1524/3512
f 695/1524/3513 691/1516/3514 690/1525/3515
f 707/1526/3516 708/1527/3517 702/1528/3518
f 702/1528/3519 708/1527/3520 706/1529/3521
f 708/1527/3522 707/1526/3523 698/1530/3524
f 698/1530/3525 707/1526/3526 697/1531/3527
f 692/1518/3528 687/1520/3529 703/1532/3530
f 703/1532/3531 687/1520/3532 699/1533/3533
f 703/1532/3534 699/1533/3535 704/1534/3536
f 704/1534/3537 699/1533/3538 700/1535/3539
f 704/1534/3540 700/1535/3541 705/1536/3542
f 705/1536/3543 700/1535/3544 701/1537/3545
f 701/1537/3546 702/1528/3547 705/1536/3548
f 705/1536/3549 702/1528/3550 706/1529/3551
f 708/1538/3552 698/1539/3553 706/1540/3554
f 698/1539/3555 696/1541/3556 706/1540/3557
f 706/1540/3558 696/1541/3559 705/1542/3560
f 696/1541/3561 695/1543/3562 705/1542/3563
f 695/1543/3564 694/1544/3565 705/1542/3566
f 694/1544/3567 693/1545/3568 705/1542/3569
f 693/1545/3570 692/1546/3571 705/1542/3572
f 692/1546/3573 703/1547/3574 705/1542/3575
f 703/1547/3576 704/1548/3577 705/1542/3578
